Elapsed Time (s),Heat Exchanger Flow (GPM),Flow Raw Voltage (V), Main Loop Flow (GPM), Flow Signal Amplitude (V)
1.8960,1.4691,3.8266,22.4628,0.1217

2.3270,1.4661,3.8112,Inf,0.0000

3.3270,1.4631,3.7958,0.0000,0.1267

4.3270,1.4671,3.8524,22.4111,0.1228

5.3270,1.4651,3.7958,22.3923,0.1243

6.3270,1.4625,3.7752,22.7546,0.1225

7.3270,1.4662,3.8781,22.4413,0.1207

8.3270,1.4646,3.7855,22.4541,0.1237

9.3270,1.4638,3.7958,22.3585,0.1168

10.3270,1.4643,3.8266,22.7038,0.1120

11.3280,1.4631,3.7958,22.5924,0.1269

12.3270,1.4639,3.8318,22.4143,0.1143

13.3270,1.4637,3.7906,22.6187,0.1225

14.3270,1.4623,3.8164,21.9159,0.1200

15.3280,1.4641,3.8421,22.2570,0.1217

16.3270,1.4657,3.8164,22.5337,0.1259

17.3270,1.4639,3.8318,22.5399,0.1156

18.3270,1.4653,3.8215,22.3705,0.1256

19.3270,1.4667,3.8318,22.2231,0.1160

20.3270,1.4661,3.8112,22.3616,0.1228

21.3280,1.4679,3.8421,22.3523,0.1226

22.3270,1.4679,3.8318,22.6009,0.1070

23.3270,1.4683,3.8009,22.5335,0.1079

24.3280,1.4685,3.8215,22.2399,0.1237

25.3270,1.4671,3.8061,22.2331,0.1228

26.3270,1.4663,3.7958,22.3568,0.1202

27.3270,1.4657,3.8164,21.9191,0.1108

28.3270,1.4651,3.8061,22.3150,0.1253

29.3270,1.4643,3.8112,22.3834,0.1253

30.3270,1.4649,3.8266,22.3353,0.1250

31.3270,1.4647,3.8369,22.4501,0.1200

32.3270,1.4639,3.8112,22.3625,0.1254

33.3270,1.4657,3.8472,22.0652,0.1224

34.3270,1.4659,3.8266,22.2275,0.1227

35.3270,1.4671,3.8369,22.2858,0.1241

36.3270,1.4683,3.8266,22.2350,0.1248

37.3270,1.4693,3.8421,22.3424,0.1251

38.3270,1.4675,3.7598,22.4057,0.1195

39.3270,1.4667,3.7906,22.5348,0.1269

40.3270,1.4671,3.8369,22.3169,0.1230

41.3270,1.4661,3.8112,22.5607,0.1231

42.3270,1.4665,3.8215,22.1364,0.1215

43.3280,1.4659,3.8318,22.1597,0.1233

44.3270,1.4669,3.8524,22.3356,0.1255

45.3270,1.4661,3.8164,22.3529,0.1180

46.3280,1.4617,3.7135,22.5693,0.1228

47.3270,1.4596,3.7855,22.1852,0.1164

48.3270,1.4601,3.7752,22.0061,0.1234

49.3270,1.4619,3.8369,22.5294,0.1267

50.3270,1.4605,3.8009,22.3614,0.1234

51.3270,1.4600,3.7958,22.4993,0.1204

52.3270,1.4598,3.8164,22.4961,0.1231

53.3270,1.4590,3.8112,22.4321,0.1206

54.3270,1.4574,3.8112,22.3897,0.1168

55.3270,1.4568,3.8009,22.3819,0.1106

56.3270,1.4601,3.8009,22.4046,0.1058

57.3270,1.4605,3.7958,22.2401,0.1238

58.3270,1.4617,3.8061,22.3699,0.1250

59.3270,1.4607,3.8112,22.5911,0.1203

60.3270,1.4615,3.8215,22.4555,0.1208

61.3270,1.4625,3.8215,22.5863,0.1224

62.3270,1.4631,3.8318,22.2145,0.1241

63.3270,1.4619,3.7803,22.2978,0.1160

64.3270,1.4601,3.7649,22.4513,0.1247

65.3270,1.4605,3.8112,22.1864,0.1227

66.3270,1.4609,3.8112,22.2235,0.1218

67.3270,1.4609,3.7958,22.4195,0.1167

68.3270,1.4607,3.8009,22.5198,0.1240

69.3270,1.4607,3.8112,22.3703,0.1118

70.3270,1.4556,3.6877,22.5074,0.1252

71.3270,1.4546,3.7958,22.5717,0.1232

72.3270,1.4532,3.7958,22.7081,0.1247

73.3270,1.4550,3.8266,22.3828,0.1224

74.3270,1.4564,3.8009,22.2378,0.1091

75.3280,1.4556,3.7906,22.2510,0.1091

76.3270,1.4615,3.9656,22.3311,0.1199

77.3270,1.4796,4.2640,22.3509,0.1132

78.3270,1.4995,4.3154,22.2283,0.1150

79.3280,1.5175,4.2794,22.5159,0.1252

80.3270,1.5442,4.3772,22.2529,0.1055

81.3270,1.5640,4.3103,22.2392,0.1123

82.3280,1.5853,4.3463,22.3214,0.1126

83.3270,1.6049,4.3360,22.0753,0.1209

84.3270,1.6256,4.3360,22.2213,0.1126

85.3270,1.6460,4.3206,22.5488,0.1224

86.3270,1.6603,4.3360,22.4607,0.1247

87.3270,1.6627,4.3257,22.7153,0.1257

88.3270,1.6631,4.3257,22.1417,0.1211

89.3270,1.6663,4.3617,22.4084,0.1111

90.3270,1.6647,4.3360,22.3998,0.1163

91.3270,1.6657,4.3360,22.5056,0.1239

92.3270,1.6643,4.3103,22.4619,0.1248

93.3270,1.6643,4.3360,22.4196,0.1223

94.3270,1.6643,4.3360,22.3936,0.1259

95.3270,1.6629,4.2846,22.3829,0.1179

96.3270,1.6633,4.3463,22.7399,0.1263

97.3270,1.6635,4.3309,22.5280,0.1029

98.3270,1.6645,4.3514,22.1295,0.1223

99.3270,1.6633,4.3309,22.2725,0.1247

100.3270,1.6641,4.3566,22.3481,0.1257

101.3270,1.6635,4.3206,22.1608,0.1224

102.3270,1.6643,4.3309,22.1718,0.1207

103.3270,1.6633,4.3103,21.9530,0.1224

104.3270,1.6631,4.3309,21.9025,0.1174

105.3270,1.6647,4.3257,22.0938,0.1224

106.3280,1.6627,4.2949,22.2060,0.1056

107.3270,1.6609,4.2846,22.4589,0.1215

108.3270,1.6593,4.3103,22.4093,0.1225

109.3270,1.6589,4.3206,22.2500,0.1207

110.3270,1.6576,4.3206,22.1659,0.1199

111.3270,1.6580,4.3309,22.0211,0.1109

112.3270,1.6580,4.3309,22.3393,0.1237

113.3270,1.6586,4.3257,22.4103,0.1235

114.3270,1.6703,4.6344,22.5183,0.1207

115.3270,1.6826,4.6447,22.5884,0.1148

116.3270,1.6971,4.6704,22.5720,0.1178

117.3270,1.7112,4.6499,22.3489,0.1175

118.3270,1.7233,4.6241,22.1676,0.1239

119.3270,1.7356,4.6396,22.2245,0.1115

120.3270,1.7467,4.6087,22.1272,0.1222

121.3270,1.7590,4.6499,22.2733,0.1120

122.3270,1.7722,4.6704,22.4939,0.1228

123.3270,1.7849,4.6550,22.4310,0.1220

124.3270,1.7855,4.6499,22.2727,0.1109

125.3270,1.7859,4.6550,22.6582,0.1265

126.3270,1.7876,4.7168,22.3918,0.1144

127.3270,1.7861,4.6087,22.2567,0.1213

128.3270,1.7859,4.6190,22.5163,0.1187

129.3270,1.7868,4.6653,22.2225,0.1236

130.3270,1.7868,4.6087,22.5335,0.1247

131.3270,1.7865,4.6396,22.0757,0.1224

132.3270,1.7815,4.5418,22.1669,0.1090

133.3270,1.7815,4.6550,22.5553,0.1220

134.3270,1.7851,4.7425,22.0888,0.1219

135.3270,1.7845,4.6396,22.3551,0.1198

136.3270,1.7807,4.6190,22.3923,0.1223

137.3270,1.7839,4.6910,22.3148,0.1249

138.3270,1.7847,4.6396,22.2251,0.1194

139.3270,1.7839,4.6447,22.1304,0.1235

140.3270,1.7853,4.6447,22.2464,0.1191

141.3270,1.7866,4.6756,22.3343,0.1148

142.3270,1.7896,4.6190,22.2440,0.1116

143.3270,1.7880,4.6138,22.4092,0.1225

144.3270,1.7845,4.6499,22.2859,0.1224

145.3270,1.7839,4.6241,22.4174,0.1185

146.3270,1.7865,4.6859,22.5654,0.1249

147.3270,1.7827,4.5933,22.6265,0.1257

148.3270,1.7841,4.6756,22.5252,0.1256

149.3270,1.7839,4.6396,22.6825,0.1262

150.3270,1.7837,4.6396,22.4721,0.1235

151.3270,1.7821,4.6344,22.5080,0.1238

152.3270,1.7819,4.6138,22.5276,0.1195

153.3270,1.7841,4.6704,22.2286,0.1241

154.3270,1.7829,4.6190,22.1609,0.1142

155.3270,1.7833,4.6344,22.3691,0.1218

156.3270,1.7807,4.6190,22.2296,0.1244

157.3280,1.7821,4.6293,22.2847,0.1124

158.3270,1.7831,4.7013,22.4159,0.1211

159.3270,1.7829,4.6344,22.4332,0.1194

160.3270,1.7827,4.6344,22.2920,0.1235

161.3270,1.7821,4.6190,22.3444,0.1228

162.3270,1.7833,4.6447,22.3765,0.1253

163.3270,1.7821,4.6396,22.1842,0.1235

164.3270,1.7829,4.6396,22.3974,0.1186

165.3280,1.7837,4.6550,22.4100,0.1159

166.3280,1.7823,4.5830,22.2004,0.1198

167.3270,1.7837,4.6653,22.2722,0.1147

168.3270,1.7803,4.6138,22.4197,0.1257

169.3270,1.7819,4.6756,21.9559,0.1139

170.3270,1.7823,4.6447,22.2547,0.1235

171.3270,1.7825,4.6241,22.6076,0.1263

172.3270,1.7831,4.6602,22.5667,0.1251

173.3270,1.7839,4.6602,22.2867,0.1217

174.3270,1.7839,4.6396,22.5568,0.1240

175.3270,1.7827,4.6241,22.2470,0.1103

176.3270,1.7839,4.6138,22.5708,0.1109

177.3270,1.7823,4.6241,22.4006,0.1214

178.3270,1.7829,4.6293,22.4954,0.1256

179.3270,1.7821,4.6550,22.4723,0.1250

180.3270,1.7815,4.6293,22.4159,0.1231

181.3270,1.7825,4.6499,22.0340,0.1206

182.3270,1.7853,4.7322,22.0460,0.0987

183.3270,1.7859,4.6756,22.1988,0.1193

184.3270,1.7863,4.6499,22.4601,0.1262

185.3270,1.7865,4.6293,22.4306,0.1238

186.3280,1.7868,4.6241,22.6985,0.1228

187.3270,1.7876,4.6447,22.5798,0.1267

188.3280,1.7902,4.6962,22.6181,0.1186

189.3270,1.7898,4.6447,22.7495,0.1242

190.3280,1.7898,4.6293,22.3651,0.1201

191.3270,1.7914,4.6910,22.5196,0.1218

192.3270,1.7880,4.6447,22.6702,0.1211

193.3270,1.7857,4.6138,22.2662,0.1196

194.3270,1.7849,4.6293,22.2346,0.1215

195.3270,1.7859,4.6550,22.3124,0.1145

196.3270,1.7866,4.6447,22.2853,0.1181

197.3270,1.7872,4.6602,22.0597,0.1218

198.3270,1.7863,4.6704,22.3554,0.1256

199.3280,1.7870,4.6653,21.8861,0.1134

200.3270,1.7876,4.6447,21.8887,0.1097

201.3280,1.7859,4.6447,22.4089,0.1222

202.3270,1.7853,4.6293,22.3348,0.1226

203.3270,1.7876,4.6756,22.3192,0.1201

204.3270,1.7894,4.6756,22.7025,0.1153

205.3280,1.7896,4.6602,22.2795,0.1215

206.3270,1.7892,4.6344,22.5768,0.1248

207.3270,1.7880,4.6293,22.1507,0.1121

208.3270,1.7870,4.6447,22.6033,0.1251

209.3270,1.7863,4.6447,22.3765,0.1249

210.3270,1.7863,4.6447,22.3952,0.1180

211.3270,1.7861,4.6396,21.7532,0.1158

212.3270,1.7853,4.6087,22.2859,0.1189

213.3270,1.7835,4.6293,22.1903,0.1247

214.3270,1.7825,4.6499,22.4346,0.1249

215.3270,1.7815,4.6344,22.4195,0.1134

216.3270,1.7833,4.6807,22.3833,0.1248

217.3270,1.7839,4.6447,22.5009,0.1209

218.3280,1.7837,4.6396,22.1704,0.1107

219.3270,1.7831,4.6293,22.2828,0.1240

220.3270,1.7835,4.6550,22.2705,0.1205

221.3270,1.7839,4.6499,22.5576,0.1256

222.3270,1.7857,4.6550,22.2757,0.1251

223.3270,1.7868,4.6602,22.2216,0.1238

224.3280,1.7874,4.6653,22.5254,0.1224

225.3270,1.7874,4.6344,22.2420,0.1221

226.3280,1.7857,4.6344,22.0037,0.1213

227.3270,1.7857,4.6447,21.8149,0.1204

228.3270,1.7853,4.6293,22.0866,0.1205

229.3270,1.7855,4.6344,22.4584,0.1244

230.3280,1.7829,4.5881,22.1454,0.1221

231.3270,1.7821,4.6293,22.1274,0.1174

232.3280,1.7821,4.6550,22.2004,0.1180

233.3270,1.7819,4.6550,22.4608,0.1151

234.3270,1.7813,4.6499,22.3956,0.1252

235.3280,1.7811,4.6293,22.3691,0.1228

236.3270,1.7807,4.6241,22.1798,0.1145

237.3280,1.7797,4.6190,22.1927,0.1148

238.3270,1.7805,4.6499,22.1487,0.1202

239.3270,1.7803,4.6293,22.0812,0.1093

240.3270,1.7817,4.6241,22.4719,0.1253

241.3270,1.7823,4.6447,22.3595,0.1243

242.3270,1.7825,4.6602,22.2980,0.1192

243.3270,1.7821,4.6447,22.2972,0.1225

244.3270,1.7811,4.6241,22.0713,0.1184

245.3270,1.7811,4.6293,22.2125,0.1209

246.3270,1.7831,4.6756,22.1553,0.1214

247.3270,1.7865,4.7065,22.3744,0.1257

248.3270,1.7851,4.6138,22.3627,0.1201

249.3270,1.7861,4.6550,22.1756,0.1219

250.3280,1.7861,4.6241,22.1505,0.1208

251.3270,1.7855,4.6293,22.5035,0.1177

252.3270,1.7845,4.6344,22.2731,0.1235

253.3270,1.7837,4.6241,22.4125,0.1207

254.3270,1.7843,4.6396,22.1339,0.1199

255.3270,1.7859,4.6704,22.6415,0.1207

256.3270,1.7847,4.6447,22.3365,0.1214

257.3270,1.7817,4.6293,22.2642,0.1228

258.3270,1.7833,4.6550,22.0434,0.1197

259.3270,1.7819,4.6190,22.2817,0.1208

260.3280,1.7829,4.6499,22.1467,0.1176

261.3270,1.7841,4.6602,22.5587,0.1205

262.3270,1.7853,4.6653,21.9204,0.1205

263.3270,1.7857,4.6344,22.0313,0.1166

264.3270,1.7859,4.6447,22.3831,0.1196

265.3270,1.7847,4.6396,22.1914,0.1210

266.3280,1.7851,4.6550,22.2593,0.1172

267.3270,1.7857,4.6447,22.1936,0.1203

268.3270,1.7861,4.6653,22.4102,0.1088

269.3270,1.7870,4.6447,22.5248,0.1233

270.3270,1.7863,4.6293,22.2710,0.1243

271.3270,1.7872,4.6859,22.4010,0.1004

272.3270,1.7863,4.6396,22.2167,0.1062

273.3270,1.7868,4.6499,22.4677,0.1231

274.3270,1.7874,4.6602,22.4232,0.1221

275.3270,1.7882,4.6602,22.2747,0.1243

276.3270,1.7865,4.6087,22.6438,0.1185

277.3270,1.7874,4.6704,22.3704,0.1240

278.3270,1.7849,4.5984,22.4308,0.1231

279.3270,1.7857,4.6653,22.0452,0.1143

280.3270,1.7857,4.6293,22.3687,0.1204

281.3270,1.7831,4.6190,22.2213,0.1240

282.3270,1.7831,4.6396,22.0259,0.1124

283.3270,1.7829,4.6447,22.3056,0.1171

284.3270,1.7825,4.6499,22.3762,0.1253

285.3270,1.7819,4.6447,22.3391,0.1217

286.3270,1.7833,4.6447,22.3809,0.1166

287.3270,1.7817,4.6293,22.2401,0.1209

288.3270,1.7872,4.7425,22.1292,0.1214

289.3270,1.7863,4.6396,22.4285,0.1155

290.3270,1.7863,4.6293,22.7205,0.1254

291.3270,1.7874,4.6499,22.9007,0.1246

292.3270,1.7870,4.6293,22.7201,0.1267

293.3270,1.7872,4.6499,22.3645,0.1201

294.3270,1.7868,4.6396,22.3833,0.0998

295.3270,1.7865,4.6344,22.2795,0.1249

296.3270,1.7863,4.6396,21.8148,0.1187

297.3270,1.7868,4.6447,22.4220,0.1185

298.3270,1.7831,4.6447,22.3673,0.1211

299.3270,1.7831,4.6396,22.1703,0.1212

300.3270,1.7831,4.6293,22.5032,0.1241

301.3270,1.7817,4.6138,22.1990,0.1078

302.3270,1.7821,4.6396,22.1658,0.1239

303.3270,1.7799,4.5933,22.3784,0.1013

304.3270,1.7789,4.6138,22.3623,0.1138

305.3280,1.7787,4.6293,22.4505,0.1235

306.3270,1.7783,4.6293,22.2795,0.1194

307.3280,1.7783,4.6447,22.5031,0.1253

308.3270,1.7781,4.6396,22.3394,0.1240

309.3270,1.7793,4.6704,22.2677,0.1229

310.3270,1.7797,4.6396,22.5988,0.1250

311.3280,1.7793,4.6036,22.3384,0.1234

312.3270,1.7787,4.6241,22.4451,0.1236

313.3270,1.7815,4.6653,22.5127,0.1198

314.3270,1.7829,4.6499,22.4612,0.1269

315.3270,1.7829,4.6293,22.3551,0.1121

316.3270,1.7841,4.6602,22.4328,0.1203

317.3270,1.7837,4.6344,22.4546,0.1195

318.3270,1.7827,4.6138,22.1952,0.1229

319.3270,1.7839,4.7013,22.5994,0.1140

320.3270,1.7833,4.6241,22.6043,0.1243

321.3270,1.7857,4.6653,22.5762,0.1217

322.3270,1.7839,4.5778,22.2310,0.1140

323.3270,1.7825,4.6293,22.0851,0.1159

324.3270,1.7815,4.6241,22.2804,0.1214

325.3270,1.7819,4.6396,22.0809,0.1224

326.3270,1.7825,4.6756,22.3177,0.1223

327.3270,1.7821,4.6241,22.1821,0.1212

328.3280,1.7831,4.6396,22.3562,0.1168

329.3270,1.7811,4.6499,22.5765,0.1263

330.3270,1.7811,4.6241,22.4145,0.1253

331.3270,1.7829,4.7116,22.1814,0.1239

332.3270,1.7859,4.6550,22.4735,0.1251

333.3270,1.7861,4.6344,22.2480,0.1245

334.3270,1.7872,4.6550,22.5775,0.1231

335.3270,1.7874,4.6447,22.5137,0.1213

336.3270,1.7859,4.6344,22.2639,0.1147

337.3270,1.7861,4.6293,22.2134,0.1246

338.3270,1.7868,4.6602,22.3826,0.1215

339.3270,1.7865,4.6396,22.3951,0.1252

340.3270,1.7874,4.6499,22.5255,0.1264

341.3270,1.7849,4.6447,22.4202,0.1207

342.3270,1.7847,4.6499,22.0694,0.1204

343.3270,1.7843,4.6241,22.2589,0.1242

344.3270,1.7855,4.6859,22.3388,0.1231

345.3270,1.7865,4.6704,22.2193,0.1185

346.3270,1.7839,4.5675,22.0824,0.1162

347.3270,1.7853,4.6653,22.1473,0.1048

348.3270,1.7841,4.6293,22.4392,0.1187

349.3270,1.7841,4.6396,22.6180,0.1159

350.3270,1.7835,4.6344,22.3603,0.1164

351.3270,1.7847,4.6756,21.8362,0.1220

352.3270,1.7857,4.6756,22.0987,0.1224

353.3270,1.7866,4.6499,22.3248,0.1209

354.3280,1.7845,4.6293,22.0422,0.1221

355.3270,1.7837,4.6499,22.3727,0.1232

356.3270,1.7863,4.6344,22.1960,0.1161

357.3270,1.7847,4.6241,22.2377,0.1136

358.3270,1.7855,4.6499,22.5619,0.1209

359.3270,1.7851,4.6293,22.0575,0.1215

360.3270,1.7855,4.6447,22.0673,0.1184

361.3270,1.7841,4.6396,22.2711,0.1145

362.3270,1.7827,4.6396,22.2055,0.1232

363.3270,1.7803,4.5881,22.3639,0.1239

364.3270,1.7809,4.6447,22.2480,0.1249

365.3270,1.7803,4.6344,22.3425,0.1215

366.3270,1.7803,4.6344,22.2999,0.1155

367.3280,1.7813,4.6499,22.3372,0.1225

368.3270,1.7809,4.6396,22.1399,0.1245

369.3270,1.7815,4.6447,22.2128,0.1175

370.3270,1.7787,4.5727,22.4114,0.1161

371.3270,1.7783,4.6293,22.0547,0.1144

372.3280,1.7797,4.6756,22.2240,0.1233

373.3270,1.7817,4.6396,22.1942,0.1218

374.3270,1.7817,4.6447,22.2117,0.1185

375.3280,1.7817,4.6344,22.2603,0.1183

376.3270,1.7817,4.6344,22.5782,0.1133

377.3270,1.7811,4.6344,22.1745,0.1186

378.3270,1.7809,4.6344,22.1998,0.1175

379.3280,1.7827,4.6910,21.9132,0.1117

380.3270,1.7851,4.6344,22.1008,0.1232

381.3270,1.7845,4.6138,22.3983,0.1223

382.3270,1.7833,4.6447,22.1198,0.1234

383.3270,1.7811,4.5830,22.5291,0.1217

384.3270,1.7815,4.6550,22.7350,0.1067

385.3270,1.7813,4.6293,22.6826,0.1218

386.3270,1.7811,4.6293,22.4181,0.1235

387.3270,1.7807,4.6241,22.0733,0.1138

388.3270,1.7803,4.6241,22.0655,0.1215

389.3270,1.7791,4.6602,21.9002,0.1217

390.3270,1.7783,4.6138,22.2962,0.1224

391.3270,1.7783,4.6138,22.5127,0.1140

392.3270,1.7781,4.6396,22.2451,0.1201

393.3270,1.7839,4.7322,22.1769,0.1170

394.3270,1.7843,4.6653,22.5559,0.1209

395.3270,1.7847,4.6396,22.6805,0.1123

396.3270,1.7847,4.6293,22.5443,0.1245

397.3270,1.7829,4.5778,22.2031,0.1229

398.3270,1.7819,4.5984,22.1175,0.1205

399.3270,1.7831,4.6910,22.5897,0.1178

400.3270,1.7835,4.6241,22.4817,0.1240

401.3270,1.7841,4.6293,22.1827,0.1165

402.3270,1.7839,4.6344,22.3940,0.1235

403.3270,1.7789,4.6036,22.0402,0.1229

404.3270,1.7779,4.6396,22.3423,0.1185

405.3270,1.7783,4.6499,22.3877,0.1232

406.3270,1.7785,4.6344,22.3353,0.1149

407.3280,1.7809,4.6396,22.4422,0.1186

408.3280,1.7823,4.6344,22.7290,0.1249

409.3270,1.7805,4.6447,22.1817,0.1205

410.3280,1.7825,4.6756,22.0391,0.1172

411.3270,1.7831,4.6447,22.5131,0.1185

412.3270,1.7837,4.6499,22.6517,0.1267

413.3280,1.7851,4.6396,22.2494,0.1247

414.3270,1.7859,4.6602,22.1581,0.1241

415.3270,1.7868,4.6756,22.0370,0.1164

416.3270,1.7880,4.6653,22.1734,0.1236

417.3270,1.7890,4.6653,22.2743,0.1243

418.3270,1.7888,4.6293,21.7515,0.1179

419.3270,1.7912,4.7065,22.2006,0.1179

420.3280,1.7892,4.6241,22.0799,0.1201

421.3270,1.7894,4.6499,21.8620,0.1193

422.3270,1.7884,4.6241,22.0482,0.1236

423.3270,1.7880,4.6293,22.3825,0.1219

424.3270,1.7874,4.6447,22.2921,0.1183

425.3280,1.7863,4.6447,22.0681,0.1112

426.3270,1.7837,4.5984,21.9740,0.1229

427.3280,1.7823,4.6293,22.2620,0.1246

428.3270,1.7835,4.6602,22.2040,0.1159

429.3270,1.7803,4.6241,22.5159,0.1172

430.3270,1.7807,4.6344,22.4127,0.1241

431.3280,1.7787,4.5984,22.0987,0.1231

432.3270,1.7793,4.6396,22.1202,0.1182

433.3270,1.7775,4.5830,22.3277,0.1136

434.3270,1.7781,4.6602,22.0377,0.1212

435.3270,1.7781,4.6447,22.5247,0.1125

436.3270,1.7789,4.6190,22.1589,0.1235

437.3270,1.7793,4.6396,21.5288,0.0996

438.3270,1.7793,4.6602,22.3586,0.1020

439.3280,1.7809,4.6653,22.0806,0.1138

440.3270,1.7829,4.6859,22.1782,0.1230

441.3270,1.7876,4.7219,22.0131,0.1016

442.3270,1.7884,4.6602,22.5002,0.1221

443.3270,1.7916,4.6653,22.0931,0.1215

444.3270,1.7916,4.6602,22.0195,0.1178

445.3280,1.7922,4.6602,22.0001,0.1237

446.3270,1.7932,4.6447,22.0600,0.1213

447.3270,1.7934,4.6447,22.0758,0.1234

448.3280,1.7946,4.6910,22.2985,0.1239

449.3270,1.7934,4.6344,22.2237,0.1244

450.3280,1.7928,4.6704,21.9227,0.1207

451.3270,1.7912,4.6807,22.3117,0.1222

452.3270,1.7900,4.6293,22.7157,0.1241

453.3270,1.7896,4.6550,22.1719,0.1212

454.3270,1.7894,4.6550,22.4196,0.1252

455.3270,1.7888,4.6447,22.1387,0.1234

456.3270,1.7886,4.6396,22.3826,0.1081

457.3270,1.7874,4.6138,22.2237,0.1244

458.3270,1.7857,4.6447,22.1997,0.1216

459.3270,1.7857,4.6344,22.5796,0.1246

460.3270,1.7833,4.6087,22.3808,0.1247

461.3270,1.7821,4.6499,22.4513,0.1254

462.3270,1.7815,4.6138,22.6420,0.1248

463.3270,1.7809,4.6396,22.6559,0.1243

464.3270,1.7809,4.6550,22.6005,0.1181

465.3270,1.7807,4.6396,22.3581,0.1200

466.3270,1.7807,4.6396,22.3550,0.1245

467.3270,1.7817,4.6396,22.4283,0.1255

468.3270,1.7799,4.5984,22.2398,0.1228

469.3270,1.7799,4.6344,22.5047,0.1239

470.3280,1.7817,4.6550,22.5095,0.1218

471.3270,1.7815,4.6447,22.5708,0.1248

472.3270,1.7825,4.6396,22.4654,0.1250

473.3270,1.7827,4.6447,22.4013,0.1226

474.3270,1.7819,4.6344,22.4312,0.1242

475.3270,1.7821,4.6447,22.5409,0.1215

476.3270,1.7813,4.6190,22.2474,0.1156

477.3270,1.7819,4.6550,22.2495,0.1176

478.3270,1.7829,4.6241,21.9960,0.1156

479.3270,1.7835,4.6499,22.3515,0.1198

480.3270,1.7835,4.6550,22.2486,0.1193

481.3270,1.7839,4.6550,22.3758,0.1204

482.3270,1.7827,4.6087,22.4902,0.1151

483.3270,1.7823,4.6344,22.2237,0.1141

484.3270,1.7821,4.6293,22.1556,0.1240

485.3270,1.7821,4.6447,22.1091,0.1232

486.3270,1.7851,4.6962,22.5177,0.1262

487.3270,1.7849,4.6499,22.2622,0.1223

488.3270,1.7853,4.6344,22.1457,0.1229

489.3270,1.7849,4.6396,22.2685,0.1244

490.3270,1.7837,4.6241,22.2139,0.1238

491.3270,1.7825,4.6241,22.4054,0.1184

492.3270,1.7847,4.6653,22.0372,0.1228

493.3270,1.7851,4.6447,22.0860,0.0973

494.3270,1.7849,4.6241,22.2426,0.1192

495.3270,1.7849,4.6447,22.0113,0.1211

496.3270,1.7821,4.6241,22.2251,0.1233

497.3270,1.7811,4.6241,22.2163,0.1228

498.3270,1.7805,4.6190,21.9792,0.1159

499.3270,1.7817,4.6704,22.0090,0.1127

500.3270,1.7831,4.6602,22.2724,0.1191

501.3270,1.7829,4.6190,22.5177,0.1250

502.3270,1.7799,4.5881,22.1290,0.1201

503.3270,1.7837,4.7425,22.0445,0.1191

504.3280,1.7849,4.6550,22.2566,0.1157

505.3270,1.7851,4.6499,22.0151,0.0960

506.3270,1.7863,4.6550,21.8436,0.1210

507.3270,1.7868,4.6396,22.2644,0.1179

508.3270,1.7878,4.6447,22.2283,0.1211

509.3270,1.7872,4.6550,22.4650,0.1229

510.3270,1.7859,4.6241,22.3020,0.1234

511.3270,1.7855,4.6087,22.3750,0.1221

512.3270,1.7861,4.6036,22.3848,0.1227

513.3270,1.7825,4.6499,22.4073,0.1171

514.3270,1.7829,4.6653,22.4037,0.1185

515.3270,1.7817,4.6190,22.3545,0.1160

516.3280,1.7797,4.6036,22.2588,0.1146

517.3280,1.7801,4.6499,22.3457,0.1221

518.3270,1.7807,4.6602,22.2684,0.1161

519.3270,1.7805,4.6499,22.2249,0.1221

520.3270,1.7827,4.6807,22.4293,0.1229

521.3270,1.7835,4.6293,22.3868,0.1185

522.3270,1.7851,4.6447,22.3691,0.1216

523.3270,1.7857,4.6653,22.1654,0.1182

524.3270,1.7841,4.6241,22.4058,0.1245

525.3270,1.7855,4.6550,22.2930,0.1242

526.3270,1.7902,4.7270,22.1636,0.1229

527.3270,1.7884,4.6036,22.1810,0.1230

528.3270,1.7861,4.5984,22.1471,0.1228

529.3270,1.7841,4.5984,22.2794,0.1237

530.3270,1.7827,4.6447,22.4934,0.1244

531.3270,1.7823,4.6190,22.3404,0.1132

532.3270,1.7823,4.6447,22.1145,0.1085

533.3270,1.7811,4.6344,22.5875,0.1230

534.3270,1.7801,4.5984,22.2398,0.1193

535.3270,1.7807,4.6704,22.2728,0.1237

536.3270,1.7791,4.6859,22.5369,0.1137

537.3270,1.7803,4.6344,22.5736,0.1246

538.3270,1.7819,4.6396,22.2633,0.1178

539.3270,1.7831,4.6293,22.3606,0.1099

540.3270,1.7829,4.6396,22.5301,0.1244

541.3270,1.7827,4.6138,21.8943,0.1136

542.3270,1.7823,4.6344,21.9795,0.1080

543.3270,1.7833,4.6602,22.5877,0.1212

544.3270,1.7857,4.6602,22.4558,0.1247

545.3270,1.7835,4.6138,22.3210,0.1173

546.3270,1.7825,4.6602,22.3507,0.1237

547.3270,1.7825,4.6344,22.3636,0.1228

548.3270,1.7839,4.6756,22.4651,0.1147

549.3270,1.7855,4.6704,22.3968,0.1252

550.3270,1.7845,4.6138,22.2310,0.1209

551.3270,1.7857,4.6447,22.3965,0.1246

552.3270,1.7861,4.6447,22.3187,0.1130

553.3270,1.7866,4.6756,22.1954,0.1227

554.3280,1.7851,4.6190,21.9356,0.1181

555.3270,1.7866,4.6550,22.2291,0.1182

556.3270,1.7859,4.6396,22.0953,0.1201

557.3270,1.7861,4.6396,22.0993,0.1202

558.3270,1.7849,4.6447,22.4560,0.1191

559.3270,1.7835,4.6344,22.1651,0.1193

560.3270,1.7855,4.6653,22.3540,0.1238

561.3270,1.7847,4.6241,21.9924,0.1092

562.3270,1.7845,4.6396,22.2333,0.1225

563.3270,1.7833,4.6447,22.3764,0.1195

564.3270,1.7845,4.6499,22.4064,0.1222

565.3270,1.7833,4.6241,22.2266,0.1232

566.3280,1.7827,4.6241,22.2269,0.1155

567.3270,1.7819,4.6190,22.5300,0.1168

568.3270,1.7825,4.6602,22.5480,0.1182

569.3270,1.7831,4.6499,22.4508,0.1228

570.3280,1.7819,4.6344,22.3777,0.1206

571.3270,1.7813,4.6087,22.3921,0.1261

572.3270,1.7809,4.6293,21.7829,0.1173

573.3280,1.7805,4.6344,22.5067,0.1223

574.3270,1.7807,4.6550,22.2715,0.1226

575.3270,1.7817,4.6499,22.3136,0.1250

576.3270,1.7829,4.6550,22.5097,0.1255

577.3270,1.7835,4.6344,22.6060,0.1235

578.3270,1.7835,4.6602,22.2656,0.1126

579.3280,1.7863,4.7219,22.4041,0.1252

580.3270,1.7849,4.5984,22.2692,0.1246

581.3270,1.7859,4.6344,22.2482,0.1214

582.3270,1.7857,4.6241,22.3366,0.1209

583.3270,1.7853,4.6241,21.9058,0.1079

584.3270,1.7851,4.6499,22.0722,0.1240

585.3270,1.7849,4.6447,22.1706,0.1213

586.3270,1.7853,4.6653,21.9644,0.1214

587.3270,1.7849,4.6241,22.4748,0.1218

588.3270,1.7827,4.6036,22.1523,0.1242

589.3270,1.7791,4.6293,22.5002,0.1209

590.3270,1.7795,4.6087,22.3787,0.1221

591.3270,1.7795,4.6344,22.3700,0.1248

592.3280,1.7811,4.6653,22.1184,0.1176

593.3270,1.7819,4.6447,22.4452,0.1230

594.3270,1.7815,4.6396,21.8397,0.1005

595.3270,1.7815,4.6447,22.0231,0.1027

596.3270,1.7813,4.6602,22.2725,0.1190

597.3270,1.7825,4.6550,22.5626,0.1225

598.3280,1.7841,4.6447,22.7163,0.1116

599.3270,1.7847,4.6447,22.6007,0.1242

600.3270,1.7886,4.7116,22.8137,0.1235

601.3270,1.7888,4.6396,22.2131,0.1129

602.3270,1.7870,4.6190,22.3837,0.1246

603.3270,1.7849,4.5881,22.2545,0.1233

604.3270,1.7866,4.6859,22.3855,0.1245

605.3270,1.7866,4.6447,22.1050,0.1184

606.3280,1.7855,4.6293,22.3513,0.1241

607.3270,1.7855,4.6550,22.2701,0.1233

608.3270,1.7861,4.6602,22.5611,0.1239

609.3270,1.7863,4.6499,22.5998,0.1253

610.3270,1.7831,4.6293,22.3633,0.1254

611.3270,1.7863,4.7219,22.6035,0.1255

612.3270,1.7880,4.6653,22.3067,0.1183

613.3270,1.7918,4.6859,22.1657,0.1238

614.3270,1.7908,4.6602,22.4664,0.1230

615.3270,1.7894,4.6087,22.1804,0.1240

616.3280,1.7938,4.7425,22.1959,0.1238

617.3270,1.7942,4.6653,22.2591,0.1117

618.3270,1.7942,4.6602,22.4048,0.1156

619.3270,1.7940,4.6447,22.1361,0.1231

620.3270,1.7944,4.6396,22.2831,0.1233

621.3270,1.7930,4.6859,22.0784,0.1178

622.3270,1.7914,4.6241,22.3410,0.1182

623.3270,1.7900,4.6499,22.3693,0.1174

624.3270,1.7876,4.5984,22.3365,0.1237

625.3270,1.7880,4.6190,22.0106,0.1233

626.3280,1.7855,4.6756,22.1547,0.1212

627.3270,1.7851,4.6550,22.3801,0.1216

628.3270,1.7849,4.6550,22.4831,0.1219

629.3270,1.7849,4.6447,21.7593,0.1174

630.3270,1.7861,4.6704,22.3661,0.1214

631.3270,1.7831,4.6087,22.3739,0.1151

632.3270,1.7825,4.6087,22.0321,0.1180

633.3270,1.7821,4.6396,22.3032,0.1249

634.3270,1.7821,4.5984,22.2664,0.1198

635.3270,1.7821,4.6190,22.0496,0.1212

636.3270,1.7807,4.6396,21.7331,0.1127

637.3270,1.7813,4.6704,22.1930,0.1150

638.3270,1.7811,4.6499,22.2780,0.1173

639.3280,1.7805,4.6293,22.2628,0.1237

640.3270,1.7795,4.6447,22.5201,0.1201

641.3270,1.7801,4.6241,22.3822,0.1243

642.3270,1.7789,4.5778,22.4132,0.1245

643.3270,1.7791,4.6447,22.2731,0.1216

644.3270,1.7813,4.6550,22.3414,0.1228

645.3270,1.7817,4.6293,22.3144,0.1193

646.3280,1.7805,4.6087,22.5886,0.1151

647.3270,1.7791,4.6344,22.1121,0.1223

648.3270,1.7795,4.6602,22.3525,0.1221

649.3270,1.7799,4.6396,22.2269,0.1214

650.3270,1.7783,4.6036,22.3689,0.1204

651.3270,1.7779,4.6138,22.4165,0.1157

652.3270,1.7799,4.6293,22.1682,0.1111

653.3270,1.7799,4.6447,22.4107,0.1229

654.3270,1.7791,4.6344,22.4769,0.1209

655.3270,1.7789,4.6241,22.4245,0.1180

656.3270,1.7801,4.6396,22.4818,0.1253

657.3270,1.7803,4.6396,22.1814,0.1183

658.3270,1.7795,4.6396,22.4096,0.1234

659.3270,1.7799,4.6499,22.5223,0.1257

660.3270,1.7813,4.6396,22.0962,0.1227

661.3270,1.7825,4.6447,22.2372,0.1122

662.3280,1.7839,4.6653,22.4076,0.1258

663.3270,1.7833,4.6293,22.4114,0.1177

664.3270,1.7831,4.6293,22.2766,0.1251

665.3270,1.7829,4.6190,22.3179,0.1213

666.3270,1.7815,4.6036,22.3766,0.1154

667.3270,1.7811,4.6293,22.2145,0.1238

668.3270,1.7805,4.6241,22.2071,0.1139

669.3270,1.7805,4.6499,22.4315,0.1131

670.3280,1.7809,4.6499,22.5870,0.1236

671.3270,1.7803,4.6293,22.3531,0.1233

672.3270,1.7799,4.6550,22.3794,0.1252

673.3270,1.7797,4.6241,21.8760,0.1040

674.3280,1.7803,4.6447,22.3829,0.1108

675.3270,1.7805,4.6241,22.2345,0.1219

676.3270,1.7833,4.6756,22.3745,0.1215

677.3270,1.7831,4.6241,22.3763,0.1236

678.3270,1.7831,4.6241,22.5178,0.1232

679.3270,1.7805,4.5830,22.0655,0.1071

680.3270,1.7807,4.6550,22.2033,0.1082

681.3270,1.7813,4.6447,22.3595,0.1227

682.3280,1.7791,4.5984,22.0086,0.1200

683.3270,1.7803,4.6550,21.8498,0.1191

684.3270,1.7805,4.6499,22.1852,0.1149

685.3270,1.7811,4.6396,22.1211,0.1181

686.3270,1.7799,4.6447,22.3840,0.1242

687.3270,1.7809,4.6499,22.6353,0.1243

688.3270,1.7827,4.6704,22.5220,0.1202

689.3280,1.7853,4.6499,22.4478,0.1219

690.3270,1.7833,4.6036,22.4289,0.1165

691.3270,1.7829,4.6344,22.2356,0.1191

692.3270,1.7859,4.6756,22.1792,0.1205

693.3270,1.7825,4.5675,22.3462,0.1246

694.3270,1.7823,4.6447,22.1734,0.1217

695.3280,1.7821,4.6344,22.0142,0.1149

696.3270,1.7811,4.6190,22.5768,0.1179

697.3270,1.7811,4.6499,22.5083,0.1245

698.3270,1.7799,4.6396,22.5268,0.1245

699.3270,1.7787,4.6190,22.3795,0.1152

700.3270,1.7797,4.6293,22.2463,0.1201

701.3270,1.7803,4.6499,22.1136,0.1244

702.3280,1.7787,4.6344,22.3357,0.1095

703.3270,1.7815,4.6396,22.6627,0.1255

704.3280,1.7813,4.6396,22.3716,0.1220

705.3270,1.7819,4.6499,22.3473,0.1121

706.3270,1.7837,4.6653,22.3852,0.1162

707.3280,1.7831,4.6344,22.2826,0.1239

708.3270,1.7833,4.6447,22.3415,0.1167

709.3270,1.7841,4.6396,22.2012,0.1183

710.3270,1.7831,4.6036,22.2493,0.1144

711.3270,1.7827,4.6396,22.3368,0.1139

712.3270,1.7825,4.6293,22.2608,0.1217

713.3270,1.7813,4.6087,22.2166,0.1130

714.3270,1.7803,4.6138,22.2553,0.1232

715.3270,1.7799,4.6396,22.3719,0.1199

716.3270,1.7795,4.6550,22.3184,0.1237

717.3270,1.7789,4.6190,22.1828,0.1193

718.3270,1.7793,4.6550,22.5287,0.1269

719.3270,1.7785,4.6190,22.3476,0.1215

720.3270,1.7791,4.6190,22.2275,0.1219

721.3270,1.7809,4.6859,22.2171,0.1200

722.3280,1.7821,4.6602,22.1001,0.1225

723.3270,1.7839,4.6550,22.3711,0.1247

724.3270,1.7851,4.6447,22.3694,0.1141

725.3270,1.7847,4.6293,22.2322,0.1211

726.3270,1.7841,4.6396,22.4785,0.1259

727.3270,1.7841,4.6190,22.4707,0.1209

728.3270,1.7843,4.6602,22.5686,0.1246

729.3270,1.7841,4.6138,22.7039,0.1262

730.3270,1.7841,4.6190,22.5862,0.1256

731.3270,1.7815,4.6190,22.0697,0.1225

732.3270,1.7813,4.6550,22.0089,0.1214

733.3270,1.7803,4.6293,22.3962,0.1173

734.3270,1.7789,4.6087,22.1561,0.1222

735.3270,1.7789,4.6293,22.2344,0.1218

736.3270,1.7797,4.6602,22.4522,0.1195

737.3280,1.7811,4.6550,22.3157,0.1223

738.3270,1.7809,4.6550,22.2385,0.1247

739.3270,1.7815,4.6293,22.2020,0.1213

740.3270,1.7866,4.7528,22.1698,0.1241

741.3270,1.7884,4.6653,22.2123,0.1074

742.3270,1.7882,4.6499,22.3444,0.1238

743.3270,1.7882,4.6293,22.4189,0.1256

744.3270,1.7900,4.6550,22.2325,0.1196

745.3270,1.7910,4.6550,22.5301,0.1140

746.3280,1.7896,4.6241,22.2183,0.1192

747.3270,1.7884,4.6241,22.3799,0.1120

748.3270,1.7874,4.6293,21.9170,0.1202

749.3270,1.7880,4.6447,22.3293,0.1225

750.3270,1.7839,4.6447,22.4155,0.1243

751.3270,1.7819,4.6138,22.1787,0.1226

752.3270,1.7807,4.6190,22.4829,0.1229

753.3270,1.7811,4.6396,22.5081,0.1264

754.3280,1.7805,4.6396,22.7066,0.1281

755.3270,1.7787,4.6087,22.1965,0.1245

756.3270,1.7787,4.6241,22.2881,0.1240

757.3270,1.7801,4.6602,22.0607,0.1191

758.3270,1.7813,4.6602,22.2506,0.1241

759.3270,1.7809,4.6344,22.3470,0.1169

760.3270,1.7775,4.5573,22.5688,0.1261

761.3270,1.7787,4.6447,22.3439,0.1151

762.3270,1.7795,4.6396,22.3588,0.1213

763.3270,1.7797,4.6447,22.4650,0.1244

764.3270,1.7801,4.6499,22.4528,0.1198

765.3270,1.7833,4.6910,22.4915,0.1220

766.3270,1.7829,4.6138,22.2877,0.1236

767.3270,1.7827,4.6550,22.2434,0.1227

768.3270,1.7815,4.6293,22.3599,0.1169

769.3270,1.7819,4.6447,22.4133,0.1220

770.3270,1.7857,4.6550,22.4038,0.1251

771.3270,1.7847,4.6190,22.0545,0.0848

772.3270,1.7837,4.6138,22.4903,0.1250

773.3270,1.7833,4.6344,22.4195,0.1215

774.3270,1.7825,4.6293,22.2272,0.1210

775.3270,1.7819,4.6756,21.9128,0.1221

776.3270,1.7831,4.6447,22.8667,0.1224

777.3280,1.7823,4.6344,22.5416,0.1260

778.3270,1.7827,4.6396,22.1634,0.1007

779.3270,1.7825,4.6396,22.0923,0.1166

780.3270,1.7819,4.6396,22.4410,0.1252

781.3270,1.7835,4.6602,22.4266,0.1243

782.3270,1.7843,4.6344,22.1445,0.1171

783.3270,1.7841,4.6293,22.4917,0.1251

784.3270,1.7841,4.6293,22.2546,0.1188

785.3270,1.7823,4.6293,22.2059,0.1058

786.3270,1.7823,4.6447,22.5379,0.1252

787.3280,1.7829,4.6499,22.1052,0.1211

788.3270,1.7843,4.6756,22.4249,0.1196

789.3270,1.7839,4.6293,22.2574,0.1014

790.3270,1.7835,4.6293,22.0977,0.1231

791.3270,1.7819,4.6190,22.6068,0.1215

792.3280,1.7831,4.6653,22.4590,0.1252

793.3270,1.7863,4.7116,22.5993,0.1267

794.3270,1.7866,4.6396,22.4319,0.1222

795.3270,1.7876,4.6550,22.2401,0.1179

796.3280,1.7874,4.6396,22.5624,0.1237

797.3270,1.7902,4.7219,22.5622,0.1243

798.3280,1.7902,4.6756,22.3997,0.1208

799.3270,1.7863,4.5264,21.9002,0.1086

800.3280,1.7857,4.6138,22.2190,0.1198

801.3270,1.7872,4.6602,22.1210,0.1231

802.3270,1.7857,4.6241,22.4364,0.1214

803.3270,1.7827,4.6344,22.2052,0.1235

804.3270,1.7841,4.6756,22.3702,0.1203

805.3270,1.7835,4.6396,22.1881,0.1008

806.3270,1.7845,4.6653,22.4899,0.1214

807.3270,1.7823,4.6653,22.3901,0.1255

808.3270,1.7807,4.6344,22.3387,0.1203

809.3270,1.7839,4.6087,22.3345,0.1158

810.3270,1.7843,4.6241,22.4547,0.1254

811.3280,1.7837,4.6447,22.1499,0.1220

812.3270,1.7849,4.6550,22.2475,0.1238

813.3270,1.7833,4.5933,22.0542,0.1225

814.3270,1.7821,4.6447,21.8693,0.1176

815.3270,1.7815,4.6241,22.0263,0.1104

816.3270,1.7811,4.6550,22.3138,0.1186

817.3270,1.7795,4.6241,22.1490,0.1168

818.3270,1.7799,4.6447,22.4116,0.1252

819.3270,1.7791,4.5881,22.2220,0.1205

820.3270,1.7799,4.6447,22.2701,0.1239

821.3270,1.7789,4.6190,22.3301,0.1213

822.3280,1.7783,4.6396,22.0770,0.1244

823.3270,1.7811,4.6653,22.3252,0.1252

824.3270,1.7795,4.6036,22.4235,0.1240

825.3270,1.7803,4.6447,22.2621,0.1251

826.3270,1.7801,4.6499,22.3085,0.1181

827.3270,1.7809,4.6447,22.1990,0.1046

828.3270,1.7807,4.6396,22.0522,0.1195

829.3270,1.7827,4.6396,22.0929,0.1217

830.3270,1.7819,4.6241,22.0508,0.1203

831.3270,1.7837,4.6653,22.5889,0.1227

832.3270,1.7835,4.6344,22.1959,0.1207

833.3270,1.7807,4.5933,22.1011,0.1237

834.3270,1.7809,4.6087,21.9521,0.1190

835.3270,1.7793,4.6036,22.1291,0.1212

836.3270,1.7789,4.6396,22.4164,0.1250

837.3270,1.7783,4.6293,22.1888,0.1200

838.3270,1.7773,4.6138,22.1714,0.1219

839.3270,1.7787,4.6756,22.0682,0.1141

840.3270,1.7791,4.6344,22.3511,0.1221

841.3270,1.7773,4.6190,21.9113,0.1128

842.3270,1.7777,4.6447,22.0942,0.1206

843.3270,1.7787,4.6190,22.1395,0.1237

844.3280,1.7803,4.6499,22.4919,0.1261

845.3280,1.7793,4.5778,22.0403,0.1192

846.3270,1.7805,4.6704,22.5686,0.1089

847.3280,1.7815,4.6550,22.4469,0.1215

848.3270,1.7835,4.6653,22.1918,0.1149

849.3270,1.7813,4.6190,22.2063,0.1229

850.3270,1.7813,4.6344,22.2154,0.1188

851.3270,1.7827,4.6550,22.4312,0.1250

852.3270,1.7833,4.6602,22.1161,0.1146

853.3270,1.7823,4.5933,22.2664,0.1219

854.3270,1.7821,4.6447,22.3427,0.1225

855.3270,1.7841,4.6293,21.8385,0.1165

856.3270,1.7835,4.6550,22.0296,0.1026

857.3270,1.7827,4.6344,21.8505,0.1168

858.3270,1.7827,4.6653,22.1752,0.1204

859.3270,1.7831,4.6293,22.2156,0.1204

860.3270,1.7827,4.6241,22.2670,0.1236

861.3270,1.7821,4.6396,22.2045,0.1244

862.3270,1.7813,4.6396,22.3205,0.1226

863.3270,1.7831,4.6396,22.3113,0.1249

864.3270,1.7825,4.6293,22.2724,0.1235

865.3270,1.7825,4.6293,22.1435,0.1172

866.3270,1.7815,4.6293,22.0186,0.1131

867.3270,1.7819,4.6447,22.0712,0.1209

868.3280,1.7803,4.6241,22.0845,0.1164

869.3270,1.7791,4.5984,22.4760,0.1220

870.3270,1.7803,4.6550,22.4688,0.1218

871.3270,1.7807,4.6499,22.5932,0.1028

872.3270,1.7803,4.6293,22.0348,0.1199

873.3270,1.7799,4.6293,22.1143,0.1235

874.3270,1.7813,4.6653,22.5702,0.1119

875.3270,1.7821,4.6499,22.3473,0.1224

876.3270,1.7825,4.6396,22.3728,0.1248

877.3270,1.7835,4.6704,21.9550,0.1198

878.3270,1.7835,4.6241,22.3583,0.1220

879.3270,1.7843,4.6190,22.5743,0.1180

880.3270,1.7841,4.6499,22.2259,0.1049

881.3270,1.7835,4.6344,21.9325,0.1137

882.3270,1.7831,4.6190,22.0864,0.1180

883.3270,1.7829,4.6241,22.1920,0.1188

884.3270,1.7817,4.6344,22.3932,0.1253

885.3280,1.7807,4.6241,22.1641,0.1227

886.3270,1.7807,4.6396,22.2533,0.1160

887.3270,1.7805,4.6653,22.2550,0.1204

888.3270,1.7813,4.6447,22.3455,0.1219

889.3270,1.7821,4.6396,22.0663,0.1224

890.3270,1.7799,4.5933,22.2236,0.1223

891.3270,1.7813,4.6704,22.1893,0.1244

892.3270,1.7821,4.6396,22.2349,0.1230

893.3280,1.7819,4.6190,22.2246,0.1223

894.3270,1.7835,4.6756,22.4048,0.1174

895.3270,1.7835,4.6241,22.1935,0.1026

896.3270,1.7835,4.6396,22.0666,0.1201

897.3270,1.7829,4.6499,22.2316,0.1194

898.3280,1.7859,4.7219,22.2857,0.1250

899.3270,1.7859,4.6396,22.0729,0.1159

900.3270,1.7884,4.6602,22.1173,0.1231

901.3280,1.7878,4.6550,22.3443,0.1215

902.3270,1.7880,4.6447,21.9064,0.1129

903.3270,1.7894,4.6550,22.2436,0.1239

904.3270,1.7874,4.6241,22.4350,0.1182

905.3270,1.7880,4.6396,22.2723,0.1233

906.3280,1.7866,4.6036,22.1442,0.1208

907.3270,1.7863,4.6396,22.2150,0.1184

908.3270,1.7823,4.6190,22.3431,0.1258

909.3270,1.7815,4.6190,22.6065,0.1257

910.3270,1.7803,4.6293,22.4522,0.1246

911.3270,1.7791,4.6241,22.2090,0.1209

912.3270,1.7785,4.6293,22.2418,0.1228

913.3270,1.7781,4.6447,22.1609,0.1155

914.3270,1.7779,4.6190,22.5336,0.1154

915.3270,1.7781,4.6447,22.6408,0.1244

916.3270,1.7793,4.6344,22.4456,0.1197

917.3270,1.7811,4.6859,22.1601,0.1208

918.3270,1.7813,4.6241,22.3734,0.1195

919.3270,1.7851,4.7168,22.1053,0.1167

920.3270,1.7855,4.6396,22.3928,0.1194

921.3270,1.7880,4.6910,22.3619,0.1176

922.3270,1.7870,4.6036,22.4969,0.1244

923.3270,1.7865,4.6293,22.4261,0.1216

924.3270,1.7863,4.6138,22.3223,0.1181

925.3270,1.7859,4.6344,22.2189,0.1043

926.3270,1.7847,4.6036,22.1701,0.1200

927.3280,1.7815,4.6036,22.4413,0.1251

928.3270,1.7807,4.6036,22.0234,0.1216

929.3270,1.7793,4.6807,22.0435,0.1230

930.3270,1.7791,4.6344,22.0819,0.1121

931.3270,1.7773,4.6447,21.8466,0.1168

932.3270,1.7779,4.6190,21.9717,0.1235

933.3270,1.7771,4.6087,22.1712,0.1119

934.3270,1.7773,4.6190,22.2372,0.1236

935.3270,1.7775,4.6396,22.4223,0.1255

936.3270,1.7781,4.6190,22.2660,0.1212

937.3280,1.7781,4.6036,22.1631,0.1227

938.3270,1.7809,4.6756,22.5258,0.1188

939.3270,1.7799,4.6550,22.4164,0.1202

940.3280,1.7837,4.7322,22.1037,0.1228

941.3270,1.7841,4.6550,22.3098,0.1244

942.3270,1.7866,4.6859,22.2513,0.1129

943.3270,1.7874,4.6293,22.4781,0.1226

944.3270,1.7878,4.6293,22.6237,0.1244

945.3280,1.7872,4.6241,22.1874,0.1242

946.3280,1.7880,4.6396,22.4158,0.1215

947.3270,1.7906,4.6704,22.2602,0.1189

948.3270,1.7886,4.6241,22.4213,0.1215

949.3270,1.7878,4.6344,22.3714,0.1238

950.3270,1.7839,4.6293,22.3733,0.1158

951.3270,1.7805,4.5675,22.4033,0.1241

952.3280,1.7787,4.6396,22.3816,0.1155

953.3280,1.7795,4.6499,22.2233,0.1235

954.3270,1.7799,4.6396,22.5399,0.1219

955.3280,1.7797,4.6190,22.3943,0.1167

956.3270,1.7793,4.6293,22.5213,0.1249

957.3270,1.7781,4.6396,22.1681,0.1172

958.3270,1.7781,4.6241,22.0824,0.1237

959.3270,1.7779,4.6293,22.1530,0.1224

960.3270,1.7797,4.6756,22.2501,0.1212

961.3270,1.7825,4.6396,22.1751,0.1232

962.3270,1.7831,4.6550,22.6084,0.1237

963.3270,1.7819,4.6190,22.6442,0.1151

964.3270,1.7819,4.6396,22.2793,0.1196

965.3270,1.7831,4.6499,22.5196,0.1203

966.3270,1.7835,4.6396,22.3290,0.1202

967.3270,1.7823,4.6087,22.3359,0.1238

968.3270,1.7813,4.5984,22.1702,0.1146

969.3270,1.7817,4.6396,22.3726,0.1191

970.3270,1.7797,4.6241,22.2029,0.1239

971.3270,1.7799,4.6447,22.0702,0.1214

972.3270,1.7779,4.6036,22.0648,0.1194

973.3270,1.7787,4.6396,22.4219,0.1225

974.3270,1.7779,4.6190,22.4972,0.1228

975.3270,1.7769,4.6241,22.1840,0.1160

976.3270,1.7775,4.6550,22.3101,0.1197

977.3270,1.7793,4.6550,22.2109,0.1234

978.3270,1.7795,4.6036,22.3869,0.1257

979.3270,1.7797,4.6447,22.2213,0.1249

980.3270,1.7799,4.6293,22.0255,0.1200

981.3270,1.7795,4.6344,22.2080,0.1176

982.3270,1.7835,4.7065,22.2784,0.1188

983.3270,1.7833,4.6344,21.8987,0.1112

984.3280,1.7855,4.6756,22.2012,0.1244

985.3270,1.7861,4.6396,22.0060,0.1202

986.3270,1.7849,4.6241,22.4022,0.1255

987.3270,1.7843,4.6396,22.1572,0.1188

988.3280,1.7857,4.6396,22.5472,0.1092

989.3270,1.7839,4.5984,22.5488,0.1215

990.3270,1.7835,4.6190,22.1639,0.1185

991.3270,1.7831,4.6241,22.5315,0.1244

992.3270,1.7805,4.6396,22.5781,0.1189

993.3270,1.7819,4.6704,22.3751,0.1136

994.3270,1.7801,4.6293,22.2808,0.1237

995.3270,1.7787,4.6036,22.0848,0.1168

996.3270,1.7785,4.6190,22.1508,0.1241

997.3270,1.7799,4.6756,22.3222,0.1239

998.3270,1.7807,4.6602,22.4208,0.1202

999.3280,1.7821,4.6344,22.2270,0.1245

1000.3270,1.7827,4.6344,22.3541,0.1217

1001.3270,1.7823,4.6138,22.2775,0.1226

1002.3270,1.7817,4.6241,22.2740,0.1193

1003.3270,1.7789,4.5984,22.0298,0.1235

1004.3270,1.7787,4.6241,22.3758,0.1152

1005.3270,1.7807,4.6550,22.2653,0.1239

1006.3270,1.7813,4.6344,22.0389,0.1156

1007.3280,1.7813,4.6756,22.3253,0.1242

1008.3280,1.7809,4.6499,22.3317,0.1244

1009.3270,1.7809,4.6344,22.3799,0.1190

1010.3270,1.7801,4.6138,22.3022,0.1245

1011.3270,1.7799,4.6087,22.2573,0.1216

1012.3270,1.7811,4.6550,22.4371,0.1161

1013.3280,1.7819,4.6190,21.9023,0.1202

1014.3270,1.7821,4.6293,22.3976,0.1084

1015.3270,1.7819,4.6499,22.5875,0.1242

1016.3270,1.7817,4.6293,22.3636,0.1251

1017.3270,1.7801,4.6344,22.5620,0.1255

1018.3280,1.7809,4.6704,22.5230,0.1210

1019.3270,1.7805,4.6241,22.3114,0.1151

1020.3280,1.7819,4.6499,22.3353,0.1258

1021.3270,1.7831,4.6396,22.2282,0.1204

1022.3270,1.7825,4.6396,21.9822,0.1190

1023.3270,1.7819,4.6036,22.2195,0.1196

1024.3270,1.7817,4.6241,22.1766,0.1234

1025.3270,1.7813,4.6396,21.7357,0.1154

1026.3270,1.7815,4.6344,22.2607,0.1228

1027.3270,1.7835,4.6859,22.3609,0.1188

1028.3270,1.7845,4.6962,22.1522,0.1189

1029.3270,1.7865,4.6756,21.9569,0.1215

1030.3270,1.7863,4.6447,21.9336,0.1209

1031.3270,1.7866,4.6499,22.3607,0.1249

1032.3270,1.7853,4.6036,22.2921,0.1228

1033.3270,1.7865,4.6344,22.5744,0.1080

1034.3270,1.7870,4.6396,22.4253,0.1229

1035.3270,1.7894,4.7013,22.6638,0.1198

1036.3280,1.7890,4.6241,22.4845,0.1198

1037.3270,1.7861,4.6087,22.1587,0.1209

1038.3270,1.7837,4.6344,22.2791,0.1233

1039.3280,1.7807,4.5984,22.0634,0.1134

1040.3270,1.7795,4.6138,22.3485,0.1225

1041.3270,1.7823,4.7219,22.4266,0.1187

1042.3270,1.7855,4.6859,22.2980,0.1206

1043.3270,1.7857,4.6396,22.3448,0.1247

1044.3270,1.7861,4.6499,22.3890,0.1217

1045.3270,1.7827,4.6138,22.3859,0.1251

1046.3270,1.7843,4.6653,22.2860,0.1184

1047.3270,1.7855,4.6396,22.6785,0.1280

1048.3280,1.7859,4.6447,22.3467,0.1257

1049.3270,1.7880,4.6550,22.3604,0.1258

1050.3270,1.7884,4.6241,22.2421,0.1216

1051.3270,1.7851,4.6344,22.1064,0.1096

1052.3270,1.7825,4.6190,21.9875,0.1194

1053.3270,1.7827,4.6447,21.9354,0.1165

1054.3270,1.7827,4.6499,22.1317,0.1226

1055.3270,1.7841,4.6499,22.0849,0.1230

1056.3270,1.7831,4.6396,22.4193,0.1130

1057.3270,1.7833,4.6447,22.3781,0.1229

1058.3270,1.7823,4.6190,22.2802,0.1255

1059.3270,1.7823,4.6550,22.3265,0.1230

1060.3270,1.7855,4.7065,22.2117,0.1238

1061.3280,1.7855,4.6344,22.5696,0.1251

1062.3270,1.7861,4.6344,22.6777,0.1246

1063.3270,1.7851,4.6190,22.6020,0.1176

1064.3280,1.7837,4.6138,22.2346,0.1182

1065.3270,1.7825,4.6190,22.1925,0.1188

1066.3270,1.7833,4.6602,22.3055,0.1169

1067.3270,1.7835,4.6499,22.1761,0.1205

1068.3270,1.7849,4.6550,22.5782,0.1253

1069.3270,1.7839,4.6293,22.0109,0.1228

1070.3270,1.7811,4.6344,21.8739,0.1192

1071.3270,1.7807,4.6241,22.1883,0.1203

1072.3270,1.7803,4.6241,22.5394,0.1237

1073.3270,1.7815,4.6499,22.4217,0.1187

1074.3270,1.7815,4.6138,22.3428,0.1036

1075.3270,1.7823,4.6396,22.0951,0.1182

1076.3280,1.7823,4.6602,22.5873,0.1186

1077.3270,1.7813,4.6241,22.2776,0.1252

1078.3270,1.7817,4.6653,22.0969,0.1209

1079.3280,1.7821,4.6396,22.5294,0.1094

1080.3270,1.7825,4.6447,22.5367,0.1256

1081.3270,1.7825,4.6241,22.4522,0.1242

1082.3270,1.7835,4.6499,22.2740,0.1173

1083.3270,1.7821,4.6138,22.2303,0.0386

1084.3270,1.7829,4.6344,4.1324,0.0118

1085.3280,1.7825,4.6293,1.6636,0.0061

1086.3270,1.7815,4.6344,0.0000,0.0030

1087.3270,1.7819,4.6344,0.0000,0.0001

1088.3270,1.7795,4.6036,0.0000,0.0002

1089.3270,1.7783,4.6087,0.0000,0.0001

1090.3270,1.7781,4.6396,0.0000,0.0001

1091.3270,1.7787,4.6396,0.0000,0.0001

1092.3270,1.7779,4.6293,0.0000,0.0001

1093.3280,1.7777,4.6087,0.0000,0.0001

1094.3270,1.7779,4.6396,0.0000,0.0001

1095.3270,1.7783,4.6396,0.0000,0.0001

1096.3270,1.7831,4.7579,0.0000,0.0001

1097.3280,1.7831,4.6344,0.0000,0.0001

1098.3270,1.7851,4.6550,0.0000,0.0001

1099.3270,1.7859,4.6293,0.0000,0.0001

1100.3280,1.7863,4.6499,0.0000,0.0001

1101.3270,1.7861,4.6344,0.0000,0.0001

1102.3270,1.7861,4.6293,0.0000,0.0001

1103.3270,1.7880,4.6602,0.0000,0.0001

1104.3270,1.7878,4.6344,0.0000,0.0001

1105.3270,1.7868,4.6138,0.0000,0.0001

1106.3270,1.7825,4.6447,0.0000,0.0001

1107.3270,1.7835,4.6602,0.0000,0.0001

1108.3280,1.7825,4.6293,0.0000,0.0001

1109.3270,1.7827,4.6344,0.0000,0.0001

1110.3270,1.7823,4.6396,0.0000,0.0001

1111.3270,1.7825,4.6396,0.0000,0.0001

1112.3270,1.7835,4.6550,0.0000,0.0001

1113.3270,1.7813,4.6036,0.0000,0.0001

1114.3270,1.7849,4.7270,0.0000,0.0001

1115.3270,1.7868,4.6653,0.0000,0.0001

1116.3270,1.7866,4.6396,0.0000,0.0001

1117.3270,1.7851,4.6190,0.0000,0.0001

1118.3270,1.7872,4.6859,0.0000,0.0001

1119.3270,1.7866,4.6190,0.0000,0.0001

1120.3270,1.7866,4.6396,0.0000,0.0001

1121.3270,1.7870,4.6499,0.0000,0.0001

1122.3270,1.7841,4.5778,0.0000,0.0001

1123.3270,1.7845,4.6138,0.0000,0.0001

1124.3270,1.7801,4.6138,0.0000,0.0001

1125.3270,1.7793,4.6447,0.0000,0.0001

1126.3270,1.7777,4.5984,0.0000,0.0001

1127.3270,1.7787,4.6447,0.0000,0.0001

1128.3270,1.7773,4.6499,0.0000,0.0001

1129.3280,1.7775,4.6241,0.0000,0.0001

1130.3270,1.7775,4.6396,0.0000,0.0001

1131.3270,1.7759,4.6087,0.0000,0.0001

1132.3270,1.7789,4.6550,0.0000,0.0001

1133.3270,1.7793,4.6241,0.0000,0.0001

1134.3270,1.7803,4.6396,0.0000,0.0001

1135.3280,1.7795,4.6241,0.0000,0.0001

1136.3270,1.7809,4.6344,0.0000,0.0001

1137.3270,1.7805,4.6344,0.0000,0.0001

1138.3270,1.7805,4.6499,0.0000,0.0001

1139.3270,1.7813,4.6447,0.0000,0.0001

1140.3270,1.7807,4.6241,0.0000,0.0001

1141.3270,1.7821,4.6447,0.0000,0.0001

1142.3270,1.7817,4.6447,0.0000,0.0001

1143.3270,1.7823,4.6396,0.0000,0.0001

1144.3280,1.7821,4.6344,0.0000,0.0001

1145.3270,1.7837,4.6653,0.0000,0.0001

1146.3270,1.7833,4.6241,0.0000,0.0001

1147.3270,1.7843,4.6602,0.0000,0.0001

1148.3270,1.7841,4.6447,0.0000,0.0001

1149.3270,1.7835,4.6293,0.0000,0.0001

1150.3280,1.7833,4.6190,0.0000,0.0001

1151.3270,1.7829,4.6344,0.0000,0.0001

1152.3270,1.7819,4.6190,0.0000,0.0001

1153.3270,1.7803,4.5984,0.0000,0.0001

1154.3270,1.7793,4.6087,0.0000,0.0001

1155.3270,1.7779,4.6293,0.0000,0.0001

1156.3270,1.7771,4.6036,0.0000,0.0001

1157.3280,1.7763,4.6396,0.0000,0.0001

1158.3270,1.7755,4.6241,0.0000,0.0001

1159.3270,1.7763,4.6499,0.0000,0.0001

1160.3270,1.7767,4.6293,0.0000,0.0001

1161.3280,1.7765,4.6293,0.0000,0.0001

1162.3270,1.7773,4.6396,0.0000,0.0001

1163.3270,1.7787,4.6344,0.0000,0.0001

1164.3270,1.7799,4.6396,0.0000,0.0001

1165.3270,1.7795,4.6190,0.0000,0.0001

1166.3270,1.7803,4.6241,0.0000,0.0001

1167.3270,1.7809,4.6550,0.0000,0.0001

1168.3270,1.7809,4.6241,0.0000,0.0001

1169.3270,1.7795,4.6138,0.0000,0.0001

1170.3270,1.7809,4.6653,0.0000,0.0001

1171.3270,1.7807,4.6241,0.0000,0.0001

1172.3270,1.7805,4.6344,0.0000,0.0001

1173.3270,1.7805,4.6344,0.0000,0.0001

1174.3270,1.7799,4.6241,0.0000,0.0001

1175.3270,1.7793,4.6036,0.0000,0.0001

1176.3280,1.7797,4.6344,0.0000,0.0001

1177.3270,1.7791,4.6396,0.0000,0.0001

1178.3270,1.7777,4.5881,0.0000,0.0001

1179.3270,1.7779,4.6190,0.0000,0.0001

1180.3270,1.7783,4.6756,0.0000,0.0001

1181.3270,1.7797,4.6602,0.0000,0.0001

1182.3270,1.7803,4.6499,0.0000,0.0001

1183.3270,1.7803,4.6344,0.0000,0.0001

1184.3270,1.7813,4.6499,0.0000,0.0001

1185.3270,1.7831,4.6499,0.0000,0.0001

1186.3270,1.7825,4.6190,0.0000,0.0001

1187.3270,1.7825,4.6396,0.0000,0.0001

1188.3280,1.7847,4.6447,0.0000,0.0001

1189.3270,1.7845,4.6138,0.0000,0.0001

1190.3270,1.7847,4.6807,0.0000,0.0001

1191.3270,1.7829,4.6138,0.0000,0.0001

1192.3270,1.7827,4.6447,0.0000,0.0001

1193.3270,1.7833,4.6499,0.0000,0.0001

1194.3270,1.7823,4.6241,0.0000,0.0001

1195.3270,1.7827,4.6602,0.0000,0.0001

1196.3270,1.7835,4.6396,0.0000,0.0001

1197.3270,1.7835,4.6396,0.0000,0.0001

1198.3280,1.7831,4.6344,0.0000,0.0001

1199.3270,1.7837,4.6293,0.0000,0.0001

1200.3280,1.7837,4.6807,0.0000,0.0001

1201.3280,1.7855,4.6602,0.0000,0.0001

1202.3270,1.7851,4.6344,0.0000,0.0001

1203.3270,1.7839,4.6190,0.0000,0.0001

1204.3270,1.7849,4.6499,0.0000,0.0001

1205.3270,1.7843,4.6447,0.0000,0.0001

1206.3270,1.7839,4.6293,0.0000,0.0002

1207.3270,1.7831,4.6190,0.0000,0.0001

1208.3270,1.7868,4.7322,0.0000,0.0001

1209.3270,1.7876,4.6499,0.0000,0.0001

1210.3270,1.7868,4.6602,0.0000,0.0001

1211.3280,1.7857,4.6293,0.0000,0.0001

1212.3270,1.7868,4.6653,0.0000,0.0001

1213.3280,1.7866,4.6138,0.0000,0.0001

1214.3270,1.7855,4.6190,0.0000,0.0001

1215.3270,1.7837,4.5984,0.0000,0.0001

1216.3270,1.7829,4.6087,0.0000,0.0001

1217.3270,1.7829,4.6190,0.0000,0.0001

1218.3270,1.7795,4.6447,0.0000,0.0001

1219.3270,1.7783,4.6190,0.0000,0.0001

1220.3270,1.7791,4.6807,0.0000,0.0001

1221.3270,1.7799,4.6499,0.0000,0.0001

1222.3270,1.7787,4.6344,0.0000,0.0001

1223.3270,1.7797,4.6396,0.0000,0.0001

1224.3270,1.7795,4.6138,0.0000,0.0001

1225.3270,1.7813,4.6447,0.0000,0.0001

1226.3270,1.7819,4.6241,0.0000,0.0001

1227.3280,1.7831,4.6499,0.0000,0.0001

1228.3270,1.7833,4.6499,0.0000,0.0001

1229.3270,1.7835,4.6241,0.0000,0.0001

1230.3270,1.7819,4.6396,0.0000,0.0001

1231.3270,1.7817,4.6447,0.0000,0.0001

1232.3270,1.7809,4.6138,0.0000,0.0001

1233.3270,1.7809,4.6396,0.0000,0.0001

1234.3270,1.7823,4.6499,0.0000,0.0001

1235.3270,1.7827,4.6550,0.0000,0.0001

1236.3270,1.7827,4.6241,0.0000,0.0001

1237.3280,1.7807,4.5984,0.0000,0.0001

1238.3270,1.7813,4.6653,0.0000,0.0001

1239.3270,1.7841,4.6962,0.0000,0.0001

1240.3270,1.7831,4.6138,0.0000,0.0001

1241.3270,1.7823,4.6241,0.0000,0.0001

1242.3270,1.7829,4.6293,0.0000,0.0001

1243.3270,1.7825,4.6293,0.0000,0.0001

1244.3270,1.7823,4.6447,0.0000,0.0001

1245.3270,1.7825,4.6602,0.0000,0.0001

1246.3270,1.7833,4.6447,0.0000,0.0001

1247.3270,1.7847,4.6344,0.0000,0.0001

1248.3270,1.7841,4.6499,0.0000,0.0001

1249.3270,1.7813,4.6241,0.0000,0.0001

1250.3270,1.7827,4.6499,0.0000,0.0001

1251.3270,1.7819,4.6036,0.0000,0.0001

1252.3270,1.7827,4.6499,0.0000,0.0001

1253.3270,1.7829,4.6344,0.0000,0.0001

1254.3270,1.7823,4.6293,0.0000,0.0001

1255.3270,1.7803,4.6087,0.0000,0.0001

1256.3270,1.7797,4.6293,0.0000,0.0001

1257.3270,1.7785,4.6036,0.0000,0.0001

1258.3270,1.7771,4.6138,0.0000,0.0001

1259.3270,1.7779,4.6447,0.0000,0.0001

1260.3270,1.7791,4.6807,0.0000,0.0001

1261.3270,1.7805,4.6396,0.0000,0.0001

1262.3270,1.7815,4.6756,0.0000,0.0001

1263.3270,1.7807,4.6138,0.0000,0.0001

1264.3270,1.7793,4.5933,0.0000,0.0001

1265.3270,1.7809,4.6499,0.0000,0.0001

1266.3270,1.7811,4.6344,0.0000,0.0001

1267.3270,1.7821,4.6293,0.0000,0.0001

1268.3270,1.7839,4.6602,0.0000,0.0001

1269.3270,1.7855,4.6859,0.0000,0.0001

1270.3280,1.7837,4.6344,0.0000,0.0001

1271.3270,1.7831,4.6241,0.0000,0.0001

1272.3270,1.7815,4.6344,0.0000,0.0001

1273.3270,1.7813,4.6087,0.0000,0.0001

1274.3280,1.7835,4.6499,0.0000,0.0001

1275.3270,1.7835,4.6499,0.0000,0.0001

1276.3270,1.7833,4.6293,0.0000,0.0001

1277.3270,1.7835,4.6344,0.0000,0.0001

1278.3270,1.7833,4.6550,0.0000,0.0001

1279.3270,1.7819,4.6499,0.0000,0.0001

1280.3270,1.7819,4.6344,0.0000,0.0001

1281.3270,1.7821,4.6293,0.0000,0.0001

1282.3270,1.7819,4.6293,0.0000,0.0001

1283.3280,1.7811,4.5881,0.0000,0.0001

1284.3270,1.7801,4.6241,0.0000,0.0001

1285.3270,1.7807,4.6653,0.0000,0.0001

1286.3270,1.7803,4.6190,0.0000,0.0001

1287.3270,1.7795,4.6138,0.0000,0.0001

1288.3270,1.7789,4.6396,0.0000,0.0001

1289.3270,1.7783,4.6344,0.0000,0.0001

1290.3270,1.7775,4.6138,0.0000,0.0001

1291.3270,1.7773,4.6241,0.0000,0.0001

1292.3270,1.7771,4.6241,0.0000,0.0001

1293.3270,1.7791,4.6396,0.0000,0.0001

1294.3270,1.7807,4.6653,0.0000,0.0001

1295.3270,1.7791,4.6241,0.0000,0.0001

1296.3270,1.7793,4.6241,0.0000,0.0001

1297.3270,1.7801,4.6344,0.0000,0.0001

1298.3270,1.7767,4.5521,0.0000,0.0001

1299.3270,1.7767,4.6344,0.0000,0.0001

1300.3270,1.7775,4.6344,0.0000,0.0001

1301.3270,1.7775,4.6241,0.0000,0.0001

1302.3280,1.7714,4.4646,0.0000,0.0001

1303.3270,1.7706,4.6190,0.0000,0.0001

1304.3270,1.7692,4.6293,0.0000,0.0001

1305.3270,1.7700,4.6447,0.0000,0.0001

1306.3270,1.7698,4.6190,0.0000,0.0001

1307.3270,1.7696,4.6293,0.0000,0.0001

1308.3280,1.7729,4.6396,0.0000,0.0001

1309.3270,1.7733,4.6447,0.0000,0.0001

1310.3270,1.7743,4.6602,0.0000,0.0001

1311.3270,1.7741,4.6190,0.0000,0.0001

1312.3270,1.7817,4.6602,0.0000,0.0001

1313.3270,1.7831,4.6550,0.0000,0.0001

1314.3270,1.7839,4.6499,0.0000,0.0001

1315.3270,1.7829,4.6190,0.0000,0.0001

1316.3270,1.7835,4.6344,0.0000,0.0001

1317.3270,1.7825,4.6036,0.0000,0.0001

1318.3270,1.7817,4.6190,0.0000,0.0001

1319.3270,1.7821,4.6550,0.0000,0.0001

1320.3270,1.7821,4.6602,0.0000,0.0001

1321.3270,1.7823,4.6241,0.0000,0.0001

1322.3270,1.7823,4.6602,0.0000,0.0001

1323.3270,1.7817,4.6396,0.0000,0.0001

1324.3270,1.7805,4.6190,0.0000,0.0001

1325.3270,1.7803,4.6138,0.0000,0.0001

1326.3270,1.7809,4.6499,0.0000,0.0001

1327.3270,1.7821,4.6344,0.0000,0.0001

1328.3270,1.7823,4.6241,0.0000,0.0001

1329.3270,1.7825,4.6602,0.0000,0.0001

1330.3270,1.7821,4.6499,0.0000,0.0001

1331.3270,1.7819,4.6190,0.0000,0.0001

1332.3270,1.7811,4.6396,0.0000,0.0001

1333.3270,1.7801,4.6138,0.0000,0.0001

1334.3270,1.7835,4.7065,0.0000,0.0001

1335.3270,1.7837,4.6190,0.0000,0.0001

1336.3270,1.7823,4.6138,0.0000,0.0001

1337.3270,1.7819,4.6241,0.0000,0.0001

1338.3270,1.7823,4.6344,0.0000,0.0001

1339.3270,1.7805,4.6138,0.0000,0.0001

1340.3270,1.7803,4.6447,0.0000,0.0001

1341.3270,1.7809,4.6344,0.0000,0.0001

1342.3270,1.7803,4.6241,0.0000,0.0001

1343.3280,1.7803,4.6138,0.0000,0.0001

1344.3270,1.7773,4.6293,0.0000,0.0001

1345.3270,1.7783,4.6447,0.0000,0.0001

1346.3270,1.7777,4.5984,0.0000,0.0001

1347.3270,1.7781,4.6344,0.0000,0.0001

1348.3270,1.7777,4.6241,0.0000,0.0001

1349.3270,1.7779,4.6190,0.0000,0.0001

1350.3270,1.7763,4.6036,0.0000,0.0001

1351.3280,1.7763,4.6344,0.0000,0.0001

1352.3270,1.7771,4.6447,0.0000,0.0001

1353.3270,1.7779,4.6344,0.0000,0.0001

1354.3270,1.7805,4.6962,0.0000,0.0001

1355.3270,1.7809,4.6550,0.0000,0.0001

1356.3270,1.7803,4.5830,0.0000,0.0001

1357.3280,1.7799,4.6241,0.0000,0.0001

1358.3270,1.7811,4.6550,0.0000,0.0001

1359.3270,1.7819,4.6396,0.0000,0.0001

1360.3270,1.7843,4.6653,0.0000,0.0001

1361.3270,1.7843,4.6344,0.0000,0.0001

1362.3270,1.7843,4.6447,0.0000,0.0001

1363.3280,1.7839,4.6241,0.0000,0.0001

1364.3270,1.7815,4.6344,0.0000,0.0001

1365.3270,1.7813,4.6499,0.0000,0.0001

1366.3270,1.7831,4.6293,0.0000,0.0001

1367.3280,1.7839,4.6447,0.0000,0.0001

1368.3270,1.7807,4.5727,0.0000,0.0001

1369.3280,1.7819,4.6704,0.0000,0.0001

1370.3270,1.7795,4.6036,0.0000,0.0001

1371.3270,1.7799,4.6447,0.0000,0.0001

1372.3270,1.7795,4.6344,0.0000,0.0001

1373.3270,1.7793,4.6190,0.0000,0.0001

1374.3270,1.7833,4.7373,0.0000,0.0001

1375.3270,1.7821,4.6190,0.0000,0.0001

1376.3270,1.7827,4.6447,0.0000,0.0001

1377.3270,1.7827,4.6447,0.0000,0.0001

1378.3270,1.7853,4.6396,0.0000,0.0001

1379.3270,1.7835,4.6241,0.0000,0.0001

1380.3270,1.7849,4.6396,0.0000,0.0001

1381.3270,1.7853,4.6550,0.0000,0.0001

1382.3270,1.7890,4.7322,0.0000,0.0001

1383.3270,1.7910,4.6704,0.0000,0.0001

1384.3270,1.7874,4.6447,0.0000,0.0001

1385.3270,1.7886,4.6499,0.0000,0.0001

1386.3270,1.7890,4.6550,0.0000,0.0001

1387.3270,1.7888,4.6396,0.0000,0.0001

1388.3270,1.7890,4.6447,0.0000,0.0001

1389.3270,1.7890,4.6241,0.0000,0.0001

1390.3270,1.7892,4.6447,0.0000,0.0001

1391.3270,1.7882,4.6293,0.0000,0.0001

1392.3270,1.7843,4.6293,0.0000,0.0001

1393.3270,1.7825,4.6241,0.0000,0.0001

1394.3270,1.7831,4.6602,0.0000,0.0001

1395.3270,1.7831,4.6499,0.0000,0.0001

1396.3270,1.7829,4.6499,0.0000,0.0001

1397.3270,1.7811,4.5933,0.0000,0.0001

1398.3270,1.7807,4.6344,0.0000,0.0001

1399.3270,1.7815,4.6447,0.0000,0.0001

1400.3270,1.7817,4.6499,0.0000,0.0001

1401.3270,1.7829,4.6602,0.0000,0.0001

1402.3270,1.7821,4.6087,0.0000,0.0001

1403.3280,1.7827,4.6396,0.0000,0.0001

1404.3270,1.7815,4.6293,0.0000,0.0001

1405.3280,1.7811,4.6396,0.0000,0.0001

1406.3270,1.7807,4.6396,0.0000,0.0001

1407.3270,1.7817,4.6190,0.0000,0.0001

1408.3270,1.7813,4.6241,0.0000,0.0001

1409.3270,1.7803,4.6190,0.0000,0.0001

1410.3270,1.7795,4.6293,0.0000,0.0001

1411.3270,1.7781,4.6241,0.0000,0.0001

1412.3270,1.7793,4.6396,0.0000,0.0001

1413.3270,1.7785,4.6190,0.0000,0.0001

1414.3280,1.7763,4.5727,0.0000,0.0001

1415.3270,1.7767,4.6499,0.0000,0.0001

1416.3270,1.7761,4.6241,0.0000,0.0001

1417.3270,1.7751,4.5933,0.0000,0.0001

1418.3270,1.7765,4.6602,0.0000,0.0001

1419.3270,1.7767,4.6241,0.0000,0.0001

1420.3270,1.7767,4.6293,0.0000,0.0001

1421.3270,1.7769,4.6293,0.0000,0.0001

1422.3270,1.7765,4.6293,0.0000,0.0001

1423.3270,1.7775,4.6447,0.0000,0.0001

1424.3270,1.7817,4.6807,0.0000,0.0001

1425.3280,1.7815,4.6447,0.0000,0.0001

1426.3270,1.7821,4.6396,0.0000,0.0001

1427.3270,1.7845,4.6550,0.0000,0.0001

1428.3280,1.7823,4.6036,0.0000,0.0001

1429.3270,1.7847,4.6859,0.0000,0.0001

1430.3280,1.7845,4.6241,0.0000,0.0001

1431.3280,1.7863,4.6756,0.0000,0.0001

1432.3270,1.7849,4.5933,0.0000,0.0001

1433.3270,1.7845,4.6344,0.0000,0.0001

1434.3270,1.7857,4.7116,0.0000,0.0001

1435.3270,1.7839,4.5984,0.0000,0.0001

1436.3270,1.7849,4.6653,0.0000,0.0001

1437.3270,1.7845,4.6447,0.0000,0.0001

1438.3270,1.7855,4.6293,0.0000,0.0001

1439.3270,1.7839,4.6447,0.0000,0.0001

1440.3270,1.7837,4.6190,0.0000,0.0001

1441.3270,1.7841,4.6859,0.0000,0.0001

1442.3270,1.7866,4.6602,0.0000,0.0001

1443.3270,1.7865,4.6293,0.0000,0.0001

1444.3270,1.7835,4.6344,0.0000,0.0001

1445.3280,1.7851,4.6396,0.0000,0.0001

1446.3270,1.7847,4.6550,0.0000,0.0001

1447.3270,1.7829,4.5984,0.0000,0.0001

1448.3270,1.7853,4.6910,0.0000,0.0001

1449.3270,1.7847,4.6293,0.0000,0.0001

1450.3270,1.7831,4.5778,0.0000,0.0001

1451.3270,1.7803,4.6138,0.0000,0.0001

1452.3270,1.7771,4.5778,0.0000,0.0001

1453.3270,1.7765,4.6138,0.0000,0.0001

1454.3270,1.7771,4.6499,0.0000,0.0001

1455.3270,1.7769,4.6344,0.0000,0.0001

1456.3270,1.7761,4.6344,0.0000,0.0001

1457.3270,1.7777,4.6396,0.0000,0.0001

1458.3270,1.7755,4.6344,0.0000,0.0001

1459.3270,1.7745,4.6036,0.0000,0.0001

1460.3270,1.7763,4.6241,0.0000,0.0001

1461.3270,1.7769,4.6293,0.0000,0.0001

1462.3270,1.7793,4.6396,0.0000,0.0001

1463.3280,1.7797,4.6241,0.0000,0.0001

1464.3280,1.7799,4.6550,0.0000,0.0001

1465.3270,1.7797,4.6293,0.0000,0.0001

1466.3270,1.7795,4.6293,0.0000,0.0001

1467.3280,1.7783,4.6087,0.0000,0.0001

1468.3270,1.7785,4.6396,0.0000,0.0001

1469.3270,1.7793,4.6241,0.0000,0.0001

1470.3270,1.7787,4.6087,0.0000,0.0001

1471.3270,1.7783,4.6190,0.0000,0.0001

1472.3270,1.7773,4.6138,0.0000,0.0001

1473.3270,1.7789,4.6653,0.0000,0.0001

1474.3280,1.7779,4.6293,0.0000,0.0001

1475.3270,1.7787,4.6499,0.0000,0.0001

1476.3270,1.7791,4.6396,0.0000,0.0001

1477.3270,1.7795,4.6190,0.0000,0.0001

1478.3270,1.7799,4.6499,0.0000,0.0001

1479.3270,1.7785,4.5881,0.0000,0.0001

1480.3270,1.7785,4.6087,0.0000,0.0001

1481.3270,1.7793,4.6396,0.0000,0.0001

1482.3270,1.7783,4.5881,0.0000,0.0001

1483.3270,1.7771,4.6344,0.0000,0.0001

1484.3270,1.7773,4.6344,0.0000,0.0001

1485.3270,1.7757,4.6087,0.0000,0.0001

1486.3270,1.7743,4.6036,0.0000,0.0001

1487.3280,1.7751,4.6396,0.0000,0.0001

1488.3280,1.7749,4.6447,0.0000,0.0001

1489.3270,1.7755,4.6036,0.0000,0.0001

1490.3270,1.7767,4.6396,0.0000,0.0001

1491.3270,1.7773,4.6550,0.0000,0.0001

1492.3270,1.7783,4.6138,0.0000,0.0001

1493.3270,1.7785,4.6396,0.0000,0.0001

1494.3270,1.7785,4.6344,0.0000,0.0001

1495.3280,1.7805,4.6602,0.0000,0.0001

1496.3270,1.7815,4.6293,0.0000,0.0001

1497.3270,1.7829,4.6756,0.0000,0.0001

1498.3280,1.7841,4.6756,0.0000,0.0001

1499.3270,1.7868,4.6756,0.0000,0.0001

1500.3270,1.7855,4.6036,0.0000,0.0001

1501.3270,1.7857,4.6602,0.0000,0.0001

1502.3270,1.7861,4.6241,0.0000,0.0001

1503.3270,1.7866,4.6550,0.0000,0.0001

1504.3270,1.7868,4.6396,0.0000,0.0001

1505.3280,1.7859,4.6344,0.0000,0.0001

1506.3270,1.7866,4.6499,0.0000,0.0001

1507.3270,1.7843,4.6138,0.0000,0.0001

1508.3270,1.7823,4.6241,0.0000,0.0001

1509.3270,1.7807,4.6344,0.0000,0.0001

1510.3270,1.7815,4.6241,0.0000,0.0001

1511.3270,1.7811,4.6499,0.0000,0.0001

1512.3270,1.7799,4.5933,0.0000,0.0001

1513.3270,1.7789,4.6293,0.0000,0.0001

1514.3270,1.7791,4.6447,0.0000,0.0001

1515.3270,1.7801,4.6602,0.0000,0.0001

1516.3270,1.7807,4.6653,0.0000,0.0001

1517.3270,1.7787,4.5624,0.0000,0.0001

1518.3270,1.7791,4.6344,0.0000,0.0001

1519.3280,1.7791,4.6344,0.0000,0.0001

1520.3270,1.7787,4.6138,0.0000,0.0001

1521.3270,1.7789,4.6550,0.0000,0.0001

1522.3270,1.7803,4.6293,0.0000,0.0001

1523.3270,1.7807,4.6396,0.0000,0.0001

1524.3280,1.7811,4.6550,0.0000,0.0001

1525.3270,1.7795,4.6190,0.0000,0.0001

1526.3270,1.7781,4.6293,0.0000,0.0001

1527.3270,1.7819,4.6602,0.0000,0.0001

1528.3280,1.7821,4.6396,0.0000,0.0001

1529.3270,1.7817,4.6241,0.0000,0.0001

1530.3270,1.7833,4.6550,0.0000,0.0001

1531.3270,1.7813,4.6036,0.0000,0.0001

1532.3270,1.7827,4.6653,0.0000,0.0001

1533.3270,1.7821,4.6241,0.0000,0.0001

1534.3270,1.7809,4.6241,0.0000,0.0001

1535.3270,1.7807,4.6138,0.0000,0.0001

1536.3270,1.7811,4.6396,0.0000,0.0001

1537.3270,1.7807,4.6499,0.0000,0.0001

1538.3270,1.7803,4.6293,0.0000,0.0001

1539.3270,1.7803,4.6241,0.0000,0.0001

1540.3270,1.7793,4.6293,0.0000,0.0001

1541.3270,1.7803,4.6293,0.0000,0.0001

1542.3280,1.7779,4.6036,0.0000,0.0001

1543.3270,1.7783,4.6344,0.0000,0.0001

1544.3280,1.7797,4.6602,0.0000,0.0001

1545.3270,1.7807,4.6396,0.0000,0.0001

1546.3270,1.7805,4.6344,0.0000,0.0001

1547.3270,1.7785,4.5984,0.0000,0.0001

1548.3270,1.7777,4.6087,0.0000,0.0001

1549.3270,1.7783,4.6396,0.0000,0.0001

1550.3270,1.7775,4.6087,0.0000,0.0001

1551.3270,1.7785,4.6550,0.0000,0.0001

1552.3270,1.7793,4.6241,0.0000,0.0001

1553.3280,1.7789,4.6241,0.0000,0.0001

1554.3270,1.7761,4.5881,0.0000,0.0001

1555.3270,1.7757,4.6293,0.0000,0.0001

1556.3270,1.7753,4.6241,0.0000,0.0001

1557.3270,1.7769,4.6396,0.0000,0.0001

1558.3270,1.7777,4.6293,0.0000,0.0001

1559.3280,1.7779,4.6447,0.0000,0.0001

1560.3270,1.7793,4.6447,0.0000,0.0001

1561.3270,1.7785,4.6344,0.0000,0.0001

1562.3270,1.7815,4.7013,0.0000,0.0001

1563.3270,1.7813,4.6190,0.0000,0.0001

1564.3270,1.7833,4.6396,0.0000,0.0001

1565.3270,1.7831,4.6241,0.0000,0.0001

1566.3280,1.7829,4.6190,0.0000,0.0001

1567.3270,1.7825,4.6293,0.0000,0.0001

1568.3270,1.7827,4.6344,0.0000,0.0001

1569.3270,1.7811,4.6036,0.0000,0.0001

1570.3270,1.7803,4.6241,0.0000,0.0001

1571.3280,1.7805,4.6396,0.0000,0.0001

1572.3270,1.7787,4.6550,0.0000,0.0001

1573.3270,1.7787,4.6190,0.0000,0.0001

1574.3270,1.7771,4.5984,0.0000,0.0001

1575.3270,1.7775,4.6344,0.0000,0.0001

1576.3270,1.7779,4.6293,0.0000,0.0001

1577.3270,1.7783,4.6396,0.0000,0.0001

1578.3270,1.7775,4.6138,0.0000,0.0001

1579.3270,1.7791,4.6447,0.0000,0.0001

1580.3270,1.7793,4.6293,0.0000,0.0001

1581.3270,1.7793,4.6396,0.0000,0.0001

1582.3270,1.7785,4.6344,0.0000,0.0001

1583.3270,1.7779,4.6036,0.0000,0.0001

1584.3270,1.7793,4.6344,0.0000,0.0001

1585.3280,1.7793,4.6344,0.0000,0.0001

1586.3270,1.7783,4.6036,0.0000,0.0001

1587.3270,1.7773,4.6138,0.0000,0.0001

1588.3270,1.7775,4.6190,0.0000,0.0001

1589.3270,1.7759,4.6036,0.0000,0.0001

1590.3280,1.7759,4.6293,0.0000,0.0001

1591.3270,1.7745,4.6036,0.0000,0.0001

1592.3270,1.7743,4.6293,0.0000,0.0001

1593.3280,1.7759,4.6447,0.0000,0.0001

1594.3270,1.7759,4.6344,0.0000,0.0001

1595.3270,1.7755,4.6241,0.0000,0.0001

1596.3270,1.7771,4.6447,0.0000,0.0001

1597.3280,1.7787,4.6550,0.0000,0.0001

1598.3270,1.7797,4.6447,0.0000,0.0001

1599.3270,1.7761,4.5109,0.0000,0.0001

1600.3270,1.7757,4.6190,0.0000,0.0001

1601.3270,1.7763,4.6190,0.0000,0.0001

1602.3270,1.7761,4.6241,0.0000,0.0001

1603.3270,1.7757,4.6344,0.0000,0.0001

1604.3270,1.7755,4.6293,0.0000,0.0001

1605.3270,1.7759,4.6344,0.0000,0.0001

1606.3270,1.7759,4.6447,0.0000,0.0001

1607.3270,1.7765,4.6704,0.0000,0.0001

1608.3270,1.7753,4.6138,0.0000,0.0001

1609.3270,1.7803,4.6396,0.0000,0.0001

1610.3270,1.7809,4.6344,0.0000,0.0001

1611.3270,1.7821,4.6499,0.0000,0.0001

1612.3270,1.7819,4.6190,0.0000,0.0001

1613.3280,1.7825,4.6499,0.0000,0.0001

1614.3270,1.7825,4.6293,0.0000,0.0001

1615.3270,1.7831,4.6499,0.0000,0.0001

1616.3280,1.7821,4.6190,0.0000,0.0001

1617.3270,1.7803,4.6241,0.0000,0.0001

1618.3270,1.7811,4.6344,0.0000,0.0001

1619.3270,1.7815,4.6499,0.0000,0.0001

1620.3270,1.7817,4.6396,0.0000,0.0001

1621.3270,1.7827,4.6756,0.0000,0.0001

1622.3270,1.7827,4.6190,0.0000,0.0001

1623.3270,1.7825,4.6447,0.0000,0.0001

1624.3270,1.7831,4.6447,0.0000,0.0001

1625.3270,1.7819,4.6190,0.0000,0.0001

1626.3270,1.7829,4.6447,0.0000,0.0001

1627.3270,1.7831,4.6293,0.0000,0.0001

1628.3270,1.7829,4.6293,0.0000,0.0001

1629.3270,1.7819,4.6241,0.0000,0.0001

1630.3270,1.7825,4.6550,0.0000,0.0001

1631.3270,1.7797,4.6036,0.0000,0.0001

1632.3270,1.7807,4.6447,0.0000,0.0001

1633.3270,1.7811,4.6550,0.0000,0.0001

1634.3270,1.7811,4.6447,0.0000,0.0001

1635.3270,1.7817,4.6344,0.0000,0.0001

1636.3270,1.7809,4.6241,0.0000,0.0001

1637.3270,1.7811,4.6344,0.0000,0.0001

1638.3270,1.7815,4.6396,0.0000,0.0001

1639.3270,1.7813,4.6190,0.0000,0.0001

1640.3270,1.7803,4.6293,0.0000,0.0001

1641.3270,1.7815,4.6344,0.0000,0.0001

1642.3270,1.7813,4.6396,0.0000,0.0001

1643.3270,1.7775,4.5573,0.0000,0.0001

1644.3270,1.7761,4.6087,0.0000,0.0001

1645.3270,1.7759,4.6293,0.0000,0.0001

1646.3270,1.7769,4.6499,0.0000,0.0001

1647.3270,1.7775,4.6499,0.0000,0.0001

1648.3270,1.7777,4.6447,0.0000,0.0001

1649.3270,1.7771,4.6036,0.0000,0.0001

1650.3270,1.7781,4.6550,0.0000,0.0001

1651.3270,1.7779,4.6293,0.0000,0.0001

1652.3270,1.7775,4.6293,0.0000,0.0001

1653.3280,1.7799,4.6190,0.0000,0.0001

1654.3270,1.7809,4.6344,0.0000,0.0001

1655.3270,1.7791,4.5830,0.0000,0.0001

1656.3270,1.7793,4.6550,0.0000,0.0001

1657.3280,1.7795,4.6550,0.0000,0.0001

1658.3270,1.7795,4.6447,0.0000,0.0001

1659.3270,1.7809,4.6396,0.0000,0.0001

1660.3270,1.7795,4.6190,0.0000,0.0001

1661.3270,1.7797,4.6344,0.0000,0.0001

1662.3270,1.7799,4.6344,0.0000,0.0001

1663.3270,1.7815,4.6602,0.0000,0.0001

1664.3280,1.7811,4.6241,0.0000,0.0001

1665.3280,1.7861,4.7116,0.0000,0.0001

1666.3280,1.7833,4.5830,0.0000,0.0001

1667.3270,1.7831,4.6499,0.0000,0.0001

1668.3270,1.7823,4.6241,0.0000,0.0001

1669.3270,1.7821,4.6344,0.0000,0.0001

1670.3270,1.7849,4.6910,0.0000,0.0001

1671.3270,1.7857,4.6550,0.0000,0.0001

1672.3270,1.7845,4.6036,0.0000,0.0001

1673.3270,1.7859,4.6962,0.0000,0.0001

1674.3270,1.7874,4.6653,0.0000,0.0001

1675.3270,1.7789,4.4904,0.0000,0.0001

1676.3270,1.7811,4.6396,0.0000,0.0001

1677.3270,1.7817,4.6653,0.0000,0.0001

1678.3270,1.7841,4.6859,0.0000,0.0001

1679.3280,1.7851,4.6602,0.0000,0.0001

1680.3270,1.7819,4.6087,0.0000,0.0001

1681.3270,1.7805,4.6190,0.0000,0.0001

1682.3270,1.7807,4.6087,0.0000,0.0001

1683.3270,1.7779,4.6241,0.0000,0.0001

1684.3270,1.7783,4.6756,0.0000,0.0001

1685.3270,1.7829,4.6087,0.0000,0.0001

1686.3270,1.7831,4.6447,0.0000,0.0001

1687.3270,1.7813,4.6190,0.0000,0.0001

1688.3270,1.7773,4.5830,0.0000,0.0001

1689.3280,1.7761,4.6293,0.0000,0.0001

1690.3270,1.7765,4.6190,0.0000,0.0001

1691.3270,1.7757,4.5984,0.0000,0.0001

1692.3280,1.7763,4.6241,0.0000,0.0001

1693.3270,1.7765,4.6293,0.0000,0.0001

1694.3270,1.7741,4.6138,0.0000,0.0001

1695.3270,1.7757,4.6499,0.0000,0.0001

1696.3270,1.7761,4.6550,0.0000,0.0001

1697.3270,1.7779,4.6653,0.0000,0.0001

1698.3270,1.7799,4.6344,0.0000,0.0001

1699.3270,1.7799,4.6293,0.0000,0.0001

1700.3270,1.7803,4.6293,0.0000,0.0001

1701.3270,1.7819,4.6396,0.0000,0.0001

1702.3270,1.7827,4.6447,0.0000,0.0001

1703.3270,1.7817,4.6036,0.0000,0.0001

1704.3270,1.7825,4.6344,0.0000,0.0001

1705.3270,1.7817,4.6293,0.0000,0.0001

1706.3270,1.7799,4.6087,0.0000,0.0001

1707.3270,1.7785,4.6293,0.0000,0.0001

1708.3270,1.7783,4.6293,0.0000,0.0001

1709.3270,1.7775,4.6087,0.0000,0.0001

1710.3270,1.7779,4.6396,0.0000,0.0001

1711.3270,1.7769,4.6138,0.0000,0.0001

1712.3270,1.7765,4.6344,0.0000,0.0001

1713.3270,1.7771,4.6190,0.0000,0.0002

1714.3270,1.7771,4.6344,0.0000,0.0001

1715.3270,1.7773,4.6344,0.0000,0.0001

1716.3270,1.7779,4.6241,0.0000,0.0001

1717.3270,1.7791,4.6602,0.0000,0.0001

1718.3270,1.7795,4.6396,0.0000,0.0001

1719.3270,1.7799,4.6190,0.0000,0.0001

1720.3270,1.7785,4.6036,0.0000,0.0001

1721.3270,1.7769,4.5727,0.0000,0.0001

1722.3270,1.7769,4.6344,0.0000,0.0001

1723.3270,1.7763,4.6036,0.0000,0.0001

1724.3270,1.7761,4.6293,0.0000,0.0001

1725.3270,1.7753,4.6138,0.0000,0.0001

1726.3280,1.7769,4.6653,0.0000,0.0001

1727.3270,1.7771,4.6653,0.0000,0.0001

1728.3270,1.7759,4.6087,0.0000,0.0001

1729.3270,1.7773,4.6550,0.0000,0.0001

1730.3270,1.7773,4.6036,0.0000,0.0001

1731.3270,1.7803,4.6499,0.0000,0.0001

1732.3270,1.7795,4.6138,0.0000,0.0001

1733.3270,1.7803,4.6241,0.0000,0.0001

1734.3270,1.7787,4.5881,0.0000,0.0001

1735.3280,1.7813,4.6807,0.0000,0.0001

1736.3270,1.7809,4.6550,0.0000,0.0001

1737.3280,1.7777,4.5830,0.0000,0.0001

1738.3270,1.7783,4.6241,0.0000,0.0001

1739.3270,1.7773,4.6293,0.0000,0.0001

1740.3270,1.7783,4.6293,0.0000,0.0001

1741.3270,1.7793,4.6756,0.0000,0.0001

1742.3270,1.7797,4.6241,0.0000,0.0001

1743.3270,1.7797,4.6241,0.0000,0.0001

1744.3270,1.7811,4.6241,0.0000,0.0001

1745.3270,1.7791,4.6293,0.0000,0.0001

1746.3270,1.7789,4.6499,0.0000,0.0001

1747.3270,1.7823,4.6704,0.0000,0.0001

1748.3270,1.7823,4.6241,0.0000,0.0001

1749.3270,1.7825,4.6344,0.0000,0.0001

1750.3270,1.7821,4.6190,0.0000,0.0001

1751.3270,1.7803,4.6293,0.0000,0.0001

1752.3270,1.7797,4.6087,0.0000,0.0001

1753.3270,1.7801,4.6344,0.0000,0.0001

1754.3270,1.7813,4.6550,0.0000,0.0001

1755.3270,1.7817,4.6396,0.0000,0.0001

1756.3270,1.7809,4.6293,0.0000,0.0001

1757.3270,1.7795,4.6344,0.0000,0.0001

1758.3280,1.7801,4.6396,0.0000,0.0001

1759.3270,1.7787,4.5984,0.0000,0.0001

1760.3270,1.7801,4.6550,0.0000,0.0001

1761.3270,1.7809,4.6499,0.0000,0.0001

1762.3270,1.7821,4.6396,0.0000,0.0001

1763.3270,1.7825,4.6447,0.0000,0.0001

1764.3270,1.7819,4.6396,0.0000,0.0001

1765.3270,1.7821,4.6447,0.0000,0.0001

1766.3270,1.7831,4.6550,0.0000,0.0001

1767.3270,1.7829,4.6293,0.0000,0.0001

1768.3270,1.7827,4.6344,0.0000,0.0001

1769.3270,1.7853,4.6653,0.0000,0.0001

1770.3270,1.7835,4.6087,0.0000,0.0001

1771.3270,1.7827,4.6293,0.0000,0.0001

1772.3270,1.7823,4.6293,0.0000,0.0001

1773.3270,1.7819,4.6344,0.0000,0.0001

1774.3280,1.7799,4.5881,0.0000,0.0001

1775.3270,1.7807,4.6653,0.0000,0.0001

1776.3280,1.7805,4.6499,0.0000,0.0001

1777.3270,1.7807,4.6344,0.0000,0.0001

1778.3270,1.7817,4.6602,0.0000,0.0001

1779.3270,1.7803,4.6293,0.0000,0.0001

1780.3270,1.7805,4.6138,0.0000,0.0001

1781.3270,1.7807,4.6344,0.0000,0.0001

1782.3280,1.7799,4.6087,0.0000,0.0001

1783.3270,1.7803,4.6447,0.0000,0.0001

1784.3270,1.7817,4.6241,0.0000,0.0001

1785.3270,1.7819,4.6704,0.0000,0.0001

1786.3270,1.7807,4.6190,0.0000,0.0001

1787.3280,1.7811,4.6447,0.0000,0.0001

1788.3270,1.7797,4.6241,0.0000,0.0001

1789.3280,1.7793,4.6190,0.0000,0.0001

1790.3270,1.7813,4.6653,0.0000,0.0001

1791.3270,1.7819,4.6499,0.0000,0.0001

1792.3270,1.7827,4.6293,0.0000,0.0001

1793.3270,1.7813,4.6087,0.0000,0.0001

1794.3270,1.7807,4.6087,0.0000,0.0001

1795.3270,1.7793,4.6344,0.0000,0.0001

1796.3270,1.7789,4.6087,0.0000,0.0001

1797.3270,1.7789,4.6447,0.0000,0.0001

1798.3270,1.7791,4.6293,0.0000,0.0001

1799.3270,1.7787,4.6087,0.0000,0.0001

1800.3280,1.7765,4.6087,0.0000,0.0001

1801.3280,1.7771,4.6653,0.0000,0.0001

1802.3270,1.7767,4.6190,0.0000,0.0001

1803.3270,1.7771,4.6190,0.0000,0.0001

1804.3270,1.7779,4.6293,0.0000,0.0001

1805.3270,1.7775,4.6241,0.0000,0.0001

1806.3270,1.7787,4.6396,0.0000,0.0001

1807.3270,1.7777,4.6190,0.0000,0.0001

1808.3270,1.7779,4.6344,0.0000,0.0001

1809.3270,1.7789,4.6344,0.0000,0.0001

1810.3270,1.7807,4.6550,0.0000,0.0001

1811.3270,1.7793,4.6293,0.0000,0.0001

1812.3270,1.7803,4.6447,0.0000,0.0001

1813.3270,1.7807,4.6293,0.0000,0.0001

1814.3270,1.7797,4.6036,0.0000,0.0001

1815.3270,1.7805,4.6447,0.0000,0.0001

1816.3280,1.7809,4.6499,0.0000,0.0001

1817.3270,1.7811,4.6241,0.0000,0.0001

1818.3270,1.7795,4.5933,0.0000,0.0001

1819.3270,1.7785,4.6087,0.0000,0.0001

1820.3270,1.7771,4.6190,0.0000,0.0001

1821.3270,1.7773,4.6344,0.0000,0.0001

1822.3270,1.7777,4.6550,0.0000,0.0001

1823.3270,1.7775,4.6241,0.0000,0.0001

1824.3270,1.7789,4.6396,0.0000,0.0001

1825.3270,1.7783,4.6293,0.0000,0.0001

1826.3270,1.7779,4.6396,0.0000,0.0001

1827.3270,1.7779,4.6241,0.0000,0.0001

1828.3270,1.7793,4.6293,0.0000,0.0001

1829.3270,1.7799,4.6241,0.0000,0.0001

1830.3270,1.7817,4.6653,0.0000,0.0001

1831.3270,1.7805,4.6036,0.0000,0.0001

1832.3270,1.7797,4.6344,0.0000,0.0001

1833.3270,1.7827,4.7013,0.0000,0.0001

1834.3270,1.7841,4.6756,0.0000,0.0001

1835.3270,1.7845,4.6396,0.0000,0.0001

1836.3270,1.7843,4.6344,0.0000,0.0001

1837.3270,1.7855,4.6550,0.0000,0.0001

1838.3280,1.7857,4.6344,0.0000,0.0001

1839.3270,1.7863,4.6396,0.0000,0.0001

1840.3270,1.7849,4.6293,0.0000,0.0001

1841.3270,1.7859,4.6293,0.0000,0.0001

1842.3270,1.7863,4.6447,0.0000,0.0001

1843.3270,1.7817,4.5830,0.0000,0.0001

1844.3270,1.7805,4.6447,0.0000,0.0001

1845.3270,1.7795,4.6138,0.0000,0.0001

1846.3270,1.7783,4.6036,0.0000,0.0001

1847.3270,1.7777,4.6396,0.0000,0.0001

1848.3280,1.7823,4.7528,0.0000,0.0001

1849.3270,1.7825,4.6447,0.0000,0.0001

1850.3270,1.7817,4.6087,0.0000,0.0001

1851.3270,1.7815,4.6241,0.0000,0.0001

1852.3270,1.7813,4.6396,0.0000,0.0001

1853.3270,1.7868,4.7270,0.0000,0.0001

1854.3270,1.7865,4.6344,0.0000,0.0001

1855.3280,1.7866,4.6190,0.0000,0.0001

1856.3270,1.7892,4.6704,0.0000,0.0001

1857.3270,1.7890,4.6344,0.0000,0.0001

1858.3270,1.7835,4.6087,0.0000,0.0001

1859.3270,1.7809,4.5778,0.0000,0.0001

1860.3270,1.7811,4.6138,0.0000,0.0001

1861.3270,1.7801,4.5984,0.0000,0.0001

1862.3270,1.7783,4.5933,0.0000,0.0001

1863.3270,1.7735,4.6036,0.0000,0.0001

1864.3270,1.7753,4.6807,0.0000,0.0001

1865.3270,1.7759,4.6344,0.0000,0.0001

1866.3270,1.7749,4.6447,0.0000,0.0001

1867.3270,1.7741,4.6138,0.0000,0.0001

1868.3270,1.7749,4.6293,0.0000,0.0001

1869.3270,1.7763,4.6138,0.0000,0.0001

1870.3270,1.7783,4.6653,0.0000,0.0001

1871.3270,1.7791,4.6190,0.0000,0.0001

1872.3270,1.7795,4.6036,0.0000,0.0001

1873.3270,1.7821,4.6704,0.0000,0.0001

1874.3270,1.7793,4.6087,0.0000,0.0001

1875.3270,1.7795,4.6396,0.0000,0.0001

1876.3270,1.7797,4.6499,0.0000,0.0001

1877.3280,1.7801,4.6241,0.0000,0.0001

1878.3270,1.7797,4.6190,0.0000,0.0001

1879.3280,1.7811,4.6499,0.0000,0.0001

1880.3270,1.7801,4.6396,0.0000,0.0001

1881.3270,1.7813,4.6499,0.0000,0.0001

1882.3270,1.7803,4.5778,0.0000,0.0001

1883.3270,1.7783,4.6190,0.0000,0.0001

1884.3270,1.7781,4.6036,0.0000,0.0001

1885.3270,1.7773,4.6190,0.0000,0.0001

1886.3270,1.7779,4.6653,0.0000,0.0001

1887.3270,1.7793,4.6602,0.0000,0.0001

1888.3270,1.7795,4.6241,0.0000,0.0001

1889.3270,1.7785,4.6241,0.0000,0.0001

1890.3270,1.7771,4.6036,0.0000,0.0001

1891.3270,1.7743,4.5778,0.0000,0.0001

1892.3270,1.7759,4.6190,0.0000,0.0001

1893.3270,1.7757,4.6138,0.0000,0.0001

1894.3270,1.7771,4.6396,0.0000,0.0001

1895.3280,1.7777,4.6344,0.0000,0.0001

1896.3270,1.7767,4.6396,0.0000,0.0001

1897.3270,1.7755,4.6293,0.0000,0.0001

1898.3270,1.7763,4.6447,0.0000,0.0001

1899.3270,1.7759,4.6138,0.0000,0.0001

1900.3270,1.7765,4.6190,0.0000,0.0001

1901.3270,1.7785,4.6293,0.0000,0.0001

1902.3270,1.7801,4.6602,0.0000,0.0001

1903.3270,1.7793,4.5933,0.0000,0.0001

1904.3270,1.7781,4.6087,0.0000,0.0001

1905.3270,1.7779,4.6293,0.0000,0.0001

1906.3270,1.7777,4.6344,0.0000,0.0001

1907.3270,1.7761,4.5881,0.0000,0.0001

1908.3270,1.7751,4.6190,0.0000,0.0001

1909.3270,1.7751,4.6138,0.0000,0.0001

1910.3270,1.7755,4.6293,0.0000,0.0001

1911.3270,1.7765,4.6550,0.0000,0.0001

1912.3270,1.7743,4.6036,0.0000,0.0001

1913.3270,1.7757,4.6293,0.0000,0.0001

1914.3270,1.7763,4.6241,0.0000,0.0001

1915.3270,1.7763,4.6293,0.0000,0.0001

1916.3270,1.7757,4.6190,0.0000,0.0001

1917.3270,1.7779,4.6447,0.0000,0.0001

1918.3270,1.7779,4.6190,0.0000,0.0001

1919.3280,1.7797,4.6602,0.0000,0.0001

1920.3270,1.7795,4.6241,0.0000,0.0001

1921.3280,1.7787,4.6344,0.0000,0.0001

1922.3270,1.7803,4.6447,0.0000,0.0001

1923.3270,1.7801,4.6241,0.0000,0.0001

1924.3270,1.7807,4.6396,0.0000,0.0001

1925.3270,1.7815,4.6499,0.0000,0.0001

1926.3270,1.7819,4.6293,0.0000,0.0001

1927.3270,1.7817,4.6396,0.0000,0.0001

1928.3270,1.7813,4.6087,0.0000,0.0001

1929.3270,1.7801,4.6293,0.0000,0.0001

1930.3270,1.7823,4.6807,0.0000,0.0001

1931.3270,1.7825,4.6396,0.0000,0.0001

1932.3270,1.7827,4.6499,0.0000,0.0001

1933.3280,1.7829,4.6293,0.0000,0.0001

1934.3270,1.7825,4.6293,0.0000,0.0001

1935.3270,1.7823,4.6447,0.0000,0.0001

1936.3270,1.7809,4.5933,0.0000,0.0001

1937.3270,1.7813,4.6499,0.0000,0.0001

1938.3280,1.7799,4.5727,0.0000,0.0001

1939.3270,1.7793,4.6138,0.0000,0.0001

1940.3270,1.7769,4.6190,0.0000,0.0001

1941.3270,1.7761,4.6190,0.0000,0.0001

1942.3270,1.7749,4.6190,0.0000,0.0001

1943.3270,1.7755,4.6447,0.0000,0.0001

1944.3270,1.7767,4.6602,0.0000,0.0001

1945.3270,1.7759,4.6241,0.0000,0.0001

1946.3270,1.7765,4.6087,0.0000,0.0001

1947.3270,1.7761,4.6396,0.0000,0.0001

1948.3270,1.7783,4.6293,0.0000,0.0001

1949.3270,1.7783,4.6138,0.0000,0.0001

1950.3280,1.7791,4.6396,0.0000,0.0001

1951.3270,1.7805,4.6550,0.0000,0.0001

1952.3270,1.7809,4.6293,0.0000,0.0001

1953.3280,1.7813,4.6550,0.0000,0.0001

1954.3270,1.7803,4.6344,0.0000,0.0001

1955.3270,1.7801,4.6190,0.0000,0.0001

1956.3270,1.7819,4.6550,0.0000,0.0001

1957.3280,1.7809,4.6138,0.0000,0.0001

1958.3270,1.7797,4.5984,0.0000,0.0001

1959.3270,1.7809,4.6447,0.0000,0.0001

1960.3270,1.7811,4.6447,0.0000,0.0001

1961.3270,1.7793,4.6087,0.0000,0.0001

1962.3270,1.7779,4.5933,0.0000,0.0001

1963.3270,1.7771,4.6344,0.0000,0.0001

1964.3270,1.7773,4.6396,0.0000,0.0001

1965.3270,1.7773,4.6190,0.0000,0.0001

1966.3270,1.7757,4.6138,0.0000,0.0001

1967.3270,1.7757,4.6138,0.0000,0.0001

1968.3270,1.7769,4.6293,0.0000,0.0001

1969.3280,1.7743,4.5778,0.0000,0.0001

1970.3270,1.7733,4.6190,0.0000,0.0001

1971.3270,1.7737,4.6190,0.0000,0.0001

1972.3270,1.7743,4.6087,0.0000,0.0001

1973.3270,1.7743,4.6344,0.0000,0.0001

1974.3270,1.7737,4.6241,0.0000,0.0001

1975.3270,1.7761,4.6807,0.0000,0.0001

1976.3280,1.7773,4.6447,0.0000,0.0001

1977.3270,1.7789,4.6550,0.0000,0.0001

1978.3270,1.7779,4.6036,0.0000,0.0001

1979.3270,1.7805,4.6447,0.0000,0.0001

1980.3270,1.7811,4.6344,0.0000,0.0001

1981.3270,1.7815,4.6293,0.0000,0.0001

1982.3270,1.7819,4.6190,0.0000,0.0001

1983.3270,1.7825,4.6499,0.0000,0.0001

1984.3280,1.7825,4.6241,0.0000,0.0001

1985.3270,1.7807,4.6344,0.0000,0.0001

1986.3270,1.7805,4.6396,0.0000,0.0001

1987.3270,1.7799,4.6396,0.0000,0.0001

1988.3270,1.7809,4.6293,0.0000,0.0001

1989.3270,1.7801,4.6241,0.0000,0.0001

1990.3280,1.7795,4.6190,0.0000,0.0001

1991.3270,1.7783,4.5984,0.0000,0.0001

1992.3280,1.7771,4.5881,0.0000,0.0001

1993.3280,1.7759,4.6190,0.0000,0.0001

1994.3270,1.7737,4.5675,0.0000,0.0001

1995.3280,1.7729,4.6138,0.0000,0.0001

1996.3270,1.7737,4.6602,0.0000,0.0001

1997.3270,1.7714,4.5778,0.0000,0.0001

1998.3280,1.7722,4.6499,0.0000,0.0001

1999.3270,1.7725,4.6344,0.0000,0.0001

2000.3270,1.7723,4.6138,0.0000,0.0001

2001.3270,1.7737,4.6344,0.0000,0.0001

2002.3280,1.7753,4.6293,0.0000,0.0001

2003.3270,1.7745,4.5984,0.0000,0.0001

2004.3280,1.7765,4.6190,0.0000,0.0001

2005.3270,1.7751,4.5778,0.0000,0.0001

2006.3270,1.7741,4.6344,0.0000,0.0001

2007.3270,1.7779,4.6756,0.0000,0.0001

2008.3270,1.7773,4.6344,0.0000,0.0001

2009.3270,1.7771,4.6293,0.0000,0.0001

2010.3280,1.7773,4.6190,0.0000,0.0001

2011.3270,1.7773,4.6344,0.0000,0.0001

2012.3270,1.7749,4.5675,0.0000,0.0001

2013.3270,1.7771,4.6550,0.0000,0.0001

2014.3270,1.7773,4.6241,0.0000,0.0001

2015.3270,1.7783,4.6036,0.0000,0.0001

2016.3280,1.7775,4.6138,0.0000,0.0001

2017.3270,1.7769,4.6602,0.0000,0.0001

2018.3270,1.7765,4.6241,0.0000,0.0001

2019.3270,1.7767,4.6344,0.0000,0.0001

2020.3280,1.7757,4.5933,0.0000,0.0001

2021.3270,1.7759,4.6396,0.0000,0.0001

2022.3270,1.7787,4.6396,0.0000,0.0001

2023.3270,1.7787,4.6550,0.0000,0.0001

2024.3270,1.7791,4.6344,0.0000,0.0001

2025.3270,1.7809,4.6499,0.0000,0.0001

2026.3270,1.7811,4.6190,0.0000,0.0001

2027.3270,1.7799,4.6293,0.0000,0.0001

2028.3270,1.7801,4.6293,0.0000,0.0001

2029.3270,1.7803,4.6396,0.0000,0.0001

2030.3270,1.7831,4.6653,0.0000,0.0001

2031.3270,1.7821,4.6138,0.0000,0.0001

2032.3270,1.7827,4.6550,0.0000,0.0001

2033.3270,1.7805,4.5984,0.0000,0.0001

2034.3270,1.7811,4.6499,0.0000,0.0001

2035.3270,1.7801,4.6241,0.0000,0.0001

2036.3270,1.7823,4.6756,0.0000,0.0001

2037.3280,1.7821,4.6241,0.0000,0.0001

2038.3270,1.7811,4.6036,0.0000,0.0001

2039.3270,1.7793,4.5933,0.0000,0.0001

2040.3270,1.7811,4.7116,0.0000,0.0001

2041.3270,1.7817,4.6293,0.0000,0.0001

2042.3270,1.7803,4.6190,0.0000,0.0001

2043.3270,1.7813,4.6241,0.0000,0.0001

2044.3270,1.7811,4.6447,0.0000,0.0001

2045.3270,1.7807,4.6138,0.0000,0.0001

2046.3270,1.7795,4.6447,0.0000,0.0001

2047.3270,1.7795,4.6241,0.0000,0.0001

2048.3270,1.7795,4.6036,0.0000,0.0001

2049.3270,1.7815,4.6447,0.0000,0.0001

2050.3270,1.7803,4.6807,0.0000,0.0001

2051.3270,1.7801,4.6241,0.0000,0.0001

2052.3270,1.7805,4.6293,0.0000,0.0001

2053.3270,1.7805,4.6241,0.0000,0.0001

2054.3270,1.7813,4.6653,0.0000,0.0001

2055.3270,1.7817,4.6241,0.0000,0.0001

2056.3270,1.7819,4.6499,0.0000,0.0001

2057.3270,1.7811,4.6036,0.0000,0.0001

2058.3270,1.7823,4.6344,0.0000,0.0001

2059.3280,1.7821,4.6396,0.0000,0.0001

2060.3270,1.7797,4.6190,0.0000,0.0001

2061.3270,1.7795,4.6190,0.0000,0.0001

2062.3270,1.7793,4.6241,0.0000,0.0001

2063.3270,1.7797,4.6344,0.0000,0.0001

2064.3270,1.7781,4.6241,0.0000,0.0001

2065.3270,1.7783,4.6293,0.0000,0.0001

2066.3270,1.7769,4.6138,0.0000,0.0001

2067.3270,1.7785,4.6447,0.0000,0.0001

2068.3270,1.7777,4.6138,0.0000,0.0001

2069.3280,1.7767,4.6138,0.0000,0.0001

2070.3270,1.7767,4.6190,0.0000,0.0001

2071.3270,1.7769,4.6241,0.0000,0.0001

2072.3270,1.7771,4.6293,0.0000,0.0001

2073.3270,1.7765,4.6190,0.0000,0.0001

2074.3270,1.7763,4.6190,0.0000,0.0001

2075.3270,1.7761,4.6241,0.0000,0.0001

2076.3270,1.7773,4.6447,0.0000,0.0001

2077.3270,1.7769,4.6344,0.0000,0.0001

2078.3270,1.7779,4.6396,0.0000,0.0001

2079.3270,1.7777,4.6087,0.0000,0.0001

2080.3270,1.7783,4.6344,0.0000,0.0001

2081.3270,1.7781,4.6190,0.0000,0.0001

2082.3270,1.7781,4.6293,0.0000,0.0001

2083.3270,1.7797,4.6602,0.0000,0.0001

2084.3280,1.7815,4.6653,0.0000,0.0001

2085.3270,1.7817,4.6293,0.0000,0.0001

2086.3270,1.7809,4.6241,0.0000,0.0001

2087.3270,1.7813,4.6447,0.0000,0.0001

2088.3270,1.7803,4.6138,0.0000,0.0001

2089.3270,1.7809,4.6241,0.0000,0.0001

2090.3270,1.7799,4.6087,0.0000,0.0001

2091.3280,1.7801,4.6241,0.0000,0.0001

2092.3270,1.7785,4.5881,0.0000,0.0001

2093.3270,1.7765,4.6087,0.0000,0.0001

2094.3270,1.7759,4.6499,0.0000,0.0001

2095.3270,1.7761,4.6344,0.0000,0.0001

2096.3270,1.7765,4.6344,0.0000,0.0001

2097.3270,1.7767,4.6499,0.0000,0.0001

2098.3270,1.7777,4.6396,0.0000,0.0001

2099.3270,1.7781,4.6344,0.0000,0.0001

2100.3270,1.7803,4.6653,0.0000,0.0001

2101.3270,1.7811,4.6447,0.0000,0.0001

2102.3270,1.7819,4.6087,0.0000,0.0001

2103.3270,1.7827,4.6293,0.0000,0.0001

2104.3270,1.7813,4.6138,0.0000,0.0001

2105.3270,1.7823,4.6602,0.0000,0.0001

2106.3270,1.7825,4.6396,0.0000,0.0001

2107.3270,1.7813,4.6190,0.0000,0.0001

2108.3270,1.7817,4.6499,0.0000,0.0001

2109.3270,1.7819,4.6396,0.0000,0.0001

2110.3270,1.7795,4.6036,0.0000,0.0001

2111.3270,1.7793,4.6396,0.0000,0.0001

2112.3280,1.7801,4.6293,0.0000,0.0001

2113.3270,1.7815,4.6653,0.0000,0.0001

2114.3270,1.7811,4.6036,0.0000,0.0001

2115.3270,1.7799,4.6293,0.0000,0.0001

2116.3270,1.7791,4.6190,0.0000,0.0001

2117.3270,1.7795,4.6293,0.0000,0.0001

2118.3280,1.7775,4.5984,0.0000,0.0001

2119.3270,1.7761,4.6036,0.0000,0.0001

2120.3270,1.7787,4.6704,0.0000,0.0001

2121.3270,1.7789,4.6447,0.0000,0.0001

2122.3280,1.7783,4.6138,0.0000,0.0001

2123.3270,1.7775,4.6447,0.0000,0.0001

2124.3270,1.7785,4.6293,0.0000,0.0001

2125.3270,1.7771,4.5933,0.0000,0.0001

2126.3270,1.7781,4.6447,0.0000,0.0001

2127.3280,1.7775,4.6138,0.0000,0.0001

2128.3270,1.7791,4.6396,0.0000,0.0001

2129.3270,1.7811,4.6550,0.0000,0.0001

2130.3270,1.7793,4.6241,0.0000,0.0001

2131.3270,1.7785,4.6241,0.0000,0.0001

2132.3270,1.7797,4.6447,0.0000,0.0001

2133.3270,1.7787,4.6190,0.0000,0.0001

2134.3270,1.7781,4.6138,0.0000,0.0001

2135.3270,1.7791,4.6190,0.0000,0.0001

2136.3270,1.7787,4.6344,0.0000,0.0001

2137.3270,1.7777,4.5881,0.0000,0.0001

2138.3270,1.7787,4.6653,0.0000,0.0001

2139.3270,1.7779,4.6344,0.0000,0.0001

2140.3270,1.7775,4.6138,0.0000,0.0001

2141.3270,1.7761,4.5881,0.0000,0.0001

2142.3270,1.7759,4.6396,0.0000,0.0001

2143.3270,1.7771,4.6499,0.0000,0.0001

2144.3270,1.7785,4.6499,0.0000,0.0001

2145.3270,1.7801,4.6602,0.0000,0.0001

2146.3270,1.7795,4.6190,0.0000,0.0001

2147.3270,1.7797,4.5933,0.0000,0.0001

2148.3270,1.7779,4.6190,0.0000,0.0001

2149.3270,1.7789,4.6602,0.0000,0.0001

2150.3270,1.7805,4.6550,0.0000,0.0001

2151.3270,1.7811,4.6036,0.0000,0.0001

2152.3270,1.7843,4.7219,0.0000,0.0001

2153.3270,1.7845,4.6550,0.0000,0.0001

2154.3270,1.7827,4.6036,0.0000,0.0001

2155.3270,1.7805,4.6036,0.0000,0.0001

2156.3270,1.7795,4.5933,0.0000,0.0001

2157.3270,1.7815,4.6447,0.0000,0.0001

2158.3270,1.7829,4.6550,0.0000,0.0001

2159.3270,1.7813,4.6190,0.0000,0.0001

2160.3270,1.7817,4.6653,0.0000,0.0001

2161.3270,1.7831,4.6396,0.0000,0.0001

2162.3270,1.7789,4.6138,0.0000,0.0001

2163.3270,1.7781,4.6344,0.0000,0.0001

2164.3270,1.7797,4.6447,0.0000,0.0001

2165.3270,1.7811,4.6396,0.0000,0.0001

2166.3270,1.7813,4.5984,0.0000,0.0001

2167.3270,1.7799,4.6087,0.0000,0.0001

2168.3270,1.7785,4.6190,0.0000,0.0001

2169.3270,1.7785,4.6190,0.0000,0.0001

2170.3280,1.7759,4.5984,0.0000,0.0001

2171.3270,1.7771,4.6704,0.0000,0.0001

2172.3270,1.7773,4.6190,0.0000,0.0001

2173.3270,1.7763,4.6087,0.0000,0.0001

2174.3270,1.7749,4.6087,0.0000,0.0001

2175.3280,1.7757,4.6602,0.0000,0.0001

2176.3270,1.7765,4.6190,0.0000,0.0001

2177.3270,1.7779,4.6447,0.0000,0.0001

2178.3270,1.7793,4.6550,0.0000,0.0001

2179.3270,1.7765,4.5470,0.0000,0.0001

2180.3270,1.7773,4.6190,0.0000,0.0001

2181.3270,1.7777,4.6807,0.0000,0.0001

2182.3270,1.7777,4.6190,0.0000,0.0001

2183.3270,1.7787,4.6344,0.0000,0.0001

2184.3270,1.7791,4.6190,0.0000,0.0001

2185.3270,1.7777,4.6241,0.0000,0.0001

2186.3270,1.7759,4.5727,0.0000,0.0001

2187.3270,1.7755,4.6344,0.0000,0.0001

2188.3270,1.7745,4.6293,0.0000,0.0001

2189.3280,1.7795,4.6756,0.0000,0.0001

2190.3270,1.7797,4.6241,0.0000,0.0001

2191.3270,1.7775,4.6241,0.0000,0.0001

2192.3270,1.7781,4.6344,0.0000,0.0001

2193.3270,1.7777,4.6241,0.0000,0.0001

2194.3270,1.7777,4.6190,0.0000,0.0001

2195.3270,1.7789,4.6550,0.0000,0.0001

2196.3270,1.7795,4.5881,0.0000,0.0001

2197.3270,1.7793,4.6293,0.0000,0.0001

2198.3270,1.7793,4.6293,0.0000,0.0001

2199.3270,1.7785,4.6550,0.0000,0.0001

2200.3270,1.7795,4.6499,0.0000,0.0001

2201.3270,1.7797,4.6293,0.0000,0.0001

2202.3270,1.7815,4.6807,0.0000,0.0001

2203.3270,1.7813,4.6190,0.0000,0.0001

2204.3270,1.7823,4.6447,0.0000,0.0001

2205.3270,1.7821,4.6499,0.0000,0.0001

2206.3270,1.7833,4.6190,0.0000,0.0001

2207.3270,1.7827,4.6138,0.0000,0.0001

2208.3270,1.7831,4.6396,0.0000,0.0001

2209.3270,1.7817,4.6190,0.0000,0.0001

2210.3270,1.7807,4.6241,0.0000,0.0001

2211.3280,1.7801,4.6138,0.0000,0.0001

2212.3270,1.7781,4.6293,0.0000,0.0001

2213.3270,1.7785,4.6293,0.0000,0.0001

2214.3270,1.7791,4.6602,0.0000,0.0001

2215.3270,1.7787,4.6396,0.0000,0.0001

2216.3270,1.7797,4.6447,0.0000,0.0001

2217.3270,1.7797,4.6138,0.0000,0.0001

2218.3270,1.7799,4.6447,0.0000,0.0001

2219.3270,1.7805,4.6344,0.0000,0.0001

2220.3270,1.7823,4.6704,0.0000,0.0001

2221.3270,1.7819,4.6036,0.0000,0.0001

2222.3280,1.7817,4.6241,0.0000,0.0001

2223.3270,1.7821,4.6396,0.0000,0.0001

2224.3270,1.7813,4.6396,0.0000,0.0001

2225.3270,1.7823,4.6653,0.0000,0.0001

2226.3270,1.7815,4.6241,0.0000,0.0001

2227.3270,1.7829,4.6499,0.0000,0.0001

2228.3280,1.7833,4.6550,0.0000,0.0001

2229.3270,1.7841,4.6550,0.0000,0.0001

2230.3270,1.7821,4.6190,0.0000,0.0001

2231.3270,1.7843,4.6602,0.0000,0.0001

2232.3270,1.7843,4.6241,0.0000,0.0001

2233.3270,1.7837,4.6241,0.0000,0.0001

2234.3270,1.7839,4.6447,0.0000,0.0001

2235.3270,1.7825,4.6293,0.0000,0.0001

2236.3270,1.7825,4.6241,0.0000,0.0001

2237.3270,1.7815,4.6241,0.0000,0.0001

2238.3270,1.7807,4.6344,0.0000,0.0001

2239.3270,1.7789,4.6087,0.0000,0.0001

2240.3270,1.7789,4.6190,0.0000,0.0001

2241.3270,1.7811,4.7168,0.0000,0.0001

2242.3270,1.7815,4.6344,0.0000,0.0001

2243.3270,1.7823,4.6447,0.0000,0.0001

2244.3280,1.7841,4.6910,0.0000,0.0001

2245.3270,1.7835,4.6138,0.0000,0.0001

2246.3270,1.7859,4.6859,0.0000,0.0001

2247.3270,1.7866,4.6447,0.0000,0.0001

2248.3270,1.7874,4.6550,0.0000,0.0001

2249.3270,1.7882,4.6293,0.0000,0.0001

2250.3270,1.7894,4.6499,0.0000,0.0001

2251.3270,1.7880,4.6807,0.0000,0.0001

2252.3270,1.7878,4.6293,0.0000,0.0001

2253.3270,1.7896,4.6910,0.0000,0.0001

2254.3270,1.7876,4.6396,0.0000,0.0001

2255.3270,1.7874,4.6087,0.0000,0.0001

2256.3270,1.7849,4.6190,0.0000,0.0001

2257.3280,1.7853,4.6550,0.0000,0.0001

2258.3270,1.7845,4.6344,0.0000,0.0001

2259.3270,1.7847,4.6344,0.0000,0.0001

2260.3270,1.7843,4.6396,0.0000,0.0001

2261.3270,1.7819,4.6190,0.0000,0.0001

2262.3270,1.7815,4.6190,0.0000,0.0001

2263.3270,1.7791,4.6293,0.0000,0.0001

2264.3270,1.7797,4.6550,0.0000,0.0001

2265.3280,1.7815,4.6550,0.0000,0.0001

2266.3280,1.7813,4.6138,0.0000,0.0001

2267.3270,1.7807,4.6396,0.0000,0.0001

2268.3270,1.7817,4.6602,0.0000,0.0001

2269.3270,1.7823,4.6499,0.0000,0.0001

2270.3270,1.7827,4.6499,0.0000,0.0001

2271.3270,1.7839,4.6499,0.0000,0.0001

2272.3270,1.7849,4.6447,0.0000,0.0001

2273.3270,1.7851,4.6344,0.0000,0.0001

2274.3270,1.7845,4.6396,0.0000,0.0001

2275.3270,1.7837,4.6344,0.0000,0.0001

2276.3270,1.7839,4.6190,0.0000,0.0001

2277.3270,1.7847,4.6602,0.0000,0.0001

2278.3270,1.7837,4.6344,0.0000,0.0001

2279.3270,1.7833,4.6396,0.0000,0.0001

2280.3270,1.7835,4.6550,0.0000,0.0001

2281.3270,1.7833,4.6447,0.0000,0.0001

2282.3270,1.7827,4.6293,0.0000,0.0001

2283.3270,1.7823,4.6241,0.0000,0.0001

2284.3270,1.7817,4.6241,0.0000,0.0001

2285.3270,1.7811,4.6190,0.0000,0.0001

2286.3270,1.7819,4.6396,0.0000,0.0001

2287.3270,1.7811,4.6396,0.0000,0.0001

2288.3270,1.7799,4.6036,0.0000,0.0001

2289.3270,1.7801,4.6447,0.0000,0.0001

2290.3270,1.7797,4.6447,0.0000,0.0001

2291.3270,1.7799,4.6499,0.0000,0.0001

2292.3270,1.7791,4.6087,0.0000,0.0001

2293.3270,1.7809,4.6704,0.0000,0.0001

2294.3270,1.7813,4.6344,0.0000,0.0001

2295.3270,1.7821,4.6396,0.0000,0.0001

2296.3270,1.7819,4.6344,0.0000,0.0001

2297.3270,1.7815,4.6293,0.0000,0.0001

2298.3280,1.7833,4.6499,0.0000,0.0001

2299.3270,1.7837,4.6550,0.0000,0.0001

2300.3270,1.7839,4.6499,0.0000,0.0001

2301.3280,1.7835,4.6396,0.0000,0.0001

2302.3280,1.7841,4.6241,0.0000,0.0001

2303.3270,1.7833,4.6499,0.0000,0.0001

2304.3270,1.7831,4.6293,0.0000,0.0001

2305.3280,1.7839,4.6602,0.0000,0.0001

2306.3270,1.7841,4.6396,0.0000,0.0001

2307.3270,1.7845,4.6396,0.0000,0.0001

2308.3270,1.7835,4.6241,0.0000,0.0001

2309.3270,1.7827,4.6344,0.0000,0.0001

2310.3270,1.7819,4.6293,0.0000,0.0001

2311.3270,1.7813,4.6241,0.0000,0.0001

2312.3270,1.7821,4.6447,0.0000,0.0001

2313.3280,1.7857,4.7425,0.0000,0.0001

2314.3270,1.7863,4.6447,0.0000,0.0001

2315.3270,1.7839,4.5984,0.0000,0.0001

2316.3270,1.7839,4.6396,0.0000,0.0001

2317.3270,1.7833,4.6241,0.0000,0.0001

2318.3270,1.7855,4.6807,0.0000,0.0001

2319.3270,1.7857,4.6396,0.0000,0.0001

2320.3270,1.7870,4.6653,0.0000,0.0001

2321.3270,1.7886,4.6653,0.0000,0.0001

2322.3270,1.7890,4.6550,0.0000,0.0001

2323.3270,1.7861,4.6653,0.0000,0.0001

2324.3270,1.7870,4.6704,0.0000,0.0001

2325.3280,1.7878,4.6190,0.0000,0.0001

2326.3270,1.7868,4.6138,0.0000,0.0001

2327.3270,1.7886,4.6704,0.0000,0.0001

2328.3270,1.7872,4.6447,0.0000,0.0001

2329.3270,1.7868,4.6293,0.0000,0.0001

2330.3270,1.7841,4.5933,0.0000,0.0001

2331.3270,1.7827,4.6293,0.0000,0.0001

2332.3270,1.7847,4.7065,0.0000,0.0001

2333.3270,1.7835,4.6344,0.0000,0.0001

2334.3270,1.7833,4.6653,0.0000,0.0001

2335.3280,1.7845,4.6499,0.0000,0.0001

2336.3270,1.7847,4.6190,0.0000,0.0001

2337.3270,1.7831,4.6293,0.0000,0.0001

2338.3270,1.7839,4.6653,0.0000,0.0001

2339.3270,1.7841,4.6344,0.0000,0.0001

2340.3270,1.7857,4.6344,0.0000,0.0001

2341.3270,1.7859,4.6344,0.0000,0.0001

2342.3270,1.7839,4.6550,0.0000,0.0001

2343.3270,1.7845,4.6499,0.0000,0.0001

2344.3270,1.7837,4.6447,0.0000,0.0001

2345.3270,1.7833,4.6396,0.0000,0.0001

2346.3270,1.7855,4.6756,0.0000,0.0001

2347.3270,1.7868,4.6653,0.0000,0.0001

2348.3270,1.7835,4.5778,0.0000,0.0001

2349.3270,1.7845,4.6602,0.0000,0.0001

2350.3270,1.7845,4.6344,0.0000,0.0001

2351.3270,1.7859,4.6704,0.0000,0.0001

2352.3270,1.7855,4.6447,0.0000,0.0001

2353.3270,1.7853,4.6447,0.0000,0.0001

2354.3270,1.7847,4.6293,0.0000,0.0001

2355.3270,1.7843,4.6293,0.0000,0.0001

2356.3280,1.7827,4.6344,0.0000,0.0001

2357.3270,1.7819,4.6447,0.0000,0.0001

2358.3280,1.7835,4.6190,0.0000,0.0001

2359.3280,1.7841,4.6756,0.0000,0.0001

2360.3270,1.7829,4.6036,0.0000,0.0001

2361.3270,1.7817,4.6396,0.0000,0.0001

2362.3270,1.7803,4.6087,0.0000,0.0001

2363.3270,1.7801,4.6396,0.0000,0.0001

2364.3270,1.7797,4.6190,0.0000,0.0001

2365.3270,1.7787,4.6036,0.0000,0.0001

2366.3280,1.7783,4.6241,0.0000,0.0001

2367.3270,1.7783,4.6447,0.0000,0.0001

2368.3270,1.7791,4.6396,0.0000,0.0001

2369.3270,1.7773,4.6293,0.0000,0.0001

2370.3280,1.7751,4.5470,0.0000,0.0001

2371.3270,1.7751,4.6396,0.0000,0.0001

2372.3270,1.7767,4.6499,0.0000,0.0001

2373.3270,1.7775,4.6602,0.0000,0.0001

2374.3270,1.7783,4.6396,0.0000,0.0001

2375.3270,1.7789,4.6190,0.0000,0.0001

2376.3270,1.7795,4.6396,0.0000,0.0001

2377.3270,1.7813,4.6910,0.0000,0.0001

2378.3280,1.7825,4.6704,0.0000,0.0001

2379.3270,1.7833,4.6499,0.0000,0.0001

2380.3270,1.7811,4.4904,0.0000,0.0001

2381.3270,1.7821,4.6653,0.0000,0.0001

2382.3270,1.7817,4.6396,0.0000,0.0001

2383.3270,1.7803,4.6241,0.0000,0.0001

2384.3270,1.7829,4.7065,0.0000,0.0001

2385.3270,1.7843,4.6550,0.0000,0.0001

2386.3270,1.7859,4.6807,0.0000,0.0001

2387.3270,1.7817,4.5830,0.0000,0.0001

2388.3270,1.7807,4.6447,0.0000,0.0001

2389.3270,1.7807,4.6499,0.0000,0.0001

2390.3270,1.7865,4.6396,0.0000,0.0001

2391.3270,1.7859,4.6499,0.0000,0.0001

2392.3270,1.7849,4.6138,0.0000,0.0001

2393.3270,1.7853,4.6344,0.0000,0.0001

2394.3270,1.7819,4.6190,0.0000,0.0001

2395.3270,1.7821,4.6602,0.0000,0.0001

2396.3270,1.7811,4.6550,0.0000,0.0001

2397.3270,1.7837,4.6499,0.0000,0.0001

2398.3270,1.7847,4.6704,0.0000,0.0001

2399.3270,1.7835,4.6190,0.0000,0.0001

2400.3270,1.7835,4.6396,0.0000,0.0001

2401.3270,1.7847,4.6807,0.0000,0.0001

2402.3270,1.7855,4.6344,0.0000,0.0001

2403.3270,1.7880,4.7013,0.0000,0.0001

2404.3270,1.7882,4.6241,0.0000,0.0001

2405.3270,1.7880,4.6550,0.0000,0.0001

2406.3280,1.7878,4.6499,0.0000,0.0001

2407.3280,1.7876,4.6447,0.0000,0.0001

2408.3270,1.7859,4.6241,0.0000,0.0001

2409.3270,1.7874,4.6602,0.0000,0.0001

2410.3270,1.7870,4.6293,0.0000,0.0001

2411.3270,1.7855,4.6396,0.0000,0.0001

2412.3270,1.7843,4.6036,0.0000,0.0001

2413.3270,1.7813,4.6241,0.0000,0.0001

2414.3270,1.7835,4.6807,0.0000,0.0001

2415.3270,1.7833,4.6499,0.0000,0.0001

2416.3270,1.7823,4.6241,0.0000,0.0001

2417.3270,1.7811,4.6138,0.0000,0.0001

2418.3270,1.7819,4.6447,0.0000,0.0001

2419.3270,1.7813,4.6447,0.0000,0.0001

2420.3270,1.7813,4.6293,0.0000,0.0001

2421.3270,1.7815,4.6447,0.0000,0.0001

2422.3270,1.7831,4.6447,0.0000,0.0001

2423.3270,1.7829,4.6190,0.0000,0.0001

2424.3270,1.7813,4.6396,0.0000,0.0001

2425.3270,1.7811,4.6447,0.0000,0.0001

2426.3270,1.7821,4.6499,0.0000,0.0001

2427.3270,1.7829,4.6344,0.0000,0.0001

2428.3270,1.7823,4.6293,0.0000,0.0001

2429.3270,1.7829,4.6602,0.0000,0.0001

2430.3270,1.7833,4.6396,0.0000,0.0001

2431.3270,1.7833,4.6447,0.0000,0.0001

2432.3270,1.7829,4.6344,0.0000,0.0001

2433.3270,1.7849,4.6704,0.0000,0.0001

2434.3270,1.7847,4.6344,0.0000,0.0001

2435.3270,1.7843,4.6344,0.0000,0.0001

2436.3280,1.7831,4.6190,0.0000,0.0001

2437.3270,1.7825,4.6190,0.0000,0.0001

2438.3280,1.7831,4.6447,0.0000,0.0001

2439.3270,1.7809,4.6036,0.0000,0.0001

2440.3280,1.7805,4.6293,0.0000,0.0001

2441.3270,1.7799,4.6293,0.0000,0.0001

2442.3270,1.7793,4.6190,0.0000,0.0001

2443.3270,1.7783,4.6447,0.0000,0.0001

2444.3280,1.7793,4.6602,0.0000,0.0001

2445.3270,1.7795,4.6396,0.0000,0.0001

2446.3270,1.7801,4.6344,0.0000,0.0001

2447.3270,1.7813,4.6499,0.0000,0.0001

2448.3270,1.7807,4.6293,0.0000,0.0001

2449.3270,1.7815,4.6241,0.0000,0.0001

2450.3270,1.7827,4.6602,0.0000,0.0001

2451.3270,1.7829,4.6344,0.0000,0.0001

2452.3270,1.7878,4.7476,0.0000,0.0001

2453.3270,1.7886,4.6653,0.0000,0.0001

2454.3270,1.7882,4.6499,0.0000,0.0001

2455.3270,1.7866,4.5984,0.0000,0.0001

2456.3270,1.7866,4.6344,0.0000,0.0001

2457.3270,1.7872,4.6653,0.0000,0.0001

2458.3270,1.7874,4.6344,0.0000,0.0001

2459.3270,1.7888,4.6602,0.0000,0.0001

2460.3270,1.7874,4.6241,0.0000,0.0001

2461.3270,1.7894,4.6859,0.0000,0.0001

2462.3270,1.7855,4.6447,0.0000,0.0001

2463.3280,1.7843,4.6344,0.0000,0.0001

2464.3270,1.7837,4.6344,0.0000,0.0001

2465.3270,1.7853,4.6396,0.0000,0.0001

2466.3270,1.7849,4.6241,0.0000,0.0001

2467.3270,1.7829,4.6138,0.0000,0.0001

2468.3270,1.7829,4.6344,0.0000,0.0001

2469.3270,1.7799,4.5830,0.0000,0.0001

2470.3270,1.7807,4.6447,0.0000,0.0001

2471.3270,1.7787,4.6344,0.0000,0.0001

2472.3270,1.7785,4.6396,0.0000,0.0001

2473.3270,1.7795,4.6602,0.0000,0.0001

2474.3270,1.7791,4.6241,0.0000,0.0001

2475.3270,1.7797,4.6550,0.0000,0.0001

2476.3270,1.7805,4.6447,0.0000,0.0001

2477.3270,1.7799,4.5984,0.0000,0.0001

2478.3270,1.7787,4.6036,0.0000,0.0001

2479.3270,1.7797,4.6087,0.0000,0.0001

2480.3270,1.7779,4.5984,0.0000,0.0001

2481.3270,1.7779,4.6344,0.0000,0.0001

2482.3280,1.7765,4.6036,0.0000,0.0001

2483.3270,1.7757,4.6396,0.0000,0.0001

2484.3270,1.7767,4.6499,0.0000,0.0001

2485.3270,1.7763,4.6447,0.0000,0.0001

2486.3280,1.7753,4.6190,0.0000,0.0001

2487.3270,1.7779,4.6653,0.0000,0.0001

2488.3270,1.7769,4.5778,0.0000,0.0001

2489.3270,1.7771,4.6138,0.0000,0.0001

2490.3270,1.7765,4.5830,0.0000,0.0001

2491.3280,1.7739,4.5675,0.0000,0.0001

2492.3270,1.7749,4.6293,0.0000,0.0001

2493.3270,1.7741,4.6190,0.0000,0.0001

2494.3270,1.7749,4.6704,0.0000,0.0001

2495.3270,1.7753,4.6550,0.0000,0.0001

2496.3270,1.7773,4.6704,0.0000,0.0001

2497.3270,1.7761,4.6344,0.0000,0.0001

2498.3270,1.7781,4.6293,0.0000,0.0001

2499.3270,1.7797,4.6550,0.0000,0.0001

2500.3270,1.7807,4.6087,0.0000,0.0001

2501.3270,1.7855,4.6910,0.0000,0.0001

2502.3270,1.7851,4.6190,0.0000,0.0001

2503.3270,1.7859,4.6396,0.0000,0.0001

2504.3270,1.7849,4.6447,0.0000,0.0001

2505.3270,1.7843,4.6396,0.0000,0.0001

2506.3280,1.7833,4.6447,0.0000,0.0001

2507.3280,1.7829,4.6241,0.0000,0.0001

2508.3270,1.7827,4.6241,0.0000,0.0001

2509.3270,1.7781,4.5367,0.0000,0.0001

2510.3270,1.7811,4.6859,0.0000,0.0001

2511.3270,1.7795,4.6499,0.0000,0.0001

2512.3270,1.7805,4.6447,0.0000,0.0001

2513.3270,1.7809,4.6499,0.0000,0.0001

2514.3280,1.7807,4.6396,0.0000,0.0001

2515.3270,1.7825,4.6859,0.0000,0.0001

2516.3270,1.7823,4.6396,0.0000,0.0001

2517.3270,1.7827,4.6344,0.0000,0.0001

2518.3270,1.7851,4.6859,0.0000,0.0001

2519.3270,1.7894,4.6499,0.0000,0.0001

2520.3270,1.7874,4.6344,0.0000,0.0001

2521.3270,1.7870,4.6396,0.0000,0.0001

2522.3270,1.7868,4.6396,0.0000,0.0001

2523.3270,1.7868,4.6499,0.0000,0.0001

2524.3280,1.7876,4.6602,0.0000,0.0001

2525.3270,1.7859,4.6396,0.0000,0.0001

2526.3270,1.7839,4.5881,0.0000,0.0001

2527.3270,1.7847,4.6550,0.0000,0.0001

2528.3280,1.7825,4.6293,0.0000,0.0001

2529.3270,1.7821,4.6396,0.0000,0.0001

2530.3270,1.7825,4.6447,0.0000,0.0001

2531.3270,1.7827,4.6447,0.0000,0.0001

2532.3280,1.7793,4.5521,0.0000,0.0001

2533.3270,1.7803,4.6756,0.0000,0.0001

2534.3270,1.7767,4.5675,0.0000,0.0001

2535.3270,1.7763,4.6293,0.0000,0.0001

2536.3270,1.7785,4.6447,0.0000,0.0001

2537.3270,1.7767,4.6087,0.0000,0.0001

2538.3270,1.7803,4.7219,0.0000,0.0001

2539.3270,1.7779,4.5778,0.0000,0.0001

2540.3270,1.7771,4.6241,0.0000,0.0001

2541.3270,1.7783,4.6756,0.0000,0.0001

2542.3270,1.7823,4.6550,0.0000,0.0001

2543.3270,1.7809,4.6396,0.0000,0.0001

2544.3280,1.7831,4.6241,0.0000,0.0001

2545.3270,1.7833,4.6344,0.0000,0.0001

2546.3270,1.7833,4.6447,0.0000,0.0001

2547.3270,1.7831,4.6036,0.0000,0.0001

2548.3270,1.7805,4.6550,0.0000,0.0001

2549.3270,1.7837,4.6602,0.0000,0.0001

2550.3270,1.7853,4.6653,0.0000,0.0001

2551.3270,1.7835,4.6293,0.0000,0.0001

2552.3270,1.7833,4.6499,0.0000,0.0001

2553.3270,1.7835,4.6447,0.0000,0.0001

2554.3270,1.7845,4.6499,0.0000,0.0001

2555.3270,1.7851,4.6499,0.0000,0.0001

2556.3270,1.7855,4.6550,0.0000,0.0001

2557.3270,1.7861,4.6190,0.0000,0.0001

2558.3270,1.7851,4.6293,0.0000,0.0001

2559.3270,1.7833,4.6138,0.0000,0.0001

2560.3270,1.7825,4.6447,0.0000,0.0001

2561.3270,1.7861,4.7219,0.0000,0.0001

2562.3270,1.7847,4.6138,0.0000,0.0001

2563.3270,1.7843,4.6344,0.0000,0.0001

2564.3280,1.7843,4.6499,0.0000,0.0001

2565.3270,1.7837,4.6344,0.0000,0.0001

2566.3270,1.7831,4.6396,0.0000,0.0001

2567.3270,1.7839,4.6396,0.0000,0.0001

2568.3270,1.7845,4.6447,0.0000,0.0001

2569.3270,1.7865,4.6653,0.0000,0.0001

2570.3270,1.7853,4.6138,0.0000,0.0001

2571.3270,1.7827,4.6550,0.0000,0.0001

2572.3270,1.7823,4.6036,0.0000,0.0001

2573.3270,1.7833,4.6602,0.0000,0.0001

2574.3270,1.7821,4.6190,0.0000,0.0001

2575.3270,1.7825,4.6447,0.0000,0.0001

2576.3280,1.7839,4.6756,0.0000,0.0001

2577.3270,1.7827,4.6087,0.0000,0.0001

2578.3270,1.7829,4.6499,0.0000,0.0001

2579.3270,1.7855,4.7322,0.0000,0.0001

2580.3270,1.7857,4.6190,0.0000,0.0001

2581.3270,1.7855,4.6499,0.0000,0.0001

2582.3270,1.7880,4.6704,0.0000,0.0001

2583.3270,1.7878,4.6550,0.0000,0.0001

2584.3270,1.7890,4.6499,0.0000,0.0001

2585.3270,1.7894,4.6550,0.0000,0.0001

2586.3270,1.7868,4.6087,0.0000,0.0001

2587.3270,1.7870,4.6138,0.0000,0.0001

2588.3270,1.7865,4.6344,0.0000,0.0001

2589.3270,1.7837,4.6602,0.0000,0.0001

2590.3270,1.7843,4.6344,0.0000,0.0001

2591.3270,1.7841,4.6447,0.0000,0.0001

2592.3270,1.7831,4.6447,0.0000,0.0001

2593.3270,1.7843,4.6859,0.0000,0.0001

2594.3270,1.7833,4.6241,0.0000,0.0001

2595.3270,1.7829,4.6447,0.0000,0.0001

2596.3270,1.7845,4.6499,0.0000,0.0001

2597.3270,1.7853,4.6344,0.0000,0.0001

2598.3280,1.7861,4.6550,0.0000,0.0001

2599.3270,1.7861,4.6602,0.0000,0.0001

2600.3270,1.7868,4.6550,0.0000,0.0001

2601.3270,1.7886,4.6910,0.0000,0.0001

2602.3270,1.7882,4.6344,0.0000,0.0001

2603.3270,1.7870,4.6550,0.0000,0.0001

2604.3270,1.7872,4.6293,0.0000,0.0001

2605.3270,1.7876,4.6550,0.0000,0.0001

2606.3280,1.7870,4.6344,0.0000,0.0001

2607.3270,1.7868,4.6293,0.0000,0.0001

2608.3270,1.7859,4.6293,0.0000,0.0001

2609.3270,1.7855,4.6499,0.0000,0.0001

2610.3270,1.7849,4.6396,0.0000,0.0001

2611.3280,1.7821,4.6190,0.0000,0.0001

2612.3270,1.7815,4.6190,0.0000,0.0001

2613.3270,1.7809,4.6396,0.0000,0.0001

2614.3270,1.7821,4.6602,0.0000,0.0001

2615.3270,1.7839,4.7013,0.0000,0.0001

2616.3270,1.7855,4.6756,0.0000,0.0001

2617.3270,1.7865,4.6550,0.0000,0.0001

2618.3270,1.7863,4.6241,0.0000,0.0001

2619.3270,1.7845,4.6036,0.0000,0.0001

2620.3270,1.7849,4.6499,0.0000,0.0001

2621.3270,1.7855,4.6344,0.0000,0.0001

2622.3280,1.7865,4.6447,0.0000,0.0001

2623.3270,1.7868,4.6499,0.0000,0.0001

2624.3270,1.7853,4.6190,0.0000,0.0001

2625.3270,1.7815,4.6036,0.0000,0.0001

2626.3270,1.7807,4.6550,0.0000,0.0001

2627.3270,1.7795,4.6241,0.0000,0.0001

2628.3270,1.7799,4.6344,0.0000,0.0001

2629.3270,1.7813,4.6396,0.0000,0.0001

2630.3270,1.7813,4.6499,0.0000,0.0001

2631.3270,1.7815,4.6396,0.0000,0.0001

2632.3270,1.7813,4.6396,0.0000,0.0001

2633.3270,1.7821,4.6704,0.0000,0.0001

2634.3270,1.7837,4.6602,0.0000,0.0001

2635.3270,1.7853,4.6447,0.0000,0.0001

2636.3270,1.7849,4.6447,0.0000,0.0001

2637.3270,1.7855,4.6396,0.0000,0.0001

2638.3270,1.7853,4.6293,0.0000,0.0001

2639.3270,1.7845,4.6190,0.0000,0.0001

2640.3270,1.7837,4.6293,0.0000,0.0001

2641.3270,1.7829,4.6190,0.0000,0.0001

2642.3270,1.7823,4.6241,0.0000,0.0001

2643.3270,1.7785,4.5727,0.0000,0.0001

2644.3270,1.7781,4.6499,0.0000,0.0001

2645.3270,1.7793,4.6756,0.0000,0.0001

2646.3270,1.7789,4.6344,0.0000,0.0001

2647.3270,1.7781,4.6190,0.0000,0.0001

2648.3270,1.7769,4.5984,0.0000,0.0001

2649.3270,1.7821,4.7528,0.0000,0.0001

2650.3270,1.7809,4.5984,0.0000,0.0001

2651.3270,1.7819,4.6447,0.0000,0.0001

2652.3270,1.7831,4.6550,0.0000,0.0001

2653.3270,1.7861,4.6499,0.0000,0.0001

2654.3280,1.7859,4.6447,0.0000,0.0001

2655.3270,1.7843,4.6344,0.0000,0.0001

2656.3280,1.7831,4.6036,0.0000,0.0001

2657.3270,1.7843,4.6499,0.0000,0.0001

2658.3270,1.7851,4.6190,0.0000,0.0001

2659.3270,1.7801,4.6241,0.0000,0.0001

2660.3270,1.7821,4.6499,0.0000,0.0001

2661.3280,1.7819,4.6396,0.0000,0.0001

2662.3270,1.7813,4.6396,0.0000,0.0001

2663.3270,1.7813,4.6499,0.0000,0.0001

2664.3270,1.7805,4.6241,0.0000,0.0001

2665.3270,1.7821,4.6756,0.0000,0.0001

2666.3270,1.7839,4.6499,0.0000,0.0001

2667.3270,1.7829,4.6241,0.0000,0.0001

2668.3280,1.7839,4.6447,0.0000,0.0001

2669.3270,1.7865,4.6910,0.0000,0.0001

2670.3270,1.7868,4.6602,0.0000,0.0001

2671.3270,1.7870,4.6447,0.0000,0.0001

2672.3270,1.7876,4.6550,0.0000,0.0001

2673.3270,1.7874,4.6447,0.0000,0.0001

2674.3270,1.7878,4.6344,0.0000,0.0001

2675.3270,1.7870,4.6550,0.0000,0.0001

2676.3280,1.7863,4.6293,0.0000,0.0001

2677.3270,1.7865,4.6293,0.0000,0.0001

2678.3270,1.7874,4.6704,0.0000,0.0001

2679.3270,1.7855,4.6396,0.0000,0.0001

2680.3270,1.7841,4.6241,0.0000,0.0001

2681.3270,1.7833,4.6241,0.0000,0.0001

2682.3280,1.7841,4.6756,0.0000,0.0001

2683.3270,1.7835,4.6293,0.0000,0.0001

2684.3270,1.7839,4.6447,0.0000,0.0001

2685.3270,1.7845,4.6704,0.0000,0.0001

2686.3270,1.7851,4.6447,0.0000,0.0001

2687.3270,1.7859,4.6499,0.0000,0.0001

2688.3270,1.7851,4.6499,0.0000,0.0001

2689.3270,1.7866,4.6807,0.0000,0.0001

2690.3270,1.7890,4.6859,0.0000,0.0001

2691.3270,1.7900,4.6499,0.0000,0.0001

2692.3270,1.7900,4.6756,0.0000,0.0001

2693.3270,1.7896,4.6190,0.0000,0.0001

2694.3270,1.7890,4.6293,0.0000,0.0001

2695.3270,1.7874,4.6293,0.0000,0.0001

2696.3270,1.7868,4.6293,0.0000,0.0001

2697.3270,1.7872,4.6602,0.0000,0.0001

2698.3270,1.7863,4.6241,0.0000,0.0001

2699.3270,1.7857,4.6653,0.0000,0.0001

2700.3270,1.7833,4.6241,0.0000,0.0001

2701.3270,1.7831,4.6447,0.0000,0.0001

2702.3270,1.7821,4.6499,0.0000,0.0001

2703.3270,1.7823,4.6241,0.0000,0.0001

2704.3270,1.7827,4.6396,0.0000,0.0001

2705.3270,1.7831,4.6396,0.0000,0.0001

2706.3280,1.7839,4.6499,0.0000,0.0001

2707.3270,1.7839,4.6602,0.0000,0.0001

2708.3270,1.7843,4.6344,0.0000,0.0001

2709.3270,1.7823,4.6138,0.0000,0.0001

2710.3270,1.7837,4.6602,0.0000,0.0001

2711.3270,1.7837,4.6447,0.0000,0.0001

2712.3270,1.7841,4.6602,0.0000,0.0001

2713.3270,1.7861,4.6756,0.0000,0.0001

2714.3270,1.7866,4.6550,0.0000,0.0001

2715.3270,1.7874,4.6602,0.0000,0.0001

2716.3270,1.7876,4.6550,0.0000,0.0001

2717.3270,1.7872,4.6499,0.0000,0.0001

2718.3270,1.7896,4.6962,0.0000,0.0001

2719.3270,1.7920,4.6756,0.0000,0.0001

2720.3270,1.7918,4.6550,0.0000,0.0001

2721.3270,1.7938,4.6962,0.0000,0.0001

2722.3270,1.7928,4.6344,0.0000,0.0001

2723.3270,1.7926,4.6704,0.0000,0.0001

2724.3270,1.7910,4.6138,0.0000,0.0001

2725.3270,1.7908,4.6550,0.0000,0.0001

2726.3270,1.7920,4.6859,0.0000,0.0001

2727.3280,1.7918,4.6447,0.0000,0.0001

2728.3270,1.7904,4.6602,0.0000,0.0001

2729.3270,1.7902,4.6704,0.0000,0.0001

2730.3280,1.7904,4.6602,0.0000,0.0001

2731.3270,1.7884,4.6447,0.0000,0.0001

2732.3270,1.7900,4.6756,0.0000,0.0001

2733.3270,1.7892,4.6499,0.0000,0.0001

2734.3270,1.7912,4.6653,0.0000,0.0001

2735.3270,1.7912,4.6550,0.0000,0.0001

2736.3270,1.7904,4.6653,0.0000,0.0001

2737.3270,1.7906,4.6499,0.0000,0.0001

2738.3270,1.7902,4.6499,0.0000,0.0001

2739.3270,1.7908,4.6859,0.0000,0.0001

2740.3270,1.7906,4.6550,0.0000,0.0001

2741.3270,1.7914,4.6653,0.0000,0.0001

2742.3270,1.7932,4.7219,0.0000,0.0001

2743.3270,1.7936,4.6602,0.0000,0.0001

2744.3270,1.7934,4.6602,0.0000,0.0001

2745.3270,1.7934,4.6550,0.0000,0.0001

2746.3270,1.7962,4.7373,0.0000,0.0001

2747.3270,1.7976,4.6859,0.0000,0.0001

2748.3270,1.7932,4.5367,0.0000,0.0001

2749.3270,1.7920,4.6550,0.0000,0.0001

2750.3270,1.7932,4.6859,0.0000,0.0001

2751.3270,1.7928,4.6550,0.0000,0.0001

2752.3270,1.7896,4.6396,0.0000,0.0001

2753.3270,1.7898,4.6653,0.0000,0.0001

2754.3270,1.7920,4.7168,0.0000,0.0001

2755.3270,1.7916,4.6447,0.0000,0.0001

2756.3270,1.7876,4.6344,0.0000,0.0001

2757.3270,1.7841,4.5933,0.0000,0.0001

2758.3270,1.7886,4.6550,0.0000,0.0001

2759.3270,1.7872,4.6190,0.0000,0.0001

2760.3270,1.7861,4.6550,0.0000,0.0001

2761.3270,1.7845,4.6138,0.0000,0.0001

2762.3280,1.7843,4.6344,0.0000,0.0001

2763.3270,1.7829,4.6293,0.0000,0.0001

2764.3270,1.7801,4.6447,0.0000,0.0001

2765.3270,1.7801,4.6447,0.0000,0.0001

2766.3270,1.7805,4.6447,0.0000,0.0001

2767.3270,1.7813,4.6138,0.0000,0.0001

2768.3280,1.7819,4.6704,0.0000,0.0001

2769.3270,1.7833,4.6550,0.0000,0.0001

2770.3270,1.7839,4.6704,0.0000,0.0001

2771.3270,1.7851,4.6447,0.0000,0.0001

2772.3270,1.7865,4.6704,0.0000,0.0001

2773.3280,1.7892,4.7013,0.0000,0.0001

2774.3270,1.7892,4.6447,0.0000,0.0001

2775.3270,1.7916,4.7065,0.0000,0.0001

2776.3270,1.7908,4.6241,0.0000,0.0001

2777.3270,1.7924,4.6550,0.0000,0.0001

2778.3270,1.7922,4.6653,0.0000,0.0001

2779.3270,1.7930,4.6756,0.0000,0.0001

2780.3270,1.7982,4.8042,0.0000,0.0001

2781.3270,1.7996,4.6807,0.0000,0.0001

2782.3270,1.7998,4.6756,0.0000,0.0001

2783.3270,1.7992,4.6859,0.0000,0.0001

2784.3280,1.7998,4.6602,0.0000,0.0001

2785.3270,1.7974,4.6447,0.0000,0.0001

2786.3270,1.7984,4.6499,0.0000,0.0001

2787.3270,1.7994,4.6807,0.0000,0.0001

2788.3280,1.7984,4.6396,0.0000,0.0001

2789.3270,1.7988,4.6859,0.0000,0.0001

2790.3270,1.7936,4.6704,0.0000,0.0001

2791.3270,1.7964,4.7528,0.0000,0.0001

2792.3270,1.7956,4.6550,0.0000,0.0001

2793.3270,1.7938,4.6396,0.0000,0.0001

2794.3270,1.7944,4.6756,0.0000,0.0001

2795.3270,1.7952,4.6653,0.0000,0.0001

2796.3270,1.7958,4.6653,0.0000,0.0001

2797.3270,1.7942,4.6396,0.0000,0.0001

2798.3270,1.7956,4.6756,0.0000,0.0001

2799.3270,1.7960,4.6962,0.0000,0.0001

2800.3270,1.7956,4.6602,0.0000,0.0001

2801.3270,1.7932,4.6910,0.0000,0.0001

2802.3270,1.7932,4.6550,0.0000,0.0001

2803.3270,1.7934,4.6447,0.0000,0.0001

2804.3270,1.7946,4.7065,0.0000,0.0001

2805.3270,1.7932,4.6293,0.0000,0.0001

2806.3270,1.7946,4.7013,0.0000,0.0001

2807.3270,1.7950,4.6499,0.0000,0.0001

2808.3270,1.7954,4.6859,0.0000,0.0001

2809.3270,1.7944,4.6704,0.0000,0.0001

2810.3270,1.7938,4.6447,0.0000,0.0001

2811.3270,1.7916,4.6344,0.0000,0.0001

2812.3270,1.7912,4.6447,0.0000,0.0001

2813.3270,1.7924,4.6756,0.0000,0.0001

2814.3270,1.7902,4.6499,0.0000,0.0001

2815.3270,1.7964,4.7888,0.0000,0.0001

2816.3270,1.7952,4.6704,0.0000,0.0001

2817.3270,1.7954,4.6550,0.0000,0.0001

2818.3270,1.7942,4.6550,0.0000,0.0001

2819.3280,1.7944,4.6756,0.0000,0.0001

2820.3270,1.7942,4.6396,0.0000,0.0001

2821.3270,1.7954,4.6653,0.0000,0.0001

2822.3270,1.7958,4.6550,0.0000,0.0001

2823.3270,1.7950,4.6550,0.0000,0.0001

2824.3270,1.8000,4.7785,0.0000,0.0001

2825.3270,1.7952,4.6653,0.0000,0.0001

2826.3270,1.7948,4.6602,0.0000,0.0001

2827.3270,1.7942,4.6396,0.0000,0.0001

2828.3270,1.7954,4.6859,0.0000,0.0001

2829.3270,1.7956,4.6807,0.0000,0.0001

2830.3270,1.7966,4.6653,0.0000,0.0001

2831.3270,1.7978,4.6962,0.0000,0.0001

2832.3270,1.7990,4.6859,0.0000,0.0001

2833.3270,1.7978,4.6241,0.0000,0.0001

2835.4410,1.7926,4.6447,0.0000,0.0001

2836.3490,1.7916,4.6396,0.0000,0.0002

2837.3280,1.7916,4.6602,0.0000,0.0001

2838.3280,1.7926,4.6653,0.0000,0.0002

2839.3270,1.7918,4.6653,0.0000,0.0001

2840.3280,1.7904,4.6447,0.0000,0.0001

2841.3270,1.7910,4.6807,0.0000,0.0001

2842.3270,1.7898,4.6653,0.0000,0.0001

2843.3270,1.7902,4.6962,0.0000,0.0001

2844.3270,1.7914,4.6550,0.0000,0.0001

2845.3270,1.7930,4.6859,0.0000,0.0001

2846.3270,1.7940,4.6653,0.0000,0.0001

2847.3280,1.7950,4.6859,0.0000,0.0001

2848.3270,1.7948,4.6602,0.0000,0.0001

2849.3270,1.7948,4.6653,0.0000,0.0001

2850.3270,1.7958,4.6704,0.0000,0.0001

2851.3270,1.7946,4.6499,0.0000,0.0001

2852.3270,1.7950,4.6756,0.0000,0.0001

2853.3280,1.7936,4.6602,0.0000,0.0001

2854.3280,1.7956,4.7065,0.0000,0.0001

2855.3270,1.7936,4.6344,0.0000,0.0001

2856.3270,1.7938,4.6704,0.0000,0.0001

2857.3270,1.7934,4.6756,0.0000,0.0001

2858.3270,1.7946,4.6910,0.0000,0.0001

2859.3280,1.7950,4.6756,0.0000,0.0001

2860.3280,1.7958,4.6910,0.0000,0.0001

2861.3270,1.7954,4.6396,0.0000,0.0001

2862.3270,1.7940,4.6396,0.0000,0.0001

2863.3280,1.7948,4.6807,0.0000,0.0001

2864.3270,1.7938,4.6807,0.0000,0.0001

2865.3270,1.7960,4.6910,0.0000,0.0001

2866.3270,1.7948,4.6396,0.0000,0.0001

2867.3270,1.7964,4.7168,0.0000,0.0001

2868.3270,1.7946,4.6447,0.0000,0.0001

2869.3270,1.7946,4.6756,0.0000,0.0001

2870.3270,1.7934,4.6602,0.0000,0.0001

2871.3270,1.7954,4.6910,0.0000,0.0001

2872.3270,1.7956,4.6447,0.0000,0.0001

2873.3270,1.7954,4.6756,0.0000,0.0001

2874.3270,1.7940,4.6447,0.0000,0.0001

2875.3270,1.7940,4.6910,0.0000,0.0001

2876.3270,1.7948,4.6602,0.0000,0.0001

2877.3280,1.7926,4.6602,0.0000,0.0001

2878.3280,1.7918,4.6241,0.0000,0.0001

2879.3270,1.7922,4.6859,0.0000,0.0002

2880.3280,1.7920,4.6550,0.0000,0.0001

2881.3270,1.7922,4.6962,0.0000,0.0001

2882.3280,1.7942,4.6962,0.0000,0.0001

2883.3270,1.7934,4.6550,0.0000,0.0001

2884.3270,1.7942,4.6653,0.0000,0.0001

2885.3270,1.7926,4.6499,0.0000,0.0001

2886.3270,1.7970,4.7733,0.0000,0.0001

2887.3270,1.7982,4.6910,0.0000,0.0001

2888.3270,1.7992,4.6499,0.0000,0.0001

2889.3270,1.7982,4.6602,0.0000,0.0001

2890.3270,1.7988,4.6704,0.0000,0.0001

2891.3270,1.7964,4.6344,0.0000,0.0001

2892.3270,1.7932,4.6138,0.0000,0.0001

2893.3270,1.7938,4.6704,0.0000,0.0001

2894.3270,1.7934,4.6550,0.0000,0.0001

2895.3270,1.7944,4.6756,0.0000,0.0001

2896.3270,1.7898,4.6550,0.0000,0.0001

2897.3270,1.7894,4.6807,0.0000,0.0001

2898.3270,1.7896,4.6550,0.0000,0.0001

2899.3270,1.7894,4.6550,0.0000,0.0001

2900.3270,1.7904,4.6962,0.0000,0.0001

2901.3270,1.7914,4.6602,0.0000,0.0001

2902.3270,1.7944,4.6910,0.0000,0.0001

2903.3270,1.7958,4.7065,0.0000,0.0001

2904.3270,1.7960,4.6602,0.0000,0.0001

2905.3280,1.7944,4.6344,0.0000,0.0001

2906.3270,1.7940,4.6447,0.0000,0.0001

2907.3270,1.7934,4.6653,0.0000,0.0001

2908.3270,1.7936,4.6602,0.0000,0.0001

2909.3270,1.7936,4.6550,0.0000,0.0001

2910.3270,1.7930,4.6807,0.0000,0.0001

2911.3270,1.7930,4.6602,0.0000,0.0001

2912.3270,1.7908,4.6344,0.0000,0.0001

2913.3270,1.7886,4.6499,0.0000,0.0001

2914.3270,1.7886,4.6602,0.0000,0.0001

2915.3280,1.7890,4.6447,0.0000,0.0001

2916.3270,1.7902,4.6756,0.0000,0.0001

2917.3270,1.7906,4.6756,0.0000,0.0001

2918.3270,1.7896,4.6344,0.0000,0.0001

2919.3270,1.7906,4.6807,0.0000,0.0001

2920.3270,1.7904,4.6756,0.0000,0.0001

2921.3270,1.7902,4.6550,0.0000,0.0001

2922.3270,1.7914,4.6653,0.0000,0.0001

2923.3270,1.7918,4.6602,0.0000,0.0001

2924.3270,1.7928,4.6859,0.0000,0.0001

2925.3270,1.7938,4.6704,0.0000,0.0001

2926.3280,1.7928,4.6499,0.0000,0.0001

2927.3270,1.7924,4.6653,0.0000,0.0001

2928.3270,1.7912,4.6036,0.0000,0.0001

2929.3270,1.7890,4.6241,0.0000,0.0001

2930.3270,1.7872,4.6293,0.0000,0.0001

2931.3270,1.7861,4.6241,0.0000,0.0001

2932.3270,1.7825,4.5727,0.0000,0.0001

2933.3270,1.7676,4.2743,0.0000,0.0001

2934.3270,1.7503,4.2383,0.0000,0.0001

2935.3270,1.7338,4.2434,0.0000,0.0001

2936.3270,1.7173,4.2228,0.0000,0.0001

2937.3270,1.7013,4.2485,0.0000,0.0001

2938.3270,1.6877,4.2537,0.0000,0.0001

2939.3270,1.6736,4.2588,0.0000,0.0001

2940.3270,1.6470,3.9398,0.0000,0.0001

2941.3270,1.6164,3.8318,0.0000,0.0001

2942.3270,1.5882,3.8421,0.0000,0.0001

2943.3270,1.5704,3.8112,0.0000,0.0001

2944.3270,1.5559,3.8627,0.0000,0.0001

2945.3270,1.5378,3.7752,0.0000,0.0001

2946.3270,1.5199,3.7598,0.0000,0.0001

2947.3270,1.4999,3.7289,0.0000,0.0001

2948.3270,1.4796,3.7289,0.0000,0.0001

2949.3270,1.4596,3.7392,0.0000,0.0001

2950.3270,1.4502,3.6980,0.0000,0.0001

2951.3270,1.4427,3.6363,0.0000,0.0001

2952.3270,1.4264,3.4202,0.0000,0.0001

2953.3270,1.4115,3.4253,0.0000,0.0001

2954.3270,1.3871,3.2298,0.0000,0.0001

2955.3270,1.3694,3.3173,0.0000,0.0001

2956.3270,1.3438,3.0960,0.0000,0.0001

2957.3270,1.3199,3.1115,0.0000,0.0001

2958.3270,1.2911,2.9829,0.0000,0.0001

2959.3270,1.2639,3.0343,0.0000,0.0001

2960.3270,1.2391,3.0549,0.0000,0.0001

2961.3270,1.2149,3.0086,0.0000,0.0001

2962.3270,1.1861,2.6741,0.0000,0.0001

2963.3270,1.1587,2.7153,0.0000,0.0001

2964.3270,1.1370,2.6690,0.0000,0.0001

2965.3270,1.1106,2.6330,0.0000,0.0001

2966.3270,1.0945,2.6793,0.0000,0.0001

2967.3280,1.0751,2.6073,0.0000,0.0001

2968.3270,1.0598,2.5867,0.0000,0.0001

2969.3270,1.0427,2.5918,0.0000,0.0001

2970.3270,1.0234,2.5558,0.0000,0.0001

2971.3270,1.0077,2.6021,0.0000,0.0001

2972.3270,0.9998,2.4683,0.0000,0.0001

2973.3270,0.9903,2.4683,0.0000,0.0001

2974.3270,0.9841,2.5095,0.0000,0.0001

2975.3280,0.9756,2.4117,0.0000,0.0001

2976.3270,0.9611,2.3037,0.0000,0.0001

2977.3270,0.9464,2.2265,0.0000,0.0001

2978.3280,0.9317,2.2059,0.0000,0.0001

2979.3270,0.9146,2.1493,0.0000,0.0001

2980.3270,0.9015,2.2162,0.0000,0.0001

2981.3270,0.8856,2.1905,0.0000,0.0001

2982.3270,0.8751,2.1957,0.0000,0.0001

2983.3270,0.8632,2.1596,0.0000,0.0001

2984.3270,0.8506,2.1854,0.0000,0.0001

2985.3270,0.8395,2.1236,0.0000,0.0001

2986.3270,0.8328,2.1288,0.0000,0.0001

2987.3270,0.8296,2.1442,0.0000,0.0001

2988.3270,0.8272,2.1442,0.0000,0.0001

2989.3270,0.8262,2.1236,0.0000,0.0001

2990.3270,0.8224,2.1185,0.0000,0.0001

2991.3270,0.8185,2.0876,0.0000,0.0001

2992.3270,0.8141,2.0825,0.0000,0.0001

2993.3270,0.8115,2.0927,0.0000,0.0001

2994.3270,0.8079,2.0927,0.0000,0.0001

2995.3270,0.8079,2.1236,0.0000,0.0001

2996.3270,0.8077,2.1236,0.0000,0.0001

2997.3270,0.8054,2.0825,0.0000,0.0001

2998.3270,0.8032,2.0876,0.0000,0.0001

2999.3270,0.8026,2.1082,0.0000,0.0001

3000.3270,0.8022,2.1082,0.0000,0.0001

3001.3270,0.8040,2.1339,0.0000,0.0001

3002.3270,0.8054,2.1185,0.0000,0.0001

3003.3270,0.8075,2.1493,0.0000,0.0001

3004.3280,0.8089,2.1288,0.0000,0.0001

3005.3270,0.8073,2.0825,0.0000,0.0001

3006.3270,0.8046,2.0516,0.0000,0.0001

3007.3270,0.8054,2.1030,0.0000,0.0001

3008.3270,0.8054,2.0876,0.0000,0.0001

3009.3280,0.8052,2.1030,0.0000,0.0001

3010.3270,0.8064,2.1391,0.0000,0.0001

3011.3270,0.8052,2.1030,0.0000,0.0001

3012.3270,0.8022,2.0413,0.0000,0.0001

3013.3270,0.7996,2.0825,0.0000,0.0001

3014.3270,0.7984,2.0979,0.0000,0.0001

3015.3270,0.7970,2.0464,0.0000,0.0001

3016.3270,0.7974,2.0619,0.0000,0.0001

3017.3270,0.7976,2.1082,0.0000,0.0001

