Elapsed Time (s),P1 (psi),P2 (psi),P3 (psi),P4 (psi),P5 (psi),P6 (psi),P7 (psi),Main Loop Avg Pressure (psi),HX Pressure (psi),Overall Avg Pressure (psi)
1.8960,1.2178,1.8968,4.1817,4.3675,0.1685,5.7871,3.0695,2.4836,5.7871,2.9556

2.3270,0.2302,1.3412,4.8608,4.7379,-0.0167,5.8489,2.9460,2.3499,5.8489,2.8497

3.3270,0.1684,1.4029,4.1199,4.5527,-0.0785,6.0341,3.0695,2.2058,6.0341,2.7527

4.3270,0.1684,1.1560,3.9965,4.4293,0.4772,5.8489,2.6373,2.1441,5.8489,2.6734

5.3270,0.9709,1.7116,3.8730,4.3058,0.1685,6.0341,2.3904,2.2367,6.0341,2.7792

6.3270,0.0450,1.8968,4.2434,4.3058,0.1685,5.8489,3.1313,2.2985,5.8489,2.8057

7.3270,0.1684,1.3412,3.3173,4.0589,0.2302,5.7254,2.8843,2.0000,5.7254,2.5322

8.3270,0.3536,1.4647,4.3052,4.4293,-0.0785,6.2810,2.5138,2.1647,6.2810,2.7527

9.3270,0.4153,1.5881,3.9965,4.9231,0.0450,5.9106,2.7608,2.2881,5.9106,2.8056

10.3270,0.4153,1.5881,3.9347,4.7379,-0.0167,6.1575,2.8843,2.2573,6.1575,2.8145

11.3280,-0.0168,1.2177,4.1817,4.3675,-0.1402,6.3427,2.7608,2.0618,6.3427,2.6734

12.3270,0.4153,2.8846,4.3669,4.7379,-0.0785,5.9106,2.7608,2.5145,5.9106,2.9997

13.3270,0.5388,1.5264,4.0582,3.9971,-0.5724,6.2193,2.2669,1.9692,6.2193,2.5763

14.3270,0.5388,1.4029,4.3052,4.6145,-0.2637,5.6019,2.8225,2.2367,5.6019,2.7174

15.3280,0.2302,1.4029,3.9965,4.1823,-0.1402,6.0958,2.6373,2.0515,6.0958,2.6293

16.3270,-0.0785,1.5264,4.1199,4.4910,-0.4489,6.1575,3.1930,2.1338,6.1575,2.7086

17.3270,-0.0785,0.1065,3.1321,4.4910,0.1685,5.7254,3.0078,1.8046,5.7254,2.3647

18.3270,-0.0785,1.2794,4.2434,4.3058,-0.2020,6.0958,3.1313,2.1132,6.0958,2.6822

19.3270,0.0450,1.6499,3.9965,3.8119,-0.0167,6.1575,2.5756,2.0103,6.1575,2.6028

20.3270,0.2302,1.0942,4.3052,4.6762,0.4772,5.7871,2.8225,2.2676,5.7871,2.7704

21.3280,0.3536,0.7238,4.0582,4.1206,0.1067,5.7254,2.6373,2.0000,5.7254,2.5322

22.3270,0.2919,1.0942,4.2434,4.0589,-0.0167,5.8489,2.6991,2.0618,5.8489,2.6028

23.3270,1.8351,0.4769,5.0460,3.9971,0.1067,5.8489,2.5756,2.3396,5.8489,2.8409

24.3280,0.1684,2.0820,4.5521,4.1823,-0.2020,5.8489,2.4521,2.2058,5.8489,2.7263

25.3270,0.6005,1.5264,4.0582,4.4910,-0.1402,5.9723,2.6991,2.2058,5.9723,2.7439

26.3270,0.4153,0.5386,3.6260,4.6145,-0.3872,5.6636,3.0695,1.9795,5.6636,2.5058

27.3270,0.1067,1.6499,4.3052,4.2441,0.1685,6.1575,3.4400,2.3190,6.1575,2.8674

28.3270,0.0450,1.4029,4.0582,4.2441,0.3537,6.0958,2.5138,2.1030,6.0958,2.6734

29.3270,-0.0785,1.1560,4.1817,4.0589,-0.1402,6.1575,3.9339,2.1853,6.1575,2.7527

30.3270,0.4153,1.8351,3.7495,3.9971,0.7242,5.8489,2.4521,2.1956,5.8489,2.7175

31.3270,0.7240,1.4029,3.8112,4.1206,-0.0785,6.0341,2.3904,2.0618,6.0341,2.6292

32.3270,0.1684,1.7116,3.9965,5.0466,0.2920,5.6636,2.5756,2.2984,5.6636,2.7792

33.3270,0.0450,1.5264,4.2434,4.2441,0.2920,6.0341,2.3286,2.1132,6.0341,2.6734

34.3270,0.3536,1.4029,4.6756,4.5527,-0.0785,5.7254,2.6373,2.2573,5.7254,2.7527

35.3270,0.1684,1.9585,4.4286,4.0589,-0.2637,5.8489,4.1808,2.4219,5.8489,2.9115

36.3270,0.2919,2.1438,4.7991,4.7379,0.3537,5.6636,3.0078,2.5557,5.6636,2.9997

37.3270,0.0450,1.4647,4.3669,4.8614,-0.1402,5.9106,3.3165,2.3190,5.9106,2.8321

38.3270,0.0450,1.6499,4.1817,4.6145,0.5389,5.8489,2.6373,2.2779,5.8489,2.7880

39.3270,-0.0168,1.4647,3.8730,4.0589,-0.0785,6.4662,3.0695,2.0618,6.4662,2.6910

40.3270,0.2302,1.4647,4.0582,3.8737,0.2302,6.1575,2.3904,2.0412,6.1575,2.6293

41.3270,0.0450,1.4029,4.1817,4.4293,-0.3255,6.0958,2.8843,2.1029,6.0958,2.6734

42.3270,0.3536,0.9708,4.4286,4.3058,0.1685,6.0958,3.0078,2.2058,6.0958,2.7616

43.3280,0.2302,1.4029,4.0582,4.3675,-0.0167,5.9106,2.8843,2.1544,5.9106,2.6910

44.3270,-0.2019,1.6499,4.1199,4.8614,0.1067,5.8489,2.5756,2.1853,5.8489,2.7086

45.3270,0.1684,1.5264,4.2434,3.7502,0.0450,5.9106,2.2051,1.9898,5.9106,2.5499

46.3280,0.2919,1.4647,4.1199,4.4910,0.4155,6.1575,2.5138,2.2161,6.1575,2.7792

47.3270,0.2302,1.3412,4.3052,4.4293,0.1685,5.9106,2.8843,2.2264,5.9106,2.7527

48.3270,0.2302,1.4647,3.9965,4.0589,0.1685,5.9723,2.5138,2.0721,5.9723,2.6293

49.3270,-0.0168,1.2794,4.0582,4.5527,-0.1402,6.0958,2.7608,2.0824,6.0958,2.6557

50.3270,-1.0661,1.4647,4.1817,4.3675,-0.0785,5.9106,3.0078,1.9795,5.9106,2.5411

51.3270,0.1067,1.5264,4.1199,4.3675,-0.3872,5.6636,2.8225,2.0927,5.6636,2.6028

52.3270,0.3536,1.2794,3.8112,4.1823,-0.0167,6.0958,2.3904,2.0000,6.0958,2.5851

53.3270,-0.0168,1.4647,4.1199,4.1823,-0.0167,5.9723,2.9460,2.1132,5.9723,2.6645

54.3270,0.2302,1.5264,3.8112,4.5527,0.1685,5.8489,3.6869,2.3293,5.8489,2.8321

55.3270,0.1684,1.0942,4.0582,3.6885,0.2920,5.7254,2.6991,2.0001,5.7254,2.5322

56.3270,-0.0785,1.4029,4.1817,4.0589,0.3537,5.9106,2.8843,2.1338,5.9106,2.6734

57.3270,0.4153,1.4029,4.3052,4.4293,0.2302,5.7871,3.0078,2.2984,5.7871,2.7968

58.3270,0.1067,1.4029,3.5643,4.0589,0.1685,5.6636,2.8843,2.0309,5.6636,2.5499

59.3270,-0.0168,1.5264,4.0582,4.3058,-0.0167,5.9723,3.0078,2.1441,5.9723,2.6910

60.3270,0.3536,1.5881,4.1199,4.0589,0.3537,5.8489,2.5138,2.1647,5.8489,2.6910

61.3270,0.3536,1.4647,3.9965,4.1206,-0.0785,6.0958,2.5756,2.0721,6.0958,2.6469

62.3270,-0.3871,1.8968,3.6878,4.1206,-0.0785,6.0341,2.5756,1.9692,6.0341,2.5499

63.3270,-0.2019,1.5881,4.0582,3.9354,-0.3255,5.7254,3.0695,2.0206,5.7254,2.5499

64.3270,1.1561,1.7733,4.0582,3.9971,-0.0785,5.9106,3.0695,2.3293,5.9106,2.8409

65.3270,-0.0168,1.1560,3.8730,4.1206,0.2920,5.6019,2.6373,2.0103,5.6019,2.5234

66.3270,0.0450,1.0942,3.8730,3.9971,0.2302,5.4167,2.8843,2.0206,5.4167,2.5058

67.3270,0.0450,1.5881,4.5521,4.6762,-0.2020,6.4045,2.3904,2.1750,6.4045,2.7792

68.3270,-0.1402,1.5881,4.4286,4.1823,0.0450,5.6636,3.4400,2.2573,5.6636,2.7439

69.3270,0.2302,1.5881,4.1199,4.6762,0.3537,5.2315,2.8225,2.2984,5.2315,2.7175

70.3270,0.1684,1.6499,4.2434,4.0589,0.4155,6.0341,2.7608,2.2161,6.0341,2.7616

71.3270,-0.3254,1.7733,5.2930,4.3675,-0.0167,5.7871,2.8225,2.3190,5.7871,2.8145

72.3270,-0.0785,1.5264,4.0582,4.1823,-0.5724,6.0341,2.8225,1.9898,6.0341,2.5675

73.3270,-0.2019,1.4029,3.6878,4.0589,-0.0785,5.7871,2.5756,1.9074,5.7871,2.4617

74.3270,0.1684,1.5264,4.0582,3.4415,0.6007,5.4784,2.8843,2.1133,5.4784,2.5940

75.3280,0.1067,1.3412,4.0582,4.1823,-0.6342,6.7132,2.8843,1.9898,6.7132,2.6645

76.3270,-0.0168,1.8968,4.3052,4.6145,-0.0785,6.8366,2.7608,2.2470,6.8366,2.9027

77.3270,-0.2019,1.3412,3.9347,4.3058,-0.4489,5.7254,2.7608,1.9486,5.7254,2.4881

78.3270,0.2302,1.8968,4.2434,4.4293,0.4772,4.8611,2.9460,2.3705,4.8611,2.7263

79.3280,-0.0785,0.7238,4.0582,4.2441,-0.1402,5.7871,2.6373,1.9074,5.7871,2.4617

80.3270,0.2302,1.0942,3.8730,4.1823,0.1685,5.6019,2.3286,1.9795,5.6019,2.4970

81.3270,-0.0785,1.4029,3.5643,4.0589,-0.0785,5.4784,3.3782,2.0412,5.4784,2.5322

82.3280,0.4153,1.0942,4.0582,3.8119,0.2302,5.6636,3.0695,2.1132,5.6636,2.6204

83.3270,0.4153,1.6499,4.5521,3.9971,0.2920,5.3550,2.6373,2.2573,5.3550,2.6998

84.3270,0.0450,1.4647,4.1199,4.3058,-0.2637,5.6636,2.3904,2.0103,5.6636,2.5322

85.3270,0.0450,1.3412,4.1199,4.4910,0.2302,5.8489,2.2051,2.0721,5.8489,2.6116

86.3270,0.4153,2.0203,3.8112,4.0589,-0.4489,5.8489,2.4521,2.0515,5.8489,2.5940

87.3270,0.1067,1.5264,3.8730,3.9354,0.1067,6.0958,2.8225,2.0618,6.0958,2.6381

88.3270,0.1067,1.4029,3.5025,4.0589,-0.0785,5.6019,2.0817,1.8457,5.6019,2.3823

89.3270,0.2302,1.7733,3.9347,4.3058,0.0450,5.6019,3.0078,2.2161,5.6019,2.6998

90.3270,-0.2637,1.4647,3.9347,3.9971,0.1067,5.6019,2.6991,1.9898,5.6019,2.5058

91.3270,0.1684,1.3412,4.6139,4.4910,0.0450,5.6019,2.6991,2.2264,5.6019,2.7086

92.3270,-0.2637,1.3412,4.1817,4.1206,0.0450,4.9228,3.0078,2.0721,4.9228,2.4793

93.3270,-0.0785,1.5881,4.4286,4.5527,0.2920,5.4784,2.6991,2.2470,5.4784,2.7086

94.3270,-0.0785,1.5881,4.6756,4.4910,-0.1402,5.5402,2.8225,2.2264,5.5402,2.6998

95.3270,0.0450,1.4029,4.1817,3.9971,-0.0785,5.7254,2.4521,2.0001,5.7254,2.5322

96.3270,0.1684,1.0942,4.4286,4.6145,0.1067,5.4784,2.7608,2.1956,5.4784,2.6645

97.3270,0.2302,1.3412,3.9965,4.0589,-0.2637,5.5402,2.3286,1.9486,5.5402,2.4617

98.3270,0.1684,1.3412,3.9347,4.3675,0.2920,5.6019,3.1313,2.2058,5.6019,2.6910

99.3270,0.1067,1.6499,4.0582,4.6145,-0.1402,5.3550,2.6991,2.1647,5.3550,2.6204

100.3270,0.6622,1.4029,3.9965,4.6762,-0.1402,5.6019,2.7608,2.2264,5.6019,2.7086

101.3270,-0.0785,1.4647,4.0582,3.9971,-0.2637,5.4784,2.6373,1.9692,5.4784,2.4705

102.3270,0.1067,1.7116,3.9347,4.4293,0.4155,5.5402,2.7608,2.2264,5.5402,2.6998

103.3270,-0.1402,1.4647,3.8112,4.1823,0.0450,5.7254,2.6373,2.0001,5.7254,2.5322

104.3270,-0.0785,1.3412,4.1199,4.0589,-0.0167,5.7254,2.6991,2.0206,5.7254,2.5499

105.3270,0.1684,1.2177,4.1199,3.7502,0.1067,4.6759,2.8843,2.0412,4.6759,2.4176

106.3280,-0.5723,1.8351,3.5025,3.9354,0.1685,5.5402,2.5756,1.9075,5.5402,2.4264

107.3270,-0.0168,2.2055,3.9347,4.1823,-0.0167,5.6636,3.0078,2.2161,5.6636,2.7086

108.3270,0.2302,1.4029,3.8112,4.4910,-0.1402,5.4784,2.8843,2.1132,5.4784,2.5940

109.3270,-0.3254,1.3412,3.8730,4.6145,0.0450,5.3550,3.2547,2.1338,5.3550,2.5940

110.3270,0.1684,1.4029,4.1817,4.1823,0.1067,5.2932,2.6373,2.1132,5.2932,2.5675

111.3270,0.5388,1.0325,4.1199,3.9354,-0.0785,5.9106,2.6991,2.0412,5.9106,2.5940

112.3270,0.2302,1.2177,3.9347,4.1206,-0.4489,7.2688,2.3286,1.8971,7.2688,2.6645

113.3270,0.1067,1.4647,4.1199,4.3058,-0.3255,6.5279,2.5756,2.0412,6.5279,2.6822

114.3270,-0.0168,1.8968,4.1817,4.1206,-0.2637,6.0341,2.6991,2.1029,6.0341,2.6645

115.3270,0.3536,1.0942,4.7373,4.1823,0.0450,5.4167,2.4521,2.1441,5.4167,2.6116

116.3270,0.2919,1.0942,3.5643,3.6885,0.1685,5.8489,2.8225,1.9383,5.8489,2.4970

117.3270,-0.2019,1.5264,4.3052,4.3058,-0.0785,5.9723,2.4521,2.0515,5.9723,2.6116

118.3270,0.1067,1.8968,3.7495,4.1206,0.2302,5.5402,2.6373,2.1235,5.5402,2.6116

119.3270,0.1067,1.4647,4.3669,4.1206,-0.0167,5.9106,2.5138,2.0927,5.9106,2.6381

120.3270,-0.0168,1.7733,3.5025,4.0589,-0.0167,5.9723,2.6373,1.9898,5.9723,2.5587

121.3270,-0.2637,0.4769,3.3791,4.7997,-0.2020,5.6636,2.5756,1.7943,5.6636,2.3470

122.3270,0.2919,1.0942,3.8112,4.1823,0.0450,5.2315,2.6373,2.0103,5.2315,2.4705

123.3270,0.7240,0.9708,4.7991,4.1206,-0.0785,5.9106,2.6373,2.1955,5.9106,2.7263

124.3270,0.2919,1.2177,4.2434,4.3058,-0.2637,5.9106,2.6991,2.0824,5.9106,2.6293

125.3270,-0.0168,1.2794,3.8730,3.9971,0.1067,5.5402,2.5756,1.9692,5.5402,2.4793

126.3270,-0.3871,1.8351,5.2313,3.9971,-0.1402,5.9106,2.5138,2.1750,5.9106,2.7086

127.3270,-0.2019,2.0203,3.7495,3.9354,-0.1402,5.8489,2.4521,1.9692,5.8489,2.5234

128.3270,-0.5723,2.0820,5.0460,4.7379,0.0450,5.4167,3.1313,2.4117,5.4167,2.8410

129.3270,-0.0785,0.7856,3.6260,4.1823,-0.2020,6.0341,2.4521,1.7943,6.0341,2.3999

130.3270,0.1067,0.9708,4.4904,4.2441,0.6624,6.1575,2.5756,2.1750,6.1575,2.7439

131.3270,1.2795,0.7238,3.9965,4.6145,0.1067,5.6636,2.4521,2.1955,5.6636,2.6910

132.3270,0.0450,1.5881,3.4408,4.2441,0.7859,5.9723,2.6373,2.1235,5.9723,2.6734

133.3270,0.5388,1.5264,4.4904,3.5650,0.3537,5.7871,2.2669,2.1235,5.7871,2.6469

134.3270,0.0450,0.8473,3.7495,4.4910,-0.1402,5.7254,2.8225,1.9692,5.7254,2.5058

135.3270,0.3536,1.7116,3.6260,4.7379,-0.3255,5.6019,2.8225,2.1544,5.6019,2.6469

136.3270,-0.1402,1.5881,3.8730,4.4910,0.0450,7.8861,2.7608,2.1030,7.8861,2.9291

137.3270,-0.2637,1.4647,3.8112,4.6145,-0.3872,7.0218,0.6616,1.6502,7.0218,2.4176

138.3270,-0.0785,1.4029,3.8112,4.1823,-0.6342,6.5897,2.7608,1.9074,6.5897,2.5763

139.3270,-0.0168,1.4647,3.9347,4.3675,0.0450,6.7132,3.0695,2.1441,6.7132,2.7968

140.3270,-0.0168,1.2177,3.9965,4.3675,-0.0167,6.8984,3.0695,2.1030,6.8984,2.7880

141.3270,0.0450,1.5264,3.8730,3.5650,0.0450,6.5279,2.5138,1.9280,6.5279,2.5852

142.3270,0.5388,1.6499,3.8730,3.9354,0.2302,6.1575,2.6373,2.1441,6.1575,2.7174

143.3270,0.1067,1.2794,3.8730,4.4293,0.1685,6.5279,2.8225,2.1132,6.5279,2.7439

144.3270,0.0450,1.2177,4.0582,3.9354,0.0450,6.0341,2.6991,2.0001,6.0341,2.5763

145.3270,0.0450,2.2672,4.0582,4.1206,0.2920,5.9106,2.7608,2.2573,5.9106,2.7792

146.3270,-0.2637,1.0325,3.6878,4.1206,-0.2637,6.1575,2.4521,1.7943,6.1575,2.4176

147.3270,0.2302,1.2177,3.3791,3.9971,0.1685,6.0341,2.5138,1.9177,6.0341,2.5058

148.3270,0.2919,0.9708,4.1817,4.1823,-0.0167,6.4045,2.4521,2.0103,6.4045,2.6381

149.3270,0.0450,0.9090,3.8730,3.9971,-0.0785,6.4662,2.2051,1.8251,6.4662,2.4881

150.3270,0.0450,1.2794,4.0582,4.0589,0.8477,6.1575,2.5756,2.1441,6.1575,2.7175

151.3270,-0.1402,1.4029,3.8730,4.3675,-0.0167,6.0341,3.0695,2.0927,6.0341,2.6557

152.3270,-0.3871,1.3412,3.8730,3.9354,-0.0167,4.1820,3.3782,2.0206,4.1820,2.3294

153.3270,-0.2019,1.2794,3.8730,4.1206,-0.1402,6.3427,3.7487,2.1133,6.3427,2.7175

154.3270,-0.3254,1.5881,3.8112,4.3058,-0.4489,5.9723,3.0695,2.0001,5.9723,2.5675

155.3270,-0.7575,1.5264,3.7495,4.3058,-0.6342,6.2193,2.8843,1.8457,6.2193,2.4705

156.3270,-0.5723,1.4647,4.0582,3.6885,0.1067,6.2810,3.1313,1.9795,6.2810,2.5940

157.3280,-0.3254,1.3412,3.7495,4.0589,-0.5107,6.2193,3.9339,2.0412,6.2193,2.6381

158.3270,0.3536,1.2794,3.8730,3.7502,0.2302,7.2688,2.6991,2.0309,7.2688,2.7792

159.3270,-0.1402,1.3412,4.0582,4.2441,-0.6342,6.1575,3.1313,2.0001,6.1575,2.5940

160.3270,-0.0785,1.3412,3.9347,4.5527,0.3537,6.1575,2.3286,2.0721,6.1575,2.6557

161.3270,0.1684,1.7116,4.0582,4.1206,-0.2020,6.0958,2.8843,2.1235,6.0958,2.6910

162.3270,0.1067,1.1560,4.9226,3.5033,0.3537,6.4045,2.9460,2.1647,6.4045,2.7704

163.3270,-0.0785,1.1560,3.7495,3.5650,0.2302,6.4045,2.6373,1.8766,6.4045,2.5234

164.3270,-0.2637,1.2794,3.9965,4.3058,-0.0167,5.9723,2.8225,2.0206,5.9723,2.5852

165.3280,0.1684,1.7733,4.3669,4.3058,-0.2020,5.9106,2.8843,2.2161,5.9106,2.7439

166.3280,0.0450,2.1438,4.1199,3.9354,0.0450,6.0958,2.6373,2.1544,6.0958,2.7175

167.3270,-0.0785,1.7733,3.2556,4.3058,-0.2637,6.2810,2.6373,1.9383,6.2810,2.5587

168.3270,0.0450,0.9090,3.9965,4.2441,-0.5107,6.4045,2.5138,1.8663,6.4045,2.5146

169.3270,-0.0168,1.2794,3.6260,4.1823,0.1685,5.7871,2.8843,2.0206,5.7871,2.5587

170.3270,0.0450,1.1560,4.0582,4.0589,0.2920,5.9723,2.6373,2.0412,5.9723,2.6028

171.3270,0.1067,1.7733,3.8112,3.9971,-0.0167,6.0958,2.6373,2.0515,6.0958,2.6293

172.3270,0.1684,1.5264,3.5025,3.9354,-0.6959,6.2810,2.0817,1.7531,6.2810,2.3999

173.3270,-0.0785,1.5881,4.2434,4.1823,-0.0167,6.0958,2.7608,2.1132,6.0958,2.6822

174.3270,0.0450,1.6499,3.8112,3.9971,-0.0167,6.0958,2.6373,2.0206,6.0958,2.6028

175.3270,0.1067,0.8473,3.9347,4.6762,0.1685,6.0341,2.6373,2.0618,6.0341,2.6293

176.3270,0.1684,1.5881,3.8730,4.1206,0.1067,6.0958,2.6991,2.0927,6.0958,2.6645

177.3270,0.0450,1.7116,3.8730,4.1206,0.1685,5.8489,2.7608,2.1132,5.8489,2.6469

178.3270,-0.1402,1.4029,3.6878,3.8737,0.2302,5.9723,2.5756,1.9383,5.9723,2.5146

179.3270,0.2919,0.7856,3.8730,4.1823,0.4155,6.3427,2.3904,1.9898,6.3427,2.6116

180.3270,-0.1402,1.4029,4.0582,3.9354,-0.1402,6.2193,2.7608,1.9795,6.2193,2.5852

181.3270,0.0450,1.3412,3.8730,3.8737,0.0450,6.4662,2.6373,1.9692,6.4662,2.6116

182.3270,0.1684,1.4647,4.2434,4.0589,-0.1402,6.0341,2.3904,2.0309,6.0341,2.6028

183.3270,0.1684,0.9708,3.9347,4.1206,0.3537,6.1575,2.2669,1.9692,6.1575,2.5675

184.3270,0.4771,1.1560,3.6260,4.1206,0.1685,6.1575,2.3904,1.9897,6.1575,2.5851

185.3270,-0.0168,1.2794,3.5643,4.4293,-0.0785,6.6514,2.7608,1.9898,6.6514,2.6557

186.3280,0.0450,2.3290,3.8112,4.7379,0.2920,5.9723,2.5756,2.2984,5.9723,2.8233

187.3270,0.1684,1.5881,3.6878,4.5527,0.1067,6.0958,2.4521,2.0926,6.0958,2.6645

188.3280,0.0450,1.4647,4.1817,4.4910,-0.1402,6.4662,3.0078,2.1750,6.4662,2.7880

189.3270,0.1067,1.7733,4.2434,3.8737,-0.2020,5.9106,2.6991,2.0824,5.9106,2.6293

190.3280,-0.3871,1.2794,2.2677,4.3058,-0.0785,6.0958,2.9460,1.7222,6.0958,2.3470

191.3270,-0.2019,1.2177,4.1199,4.4910,-0.2020,6.2193,1.1555,1.7634,6.2193,2.3999

192.3270,-0.0168,0.8473,3.9347,4.4910,-0.2020,6.2810,2.4521,1.9177,6.2810,2.5411

193.3270,0.4153,1.7733,3.8112,3.8119,0.0450,6.0341,2.7608,2.1029,6.0341,2.6645

194.3270,-0.1402,1.2794,3.9347,3.8737,-0.2637,5.9106,2.8225,1.9177,5.9106,2.4881

195.3270,-0.2019,1.2177,4.1199,3.8119,-0.2020,6.2193,2.1434,1.8148,6.2193,2.4440

196.3270,-0.0785,1.1560,3.8730,3.9354,0.1685,6.1575,2.8225,1.9795,6.1575,2.5763

197.3270,-0.0785,1.2794,3.8730,3.8737,0.2302,6.1575,2.2669,1.9075,6.1575,2.5146

198.3270,-0.0785,0.9090,3.8112,4.0589,-0.3255,6.0958,2.2669,1.7737,6.0958,2.3911

199.3280,-0.1402,1.1560,4.1199,3.9971,0.2302,6.0341,3.0695,2.0721,6.0341,2.6381

200.3270,-0.0785,1.0942,3.8730,3.9354,-0.3255,6.2810,2.9460,1.9074,6.2810,2.5322

201.3280,-0.0168,1.2794,3.5643,4.0589,0.1685,5.7871,2.5756,1.9383,5.7871,2.4881

202.3270,-0.2637,1.3412,3.8112,4.3675,-0.3255,6.2193,2.6991,1.9383,6.2193,2.5499

203.3270,0.2302,1.0942,4.2434,4.8614,0.2302,6.2193,2.0199,2.1132,6.2193,2.6998

204.3270,-0.1402,2.5142,4.0582,3.7502,-0.1402,6.1575,2.6373,2.1132,6.1575,2.6910

205.3280,-0.0168,0.9708,4.3052,3.6885,-0.3255,6.2193,2.4521,1.8457,6.2193,2.4705

206.3270,0.2302,1.2794,4.2434,4.2441,0.1067,5.9106,2.5756,2.1132,5.9106,2.6557

207.3270,0.0450,1.2794,3.6878,3.8119,0.2920,7.3305,2.6373,1.9589,7.3305,2.7263

208.3270,0.0450,1.0942,4.2434,3.7502,0.2920,5.7871,2.6991,2.0206,5.7871,2.5587

209.3270,-0.3254,1.2177,4.2434,3.6267,-0.0785,6.2810,2.5756,1.8766,6.2810,2.5058

210.3270,-0.1402,1.0942,3.7495,4.1823,-0.4489,6.7749,2.6373,1.8457,6.7749,2.5499

211.3270,0.2919,2.3290,4.2434,4.0589,0.1067,6.6514,2.3286,2.2264,6.6514,2.8586

212.3270,-0.2019,1.5264,3.9965,4.1206,-0.5107,6.6514,2.6373,1.9280,6.6514,2.6028

213.3270,0.5388,1.2177,3.8730,3.9354,0.1685,6.0958,2.5756,2.0515,6.0958,2.6292

214.3270,0.1684,1.6499,3.9965,4.1206,-1.3133,6.9601,2.1434,1.7942,6.9601,2.5322

215.3270,1.2178,0.3534,4.1817,3.8119,-0.0167,6.6514,2.3286,1.9794,6.6514,2.6469

216.3270,0.1067,1.4029,3.9347,3.7502,0.1067,6.7132,2.0817,1.8972,6.7132,2.5852

217.3270,0.1067,1.7116,3.6878,4.1206,0.3537,5.7871,2.2669,2.0412,5.7871,2.5763

218.3280,-0.3254,1.4029,4.0582,3.9354,0.0450,6.0958,2.5756,1.9486,6.0958,2.5411

219.3270,0.6622,1.3412,3.9347,3.8119,0.0450,5.9723,1.8964,1.9486,5.9723,2.5234

220.3270,0.2919,1.2794,4.0582,4.3675,-0.0167,5.7254,2.4521,2.0721,5.7254,2.5940

221.3270,-0.0785,0.9708,3.4408,4.2441,-0.1402,5.8489,2.3904,1.8045,5.8489,2.3823

222.3270,-0.0785,1.2177,3.7495,3.8737,0.0450,5.7871,2.3286,1.8560,5.7871,2.4176

223.3270,-0.0168,1.0942,3.9965,4.2441,-0.1402,5.9723,2.0817,1.8766,5.9723,2.4617

224.3280,0.4153,1.1560,3.8730,4.3675,0.0450,6.2193,2.5138,2.0618,6.2193,2.6557

225.3270,-0.2637,1.5881,3.4408,3.7502,0.1685,6.2810,2.3286,1.8354,6.2810,2.4705

226.3280,-0.1402,1.4647,3.6260,3.9354,0.0450,5.8489,2.5138,1.9074,5.8489,2.4705

227.3270,-0.0785,1.7733,3.3173,4.4293,0.0450,5.9723,2.5756,2.0103,5.9723,2.5763

228.3270,-0.0168,1.8351,3.4408,3.9354,0.2920,6.4045,2.9460,2.0721,6.4045,2.6910

229.3270,0.3536,1.5264,3.6260,4.4910,-0.0785,5.8489,2.7608,2.1132,5.8489,2.6469

230.3280,0.1067,1.5264,3.5643,4.1206,0.1685,5.9723,3.1313,2.1029,5.9723,2.6557

231.3270,0.1067,1.5264,4.2434,4.1206,-0.0167,6.5897,2.3904,2.0618,6.5897,2.7086

232.3280,0.1684,1.4029,4.2434,4.1823,-0.0167,6.5897,0.4147,1.7325,6.5897,2.4264

233.3270,0.0450,1.5264,4.3052,3.8737,0.1685,6.2810,2.2669,2.0309,6.2810,2.6381

234.3270,-0.1402,1.2794,3.9965,3.5650,-0.0167,5.9106,2.2051,1.8148,5.9106,2.4000

235.3280,-0.0168,1.3412,3.3791,4.2441,-0.0785,5.9723,2.5138,1.8972,5.9723,2.4793

236.3270,-0.0785,1.5264,3.5025,4.3058,0.1067,5.9106,2.4521,1.9692,5.9106,2.5322

237.3280,-0.0785,1.0942,3.9965,4.2441,0.1685,6.4045,2.6991,2.0206,6.4045,2.6469

238.3270,-0.2019,1.3412,3.9965,3.6267,-0.0167,6.1575,2.3904,1.8560,6.1575,2.4705

239.3270,0.1684,1.8351,3.5643,4.2441,0.1067,5.9723,1.9582,1.9795,5.9723,2.5499

240.3270,-0.1402,1.2794,3.6878,3.9971,0.3537,5.9723,2.2051,1.8972,5.9723,2.4793

241.3270,0.4771,1.2794,3.6878,4.1823,0.0450,6.0341,2.0817,1.9589,6.0341,2.5410

242.3270,-0.0168,1.4029,3.3791,3.8737,0.1685,5.9106,2.7608,1.9280,5.9106,2.4970

243.3270,0.0450,1.2794,3.1938,3.6885,0.1067,5.9723,2.3904,1.7840,5.9723,2.3823

244.3270,0.7240,1.5881,3.5643,3.7502,0.1067,5.9723,1.7112,1.9074,5.9723,2.4881

245.3270,-0.1402,1.4647,3.7495,3.9354,0.0450,6.4662,2.6991,1.9589,6.4662,2.6028

246.3270,0.3536,0.5386,4.0582,3.6267,0.1067,6.0958,2.3286,1.8354,6.0958,2.4440

247.3270,0.4771,0.9708,3.8112,4.0589,0.0450,6.1575,2.3286,1.9486,6.1575,2.5499

248.3270,-0.0168,2.4524,3.1938,3.9354,-0.3255,6.0341,2.3904,1.9383,6.0341,2.5234

249.3270,0.6622,1.2177,3.6878,4.2441,-0.1402,6.0341,2.3904,2.0103,6.0341,2.5851

250.3280,0.1067,1.4647,3.6878,4.1823,-0.0785,5.9723,2.6991,2.0103,5.9723,2.5763

251.3270,-0.2637,1.3412,3.9965,4.3058,-0.2637,6.4662,2.2051,1.8869,6.4662,2.5411

252.3270,0.1684,1.4029,3.9347,3.9354,1.0946,5.2315,2.6991,2.2059,5.2315,2.6381

253.3270,0.9092,1.5881,3.5025,4.0589,-0.0785,6.0958,1.8347,1.9691,6.0958,2.5587

254.3270,-0.0785,1.4029,4.1817,4.3675,-0.0785,5.8489,2.4521,2.0412,5.8489,2.5852

255.3270,-0.2637,1.4029,3.6878,4.1206,-0.0167,6.0958,2.5756,1.9177,6.0958,2.5146

256.3270,-0.2637,1.0325,3.8730,3.8737,0.2920,6.0341,3.2547,2.0104,6.0341,2.5852

257.3270,0.0450,1.1560,4.0582,3.6885,0.1685,6.5279,2.6373,1.9589,6.5279,2.6116

258.3270,-0.0785,0.6003,3.3791,3.7502,0.2302,5.7254,2.2669,1.6914,5.7254,2.2677

259.3270,0.1684,1.4029,3.8730,4.1823,0.7242,4.8611,2.6991,2.1750,4.8611,2.5587

260.3280,0.2919,-0.4492,3.6260,4.3058,0.5389,5.9106,2.5756,1.8148,5.9106,2.3999

261.3270,0.2302,1.4647,3.4408,3.6885,-0.0167,6.1575,1.9582,1.7942,6.1575,2.4176

262.3270,-0.0785,1.2177,3.9347,3.8119,0.0450,6.2810,2.1434,1.8457,6.2810,2.4793

263.3270,-0.2637,1.6499,3.8730,3.9354,-0.0785,5.7871,2.2669,1.8972,5.7871,2.4529

264.3270,0.0450,1.2794,3.6260,4.1206,-0.0785,6.0958,2.3904,1.8972,6.0958,2.4970

265.3270,-0.2637,1.5881,4.1199,4.1823,0.1685,6.0341,2.3286,2.0206,6.0341,2.5940

266.3280,-0.0785,1.5264,3.9965,3.7502,-0.1402,6.0958,2.3286,1.8972,6.0958,2.4970

267.3270,-0.1402,0.9090,3.8730,3.7502,0.0450,5.9106,2.8843,1.8869,5.9106,2.4617

268.3270,0.1684,1.5264,3.8112,4.1823,0.0450,5.9723,2.1434,1.9795,5.9723,2.5499

269.3270,-0.1402,1.1560,3.8730,3.9971,-0.0167,5.7871,2.5756,1.9075,5.7871,2.4617

270.3270,-0.2019,1.4029,3.8112,3.8737,-0.0167,5.9723,2.5756,1.9075,5.9723,2.4881

271.3270,-0.0168,1.2794,3.7495,4.3058,-0.0785,6.0958,2.3286,1.9280,6.0958,2.5234

272.3270,-0.2019,1.2177,4.1817,5.2936,0.0450,5.9723,2.7608,2.2161,5.9723,2.7527

273.3270,-0.0785,1.4647,3.8112,3.9354,0.1685,5.9106,2.3904,1.9486,5.9106,2.5146

274.3270,-0.0168,1.4647,3.8730,4.2441,-0.0785,6.1575,2.9460,2.0721,6.1575,2.6557

275.3270,0.3536,1.0942,4.3669,4.2441,0.0450,5.8489,2.3286,2.0721,5.8489,2.6116

276.3270,-0.1402,1.5881,3.3791,3.4415,-0.4489,6.0341,2.3286,1.6914,6.0341,2.3117

277.3270,-0.0168,1.3412,3.6878,4.1206,-0.2637,6.2810,2.2051,1.8457,6.2810,2.4793

278.3270,0.1067,1.4029,3.8730,3.9971,0.6624,6.0958,2.3286,2.0618,6.0958,2.6381

279.3270,-0.0785,1.3412,3.7495,4.4910,0.2302,5.9723,2.4521,2.0309,5.9723,2.5940

280.3270,-0.0785,1.5264,3.1938,4.7379,-0.2020,6.4045,2.5756,1.9589,6.4045,2.5940

281.3270,0.8474,1.2177,3.6260,4.0589,0.0450,5.9723,3.1930,2.1647,5.9723,2.7086

282.3270,0.1684,2.3907,3.6260,3.8119,-0.3255,6.0958,2.3904,2.0103,6.0958,2.5940

283.3270,0.1684,1.1560,3.8730,4.1206,-0.1402,5.9723,2.2051,1.8971,5.9723,2.4793

284.3270,0.0450,1.2177,3.6878,3.8737,-0.2637,5.8489,2.2669,1.8045,5.8489,2.3823

285.3270,-0.1402,1.3412,3.4408,3.9354,-0.2020,6.0958,2.5138,1.8148,6.0958,2.4264

286.3270,-0.0168,1.4647,3.6878,3.9354,-0.3255,6.2810,2.5756,1.8869,6.2810,2.5146

287.3270,-0.2019,1.3412,3.5643,3.9971,0.1685,6.2193,2.6373,1.9177,6.2193,2.5322

288.3270,0.0450,1.2177,3.8112,4.1206,0.1067,6.4045,2.5756,1.9795,6.4045,2.6116

289.3270,0.0450,1.1560,3.0704,5.1701,0.6007,5.8489,2.6991,2.1235,5.8489,2.6557

290.3270,-0.3871,1.0325,3.9347,3.7502,0.1067,5.9106,2.6991,1.8560,5.9106,2.4352

291.3270,0.6622,1.5264,3.4408,4.1823,-0.0785,6.0958,1.6495,1.8971,6.0958,2.4969

292.3270,-0.1402,1.5264,3.5025,4.3058,0.2302,6.1575,2.2051,1.9383,6.1575,2.5411

293.3270,-0.2019,0.9090,3.8730,3.7502,0.1067,6.4045,2.8225,1.8766,6.4045,2.5234

294.3270,-0.0785,1.4029,3.8112,4.4910,-0.2637,6.2193,2.0817,1.9074,6.2193,2.5234

295.3270,-0.0785,1.0325,3.8730,3.5650,0.0450,6.2810,2.2051,1.7737,6.2810,2.4176

296.3270,0.2919,0.7856,3.9347,4.3675,1.0946,6.3427,2.5138,2.1647,6.3427,2.7616

297.3270,-0.0785,1.5264,3.8730,3.9354,0.4772,6.2193,2.3286,2.0103,6.2193,2.6116

298.3270,0.2302,2.2055,4.1199,3.9354,-0.0167,5.9723,2.1434,2.1029,5.9723,2.6557

299.3270,0.0450,1.3412,3.3791,4.1823,0.1067,5.9723,2.4521,1.9177,5.9723,2.4970

300.3270,0.4153,1.1560,3.7495,3.7502,0.1067,5.8489,2.4521,1.9383,5.8489,2.4970

301.3270,0.0450,1.3412,3.9965,3.9354,0.4155,6.3427,2.4521,2.0309,6.3427,2.6469

302.3270,-0.3871,1.1560,3.9347,3.7502,0.0450,5.9106,2.9460,1.9075,5.9106,2.4793

303.3270,0.7857,1.2177,3.8730,3.7502,-0.2020,6.0958,2.6373,2.0103,6.0958,2.5940

304.3270,0.1067,0.7238,3.7495,3.8737,0.4155,6.1575,2.2669,1.8560,6.1575,2.4705

305.3280,0.1684,0.9708,4.3669,4.3675,-0.2020,6.1575,2.3286,2.0000,6.1575,2.5940

306.3270,-0.1402,1.1560,3.5643,4.3058,0.0450,5.9723,2.4521,1.8972,5.9723,2.4793

307.3280,-0.0785,1.3412,3.5643,4.0589,0.0450,6.4045,2.8225,1.9589,6.4045,2.5940

308.3270,-0.0785,0.6621,3.5025,4.1823,0.0450,6.8366,2.5756,1.8148,6.8366,2.5322

309.3270,0.0450,1.9585,4.0582,3.8737,-0.2020,5.9723,3.0078,2.1235,5.9723,2.6734

310.3270,-0.2019,0.7238,3.9965,3.6885,0.1067,6.0341,2.1434,1.7428,6.0341,2.3559

311.3280,-0.2019,1.8968,3.3173,4.1206,-0.5724,5.7871,2.6991,1.8766,5.7871,2.4352

312.3270,0.1684,0.8473,4.1817,4.1206,-0.1402,5.9106,2.6373,1.9692,5.9106,2.5322

313.3270,0.2919,1.0942,3.1938,3.4415,0.1685,6.0958,2.3904,1.7634,6.0958,2.3823

314.3270,0.1067,1.2177,5.0460,3.6267,0.1685,5.9723,2.4521,2.1030,5.9723,2.6557

315.3270,-0.0785,1.8351,4.0582,3.8737,0.1685,6.4662,2.2051,2.0103,6.4662,2.6469

316.3270,0.2302,1.2177,4.3052,3.8119,0.0450,5.2315,1.6495,1.8766,5.2315,2.3558

317.3270,-0.0168,1.3412,3.8112,4.1206,-0.1402,6.4662,2.2051,1.8869,6.4662,2.5411

318.3270,-0.5106,1.2794,3.8730,3.7502,0.1067,5.9723,2.5138,1.8354,5.9723,2.4264

319.3270,0.1067,0.9090,3.6878,3.9354,0.2302,6.2810,2.2051,1.8457,6.2810,2.4793

320.3270,0.2919,0.9090,3.9347,3.8119,0.0450,5.9106,2.6373,1.9383,5.9106,2.5058

321.3270,0.4153,1.2794,2.4529,3.6267,-0.0167,6.1575,2.3286,1.6811,6.1575,2.3206

322.3270,-0.0785,1.0325,3.5025,4.0589,0.0450,6.6514,2.3286,1.8148,6.6514,2.5058

323.3270,0.1067,1.1560,3.5025,3.8119,0.4155,6.2810,2.3904,1.8972,6.2810,2.5234

324.3270,-0.4489,1.4029,4.1199,3.9354,0.1685,6.0341,2.0817,1.8766,6.0341,2.4705

325.3270,0.1067,1.1560,4.0582,3.6885,0.0450,5.9106,2.8843,1.9898,5.9106,2.5499

326.3270,0.3536,1.0325,3.9347,4.0589,0.2302,6.0958,2.3904,2.0000,6.0958,2.5852

327.3270,-0.3254,1.6499,3.7495,4.3675,-0.1402,6.2810,2.6373,1.9898,6.2810,2.6028

328.3280,-0.0785,1.4647,3.6878,4.0589,0.0450,6.5279,2.3286,1.9177,6.5279,2.5763

329.3270,-0.0168,1.5264,3.6878,3.5033,0.1067,5.8489,2.5756,1.8972,5.8489,2.4617

330.3270,0.2302,1.4029,3.5025,3.7502,-0.0785,6.0341,2.3904,1.8663,6.0341,2.4617

331.3270,-0.0785,0.9708,3.9347,3.8119,0.1067,6.2193,2.0199,1.7943,6.2193,2.4264

332.3270,0.5388,1.3412,3.5025,3.5033,0.1067,6.1575,1.9582,1.8251,6.1575,2.4440

333.3270,0.1067,2.0203,4.3669,4.0589,-0.0167,6.4662,2.3904,2.1544,6.4662,2.7704

334.3270,0.3536,1.0942,4.4904,3.8737,-0.2020,6.0341,2.2669,1.9795,6.0341,2.5587

335.3270,-0.0785,1.3412,3.8730,3.8737,-0.0785,5.7871,2.5756,1.9177,5.7871,2.4705

336.3270,-0.4489,1.3412,3.8112,3.8119,0.1067,6.0341,2.8843,1.9178,6.0341,2.5058

337.3270,-0.2637,1.6499,3.3173,3.8737,0.1067,6.3427,2.2051,1.8148,6.3427,2.4617

338.3270,0.2919,0.3534,3.9965,3.6885,-0.0167,5.4784,2.0199,1.7222,5.4784,2.2588

339.3270,-0.3871,1.0942,3.9347,4.1206,0.0450,5.9106,3.0078,1.9692,5.9106,2.5323

340.3270,0.2302,1.4647,3.5643,3.7502,0.0450,6.2810,1.7112,1.7942,6.2810,2.4352

341.3270,-0.1402,1.2794,4.1199,4.1206,-0.3255,6.4045,0.6616,1.6193,6.4045,2.3029

342.3270,0.4771,0.9708,3.6260,4.0589,-0.2020,5.9723,2.0817,1.8354,5.9723,2.4264

343.3270,-0.1402,1.2794,3.6260,4.1823,-0.0167,6.0341,2.4521,1.8972,6.0341,2.4881

344.3270,0.9709,0.3534,3.7495,3.8737,-0.0167,6.2193,2.1434,1.8457,6.2193,2.4705

345.3270,-0.0785,0.8473,3.8730,4.2441,0.0450,5.4167,2.5756,1.9177,5.4167,2.4176

346.3270,0.1684,1.2794,4.1199,3.8119,0.6624,6.4662,2.7608,2.1338,6.4662,2.7527

347.3270,-0.0785,1.1560,3.9347,3.6267,0.2302,6.0958,2.6373,1.9177,6.0958,2.5146

348.3270,1.0943,1.5264,3.5025,4.4293,0.0450,6.0958,1.8964,2.0823,6.0958,2.6557

349.3270,0.2302,1.3412,3.4408,3.4415,0.0450,6.2810,1.8964,1.7325,6.2810,2.3823

350.3270,0.0450,1.5264,3.6260,3.9971,0.9094,6.1575,2.5138,2.1030,6.1575,2.6822

351.3270,-0.0168,1.2177,4.2434,3.8737,-0.0785,6.0958,2.8225,2.0103,6.0958,2.5940

352.3270,-0.0168,1.0942,4.0582,3.5650,0.0450,6.2193,2.2051,1.8251,6.2193,2.4529

353.3270,0.2302,1.2177,3.6878,3.7502,0.0450,5.9106,2.2669,1.8663,5.9106,2.4440

354.3280,-0.1402,1.0325,4.0582,3.8737,-0.2020,6.0341,2.8225,1.9075,6.0341,2.4970

355.3270,-0.0168,0.6003,3.8730,4.1823,-0.0785,6.2193,2.2051,1.7943,6.2193,2.4264

356.3270,0.1684,1.4029,3.8730,3.9354,-0.0785,6.1575,2.3904,1.9486,6.1575,2.5499

357.3270,-1.1279,1.0942,3.9347,3.9354,-0.2020,6.0958,2.2669,1.6502,6.0958,2.2853

358.3270,-0.0168,1.1560,4.0582,3.9354,0.2920,6.0341,2.0817,1.9177,6.0341,2.5058

359.3270,-0.0785,1.1560,4.0582,4.2441,0.1067,6.0341,3.0078,2.0824,6.0341,2.6469

360.3270,-0.0168,1.9585,3.5025,3.5650,0.0450,6.0958,2.0199,1.8457,6.0958,2.4529

361.3270,-0.1402,1.1560,3.3173,3.8737,0.1685,6.0341,2.2669,1.7737,6.0341,2.3823

362.3270,-0.2637,1.4029,3.8112,3.8119,0.2920,6.0958,2.5756,1.9383,6.0958,2.5323

363.3270,-0.0785,1.0325,3.9347,4.2441,-0.1402,6.1575,2.5756,1.9280,6.1575,2.5322

364.3270,0.0450,1.1560,3.8730,4.4910,-0.0785,6.4045,2.7608,2.0412,6.4045,2.6645

365.3270,0.9709,1.2177,3.7495,3.9971,0.0450,6.2193,2.0817,2.0103,6.2193,2.6116

366.3270,0.9092,1.2794,3.6260,3.8737,0.2920,5.6636,2.4521,2.0721,5.6636,2.5851

367.3280,0.1067,1.0942,3.6878,2.8859,0.4155,5.5402,2.4521,1.7737,5.5402,2.3118

368.3270,0.1067,1.2794,3.8112,3.3798,0.2920,5.9723,2.3904,1.8766,5.9723,2.4617

369.3270,0.0450,1.1560,3.8730,3.8119,0.1067,6.0958,2.4521,1.9074,6.0958,2.5058

370.3270,0.0450,1.4029,4.1199,3.9354,0.2302,6.1575,2.2051,1.9898,6.1575,2.5852

371.3270,0.1067,1.2177,3.6260,4.1823,0.1067,6.0958,2.2051,1.9074,6.0958,2.5058

372.3280,0.2302,0.9090,3.8112,3.6267,0.1067,6.0341,2.3904,1.8457,6.0341,2.4440

373.3270,0.2302,1.6499,3.8730,3.8737,-0.0167,6.2810,2.2051,1.9692,6.2810,2.5852

374.3270,0.0450,1.5264,3.8112,3.9354,0.3537,5.8489,2.2051,1.9795,5.8489,2.5322

375.3280,0.1067,1.4647,3.6260,4.1206,-0.0167,5.9106,2.0817,1.8971,5.9106,2.4705

376.3270,-0.0785,1.2177,3.5025,4.1206,0.1685,6.0958,2.0817,1.8354,6.0958,2.4440

377.3270,0.4153,1.2177,3.6260,3.7502,0.0450,6.1575,1.6495,1.7840,6.1575,2.4088

378.3270,-0.2637,1.1560,3.6260,3.6885,0.2920,6.5897,2.1434,1.7737,6.5897,2.4617

379.3280,0.1684,1.4029,4.1817,4.2441,-0.6342,6.4045,0.9703,1.7222,6.4045,2.3911

380.3270,0.2302,1.2177,4.4286,3.1946,0.1067,6.0341,2.2669,1.9075,6.0341,2.4970

381.3270,0.0450,1.0325,3.3791,4.1823,0.1067,6.1575,2.4521,1.8663,6.1575,2.4793

382.3270,-0.0168,1.1560,3.7495,3.8737,0.2302,5.7871,2.2669,1.8766,5.7871,2.4352

383.3270,-0.2637,1.7116,3.5643,3.6885,-0.2020,6.0341,2.2669,1.7943,6.0341,2.3999

384.3270,-0.3254,1.0942,4.1199,3.5033,-0.1402,6.0341,2.1434,1.7325,6.0341,2.3470

385.3270,-0.0785,1.0942,3.5025,3.8737,-0.5107,6.3427,2.0199,1.6502,6.3427,2.3206

386.3270,-0.0785,1.9585,3.7495,4.0589,0.2302,6.3427,2.6373,2.0927,6.3427,2.6998

387.3270,-0.1402,1.5264,3.6878,4.2441,0.0450,5.9106,2.1434,1.9177,5.9106,2.4881

388.3270,-0.1402,1.2177,3.7495,3.7502,-0.3872,6.2193,2.2669,1.7428,6.2193,2.3823

389.3270,0.3536,1.2794,3.6260,3.5650,0.2920,5.8489,2.3286,1.9074,5.8489,2.4705

390.3270,0.4153,1.5881,3.6260,3.9971,-0.2637,6.2810,2.6373,2.0000,6.2810,2.6116

391.3270,-0.1402,1.0942,3.3791,4.0589,-0.1402,6.1575,2.0199,1.7119,6.1575,2.3470

392.3270,-0.3254,0.2299,3.9347,3.5033,0.1067,6.0341,2.5756,1.6708,6.0341,2.2941

393.3270,0.2919,0.6621,3.6260,3.9971,-0.0167,5.7254,2.4521,1.8354,5.7254,2.3911

394.3270,-0.0168,0.9708,3.6260,4.1206,-0.3255,6.4662,2.3286,1.7840,6.4662,2.4529

395.3270,-0.2019,1.4029,3.4408,4.6145,-0.3255,6.6514,2.3286,1.8766,6.6514,2.5587

396.3270,1.8351,2.1438,3.1938,3.9354,0.1067,6.0341,1.5877,2.1338,6.0341,2.6909

397.3270,0.0450,1.7733,3.8730,3.9354,-0.1402,6.0341,2.2669,1.9589,6.0341,2.5411

398.3270,-0.0785,2.0203,3.8730,3.6267,-0.0785,6.0958,2.2669,1.9383,6.0958,2.5322

399.3270,0.1067,1.0942,3.9965,3.8119,-0.0167,6.1575,3.8721,2.1441,6.1575,2.7175

400.3270,0.2919,1.4647,3.6260,4.6762,0.2920,6.0958,2.3904,2.1235,6.0958,2.6910

401.3270,0.2302,0.6003,4.3052,3.8119,-0.0167,6.0341,2.1434,1.8457,6.0341,2.4440

402.3270,-0.1402,1.5264,3.8112,4.3675,-0.0785,6.4662,2.7608,2.0412,6.4662,2.6734

403.3270,0.3536,1.0942,4.0582,4.1206,-0.1402,5.9106,2.5138,2.0000,5.9106,2.5587

404.3270,0.4771,0.9090,3.8730,3.8737,0.0450,5.6636,2.1434,1.8869,5.6636,2.4264

405.3270,0.1684,1.2794,4.1817,3.8737,-0.1402,5.9723,2.3286,1.9486,5.9723,2.5234

406.3270,0.6622,1.3412,3.6260,3.6885,-0.0167,6.0958,1.5877,1.8148,6.0958,2.4264

407.3280,0.1067,1.3412,3.7495,3.9354,0.0450,6.1575,1.7730,1.8251,6.1575,2.4440

408.3280,0.0450,1.3412,3.3791,4.2441,1.1564,6.2810,2.6373,2.1338,6.2810,2.7263

409.3270,-0.1402,1.0942,3.5643,3.5650,-0.2020,6.2810,3.1930,1.8457,6.2810,2.4793

410.3280,-0.0168,1.0942,3.8730,2.5155,-0.2020,6.2810,2.9460,1.7017,6.2810,2.3559

411.3270,-0.0168,1.8968,3.9347,3.8119,-0.1402,5.9106,2.4521,1.9898,5.9106,2.5499

412.3270,0.4771,1.0942,3.2556,3.7502,-0.0785,6.2810,1.6495,1.6913,6.2810,2.3470

413.3280,-0.2019,0.9090,3.6260,4.5527,0.2920,5.5402,2.4521,1.9383,5.5402,2.4529

414.3270,0.4771,1.0325,3.5643,3.8737,-0.0785,5.5402,2.2669,1.8560,5.5402,2.3823

415.3270,0.2302,1.1560,3.5025,4.1206,0.3537,6.2810,2.2051,1.9280,6.2810,2.5499

416.3270,-0.0168,0.8473,3.8730,3.6885,-0.0167,6.1575,2.8843,1.8766,6.1575,2.4881

417.3270,0.1067,1.0942,3.8730,4.1206,0.1067,6.7749,2.3904,1.9486,6.7749,2.6381

418.3270,-0.0785,0.7856,3.5025,3.7502,-0.5724,6.4662,2.0817,1.5782,6.4662,2.2765

419.3270,-0.0168,1.0942,3.3791,3.7502,-0.2637,6.0958,2.1434,1.6811,6.0958,2.3117

420.3280,-0.0168,1.5264,3.9965,4.0589,1.4033,6.9601,2.3286,2.2162,6.9601,2.8939

421.3270,0.1684,0.8473,3.3173,3.7502,0.1685,5.8489,2.3286,1.7634,5.8489,2.3470

422.3270,0.1067,0.6003,4.2434,4.3675,-0.0785,6.2810,2.3904,1.9383,6.2810,2.5587

423.3270,1.4030,1.3412,3.6260,3.9971,0.1685,5.7871,2.4521,2.1646,5.7871,2.6821

424.3270,-0.0785,0.4769,3.5643,4.3675,-0.4489,6.0958,2.3286,1.7016,6.0958,2.3294

425.3280,0.7857,1.3412,3.6878,3.9354,0.1685,6.2193,2.0817,2.0000,6.2193,2.6028

426.3270,-0.1402,1.5264,3.8112,3.7502,0.1067,6.1575,2.5138,1.9280,6.1575,2.5322

427.3280,-0.2637,1.4029,3.8112,3.8737,-0.0167,6.0341,2.2669,1.8457,6.0341,2.4440

428.3270,0.4771,0.9708,3.6260,3.9971,-0.0785,6.1575,2.0199,1.8354,6.1575,2.4528

429.3270,1.0943,-0.1405,3.8112,4.2441,-0.0785,6.3427,2.3286,1.8765,6.3427,2.5146

430.3270,0.7240,1.4647,3.5643,3.8737,-0.2020,6.3427,1.8347,1.8765,6.3427,2.5146

431.3280,-0.2019,1.3412,4.9226,2.7624,0.7859,5.6019,2.9460,2.0927,5.6019,2.5940

432.3270,0.2302,1.1560,4.1817,4.1823,-0.0785,6.1575,2.5756,2.0412,6.1575,2.6293

433.3270,-0.0785,1.2794,3.6260,3.5650,-0.2637,6.8366,3.0078,1.8560,6.8366,2.5675

434.3270,0.0450,0.6621,3.6878,4.0589,0.0450,5.7871,2.5756,1.8457,5.7871,2.4088

435.3270,-0.0168,1.3412,4.4904,4.2441,-0.0785,5.8489,2.1434,2.0206,5.8489,2.5675

436.3270,-0.2019,1.5881,3.8730,4.4293,0.4155,6.1575,2.2669,2.0618,6.1575,2.6469

437.3270,0.2302,0.9090,3.5643,4.3675,0.4772,6.3427,2.3904,1.9898,6.3427,2.6116

438.3270,0.5388,0.7856,4.2434,3.8119,0.1685,6.0958,2.6991,2.0412,6.0958,2.6204

439.3280,0.0450,1.2177,3.7495,3.9354,-0.0167,5.5402,2.2051,1.8560,5.5402,2.3823

440.3270,0.5388,0.5386,3.5643,3.9354,-0.2020,6.4662,2.2669,1.7737,6.4662,2.4440

441.3270,0.2919,0.9708,4.2434,3.9354,-0.1402,5.9723,1.9582,1.8766,5.9723,2.4617

442.3270,0.2302,1.3412,4.2434,4.4910,0.1067,5.9106,2.2669,2.1132,5.9106,2.6557

443.3270,0.1067,1.2794,3.3173,3.6885,0.3537,5.7871,2.3904,1.8560,5.7871,2.4176

444.3270,-0.2019,0.9708,3.9965,4.1206,-0.0785,6.2193,3.6252,2.0721,6.2193,2.6645

445.3280,0.0450,1.0942,3.7495,3.6885,0.1685,6.2193,2.4521,1.8663,6.2193,2.4881

446.3270,0.2302,1.1560,3.9347,4.1206,0.5389,6.1575,2.5138,2.0824,6.1575,2.6645

447.3270,-0.0785,1.4029,3.4408,4.1206,-0.0785,6.4045,2.0199,1.8045,6.4045,2.4617

448.3280,0.1684,0.4151,3.5643,4.1206,-0.2637,6.2193,2.5756,1.7634,6.2193,2.3999

449.3270,0.0450,1.3412,3.4408,3.9971,-0.0785,6.6514,2.4521,1.8663,6.6514,2.5499

450.3280,0.2302,1.2794,3.3791,3.6885,0.3537,6.4662,2.0817,1.8354,6.4662,2.4970

451.3270,-0.0785,1.5264,3.1938,3.9354,-0.9429,6.2810,2.3904,1.6708,6.2810,2.3294

452.3270,-0.4489,1.2794,3.6878,3.4415,0.0450,5.9723,2.3286,1.7222,5.9723,2.3294

453.3270,-0.4489,0.9708,3.9965,4.1206,-0.2020,6.2810,2.5138,1.8251,6.2810,2.4617

454.3270,-0.2019,0.9090,3.5025,3.9354,-0.3255,6.2193,2.2669,1.6811,6.2193,2.3294

455.3270,-1.0661,1.5881,3.3173,3.8119,0.1067,6.4662,2.8225,1.7634,6.4662,2.4352

456.3270,-0.2019,1.2794,4.0582,4.6762,0.1685,6.0341,2.4521,2.0721,6.0341,2.6381

457.3270,-0.7575,1.0325,3.9965,4.3058,0.1685,5.9723,2.7608,1.9178,5.9723,2.4970

458.3270,0.2919,1.2177,3.5025,3.3798,-0.2020,6.1575,2.0817,1.7119,6.1575,2.3470

459.3270,-0.2019,1.6499,3.5643,3.8737,0.0450,6.0958,1.4643,1.7325,6.0958,2.3558

460.3270,-0.2019,1.1560,3.6878,3.8737,-0.1402,6.0341,2.8225,1.8663,6.0341,2.4617

461.3270,-0.0168,0.4769,3.8730,3.6885,-0.0167,6.0958,2.2669,1.7119,6.0958,2.3382

462.3270,-0.2637,0.8473,3.5025,3.6885,0.1067,6.1575,2.5138,1.7325,6.1575,2.3647

463.3270,0.0450,1.2177,3.9347,3.5033,-0.0167,6.2193,2.3286,1.8354,6.2193,2.4617

464.3270,0.2919,1.4029,4.1817,4.1823,0.1067,5.9106,2.0817,2.0412,5.9106,2.5940

465.3270,-0.0785,1.6499,3.8112,3.8737,0.3537,6.2810,1.8964,1.9177,6.2810,2.5411

466.3270,-0.0168,1.6499,3.6260,3.9971,-0.0167,6.0341,2.4521,1.9486,6.0341,2.5322

467.3270,0.2919,1.4029,4.2434,3.8119,-0.0785,5.9723,1.9582,1.9383,5.9723,2.5146

468.3270,-0.0168,0.7856,3.7495,3.7502,0.2920,6.2193,2.1434,1.7840,6.2193,2.4176

469.3270,-0.1402,1.5264,4.2434,3.8737,-0.0167,6.0341,2.1434,1.9383,6.0341,2.5234

470.3280,-0.2019,1.1560,3.5643,3.5033,-0.2637,6.0341,2.6373,1.7325,6.0341,2.3470

471.3270,0.2919,1.0325,3.7495,3.3180,-0.0167,7.0218,2.0199,1.7325,7.0218,2.4881

472.3270,0.4153,1.2177,3.6260,3.5033,-0.0167,6.8366,2.3286,1.8457,6.8366,2.5587

473.3270,0.1067,1.0942,3.6260,3.8119,-0.1402,6.7749,2.3286,1.8045,6.7749,2.5146

474.3270,0.0450,1.3412,4.2434,3.8119,0.3537,6.2193,1.8347,1.9383,6.2193,2.5499

475.3270,0.1067,0.8473,3.5643,3.8119,0.2302,6.0958,2.3286,1.8148,6.0958,2.4264

476.3270,-0.2637,1.0942,4.1817,3.4415,0.3537,6.2193,1.8347,1.7737,6.2193,2.4088

477.3270,-0.1402,1.1560,3.9347,4.4293,-0.3255,6.5897,2.8225,1.9795,6.5897,2.6381

478.3270,-0.0785,1.4029,3.2556,3.6267,0.0450,6.4662,1.8964,1.6914,6.4662,2.3735

479.3270,-0.3254,1.4029,3.2556,3.8119,-0.0785,7.0836,2.0199,1.6811,7.0836,2.4529

480.3270,0.1684,1.2177,2.7617,3.6885,0.3537,5.9106,2.2051,1.7325,5.9106,2.3294

481.3270,0.3536,0.8473,3.6260,3.6267,0.2920,6.0958,2.2669,1.8354,6.0958,2.4440

482.3270,-0.0168,1.7116,3.6878,3.9971,0.0450,6.0341,2.2051,1.9383,6.0341,2.5234

483.3270,0.1684,0.9708,3.8730,3.9354,0.3537,6.4662,2.4521,1.9589,6.4662,2.6028

484.3270,0.9092,1.4029,3.5643,3.6885,-0.4489,6.2193,2.3904,1.9177,6.2193,2.5322

485.3270,-0.2019,1.0942,3.6260,3.9354,-0.2020,6.2193,2.5138,1.7943,6.2193,2.4264

486.3270,-0.4489,1.1560,3.3791,3.4415,0.1067,5.8489,2.2669,1.6502,5.8489,2.2500

487.3270,-0.0168,1.0942,3.6878,3.9971,-0.4489,6.4662,3.1930,1.9177,6.4662,2.5675

488.3270,-0.2019,1.4029,3.9965,4.1823,-0.0785,5.8489,2.8843,2.0309,5.8489,2.5763

489.3270,0.1684,1.0325,4.3669,3.8119,-0.0167,6.0958,2.2669,1.9383,6.0958,2.5322

490.3270,0.4153,1.0942,3.7495,4.3058,0.1685,5.9723,2.1434,1.9795,5.9723,2.5499

491.3270,0.1684,1.3412,3.8730,3.5650,0.1685,5.8489,2.1434,1.8766,5.8489,2.4440

492.3270,-0.5106,0.6003,3.8112,3.7502,-0.2020,6.0341,2.5138,1.6605,6.0341,2.2853

493.3270,0.4153,0.9090,3.8112,3.9354,0.2920,6.2810,2.1434,1.9177,6.2810,2.5411

494.3270,0.0450,0.9708,3.9347,3.8119,0.5389,6.0341,2.1434,1.9075,6.0341,2.4970

495.3270,0.0450,0.7856,3.6260,3.6885,0.1067,5.6019,2.1434,1.7325,5.6019,2.2853

496.3270,-0.4489,1.4029,4.6139,3.7502,0.4772,6.1575,2.5756,2.0618,6.1575,2.6469

497.3270,-0.2019,1.4647,3.7495,4.3058,0.1685,6.1575,1.7730,1.8766,6.1575,2.4881

498.3270,0.0450,1.2794,3.9965,3.4415,0.0450,6.1575,2.6991,1.9177,6.1575,2.5234

499.3270,-0.1402,0.4769,3.7495,3.8119,0.1685,4.8611,2.1434,1.7017,4.8611,2.1530

500.3270,0.4153,0.9708,3.3173,3.6267,0.0450,6.2193,2.3904,1.7942,6.2193,2.4264

501.3270,-0.2019,0.9090,3.7495,4.1823,-0.0785,6.7749,2.6373,1.8663,6.7749,2.5675

502.3270,0.6622,1.2177,3.6878,4.3058,0.6007,6.2810,2.3286,2.1338,6.2810,2.7263

503.3270,0.5388,0.4151,3.5025,4.2441,-0.0167,6.0341,2.8225,1.9177,6.0341,2.5058

504.3280,-0.0785,1.6499,3.6260,4.0589,-0.2020,6.0341,2.2669,1.8869,6.0341,2.4793

505.3270,-1.5599,0.6621,3.8112,4.0589,0.1067,6.3427,2.6991,1.6297,6.3427,2.3030

506.3270,0.1684,0.4769,3.6878,4.1206,0.1067,6.2810,2.0817,1.7737,6.2810,2.4176

507.3270,0.0450,1.2177,3.6260,4.1823,0.0450,6.0958,2.3286,1.9074,6.0958,2.5058

508.3270,0.4771,1.0325,3.6260,4.2441,-0.0785,6.0958,2.2669,1.9280,6.0958,2.5234

509.3270,0.1684,1.0942,4.1199,3.9354,-0.0785,5.8489,1.9582,1.8663,5.8489,2.4352

510.3270,-0.7575,1.4647,3.4408,3.9971,0.1067,5.8489,2.0817,1.7222,5.8489,2.3118

511.3270,0.4771,1.4029,3.6260,3.4415,0.0450,6.1575,2.0817,1.8457,6.1575,2.4617

512.3270,-0.0168,1.7116,3.6260,3.7502,-0.0167,6.2810,2.5138,1.9280,6.2810,2.5499

513.3270,0.1067,1.1560,3.8730,3.7502,-0.2020,5.8489,2.2051,1.8148,5.8489,2.3911

514.3270,-0.0785,1.0942,3.9347,4.1206,0.1067,6.2810,2.7608,1.9898,6.2810,2.6028

515.3270,0.2302,1.2177,3.9965,3.6885,0.2302,5.9723,2.0817,1.9074,5.9723,2.4881

516.3280,-0.4489,1.5264,3.6878,3.9971,0.1067,5.9723,3.1930,2.0104,5.9723,2.5764

517.3280,-0.9427,1.2177,3.6260,3.6267,-0.2020,6.3427,2.7608,1.6811,6.3427,2.3470

518.3270,0.2302,0.9708,3.6878,3.6885,0.2302,6.1575,1.9582,1.7943,6.1575,2.4176

519.3270,0.1684,0.9708,3.7495,3.7502,0.4155,6.4045,2.3286,1.8972,6.4045,2.5411

520.3270,-0.0168,0.9708,3.5643,3.9971,-0.1402,6.2193,2.2669,1.7737,6.2193,2.4088

521.3270,0.6005,0.7856,3.8112,5.0466,0.1067,6.0958,1.9582,2.0515,6.0958,2.6292

522.3270,-0.5723,1.0325,3.9965,3.9354,0.1685,6.2193,2.5138,1.8457,6.2193,2.4705

523.3270,0.1067,1.3412,3.3791,3.8737,0.2920,5.9723,2.5756,1.9280,5.9723,2.5058

524.3270,0.3536,1.0942,3.8112,3.9354,0.7242,5.8489,2.3286,2.0412,5.8489,2.5852

525.3270,0.1067,0.9090,3.6878,3.8737,-0.0785,5.6636,2.3286,1.8045,5.6636,2.3558

526.3270,-0.0168,1.0942,3.5643,3.5650,0.1685,5.9106,2.3904,1.7943,5.9106,2.3823

527.3270,0.1684,0.9090,4.1817,4.0589,0.2920,6.3427,2.2051,1.9692,6.3427,2.5940

528.3270,-0.0785,0.7238,3.9965,3.9971,0.2920,6.5897,2.7608,1.9486,6.5897,2.6116

529.3270,0.3536,1.4647,3.6878,3.5650,-0.0785,6.2193,2.3904,1.8971,6.2193,2.5146

530.3270,0.3536,0.9090,3.4408,3.3180,0.1685,6.2193,1.7730,1.6605,6.2193,2.3117

531.3270,-0.2019,1.1560,3.8730,4.1206,-0.2637,5.7871,2.5756,1.8766,5.7871,2.4352

532.3270,0.5388,0.9708,3.3791,3.8119,-0.2637,6.0958,1.8347,1.7119,6.0958,2.3382

533.3270,-0.5106,1.3412,3.4408,4.0589,0.3537,5.7254,2.5138,1.8663,5.7254,2.4176

534.3270,0.3536,1.8351,3.8112,3.9971,-0.0785,6.2810,2.2669,2.0309,6.2810,2.6381

535.3270,0.1067,1.0942,3.9347,3.7502,0.5389,6.4662,1.9582,1.8972,6.4662,2.5499

536.3270,0.1684,1.0325,3.9965,3.9971,0.2920,6.2193,2.0199,1.9177,6.2193,2.5322

537.3270,-0.2019,1.6499,3.7495,4.0589,0.2302,6.2810,2.5138,2.0001,6.2810,2.6116

538.3270,0.2302,1.8968,3.8730,3.0711,0.1067,6.1575,2.0199,1.8663,6.1575,2.4793

539.3270,0.2919,2.0820,4.1817,3.9971,0.1685,5.9723,2.0199,2.1235,5.9723,2.6733

540.3270,-0.2019,1.2794,4.0582,4.0589,0.4155,6.2810,2.0817,1.9486,6.2810,2.5675

541.3270,-0.0785,1.0942,3.5025,3.9354,-0.2637,6.1575,2.2669,1.7428,6.1575,2.3735

542.3270,-0.2637,0.8473,3.5643,3.8737,0.1067,6.4662,2.7608,1.8149,6.4662,2.4793

543.3270,0.0450,1.0942,3.8112,3.5650,0.2920,6.1575,3.0078,1.9692,6.1575,2.5675

544.3270,0.3536,1.4029,3.8730,3.5033,0.2302,6.0958,2.2051,1.9280,6.0958,2.5234

545.3270,-0.1402,1.2794,3.9347,4.8614,-0.6959,5.9106,2.6373,1.9795,5.9106,2.5411

546.3270,0.0450,0.7856,3.0086,3.8119,0.1067,4.7376,2.0199,1.6296,4.7376,2.0736

547.3270,0.1067,1.2177,3.6878,4.1206,-0.1402,6.5897,2.5138,1.9177,6.5897,2.5852

548.3270,0.2302,0.5386,3.9347,4.1206,0.1067,6.2193,2.3286,1.8766,6.2193,2.4970

549.3270,0.2302,1.3412,3.9347,4.0589,0.1685,6.2193,2.1434,1.9795,6.2193,2.5852

550.3270,-0.0168,1.0942,3.5643,4.0589,0.1685,5.9106,1.8347,1.7840,5.9106,2.3735

551.3270,-0.3254,1.4647,3.0704,3.4415,0.0450,6.0341,1.7730,1.5782,6.0341,2.2147

552.3270,0.2919,0.9090,3.8730,3.7502,-0.0785,5.8489,2.0199,1.7943,5.8489,2.3735

553.3270,-0.1402,1.2177,3.7495,3.6885,-0.2020,6.2810,2.5756,1.8148,6.2810,2.4529

554.3280,0.1067,1.4029,3.8112,3.8737,-0.2020,6.0341,2.6373,1.9383,6.0341,2.5234

555.3270,0.1684,1.0325,3.8730,4.1206,0.0450,6.1575,2.0817,1.8869,6.1575,2.4970

556.3270,0.7240,0.7238,3.6878,3.8737,-0.3872,6.4045,1.9582,1.7634,6.4045,2.4264

557.3270,-0.0785,1.2794,3.5025,3.5033,-0.0785,6.1575,1.9582,1.6811,6.1575,2.3206

558.3270,0.2302,1.3412,3.3173,3.5033,-0.0167,6.1575,1.6495,1.6708,6.1575,2.3117

559.3270,0.1684,0.9708,3.8112,3.7502,-0.0167,6.2810,2.1434,1.8045,6.2810,2.4440

560.3270,0.2919,1.2794,3.4408,3.9354,0.2920,6.0958,2.5756,1.9692,6.0958,2.5587

561.3270,-0.0785,1.0942,3.8112,3.2563,-0.1402,6.2810,1.5260,1.5782,6.2810,2.2500

562.3270,0.0450,1.1560,4.1199,3.6885,0.0450,5.3550,2.0817,1.8560,5.3550,2.3559

563.3270,0.1684,1.2177,4.3052,4.3675,-0.3255,6.0958,2.0817,1.9692,6.0958,2.5587

564.3270,0.1684,0.9090,3.8112,3.8119,-0.2020,6.3427,2.2051,1.7840,6.3427,2.4352

565.3270,0.0450,1.0325,3.9965,3.5650,0.1685,6.8366,2.4521,1.8766,6.8366,2.5852

566.3280,-0.0785,1.2794,3.6878,3.7502,-0.0167,6.4662,2.0817,1.7840,6.4662,2.4529

567.3270,-0.2019,1.2177,4.1199,4.3058,-0.2637,6.2193,1.9582,1.8560,6.2193,2.4793

568.3270,0.3536,1.2177,3.6878,3.8737,-0.0785,6.2810,1.9582,1.8354,6.2810,2.4705

569.3270,0.1684,0.8473,3.5643,3.6885,-0.0785,6.1575,2.2051,1.7325,6.1575,2.3647

570.3280,-0.0785,1.4647,3.8112,3.8119,-0.2020,5.9106,2.6373,1.9074,5.9106,2.4793

571.3270,0.4153,1.1560,3.6260,3.6267,-0.0785,6.2810,2.3286,1.8457,6.2810,2.4793

572.3270,-0.2637,1.2177,3.6878,4.1206,-0.3872,6.2810,2.3904,1.7943,6.2810,2.4352

573.3280,0.3536,0.9708,3.6260,4.1823,-0.0167,6.2810,2.0817,1.8663,6.2810,2.4969

574.3270,0.1067,1.2177,3.7495,3.8737,-0.3255,5.8489,2.2669,1.8148,5.8489,2.3911

575.3270,-0.0168,0.8473,3.8730,3.9354,-0.0785,6.2193,2.5138,1.8457,6.2193,2.4705

576.3270,0.2302,1.0942,3.9965,3.5033,0.3537,6.0958,2.3286,1.9177,6.0958,2.5146

577.3270,0.2302,0.9708,3.7495,3.9354,-0.2020,5.9723,2.5138,1.8663,5.9723,2.4529

578.3270,0.3536,1.1560,3.9965,3.8737,-0.0167,5.7871,2.0199,1.8971,5.7871,2.4529

579.3280,-0.0785,0.9090,3.5643,3.9354,0.0450,6.0958,2.5138,1.8148,6.0958,2.4264

580.3270,-0.0168,1.7733,3.8112,3.4415,-0.0167,6.2193,2.3286,1.8869,6.2193,2.5058

581.3270,-0.0168,1.2177,3.5643,3.8737,0.0450,6.1575,2.4521,1.8560,6.1575,2.4705

582.3270,0.9092,0.7856,3.7495,3.6885,0.1067,5.8489,2.3904,1.9383,5.8489,2.4969

583.3270,0.1067,0.9708,3.8112,3.6267,-0.0167,6.5279,2.2669,1.7943,6.5279,2.4705

584.3270,-0.1402,1.0325,3.8112,3.5650,-0.0785,6.3427,3.1930,1.8972,6.3427,2.5323

585.3270,-0.5106,1.5881,3.3791,4.1823,-0.0785,6.3427,2.5756,1.8560,6.3427,2.4970

586.3270,-0.0168,1.0942,3.7495,4.3058,-0.0167,6.2193,2.0199,1.8560,6.2193,2.4793

587.3270,-0.0785,0.9090,3.6260,4.1823,0.1067,6.0341,1.7730,1.7531,6.0341,2.3647

588.3270,-0.2019,1.4647,3.9965,3.8119,0.1685,6.0958,2.4521,1.9486,6.0958,2.5411

589.3270,0.1067,1.4029,3.3173,3.3798,0.2302,6.1575,2.0817,1.7531,6.1575,2.3823

590.3270,-0.0168,1.0942,3.9347,4.1823,0.3537,6.0341,2.5138,2.0103,6.0341,2.5852

591.3270,0.0450,1.3412,3.6260,3.9354,0.0450,6.2193,1.8964,1.8148,6.2193,2.4440

592.3280,-0.0785,0.3534,3.7495,3.9971,-0.0785,6.3427,2.3286,1.7119,6.3427,2.3735

593.3270,0.1067,1.0325,3.9347,3.8737,0.0450,6.2810,2.3904,1.8972,6.2810,2.5234

594.3270,0.4771,1.4647,3.6260,3.7502,0.2302,6.2810,1.8347,1.8971,6.2810,2.5234

595.3270,0.1067,0.7856,3.5643,3.6267,0.1067,5.9106,2.2669,1.7428,5.9106,2.3382

596.3270,-0.0785,1.1560,3.9347,3.8119,-0.3872,6.4662,2.1434,1.7634,6.4662,2.4352

597.3270,0.0450,0.9090,3.6878,3.8119,-0.0785,6.2193,2.3904,1.7943,6.2193,2.4264

598.3280,0.3536,0.9708,3.8112,3.8737,-0.0785,6.0341,2.2669,1.8663,6.0341,2.4617

599.3270,-0.0168,0.9090,3.6260,3.9354,0.0450,5.8489,2.3904,1.8148,5.8489,2.3911

600.3270,0.0450,0.7856,3.6260,3.7502,0.2302,5.8489,2.5756,1.8354,5.8489,2.4088

601.3270,0.2302,0.9708,3.4408,3.7502,0.1067,5.9723,2.2051,1.7840,5.9723,2.3823

602.3270,-0.2637,1.4647,3.6878,3.4415,-0.2020,6.1575,1.8964,1.6708,6.1575,2.3118

603.3270,-0.0785,1.2794,3.8112,3.8119,-0.1402,6.1575,2.6991,1.8972,6.1575,2.5058

604.3270,0.2919,0.9090,3.4408,3.8119,0.2920,6.0958,2.3904,1.8560,6.0958,2.4617

605.3270,-0.0168,1.7733,4.1199,4.1823,-0.1402,6.0958,2.5138,2.0721,6.0958,2.6469

606.3280,-0.3871,1.4029,3.5025,3.6267,-0.1402,6.2193,1.8964,1.6502,6.2193,2.3029

607.3270,0.3536,0.7238,1.7121,4.1206,-0.3872,5.9106,2.2051,1.4547,5.9106,2.0912

608.3270,-0.1402,0.4151,3.7495,4.3675,-0.5724,6.4045,2.2051,1.6708,6.4045,2.3470

609.3270,-0.3871,1.2177,3.9347,3.3180,0.0450,6.3427,2.5756,1.7840,6.3427,2.4352

610.3270,-0.0785,1.1560,3.5643,3.8737,0.0450,6.0958,2.4521,1.8354,6.0958,2.4440

611.3270,0.1067,1.1560,3.7495,3.5650,0.2302,5.7871,2.1434,1.8251,5.7871,2.3911

612.3270,-0.0785,0.7238,3.6260,3.8737,-0.1402,6.3427,1.5260,1.5885,6.3427,2.2676

613.3270,0.2919,1.0325,3.9347,3.9971,-0.5724,6.5279,1.9582,1.7737,6.5279,2.4528

614.3270,0.2919,0.8473,3.5025,3.8737,-0.1402,6.2810,1.9582,1.7222,6.2810,2.3735

615.3270,0.0450,0.8473,4.2434,3.7502,-0.0785,6.2810,2.2669,1.8457,6.2810,2.4793

616.3280,-0.0168,0.7238,3.6260,4.0589,0.2302,5.7254,2.2669,1.8148,5.7254,2.3735

617.3270,0.2302,0.9090,3.6260,3.5650,0.0450,5.8489,2.0817,1.7428,5.8489,2.3294

618.3270,-0.3254,1.3412,3.6260,3.5033,-0.0167,5.4784,1.6495,1.6296,5.4784,2.1795

619.3270,-0.6340,1.2794,4.0582,4.0589,0.1067,6.1575,2.8225,1.9486,6.1575,2.5499

620.3270,-0.0785,1.1560,3.8730,3.2563,0.1067,6.1575,2.0817,1.7325,6.1575,2.3647

621.3270,0.5388,0.8473,3.5025,3.7502,0.0450,6.2810,2.0817,1.7942,6.2810,2.4352

622.3270,-0.2019,1.5881,3.5643,3.5650,0.1685,5.8489,2.2669,1.8251,5.8489,2.4000

623.3270,0.1067,1.4029,3.5025,3.9354,0.0450,5.9106,1.8964,1.8148,5.9106,2.3999

624.3270,0.4153,1.1560,3.8112,3.6885,-0.1402,6.0958,2.6373,1.9280,6.0958,2.5234

625.3270,-0.3871,1.5264,3.9965,3.9354,0.1067,5.5402,2.6373,1.9692,5.5402,2.4793

626.3280,0.1684,0.7238,3.6260,4.3058,-0.0167,6.0341,2.2669,1.8457,6.0341,2.4440

627.3270,-0.0168,0.9708,3.4408,4.6762,-1.1281,6.2810,2.1434,1.6810,6.2810,2.3382

628.3270,-0.0168,0.4151,3.7495,3.5033,0.1067,6.2193,2.2669,1.6708,6.2193,2.3206

629.3270,0.1684,1.2177,3.5643,3.4415,0.6007,6.0341,2.2051,1.8663,6.0341,2.4617

630.3270,0.3536,0.7238,3.8112,3.9354,-0.0785,6.2810,2.3904,1.8560,6.2810,2.4881

631.3270,-0.0785,1.5881,3.9965,3.7502,0.1067,6.2193,2.1434,1.9177,6.2193,2.5322

632.3270,-0.1402,1.2177,4.7991,3.8737,-0.0167,6.0958,2.3904,2.0206,6.0958,2.6028

633.3270,-0.2019,1.0325,3.8730,4.8614,0.2302,6.0958,2.3904,2.0309,6.0958,2.6116

634.3270,0.4771,1.0942,3.6260,3.5650,0.0450,6.0341,2.1434,1.8251,6.0341,2.4264

635.3270,-0.0168,0.9708,3.5643,3.6267,-0.6342,6.3427,2.5756,1.6811,6.3427,2.3470

636.3270,-0.1402,1.0325,3.6878,3.8119,0.6624,6.4045,2.1434,1.8663,6.4045,2.5146

637.3270,-0.3871,1.1560,3.5643,3.8737,0.3537,6.2193,2.6373,1.8663,6.2193,2.4882

638.3270,0.6622,0.9708,3.7495,3.3180,0.1685,6.4662,2.2669,1.8560,6.4662,2.5146

639.3280,-0.0168,0.8473,4.1817,3.9971,-0.0785,5.9723,2.5756,1.9177,5.9723,2.4970

640.3270,0.2919,0.9090,4.0582,4.1206,-0.0167,5.9723,2.1434,1.9177,5.9723,2.4970

641.3270,-0.0168,1.1560,3.5643,3.4415,-0.5107,6.1575,2.0817,1.6193,6.1575,2.2676

642.3270,0.2919,0.2917,3.5643,3.9354,0.1685,6.1575,2.3904,1.7737,6.1575,2.3999

643.3270,-0.8192,1.2177,3.5025,3.6885,0.0450,6.1575,2.8843,1.7531,6.1575,2.3823

644.3270,0.1067,0.6003,3.5025,3.7502,0.4772,6.1575,2.0199,1.7428,6.1575,2.3735

645.3270,0.1684,1.0942,3.8730,4.9231,0.1067,6.0958,2.2051,2.0618,6.0958,2.6381

646.3280,0.1684,0.8473,4.0582,3.5650,0.4772,6.5897,2.2669,1.8972,6.5897,2.5675

647.3270,0.2919,0.7238,3.1321,3.1946,0.1067,6.2193,1.5877,1.5061,6.2193,2.1794

648.3270,0.4771,1.2794,3.5025,4.3058,-0.5107,6.0341,2.4521,1.9177,6.0341,2.5058

649.3270,-0.0785,1.4029,3.5643,3.8119,0.2302,6.2193,2.2669,1.8663,6.2193,2.4881

650.3270,-0.1402,1.1560,3.5025,3.9354,-0.0167,6.3427,2.6991,1.8560,6.3427,2.4970

651.3270,0.1684,1.2794,3.9347,3.8119,1.0946,6.2810,2.0199,2.0515,6.2810,2.6557

652.3270,-0.1402,1.1560,3.4408,3.6885,-0.2020,6.4662,2.1434,1.6811,6.4662,2.3647

653.3270,-0.2019,1.3412,3.5643,3.9971,0.4155,6.2810,2.1434,1.8766,6.2810,2.5058

654.3270,-0.2019,1.2794,3.8730,4.1823,0.4155,6.1575,1.9582,1.9177,6.1575,2.5234

655.3270,0.1067,1.3412,3.3173,3.6885,-0.2020,6.7749,1.8964,1.6914,6.7749,2.4176

656.3270,0.1684,0.6003,3.8112,4.1823,0.1067,6.1575,2.0817,1.8251,6.1575,2.4440

657.3270,-0.0785,1.5264,3.6878,3.5033,0.2302,7.4540,2.6991,1.9280,7.4540,2.7175

658.3270,0.1684,1.0325,3.8112,3.8737,0.7242,6.1575,1.9582,1.9280,6.1575,2.5322

659.3270,0.2302,0.9708,3.9347,3.1946,-0.5724,6.0958,2.1434,1.6502,6.0958,2.2853

660.3270,-0.2019,1.0325,3.5643,3.6267,-0.0167,6.0958,2.9460,1.8251,6.0958,2.4352

661.3270,-0.0785,0.6003,3.6260,3.5033,0.1067,6.3427,3.0695,1.8046,6.3427,2.4529

662.3280,-0.0168,1.2177,4.2434,3.8119,-0.0785,6.2810,1.9582,1.8560,6.2810,2.4881

663.3270,-0.0785,1.7116,3.5025,3.2563,-0.0785,6.2810,2.2669,1.7634,6.2810,2.4088

664.3270,-0.0168,1.2177,3.8112,2.9476,0.9094,5.9106,2.5138,1.8972,5.9106,2.4705

665.3270,0.2302,1.0325,3.8730,4.0589,0.1685,6.5897,2.5138,1.9795,6.5897,2.6381

666.3270,-0.1402,1.7116,3.9965,3.5650,0.0450,6.2810,2.2669,1.9075,6.2810,2.5322

667.3270,-0.1402,1.3412,3.8112,4.3058,0.2302,6.0958,2.3286,1.9795,6.0958,2.5675

668.3270,0.3536,2.0203,3.8112,3.4415,-0.0785,6.2810,2.0199,1.9280,6.2810,2.5499

669.3270,-0.1402,0.9090,3.8730,4.1206,0.2302,5.9106,2.7608,1.9589,5.9106,2.5234

670.3280,-0.3871,1.1560,3.7495,3.6267,0.3537,6.2810,2.5756,1.8457,6.2810,2.4793

671.3270,1.1561,0.7856,3.6878,3.8119,-0.2020,6.2810,1.9582,1.8663,6.2810,2.4969

672.3270,-0.0168,0.9090,3.8112,3.7502,0.2920,6.3427,2.0817,1.8046,6.3427,2.4529

673.3270,-2.1155,1.9585,3.3173,3.9971,-0.0167,6.4045,2.3904,1.5885,6.4045,2.2765

674.3280,0.3536,0.9708,4.4286,4.3675,-0.0167,5.9723,2.2669,2.0618,5.9723,2.6204

675.3270,-0.0785,1.0942,3.5025,3.8737,0.1067,6.5897,2.2669,1.7943,6.5897,2.4793

676.3270,0.1684,0.7238,3.5025,3.7502,-0.0785,6.2193,2.2051,1.7119,6.2193,2.3558

677.3270,0.3536,1.0325,3.5025,3.5650,-0.1402,6.0958,1.8964,1.7016,6.0958,2.3294

678.3270,0.0450,1.0325,3.5643,3.1946,0.6007,6.0341,2.1434,1.7634,6.0341,2.3735

679.3270,-0.0785,1.7116,3.5643,3.7502,0.0450,6.2193,2.0199,1.8354,6.2193,2.4617

680.3270,0.2302,1.0942,3.9965,4.1823,0.2302,5.8489,2.2051,1.9898,5.8489,2.5411

681.3270,-0.0785,1.4029,3.6260,3.9971,-0.3872,6.6514,2.0817,1.7737,6.6514,2.4705

682.3280,-0.2637,1.2177,3.7495,3.4415,-0.6959,5.7254,2.2051,1.6090,5.7254,2.1971

683.3270,0.2919,0.6003,3.5025,3.4415,-0.0167,5.7254,2.0817,1.6502,5.7254,2.2324

684.3270,0.1067,1.0942,3.6878,3.5650,-0.3255,6.4045,1.7112,1.6399,6.4045,2.3206

685.3270,-0.0785,1.2177,3.8112,4.8614,-0.6959,6.5897,2.3286,1.9074,6.5897,2.5763

686.3270,0.1067,0.9708,3.6878,3.8737,-0.2020,6.3427,1.9582,1.7325,6.3427,2.3911

687.3270,0.1684,0.8473,3.5025,4.2441,0.0450,5.9723,2.3286,1.8560,5.9723,2.4440

688.3270,0.0450,1.0325,3.5025,3.8119,-0.0167,6.1575,2.3286,1.7840,6.1575,2.4088

689.3280,-0.0168,1.0325,3.9965,3.5650,0.9711,6.2810,1.8964,1.9075,6.2810,2.5323

690.3270,0.6622,0.9708,3.4408,3.7502,0.1685,6.3427,2.0199,1.8354,6.3427,2.4793

691.3270,0.2302,1.2177,3.6878,4.3675,0.1067,6.0341,2.3286,1.9898,6.0341,2.5675

692.3270,0.1684,1.2794,3.9965,3.9354,0.3537,6.7132,2.8225,2.0927,6.7132,2.7527

693.3270,-0.0785,0.9708,4.1199,3.5650,-0.0785,6.4662,2.0817,1.7634,6.4662,2.4352

694.3270,0.0450,0.9090,3.8112,3.8737,0.0450,6.2810,2.8225,1.9177,6.2810,2.5411

695.3280,0.1067,1.0942,3.4408,3.5650,-0.2637,6.2193,2.0199,1.6605,6.2193,2.3117

696.3270,-0.0168,1.0325,3.6260,3.3798,0.0450,6.0958,2.2669,1.7222,6.0958,2.3470

697.3270,-0.1402,1.4029,3.8112,5.1701,0.4155,6.1575,2.0199,2.1132,6.1575,2.6910

698.3270,0.0450,1.5264,4.2434,3.9354,-0.1402,6.0341,2.3286,1.9898,6.0341,2.5675

699.3270,1.2795,0.4151,4.3669,3.8119,0.0450,6.3427,1.8347,1.9589,6.3427,2.5851

700.3270,-0.1402,0.9708,3.8112,3.8737,-0.3255,6.2810,2.5756,1.7943,6.2810,2.4352

701.3270,0.2919,0.7856,3.1321,3.7502,0.3537,6.2193,2.0199,1.7222,6.2193,2.3647

702.3280,-0.0168,1.2177,3.8730,3.9354,-0.0167,6.4662,2.2051,1.8663,6.4662,2.5234

703.3270,-0.2019,0.8473,3.6260,3.5033,0.1067,6.2193,2.7608,1.7737,6.2193,2.4088

704.3280,0.1684,0.9708,4.3052,4.2441,0.1067,5.9106,2.0817,1.9795,5.9106,2.5411

705.3270,-0.2019,1.0325,3.4408,4.1206,-0.0785,6.1575,2.1434,1.7428,6.1575,2.3735

706.3270,-0.0168,1.0942,3.8112,3.2563,0.1685,6.4045,2.3904,1.7840,6.4045,2.4440

707.3280,-0.0785,1.0942,3.5025,3.8737,0.0450,6.5897,2.4521,1.8148,6.5897,2.4970

708.3270,0.1067,0.6621,3.7495,3.9971,-0.5107,6.2810,2.5138,1.7531,6.2810,2.3999

709.3270,-0.0785,1.0942,3.6878,4.2441,0.3537,6.2193,2.3286,1.9383,6.2193,2.5499

710.3270,-0.6958,1.2794,3.3791,3.1946,0.1067,6.2193,1.7730,1.5062,6.2193,2.1795

711.3270,0.4153,1.2177,3.6260,3.8737,-0.0785,6.2193,2.0199,1.8457,6.2193,2.4705

712.3270,-0.2019,1.3412,3.5643,3.9971,-0.0785,6.7749,2.1434,1.7943,6.7749,2.5058

713.3270,0.1684,1.4029,3.6878,3.5650,-0.2637,6.1575,2.6373,1.8663,6.1575,2.4793

714.3270,-0.0168,1.3412,4.1199,4.1206,-0.2020,6.2193,2.3286,1.9486,6.2193,2.5587

715.3270,-0.0168,0.9708,3.1321,3.6267,-0.0167,6.0341,1.9582,1.6090,6.0341,2.2412

716.3270,0.1067,0.7238,3.6260,3.7502,0.1685,5.8489,2.3904,1.7943,5.8489,2.3735

717.3270,0.2919,1.5881,3.6260,3.8119,-0.2020,6.3427,2.2051,1.8869,6.3427,2.5234

718.3270,0.3536,1.4029,3.7495,3.3798,-0.1402,6.4662,1.9582,1.7840,6.4662,2.4529

719.3270,-0.6340,0.8473,3.5025,3.5033,0.0450,6.4662,2.3286,1.5988,6.4662,2.2941

720.3270,-0.2019,1.1560,3.6260,3.9971,-0.0785,6.0958,2.3286,1.8046,6.0958,2.4176

721.3270,1.2178,0.0447,3.5025,3.1946,-0.0167,6.2810,2.2669,1.7016,6.2810,2.3558

722.3280,0.0450,1.0325,3.5025,3.9971,0.2302,5.9723,2.8225,1.9383,5.9723,2.5146

723.3270,0.3536,0.7238,3.6878,3.8119,-0.0785,6.1575,1.8347,1.7222,6.1575,2.3558

724.3270,-0.0168,1.1560,3.1938,3.7502,-0.1402,6.3427,2.0817,1.6708,6.3427,2.3382

725.3270,-0.0168,1.5264,3.9347,3.9971,-0.8811,6.4045,2.4521,1.8354,6.4045,2.4881

726.3270,0.1067,1.0942,4.1817,3.6885,-0.0785,6.2193,2.2051,1.8663,6.2193,2.4881

727.3270,-0.0785,1.6499,3.3791,3.8119,0.0450,6.2810,1.5877,1.7325,6.2810,2.3823

728.3270,0.0450,1.3412,4.2434,3.9354,-0.0167,5.6019,2.6373,2.0309,5.6019,2.5411

729.3270,0.2919,1.3412,3.8730,4.3675,0.1067,6.1575,2.0199,2.0000,6.1575,2.5940

730.3270,-0.0168,1.0325,3.8730,3.9971,0.5389,6.4662,2.0199,1.9075,6.4662,2.5587

731.3270,0.1067,1.0942,3.5643,3.4415,-0.2020,6.5279,2.3286,1.7222,6.5279,2.4088

732.3270,-0.2637,1.0325,3.5643,3.6885,0.1067,6.0958,2.6991,1.8046,6.0958,2.4176

733.3270,0.2919,1.2177,3.8112,4.1206,0.1685,6.2193,2.1434,1.9589,6.2193,2.5675

734.3270,-0.4489,1.1560,4.7373,4.1206,-0.1402,5.8489,3.0695,2.0824,5.8489,2.6205

735.3270,-0.0785,0.5386,3.8730,4.7997,0.1685,6.1575,2.3286,1.9383,6.1575,2.5411

736.3270,-0.2637,0.4769,3.7495,3.6885,-0.2020,6.4045,2.2669,1.6193,6.4045,2.3029

737.3280,-0.0168,0.8473,3.0704,3.6885,-0.0785,5.9723,2.3286,1.6399,5.9723,2.2588

738.3270,-0.0785,0.9090,3.6260,3.3798,-0.0785,6.4662,2.0817,1.6399,6.4662,2.3294

739.3270,0.1684,1.2177,4.0582,4.1206,0.0450,5.9723,2.2051,1.9692,5.9723,2.5411

740.3270,-0.1402,0.8473,3.5025,3.6885,0.1067,6.0341,2.3286,1.7222,6.0341,2.3382

741.3270,-0.3254,0.9708,3.8112,3.8737,0.1685,6.0958,3.0695,1.9280,6.0958,2.5234

742.3270,0.3536,1.3412,4.1199,4.2441,-0.0785,6.2193,2.3286,2.0515,6.2193,2.6469

743.3270,-0.7575,1.5264,3.5025,3.3180,0.2920,6.3427,2.6373,1.7531,6.3427,2.4088

744.3270,-0.0785,0.5386,3.5025,3.3798,0.0450,5.8489,2.2051,1.5988,5.8489,2.2059

745.3270,0.2302,0.9708,3.8730,3.5650,-0.9429,6.1575,1.6495,1.5576,6.1575,2.2147

746.3280,0.1684,1.4647,3.4408,4.2441,0.2302,6.0341,2.1434,1.9486,6.0341,2.5322

747.3270,0.1684,1.5264,3.6878,4.1206,0.0450,5.9723,2.2051,1.9589,5.9723,2.5322

748.3270,0.1067,1.1560,3.6878,4.1206,0.1067,6.0958,2.0817,1.8766,6.0958,2.4793

749.3270,-0.2019,0.4151,3.8730,3.4415,-0.0167,6.3427,2.8225,1.7222,6.3427,2.3823

750.3270,0.0450,1.5264,3.5025,3.5650,-0.1402,6.2193,2.2669,1.7943,6.2193,2.4264

751.3270,-0.0168,1.2177,2.9469,4.2441,-0.1402,6.2193,2.2669,1.7531,6.2193,2.3911

752.3270,0.1067,1.6499,3.0704,3.8737,0.0450,5.9723,2.2051,1.8251,5.9723,2.4176

753.3270,1.0943,0.6003,3.8730,3.2563,-0.2020,6.2810,1.8964,1.7531,6.2810,2.3999

754.3280,0.0450,0.5386,4.1199,3.5650,-0.1402,6.1575,1.8347,1.6605,6.1575,2.3029

755.3270,-1.0661,1.8351,3.4408,3.8119,-0.0785,6.1575,2.5756,1.7531,6.1575,2.3823

756.3270,-0.6340,1.4029,3.7495,3.8737,-0.0785,5.6636,2.3286,1.7737,5.6636,2.3294

757.3270,0.6622,1.1560,3.8112,3.9971,0.4155,5.9723,2.2669,2.0515,5.9723,2.6116

758.3270,0.1067,0.4151,3.8730,3.6885,-0.0167,6.1575,2.2051,1.7119,6.1575,2.3470

759.3270,-0.0785,1.4647,3.5025,3.6267,0.4772,6.4045,2.0199,1.8354,6.4045,2.4881

760.3270,-0.0168,0.8473,3.5025,3.5650,1.2799,5.3550,2.5756,1.9589,5.3550,2.4441

761.3270,-0.5723,1.3412,3.8730,3.2563,0.2302,6.1575,2.4521,1.7634,6.1575,2.3911

762.3270,0.1067,1.5264,3.4408,3.8119,0.2920,7.3305,1.8347,1.8354,7.3305,2.6204

763.3270,0.4771,0.9090,3.9347,3.6885,0.2920,5.9723,2.2669,1.9280,5.9723,2.5058

764.3270,0.0450,0.4151,3.8730,3.5650,0.2302,6.1575,1.8964,1.6708,6.1575,2.3118

765.3270,-0.0785,0.7856,3.8730,3.6267,0.1067,6.1575,3.5017,1.9692,6.1575,2.5675

766.3270,0.3536,1.1560,3.6260,3.8119,-0.2020,6.2810,2.2669,1.8354,6.2810,2.4705

767.3270,0.1067,1.4029,3.5025,3.3180,0.0450,6.0958,2.0817,1.7428,6.0958,2.3647

768.3270,0.4153,1.2177,3.3791,3.6267,0.0450,6.4662,2.3904,1.8457,6.4662,2.5058

769.3270,-0.2019,1.3412,3.6878,4.1206,0.3537,6.2810,2.0199,1.8869,6.2810,2.5146

770.3270,0.2919,1.0325,3.1321,3.7502,-0.0167,6.3427,2.1434,1.7222,6.3427,2.3823

771.3270,-0.0785,1.4029,3.8730,3.5650,-0.0167,6.0958,2.3904,1.8560,6.0958,2.4617

772.3270,0.2302,1.3412,4.1199,4.1206,0.0450,6.3427,2.2051,2.0103,6.3427,2.6292

773.3270,-0.1402,1.0942,3.6878,3.8737,0.4155,6.3427,1.9582,1.8148,6.3427,2.4617

774.3270,0.0450,0.7238,2.9469,4.1823,0.1685,6.0341,2.9460,1.8354,6.0341,2.4352

775.3270,-0.0785,1.2177,3.9347,3.8119,-0.0167,6.6514,2.3286,1.8663,6.6514,2.5499

776.3270,-0.1402,1.2794,3.8112,3.7502,-0.2020,6.3427,2.0817,1.7634,6.3427,2.4176

777.3280,-0.0168,1.0325,4.0582,3.9354,-0.3255,6.5279,1.9582,1.7737,6.5279,2.4529

778.3270,0.1067,1.1560,3.8112,3.1946,0.2920,5.6636,2.4521,1.8354,5.6636,2.3823

779.3270,0.2302,0.8473,3.3173,3.3798,0.2302,6.0341,2.2669,1.7119,6.0341,2.3294

780.3270,-0.0785,0.7856,3.5025,4.1206,-0.0167,6.4662,2.6373,1.8251,6.4662,2.4881

781.3270,0.2919,0.6003,3.3173,3.6885,0.2920,6.2810,1.8347,1.6708,6.2810,2.3294

782.3270,0.1684,0.9090,3.2556,4.0589,0.2920,6.1575,1.6495,1.7222,6.1575,2.3558

783.3270,0.5388,1.2177,3.2556,4.0589,-0.1402,5.9723,2.2051,1.8560,5.9723,2.4440

784.3270,0.0450,0.9708,3.6260,3.9971,-0.0785,6.3427,2.3904,1.8251,6.3427,2.4705

785.3270,-2.0538,1.5881,3.3173,3.7502,0.0450,6.0958,2.3904,1.5062,6.0958,2.1619

786.3270,0.1684,0.9708,4.3669,3.8737,0.1067,6.2193,2.4521,1.9898,6.2193,2.5940

787.3280,0.2302,0.8473,3.8730,3.9354,-0.2637,6.1575,1.9582,1.7634,6.1575,2.3911

788.3270,0.2302,0.7856,3.5025,3.8119,-0.5724,6.4662,2.1434,1.6502,6.4662,2.3382

789.3270,-0.0785,0.5386,3.8112,3.7502,-0.2020,6.2810,2.2051,1.6708,6.2810,2.3294

790.3270,0.2919,1.3412,3.3173,3.6267,-0.1402,6.3427,1.7730,1.7016,6.3427,2.3647

791.3270,-0.2019,1.1560,3.8112,4.3675,0.1067,6.0958,2.2669,1.9177,6.0958,2.5146

792.3280,-0.3871,1.1560,3.1321,4.0589,-0.3255,6.3427,2.5138,1.6914,6.3427,2.3558

793.3270,0.2302,0.4769,3.6260,3.9354,-0.2020,6.3427,2.6373,1.7840,6.3427,2.4352

794.3270,-0.0785,1.3412,3.3173,4.4293,-0.2020,6.4662,2.2669,1.8457,6.4662,2.5058

795.3270,0.1067,0.6621,3.6260,2.7624,0.5389,6.0341,2.6373,1.7222,6.0341,2.3382

796.3280,-0.1402,0.8473,3.6260,3.5033,0.4155,6.4045,2.4521,1.7840,6.4045,2.4441

797.3270,-0.0168,0.6621,3.5025,3.6885,-0.1402,6.0958,2.6373,1.7222,6.0958,2.3470

798.3280,0.0450,1.0942,3.5025,3.8737,-0.1402,6.3427,1.8964,1.7119,6.3427,2.3735

799.3270,-0.2019,0.9708,3.3173,4.0589,0.0450,6.5897,1.8964,1.6811,6.5897,2.3823

800.3280,0.2302,1.2794,3.5025,4.0589,-0.0785,6.1575,1.8347,1.8045,6.1575,2.4264

801.3270,-0.0168,0.9708,3.7495,3.6885,-0.1402,6.5897,1.9582,1.7017,6.5897,2.3999

802.3270,-0.0168,1.0942,3.5643,3.9971,0.5389,6.2810,1.7112,1.8148,6.2810,2.4529

803.3270,0.0450,1.2794,3.8730,3.9971,0.2302,6.0341,2.3286,1.9589,6.0341,2.5411

804.3270,-0.2019,1.0325,3.8112,3.9354,-0.3255,6.4045,2.3904,1.7737,6.4045,2.4352

805.3270,-0.2019,1.0325,3.3173,2.8242,0.6624,6.0341,2.0817,1.6194,6.0341,2.2500

806.3270,-0.0168,0.5386,3.4408,3.8737,-0.0785,6.1575,2.5756,1.7222,6.1575,2.3558

807.3270,0.3536,0.7856,3.9347,3.6885,-0.0785,5.8489,1.8347,1.7531,5.8489,2.3382

808.3270,0.1067,1.5881,3.8730,3.9971,-0.1402,6.2193,2.5756,2.0000,6.2193,2.6028

809.3270,-0.2019,1.0942,3.3791,3.7502,0.2302,6.2193,1.8964,1.6914,6.2193,2.3382

810.3270,-0.2019,1.5264,3.1938,3.5650,-0.0785,6.2810,2.2669,1.7119,6.2810,2.3647

811.3280,0.1684,0.6003,3.8112,4.1823,0.0450,6.2193,0.7851,1.5987,6.2193,2.2588

812.3270,0.1067,0.9708,4.1199,3.5033,0.4772,6.4662,2.0199,1.8663,6.4662,2.5234

813.3270,0.0450,1.4029,3.3791,3.9971,-0.7577,6.5279,2.0817,1.6913,6.5279,2.3823

814.3270,0.2302,0.8473,3.8730,3.8737,-0.0785,5.9106,2.0199,1.7943,5.9106,2.3823

815.3270,0.4771,2.0203,3.2556,3.9354,-0.0785,6.4662,1.6495,1.8765,6.4662,2.5322

816.3270,0.1684,0.6621,4.0582,3.1328,0.0450,6.0341,1.6495,1.6193,6.0341,2.2500

817.3270,0.4153,0.9090,3.5643,3.6267,-0.0167,5.9106,2.3286,1.8045,5.9106,2.3911

818.3270,0.0450,1.0325,3.6878,3.3180,-0.0785,6.7749,2.2051,1.7017,6.7749,2.4264

819.3270,0.0450,0.8473,3.7495,3.6885,0.4155,6.6514,2.8225,1.9280,6.6514,2.6028

820.3270,0.1067,0.6003,4.1199,3.8119,0.4772,6.3427,0.2912,1.5679,6.3427,2.2500

821.3270,0.0450,0.7856,3.9347,3.6885,0.1067,6.7132,2.3904,1.8251,6.7132,2.5234

822.3280,0.2919,1.2794,3.8730,3.7502,-0.0167,6.6514,1.9582,1.8560,6.6514,2.5410

823.3270,0.4771,0.9708,3.6878,3.5033,0.1685,6.1575,1.5877,1.7325,6.1575,2.3647

824.3270,-0.2637,0.2299,3.6260,3.6885,-0.1402,6.3427,2.2051,1.5576,6.3427,2.2412

825.3270,0.2919,0.9090,3.8112,3.6267,-0.3255,6.2810,1.8347,1.6914,6.2810,2.3470

826.3270,0.5388,0.9090,3.5643,3.9971,-0.1402,6.3427,2.3286,1.8663,6.3427,2.5058

827.3270,0.1684,1.3412,3.8112,2.7007,0.9711,5.7871,2.1434,1.8560,5.7871,2.4176

828.3270,0.1067,0.6621,3.5643,3.4415,-0.0785,6.2193,2.2051,1.6502,6.2193,2.3029

829.3270,-0.0785,1.2177,3.6260,4.0589,0.3537,6.0341,2.4521,1.9383,6.0341,2.5234

830.3270,-0.2019,0.7856,3.8112,4.1823,-0.3872,6.4045,2.4521,1.7737,6.4045,2.4352

831.3270,0.2919,0.4151,3.5643,3.5650,-0.2637,6.2193,2.1434,1.6193,6.2193,2.2765

832.3270,-0.1402,1.5264,3.1938,3.6267,0.2920,6.0958,2.2669,1.7943,6.0958,2.4088

833.3270,0.4771,1.1560,3.8112,3.6267,-0.0785,6.2810,2.8225,1.9692,6.2810,2.5852

834.3270,-0.0168,0.6621,3.8730,3.6885,0.5389,6.4045,2.1434,1.8148,6.4045,2.4705

835.3270,-0.2019,1.2177,3.8730,4.1823,0.0450,6.0341,3.2547,2.0618,6.0341,2.6293

836.3270,-0.2637,1.4029,3.7495,3.9971,0.5389,6.2193,1.7112,1.8560,6.2193,2.4793

837.3270,0.0450,-0.2022,3.3791,3.6885,-0.1402,6.2810,1.8964,1.4444,6.2810,2.1354

838.3270,0.0450,1.2794,4.0582,4.4293,0.2920,6.0958,2.6373,2.1235,6.0958,2.6910

839.3270,-0.3871,0.9090,3.5025,3.6885,-0.3872,6.2810,2.0199,1.5576,6.2810,2.2324

840.3270,0.2302,0.7856,3.9965,3.6267,-0.2020,6.0341,1.8347,1.7119,6.0341,2.3294

841.3270,-0.1402,1.4647,3.7495,3.5650,-0.3872,6.2193,2.2051,1.7428,6.2193,2.3823

842.3270,0.1067,1.0942,3.6878,3.9971,-0.0785,6.7749,2.2051,1.8354,6.7749,2.5411

843.3270,-0.0785,0.9708,3.2556,3.7502,0.1685,6.5897,1.9582,1.6708,6.5897,2.3735

844.3280,-0.0785,0.7856,3.7495,3.9354,0.0450,6.0341,1.7112,1.6914,6.0341,2.3117

845.3280,0.1067,0.6621,3.7495,3.8119,0.5389,6.2810,2.5756,1.9075,6.2810,2.5322

846.3270,-0.0785,0.6621,3.8730,3.3180,-0.1402,6.2193,1.6495,1.5473,6.2193,2.2147

847.3280,-0.5106,0.9090,3.7495,3.1946,0.0450,6.5279,1.7730,1.5267,6.5279,2.2412

848.3270,0.2919,0.6621,3.5643,3.8737,-0.1402,6.3427,1.8964,1.6914,6.3427,2.3558

849.3270,-0.1402,0.9708,3.7495,3.6267,0.2920,6.3427,2.2669,1.7943,6.3427,2.4441

850.3270,-0.3871,0.8473,3.3173,3.9971,0.0450,6.4662,2.2051,1.6708,6.4662,2.3559

851.3270,0.1067,0.7238,3.7495,3.8119,0.1067,6.2810,2.7608,1.8766,6.2810,2.5058

852.3270,0.0450,1.0942,3.4408,3.5650,-0.0167,6.2810,2.1434,1.7119,6.2810,2.3647

853.3270,0.1067,1.5881,3.6260,3.5033,-0.0167,6.1575,2.2051,1.8354,6.1575,2.4529

854.3270,0.3536,0.7856,3.4408,3.6885,-0.2020,6.0341,1.9582,1.6708,6.0341,2.2941

855.3270,0.1684,1.2177,3.5643,3.7502,-0.2020,6.1575,2.5756,1.8457,6.1575,2.4617

856.3270,0.2919,0.9090,3.8112,3.6267,-0.0167,6.2193,2.1434,1.7943,6.2193,2.4264

857.3270,0.0450,1.0942,3.5025,3.6885,0.3537,6.4045,2.3286,1.8354,6.4045,2.4881

858.3270,0.6622,0.9708,3.6878,3.7502,0.0450,6.1575,2.2669,1.8971,6.1575,2.5058

859.3270,0.2302,1.2794,3.8730,3.9971,-0.0167,6.5897,2.2051,1.9280,6.5897,2.5940

860.3270,-0.4489,1.2794,3.3173,3.9354,0.0450,6.0958,1.9582,1.6811,6.0958,2.3118

861.3270,0.0450,0.6003,3.5643,3.8119,0.0450,6.1575,2.2051,1.7119,6.1575,2.3470

862.3270,0.1684,0.9708,3.6878,2.8242,0.3537,6.5279,2.7608,1.7943,6.5279,2.4705

863.3270,-0.0168,2.0820,2.4529,3.5650,0.2302,6.2193,1.8964,1.7016,6.2193,2.3470

864.3270,0.4771,0.5386,3.2556,3.4415,0.0450,6.5279,2.2669,1.6708,6.5279,2.3647

865.3270,-1.3130,1.7116,3.2556,3.8737,0.1685,6.3427,2.5756,1.7120,6.3427,2.3735

866.3270,-0.1402,1.0942,3.4408,3.9971,0.1067,6.1575,1.7112,1.7017,6.1575,2.3382

867.3270,-0.0785,1.1560,3.0704,3.9971,0.2920,6.2193,2.5138,1.8251,6.2193,2.4529

868.3280,-0.0168,1.0325,4.1199,3.1946,0.4772,6.0958,1.7112,1.7531,6.0958,2.3735

869.3270,-0.2019,1.0942,3.6260,3.1946,0.0450,6.1575,2.4521,1.7017,6.1575,2.3382

870.3270,-0.2019,0.9090,3.8112,3.0711,0.2302,6.2810,1.9582,1.6296,6.2810,2.2941

871.3270,-1.1279,1.7733,3.8730,3.9971,-0.2637,6.1575,2.4521,1.7840,6.1575,2.4088

872.3270,-0.0785,1.0942,3.7495,3.7502,-0.3872,6.4045,2.6373,1.7943,6.4045,2.4529

873.3270,0.0450,1.2177,3.5643,3.4415,0.2302,6.2193,2.2051,1.7840,6.2193,2.4176

874.3270,-0.2637,0.8473,3.5643,3.6885,0.0450,6.1575,1.6495,1.5885,6.1575,2.2412

875.3270,0.0450,0.7238,3.4408,3.6885,0.1067,5.8489,2.0199,1.6708,5.8489,2.2677

876.3270,0.2919,1.5264,3.9347,3.8119,-0.1402,6.6514,2.0199,1.9074,6.6514,2.5851

877.3270,0.1067,0.8473,3.6878,4.0589,0.4155,7.4540,2.2669,1.8972,7.4540,2.6910

878.3270,-0.0785,1.2794,3.7495,3.8119,-0.0785,6.7749,2.3904,1.8457,6.7749,2.5499

879.3270,-0.2019,1.0942,3.9347,3.8119,-0.4489,5.5402,2.5756,1.7943,5.5402,2.3294

880.3270,0.8474,0.3534,3.6878,3.6885,0.1067,5.4784,2.2669,1.8251,5.4784,2.3470

881.3270,0.2302,0.4151,3.7495,3.8737,-0.1402,6.0341,2.3286,1.7428,6.0341,2.3558

882.3270,-0.0168,1.0325,3.9965,3.8737,-0.0785,5.8489,2.5138,1.8869,5.8489,2.4529

883.3270,0.0450,0.9090,3.8730,4.1823,-0.5724,5.9106,2.6373,1.8457,5.9106,2.4264

884.3270,0.1684,1.5881,3.3791,3.6885,-0.0167,5.9106,1.7730,1.7634,5.9106,2.3558

885.3280,-0.0168,0.8473,3.6260,3.8119,-0.4489,6.0958,2.4521,1.7119,6.0958,2.3382

886.3270,-0.0168,0.5386,4.3052,3.5033,-0.2020,5.6636,2.3286,1.7428,5.6636,2.3029

887.3270,0.4771,0.6003,3.8730,3.8119,0.0450,6.2810,2.6991,1.9177,6.2810,2.5411

888.3270,-1.1279,0.6003,3.4408,3.6885,-0.0167,5.2315,1.8964,1.4136,5.2315,1.9590

889.3270,0.1067,1.2177,3.5643,3.5033,0.1685,5.4784,2.3286,1.8148,5.4784,2.3382

890.3270,0.1067,1.8351,3.8112,3.6267,-1.2516,5.9723,2.1434,1.7119,5.9723,2.3205

891.3270,0.5388,0.8473,3.6260,3.3798,0.1685,5.9723,2.5138,1.8457,5.9723,2.4352

892.3270,-0.0168,1.0325,3.6260,2.8242,-0.0785,6.2193,1.4025,1.4650,6.2193,2.1442

893.3280,-0.0785,2.0203,4.8608,3.9354,-0.0167,5.7254,2.3904,2.1853,5.7254,2.6910

894.3270,0.1067,0.9708,3.6260,3.8737,0.2302,5.5402,2.7608,1.9280,5.5402,2.4440

895.3270,0.3536,0.8473,3.3791,3.8119,-0.1402,5.5402,1.5877,1.6399,5.5402,2.1971

896.3270,0.1684,1.2794,3.6878,4.3675,0.1685,5.7254,2.3286,2.0000,5.7254,2.5322

897.3270,1.7733,0.5386,3.9347,3.4415,-0.0785,5.7254,3.8104,2.2367,5.7254,2.7351

898.3280,0.0450,1.0942,3.9347,3.8119,0.0450,5.5402,2.0199,1.8251,5.5402,2.3558

899.3270,-0.0168,-0.0788,3.0704,4.1823,0.1685,5.7871,2.3904,1.6193,5.7871,2.2147

900.3270,0.4771,0.9708,3.6260,3.3798,-0.0167,6.0341,1.7112,1.6913,6.0341,2.3117

901.3280,0.0450,0.6621,3.4408,3.2563,0.1067,5.9106,2.2669,1.6296,5.9106,2.2412

902.3270,0.4153,0.8473,3.8730,3.8737,-0.2637,5.5402,2.4521,1.8663,5.5402,2.3911

903.3270,0.0450,0.7856,3.9965,3.8119,0.2920,6.2810,2.7608,1.9486,6.2810,2.5675

904.3270,-0.2019,1.4029,3.7495,3.6885,-0.0167,5.7254,2.3904,1.8354,5.7254,2.3911

905.3270,0.2302,0.9708,3.5025,3.7502,0.2302,5.7254,2.2669,1.8251,5.7254,2.3823

906.3280,-0.1402,1.3412,3.7495,3.2563,-0.3872,5.9723,2.2051,1.6708,5.9723,2.2853

907.3270,-0.2637,1.2177,4.1199,3.8737,0.1067,6.0958,2.0817,1.8560,6.0958,2.4617

908.3270,-0.0168,1.4647,3.8730,3.8737,-0.3255,6.0341,2.1434,1.8354,6.0341,2.4352

909.3270,0.0450,-0.2022,4.7991,3.2563,-0.1402,6.2810,2.0199,1.6296,6.2810,2.2941

910.3270,-0.0785,1.4029,3.3791,3.6885,0.1067,6.2193,2.4521,1.8251,6.2193,2.4529

911.3270,0.0450,0.6621,3.4408,3.2563,-0.0167,6.4045,2.0199,1.5679,6.4045,2.2588

912.3270,0.1684,0.9708,3.3791,3.9354,0.0450,6.2193,1.6495,1.6914,6.2193,2.3382

913.3270,0.2919,1.0325,3.6260,3.6267,-0.0167,6.2810,2.3286,1.8148,6.2810,2.4529

914.3270,-0.0168,0.9708,3.7495,3.3798,0.0450,6.0341,2.3286,1.7428,6.0341,2.3559

915.3270,0.4153,0.9708,3.7495,3.9354,-0.1402,6.0958,2.0817,1.8354,6.0958,2.4440

916.3270,-0.3254,0.8473,3.9347,3.8119,0.1067,6.2810,2.5138,1.8149,6.2810,2.4529

917.3270,0.0450,1.0942,3.5025,3.5650,-0.1402,6.5279,2.3286,1.7325,6.5279,2.4176

918.3270,-0.4489,1.5264,3.5643,2.5155,-0.4489,6.2810,2.4521,1.5267,6.2810,2.2059

919.3270,-0.1402,1.2177,3.6260,4.1206,0.0450,6.6514,2.3904,1.8766,6.6514,2.5587

920.3270,0.0450,1.2794,3.5643,3.5650,-0.2020,6.2193,1.8347,1.6811,6.2193,2.3294

921.3270,0.2302,0.6003,3.6260,3.5650,-0.0167,6.1575,1.9582,1.6605,6.1575,2.3029

922.3270,-0.1402,1.1560,3.6878,3.1946,0.0450,6.1575,2.5138,1.7428,6.1575,2.3735

923.3270,0.2919,0.9090,3.5025,3.1328,0.1067,5.9723,1.9582,1.6502,5.9723,2.2676

924.3270,-0.0785,1.1560,3.4408,3.3798,-0.1402,4.9846,2.0199,1.6296,4.9846,2.1089

925.3270,-0.0785,0.6003,3.8730,3.3798,0.0450,6.4662,2.6373,1.7428,6.4662,2.4176

926.3270,0.1067,1.4647,4.1199,3.3180,-0.0167,6.1575,2.2669,1.8766,6.1575,2.4881

927.3280,-0.0785,1.9585,3.6878,3.4415,-0.1402,6.2193,2.4521,1.8869,6.2193,2.5058

928.3270,-0.0785,1.2177,3.8730,3.6267,0.1685,6.1575,2.6373,1.9075,6.1575,2.5146

929.3270,-0.0168,0.9090,3.3173,3.5033,-0.0167,6.2810,2.2051,1.6502,6.2810,2.3117

930.3270,-0.1402,0.8473,3.8112,3.5650,-0.4489,6.3427,2.9460,1.7634,6.3427,2.4176

931.3270,-0.4489,1.4647,3.3791,3.8737,-0.0785,6.2810,2.1434,1.7222,6.2810,2.3735

932.3270,0.1067,1.4647,3.6260,3.8737,0.1067,5.9106,1.7112,1.8148,5.9106,2.3999

933.3270,-0.3871,1.2794,3.5643,3.6267,0.1685,6.0958,2.1434,1.7325,6.0958,2.3559

934.3270,-0.0785,1.0942,3.2556,3.4415,0.2302,5.8489,2.1434,1.6811,5.8489,2.2765

935.3270,0.0450,0.4769,3.9347,2.7624,0.0450,6.3427,1.8964,1.5267,6.3427,2.2147

936.3270,-0.0785,1.1560,3.6878,3.8119,0.5389,6.3427,2.0199,1.8560,6.3427,2.4970

937.3280,-0.0168,0.9708,3.1938,3.7502,0.1067,6.0958,2.2669,1.7119,6.0958,2.3382

938.3270,-0.0785,1.3412,3.5025,3.1946,-0.2020,6.2810,1.9582,1.6193,6.2810,2.2853

939.3270,-0.3871,0.9708,2.3295,3.1328,0.4155,6.0958,2.1434,1.4341,6.0958,2.1001

940.3280,-0.0168,1.0942,3.6878,3.9354,0.2920,6.2810,3.0695,2.0104,6.2810,2.6204

941.3270,0.1067,0.9708,3.7495,3.6267,-0.2020,5.7871,2.2051,1.7428,5.7871,2.3206

942.3270,0.1067,0.8473,3.6878,3.8737,0.1067,6.0341,2.2669,1.8148,6.0341,2.4176

943.3270,-0.1402,0.9708,3.5643,3.8119,-0.4489,6.4045,2.2051,1.6605,6.4045,2.3382

944.3270,0.1067,0.7238,3.7495,3.5650,0.2920,5.9106,2.2051,1.7737,5.9106,2.3647

945.3280,-0.1402,1.3412,3.4408,3.6885,-0.0785,6.5897,2.2669,1.7531,6.5897,2.4440

946.3280,-0.0785,1.1560,3.6878,3.5033,-0.0167,6.2810,1.7730,1.6708,6.2810,2.3294

947.3270,-0.0168,1.0325,3.5643,3.9354,0.1067,6.2193,2.0817,1.7840,6.2193,2.4176

948.3270,-0.4489,1.1560,3.6260,3.6885,0.2302,5.6019,2.5138,1.7943,5.6019,2.3382

949.3270,-0.0168,0.7238,3.9965,3.7502,-0.0167,5.8489,2.0817,1.7531,5.8489,2.3382

950.3270,0.2919,1.2177,3.5643,3.7502,0.0450,6.5279,2.0817,1.8251,6.5279,2.4970

951.3270,-0.1402,1.5264,3.8730,3.4415,0.1067,6.1575,2.6991,1.9177,6.1575,2.5234

952.3280,0.3536,0.8473,3.9347,4.1206,-0.4489,6.2193,2.2669,1.8457,6.2193,2.4705

953.3280,0.1684,1.1560,3.6878,3.8119,-0.0785,6.0341,2.5138,1.8766,6.0341,2.4705

954.3270,0.2302,1.4647,3.1938,3.8119,0.0450,6.3427,2.4521,1.8663,6.3427,2.5058

955.3280,0.1067,1.0325,3.6260,3.3180,0.6007,6.2193,2.0199,1.7840,6.2193,2.4176

956.3270,0.1684,1.7116,3.8730,3.5650,-0.2637,6.5279,2.0199,1.8457,6.5279,2.5146

957.3270,0.1067,1.7116,3.9347,3.8119,0.1067,5.9723,2.0199,1.9486,5.9723,2.5234

958.3270,-0.3254,1.2794,3.6878,3.7502,-0.0167,6.1575,2.1434,1.7531,6.1575,2.3823

959.3270,0.1067,1.1560,3.3173,3.5033,0.3537,6.2810,1.8347,1.7119,6.2810,2.3647

960.3270,0.1684,0.5386,3.4408,3.9971,0.2302,6.2810,1.7112,1.6811,6.2810,2.3382

961.3270,0.1067,0.9090,3.7495,3.6267,0.5389,6.2810,1.8964,1.8046,6.2810,2.4440

962.3270,0.1067,1.2794,3.5643,3.6885,0.2302,6.4662,1.7730,1.7737,6.4662,2.4440

963.3270,-0.0785,1.1560,3.5643,3.6267,0.0450,6.2810,1.8347,1.6914,6.2810,2.3470

964.3270,-0.0168,0.5386,3.9347,3.5650,-0.8194,7.2070,1.6495,1.4753,7.2070,2.2941

965.3270,0.1684,1.0325,3.8112,4.3058,0.1067,6.8366,2.0817,1.9177,6.8366,2.6204

966.3270,-0.2637,0.9090,3.4408,3.6885,-0.0785,6.8366,2.1434,1.6399,6.8366,2.3823

967.3270,0.6622,0.0447,3.8112,3.4415,-0.1402,6.6514,2.2051,1.6708,6.6514,2.3823

968.3270,0.0450,1.1560,3.5025,3.6267,0.1067,6.6514,2.2669,1.7840,6.6514,2.4793

969.3270,0.1684,1.0942,3.3791,3.8119,0.1067,6.0341,1.8347,1.7325,6.0341,2.3470

970.3270,-0.0785,1.4647,3.4408,3.8119,-0.0785,6.2193,2.3286,1.8148,6.2193,2.4440

971.3270,-0.0168,1.1560,3.6878,3.5650,0.1067,6.4662,2.1434,1.7737,6.4662,2.4440

972.3270,-0.2019,1.5881,3.5643,3.8737,-0.1402,6.3427,2.0199,1.7840,6.3427,2.4352

973.3270,-0.0168,0.7856,3.7495,3.6885,0.3537,6.2193,1.8347,1.7325,6.2193,2.3735

974.3270,-0.0785,0.7856,3.7495,3.5650,0.0450,6.2810,2.4521,1.7531,6.2810,2.4000

975.3270,-0.0785,1.2177,3.6260,3.6267,0.0450,6.2193,1.4643,1.6502,6.2193,2.3029

976.3270,-0.0785,1.0325,3.5643,3.4415,-0.4489,6.4662,2.2669,1.6296,6.4662,2.3206

977.3270,0.2302,1.0325,3.8112,3.3798,-0.9429,6.0341,1.8964,1.5679,6.0341,2.2059

978.3270,-0.2637,1.5264,3.5643,3.5033,-0.3872,6.1575,2.0199,1.6605,6.1575,2.3029

979.3270,-0.1402,0.9708,3.4408,3.5650,-0.2637,6.2193,2.3286,1.6502,6.2193,2.3029

980.3270,-0.0168,0.9090,3.5643,3.8737,0.0450,6.4045,2.2051,1.7634,6.4045,2.4264

981.3270,0.1067,1.0325,3.6878,3.3798,0.2302,6.2810,1.8964,1.7222,6.2810,2.3735

982.3270,-0.1402,0.7856,3.5025,3.6885,-1.1899,6.3427,2.0199,1.4444,6.3427,2.1442

983.3270,0.1067,0.8473,4.3669,3.6885,-0.1402,6.1575,2.5138,1.8972,6.1575,2.5058

984.3280,-0.0785,0.8473,3.5643,3.9354,-0.0785,6.4045,2.2051,1.7325,6.4045,2.3999

985.3270,-0.0785,1.1560,3.8112,3.2563,-0.0785,6.5279,1.7730,1.6399,6.5279,2.3382

986.3270,-0.1402,1.5264,3.6878,3.6885,0.1067,6.0958,2.1434,1.8354,6.0958,2.4440

987.3270,-0.3254,1.0325,3.8730,3.5033,0.4772,6.0341,2.5756,1.8560,6.0341,2.4529

988.3280,-0.0168,1.1560,3.7495,3.1328,0.0450,6.3427,1.7112,1.6296,6.3427,2.3029

989.3270,0.0450,1.0942,3.9347,3.5650,0.2920,6.3427,2.1434,1.8457,6.3427,2.4881

990.3270,0.0450,1.7116,3.5025,3.6885,-0.0167,6.3427,2.1434,1.8457,6.3427,2.4881

991.3270,-0.0785,1.4029,3.7495,3.6885,-0.2637,6.0958,2.3904,1.8148,6.0958,2.4264

992.3270,0.1684,0.6621,3.5025,3.8737,-0.1402,6.2810,2.0199,1.6811,6.2810,2.3382

993.3270,-0.0785,0.6003,3.0704,3.2563,-0.0785,6.3427,1.4025,1.3621,6.3427,2.0736

994.3270,0.1684,0.9090,4.3052,3.2563,0.1685,5.9106,2.2051,1.8354,5.9106,2.4176

995.3270,0.1684,0.6621,3.8730,3.6885,0.4155,6.2193,2.2051,1.8354,6.2193,2.4617

996.3270,0.2302,1.2794,3.6260,3.9354,0.1067,6.0958,1.8347,1.8354,6.0958,2.4440

997.3270,-0.0168,0.8473,3.1938,3.7502,-0.1402,6.2810,1.9582,1.5988,6.2810,2.2676

998.3270,-0.2637,0.7856,3.8112,3.7502,0.2302,6.2193,2.8225,1.8560,6.2193,2.4793

999.3280,0.1067,0.4151,3.7495,3.1946,0.1067,6.0958,2.0199,1.5988,6.0958,2.2412

1000.3270,-0.0168,0.9708,4.0582,4.5527,0.0450,6.0958,2.3286,1.9898,6.0958,2.5763

1001.3270,0.3536,0.8473,3.9347,3.8119,0.2920,6.2810,1.8964,1.8560,6.2810,2.4881

1002.3270,-1.0661,1.2177,3.1938,3.9354,-0.6959,6.3427,2.4521,1.5062,6.3427,2.1971

1003.3270,0.6005,1.1560,3.5025,3.5650,-0.1402,6.2193,2.4521,1.8560,6.2193,2.4793

1004.3270,0.1067,0.4769,3.9965,3.6885,0.4772,6.8366,2.1434,1.8148,6.8366,2.5322

1005.3270,0.2302,1.0325,3.6878,3.8119,0.2920,5.9723,2.5756,1.9383,5.9723,2.5146

1006.3270,0.2919,0.7856,4.3669,3.7502,0.4772,5.7254,2.5138,2.0309,5.7254,2.5587

1007.3280,-0.0785,0.7856,3.3791,3.7502,-0.4489,6.4045,1.8347,1.5370,6.4045,2.2324

1008.3280,-0.1402,1.0942,3.6878,3.9354,-0.0785,7.0218,2.3904,1.8148,7.0218,2.5587

1009.3270,0.2302,0.7856,3.3173,3.9354,0.0450,6.6514,2.2051,1.7531,6.6514,2.4529

1010.3270,-0.0785,1.1560,3.8730,3.6267,-0.1402,6.0341,2.6373,1.8457,6.0341,2.4440

1011.3270,-0.0168,0.8473,3.6260,3.6267,-0.5107,6.4045,2.5756,1.6914,6.4045,2.3647

1012.3270,0.2919,0.9090,3.6878,3.9354,-0.1402,6.2193,2.2669,1.8251,6.2193,2.4529

1013.3280,-0.0168,0.8473,2.6999,3.1946,0.2302,6.7749,2.5138,1.5782,6.7749,2.3206

1014.3270,-0.1402,0.9708,3.3791,3.8119,0.0450,6.6514,2.3904,1.7428,6.6514,2.4440

1015.3270,0.1684,0.7856,3.8730,3.5650,0.4155,6.2193,2.3286,1.8560,6.2193,2.4793

1016.3270,-0.0168,0.9708,3.6260,3.6267,0.1067,6.5897,2.3286,1.7737,6.5897,2.4617

1017.3270,0.2919,0.9708,3.1938,3.9354,-0.2020,6.0958,2.2051,1.7325,6.0958,2.3558

1018.3280,0.5388,1.1560,3.6878,3.8737,-0.0785,6.1575,1.6495,1.8045,6.1575,2.4264

1019.3270,0.1684,1.0942,4.2434,3.3180,0.6624,5.9723,2.3286,1.9692,5.9723,2.5411

1020.3280,-0.2637,-0.5726,3.9347,3.3798,-0.0167,6.4045,3.3782,1.6399,6.4045,2.3206

1021.3270,-0.1402,1.2177,3.3173,3.9354,0.0450,5.9723,2.2669,1.7737,5.9723,2.3735

1022.3270,0.1684,1.3412,3.7495,3.7502,0.0450,6.2193,2.1434,1.8663,6.2193,2.4881

1023.3270,-0.2019,1.0942,4.7373,3.9354,-0.0167,6.2810,3.1930,2.1235,6.2810,2.7175

1024.3270,-0.5723,1.4029,3.3791,3.5033,-0.1402,6.2810,1.7730,1.5576,6.2810,2.2324

1025.3270,0.1067,1.2177,3.9965,3.6267,-0.2020,6.2810,2.6373,1.8972,6.2810,2.5234

1026.3270,-0.1402,-0.2640,4.0582,3.6885,0.0450,6.8984,2.3904,1.6296,6.8984,2.3823

1027.3270,0.4153,0.6621,3.5643,3.8119,0.1685,7.3922,2.0817,1.7840,7.3922,2.5851

1028.3270,-0.0168,0.7238,3.3173,3.8119,-0.2020,6.0341,2.6373,1.7119,6.0341,2.3294

1029.3270,-0.1402,1.1560,3.6260,3.9971,-0.2020,7.2688,2.4521,1.8148,7.2688,2.5940

1030.3270,0.2919,1.7116,4.1199,3.9354,-0.2637,6.0958,2.0199,1.9692,6.0958,2.5587

1031.3270,-0.0785,0.7238,3.8112,3.9354,-0.4489,6.4045,2.3286,1.7119,6.4045,2.3823

1032.3270,0.0450,1.0325,3.6878,3.8119,-0.2020,6.2193,2.3286,1.7840,6.2193,2.4176

1033.3270,0.2302,1.1560,4.0582,3.8737,-0.2637,5.9723,2.3286,1.8971,5.9723,2.4793

1034.3270,0.1684,1.2794,3.6260,3.5033,0.7859,6.3427,1.8964,1.8766,6.3427,2.5146

1035.3270,0.4153,0.6003,3.6260,3.6885,0.0450,6.7749,1.8347,1.7016,6.7749,2.4264

1036.3280,-0.2019,0.8473,2.9469,4.1823,-0.0785,6.5279,2.2051,1.6502,6.5279,2.3470

1037.3270,0.2302,0.6621,3.9347,4.0589,-0.0785,6.4045,2.1434,1.8251,6.4045,2.4793

1038.3270,-0.4489,1.2794,3.6260,3.9971,-0.0167,6.0958,1.8964,1.7222,6.0958,2.3470

1039.3280,0.4771,1.5881,3.8730,3.8737,0.1067,6.2810,2.0199,1.9897,6.2810,2.6028

1040.3270,-0.0785,0.6621,3.8112,3.4415,-0.0785,6.7749,2.3904,1.6914,6.7749,2.4176

1041.3270,-0.0785,0.9090,3.4408,3.6267,-0.0785,6.1575,2.4521,1.7119,6.1575,2.3470

1042.3270,-0.1402,0.6003,3.5643,3.9354,-0.0785,6.3427,2.2669,1.6914,6.3427,2.3558

1043.3270,0.1684,0.4769,3.9347,3.9354,-0.0167,6.2810,2.0817,1.7634,6.2810,2.4088

1044.3270,0.4153,0.9708,3.9965,3.6267,-0.0785,6.0958,2.0199,1.8251,6.0958,2.4352

1045.3270,-0.0168,1.0942,4.1199,3.6885,0.4155,6.2810,2.0199,1.8869,6.2810,2.5146

1046.3270,-0.3254,0.6621,3.4408,3.5650,-0.2020,6.5279,1.7112,1.4753,6.5279,2.1971

1047.3270,-0.1402,0.9090,3.6878,4.1206,0.5389,6.4045,2.3904,1.9177,6.4045,2.5587

1048.3280,-0.3871,1.3412,3.6878,3.3180,0.1067,6.2810,1.9582,1.6708,6.2810,2.3294

1049.3270,0.2919,1.0942,3.2556,3.9971,0.2302,6.3427,1.6495,1.7531,6.3427,2.4088

1050.3270,0.9092,0.9090,3.5025,3.5033,-0.2020,5.9723,2.1434,1.7942,5.9723,2.3911

1051.3270,0.0450,0.7856,3.6878,3.3798,0.1685,6.1575,2.0199,1.6811,6.1575,2.3206

1052.3270,-0.5106,1.1560,3.6260,3.7502,-0.0785,6.5897,2.2051,1.6914,6.5897,2.3911

1053.3270,-0.1402,0.7856,3.4408,3.6885,0.1067,5.7254,2.0817,1.6605,5.7254,2.2412

1054.3270,0.0450,1.0325,3.5025,3.5650,0.9711,5.9106,2.3904,1.9177,5.9106,2.4882

1055.3270,-0.0785,0.6621,3.6878,3.8119,0.1685,6.4045,2.2669,1.7531,6.4045,2.4176

1056.3270,-0.0168,1.2177,3.5025,3.5650,0.0450,6.4045,2.2051,1.7531,6.4045,2.4176

1057.3270,-0.1402,1.0942,3.9965,3.4415,0.1685,6.1575,2.6373,1.8663,6.1575,2.4793

1058.3270,0.1684,0.9090,3.3173,3.8737,-0.0167,6.1575,1.9582,1.7016,6.1575,2.3382

1059.3270,-0.3254,1.5264,3.3173,3.5650,0.0450,6.1575,1.2790,1.5679,6.1575,2.2236

1060.3270,-0.0168,0.8473,3.5025,3.3180,0.0450,6.5279,2.3286,1.6708,6.5279,2.3647

1061.3280,0.6005,0.7238,3.5643,3.7502,0.1685,5.8489,2.4521,1.8766,5.8489,2.4440

1062.3270,0.1067,0.7238,3.9347,3.3798,-0.1402,6.2193,1.7112,1.6193,6.2193,2.2765

1063.3270,0.1067,1.0942,3.5025,3.8119,0.2302,6.4045,2.6373,1.8972,6.4045,2.5411

1064.3280,-0.0168,-0.3874,3.3791,3.1946,0.2302,6.0958,2.0817,1.4136,6.0958,2.0824

1065.3270,-0.0168,1.0942,3.3791,3.6885,0.1067,6.2193,2.3286,1.7634,6.2193,2.3999

1066.3270,0.3536,2.0203,3.9347,3.4415,0.0450,6.2810,2.0199,1.9692,6.2810,2.5851

1067.3270,0.1067,1.2794,3.8112,3.5033,0.3537,6.3427,2.3286,1.8972,6.3427,2.5322

1068.3270,-0.0168,0.9708,3.9965,3.3798,0.2302,6.4045,1.9582,1.7531,6.4045,2.4176

1069.3270,-0.1402,0.8473,3.5643,3.2563,0.6624,6.4662,1.7730,1.6605,6.4662,2.3470

1070.3270,0.0450,0.5386,3.6260,3.8119,-0.2637,6.2810,1.7730,1.5885,6.2810,2.2588

1071.3270,0.1684,1.2177,3.5643,3.9971,0.2920,6.0341,2.2669,1.9177,6.0341,2.5058

1072.3270,-0.0168,0.9090,3.5643,3.7502,-0.4489,6.2810,2.1434,1.6502,6.2810,2.3117

1073.3270,-0.0168,1.8968,3.3173,4.0589,0.2302,6.1575,2.6373,2.0206,6.1575,2.6116

1074.3270,0.2302,0.4151,3.5643,3.5033,0.2302,6.2193,2.0199,1.6605,6.2193,2.3117

1075.3270,0.6622,1.2177,3.8730,3.6885,-0.0167,6.2193,1.7730,1.8663,6.2193,2.4881

1076.3280,0.2302,1.2177,3.7495,3.8119,0.1067,6.1575,2.2669,1.8972,6.1575,2.5058

1077.3270,-0.0785,1.2177,3.5025,3.6267,-0.0167,6.2193,2.2669,1.7531,6.2193,2.3911

1078.3270,-0.2019,1.3412,3.4408,3.5033,-0.1402,6.4045,1.8347,1.6296,6.4045,2.3117

1079.3280,1.3412,0.5386,3.8730,3.4415,0.2920,7.1453,2.3904,1.9794,7.1453,2.7174

1080.3270,0.1684,1.1560,3.3173,3.6267,-0.2020,6.5897,1.8347,1.6502,6.5897,2.3558

1081.3270,0.2302,0.2917,1.8973,2.0216,1.7738,6.4045,1.2173,1.2386,6.4045,1.9766

1082.3270,-0.5106,0.3534,2.5147,2.2686,2.7617,6.2810,1.7112,1.5165,6.2810,2.1971

1083.3270,-0.1402,0.6003,2.5764,2.8859,1.9590,6.5279,1.2173,1.5165,6.5279,2.2324

1084.3270,0.2302,0.2299,2.6999,2.2686,2.5765,6.4045,1.2790,1.5473,6.4045,2.2412

1085.3280,-0.0168,0.1682,2.5764,3.0094,2.8234,6.1575,1.5877,1.6914,6.1575,2.3294

1086.3270,0.3536,0.1682,2.6382,2.7624,3.0704,6.2810,1.7112,1.7840,6.2810,2.4264

1087.3270,0.4153,-0.2640,2.3912,2.4538,2.6382,6.4045,1.0321,1.4444,6.4045,2.1530

1088.3270,0.5388,0.1682,2.6999,2.6390,2.1443,6.2193,1.3408,1.5885,6.2193,2.2500

1089.3270,0.1684,0.4769,3.6260,2.7624,2.5147,6.4045,1.2173,1.7943,6.4045,2.4529

1090.3270,0.2919,0.3534,2.5147,2.7007,2.4530,6.3427,1.2790,1.5988,6.3427,2.2765

1091.3270,0.1684,0.9090,2.5764,2.5772,2.2677,6.0341,1.3408,1.6399,6.0341,2.2677

1092.3270,0.0450,0.2917,2.0825,2.8242,2.5147,6.1575,1.1555,1.4856,6.1575,2.1530

1093.3280,-0.3254,0.5386,2.7617,2.5772,2.0208,5.9106,1.5260,1.5165,5.9106,2.1442

1094.3270,0.1067,0.2299,3.0086,2.5155,2.5765,6.3427,1.4025,1.6400,6.3427,2.3118

1095.3270,0.2302,-0.0170,2.3295,2.4538,3.8113,5.8489,1.4025,1.7017,5.8489,2.2941

1096.3270,-0.0785,0.2917,2.6382,2.5772,2.6382,6.2810,1.5260,1.5988,6.2810,2.2677

1097.3280,-0.0168,0.6003,2.3295,2.5772,2.6999,6.2193,1.2790,1.5782,6.2193,2.2412

1098.3270,0.1067,0.2917,2.4529,2.6390,2.7617,5.9723,1.4643,1.6194,5.9723,2.2412

1099.3270,0.0450,0.8473,3.5643,2.5772,2.8234,6.0341,1.5260,1.8972,6.0341,2.4882

1100.3280,-0.0168,-0.0170,2.8234,2.4538,2.5765,6.3427,2.2051,1.6708,6.3427,2.3382

1101.3270,0.4771,0.3534,2.6382,2.3303,2.5765,6.3427,1.1555,1.5885,6.3427,2.2677

1102.3270,-0.0785,0.2917,2.5764,2.5772,2.5147,6.0341,1.4643,1.5576,6.0341,2.1971

1103.3270,0.2919,0.1682,2.8851,2.4538,2.5147,6.4045,1.1555,1.5782,6.4045,2.2677

1104.3270,0.0450,0.4151,2.6999,2.5772,2.7617,6.8984,1.4025,1.6502,6.8984,2.4000

1105.3270,0.0450,-0.4492,1.9590,2.8859,2.4530,6.7132,1.3408,1.3724,6.7132,2.1354

1106.3270,0.0450,0.4769,2.3912,2.5155,2.6999,6.2193,1.2790,1.5679,6.2193,2.2324

1107.3270,0.4771,0.3534,3.1321,2.9476,2.5147,6.5897,0.4764,1.6502,6.5897,2.3559

1108.3280,0.6005,0.2917,2.6999,2.4538,2.8852,5.9106,1.3408,1.7120,5.9106,2.3118

1109.3270,0.2302,0.8473,2.7617,2.6390,2.3912,6.5897,1.0938,1.6605,6.5897,2.3647

1110.3270,0.2302,-0.0788,2.7617,2.7624,3.0704,6.2193,1.2173,1.6605,6.2193,2.3118

1111.3270,0.2919,-0.2640,2.9469,2.3303,2.5765,6.2193,1.2790,1.5268,6.2193,2.1971

1112.3270,0.4771,-0.3257,2.6382,2.3920,2.8234,6.0958,1.7730,1.6297,6.0958,2.2677

1113.3270,0.0450,0.2917,2.5764,2.5155,2.9469,5.5402,1.8347,1.7017,5.5402,2.2500

1114.3270,0.2302,0.1065,2.5147,2.7624,2.5765,6.2810,1.6495,1.6399,6.2810,2.3030

1115.3270,0.4153,0.1682,2.6382,2.4538,2.7617,6.4662,1.6495,1.6811,6.4662,2.3647

1116.3270,0.2919,0.1065,2.5764,2.5155,2.2677,6.3427,0.9703,1.4547,6.3427,2.1530

1117.3270,0.2919,0.4151,2.5147,3.0094,2.6382,6.0341,0.9703,1.6399,6.0341,2.2677

1118.3270,0.6005,-0.0788,2.5147,2.8242,2.6999,6.3427,1.1555,1.6194,6.3427,2.2941

1119.3270,0.4771,0.3534,2.3295,2.3920,2.3912,6.4662,1.1555,1.5165,6.4662,2.2236

1120.3270,-0.2637,0.8473,2.3295,2.5155,2.3912,6.4045,1.1555,1.4959,6.4045,2.1971

1121.3270,0.1684,-0.3874,2.4529,2.8859,2.3912,6.4662,1.3408,1.4753,6.4662,2.1883

1122.3270,0.1067,0.5386,2.8851,2.6390,2.6999,6.3427,1.1555,1.6708,6.3427,2.3382

1123.3270,-0.0168,1.1560,2.2060,2.8859,1.8973,6.2810,1.5877,1.6194,6.2810,2.2853

1124.3270,0.1067,-0.0170,2.8851,2.6390,2.9469,6.5897,1.1555,1.6194,6.5897,2.3294

1125.3270,0.4153,0.4151,1.8973,2.9476,2.1443,6.4662,0.9703,1.4650,6.4662,2.1795

1126.3270,0.6005,0.7856,2.4529,2.5155,2.5765,6.4045,1.2790,1.7017,6.4045,2.3735

1127.3270,0.1684,0.5386,2.2060,2.8242,2.8234,6.1575,1.4025,1.6605,6.1575,2.3030

1128.3270,-0.0785,0.0447,2.8851,2.5772,3.3174,5.8489,2.6991,1.9075,5.8489,2.4706

1129.3280,-0.1402,0.9708,2.1442,2.8859,2.5147,6.6514,1.4025,1.6297,6.6514,2.3470

1130.3270,0.2919,-0.0788,2.6999,2.4538,3.1321,5.9723,1.1555,1.6091,5.9723,2.2324

1131.3270,-0.2637,0.3534,2.7617,2.7624,2.5765,5.5402,1.4643,1.6091,5.5402,2.1707

1132.3270,0.6005,-0.0788,2.5147,2.7007,2.8852,6.2810,1.1555,1.6296,6.2810,2.2941

1133.3270,0.1067,0.4769,2.6382,2.7624,2.4530,6.2810,1.4643,1.6502,6.2810,2.3118

1134.3270,0.2919,0.6621,2.6382,2.7624,2.5765,6.2193,0.9086,1.6399,6.2193,2.2941

1135.3280,0.0450,0.2299,2.3912,2.7007,2.6382,6.5279,1.5260,1.5885,6.5279,2.2941

1136.3270,0.1684,0.4151,2.3912,2.8242,2.8234,6.5897,1.5877,1.7017,6.5897,2.4000

1137.3270,0.1067,0.1065,2.5764,3.5650,2.7617,6.0958,1.0321,1.6914,6.0958,2.3206

1138.3270,0.2919,0.2299,2.6382,2.7007,2.5765,6.2810,1.1555,1.5988,6.2810,2.2677

1139.3270,0.0450,0.2917,2.5764,2.8859,2.8852,6.0958,1.5260,1.7017,6.0958,2.3294

1140.3270,0.1067,0.4769,2.5764,2.5155,2.3912,6.1575,1.4643,1.5885,6.1575,2.2412

1141.3270,0.1684,0.3534,2.8234,3.0094,2.8234,6.2193,1.3408,1.7531,6.2193,2.3912

1142.3270,0.3536,0.2299,3.1938,2.6390,2.3912,6.2193,1.4025,1.7017,6.2193,2.3470

1143.3270,0.4771,0.2917,3.0086,2.8242,2.6999,6.0341,1.2173,1.7531,6.0341,2.3647

1144.3280,0.3536,0.2917,3.1938,2.5772,2.6999,6.0958,1.2790,1.7326,6.0958,2.3559

1145.3270,0.2919,0.2917,2.8851,2.5772,2.5147,6.4662,1.1555,1.6194,6.4662,2.3118

1146.3270,0.2302,0.1682,2.4529,2.6390,2.6382,6.4045,1.3408,1.5782,6.4045,2.2677

1147.3270,0.4771,0.5386,2.5764,2.3303,2.4530,6.4045,1.2173,1.5988,6.4045,2.2853

1148.3270,0.1067,0.2917,2.5764,2.8242,2.6999,6.5279,1.8347,1.7223,6.5279,2.4088

1149.3270,0.3536,0.2299,2.4529,2.7624,3.9965,6.0958,1.4025,1.8663,6.0958,2.4705

1150.3280,0.2919,0.3534,2.3912,2.5772,2.8234,6.0958,1.3408,1.6297,6.0958,2.2677

1151.3270,0.2302,0.6003,2.5764,3.3180,2.7617,6.0341,1.2173,1.7840,6.0341,2.3911

1152.3270,0.1067,2.4524,2.1442,2.6390,2.5765,6.4662,1.3408,1.8766,6.4662,2.5323

1153.3270,1.2178,-0.0788,2.8234,2.7624,2.6382,6.0958,1.5260,1.8148,6.0958,2.4264

1154.3270,0.2302,0.1065,2.7617,2.8859,3.1321,6.5897,1.3408,1.7428,6.5897,2.4353

1155.3270,-0.1402,0.1682,2.4529,2.6390,2.5147,6.3427,1.7112,1.5576,6.3427,2.2412

1156.3270,-0.0785,0.4769,2.8851,2.5772,2.9469,6.3427,0.9086,1.6194,6.3427,2.2941

1157.3280,0.4153,-0.4492,2.9469,2.3920,3.1939,5.9723,1.1555,1.6091,5.9723,2.2324

1158.3270,-0.1402,0.3534,2.6999,3.2563,3.0704,6.0958,1.0938,1.7223,6.0958,2.3471

1159.3270,0.3536,-0.0170,2.5764,2.6390,2.5147,6.2193,1.0321,1.5165,6.2193,2.1883

1160.3270,0.0450,0.3534,2.5764,2.2686,2.9469,7.3305,1.4025,1.5988,7.3305,2.4176

1161.3280,-0.0168,0.4151,2.7617,2.5772,2.6999,6.2810,1.9582,1.7326,6.2810,2.3823

1162.3270,0.4153,0.4151,2.6382,2.7624,2.2677,6.4662,1.2790,1.6296,6.4662,2.3206

1163.3270,-0.0785,0.1065,2.7617,2.5155,2.7617,6.3427,1.5260,1.5988,6.3427,2.2765

1164.3270,0.1684,0.4769,2.6382,2.7007,2.8852,7.5157,1.5877,1.7428,7.5157,2.5675

1165.3270,-0.0785,0.5386,3.3791,2.3920,2.7617,6.1575,1.3408,1.7223,6.1575,2.3559

1166.3270,0.6622,0.0447,2.5764,2.1451,2.4530,6.3427,1.0321,1.4856,6.3427,2.1795

1167.3270,0.6005,0.2917,2.5147,2.6390,2.4530,6.3427,0.7234,1.5370,6.3427,2.2236

1168.3270,0.3536,0.6003,2.9469,2.7624,2.5765,6.6514,1.1555,1.7325,6.6514,2.4352

1169.3270,0.0450,0.3534,2.6999,2.7007,2.8234,5.9723,1.7730,1.7326,5.9723,2.3382

1170.3270,0.2302,1.2177,2.3912,2.8242,2.3295,6.0341,1.1555,1.6914,6.0341,2.3118

1171.3270,0.2919,0.2917,2.5147,2.7624,3.5026,6.4045,1.4025,1.7943,6.4045,2.4529

1172.3270,0.1684,0.1682,3.0704,3.5650,2.8234,6.1575,1.3408,1.8560,6.1575,2.4705

1173.3270,-0.0168,0.1065,2.5764,2.7007,2.7617,6.2810,1.5877,1.6194,6.2810,2.2853

1174.3270,0.7240,0.2917,3.1321,3.0711,2.6999,6.2193,1.4025,1.8869,6.2193,2.5058

1175.3270,0.2302,0.2917,2.7617,2.8859,2.6382,6.0341,1.6495,1.7428,6.0341,2.3559

1176.3280,0.0450,0.5386,2.5764,2.7624,2.8234,7.2688,1.4025,1.6914,7.2688,2.4882

1177.3270,0.2302,0.2917,2.2677,2.5772,2.8852,5.9723,1.1555,1.5679,5.9723,2.1971

1178.3270,-0.0168,0.7238,2.2677,2.5772,2.3912,6.1575,1.3408,1.5473,6.1575,2.2059

1179.3270,-0.0168,0.2917,2.6999,2.6390,3.9348,5.3550,1.7112,1.8766,5.3550,2.3735

1180.3270,0.2919,0.4151,2.1442,2.5155,2.7617,4.7993,0.9703,1.5165,4.7993,1.9854

1181.3270,0.0450,0.0447,2.5147,2.6390,2.8852,5.7871,1.5260,1.6091,5.7871,2.2059

1182.3270,0.2302,0.2917,2.2060,2.7007,2.3295,6.3427,1.2173,1.4959,6.3427,2.1883

1183.3270,0.6622,0.1065,2.5147,2.7007,2.3912,6.1575,1.0321,1.5679,6.1575,2.2236

1184.3270,0.2919,0.1682,2.9469,2.4538,2.5765,5.6019,0.7851,1.5370,5.6019,2.1177

1185.3270,0.4771,0.2917,2.5147,2.1451,2.6999,6.4662,1.3408,1.5782,6.4662,2.2765

1186.3270,0.1067,0.3534,2.8851,3.2563,2.6382,6.2810,1.5260,1.7943,6.2810,2.4352

1187.3270,0.1684,-0.2022,2.2677,2.7007,2.5147,6.2193,1.3408,1.4650,6.2193,2.1442

1188.3280,0.1067,0.1682,2.7617,2.3920,2.5765,6.2193,1.2173,1.5371,6.2193,2.2059

1189.3270,-0.0785,0.3534,2.6382,2.8859,2.6382,6.2193,1.3408,1.6297,6.2193,2.2853

1190.3270,0.1684,0.3534,2.3295,3.0711,2.2060,6.3427,1.2173,1.5576,6.3427,2.2412

1191.3270,-0.0785,0.3534,2.6382,2.7007,2.5147,6.5897,1.4643,1.5988,6.5897,2.3118

1192.3270,0.1067,0.2299,2.6382,2.2068,2.7617,6.4045,1.0938,1.5062,6.4045,2.2059

1193.3270,0.4771,0.5386,2.4529,2.3303,2.4530,6.2810,0.9703,1.5370,6.2810,2.2147

1194.3270,0.3536,0.5386,3.1321,2.7624,2.5765,6.2810,1.2173,1.7634,6.2810,2.4088

1195.3270,0.2302,0.2917,1.8973,2.5155,2.6999,6.1575,1.4643,1.5165,6.1575,2.1795

1196.3270,0.1067,0.4151,2.6382,2.8859,2.4530,6.3427,1.1555,1.6091,6.3427,2.2853

1197.3270,0.4153,0.6003,2.6999,2.5772,2.2060,6.4662,1.2790,1.6296,6.4662,2.3206

1198.3280,0.2302,0.2917,2.5764,2.7007,2.1443,6.8984,1.2173,1.5267,6.8984,2.2941

1199.3270,0.1684,0.1065,2.5147,2.5772,2.7617,6.5279,1.5877,1.6194,6.5279,2.3206

1200.3280,0.2919,-0.1405,1.4651,3.0711,2.4530,6.4662,1.0321,1.3621,6.4662,2.0913

1201.3280,0.1684,-0.2022,2.5764,2.7624,2.4530,6.4662,0.5381,1.3827,6.4662,2.1089

1202.3270,0.0450,0.6003,2.2060,2.7007,2.6999,6.3427,1.4025,1.6091,6.3427,2.2853

1203.3270,0.0450,0.2917,3.7495,1.9599,3.2556,6.5279,1.2173,1.7532,6.5279,2.4353

1204.3270,0.1067,0.2299,2.5147,2.5155,2.3912,6.4662,1.2173,1.4959,6.4662,2.2059

1205.3270,0.2302,0.6621,2.4529,2.5155,2.3295,6.5279,1.0321,1.5370,6.5279,2.2500

1206.3270,-0.3254,0.4769,2.3912,2.5772,2.6999,5.8489,1.2790,1.5165,5.8489,2.1354

1207.3270,-0.0168,0.4769,2.6999,3.2563,2.5147,6.2193,1.3408,1.7120,6.2193,2.3559

1208.3270,-0.5106,0.4769,2.0208,2.8859,2.5765,6.0341,1.5260,1.4959,6.0341,2.1442

1209.3270,-0.0785,0.1682,2.6999,2.5772,2.5147,6.6514,1.7730,1.6091,6.6514,2.3294

1210.3270,0.1067,0.3534,1.2799,2.7624,2.8234,5.9723,1.3408,1.4444,5.9723,2.0913

1211.3280,0.2302,0.2299,2.6999,2.6390,2.2060,6.5897,1.5877,1.5988,6.5897,2.3118

1212.3270,0.3536,0.1065,2.6382,2.8242,2.8234,6.1575,1.0938,1.6399,6.1575,2.2853

1213.3280,0.1684,0.1682,2.9469,2.7007,3.0704,6.4662,1.2790,1.7223,6.4662,2.4000

1214.3270,0.1684,0.4769,2.7617,2.5772,3.1321,6.0341,1.1555,1.7120,6.0341,2.3294

1215.3270,0.2302,0.0447,2.8851,2.6390,3.0704,6.4662,1.2790,1.6914,6.4662,2.3735

1216.3270,0.1067,0.6003,2.3912,2.8242,2.7617,6.5279,1.4025,1.6811,6.5279,2.3735

1217.3270,0.3536,0.0447,2.6382,2.6390,2.4530,6.3427,1.7112,1.6399,6.3427,2.3118

1218.3270,0.1067,1.0942,2.6999,2.5772,2.5147,6.0341,1.4643,1.7428,6.0341,2.3559

1219.3270,0.1067,0.2299,2.3912,2.7007,2.5147,6.7749,1.4643,1.5679,6.7749,2.3118

1220.3270,0.1684,0.1065,2.5764,1.6512,2.8852,6.2810,1.4025,1.4650,6.2810,2.1530

1221.3270,0.6005,0.0447,2.5147,2.5155,2.5147,6.0958,1.1555,1.5576,6.0958,2.2059

1222.3270,0.2302,0.4151,2.8234,3.0094,2.5147,6.2810,1.3408,1.7223,6.2810,2.3735

1223.3270,0.5388,0.2299,2.7617,2.5772,2.6382,5.9723,1.0938,1.6399,5.9723,2.2588

1224.3270,0.2919,0.7238,1.1564,3.1946,2.2677,6.3427,1.2173,1.4753,6.3427,2.1706

1225.3270,0.2302,0.2299,3.0704,2.6390,2.5147,6.0958,1.1555,1.6399,6.0958,2.2765

1226.3270,0.4771,0.4151,2.3912,3.0094,2.3912,6.0341,1.3408,1.6708,6.0341,2.2941

1227.3280,0.2302,0.2917,2.5147,2.4538,2.8234,6.2193,1.2173,1.5885,6.2193,2.2500

1228.3270,0.0450,0.4151,2.3295,2.7007,3.6261,6.5279,1.2173,1.7223,6.5279,2.4088

1229.3270,0.1067,0.4151,2.3295,2.3920,2.6999,6.6514,1.1555,1.5165,6.6514,2.2500

1230.3270,0.1067,0.2917,2.5147,2.7624,2.8852,6.4662,1.2790,1.6399,6.4662,2.3294

1231.3270,0.2919,0.3534,2.3912,2.3303,2.5765,6.4045,1.0321,1.4959,6.4045,2.1971

1232.3270,0.5388,0.3534,2.6382,2.3920,2.8234,6.0958,1.2173,1.6605,6.0958,2.2941

1233.3270,0.7857,0.3534,2.5147,2.4538,2.5147,6.3427,0.7851,1.5679,6.3427,2.2500

1234.3270,0.0450,0.2299,2.5764,2.5772,2.4530,6.3427,2.0817,1.6605,6.3427,2.3294

1235.3270,0.2302,0.2917,2.8234,2.2068,2.8234,6.4045,1.2173,1.5988,6.4045,2.2853

1236.3270,0.4153,0.2299,3.2556,1.7747,3.3174,6.0341,1.2173,1.7017,6.0341,2.3206

1237.3280,0.0450,0.6003,2.7617,2.5155,2.8852,6.2193,1.0938,1.6502,6.2193,2.3030

1238.3270,-0.0168,0.3534,2.5764,2.5155,2.5765,6.1575,1.5260,1.5885,6.1575,2.2412

1239.3270,0.1067,-0.0170,2.5147,2.7624,2.6382,6.3427,1.0938,1.5165,6.3427,2.2059

1240.3270,0.3536,0.3534,3.1321,2.8859,2.6382,6.1575,1.5260,1.8149,6.1575,2.4352

1241.3270,0.0450,0.3534,2.5764,2.7624,2.6999,6.7132,1.4643,1.6502,6.7132,2.3735

1242.3270,0.2302,0.3534,2.7617,2.6390,2.6382,6.0958,1.5877,1.7017,6.0958,2.3294

1243.3270,-0.0168,0.6621,2.5764,2.7624,2.1443,6.2810,1.4025,1.5885,6.2810,2.2589

1244.3270,0.4153,0.2917,2.8851,2.5155,2.4530,6.2810,1.2790,1.6399,6.2810,2.3029

1245.3270,0.3536,0.2299,2.8234,2.7624,2.3912,6.2810,1.2790,1.6399,6.2810,2.3029

1246.3270,0.4771,0.1065,2.5147,2.5772,2.7617,5.7871,1.4025,1.6399,5.7871,2.2324

1247.3270,0.1067,0.2917,2.6999,2.5155,2.6382,6.1575,1.4025,1.6091,6.1575,2.2589

1248.3270,0.2919,0.3534,3.0086,2.7624,2.5765,6.2193,1.3408,1.7223,6.2193,2.3647

1249.3270,0.1684,0.2917,1.8973,2.5772,2.5765,6.2810,1.3408,1.4753,6.2810,2.1618

1250.3270,0.2302,0.6621,2.5764,2.5772,2.7617,6.3427,1.0321,1.6399,6.3427,2.3118

1251.3270,0.1067,0.4151,2.3295,2.8859,3.3791,6.3427,1.1555,1.7120,6.3427,2.3735

1252.3270,0.0450,0.2917,2.4529,2.7007,2.6999,6.1575,1.5260,1.6194,6.1575,2.2677

1253.3270,-0.1402,0.1682,2.6382,2.3920,2.7617,6.3427,1.4025,1.5371,6.3427,2.2236

1254.3270,-0.0785,0.3534,2.8851,2.2686,2.5765,6.4045,1.5260,1.5885,6.4045,2.2765

1255.3270,0.2302,0.1682,2.6382,2.7007,2.0825,6.2810,1.5260,1.5576,6.2810,2.2324

1256.3270,0.1067,0.5386,2.2060,2.9476,2.7617,6.1575,1.4643,1.6708,6.1575,2.3118

1257.3270,0.2919,0.7238,2.6382,2.5155,2.7617,6.2193,1.3408,1.7120,6.2193,2.3559

1258.3270,-0.0168,0.7856,2.2677,2.3303,2.7617,6.4045,1.4025,1.5885,6.4045,2.2765

1259.3270,0.1684,0.3534,2.6999,2.2068,2.5765,6.3427,1.0938,1.5165,6.3427,2.2059

1260.3270,0.0450,0.2299,2.2060,2.7624,2.3295,6.1575,1.4643,1.5062,6.1575,2.1707

1261.3270,0.9709,0.7238,2.7617,2.6390,2.9469,6.0958,1.1555,1.8663,6.0958,2.4705

1262.3270,0.2919,0.1065,2.3912,2.4538,2.7617,6.3427,1.7730,1.6297,6.3427,2.3030

1263.3270,0.2302,0.4151,3.8112,2.8859,2.5147,6.5279,1.1555,1.8354,6.5279,2.5058

1264.3270,0.1067,0.2917,2.2677,2.7007,3.5643,6.4045,1.2173,1.6914,6.4045,2.3647

1265.3270,0.2919,0.2299,3.0086,2.5155,2.5765,6.2193,1.2790,1.6502,6.2193,2.3030

1266.3270,0.2302,0.3534,1.5886,2.8859,2.5147,6.0341,1.2790,1.4753,6.0341,2.1265

1267.3270,0.6622,0.1682,2.3295,2.4538,2.7617,6.4662,0.8468,1.5370,6.4662,2.2412

1268.3270,0.7240,0.2917,2.4529,2.6390,2.4530,6.3427,1.1555,1.6193,6.3427,2.2941

1269.3270,0.2919,0.1682,2.6999,2.5772,2.8852,5.5402,1.1555,1.6297,5.5402,2.1883

1270.3280,0.3536,0.1682,2.6382,2.4538,2.6999,6.2193,1.7112,1.6708,6.2193,2.3206

1271.3270,0.0450,0.2917,2.3912,2.7007,2.7617,7.7009,1.9582,1.6914,7.7009,2.5499

1272.3270,0.4771,0.2299,2.4529,3.0094,3.6878,6.4662,1.2173,1.8457,6.4662,2.5058

1273.3270,0.3536,0.3534,3.1321,2.6390,2.5147,6.4045,1.2790,1.7120,6.4045,2.3823

1274.3280,0.3536,0.7238,2.8851,2.5155,2.9469,6.0341,1.2173,1.7737,6.0341,2.3823

1275.3270,0.2919,0.1065,2.7617,2.7624,3.1939,6.1575,1.1555,1.7120,6.1575,2.3471

1276.3270,1.2178,0.9090,2.9469,2.5772,2.6382,6.4662,1.2173,1.9177,6.4662,2.5675

1277.3270,0.1684,0.1682,2.5764,2.5155,2.8852,6.2193,1.5877,1.6502,6.2193,2.3030

1278.3270,0.0450,0.2299,2.5147,2.4538,2.8234,6.3427,1.5877,1.6091,6.3427,2.2853

1279.3270,0.1684,0.5386,2.7617,2.8242,2.3912,7.3922,0.4147,1.5165,7.3922,2.3559

1280.3270,0.2302,0.3534,2.8234,2.7007,2.5765,6.7132,1.2790,1.6605,6.7132,2.3823

1281.3270,0.4153,0.4769,1.8973,2.8859,2.3912,6.3427,0.9086,1.4959,6.3427,2.1883

1282.3270,-0.0785,0.2917,2.6382,2.7007,2.6999,6.2810,1.8347,1.6811,6.2810,2.3382

1283.3280,0.1067,0.5386,2.2677,2.8242,2.6382,6.2810,1.2790,1.6091,6.2810,2.2765

1284.3270,0.4153,0.4151,2.5764,2.3303,2.5765,6.3427,1.2173,1.5885,6.3427,2.2677

1285.3270,0.2302,0.1065,2.8234,3.0711,2.6999,6.3427,0.7851,1.6194,6.3427,2.2941

1286.3270,0.1067,0.2917,2.1442,2.6390,2.6999,6.4662,1.2790,1.5268,6.4662,2.2324

1287.3270,0.0450,0.1682,2.5764,2.3303,2.6382,5.9723,1.5877,1.5576,5.9723,2.1883

1288.3270,0.7240,0.0447,2.8234,2.5772,2.2677,6.1575,1.2173,1.6091,6.1575,2.2588

1289.3270,0.3536,0.2917,2.5147,2.7007,2.3912,6.4045,1.2790,1.5885,6.4045,2.2765

1290.3270,-0.0168,-0.2640,2.6999,2.8859,2.3295,6.5897,1.2173,1.4753,6.5897,2.2059

1291.3270,0.2302,0.6621,2.6382,1.0956,3.1939,6.1575,1.4025,1.5371,6.1575,2.1971

1292.3270,-0.0168,0.4769,3.3173,2.7624,2.5147,6.5279,1.2173,1.7120,6.5279,2.4000

1293.3270,-0.0785,0.2917,2.6999,2.4538,2.6999,6.2810,1.1555,1.5371,6.2810,2.2148

1294.3270,0.9092,0.2917,2.6382,2.5772,2.5765,6.3427,1.5877,1.7634,6.3427,2.4176

1295.3270,0.1067,0.4769,2.4529,2.7007,2.8234,6.2193,1.4025,1.6605,6.2193,2.3118

1296.3270,0.2302,0.3534,2.6382,2.8242,2.5147,6.8366,1.4025,1.6605,6.8366,2.4000

1297.3270,-0.4489,0.6003,1.9590,2.7007,2.7617,6.2810,1.5260,1.5165,6.2810,2.1971

1298.3270,0.2302,0.2917,2.8234,2.5772,3.2556,6.4045,1.0938,1.7120,6.4045,2.3823

1299.3270,0.2919,0.2299,2.6382,2.7007,3.2556,6.5279,1.0938,1.7017,6.5279,2.3912

1300.3270,0.1067,0.6003,2.2060,2.7624,2.8852,6.4662,1.1555,1.6194,6.4662,2.3118

1301.3270,0.4153,0.2917,2.5147,2.5155,2.6382,6.1575,1.3408,1.6194,6.1575,2.2677

1302.3280,-0.0785,0.1682,2.4529,2.5155,2.8234,6.7132,1.4025,1.5473,6.7132,2.2853

1303.3270,0.0450,0.3534,2.5147,2.6390,2.1443,6.3427,1.4643,1.5268,6.3427,2.2148

1304.3270,-0.2019,0.8473,2.5764,2.4538,2.3912,6.2810,1.4643,1.5885,6.2810,2.2589

1305.3270,0.1067,0.1682,2.6999,2.7007,2.9469,6.1575,1.5877,1.7017,6.1575,2.3382

1306.3270,-0.0168,0.3534,2.6382,2.7007,2.2060,6.3427,1.4025,1.5473,6.3427,2.2324

1307.3270,0.2919,0.3534,2.6999,2.8859,2.6382,6.5279,1.4025,1.7120,6.5279,2.4000

1308.3280,-0.8809,0.7238,1.8355,2.7624,2.9469,6.2193,1.4643,1.4753,6.2193,2.1530

1309.3270,-0.3254,0.3534,3.0086,2.5155,1.7738,6.2810,1.5260,1.4753,6.2810,2.1618

1310.3270,0.1684,-0.0788,2.6382,2.7624,2.5765,6.2810,1.0321,1.5165,6.2810,2.1971

1311.3270,-0.1402,0.2917,2.5147,2.9476,2.4530,6.1575,1.5260,1.5988,6.1575,2.2500

1312.3270,0.2302,0.6621,2.3912,2.5155,2.6999,6.2193,0.9703,1.5782,6.2193,2.2412

1313.3270,0.3536,0.1065,2.6999,2.5155,2.8852,6.3427,1.2790,1.6399,6.3427,2.3118

1314.3270,0.0450,0.4151,2.6382,2.5772,2.5765,6.1575,1.4643,1.6194,6.1575,2.2677

1315.3270,0.6622,0.2299,2.2060,2.8859,2.3912,6.2193,1.4025,1.6296,6.2193,2.2853

1316.3270,0.6622,0.4769,2.5147,2.4538,2.7617,6.2810,0.7851,1.6091,6.2810,2.2765

1317.3270,0.1684,0.2917,2.3295,2.8859,2.5765,6.2810,1.6495,1.6502,6.2810,2.3118

1318.3270,0.1684,0.4151,2.2677,2.7624,2.8852,6.4662,1.2790,1.6297,6.4662,2.3206

1319.3270,-0.0785,0.3534,2.4529,2.6390,2.8852,6.2810,1.7112,1.6605,6.2810,2.3206

1320.3270,0.0450,0.2917,2.6382,2.6390,2.4530,6.5279,2.3286,1.7326,6.5279,2.4176

1321.3270,1.2795,0.4151,3.1321,2.6390,2.4530,6.1575,1.4025,1.8869,6.1575,2.4970

1322.3270,0.1684,0.1682,2.5147,2.5772,2.7617,6.2810,1.7112,1.6502,6.2810,2.3118

1323.3270,-0.4489,0.6621,2.8234,2.7624,2.4530,6.2810,1.4025,1.6091,6.2810,2.2765

1324.3270,0.0450,0.8473,2.3295,2.7624,2.5765,6.7749,1.2790,1.6399,6.7749,2.3735

1325.3270,-0.3254,0.3534,2.8234,2.5155,2.7617,6.3427,1.2173,1.5576,6.3427,2.2412

1326.3270,0.2302,0.2299,2.7617,2.7007,2.5765,6.2193,1.1555,1.6091,6.2193,2.2677

1327.3270,0.1684,0.1682,2.5147,2.8859,2.8234,6.6514,1.7730,1.7223,6.6514,2.4264

1328.3270,0.0450,0.5386,2.3295,2.7007,2.5147,6.5897,1.0938,1.5370,6.5897,2.2589

1329.3270,-0.1402,0.0447,2.3912,2.6390,2.3295,6.4045,0.7234,1.3313,6.4045,2.0560

1330.3270,0.5388,0.2299,2.5147,2.7007,1.4033,6.7132,1.0321,1.4033,6.7132,2.1618

1331.3270,0.3536,0.1065,2.6382,2.5155,2.4530,6.2193,1.2173,1.5473,6.2193,2.2148

1332.3270,0.3536,0.2299,2.4529,2.5772,2.8852,7.3922,1.1555,1.6091,7.3922,2.4352

1333.3270,0.1067,0.3534,2.3295,2.6390,2.5147,7.5157,1.0321,1.4959,7.5157,2.3559

1334.3270,0.2302,0.1682,3.0704,2.6390,2.5147,6.9601,1.1555,1.6297,6.9601,2.3911

1335.3270,-0.0785,0.5386,2.3912,2.7624,2.6999,6.7132,1.2790,1.5988,6.7132,2.3294

1336.3270,0.1067,-0.2022,2.7617,2.7007,2.3912,6.7749,1.2173,1.4959,6.7749,2.2500

1337.3270,-0.0785,0.4151,2.4529,2.5155,3.6261,6.5279,1.5260,1.7429,6.5279,2.4264

1338.3270,0.2302,0.2299,2.4529,2.5772,2.8234,6.1575,1.1555,1.5782,6.1575,2.2324

1339.3270,0.2302,0.4151,2.4529,2.7007,2.6999,6.4045,1.4025,1.6502,6.4045,2.3294

1340.3270,0.1684,0.4769,2.2060,2.7007,3.0704,6.1575,1.6495,1.7120,6.1575,2.3471

1341.3270,0.2919,0.3534,2.0208,2.7624,3.1321,5.9106,1.4025,1.6605,5.9106,2.2677

1342.3270,-0.0168,0.1682,2.8234,2.2068,2.5765,6.1575,1.4025,1.5268,6.1575,2.1883

1343.3280,0.1067,0.1682,2.8234,2.6390,2.9469,6.4045,1.2173,1.6502,6.4045,2.3294

1344.3270,0.3536,0.2917,2.6382,2.5772,2.5147,6.2810,1.0938,1.5782,6.2810,2.2500

1345.3270,0.1067,0.4769,2.7617,3.1946,2.4530,6.3427,1.0321,1.6708,6.3427,2.3382

1346.3270,0.2302,-0.0170,2.2060,2.7007,2.6382,6.0341,1.2790,1.5062,6.0341,2.1530

1347.3270,0.3536,0.6003,2.4529,2.7624,2.4530,5.9723,1.0938,1.6194,5.9723,2.2412

1348.3270,0.6005,0.4769,2.4529,2.6390,2.6382,6.0341,0.9086,1.6193,6.0341,2.2500

1349.3270,0.1684,0.6003,2.5764,2.5155,2.5765,6.1575,1.1555,1.5988,6.1575,2.2500

1350.3270,0.0450,0.4151,3.5643,2.7007,2.6382,5.9723,1.4025,1.7943,5.9723,2.3912

1351.3280,-0.0785,0.3534,2.7617,2.9476,2.6999,6.0341,1.7730,1.7429,6.0341,2.3559

1352.3270,0.2302,0.1065,2.5764,2.2686,2.8852,5.9723,1.2173,1.5473,5.9723,2.1795

1353.3270,0.1067,0.1682,2.0208,2.7007,2.9469,5.9723,1.4643,1.5679,5.9723,2.1971

1354.3270,0.1684,0.1682,2.5147,2.7624,2.7617,5.9106,1.5260,1.6502,5.9106,2.2589

1355.3270,0.6622,0.4769,2.5147,2.5772,2.5765,6.2193,0.8468,1.6091,6.2193,2.2677

1356.3270,0.1067,0.1065,2.4529,2.6390,2.2677,6.2810,1.8964,1.5782,6.2810,2.2500

1357.3280,0.9092,-0.1405,3.1321,2.8242,2.5765,5.9723,0.9086,1.7017,5.9723,2.3118

1358.3270,0.3536,-1.4370,2.8234,2.6390,2.6382,5.7254,1.2173,1.3724,5.7254,1.9943

1359.3270,0.1684,0.6621,3.0086,2.6390,2.3912,5.9723,1.3408,1.7017,5.9723,2.3118

1360.3270,0.5388,0.2917,2.4529,2.5772,2.7617,6.2193,1.0321,1.6091,6.2193,2.2677

1361.3270,-0.0785,0.2299,2.7617,2.7007,2.4530,6.2193,1.3408,1.5679,6.2193,2.2324

1362.3270,0.6005,0.0447,2.8851,2.6390,2.6999,6.0341,1.1555,1.6708,6.0341,2.2941

1363.3280,0.4153,0.4769,2.4529,2.9476,2.7617,6.2193,1.2790,1.7223,6.2193,2.3647

1364.3270,0.4771,0.4769,2.3912,2.8859,2.6382,6.4662,1.2790,1.6914,6.4662,2.3735

1365.3270,0.3536,0.0447,2.8851,3.5650,2.8852,6.1575,0.9703,1.7840,6.1575,2.4088

1366.3270,0.1067,0.2299,2.6382,2.8242,2.2677,6.1575,1.4643,1.5885,6.1575,2.2412

1367.3280,0.0450,0.2917,2.0208,2.9476,1.5268,6.2193,1.1555,1.3312,6.2193,2.0295

1368.3270,0.2302,0.6621,2.7617,2.5155,2.5147,6.2810,1.8347,1.7531,6.2810,2.4000

1369.3280,0.1067,0.6621,2.0208,2.7007,2.7617,6.4045,1.2173,1.5782,6.4045,2.2677

1370.3270,0.0450,0.4151,2.7617,2.8859,2.5147,5.9106,1.7112,1.7223,5.9106,2.3206

1371.3270,0.0450,0.1682,2.5764,2.4538,2.6999,5.6636,1.4025,1.5576,5.6636,2.1442

1372.3270,0.3536,0.3534,2.4529,2.7624,3.9348,6.1575,1.2173,1.8457,6.1575,2.4617

1373.3270,0.2919,0.2917,2.5147,3.0094,2.5765,5.9106,1.2173,1.6502,5.9106,2.2588

1374.3270,0.3536,0.2917,3.0086,2.8242,2.4530,6.0958,1.2790,1.7017,6.0958,2.3294

1375.3270,0.1067,0.4769,3.1321,2.7007,2.5147,6.2193,1.0321,1.6605,6.2193,2.3118

1376.3270,0.2919,0.4151,2.3295,2.7624,3.5643,6.6514,0.9703,1.7223,6.6514,2.4264

1377.3270,0.2302,0.2917,1.9590,2.5772,2.7617,6.1575,1.4643,1.5473,6.1575,2.2059

1378.3270,-0.0168,0.2299,2.6999,2.5155,2.9469,6.2193,1.1555,1.5885,6.2193,2.2500

1379.3270,0.1684,0.3534,2.6382,3.3180,2.7617,6.0341,1.1555,1.7325,6.0341,2.3470

1380.3270,0.2919,0.2917,2.6999,2.3920,2.8234,6.2193,1.1555,1.6091,6.2193,2.2677

1381.3270,0.5388,0.0447,2.3912,3.0711,2.8852,6.0341,1.0938,1.6708,6.0341,2.2941

1382.3270,-0.1402,0.3534,2.7617,2.3920,2.5147,6.2810,1.2790,1.5268,6.2810,2.2059

1383.3270,0.1684,0.0447,3.0704,2.9476,2.4530,6.2193,0.9086,1.5988,6.2193,2.2589

1384.3270,0.4771,0.4151,3.0086,2.8242,2.5147,5.9723,1.1555,1.7325,5.9723,2.3382

1385.3270,-0.0785,0.6003,2.3295,2.7007,2.5765,6.1575,1.3408,1.5782,6.1575,2.2324

1386.3270,0.0450,0.1682,2.8851,2.3920,2.4530,6.2193,1.2790,1.5371,6.2193,2.2059

1387.3270,0.2919,-0.2022,3.0086,2.5155,2.6999,6.0341,1.0938,1.5679,6.0341,2.2059

1388.3270,0.0450,-0.0170,2.2677,2.5772,2.6382,5.9106,1.3408,1.4753,5.9106,2.1089

1389.3270,0.4153,0.4151,2.5147,2.7624,2.6382,5.8489,1.0321,1.6296,5.8489,2.2324

1390.3270,-0.5106,0.6003,2.4529,2.7007,2.4530,6.3427,1.9582,1.6091,6.3427,2.2853

1391.3270,0.1684,0.8473,2.5764,2.6390,2.6999,5.9723,1.2790,1.7017,5.9723,2.3118

1392.3270,-0.0168,0.2917,2.5764,3.1946,2.5147,6.0958,1.2790,1.6399,6.0958,2.2765

1393.3270,0.2919,0.2917,3.2556,2.4538,2.6999,5.9723,1.4025,1.7326,5.9723,2.3382

1394.3270,0.1067,0.1065,2.8851,2.6390,2.4530,6.2810,1.2790,1.5782,6.2810,2.2500

1395.3270,0.2919,0.0447,2.5764,2.5155,2.6382,5.6636,1.2790,1.5576,5.6636,2.1442

1396.3270,-0.0785,-0.0788,2.5764,2.8859,2.4530,6.3427,1.4643,1.5371,6.3427,2.2236

1397.3270,0.0450,0.9708,2.4529,2.5772,2.5765,6.0341,1.5877,1.7017,6.0341,2.3206

1398.3270,0.3536,0.6003,2.3912,2.6390,2.4530,6.1575,0.7234,1.5267,6.1575,2.1883

1399.3270,0.1067,0.2299,2.0825,2.7007,2.6382,5.8489,1.2790,1.5062,5.8489,2.1266

1400.3270,-0.0785,0.4151,2.5764,2.5772,2.6999,6.5897,1.0938,1.5473,6.5897,2.2677

1401.3270,0.4771,0.1682,2.5147,2.6390,2.5147,6.2193,0.8468,1.5267,6.2193,2.1971

1402.3270,0.0450,0.5386,2.5147,2.3303,2.4530,6.0341,1.5260,1.5679,6.0341,2.2059

1403.3280,0.0450,0.2917,2.5764,2.8242,2.3912,6.2193,1.7112,1.6399,6.2193,2.2941

1404.3270,0.1067,0.5386,2.3912,2.6390,1.3416,6.3427,0.5381,1.2592,6.3427,1.9854

1405.3280,0.1684,0.5386,4.1817,2.7007,2.5765,5.9723,1.2173,1.8972,5.9723,2.4794

1406.3270,0.4153,0.4151,2.6382,3.1328,1.5268,6.4045,1.0938,1.5370,6.4045,2.2324

1407.3270,0.1684,0.2299,2.6999,2.7007,2.5147,6.5279,1.4025,1.6194,6.5279,2.3206

1408.3270,0.2302,0.1682,2.8234,2.7007,3.2556,6.4045,1.0938,1.7120,6.4045,2.3823

1409.3270,0.3536,1.0325,2.7617,2.8859,3.0704,5.8489,1.0938,1.8663,5.8489,2.4352

1410.3270,0.1684,0.2299,2.6382,3.0711,2.8852,5.9723,1.3408,1.7223,5.9723,2.3294

1411.3270,0.1067,0.1682,2.5764,2.7624,2.3295,6.3427,1.4643,1.5679,6.3427,2.2500

1412.3270,0.2302,0.0447,2.6382,2.6390,2.6999,5.7254,1.2790,1.5885,5.7254,2.1795

1413.3270,0.2919,0.5386,2.2060,2.8242,3.6878,6.4662,1.2790,1.8046,6.4662,2.4705

1414.3280,0.2302,-0.2640,2.6999,2.9476,2.7617,6.2193,0.5381,1.4856,6.2193,2.1618

1415.3270,0.5388,0.2299,2.1442,2.5772,2.7617,6.0341,1.3408,1.5988,6.0341,2.2324

1416.3270,0.2919,0.2299,2.5764,3.0094,2.6999,6.6514,1.4643,1.7120,6.6514,2.4176

1417.3270,0.0450,0.4769,2.3912,3.0094,2.5765,6.4662,2.0817,1.7634,6.4662,2.4353

1418.3270,0.5388,0.1682,3.0086,2.9476,2.5147,5.9106,1.1555,1.7222,5.9106,2.3206

1419.3270,-0.0168,0.4769,2.6382,3.1946,2.7617,5.9723,1.2790,1.7223,5.9723,2.3294

1420.3270,0.2302,-0.2022,2.6382,2.7007,2.3912,6.3427,1.1555,1.4856,6.3427,2.1795

1421.3270,-0.0168,0.6003,3.3173,3.8737,2.5765,5.7254,1.4643,1.9692,5.7254,2.5058

1422.3270,0.4153,0.2917,2.5147,2.7007,2.4530,6.1575,1.2173,1.5988,6.1575,2.2500

1423.3270,0.1067,-0.0788,2.6999,2.3920,2.3912,5.9106,2.0199,1.5885,5.9106,2.2059

1424.3270,0.2302,0.1065,2.6382,2.7624,2.6999,5.7871,1.4643,1.6502,5.7871,2.2412

1425.3280,0.2919,0.4769,2.5147,3.1946,2.6382,6.0341,1.2173,1.7223,6.0341,2.3382

1426.3270,0.5388,0.1682,2.3295,2.3303,2.6382,6.2810,0.9086,1.4856,6.2810,2.1706

1427.3270,-1.1896,-0.5726,2.7617,2.8242,2.5765,6.2193,0.5999,1.1667,6.2193,1.8885

1428.3280,0.1067,0.2917,3.0086,2.6390,2.6999,6.1575,1.2173,1.6605,6.1575,2.3030

1429.3270,0.2302,-0.1405,2.5147,2.8242,2.4530,6.2193,0.9703,1.4753,6.2193,2.1530

1430.3280,-0.0168,0.2917,1.8355,2.8242,2.3295,6.0958,0.9703,1.3724,6.0958,2.0472

1431.3280,0.2302,0.2299,2.5147,2.4538,2.9469,6.2810,1.7112,1.6811,6.2810,2.3382

1432.3270,0.6622,-0.0170,2.2677,2.6390,2.7617,6.0341,1.4025,1.6194,6.0341,2.2500

1433.3270,0.0450,0.2299,2.2677,2.4538,2.5147,5.9723,1.3408,1.4753,5.9723,2.1177

1434.3270,0.4153,-0.1405,2.5764,2.7007,3.0087,6.1575,1.4643,1.6708,6.1575,2.3118

1435.3270,0.1067,0.9090,2.6999,2.6390,2.6382,6.0958,1.0938,1.6811,6.0958,2.3118

1436.3270,0.3536,0.0447,2.6999,2.6390,3.0704,6.1575,1.0938,1.6502,6.1575,2.2941

1437.3270,0.2302,0.1065,2.6382,2.0216,2.6999,6.2810,1.0938,1.4650,6.2810,2.1530

1438.3270,0.1067,0.1065,2.6382,2.4538,3.4409,6.0341,1.1555,1.6502,6.0341,2.2765

1439.3270,0.3536,-0.0788,2.8234,3.7502,2.7617,6.1575,1.2173,1.8046,6.1575,2.4264

1440.3270,0.7857,0.2299,2.7617,2.3920,2.2677,6.0958,1.4643,1.6502,6.0958,2.2853

1441.3270,0.0450,0.1682,2.5147,2.6390,2.6382,5.2315,1.4025,1.5679,5.2315,2.0913

1442.3270,0.2919,0.1682,2.8851,2.3303,3.1939,6.4662,1.0938,1.6605,6.4662,2.3471

1443.3270,-0.2019,0.7856,2.9469,2.8859,2.5765,5.7254,1.8347,1.8046,5.7254,2.3647

1444.3270,0.2302,0.1682,2.7617,2.5155,3.0704,6.0341,1.5260,1.7120,6.0341,2.3294

1445.3280,0.2302,0.1682,3.2556,2.5772,2.3912,5.9723,1.3408,1.6605,5.9723,2.2765

1446.3270,0.4153,0.2299,2.9469,3.1328,3.0087,5.5402,1.0321,1.7943,5.5402,2.3294

1447.3270,-0.0168,0.3534,3.6878,3.2563,2.1443,6.2193,1.1555,1.7634,6.2193,2.4000

1448.3270,0.4771,-0.0788,2.4529,1.1573,3.1939,5.7871,1.3408,1.4239,5.7871,2.0472

1449.3270,0.1684,0.1682,2.2677,3.0711,2.2060,5.9723,1.2790,1.5267,5.9723,2.1618

1450.3270,0.0450,0.8473,2.7617,2.5155,2.5147,5.9106,1.2790,1.6605,5.9106,2.2677

1451.3270,-0.0785,0.5386,2.5764,3.0094,2.9469,6.0341,1.0321,1.6708,6.0341,2.2941

1452.3270,0.1684,0.7238,2.9469,2.3920,2.5765,5.9723,1.4025,1.7017,5.9723,2.3118

1453.3270,0.2302,0.2917,2.5147,2.7007,2.5147,6.7132,1.4643,1.6194,6.7132,2.3470

1454.3270,0.1067,0.2299,1.8973,2.5155,2.7617,5.9106,1.4643,1.4959,5.9106,2.1266

1455.3270,0.0450,0.3534,2.0825,2.7007,2.3295,6.0958,1.3408,1.4753,6.0958,2.1354

1456.3270,0.1684,-0.3257,3.1321,2.5772,2.5765,6.2810,1.0321,1.5268,6.2810,2.2059

1457.3270,-0.0168,0.4151,2.3912,3.1946,2.7617,5.9106,1.4025,1.6914,5.9106,2.2941

1458.3270,0.1067,0.2299,2.6999,3.0094,2.8852,5.8489,1.4643,1.7326,5.8489,2.3206

1459.3270,0.1684,-0.3257,2.5147,2.8859,2.3912,6.3427,1.2173,1.4753,6.3427,2.1707

1460.3270,0.9709,-0.3874,3.0704,2.7624,2.9469,6.2193,1.0938,1.7428,6.2193,2.3823

1461.3270,-0.0168,0.5386,2.3295,2.5155,2.4530,6.4662,0.7851,1.4341,6.4662,2.1530

1462.3270,-0.0785,0.2917,2.7617,2.3303,2.7617,6.4045,1.1555,1.5371,6.4045,2.2324

1463.3280,-0.0785,0.6003,2.6999,3.0094,3.0087,6.0958,1.0321,1.7120,6.0958,2.3382

1464.3280,0.3536,1.7733,2.7617,2.5772,2.7617,6.2193,0.9703,1.8663,6.2193,2.4882

1465.3270,0.1684,0.2299,2.6999,2.7624,2.0825,6.4045,1.4643,1.5679,6.4045,2.2588

1466.3270,0.4771,0.2917,2.3295,3.1328,2.2677,6.1575,1.1555,1.6091,6.1575,2.2588

1467.3280,0.2919,-0.0788,3.0704,2.4538,3.1321,6.3427,1.1555,1.6708,6.3427,2.3382

1468.3270,0.1067,0.1065,2.6382,2.8242,2.8852,6.0341,1.6495,1.7017,6.0341,2.3206

1469.3270,0.4771,0.4151,2.3912,2.8859,2.6999,6.0958,0.1677,1.5062,6.0958,2.1618

1470.3270,-0.0785,-0.0788,2.6999,2.7007,2.8852,6.4662,1.0938,1.5371,6.4662,2.2412

1471.3270,0.3536,0.4151,2.6999,2.4538,2.9469,5.7871,1.3408,1.7017,5.7871,2.2853

1472.3270,0.2302,-0.2022,2.8851,2.2068,2.8852,5.9106,1.4025,1.5679,5.9106,2.1883

1473.3270,0.2919,-0.0788,2.6999,2.6390,2.8234,6.2193,0.9703,1.5576,6.2193,2.2236

1474.3280,0.5388,0.2917,1.9590,2.3920,2.3295,6.0958,1.0938,1.4341,6.0958,2.1001

1475.3270,-0.0168,0.3534,1.8355,2.6390,2.7617,6.0341,1.4643,1.5062,6.0341,2.1530

1476.3270,-0.0785,-0.0170,2.9469,3.3798,2.9469,6.0341,1.1555,1.7223,6.0341,2.3382

1477.3270,-0.1402,0.1065,2.6382,2.3920,2.7617,6.1575,1.7112,1.5782,6.1575,2.2324

1478.3270,0.2302,0.8473,2.8234,2.7007,2.3912,5.9723,1.4025,1.7325,5.9723,2.3382

1479.3270,0.3536,0.2299,2.1442,2.8859,3.0704,6.3427,1.1555,1.6399,6.3427,2.3118

1480.3270,0.1684,0.1065,3.0086,2.5772,3.1321,6.2810,1.3408,1.7223,6.2810,2.3735

1481.3270,0.1684,0.0447,3.0086,2.7624,2.4530,6.2193,1.1555,1.5988,6.2193,2.2589

1482.3270,0.3536,0.4769,2.2060,2.8242,3.3174,6.4045,1.2173,1.7325,6.4045,2.4000

1483.3270,0.3536,0.7856,2.8851,2.4538,2.5765,6.0341,1.0321,1.6811,6.0341,2.3029

1484.3270,0.2302,0.4151,3.6878,2.7007,2.2677,6.3427,0.9703,1.7120,6.3427,2.3735

1485.3270,0.2919,-0.2022,2.6999,2.7624,2.4530,6.3427,1.3408,1.5576,6.3427,2.2412

1486.3270,0.0450,0.1065,2.0825,2.4538,2.8234,5.9106,1.6495,1.5268,5.9106,2.1530

1487.3280,0.3536,0.2917,2.4529,3.0094,2.4530,6.0341,1.1555,1.6194,6.0341,2.2500

1488.3280,0.3536,0.1682,2.5764,2.6390,2.5765,5.6636,1.3408,1.6091,5.6636,2.1883

1489.3270,0.7857,-0.0788,2.2677,2.8242,2.6382,6.0341,1.0938,1.5885,6.0341,2.2236

1490.3270,0.9709,0.1065,2.7617,2.5155,2.1443,6.2193,1.4025,1.6502,6.2193,2.3029

1491.3270,0.4153,0.2917,2.2677,2.5155,2.5147,6.1575,0.9086,1.4856,6.1575,2.1530

1492.3270,0.1684,0.5386,2.6999,2.6390,2.3295,6.0341,1.2790,1.6091,6.0341,2.2412

1493.3270,0.0450,0.2299,2.5147,2.5155,2.4530,6.0341,1.4025,1.5268,6.0341,2.1707

1494.3270,0.2302,0.0447,2.7617,2.3303,2.6382,6.1575,1.1555,1.5268,6.1575,2.1883

1495.3280,0.1067,-0.0170,2.3295,2.7007,2.5147,6.2193,1.4025,1.5062,6.2193,2.1795

1496.3270,0.1067,-0.4492,3.0086,2.8242,2.3912,6.0341,1.1555,1.5062,6.0341,2.1530

1497.3270,0.1684,0.2917,3.1321,2.7007,2.5765,6.8366,0.7234,1.5988,6.8366,2.3470

1498.3280,-0.0785,0.1682,2.4529,2.8242,2.7617,6.0958,0.9086,1.5062,6.0958,2.1618

1499.3270,0.6622,0.2299,2.5147,2.5155,2.5765,6.2810,1.4643,1.6605,6.2810,2.3206

1500.3270,-0.0168,0.3534,2.5764,2.2068,2.4530,6.0341,1.5260,1.5165,6.0341,2.1618

1501.3270,0.7240,0.3534,2.3912,2.8242,3.0704,6.0958,1.0938,1.7428,6.0958,2.3647

1502.3270,-0.3871,0.6621,2.6999,2.6390,2.6999,6.1575,1.4643,1.6297,6.1575,2.2765

1503.3270,0.0450,0.1682,2.5764,2.6390,2.6999,6.2810,1.0938,1.5371,6.2810,2.2148

1504.3270,0.0450,0.0447,2.8851,2.6390,2.8234,7.0836,0.5999,1.5062,7.0836,2.3030

1505.3280,0.1067,-0.3257,2.6382,2.8242,2.4530,6.2193,1.2173,1.4856,6.2193,2.1618

1506.3270,0.1684,-0.2022,2.6382,2.5155,3.0087,6.0341,1.0938,1.5371,6.0341,2.1795

1507.3270,0.0450,0.1682,2.8234,2.5772,2.8852,6.4045,1.2173,1.6194,6.4045,2.3030

1508.3270,-0.0785,0.1682,2.5147,2.7624,2.4530,6.4045,1.3408,1.5268,6.4045,2.2236

1509.3270,-0.5723,0.6003,2.7617,2.9476,2.5765,5.9106,1.2173,1.5885,5.9106,2.2060

1510.3270,-0.0168,0.4151,2.7617,2.8859,2.8234,6.0341,1.5260,1.7326,6.0341,2.3471

1511.3270,0.0450,0.1682,2.6382,2.0834,2.3295,6.3427,1.0321,1.3827,6.3427,2.0913

1512.3270,0.4771,0.1682,3.0086,2.4538,2.5765,6.0341,1.3408,1.6708,6.0341,2.2941

1513.3270,-0.1402,-0.0788,2.8234,2.5155,2.4530,6.2810,1.8347,1.5679,6.2810,2.2412

1514.3270,0.5388,0.1682,2.3912,2.8242,2.3912,6.0341,1.0938,1.5679,6.0341,2.2059

1515.3270,-0.0785,0.1065,2.4529,2.9476,2.1443,6.1575,1.2790,1.4753,6.1575,2.1442

1516.3270,-0.1402,0.1065,2.5147,2.7007,2.1443,6.1575,1.3408,1.4444,6.1575,2.1177

1517.3270,-0.0168,0.9708,2.6999,2.4538,2.4530,6.2810,1.5260,1.6811,6.2810,2.3382

1518.3270,0.0450,0.4151,2.3295,2.5155,2.4530,6.1575,1.4025,1.5268,6.1575,2.1883

1519.3280,0.1067,0.1682,2.7617,2.2068,2.6382,6.2810,1.1555,1.5062,6.2810,2.1883

1520.3270,0.1067,0.5386,2.3912,2.7007,2.6382,6.0341,1.2173,1.5988,6.0341,2.2324

1521.3270,0.5388,0.1682,2.2060,2.4538,2.8852,6.0341,1.2173,1.5782,6.0341,2.2148

1522.3270,0.0450,0.3534,2.3912,2.3303,2.8234,5.9106,1.2790,1.5371,5.9106,2.1618

1523.3270,0.4771,0.0447,2.5147,2.4538,2.5765,6.2193,0.5999,1.4444,6.2193,2.1265

1524.3280,0.0450,-0.1405,2.3295,2.6390,2.4530,6.0958,1.4025,1.4547,6.0958,2.1177

1525.3270,-0.1402,0.1065,2.5764,2.3920,2.6382,5.9106,1.5877,1.5268,5.9106,2.1530

1526.3270,0.2919,0.6003,2.8234,1.4043,2.8852,5.6636,1.4643,1.5782,5.6636,2.1619

1527.3270,0.1067,-0.0788,2.4529,2.7007,2.2060,6.1575,0.7851,1.3621,6.1575,2.0472

1528.3280,0.1684,0.4151,2.9469,2.7007,2.3295,6.0341,1.1555,1.6194,6.0341,2.2500

1529.3270,0.4153,0.9090,2.5764,2.5155,2.5147,6.2193,1.0321,1.6605,6.2193,2.3118

1530.3270,0.1684,0.4151,2.0208,2.5772,2.6382,6.0958,0.9703,1.4650,6.0958,2.1266

1531.3270,-0.0785,0.4769,3.2556,2.8859,2.4530,5.7254,1.5877,1.7634,5.7254,2.3294

1532.3270,0.5388,0.1682,2.5764,2.5772,2.3912,6.2193,1.4643,1.6194,6.2193,2.2765

1533.3270,0.1067,0.1682,2.6382,2.2068,1.5886,7.1453,1.4025,1.3518,7.1453,2.1795

1534.3270,0.0450,0.3534,2.5147,2.5155,2.7617,6.0341,1.3408,1.5885,6.0341,2.2236

1535.3270,0.2302,0.2299,2.8234,2.5772,2.8234,6.4662,1.2790,1.6605,6.4662,2.3471

1536.3270,0.4771,-0.0788,2.6999,2.6390,2.8234,6.1575,1.0938,1.6091,6.1575,2.2589

1537.3270,0.2302,0.6621,2.6999,2.5155,2.8234,6.4045,0.8468,1.6297,6.4045,2.3118

1538.3270,0.1067,-0.2640,2.5147,2.8242,2.3295,6.4045,1.2790,1.4650,6.4045,2.1707

1539.3270,0.1067,-0.0788,2.4529,2.5772,2.6382,6.4045,1.4643,1.5268,6.4045,2.2236

1540.3270,-0.0785,0.4769,2.5147,2.5772,2.4530,6.5279,1.2173,1.5268,6.5279,2.2412

1541.3270,0.2302,-0.0788,2.1442,2.3920,2.7617,5.2932,1.4025,1.4753,5.2932,2.0207

1542.3280,0.1067,0.4151,2.3295,2.7007,2.7617,6.3427,1.3408,1.6091,6.3427,2.2853

1543.3270,-0.2637,-1.9926,3.3791,2.1451,2.8234,6.2193,1.5877,1.2798,6.2193,1.9855

1544.3280,-0.1402,0.0447,2.6999,3.0711,2.6999,6.2193,0.3529,1.4547,6.2193,2.1354

1545.3270,0.1067,0.2299,3.4408,2.7624,2.5147,6.0958,1.0938,1.6914,6.0958,2.3206

1546.3270,0.2919,-0.3257,3.3173,2.5772,2.5765,6.0958,1.2790,1.6194,6.0958,2.2589

1547.3270,-0.0785,0.3534,2.4529,2.8242,2.0208,6.2193,1.1555,1.4547,6.2193,2.1354

1548.3270,-0.2019,0.2917,3.1321,2.8242,2.6382,5.6636,1.4643,1.6914,5.6636,2.2589

1549.3270,0.1684,0.2917,3.0086,2.5772,2.4530,6.0341,1.1555,1.6091,6.0341,2.2412

1550.3270,0.2302,-0.1405,2.8851,2.7624,2.6382,6.3427,1.2173,1.5988,6.3427,2.2765

1551.3270,0.1067,0.1682,2.4529,3.3180,2.8234,6.0341,1.3408,1.7017,6.0341,2.3206

1552.3270,0.1684,0.0447,3.0086,2.3303,2.5765,6.1575,1.1555,1.5473,6.1575,2.2059

1553.3280,-0.0168,0.7238,2.2060,2.5772,2.5147,5.9723,1.3408,1.5576,5.9723,2.1883

1554.3270,0.0450,0.9708,2.2677,2.4538,2.4530,6.1575,1.2790,1.5782,6.1575,2.2324

1555.3270,0.2302,0.2917,2.5764,2.7624,2.4530,6.0958,0.9703,1.5473,6.0958,2.1971

1556.3270,0.6622,0.1065,2.5147,2.7624,2.3912,6.0341,1.1555,1.5988,6.0341,2.2324

1557.3270,0.6622,0.4769,2.3295,2.5155,2.4530,6.0958,1.9582,1.7325,6.0958,2.3559

1558.3270,0.1067,0.4769,2.2677,2.3920,3.0704,5.5402,1.5260,1.6400,5.5402,2.1971

1559.3280,0.1067,0.1065,2.5147,2.5155,2.7617,6.0341,1.2790,1.5473,6.0341,2.1883

1560.3270,-0.0168,0.0447,2.6382,2.5155,2.6999,6.2193,1.7730,1.6091,6.2193,2.2677

1561.3270,0.9092,0.1682,3.1938,2.5772,2.5147,6.2193,1.2173,1.7634,6.2193,2.4000

1562.3270,0.3536,0.1065,2.6382,2.5155,2.3912,6.2193,1.4025,1.5679,6.2193,2.2324

1563.3270,0.1684,0.2299,2.4529,2.4538,1.0329,6.4045,1.2790,1.2695,6.4045,2.0031

1564.3270,-0.0168,0.7238,2.2060,2.7624,2.3295,5.7871,1.2790,1.5473,5.7871,2.1530

1565.3270,0.2302,0.3534,2.3912,2.7624,2.2677,6.5279,0.7851,1.4650,6.5279,2.1883

1566.3280,-0.0785,0.2917,2.5764,2.6390,2.6382,6.4045,1.4025,1.5782,6.4045,2.2677

1567.3270,0.1684,0.6003,2.5764,2.5772,2.9469,6.4045,1.0938,1.6605,6.4045,2.3382

1568.3270,-0.0168,0.6003,2.2677,2.5155,2.6999,6.2810,0.6616,1.4547,6.2810,2.1442

1569.3270,0.3536,0.6621,2.5764,2.4538,2.7617,5.7254,1.5260,1.7223,5.7254,2.2941

1570.3270,0.2302,-0.1405,3.7495,2.5772,2.5765,5.9106,1.3408,1.7223,5.9106,2.3206

1571.3280,0.0450,0.3534,2.8851,2.8242,2.6382,6.1575,1.2790,1.6708,6.1575,2.3118

1572.3270,0.1067,0.2917,2.3295,2.7007,2.2677,6.4045,2.2051,1.6502,6.4045,2.3294

1573.3270,-0.0168,0.4151,2.3912,2.7624,2.5765,5.9723,1.0321,1.5268,5.9723,2.1618

1574.3270,-0.0168,0.2917,2.8234,2.5772,2.6382,6.0341,1.2173,1.5885,6.0341,2.2236

1575.3270,0.1067,0.6003,2.5764,2.5772,2.6382,6.1575,0.7851,1.5473,6.1575,2.2059

1576.3270,0.9709,1.0325,2.2060,2.8242,2.5765,5.9723,1.2173,1.8045,5.9723,2.3999

1577.3270,-0.0785,0.3534,2.4529,3.1946,2.6382,6.0341,1.0938,1.6091,6.0341,2.2412

1578.3270,0.6005,0.1682,3.6260,2.6390,2.6999,5.9723,1.3408,1.8457,5.9723,2.4352

1579.3270,0.2919,0.1065,2.1442,2.5772,2.8852,5.9723,1.4025,1.5679,5.9723,2.1971

1580.3270,0.3536,0.4151,2.3912,2.7007,2.5765,6.5897,1.0938,1.5885,6.5897,2.3029

1581.3270,0.2302,0.2917,2.5147,2.7007,3.0704,6.1575,1.0938,1.6502,6.1575,2.2941

1582.3270,0.1067,0.2917,2.3295,3.1328,1.5886,6.5279,0.8468,1.3827,6.5279,2.1177

1583.3270,0.1067,0.4151,3.1321,2.7624,2.4530,6.1575,0.9703,1.6399,6.1575,2.2853

1584.3270,0.2302,-0.0788,3.0086,2.4538,2.5765,5.8489,1.2173,1.5679,5.8489,2.1795

1585.3280,0.1067,0.2299,3.0086,2.7007,2.5765,6.0958,1.2173,1.6399,6.0958,2.2765

1586.3270,0.4771,0.2917,2.4529,2.7624,3.1321,6.3427,1.4025,1.7531,6.3427,2.4088

1587.3270,-0.0168,0.2299,2.5764,2.7624,2.5147,6.5279,1.4643,1.5885,6.5279,2.2941

1588.3270,0.1684,0.4769,2.7617,2.5155,2.2060,5.9723,1.4643,1.5988,5.9723,2.2236

1589.3270,-0.1402,0.4151,3.6260,2.7624,2.3912,6.1575,1.3408,1.7326,6.1575,2.3647

1590.3280,0.1067,0.4151,2.1442,3.6885,2.6999,6.0958,1.4025,1.7428,6.0958,2.3647

1591.3270,0.2919,0.2299,2.2677,2.7007,3.3174,6.2810,1.2173,1.6708,6.2810,2.3294

1592.3270,-0.0785,0.4769,2.6382,2.8242,2.9469,6.1575,1.2790,1.6811,6.1575,2.3206

1593.3280,0.2919,0.1065,2.3295,2.5155,2.7617,6.0341,1.0938,1.5165,6.0341,2.1618

1594.3270,0.5388,0.4151,2.5147,2.8859,2.2060,5.9106,1.4025,1.6605,5.9106,2.2677

1595.3270,-0.1402,-0.0788,2.6999,2.2068,2.7617,6.0341,1.6495,1.5165,6.0341,2.1619

1596.3270,0.2302,0.6003,2.5147,2.4538,2.8234,6.0341,1.0938,1.6194,6.0341,2.2500

1597.3280,0.1067,0.1682,2.4529,2.8859,2.2677,6.0341,1.2790,1.5268,6.0341,2.1707

1598.3270,0.0450,0.2917,2.5147,2.5772,2.3295,6.4045,1.3408,1.5165,6.4045,2.2148

1599.3270,0.3536,0.3534,2.9469,2.8859,2.5765,5.8489,0.8468,1.6605,5.8489,2.2588

1600.3270,0.4153,0.3534,2.3295,2.7624,2.2677,5.8489,1.2790,1.5679,5.8489,2.1795

1601.3270,0.2919,0.3534,2.4529,2.7624,2.7617,5.8489,0.9703,1.5988,5.8489,2.2059

1602.3270,0.1067,0.3534,2.3295,2.6390,2.6999,5.9723,0.9703,1.5165,5.9723,2.1530

1603.3270,0.1684,-0.0788,2.2677,2.5155,2.6382,6.0341,1.4025,1.4856,6.0341,2.1354

1604.3270,0.1067,0.0447,2.9469,3.9354,2.9469,6.0341,1.2790,1.8766,6.0341,2.4705

1605.3270,-0.2637,0.0447,2.4529,2.0834,2.4530,6.2193,1.2173,1.3313,6.2193,2.0296

1606.3270,0.2919,0.0447,2.5764,2.1451,2.4530,6.2810,0.8468,1.3930,6.2810,2.0913

1607.3270,0.1684,-0.3257,2.6999,2.8242,2.5147,6.2193,0.4764,1.3930,6.2193,2.0825

1608.3270,0.4771,-0.0170,2.5147,2.7624,2.9469,6.4045,0.9703,1.6091,6.4045,2.2941

1609.3270,0.3536,0.2299,2.5764,2.0834,2.8852,5.9106,0.9703,1.5165,5.9106,2.1442

1610.3270,0.3536,0.2299,2.5764,2.0216,2.9469,5.9106,1.0938,1.5371,5.9106,2.1618

1611.3270,0.4771,0.2299,2.3295,2.6390,2.3295,6.0958,0.9703,1.4959,6.0958,2.1530

1612.3270,-0.1402,0.0447,2.6999,2.2068,2.4530,6.2193,1.2790,1.4239,6.2193,2.1089

1613.3280,0.1067,0.1682,2.4529,2.1451,2.8852,5.9106,0.9086,1.4444,5.9106,2.0825

1614.3270,-0.0785,0.4151,2.6382,2.5155,2.3295,5.9723,1.3408,1.5268,5.9723,2.1618

1615.3270,-0.8809,0.2299,2.8234,2.9476,2.8234,6.0341,1.5260,1.5782,6.0341,2.2148

1616.3280,-0.0168,0.4769,2.9469,2.5772,2.6382,6.5279,1.2790,1.6502,6.5279,2.3471

1617.3270,0.9709,0.4769,2.3912,2.6390,2.4530,6.0341,1.0938,1.6708,6.0341,2.2941

1618.3270,0.1684,-0.0170,2.7617,2.4538,2.6382,6.2193,1.0938,1.5165,6.2193,2.1883

1619.3270,-0.0785,0.2917,2.5764,2.8859,2.5765,6.1575,1.6495,1.6502,6.1575,2.2941

1620.3270,0.2302,0.1065,2.7617,3.4415,2.6382,6.0341,1.3408,1.7531,6.0341,2.3647

1621.3270,0.4153,1.0942,2.8234,2.5772,2.5765,6.2193,1.0938,1.7634,6.2193,2.4000

1622.3270,-0.0168,0.4151,2.2060,2.4538,2.8234,6.0341,1.2173,1.5165,6.0341,2.1618

1623.3270,0.2919,0.1065,2.2677,2.5772,2.8852,6.0341,1.3408,1.5782,6.0341,2.2148

1624.3270,0.1684,0.0447,2.6999,2.6390,2.7617,6.1575,1.1555,1.5782,6.1575,2.2324

1625.3270,-0.2019,0.4769,2.6382,2.5772,2.6382,6.1575,1.1555,1.5473,6.1575,2.2059

1626.3270,0.1067,0.0447,3.0086,2.2068,2.5765,5.9723,1.0321,1.4959,5.9723,2.1354

1627.3270,0.1067,0.4151,2.3295,2.5155,3.3174,6.4662,1.1555,1.6400,6.4662,2.3294

1628.3270,0.1067,0.2917,2.2677,2.8859,2.5765,6.2810,1.2173,1.5576,6.2810,2.2324

1629.3270,0.5388,-0.2022,2.5764,2.5772,2.5765,6.4045,1.5877,1.6091,6.4045,2.2941

1630.3270,0.1684,0.2299,2.4529,2.6390,2.3912,6.2193,1.4025,1.5473,6.2193,2.2148

1631.3270,0.5388,1.0942,1.7738,2.8859,2.3912,6.1575,1.2173,1.6502,6.1575,2.2941

1632.3270,0.2302,0.2917,2.3295,2.6390,2.5147,6.3427,0.9086,1.4856,6.3427,2.1795

1633.3270,0.2919,-0.0788,2.7617,2.5772,2.6999,5.9723,1.0938,1.5576,5.9723,2.1883

1634.3270,0.5388,0.3534,1.3416,2.3920,2.4530,6.2193,0.7851,1.3107,6.2193,2.0119

1635.3270,0.1684,0.3534,2.2677,2.6390,2.3912,6.1575,0.8468,1.4444,6.1575,2.1177

1636.3270,0.0450,0.4151,2.5147,3.0094,2.6999,6.2193,1.3408,1.6708,6.2193,2.3206

1637.3270,0.0450,0.3534,2.8851,2.2686,2.6382,5.9723,1.2790,1.5782,5.9723,2.2059

1638.3270,-0.0785,0.2299,2.2060,2.8859,2.6999,6.3427,1.5877,1.5885,6.3427,2.2677

1639.3270,-0.0785,0.6003,1.0947,2.9476,2.3295,5.9723,1.2173,1.3518,5.9723,2.0119

1640.3270,0.0450,0.3534,2.4529,3.0094,2.7617,6.0341,1.4025,1.6708,6.0341,2.2941

1641.3270,0.1067,0.6621,2.6382,2.4538,3.1939,6.1575,0.9703,1.6708,6.1575,2.3118

1642.3270,0.2919,0.4151,2.9469,2.6390,2.3295,6.2810,1.1555,1.6296,6.2810,2.2941

1643.3270,0.5388,1.0325,2.8851,2.0834,2.5147,5.9723,1.2790,1.7223,5.9723,2.3294

1644.3270,0.1684,0.9708,1.8355,2.8859,2.5765,6.4662,1.5260,1.6605,6.4662,2.3470

1645.3270,-0.0168,0.3534,2.5147,3.2563,2.8234,6.0958,1.2173,1.6914,6.0958,2.3206

1646.3270,0.2919,0.0447,2.5764,2.6390,2.7617,6.2810,1.7112,1.6708,6.2810,2.3294

1647.3270,0.3536,0.4769,2.3912,2.1451,2.3912,6.4662,1.1555,1.4856,6.4662,2.1971

1648.3270,0.1067,-0.2022,2.8851,2.3303,2.5765,6.2810,1.1555,1.4753,6.2810,2.1618

1649.3270,-0.0168,0.1065,2.6999,2.7624,2.7617,6.0341,1.5260,1.6400,6.0341,2.2677

1650.3270,0.0450,0.0447,2.3912,2.5772,2.3912,5.6636,1.2173,1.4444,5.6636,2.0472

1651.3270,-0.0785,0.3534,2.2677,3.3180,2.2677,6.7749,1.4025,1.5885,6.7749,2.3294

1652.3270,-0.0785,0.3534,2.5147,2.5155,2.6999,5.9106,1.3408,1.5576,5.9106,2.1795

1653.3280,0.0450,0.4151,2.5147,2.5155,3.0704,6.2810,0.9086,1.5782,6.2810,2.2500

1654.3270,-0.0785,0.3534,2.3295,2.7007,2.6382,6.2193,1.7112,1.6091,6.2193,2.2677

1655.3270,0.1684,0.2917,2.6382,2.5772,2.2677,6.0341,1.5260,1.5782,6.0341,2.2148

1656.3270,0.2919,0.5386,2.3295,2.5155,2.5147,6.3427,0.5381,1.4547,6.3427,2.1530

1657.3280,0.0450,0.3534,2.5147,3.0711,2.6382,5.9723,1.4025,1.6708,5.9723,2.2853

1658.3270,0.1684,0.1065,2.5764,2.4538,2.6382,6.2193,1.7112,1.6091,6.2193,2.2677

1659.3270,0.1067,-0.0170,2.5147,2.5155,2.8234,5.1080,0.9086,1.4753,5.1080,1.9943

1660.3270,0.1067,0.4151,2.9469,2.7624,2.5765,6.2810,1.0321,1.6399,6.2810,2.3030

1661.3270,0.0450,0.1682,2.7617,2.7624,2.2060,6.2810,1.5260,1.5782,6.2810,2.2500

1662.3270,0.0450,0.1065,3.0086,2.7007,2.3912,6.1575,0.9703,1.5370,6.1575,2.1971

1663.3270,-0.1402,-0.5109,2.5764,2.7624,2.3295,6.2810,1.2790,1.3827,6.2810,2.0825

1664.3280,-0.3871,0.6621,2.2677,2.7624,2.6999,6.0341,1.2790,1.5473,6.0341,2.1883

1665.3280,0.3536,0.3534,2.8234,2.8859,2.5765,6.1575,1.0938,1.6811,6.1575,2.3206

1666.3280,0.4153,0.4151,2.4529,2.5772,2.6382,6.0341,0.5999,1.5165,6.0341,2.1618

1667.3270,0.1067,1.1560,3.1321,1.8981,2.6382,6.2193,1.0321,1.6605,6.2193,2.3118

1668.3270,-0.1402,0.3534,2.3912,3.1946,2.6999,6.0958,0.9703,1.5782,6.0958,2.2236

1669.3270,0.7240,0.6621,2.5764,3.0711,2.6382,6.0958,1.2173,1.8148,6.0958,2.4264

1670.3270,0.5388,-0.1405,2.4529,2.5772,2.5147,6.2193,1.0938,1.5062,6.2193,2.1795

1671.3270,-0.0168,0.2917,1.7121,2.4538,2.7617,6.0341,1.0938,1.3827,6.0341,2.0472

1672.3270,-0.4489,0.0447,2.8851,2.2686,2.7617,6.3427,1.0938,1.4342,6.3427,2.1354

1673.3270,0.2919,0.1065,2.6999,2.3920,2.5765,5.8489,1.1555,1.5370,5.8489,2.1530

1674.3270,-0.0785,0.4151,2.4529,3.3180,2.7617,5.9723,0.3529,1.5370,5.9723,2.1707

1675.3270,-0.3254,0.1682,2.6382,2.5772,2.6999,5.5402,1.6495,1.5679,5.5402,2.1354

1676.3270,0.2919,0.0447,2.6999,2.5155,2.0208,5.8489,0.6616,1.3724,5.8489,2.0119

1677.3270,0.2302,-0.2640,2.5147,2.5772,2.3295,6.1575,1.2790,1.4444,6.1575,2.1177

1678.3270,0.0450,0.3534,2.1442,2.7007,2.4530,6.2810,1.2790,1.4959,6.2810,2.1795

1679.3280,0.2919,-0.0788,2.8234,2.6390,3.0704,6.2810,0.9086,1.6091,6.2810,2.2765

1680.3270,-0.3871,0.3534,2.2060,2.4538,2.5765,5.9106,1.2790,1.4136,5.9106,2.0560

1681.3270,1.0943,0.5386,2.4529,2.4538,2.7617,5.9106,1.1555,1.7428,5.9106,2.3382

1682.3270,0.2302,0.0447,2.9469,2.2686,2.5147,6.3427,1.1555,1.5268,6.3427,2.2148

1683.3270,0.2919,0.4151,2.3912,2.7007,2.6999,6.2193,0.8468,1.5576,6.2193,2.2236

1684.3270,0.2919,-0.2640,2.5147,2.5772,2.9469,6.2193,1.0938,1.5268,6.2193,2.1971

1685.3270,-0.0785,0.1065,2.5147,2.5155,2.1443,5.9723,1.4643,1.4444,5.9723,2.0913

1686.3270,0.8474,0.2917,2.3295,2.7007,2.4530,6.2810,0.6616,1.5473,6.2810,2.2236

1687.3270,-0.2019,0.7856,2.2060,2.5155,2.7617,6.2193,1.0938,1.5268,6.2193,2.1971

1688.3270,-0.1402,0.4151,3.0704,2.7624,2.1443,6.2193,1.5260,1.6297,6.2193,2.2853

1689.3280,0.1067,0.2299,3.5025,1.8364,2.6999,6.2810,1.0321,1.5679,6.2810,2.2412

1690.3270,0.1684,-0.0788,2.6999,2.7007,2.7617,6.5279,1.2173,1.5782,6.5279,2.2853

1691.3270,0.5388,0.4769,2.3912,2.3920,2.3912,6.1575,1.2790,1.5782,6.1575,2.2324

1692.3280,-0.3254,0.7856,2.2677,2.4538,2.6382,6.0341,1.3408,1.5268,6.0341,2.1707

1693.3270,-0.0168,0.3534,1.9590,2.8242,2.7617,6.1575,1.3408,1.5370,6.1575,2.1971

1694.3270,-0.0168,0.2917,2.4529,2.5772,2.5147,6.8366,1.3408,1.5268,6.8366,2.2853

1695.3270,0.4153,0.1065,2.3295,2.4538,2.4530,6.3427,0.7851,1.4238,6.3427,2.1265

1696.3270,0.1684,0.2917,2.5764,2.5155,3.0087,6.4662,1.1555,1.6194,6.4662,2.3118

1697.3270,0.2919,-0.2022,2.5764,2.5155,2.6382,6.2193,1.0321,1.4753,6.2193,2.1530

1698.3270,0.1067,0.1682,2.6382,2.2068,2.5765,6.2810,0.9703,1.4444,6.2810,2.1354

1699.3270,0.2302,0.2917,2.7617,2.5772,3.1321,6.2193,1.2173,1.7017,6.2193,2.3471

1700.3270,0.1684,0.2299,2.4529,2.9476,2.8852,6.0341,1.5260,1.7017,6.0341,2.3206

1701.3270,0.1067,0.1682,2.6999,2.5155,3.2556,6.2810,1.1555,1.6502,6.2810,2.3118

1702.3270,0.2302,1.2177,2.6999,2.4538,2.4530,6.4045,0.8468,1.6502,6.4045,2.3294

1703.3270,-0.1402,0.2299,2.5147,2.5155,2.1443,6.3427,1.3408,1.4342,6.3427,2.1354

1704.3270,0.1684,0.5386,2.5147,3.0094,2.7617,6.2810,0.9703,1.6605,6.2810,2.3206

1705.3270,0.1067,0.2917,2.5764,2.5772,2.3912,6.6514,0.8468,1.4650,6.6514,2.2059

1706.3270,0.3536,0.2299,2.4529,2.5155,2.5147,5.9723,1.2790,1.5576,5.9723,2.1883

1707.3270,1.3412,0.1065,2.6382,3.0711,2.6382,5.9106,0.9703,1.7943,5.9106,2.3823

1708.3270,-0.7575,0.2917,2.6382,2.5155,2.9469,6.0958,1.0938,1.4548,6.0958,2.1178

1709.3270,-0.0785,0.3534,2.5147,2.7624,2.5147,6.0341,1.5260,1.5988,6.0341,2.2324

1710.3270,0.4771,0.1065,2.9469,2.5772,2.3912,5.9106,1.0938,1.5988,5.9106,2.2147

1711.3270,0.1684,-0.0170,2.5764,2.6390,3.0087,6.1575,1.1555,1.5885,6.1575,2.2412

1712.3270,0.2919,0.1065,2.3912,2.8859,2.2677,6.0958,1.0938,1.5062,6.0958,2.1618

1713.3270,-0.2637,0.2917,2.4529,2.8242,2.4530,6.4662,1.4025,1.5268,6.4662,2.2324

1714.3270,-0.1402,0.0447,3.0704,2.0834,2.6382,6.1575,1.5877,1.5474,6.1575,2.2060

1715.3270,0.1067,0.3534,2.5764,2.8859,2.8234,5.9723,1.5260,1.7120,5.9723,2.3206

1716.3270,0.0450,0.2917,2.4529,3.1946,2.6382,6.2193,1.2173,1.6399,6.2193,2.2941

1717.3270,0.0450,0.1682,2.6382,2.4538,2.3912,5.9723,0.7234,1.4033,5.9723,2.0560

1718.3270,0.1067,0.1065,1.8973,2.3920,2.8234,5.9723,1.3408,1.4444,5.9723,2.0913

1719.3270,0.0450,0.4151,2.3912,2.3920,2.8852,5.1698,1.2790,1.5679,5.1698,2.0825

1720.3270,0.0450,0.5386,2.4529,2.3303,2.2677,6.1575,1.3408,1.4959,6.1575,2.1618

1721.3270,-0.0168,0.6621,2.8851,2.4538,2.5147,6.2193,1.2173,1.6194,6.2193,2.2765

1722.3270,-0.0168,0.6621,2.4529,2.5155,2.3295,6.2810,1.3408,1.5473,6.2810,2.2236

1723.3270,0.5388,0.4769,2.4529,2.3303,2.4530,6.2193,1.2790,1.5885,6.2193,2.2500

1724.3270,0.1684,0.2917,3.1321,2.5155,2.4530,6.4662,1.0321,1.5988,6.4662,2.2941

1725.3270,0.5388,0.7238,2.5147,2.5155,2.5147,6.2810,1.0321,1.6399,6.2810,2.3029

1726.3280,0.1684,0.1065,2.3912,2.2686,2.5765,6.2810,1.4643,1.4959,6.2810,2.1795

1727.3270,0.1067,-0.0788,2.2677,2.6390,2.4530,6.0958,1.3408,1.4547,6.0958,2.1177

1728.3270,0.1684,0.7238,2.4529,2.2686,2.6382,5.9106,1.2790,1.5885,5.9106,2.2059

1729.3270,0.5388,0.4151,2.3295,2.5155,2.7617,5.8489,1.0938,1.6091,5.8489,2.2147

1730.3270,-0.0168,0.4769,2.4529,2.1451,2.2677,5.9723,0.0442,1.2284,5.9723,1.9061

1731.3270,-0.0785,0.1065,2.3912,2.3920,2.5765,5.7871,1.0938,1.4136,5.7871,2.0384

1732.3270,0.1684,0.1065,2.0825,2.3303,2.3295,6.4662,0.7851,1.3004,6.4662,2.0384

1733.3270,0.2302,0.3534,2.5764,2.8242,2.5147,6.0958,1.3408,1.6399,6.0958,2.2765

1734.3270,-0.1402,0.4151,2.5764,2.3920,2.6382,6.1575,1.3408,1.5371,6.1575,2.1971

1735.3280,0.3536,-0.1405,2.6999,2.7007,2.4530,6.3427,1.1555,1.5370,6.3427,2.2236

1736.3270,0.1684,-0.2640,2.6999,2.8859,2.6382,6.1575,0.6616,1.4650,6.1575,2.1354

1737.3280,-0.0785,0.6621,2.0825,2.4538,2.5765,6.5279,1.3408,1.5062,6.5279,2.2236

1738.3270,0.1067,0.1065,2.6382,2.8242,2.4530,6.2810,1.2790,1.5679,6.2810,2.2412

1739.3270,0.2302,-0.0170,2.6382,2.5155,2.8234,6.4662,1.5260,1.6194,6.4662,2.3118

1740.3270,0.0450,0.5386,1.8355,3.1328,2.5147,6.2193,0.7851,1.4753,6.2193,2.1530

1741.3270,0.0450,-0.0788,2.5147,2.6390,2.6999,6.1575,1.0321,1.4753,6.1575,2.1442

1742.3270,-0.0785,0.3534,2.8851,2.4538,2.4530,6.0958,1.2173,1.5473,6.0958,2.1971

1743.3270,0.1684,0.3534,2.3912,2.5155,2.4530,6.1575,1.3408,1.5370,6.1575,2.1971

1744.3270,-0.1402,0.2917,2.2677,2.7624,2.2677,6.6514,1.1555,1.4342,6.6514,2.1795

1745.3270,-0.0785,0.3534,2.2677,2.4538,2.5147,6.3427,1.1555,1.4444,6.3427,2.1442

1746.3270,-0.1402,-0.2640,2.5147,2.5155,2.3912,6.0341,1.1555,1.3621,6.0341,2.0295

1747.3270,1.1561,0.2917,2.3912,2.7007,2.3912,6.2810,1.0321,1.6605,6.2810,2.3206

1748.3270,0.1684,-0.3874,2.5764,2.7007,2.6382,5.9723,1.0321,1.4547,5.9723,2.1001

1749.3270,-0.4489,0.5386,2.4529,2.3920,2.7617,7.0218,1.2173,1.4856,7.0218,2.2765

1750.3270,0.4771,0.2917,2.4529,2.2686,2.4530,6.2810,1.0938,1.5062,6.2810,2.1883

1751.3270,0.7857,0.3534,2.4529,2.6390,2.5147,6.0958,1.1555,1.6502,6.0958,2.2853

1752.3270,0.0450,0.4151,2.5764,2.3920,2.1443,6.0958,1.4643,1.5062,6.0958,2.1618

1753.3270,0.2919,0.2299,2.3295,2.3303,2.4530,6.3427,1.0321,1.4444,6.3427,2.1442

1754.3270,0.1684,0.1682,2.3912,2.5772,2.5147,6.2193,1.2790,1.5165,6.2193,2.1883

1755.3270,0.2302,-0.5109,2.5147,2.6390,2.3295,6.0958,1.3408,1.4239,6.0958,2.0913

1756.3270,0.1067,0.3534,2.5147,2.7007,2.6999,6.2193,0.9086,1.5473,6.2193,2.2148

1757.3270,0.0450,0.7238,2.7617,2.7007,2.5147,6.3427,1.3408,1.6811,6.3427,2.3471

1758.3280,0.1684,0.5386,2.3295,2.7624,2.6382,5.9723,0.9703,1.5679,5.9723,2.1971

1759.3270,0.2919,-0.0170,2.4529,2.7007,3.7496,6.2810,1.2173,1.7326,6.2810,2.3823

1760.3270,0.0450,0.2917,2.3912,2.8859,2.8852,6.2193,1.4643,1.6605,6.2193,2.3118

1761.3270,0.2302,-0.0788,2.6382,2.3303,2.5765,6.1575,1.1555,1.4753,6.1575,2.1442

1762.3270,0.4153,0.3534,2.2677,2.9476,2.0825,6.0341,1.1555,1.5370,6.0341,2.1795

1763.3270,0.3536,0.1065,2.4529,2.4538,2.5765,6.3427,0.8468,1.4650,6.3427,2.1618

1764.3270,0.2302,0.1682,3.1321,2.6390,2.3912,6.2193,1.1555,1.6194,6.2193,2.2765

1765.3270,0.0450,0.1682,2.8234,2.2686,2.3295,6.3427,1.1555,1.4650,6.3427,2.1618

1766.3270,0.1067,0.2917,2.4529,2.5772,2.4530,6.2810,1.2790,1.5268,6.2810,2.2059

1767.3270,-0.0785,0.2299,2.6999,2.6390,2.7617,6.6514,1.2790,1.5885,6.6514,2.3118

1768.3270,-0.3871,0.6003,2.4529,2.5772,2.6382,6.1575,1.4025,1.5474,6.1575,2.2059

1769.3270,0.3536,0.0447,2.4529,2.4538,2.5147,5.7871,1.3408,1.5268,5.7871,2.1354

1770.3270,0.1684,-0.7579,2.4529,2.7624,2.3295,6.2193,1.2173,1.3621,6.2193,2.0560

1771.3270,-0.0168,0.3534,2.2677,2.5155,2.5147,6.1575,1.1555,1.4650,6.1575,2.1354

1772.3270,-0.0785,1.2177,2.3912,2.5155,2.3295,6.2193,1.0321,1.5679,6.2193,2.2324

1773.3270,0.2302,0.5386,2.4529,2.8859,2.4530,6.2810,1.2790,1.6399,6.2810,2.3029

1774.3280,0.0450,0.7856,2.4529,2.6390,2.3912,6.2810,1.2173,1.5885,6.2810,2.2589

1775.3270,0.0450,0.3534,2.4529,2.7007,2.9469,6.3427,1.0938,1.5988,6.3427,2.2765

1776.3280,0.1067,0.1682,2.6382,2.5155,2.5765,6.0341,1.2790,1.5473,6.0341,2.1883

1777.3270,-0.7575,0.4769,2.8851,2.7007,2.3295,6.0341,1.0938,1.4548,6.0341,2.1089

1778.3270,-1.2513,0.5386,2.0208,2.7007,2.2677,6.2810,1.0321,1.2181,6.2810,1.9414

1779.3270,0.5388,0.5386,2.5147,2.3920,2.3912,6.3427,1.0938,1.5782,6.3427,2.2588

1780.3270,-0.0785,0.1682,2.3295,2.4538,2.4530,6.0958,1.4025,1.4547,6.0958,2.1177

1781.3270,0.0450,0.1065,2.0208,2.5772,2.8234,5.9723,1.4643,1.5062,5.9723,2.1442

1782.3280,0.1067,0.1065,2.7617,3.0094,3.0704,5.6019,1.8347,1.8149,5.6019,2.3559

1783.3270,-0.4489,0.1682,2.6999,2.5155,2.5147,6.4662,2.1434,1.5988,6.4662,2.2942

1784.3270,-0.0785,0.4151,2.1442,2.4538,2.5765,5.9723,1.2173,1.4547,5.9723,2.1001

1785.3270,0.1684,0.1065,2.2060,2.4538,2.9469,6.3427,1.6495,1.5885,6.3427,2.2677

1786.3270,0.4771,0.3534,2.4529,2.5772,2.7617,6.4045,1.2173,1.6399,6.4045,2.3206

1787.3280,-0.0168,0.1065,2.6999,2.5155,2.6382,6.3427,1.6495,1.5988,6.3427,2.2765

1788.3270,0.0450,0.6003,2.5764,2.4538,2.9469,6.0958,1.0321,1.6091,6.0958,2.2500

1789.3280,0.1067,0.1065,2.4529,2.4538,2.3912,6.4662,0.8468,1.3930,6.4662,2.1177

1790.3270,0.2919,-0.2640,2.8851,3.3798,2.6382,6.2810,0.5381,1.5782,6.2810,2.2500

1791.3270,0.0450,-0.1405,2.8234,2.6390,2.3295,6.5279,2.1434,1.6400,6.5279,2.3382

1792.3270,0.1067,0.7238,2.5147,2.4538,2.8852,6.1575,1.1555,1.6399,6.1575,2.2853

1793.3270,0.0450,-0.0170,3.3791,2.2068,3.0704,6.2810,1.1555,1.6400,6.2810,2.3030

1794.3270,0.1067,0.2299,2.0825,2.8242,2.2060,6.2810,1.0938,1.4239,6.2810,2.1177

1795.3270,0.2919,0.1065,2.6999,2.1451,2.7617,6.3427,1.3408,1.5576,6.3427,2.2412

1796.3270,0.2302,0.6003,2.4529,3.0094,2.8852,6.1575,0.9086,1.6811,6.1575,2.3206

1797.3270,0.1684,-0.0788,2.5764,2.3920,3.0087,6.2193,1.1555,1.5371,6.2193,2.2059

1798.3270,0.3536,0.1682,3.2556,2.8242,2.4530,6.3427,1.2173,1.7120,6.3427,2.3735

1799.3270,0.3536,0.2299,2.6999,2.8859,2.6999,6.2193,0.9703,1.6399,6.2193,2.2941

1800.3280,0.2302,0.1065,2.9469,2.7007,2.3912,6.2193,1.0938,1.5782,6.2193,2.2412

1801.3280,0.3536,0.4151,3.0086,2.4538,2.3912,5.8489,1.1555,1.6296,5.8489,2.2324

1802.3270,0.2302,-0.0170,2.0825,2.2686,2.8234,5.6636,1.2790,1.4444,5.6636,2.0472

1803.3270,-0.0785,0.4769,3.7495,2.8242,2.5765,6.2193,1.1555,1.7840,6.2193,2.4176

1804.3270,0.1684,-0.0170,2.5764,1.8981,2.6382,6.4662,1.2790,1.4239,6.4662,2.1442

1805.3270,-0.0785,0.2299,2.4529,2.5155,2.4530,6.4662,1.5260,1.5165,6.4662,2.2236

1806.3270,0.2302,-0.0788,2.6382,2.5772,2.8852,6.2193,1.1555,1.5679,6.2193,2.2324

1807.3270,-0.0785,0.2917,2.2060,2.5772,2.5765,6.4045,1.0938,1.4444,6.4045,2.1530

1808.3270,0.1684,0.2299,1.9590,2.7007,2.6999,6.0958,1.3408,1.5165,6.0958,2.1707

1809.3270,0.1684,0.4769,2.5147,2.2068,2.8234,5.8489,0.9703,1.5268,5.8489,2.1442

1810.3270,0.6005,-0.1405,2.4529,2.7624,2.7617,6.3427,1.2173,1.6091,6.3427,2.2853

1811.3270,0.2302,0.4769,2.5764,2.3920,2.7617,7.1453,1.4643,1.6502,7.1453,2.4352

1812.3270,0.6005,0.1682,2.3912,2.5772,2.6999,6.2810,0.9703,1.5679,6.2810,2.2412

1813.3270,-0.1402,-0.0788,2.5764,2.5155,2.5765,6.2193,1.6495,1.5165,6.2193,2.1883

1814.3270,-0.0785,0.3534,2.5147,2.5772,2.0825,6.2810,1.2173,1.4444,6.2810,2.1354

1815.3270,0.2302,0.2917,2.4529,2.6390,2.4530,6.3427,0.8468,1.4856,6.3427,2.1795

1816.3280,0.0450,0.2299,2.5147,2.4538,2.8852,6.3427,0.3529,1.4136,6.3427,2.1177

1817.3270,0.4771,0.2299,2.5147,2.7007,2.5765,6.5279,1.2173,1.6194,6.5279,2.3206

1818.3270,0.2302,0.3534,2.2677,2.7624,3.8113,6.4662,1.5260,1.8252,6.4662,2.4882

1819.3270,0.0450,0.5386,2.0825,2.5155,2.5765,6.4662,1.3408,1.5165,6.4662,2.2236

1820.3270,0.2302,0.2917,2.0208,2.8859,2.4530,6.2193,1.2173,1.5165,6.2193,2.1883

1821.3270,1.1561,-0.6344,3.0086,2.3920,2.5147,6.2193,1.1555,1.5988,6.2193,2.2588

1822.3270,0.4153,-0.0788,2.6999,2.5772,2.4530,6.2193,1.0938,1.5268,6.2193,2.1971

1823.3270,0.2302,0.4151,2.5764,2.4538,2.6999,5.9106,1.1555,1.5885,5.9106,2.2059

1824.3270,0.0450,0.3534,2.7617,2.3303,2.8234,6.5279,1.2790,1.5988,6.5279,2.3030

1825.3270,-0.0168,0.4151,2.2677,2.5772,1.9590,6.5279,1.0321,1.3724,6.5279,2.1089

1826.3270,-0.0785,0.4151,2.6382,2.7624,2.2677,6.2810,1.6495,1.6091,6.2810,2.2765

1827.3270,-0.0785,0.2917,3.4408,2.6390,2.5147,6.4045,0.9703,1.6297,6.4045,2.3118

1828.3270,0.0450,0.2299,2.6999,2.0834,2.6999,6.4045,1.3408,1.5165,6.4045,2.2148

1829.3270,0.0450,0.3534,2.2677,3.5033,2.2677,6.8984,0.9703,1.5679,6.8984,2.3294

1830.3270,0.2302,0.0447,2.5764,2.3303,2.7617,6.0958,1.5260,1.5782,6.0958,2.2236

1831.3270,0.1067,-1.1900,3.0704,2.7007,2.8852,6.5897,1.1555,1.4547,6.5897,2.1883

1832.3270,0.0450,0.3534,2.4529,3.0711,2.5147,6.0958,1.2790,1.6194,6.0958,2.2589

1833.3270,0.1684,0.0447,2.4529,2.2068,2.6382,6.0341,1.3408,1.4753,6.0341,2.1266

1834.3270,0.1684,0.2299,2.4529,2.5772,2.5147,6.5279,1.2173,1.5268,6.5279,2.2412

1835.3270,0.1684,0.3534,2.2060,2.4538,2.3912,6.3427,0.9086,1.4136,6.3427,2.1177

1836.3270,0.2302,0.2917,2.3912,2.8242,2.5765,6.2193,1.1555,1.5782,6.2193,2.2412

1837.3270,0.2919,0.7238,2.8234,2.5155,2.2677,6.2193,1.2790,1.6502,6.2193,2.3029

1838.3280,0.0450,0.5386,2.6382,2.7007,2.5147,6.2193,1.3408,1.6297,6.2193,2.2853

1839.3270,0.2919,0.1065,3.0704,2.6390,2.5765,5.9723,1.0321,1.6194,5.9723,2.2412

1840.3270,0.4153,0.2299,2.2060,2.2068,2.4530,6.5897,1.3408,1.4753,6.5897,2.2059

1841.3270,0.1684,-0.5726,2.9469,2.2686,2.4530,6.0958,1.0938,1.3930,6.0958,2.0648

1842.3270,-0.0168,-0.2640,2.5764,2.5155,2.3912,6.4662,1.5877,1.4650,6.4662,2.1795

1843.3270,0.4771,0.5386,2.5147,2.2686,2.4530,6.1575,1.2173,1.5782,6.1575,2.2324

1844.3270,0.1067,0.2299,1.9590,4.0589,2.8852,6.0958,1.4643,1.7840,6.0958,2.4000

1845.3270,0.0450,0.0447,2.6999,3.3180,2.3295,6.7132,1.0321,1.5782,6.7132,2.3118

1846.3270,-0.0168,0.4769,2.6999,2.7624,2.5765,6.0341,1.7112,1.7017,6.0341,2.3206

1847.3270,0.1067,-0.2640,2.0825,2.5155,2.5147,5.8489,1.1555,1.3518,5.8489,1.9943

1848.3280,0.1067,0.0447,2.2677,2.9476,2.1443,6.1575,1.3408,1.4753,6.1575,2.1442

1849.3270,0.1684,-0.2022,2.0825,2.4538,2.5147,5.8489,1.2790,1.3827,5.8489,2.0207

1850.3270,0.2302,-0.6344,2.6999,2.7624,2.4530,6.4662,1.2790,1.4650,6.4662,2.1795

1851.3270,0.2919,0.1065,1.9590,2.1451,2.3912,6.2810,0.7851,1.2798,6.2810,1.9943

1852.3270,-0.1402,0.2299,2.4529,2.3920,2.7617,4.8611,1.9582,1.6091,4.8611,2.0737

1853.3270,-0.0168,-0.0788,2.3295,2.7007,2.5147,5.9723,1.4025,1.4753,5.9723,2.1177

1854.3270,0.3536,1.3412,2.5147,3.1946,2.0825,6.4045,0.7851,1.7119,6.4045,2.3823

1855.3280,0.3536,0.2917,3.0086,2.4538,2.3912,6.5897,1.2173,1.6194,6.5897,2.3294

1856.3270,-0.0785,0.3534,2.0825,2.5772,2.3295,6.1575,1.0938,1.3930,6.1575,2.0736

1857.3270,0.0450,0.1065,2.0825,2.3920,2.5765,5.9723,1.3408,1.4239,5.9723,2.0736

1858.3270,0.1067,0.4151,2.4529,2.5772,2.6382,6.8984,1.5877,1.6297,6.8984,2.3823

1859.3270,0.2919,0.8473,2.5147,2.3303,2.3295,6.2193,1.2173,1.5885,6.2193,2.2500

1860.3270,-0.0785,-0.0170,2.3295,2.8859,2.0825,6.0958,1.0938,1.3827,6.0958,2.0560

1861.3270,0.8474,0.3534,2.3295,2.5155,2.5765,4.6141,0.9703,1.5988,4.6141,2.0295

1862.3270,0.1684,0.6003,2.5764,2.8859,2.3295,6.2193,1.2790,1.6399,6.2193,2.2941

1863.3270,-0.1402,0.5386,2.6382,2.2068,2.7617,6.2810,1.1555,1.5268,6.2810,2.2059

1864.3270,0.0450,0.2299,2.4529,2.5772,2.4530,6.5279,1.1555,1.4856,6.5279,2.2059

1865.3270,0.1067,0.2917,2.6382,2.8859,2.5765,5.9723,1.0938,1.5988,5.9723,2.2236

1866.3270,0.2919,0.0447,2.8234,2.7007,2.2060,6.0958,0.9703,1.5062,6.0958,2.1618

1867.3270,0.2302,0.5386,3.8112,2.8242,2.4530,6.2193,1.3408,1.8663,6.2193,2.4882

1868.3270,-0.0785,0.3534,2.4529,2.2686,2.6999,6.0958,1.2790,1.4959,6.0958,2.1530

1869.3270,0.2302,0.4151,2.5147,2.5772,2.2677,6.7132,1.2173,1.5370,6.7132,2.2765

1870.3270,0.3536,0.1682,2.2677,2.3920,2.6999,6.3427,1.0321,1.4856,6.3427,2.1795

1871.3270,-0.0168,0.2299,2.5147,2.5772,2.0208,6.1575,1.4643,1.4650,6.1575,2.1354

1872.3270,0.2302,-0.3257,2.9469,2.7624,2.7617,6.2193,1.0938,1.5782,6.2193,2.2412

1873.3270,-0.2019,0.0447,2.3295,2.6390,2.1443,6.2193,1.1555,1.3518,6.2193,2.0472

1874.3270,-0.0168,0.4151,2.2060,2.5155,2.3912,6.3427,1.2790,1.4650,6.3427,2.1618

1875.3270,-0.6340,0.2299,2.5764,2.4538,2.6999,6.0958,1.8964,1.5371,6.0958,2.1883

1876.3270,0.4771,-0.2022,2.5147,2.2068,2.6999,6.2810,0.9703,1.4444,6.2810,2.1354

1877.3280,0.3536,0.2299,3.3791,2.7007,2.4530,6.2193,1.1555,1.7120,6.2193,2.3559

1878.3270,-0.3254,0.5386,2.3295,2.4538,2.5765,6.2193,1.2173,1.4650,6.2193,2.1442

1879.3280,-0.2637,0.1065,2.5764,2.3303,2.2060,6.3427,2.2051,1.5268,6.3427,2.2148

1880.3270,-0.0168,0.2299,2.5147,2.6390,2.6999,6.4045,1.6495,1.6194,6.4045,2.3030

1881.3270,0.1067,0.2299,3.2556,2.7624,2.5147,6.2810,1.0321,1.6502,6.2810,2.3118

1882.3270,0.1067,0.4151,2.0825,2.5155,2.6999,6.2810,1.2790,1.5165,6.2810,2.1971

1883.3270,0.5388,0.0447,2.2060,2.6390,2.7617,6.0958,1.3408,1.5885,6.0958,2.2324

1884.3270,0.0450,0.3534,2.5764,2.2686,2.2677,6.1575,1.6495,1.5268,6.1575,2.1883

1885.3270,0.0450,0.5386,2.5764,2.3920,2.3295,6.3427,1.0321,1.4856,6.3427,2.1795

1886.3270,0.5388,0.1065,2.3912,2.6390,2.5147,6.2810,1.0938,1.5473,6.2810,2.2236

1887.3270,0.2919,0.2299,2.8234,2.6390,2.2060,5.9723,1.0321,1.5370,5.9723,2.1707

1888.3270,0.1067,0.1682,2.7617,2.1451,2.6382,6.8984,1.2790,1.5165,6.8984,2.2853

1889.3270,-0.0785,0.2917,2.3912,2.5155,2.4530,6.8984,1.3408,1.4856,6.8984,2.2589

1890.3270,-0.3871,0.3534,2.8234,2.3920,2.6999,6.3427,1.2790,1.5268,6.3427,2.2148

1891.3270,-0.0168,0.7238,2.5147,2.2686,2.4530,6.0958,1.2173,1.5268,6.0958,2.1795

1892.3270,1.0943,0.3534,2.4529,2.5155,2.1443,6.0341,0.9703,1.5885,6.0341,2.2235

1893.3270,-0.2019,0.3534,2.8851,2.5155,2.3912,6.5897,0.8468,1.4650,6.5897,2.1971

1894.3270,-0.0168,0.2917,2.2060,2.8242,2.6999,6.0341,1.2173,1.5370,6.0341,2.1795

1895.3280,0.6005,-0.0788,2.5764,2.5155,2.6382,5.8489,1.3408,1.5988,5.8489,2.2059

1896.3270,0.0450,-0.0170,2.7617,2.5155,2.6382,6.2193,1.7730,1.6194,6.2193,2.2765

1897.3270,0.0450,0.1682,3.2556,2.0216,3.1321,6.3427,0.9086,1.5885,6.3427,2.2677

1898.3270,-0.0785,0.1065,2.3295,2.5772,2.5765,5.7871,1.3408,1.4753,5.7871,2.0913

1899.3270,0.1067,0.5386,2.7617,2.5155,2.2060,6.1575,1.2790,1.5679,6.1575,2.2236

1900.3270,0.4153,0.2917,2.4529,2.3920,2.4530,6.2810,1.2790,1.5473,6.2810,2.2236

1901.3270,0.3536,0.0447,2.4529,2.4538,2.6382,5.9723,1.4025,1.5576,5.9723,2.1883

1902.3270,0.3536,1.2177,2.6999,2.5155,2.3912,6.5279,-0.1410,1.5062,6.5279,2.2236

1903.3270,-0.2637,0.5386,2.5764,2.4538,2.4530,6.2810,1.0321,1.4650,6.2810,2.1530

1904.3270,0.2302,0.1065,2.2060,2.5155,2.5765,6.0958,1.2790,1.4856,6.0958,2.1442

1905.3270,0.3536,0.0447,2.2060,2.3920,2.5147,6.3427,0.9703,1.4136,6.3427,2.1177

1906.3270,0.1684,0.1682,2.6999,2.4538,3.0087,6.2810,1.0938,1.5988,6.2810,2.2677

1907.3270,0.0450,0.3534,2.5147,2.2068,2.4530,6.0958,1.0938,1.4444,6.0958,2.1089

1908.3270,0.0450,0.2299,2.3295,2.3920,2.6382,6.5279,1.1555,1.4650,6.5279,2.1883

1909.3270,0.1684,0.2299,2.3912,2.8859,3.1939,5.7254,1.3408,1.7017,5.7254,2.2765

1910.3270,-0.0168,0.1065,2.5764,2.8242,2.7617,6.0341,1.3408,1.5988,6.0341,2.2324

1911.3270,0.1684,-0.8813,2.3295,2.2686,2.6999,6.0341,0.9086,1.2489,6.0341,1.9325

1912.3270,-0.1402,0.1065,2.3912,3.2563,1.9590,6.8366,1.0321,1.4341,6.8366,2.2059

1913.3270,0.3536,0.1065,1.8355,2.4538,2.4530,6.3427,0.5999,1.3004,6.3427,2.0207

1914.3270,0.0450,0.6003,2.2060,2.5772,2.6999,6.5897,1.3408,1.5782,6.5897,2.2941

1915.3270,-0.0168,0.3534,1.8973,2.7624,4.0583,5.9723,1.5877,1.7737,5.9723,2.3735

1916.3270,0.1067,0.4151,2.2677,2.5772,2.6382,6.0958,1.2790,1.5473,6.0958,2.1971

1917.3270,0.1067,0.2299,2.5147,2.3303,2.6382,6.1575,0.9086,1.4547,6.1575,2.1266

1918.3270,0.6005,0.5386,2.5764,2.7624,2.2060,6.4045,1.2173,1.6502,6.4045,2.3294

1919.3280,0.5388,0.1682,2.3912,2.4538,2.3912,6.1575,0.9086,1.4753,6.1575,2.1442

1920.3270,0.0450,0.2299,2.4529,2.7624,2.6382,6.7132,1.4643,1.5988,6.7132,2.3294

1921.3280,0.1684,-0.0788,2.8851,2.2686,2.5765,6.0341,1.3408,1.5268,6.0341,2.1707

1922.3270,0.4153,0.1065,2.7617,2.3303,2.3295,6.1575,1.0938,1.5062,6.1575,2.1707

1923.3270,0.0450,0.2299,2.4529,2.8242,2.5147,6.3427,1.2173,1.5473,6.3427,2.2324

1924.3270,0.1684,0.0447,2.7617,2.6390,2.4530,6.0341,1.2173,1.5473,6.0341,2.1883

1925.3270,0.1684,0.4151,2.2060,2.6390,1.8355,6.5897,1.0938,1.3930,6.5897,2.1354

1926.3270,-0.0168,0.2299,2.6382,2.2068,2.5147,6.3427,1.1555,1.4547,6.3427,2.1530

1927.3270,-0.2019,0.0447,2.2677,2.5772,2.6382,5.7871,1.3408,1.4445,5.7871,2.0648

1928.3270,1.4030,0.2917,2.4529,2.5155,2.6382,5.8489,1.2173,1.7531,5.8489,2.3382

1929.3270,0.6005,0.0447,2.3912,2.7007,2.2060,6.0958,1.0321,1.4959,6.0958,2.1530

1930.3270,0.2302,-0.2022,2.5147,2.5772,2.8852,6.3427,1.0938,1.5165,6.3427,2.2059

1931.3270,0.2919,0.2299,2.9469,2.2686,2.2060,6.4045,1.0938,1.5062,6.4045,2.2059

1932.3270,-1.1896,0.5386,2.2677,2.6390,2.6382,6.0341,1.6495,1.4239,6.0341,2.0825

1933.3280,-0.0168,0.1682,2.5147,2.5772,2.5765,6.4662,1.0938,1.4856,6.4662,2.1971

1934.3270,0.1684,0.1065,2.5147,2.2068,2.5765,6.2810,0.9086,1.4136,6.2810,2.1089

1935.3270,0.1067,0.5386,2.4529,2.8859,2.3295,6.2810,1.3408,1.6091,6.2810,2.2765

1936.3270,0.6005,0.4769,2.3295,2.3303,2.4530,6.1575,1.2173,1.5679,6.1575,2.2236

1937.3270,0.1067,0.3534,2.5147,2.8242,2.8234,6.1575,1.3408,1.6605,6.1575,2.3030

1938.3280,0.0450,0.1682,2.3912,2.8242,2.4530,6.0958,1.1555,1.5062,6.0958,2.1618

1939.3270,0.4153,0.4151,2.3912,2.7007,2.3912,6.0341,1.2790,1.5988,6.0341,2.2324

1940.3270,-0.0785,0.2917,2.3295,2.5772,2.7617,6.2810,1.0938,1.4959,6.2810,2.1795

1941.3270,-0.1402,0.6621,2.5764,2.3920,2.6999,6.2810,0.8468,1.5062,6.2810,2.1883

1942.3270,0.1067,-0.0788,2.6999,3.1328,2.5765,6.1575,1.4025,1.6399,6.1575,2.2853

1943.3270,0.0450,0.6621,2.7617,2.4538,2.2677,6.0341,1.2173,1.5679,6.0341,2.2059

1944.3270,0.2302,-0.1405,2.5764,2.2068,2.7617,6.1575,1.6495,1.5473,6.1575,2.2059

1945.3270,0.6005,0.1682,1.8973,2.6390,2.4530,5.9723,1.2790,1.5062,5.9723,2.1442

1946.3270,0.4771,0.1682,2.5147,2.5155,2.2060,6.2810,0.9703,1.4753,6.2810,2.1618

1947.3270,-0.2637,0.1682,2.7617,2.1451,2.3295,6.2193,1.1555,1.3827,6.2193,2.0737

1948.3270,0.1684,-0.6344,2.5764,2.6390,2.4530,6.3427,1.2790,1.4136,6.3427,2.1177

1949.3270,0.2302,0.4769,2.2060,2.7007,2.5147,6.4045,1.2790,1.5679,6.4045,2.2588

1950.3280,0.2302,-0.2022,2.8234,2.5772,2.5765,6.2810,0.7234,1.4547,6.2810,2.1442

1951.3270,0.1067,-0.2022,2.8234,2.7007,2.3295,6.4662,1.2790,1.5062,6.4662,2.2148

1952.3270,-0.0168,0.1065,2.3912,2.8242,2.5147,6.5279,1.5260,1.5576,6.5279,2.2677

1953.3280,0.1684,-0.1405,2.6382,2.7624,2.5765,6.2193,0.8468,1.4753,6.2193,2.1530

1954.3270,-0.1402,0.3534,2.2060,2.7007,2.5765,6.0958,1.2173,1.4856,6.0958,2.1442

1955.3270,0.0450,-0.0170,2.6999,3.8119,2.6999,6.0958,1.1555,1.7325,6.0958,2.3559

1956.3270,0.4771,-0.1405,2.6999,2.3920,2.5765,6.3427,1.2790,1.5473,6.3427,2.2324

1957.3280,0.1684,0.0447,2.2677,2.4538,2.6382,6.0958,1.2790,1.4753,6.0958,2.1354

1958.3270,-0.2637,0.4769,3.0086,1.3425,2.5765,5.9106,1.1555,1.3827,5.9106,2.0296

1959.3270,-0.1402,0.1065,2.2060,2.5772,2.6382,5.7871,1.3408,1.4547,5.7871,2.0736

1960.3270,-0.0785,0.2917,2.8234,2.1451,2.5765,6.4045,1.2790,1.5062,6.4045,2.2059

1961.3270,-0.8192,0.7856,2.0825,2.5155,2.3295,6.0958,1.0938,1.3313,6.0958,2.0119

1962.3270,0.1067,0.4151,2.8234,2.5155,3.4409,6.0341,1.1555,1.7429,6.0341,2.3559

1963.3270,-0.3254,-0.1405,2.6999,2.2686,2.5147,6.2193,1.4643,1.4136,6.2193,2.1001

1964.3270,0.1067,0.1065,3.9347,2.4538,2.5147,6.4662,1.2173,1.7223,6.4662,2.4000

1965.3270,-0.4489,0.1682,2.8851,0.8487,2.5147,6.4045,1.4643,1.2387,6.4045,1.9767

1966.3270,0.1067,-0.0170,2.7617,2.8859,2.3295,5.8489,1.3408,1.5679,5.8489,2.1795

1967.3270,0.1684,0.1682,2.2060,2.8859,2.0825,6.0958,1.1555,1.4444,6.0958,2.1089

1968.3270,1.1561,-0.0170,2.9469,2.5772,2.0825,5.8489,1.2790,1.6708,5.8489,2.2676

1969.3280,0.0450,0.2917,2.1442,2.8859,2.8852,6.2810,1.2790,1.5885,6.2810,2.2589

1970.3270,0.2302,0.2299,2.0825,2.7007,2.0825,6.2810,1.0938,1.4033,6.2810,2.1001

1971.3270,0.2302,0.3534,2.2677,3.3180,2.4530,6.1575,1.0938,1.6194,6.1575,2.2677

1972.3270,-0.1402,0.4151,3.5643,2.6390,2.5147,6.3427,0.9703,1.6605,6.3427,2.3294

1973.3270,0.0450,-0.0170,2.6382,2.2686,2.5765,6.0958,1.0938,1.4342,6.0958,2.1001

1974.3270,0.0450,0.2917,2.0825,2.8859,2.3295,6.2810,1.1555,1.4650,6.2810,2.1530

1975.3270,0.0450,0.4769,2.5147,2.5155,2.1443,6.2810,0.8468,1.4239,6.2810,2.1177

1976.3280,0.1684,0.2299,2.1442,2.5772,2.6999,6.1575,1.3408,1.5268,6.1575,2.1883

1977.3270,-0.0168,-0.0170,2.5147,2.6390,2.7617,6.1575,0.9086,1.4650,6.1575,2.1354

1978.3270,0.7857,0.0447,2.3912,2.5772,2.6999,5.9723,0.9703,1.5782,5.9723,2.2059

1979.3270,0.1067,-0.0788,2.6382,3.3798,2.7617,6.0958,1.3408,1.6914,6.0958,2.3206

1980.3270,0.2302,0.1065,2.2677,2.2686,2.7617,6.0341,1.0938,1.4547,6.0341,2.1089

1981.3270,0.6005,0.4769,2.2677,2.5155,2.6382,6.2193,1.0938,1.5988,6.2193,2.2588

1982.3270,-0.0168,0.6003,2.3912,2.9476,2.7617,6.2810,1.0321,1.6194,6.2810,2.2853

1983.3270,-0.0168,0.2299,2.2677,2.5155,2.2060,6.3427,1.1555,1.3930,6.3427,2.1001

1984.3280,0.2919,0.2917,2.4529,2.7624,2.3295,6.0341,1.1555,1.5473,6.0341,2.1883

1985.3270,0.1067,0.1065,2.9469,2.2068,2.3912,6.4662,1.0938,1.4753,6.4662,2.1883

1986.3270,0.2302,0.1065,2.5147,2.5155,2.7617,5.9106,1.2173,1.5576,5.9106,2.1795

1987.3270,-0.2019,0.0447,0.9712,2.7007,2.1443,6.4045,1.0938,1.1255,6.4045,1.8796

1988.3270,0.2919,0.0447,2.8851,2.5772,3.0704,5.6019,1.2790,1.6914,5.6019,2.2500

1989.3270,0.0450,0.5386,1.7121,2.6390,2.4530,6.0341,1.0321,1.4033,6.0341,2.0648

1990.3280,0.2302,0.7238,2.6382,2.5155,2.2060,6.2810,0.9703,1.5473,6.2810,2.2236

1991.3270,-0.1402,0.2299,2.5764,2.8859,2.7617,7.0218,1.5877,1.6502,7.0218,2.4176

1992.3280,0.1067,0.2299,2.3912,2.7007,2.5765,6.4662,1.9582,1.6605,6.4662,2.3471

1993.3280,0.0450,0.1682,2.6382,2.4538,2.6382,6.2193,1.6495,1.5988,6.2193,2.2589

1994.3270,-0.0785,0.2917,2.2060,2.8859,2.5765,6.0958,1.1555,1.5062,6.0958,2.1618

1995.3280,-0.3254,0.3534,2.5147,3.0711,2.3912,6.0958,1.0938,1.5165,6.0958,2.1707

1996.3270,0.2919,-0.2022,2.5764,2.4538,2.5147,6.1575,1.5877,1.5370,6.1575,2.1971

1997.3270,0.6622,0.2917,2.3912,2.9476,2.3295,4.5524,1.8964,1.7531,4.5524,2.1530

1998.3280,0.9092,0.4151,2.3295,2.5772,2.3912,6.4045,0.5381,1.5267,6.4045,2.2235

1999.3270,0.1684,-0.4492,2.9469,2.2686,2.5765,6.1575,1.0938,1.4342,6.1575,2.1089

2000.3270,-0.2637,0.5386,3.3791,2.8242,2.5147,6.5279,0.7851,1.6297,6.5279,2.3294

2001.3270,0.6622,0.2299,2.3295,2.5155,2.4530,6.2193,0.4764,1.4444,6.2193,2.1265

2002.3280,0.8474,-0.8196,2.8851,2.3920,2.4530,6.2810,0.8468,1.4341,6.2810,2.1265

2003.3270,-0.0785,0.3534,2.5764,2.8242,2.5765,5.9723,1.5877,1.6400,5.9723,2.2589

2004.3280,-0.0785,0.1065,2.6999,2.8242,2.3295,6.5279,1.2790,1.5268,6.5279,2.2412

2005.3270,0.1067,0.9090,2.7617,2.3920,2.4530,5.9723,1.1555,1.6297,5.9723,2.2500

2006.3270,-0.0168,0.2299,1.8973,2.5155,2.8234,6.1575,1.2790,1.4547,6.1575,2.1266

2007.3270,0.2302,-0.0170,2.6999,2.5772,2.5765,5.8489,0.3529,1.4033,5.8489,2.0384

2008.3270,0.3536,-0.9431,3.0086,2.2686,2.3295,5.8489,1.0321,1.3415,5.8489,1.9854

2009.3270,0.1684,0.0447,2.6999,2.3303,2.3295,6.2810,1.0321,1.4341,6.2810,2.1266

2010.3280,-0.9427,-0.5109,2.8851,2.5772,2.5147,6.4662,1.3408,1.3107,6.4662,2.0472

2011.3270,0.1067,-0.0788,3.0086,2.2068,2.4530,6.2193,0.9086,1.4342,6.2193,2.1177

2012.3270,0.1067,0.6621,2.6382,2.3303,2.3295,6.0958,1.2173,1.5473,6.0958,2.1971

2013.3270,-0.1402,0.1065,2.2060,2.6390,2.4530,5.9106,1.2173,1.4136,5.9106,2.0560

2014.3270,-1.3130,0.4769,2.8851,2.3920,2.3295,6.5279,1.0321,1.3004,6.5279,2.0472

2015.3270,0.0450,0.0447,2.4529,2.4538,1.9590,5.9723,1.4643,1.4033,5.9723,2.0560

2016.3280,-0.0785,0.3534,2.3912,2.6390,2.5765,6.2193,0.8468,1.4547,6.2193,2.1354

2017.3270,0.2302,1.0325,2.7617,2.5155,2.3912,7.5157,0.8468,1.6296,7.5157,2.4705

2018.3270,0.1067,0.2917,2.3295,2.2686,2.5147,7.0218,1.0938,1.4342,7.0218,2.2324

2019.3270,-0.0785,0.2299,2.6999,2.6390,2.3912,7.2070,1.8964,1.6297,7.2070,2.4264

2020.3280,-0.0785,0.1682,2.6999,2.3920,2.5765,7.0218,1.4025,1.5268,7.0218,2.3118

2021.3270,0.2919,0.2917,3.0086,2.7624,2.9469,6.8366,0.9703,1.7120,6.8366,2.4441

2022.3270,1.2795,1.1560,2.6999,2.3303,2.6382,6.6514,0.9703,1.8457,6.6514,2.5322

2023.3270,0.3536,-0.0170,2.6999,2.6390,2.7617,6.7749,1.0321,1.5782,6.7749,2.3206

2024.3270,0.1067,0.1065,2.2677,2.3920,2.5765,6.5279,0.9703,1.4033,6.5279,2.1354

2025.3270,0.2302,-0.0788,2.6382,2.5772,2.9469,6.8984,1.1555,1.5782,6.8984,2.3382

2026.3270,0.0450,0.1065,2.5147,2.3303,2.5765,6.5897,1.1555,1.4547,6.5897,2.1883

2027.3270,-0.0785,-0.0170,2.6999,2.5155,2.7617,6.7132,1.6495,1.5885,6.7132,2.3206

2028.3270,0.9092,0.2917,2.6999,2.2068,2.8234,6.5897,1.0938,1.6708,6.5897,2.3735

2029.3270,0.4771,0.2299,2.5147,2.7624,2.6999,6.7132,1.2790,1.6605,6.7132,2.3823

2030.3270,0.0450,0.3534,2.5147,2.5772,2.4530,6.9601,1.2173,1.5268,6.9601,2.3029

2031.3270,0.3536,0.1065,2.6382,2.5772,2.8852,7.0836,1.1555,1.6194,7.0836,2.4000

2032.3270,-0.2019,-0.0788,2.5147,2.7007,2.2060,6.7132,1.0938,1.3724,6.7132,2.1354

2033.3270,0.2919,0.3534,2.6382,2.3303,2.6382,6.6514,1.8347,1.6811,6.6514,2.3912

2034.3270,0.1684,0.5386,2.0208,2.7624,2.3912,6.7132,1.0938,1.4959,6.7132,2.2412

2035.3270,0.2919,0.2917,2.3295,2.3920,2.3912,6.8366,0.8468,1.4239,6.8366,2.1971

2036.3270,0.2919,-0.2022,2.5764,2.5155,2.4530,6.8366,1.0938,1.4547,6.8366,2.2236

2037.3280,0.4153,0.2299,2.5147,2.4538,2.4530,6.4045,1.2790,1.5576,6.4045,2.2500

2038.3270,0.1067,-0.2640,2.6999,3.1946,2.6382,6.5279,1.1555,1.5885,6.5279,2.2941

2039.3270,0.1067,-0.3257,1.6503,2.8859,2.2677,6.7132,1.2790,1.3107,6.7132,2.0825

2040.3270,-0.0785,-0.0788,2.5147,2.3920,2.3912,6.7749,0.9086,1.3415,6.7749,2.1177

2041.3270,-0.2019,0.3534,2.4529,2.6390,2.6382,6.8366,1.2173,1.5165,6.8366,2.2765

2042.3270,0.2919,0.2299,2.6999,2.7007,2.2677,6.8984,0.8468,1.5062,6.8984,2.2765

2043.3270,-0.0785,0.1065,2.5147,1.8364,2.5147,6.6514,2.0817,1.4959,6.6514,2.2324

2044.3270,0.2919,0.2917,2.2060,2.3920,2.5765,6.7132,0.9703,1.4547,6.7132,2.2059

2045.3270,-0.0168,0.2299,2.5147,2.3920,2.2677,6.7749,1.2790,1.4444,6.7749,2.2059

2046.3270,0.0450,0.1682,2.5147,1.7129,2.5765,6.6514,1.0938,1.3518,6.6514,2.1089

2047.3270,-0.0168,0.1682,2.3912,2.5772,2.5147,6.9601,1.3408,1.4959,6.9601,2.2765

2048.3270,0.2919,0.1682,2.6999,2.5772,2.4530,7.0218,0.9086,1.5165,7.0218,2.3029

2049.3270,-0.1402,0.1682,2.6382,2.3920,2.3295,6.6514,1.2173,1.4342,6.6514,2.1795

2050.3270,-0.0168,0.0447,2.4529,2.3920,2.5147,6.6514,1.2173,1.4342,6.6514,2.1795

2051.3270,-0.0785,0.8473,3.0704,2.6390,2.2060,6.7749,0.7851,1.5782,6.7749,2.3206

2052.3270,0.2302,0.3534,2.5764,2.6390,3.0704,6.8366,1.0321,1.6502,6.8366,2.3911

2053.3270,0.2302,-0.2022,2.3295,2.5772,3.1939,6.7132,1.0938,1.5371,6.7132,2.2765

2054.3270,0.2302,-0.2022,2.5764,2.4538,2.4530,6.5897,1.2173,1.4547,6.5897,2.1883

2055.3270,-0.0168,-0.0788,2.7617,2.4538,2.4530,6.7749,0.9086,1.4136,6.7749,2.1795

2056.3270,0.4771,0.1065,2.3912,2.5155,2.5765,6.8366,1.3408,1.5679,6.8366,2.3206

2057.3270,0.0450,0.1065,2.8851,2.5155,2.6999,6.7132,1.0938,1.5576,6.7132,2.2941

2058.3270,0.6005,0.2917,2.3912,2.5772,2.3912,6.7749,0.5999,1.4753,6.7749,2.2324

2059.3280,0.1067,0.1065,2.6999,2.7007,2.3912,6.5279,1.0321,1.5062,6.5279,2.2236

2060.3270,0.1067,0.1065,2.6999,2.7007,2.5765,6.7132,1.1555,1.5576,6.7132,2.2941

2061.3270,0.0450,0.0447,2.6999,2.6390,2.8234,7.3922,0.7851,1.5062,7.3922,2.3470

2062.3270,0.2302,0.2299,2.5147,2.5772,2.6382,6.9601,0.9086,1.5165,6.9601,2.2941

2063.3270,-0.0168,0.1065,2.5147,2.5155,2.6382,7.0836,1.4025,1.5268,7.0836,2.3206

2064.3270,0.0450,0.0447,2.4529,2.2068,2.5147,6.7132,1.0938,1.3930,6.7132,2.1530

2065.3270,0.2919,-0.0788,2.5147,2.5155,2.8852,6.7749,0.9703,1.5165,6.7749,2.2677

2066.3270,-0.1402,0.3534,3.1321,2.7624,2.3912,6.2193,1.7112,1.7017,6.2193,2.3471

2067.3270,0.2919,0.1682,2.3912,2.5155,1.4651,7.2070,0.5381,1.2283,7.2070,2.0824

2068.3270,0.4153,0.4151,2.3912,2.5772,2.4530,6.7749,0.5999,1.4753,6.7749,2.2324

2069.3280,-0.2637,0.1065,2.4529,2.5772,1.8355,6.6514,1.4025,1.3518,6.6514,2.1089

2070.3270,0.1684,0.6003,2.6382,2.5772,2.3912,7.2070,1.0321,1.5679,7.2070,2.3735

2071.3270,0.7240,-1.4370,3.2556,2.0834,2.5147,6.9601,0.9086,1.3415,6.9601,2.1442

2072.3270,0.1067,-0.3257,2.5764,2.3303,2.3912,6.7749,0.9703,1.3415,6.7749,2.1177

2073.3270,0.1684,-0.2022,2.6382,2.5155,2.5147,6.1575,1.1555,1.4650,6.1575,2.1354

2074.3270,0.1067,0.2917,2.3912,3.0711,2.4530,6.5279,0.8468,1.5267,6.5279,2.2412

2075.3270,-0.0785,-0.2022,2.5764,2.3303,2.7617,5.6636,2.0199,1.5679,5.6636,2.1530

2076.3270,0.1684,-0.0788,2.8851,2.2686,2.2060,6.8984,1.0938,1.4239,6.8984,2.2059

2077.3270,0.2919,0.2917,2.3912,2.7624,2.2677,6.6514,0.9703,1.4959,6.6514,2.2324

2078.3270,0.3536,-0.0788,2.4529,2.5155,2.5147,7.1453,0.5999,1.3930,7.1453,2.2147

2079.3270,-0.3254,0.7238,2.2060,2.7624,2.7617,6.8984,1.1555,1.5473,6.8984,2.3118

2080.3270,-0.0168,0.1682,2.8851,2.0216,2.8852,6.7132,1.2790,1.5371,6.7132,2.2765

2081.3270,0.9709,0.4151,2.3295,2.4538,2.3295,6.3427,1.0321,1.5885,6.3427,2.2676

2082.3270,-0.0785,-0.1405,2.6382,2.4538,2.5765,6.8984,1.2790,1.4547,6.8984,2.2324

2083.3270,0.3536,-0.0788,2.5147,2.3920,2.4530,6.6514,1.1555,1.4650,6.6514,2.2059

2084.3280,0.0450,-0.1405,2.4529,2.7007,2.5147,6.7132,1.4025,1.4959,6.7132,2.2412

2085.3270,-0.0785,0.8473,1.1564,2.7007,2.1443,6.8366,1.0938,1.3107,6.8366,2.1001

2086.3270,-0.3871,0.1065,2.9469,2.4538,2.5147,6.8984,1.1555,1.4650,6.8984,2.2412

2087.3270,0.4153,0.1065,2.3912,2.5155,2.6999,6.8984,0.9703,1.5165,6.8984,2.2853

2088.3270,0.0450,0.3534,2.2677,2.7007,2.6382,6.9601,1.0938,1.5165,6.9601,2.2941

2089.3270,0.1067,-0.0788,2.6999,2.4538,2.6382,6.2193,1.0938,1.4856,6.2193,2.1618

2090.3270,0.4771,-0.0788,2.5147,2.7007,3.8731,6.8366,1.0321,1.7531,6.8366,2.4794

2091.3280,0.3536,-0.2640,2.0208,2.4538,2.6382,6.4662,1.1555,1.3930,6.4662,2.1177

2092.3270,-0.4489,0.4769,2.3912,2.5772,2.5765,6.7132,1.5260,1.5165,6.7132,2.2589

2093.3270,0.0450,0.0447,2.5147,2.4538,2.8234,6.8984,1.0938,1.4959,6.8984,2.2677

2094.3270,-0.0168,-0.2640,2.5147,2.5772,2.2677,6.7132,0.9703,1.3415,6.7132,2.1089

2095.3270,0.1067,-0.0170,3.0704,2.3920,2.4530,6.7132,1.0938,1.5165,6.7132,2.2589

2096.3270,0.0450,0.1682,2.5147,2.5155,2.2060,6.8984,1.2790,1.4547,6.8984,2.2324

2097.3270,0.0450,0.4151,2.5764,2.2686,2.7617,6.9601,1.0321,1.5165,6.9601,2.2941

2098.3270,0.1067,0.1682,1.9590,2.5155,2.6382,6.5897,1.3408,1.4547,6.5897,2.1883

2099.3270,0.1067,-0.3874,2.5147,2.6390,2.3912,6.8366,1.2173,1.4136,6.8366,2.1883

2100.3270,0.0450,-0.0170,2.5147,2.3920,2.6999,6.6514,1.5260,1.5268,6.6514,2.2589

2101.3270,0.0450,0.1065,2.3912,2.4538,2.6999,6.7132,1.4643,1.5268,6.7132,2.2677

2102.3270,0.2302,0.3534,4.1817,2.2686,2.6999,6.7132,1.2790,1.8355,6.7132,2.5323

2103.3270,0.1067,0.9708,2.7617,2.7007,2.5765,6.7132,0.8468,1.6605,6.7132,2.3823

2104.3270,-0.0785,0.4151,2.3912,2.3920,1.8973,6.5279,1.3408,1.3930,6.5279,2.1266

2105.3270,-0.0168,-0.0170,2.6382,1.7747,2.7617,7.1453,0.3529,1.2489,7.1453,2.0913

2106.3270,0.1684,0.2917,2.4529,2.9476,2.3912,6.6514,0.9703,1.5370,6.6514,2.2677

2107.3270,-0.1402,0.3534,2.2677,2.2686,2.5147,6.5897,1.2173,1.4136,6.5897,2.1530

2108.3270,0.0450,-0.6344,3.0086,2.3920,2.3295,6.9601,2.3286,1.5782,6.9601,2.3471

2109.3270,-0.2637,0.2299,2.2677,2.8242,2.1443,7.0218,2.3286,1.5885,7.0218,2.3647

2110.3270,-0.2019,-0.0788,2.6382,2.5155,2.5147,7.0836,2.0817,1.5782,7.0836,2.3647

2111.3270,-0.1402,0.2917,2.2677,2.9476,2.5147,7.1453,0.5381,1.4033,7.1453,2.2236

2112.3280,-0.0785,0.2299,2.2677,2.7007,1.8973,7.2688,1.2790,1.3827,7.2688,2.2236

2113.3270,-0.0785,0.3534,2.6382,3.0711,2.5147,6.5897,1.4643,1.6605,6.5897,2.3647

2114.3270,-0.2019,0.2917,3.5643,2.7007,1.5886,7.2070,1.0938,1.5062,7.2070,2.3206

2115.3270,0.0450,0.3534,3.0704,2.7007,2.4530,7.5157,0.7234,1.5576,7.5157,2.4088

2116.3270,0.1067,0.2299,2.5147,2.5772,1.9590,6.9601,1.0321,1.4033,6.9601,2.1971

2117.3270,-0.0168,0.3534,2.2677,2.5155,3.2556,6.4045,1.4025,1.6297,6.4045,2.3118

2118.3280,-0.0785,0.3534,2.7617,2.3303,2.6382,6.7749,1.0321,1.5062,6.7749,2.2589

2119.3270,-0.0168,-0.0788,2.8234,2.3303,3.0087,6.8366,1.0938,1.5268,6.8366,2.2853

2120.3270,0.2919,-0.3257,2.7617,2.6390,2.3295,6.8366,1.0938,1.4650,6.8366,2.2324

2121.3270,0.1684,0.6621,2.7617,2.4538,2.5147,6.7132,0.9703,1.5885,6.7132,2.3206

2122.3280,-0.2637,0.6621,2.5764,2.5772,2.8852,6.5279,1.2790,1.6194,6.5279,2.3206

2123.3270,0.1684,-0.0170,2.6999,2.5155,2.8234,6.5897,1.0938,1.5473,6.5897,2.2677

2124.3270,0.1067,0.1682,2.9469,2.5772,2.3295,6.7132,1.0938,1.5370,6.7132,2.2765

2125.3270,0.1067,-0.0788,2.6999,2.5772,2.5765,7.0218,1.3408,1.5371,7.0218,2.3206

2126.3270,0.4153,0.0447,2.6382,2.3920,2.5147,6.8366,1.0321,1.5062,6.8366,2.2677

2127.3280,-1.2513,0.4769,2.3295,2.5772,2.0208,6.7749,1.2790,1.2387,6.7749,2.0296

2128.3270,0.1684,0.0447,2.4529,1.8364,2.7617,6.4662,0.9086,1.3621,6.4662,2.0913

2129.3270,0.2919,0.1682,2.1442,2.9476,2.2060,6.7132,1.2790,1.5062,6.7132,2.2500

2130.3270,1.1561,0.9708,2.5147,2.2068,2.4530,6.7749,1.1555,1.7428,6.7749,2.4617

2131.3270,0.2919,0.3534,2.8234,2.7007,2.5765,6.4662,1.1555,1.6502,6.4662,2.3382

2132.3270,-0.2019,0.2299,2.2677,2.7007,2.5765,7.0836,1.4643,1.5062,7.0836,2.3030

2133.3270,-0.0785,0.1065,2.5147,2.5155,2.3912,7.0218,1.2173,1.4444,7.0218,2.2412

2134.3270,0.0450,0.2299,2.3295,2.4538,2.7617,7.0218,1.2790,1.5165,7.0218,2.3030

2135.3270,0.1067,0.1065,2.5147,2.8859,2.6999,6.5897,1.1555,1.5782,6.5897,2.2941

2136.3270,-0.0785,0.2917,2.5147,2.8242,2.5765,6.5897,1.6495,1.6297,6.5897,2.3382

2137.3270,0.0450,0.3534,2.2677,2.7007,2.9469,6.6514,1.3408,1.6091,6.6514,2.3294

2138.3270,-0.0168,-0.1405,2.3295,2.6390,2.4530,6.6514,1.3408,1.4342,6.6514,2.1795

2139.3270,-0.6340,0.5386,2.0825,2.8859,2.7617,6.5279,1.3408,1.4959,6.5279,2.2148

2140.3270,-0.3871,0.4151,2.2677,3.1328,2.3912,6.5279,1.0321,1.4753,6.5279,2.1971

2141.3270,-0.1402,0.9708,2.5147,2.6390,1.3416,6.8984,0.8468,1.3621,6.8984,2.1530

2142.3270,0.0450,0.1065,2.7617,3.0094,2.4530,6.8984,1.4025,1.6297,6.8984,2.3823

2143.3270,-0.5723,0.3534,1.7738,2.3920,2.6382,6.5279,1.3408,1.3210,6.5279,2.0648

2144.3270,0.3536,0.0447,2.6999,2.5772,2.5765,6.4045,1.1555,1.5679,6.4045,2.2588

2145.3270,1.4030,-0.1405,2.5764,2.6390,2.2677,6.5897,1.2790,1.6708,6.5897,2.3735

2146.3270,-0.0785,0.4769,2.6999,2.2686,3.0704,6.5279,1.0938,1.5885,6.5279,2.2941

2147.3270,-0.0168,0.2299,2.1442,2.8242,3.1321,7.0218,1.0938,1.5679,7.0218,2.3471

2148.3270,-0.2637,0.2917,2.6999,2.3920,2.6382,6.5897,1.5877,1.5576,6.5897,2.2765

2149.3270,0.1684,-0.3874,2.6382,2.6390,2.5765,6.7132,1.0938,1.4547,6.7132,2.2059

2150.3270,0.1067,0.1065,2.4529,2.4538,2.2060,7.0218,1.0321,1.3930,7.0218,2.1971

2151.3270,0.2302,0.0447,2.3912,2.6390,3.1321,6.6514,1.2173,1.6091,6.6514,2.3294

2152.3270,-0.2637,0.0447,2.3295,2.5155,2.5147,6.6514,1.4025,1.4239,6.6514,2.1707

2153.3270,-0.0785,0.0447,2.4529,2.7007,2.2677,6.6514,1.4025,1.4650,6.6514,2.2059

2154.3270,-0.0168,0.1682,2.2677,2.4538,2.8852,6.4045,1.2790,1.5062,6.4045,2.2059

2155.3270,0.2302,-0.2640,2.7617,2.5772,2.3912,6.8366,1.1555,1.4753,6.8366,2.2412

2156.3270,0.0450,0.2917,2.1442,2.6390,2.5147,6.7132,1.1555,1.4650,6.7132,2.2148

2157.3270,0.2302,0.0447,2.4529,2.7007,2.2060,6.6514,1.2173,1.4753,6.6514,2.2147

2158.3270,0.2919,0.2299,2.3295,2.4538,2.8234,6.9601,1.0938,1.5370,6.9601,2.3118

2159.3270,-0.0168,0.3534,2.8234,2.6390,2.3912,6.7749,1.0938,1.5473,6.7749,2.2941

2160.3270,-0.0168,-0.5109,2.4529,2.6390,2.3912,6.7749,1.3408,1.3827,6.7749,2.1530

2161.3270,0.2302,0.1065,3.2556,2.7624,2.4530,6.4662,0.9086,1.6194,6.4662,2.3118

2162.3270,-0.0168,0.1065,2.8234,2.3920,2.6382,6.8984,1.0938,1.5062,6.8984,2.2765

2163.3270,-0.1402,-0.3874,2.8851,2.2068,2.5147,6.8366,0.7851,1.3107,6.8366,2.1001

2164.3270,0.1684,-0.0788,2.7617,2.3303,2.6382,6.5279,1.1555,1.4959,6.5279,2.2148

2165.3270,-0.1402,0.1065,2.2677,2.4538,2.6382,6.5897,1.0321,1.3930,6.5897,2.1354

2166.3270,0.0450,0.6621,2.5764,2.3920,2.5147,6.7749,1.2173,1.5679,6.7749,2.3118

2167.3270,-0.0785,0.1065,2.6382,2.4538,2.8234,7.0218,0.9703,1.4856,7.0218,2.2765

2168.3270,0.0450,0.3534,2.3912,2.2686,2.5765,6.8984,1.0938,1.4547,6.8984,2.2324

2169.3270,-0.2019,-0.0170,2.6382,2.6390,2.4530,6.6514,1.4643,1.4959,6.6514,2.2324

2170.3280,0.0450,0.4151,2.6999,2.3920,2.6382,6.5897,0.7851,1.4959,6.5897,2.2236

2171.3270,-0.0785,0.0447,2.3295,2.4538,2.2060,6.8366,0.9703,1.3210,6.8366,2.1089

2172.3270,-0.2019,0.6621,2.4529,2.9476,2.6999,6.6514,0.8468,1.5679,6.6514,2.2941

2173.3270,0.0450,0.1065,2.0208,3.0094,2.3295,6.5897,1.2173,1.4547,6.5897,2.1883

2174.3270,0.4153,0.2299,2.3912,1.2808,1.6503,7.0218,0.9703,1.1563,7.0218,1.9942

2175.3280,0.1067,-0.0788,2.5764,2.4538,3.0087,6.7749,0.5381,1.4342,6.7749,2.1971

2176.3270,-0.0168,-0.0170,2.8234,2.5772,2.8852,7.5775,0.7851,1.5062,7.5775,2.3735

2177.3270,-0.2637,0.1065,2.7617,2.2686,2.5147,6.9601,1.1555,1.4239,6.9601,2.2148

2178.3270,0.2302,0.0447,2.3295,2.5155,2.5147,6.0958,1.2173,1.4753,6.0958,2.1354

2179.3270,0.6622,0.0447,2.4529,2.3303,2.3912,6.5897,0.9703,1.4753,6.5897,2.2059

2180.3270,-0.2637,0.1065,2.2677,2.2686,2.5765,6.6514,1.0938,1.3416,6.6514,2.1001

2181.3270,0.4771,-0.2022,2.3295,2.6390,2.3912,6.8984,1.0938,1.4547,6.8984,2.2324

2182.3270,0.6005,-0.2640,3.1938,2.2686,2.3912,6.8984,0.9703,1.5268,6.8984,2.2941

2183.3270,0.0450,-0.1405,2.4529,2.2686,2.5147,6.4662,1.2173,1.3930,6.4662,2.1177

2184.3270,0.1684,0.7238,2.4529,2.5772,2.8234,6.7749,1.0938,1.6399,6.7749,2.3735

2185.3270,-0.0168,0.1065,2.8234,2.5155,2.3912,6.7749,1.0938,1.4856,6.7749,2.2412

2186.3270,0.0450,0.3534,2.1442,2.7624,2.7617,6.8984,1.4643,1.5885,6.8984,2.3471

2187.3270,-0.1402,0.1682,2.4529,2.6390,2.6382,6.7749,1.3408,1.5165,6.7749,2.2677

2188.3270,-0.0785,0.2917,2.3912,2.5772,1.5268,7.2688,0.9086,1.2695,7.2688,2.1265

2189.3280,0.1067,0.2917,2.1442,2.6390,2.8234,6.8984,1.2173,1.5370,6.8984,2.3030

2190.3270,0.3536,0.2299,3.0704,2.1451,2.4530,6.8984,1.1555,1.5679,6.8984,2.3294

2191.3270,0.0450,0.1682,2.6382,2.5772,3.0704,6.9601,1.0938,1.5988,6.9601,2.3647

2192.3270,0.1067,0.0447,2.8234,2.4538,2.2060,7.0218,0.9086,1.4239,7.0218,2.2236

2193.3270,-0.3254,0.0447,2.3912,2.7624,2.5147,6.7132,1.5877,1.4959,6.7132,2.2412

2194.3270,-0.0168,0.1065,2.4529,3.3798,2.0825,6.8366,1.2173,1.5370,6.8366,2.2941

2195.3270,-0.0168,0.3534,2.5147,2.7007,2.2060,6.8984,2.0199,1.6297,6.8984,2.3823

2196.3270,-0.2019,0.3534,2.5764,2.5155,2.3912,6.7132,1.6495,1.5473,6.7132,2.2853

2197.3270,0.1684,0.4769,2.5147,2.6390,2.5765,6.4662,0.9086,1.5473,6.4662,2.2500

2198.3270,-0.3254,0.2299,2.5147,2.2068,2.3912,6.7749,1.2790,1.3827,6.7749,2.1530

2199.3270,0.2302,-0.1405,2.5764,2.2068,2.4530,6.7132,1.5877,1.4856,6.7132,2.2324

2200.3270,-0.0168,-0.0170,2.1442,2.5772,2.2060,6.6514,0.9086,1.3004,6.6514,2.0648

2201.3270,-0.2019,0.2917,2.5147,3.1946,2.3912,7.8244,1.2173,1.5679,7.8244,2.4617

2202.3270,-0.0785,0.1682,2.3295,2.6390,2.0208,6.7132,1.1555,1.3724,6.7132,2.1354

2203.3270,0.2302,0.4151,2.5147,2.7624,2.6382,6.7132,0.7851,1.5576,6.7132,2.2941

2204.3270,0.3536,-0.0788,2.4529,2.4538,2.3912,6.6514,1.0938,1.4444,6.6514,2.1883

2205.3270,0.5388,-0.0170,2.3912,2.5155,2.3912,6.6514,1.0938,1.4856,6.6514,2.2236

2206.3270,-0.1402,0.1065,2.6382,2.6390,2.4530,7.0836,1.3408,1.5062,7.0836,2.3030

2207.3270,-0.2637,0.2917,3.2556,2.6390,2.5147,6.7749,1.2173,1.6091,6.7749,2.3471

2208.3270,0.1067,0.0447,2.5147,2.6390,2.9469,7.4540,0.9703,1.5371,7.4540,2.3823

2209.3270,0.0450,0.9090,2.2060,2.5772,2.0825,6.7132,1.4025,1.5370,6.7132,2.2765

2210.3270,-0.0168,0.6621,2.7617,2.6390,2.2677,6.7132,1.0938,1.5679,6.7132,2.3029

2211.3280,-0.0785,-0.0788,2.6999,2.4538,2.6382,7.9479,1.0938,1.4547,7.9479,2.3823

2212.3270,0.1067,0.1065,2.5147,2.2686,2.3295,7.2070,1.0938,1.4033,7.2070,2.2324

2213.3270,0.2919,-0.0170,2.4529,2.3303,2.5147,6.8984,1.2790,1.4753,6.8984,2.2500

2214.3270,0.1684,-0.0170,2.3295,2.5155,2.6382,7.4540,1.0321,1.4444,7.4540,2.3029

2215.3270,0.0450,0.1682,2.4529,1.8981,2.8234,6.6514,1.0938,1.4136,6.6514,2.1618

2216.3270,-0.2019,-0.0170,2.3912,2.3920,2.3295,6.1575,1.1555,1.3416,6.1575,2.0295

2217.3270,0.0450,0.3534,2.4529,2.8242,2.7617,6.2193,0.9703,1.5679,6.2193,2.2324

2218.3270,0.1067,0.2299,2.5147,2.5772,3.3174,6.1575,0.9703,1.6194,6.1575,2.2677

2219.3270,0.1067,0.1682,2.5764,2.7624,2.6382,6.0958,1.1555,1.5679,6.0958,2.2148

2220.3270,0.2919,0.1682,2.3912,2.3920,2.6999,6.5279,0.9086,1.4753,6.5279,2.1971

2221.3270,0.7240,0.7238,2.5147,2.4538,2.5765,6.2193,1.0938,1.6811,6.2193,2.3294

2222.3280,0.2302,0.2299,2.1442,2.7007,2.2677,6.4045,1.0321,1.4341,6.4045,2.1442

2223.3270,-0.0168,0.3534,2.5764,2.3303,2.6382,6.2193,1.2173,1.5165,6.2193,2.1883

2224.3270,0.2919,0.1065,2.2677,2.4538,2.6999,6.5279,1.0938,1.4856,6.5279,2.2059

2225.3270,-0.0168,0.1065,2.3295,2.5155,2.5147,5.9723,1.2173,1.4444,5.9723,2.0913

2226.3270,-0.0168,0.0447,2.6382,2.4538,2.6999,6.5279,1.0321,1.4753,6.5279,2.1971

2227.3270,0.2302,0.4769,2.2677,2.5155,2.4530,6.3427,0.7851,1.4547,6.3427,2.1530

2228.3280,0.2302,1.1560,2.6999,2.5155,2.5147,6.4662,0.9703,1.6811,6.4662,2.3647

2229.3270,0.2919,0.3534,2.2677,2.4538,2.3912,6.4662,0.9086,1.4444,6.4662,2.1618

2230.3270,0.1067,0.2299,2.5764,2.2686,2.3295,6.2193,1.4643,1.4959,6.2193,2.1707

2231.3270,0.2919,-0.0170,2.3295,2.3303,2.5765,6.2810,0.9086,1.4033,6.2810,2.1001

2232.3270,0.1067,0.2299,2.3295,2.3303,2.7617,6.1575,1.0938,1.4753,6.1575,2.1442

2233.3270,0.1067,-0.0788,2.6999,2.2068,2.4530,6.3427,1.1555,1.4239,6.3427,2.1266

2234.3270,-0.0168,0.2299,2.3912,3.0094,2.6382,6.5279,0.8468,1.5165,6.5279,2.2324

2235.3270,0.1684,0.3534,2.6999,2.6390,2.3295,6.7749,1.2173,1.5679,6.7749,2.3118

2236.3270,0.0450,-0.0788,2.5764,2.7007,2.3912,6.5897,1.2790,1.4856,6.5897,2.2148

2237.3270,0.2919,-0.0170,2.4529,2.5155,2.4530,6.2810,1.2173,1.4856,6.2810,2.1707

2238.3270,0.0450,0.2917,2.2060,2.2068,2.6999,7.5157,1.0321,1.4136,7.5157,2.2853

2239.3270,0.2302,0.0447,2.5764,2.6390,2.3295,6.2193,0.9703,1.4650,6.2193,2.1442

2240.3270,-0.0785,-0.0170,2.6999,2.4538,2.8234,6.8984,0.9086,1.4650,6.8984,2.2412

2241.3270,-0.0785,0.1065,2.5764,2.1451,2.4530,6.4045,0.9703,1.3621,6.4045,2.0825

2242.3270,-0.0168,0.3534,2.3295,2.3920,2.4530,6.0341,1.1555,1.4444,6.0341,2.1001

2243.3270,0.0450,-0.0170,2.5147,1.7747,3.0087,5.9723,1.2173,1.4239,5.9723,2.0737

2244.3280,0.1067,-0.2022,2.5764,2.6390,2.6382,6.4662,1.1555,1.4856,6.4662,2.1971

2245.3270,0.1067,0.0447,2.2060,2.7624,2.6382,5.8489,1.4025,1.5268,5.8489,2.1442

2246.3270,0.0450,0.1065,2.2060,2.4538,2.4530,6.2193,1.0938,1.3930,6.2193,2.0825

2247.3270,0.0450,0.3534,2.1442,2.6390,2.5147,6.2193,1.2173,1.4856,6.2193,2.1618

2248.3270,0.2302,0.0447,2.6382,3.3180,2.5765,6.0958,0.8468,1.6091,6.0958,2.2500

2249.3270,-0.0168,0.1682,2.2677,2.6390,2.6382,6.3427,1.2173,1.4856,6.3427,2.1795

2250.3270,-0.0785,0.5386,2.3912,2.3303,2.2677,6.3427,1.0321,1.4136,6.3427,2.1177

2251.3270,0.1684,-0.0170,2.3295,2.5155,2.4530,6.4662,1.5260,1.4959,6.4662,2.2059

2252.3270,0.0450,-0.0170,2.1442,2.4538,2.5765,6.0958,1.1555,1.3930,6.0958,2.0648

2253.3270,0.3536,-0.0788,2.4529,2.5772,2.3912,6.4662,1.1555,1.4753,6.4662,2.1883

2254.3270,-0.0168,0.4769,2.2677,2.3303,2.5765,6.2193,1.2173,1.4753,6.2193,2.1530

2255.3270,0.1067,-0.2640,2.6999,2.5155,2.2677,6.3427,1.1555,1.4136,6.3427,2.1177

2256.3270,-0.1402,0.2917,2.3912,2.4538,2.5147,6.4662,0.9086,1.4033,6.4662,2.1266

2257.3280,0.2302,0.1682,2.8851,2.8242,2.1443,5.8489,1.2173,1.5782,5.8489,2.1883

2258.3270,-0.1402,0.0447,2.5764,2.5155,2.6382,6.5279,1.0321,1.4444,6.5279,2.1707

2259.3270,-0.1402,0.1065,2.4529,2.8242,2.5147,6.0958,1.0321,1.4650,6.0958,2.1266

2260.3270,-0.1402,0.1065,2.5147,2.2686,2.3912,6.3427,1.1555,1.3827,6.3427,2.0913

2261.3270,0.2302,0.7238,2.5764,2.5155,2.3295,6.4045,1.4643,1.6399,6.4045,2.3206

2262.3270,0.0450,0.2917,2.5147,2.6390,2.4530,6.4045,1.6495,1.5988,6.4045,2.2853

2263.3270,-0.0785,0.1065,2.5147,2.7007,2.0208,6.5279,1.1555,1.4033,6.5279,2.1354

2264.3270,0.3536,-0.0170,2.5764,2.2686,2.5147,5.8489,1.2173,1.4856,5.8489,2.1089

2265.3280,-0.0785,0.1065,2.2060,2.6390,2.5147,6.8984,1.0938,1.4136,6.8984,2.1971

2266.3280,0.0450,-0.0170,2.5147,2.4538,2.4530,6.4045,1.2173,1.4444,6.4045,2.1530

2267.3270,-0.0168,0.0447,3.0704,2.5155,2.1443,6.2193,1.1555,1.4856,6.2193,2.1618

2268.3270,-0.5723,0.0447,2.3912,2.6390,2.2677,6.4662,1.1555,1.3210,6.4662,2.0560

2269.3270,0.2302,0.1065,2.4529,2.5155,2.3295,6.4662,0.9086,1.4239,6.4662,2.1442

2270.3270,0.4153,0.1682,2.3295,2.4538,2.3912,6.4045,0.7234,1.4136,6.4045,2.1265

2271.3270,0.1067,-0.2640,2.5764,2.7007,2.5147,6.4045,0.8468,1.4136,6.4045,2.1266

2272.3270,0.2302,0.5386,2.5147,2.3920,2.7617,6.0341,1.1555,1.5988,6.0341,2.2324

2273.3270,0.1067,-0.1405,2.5764,2.5772,3.3791,6.3427,1.1555,1.6091,6.3427,2.2853

2274.3270,-0.1402,0.1682,2.3912,3.4415,2.5147,6.1575,1.0321,1.5679,6.1575,2.2236

2275.3270,0.7857,-0.6961,2.8234,2.0834,2.7617,6.2810,1.0321,1.4650,6.2810,2.1530

2276.3270,-0.3254,0.4769,2.5147,2.5772,2.2060,6.1575,1.3408,1.4650,6.1575,2.1354

2277.3270,0.6005,0.1682,2.2677,2.4538,2.3912,6.3427,0.9086,1.4650,6.3427,2.1618

2278.3270,-0.0168,0.4151,2.5764,2.3303,2.1443,6.3427,1.2790,1.4547,6.3427,2.1530

2279.3270,0.2302,-0.0788,2.3912,2.6390,3.3174,6.4045,1.0321,1.5885,6.4045,2.2765

2280.3270,0.1684,0.1682,2.8851,2.7007,2.5147,6.2193,0.9703,1.5679,6.2193,2.2324

2281.3270,0.2919,1.0942,2.5147,2.4538,2.5147,6.5279,0.9703,1.6399,6.5279,2.3382

2282.3270,0.6005,0.3534,2.6999,2.3920,2.5147,6.1575,1.1555,1.6194,6.1575,2.2677

2283.3270,0.0450,-0.1405,3.1321,2.2686,2.3912,6.3427,1.0321,1.4547,6.3427,2.1530

2284.3270,0.0450,0.4769,2.1442,2.7007,2.5147,6.5897,1.1555,1.5062,6.5897,2.2324

2285.3270,-0.0785,-0.9431,2.2060,2.2686,2.5147,6.1575,1.0938,1.1769,6.1575,1.8884

2286.3270,-0.0785,0.0447,2.2677,2.6390,2.6999,6.3427,1.4643,1.5062,6.3427,2.1971

2287.3270,-0.1402,0.2917,2.0208,2.5155,2.5147,6.2193,1.0938,1.3827,6.2193,2.0736

2288.3270,-0.1402,0.4151,2.6382,2.6390,2.5147,6.2193,1.5877,1.6091,6.2193,2.2677

2289.3270,0.0450,0.2299,2.5147,2.7007,2.3295,6.1575,0.9703,1.4650,6.1575,2.1354

2290.3270,0.1684,0.1682,3.0704,2.3303,2.2060,6.4045,1.0321,1.4959,6.4045,2.1971

2291.3270,-0.0168,0.1065,2.5764,2.3920,2.6999,6.2810,1.5260,1.5473,6.2810,2.2236

2292.3270,0.2302,0.2917,2.3912,2.3920,2.5147,6.2810,1.2173,1.5062,6.2810,2.1883

2293.3270,0.4153,-0.2022,2.3295,2.5772,2.5147,6.4662,1.2173,1.4753,6.4662,2.1883

2294.3270,-0.1402,0.6003,2.3912,2.8242,2.6382,6.2810,0.7851,1.5165,6.2810,2.1971

2295.3270,-0.2019,0.0447,2.5147,2.2686,2.5147,6.5897,1.1555,1.3827,6.5897,2.1266

2296.3270,0.1067,0.1065,3.0704,2.5772,2.4530,6.3427,1.2173,1.5885,6.3427,2.2677

2297.3270,-0.1402,0.2299,2.5147,2.7624,2.5765,6.3427,0.9086,1.4753,6.3427,2.1707

2298.3280,-0.0168,-0.0170,2.7617,2.1451,2.2060,6.4045,1.2173,1.3827,6.4045,2.1001

2299.3270,0.0450,0.2917,2.5147,2.5155,2.3295,6.4662,1.0321,1.4547,6.4662,2.1707

2300.3270,0.1067,-0.0170,2.4529,2.3920,2.6999,6.2810,1.4643,1.5165,6.2810,2.1971

2301.3280,0.0450,0.1682,2.5147,2.6390,2.3912,6.6514,1.4643,1.5370,6.6514,2.2677

2302.3280,-0.2019,0.1065,3.1938,2.2686,2.8234,6.1575,1.0938,1.5474,6.1575,2.2060

2303.3270,0.5388,0.1065,2.6382,2.2686,2.6999,6.5897,1.0938,1.5576,6.5897,2.2765

2304.3270,0.0450,0.2917,2.5147,2.5772,2.3295,6.7749,1.1555,1.4856,6.7749,2.2412

2305.3280,0.2302,-0.5109,2.5764,2.6390,2.2677,6.4045,1.2790,1.4136,6.4045,2.1266

2306.3270,-0.0785,0.1682,2.5147,2.2068,2.6382,6.4045,1.0938,1.4239,6.4045,2.1354

2307.3270,0.1067,0.1682,2.2677,2.5155,2.2677,6.2810,1.0938,1.4033,6.2810,2.1001

2308.3270,0.4771,0.5386,2.4529,2.2686,2.3295,6.5279,1.1555,1.5370,6.5279,2.2500

2309.3270,0.0450,0.4769,2.0825,2.4538,2.3912,6.2810,1.1555,1.4341,6.2810,2.1266

2310.3270,-0.0785,0.0447,2.3912,2.5772,2.2060,6.5897,1.0938,1.3724,6.5897,2.1177

2311.3270,0.9092,0.1682,2.3912,2.4538,2.4530,6.0958,1.1555,1.5885,6.0958,2.2324

2312.3270,-0.1402,0.1682,1.8973,2.3303,2.5765,6.1575,1.2173,1.3416,6.1575,2.0295

2313.3280,-0.0168,-0.3874,2.2060,2.6390,2.3912,6.3427,1.4025,1.3724,6.3427,2.0825

2314.3270,0.5388,0.1682,2.2677,2.7007,2.4530,6.2810,1.0321,1.5267,6.2810,2.2059

2315.3270,0.7240,0.3534,2.2677,2.3303,2.3912,6.5897,1.2173,1.5473,6.5897,2.2677

2316.3270,-0.2019,0.2917,2.3912,3.0094,2.6999,6.2193,0.9703,1.5268,6.2193,2.1971

2317.3270,0.1067,-1.1283,2.5147,2.3303,2.6999,6.5279,1.2790,1.3004,6.5279,2.0472

2318.3270,0.1684,-0.0170,2.0208,2.2068,2.5147,5.5402,-0.0793,1.1357,5.5402,1.7649

2319.3270,0.1067,-0.5726,2.6382,2.7007,2.3295,6.5279,1.2173,1.4033,6.5279,2.1354

2320.3270,-0.0168,-0.2022,2.5764,2.2686,2.4530,6.2810,1.1555,1.3724,6.2810,2.0736

2321.3270,0.1067,0.0447,2.2677,1.8364,2.7617,6.3427,1.2790,1.3827,6.3427,2.0913

2322.3270,-0.1402,0.3534,2.2677,2.6390,2.3295,6.7749,0.7234,1.3621,6.7749,2.1354

2323.3270,0.2919,0.0447,2.2060,2.4538,2.6999,6.2810,0.9703,1.4444,6.2810,2.1354

2324.3270,0.2302,-0.0788,2.5147,2.1451,2.6382,6.2810,1.4025,1.4753,6.2810,2.1618

2325.3280,0.1684,0.1065,3.6260,2.5772,2.4530,6.3427,1.0321,1.6605,6.3427,2.3294

2326.3270,-0.3254,0.2917,3.5025,2.5772,2.3912,6.4662,1.0938,1.5885,6.4662,2.2853

2327.3270,0.7857,0.2917,2.2060,2.2686,3.7496,6.8366,1.2173,1.7531,6.8366,2.4793

2328.3270,-0.0168,0.2917,2.3912,2.4538,2.3912,6.5279,1.2790,1.4650,6.5279,2.1883

2329.3270,0.1684,0.1682,2.8851,2.7007,2.2060,6.3427,1.2173,1.5576,6.3427,2.2412

2330.3270,-0.0168,-0.0170,2.8234,2.3920,2.6999,6.5897,1.0321,1.4856,6.5897,2.2148

2331.3270,-0.0168,-0.0788,2.2060,2.6390,2.5147,6.0958,1.7730,1.5062,6.0958,2.1618

2332.3270,-0.0168,0.0447,2.5147,1.8981,2.5147,6.5897,1.0321,1.3313,6.5897,2.0825

2333.3270,0.5388,0.4769,2.4529,2.2068,2.2060,6.4045,0.8468,1.4547,6.4045,2.1618

2334.3270,0.1067,-0.0788,2.6382,2.2068,2.8234,6.3427,1.6495,1.5576,6.3427,2.2412

2335.3280,-0.0168,-0.0170,2.7617,2.3303,2.2677,6.2810,1.1555,1.4136,6.2810,2.1089

2336.3270,0.0450,0.2299,1.8973,2.8859,1.8973,6.3427,0.8468,1.3004,6.3427,2.0207

2337.3270,0.1067,0.2299,2.0825,2.6390,3.4409,6.5279,1.0321,1.5885,6.5279,2.2941

2338.3270,0.4771,-0.2640,2.5764,2.5155,2.6382,6.4045,0.9086,1.4753,6.4045,2.1795

2339.3270,-0.0168,0.6003,2.7617,2.4538,2.2677,5.9723,1.2790,1.5576,5.9723,2.1883

2340.3270,0.1067,0.7856,2.5764,2.2686,2.4530,6.2193,0.7851,1.4959,6.2193,2.1707

2341.3270,0.0450,0.6621,2.7617,2.2686,2.2060,6.1575,1.3408,1.5473,6.1575,2.2059

2342.3270,0.2919,0.1682,2.6382,2.1451,2.9469,6.0958,0.9703,1.5268,6.0958,2.1795

2343.3270,0.4771,0.2299,2.1442,2.3920,2.4530,6.5897,0.6616,1.3930,6.5897,2.1354

2344.3270,-0.0785,0.1682,2.5147,2.9476,2.6382,6.1575,1.0321,1.5371,6.1575,2.1971

2345.3270,0.4771,0.1065,2.3912,2.3920,2.4530,6.4045,0.7851,1.4341,6.4045,2.1442

2346.3270,0.5388,-0.5109,2.6999,2.4538,2.2060,6.4662,1.0938,1.4136,6.4662,2.1354

2347.3270,0.2302,0.1065,3.0086,2.9476,1.8355,6.1575,1.0321,1.5267,6.1575,2.1883

2348.3270,-0.0168,0.7238,2.6999,2.4538,2.3912,6.1575,1.0938,1.5576,6.1575,2.2148

2349.3270,0.4771,-0.2022,3.1938,2.5772,2.3912,6.0958,0.9086,1.5576,6.0958,2.2059

2350.3270,0.2919,0.6621,2.6382,2.2686,2.5147,6.2193,0.8468,1.5370,6.2193,2.2059

2351.3270,-0.2019,-0.0788,2.6382,2.3920,2.5147,6.2810,1.5877,1.4753,6.2810,2.1619

2352.3270,0.1684,-0.1405,2.5147,2.3303,2.4530,6.2810,1.2173,1.4239,6.2810,2.1177

2353.3270,-0.0785,0.0447,2.2677,2.5155,2.4530,6.3427,1.3408,1.4239,6.3427,2.1266

2354.3270,-0.0785,0.2299,2.8234,2.8242,2.6999,6.3427,0.9086,1.5679,6.3427,2.2500

2355.3270,-0.1402,0.1065,2.2677,2.7007,2.3295,6.6514,1.2790,1.4239,6.6514,2.1707

2356.3280,-0.0785,0.1065,2.5147,2.7624,2.6999,6.2193,1.0321,1.5062,6.2193,2.1795

2357.3270,0.1067,0.1682,2.3912,2.2686,2.1443,6.3427,0.9086,1.3312,6.3427,2.0472

2358.3280,-0.0168,0.5386,2.5764,2.3920,2.9469,5.5402,1.4025,1.6400,5.5402,2.1971

2359.3280,0.1684,0.2917,2.2677,2.7007,2.9469,6.4662,1.0321,1.5679,6.4662,2.2677

2360.3270,-0.0785,0.2299,2.6999,2.9476,2.4530,6.1575,1.5260,1.6297,6.1575,2.2765

2361.3270,-0.0168,0.2917,2.2677,2.3920,2.4530,6.6514,1.0938,1.4136,6.6514,2.1618

2362.3270,-0.2019,0.4769,3.3791,2.3303,2.5147,5.9106,1.2790,1.6297,5.9106,2.2412

2363.3270,0.4771,0.4769,2.5764,2.4538,2.3295,6.4662,1.0938,1.5679,6.4662,2.2677

2364.3270,0.2302,0.1065,2.0825,2.0834,2.4530,6.4662,0.8468,1.3004,6.4662,2.0384

2365.3270,-0.0785,0.1682,2.3912,2.2068,2.2060,6.4662,1.2790,1.3621,6.4662,2.0913

2366.3280,-0.2019,0.2299,2.2060,2.5155,2.3295,6.8984,1.0938,1.3621,6.8984,2.1530

2367.3270,-0.0785,-0.0170,2.5147,2.3303,2.5765,5.7871,1.2173,1.4239,5.7871,2.0472

2368.3270,-0.0168,0.1682,2.6382,2.5772,2.3912,6.6514,0.9703,1.4547,6.6514,2.1971

2369.3270,-0.0785,0.3534,2.1442,2.7007,2.5147,6.2810,0.9703,1.4342,6.2810,2.1266

2370.3280,0.1684,0.6003,2.5764,2.3920,2.6382,6.2193,1.7730,1.6914,6.2193,2.3382

2371.3270,-0.2019,-1.3135,2.1442,2.5772,2.2060,6.2810,1.6495,1.1769,6.2810,1.9061

2372.3270,0.2302,-0.0170,2.5764,2.5772,2.0825,5.9723,1.1555,1.4341,5.9723,2.0825

2373.3270,0.1684,1.4647,2.5764,2.4538,2.3912,5.9723,0.5381,1.5988,5.9723,2.2236

2374.3270,-0.0785,0.1682,2.4529,3.3180,2.5147,6.2810,1.0321,1.5679,6.2810,2.2412

2375.3270,0.0450,-0.0170,2.2060,2.4538,2.6382,6.6514,1.2173,1.4239,6.6514,2.1707

2376.3270,-0.0785,-0.0788,2.3295,2.3920,2.4530,6.2193,1.2790,1.3827,6.2193,2.0736

2377.3270,-0.1402,0.2917,2.4529,2.5772,2.3912,6.9601,1.2173,1.4650,6.9601,2.2500

2378.3280,0.0450,-0.0788,2.7617,2.9476,2.3295,6.4045,1.7112,1.6194,6.4045,2.3030

2379.3270,0.1684,-0.0788,2.6382,2.2686,2.4530,6.5897,1.0321,1.4136,6.5897,2.1530

2380.3270,-0.0168,0.6003,2.6999,2.4538,2.3295,6.2193,1.2790,1.5576,6.2193,2.2236

2381.3270,-0.0168,0.8473,1.5268,2.7007,2.5147,5.9723,1.4025,1.4959,5.9723,2.1354

2382.3270,0.1067,0.9708,2.2060,2.7007,3.1939,6.5897,0.9086,1.6811,6.5897,2.3823

2383.3270,0.1067,1.3412,2.8234,2.2686,2.1443,6.5279,0.6616,1.5576,6.5279,2.2677

2384.3270,0.1067,0.1065,2.2677,2.5772,2.4530,7.2070,1.2173,1.4547,7.2070,2.2765

2385.3270,0.0450,0.0447,2.1442,2.4538,2.3295,7.4540,1.1555,1.3621,7.4540,2.2324

2386.3270,0.3536,-0.0788,2.3295,2.3303,0.9711,6.5279,1.0321,1.1563,6.5279,1.9237

2387.3270,0.1684,0.7856,2.6382,2.2068,2.3295,6.0958,1.1555,1.5473,6.0958,2.1971

2388.3270,-0.0168,0.3534,2.6382,1.9599,2.8852,6.7749,1.4025,1.5371,6.7749,2.2853

2389.3270,-0.0168,0.0447,1.7738,2.5155,2.5765,5.9723,1.2790,1.3621,5.9723,2.0207

2390.3270,0.1684,0.1682,2.3295,2.3920,2.5765,5.9106,1.2173,1.4753,5.9106,2.1089

2391.3270,0.6622,0.1682,2.4529,2.3303,2.4530,6.0958,0.8468,1.4856,6.0958,2.1442

2392.3270,-0.0785,0.2917,2.5147,2.3303,2.3295,5.9723,1.4643,1.4753,5.9723,2.1177

2393.3270,-0.0168,0.4769,2.2060,2.2686,2.5765,5.9723,1.1555,1.4444,5.9723,2.0913

2394.3270,0.3536,0.0447,2.2677,2.5155,2.2060,6.0958,-0.2027,1.1975,6.0958,1.8972

2395.3270,-0.0785,0.0447,3.3791,1.4043,2.9469,5.9106,0.9703,1.4445,5.9106,2.0825

2396.3270,-0.0785,0.2299,2.4529,2.3303,2.6999,6.0958,1.5260,1.5268,6.0958,2.1795

2397.3270,0.2919,0.0447,2.2677,2.5155,2.4530,5.7254,0.9703,1.4239,5.7254,2.0384

2398.3270,0.4771,-0.0170,2.4529,2.3303,2.3295,6.0958,0.9703,1.4238,6.0958,2.0913

2399.3270,-0.1402,0.1682,2.3912,2.3920,2.3295,6.2193,1.1555,1.3827,6.2193,2.0736

2400.3270,-0.0168,0.3534,2.8234,2.0216,2.6999,6.3427,0.9086,1.4650,6.3427,2.1618

2401.3270,-0.8192,-0.1405,2.2677,2.5772,2.1443,6.1575,1.1555,1.1975,6.1575,1.9061

2402.3270,0.4153,0.4151,2.3912,2.8242,2.6999,5.9723,0.9086,1.6091,5.9723,2.2324

2403.3270,0.3536,-0.1405,2.3295,3.1328,2.6999,6.0341,0.9703,1.5576,6.0341,2.1971

2404.3270,-0.0785,0.3534,2.5764,2.8859,2.4530,6.5279,1.1555,1.5576,6.5279,2.2677

2405.3270,0.1067,0.4151,2.3912,2.7007,2.5147,5.9106,0.9703,1.5165,5.9106,2.1442

2406.3280,0.1067,0.1682,2.6382,2.4538,2.4530,6.0958,1.2173,1.5062,6.0958,2.1618

2407.3280,0.2919,0.2917,2.1442,2.3303,2.2677,6.0958,0.7234,1.3415,6.0958,2.0207

2408.3270,-0.0785,0.3534,2.4529,2.8242,2.6999,5.8489,0.9086,1.5268,5.8489,2.1442

2409.3270,0.0450,0.3534,2.5147,2.4538,2.2060,5.9723,1.2173,1.4650,5.9723,2.1089

2410.3270,-0.2019,0.4151,2.9469,2.5772,2.2060,6.3427,0.8468,1.4650,6.3427,2.1618

2411.3270,-0.0785,-0.0788,2.6382,2.5772,2.4530,6.0341,1.5260,1.5062,6.0341,2.1530

2412.3270,-0.0168,0.4769,2.5147,2.3303,2.6382,5.9106,1.0321,1.4959,5.9106,2.1266

2413.3270,0.1067,-0.1405,2.5764,2.3920,2.3295,6.3427,1.2790,1.4239,6.3427,2.1266

2414.3270,0.0450,0.1065,2.5764,2.2068,2.8234,6.0341,1.3408,1.5165,6.0341,2.1618

2415.3270,0.1067,0.1065,2.2060,2.5155,2.0208,5.7254,1.2790,1.3724,5.7254,1.9943

2416.3270,0.0450,0.1682,2.8851,2.3920,2.5765,6.0341,1.0938,1.5268,6.0341,2.1707

2417.3270,0.1067,0.1065,2.3912,2.3920,2.5147,5.7871,0.9703,1.4136,5.7871,2.0384

2418.3270,0.4153,-0.0170,2.5147,2.3303,2.5147,6.0958,1.0938,1.4753,6.0958,2.1354

2419.3270,-0.6340,0.0447,2.3912,2.2686,2.9469,5.8489,1.5260,1.4239,5.8489,2.0560

2420.3270,0.2919,0.1065,2.3912,2.0216,2.2060,6.0958,0.8468,1.3107,6.0958,1.9943

2421.3270,0.3536,1.2794,2.6999,2.3920,1.8973,6.3427,0.9086,1.5885,6.3427,2.2677

2422.3270,-0.0785,-0.1405,2.8234,2.1451,2.4530,6.0341,1.2173,1.4033,6.0341,2.0648

2423.3270,-0.3254,0.0447,2.3912,2.7624,2.5147,5.9106,1.0938,1.4136,5.9106,2.0560

2424.3270,0.0450,-0.4492,2.0208,2.8859,2.3912,6.3427,1.0938,1.3313,6.3427,2.0472

2425.3270,0.1684,-0.8196,3.2556,1.9599,3.1939,5.9723,0.9703,1.4548,5.9723,2.1001

2426.3270,0.1067,0.2299,2.4529,2.0834,2.3912,6.3427,1.0321,1.3827,6.3427,2.0913

2427.3270,-0.0785,0.0447,2.3295,2.5155,2.5147,6.3427,1.5260,1.4753,6.3427,2.1707

2428.3270,-0.1402,-0.4492,2.8234,2.2686,2.3912,6.0341,1.0938,1.3313,6.0341,2.0031

2429.3270,0.1684,0.1065,2.2060,2.2068,2.8234,6.0958,0.7851,1.3827,6.0958,2.0560

2430.3270,1.3412,-0.2640,2.3295,2.2686,2.4530,6.2810,0.7851,1.4856,6.2810,2.1706

2431.3270,-0.2019,-0.0788,2.6382,2.2068,2.5765,6.1575,1.2790,1.4033,6.1575,2.0825

2432.3270,0.9092,0.2917,2.4529,2.3920,2.5765,5.8489,1.2173,1.6399,5.8489,2.2412

2433.3270,-0.0785,0.1065,2.3912,2.5772,2.5765,6.3427,1.1555,1.4547,6.3427,2.1530

2434.3270,-0.0168,0.2917,2.0825,2.7624,2.6382,5.9723,1.0938,1.4753,5.9723,2.1177

2435.3270,0.1684,0.8473,2.6999,2.2686,1.8355,6.2193,0.7851,1.4341,6.2193,2.1177

2436.3280,-0.3254,0.3534,2.6999,2.5155,2.6382,5.7254,1.4643,1.5576,5.7254,2.1530

2437.3270,-0.4489,0.1682,2.5147,2.3920,2.5147,5.5402,1.2790,1.4033,5.5402,1.9943

2438.3280,-0.0168,0.3534,2.5764,2.7007,2.1443,6.3427,1.7730,1.5885,6.3427,2.2677

2439.3270,0.0450,0.6621,2.6382,2.4538,2.3295,6.0341,1.0938,1.5370,6.0341,2.1795

2440.3280,-0.0785,0.0447,2.5764,2.3920,2.5147,6.2193,1.3408,1.4650,6.2193,2.1442

2441.3270,0.1684,-0.0170,2.7617,2.5155,2.8852,6.4045,1.2790,1.5988,6.4045,2.2853

2442.3270,0.1684,0.1065,2.3295,2.5155,2.6382,5.8489,0.9086,1.4444,5.8489,2.0736

2443.3270,0.0450,-0.0170,2.5147,2.4538,2.7617,6.1575,1.4025,1.5268,6.1575,2.1883

2444.3280,-0.2019,-0.0170,2.3912,2.5155,2.8234,6.0341,1.5260,1.5062,6.0341,2.1530

2445.3270,0.1067,1.2177,2.6999,2.2686,1.9590,6.2810,0.7234,1.4959,6.2810,2.1795

2446.3270,0.2302,1.2177,2.5147,2.3303,2.5147,5.9723,0.8468,1.6091,5.9723,2.2324

2447.3270,0.1684,0.1682,3.6260,2.3303,2.3912,5.9106,1.2173,1.6502,5.9106,2.2589

2448.3270,0.2302,0.2299,2.3295,2.6390,3.0087,5.8489,1.1555,1.5988,5.8489,2.2059

2449.3270,-0.3254,0.4769,2.3912,2.7007,2.1443,6.6514,1.0938,1.4136,6.6514,2.1618

2450.3270,0.5388,-0.2640,2.5764,2.7007,2.4530,5.9106,0.9086,1.4856,5.9106,2.1177

2451.3270,0.1684,0.2917,2.5147,2.5155,2.5765,6.5279,1.0938,1.5268,6.5279,2.2412

2452.3270,0.0450,-0.3257,2.0825,2.5155,2.5765,5.8489,1.3408,1.3724,5.8489,2.0119

2453.3270,0.2302,-0.2022,2.5147,2.5155,2.6999,6.1575,0.9703,1.4547,6.1575,2.1266

2454.3270,-0.0785,0.2917,2.3912,3.5033,1.0946,6.3427,1.0321,1.3724,6.3427,2.0824

2455.3270,-0.0168,-0.0170,2.4529,2.0216,2.5147,5.7871,0.7234,1.2798,5.7871,1.9237

2456.3270,0.1684,-0.6961,2.9469,2.2686,2.5147,5.8489,1.0321,1.3724,5.8489,2.0119

2457.3270,0.4153,-0.1405,2.3912,2.2068,2.3912,6.1575,1.4025,1.4444,6.1575,2.1177

2458.3270,-0.0168,0.1065,2.4529,2.1451,2.4530,6.0341,1.0938,1.3724,6.0341,2.0384

2459.3270,-0.0168,0.5386,2.9469,2.5155,2.2060,6.0958,1.0938,1.5473,6.0958,2.1971

2460.3270,-0.0785,0.1065,2.5147,2.4538,2.0208,6.1575,1.3408,1.3930,6.1575,2.0736

2461.3270,0.5388,0.5386,2.1442,2.7624,2.5147,6.0958,1.1555,1.6091,6.0958,2.2500

2462.3270,0.3536,0.2299,2.3295,2.1451,2.3295,6.2193,0.3529,1.2901,6.2193,1.9943

2463.3280,-0.2019,0.0447,2.3295,2.7624,2.5765,6.5897,1.4025,1.4856,6.5897,2.2148

2464.3270,0.1067,-0.1405,2.7617,2.2686,2.5147,6.1575,0.9703,1.4136,6.1575,2.0913

2465.3270,0.1067,-0.2640,2.7617,2.4538,2.2060,6.0958,0.8468,1.3518,6.0958,2.0295

2466.3270,-0.0168,0.0447,2.6382,2.5772,2.5765,6.1575,1.2790,1.5165,6.1575,2.1795

2467.3270,0.1067,0.2299,2.4529,2.5155,2.3295,6.2810,0.8468,1.4136,6.2810,2.1089

2468.3270,0.4153,-0.2640,2.9469,2.4538,2.4530,5.9106,1.2173,1.5370,5.9106,2.1618

2469.3270,-0.0785,0.1682,2.0208,2.4538,2.6382,5.9723,1.2790,1.4136,5.9723,2.0648

2470.3270,0.1067,0.2299,2.2060,2.6390,3.1939,6.0958,0.9703,1.5576,6.0958,2.2059

2471.3270,0.2919,-0.0170,2.6999,2.5155,2.4530,5.9106,1.0321,1.4959,5.9106,2.1266

2472.3270,-0.1402,-0.0788,2.5764,2.1451,2.5765,5.9723,1.0321,1.3518,5.9723,2.0119

2473.3270,0.7240,-0.3874,2.5764,2.2686,2.3295,6.1575,1.5260,1.5062,6.1575,2.1706

2474.3270,0.1684,0.1682,2.6382,2.4538,2.2060,6.4045,0.8468,1.4136,6.4045,2.1266

2475.3270,-0.0785,0.0447,2.3912,2.0834,2.3295,6.2193,0.8468,1.2695,6.2193,1.9766

2476.3270,-0.0168,0.1682,2.6999,2.2068,2.6382,6.7132,1.3408,1.5062,6.7132,2.2500

2477.3270,0.1067,0.2299,3.4408,2.5155,2.3295,6.0341,1.1555,1.6297,6.0341,2.2589

2478.3270,-0.2019,0.2917,2.6999,2.8859,2.3295,5.8489,1.3408,1.5576,5.8489,2.1707

2479.3270,-0.0785,0.1682,2.2677,2.3920,2.3912,6.5897,1.2790,1.4033,6.5897,2.1442

2480.3270,0.0450,-0.0788,2.8234,2.5155,2.8234,6.3427,0.9086,1.5062,6.3427,2.1971

2481.3270,0.1684,0.6003,2.5764,2.2686,2.8234,6.0341,1.1555,1.5988,6.0341,2.2324

2482.3280,-0.3254,0.1682,3.1938,2.5155,2.6382,5.9723,1.4643,1.6091,5.9723,2.2324

2483.3270,-0.2019,-0.2022,2.6999,2.2686,2.4530,6.4045,2.0199,1.5062,6.4045,2.2060

2484.3270,0.0450,-0.0788,2.5764,1.6512,2.3912,6.3427,0.9086,1.2489,6.3427,1.9766

2485.3270,0.0450,0.1682,2.5764,2.3920,2.8852,6.6514,0.7851,1.4753,6.6514,2.2148

2486.3280,-0.0785,0.0447,2.5147,2.8242,2.5765,6.0958,1.5877,1.5782,6.0958,2.2236

2487.3270,-0.0168,0.1065,2.4529,2.2068,2.6382,6.6514,1.0938,1.4136,6.6514,2.1618

2488.3270,-1.7451,0.1065,2.6382,2.2686,2.3912,6.0958,1.2790,1.1564,6.0958,1.8620

2489.3270,-0.4489,0.3534,2.6382,2.7624,1.7738,6.5279,0.8468,1.3210,6.5279,2.0648

2490.3270,0.4153,0.1682,2.2677,2.5772,3.3174,6.4662,1.0938,1.6399,6.4662,2.3294

2491.3280,-0.0168,0.1065,2.7617,2.3303,2.2677,6.4662,1.2173,1.4444,6.4662,2.1618

2492.3270,0.0450,0.5386,1.9590,2.3303,2.6382,6.0958,1.2173,1.4547,6.0958,2.1177

2493.3270,0.9092,-0.6961,3.0086,2.5772,2.8852,6.6514,1.0321,1.6194,6.6514,2.3382

2494.3270,0.0450,-0.1405,2.6382,2.5155,2.7617,6.2810,0.8468,1.4444,6.2810,2.1354

2495.3270,-0.0168,-0.1405,2.3295,2.3920,2.3295,5.1698,1.1555,1.3415,5.1698,1.8884

2496.3270,-0.3254,-0.0788,2.2060,2.4538,2.1443,6.3427,1.0938,1.2489,6.3427,1.9766

2497.3270,0.3536,0.4769,2.4529,2.8242,2.5765,6.2810,0.9703,1.6091,6.2810,2.2765

2498.3270,0.9092,-0.8813,2.7617,2.3920,2.3295,6.0958,1.2790,1.4650,6.0958,2.1265

2499.3270,0.2302,0.1065,2.2677,2.3303,2.4530,6.2810,0.9703,1.3930,6.2810,2.0913

2500.3270,-0.3254,0.2299,2.5764,2.3303,2.5147,6.3427,0.9086,1.3724,6.3427,2.0825

2501.3270,0.1067,-0.3874,2.7617,2.2686,2.6999,6.4662,0.8468,1.3827,6.4662,2.1089

2502.3270,0.0450,0.2299,2.1442,2.5772,2.4530,6.2810,1.0938,1.4239,6.2810,2.1177

2503.3270,0.7857,0.6003,2.8234,2.3920,2.5765,6.2193,0.8468,1.6708,6.2193,2.3206

2504.3270,0.1684,0.2299,2.1442,2.2686,2.3295,6.2810,0.8468,1.3312,6.2810,2.0384

2505.3270,0.4771,0.1065,2.3912,1.8981,2.7617,6.0341,1.0321,1.4444,6.0341,2.1001

2506.3280,0.0450,-0.0170,2.5147,2.6390,2.7617,6.1575,1.1555,1.5165,6.1575,2.1795

2507.3280,-0.0785,0.1065,2.0825,2.9476,2.3912,6.2193,1.0938,1.4239,6.2193,2.1089

2508.3270,-0.0785,0.1065,1.9590,2.8242,2.2677,6.2810,1.0321,1.3518,6.2810,2.0560

2509.3270,-0.0168,0.0447,2.5764,2.2686,2.4530,6.0341,1.2790,1.4342,6.0341,2.0913

2510.3270,0.0450,-0.0170,2.3295,2.3920,2.3295,6.4662,1.0321,1.3518,6.4662,2.0825

2511.3270,-0.0168,0.3534,2.4529,2.7007,2.1443,6.3427,1.4643,1.5165,6.3427,2.2059

2512.3270,0.1684,-0.5109,2.3912,2.0834,2.3912,6.2810,0.7234,1.2078,6.2810,1.9325

2513.3270,0.1684,0.1065,2.6382,2.0216,2.4530,6.4662,1.0321,1.4033,6.4662,2.1266

2514.3280,0.1067,0.2917,2.9469,2.3920,2.3912,6.4662,1.0321,1.5268,6.4662,2.2324

2515.3270,0.2302,-0.2022,2.4529,2.5155,2.3295,6.8984,0.2294,1.2592,6.8984,2.0648

2516.3270,-0.0785,0.2299,2.0825,2.3920,2.6382,6.1575,1.2173,1.4136,6.1575,2.0913

2517.3270,-0.2019,0.2299,2.2060,2.5155,2.3295,6.2810,1.2173,1.3827,6.2810,2.0825

2518.3270,0.3536,0.1682,2.5147,2.7624,2.3295,6.0958,1.2790,1.5679,6.0958,2.2147

2519.3270,0.2919,0.6621,2.6382,2.2068,2.6382,6.0958,0.9703,1.5679,6.0958,2.2148

2520.3270,-0.1402,0.3534,2.4529,2.8242,2.3295,6.2810,1.2173,1.5062,6.2810,2.1883

2521.3270,0.2919,0.0447,2.3295,2.7624,2.1443,6.0341,1.2173,1.4650,6.0341,2.1177

2522.3270,0.2919,-0.0788,2.3912,2.4538,2.6382,6.1575,1.0938,1.4650,6.1575,2.1354

2523.3270,-0.0168,0.1065,2.3912,2.0834,2.5147,6.5279,1.1555,1.3724,6.5279,2.1089

2524.3280,0.0450,-0.0788,2.4529,2.2686,2.5765,6.2193,1.5260,1.4650,6.2193,2.1442

2525.3270,-0.0785,0.1065,1.7738,2.5155,2.6382,6.0341,1.1555,1.3518,6.0341,2.0207

2526.3270,-1.1279,0.7238,1.5886,2.5772,2.6382,6.3427,1.0321,1.2387,6.3427,1.9678

2527.3270,0.0450,0.1065,2.6999,1.8364,2.5765,6.5897,0.9703,1.3724,6.5897,2.1177

2528.3280,-0.0168,0.2917,2.2060,2.6390,2.4530,6.4662,1.0938,1.4444,6.4662,2.1618

2529.3270,-0.2637,0.1682,2.3912,2.3303,2.4530,6.2193,1.4643,1.4239,6.2193,2.1089

2530.3270,0.1067,-0.3257,2.0825,2.4538,2.7617,5.7254,1.0321,1.3518,5.7254,1.9766

2531.3270,0.1684,0.1065,2.5764,2.4538,2.5147,5.9723,1.0938,1.4856,5.9723,2.1266

2532.3280,0.1684,-0.3257,2.4529,2.3920,3.0087,6.1575,1.0321,1.4547,6.1575,2.1266

2533.3270,0.2302,-0.0170,2.5147,2.2068,2.6999,6.2810,1.6495,1.5473,6.2810,2.2236

2534.3270,0.1067,0.4151,2.8234,2.2686,2.5765,6.3427,1.5877,1.6297,6.3427,2.3030

2535.3270,0.1067,0.1682,2.2060,2.7624,2.2677,6.0958,1.1555,1.4444,6.0958,2.1089

2536.3270,0.0450,-0.0788,2.5764,1.9599,2.2677,5.9723,1.2173,1.3313,5.9723,1.9943

2537.3270,0.4153,0.5386,2.5147,2.3303,2.4530,6.2193,1.2790,1.5885,6.2193,2.2500

2538.3270,-0.0785,0.2299,2.3295,2.5772,2.5147,6.8366,1.1555,1.4547,6.8366,2.2236

2539.3270,0.1067,0.4151,2.6382,2.2686,2.4530,6.2193,1.0321,1.4856,6.2193,2.1618

2540.3270,1.4030,-0.0788,2.5147,2.4538,2.4530,6.0958,1.1555,1.6502,6.0958,2.2853

2541.3270,0.1684,0.1682,2.3912,2.3303,2.4530,6.5279,1.0938,1.4341,6.5279,2.1618

2542.3270,0.1067,0.0447,2.4529,2.4538,1.8973,5.8489,1.0938,1.3415,5.8489,1.9854

2543.3270,0.2919,0.2917,2.3295,2.6390,2.5147,6.0958,0.9086,1.4959,6.0958,2.1530

2544.3280,0.1067,0.3534,2.0208,2.5155,2.5147,6.0958,1.5877,1.5165,6.0958,2.1707

2545.3270,0.3536,0.1065,2.3295,2.2686,2.3912,6.0958,0.7234,1.3621,6.0958,2.0384

2546.3270,0.1067,0.1682,2.6382,1.8981,2.6999,6.0341,1.0321,1.4239,6.0341,2.0825

2547.3270,-0.0168,-0.0170,2.5764,2.5155,2.5147,6.0341,1.4025,1.4959,6.0341,2.1442

2548.3270,0.2302,-0.1405,2.5147,2.5772,2.3295,6.0958,0.9703,1.4136,6.0958,2.0825

2549.3270,0.1067,-0.1405,2.3912,2.3920,2.3912,6.1575,1.0938,1.3724,6.1575,2.0560

2550.3270,-0.0785,-0.0170,2.3295,2.3303,2.3912,5.7254,1.0938,1.3415,5.7254,1.9678

2551.3270,-0.0785,0.0447,2.3912,2.4538,1.8973,6.2810,1.3408,1.3415,6.2810,2.0472

2552.3270,0.1067,0.0447,3.0704,2.2686,2.3295,6.0341,1.0938,1.4856,6.0341,2.1354

2553.3270,0.0450,0.4151,2.5147,2.0834,2.4530,6.0341,0.7234,1.3724,6.0341,2.0384

2554.3270,0.1067,-0.0170,2.0825,0.9721,3.1939,5.7871,1.2173,1.2592,5.7871,1.9061

2555.3270,-0.2019,-0.1405,3.0086,1.9599,2.5147,6.2810,1.4025,1.4239,6.2810,2.1178

2556.3270,-0.0168,0.1065,2.4529,2.3920,2.3295,6.0958,1.6495,1.4856,6.0958,2.1442

2557.3270,-0.5723,0.1682,2.7617,2.2686,2.6382,6.2193,0.9703,1.3724,6.2193,2.0648

2558.3270,-0.0785,0.2299,2.7617,2.3303,2.2677,6.1575,0.9086,1.4033,6.1575,2.0825

2559.3270,-0.0785,0.4769,2.3912,2.3920,2.0825,6.0958,1.1555,1.4033,6.0958,2.0736

2560.3270,0.2302,0.3534,2.2060,2.6390,2.5147,6.1575,1.3408,1.5473,6.1575,2.2059

2561.3270,0.1067,-0.2022,2.4529,2.5155,2.6382,5.9106,1.2173,1.4547,5.9106,2.0913

2562.3270,-0.0785,0.0447,2.4529,2.4538,2.4530,6.4045,1.0938,1.4033,6.4045,2.1177

2563.3270,0.2302,0.3534,2.2677,2.3920,2.6382,5.8489,1.1555,1.5062,5.8489,2.1266

2564.3280,-0.0168,-0.0788,2.3295,2.5155,2.5147,5.7871,1.1555,1.4033,5.7871,2.0295

2565.3270,-1.9920,0.6621,2.2060,2.5772,2.8852,6.0958,1.4025,1.2902,6.0958,1.9767

2566.3270,0.1067,-0.1405,2.6999,2.5772,2.2677,6.3427,1.0321,1.4239,6.3427,2.1266

2567.3270,-0.2637,-0.0170,2.5147,2.0834,2.4530,6.0958,1.2790,1.3416,6.0958,2.0207

2568.3270,0.1684,0.4769,2.3295,2.3303,2.7617,5.9723,1.0321,1.5165,5.9723,2.1530

2569.3270,0.2919,0.0447,2.2677,2.4538,2.3912,5.6019,0.9703,1.4033,5.6019,2.0031

2570.3270,-0.0785,0.7856,2.2677,2.2686,2.3295,6.2193,-0.0793,1.2489,6.2193,1.9590

2571.3270,0.1067,-0.0788,2.2677,2.5155,2.5147,5.9106,1.1555,1.4136,5.9106,2.0560

2572.3270,-0.0168,-0.2022,2.8851,2.3920,3.0087,6.2810,0.8468,1.4856,6.2810,2.1707

2573.3270,0.9709,-0.6961,2.8234,2.3920,3.0704,6.1575,0.9086,1.5782,6.1575,2.2324

2574.3270,-0.3871,-0.0170,2.5147,2.5772,2.5765,6.0341,1.5877,1.4753,6.0341,2.1266

2575.3270,-0.0785,0.2917,2.2060,2.5155,2.2060,6.4662,1.0321,1.3621,6.4662,2.0913

2576.3280,0.2302,-0.4492,2.6999,2.7007,2.5147,6.1575,0.4764,1.3621,6.1575,2.0472

2577.3270,-0.2019,-0.0170,2.2060,2.5772,1.8355,6.3427,1.0938,1.2489,6.3427,1.9766

2578.3270,0.7857,-0.0788,2.3295,2.2686,2.3912,5.6019,1.0938,1.4650,5.6019,2.0560

2579.3270,0.4153,-0.1405,2.3912,2.2686,2.3912,6.0958,1.2790,1.4341,6.0958,2.1001

2580.3270,0.2302,0.2299,2.4529,2.3303,2.2060,5.7871,1.0321,1.4136,5.7871,2.0384

2581.3270,0.4153,-0.2022,2.4529,2.5772,2.2060,6.0958,0.7851,1.3724,6.0958,2.0472

2582.3270,-0.3254,-0.2022,2.3912,2.2686,2.5147,6.2193,1.4025,1.3416,6.2193,2.0384

2583.3270,0.5388,-0.3257,3.4408,2.4538,2.3912,6.0958,1.0321,1.5885,6.0958,2.2324

2584.3270,-0.1402,0.1065,2.2060,2.6390,2.5147,6.0341,1.4025,1.4547,6.0341,2.1089

2585.3270,-0.2019,-0.1405,2.5764,2.3920,2.5765,6.1575,1.6495,1.4753,6.1575,2.1442

2586.3270,-0.0785,0.3534,2.5147,2.2068,2.2060,6.0341,1.5877,1.4650,6.0341,2.1177

2587.3270,-0.3871,0.7856,2.5147,2.2068,2.5147,5.8489,1.0938,1.4547,5.8489,2.0825

2588.3270,-0.1402,0.2299,1.7738,3.2563,1.8973,6.2193,0.9086,1.3210,6.2193,2.0207

2589.3270,0.4153,-0.2022,2.2677,2.5155,2.1443,6.1575,0.7234,1.3107,6.1575,2.0031

2590.3270,-0.1402,-0.0788,2.1442,2.8859,2.0208,6.0958,1.0938,1.3210,6.0958,2.0031

2591.3270,0.1684,-0.0788,3.2556,2.5772,2.2677,6.0341,0.9703,1.5268,6.0341,2.1707

2592.3270,0.0450,-0.0170,2.5147,2.7624,2.7617,7.2070,1.5260,1.5988,7.2070,2.4000

2593.3270,-0.2637,0.1682,2.2060,2.3920,2.3295,6.2810,0.9703,1.3004,6.2810,2.0119

2594.3270,0.2919,0.1682,2.4529,2.2068,2.2677,6.5279,0.7851,1.3621,6.5279,2.1001

2595.3270,0.1067,0.0447,2.8234,3.3798,2.5147,6.0958,0.7851,1.6091,6.0958,2.2500

2596.3270,0.1067,-0.2640,2.5764,2.2068,2.7617,5.9106,1.0321,1.4033,5.9106,2.0472

2597.3270,-0.0785,0.6621,2.2677,2.3920,2.3295,6.0341,1.5877,1.5268,6.0341,2.1707

2598.3280,0.3536,-0.1405,2.6382,2.3920,2.1443,5.7254,0.9086,1.3827,5.7254,2.0031

2599.3270,0.1067,0.6003,1.9590,2.2686,2.2060,6.2193,1.1555,1.3827,6.2193,2.0736

2600.3270,0.4153,-0.0788,2.6999,2.1451,2.3912,5.8489,0.9086,1.4136,5.8489,2.0472

2601.3270,-0.0785,-0.2640,2.0825,2.5772,2.3295,5.8489,1.2173,1.3107,5.8489,1.9590

2602.3270,0.2302,0.0447,2.8851,2.3920,2.4530,6.0958,0.9703,1.4959,6.0958,2.1530

2603.3270,-0.0785,-0.0788,2.2060,2.5772,2.3295,5.5402,0.9086,1.3107,5.5402,1.9149

2604.3270,-0.0785,0.6003,2.8851,2.2686,2.1443,5.8489,1.0938,1.4856,5.8489,2.1089

2605.3270,-0.0168,-1.3752,2.3295,2.3920,2.3912,5.7254,1.3408,1.1769,5.7254,1.8267

2606.3280,0.0450,-0.2640,2.8234,1.9599,2.5765,5.6019,1.0938,1.3724,5.6019,1.9766

2607.3270,0.4771,0.4151,2.4529,2.3920,2.4530,6.0958,0.5999,1.4650,6.0958,2.1265

2608.3270,0.0450,0.2917,2.1442,2.6390,2.3912,6.1575,0.9086,1.4033,6.1575,2.0825

2609.3270,0.4153,-0.2022,2.4529,2.3920,2.2677,6.0958,1.0321,1.3930,6.0958,2.0648

2610.3270,-0.0168,0.4151,1.1564,1.9599,2.3912,5.8489,1.0321,1.1563,5.8489,1.8267

2611.3280,0.3536,-1.3135,2.7617,2.1451,2.1443,6.1575,0.8468,1.1563,6.1575,1.8708

2612.3270,0.1067,-0.1405,2.0208,2.4538,2.1443,6.1575,0.9086,1.2489,6.1575,1.9502

2613.3270,-0.0168,0.1682,2.0825,2.3920,2.4530,5.8489,-0.0175,1.1769,5.8489,1.8443

2614.3270,0.1684,-0.0788,2.5147,2.1451,2.9469,6.0958,1.6495,1.5576,6.0958,2.2059

2615.3270,0.1684,0.5386,2.6382,2.3920,2.6999,5.9723,0.9703,1.5679,5.9723,2.1971

2616.3270,0.4771,-0.0170,2.3295,2.2686,2.3912,6.3427,0.7234,1.3621,6.3427,2.0736

2617.3270,0.0450,0.2917,2.5764,2.2686,2.7617,6.0958,1.5260,1.5782,6.0958,2.2236

2618.3270,-0.3871,0.2299,2.5147,2.2068,2.5765,6.5279,0.7234,1.3107,6.5279,2.0560

2619.3270,-0.2637,0.1682,2.3912,2.0834,2.2677,6.0958,1.0938,1.2901,6.0958,1.9766

2620.3270,-0.2637,0.2299,2.6382,2.3303,2.5765,6.0341,0.9086,1.4033,6.0341,2.0648

2621.3270,0.1067,-0.0788,2.4529,2.1451,2.3912,6.2193,1.3408,1.3930,6.2193,2.0825

2622.3280,0.1067,0.0447,2.6382,2.8859,2.0825,6.0958,0.9703,1.4547,6.0958,2.1177

2623.3270,0.0450,-0.2022,2.5147,1.2191,2.8234,5.7871,1.0938,1.2490,5.7871,1.8973

2624.3270,0.0450,0.2299,2.0825,2.8242,2.2677,5.9723,1.2173,1.4444,5.9723,2.0913

2625.3270,0.0450,0.2299,2.0825,2.5155,2.4530,6.5279,1.0321,1.3930,6.5279,2.1266

2626.3270,0.1684,-0.0170,2.6382,2.4538,2.3912,6.2193,0.9703,1.4341,6.2193,2.1177

2627.3270,-0.2637,0.2299,2.5147,2.4538,2.3912,7.0218,0.9703,1.3827,7.0218,2.1883

2628.3270,-0.2637,0.1065,2.6382,2.0834,2.5147,6.5279,1.3408,1.4033,6.5279,2.1354

2629.3270,0.4771,-0.1405,3.0086,2.6390,2.3912,6.3427,1.0938,1.5782,6.3427,2.2588

2630.3270,-0.0785,0.2299,2.2677,2.3920,2.2677,6.5897,1.0938,1.3621,6.5897,2.1089

2631.3270,-0.1402,0.1682,2.6999,2.7007,2.3912,6.6514,1.2173,1.5062,6.6514,2.2412

2632.3270,-0.0168,-0.0788,2.5764,2.7007,2.1443,6.7132,1.0321,1.3930,6.7132,2.1530

2633.3270,-0.0785,-0.0788,2.2060,2.5772,2.3295,6.2810,1.0938,1.3415,6.2810,2.0472

2634.3270,0.1067,-0.0788,2.5764,2.3303,3.0704,6.3427,1.0321,1.5062,6.3427,2.1971

2635.3270,-0.1402,0.1065,2.4529,2.8859,2.4530,6.2810,0.9703,1.4547,6.2810,2.1442

2636.3270,0.3536,0.5386,2.5764,2.3303,2.6999,6.2810,1.0321,1.5885,6.2810,2.2589

2637.3270,-0.0168,0.2299,2.3912,2.6390,2.6999,6.3427,1.2173,1.5268,6.3427,2.2148

2638.3270,0.0450,-0.2640,2.8851,2.3303,2.3912,6.4045,1.0321,1.4033,6.4045,2.1177

2639.3270,-0.0168,-0.6344,2.6382,2.7007,2.1443,7.8244,1.0321,1.3107,7.8244,2.2412

2640.3270,0.2302,-0.0170,2.5764,2.3303,2.5765,7.4540,1.8347,1.5885,7.4540,2.4264

2641.3270,0.2302,0.1065,2.0825,2.2686,2.3912,6.2810,0.5999,1.2798,6.2810,1.9943

2642.3270,1.2178,-0.6961,2.9469,2.2068,2.1443,6.0958,1.2173,1.5062,6.0958,2.1618

2643.3270,-0.2019,0.8473,2.0208,2.2068,2.3912,6.0341,1.0321,1.3827,6.0341,2.0472

2644.3270,0.1067,0.0447,3.1321,2.4538,2.2677,6.7749,0.5999,1.4341,6.7749,2.1971

2645.3270,0.2302,-0.2640,2.5147,2.5155,3.0704,5.9723,1.2173,1.5473,5.9723,2.1795

2646.3270,-0.0168,0.0447,2.2060,2.5155,1.8355,6.1575,0.9086,1.2489,6.1575,1.9502

2647.3270,0.2919,0.0447,2.3912,2.6390,2.0825,5.9106,1.2173,1.4444,5.9106,2.0825

2648.3270,0.1684,0.0447,2.6999,2.2068,2.5147,6.2193,1.4025,1.5062,6.2193,2.1795

2649.3270,-0.0785,-0.4492,2.3912,2.2068,2.4530,5.9106,1.2173,1.2901,5.9106,1.9502

2650.3270,0.0450,0.6003,2.3912,2.2686,2.3912,5.9723,1.3408,1.5062,5.9723,2.1442

2651.3270,0.6005,0.1682,2.3295,2.5772,2.5147,6.2810,0.7234,1.4856,6.2810,2.1706

2652.3270,0.1067,0.0447,2.8851,2.2686,2.3295,6.0958,1.3408,1.4959,6.0958,2.1530

2653.3270,-0.0168,-0.0788,2.5764,2.2686,2.5147,5.7254,1.2790,1.4239,5.7254,2.0384

2654.3280,0.2302,0.1065,2.6382,2.8242,2.3912,6.0341,0.9703,1.5268,6.0341,2.1707

2655.3270,-0.1402,0.0447,2.2677,2.2686,2.9469,6.2193,1.4643,1.4753,6.2193,2.1530

2656.3280,0.2919,0.1065,2.2677,2.7007,2.1443,5.8489,1.2173,1.4547,5.8489,2.0825

2657.3270,0.0450,-0.0170,2.6382,2.0834,2.6999,6.1575,1.0321,1.4136,6.1575,2.0913

2658.3270,-0.4489,0.3534,2.5147,2.2686,2.5765,6.2193,0.7234,1.3313,6.2193,2.0296

2659.3270,-0.2019,-0.0788,0.8477,3.0094,2.3912,6.0341,1.3408,1.2181,6.0341,1.9061

2660.3270,-0.1402,-0.2640,2.8234,2.2068,2.5147,6.0341,1.0321,1.3621,6.0341,2.0296

2661.3280,-0.0785,0.0447,2.5764,1.7747,2.3295,6.2810,0.9703,1.2695,6.2810,1.9855

2662.3270,0.1684,0.1065,2.0825,2.5772,2.7617,5.8489,1.0938,1.4650,5.8489,2.0913

2663.3270,0.3536,0.0447,2.3295,2.2686,2.5147,6.1575,0.7851,1.3827,6.1575,2.0648

2664.3270,1.0326,-0.0170,2.5764,2.3920,2.0208,6.2193,1.2173,1.5370,6.2193,2.2059

2665.3270,-0.0168,0.2917,2.2060,2.5155,2.5765,6.1575,1.0321,1.4342,6.1575,2.1089

2666.3270,0.3536,0.1065,2.2060,2.3920,2.4530,6.1575,0.7851,1.3827,6.1575,2.0648

2667.3270,-0.0785,0.3534,2.4529,2.5772,2.4530,7.0836,1.7730,1.5885,7.0836,2.3735

2668.3280,0.1684,0.1065,2.8851,2.6390,2.2677,6.1575,1.0321,1.5165,6.1575,2.1795

2669.3270,0.2919,0.1065,2.5147,2.3920,2.8852,6.1575,0.4147,1.4341,6.1575,2.1089

2670.3270,0.3536,0.0447,2.5764,2.5155,2.6382,6.2193,1.4643,1.5988,6.2193,2.2589

2671.3270,0.0450,-0.3257,2.7617,2.2068,2.3295,6.0341,1.0321,1.3415,6.0341,2.0119

2672.3270,0.3536,-0.1405,2.4529,2.5155,2.2677,6.4045,1.0321,1.4136,6.4045,2.1265

2673.3270,0.2302,-0.0788,3.0086,2.4538,2.0825,6.4045,0.9703,1.4444,6.4045,2.1530

2674.3270,1.2178,-0.0170,2.5147,2.4538,2.4530,6.0958,1.0938,1.6193,6.0958,2.2588

2675.3270,-0.0168,0.1065,2.3912,2.4538,2.5147,5.9106,1.2173,1.4444,5.9106,2.0825

2676.3280,-0.0785,0.1065,0.6625,3.1328,1.8355,6.3427,1.2173,1.1460,6.3427,1.8884

2677.3270,0.2919,0.4151,2.5147,2.3303,2.0208,6.2193,1.3408,1.4856,6.2193,2.1618

2678.3270,-0.1402,-0.0788,2.4529,2.5155,2.3912,6.5279,0.9703,1.3518,6.5279,2.0913

2679.3270,0.4153,0.1065,2.3912,2.2068,2.5147,6.5279,0.9086,1.4239,6.5279,2.1530

2680.3270,-0.0168,-0.1405,2.5147,2.4538,2.3295,6.4045,1.1555,1.3827,6.4045,2.1001

2681.3270,0.2919,0.4151,2.2677,2.3920,2.3295,6.3427,0.4764,1.3621,6.3427,2.0736

2682.3280,-0.3871,-0.6344,2.5147,2.5155,2.0208,6.4045,1.0321,1.1769,6.4045,1.9237

2683.3270,-0.7575,0.2917,2.2677,2.2686,2.5147,6.4045,1.5260,1.3519,6.4045,2.0737

2684.3270,0.1684,0.0447,3.1321,2.6390,2.2060,6.2193,1.0321,1.5370,6.2193,2.2059

2685.3270,-0.0168,0.2299,2.3295,2.3303,2.3912,6.4662,1.1555,1.4033,6.4662,2.1266

2686.3270,0.2919,-0.0170,2.4529,2.4538,2.7617,6.0341,1.1555,1.5165,6.0341,2.1618

2687.3270,0.1684,0.3534,2.5764,2.3920,2.3295,6.7132,0.8468,1.4444,6.7132,2.1971

2688.3270,0.2919,0.2917,1.8355,2.4538,2.3295,6.3427,0.9086,1.3518,6.3427,2.0648

2689.3270,0.2919,-0.1405,2.3295,3.3798,2.3912,6.4662,0.9086,1.5267,6.4662,2.2324

2690.3270,0.1067,0.5386,2.8234,2.4538,2.2060,6.2810,2.2669,1.7326,6.2810,2.3823

2691.3270,0.1684,0.9708,2.6382,2.2686,2.2060,6.4662,0.8468,1.5165,6.4662,2.2236

2692.3270,0.0450,-0.2022,2.5147,2.0216,2.6999,6.2810,0.8468,1.3210,6.2810,2.0295

2693.3270,-0.0168,-0.0170,2.4529,2.3303,1.8973,6.1575,1.2790,1.3210,6.1575,2.0119

2694.3270,-0.3254,0.0447,2.5764,2.7007,2.4530,6.2810,1.3408,1.4650,6.2810,2.1530

2695.3270,0.1684,0.2299,2.3912,2.5772,2.5147,6.7132,1.0938,1.4959,6.7132,2.2412

2696.3270,0.4771,0.4151,2.3295,2.2686,2.2060,6.5279,0.9703,1.4444,6.5279,2.1706

2697.3270,0.2302,-0.0170,2.7617,2.7624,2.6999,6.4662,1.0938,1.5885,6.4662,2.2853

2698.3270,0.1067,-0.0170,2.4529,2.3920,2.9469,6.4662,-0.3262,1.2592,6.4662,2.0031

2699.3270,-1.7451,0.0447,2.4529,2.5772,2.2677,6.5897,1.1555,1.1255,6.5897,1.9061

2700.3270,0.1684,-0.3257,2.9469,2.2686,2.3912,6.4045,0.9703,1.4033,6.4045,2.1177

2701.3270,0.1684,0.3534,2.3912,2.7007,2.5765,6.4662,0.6616,1.4753,6.4662,2.1883

2702.3270,0.1067,-0.1405,2.2677,2.2686,2.3912,6.0341,1.2173,1.3518,6.0341,2.0207

2703.3270,-1.0661,0.7238,1.9590,2.1451,2.5765,6.3427,1.3408,1.2798,6.3427,2.0031

2704.3270,1.0326,-0.2022,2.5764,2.0834,2.5147,7.1453,1.2173,1.5370,7.1453,2.3382

2705.3270,-0.1402,-0.0788,2.5147,2.2686,2.3295,6.2193,1.2173,1.3518,6.2193,2.0472

2706.3280,0.2302,0.1065,2.1442,2.3303,2.6382,6.4662,0.6616,1.3518,6.4662,2.0825

2707.3270,0.3536,0.1065,2.2677,2.3303,2.5765,6.4662,0.9703,1.4341,6.4662,2.1530

2708.3270,-0.2637,0.1682,2.5764,2.5155,2.0208,6.4045,1.4025,1.4033,6.4045,2.1177

2709.3270,0.2302,0.3534,2.4529,2.2686,2.1443,6.5897,1.1555,1.4341,6.5897,2.1706

2710.3270,-0.0785,0.2299,1.9590,2.3920,2.4530,6.0341,1.0938,1.3415,6.0341,2.0119

2711.3270,-0.1402,-0.0788,2.2677,2.3920,3.4409,6.5279,1.4025,1.5474,6.5279,2.2589

2712.3270,0.2302,-0.3257,2.5764,2.4538,2.2677,7.1453,1.0938,1.3827,7.1453,2.2059

2713.3270,0.0450,0.0447,2.5147,1.8981,2.6999,7.2688,1.0938,1.3827,7.2688,2.2236

2714.3270,-0.1402,0.1682,1.8355,2.4538,2.5147,6.9601,1.0938,1.3210,6.9601,2.1266

2715.3270,0.1067,-0.0170,2.0825,2.2068,2.5147,7.0218,1.0321,1.3210,7.0218,2.1354

2716.3270,0.1684,0.6003,2.6999,2.5155,2.4530,6.7749,1.0321,1.5782,6.7749,2.3206

2717.3270,-0.3254,-0.0170,2.5764,2.3920,2.3912,6.4045,0.9703,1.3313,6.4045,2.0560

2718.3270,-0.0168,0.4151,2.7617,2.2068,2.4530,6.5279,1.2790,1.5165,6.5279,2.2324

2719.3270,0.1684,-0.2022,2.3295,2.2686,2.4530,5.9723,1.2790,1.3827,5.9723,2.0384

2720.3270,0.0450,-0.0788,2.3295,2.3920,2.3912,6.4662,1.4643,1.4239,6.4662,2.1442

2721.3270,0.0450,-0.0788,2.1442,2.3920,2.5147,6.2810,1.2173,1.3724,6.2810,2.0736

2722.3270,-0.1402,0.4151,2.4529,2.3303,2.3912,6.5279,1.1555,1.4342,6.5279,2.1618

2723.3270,0.2919,0.1065,2.9469,2.6390,2.4530,6.2810,0.8468,1.5473,6.2810,2.2236

2724.3270,-0.2019,-0.0788,2.2677,2.5155,2.3912,6.0958,2.1434,1.5062,6.0958,2.1619

2725.3270,-0.0168,0.5386,2.6382,2.5155,2.2677,5.9106,1.2790,1.5370,5.9106,2.1618

2726.3270,0.1684,0.2299,2.7617,2.4538,2.3295,6.7132,0.5999,1.4239,6.7132,2.1795

2727.3280,0.4771,0.7856,2.7617,2.2686,2.6382,6.4662,0.7851,1.6194,6.4662,2.3118

2728.3270,0.1067,0.2299,2.4529,2.5772,2.3912,6.5897,0.7851,1.4239,6.5897,2.1618

2729.3270,-0.0785,0.1065,2.3912,1.8981,2.5765,6.5897,0.8468,1.2901,6.5897,2.0472

2730.3280,0.0450,0.2917,2.2060,2.3920,2.5147,6.7132,1.1555,1.4342,6.7132,2.1883

2731.3270,-0.0785,0.2917,2.4529,2.5772,2.4530,6.3427,1.2790,1.4959,6.3427,2.1883

2732.3270,0.1067,0.1065,2.2060,2.3303,2.4530,6.2193,1.0938,1.3827,6.2193,2.0736

2733.3270,0.0450,-0.0170,2.4529,2.7624,2.3912,6.8366,1.4025,1.5062,6.8366,2.2677

2734.3270,-0.0168,0.2299,2.0825,2.5772,2.5147,6.4045,1.3408,1.4547,6.4045,2.1618

2735.3270,-0.0785,0.0447,2.4529,2.5772,2.2060,6.7749,1.2173,1.4033,6.7749,2.1707

2736.3270,-0.1402,0.1065,2.6382,1.9599,2.5147,6.4662,1.0321,1.3518,6.4662,2.0825

2737.3270,0.6005,0.1065,2.4529,2.2068,2.4530,6.5279,0.5999,1.4033,6.5279,2.1354

2738.3270,0.1067,0.2917,3.0704,2.6390,2.3295,6.6514,1.2173,1.6091,6.6514,2.3294

2739.3270,0.1684,0.4769,2.4529,1.5277,2.8852,6.4045,0.9086,1.4033,6.4045,2.1177

2740.3270,0.1067,1.0942,2.2677,2.7624,2.3912,6.5897,1.2173,1.6399,6.5897,2.3470

2741.3270,0.1067,-0.0170,3.0704,2.5772,2.2677,6.4662,1.0321,1.5062,6.4662,2.2148

2742.3270,0.1067,0.1682,2.0208,2.3303,2.6999,6.4045,1.3408,1.4444,6.4045,2.1530

2743.3270,-0.0785,0.1682,1.9590,2.7624,2.1443,6.4662,1.0321,1.3312,6.4662,2.0648

2744.3270,0.1067,-0.2022,2.6382,1.0339,2.2677,6.7132,1.0321,1.1461,6.7132,1.9414

2745.3270,-0.0785,0.2917,2.4529,2.1451,2.6382,7.2688,1.3408,1.4650,7.2688,2.2941

2746.3270,0.5388,-0.0788,2.4529,2.6390,2.3912,6.5279,1.2173,1.5267,6.5279,2.2412

2747.3270,-0.1402,0.0447,2.4529,1.9599,2.3912,6.5279,0.9086,1.2695,6.5279,2.0207

2748.3270,-0.1402,0.2299,1.9590,2.4538,2.5765,6.4045,1.2790,1.3930,6.4045,2.1089

2749.3270,-0.2637,-0.0788,2.5764,2.5155,2.7617,6.6514,0.8468,1.3930,6.6514,2.1442

2750.3270,0.1684,-0.0788,2.9469,2.2068,2.3912,6.4662,1.2790,1.4856,6.4662,2.1971

2751.3270,0.0450,0.1682,2.0825,2.5772,3.3174,6.7132,1.0321,1.5371,6.7132,2.2765

2752.3270,0.1067,-0.0170,2.8851,2.3303,2.8234,6.6514,1.0938,1.5371,6.6514,2.2677

2753.3270,-0.2637,-0.2022,2.6999,2.3303,2.5147,6.5897,1.8347,1.4856,6.5897,2.2148

2754.3270,0.1684,-0.3257,2.3912,2.5772,2.3295,6.6514,1.2173,1.3930,6.6514,2.1442

2755.3270,-0.1402,0.0447,2.5147,2.0834,2.4530,6.0958,1.4025,1.3930,6.0958,2.0648

2756.3270,0.1067,0.1065,1.9590,2.5772,2.2677,6.4045,1.0321,1.3415,6.4045,2.0648

2757.3270,-0.3254,0.2917,2.5147,2.3303,2.5147,6.6514,0.9086,1.3724,6.6514,2.1266

2758.3270,0.2302,0.1065,2.2060,2.4538,3.3174,6.5897,1.1555,1.5782,6.5897,2.2941

2759.3270,-0.1402,0.4769,2.3912,2.3303,2.6999,5.9723,1.3408,1.5165,5.9723,2.1530

2760.3270,-0.1402,0.4769,2.5147,2.8242,2.6382,6.4662,0.9086,1.5371,6.4662,2.2412

2761.3270,-0.1402,0.0447,2.4529,2.6390,2.2677,6.2810,0.1677,1.2386,6.2810,1.9590

2762.3280,-0.2637,-0.0170,1.5268,2.4538,2.6382,5.9106,1.4025,1.2901,5.9106,1.9502

2763.3270,-0.0168,1.0325,2.2060,2.2068,2.3295,7.5157,1.0321,1.4650,7.5157,2.3294

2764.3270,-0.0785,0.1682,2.3295,2.3303,2.5765,6.8366,1.1555,1.4136,6.8366,2.1883

2765.3270,0.0450,-0.5726,2.6382,2.5155,2.3295,6.6514,1.0938,1.3415,6.6514,2.1001

2766.3270,0.3536,0.4151,2.3912,2.3303,2.2677,6.2810,1.0321,1.4650,6.2810,2.1530

2767.3270,0.1684,0.0447,2.5764,2.2686,3.0087,6.2810,1.0321,1.5165,6.2810,2.1971

2768.3280,0.1684,0.2299,2.3912,2.1451,2.3295,6.3427,0.7234,1.3312,6.3427,2.0472

2769.3270,0.0450,-0.0170,2.9469,2.3920,2.2060,6.0341,0.9703,1.4239,6.0341,2.0825

2770.3270,-0.3254,0.3534,2.5764,2.3920,2.6382,4.9228,0.8468,1.4136,4.9228,1.9149

2771.3270,-0.5723,0.4769,2.2060,2.5155,3.1321,5.3550,1.4643,1.5371,5.3550,2.0825

2772.3270,-0.0168,0.1682,2.2677,2.9476,2.3295,6.0341,0.9086,1.4341,6.0341,2.0913

2773.3280,0.5388,0.1065,2.4529,2.3303,2.5765,6.2193,1.2173,1.5370,6.2193,2.2059

2774.3270,0.0450,-0.1405,2.8234,2.5155,2.8234,6.5279,0.9086,1.4959,6.5279,2.2148

2775.3270,0.1684,-0.0170,2.3912,2.3920,2.3295,6.3427,1.0321,1.3827,6.3427,2.0913

2776.3270,-0.0168,0.2917,2.8234,2.3303,2.6382,6.3427,0.9703,1.5062,6.3427,2.1971

2777.3270,-0.0168,0.3534,2.2060,2.6390,2.6382,6.6514,1.0938,1.4856,6.6514,2.2236

2778.3270,0.0450,0.8473,2.5764,2.3303,2.3912,6.2193,0.6616,1.4753,6.2193,2.1530

2779.3270,0.6005,-0.0788,2.3912,2.7624,2.9469,6.4045,0.8468,1.5782,6.4045,2.2677

2780.3270,0.2302,0.0447,2.2677,2.1451,2.6382,6.3427,1.0321,1.3930,6.3427,2.1001

2781.3270,-0.3871,0.1682,2.3295,2.6390,2.0825,6.5897,1.7112,1.4239,6.5897,2.1618

2782.3270,0.1684,-0.1405,2.5147,2.5155,2.3912,5.8489,0.7851,1.3724,5.8489,2.0119

2783.3270,0.1067,-0.0788,2.3912,2.1451,2.7617,6.3427,1.4643,1.4650,6.3427,2.1618

2784.3280,-0.3254,0.0447,2.5147,2.0216,2.5147,6.2193,1.4025,1.3621,6.2193,2.0560

2785.3270,-0.0168,0.1065,2.6999,2.3920,2.2677,6.1575,1.0321,1.4136,6.1575,2.0913

2786.3270,-0.2637,0.1065,2.5147,2.7624,2.4530,5.9723,1.5877,1.5268,5.9723,2.1618

2787.3270,0.1067,0.2917,1.9590,2.2686,2.2060,6.1575,0.7851,1.2695,6.1575,1.9678

2788.3280,-0.0785,0.3534,2.5147,2.3303,2.0825,5.9106,1.2173,1.4033,5.9106,2.0472

2789.3270,0.4153,0.0447,2.0825,2.3920,2.9469,5.9723,1.2173,1.5165,5.9723,2.1530

2790.3270,-0.0785,-0.0788,2.4529,2.2686,2.3295,6.0341,1.1555,1.3416,6.0341,2.0119

2791.3270,-0.0785,-0.2640,2.6382,3.0094,2.6999,6.2810,0.4764,1.4136,6.2810,2.1089

2792.3270,-0.6340,0.6003,2.0825,2.8859,2.2060,6.2193,0.9086,1.3416,6.2193,2.0384

2793.3270,-0.0785,0.3534,2.5147,2.6390,3.5026,5.2932,1.6495,1.7634,5.2932,2.2677

2794.3270,-0.0168,-0.0788,2.2677,2.3920,2.5147,5.9723,1.1555,1.3724,5.9723,2.0295

2795.3270,1.2178,0.1065,2.2677,2.4538,3.6261,6.5897,0.9703,1.7737,6.5897,2.4617

2796.3270,-0.0785,0.2299,2.2677,3.1328,2.6382,6.0341,0.9086,1.5165,6.0341,2.1618

2797.3270,-0.6958,0.5386,2.2060,2.3303,2.5765,6.0958,1.1555,1.3519,6.0958,2.0296

2798.3270,0.0450,-0.0788,2.2060,2.2068,2.3912,5.6019,1.2173,1.3313,5.6019,1.9414

2799.3270,0.2919,-0.4492,2.5147,2.6390,2.5765,6.4045,0.5999,1.3621,6.4045,2.0825

2800.3270,-0.1402,-0.0788,0.3538,3.0094,2.2060,6.2810,1.0938,1.0740,6.2810,1.8179

2801.3270,0.1684,1.4029,3.1938,2.1451,2.9469,6.1575,0.9703,1.8046,6.1575,2.4264

2802.3270,0.0450,0.1065,1.9590,3.5033,1.5886,6.5897,0.9703,1.3621,6.5897,2.1089

2803.3270,0.5388,0.4151,2.2060,2.4538,2.3912,6.2193,0.5999,1.4341,6.2193,2.1177

2804.3270,0.1684,-0.0788,2.4529,2.5155,2.6382,6.5897,1.0321,1.4547,6.5897,2.1883

2805.3270,-0.5106,0.1065,2.6382,2.2686,2.6999,6.2193,0.5999,1.3004,6.2193,2.0031

2806.3270,-0.1402,0.1065,2.3295,2.3303,2.6999,6.2193,1.6495,1.4959,6.2193,2.1707

2807.3270,-0.3871,0.1065,2.2060,2.3920,1.6503,6.2193,1.2173,1.1975,6.2193,1.9149

2808.3270,-0.1402,0.1065,2.2060,2.5155,3.3791,5.4784,1.5260,1.5988,5.4784,2.1530

2809.3270,-0.2637,0.0447,2.3912,2.3303,2.5765,6.0958,1.3408,1.4033,6.0958,2.0737

2810.3270,-0.2019,0.2299,1.2799,2.7007,1.7121,6.2810,1.4643,1.1975,6.2810,1.9237

2811.3270,0.1067,0.6003,2.6999,2.2686,2.4530,6.2810,0.9703,1.5165,6.2810,2.1971

2812.3270,0.1684,0.0447,2.8851,2.4538,2.2677,6.5897,1.0938,1.4856,6.5897,2.2148

2813.3270,-0.4489,-0.2022,2.6999,2.0834,2.4530,6.3427,1.2790,1.3107,6.3427,2.0296

2814.3270,0.3536,-0.2022,2.2060,2.5772,3.6261,6.4662,1.2790,1.6400,6.4662,2.3294

2815.3270,0.2919,-0.0788,2.6382,2.5155,2.3295,6.0341,0.7851,1.4136,6.0341,2.0736

2816.3270,0.0450,0.4151,2.7617,2.4538,2.2677,6.2810,1.0321,1.4959,6.2810,2.1795

2817.3270,-0.0168,0.1682,2.0208,2.3920,1.5268,6.5897,1.0938,1.1975,6.5897,1.9678

2818.3270,-0.4489,0.5386,2.1442,2.3303,2.2677,6.3427,1.1555,1.3313,6.3427,2.0472

2819.3280,0.4153,0.1065,3.0086,2.8242,2.2677,6.0341,0.9703,1.5988,6.0341,2.2324

2820.3270,0.0450,0.4769,2.4529,2.2068,2.5147,6.2193,0.9703,1.4444,6.2193,2.1266

2821.3270,0.4153,-0.7579,2.5147,2.3920,2.2060,6.1575,0.7234,1.2489,6.1575,1.9502

2822.3270,-0.0785,0.6621,2.3295,2.3303,2.6382,6.0341,0.8468,1.4547,6.0341,2.1089

2823.3270,-0.1402,0.4151,2.3295,2.5772,2.5765,6.5279,1.2790,1.5062,6.5279,2.2236

2824.3270,0.2302,-0.2022,2.2677,2.5155,3.3174,6.4045,0.9086,1.5062,6.4045,2.2059

2825.3270,-0.0168,-0.5726,2.8234,2.1451,2.3912,6.2810,0.9086,1.2798,6.2810,1.9943

2826.3270,0.0450,-0.0788,2.5147,2.4538,2.7617,6.7749,0.7851,1.4136,6.7749,2.1795

2827.3270,-0.1402,0.3534,2.8234,2.5155,2.5147,6.2193,1.3408,1.5679,6.2193,2.2324

2828.3270,-0.0168,-0.3257,2.3295,2.5155,2.2677,6.4662,1.4025,1.3621,6.4662,2.0913

2829.3270,-0.0168,0.1065,2.5147,2.7007,2.5765,6.2810,1.2173,1.5165,6.2810,2.1971

2830.3270,0.0450,0.0447,2.2677,2.3303,2.3912,6.4045,1.3408,1.4033,6.4045,2.1177

2831.3270,-0.1402,0.2917,2.3295,2.5155,2.2060,6.7132,1.0938,1.3827,6.7132,2.1442

2832.3270,0.2302,-0.2022,2.4529,2.2068,2.4530,6.2810,0.8468,1.3313,6.2810,2.0384

2833.3270,0.1067,0.1065,2.2677,2.5772,2.6382,6.4662,1.1555,1.4753,6.4662,2.1883

2835.4410,0.1067,0.6003,2.5764,2.6390,2.2060,6.4662,1.0938,1.5370,6.4662,2.2412

2836.3490,-0.6958,0.2917,2.6999,2.3303,2.6382,6.2810,0.7851,1.3416,6.2810,2.0472

2837.3280,-0.0785,0.2299,2.2677,2.5155,2.2060,6.8366,1.0938,1.3724,6.8366,2.1530

2838.3280,0.2302,0.9708,2.6999,2.3303,2.0825,6.5279,0.9086,1.5370,6.5279,2.2500

2839.3270,0.1684,0.1682,2.2677,2.6390,2.1443,6.2193,0.8468,1.3724,6.2193,2.0648

2840.3280,0.0450,-0.0170,2.0825,2.7624,2.2677,6.2193,1.1555,1.3827,6.2193,2.0736

2841.3270,0.1067,1.3412,2.5147,2.2068,2.2060,6.2810,0.8468,1.5370,6.2810,2.2147

2842.3270,1.5264,-0.5726,2.8234,2.2068,2.7617,5.8489,1.1555,1.6502,5.8489,2.2500

2843.3270,0.1684,-0.2640,2.6382,2.3920,2.5147,6.2193,0.9703,1.4033,6.2193,2.0913

2844.3270,0.0450,0.0447,2.8234,2.3920,2.6999,6.1575,1.0938,1.5165,6.1575,2.1795

2845.3270,0.3536,0.1682,2.9469,2.5155,2.3295,6.0958,1.2790,1.5988,6.0958,2.2412

2846.3270,-0.2019,-0.0170,2.4529,2.2686,2.2677,6.3427,1.4643,1.3724,6.3427,2.0825

2847.3280,0.3536,-0.0788,2.5764,2.3920,2.0208,6.1575,0.9703,1.3724,6.1575,2.0560

2848.3270,-0.0168,0.0447,2.6382,2.2068,2.5147,6.4045,1.4643,1.4753,6.4045,2.1795

2849.3270,-0.0785,0.1065,2.0208,2.5155,2.5765,6.3427,1.3408,1.4136,6.3427,2.1177

2850.3270,0.0450,-0.2022,2.8234,3.1946,2.4530,6.3427,0.9086,1.5370,6.3427,2.2236

2851.3270,-0.0785,-0.0788,2.4529,1.9599,2.6382,6.9601,1.3408,1.3724,6.9601,2.1707

2852.3270,-0.1402,-0.1405,2.5764,2.2686,2.3295,6.5279,1.8347,1.4547,6.5279,2.1795

2853.3280,0.5388,0.2917,1.8973,2.9476,2.3295,6.2193,1.1555,1.5267,6.2193,2.1971

2854.3280,-0.0785,0.0447,2.1442,2.3920,2.3295,6.2193,1.1555,1.3313,6.2193,2.0295

2855.3270,-0.3254,-0.0788,2.6382,2.3303,2.6999,6.3427,0.7851,1.3416,6.3427,2.0560

2856.3270,0.0450,-0.2640,2.9469,2.2686,2.2677,6.3427,0.9703,1.3724,6.3427,2.0825

2857.3270,-0.1402,0.1065,2.2677,2.5772,1.7738,6.7132,0.9703,1.2592,6.7132,2.0384

2858.3270,0.3536,0.1065,2.2060,2.2686,2.3912,6.4662,1.0938,1.4033,6.4662,2.1266

2859.3280,-0.0785,0.1682,2.3912,2.8859,2.4530,7.0836,0.8468,1.4444,7.0836,2.2500

2860.3280,0.1067,0.2299,2.2060,2.3303,2.2060,6.6514,1.2173,1.3827,6.6514,2.1354

2861.3270,0.0450,0.2299,2.3912,2.3303,2.0208,6.3427,1.3408,1.3930,6.3427,2.1001

2862.3270,0.1067,-0.0788,2.8234,2.2686,2.9469,6.5279,1.1555,1.5371,6.5279,2.2500

2863.3280,0.4771,-0.0788,2.2060,2.0834,2.5765,6.3427,0.9086,1.3621,6.3427,2.0736

2864.3270,-0.2019,-0.1405,2.6382,2.3920,1.7738,6.1575,2.0817,1.4239,6.1575,2.1001

2865.3270,-0.0168,-0.1405,2.3912,2.5772,2.2060,6.4662,1.1555,1.3621,6.4662,2.0913

2866.3270,-0.0785,0.4151,2.5147,2.2068,2.2677,6.2810,1.0938,1.4033,6.2810,2.1001

2867.3270,0.2302,0.4769,2.3912,2.3920,2.3912,6.4045,1.3408,1.5370,6.4045,2.2324

2868.3270,-0.3871,0.2917,2.0825,2.7007,2.3912,5.9723,1.2790,1.3930,5.9723,2.0472

2869.3270,-0.0785,0.0447,2.3295,2.3920,2.5765,5.8489,1.2790,1.4239,5.8489,2.0560

2870.3270,-0.1402,0.1682,2.0825,2.4538,2.4530,6.7132,1.0938,1.3518,6.7132,2.1177

2871.3270,-0.0785,-0.3257,2.6382,2.3920,2.3912,6.3427,0.9703,1.3313,6.3427,2.0472

2872.3270,0.1684,0.0447,2.7617,2.3303,2.3912,6.8366,1.1555,1.4753,6.8366,2.2412

2873.3270,-0.0168,-0.2640,2.5764,3.3180,2.6382,6.0341,0.7851,1.5062,6.0341,2.1530

2874.3270,0.4153,0.1682,2.5764,1.6512,2.6999,5.8489,1.0321,1.4239,5.8489,2.0560

2875.3270,0.1684,-0.2022,2.5147,2.3303,2.3295,6.2810,1.2790,1.4033,6.2810,2.1001

2876.3270,-0.0785,0.6621,2.1442,2.3303,2.4530,6.0958,1.5877,1.5165,6.0958,2.1707

2877.3280,0.2302,-0.0788,3.2556,2.5772,2.2677,6.2193,1.0938,1.5576,6.2193,2.2236

2878.3280,-0.0168,-0.1405,2.6999,2.2686,2.6382,6.0958,0.8468,1.3827,6.0958,2.0560

2879.3270,-0.2637,-0.0170,2.6382,2.3303,2.6382,5.9106,1.7112,1.5062,5.9106,2.1354

2880.3280,-0.3871,-0.0170,2.6382,2.5772,2.5765,5.7871,1.5877,1.4959,5.7871,2.1089

2881.3270,-0.1402,0.4151,1.9590,2.1451,2.5147,6.0341,1.1555,1.3415,6.0341,2.0119

2882.3280,-0.6340,0.0447,2.3912,2.2068,2.4530,5.9106,0.9703,1.2387,5.9106,1.9061

2883.3270,-2.0538,1.1560,1.8973,2.8859,2.8852,5.8489,0.9086,1.2799,5.8489,1.9326

2884.3270,-0.0168,0.2299,2.5764,2.3303,1.8973,5.7254,1.2790,1.3827,5.7254,2.0031

2885.3270,0.7857,0.9708,2.1442,3.0711,2.6382,5.5402,1.0321,1.7737,5.5402,2.3118

2886.3270,-0.0785,-0.4492,2.2677,2.5155,2.2060,5.5402,1.3408,1.3004,5.5402,1.9061

2887.3270,0.3536,0.4151,2.5147,2.2068,2.9469,5.4167,2.2051,1.7737,5.4167,2.2941

2888.3270,0.3536,0.4769,3.1938,2.9476,2.3295,6.0341,1.0938,1.7325,6.0341,2.3470

2889.3270,-0.0168,0.2917,2.3912,3.0711,2.5147,5.6019,0.9086,1.5268,5.6019,2.1089

2890.3270,0.1684,0.0447,3.5025,2.2068,2.4530,5.8489,0.9703,1.5576,5.8489,2.1707

2891.3270,0.5388,0.3534,2.2677,2.2686,1.8355,6.2193,1.0321,1.3827,6.2193,2.0736

2892.3270,0.1067,0.4151,2.2677,2.8242,2.5765,5.3550,1.0321,1.5370,5.3550,2.0825

2893.3270,-0.2019,0.3534,2.0208,2.7624,2.6999,6.0958,1.0321,1.4444,6.0958,2.1089

2894.3270,-0.1402,0.1682,2.8234,2.5772,2.4530,5.8489,1.6495,1.5885,5.8489,2.1971

2895.3270,0.2919,-0.4492,2.6382,2.5155,2.5147,4.9846,1.2173,1.4547,4.9846,1.9590

2896.3270,0.1067,0.4769,1.4034,2.3303,1.8355,6.0958,1.4025,1.2592,6.0958,1.9502

2897.3270,0.1067,-0.2022,2.3912,2.2686,2.2677,6.2193,0.9703,1.3004,6.2193,2.0031

2898.3270,0.1067,-0.2022,2.6999,2.1451,2.1443,6.3427,0.9086,1.3004,6.3427,2.0207

2899.3270,-0.2019,0.0447,2.4529,2.1451,2.5147,7.3305,1.2173,1.3621,7.3305,2.2148

2900.3270,0.2919,-0.3874,2.2677,2.3303,2.5765,6.4045,0.9703,1.3415,6.4045,2.0648

2901.3270,-0.1402,0.2917,1.8973,2.5772,2.4530,6.3427,1.1555,1.3724,6.3427,2.0825

2902.3270,-0.0168,-0.0170,2.2677,2.3920,3.2556,6.0958,1.2173,1.5165,6.0958,2.1707

2903.3270,-0.1402,0.6003,2.5147,2.2686,2.0208,6.3427,1.0321,1.3827,6.3427,2.0913

2904.3270,-0.1402,0.0447,2.3295,2.3303,2.5147,6.5279,1.4025,1.4136,6.5279,2.1442

2905.3280,-0.4489,-0.0170,2.5764,2.3920,2.3912,5.8489,1.4643,1.3930,5.8489,2.0296

2906.3270,0.1067,0.0447,2.2060,2.5772,2.5147,6.7132,0.9703,1.4033,6.7132,2.1618

2907.3270,0.2302,0.2917,2.5147,2.3303,2.6382,6.6514,1.0321,1.5062,6.6514,2.2412

2908.3270,-0.0168,0.1682,2.2060,2.3303,2.5147,6.8366,1.1555,1.3930,6.8366,2.1707

2909.3270,0.1067,0.1065,2.2677,2.3303,2.1443,7.2070,0.9703,1.3210,7.2070,2.1618

2910.3270,-0.0168,0.1065,2.5147,2.3303,2.3295,7.2070,0.9086,1.3621,7.2070,2.1971

2911.3270,-0.0168,0.0447,2.2677,2.2686,2.3912,7.1453,1.0938,1.3415,7.1453,2.1707

2912.3270,0.0450,-0.0170,2.5147,2.6390,3.3174,7.2688,0.9086,1.5679,7.2688,2.3823

2913.3270,-0.0168,0.3534,2.5147,2.3920,1.9590,7.1453,1.0321,1.3724,7.1453,2.1971

2914.3270,-0.1402,0.1065,2.3912,2.2068,2.5147,7.7627,1.0321,1.3518,7.7627,2.2677

2915.3280,0.1684,0.0447,2.5764,2.3920,2.3912,7.5157,1.2173,1.4650,7.5157,2.3294

2916.3270,-0.2019,-0.0788,2.3912,2.5155,2.1443,7.7627,1.2173,1.3313,7.7627,2.2500

2917.3270,0.2302,0.1065,2.5764,2.2068,2.2677,6.7749,1.0321,1.4033,6.7749,2.1707

2918.3270,0.4153,0.3534,2.4529,2.2068,2.1443,6.3427,1.2173,1.4650,6.3427,2.1618

2919.3270,0.1067,-0.0170,2.2060,2.3303,2.3912,6.5279,0.8468,1.3107,6.5279,2.0560

2920.3270,0.0450,-0.0170,2.6382,2.2686,2.2677,6.5279,1.0938,1.3827,6.5279,2.1177

2921.3270,-0.0785,0.2299,2.3912,2.4538,2.1443,6.4045,1.1555,1.3827,6.4045,2.1001

2922.3270,-0.0168,0.3534,2.5764,2.3920,2.0825,6.8366,0.9703,1.3930,6.8366,2.1707

2923.3270,0.0450,-0.0170,2.2677,2.7007,2.7617,6.6514,1.1555,1.4856,6.6514,2.2236

2924.3270,-0.0785,-0.0788,2.3295,2.3920,2.5765,7.6392,0.8468,1.3313,7.6392,2.2324

2925.3270,0.0450,0.2299,1.8355,2.6390,2.5765,7.4540,1.2790,1.4341,7.4540,2.2941

2926.3280,-0.0785,0.4769,2.4529,2.3920,1.7738,7.8244,1.4025,1.4033,7.8244,2.3206

2927.3270,0.1067,-0.2640,2.9469,3.2563,2.6382,7.8861,0.7234,1.5679,7.8861,2.4705

2928.3270,0.4771,-0.0170,2.3295,2.9476,2.3295,7.5157,0.9703,1.5062,7.5157,2.3647

2929.3270,0.6005,-0.1405,2.0825,2.3303,2.3295,7.9479,0.5381,1.2901,7.9479,2.2412

2930.3270,-0.2637,-0.1405,3.1321,2.1451,2.3295,7.9479,2.0817,1.5474,7.9479,2.4617

2931.3270,0.2919,0.1065,2.5147,2.5772,2.3295,7.7627,0.5999,1.4033,7.7627,2.3118

2932.3270,0.4153,0.0447,2.2677,2.3920,2.3295,8.1331,0.9703,1.4033,8.1331,2.3647

2933.3270,0.1684,-0.0788,2.4529,2.4538,2.8234,8.3800,1.0321,1.4753,8.3800,2.4617

2934.3270,0.1067,0.2299,2.3295,2.3920,2.2060,8.0713,0.4764,1.2901,8.0713,2.2588

2935.3270,-0.0785,-0.2022,2.6382,2.2068,2.5147,8.3183,1.2790,1.3930,8.3183,2.3823

2936.3270,-0.0785,0.1065,2.3295,2.3303,2.3295,8.3800,1.0321,1.3415,8.3800,2.3470

2937.3270,0.1684,0.2917,2.2677,2.5155,2.3295,8.3800,1.1555,1.4547,8.3800,2.4441

2938.3270,0.0450,0.1065,1.9590,2.5772,2.5765,8.1948,1.2790,1.4239,8.1948,2.3911

2939.3270,0.3536,-0.0788,2.6999,2.3920,2.4530,7.9479,0.9703,1.4650,7.9479,2.3911

2940.3270,-0.0785,1.0942,1.8355,2.7007,2.3912,8.5035,1.4025,1.5576,8.5035,2.5499

2941.3270,0.1067,0.1682,2.6999,2.1451,2.5765,8.1948,0.7234,1.4033,8.1948,2.3735

2942.3270,0.1684,-0.2640,2.5147,2.1451,2.7617,8.3183,0.9086,1.3724,8.3183,2.3647

2943.3270,-0.1402,0.0447,2.3295,2.3920,2.3912,8.6270,1.0321,1.3415,8.6270,2.3823

2944.3270,-0.1402,0.0447,2.3912,2.6390,2.5147,8.3183,1.4025,1.4753,8.3183,2.4529

2945.3270,-0.0168,0.1065,2.3912,2.3303,2.9469,8.4418,0.9086,1.4444,8.4418,2.4441

2946.3270,-0.3254,0.1682,2.5764,2.3303,2.3295,8.1948,1.4025,1.4136,8.1948,2.3823

2947.3270,-0.3871,0.2299,2.2677,2.3920,2.5765,8.9356,1.2790,1.3930,8.9356,2.4705

2948.3270,0.1684,-0.0788,2.7617,2.4538,2.2060,8.5035,0.7851,1.3827,8.5035,2.4000

2949.3270,0.2919,-0.2022,2.5764,2.4538,2.6382,8.3183,1.3408,1.5165,8.3183,2.4882

2950.3270,0.0450,-0.1405,2.6382,3.5033,2.5765,8.5035,0.9703,1.5988,8.5035,2.5852

2951.3270,-0.0785,0.1682,2.9469,2.3920,2.2677,8.7504,0.9086,1.4342,8.7504,2.4793

2952.3270,0.2302,-0.1405,2.6382,2.2686,2.2060,8.2565,1.0321,1.3724,8.2565,2.3559

2953.3270,0.1067,-0.0170,3.1938,2.2686,2.3912,8.8739,1.1555,1.5165,8.8739,2.5675

2954.3270,-0.1402,0.7238,2.5764,2.2068,2.3912,8.9356,1.1555,1.4856,8.9356,2.5499

2955.3270,-0.3254,-0.0788,3.6878,2.1451,2.5765,8.8122,1.5260,1.5885,8.8122,2.6205

2956.3270,-0.0168,0.6003,2.4529,2.3303,2.5147,8.7504,1.0938,1.4959,8.7504,2.5323

2957.3270,-0.0785,0.0447,1.5268,2.3920,2.5147,8.8122,1.2790,1.2798,8.8122,2.3559

2958.3270,-0.0168,0.2917,2.6999,2.2686,2.4530,9.0591,1.0938,1.4650,9.0591,2.5499

2959.3270,-0.3254,-1.4370,3.0086,2.3303,2.4530,9.9234,1.6495,1.2798,9.9234,2.5146

2960.3270,0.2302,-0.0170,2.5147,2.4538,1.9590,8.6270,0.7851,1.3210,8.6270,2.3647

2961.3270,0.2302,-0.0170,3.1938,2.5155,2.2677,8.3800,0.9086,1.5165,8.3800,2.4970

2962.3270,0.1067,-0.0788,2.6382,3.0711,3.5026,8.7504,1.0321,1.7120,8.7504,2.7175

2963.3270,0.1684,0.1065,2.3295,2.5772,3.3174,8.8122,0.9703,1.5782,8.8122,2.6116

2964.3270,0.1067,-0.0788,2.3912,2.2686,1.9590,8.6887,0.8468,1.2489,8.6887,2.3118

2965.3270,-0.0168,0.2917,2.3912,2.4538,1.8973,9.3061,0.8468,1.3107,9.3061,2.4529

2966.3270,0.0450,-0.0788,2.2060,2.3920,2.2060,9.3061,1.0321,1.3004,9.3061,2.4441

2967.3280,-0.6340,0.4769,2.6382,2.4538,2.2060,9.1826,1.2173,1.3930,9.1826,2.5058

2968.3270,0.0450,0.3534,2.2060,2.6390,2.5765,9.1208,1.0938,1.4856,9.1208,2.5763

2969.3270,-0.0168,0.1682,2.2060,2.8242,2.2060,9.0591,1.2173,1.4341,9.0591,2.5234

2970.3270,-0.0168,0.2299,2.2060,2.4538,2.2677,9.3678,1.1555,1.3827,9.3678,2.5234

2971.3270,-0.0785,-0.1405,2.1442,2.4538,2.3912,9.0591,1.0938,1.3107,9.0591,2.4176

2972.3270,-0.1402,0.1682,2.5764,2.5155,2.7617,9.2443,0.7851,1.4444,9.2443,2.5587

2973.3270,-0.1402,0.2299,2.3912,2.3920,1.5268,9.3678,1.5260,1.3210,9.3678,2.4705

2974.3270,0.3536,0.1065,2.1442,2.0834,2.5147,9.4913,0.9086,1.3518,9.4913,2.5146

2975.3280,-0.0168,0.1682,2.0208,2.3920,2.3912,9.8617,1.0321,1.3313,9.8617,2.5499

2976.3270,0.0450,-0.0788,2.5147,2.2068,2.3295,9.4913,1.0321,1.3415,9.4913,2.5058

2977.3270,0.1684,-0.0788,2.4529,2.9476,2.2060,9.4295,1.1555,1.4753,9.4295,2.6116

2978.3280,0.8474,-0.3874,2.7617,2.2686,2.3912,9.3061,0.9703,1.4753,9.3061,2.5940

2979.3270,-0.1402,0.5386,2.3295,2.1451,2.2677,9.4295,1.0321,1.3621,9.4295,2.5146

2980.3270,0.2302,-0.2640,2.6382,2.3920,2.2677,9.1208,1.2790,1.4239,9.1208,2.5234

2981.3270,-0.0168,0.2299,2.0208,2.3920,2.3295,9.6147,1.0938,1.3415,9.6147,2.5234

2982.3270,-0.0168,-0.0788,3.2556,2.0834,2.5147,9.3678,1.0321,1.4650,9.3678,2.5940

2983.3270,0.0450,0.3534,2.5147,2.3920,2.2060,9.3061,1.2790,1.4650,9.3061,2.5852

2984.3270,0.2302,0.1065,2.3912,2.6390,2.2060,9.7382,0.9086,1.4136,9.7382,2.6028

2985.3270,0.3536,0.4769,2.2677,2.6390,2.5147,9.7382,0.8468,1.5165,9.7382,2.6910

2986.3270,-0.0785,0.0447,2.3912,2.3303,2.5765,9.6765,1.3408,1.4342,9.6765,2.6116

2987.3270,0.1067,0.1682,2.5147,2.7624,2.2677,9.4913,0.9086,1.4547,9.4913,2.6028

2988.3270,0.0450,-0.0788,2.5147,2.2686,2.6382,9.2443,1.3408,1.4547,9.2443,2.5675

2989.3270,-0.0785,-0.2022,2.3295,2.3920,2.2060,9.6765,1.0321,1.2798,9.6765,2.4793

2990.3270,0.0450,-0.1405,2.5764,2.6390,2.5147,9.5530,0.5999,1.3724,9.5530,2.5411

2991.3270,-0.2019,0.1065,2.4529,2.4538,2.4530,9.6147,1.5260,1.4650,9.6147,2.6293

2992.3270,-0.0785,0.1065,2.5147,2.3303,2.3295,10.1704,1.0938,1.3827,10.1704,2.6381

2993.3270,-0.0168,0.2299,2.2677,2.4538,2.3912,9.9851,1.3408,1.4444,9.9851,2.6645

2994.3270,0.0450,-0.0170,2.6382,2.2068,2.2677,9.6147,0.9086,1.3415,9.6147,2.5234

2995.3270,-0.0168,0.0447,2.3295,2.3303,3.3791,9.7999,0.9703,1.5062,9.7999,2.6910

2996.3270,0.1067,0.0447,1.5886,2.5772,2.2677,9.0591,1.1555,1.2901,9.0591,2.3999

2997.3270,-0.1402,0.5386,2.2060,2.2068,2.2060,9.6147,0.9703,1.3313,9.6147,2.5146

2998.3270,-0.1402,0.1682,2.3295,2.3303,2.3912,9.7999,1.4025,1.4136,9.7999,2.6116

2999.3270,0.1067,0.0447,2.0208,2.2068,2.2677,9.6147,0.5999,1.2078,9.6147,2.4088

3000.3270,-0.0168,-0.2640,2.3912,2.2686,2.4530,9.1826,1.0938,1.3210,9.1826,2.4441

3001.3270,-0.0785,0.6003,2.0208,2.3303,2.5147,9.6765,2.3286,1.6194,9.6765,2.7704

3002.3270,0.1684,-0.0170,2.6999,2.2068,2.3295,9.6147,1.2173,1.4342,9.6147,2.6028

3003.3270,0.2302,-0.3874,2.3912,2.5772,2.2060,9.7382,0.3529,1.2283,9.7382,2.4440

3004.3280,0.1067,-0.1405,2.5147,2.2068,2.7617,9.6765,1.5877,1.5062,9.6765,2.6734

3005.3270,-0.0785,0.1065,2.3295,2.5155,2.2677,10.1086,1.2173,1.3930,10.1086,2.6381

3006.3270,0.0450,0.6621,2.7617,2.1451,2.6382,9.8617,0.9086,1.5268,9.8617,2.7175

3007.3270,-0.3254,0.0447,2.3912,2.5155,1.8973,9.7999,1.2173,1.2901,9.7999,2.5058

3008.3270,0.0450,0.1682,2.8234,2.5155,2.2677,10.2321,0.9703,1.4650,10.2321,2.7175

3009.3280,0.2919,0.1065,2.2677,2.4538,2.0208,9.7999,1.1555,1.3827,9.7999,2.5852

3010.3270,0.1684,-0.2640,2.3912,2.4538,2.6999,9.1826,1.2173,1.4444,9.1826,2.5499

3011.3270,0.1684,0.6003,2.5764,2.3920,2.2060,9.7999,0.7851,1.4547,9.7999,2.6469

3012.3270,-0.3254,0.2917,3.2556,2.5155,2.2677,9.5530,-0.6349,1.2284,9.5530,2.4176

3013.3270,0.3536,0.2917,2.2677,2.0834,2.0825,9.6765,0.9703,1.3415,9.6765,2.5322

3014.3270,-0.1402,-0.2022,2.5147,2.8859,2.5147,9.5530,1.1555,1.4547,9.5530,2.6116

3015.3270,0.2302,0.4151,2.3295,2.2068,2.3295,9.5530,1.1555,1.4444,9.5530,2.6028

3016.3270,0.2302,0.2299,2.3295,2.1451,2.3295,9.6147,0.9703,1.3724,9.6147,2.5499

3017.3270,0.2302,-0.3257,2.3912,2.3920,2.3912,9.6147,1.5877,1.4444,9.6147,2.6116

