Elapsed Time (s),T1 (deg C),T2 (deg C),T3 (deg C),T4 (deg C),T5 (deg C),T6 (deg C),T7 (deg C),T8 (deg C),Main Loop Avg Temp (deg C),HX Avg Temp (deg C),Overall Avg Temp (deg C)
1.8670,29.8901,29.5676,28.7023,29.0698,29.6371,30.1210,30.0317,30.0866,29.3734,30.1038,29.6383

2.2220,29.8715,29.5450,28.6896,29.0571,29.6486,30.1283,30.0186,30.1099,29.3624,30.1191,29.6336

2.8900,29.8857,29.5547,28.7001,29.0479,29.6623,30.1184,30.0132,30.1161,29.3702,30.1173,29.6373

3.8900,29.8796,29.5522,28.6948,29.0676,29.6416,30.0968,30.0168,30.1302,29.3671,30.1135,29.6349

4.8900,29.8708,29.5710,28.7080,29.0572,29.6493,30.1247,30.0229,30.0842,29.3713,30.1045,29.6360

5.8900,29.9012,29.5694,28.7069,29.0458,29.6553,30.1123,30.0270,30.1067,29.3757,30.1095,29.6406

6.8900,29.8760,29.5465,28.7004,29.0459,29.6526,30.1196,30.0238,30.1045,29.3643,30.1120,29.6337

7.8900,29.8678,29.5546,28.6930,29.0568,29.6510,30.1062,30.0135,30.0897,29.3646,30.0980,29.6291

8.8900,29.8915,29.5445,28.7140,29.0515,29.6530,30.1218,30.0016,30.1035,29.3709,30.1127,29.6352

9.8900,29.8710,29.5547,28.7086,29.0499,29.6490,30.1193,30.0325,30.0958,29.3666,30.1075,29.6351

10.8900,29.8728,29.5619,28.6923,29.0538,29.6593,30.1088,30.0284,30.1196,29.3680,30.1142,29.6371

11.8900,29.8660,29.5537,28.7048,29.0564,29.6520,30.1241,30.0178,30.1100,29.3666,30.1171,29.6356

12.8910,29.8758,29.5575,28.7049,29.0451,29.6336,30.1212,30.0287,30.0779,29.3634,30.0996,29.6306

13.8900,29.8805,29.5536,28.7081,29.0695,29.6430,30.1306,30.0244,30.0926,29.3710,30.1116,29.6378

14.8900,29.8981,29.5458,28.7007,29.0659,29.6639,30.1308,30.0184,30.0932,29.3749,30.1120,29.6396

15.8910,29.8864,29.5578,28.7103,29.0530,29.6518,30.0933,30.0149,30.0811,29.3719,30.0872,29.6311

16.8910,29.8565,29.5570,28.6987,29.0508,29.6510,30.1241,30.0169,30.0822,29.3628,30.1031,29.6297

17.8900,29.8844,29.5584,28.7091,29.0470,29.6591,30.1260,30.0066,30.0823,29.3716,30.1042,29.6341

18.8900,29.8613,29.5541,28.7184,29.0554,29.6285,30.1180,30.0263,30.0931,29.3636,30.1055,29.6319

19.8900,29.8632,29.5621,28.7132,29.0601,29.6412,30.1368,30.0097,30.0668,29.3679,30.1018,29.6316

20.8900,29.9022,29.5616,28.6934,29.0337,29.6360,30.1161,30.0126,30.0545,29.3654,30.0853,29.6263

21.8900,29.8980,29.5469,28.7060,29.0553,29.6427,30.1101,30.0172,30.0842,29.3698,30.0971,29.6326

22.8910,29.8904,29.5356,28.7093,29.0463,29.6464,30.1133,30.0124,30.0860,29.3656,30.0997,29.6299

23.8900,29.8687,29.5450,28.6947,29.0449,29.6519,30.1240,30.0326,30.0935,29.3610,30.1088,29.6319

24.8900,29.8697,29.5496,28.7120,29.0406,29.6252,30.1133,30.0077,30.0794,29.3594,30.0964,29.6247

25.8900,29.8908,29.5412,28.6965,29.0542,29.6392,30.1090,30.0053,30.0540,29.3644,30.0815,29.6238

26.8900,29.8847,29.5370,28.7234,29.0481,29.6567,30.1320,30.0025,30.0662,29.3700,30.0991,29.6313

27.8900,29.8742,29.5570,28.7076,29.0771,29.6400,30.1187,30.0174,30.0703,29.3712,30.0945,29.6328

28.8900,29.8885,29.5451,28.7108,29.0628,29.6444,30.1104,29.9937,30.0564,29.3703,30.0834,29.6265

29.8900,29.8801,29.5498,28.7038,29.0478,29.6600,30.1184,29.9933,30.0578,29.3683,30.0881,29.6264

30.8900,29.8959,29.5540,28.6961,29.0477,29.6420,30.1028,29.9984,30.0633,29.3671,30.0830,29.6250

31.8910,29.8804,29.5252,28.7083,29.0303,29.6438,30.1042,29.9969,30.0539,29.3576,30.0790,29.6179

32.8900,29.8713,29.5264,28.6940,29.0418,29.6328,30.1063,30.0047,30.0777,29.3533,30.0920,29.6194

33.8900,29.8859,29.5376,28.7343,29.0158,29.6357,30.1313,29.9801,30.0571,29.3619,30.0942,29.6222

34.8900,29.8760,29.5343,28.7042,29.0205,29.6366,30.0932,30.0036,30.0772,29.3543,30.0852,29.6182

35.8900,29.8908,29.5533,28.7124,29.0494,29.6420,30.0982,29.9986,30.0276,29.3696,30.0629,29.6215

36.8900,29.8858,29.5376,28.7131,29.0417,29.6351,30.0870,29.9965,30.0560,29.3627,30.0715,29.6191

37.8900,29.9018,29.5323,28.6933,29.0313,29.6427,30.0993,29.9814,30.0419,29.3603,30.0706,29.6155

38.8900,29.9163,29.5239,28.6891,29.0403,29.6205,30.1133,30.0008,30.0484,29.3580,30.0809,29.6191

39.8900,29.8944,29.5235,28.6854,29.0464,29.6348,30.0942,30.0187,30.0562,29.3569,30.0752,29.6192

40.8900,29.9001,29.5546,28.7086,29.0366,29.6203,30.0985,30.0051,30.0327,29.3640,30.0656,29.6196

41.8900,29.8784,29.5517,28.7014,29.0295,29.6179,30.0867,30.0135,30.0453,29.3558,30.0660,29.6155

42.8900,29.8856,29.5348,28.7047,29.0300,29.6166,30.0972,30.0112,30.0389,29.3543,30.0680,29.6149

43.8900,29.8835,29.5241,28.6987,29.0428,29.6249,30.1087,29.9859,30.0514,29.3548,30.0800,29.6150

44.8900,29.9020,29.5264,28.6855,29.0469,29.6039,30.1094,29.9952,30.0459,29.3529,30.0776,29.6144

45.8900,29.8842,29.5262,28.6863,29.0138,29.6195,30.0944,29.9796,30.0281,29.3460,30.0613,29.6040

46.8900,29.8961,29.5214,28.6772,29.0241,29.6308,30.0997,29.9889,30.0672,29.3499,30.0834,29.6132

47.8900,29.9009,29.5305,28.7192,29.0445,29.6371,30.1186,29.9805,30.0255,29.3665,30.0721,29.6196

48.8900,29.8822,29.5174,28.6812,29.0281,29.6184,30.1074,30.0018,30.0350,29.3455,30.0712,29.6089

49.8900,29.9022,29.5179,28.6850,29.0300,29.6059,30.1076,29.9802,30.0414,29.3482,30.0745,29.6088

50.8900,29.8882,29.5506,28.7031,29.0119,29.6018,30.1012,29.9926,30.0410,29.3511,30.0711,29.6113

51.8900,29.8991,29.5062,28.7010,29.0202,29.6212,30.0900,29.9835,30.0416,29.3495,30.0658,29.6078

52.8900,29.8871,29.5138,28.6945,29.0410,29.6044,30.0930,29.9784,30.0530,29.3482,30.0730,29.6082

53.8900,29.9028,29.5200,28.6862,29.0166,29.5910,30.1040,29.9776,30.0316,29.3433,30.0678,29.6037

54.8900,29.8933,29.5286,28.7079,29.0162,29.6210,30.1020,29.9904,30.0569,29.3534,30.0794,29.6145

55.8900,29.8803,29.5197,28.6816,29.0229,29.6231,30.1032,29.9777,30.0298,29.3455,30.0665,29.6048

56.8900,29.8698,29.5160,28.6746,29.0324,29.5946,30.0968,29.9919,30.0099,29.3375,30.0534,29.5983

57.8900,29.9137,29.5195,28.6871,28.9931,29.5775,30.0952,29.9875,30.0251,29.3382,30.0602,29.5998

58.8900,29.8802,29.5181,28.6828,29.0255,29.6069,30.0889,29.9747,29.9935,29.3427,30.0412,29.5963

59.8900,29.9104,29.4950,28.6804,29.0047,29.6009,30.1003,29.9780,30.0354,29.3383,30.0679,29.6007

60.8900,29.9052,29.5023,28.6883,29.0017,29.6174,30.1008,29.9816,30.0345,29.3430,30.0677,29.6040

61.8900,29.8750,29.5031,28.6866,29.0086,29.5933,30.1233,29.9771,30.0123,29.3333,30.0678,29.5974

62.8900,29.8850,29.5136,28.6736,29.0403,29.5972,30.1004,29.9745,30.0317,29.3419,30.0660,29.6020

63.8900,29.8758,29.5053,28.6748,29.0043,29.5931,30.1038,29.9469,30.0126,29.3306,30.0582,29.5896

64.8900,29.8713,29.5020,28.6762,29.0019,29.5999,30.1078,29.9850,30.0189,29.3303,30.0633,29.5954

65.8900,29.8849,29.5002,28.6715,29.0137,29.6117,30.1007,29.9723,30.0128,29.3364,30.0567,29.5960

66.8900,29.8979,29.5165,28.6821,29.0102,29.5997,30.0836,29.9571,30.0117,29.3413,30.0476,29.5949

67.8900,29.8832,29.4892,28.6582,29.0084,29.5973,30.0788,29.9501,30.0243,29.3273,30.0516,29.5862

68.8900,29.8815,29.4997,28.6818,28.9957,29.6186,30.0870,29.9765,30.0230,29.3355,30.0550,29.5955

69.8900,29.8775,29.4982,28.6611,29.0146,29.6052,30.0980,29.9441,30.0148,29.3313,30.0564,29.5892

70.8900,29.8825,29.4995,28.6487,29.0069,29.6008,30.0865,29.9411,30.0165,29.3277,30.0515,29.5853

71.8900,29.8882,29.4869,28.6469,29.0164,29.5839,30.0932,29.9793,29.9926,29.3245,30.0429,29.5859

72.8900,29.8848,29.4911,28.6393,28.9791,29.6031,30.0912,29.9675,29.9929,29.3195,30.0420,29.5811

73.8900,29.8736,29.4969,28.6663,29.0038,29.5980,30.1030,29.9644,29.9991,29.3277,30.0511,29.5881

74.8900,29.8912,29.4781,28.6179,29.0166,29.6166,30.0699,29.9889,29.9951,29.3241,30.0325,29.5843

75.8900,29.8764,29.4971,28.6251,28.9838,29.5844,30.1030,29.9632,30.0062,29.3134,30.0546,29.5799

76.8900,29.8785,29.4952,28.6275,28.9918,29.5935,30.0873,29.9731,29.9918,29.3173,30.0396,29.5798

77.8900,29.8709,29.4691,28.6201,28.9896,29.5995,30.0956,29.9690,30.0101,29.3099,30.0529,29.5780

78.8900,29.8838,29.4767,28.5967,29.0038,29.6002,30.0799,29.9709,30.0023,29.3122,30.0411,29.5768

79.8900,29.8949,29.4616,28.6061,29.0118,29.5902,30.0703,29.9757,30.0096,29.3129,30.0399,29.5775

80.8900,29.8966,29.4624,28.5814,28.9914,29.6059,30.0987,30.0107,29.9817,29.3075,30.0402,29.5786

81.8900,29.8943,29.4579,28.5755,28.9987,29.5797,30.0899,30.0091,30.0086,29.3012,30.0493,29.5767

82.8900,29.8883,29.4384,28.5833,29.0079,29.5949,30.0938,30.0014,29.9753,29.3026,30.0346,29.5729

83.8900,29.8746,29.4490,28.5577,28.9941,29.5694,30.1041,30.0139,30.0025,29.2890,30.0533,29.5707

84.8900,29.8686,29.4661,28.5658,28.9942,29.5883,30.0802,30.0032,29.9739,29.2966,30.0271,29.5675

85.8900,29.8803,29.4738,28.5500,28.9930,29.5789,30.1107,30.0146,29.9889,29.2952,30.0498,29.5738

86.8900,29.8918,29.4711,28.5403,28.9743,29.5871,30.0983,30.0322,30.0014,29.2929,30.0498,29.5746

87.8910,29.8740,29.4686,28.5603,28.9934,29.5829,30.0823,30.0118,30.0010,29.2958,30.0416,29.5718

88.8900,29.8667,29.4725,28.5421,28.9756,29.5892,30.0919,30.0401,29.9950,29.2892,30.0434,29.5716

89.8900,29.8577,29.4655,28.5629,28.9917,29.5629,30.1140,30.0346,29.9758,29.2882,30.0449,29.5706

90.8900,29.8501,29.4788,28.5531,28.9626,29.5778,30.1026,30.0464,29.9686,29.2845,30.0356,29.5675

91.8900,29.8829,29.4951,28.5426,28.9686,29.5593,30.0945,30.0364,29.9736,29.2897,30.0340,29.5691

92.8900,29.8660,29.4907,28.5264,28.9713,29.5650,30.1025,30.0320,29.9671,29.2839,30.0348,29.5651

93.8900,29.8464,29.4668,28.5039,28.9756,29.5529,30.0726,30.0339,29.9776,29.2691,30.0251,29.5537

94.8900,29.8392,29.4911,28.5042,28.9538,29.5471,30.0898,30.0253,29.9911,29.2671,30.0404,29.5552

95.8900,29.8401,29.6243,28.4897,28.9604,29.5358,30.0620,30.0475,30.0028,29.2900,30.0324,29.5703

96.8900,29.8302,29.7738,28.5009,28.9566,29.5179,30.0968,30.0432,29.9671,29.3159,30.0319,29.5858

97.8910,29.8225,29.8208,28.5118,28.9707,29.5238,30.0632,30.0479,29.9917,29.3299,30.0275,29.5941

98.8900,29.8265,29.8735,28.5024,28.9642,29.4987,30.0644,30.0404,29.9774,29.3330,30.0209,29.5934

99.8900,29.8180,29.8971,28.4827,28.9558,29.4902,30.0837,30.0579,30.0033,29.3288,30.0435,29.5986

100.8900,29.8128,29.8951,28.4651,28.9575,29.4986,30.0785,30.0169,29.9755,29.3258,30.0270,29.5875

101.8910,29.7981,29.9691,28.4677,28.9474,29.4674,30.0957,30.0467,29.9702,29.3299,30.0329,29.5953

102.8900,29.7858,29.9809,28.4691,28.9446,29.4913,30.0688,30.0665,29.9865,29.3343,30.0277,29.5992

103.8900,29.8137,30.0628,28.4607,28.9338,29.4567,30.0920,30.0360,29.9684,29.3455,30.0302,29.6030

104.8900,29.7994,30.0420,28.4545,28.9347,29.4650,30.0721,30.0331,30.0115,29.3391,30.0418,29.6015

105.8900,29.7715,30.0531,28.4709,28.9374,29.4973,30.0804,30.0268,29.9732,29.3460,30.0268,29.6013

106.8900,29.7815,30.1351,28.4645,28.9192,29.4913,30.0787,30.0369,29.9578,29.3583,30.0183,29.6081

107.8900,29.7650,30.1835,28.4767,28.9107,29.4635,30.0613,30.0307,29.9785,29.3599,30.0199,29.6087

108.8900,29.7803,30.2408,28.4818,28.9078,29.4774,30.0831,30.0208,29.9590,29.3776,30.0210,29.6189

109.8900,29.7592,30.2882,28.5001,28.9092,29.4521,30.0752,30.0292,29.9661,29.3817,30.0206,29.6224

110.8900,29.7732,30.2251,28.5235,28.9081,29.4783,30.0633,30.0192,29.9641,29.3816,30.0137,29.6193

111.8900,29.7739,30.3924,28.5795,28.9312,29.4625,30.0776,29.9924,29.9648,29.4279,30.0212,29.6468

112.8900,29.7546,30.5090,28.6186,28.9100,29.4540,30.0691,30.0141,29.9662,29.4493,30.0177,29.6620

113.8910,29.7445,30.6484,28.6839,28.9127,29.4679,30.1084,30.0176,29.9815,29.4915,30.0450,29.6956

114.8900,29.7400,30.7143,28.7537,28.9236,29.4625,30.0710,30.0182,29.9596,29.5188,30.0153,29.7054

115.8900,29.7341,31.0906,28.7791,28.8959,29.4529,30.0689,30.0173,29.9660,29.5905,30.0174,29.7506

116.8900,29.7357,31.3255,28.8291,28.8987,29.4624,30.0686,30.0146,29.9586,29.6503,30.0136,29.7867

117.8900,29.7302,31.6132,28.8972,28.8967,29.4339,30.0740,30.0107,29.9503,29.7142,30.0121,29.8258

118.8900,29.7095,31.4987,28.9623,28.9044,29.4532,30.0787,30.0136,29.9442,29.7056,30.0114,29.8206

119.8900,29.7164,31.7931,28.9736,28.9200,29.4380,30.0550,29.9949,29.9558,29.7682,30.0054,29.8558

120.8900,29.7278,31.7931,29.0452,28.9096,29.4249,30.0922,30.0113,29.9573,29.7801,30.0247,29.8702

121.8900,29.6797,31.7642,29.0260,28.9046,29.4450,30.0898,29.9908,29.9459,29.7639,30.0178,29.8558

122.8900,29.6843,32.2335,29.0609,28.9108,29.4491,30.0642,30.0101,29.9509,29.8677,30.0076,29.9205

123.8900,29.6886,33.4245,29.0538,28.9197,29.4661,30.0742,29.9880,29.9679,30.1106,30.0211,30.0729

124.8900,29.6701,33.4452,29.0543,28.9235,29.4654,30.0702,30.0092,29.9649,30.1117,30.0176,30.0754

125.8900,29.6610,33.7558,29.0769,28.9009,29.4649,30.0640,29.9941,29.9540,30.1719,30.0090,30.1089

126.8900,29.6537,34.1587,29.0553,28.9070,29.4609,30.0642,29.9584,29.9669,30.2471,30.0156,30.1531

127.8900,29.6572,34.0007,29.0927,28.8993,29.4526,30.0757,29.9817,29.9535,30.2205,30.0146,30.1392

128.8900,29.6364,34.2692,29.0910,28.9141,29.4539,30.0667,29.9589,29.9524,30.2729,30.0096,30.1678

129.8900,29.6368,34.3660,29.1073,28.9182,29.4646,30.0774,29.9728,29.9518,30.2986,30.0146,30.1869

130.8900,29.6452,34.5894,29.0952,28.9037,29.4923,30.0590,29.9767,29.9607,30.3452,30.0099,30.2153

131.8900,29.6267,34.7329,29.1143,28.9077,29.5387,30.0852,29.9624,29.9639,30.3841,30.0245,30.2415

132.8910,29.6405,35.2861,29.1511,28.8786,29.5770,30.0670,29.9521,29.9481,30.5067,30.0075,30.3126

133.8900,29.6399,35.5047,29.1700,28.9206,29.6474,30.0518,29.9226,29.9389,30.5765,29.9954,30.3495

134.8900,29.6220,35.9502,29.1491,28.8922,29.6535,30.0622,29.9365,29.9681,30.6534,30.0151,30.4042

135.8900,29.6328,36.1783,29.1317,28.9063,29.6977,30.0433,29.9427,29.9690,30.7094,30.0062,30.4377

136.8900,29.6240,36.3191,29.1526,28.9003,29.7124,30.0227,29.9503,29.9414,30.7417,29.9821,30.4528

137.8910,29.6103,35.8557,29.1567,28.9087,29.7392,30.0298,29.9300,29.9442,30.6541,29.9870,30.3968

138.8900,29.6112,35.8367,29.1672,28.9065,29.7589,30.0335,29.9560,29.9602,30.6561,29.9968,30.4038

139.8900,29.6236,35.9012,29.1704,28.9040,29.7384,30.0431,29.9178,29.9730,30.6675,30.0081,30.4090

140.8900,29.6224,35.9466,29.1611,28.8915,29.7832,30.0479,29.9217,29.9798,30.6810,30.0139,30.4193

141.8900,29.5987,36.4619,29.1363,28.9128,29.7690,30.0380,29.9364,29.9684,30.7758,30.0032,30.4777

142.8900,29.6083,36.6648,29.1595,28.9133,29.7743,30.0451,29.9144,29.9610,30.8240,30.0031,30.5051

143.8900,29.5979,36.5944,29.1676,28.9046,29.7841,30.0065,29.9245,29.9459,30.8097,29.9762,30.4907

144.8900,29.5668,36.5248,29.1808,28.9216,29.8095,30.0253,29.9029,29.9464,30.8007,29.9858,30.4848

145.8900,29.5789,36.3541,29.1874,28.9022,29.8032,30.0238,29.9145,29.9514,30.7652,29.9876,30.4644

146.8910,29.5766,36.4758,29.1894,28.9221,29.8108,30.0262,29.9119,29.9613,30.7949,29.9937,30.4842

147.8900,29.5716,36.6485,29.1854,28.9308,29.8209,30.0212,29.9098,29.9516,30.8314,29.9864,30.5050

148.8900,29.5866,36.5185,29.1900,28.9119,29.8406,30.0273,29.9069,29.9417,30.8095,29.9845,30.4904

149.8900,29.5684,36.6341,29.1718,28.9200,29.8289,29.9921,29.9404,29.9517,30.8246,29.9719,30.5009

150.8900,29.5515,36.6146,29.1832,28.9150,29.8332,30.0072,29.9189,29.9451,30.8195,29.9762,30.4961

151.8910,29.5725,36.4600,29.2060,28.9020,29.8344,30.0206,29.9247,29.9487,30.7950,29.9847,30.4836

152.8900,29.5704,36.3682,29.1916,28.9248,29.8437,30.0134,29.9277,29.9344,30.7797,29.9739,30.4718

153.8900,29.5512,36.3548,29.2045,28.9146,29.8757,30.0337,29.9236,29.9411,30.7801,29.9874,30.4749

154.8900,29.5678,36.4195,29.1996,28.9069,29.8608,30.0136,29.9328,29.9262,30.7909,29.9699,30.4784

155.8900,29.5573,36.5591,29.2149,28.9001,29.8400,30.0036,29.9496,29.9608,30.8143,29.9822,30.4982

156.8900,29.5345,36.4145,29.2203,28.9328,29.8614,30.0147,29.9649,29.9554,30.7927,29.9851,30.4873

157.8900,29.5717,36.4489,29.1971,28.9034,29.8558,30.0246,29.9826,29.9658,30.7954,29.9952,30.4937

158.8900,29.5539,36.6419,29.2305,28.9077,29.8676,29.9889,29.9615,29.9484,30.8403,29.9686,30.5125

159.8900,29.5464,36.6363,29.2150,28.9270,29.8648,29.9927,29.9671,29.9466,30.8379,29.9697,30.5120

160.8900,29.5346,36.5635,29.2236,28.9276,29.8741,29.9959,29.9644,29.9432,30.8247,29.9696,30.5034

161.8900,29.5317,36.5776,29.2227,28.9281,29.8708,30.0095,29.9823,29.9583,30.8262,29.9839,30.5101

162.8900,29.5295,36.5476,29.2367,28.9162,29.8784,29.9997,29.9747,29.9254,30.8217,29.9626,30.5010

163.8900,29.5130,36.6714,29.2296,28.9176,29.8700,29.9988,29.9765,29.9471,30.8403,29.9730,30.5155

164.8900,29.5334,36.4259,29.2374,28.9325,29.8974,29.9929,29.9956,29.9289,30.8053,29.9609,30.4930

165.8900,29.5096,36.5675,29.2130,28.9274,29.8933,30.0076,30.0056,29.9559,30.8222,29.9817,30.5100

166.8900,29.5025,36.7353,29.2216,28.9232,29.9037,29.9775,29.9995,29.9686,30.8573,29.9730,30.5290

167.8900,29.5175,36.8424,29.2329,28.9129,29.8862,29.9605,30.0663,29.9379,30.8784,29.9492,30.5446

168.8900,29.4874,36.8570,29.2251,28.9451,29.8891,29.9822,30.1220,29.9281,30.8807,29.9551,30.5545

169.8900,29.4994,36.6199,29.2225,28.9030,29.8883,29.9565,30.1208,29.9448,30.8266,29.9506,30.5194

170.8900,29.4833,36.7762,29.2185,28.9277,29.8939,30.0025,30.1530,29.9428,30.8600,29.9727,30.5498

171.8900,29.4939,36.7690,29.2136,28.9412,29.8918,29.9802,30.1721,29.9487,30.8619,29.9644,30.5513

172.8900,29.4725,36.8314,29.2153,28.9414,29.8967,29.9832,30.1573,29.9578,30.8714,29.9705,30.5569

173.8900,29.4798,36.8449,29.2266,28.9372,29.9040,29.9830,30.2067,29.9444,30.8785,29.9637,30.5658

174.8900,29.4468,36.7522,29.2291,28.9388,29.9062,29.9838,30.2059,29.9533,30.8546,29.9686,30.5520

175.8900,29.4529,36.6829,29.2266,28.9160,29.9081,29.9594,30.3049,29.9565,30.8373,29.9580,30.5509

176.8900,29.4423,36.7390,29.2436,28.9594,29.9069,29.9934,30.3708,29.9525,30.8582,29.9730,30.5760

177.8900,29.4456,36.7584,29.2439,28.9441,29.8914,29.9803,30.4392,29.9507,30.8567,29.9655,30.5817

178.8910,29.4568,36.8922,29.2323,28.9541,29.9069,29.9657,30.4849,29.9375,30.8885,29.9516,30.6038

179.8900,29.4377,36.9008,29.2231,28.9600,29.8963,29.9738,30.5538,29.9536,30.8836,29.9637,30.6124

180.8900,29.4500,36.9661,29.2399,28.9566,29.8987,29.9659,30.6415,29.9683,30.9023,29.9671,30.6359

181.8900,29.4355,37.0683,29.2445,28.9791,29.9039,29.9862,30.7345,29.9378,30.9263,29.9620,30.6612

182.8900,29.4154,37.0128,29.2093,28.9538,29.8735,29.9558,30.8102,29.9473,30.8929,29.9515,30.6472

183.8900,29.4137,37.0103,29.1955,28.9823,29.9099,29.9710,30.8444,29.9489,30.9024,29.9600,30.6595

184.8900,29.4191,37.0763,29.2093,28.9702,29.8974,29.9609,30.8891,29.9519,30.9145,29.9564,30.6718

185.8900,29.4056,36.9684,29.2271,29.0064,29.8956,29.9713,30.9854,29.9535,30.9006,29.9624,30.6767

186.8900,29.4062,37.0081,29.1905,28.9901,29.8902,29.9565,31.1142,29.9480,30.8970,29.9522,30.6880

187.8900,29.4053,37.0312,29.2039,29.0076,29.8963,29.9536,31.2425,29.9551,30.9089,29.9544,30.7119

188.8900,29.3976,36.9076,29.1932,29.0158,29.9023,29.9648,31.3850,29.9639,30.8833,29.9643,30.7163

189.8900,29.3903,36.8815,29.2051,29.0338,29.8912,29.9523,31.4456,29.9594,30.8804,29.9558,30.7199

190.8900,29.3676,37.1854,29.1889,29.0332,29.9009,29.9466,31.5352,29.9550,30.9352,29.9508,30.7641

191.8900,29.3748,37.3663,29.1881,29.0343,29.8832,29.9439,31.6264,29.9312,30.9693,29.9375,30.7935

192.8900,29.3629,37.4727,29.1984,29.0347,29.8943,29.9559,31.6747,29.9592,30.9926,29.9576,30.8191

193.8900,29.3531,37.3449,29.2131,29.0753,29.8907,29.9561,31.6669,29.9354,30.9754,29.9458,30.8044

194.8910,29.3697,37.3240,29.1944,29.0466,29.9040,29.9538,31.7463,29.9562,30.9677,29.9550,30.8119

195.8900,29.3571,37.3501,29.2005,29.0654,29.8951,29.9365,31.8598,29.9356,30.9736,29.9360,30.8250

196.8900,29.3776,37.1399,29.1915,29.0645,29.8874,29.9457,31.9405,29.9438,30.9322,29.9448,30.8114

197.8900,29.3834,37.0589,29.1974,29.0755,29.9120,29.9308,32.0102,29.9445,30.9254,29.9376,30.8141

198.8900,29.3993,37.2464,29.2043,29.0998,29.9063,29.9467,32.0963,29.9364,30.9712,29.9416,30.8544

199.8900,29.3929,37.3043,29.1911,29.1181,29.8915,29.9183,32.1414,29.9752,30.9796,29.9467,30.8666

200.8900,29.3844,37.1612,29.1965,29.1005,29.8910,29.9380,32.2200,29.9483,30.9467,29.9432,30.8550

201.8900,29.3895,37.2169,29.1792,29.1119,29.8970,29.9238,32.2530,29.9567,30.9589,29.9402,30.8660

202.8900,29.3968,37.2985,29.1749,29.1132,29.8779,29.9259,32.2336,29.9574,30.9723,29.9416,30.8723

203.8900,29.3696,37.3447,29.2073,29.1325,29.8903,29.9298,32.2284,29.9519,30.9889,29.9408,30.8818

204.8900,29.4090,37.5736,29.1853,29.1481,29.8930,29.9245,32.3505,29.9734,31.0418,29.9489,30.9322

205.8910,29.3905,37.6835,29.1817,29.1361,29.9050,29.9374,32.4478,29.9722,31.0593,29.9548,30.9568

206.8900,29.3893,37.6773,29.1614,29.1830,29.8799,29.9189,32.5326,29.9631,31.0582,29.9410,30.9632

207.8900,29.4005,37.7064,29.1691,29.1926,29.8962,29.9324,32.5773,29.9564,31.0729,29.9444,30.9789

208.8900,29.4278,37.5638,29.1802,29.1693,29.8695,29.9198,32.6339,29.9452,31.0421,29.9325,30.9637

209.8910,29.4300,37.5836,29.1742,29.2006,29.8909,29.9087,32.6753,29.9388,31.0559,29.9238,30.9753

210.8900,29.4102,37.6271,29.1686,29.2194,29.8862,29.9266,32.7677,29.9520,31.0623,29.9393,30.9947

211.8900,29.4297,37.6547,29.1701,29.2289,29.8784,29.9250,32.8545,29.9635,31.0723,29.9442,31.0131

212.8900,29.4556,37.6126,29.1315,29.2397,29.8704,29.9085,32.9263,29.9626,31.0620,29.9356,31.0134

213.8900,29.4578,37.5806,29.1457,29.2417,29.8938,29.9036,32.9648,29.9605,31.0639,29.9321,31.0186

214.8900,29.4500,37.5898,29.1503,29.2458,29.8972,29.9062,32.9403,29.9696,31.0666,29.9379,31.0186

215.8900,29.4801,37.6519,29.1277,29.2557,29.9024,29.8892,33.0214,29.9678,31.0836,29.9285,31.0370

216.8900,29.5029,37.6730,29.1584,29.2761,29.9003,29.9139,33.0886,29.9727,31.1021,29.9433,31.0607

217.8900,29.5086,37.5899,29.1650,29.2714,29.8924,29.9098,33.1214,29.9681,31.0855,29.9389,31.0533

218.8910,29.5337,37.7100,29.1444,29.3020,29.8798,29.9043,33.2078,29.9603,31.1140,29.9323,31.0803

219.8900,29.5879,37.8369,29.1650,29.3133,29.8907,29.9170,33.2682,29.9514,31.1587,29.9342,31.1163

220.8900,29.6331,37.8963,29.1681,29.3233,29.8776,29.8997,33.3611,29.9599,31.1797,29.9298,31.1399

221.8900,29.6676,38.0468,29.1447,29.3231,29.8633,29.8952,33.3717,29.9709,31.2091,29.9331,31.1604

222.8900,29.7515,38.0849,29.1304,29.3337,29.9048,29.8710,33.3349,29.9725,31.2411,29.9218,31.1730

223.8900,29.7835,37.9513,29.1543,29.3745,29.8846,29.8987,33.3517,29.9687,31.2297,29.9337,31.1709

224.8900,29.8585,37.9115,29.1490,29.3842,29.8853,29.9182,33.3890,29.9868,31.2377,29.9525,31.1853

225.8900,29.9486,37.9439,29.1543,29.3938,29.9152,29.9138,33.4281,29.9702,31.2712,29.9420,31.2085

226.8900,30.0433,37.8102,29.1598,29.4040,29.8783,29.9042,33.4640,29.9540,31.2591,29.9291,31.2022

227.8900,30.0890,37.8422,29.1592,29.4147,29.8962,29.8948,33.4090,29.9837,31.2803,29.9393,31.2111

228.8910,30.1944,37.9190,29.1834,29.4219,29.8822,29.9100,33.4594,29.9612,31.3202,29.9356,31.2414

229.8900,30.2809,37.8309,29.2023,29.4243,29.9072,29.8700,33.5466,29.9683,31.3291,29.9191,31.2538

230.8900,30.3602,37.8891,29.2007,29.4670,29.8778,29.9079,33.6196,29.9629,31.3590,29.9354,31.2856

231.8900,30.4728,37.8542,29.1905,29.4746,29.8730,29.8951,33.5841,29.9515,31.3730,29.9233,31.2870

232.8900,30.5533,38.0083,29.1746,29.4767,29.8929,29.8966,33.5650,29.9507,31.4212,29.9237,31.3148

233.8900,30.6522,37.9215,29.2057,29.4710,29.8748,29.8879,33.6250,29.9754,31.4250,29.9317,31.3267

234.8900,30.7317,37.9160,29.1691,29.5017,29.8824,29.8800,33.7019,29.9637,31.4402,29.9219,31.3433

235.8900,30.8069,37.8826,29.2009,29.5019,29.8626,29.8946,33.7040,29.9421,31.4510,29.9183,31.3495

236.8900,30.9085,37.7474,29.1788,29.5237,29.8717,29.8665,33.6718,29.9737,31.4460,29.9201,31.3428

237.8900,30.9888,37.7549,29.2119,29.5346,29.8665,29.8792,33.7487,29.9671,31.4713,29.9232,31.3690

238.8900,31.0732,37.7460,29.2061,29.5349,29.8603,29.8734,33.8339,29.9628,31.4841,29.9181,31.3863

239.8910,31.1561,37.9156,29.2176,29.5596,29.8685,29.8732,33.8968,29.9757,31.5435,29.9244,31.4329

240.8900,31.2329,38.0845,29.2058,29.5562,29.8805,29.8612,33.8654,29.9774,31.5920,29.9193,31.4580

241.8900,31.3085,38.2842,29.2001,29.6118,29.8621,29.8744,33.8284,29.9684,31.6533,29.9214,31.4922

242.8900,31.4171,38.3285,29.1894,29.5906,29.8613,29.8566,33.8697,29.9661,31.6774,29.9114,31.5099

243.8900,31.5092,38.2765,29.2060,29.5965,29.8722,29.8520,33.8450,29.9705,31.6921,29.9112,31.5160

244.8900,31.5907,38.3228,29.1841,29.6169,29.8762,29.8969,33.8813,29.9877,31.7181,29.9423,31.5446

245.8900,31.6793,38.3026,29.1891,29.6247,29.8521,29.8761,33.9425,29.9419,31.7296,29.9090,31.5510

246.8900,31.7849,38.2208,29.2129,29.6287,29.8724,29.8601,34.0041,29.9786,31.7439,29.9194,31.5703

247.8900,31.8879,38.3184,29.2008,29.6552,29.8956,29.8636,34.0815,29.9915,31.7916,29.9275,31.6118

248.8900,31.9795,38.5060,29.1985,29.6609,29.8835,29.8666,34.1382,29.9743,31.8457,29.9204,31.6509

249.8900,32.0654,38.4673,29.1990,29.6369,29.8661,29.8689,34.1340,29.9775,31.8469,29.9232,31.6519

250.8900,32.1808,38.5594,29.2011,29.6743,29.8746,29.8586,34.1137,29.9700,31.8980,29.9143,31.6791

251.8900,32.2436,38.5366,29.2185,29.6621,29.8622,29.8392,34.0584,29.9821,31.9046,29.9107,31.6753

252.8900,32.3673,38.5191,29.2357,29.6831,29.8442,29.8964,34.0053,29.9768,31.9299,29.9366,31.6910

253.8900,32.4444,38.4398,29.2281,29.6849,29.8769,29.8778,34.0169,29.9742,31.9348,29.9260,31.6929

254.8900,32.5393,38.3660,29.2445,29.6998,29.8525,29.8657,34.0206,29.9861,31.9404,29.9259,31.6968

255.8900,32.5932,38.4094,29.2413,29.7169,29.8614,29.8882,34.0717,29.9860,31.9645,29.9371,31.7210

256.8900,32.6695,38.4756,29.2299,29.7205,29.8721,29.8693,34.1349,29.9676,31.9935,29.9184,31.7424

257.8900,32.7671,38.3766,29.2623,29.7331,29.8712,29.8773,34.1680,29.9799,32.0021,29.9286,31.7545

258.8900,32.8159,38.3212,29.2963,29.7304,29.8628,29.8675,34.2417,29.9700,32.0053,29.9187,31.7632

259.8900,32.9074,38.3887,29.2797,29.7454,29.8520,29.8656,34.2916,29.9823,32.0346,29.9240,31.7891

260.8900,32.9786,38.5428,29.2789,29.7564,29.8633,29.8727,34.3429,29.9907,32.0840,29.9317,31.8283

261.8900,33.0705,38.6073,29.3360,29.7541,29.8482,29.8553,34.3022,29.9747,32.1232,29.9150,31.8435

262.8900,33.1530,38.6030,29.3269,29.7526,29.8397,29.8458,34.2347,29.9784,32.1350,29.9121,31.8418

263.8900,33.1986,38.6141,29.3042,29.7925,29.8582,29.8465,34.2056,29.9612,32.1535,29.9038,31.8476

264.8900,33.2873,38.4939,29.3242,29.7734,29.8592,29.8404,34.2502,29.9932,32.1476,29.9168,31.8527

265.8900,33.3678,38.5871,29.2977,29.7681,29.8473,29.8511,34.3410,29.9696,32.1736,29.9104,31.8787

266.8900,33.4483,38.5669,29.2675,29.7844,29.8571,29.8312,34.4078,29.9789,32.1848,29.9051,31.8928

267.8900,33.5102,38.6944,29.3617,29.8020,29.8553,29.8398,34.4407,29.9851,32.2447,29.9124,31.9361

268.8900,33.5912,38.6263,29.3462,29.8010,29.8623,29.8496,34.4894,29.9676,32.2454,29.9086,31.9417

269.8900,33.6475,38.6830,29.3921,29.8102,29.8666,29.8379,34.4639,29.9780,32.2799,29.9080,31.9599

270.8900,33.7111,38.7779,29.4201,29.8062,29.8726,29.8430,34.4220,29.9746,32.3176,29.9088,31.9784

271.8900,33.7701,38.8337,29.4364,29.8183,29.8683,29.8194,34.4682,29.9798,32.3453,29.8996,31.9993

272.8910,33.8240,38.7231,29.4499,29.8121,29.8731,29.8359,34.5196,30.0052,32.3365,29.9206,32.0054

273.8900,33.8830,38.6711,29.4172,29.7996,29.8598,29.8340,34.4651,29.9666,32.3262,29.9003,31.9870

274.8900,33.9571,38.7766,29.4780,29.8242,29.8525,29.8454,34.4544,29.9615,32.3777,29.9035,32.0187

275.8910,34.0065,38.7779,29.4154,29.8241,29.8644,29.8348,34.4955,29.9923,32.3776,29.9135,32.0263

276.8900,34.0474,38.9772,29.4136,29.8350,29.8627,29.8415,34.4765,29.9802,32.4272,29.9109,32.0543

277.8900,34.0963,38.9502,29.4556,29.8398,29.8271,29.8107,34.5285,29.9640,32.4338,29.8873,32.0590

278.8900,34.1381,39.0192,29.4363,29.8309,29.8531,29.8192,34.5538,29.9716,32.4555,29.8954,32.0778

279.8900,34.1971,39.0083,29.4884,29.8303,29.8517,29.8272,34.6150,29.9735,32.4752,29.9003,32.0989

280.8900,34.2399,38.9637,29.5233,29.8403,29.8401,29.8359,34.5439,29.9765,32.4814,29.9062,32.0954

281.8900,34.3030,39.0280,29.5321,29.8444,29.8217,29.8170,34.5228,29.9599,32.5058,29.8885,32.1036

282.8900,34.3608,38.9903,29.5016,29.8459,29.8247,29.8157,34.4840,29.9794,32.5047,29.8975,32.1003

283.8900,34.3806,38.8778,29.5199,29.8613,29.8361,29.8211,34.4881,29.9603,32.4952,29.8907,32.0932

284.8910,34.4439,38.9770,29.5339,29.8387,29.8418,29.8225,34.5044,29.9772,32.5270,29.8999,32.1174

285.8900,34.4793,39.0014,29.5387,29.8482,29.8557,29.8016,34.5391,29.9643,32.5446,29.8830,32.1285

286.8900,34.5247,38.9948,29.5970,29.8096,29.8425,29.8336,34.5794,29.9723,32.5537,29.9030,32.1442

287.8900,34.5721,38.9627,29.6319,29.8402,29.8263,29.8126,34.5654,29.9688,32.5667,29.8907,32.1475

288.8900,34.6176,39.1602,29.6684,29.8086,29.8282,29.8018,34.5751,29.9885,32.6166,29.8952,32.1811

289.8900,34.6712,39.2509,29.6907,29.8101,29.8261,29.8035,34.6193,29.9756,32.6498,29.8896,32.2059

290.8910,34.7100,39.1265,29.6551,29.8079,29.8307,29.8002,34.6700,29.9666,32.6261,29.8834,32.1959

291.8900,34.7514,39.1684,29.6564,29.8248,29.8178,29.8187,34.6652,29.9593,32.6437,29.8890,32.2077

292.8900,34.7978,39.0481,29.6155,29.8243,29.8277,29.8004,34.6825,29.9857,32.6227,29.8931,32.1977

293.8900,34.8645,39.1247,29.6565,29.8192,29.8435,29.7880,34.7383,29.9606,32.6617,29.8743,32.2244

294.8900,34.8876,39.0967,29.7238,29.8169,29.8136,29.7877,34.7931,29.9843,32.6677,29.8860,32.2380

295.8900,34.9239,39.2234,29.7161,29.8069,29.8157,29.8167,34.8271,29.9719,32.6972,29.8943,32.2627

296.8900,34.9553,39.3399,29.7326,29.8003,29.8214,29.8030,34.8318,29.9648,32.7299,29.8839,32.2811

297.8900,35.0202,39.1911,29.6798,29.8030,29.8090,29.8161,34.8162,29.9534,32.7006,29.8847,32.2611

298.8900,35.0383,39.0904,29.6911,29.7988,29.8173,29.8206,34.7423,29.9847,32.6872,29.9026,32.2479

299.8900,35.0881,39.0452,29.7565,29.8124,29.8204,29.8242,34.7905,29.9695,32.7045,29.8968,32.2633

300.8900,35.1402,39.1395,29.7773,29.7985,29.8205,29.8238,34.8454,29.9668,32.7352,29.8953,32.2890

301.8900,35.1506,39.3472,29.7940,29.7954,29.8188,29.8253,34.8967,29.9617,32.7812,29.8935,32.3237

302.8900,35.1620,39.4756,29.8389,29.8055,29.8142,29.8269,34.9413,29.9765,32.8192,29.9017,32.3551

303.8900,35.2262,39.3655,29.7748,29.8275,29.7960,29.8383,34.8818,29.9826,32.7980,29.9105,32.3366

304.8900,35.2574,39.2723,29.7335,29.8209,29.8199,29.8387,34.8065,29.9858,32.7808,29.9123,32.3169

305.8900,35.2679,39.1789,29.8048,29.8199,29.8021,29.8355,34.8373,29.9709,32.7747,29.9032,32.3147

306.8900,35.3125,39.2197,29.7881,29.8248,29.8080,29.8272,34.8375,29.9707,32.7906,29.8990,32.3236

307.8900,35.3258,39.3662,29.7747,29.8245,29.8255,29.8490,34.8891,29.9666,32.8233,29.9078,32.3527

308.8900,35.3718,39.3655,29.8558,29.8224,29.8130,29.8365,34.9404,29.9964,32.8457,29.9165,32.3752

309.8900,35.4110,39.3830,29.8545,29.8019,29.8058,29.8684,34.9471,29.9685,32.8512,29.9184,32.3800

310.8900,35.4597,39.4192,29.7966,29.8018,29.8332,29.8751,34.9671,30.0082,32.8621,29.9416,32.3951

311.8900,35.4836,39.5441,29.8587,29.8145,29.8026,29.8737,35.0064,29.9912,32.9007,29.9324,32.4218

312.8900,35.5137,39.5589,29.8896,29.8026,29.8235,29.8757,35.0372,29.9914,32.9177,29.9335,32.4366

313.8900,35.5471,39.5408,29.8445,29.7965,29.8336,29.8759,35.0134,29.9803,32.9125,29.9281,32.4290

314.8900,35.5918,39.6034,29.8992,29.8240,29.8287,29.8912,35.0075,29.9923,32.9494,29.9418,32.4548

315.8910,35.5918,39.6898,29.9770,29.8157,29.8264,29.9124,35.0516,29.9848,32.9801,29.9486,32.4812

316.8900,35.6352,39.7252,29.9370,29.8114,29.8408,29.8907,35.1199,29.9687,32.9899,29.9297,32.4911

317.8900,35.6649,39.7144,29.8640,29.8189,29.8378,29.9093,35.1503,29.9817,32.9800,29.9455,32.4927

318.8900,35.6910,39.6722,29.9662,29.8271,29.8424,29.9157,35.1944,29.9877,32.9998,29.9517,32.5121

319.8900,35.7291,39.7047,29.9135,29.8129,29.8713,29.9578,35.2079,30.0039,33.0063,29.9808,32.5251

320.8900,35.7677,39.7133,29.9885,29.8333,29.8377,29.9613,35.2212,29.9966,33.0281,29.9790,32.5399

321.8900,35.7792,39.6552,29.9345,29.8457,29.8521,29.9607,35.2288,29.9861,33.0133,29.9734,32.5303

322.8900,35.7893,39.6381,29.9680,29.8322,29.8322,29.9652,35.1901,29.9812,33.0119,29.9732,32.5245

323.8900,35.8303,39.7208,29.9711,29.8225,29.8714,29.9697,35.1455,29.9669,33.0432,29.9683,32.5373

324.8900,35.8656,39.8002,30.0136,29.8462,29.8609,30.0085,35.1180,29.9761,33.0773,29.9923,32.5611

325.8900,35.8669,39.7984,30.0057,29.8303,29.8707,30.0066,35.1598,29.9793,33.0744,29.9930,32.5647

326.8900,35.9055,39.8532,29.9637,29.8269,29.8780,30.0055,35.1760,29.9641,33.0855,29.9848,32.5716

327.8900,35.9528,39.7074,29.9872,29.8203,29.8846,30.0050,35.1437,29.9834,33.0705,29.9942,32.5606

328.8900,35.9757,39.7684,30.0516,29.8358,29.8738,30.0412,35.0904,29.9862,33.1011,30.0137,32.5779

329.8900,35.9861,39.8732,30.0450,29.8268,29.8861,30.0488,35.0716,29.9896,33.1234,30.0192,32.5909

330.8900,36.0305,39.9472,29.9866,29.8347,29.8988,30.0662,35.1089,29.9877,33.1396,30.0270,32.6076

331.8900,36.0499,39.8025,30.0446,29.8232,29.8859,30.0933,35.1456,29.9833,33.1212,30.0383,32.6035

332.8910,36.0690,39.7157,30.0812,29.8339,29.9028,30.0739,35.1563,29.9550,33.1205,30.0145,32.5985

333.8910,36.0766,39.7481,30.0993,29.8407,29.9273,30.1041,35.1509,29.9964,33.1384,30.0503,32.6179

334.8900,36.1117,39.6481,30.0745,29.8389,29.9420,30.1272,35.2334,29.9843,33.1230,30.0557,32.6200

335.8900,36.1437,39.8481,30.1668,29.8424,29.9337,30.1354,35.2812,29.9897,33.1869,30.0626,32.6676

336.8900,36.1568,39.9188,30.0590,29.8206,29.9511,30.1603,35.2180,29.9882,33.1812,30.0743,32.6591

337.8900,36.1839,39.9349,30.0471,29.8364,29.9375,30.1613,35.2674,29.9723,33.1879,30.0668,32.6676

338.8900,36.2206,39.7790,30.0905,29.8268,29.9593,30.1657,35.2517,29.9650,33.1752,30.0653,32.6573

339.8900,36.2416,39.7524,30.2000,29.8577,29.9668,30.2028,35.2909,29.9828,33.2037,30.0928,32.6869

340.8900,36.2536,39.9338,30.2157,29.8372,29.9756,30.2003,35.3346,29.9953,33.2432,30.0978,32.7183

341.8900,36.2831,40.0517,30.2331,29.8480,29.9865,30.2197,35.4019,29.9875,33.2805,30.1036,32.7514

342.8900,36.3101,39.9950,30.2201,29.8378,29.9751,30.2403,35.4391,29.9836,33.2676,30.1119,32.7501

343.8900,36.3245,40.1190,30.2060,29.8515,29.9877,30.2472,35.4845,29.9844,33.2977,30.1158,32.7756

344.8900,36.3400,40.0377,30.2082,29.8372,30.0188,30.2863,35.4866,29.9822,33.2884,30.1343,32.7746

345.8900,36.3570,40.0560,30.1942,29.8326,30.0119,30.3038,35.5054,29.9658,33.2903,30.1348,32.7783

346.8900,36.3782,40.0695,30.2708,29.8369,30.0309,30.2772,35.4872,29.9603,33.3173,30.1188,32.7889

347.8900,36.4124,39.9578,30.2629,29.8525,30.0272,30.3318,35.4316,29.9821,33.3026,30.1570,32.7823

348.8900,36.4236,39.9092,30.2647,29.8425,30.0207,30.3333,35.4212,29.9845,33.2921,30.1589,32.7750

349.8900,36.4548,39.9569,30.2461,29.8234,30.0618,30.3683,35.4757,29.9866,33.3086,30.1775,32.7967

350.8900,36.4572,40.0518,30.2619,29.8468,30.0760,30.3839,35.4891,29.9674,33.3387,30.1757,32.8168

351.8900,36.5109,40.1026,30.2662,29.8435,30.0826,30.3952,35.5205,29.9787,33.3612,30.1870,32.8375

352.8900,36.5317,40.1891,30.1104,29.8541,30.0823,30.3973,35.5273,29.9987,33.3535,30.1980,32.8364

353.8900,36.5388,40.1361,30.1759,29.8317,30.0993,30.4166,35.5008,29.9686,33.3564,30.1926,32.8335

354.8900,36.5651,40.1729,30.1904,29.8312,30.1127,30.4267,35.4932,29.9829,33.3744,30.2048,32.8469

355.8900,36.5917,40.3719,30.3086,29.8446,30.1422,30.4511,35.4902,29.9669,33.4518,30.2090,32.8959

356.8900,36.6272,40.3637,30.2580,29.8659,30.1263,30.4605,35.4829,29.9674,33.4482,30.2139,32.8940

357.8900,36.6175,40.2841,30.2514,29.8574,30.1649,30.4972,35.4946,29.9524,33.4351,30.2248,32.8900

358.8900,36.6323,40.1379,30.3685,29.8659,30.1676,30.4994,35.5110,29.9560,33.4345,30.2277,32.8923

359.8900,36.6755,40.1169,30.3967,29.8480,30.1598,30.5274,35.5540,29.9652,33.4394,30.2463,32.9054

360.8900,36.6864,40.1247,30.3448,29.8502,30.1764,30.5505,35.6118,29.9677,33.4365,30.2591,32.9141

361.8900,36.6970,40.2192,30.2898,29.8483,30.1842,30.5785,35.6197,29.9689,33.4477,30.2737,32.9257

362.8900,36.7501,40.3242,30.3210,29.8668,30.1916,30.5761,35.5834,29.9514,33.4907,30.2638,32.9456

363.8900,36.7373,40.3142,30.3274,29.8502,30.2309,30.5801,35.5486,29.9653,33.4920,30.2727,32.9442

364.8900,36.7622,40.3750,30.3549,29.8570,30.2334,30.6197,35.5241,29.9937,33.5165,30.3067,32.9650

365.8900,36.8051,40.4394,30.3099,29.8661,30.2404,30.6352,35.5897,29.9837,33.5322,30.3094,32.9837

366.8900,36.8048,40.4681,30.3399,29.8495,30.2678,30.6381,35.6565,29.9622,33.5460,30.3002,32.9984

367.8910,36.8292,40.3966,30.3081,29.8474,30.2698,30.6369,35.7179,29.9544,33.5302,30.2956,32.9951

368.8900,36.8498,40.3811,30.4710,29.8392,30.2633,30.6853,35.7080,29.9605,33.5609,30.3229,33.0198

369.8910,36.8918,40.3920,30.4463,29.8478,30.2834,30.7045,35.7100,29.9623,33.5722,30.3334,33.0298

370.8900,36.8974,40.4600,30.3778,29.8630,30.3164,30.6956,35.7059,29.9704,33.5829,30.3330,33.0358

371.8900,36.9270,40.4387,30.4173,29.8532,30.3137,30.7188,35.6330,29.9503,33.5900,30.3345,33.0315

372.8900,36.9628,40.3421,30.3461,29.8468,30.3257,30.7378,35.6711,29.9576,33.5647,30.3477,33.0238

373.8900,36.9532,40.4492,30.3903,29.8595,30.3550,30.7564,35.7249,29.9531,33.6014,30.3547,33.0552

374.8900,36.9654,40.5101,30.4377,29.8421,30.3664,30.7762,35.7730,29.9777,33.6243,30.3769,33.0811

375.8900,37.0002,40.3554,30.3572,29.8537,30.3577,30.7778,35.8285,29.9953,33.5849,30.3866,33.0658

376.8900,37.0205,40.5371,30.4546,29.8628,30.3796,30.7813,35.8118,29.9870,33.6509,30.3842,33.1043

377.8900,37.0350,40.4715,30.4114,29.8567,30.3932,30.7992,35.8497,29.9785,33.6336,30.3888,33.0994

378.8900,37.0570,40.4348,30.5793,29.8695,30.3989,30.8180,35.8629,29.9899,33.6679,30.4039,33.1263

379.8900,37.0623,40.5119,30.5128,29.8307,30.4071,30.8690,35.8880,29.9676,33.6650,30.4183,33.1312

380.8900,37.0668,40.5215,30.5074,29.8549,30.4275,30.8377,35.9420,29.9814,33.6756,30.4096,33.1424

381.8900,37.0960,40.5486,30.5386,29.8433,30.4377,30.8550,35.9173,29.9879,33.6929,30.4214,33.1531

382.8900,37.1126,40.5107,30.6145,29.8558,30.4516,30.8759,35.8867,29.9538,33.7090,30.4148,33.1577

383.8900,37.1298,40.5955,30.5981,29.8502,30.4651,30.9096,35.9218,29.9819,33.7277,30.4457,33.1815

384.8900,37.1450,40.6528,30.5207,29.8296,30.4682,30.8995,35.9734,29.9784,33.7233,30.4390,33.1835

385.8910,37.1903,40.8070,30.4516,29.8612,30.5006,30.9286,36.0029,29.9572,33.7621,30.4429,33.2124

386.8900,37.1882,40.7445,30.4106,29.8531,30.5046,30.9360,36.0462,29.9580,33.7402,30.4470,33.2052

387.8910,37.2171,40.7540,30.4023,29.8471,30.5257,30.9650,36.0712,29.9461,33.7493,30.4556,33.2161

388.8900,37.2412,40.6673,30.4299,29.8588,30.5194,30.9733,36.0921,29.9699,33.7433,30.4716,33.2190

389.8900,37.2445,40.7397,30.4537,29.8341,30.5505,30.9550,36.0957,29.9794,33.7645,30.4672,33.2316

390.8900,37.2593,40.8338,30.5948,29.8573,30.5573,30.9948,36.0976,29.9768,33.8205,30.4858,33.2715

391.8900,37.2935,40.7916,30.6560,29.8663,30.5829,30.9850,36.0725,29.9902,33.8381,30.4876,33.2797

392.8900,37.3058,40.8304,30.6679,29.8524,30.5994,31.0279,36.0610,29.9672,33.8512,30.4976,33.2890

393.8900,37.3415,40.7635,30.5708,29.8605,30.5809,31.0089,36.0387,29.9741,33.8235,30.4915,33.2674

394.8900,37.3527,40.7296,30.5168,29.8540,30.6194,31.0338,36.0832,29.9684,33.8145,30.5011,33.2697

395.8900,37.3563,40.7812,30.6878,29.8521,30.6188,31.0331,36.0682,29.9433,33.8593,30.4882,33.2926

396.8910,37.3998,40.8074,30.6264,29.8527,30.6442,31.0511,36.0482,29.9617,33.8661,30.5064,33.2989

397.8900,37.4239,40.7957,30.6635,29.8296,30.6346,31.0607,36.0140,29.9719,33.8694,30.5163,33.2992

398.8910,37.4336,40.7257,30.6685,29.8459,30.6453,31.0836,36.0737,29.9732,33.8638,30.5284,33.3062

399.8900,37.4374,40.7107,30.7111,29.8510,30.6684,31.0884,36.0904,29.9822,33.8757,30.5353,33.3174

400.8900,37.4620,40.7975,30.7583,29.8577,30.6965,31.1145,36.0738,29.9482,33.9144,30.5314,33.3386

401.8900,37.5025,40.7878,30.6723,29.8714,30.6870,31.0971,36.0612,29.9876,33.9042,30.5423,33.3334

402.8900,37.4890,40.6989,30.6626,29.8320,30.7176,31.1192,36.0959,29.9444,33.8800,30.5318,33.3199

403.8900,37.5212,40.7819,30.7233,29.8439,30.7307,31.1197,36.1549,29.9646,33.9202,30.5421,33.3550

404.8900,37.5512,40.8249,30.7385,29.8741,30.7398,31.1419,36.1705,29.9534,33.9457,30.5477,33.3743

405.8900,37.5741,40.9049,30.8305,29.8708,30.7435,31.1625,36.1891,29.9544,33.9848,30.5585,33.4037

406.8900,37.5664,40.9328,30.6820,29.8674,30.7564,31.1764,36.2339,29.9386,33.9610,30.5575,33.3942

407.8900,37.5885,40.7273,30.6212,29.8700,30.7660,31.1554,36.2739,29.9266,33.9146,30.5410,33.3661

408.8900,37.6062,40.8483,30.8312,29.8677,30.7678,31.1849,36.2795,29.9589,33.9842,30.5719,33.4181

409.8900,37.6276,40.8104,30.6976,29.8614,30.7824,31.2089,36.2882,29.9415,33.9559,30.5752,33.4022

410.8900,37.6374,40.7908,30.6971,29.8590,30.8204,31.2333,36.2765,29.9561,33.9609,30.5947,33.4088

411.8900,37.6651,40.9692,30.7150,29.8571,30.8333,31.2433,36.2130,29.9586,34.0079,30.6010,33.4318

412.8900,37.6602,40.9465,30.7221,29.8535,30.8415,31.2365,36.1869,29.9828,34.0048,30.6096,33.4287

413.8900,37.6857,40.8548,30.8702,29.8658,30.8464,31.2616,36.1687,29.9478,34.0246,30.6047,33.4376

414.8900,37.7266,40.9879,30.7903,29.8427,30.8453,31.2742,36.2136,29.9552,34.0386,30.6147,33.4545

415.8900,37.7202,41.0742,30.9229,29.8560,30.8604,31.2479,36.2927,29.9736,34.0867,30.6108,33.4935

416.8910,37.7515,41.0793,30.8201,29.8561,30.8920,31.2748,36.2956,29.9609,34.0798,30.6178,33.4913

417.8900,37.7668,41.1339,30.8686,29.8341,30.8857,31.2681,36.2756,29.9444,34.0978,30.6062,33.4971

418.8900,37.7889,41.0250,30.7582,29.8496,30.8714,31.2660,36.2868,29.9761,34.0586,30.6210,33.4777

419.8900,37.8131,41.1044,30.7824,29.8466,30.9018,31.2893,36.2983,29.9572,34.0897,30.6232,33.4992

420.8900,37.8392,41.1466,30.8165,29.8488,30.9351,31.3202,36.3528,29.9740,34.1172,30.6471,33.5292

421.8900,37.8486,41.1456,30.7451,29.8816,30.9356,31.3217,36.3883,29.9680,34.1113,30.6448,33.5293

422.8900,37.8584,41.1988,30.8279,29.8418,30.9385,31.3264,36.4103,29.9666,34.1331,30.6465,33.5461

423.8900,37.8892,41.0798,30.9648,29.8523,30.9484,31.3232,36.4292,29.9770,34.1469,30.6501,33.5580

424.8900,37.9127,41.0723,31.0122,29.8607,30.9598,31.3421,36.4156,29.9644,34.1635,30.6533,33.5675

425.8900,37.9069,41.1180,30.8131,29.8509,30.9718,31.3847,36.3867,29.9685,34.1322,30.6766,33.5501

426.8900,37.9547,41.1783,30.7160,29.8483,30.9734,31.3637,36.3968,29.9903,34.1341,30.6770,33.5527

427.8900,37.9814,41.2335,30.7572,29.8693,30.9927,31.3694,36.3807,29.9598,34.1668,30.6646,33.5680

428.8900,37.9770,41.2809,30.8694,29.8533,31.0198,31.3772,36.4246,29.9535,34.2001,30.6653,33.5945

429.8900,38.0046,41.2718,30.9223,29.8695,31.0170,31.3965,36.4800,29.9667,34.2171,30.6816,33.6161

430.8900,38.0085,41.3391,31.0775,29.8923,31.0078,31.4028,36.5176,29.9580,34.2651,30.6804,33.6505

431.8900,38.0424,41.3326,31.0902,29.8655,31.0387,31.4238,36.5377,29.9508,34.2739,30.6873,33.6602

432.8900,38.0566,41.3821,30.9355,29.8404,31.0398,31.4066,36.5333,29.9618,34.2509,30.6842,33.6445

433.8900,38.0422,41.3222,30.8454,29.8579,31.0540,31.4109,36.5245,29.9543,34.2243,30.6826,33.6264

434.8900,38.0643,41.4368,30.7736,29.8637,31.0677,31.4430,36.5330,29.9535,34.2412,30.6982,33.6420

435.8900,38.0865,41.4789,30.7137,29.8695,31.0567,31.4526,36.5458,29.9674,34.2410,30.7100,33.6464

436.8900,38.1202,41.4240,30.8039,29.8662,31.0841,31.4687,36.5384,29.9355,34.2597,30.7021,33.6551

437.8900,38.1117,41.4336,30.9353,29.8552,31.0990,31.4709,36.5583,29.9439,34.2870,30.7074,33.6760

438.8900,38.1279,41.4801,30.8287,29.8473,31.0905,31.4690,36.5658,29.9471,34.2749,30.7081,33.6696

439.8900,38.1611,41.3481,30.9955,29.8454,31.1037,31.5047,36.5645,29.9608,34.2908,30.7328,33.6855

440.8900,38.1873,41.3496,31.0239,29.8588,31.1047,31.5025,36.5684,29.9797,34.3049,30.7411,33.6969

441.8900,38.1731,41.3627,30.9295,29.8725,31.1341,31.5060,36.5544,29.9475,34.2944,30.7268,33.6850

442.8900,38.1815,41.3721,30.9428,29.8562,31.1416,31.5060,36.5499,29.9513,34.2988,30.7286,33.6877

443.8900,38.2177,41.3272,30.9092,29.8399,31.1423,31.5330,36.5380,29.9473,34.2873,30.7402,33.6818

444.8900,38.2371,41.4361,30.9575,29.8667,31.1618,31.5394,36.5786,29.9386,34.3318,30.7390,33.7145

445.8900,38.2489,41.5624,30.9671,29.8523,31.1615,31.5503,36.6428,29.9449,34.3585,30.7476,33.7413

446.8900,38.2662,41.7027,31.0698,29.8620,31.1991,31.5386,36.6716,29.9398,34.4200,30.7392,33.7812

447.8900,38.2954,41.6186,31.0229,29.8729,31.1896,31.5558,36.7287,29.9594,34.3999,30.7576,33.7804

448.8910,38.3032,41.6483,30.9289,29.8606,31.1894,31.5472,36.7375,29.9526,34.3861,30.7499,33.7709

449.8900,38.3301,41.5374,30.9608,29.8549,31.2146,31.5729,36.7028,29.9576,34.3796,30.7653,33.7664

450.8900,38.3329,41.5188,31.0589,29.8727,31.2264,31.5842,36.7098,29.9722,34.4020,30.7782,33.7845

451.8900,38.3658,41.4625,31.1444,29.8722,31.2440,31.5994,36.6929,29.9541,34.4178,30.7768,33.7919

452.8900,38.3685,41.4614,31.1404,29.8899,31.2289,31.5871,36.7124,29.9498,34.4178,30.7685,33.7923

453.8900,38.3966,41.4780,31.0369,29.8521,31.2459,31.6051,36.7557,29.9452,34.4019,30.7752,33.7894

454.8900,38.3883,41.5813,31.0375,29.8611,31.2675,31.6159,36.7487,29.9650,34.4271,30.7904,33.8082

455.8900,38.4298,41.6177,30.9883,29.8843,31.2586,31.6107,36.7862,29.9415,34.4357,30.7761,33.8146

456.8900,38.4412,41.5626,31.0519,29.8685,31.2593,31.6274,36.8252,29.9718,34.4367,30.7996,33.8260

457.8900,38.4665,41.5642,30.8638,29.8796,31.2782,31.6266,36.8447,29.9724,34.4105,30.7995,33.8120

458.8900,38.5034,41.6565,30.9668,29.8760,31.2924,31.6323,36.8457,29.9602,34.4590,30.7963,33.8417

459.8900,38.4944,41.5115,31.0910,29.8771,31.2922,31.6645,36.8561,29.9431,34.4532,30.8038,33.8412

460.8900,38.5065,41.5253,31.0730,29.8727,31.3114,31.6588,36.8607,29.9577,34.4578,30.8082,33.8458

461.8900,38.5206,41.5619,31.0963,29.8734,31.3312,31.6514,36.9016,29.9549,34.4767,30.8032,33.8614

462.8910,38.5560,41.5656,30.9967,29.8650,31.3415,31.6739,36.8983,29.9695,34.4650,30.8217,33.8583

463.8900,38.5660,41.5997,31.0237,29.8868,31.3408,31.6873,36.8962,29.9669,34.4834,30.8271,33.8709

464.8900,38.5752,41.6208,31.0848,29.8606,31.3467,31.6914,36.8589,29.9521,34.4976,30.8217,33.8738

465.8900,38.6020,41.7480,31.1212,29.8838,31.3531,31.7244,36.8740,29.9646,34.5416,30.8445,33.9089

466.8900,38.6010,41.8750,30.9625,29.8834,31.3708,31.7220,36.9115,29.9574,34.5385,30.8397,33.9104

467.8900,38.6042,41.8443,31.0695,29.8848,31.3632,31.7177,36.9124,29.9630,34.5532,30.8403,33.9199

468.8900,38.6513,41.7426,30.9913,29.8756,31.3642,31.7295,36.9136,29.9607,34.5250,30.8451,33.9036

469.8900,38.6437,41.6674,31.1746,29.8729,31.3787,31.7125,36.8847,29.9672,34.5475,30.8398,33.9127

470.8900,38.6671,41.6636,31.2177,29.8770,31.4064,31.7684,36.8641,29.9545,34.5664,30.8615,33.9274

471.8900,38.7115,41.6981,31.0939,29.8903,31.4037,31.7417,36.8684,29.9725,34.5595,30.8571,33.9225

472.8900,38.7112,41.7863,31.1341,29.8793,31.4250,31.7804,36.8673,29.9764,34.5872,30.8784,33.9450

473.8900,38.7094,41.8055,31.2450,29.8747,31.4091,31.7649,36.8804,29.9431,34.6087,30.8540,33.9540

474.8900,38.7223,41.8075,31.2625,29.8843,31.4437,31.7714,36.8922,29.9646,34.6240,30.8680,33.9686

475.8900,38.7455,41.7844,31.2210,29.8916,31.4543,31.7698,36.9144,29.9738,34.6193,30.8718,33.9693

476.8900,38.7503,41.8855,31.3662,29.8832,31.4488,31.8051,36.9276,29.9514,34.6668,30.8783,34.0023

477.8900,38.7838,41.8454,31.2802,29.8803,31.4436,31.8107,36.9505,29.9805,34.6467,30.8956,33.9969

478.8910,38.8082,41.8475,31.2771,29.8885,31.4574,31.8024,36.9843,29.9699,34.6557,30.8861,34.0044

479.8900,38.8150,41.7569,31.1912,29.8839,31.4844,31.8074,36.9778,29.9857,34.6263,30.8965,33.9878

480.8900,38.8429,41.7330,31.2254,29.8960,31.4909,31.8270,37.0169,29.9611,34.6376,30.8940,33.9991

481.8900,38.8404,41.7744,31.1150,29.8819,31.4785,31.8348,37.0576,29.9628,34.6181,30.8988,33.9932

482.8900,38.8677,41.8206,31.1837,29.8853,31.4760,31.8562,37.1128,29.9532,34.6467,30.9047,34.0194

483.8910,38.8595,41.8266,31.2536,29.8951,31.4908,31.8386,37.1286,29.9464,34.6651,30.8925,34.0299

484.8900,38.9094,41.7064,31.1088,29.9044,31.5184,31.8517,37.1668,29.9604,34.6295,30.9060,34.0158

485.8900,38.9145,41.8125,31.1680,29.9030,31.5193,31.8559,37.1864,29.9642,34.6635,30.9101,34.0405

486.8900,38.9358,41.8193,31.3379,29.8878,31.5366,31.8647,37.1718,29.9702,34.7035,30.9174,34.0655

487.8900,38.9394,41.8385,31.2868,29.8931,31.5233,31.8645,37.1859,29.9423,34.6962,30.9034,34.0592

488.8900,38.9408,41.9825,31.1622,29.9000,31.5373,31.8734,37.1666,29.9686,34.7046,30.9210,34.0664

489.8900,38.9655,42.0038,31.2668,29.8923,31.5388,31.8739,37.2025,29.9498,34.7335,30.9119,34.0867

490.8900,38.9521,41.8941,31.3875,29.9103,31.5562,31.8867,37.1946,29.9390,34.7400,30.9129,34.0901

491.8900,38.9928,42.0323,31.2139,29.9197,31.5738,31.8859,37.1358,29.9834,34.7465,30.9347,34.0922

492.8900,39.0029,41.9753,31.0906,29.9246,31.5464,31.8900,37.1094,29.9931,34.7080,30.9416,34.0665

493.8900,39.0010,41.9447,31.0803,29.9247,31.5740,31.9105,37.1314,29.9634,34.7049,30.9370,34.0663

494.8900,39.0207,42.0106,31.2056,29.9322,31.5755,31.9158,37.1944,29.9673,34.7489,30.9416,34.1028

495.8900,39.0476,42.1177,31.0930,29.9228,31.5946,31.9115,37.1739,29.9846,34.7551,30.9480,34.1057

496.8900,39.0848,41.9659,31.1825,29.9301,31.6157,31.9395,37.1830,29.9464,34.7558,30.9430,34.1060

497.8900,39.0763,41.9861,31.2127,29.9520,31.6161,31.9268,37.1669,29.9609,34.7686,30.9438,34.1122

498.8910,39.1147,41.9536,31.1729,29.9370,31.6077,31.9490,37.1903,29.9544,34.7572,30.9517,34.1100

499.8900,39.1061,42.0460,31.1328,29.9397,31.6282,31.9521,37.2490,29.9510,34.7705,30.9515,34.1256

500.8900,39.1680,42.0433,31.1672,29.9430,31.6239,31.9520,37.2332,29.9382,34.7891,30.9451,34.1336

501.8900,39.1646,42.0674,31.4414,29.9567,31.6228,31.9575,37.2537,29.9526,34.8506,30.9550,34.1771

502.8900,39.1663,42.0943,31.3290,29.9462,31.6386,31.9540,37.2055,29.9600,34.8349,30.9570,34.1617

503.8900,39.1879,41.8580,31.2097,29.9551,31.6490,31.9856,37.2344,29.9601,34.7719,30.9728,34.1300

504.8900,39.2100,41.8836,31.1487,29.9551,31.6662,31.9741,37.2811,29.9772,34.7727,30.9757,34.1370

505.8900,39.2539,41.9281,31.1546,29.9667,31.6728,32.0018,37.3244,29.9566,34.7952,30.9792,34.1574

506.8900,39.2078,42.0456,31.2076,29.9726,31.6668,32.0052,37.3518,29.9826,34.8201,30.9939,34.1800

507.8900,39.2460,42.1016,31.2031,29.9630,31.6714,32.0070,37.3763,29.9519,34.8370,30.9795,34.1900

508.8900,39.2712,42.0499,31.1001,29.9600,31.6889,32.0052,37.3808,29.9506,34.8140,30.9779,34.1758

509.8900,39.2718,42.1419,31.1587,29.9783,31.6862,32.0279,37.4074,29.9874,34.8474,31.0076,34.2075

510.8900,39.3016,42.0950,31.2391,29.9704,31.7068,32.0302,37.3902,29.9667,34.8626,30.9984,34.2125

511.8900,39.3060,42.1771,31.3826,29.9688,31.7276,32.0317,37.3484,29.9692,34.9124,31.0005,34.2389

512.8900,39.3244,42.1782,31.3509,29.9864,31.7256,32.0447,37.3421,29.9653,34.9131,31.0050,34.2397

513.8900,39.3170,42.2513,31.4543,29.9748,31.7204,32.0677,37.3576,29.9592,34.9436,31.0135,34.2628

514.8900,39.3492,42.1469,31.4198,29.9684,31.7448,32.0555,37.3690,29.9789,34.9258,31.0172,34.2541

515.8900,39.3583,42.0981,31.3756,29.9796,31.7480,32.0690,37.4218,29.9783,34.9119,31.0236,34.2536

516.8900,39.3861,42.2449,31.3637,29.9677,31.7281,32.0848,37.4441,29.9791,34.9381,31.0319,34.2748

517.8900,39.3931,42.2553,31.3921,29.9961,31.7403,32.0740,37.4209,29.9720,34.9554,31.0230,34.2805

518.8900,39.4230,42.3972,31.4326,30.0038,31.7615,32.0905,37.4322,29.9744,35.0036,31.0324,34.3144

519.8900,39.4320,42.5271,31.3464,30.0158,31.7700,32.0957,37.4143,29.9830,35.0183,31.0394,34.3231

520.8900,39.4510,42.4992,31.2900,30.0298,31.7737,32.1130,37.4548,29.9725,35.0087,31.0427,34.3230

521.8910,39.4563,42.5225,31.4300,30.0177,31.7790,32.1103,37.4950,29.9840,35.0411,31.0471,34.3493

522.8900,39.4770,42.5719,31.4357,30.0126,31.7886,32.1110,37.4970,29.9866,35.0572,31.0488,34.3601

523.8900,39.5061,42.5765,31.3574,30.0314,31.7944,32.1431,37.5208,29.9670,35.0532,31.0550,34.3621

524.8900,39.5063,42.5868,31.4428,30.0211,31.8205,32.1499,37.5367,29.9602,35.0755,31.0551,34.3781

525.8900,39.5250,42.5394,31.3889,30.0381,31.8337,32.1270,37.5685,29.9795,35.0650,31.0532,34.3750

526.8900,39.5327,42.5869,31.2185,30.0401,31.8363,32.1502,37.5490,29.9695,35.0429,31.0599,34.3604

527.8900,39.5524,42.6297,31.3059,30.0368,31.8209,32.1414,37.5425,29.9874,35.0691,31.0644,34.3771

528.8900,39.5598,42.5265,31.2734,30.0391,31.8387,32.1818,37.5420,29.9705,35.0475,31.0761,34.3665

529.8900,39.5761,42.5254,31.2714,30.0620,31.8509,32.1531,37.5535,29.9854,35.0571,31.0693,34.3722

530.8910,39.6089,42.4690,31.3234,30.0534,31.8769,32.1725,37.5837,29.9777,35.0663,31.0751,34.3832

531.8900,39.6167,42.5187,31.5436,30.0557,31.8499,32.1869,37.5958,29.9629,35.1169,31.0749,34.4163

532.8900,39.6298,42.5959,31.4830,30.0726,31.8833,32.1719,37.6299,29.9653,35.1329,31.0686,34.4290

533.8900,39.6336,42.6105,31.3743,30.0728,31.8881,32.2124,37.6180,29.9452,35.1159,31.0788,34.4194

534.8900,39.6551,42.5508,31.3600,30.0553,31.8877,32.1960,37.6561,29.9650,35.1018,31.0805,34.4158

535.8900,39.6682,42.5057,31.3407,30.0825,31.8892,32.2022,37.6616,29.9740,35.0973,31.0881,34.4155

536.8900,39.6799,42.5040,31.2681,30.0935,31.8949,32.2055,37.6604,29.9759,35.0881,31.0907,34.4103

537.8900,39.6983,42.5885,31.3779,30.0840,31.8908,32.2231,37.6431,29.9639,35.1279,31.0935,34.4337

538.8900,39.7100,42.6039,31.3220,30.0910,31.8938,32.2274,37.6132,30.0016,35.1241,31.1145,34.4329

539.8900,39.7183,42.5815,31.4587,30.0863,31.9124,32.2493,37.6034,29.9761,35.1514,31.1127,34.4482

540.8900,39.7226,42.5237,31.4843,30.1101,31.9209,32.2428,37.6241,29.9682,35.1523,31.1055,34.4496

541.8900,39.7386,42.5070,31.4491,30.1036,31.9465,32.2580,37.6438,29.9773,35.1490,31.1177,34.4530

542.8900,39.7749,42.6399,31.3256,30.1172,31.9412,32.2542,37.6265,29.9744,35.1598,31.1143,34.4567

543.8900,39.7884,42.5157,31.4387,30.1086,31.9426,32.2950,37.6003,29.9881,35.1588,31.1415,34.4597

544.8900,39.7874,42.6062,31.3239,30.1127,31.9473,32.2613,37.5866,29.9641,35.1555,31.1127,34.4487

545.8900,39.8177,42.6618,31.1998,30.0900,31.9604,32.2818,37.6042,29.9734,35.1459,31.1276,34.4486

546.8900,39.8219,42.6654,31.5298,30.0987,31.9567,32.2889,37.6124,29.9734,35.2145,31.1312,34.4934

547.8900,39.8183,42.6215,31.4704,30.1235,31.9855,32.2731,37.6636,29.9708,35.2038,31.1219,34.4908

548.8900,39.8583,42.6365,31.4292,30.1161,31.9891,32.2955,37.6917,29.9514,35.2058,31.1235,34.4960

549.8900,39.8520,42.5785,31.3739,30.1058,31.9828,32.2981,37.7306,29.9597,35.1786,31.1289,34.4852

550.8900,39.8755,42.4894,31.4215,30.1234,31.9858,32.3189,37.7541,29.9791,35.1791,31.1490,34.4935

551.8900,39.9037,42.5094,31.3229,30.1069,32.0029,32.3102,37.7648,29.9648,35.1691,31.1375,34.4857

552.8900,39.9119,42.5410,31.3430,30.1398,32.0070,32.3148,37.7918,29.9689,35.1885,31.1419,34.5023

553.8900,39.9033,42.6396,31.2440,30.1441,32.0162,32.3230,37.8148,29.9653,35.1894,31.1442,34.5063

554.8900,39.9382,42.6251,31.3097,30.1553,32.0302,32.3328,37.7960,29.9723,35.2117,31.1525,34.5199

555.8900,39.9317,42.6803,31.1259,30.1439,32.0326,32.3390,37.7534,29.9992,35.1829,31.1691,34.5008

556.8900,39.9185,42.6677,31.2025,30.1472,32.0409,32.3505,37.7058,29.9624,35.1953,31.1564,34.4994

557.8900,39.9588,42.5999,31.2260,30.1650,32.0303,32.3517,37.6811,29.9664,35.1960,31.1590,34.4974

558.8900,39.9830,42.5731,31.4027,30.1460,32.0327,32.3325,37.6780,29.9786,35.2275,31.1555,34.5158

559.8900,39.9935,42.6153,31.4190,30.1609,32.0474,32.3744,37.7278,29.9600,35.2472,31.1672,34.5373

560.8900,40.0238,42.8351,31.3457,30.1599,32.0587,32.3608,37.7604,29.9778,35.2846,31.1693,34.5653

561.8900,40.0207,42.7820,31.4067,30.1575,32.0823,32.3662,37.7692,29.9677,35.2899,31.1669,34.5690

562.8900,40.0289,42.7192,31.5737,30.1733,32.0690,32.3796,37.8060,29.9793,35.3128,31.1794,34.5911

563.8900,40.0564,42.6486,31.4264,30.1452,32.0981,32.3848,37.8121,29.9751,35.2749,31.1799,34.5683

564.8900,40.0779,42.6995,31.5764,30.1723,32.0836,32.3872,37.8684,29.9667,35.3220,31.1769,34.6040

565.8910,40.0848,42.8318,31.6152,30.1927,32.1182,32.3796,37.8509,29.9839,35.3685,31.1817,34.6321

566.8900,40.0837,42.8320,31.5858,30.1840,32.1181,32.4062,37.8432,29.9800,35.3607,31.1931,34.6291

567.8900,40.1002,42.9425,31.4529,30.1736,32.1141,32.3961,37.8735,29.9671,35.3567,31.1816,34.6275

568.8900,40.1037,42.9711,31.4466,30.1852,32.1302,32.4216,37.8943,29.9720,35.3674,31.1968,34.6406

569.8900,40.0989,42.9547,31.5788,30.1982,32.1372,32.4098,37.8988,29.9771,35.3936,31.1934,34.6567

570.8900,40.1204,42.7949,31.5573,30.2096,32.1462,32.4300,37.8648,29.9574,35.3657,31.1937,34.6351

571.8900,40.1654,42.8137,31.6485,30.2228,32.1329,32.4125,37.8425,29.9868,35.3967,31.1997,34.6531

572.8900,40.1503,42.7997,31.6217,30.2322,32.1641,32.4455,37.8467,29.9847,35.3936,31.2151,34.6556

573.8900,40.1675,42.9110,31.5417,30.2432,32.1603,32.4441,37.8544,29.9889,35.4047,31.2165,34.6639

574.8910,40.1890,42.7794,31.4388,30.2507,32.1613,32.4362,37.8917,29.9786,35.3638,31.2074,34.6407

575.8910,40.1908,42.8772,31.4991,30.2580,32.1898,32.4408,37.9134,29.9823,35.4030,31.2116,34.6689

576.8910,40.2106,42.8208,31.5830,30.2686,32.1990,32.4664,37.9197,29.9878,35.4164,31.2271,34.6820

577.8900,40.2171,43.0203,31.6432,30.2542,32.1915,32.4580,37.9563,29.9798,35.4653,31.2189,34.7150

578.8900,40.2278,42.9687,31.6333,30.2678,32.1878,32.4852,37.9525,29.9962,35.4571,31.2407,34.7149

579.8900,40.2521,42.9833,31.4942,30.2577,32.2117,32.4772,37.9593,29.9732,35.4398,31.2252,34.7011

580.8900,40.2686,42.9627,31.6076,30.2838,32.1829,32.4813,37.9143,29.9928,35.4611,31.2370,34.7117

581.8900,40.2665,42.9860,31.7236,30.2637,32.1985,32.4884,37.8509,30.0023,35.4876,31.2454,34.7225

582.8900,40.2638,43.0238,31.7580,30.2813,32.2146,32.4942,37.8641,29.9870,35.5083,31.2406,34.7359

583.8900,40.2860,43.0224,31.5759,30.2878,32.2088,32.4776,37.8828,29.9750,35.4762,31.2263,34.7145

584.8900,40.2924,42.9374,31.5229,30.2916,32.2110,32.4897,37.8945,29.9735,35.4511,31.2316,34.7016

585.8900,40.3113,42.9259,31.5971,30.2997,32.2184,32.4844,37.8848,29.9790,35.4705,31.2317,34.7126

586.8900,40.3077,42.8977,31.5677,30.2895,32.2109,32.5060,37.9172,29.9762,35.4547,31.2411,34.7091

587.8900,40.3488,42.8961,31.6272,30.3255,32.2298,32.4935,37.9562,29.9867,35.4855,31.2401,34.7330

588.8900,40.3627,43.0265,31.7101,30.2929,32.2326,32.5324,38.0330,29.9975,35.5250,31.2649,34.7735

589.8900,40.3347,43.1072,31.7146,30.3435,32.2616,32.5219,38.0394,29.9884,35.5523,31.2552,34.7889

590.8900,40.3877,43.0866,31.5811,30.3372,32.2578,32.5195,38.0625,29.9766,35.5301,31.2481,34.7761

591.8900,40.3649,43.0864,31.5725,30.3441,32.2658,32.5323,38.0885,29.9988,35.5268,31.2655,34.7817

592.8900,40.3954,43.0450,31.2776,30.3704,32.2646,32.5489,38.1038,29.9820,35.4706,31.2654,34.7485

593.8900,40.4313,43.0759,31.3533,30.3654,32.2811,32.5354,38.0909,29.9784,35.5014,31.2569,34.7640

594.8900,40.4341,43.1568,31.4793,30.3533,32.2970,32.5480,38.0724,29.9835,35.5441,31.2657,34.7905

595.8910,40.4585,43.0410,31.5252,30.3762,32.2869,32.5599,38.0513,29.9813,35.5375,31.2706,34.7850

596.8900,40.4753,42.9545,31.7283,30.3643,32.2855,32.5562,38.0544,29.9875,35.5616,31.2719,34.8008

597.8900,40.4723,42.9351,31.6210,30.3518,32.2957,32.5560,38.0803,29.9755,35.5352,31.2658,34.7860

598.8900,40.4756,42.9979,31.5600,30.3810,32.2990,32.5743,38.0961,29.9977,35.5427,31.2860,34.7977

599.8900,40.4820,43.0351,31.6502,30.3918,32.3054,32.5569,38.1153,29.9858,35.5729,31.2713,34.8153

600.8900,40.5216,42.9741,31.5994,30.3795,32.3106,32.5906,38.1386,29.9914,35.5570,31.2910,34.8132

601.8900,40.5149,43.0380,31.6287,30.3806,32.3085,32.5928,38.1583,30.0044,35.5741,31.2986,34.8283

602.8900,40.5412,43.2487,31.5904,30.3687,32.3214,32.5869,38.1497,29.9882,35.6141,31.2875,34.8494

603.8900,40.5475,43.3348,31.6578,30.3722,32.3268,32.5820,38.1266,29.9988,35.6478,31.2904,34.8683

604.8900,40.5338,43.2577,31.5606,30.3872,32.3636,32.6179,38.1434,29.9779,35.6206,31.2979,34.8553

605.8900,40.5729,43.1783,31.5564,30.3990,32.3393,32.6146,38.1393,29.9840,35.6092,31.2993,34.8480

606.8900,40.5709,43.1889,31.5033,30.4205,32.3472,32.6272,38.1485,29.9787,35.6062,31.3030,34.8481

607.8900,40.5838,43.1239,31.5442,30.3980,32.3438,32.6303,38.1378,29.9758,35.5987,31.3031,34.8422

608.8900,40.5991,43.1353,31.6899,30.4213,32.3525,32.6105,38.1852,29.9855,35.6396,31.2980,34.8724

609.8900,40.5880,43.1113,31.6328,30.4299,32.3700,32.6402,38.1970,29.9551,35.6264,31.2976,34.8655

610.8900,40.6261,43.1378,31.5333,30.4375,32.3821,32.6382,38.1746,29.9752,35.6234,31.3067,34.8631

611.8900,40.6372,43.1833,31.3558,30.4557,32.3830,32.6362,38.2035,29.9732,35.6030,31.3047,34.8535

612.8900,40.6369,43.2277,31.3499,30.4748,32.3798,32.6617,38.2089,29.9823,35.6138,31.3220,34.8652

613.8910,40.6720,43.2535,31.5286,30.4769,32.3885,32.6549,38.1942,29.9844,35.6639,31.3197,34.8942

614.8900,40.6685,43.2890,31.5654,30.4696,32.4075,32.6673,38.1921,29.9743,35.6800,31.3208,34.9042

615.8900,40.7034,43.3329,31.5314,30.4895,32.4060,32.6748,38.1624,29.9968,35.6926,31.3358,34.9122

616.8900,40.7180,43.2865,31.5239,30.5070,32.4170,32.6820,38.1839,29.9698,35.6905,31.3259,34.9110

617.8900,40.7156,43.3337,31.4932,30.4932,32.4253,32.7077,38.1903,29.9899,35.6922,31.3488,34.9186

618.8910,40.7251,43.2353,31.6727,30.5172,32.4194,32.6849,38.2063,29.9990,35.7139,31.3419,34.9325

619.8900,40.7549,43.2010,31.5902,30.5263,32.4340,32.6905,38.2344,30.0023,35.7013,31.3464,34.9292

620.8900,40.7413,43.1755,31.6090,30.5278,32.4240,32.7017,38.2671,29.9857,35.6955,31.3437,34.9290

621.8900,40.7792,43.1674,31.8402,30.5482,32.4210,32.6888,38.2515,29.9775,35.7512,31.3332,34.9592

622.8900,40.7892,43.1769,31.6461,30.5414,32.4399,32.7016,38.2083,29.9650,35.7187,31.3333,34.9335

623.8900,40.7898,43.1922,31.6479,30.5639,32.4570,32.7154,38.2045,29.9637,35.7301,31.3396,34.9418

624.8900,40.8158,43.3581,31.5170,30.5762,32.4569,32.7167,38.2293,29.9754,35.7448,31.3461,34.9557

625.8900,40.8160,43.3252,31.6151,30.5917,32.4819,32.7371,38.2452,29.9760,35.7660,31.3565,34.9735

626.8910,40.8290,43.3976,31.5743,30.5715,32.4594,32.7427,38.2652,30.0023,35.7663,31.3725,34.9802

627.8900,40.8487,43.4988,31.5602,30.6100,32.5154,32.7471,38.2797,29.9706,35.8066,31.3588,35.0038

628.8900,40.8352,43.5366,31.5317,30.6022,32.4835,32.7532,38.2799,29.9819,35.7979,31.3675,35.0005

629.8900,40.8824,43.5004,31.5744,30.6054,32.4893,32.7539,38.2934,30.0159,35.8104,31.3849,35.0144

630.8900,40.8700,43.4335,31.5754,30.6097,32.4824,32.7193,38.2855,29.9892,35.7942,31.3543,34.9956

631.8910,40.8973,43.4468,31.5667,30.6104,32.4790,32.7698,38.3072,29.9764,35.8001,31.3731,35.0067

632.8900,40.9056,43.4401,31.5609,30.6224,32.5122,32.7823,38.2869,29.9753,35.8082,31.3788,35.0107

633.8900,40.9179,43.4355,31.8599,30.6366,32.4946,32.7629,38.3042,29.9977,35.8689,31.3803,35.0512

634.8900,40.9652,43.5378,31.7859,30.6386,32.5409,32.7758,38.2880,29.9890,35.8937,31.3824,35.0652

635.8900,40.9537,43.4886,31.6019,30.6462,32.5227,32.7830,38.2745,29.9835,35.8426,31.3832,35.0318

636.8900,40.9654,43.5261,31.6601,30.6545,32.5457,32.7905,38.2815,29.9953,35.8704,31.3929,35.0524

637.8910,40.9688,43.6826,31.5825,30.6761,32.5632,32.7902,38.2734,29.9823,35.8946,31.3863,35.0649

638.8900,40.9868,43.6157,31.6206,30.6897,32.5167,32.7985,38.2772,29.9935,35.8859,31.3960,35.0624

639.8900,40.9964,43.5855,31.6463,30.6718,32.5324,32.7894,38.2757,29.9909,35.8865,31.3902,35.0611

640.8900,41.0277,43.6266,31.6433,30.6843,32.5494,32.8097,38.2881,29.9741,35.9063,31.3919,35.0754

641.8900,41.0128,43.6653,31.7631,30.6764,32.5433,32.8078,38.3162,29.9699,35.9322,31.3888,35.0944

642.8900,41.0208,43.6804,31.5958,30.6884,32.5598,32.8210,38.3375,29.9610,35.9090,31.3910,35.0831

643.8900,41.0388,43.6373,31.4565,30.7111,32.5840,32.8204,38.3754,29.9632,35.8855,31.3918,35.0733

644.8900,41.0343,43.5275,31.6623,30.7015,32.5865,32.8374,38.3822,29.9798,35.9024,31.4086,35.0889

645.8900,41.0427,43.6182,31.7038,30.7228,32.5842,32.8309,38.3296,29.9803,35.9343,31.4056,35.1016

646.8900,41.0580,43.7432,31.6865,30.7186,32.5687,32.8581,38.3544,29.9972,35.9550,31.4277,35.1231

647.8900,41.0586,43.6436,31.5816,30.7174,32.5839,32.8413,38.3602,29.9997,35.9170,31.4205,35.0983

648.8900,41.0705,43.7165,31.6924,30.7522,32.6010,32.8453,38.4050,30.0004,35.9665,31.4228,35.1354

649.8900,41.1086,43.6758,31.6560,30.7477,32.6122,32.8406,38.4080,29.9834,35.9601,31.4120,35.1290

650.8900,41.1065,43.6893,31.4221,30.7444,32.6218,32.8572,38.4350,29.9935,35.9168,31.4254,35.1087

651.8910,41.1332,43.5602,31.6564,30.7510,32.6257,32.8569,38.4332,30.0012,35.9453,31.4291,35.1272

652.8900,41.1520,43.5663,31.7288,30.7558,32.6109,32.8510,38.4417,29.9728,35.9628,31.4119,35.1349

653.8900,41.1479,43.7430,31.7887,30.7795,32.6213,32.8595,38.4639,29.9992,36.0161,31.4294,35.1754

654.8900,41.1739,43.6758,31.8367,30.7783,32.6611,32.8651,38.4580,29.9676,36.0252,31.4164,35.1771

655.8900,41.1902,43.6516,31.6700,30.7810,32.6471,32.8792,38.4737,29.9968,35.9880,31.4380,35.1612

656.8900,41.2143,43.6726,31.7325,30.7849,32.6329,32.8852,38.4972,29.9882,36.0074,31.4367,35.1760

657.8900,41.2041,43.6845,31.7281,30.7861,32.6296,32.9011,38.5026,30.0042,36.0065,31.4527,35.1801

658.8900,41.2059,43.5361,31.7166,30.7633,32.6592,32.8857,38.4921,29.9807,35.9762,31.4332,35.1549

659.8900,41.2208,43.6274,31.5887,30.8045,32.6441,32.8988,38.5185,30.0042,35.9771,31.4515,35.1634

660.8910,41.2403,43.6741,31.7397,30.8160,32.6535,32.8959,38.5537,29.9811,36.0247,31.4385,35.1943

661.8910,41.2362,43.7066,31.7720,30.7986,32.6728,32.9054,38.5411,29.9741,36.0372,31.4397,35.2008

662.8900,41.2591,43.7567,31.7161,30.8342,32.6527,32.9223,38.5471,29.9902,36.0437,31.4562,35.2098

663.8900,41.2384,43.7084,31.6518,30.8248,32.6530,32.9170,38.5345,29.9858,36.0153,31.4514,35.1892

664.8900,41.2724,43.7470,31.6956,30.8395,32.6820,32.9156,38.5253,29.9839,36.0473,31.4497,35.2077

665.8900,41.2655,43.7723,31.6441,30.8406,32.6699,32.9147,38.5446,29.9943,36.0385,31.4545,35.2058

666.8900,41.2853,43.8366,31.6580,30.8371,32.6712,32.9267,38.5280,29.9988,36.0576,31.4628,35.2177

667.8900,41.2842,43.8642,31.6689,30.8251,32.7066,32.9298,38.5179,29.9887,36.0698,31.4593,35.2232

668.8900,41.3008,43.7748,31.6269,30.8478,32.7055,32.9465,38.5060,29.9933,36.0511,31.4699,35.2127

669.8900,41.3253,43.7921,31.7313,30.8311,32.7311,32.9557,38.4880,29.9960,36.0822,31.4759,35.2313

670.8900,41.3241,43.8296,31.6753,30.8338,32.7304,32.9269,38.4902,30.0107,36.0787,31.4688,35.2276

671.8900,41.3478,43.8460,31.7388,30.8559,32.7126,32.9470,38.5206,29.9994,36.1002,31.4732,35.2460

672.8900,41.3514,43.8009,31.8087,30.8437,32.7063,32.9605,38.5350,30.0148,36.1022,31.4876,35.2526

673.8900,41.3587,43.7685,31.8472,30.8635,32.7475,32.9739,38.5477,29.9860,36.1171,31.4800,35.2616

674.8900,41.3739,43.7948,31.8711,30.8869,32.7206,32.9738,38.5574,30.0037,36.1294,31.4887,35.2728

675.8900,41.3685,43.7883,31.7588,30.8831,32.7442,33.0049,38.5480,29.9968,36.1086,31.5009,35.2616

676.8900,41.3804,43.9508,31.7312,30.8732,32.7464,32.9700,38.5056,29.9901,36.1364,31.4801,35.2685

677.8900,41.3818,43.9570,31.9045,30.8955,32.7473,32.9677,38.5207,30.0013,36.1772,31.4845,35.2970

678.8900,41.3993,44.0027,31.8517,30.8957,32.7663,33.0181,38.5018,30.0157,36.1831,31.5169,35.3064

679.8910,41.3876,43.9527,31.7608,30.9170,32.7513,33.0171,38.5029,30.0011,36.1539,31.5091,35.2863

680.8900,41.4056,43.9788,31.7478,30.9208,32.7679,33.0146,38.5184,30.0075,36.1642,31.5110,35.2952

681.8900,41.4335,43.8930,31.7262,30.9073,32.7619,33.0020,38.5814,30.0183,36.1444,31.5101,35.2905

682.8900,41.4143,43.9048,31.7447,30.9197,32.7622,33.0276,38.5960,30.0149,36.1491,31.5212,35.2980

683.8900,41.4428,43.8596,31.8643,30.9464,32.7713,33.0127,38.5922,29.9934,36.1769,31.5031,35.3103

684.8900,41.4650,43.9880,31.8527,30.9413,32.8025,33.0309,38.5686,29.9923,36.2099,31.5116,35.3302

685.8900,41.4550,43.9470,31.8818,30.9587,32.8004,33.0452,38.5522,29.9878,36.2086,31.5165,35.3285

686.8900,41.4802,43.9182,31.7128,30.9483,32.8188,33.0363,38.5335,30.0001,36.1757,31.5182,35.3060

687.8900,41.4834,43.9896,31.6333,30.9745,32.8108,33.0255,38.5413,30.0090,36.1783,31.5173,35.3084

688.8900,41.5030,43.9897,31.6489,30.9722,32.8108,33.0499,38.5376,29.9954,36.1849,31.5227,35.3134

689.8900,41.5166,44.0417,31.8897,30.9760,32.8142,33.0590,38.5950,29.9927,36.2476,31.5258,35.3606

690.8900,41.5199,44.0695,31.8342,30.9792,32.8128,33.0440,38.6463,29.9989,36.2431,31.5214,35.3631

691.8900,41.5492,43.9997,31.8060,31.0002,32.8250,33.0506,38.6569,30.0022,36.2360,31.5264,35.3612

692.8900,41.5557,44.0588,31.6371,30.9867,32.8190,33.0623,38.6794,29.9839,36.2115,31.5231,35.3479

693.8900,41.5556,43.9879,31.8353,31.0141,32.8483,33.0640,38.6940,30.0015,36.2482,31.5328,35.3751

694.8900,41.5871,43.9199,31.9356,31.0120,32.8276,33.0634,38.6849,30.0033,36.2564,31.5334,35.3792

695.8900,41.5905,44.0247,31.9495,31.0245,32.8366,33.0528,38.6689,30.0190,36.2852,31.5359,35.3958

696.8900,41.5906,44.0610,31.9035,31.0335,32.8715,33.0707,38.6704,30.0106,36.2920,31.5407,35.4015

697.8900,41.6241,44.0091,32.0351,31.0402,32.8213,33.0792,38.6901,30.0036,36.3060,31.5414,35.4128

698.8900,41.6166,43.9915,32.0009,31.0413,32.8620,33.0744,38.6799,30.0204,36.3025,31.5474,35.4109

699.8900,41.6467,44.0612,31.9906,31.0488,32.8548,33.0813,38.7182,29.9991,36.3204,31.5402,35.4251

700.8900,41.6416,44.1384,31.8603,31.0644,32.8812,33.0959,38.7458,29.9931,36.3172,31.5445,35.4276

701.8900,41.6577,44.0956,31.8958,31.0437,32.8927,33.1084,38.7275,29.9934,36.3171,31.5509,35.4269

702.8900,41.6818,44.0595,31.9691,31.0677,32.8560,33.1054,38.7743,29.9979,36.3268,31.5517,35.4389

703.8900,41.6951,44.1061,31.9098,31.0637,32.8873,33.1015,38.7703,30.0077,36.3324,31.5546,35.4427

704.8900,41.6893,44.0772,31.8960,31.0946,32.8818,33.1022,38.7604,30.0017,36.3278,31.5519,35.4379

705.8900,41.7066,44.1132,31.7626,31.0775,32.8955,33.1280,38.7406,29.9891,36.3111,31.5586,35.4266

706.8900,41.6945,44.0182,31.7007,31.0838,32.8918,33.1145,38.7501,30.0103,36.2778,31.5624,35.4080

707.8900,41.7159,44.0140,31.7955,31.0974,32.8702,33.1280,38.7491,30.0131,36.2986,31.5706,35.4229

708.8900,41.7261,44.0651,31.9129,31.1176,32.9002,33.1206,38.7240,29.9807,36.3444,31.5506,35.4434

709.8900,41.7187,44.1440,31.8711,31.1255,32.8970,33.1281,38.7048,29.9976,36.3512,31.5629,35.4483

710.8900,41.7115,44.1069,31.7716,31.1209,32.9033,33.1452,38.6657,30.0087,36.3228,31.5769,35.4292

711.8900,41.7264,44.1250,31.9810,31.1162,32.8944,33.1457,38.7082,30.0040,36.3686,31.5749,35.4626

712.8900,41.7473,44.1387,31.9089,31.1503,32.9042,33.1363,38.7079,30.0021,36.3699,31.5692,35.4620

713.8900,41.7702,44.0768,31.8351,31.1261,32.9362,33.1552,38.7432,30.0069,36.3489,31.5811,35.4562

714.8900,41.7649,44.1455,31.9026,31.1373,32.9201,33.1498,38.7702,30.0091,36.3741,31.5795,35.4750

715.8900,41.7633,44.1148,31.9439,31.1688,32.9401,33.1646,38.7762,29.9821,36.3862,31.5734,35.4817

716.8900,41.7835,44.2131,31.9729,31.1691,32.9257,33.1751,38.7602,30.0072,36.4129,31.5912,35.5009

717.8900,41.7889,44.1354,31.9168,31.1765,32.9312,33.1778,38.7829,30.0169,36.3898,31.5973,35.4908

718.8900,41.8177,44.2533,31.9712,31.1576,32.9339,33.1744,38.7596,30.0008,36.4267,31.5876,35.5086

719.8900,41.8033,44.2345,31.7444,31.1884,32.9480,33.1810,38.7766,30.0168,36.3837,31.5989,35.4866

720.8900,41.8127,44.1970,31.8421,31.2139,32.9495,33.1863,38.8122,30.0095,36.4030,31.5979,35.5029

721.8900,41.8404,44.1984,31.9365,31.2262,32.9671,33.1949,38.8327,30.0144,36.4337,31.6047,35.5263

722.8900,41.8135,44.1087,31.9307,31.2077,32.9592,33.2015,38.8643,30.0187,36.4040,31.6101,35.5130

723.8900,41.8445,44.1138,31.9785,31.2199,32.9656,33.1883,38.8535,30.0166,36.4244,31.6024,35.5226

724.8900,41.8344,44.2059,31.9285,31.2511,32.9808,33.2039,38.8784,30.0286,36.4401,31.6162,35.5389

725.8900,41.8369,44.2229,31.9551,31.2275,32.9847,33.1975,38.8401,30.0141,36.4454,31.6058,35.5348

726.8900,41.8738,44.2021,32.0185,31.2369,32.9675,33.2131,38.8177,30.0321,36.4597,31.6226,35.5452

727.8900,41.8937,44.2009,31.9807,31.2460,32.9857,33.2336,38.8095,29.9926,36.4614,31.6131,35.5428

728.8900,41.8994,44.2679,31.8644,31.2480,32.9849,33.2319,38.8479,30.0219,36.4529,31.6269,35.5458

729.8900,41.9027,44.2169,31.8227,31.2584,32.9943,33.2034,38.8545,30.0280,36.4390,31.6157,35.5351

730.8900,41.9156,44.0694,32.0214,31.2694,32.9960,33.2224,38.8840,30.0213,36.4543,31.6219,35.5499

731.8900,41.9437,44.1397,32.0118,31.2743,33.0103,33.2325,38.9052,30.0225,36.4760,31.6275,35.5675

732.8900,41.9424,44.2561,32.0436,31.2812,33.0099,33.2279,38.8935,30.0239,36.5067,31.6259,35.5848

733.8900,41.9497,44.3642,31.9271,31.2859,33.0309,33.2540,38.8789,30.0341,36.5115,31.6441,35.5906

734.8900,41.9466,44.3336,31.9117,31.2850,33.0315,33.2345,38.8324,30.0056,36.5017,31.6201,35.5726

735.8900,41.9631,44.3334,32.0072,31.3247,33.0135,33.2577,38.8261,30.0313,36.5284,31.6445,35.5946

736.8900,41.9742,44.1884,32.1811,31.2996,33.0430,33.2694,38.8306,30.0308,36.5373,31.6501,35.6021

737.8900,41.9925,44.2030,32.1236,31.3097,33.0421,33.2578,38.8308,30.0177,36.5342,31.6377,35.5971

738.8900,42.0018,44.2581,32.0709,31.3095,33.0511,33.2737,38.8563,30.0083,36.5383,31.6410,35.6037

739.8900,42.0069,44.3908,32.0159,31.3325,33.0309,33.2643,38.8851,30.0121,36.5554,31.6382,35.6173

740.8900,42.0136,44.3887,32.2878,31.3346,33.0611,33.2636,38.8984,29.9972,36.6172,31.6304,35.6556

741.8900,42.0188,44.3707,32.3100,31.3422,33.0785,33.2833,38.9181,30.0325,36.6240,31.6579,35.6693

742.8900,42.0546,44.3945,32.1834,31.3522,33.0668,33.2965,38.9168,30.0011,36.6103,31.6488,35.6582

743.8900,42.0538,44.4601,32.0673,31.3641,33.0669,33.3013,38.8835,30.0265,36.6024,31.6639,35.6529

744.8910,42.0452,44.3453,32.0535,31.3625,33.0639,33.2912,38.8786,30.0122,36.5741,31.6517,35.6316

745.8900,42.0620,44.3893,31.9788,31.3460,33.0705,33.2884,38.8846,30.0292,36.5693,31.6588,35.6311

746.8900,42.0373,44.5177,32.0185,31.3618,33.0948,33.3118,38.9054,30.0372,36.6060,31.6745,35.6605

747.8900,42.0668,44.4905,32.1294,31.3441,33.0748,33.2961,38.9172,30.0368,36.6211,31.6665,35.6695

748.8900,42.1212,44.4588,32.0922,31.3604,33.0786,33.3087,38.9301,30.0364,36.6222,31.6726,35.6733

749.8900,42.1094,44.4696,32.0036,31.3676,33.0789,33.3151,38.9275,30.0165,36.6058,31.6658,35.6610

750.8900,42.1207,44.4257,32.0517,31.3894,33.0748,33.3097,38.9417,30.0289,36.6125,31.6693,35.6678

751.8900,42.1286,44.4005,32.0286,31.3925,33.0916,33.3180,38.9685,30.0453,36.6083,31.6817,35.6717

752.8900,42.1371,44.5133,31.9666,31.3963,33.1270,33.3145,38.9578,29.9998,36.6281,31.6571,35.6765

753.8900,42.1295,44.5518,32.0202,31.3973,33.1254,33.3358,38.9537,30.0293,36.6448,31.6826,35.6929

754.8900,42.1586,44.5243,31.9595,31.4145,33.1008,33.3188,38.9568,30.0319,36.6315,31.6754,35.6831

755.8910,42.1672,44.5472,32.0493,31.4536,33.0983,33.3163,38.9332,30.0077,36.6631,31.6620,35.6966

756.8900,42.1634,44.5483,32.0288,31.4181,33.1334,33.3316,38.9305,30.0189,36.6584,31.6753,35.6966

757.8900,42.1666,44.6031,32.1053,31.4243,33.1244,33.3433,38.9408,29.9991,36.6847,31.6712,35.7134

758.8900,42.1919,44.4703,32.0678,31.4346,33.1171,33.3426,38.9697,30.0036,36.6563,31.6731,35.6997

759.8900,42.1891,44.4617,31.9666,31.4648,33.1190,33.3411,39.0035,30.0242,36.6402,31.6827,35.6963

760.8910,42.2043,44.4997,32.0322,31.4595,33.1511,33.3616,39.0169,30.0174,36.6694,31.6895,35.7178

761.8900,42.1947,44.6661,32.2732,31.4575,33.1283,33.3505,39.0419,30.0111,36.7440,31.6808,35.7654

762.8900,42.2043,44.5664,32.3028,31.4693,33.1455,33.3798,39.0541,30.0095,36.7376,31.6946,35.7664

763.8900,42.2261,44.5213,32.2188,31.4575,33.1567,33.3550,39.0405,30.0052,36.7161,31.6801,35.7476

764.8900,42.2262,44.5645,32.1911,31.4805,33.1666,33.3850,39.0559,30.0109,36.7258,31.6980,35.7601

765.8900,42.2281,44.6092,32.0388,31.4915,33.1564,33.3860,39.0715,30.0335,36.7048,31.7098,35.7519

766.8900,42.2638,44.6241,31.9774,31.5000,33.1591,33.3667,39.0571,30.0282,36.7049,31.6975,35.7470

767.8900,42.2588,44.6583,32.2067,31.5064,33.1691,33.3739,39.0425,30.0171,36.7598,31.6955,35.7791

768.8900,42.2780,44.5539,32.2757,31.5168,33.1791,33.3914,39.0304,30.0018,36.7607,31.6966,35.7784

769.8900,42.2920,44.5756,32.2671,31.5556,33.1838,33.3839,39.0429,30.0361,36.7748,31.7100,35.7921

770.8900,42.3107,44.6417,32.1054,31.5252,33.1796,33.3887,39.0188,29.9962,36.7525,31.6924,35.7708

771.8900,42.3028,44.6753,32.1779,31.5279,33.1844,33.4136,39.0423,30.0099,36.7737,31.7117,35.7918

772.8900,42.3211,44.7221,32.2735,31.5625,33.1615,33.3790,39.0670,30.0129,36.8082,31.6960,35.8125

773.8900,42.3379,44.7279,32.3915,31.5519,33.1982,33.4035,39.0951,29.9975,36.8415,31.7005,35.8379

774.8900,42.3410,44.6121,32.1877,31.5653,33.2060,33.3995,39.0744,30.0010,36.7824,31.7003,35.7984

775.8900,42.3585,44.6412,32.2489,31.5844,33.1851,33.4204,39.0556,29.9862,36.8036,31.7033,35.8100

776.8900,42.3738,44.6974,32.1388,31.5643,33.2170,33.4002,39.0608,29.9932,36.7983,31.6967,35.8057

777.8900,42.3645,44.7090,32.2072,31.5816,33.2001,33.4185,39.0705,30.0022,36.8125,31.7103,35.8192

778.8900,42.3826,44.7214,32.4117,31.5773,33.2235,33.4068,39.0882,29.9815,36.8633,31.6941,35.8491

779.8900,42.4046,44.7537,32.1164,31.5893,33.2279,33.4243,39.1043,29.9967,36.8184,31.7105,35.8271

780.8900,42.4168,44.7797,32.1980,31.5874,33.2233,33.4169,39.0847,30.0189,36.8410,31.7179,35.8407

781.8900,42.4071,44.7863,32.3277,31.5927,33.2225,33.4442,39.1161,30.0086,36.8673,31.7264,35.8632

782.8900,42.4146,44.6957,32.3388,31.5893,33.2408,33.4367,39.1015,30.0228,36.8559,31.7298,35.8551

783.8900,42.4461,44.6946,32.3878,31.6065,33.2384,33.4310,39.1199,30.0030,36.8747,31.7170,35.8659

784.8900,42.4575,44.5825,32.4870,31.6170,33.2639,33.4462,39.1034,30.0079,36.8816,31.7271,35.8707

785.8900,42.4622,44.5545,32.3054,31.6221,33.2574,33.4294,39.1028,30.0084,36.8403,31.7189,35.8428

786.8900,42.4838,44.5697,32.3568,31.6181,33.2445,33.4469,39.1138,30.0255,36.8546,31.7362,35.8574

787.8900,42.4788,44.6892,32.2656,31.6278,33.2540,33.4780,39.1453,30.0102,36.8631,31.7441,35.8686

788.8900,42.4870,44.6710,32.1993,31.6287,33.2665,33.4633,39.1685,30.0086,36.8505,31.7360,35.8616

789.8900,42.4930,44.7485,32.2392,31.6643,33.2824,33.4708,39.1853,29.9996,36.8854,31.7352,35.8854

790.8900,42.5037,44.6610,32.1695,31.6748,33.2768,33.4727,39.2013,30.0057,36.8571,31.7392,35.8707

791.8900,42.4945,44.6018,32.2710,31.6750,33.2824,33.4694,39.1908,30.0335,36.8649,31.7515,35.8773

792.8900,42.5126,44.6345,32.2014,31.6743,33.2839,33.4854,39.1701,30.0081,36.8613,31.7468,35.8713

793.8900,42.5204,44.6673,32.2031,31.6864,33.2749,33.4909,39.1666,29.9996,36.8704,31.7453,35.8762

794.8900,42.5129,44.7071,32.2039,31.6877,33.2944,33.4974,39.1125,30.0239,36.8812,31.7606,35.8800

795.8900,42.5248,44.7228,32.1555,31.7013,33.2844,33.4784,39.1325,30.0077,36.8778,31.7431,35.8759

796.8900,42.5119,44.6895,32.0984,31.7051,33.3066,33.4973,39.1345,30.0211,36.8623,31.7592,35.8706

797.8900,42.5599,44.7665,32.1364,31.6985,33.3109,33.4866,39.1344,30.0381,36.8944,31.7623,35.8914

798.8900,42.5253,44.8680,32.1240,31.7321,33.2732,33.5235,39.1562,30.0200,36.9045,31.7718,35.9028

799.8900,42.5509,44.7703,32.1871,31.7192,33.3037,33.4931,39.1480,29.9872,36.9063,31.7401,35.8949

800.8900,42.5730,44.7246,32.1494,31.7406,33.2866,33.5238,39.1376,30.0349,36.8948,31.7793,35.8963

801.8900,42.5570,44.7203,32.1844,31.7442,33.3127,33.5133,39.1490,30.0140,36.9037,31.7636,35.8994

802.8900,42.5701,44.7231,32.1506,31.7236,33.2973,33.5190,39.1696,30.0179,36.8929,31.7684,35.8964

803.8900,42.5628,44.7914,32.3056,31.7199,33.3209,33.5140,39.1897,30.0086,36.9401,31.7613,35.9266

804.8900,42.5936,44.7753,32.3006,31.7375,33.3149,33.5375,39.1932,30.0026,36.9444,31.7701,35.9319

805.8910,42.5847,44.6976,32.2108,31.7297,33.3247,33.5332,39.1836,30.0082,36.9095,31.7707,35.9091

806.8900,42.5979,44.7260,32.3534,31.7307,33.3216,33.5559,39.1935,30.0206,36.9459,31.7883,35.9375

807.8910,42.6006,44.7699,32.3889,31.7395,33.3730,33.5539,39.2059,30.0106,36.9744,31.7823,35.9553

808.8910,42.6216,44.8049,32.4004,31.7580,33.3454,33.5343,39.1818,30.0337,36.9860,31.7840,35.9600

809.8900,42.6125,44.7891,32.2174,31.7734,33.3658,33.5566,39.2009,30.0401,36.9517,31.7983,35.9445

810.8900,42.6095,44.9332,32.3373,31.7498,33.3539,33.5601,39.2091,30.0125,36.9967,31.7863,35.9707

811.8910,42.6308,44.9216,32.2923,31.7728,33.3454,33.5633,39.2353,30.0228,36.9926,31.7931,35.9730

812.8900,42.6469,44.9153,32.4313,31.7763,33.3639,33.5725,39.2331,30.0494,37.0268,31.8110,35.9986

813.8900,42.6402,44.8224,32.3008,31.7677,33.3488,33.5831,39.2395,30.0390,36.9760,31.8110,35.9677

814.8900,42.6430,44.7841,32.2958,31.7754,33.3816,33.5737,39.2765,30.0441,36.9760,31.8089,35.9718

815.8900,42.6499,44.9094,32.3310,31.7956,33.3693,33.5858,39.2612,30.0318,37.0110,31.8088,35.9917

816.8900,42.6684,44.8407,32.2841,31.7918,33.3613,33.6036,39.2299,30.0327,36.9893,31.8181,35.9766

817.8900,42.6854,44.8531,32.3576,31.7936,33.3653,33.5705,39.2190,30.0334,37.0110,31.8020,35.9847

818.8910,42.6705,44.8814,32.2817,31.8002,33.3933,33.5911,39.2252,30.0061,37.0054,31.7986,35.9812

819.8900,42.6915,44.9138,32.5742,31.8207,33.3883,33.5771,39.2511,30.0236,37.0777,31.8003,36.0300

820.8900,42.7169,44.9532,32.5193,31.7920,33.4012,33.5779,39.2646,30.0267,37.0765,31.8023,36.0315

821.8900,42.7013,45.0059,32.4408,31.8238,33.4019,33.5968,39.2789,30.0297,37.0747,31.8133,36.0349

822.8900,42.7288,45.0031,32.4262,31.8378,33.4081,33.6049,39.2770,30.0204,37.0808,31.8126,36.0383

823.8900,42.7268,45.0270,32.4542,31.8489,33.3873,33.6005,39.2670,30.0235,37.0888,31.8120,36.0419

824.8900,42.7429,45.0291,32.4727,31.8280,33.3937,33.6145,39.2644,30.0356,37.0933,31.8250,36.0476

825.8900,42.7544,44.9548,32.3858,31.8495,33.4044,33.6021,39.2592,30.0331,37.0698,31.8176,36.0304

826.8900,42.7705,45.0674,32.3815,31.8559,33.4188,33.6142,39.2717,30.0330,37.0988,31.8236,36.0516

827.8900,42.7850,45.0178,32.3895,31.8471,33.4193,33.6194,39.2964,30.0359,37.0917,31.8276,36.0513

828.8900,42.7747,44.8787,32.3929,31.8730,33.4202,33.6189,39.2713,30.0410,37.0679,31.8299,36.0338

829.8900,42.7752,44.8686,32.4005,31.8703,33.4235,33.5955,39.2905,30.0260,37.0676,31.8107,36.0312

830.8900,42.7950,44.7601,32.4517,31.8642,33.3966,33.6351,39.3013,30.0282,37.0535,31.8316,36.0290

831.8910,42.7998,44.7896,32.4121,31.8833,33.4146,33.6259,39.3217,30.0344,37.0599,31.8302,36.0352

832.8900,42.8138,44.8126,32.4546,31.8935,33.4455,33.6306,39.3313,30.0199,37.0840,31.8252,36.0502

833.8900,42.7940,44.9292,32.4027,31.8866,33.4382,33.6247,39.3436,30.0219,37.0901,31.8233,36.0551

834.8900,42.8106,44.8604,32.4119,31.9098,33.4465,33.6260,39.3438,30.0345,37.0878,31.8302,36.0554

835.8900,42.8210,44.9625,32.4584,31.8986,33.4246,33.6285,39.3187,30.0191,37.1130,31.8238,36.0664

836.8900,42.8442,44.9927,32.4186,31.8954,33.4364,33.6402,39.3416,30.0037,37.1174,31.8219,36.0716

837.8900,42.8279,44.9616,32.4973,31.9263,33.4462,33.6486,39.3197,30.0154,37.1319,31.8320,36.0804

838.8900,42.8454,44.9118,32.5277,31.9257,33.4568,33.6532,39.3279,30.0176,37.1335,31.8354,36.0833

839.8900,42.8716,44.9217,32.3881,31.9367,33.4626,33.6734,39.3458,30.0186,37.1161,31.8460,36.0773

840.8900,42.8799,44.8769,32.2907,31.9547,33.4550,33.6528,39.3786,30.0205,37.0914,31.8366,36.0636

841.8900,42.8884,44.8867,32.4042,31.9665,33.4838,33.6605,39.3623,30.0216,37.1259,31.8410,36.0842

842.8900,42.8974,44.8806,32.4826,31.9651,33.4778,33.6465,39.3889,30.0137,37.1407,31.8301,36.0941

843.8900,42.8807,44.9515,32.3971,31.9593,33.4746,33.6859,39.4014,30.0185,37.1326,31.8522,36.0961

844.8900,42.9231,44.9963,32.3490,31.9854,33.4826,33.6752,39.4012,30.0073,37.1473,31.8412,36.1025

845.8900,42.9157,45.0437,32.4368,31.9911,33.4780,33.6645,39.4222,30.0195,37.1730,31.8420,36.1214

846.8900,42.9126,45.1492,32.3896,32.0058,33.4716,33.6787,39.4070,30.0291,37.1858,31.8539,36.1305

847.8900,42.9163,45.2169,32.2789,32.0157,33.4932,33.6843,39.3795,30.0385,37.1842,31.8614,36.1279

848.8900,42.9245,45.1057,32.3325,32.0553,33.4958,33.6800,39.3699,30.0200,37.1828,31.8500,36.1230

849.8900,42.9398,45.1179,32.3674,32.0465,33.5066,33.6992,39.3621,30.0106,37.1956,31.8549,36.1313

850.8900,42.9115,45.1107,32.4389,32.0453,33.5056,33.6827,39.3273,30.0134,37.2024,31.8481,36.1294

851.8900,42.9509,45.0269,32.4376,32.0618,33.5083,33.6925,39.3494,30.0142,37.1971,31.8534,36.1302

852.8900,42.9322,44.9715,32.4553,32.0584,33.5237,33.6896,39.3609,30.0231,37.1883,31.8564,36.1269

853.8900,42.9592,45.0147,32.4690,32.0627,33.5270,33.6924,39.3922,30.0151,37.2065,31.8537,36.1415

854.8900,42.9630,45.0418,32.4992,32.0662,33.5178,33.7024,39.3812,30.0129,37.2176,31.8577,36.1481

855.8900,42.9775,45.0458,32.6702,32.0697,33.5305,33.6898,39.3777,30.0130,37.2587,31.8514,36.1718

856.8910,42.9470,45.1125,32.7227,32.0983,33.5345,33.7045,39.3665,30.0381,37.2830,31.8713,36.1905

857.8900,43.0002,45.1022,32.5687,32.0916,33.5421,33.7089,39.3766,30.0246,37.2609,31.8668,36.1769

858.8900,42.9857,45.0838,32.5562,32.0809,33.5519,33.7290,39.3870,30.0156,37.2517,31.8723,36.1738

859.8900,43.0013,45.0547,32.6304,32.0928,33.5438,33.7424,39.4114,30.0131,37.2646,31.8778,36.1863

860.8900,43.0263,45.1000,32.5974,32.0987,33.5352,33.7245,39.4531,30.0040,37.2715,31.8642,36.1924

861.8900,43.0410,45.1551,32.5602,32.0911,33.5500,33.7524,39.4768,30.0100,37.2795,31.8812,36.2046

862.8900,43.0438,45.1932,32.5050,32.1184,33.5735,33.7375,39.4834,30.0157,37.2868,31.8766,36.2088

863.8900,43.0621,45.1661,32.5160,32.1215,33.5727,33.7428,39.5144,30.0172,37.2877,31.8800,36.2141

864.8900,43.0648,45.1965,32.4694,32.0973,33.5619,33.7460,39.5137,30.0355,37.2780,31.8908,36.2106

865.8900,43.0661,45.1592,32.5879,32.1131,33.5637,33.7398,39.5145,30.0199,37.2980,31.8799,36.2205

866.8900,43.0669,45.1364,32.5826,32.1280,33.5775,33.7781,39.5107,29.9977,37.2983,31.8879,36.2222

867.8900,43.0680,45.1762,32.6993,32.1294,33.5679,33.7595,39.4999,30.0021,37.3281,31.8808,36.2378

868.8900,43.0889,45.2988,32.6386,32.1343,33.5833,33.7867,39.5187,30.0176,37.3488,31.9021,36.2584

869.8900,43.0899,45.3044,32.5274,32.1287,33.5787,33.7792,39.4796,30.0251,37.3258,31.9022,36.2391

870.8900,43.1070,45.2657,32.5755,32.1458,33.5871,33.8101,39.5022,29.9941,37.3362,31.9021,36.2485

871.8900,43.1158,45.1817,32.5013,32.1720,33.6025,33.7642,39.5063,30.0119,37.3147,31.8880,36.2320

872.8900,43.1106,45.1405,32.6426,32.1717,33.5725,33.7795,39.5214,30.0123,37.3276,31.8959,36.2439

873.8900,43.1171,45.1641,32.5759,32.1584,33.5977,33.7659,39.5483,30.0240,37.3226,31.8949,36.2439

874.8900,43.1272,45.2665,32.5894,32.1813,33.6159,33.7925,39.5487,30.0046,37.3561,31.8985,36.2658

875.8900,43.1390,45.1750,32.6817,32.1802,33.6024,33.7753,39.5504,30.0259,37.3556,31.9006,36.2662

876.8900,43.1346,45.2348,32.6221,32.1999,33.6163,33.8000,39.5891,30.0121,37.3616,31.9061,36.2761

877.8900,43.1695,45.2680,32.6500,32.1790,33.6098,33.8178,39.5898,30.0159,37.3753,31.9168,36.2875

878.8900,43.1440,45.2513,32.6960,32.1838,33.6113,33.8066,39.6332,30.0348,37.3773,31.9207,36.2951

879.8900,43.1828,45.1885,32.5964,32.1836,33.6274,33.8223,39.6111,30.0303,37.3558,31.9263,36.2803

880.8900,43.1967,45.2583,32.6008,32.1899,33.6213,33.8096,39.6304,30.0002,37.3734,31.9049,36.2884

881.8910,43.1934,45.2636,32.7965,32.1980,33.6245,33.8129,39.6454,30.0406,37.4152,31.9267,36.3219

882.8900,43.2240,45.2501,32.6568,32.2215,33.6366,33.8184,39.6473,30.0329,37.3978,31.9257,36.3109

883.8900,43.2218,45.2909,32.7154,32.2243,33.6373,33.8261,39.6590,30.0200,37.4180,31.9230,36.3244

884.8900,43.2296,45.3455,32.7650,32.2237,33.6531,33.8204,39.6537,30.0260,37.4434,31.9232,36.3396

885.8900,43.2096,45.2758,32.7044,32.2288,33.6507,33.8175,39.6233,30.0240,37.4138,31.9207,36.3168

886.8900,43.2212,45.2659,32.6779,32.2421,33.6381,33.8376,39.5909,30.0071,37.4090,31.9224,36.3101

887.8900,43.2251,45.4161,32.7440,32.2337,33.6828,33.8229,39.6082,30.0280,37.4604,31.9254,36.3451

888.8900,43.2550,45.3200,32.6731,32.2335,33.6314,33.8408,39.6262,30.0437,37.4226,31.9423,36.3280

889.8900,43.2394,45.4092,32.6155,32.2445,33.6677,33.8335,39.6356,30.0176,37.4353,31.9256,36.3329

890.8900,43.2351,45.3727,32.7348,32.2386,33.6699,33.8207,39.6461,30.0381,37.4502,31.9294,36.3445

891.8910,43.2700,45.2884,32.6412,32.2410,33.6549,33.8287,39.6555,30.0165,37.4191,31.9226,36.3245

892.8900,43.2865,45.3637,32.8125,32.2435,33.6589,33.8421,39.6519,30.0300,37.4730,31.9360,36.3611

893.8900,43.2924,45.5431,32.8452,32.2472,33.6794,33.8335,39.6789,30.0326,37.5215,31.9331,36.3940

894.8900,43.2891,45.4922,32.8514,32.2679,33.6766,33.8541,39.6468,30.0256,37.5155,31.9398,36.3880

895.8900,43.3252,45.5261,32.8111,32.2919,33.6829,33.8572,39.6110,30.0249,37.5274,31.9410,36.3913

896.8900,43.3158,45.5222,32.6956,32.3095,33.6992,33.8557,39.6304,30.0356,37.5084,31.9456,36.3830

897.8900,43.3333,45.6297,32.8118,32.3100,33.6846,33.8846,39.6313,30.0491,37.5539,31.9669,36.4168

898.8900,43.3377,45.5615,32.6448,32.2991,33.6722,33.8811,39.6279,30.0202,37.5031,31.9506,36.3806

899.8900,43.3185,45.5502,32.6587,32.3266,33.6964,33.8533,39.6417,30.0374,37.5101,31.9454,36.3853

900.8900,43.3087,45.5474,32.8444,32.3454,33.6893,33.8930,39.6399,30.0185,37.5470,31.9558,36.4108

901.8900,43.3480,45.4678,32.7705,32.3620,33.6886,33.8976,39.6526,30.0198,37.5274,31.9587,36.4009

902.8900,43.3486,45.6319,32.8248,32.3582,33.7061,33.8926,39.6349,30.0336,37.5739,31.9631,36.4288

903.8900,43.3638,45.5476,32.7916,32.3625,33.6877,33.8966,39.6186,30.0183,37.5506,31.9575,36.4108

904.8900,43.3602,45.5628,32.7432,32.3549,33.7079,33.8986,39.6204,30.0420,37.5458,31.9703,36.4112

905.8900,43.3571,45.4965,32.6372,32.3567,33.7128,33.9034,39.6614,30.0120,37.5120,31.9577,36.3921

906.8910,43.3835,45.6542,32.7564,32.3892,33.7048,33.8908,39.6913,30.0233,37.5776,31.9570,36.4367

907.8900,43.3917,45.6444,32.7821,32.3680,33.7228,33.9280,39.6647,30.0198,37.5818,31.9739,36.4402

908.8900,43.3959,45.5764,32.7832,32.3855,33.7327,33.9014,39.6933,30.0156,37.5748,31.9585,36.4355

909.8900,43.3974,45.5077,32.8305,32.3784,33.7079,33.8991,39.6889,29.9940,37.5644,31.9466,36.4255

910.8900,43.4182,45.5127,32.8299,32.3881,33.7383,33.9154,39.6525,30.0179,37.5775,31.9667,36.4342

911.8900,43.4015,45.5531,32.8197,32.3694,33.7426,33.9225,39.6628,30.0057,37.5773,31.9641,36.4347

912.8900,43.4081,45.6064,32.8080,32.3784,33.7198,33.9090,39.6638,30.0331,37.5841,31.9711,36.4408

913.8900,43.4435,45.7207,32.7814,32.3799,33.7540,33.9109,39.6947,30.0243,37.6159,31.9676,36.4637

914.8900,43.4330,45.7075,32.9599,32.4060,33.7650,33.9327,39.6591,30.0456,37.6543,31.9891,36.4886

915.8910,43.4287,45.6149,32.9056,32.4001,33.7466,33.9209,39.6770,30.0413,37.6192,31.9811,36.4669

916.8900,43.4443,45.6175,32.9050,32.3980,33.7591,33.9460,39.6838,30.0571,37.6248,32.0016,36.4763

917.8900,43.4405,45.6213,32.9200,32.4159,33.7748,33.9243,39.6982,30.0410,37.6345,31.9826,36.4795

918.8900,43.4579,45.6019,32.9487,32.4136,33.7456,33.9264,39.7062,30.0088,37.6335,31.9676,36.4761

919.8910,43.4702,45.5515,32.9048,32.4396,33.7402,33.9262,39.7358,30.0334,37.6212,31.9798,36.4752

920.8900,43.4686,45.5755,32.8625,32.4516,33.7887,33.9480,39.7552,30.0144,37.6294,31.9812,36.4831

921.8910,43.4717,45.6367,32.7734,32.4254,33.7441,33.9488,39.7706,30.0477,37.6102,31.9982,36.4773

922.8900,43.4683,45.6186,32.8648,32.4385,33.7617,33.9323,39.7738,30.0160,37.6304,31.9741,36.4843

923.8900,43.4884,45.6032,33.0148,32.4394,33.7796,33.9534,39.7943,30.0138,37.6651,31.9836,36.5109

924.8900,43.5055,45.5628,32.9767,32.4458,33.7711,33.9477,39.8044,30.0170,37.6524,31.9824,36.5039

925.8900,43.4909,45.5442,32.9973,32.4702,33.7714,33.9592,39.8021,30.0431,37.6548,32.0012,36.5098

926.8900,43.5140,45.5516,32.9288,32.4608,33.7951,33.9680,39.7988,30.0406,37.6500,32.0043,36.5072

927.8910,43.5100,45.5321,32.8880,32.4800,33.7578,33.9326,39.7973,30.0450,37.6336,31.9888,36.4928

928.8900,43.5345,45.5660,32.7765,32.4852,33.7882,33.9704,39.8021,30.0440,37.6301,32.0072,36.4959

929.8900,43.5148,45.5739,33.0062,32.4745,33.8025,33.9548,39.8105,30.0297,37.6744,31.9922,36.5209

930.8900,43.5331,45.5135,32.9789,32.5039,33.7844,33.9830,39.8248,30.0101,37.6628,31.9966,36.5165

931.8900,43.5314,45.4694,33.0412,32.5057,33.7902,33.9954,39.8192,30.0225,37.6676,32.0090,36.5219

932.8900,43.5300,45.4211,33.0440,32.4850,33.8028,34.0005,39.8135,30.0102,37.6566,32.0054,36.5134

933.8900,43.5351,45.4878,32.9497,32.5014,33.8183,33.9836,39.8051,30.0352,37.6584,32.0094,36.5145

934.8900,43.5454,45.4572,33.0247,32.5253,33.8118,34.0066,39.8209,30.0169,37.6729,32.0118,36.5261

935.8900,43.5722,45.4870,33.1124,32.5089,33.8164,34.0080,39.8191,30.0432,37.6994,32.0256,36.5459

936.8900,43.5625,45.5396,33.1282,32.5111,33.8169,34.0282,39.8264,30.0211,37.7117,32.0247,36.5543

937.8900,43.5484,45.5069,33.0453,32.5075,33.8266,33.9947,39.8242,30.0106,37.6869,32.0027,36.5330

938.8900,43.5889,45.5627,32.9818,32.5279,33.8230,34.0047,39.8193,30.0229,37.6969,32.0138,36.5414

939.8900,43.5993,45.5458,32.9225,32.5314,33.8372,34.0147,39.7809,30.0325,37.6872,32.0236,36.5330

940.8900,43.5939,45.5812,32.9461,32.5339,33.8331,34.0265,39.7945,30.0425,37.6976,32.0345,36.5440

941.8900,43.6015,45.5069,32.9329,32.5291,33.8417,34.0183,39.8229,30.0427,37.6824,32.0305,36.5370

942.8900,43.6136,45.4339,33.0677,32.5430,33.8192,34.0385,39.8231,30.0596,37.6955,32.0491,36.5498

943.8900,43.6143,45.5050,33.1138,32.5426,33.8523,34.0233,39.8195,30.0524,37.7256,32.0378,36.5654

944.8900,43.6389,45.5426,33.0603,32.5384,33.8494,34.0335,39.8447,30.0584,37.7259,32.0460,36.5708

945.8910,43.6646,45.5579,32.9915,32.5535,33.8533,34.0435,39.8401,30.0346,37.7242,32.0391,36.5674

946.8900,43.6598,45.5400,32.9640,32.5344,33.8265,34.0344,39.8454,30.0396,37.7049,32.0370,36.5555

947.8900,43.6552,45.5430,32.8958,32.5506,33.8678,34.0439,39.8638,30.0115,37.7025,32.0277,36.5540

948.8900,43.6739,45.5147,32.9563,32.5891,33.8664,34.0529,39.8582,30.0445,37.7201,32.0487,36.5695

949.8900,43.6886,45.5300,33.0617,32.5619,33.8579,34.0570,39.8493,30.0477,37.7400,32.0523,36.5818

950.8900,43.6849,45.6206,32.9259,32.5794,33.8837,34.0359,39.8388,30.0378,37.7389,32.0369,36.5759

951.8900,43.7019,45.5428,32.9082,32.5823,33.8582,34.0610,39.8468,30.0498,37.7187,32.0554,36.5689

952.8900,43.7007,45.5383,32.8835,32.5951,33.8879,34.0532,39.8520,30.0533,37.7211,32.0533,36.5705

953.8900,43.7184,45.6105,32.8472,32.5987,33.8687,34.0584,39.8924,30.0016,37.7287,32.0300,36.5745

954.8900,43.7196,45.5954,33.0317,32.5970,33.8793,34.0573,39.9197,30.0485,37.7646,32.0529,36.6061

955.8900,43.7022,45.6809,32.9039,32.6052,33.8880,34.0829,39.9213,30.0361,37.7561,32.0595,36.6026

956.8900,43.7473,45.6829,32.9087,32.6100,33.9208,34.0740,39.9088,30.0356,37.7740,32.0548,36.6110

957.8900,43.7459,45.6845,33.0158,32.6421,33.8974,34.0712,39.9132,30.0328,37.7971,32.0520,36.6253

958.8910,43.7534,45.6902,33.0384,32.6277,33.8886,34.0835,39.9296,30.0259,37.7997,32.0547,36.6297

959.8900,43.7502,45.5951,33.0028,32.6385,33.9200,34.0760,39.9324,30.0404,37.7813,32.0582,36.6194

960.8900,43.7436,45.6520,33.0847,32.6331,33.8975,34.0820,39.9453,30.0225,37.8022,32.0523,36.6326

961.8900,43.7550,45.6811,33.1600,32.6490,33.9173,34.0780,39.9554,30.0307,37.8325,32.0543,36.6533

962.8900,43.7746,45.6597,33.0564,32.6381,33.9353,34.0843,39.9568,30.0210,37.8128,32.0526,36.6408

963.8900,43.7767,45.6280,33.1008,32.6370,33.9318,34.0812,39.9268,30.0565,37.8149,32.0689,36.6424

964.8900,43.7905,45.7540,33.0786,32.6759,33.9303,34.1059,39.9216,30.0197,37.8459,32.0628,36.6596

965.8900,43.7984,45.7556,33.0633,32.6507,33.9354,34.1064,39.9287,30.0371,37.8407,32.0718,36.6595

966.8900,43.7950,45.7425,33.1031,32.6638,33.9395,34.1245,39.9361,30.0336,37.8488,32.0791,36.6673

967.8900,43.7926,45.6975,33.2648,32.6483,33.9310,34.1263,39.9659,30.0388,37.8669,32.0825,36.6832

968.8910,43.7983,45.6192,33.0900,32.6746,33.9371,34.1133,39.9949,30.0369,37.8239,32.0751,36.6580

969.8900,43.8029,45.6079,32.9924,32.7021,33.9296,34.1006,40.0064,30.0256,37.8070,32.0631,36.6459

970.8900,43.8090,45.5987,32.9826,32.6989,33.9301,34.1231,40.0251,30.0134,37.8039,32.0683,36.6476

971.8900,43.8427,45.6802,33.1282,32.7114,33.9543,34.1421,40.0333,30.0373,37.8633,32.0897,36.6912

972.8900,43.8283,45.6790,33.1411,32.6975,33.9468,34.1323,40.0125,30.0194,37.8586,32.0758,36.6821

973.8900,43.8484,45.8358,33.0878,32.6841,33.9563,34.1348,40.0313,30.0242,37.8825,32.0795,36.7003

974.8900,43.8479,45.8418,32.9954,32.7178,33.9647,34.1254,39.9823,30.0364,37.8735,32.0809,36.6889

975.8900,43.8742,45.8819,32.9862,32.7246,33.9477,34.1182,39.9388,30.0278,37.8829,32.0730,36.6874

976.8900,43.8774,45.8148,33.0374,32.7270,33.9626,34.1369,39.9421,30.0381,37.8838,32.0875,36.6920

977.8900,43.8870,45.8137,33.0330,32.7273,33.9695,34.1161,39.9559,30.0163,37.8861,32.0662,36.6899

978.8900,43.9070,45.6926,33.0615,32.7310,33.9995,34.1466,39.9903,30.0455,37.8783,32.0960,36.6968

979.8900,43.8981,45.8004,32.9638,32.7720,33.9826,34.1400,39.9998,30.0308,37.8834,32.0854,36.6984

980.8900,43.8994,45.8973,33.1508,32.7589,33.9760,34.1469,40.0381,30.0425,37.9365,32.0947,36.7387

981.8900,43.9106,45.8650,33.1857,32.7572,33.9736,34.1403,40.0415,30.0401,37.9384,32.0902,36.7393

982.8900,43.9218,45.8050,33.0739,32.7640,33.9896,34.1437,40.0557,30.0229,37.9109,32.0833,36.7221

983.8900,43.9211,45.8790,33.1136,32.7723,33.9992,34.1547,40.0472,30.0160,37.9370,32.0854,36.7379

984.8900,43.9433,45.9721,33.2017,32.7703,33.9771,34.1626,40.0406,30.0178,37.9729,32.0902,36.7607

985.8900,43.9506,45.8875,33.2295,32.7715,33.9957,34.1596,40.0524,30.0426,37.9669,32.1011,36.7612

986.8900,43.9468,45.9211,33.1595,32.7966,34.0191,34.1830,40.0597,30.0285,37.9686,32.1057,36.7643

987.8900,43.9519,45.8723,33.1884,32.7871,33.9923,34.2026,40.0265,30.0382,37.9584,32.1204,36.7574

988.8900,43.9628,45.8877,33.1819,32.8026,33.9939,34.1869,40.0480,30.0333,37.9658,32.1101,36.7621

989.8900,43.9559,46.0174,33.1645,32.8246,34.0100,34.1674,40.0493,30.0226,37.9945,32.0950,36.7765

990.8910,43.9668,45.9486,33.0742,32.8009,34.0247,34.1980,40.0737,30.0298,37.9630,32.1139,36.7646

991.8900,43.9247,45.9986,33.1094,32.8224,34.0080,34.1911,40.0686,30.0437,37.9726,32.1174,36.7708

992.8900,43.9516,45.9988,33.1588,32.8058,34.0019,34.1958,40.0879,30.0483,37.9834,32.1221,36.7811

993.8900,43.9775,45.9596,33.2978,32.8356,34.0444,34.2041,40.0839,30.0665,38.0230,32.1353,36.8087

994.8900,43.9750,45.9244,33.2444,32.8426,34.0307,34.2086,40.0975,30.0377,38.0034,32.1232,36.7951

995.8900,43.9648,45.8862,33.1514,32.8222,34.0372,34.1792,40.1234,30.0537,37.9724,32.1164,36.7773

996.8900,43.9603,45.8362,33.2058,32.8288,34.0317,34.1923,40.1588,30.0693,37.9725,32.1308,36.7854

997.8900,43.9886,45.8526,33.2196,32.8332,34.0275,34.1858,40.1702,30.0397,37.9843,32.1128,36.7896

998.8900,44.0033,45.9037,33.2811,32.8414,34.0550,34.2138,40.1824,30.0401,38.0169,32.1269,36.8151

999.8900,43.9983,45.8740,33.1751,32.8277,34.0448,34.2350,40.1823,30.0378,37.9840,32.1364,36.7969

1000.8900,44.0100,45.8662,33.2535,32.8503,34.0613,34.2262,40.1750,30.0323,38.0083,32.1292,36.8093

1001.8900,44.0222,45.9167,33.2385,32.8390,34.0445,34.2459,40.1759,30.0272,38.0122,32.1365,36.8137

1002.8900,44.0358,45.9302,33.2868,32.8470,34.0517,34.2479,40.1633,30.0189,38.0303,32.1334,36.8227

1003.8900,44.0318,46.0118,33.3144,32.8597,34.0622,34.2462,40.1633,30.0171,38.0560,32.1317,36.8383

1004.8900,44.0401,46.0662,33.2274,32.8810,34.0429,34.2354,40.1594,30.0218,38.0515,32.1286,36.8343

1005.8900,44.0347,45.8879,33.2281,32.8826,34.0726,34.2314,40.1526,30.0178,38.0212,32.1246,36.8135

1006.8910,44.0681,45.9916,33.1539,32.8674,34.0927,34.2356,40.1589,30.0464,38.0348,32.1410,36.8268

1007.8900,44.0454,46.0185,33.0962,32.8744,34.0740,34.2407,40.1696,30.0262,38.0217,32.1334,36.8181

1008.8900,44.0840,46.0204,33.2593,32.8796,34.0680,34.2459,40.1766,30.0549,38.0622,32.1504,36.8486

1009.8900,44.0829,46.0771,33.3351,32.8724,34.0786,34.2350,40.1750,30.0350,38.0892,32.1350,36.8614

1010.8900,44.0910,46.0204,33.3344,32.9087,34.0732,34.2432,40.1841,30.0334,38.0855,32.1383,36.8610

1011.8900,44.0890,45.9839,33.3546,32.9112,34.0749,34.2552,40.2005,30.0407,38.0827,32.1480,36.8637

1012.8900,44.0979,46.0276,33.3642,32.9254,34.0937,34.2482,40.2026,30.0521,38.1018,32.1502,36.8765

1013.8910,44.1021,46.0429,33.3815,32.9000,34.0952,34.2479,40.1932,30.0428,38.1043,32.1453,36.8757

1014.8900,44.1158,46.0922,33.2171,32.9312,34.0959,34.2518,40.1836,30.0280,38.0904,32.1399,36.8644

1015.8900,44.1360,45.9511,33.3646,32.9225,34.1026,34.2670,40.1499,30.0291,38.0954,32.1481,36.8653

1016.8900,44.1218,45.9281,33.3540,32.9256,34.0893,34.2611,40.1696,30.0190,38.0837,32.1401,36.8586

1017.8900,44.1524,46.0193,33.4115,32.9366,34.1051,34.2508,40.1704,30.0274,38.1250,32.1391,36.8842

1018.8900,44.1533,45.9872,33.3964,32.9347,34.1225,34.2550,40.1820,30.0189,38.1188,32.1370,36.8812

1019.8900,44.1498,45.9978,33.3453,32.9477,34.1212,34.2734,40.2010,30.0285,38.1124,32.1510,36.8831

1020.8900,44.1734,46.0952,33.3266,32.9596,34.1156,34.2716,40.2137,30.0271,38.1341,32.1493,36.8979

1021.8900,44.1811,46.0612,33.1160,32.9435,34.1159,34.2962,40.2191,30.0226,38.0835,32.1594,36.8694

1022.8900,44.1726,46.0350,33.1631,32.9746,34.1246,34.2847,40.2566,30.0191,38.0940,32.1519,36.8788

1023.8900,44.1816,46.1029,33.1642,32.9640,34.1435,34.2760,40.2605,30.0175,38.1112,32.1467,36.8888

1024.8900,44.1545,46.1786,33.3190,32.9731,34.1490,34.3031,40.2946,30.0423,38.1549,32.1727,36.9268

1025.8900,44.1960,46.0889,33.3521,32.9874,34.1285,34.3013,40.2953,30.0241,38.1506,32.1627,36.9217

1026.8900,44.1800,45.9818,33.2611,32.9846,34.1185,34.2932,40.3153,30.0041,38.1052,32.1486,36.8923

1027.8900,44.1833,45.9349,33.2386,32.9916,34.1373,34.3026,40.3158,30.0295,38.0971,32.1660,36.8917

1028.8910,44.1925,46.0402,33.3343,32.9841,34.1733,34.3152,40.3009,30.0323,38.1449,32.1737,36.9216

1029.8900,44.1897,46.0513,33.2625,32.9662,34.1526,34.2992,40.2966,30.0205,38.1245,32.1599,36.9048

1030.8910,44.2031,46.1165,33.2427,32.9802,34.1479,34.2959,40.3119,30.0214,38.1381,32.1587,36.9150

1031.8910,44.2021,46.1748,33.3091,32.9894,34.1343,34.3127,40.2973,30.0453,38.1619,32.1790,36.9331

1032.8900,44.2077,46.0552,33.4315,32.9829,34.1633,34.3164,40.2853,30.0274,38.1681,32.1719,36.9337

1033.8900,44.2045,46.1518,33.4199,33.0149,34.1662,34.3127,40.3315,30.0482,38.1915,32.1805,36.9562

1034.8900,44.2144,46.2401,33.3287,33.0278,34.1494,34.3325,40.3275,30.0384,38.1921,32.1855,36.9574

1035.8900,44.2227,46.1649,33.3296,33.0254,34.1442,34.3044,40.3186,30.0365,38.1774,32.1704,36.9433

1036.8900,44.2348,46.1078,33.1527,33.0243,34.1803,34.3339,40.2961,30.0290,38.1400,32.1815,36.9199

1037.8900,44.2375,46.1110,33.0820,33.0295,34.1746,34.3292,40.2659,30.0290,38.1269,32.1791,36.9073

1038.8900,44.2250,46.1267,33.1063,33.0355,34.1695,34.3269,40.2402,30.0417,38.1326,32.1843,36.9090

1039.8900,44.2579,46.1945,33.2489,33.0497,34.1732,34.3141,40.2538,30.0195,38.1848,32.1668,36.9389

1040.8900,44.2455,46.1794,33.3283,33.0518,34.1756,34.3194,40.2657,30.0257,38.1961,32.1726,36.9489

1041.8900,44.2477,46.0450,33.3527,33.0354,34.1967,34.3194,40.2741,30.0323,38.1755,32.1758,36.9379

1042.8900,44.2565,46.0855,33.3678,33.0533,34.1746,34.3389,40.2975,30.0336,38.1875,32.1863,36.9509

1043.8900,44.2521,46.1230,33.4737,33.0472,34.1889,34.3331,40.3068,30.0329,38.2170,32.1830,36.9697

1044.8900,44.2638,46.1374,33.4199,33.0571,34.1970,34.3510,40.3413,30.0335,38.2150,32.1923,36.9751

1045.8900,44.2921,46.1574,33.4312,33.0558,34.1942,34.3304,40.3540,30.0561,38.2262,32.1933,36.9839

1046.8900,44.2733,46.1747,33.3296,33.0273,34.2084,34.3390,40.3298,30.0379,38.2026,32.1884,36.9650

1047.8900,44.3096,46.2215,33.4150,33.0686,34.1893,34.3500,40.3289,30.0259,38.2408,32.1879,36.9886

1048.8900,44.2917,46.2328,33.3771,33.0626,34.1975,34.3581,40.3375,30.0383,38.2324,32.1982,36.9869

1049.8900,44.2768,46.3430,33.3897,33.0733,34.2269,34.3623,40.3150,30.0392,38.2620,32.2007,37.0033

1050.8900,44.3048,46.2724,33.3361,33.0666,34.2256,34.3516,40.3302,30.0247,38.2411,32.1881,36.9890

1051.8900,44.2915,46.2061,33.3642,33.0605,34.2052,34.3433,40.3558,30.0295,38.2255,32.1864,36.9820

1052.8900,44.3150,46.2597,33.4043,33.0692,34.1957,34.3591,40.3635,30.0303,38.2488,32.1947,36.9996

1053.8900,44.3214,46.2401,33.4113,33.0846,34.2045,34.3674,40.4026,30.0660,38.2524,32.2167,37.0122

1054.8900,44.3162,46.2114,33.4923,33.0916,34.2310,34.3720,40.4012,30.0268,38.2685,32.1994,37.0178

1055.8900,44.2937,46.2434,33.4188,33.0752,34.2144,34.3741,40.4077,30.0313,38.2491,32.2027,37.0073

1056.8900,44.3116,46.2927,33.5150,33.1030,34.2199,34.4035,40.4041,30.0105,38.2884,32.2070,37.0325

1057.8900,44.3140,46.3000,33.4183,33.1156,34.2124,34.4025,40.4217,30.0302,38.2720,32.2164,37.0268

1058.8900,44.3216,46.2193,33.4309,33.0878,34.2318,34.3999,40.4119,30.0145,38.2583,32.2072,37.0147

1059.8900,44.3276,46.3202,33.5189,33.0999,34.2346,34.3840,40.3731,30.0257,38.3003,32.2049,37.0355

1060.8900,44.3264,46.2924,33.5119,33.1177,34.2442,34.4034,40.3950,30.0311,38.2985,32.2173,37.0403

1061.8900,44.3573,46.2335,33.4341,33.1149,34.2773,34.4046,40.3792,30.0422,38.2834,32.2234,37.0304

1062.8910,44.3629,46.2206,33.4477,33.1112,34.2403,34.3995,40.4113,30.0502,38.2766,32.2249,37.0305

1063.8900,44.3509,46.2714,33.6285,33.1157,34.2530,34.4112,40.4098,30.0319,38.3239,32.2216,37.0591

1064.8900,44.3777,46.2699,33.5754,33.1142,34.2589,34.3961,40.4213,30.0313,38.3192,32.2137,37.0556

1065.8900,44.3861,46.3972,33.5139,33.1197,34.2628,34.3976,40.4175,30.0267,38.3360,32.2122,37.0652

1066.8910,44.3831,46.4124,33.4285,33.1337,34.2686,34.4086,40.4164,30.0128,38.3253,32.2107,37.0580

1067.8900,44.3920,46.3575,33.4447,33.1269,34.2771,34.4101,40.4167,30.0331,38.3196,32.2216,37.0573

1068.8900,44.3879,46.3839,33.4386,33.1471,34.2758,34.4129,40.4311,30.0289,38.3266,32.2209,37.0633

1069.8910,44.3958,46.4056,33.3626,33.1329,34.2468,34.4126,40.4552,30.0126,38.3088,32.2126,37.0530

1070.8900,44.3884,46.3271,33.4697,33.1440,34.2880,34.3985,40.4774,30.0605,38.3234,32.2295,37.0692

1071.8900,44.3941,46.3353,33.4897,33.1612,34.2455,34.4263,40.4973,30.0451,38.3252,32.2357,37.0743

1072.8900,44.4377,46.3118,33.4449,33.1684,34.2839,34.4197,40.4867,30.0348,38.3293,32.2272,37.0735

1073.8900,44.4560,46.2864,33.4318,33.1731,34.2607,34.4344,40.4672,30.0458,38.3216,32.2401,37.0694

1074.8900,44.4532,46.2913,33.4096,33.2038,34.2644,34.4395,40.4545,30.0424,38.3244,32.2410,37.0698

1075.8900,44.4658,46.4895,33.2731,33.1934,34.2982,34.4279,40.4944,30.0185,38.3440,32.2232,37.0826

1076.8910,44.4647,46.5515,33.4262,33.1764,34.2948,34.4287,40.4998,30.0363,38.3827,32.2325,37.1098

1077.8910,44.4701,46.4896,33.4986,33.1850,34.2964,34.4383,40.5051,30.0595,38.3879,32.2489,37.1178

1078.8900,44.4845,46.5098,33.4454,33.1872,34.2983,34.4290,40.5124,30.0234,38.3850,32.2262,37.1112

1079.8900,44.4559,46.5249,33.5638,33.2137,34.2887,34.4399,40.5313,30.0320,38.4094,32.2360,37.1313

1080.8900,44.4708,46.4326,33.4742,33.2146,34.2902,34.4512,40.5238,30.0575,38.3765,32.2544,37.1144

1081.8900,44.4913,46.3990,33.6380,33.2139,34.2845,34.4344,40.5203,30.0443,38.4054,32.2394,37.1282

1082.8910,44.4853,46.4278,33.6413,33.2336,34.2893,34.4415,40.5287,30.0280,38.4155,32.2347,37.1344

1083.8900,44.4676,46.4013,33.4636,33.2382,34.2939,34.4456,40.5198,30.0448,38.3729,32.2452,37.1093

1084.8910,44.5236,46.4206,33.4476,33.2451,34.3073,34.4435,40.5225,30.0329,38.3888,32.2382,37.1179

1085.8900,44.5312,46.3997,33.5984,33.2582,34.3174,34.4424,40.5466,30.0350,38.4210,32.2387,37.1411

1086.8900,44.5526,46.3349,33.3960,33.2526,34.3179,34.4457,40.5611,30.0205,38.3708,32.2331,37.1102

1087.8910,44.5227,46.2753,33.5944,33.2729,34.3158,34.4595,40.5534,30.0419,38.3962,32.2507,37.1295

1088.8900,44.5485,46.3633,33.5982,33.2823,34.3273,34.4828,40.5631,30.0455,38.4239,32.2641,37.1514

1089.8900,44.5328,46.3997,33.5866,33.2853,34.3218,34.4529,40.5177,30.0220,38.4252,32.2375,37.1399

1090.8900,44.5616,46.3186,33.6359,33.2727,34.3307,34.4618,40.5326,30.0446,38.4239,32.2532,37.1448

1091.8900,44.5556,46.4618,33.6574,33.2938,34.3265,34.4473,40.5256,30.0470,38.4590,32.2471,37.1644

1092.8900,44.5612,46.4845,33.5267,33.2713,34.3265,34.4731,40.5196,30.0536,38.4341,32.2633,37.1521

1093.8900,44.5569,46.4437,33.5712,33.2882,34.3222,34.4800,40.5327,30.0295,38.4365,32.2548,37.1531

1094.8900,44.5779,46.3182,33.4916,33.2676,34.3246,34.4890,40.5424,30.0286,38.3960,32.2588,37.1300

1095.8900,44.5501,46.3077,33.5546,33.2650,34.3294,34.4872,40.5622,30.0358,38.4014,32.2615,37.1365

1096.8900,44.5631,46.4025,33.5192,33.2887,34.3462,34.4956,40.5592,30.0207,38.4240,32.2582,37.1494

1097.8900,44.5730,46.5003,33.5914,33.2929,34.3343,34.4892,40.5648,30.0402,38.4584,32.2647,37.1733

1098.8900,44.5742,46.4667,33.6240,33.2861,34.3495,34.5073,40.5702,30.0344,38.4601,32.2709,37.1766

1099.8910,44.5737,46.3724,33.4967,33.3079,34.3391,34.5011,40.5871,30.0338,38.4180,32.2675,37.1515

1100.8900,44.5688,46.3053,33.6463,33.2939,34.3609,34.4906,40.5942,30.0298,38.4350,32.2602,37.1612

1101.8900,44.5777,46.3714,33.5759,33.2858,34.3568,34.5118,40.5754,30.0346,38.4335,32.2732,37.1612

1102.8900,44.5876,46.4295,33.6941,33.2915,34.3457,34.5115,40.5779,30.0446,38.4697,32.2780,37.1853

1103.8900,44.5904,46.4129,33.6061,33.2874,34.3588,34.5063,40.5892,30.0502,38.4511,32.2783,37.1751

1104.8900,44.6276,46.5421,33.6215,33.3080,34.3926,34.5167,40.5789,30.0194,38.4984,32.2680,37.2009

1105.8900,44.6263,46.4921,33.5540,33.3071,34.3693,34.5140,40.5472,30.0467,38.4698,32.2803,37.1821

1106.8900,44.6415,46.3230,33.6071,33.3048,34.3828,34.5228,40.5576,30.0376,38.4518,32.2802,37.1721

1107.8900,44.6461,46.3405,33.4219,33.3075,34.3785,34.5072,40.5682,30.0390,38.4189,32.2731,37.1511

1108.8910,44.6476,46.3155,33.5817,33.3221,34.3772,34.5181,40.6152,30.0335,38.4488,32.2758,37.1764

1109.8900,44.6631,46.4074,33.5691,33.3236,34.3802,34.5488,40.6144,30.0328,38.4687,32.2908,37.1924

1110.8900,44.6909,46.4511,33.6724,33.3139,34.3717,34.5117,40.6262,30.0261,38.5000,32.2689,37.2080

1111.8900,44.6562,46.3920,33.6576,33.3235,34.3822,34.5371,40.6268,30.0436,38.4823,32.2904,37.2024

1112.8900,44.6803,46.3267,33.6721,33.3193,34.3840,34.5132,40.6366,30.0427,38.4765,32.2779,37.1969

1113.8900,44.6732,46.4279,33.5988,33.3322,34.3904,34.5342,40.6309,30.0486,38.4845,32.2914,37.2045

1114.8900,44.6840,46.4483,33.7263,33.3256,34.3952,34.5437,40.6243,30.0563,38.5159,32.3000,37.2255

1115.8900,44.6666,46.4991,33.7519,33.3330,34.3725,34.5373,40.6060,30.0217,38.5246,32.2795,37.2235

1116.8900,44.6784,46.3858,33.7104,33.3444,34.3886,34.5328,40.6188,30.0280,38.5015,32.2804,37.2109

1117.8900,44.6827,46.3456,33.6510,33.3408,34.3930,34.5353,40.6250,30.0296,38.4826,32.2825,37.2004

1118.8900,44.6960,46.4928,33.5993,33.3852,34.4055,34.5361,40.6407,30.0463,38.5158,32.2912,37.2252

1119.8900,44.6959,46.5730,33.6401,33.3599,34.4077,34.5332,40.6514,30.0350,38.5353,32.2841,37.2370

1120.8900,44.6869,46.4551,33.6563,33.3709,34.4038,34.5339,40.6265,30.0545,38.5146,32.2942,37.2235

1121.8900,44.7154,46.4667,33.6985,33.3710,34.4194,34.5463,40.6079,30.0232,38.5342,32.2847,37.2311

1122.8900,44.6817,46.4075,33.6218,33.3687,34.4177,34.5558,40.6290,30.0322,38.4995,32.2940,37.2143

1123.8900,44.7221,46.4359,33.6748,33.4002,34.4233,34.5661,40.6053,30.0074,38.5312,32.2867,37.2294

1124.8900,44.7237,46.4362,33.6353,33.3982,34.4245,34.5589,40.6243,30.0363,38.5236,32.2976,37.2297

1125.8900,44.7004,46.4246,33.6053,33.3878,34.4324,34.5569,40.5888,30.0277,38.5101,32.2923,37.2155

1126.8900,44.7199,46.4294,33.6607,33.4086,34.4015,34.5560,40.6323,30.0414,38.5240,32.2987,37.2312

1127.8900,44.7580,46.5374,33.7400,33.3820,34.4301,34.5738,40.6510,30.0471,38.5695,32.3104,37.2649

1128.8900,44.7518,46.4653,33.6901,33.3953,34.4140,34.5638,40.6764,30.0299,38.5433,32.2969,37.2483

1129.8900,44.7347,46.4307,33.7497,33.4114,34.4468,34.5770,40.6816,30.0150,38.5547,32.2960,37.2558

1130.8900,44.7679,46.4713,33.6768,33.4079,34.4673,34.5843,40.7130,30.0393,38.5582,32.3118,37.2660

1131.8900,44.7434,46.4506,33.6803,33.4156,34.4510,34.5760,40.7249,30.0239,38.5482,32.2999,37.2582

1132.8900,44.7706,46.4548,33.6691,33.4386,34.4545,34.6006,40.7365,30.0401,38.5575,32.3203,37.2706

1133.8900,44.7700,46.3734,33.6917,33.4289,34.4370,34.5976,40.7572,30.0667,38.5402,32.3322,37.2653

1134.8900,44.7633,46.3535,33.7311,33.4453,34.4617,34.5899,40.7395,30.0172,38.5510,32.3036,37.2627

1135.8900,44.7858,46.4701,33.6813,33.4573,34.4558,34.5953,40.7347,30.0178,38.5701,32.3066,37.2748

1136.8900,44.7587,46.5092,33.5605,33.4368,34.4518,34.6016,40.7264,30.0322,38.5434,32.3169,37.2597

1137.8900,44.7628,46.5174,33.6265,33.4508,34.4602,34.5885,40.7166,30.0430,38.5635,32.3157,37.2707

1138.8900,44.7780,46.4783,33.7463,33.4497,34.4405,34.5936,40.6950,30.0415,38.5785,32.3175,37.2778

1139.8900,44.7669,46.4963,33.7134,33.4599,34.4531,34.6015,40.6972,30.0339,38.5779,32.3177,37.2778

1140.8900,44.7971,46.4616,33.6582,33.4591,34.4484,34.5992,40.6912,30.0256,38.5649,32.3124,37.2676

1141.8910,44.7724,46.5089,33.6409,33.4755,34.4525,34.6094,40.7341,30.0457,38.5700,32.3275,37.2799

1142.8900,44.7806,46.5298,33.7019,33.4849,34.4543,34.6341,40.7230,30.0380,38.5903,32.3360,37.2933

1143.8900,44.7998,46.5371,33.7130,33.4736,34.4619,34.6159,40.7681,30.0226,38.5971,32.3193,37.2990

1144.8910,44.8221,46.4888,33.7194,33.5090,34.4662,34.6151,40.7716,30.0359,38.6011,32.3255,37.3035

1145.8900,44.8249,46.4878,33.6682,33.4817,34.4737,34.6296,40.7901,30.0241,38.5873,32.3268,37.2975

1146.8900,44.8361,46.4660,33.7034,33.4813,34.4803,34.6306,40.7827,30.0161,38.5934,32.3234,37.2996

1147.8900,44.8375,46.4206,33.6045,33.5113,34.4695,34.6029,40.7962,30.0444,38.5687,32.3237,37.2859

1148.8900,44.8519,46.5226,33.7035,33.4936,34.4982,34.6386,40.7916,30.0322,38.6140,32.3354,37.3165

1149.8900,44.8390,46.5902,33.6453,33.5061,34.5043,34.6555,40.8260,30.0454,38.6170,32.3505,37.3265

1150.8900,44.8492,46.5057,33.5768,33.5074,34.4753,34.6490,40.8189,30.0431,38.5829,32.3460,37.3032

1151.8900,44.8742,46.5041,33.6023,33.5095,34.4963,34.6405,40.7730,30.0454,38.5973,32.3430,37.3057

1152.8900,44.8775,46.4827,33.8496,33.5315,34.4921,34.6180,40.7627,30.0252,38.6467,32.3216,37.3299

1153.8900,44.8941,46.4724,33.8261,33.5459,34.5182,34.6549,40.7770,30.0444,38.6513,32.3496,37.3416

1154.8910,44.9383,46.5136,33.7861,33.5327,34.5193,34.6588,40.7700,30.0280,38.6580,32.3434,37.3433

1155.8900,44.9248,46.5025,33.7093,33.5332,34.5164,34.6554,40.7793,30.0473,38.6372,32.3514,37.3335

1156.8900,44.9405,46.4893,33.8417,33.5395,34.5135,34.6610,40.7898,30.0115,38.6649,32.3362,37.3483

1157.8900,44.9548,46.5337,33.7840,33.5488,34.5336,34.6497,40.7902,30.0424,38.6710,32.3461,37.3547

1158.8900,44.9564,46.6838,33.7836,33.5521,34.5146,34.6761,40.7986,30.0243,38.6981,32.3502,37.3737

1159.8900,44.9298,46.6438,33.8508,33.5524,34.5328,34.6699,40.8216,30.0341,38.7019,32.3520,37.3794

1160.8900,44.9500,46.5313,33.7502,33.5455,34.5194,34.6411,40.8474,30.0248,38.6593,32.3330,37.3512

1161.8900,44.9632,46.5748,33.8241,33.5482,34.5215,34.6727,40.8654,30.0242,38.6864,32.3485,37.3743

1162.8900,44.9518,46.5530,33.8410,33.5772,34.5611,34.6683,40.8962,30.0376,38.6968,32.3529,37.3858

1163.8900,44.9525,46.5421,33.7715,33.5578,34.5524,34.6656,40.8745,30.0382,38.6752,32.3519,37.3693

1164.8900,44.9627,46.4858,33.8846,33.5599,34.5271,34.6666,40.8408,30.0495,38.6840,32.3580,37.3721

1165.8900,44.9545,46.4894,33.8521,33.5645,34.5474,34.6728,40.8286,30.0464,38.6816,32.3596,37.3695

1166.8900,44.9372,46.5023,33.8033,33.5709,34.5538,34.6759,40.8303,30.0185,38.6735,32.3472,37.3615

1167.8900,44.9614,46.4992,33.8672,33.5444,34.5454,34.6821,40.8575,30.0326,38.6835,32.3574,37.3737

1168.8900,44.9769,46.5373,33.8341,33.5591,34.5457,34.6983,40.8520,30.0216,38.6906,32.3600,37.3781

1169.8900,44.9723,46.7387,33.9028,33.5533,34.5536,34.6758,40.8742,30.0118,38.7441,32.3438,37.4103

1170.8900,44.9827,46.6542,33.9339,33.5793,34.5637,34.7065,40.8898,30.0336,38.7428,32.3700,37.4180

1171.8900,44.9785,46.6589,33.8211,33.5822,34.5768,34.6990,40.8694,30.0468,38.7235,32.3729,37.4041

1172.8900,44.9756,46.6709,33.7649,33.5587,34.5855,34.6964,40.8964,30.0259,38.7111,32.3612,37.3968

1173.8900,44.9979,46.6326,33.8278,33.5888,34.5841,34.7175,40.8998,30.0400,38.7262,32.3788,37.4110

1174.8900,44.9984,46.5353,33.9065,33.5978,34.5963,34.7176,40.8938,30.0438,38.7269,32.3807,37.4112

1175.8910,44.9986,46.5570,33.8348,33.5822,34.5614,34.7018,40.9048,30.0318,38.7068,32.3668,37.3966

1176.8900,45.0164,46.6132,33.8386,33.6175,34.5864,34.7039,40.9334,30.0447,38.7344,32.3743,37.4193

1177.8900,45.0218,46.6184,33.8490,33.6101,34.5694,34.7267,40.9218,30.0281,38.7337,32.3774,37.4182

1178.8900,45.0557,46.5710,33.8297,33.5964,34.5788,34.7187,40.9036,30.0398,38.7263,32.3793,37.4117

1179.8900,45.0600,46.6138,33.7638,33.6055,34.5911,34.7156,40.8930,30.0611,38.7268,32.3883,37.4130

1180.8900,45.0582,46.5788,33.6764,33.6178,34.5729,34.7526,40.8783,30.0292,38.7008,32.3909,37.3955

1181.8910,45.0853,46.6398,33.8623,33.6439,34.6073,34.7585,40.8833,30.0276,38.7677,32.3930,37.4385

1182.8900,45.0796,46.6985,33.9642,33.6302,34.6038,34.7270,40.9134,30.0298,38.7953,32.3784,37.4558

1183.8900,45.0760,46.7449,33.8111,33.6331,34.6017,34.7430,40.9000,30.0577,38.7734,32.4004,37.4459

1184.8900,45.0838,46.6961,33.7473,33.6414,34.5898,34.7261,40.9134,30.0345,38.7517,32.3803,37.4290

1185.8900,45.0681,46.6913,33.7607,33.6483,34.5946,34.7271,40.9146,30.0238,38.7526,32.3754,37.4286

1186.8900,45.0764,46.7443,33.8643,33.6488,34.6166,34.7261,40.8933,30.0364,38.7901,32.3812,37.4508

1187.8900,45.0679,46.7266,33.9406,33.6417,34.6277,34.7419,40.9104,30.0386,38.8009,32.3902,37.4619

1188.8900,45.1174,46.6977,33.8566,33.6190,34.5948,34.7347,40.9037,30.0484,38.7771,32.3915,37.4465

1189.8900,45.0915,46.6571,33.8610,33.6352,34.6108,34.7460,40.8960,30.0362,38.7711,32.3911,37.4417

1190.8900,45.0762,46.6606,33.8964,33.6397,34.6136,34.7442,40.9093,30.0574,38.7773,32.4008,37.4497

1191.8900,45.1171,46.6960,33.8746,33.6511,34.6365,34.7353,40.8942,30.0475,38.7951,32.3914,37.4565

1192.8900,45.0896,46.7575,33.8506,33.6407,34.6144,34.7525,40.9122,30.0333,38.7906,32.3929,37.4564

1193.8900,45.1089,46.7100,33.8522,33.6573,34.6137,34.7542,40.9124,30.0392,38.7884,32.3967,37.4560

1194.8900,45.0949,46.7329,33.9680,33.6710,34.6217,34.7476,40.9293,30.0415,38.8177,32.3946,37.4759

1195.8900,45.1348,46.7896,33.8217,33.6699,34.6203,34.7453,40.9375,30.0213,38.8073,32.3833,37.4676

1196.8910,45.1433,46.7748,33.9580,33.6741,34.6072,34.7636,40.9552,30.0242,38.8315,32.3939,37.4876

1197.8900,45.1275,46.8692,33.9935,33.6721,34.6466,34.7562,40.9448,30.0332,38.8618,32.3947,37.5054

1198.8900,45.1378,46.7975,33.9495,33.6759,34.6204,34.7693,40.9453,30.0267,38.8362,32.3980,37.4903

1199.8900,45.1463,46.7784,33.9354,33.6731,34.6075,34.7507,40.9485,30.0442,38.8281,32.3975,37.4855

1200.8900,45.1492,46.8704,33.9750,33.6822,34.6451,34.7696,40.9623,30.0039,38.8644,32.3868,37.5072

1201.8900,45.1591,46.8480,33.8718,33.6985,34.6471,34.7449,40.9743,30.0299,38.8449,32.3874,37.4967

1202.8910,45.1521,46.8634,33.8152,33.6995,34.6335,34.7467,40.9990,30.0139,38.8327,32.3803,37.4904

1203.8900,45.1734,46.8677,33.8913,33.6950,34.6391,34.7673,41.0052,30.0313,38.8533,32.3993,37.5088

1204.8910,45.1640,46.9009,33.8804,33.7014,34.6483,34.7826,41.0265,30.0029,38.8590,32.3927,37.5134

1205.8900,45.1622,46.9495,33.8930,33.7173,34.6489,34.7724,41.0306,30.0167,38.8742,32.3945,37.5238

1206.8910,45.1573,46.8212,33.7660,33.7116,34.6757,34.7862,41.0329,30.0310,38.8264,32.4086,37.4977

1207.8900,45.1593,46.7620,33.9600,33.7282,34.6594,34.7797,41.0279,30.0179,38.8538,32.3988,37.5118

1208.8900,45.1607,46.7757,33.9022,33.7574,34.6548,34.7798,41.0394,30.0518,38.8502,32.4158,37.5152

1209.8900,45.1670,46.7692,33.8132,33.7415,34.6640,34.7791,41.0296,30.0201,38.8310,32.3996,37.4980

1210.8900,45.1668,46.9787,33.9131,33.7496,34.6568,34.7785,40.9999,30.0335,38.8930,32.4060,37.5346

1211.8900,45.1750,46.9754,33.8320,33.7711,34.6730,34.7910,41.0291,30.0480,38.8853,32.4195,37.5368

1212.8900,45.1506,46.9181,33.8350,33.7436,34.6709,34.8057,41.0149,30.0369,38.8637,32.4213,37.5220

1213.8900,45.1654,46.7841,33.8025,33.7801,34.6988,34.8009,41.0102,30.0151,38.8462,32.4080,37.5071

1214.8910,45.1765,46.7632,33.8114,33.7716,34.6777,34.7938,41.0189,30.0283,38.8401,32.4110,37.5052

1215.8900,45.1604,46.6341,33.8888,33.7684,34.6952,34.8005,41.0078,30.0322,38.8294,32.4163,37.4984

1216.8900,45.1631,46.7532,33.9441,33.7703,34.7036,34.7925,41.0163,30.0302,38.8669,32.4114,37.5217

1217.8900,45.1683,46.8451,34.0267,33.7887,34.6691,34.8179,41.0299,30.0252,38.8996,32.4215,37.5464

1218.8900,45.1913,46.9107,34.0294,33.7741,34.6839,34.8098,41.0382,30.0377,38.9179,32.4237,37.5594

1219.8900,45.1849,46.9061,33.9928,33.7895,34.6876,34.8088,41.0302,30.0241,38.9122,32.4165,37.5530

1220.8900,45.1948,46.9228,33.9825,33.7797,34.6957,34.8272,41.0591,30.0294,38.9151,32.4283,37.5614

1221.8900,45.2018,47.0218,34.0452,33.7983,34.6813,34.8353,41.0493,30.0389,38.9497,32.4371,37.5840

1222.8910,45.2049,47.0415,34.1209,33.7612,34.6830,34.8384,41.0281,30.0279,38.9623,32.4332,37.5882

1223.8900,45.2119,46.8841,34.1397,33.7663,34.7027,34.8113,41.0375,30.0416,38.9409,32.4265,37.5744

1224.8900,45.2070,46.8404,34.0735,33.7657,34.6954,34.8485,41.0071,30.0390,38.9164,32.4437,37.5596

1225.8900,45.2247,46.8913,34.0243,33.7643,34.6941,34.8251,41.0163,30.0320,38.9197,32.4286,37.5590

1226.8900,45.2325,46.9562,33.8768,33.7756,34.7062,34.8265,41.0420,30.0442,38.9095,32.4353,37.5575

1227.8900,45.2490,46.9817,33.9082,33.7897,34.7112,34.8315,41.0313,30.0289,38.9280,32.4302,37.5664

1228.8910,45.2650,46.9673,33.9840,33.7831,34.6992,34.8191,41.0448,30.0466,38.9397,32.4328,37.5761

1229.8900,45.2342,47.0101,34.0212,33.7991,34.6962,34.8142,41.0529,30.0403,38.9522,32.4272,37.5835

1230.8900,45.2635,46.9898,34.0203,33.7927,34.7094,34.8231,41.0646,30.0479,38.9551,32.4355,37.5889

1231.8900,45.2403,47.0688,34.0646,33.8131,34.7202,34.8377,41.0849,30.0366,38.9814,32.4371,37.6083

1232.8900,45.2476,46.9723,34.1820,33.8157,34.7028,34.8319,41.1163,30.0238,38.9841,32.4279,37.6115

1233.8900,45.2302,46.8380,34.1128,33.8205,34.7188,34.8405,41.1364,30.0329,38.9441,32.4367,37.5913

1234.8900,45.2415,46.7978,34.0501,33.8178,34.6896,34.8276,41.1393,30.0242,38.9194,32.4259,37.5735

1235.8900,45.2432,46.9169,34.0371,33.7972,34.7316,34.8294,41.1468,30.0226,38.9452,32.4260,37.5906

1236.8900,45.2496,47.0355,34.0651,33.8005,34.7394,34.8344,41.1365,30.0422,38.9780,32.4383,37.6129

1237.8900,45.2625,46.9632,34.0098,33.8159,34.7233,34.8296,41.1170,30.0336,38.9550,32.4316,37.5944

1238.8900,45.2952,46.9402,33.8812,33.8344,34.7025,34.8602,41.0944,30.0348,38.9307,32.4475,37.5804

1239.8900,45.2949,46.9515,33.9605,33.8149,34.7256,34.8450,41.0982,30.0270,38.9495,32.4360,37.5897

1240.8900,45.2951,47.0083,34.0193,33.8362,34.7460,34.8461,41.0855,30.0230,38.9810,32.4345,37.6074

1241.8900,45.2809,47.0096,34.0801,33.8202,34.7452,34.8542,41.1091,30.0481,38.9872,32.4511,37.6184

1242.8900,45.2938,47.1155,34.0917,33.8491,34.7399,34.8686,41.1234,30.0174,39.0180,32.4430,37.6374

1243.8900,45.3005,46.9650,34.1531,33.8496,34.7659,34.8604,41.1104,30.0228,39.0068,32.4416,37.6285

1244.8900,45.3150,46.9286,34.0466,33.8512,34.7562,34.8522,41.1502,30.0455,38.9795,32.4488,37.6182

1245.8900,45.2999,46.9264,34.1038,33.8476,34.7546,34.8355,41.1466,30.0152,38.9864,32.4254,37.6162

1246.8900,45.3361,47.0073,33.9336,33.8694,34.7419,34.8734,41.1431,30.0471,38.9776,32.4603,37.6190

1247.8910,45.3341,47.0891,33.9386,33.8594,34.7549,34.8639,41.1425,30.0268,38.9952,32.4453,37.6262

1248.8900,45.3070,47.0363,34.0126,33.8697,34.7683,34.8656,41.1495,30.0365,38.9988,32.4511,37.6307

1249.8900,45.3266,46.9524,34.0846,33.8710,34.7558,34.8723,41.1522,30.0446,38.9981,32.4585,37.6324

1250.8900,45.3090,46.9023,34.1032,33.8606,34.7764,34.8718,41.1418,30.0234,38.9903,32.4476,37.6236

1251.8900,45.3236,47.0438,34.1578,33.8782,34.7780,34.8642,41.1416,30.0284,39.0363,32.4463,37.6520

1252.8900,45.3199,46.9552,34.0641,33.8837,34.7864,34.9001,41.1522,30.0345,39.0019,32.4673,37.6370

1253.8900,45.3174,46.9801,34.1309,33.9014,34.7834,34.8845,41.1442,30.0211,39.0227,32.4528,37.6454

1254.8900,45.3205,46.9636,34.1742,33.9077,34.7790,34.8740,41.1798,30.0285,39.0290,32.4513,37.6534

1255.8900,45.3282,47.0345,34.1494,33.9002,34.7803,34.8903,41.1547,30.0533,39.0385,32.4718,37.6614

1256.8900,45.3250,46.9955,34.1975,33.9001,34.7700,34.8978,41.1895,30.0312,39.0376,32.4645,37.6633

1257.8900,45.3450,46.9941,34.1254,33.8950,34.7996,34.9021,41.1839,30.0326,39.0318,32.4673,37.6597

1258.8900,45.3291,47.0287,34.1084,33.9112,34.8055,34.8996,41.1777,30.0344,39.0366,32.4670,37.6618

1259.8900,45.3593,47.0118,34.0309,33.9021,34.7780,34.8912,41.1714,30.0274,39.0164,32.4593,37.6465

1260.8900,45.3618,46.9865,34.0029,33.9125,34.8072,34.8998,41.1613,30.0215,39.0142,32.4607,37.6442

1261.8900,45.3353,46.9235,34.0587,33.9023,34.7833,34.8914,41.1614,30.0290,39.0006,32.4602,37.6356

1262.8900,45.3610,47.0532,33.9626,33.9163,34.8068,34.8920,41.1227,30.0169,39.0200,32.4545,37.6414

1263.8900,45.3860,47.1124,33.9527,33.9012,34.7760,34.8995,41.1170,30.0216,39.0256,32.4606,37.6458

1264.8900,45.3801,47.1139,34.0203,33.9177,34.7999,34.9047,41.1344,30.0005,39.0464,32.4526,37.6589

1265.8900,45.3906,47.0370,33.9964,33.9168,34.8049,34.9056,41.1167,30.0427,39.0292,32.4742,37.6514

1266.8910,45.3598,46.9670,34.0731,33.9345,34.7944,34.9301,41.1487,30.0321,39.0257,32.4811,37.6549

1267.8910,45.3881,47.0183,33.9387,33.9401,34.8014,34.9021,41.1766,30.0021,39.0173,32.4521,37.6459

1268.8910,45.4087,46.8668,34.1498,33.9348,34.8082,34.9294,41.1816,30.0206,39.0337,32.4750,37.6625

1269.8900,45.3838,46.9890,34.2453,33.9540,34.8112,34.9366,41.1894,30.0123,39.0766,32.4745,37.6902

1270.8900,45.4008,47.0067,34.2196,33.9377,34.8025,34.9191,41.2035,30.0295,39.0735,32.4743,37.6899

1271.8900,45.4059,46.9686,34.2279,33.9572,34.8054,34.9318,41.2038,30.0108,39.0730,32.4713,37.6889

1272.8900,45.4036,47.0254,34.1838,33.9547,34.8400,34.9233,41.1907,30.0192,39.0815,32.4713,37.6926

1273.8900,45.4356,47.0322,34.0918,33.9475,34.8096,34.9130,41.2054,30.0394,39.0633,32.4762,37.6843

1274.8900,45.4191,47.0141,34.1011,33.9709,34.8262,34.9362,41.2090,30.0293,39.0663,32.4827,37.6882

1275.8900,45.4071,47.0976,34.1270,33.9598,34.8122,34.9395,41.2311,30.0274,39.0807,32.4835,37.7002

1276.8900,45.4059,47.0432,34.1310,33.9661,34.8241,34.9444,41.2401,30.0121,39.0740,32.4783,37.6959

1277.8900,45.4350,47.0250,34.1562,33.9539,34.8216,34.9485,41.2573,30.0337,39.0784,32.4911,37.7039

1278.8900,45.4185,47.1089,34.3009,33.9675,34.8261,34.9276,41.2643,30.0099,39.1244,32.4688,37.7280

1279.8900,45.4335,47.1204,34.2278,33.9660,34.8383,34.9493,41.2721,30.0448,39.1172,32.4970,37.7315

1280.8900,45.4276,47.1344,34.1029,33.9615,34.8362,34.9378,41.2588,30.0318,39.0925,32.4848,37.7114

1281.8900,45.4395,47.0520,34.1179,33.9718,34.8271,34.9389,41.2607,30.0170,39.0817,32.4780,37.7031

1282.8900,45.4346,47.1098,34.1502,33.9750,34.8334,34.9345,41.2457,30.0361,39.1006,32.4853,37.7149

1283.8900,45.4547,47.1616,34.2006,33.9777,34.8467,34.9581,41.2572,30.0174,39.1283,32.4877,37.7342

1284.8900,45.4544,47.1325,34.1173,33.9786,34.8478,34.9418,41.2475,30.0397,39.1061,32.4908,37.7199

1285.8900,45.4652,47.1169,34.0908,33.9564,34.8484,34.9682,41.2598,30.0436,39.0956,32.5059,37.7187

1286.8900,45.4574,47.1377,34.1919,34.0036,34.8513,34.9369,41.2634,30.0272,39.1284,32.4821,37.7337

1287.8900,45.4631,47.1769,34.1838,33.9735,34.8566,34.9843,41.2870,30.0227,39.1308,32.5035,37.7435

1288.8900,45.4670,47.1476,34.1551,33.9809,34.8665,34.9494,41.2474,30.0167,39.1234,32.4830,37.7288

1289.8900,45.4781,47.1682,34.1089,34.0110,34.8698,34.9995,41.2591,30.0275,39.1272,32.5135,37.7403

1290.8900,45.4917,47.2816,34.1206,34.0035,34.8789,34.9720,41.2345,30.0131,39.1552,32.4925,37.7495

1291.8900,45.4881,47.1945,34.1520,34.0119,34.8612,34.9773,41.2479,30.0226,39.1416,32.5000,37.7445

1292.8900,45.5079,47.1607,34.2329,33.9950,34.8544,34.9700,41.2260,30.0266,39.1502,32.4983,37.7467

1293.8900,45.5027,47.1351,34.2937,33.9968,34.8656,34.9816,41.2222,30.0247,39.1588,32.5032,37.7528

1294.8900,45.4958,47.1295,34.1846,34.0117,34.8825,34.9784,41.2482,30.0355,39.1408,32.5070,37.7458

1295.8900,45.5049,47.1577,34.0787,34.0089,34.8631,34.9876,41.2701,30.0448,39.1227,32.5162,37.7395

1296.8900,45.5185,47.0405,34.2275,34.0055,34.8727,34.9963,41.2667,30.0365,39.1329,32.5164,37.7455

1297.8900,45.5092,47.1372,34.2195,34.0074,34.8815,34.9863,41.2858,30.0369,39.1510,32.5116,37.7580

1298.8910,45.5198,47.2455,34.2325,34.0147,34.8637,34.9952,41.2977,30.0030,39.1752,32.4991,37.7715

1299.8910,45.5345,47.2093,34.2099,34.0348,34.8903,34.9899,41.3344,30.0165,39.1758,32.5032,37.7775

1300.8900,45.5309,47.1815,34.2221,34.0287,34.8852,35.0013,41.3344,30.0317,39.1697,32.5165,37.7770

1301.8900,45.5221,47.2926,34.2362,34.0423,34.9072,35.0167,41.3144,30.0392,39.2001,32.5280,37.7963

1302.8900,45.5343,47.3493,34.2551,34.0307,34.9017,34.9878,41.2983,30.0177,39.2142,32.5028,37.7969

1303.8900,45.5446,47.2788,34.2288,34.0714,34.8784,34.9888,41.3089,30.0342,39.2004,32.5115,37.7917

1304.8900,45.5334,47.2055,34.2061,34.0698,34.8938,35.0104,41.3055,30.0258,39.1817,32.5181,37.7813

1305.8900,45.5538,47.2142,34.1901,34.0332,34.8774,34.9888,41.2863,30.0126,39.1737,32.5007,37.7695

1306.8900,45.5560,47.3505,34.1050,34.0615,34.9189,34.9882,41.2925,30.0496,39.1984,32.5189,37.7903

1307.8900,45.5572,47.3792,34.1565,34.0633,34.9089,34.9908,41.2864,30.0428,39.2130,32.5168,37.7981

1308.8900,45.5718,47.3208,34.2553,34.0774,34.9138,35.0065,41.3176,30.0454,39.2278,32.5260,37.8136

1309.8900,45.5565,47.2678,34.3009,34.0888,34.9040,35.0046,41.3155,30.0313,39.2236,32.5180,37.8087

1310.8900,45.5861,47.3018,34.1851,34.0792,34.9034,35.0040,41.3325,30.0491,39.2111,32.5266,37.8052

1311.8900,45.5779,47.3331,34.3244,34.0828,34.9284,34.9996,41.3579,30.0483,39.2493,32.5240,37.8316

1312.8900,45.5840,47.2897,34.3231,34.1081,34.9070,35.0226,41.3584,30.0249,39.2424,32.5237,37.8272

1313.8900,45.5923,47.2588,34.2305,34.0882,34.9139,35.0187,41.3651,30.0309,39.2168,32.5248,37.8123

1314.8900,45.5879,47.3218,34.2376,34.0643,34.9296,35.0363,41.3679,30.0203,39.2282,32.5283,37.8207

1315.8900,45.5744,47.3435,34.2665,34.1087,34.9225,35.0189,41.3683,30.0301,39.2431,32.5245,37.8291

1316.8900,45.5951,47.2912,34.3087,34.0932,34.9308,35.0137,41.3790,30.0296,39.2438,32.5216,37.8302

1317.8900,45.5941,47.3493,34.3435,34.1159,34.9101,35.0337,41.3457,30.0055,39.2626,32.5196,37.8372

1318.8910,45.6107,47.3761,34.4138,34.1258,34.9236,35.0345,41.3201,30.0167,39.2900,32.5256,37.8527

1319.8900,45.6156,47.3864,34.4148,34.1240,34.9253,35.0339,41.2784,30.0344,39.2933,32.5341,37.8516

1320.8900,45.6261,47.3735,34.4304,34.1143,34.9219,35.0459,41.2850,30.0225,39.2932,32.5342,37.8524

1321.8910,45.6134,47.3136,34.3866,34.1263,34.9399,35.0353,41.2890,30.0147,39.2759,32.5250,37.8398

1322.8900,45.6091,47.2917,34.3986,34.1120,34.9337,35.0456,41.2823,30.0433,39.2691,32.5444,37.8396

1323.8900,45.6219,47.2657,34.3883,34.0839,34.9541,35.0566,41.2790,30.0083,39.2628,32.5324,37.8322

1324.8900,45.6338,47.2646,34.2687,34.1039,34.9367,35.0551,41.2900,30.0321,39.2415,32.5436,37.8231

1325.8900,45.6389,47.2641,34.3169,34.1254,34.9268,35.0531,41.3030,30.0100,39.2544,32.5315,37.8297

1326.8900,45.6298,47.2313,34.2402,34.0969,34.9461,35.0135,41.3208,30.0135,39.2289,32.5135,37.8115

1327.8900,45.6171,47.3324,34.2553,34.1162,34.9633,35.0621,41.3325,30.0453,39.2569,32.5537,37.8405

1328.8900,45.6520,47.3103,34.2264,34.0995,34.9569,35.0496,41.3526,30.0341,39.2490,32.5418,37.8352

1329.8900,45.6297,47.3766,34.2799,34.1174,34.9624,35.0438,41.3457,30.0190,39.2732,32.5314,37.8468

1330.8900,45.6235,47.3428,34.2761,34.1375,34.9389,35.0507,41.3583,30.0391,39.2637,32.5449,37.8458

1331.8900,45.6354,47.3451,34.2096,34.1389,34.9640,35.0604,41.3773,30.0286,39.2586,32.5445,37.8449

1332.8900,45.6555,47.3591,34.2289,34.1451,34.9857,35.0465,41.3807,30.0377,39.2749,32.5421,37.8549

1333.8900,45.6594,47.3058,34.1877,34.1320,34.9817,35.0528,41.3700,30.0115,39.2533,32.5322,37.8376

1334.8900,45.6547,47.2350,34.2510,34.1442,34.9559,35.0644,41.3752,30.0105,39.2482,32.5375,37.8364

1335.8900,45.6668,47.2503,34.2870,34.1536,34.9812,35.0663,41.3640,30.0247,39.2678,32.5455,37.8492

1336.8900,45.6641,47.3814,34.2973,34.1615,34.9597,35.0743,41.3901,30.0266,39.2928,32.5504,37.8694

1337.8900,45.6393,47.3574,34.3372,34.1560,34.9721,35.0859,41.3995,30.0264,39.2924,32.5561,37.8717

1338.8900,45.6687,47.1608,34.3632,34.1618,34.9610,35.0827,41.4053,30.0275,39.2631,32.5551,37.8539

1339.8900,45.6547,47.1176,34.4348,34.1702,34.9731,35.0560,41.4020,30.0180,39.2701,32.5370,37.8533

1340.8900,45.6797,47.1451,34.4457,34.1568,34.9637,35.0522,41.4072,30.0179,39.2782,32.5351,37.8585

1341.8900,45.6710,47.1872,34.3398,34.1623,34.9741,35.0499,41.4104,30.0077,39.2669,32.5288,37.8503

1342.8900,45.6631,47.1847,34.3602,34.1640,34.9854,35.0715,41.4418,30.0242,39.2715,32.5479,37.8619

1343.8900,45.6731,47.2604,34.2728,34.1665,34.9973,35.0900,41.4341,30.0192,39.2740,32.5546,37.8642

1344.8900,45.6890,47.2994,34.2173,34.1634,34.9642,35.0794,41.4561,30.0171,39.2667,32.5482,37.8607

1345.8900,45.6832,47.2715,34.3666,34.2027,34.9809,35.0745,41.4593,29.9934,39.3010,32.5339,37.8790

1346.8900,45.6811,47.2096,34.4097,34.2014,34.9961,35.0625,41.4427,30.0138,39.2996,32.5381,37.8771

1347.8910,45.6909,47.2536,34.3489,34.2033,34.9942,35.0827,41.4595,30.0204,39.2982,32.5515,37.8817

1348.8900,45.6872,47.3029,34.3186,34.2034,34.9966,35.0846,41.4554,30.0237,39.3018,32.5542,37.8841

1349.8900,45.6912,47.3970,34.3132,34.1970,35.0058,35.0793,41.4491,30.0076,39.3209,32.5434,37.8925

1350.8900,45.7283,47.3870,34.3952,34.2005,34.9894,35.0816,41.4213,30.0198,39.3401,32.5507,37.9029

1351.8900,45.6950,47.3937,34.4339,34.1866,35.0110,35.0522,41.4131,30.0316,39.3440,32.5419,37.9022

1352.8900,45.7004,47.3213,34.3345,34.1968,34.9996,35.0979,41.4121,30.0324,39.3105,32.5651,37.8869

1353.8900,45.7297,47.3908,34.3579,34.2057,35.0030,35.0783,41.4061,30.0066,39.3374,32.5425,37.8973

1354.8900,45.7347,47.3773,34.3349,34.1930,35.0094,35.0983,41.4111,30.0229,39.3299,32.5606,37.8977

1355.8900,45.7498,47.3922,34.2877,34.2011,34.9980,35.0981,41.4107,30.0345,39.3257,32.5663,37.8965

1356.8900,45.7724,47.3926,34.3218,34.1949,35.0124,35.0755,41.3953,30.0189,39.3388,32.5472,37.8980

1357.8900,45.7586,47.4297,34.2380,34.1996,35.0120,35.0906,41.4228,30.0199,39.3276,32.5553,37.8964

1358.8900,45.7613,47.3944,34.2801,34.2075,35.0157,35.1009,41.4214,30.0231,39.3318,32.5620,37.9006

1359.8900,45.7431,47.4226,34.3545,34.2042,35.0166,35.1027,41.4031,30.0249,39.3482,32.5638,37.9090

1360.8900,45.7428,47.4428,34.4765,34.2180,35.0120,35.1075,41.4276,30.0368,39.3784,32.5722,37.9330

1361.8900,45.7680,47.4031,34.4210,34.2135,34.9962,35.1165,41.4413,30.0337,39.3604,32.5751,37.9242

1362.8900,45.7556,47.3102,34.3237,34.2376,35.0160,35.1246,41.4512,30.0320,39.3286,32.5783,37.9064

1363.8900,45.7606,47.3071,34.3684,34.2143,35.0061,35.1207,41.4556,30.0492,39.3313,32.5850,37.9103

1364.8900,45.7714,47.4207,34.3844,34.2435,35.0268,35.1232,41.4817,30.0522,39.3694,32.5877,37.9380

1365.8900,45.7693,47.5183,34.3974,34.2424,35.0345,35.1192,41.4802,30.0439,39.3924,32.5816,37.9507

1366.8900,45.7747,47.4402,34.3221,34.2594,35.0358,35.1284,41.4971,30.0147,39.3664,32.5716,37.9341

1367.8900,45.8019,47.4381,34.3032,34.2705,35.0281,35.1255,41.4881,30.0201,39.3684,32.5728,37.9344

1368.8900,45.8134,47.4761,34.2967,34.2737,35.0393,35.1385,41.5090,30.0492,39.3798,32.5938,37.9495

1369.8900,45.8155,47.4296,34.3897,34.2661,35.0409,35.1228,41.5060,30.0283,39.3884,32.5755,37.9499

1370.8900,45.8045,47.3877,34.3464,34.2911,35.0598,35.1328,41.4798,30.0228,39.3779,32.5778,37.9406

1371.8900,45.8021,47.4003,34.3451,34.2959,35.0334,35.1186,41.4817,30.0306,39.3754,32.5746,37.9385

1372.8900,45.8209,47.3477,34.3391,34.2867,35.0337,35.1511,41.4669,30.0323,39.3656,32.5917,37.9348

1373.8910,45.8046,47.4482,34.3411,34.2961,35.0313,35.1450,41.4410,30.0365,39.3843,32.5908,37.9430

1374.8900,45.8235,47.4182,34.4324,34.2807,35.0569,35.1664,41.4490,30.0288,39.4023,32.5976,37.9570

1375.8900,45.8136,47.3582,34.4561,34.2655,35.0442,35.1467,41.4715,30.0085,39.3875,32.5776,37.9455

1376.8900,45.8064,47.3412,34.3859,34.2993,35.0486,35.1567,41.4842,30.0190,39.3763,32.5878,37.9427

1377.8900,45.8152,47.4500,34.2183,34.2726,35.0448,35.1688,41.4627,30.0416,39.3602,32.6052,37.9342

1378.8900,45.8345,47.5197,34.2397,34.2930,35.0522,35.1612,41.4347,30.0198,39.3878,32.5905,37.9444

1379.8900,45.8155,47.5518,34.2857,34.2871,35.0620,35.1514,41.4343,30.0326,39.4004,32.5920,37.9526

1380.8900,45.8309,47.5227,34.3353,34.2974,35.0536,35.1486,41.4441,30.0453,39.4080,32.5970,37.9598

1381.8910,45.8360,47.5419,34.3717,34.2766,35.0485,35.1491,41.4258,30.0251,39.4149,32.5871,37.9593

1382.8900,45.8234,47.5256,34.3931,34.2822,35.0802,35.1757,41.4280,30.0104,39.4209,32.5930,37.9648

1383.8900,45.8394,47.4736,34.4187,34.2937,35.0627,35.1689,41.4530,30.0333,39.4176,32.6011,37.9679

1384.8900,45.8408,47.4722,34.3437,34.2997,35.0758,35.1802,41.4627,30.0370,39.4065,32.6086,37.9640

1385.8900,45.8367,47.5445,34.3180,34.2918,35.0763,35.1769,41.4795,30.0225,39.4135,32.5997,37.9683

1386.8900,45.8522,47.4366,34.3649,34.2956,35.0752,35.1907,41.4898,30.0223,39.4049,32.6065,37.9659

1387.8900,45.8742,47.4931,34.4220,34.2759,35.0833,35.1764,41.5093,30.0299,39.4297,32.6032,37.9830

1388.8900,45.8664,47.4563,34.4653,34.2841,35.0632,35.1695,41.5147,30.0192,39.4271,32.5943,37.9798

1389.8900,45.8741,47.5113,34.4189,34.2864,35.0893,35.1885,41.5337,30.0195,39.4360,32.6040,37.9902

1390.8900,45.8736,47.4969,34.4404,34.3046,35.0762,35.2007,41.5067,30.0369,39.4384,32.6188,37.9920

1391.8900,45.8647,47.4964,34.5691,34.3078,35.1103,35.1926,41.4954,30.0345,39.4696,32.6135,38.0088

1392.8900,45.8702,47.3987,34.4919,34.2901,35.1139,35.1799,41.4703,30.0222,39.4330,32.6010,37.9796

1393.8900,45.8768,47.4852,34.4557,34.2881,35.1038,35.1917,41.4902,30.0411,39.4419,32.6164,37.9916

1394.8900,45.8395,47.4219,34.4297,34.2906,35.0886,35.1826,41.5262,30.0245,39.4141,32.6035,37.9755

1395.8900,45.8769,47.4952,34.4864,34.3272,35.0949,35.1824,41.5314,30.0346,39.4561,32.6085,38.0036

1396.8900,45.8945,47.4354,34.4302,34.3234,35.1066,35.1931,41.5332,30.0157,39.4380,32.6044,37.9915

1397.8900,45.9003,47.5113,34.3796,34.3225,35.1068,35.1952,41.5663,30.0221,39.4441,32.6087,38.0005

1398.8900,45.9246,47.4831,34.4367,34.3234,35.1099,35.2086,41.5556,30.0261,39.4555,32.6173,38.0085

1399.8900,45.9132,47.5188,34.4279,34.3539,35.1115,35.2013,41.5607,30.0178,39.4650,32.6096,38.0131

1400.8900,45.9131,47.5505,34.4309,34.3442,35.1034,35.1989,41.5949,30.0191,39.4684,32.6090,38.0194

1401.8900,45.9270,47.5728,34.4487,34.3307,35.1216,35.2171,41.5912,30.0313,39.4802,32.6242,38.0301

1402.8900,45.9263,47.5453,34.4574,34.3198,35.1223,35.1911,41.5864,30.0358,39.4742,32.6135,38.0230

1403.8900,45.9280,47.5125,34.4772,34.3312,35.1035,35.2209,41.5856,30.0371,39.4705,32.6290,38.0245

1404.8900,45.9169,47.5122,34.5265,34.3369,35.1198,35.2078,41.5662,29.9976,39.4825,32.6027,38.0230

1405.8900,45.9410,47.5347,34.4917,34.3428,35.1344,35.2149,41.5623,30.0197,39.4889,32.6173,38.0302

1406.8900,45.9363,47.6317,34.5505,34.3314,35.1184,35.2209,41.5528,30.0314,39.5137,32.6261,38.0467

1407.8900,45.9522,47.6264,34.5582,34.3447,35.1377,35.2224,41.5609,30.0014,39.5238,32.6119,38.0505

1408.8900,45.9555,47.4697,34.5121,34.3585,35.1288,35.2220,41.5528,30.0061,39.4849,32.6140,38.0257

1409.8900,45.9699,47.5773,34.4641,34.3470,35.1481,35.2155,41.5679,30.0090,39.5013,32.6123,38.0373

1410.8900,45.9608,47.5212,34.4434,34.3535,35.1408,35.2199,41.5961,30.0290,39.4839,32.6244,38.0331

1411.8900,45.9508,47.5310,34.3863,34.3428,35.1406,35.2426,41.6181,30.0217,39.4703,32.6321,38.0292

1412.8900,45.9754,47.5248,34.3890,34.3338,35.1363,35.2206,41.6045,30.0273,39.4719,32.6239,38.0265

1413.8900,45.9529,47.4713,34.3668,34.3298,35.1417,35.2339,41.6284,30.0398,39.4525,32.6368,38.0206

1414.8910,45.9673,47.4892,34.4770,34.3455,35.1403,35.2446,41.6468,30.0280,39.4838,32.6363,38.0423

1415.8900,45.9920,47.5571,34.5335,34.3303,35.1499,35.2242,41.6229,30.0348,39.5126,32.6295,38.0556

1416.8900,45.9856,47.5205,34.6224,34.3434,35.1448,35.2346,41.6201,30.0221,39.5233,32.6284,38.0617

1417.8900,45.9837,47.5302,34.5504,34.3458,35.1386,35.2346,41.6090,30.0155,39.5098,32.6250,38.0510

1418.8900,45.9976,47.5411,34.5197,34.3549,35.1293,35.2336,41.5901,30.0216,39.5085,32.6276,38.0485

1419.8900,45.9942,47.4206,34.5289,34.3608,35.1595,35.2615,41.5639,30.0172,39.4928,32.6393,38.0383

1420.8900,46.0237,47.3550,34.4697,34.3554,35.1327,35.2633,41.5795,30.0232,39.4673,32.6432,38.0253

1421.8900,46.0383,47.5277,34.4865,34.3456,35.1615,35.2480,41.5725,30.0215,39.5119,32.6348,38.0502

1422.8900,46.0281,47.5668,34.5055,34.3922,35.1586,35.2438,41.5825,30.0168,39.5302,32.6303,38.0618

1423.8900,46.0418,47.5030,34.4638,34.3960,35.1674,35.2446,41.5937,30.0143,39.5144,32.6294,38.0531

1424.8900,46.0299,47.4900,34.4564,34.3894,35.1526,35.2475,41.5830,30.0441,39.5037,32.6458,38.0491

1425.8900,46.0557,47.5150,34.5139,34.4208,35.1640,35.2473,41.5960,30.0264,39.5339,32.6369,38.0674

1426.8910,46.0426,47.5364,34.5576,34.4120,35.1639,35.2425,41.6180,30.0113,39.5425,32.6269,38.0730

1427.8900,46.0477,47.4897,34.5118,34.4125,35.1841,35.2468,41.6455,30.0104,39.5292,32.6286,38.0685

1428.8900,46.0619,47.5192,34.5593,34.4381,35.1829,35.2320,41.6602,30.0120,39.5523,32.6220,38.0832

1429.8900,46.0474,47.4906,34.5894,34.4508,35.1641,35.2146,41.6580,30.0166,39.5484,32.6156,38.0789

1430.8900,46.0405,47.5349,34.5279,34.4287,35.1712,35.2484,41.6760,30.0068,39.5406,32.6276,38.0793

1431.8900,46.0577,47.5646,34.5846,34.4142,35.1642,35.2325,41.6663,30.0271,39.5571,32.6298,38.0889

1432.8900,46.0725,47.5879,34.5123,34.4467,35.1773,35.2306,41.6744,30.0308,39.5593,32.6307,38.0916

1433.8900,46.0514,47.5779,34.5274,34.4548,35.1555,35.2364,41.6508,30.0117,39.5534,32.6241,38.0832

1434.8900,46.0684,47.6720,34.6095,34.4283,35.1721,35.2559,41.6403,30.0337,39.5901,32.6448,38.1100

1435.8900,46.0631,47.5086,34.4480,34.4143,35.1827,35.2618,41.6468,30.0165,39.5233,32.6391,38.0677

1436.8900,46.0632,47.4938,34.5585,34.4157,35.1749,35.2535,41.6259,30.0191,39.5413,32.6363,38.0756

1437.8900,46.0546,47.5283,34.5878,34.3996,35.1737,35.2598,41.6392,30.0328,39.5488,32.6463,38.0845

1438.8910,46.0573,47.6124,34.6457,34.4181,35.1727,35.2621,41.6325,30.0220,39.5813,32.6421,38.1029

1439.8900,46.0845,47.6013,34.5895,34.4223,35.1800,35.2816,41.6394,30.0077,39.5755,32.6446,38.1008

1440.8900,46.0950,47.6338,34.6355,34.4333,35.1948,35.2753,41.6466,30.0103,39.5985,32.6428,38.1156

1441.8900,46.0744,47.6566,34.6739,34.4333,35.1946,35.2722,41.6545,30.0191,39.6065,32.6456,38.1223

1442.8900,46.0735,47.6516,34.6375,34.4465,35.1946,35.2643,41.6541,30.0262,39.6007,32.6453,38.1185

1443.8900,46.0826,47.6964,34.5588,34.4469,35.1594,35.2759,41.6661,30.0025,39.5888,32.6392,38.1111

1444.8900,46.0850,47.6236,34.4917,34.4622,35.2100,35.2614,41.6437,30.0289,39.5745,32.6452,38.1008

1445.8900,46.0785,47.7446,34.5415,34.4511,35.1740,35.2737,41.6624,30.0289,39.5979,32.6513,38.1193

1446.8900,46.1211,47.7670,34.5903,34.4485,35.1894,35.2465,41.6640,30.0529,39.6233,32.6497,38.1350

1447.8900,46.1216,47.8214,34.5424,34.4226,35.2024,35.2913,41.6420,30.0265,39.6221,32.6589,38.1338

1448.8900,46.1156,47.7996,34.5653,34.4197,35.2020,35.2820,41.6284,30.0340,39.6204,32.6580,38.1308

1449.8900,46.1069,47.6825,34.5887,34.4206,35.1942,35.2765,41.6368,30.0440,39.5986,32.6603,38.1188

1450.8900,46.1311,47.5954,34.6060,34.4196,35.1844,35.2808,41.6135,30.0371,39.5873,32.6589,38.1085

1451.8910,46.1398,47.6255,34.4604,34.4224,35.1970,35.2957,41.6344,30.0417,39.5690,32.6687,38.1021

1452.8900,46.1363,47.7418,34.5321,34.4591,35.1996,35.2599,41.6443,30.0335,39.6138,32.6467,38.1258

1453.8900,46.1254,47.7591,34.4962,34.4658,35.2260,35.2957,41.6487,30.0295,39.6145,32.6626,38.1308

1454.8900,46.1401,47.7222,34.6331,34.4617,35.1945,35.2970,41.6460,30.0289,39.6303,32.6629,38.1404

1455.8900,46.1306,47.6736,34.6747,34.4486,35.2097,35.2897,41.6507,30.0305,39.6275,32.6601,38.1385

1456.8900,46.1446,47.6778,34.6448,34.4627,35.1934,35.2823,41.6721,30.0033,39.6246,32.6428,38.1351

1457.8900,46.1422,47.6828,34.5548,34.4837,35.2293,35.3000,41.6888,30.0187,39.6186,32.6593,38.1375

1458.8900,46.1571,47.6567,34.5692,34.4737,35.2177,35.2916,41.7067,30.0268,39.6149,32.6592,38.1374

1459.8900,46.1543,47.5536,34.5881,34.4762,35.2060,35.2851,41.6865,30.0353,39.5957,32.6602,38.1231

1460.8900,46.1396,47.5881,34.7011,34.4652,35.2160,35.3143,41.6834,30.0204,39.6220,32.6673,38.1410

1461.8900,46.1266,47.5033,34.5443,34.4717,35.2169,35.3058,41.6945,30.0269,39.5726,32.6664,38.1113

1462.8900,46.1246,47.5182,34.5490,34.4914,35.2074,35.2860,41.6950,30.0150,39.5781,32.6505,38.1108

1463.8900,46.1428,47.4781,34.6072,34.4757,35.2477,35.3132,41.6971,30.0297,39.5903,32.6715,38.1239

1464.8900,46.1474,47.5952,34.6901,34.4789,35.2220,35.2954,41.6891,30.0264,39.6267,32.6609,38.1431

1465.8900,46.1486,47.6618,34.5842,34.5008,35.2387,35.3140,41.6914,30.0422,39.6268,32.6781,38.1477

1466.8900,46.1615,47.7067,34.5312,34.4905,35.2386,35.3279,41.6932,30.0327,39.6257,32.6803,38.1478

1467.8900,46.1751,47.7628,34.5791,34.4653,35.2434,35.3192,41.6891,30.0174,39.6452,32.6683,38.1564

1468.8900,46.1808,47.7428,34.5720,34.5018,35.2384,35.3212,41.7012,30.0156,39.6472,32.6684,38.1592

1469.8900,46.1686,47.6354,34.6202,34.4887,35.2499,35.3220,41.6891,30.0361,39.6326,32.6791,38.1512

1470.8900,46.1764,47.6940,34.6598,34.5039,35.2508,35.3304,41.6702,30.0201,39.6570,32.6752,38.1632

1471.8900,46.1959,47.6589,34.6453,34.5175,35.2335,35.3200,41.6628,30.0440,39.6502,32.6820,38.1598

1472.8910,46.1856,47.6670,34.5913,34.5169,35.2549,35.3227,41.6789,30.0195,39.6431,32.6711,38.1546

1473.8900,46.1880,47.7341,34.5131,34.5047,35.2330,35.3289,41.7059,30.0266,39.6346,32.6778,38.1543

1474.8910,46.2021,47.7114,34.6288,34.5089,35.2295,35.3357,41.7222,30.0264,39.6561,32.6810,38.1706

1475.8900,46.1757,47.6620,34.5544,34.5104,35.2567,35.3479,41.7344,30.0203,39.6319,32.6841,38.1577

1476.8900,46.1760,47.7145,34.5607,34.5181,35.2720,35.3201,41.7406,30.0235,39.6482,32.6718,38.1657

1477.8900,46.1970,47.6566,34.4890,34.5162,35.2571,35.3254,41.7364,30.0311,39.6232,32.6782,38.1511

1478.8900,46.1815,47.6470,34.6151,34.5168,35.2559,35.3378,41.7505,30.0389,39.6433,32.6883,38.1679

1479.8900,46.2237,47.6418,34.6642,34.5270,35.2653,35.3252,41.7323,30.0295,39.6644,32.6774,38.1761

1480.8900,46.2012,47.7137,34.7256,34.5300,35.2782,35.3465,41.7208,30.0123,39.6897,32.6794,38.1910

1481.8900,46.2191,47.7572,34.7326,34.5337,35.2887,35.3472,41.7082,30.0150,39.7063,32.6811,38.2002

1482.8900,46.1976,47.6629,34.7220,34.5389,35.2563,35.3354,41.7195,30.0195,39.6756,32.6775,38.1815

1483.8910,46.2194,47.6668,34.7475,34.5434,35.2816,35.3396,41.7211,30.0172,39.6918,32.6784,38.1921

1484.8910,46.2277,47.6642,34.7167,34.5280,35.2736,35.3465,41.7333,30.0157,39.6820,32.6811,38.1882

1485.8900,46.2166,47.6382,34.7368,34.5369,35.2834,35.3185,41.7282,30.0326,39.6824,32.6755,38.1864

1486.8900,46.2405,47.7049,34.6503,34.5346,35.2879,35.3618,41.7124,30.0146,39.6836,32.6882,38.1884

1487.8900,46.2275,47.6401,34.6858,34.5215,35.2925,35.3468,41.7105,30.0051,39.6735,32.6760,38.1787

1488.8900,46.2424,47.7210,34.7109,34.5265,35.2804,35.3487,41.7211,30.0231,39.6962,32.6859,38.1968

1489.8900,46.2266,47.7924,34.6531,34.5243,35.2813,35.3491,41.7449,30.0371,39.6955,32.6931,38.2011

1490.8900,46.2461,47.8131,34.4862,34.5499,35.2908,35.3319,41.7648,30.0297,39.6772,32.6808,38.1890

1491.8900,46.2496,47.7901,34.5762,34.5561,35.3022,35.3354,41.7705,30.0247,39.6948,32.6801,38.2006

1492.8900,46.2350,47.8007,34.6207,34.5716,35.2679,35.3394,41.7719,30.0236,39.6992,32.6815,38.2039

1493.8900,46.2206,47.8223,34.6158,34.5512,35.2902,35.3277,41.7675,30.0376,39.7000,32.6826,38.2041

1494.8900,46.2597,47.7906,34.5791,34.5594,35.2839,35.3540,41.7561,30.0312,39.6945,32.6926,38.2018

1495.8900,46.2530,47.9055,34.6855,34.5582,35.2940,35.3618,41.7191,30.0226,39.7393,32.6922,38.2250

1496.8900,46.2721,47.8828,34.6148,34.5731,35.2782,35.3582,41.6906,30.0302,39.7242,32.6942,38.2125

1497.8910,46.2571,47.8410,34.7359,34.5711,35.3074,35.3645,41.7133,30.0384,39.7425,32.7015,38.2286

1498.8900,46.2521,47.8458,34.7959,34.5713,35.3165,35.3604,41.7060,30.0315,39.7563,32.6960,38.2349

1499.8900,46.2530,47.9236,34.6921,34.5709,35.2846,35.3553,41.7382,30.0320,39.7449,32.6936,38.2312

1500.8900,46.2756,47.9017,34.6568,34.5781,35.3167,35.3743,41.7570,30.0313,39.7458,32.7028,38.2364

1501.8900,46.2767,47.8209,34.7446,34.5573,35.3039,35.3647,41.7661,30.0353,39.7407,32.7000,38.2337

1502.8900,46.2793,47.8698,34.7421,34.5342,35.3210,35.3510,41.7864,30.0229,39.7493,32.6870,38.2384

1503.8900,46.2619,47.7766,34.8051,34.5425,35.3132,35.3735,41.7811,30.0094,39.7398,32.6915,38.2329

1504.8900,46.2728,47.7169,34.7269,34.5537,35.3018,35.3673,41.7393,30.0271,39.7144,32.6972,38.2132

1505.8900,46.2732,47.7985,34.7458,34.5487,35.3195,35.3901,41.7655,30.0308,39.7371,32.7105,38.2340

1506.8900,46.2780,47.6427,34.6453,34.5578,35.3066,35.3749,41.7536,30.0413,39.6861,32.7081,38.2000

1507.8900,46.2853,47.5602,34.6893,34.5648,35.3120,35.3682,41.7702,30.0228,39.6823,32.6955,38.1966

1508.8900,46.2903,47.6769,34.6449,34.5803,35.3068,35.3728,41.7866,30.0289,39.6998,32.7008,38.2109

1509.8900,46.2896,47.7497,34.5752,34.5771,35.3281,35.3716,41.7848,30.0301,39.7040,32.7008,38.2133

1510.8900,46.2736,47.7302,34.6360,34.5803,35.3124,35.4018,41.7829,30.0331,39.7065,32.7175,38.2188

1511.8900,46.2988,47.8812,34.5911,34.5944,35.3220,35.3959,41.8034,30.0361,39.7375,32.7160,38.2404

1512.8910,46.2823,47.8602,34.5835,34.6069,35.3104,35.3843,41.7749,30.0160,39.7287,32.7002,38.2273

1513.8900,46.3109,47.8537,34.7165,34.6102,35.3365,35.3655,41.7693,30.0281,39.7655,32.6968,38.2488

1514.8900,46.3090,47.8301,34.7104,34.5999,35.3453,35.3916,41.7633,30.0191,39.7589,32.7054,38.2461

1515.8900,46.3327,47.8232,34.6271,34.6065,35.3417,35.4016,41.7717,30.0127,39.7462,32.7071,38.2396

1516.8900,46.3201,47.8539,34.7578,34.6019,35.3440,35.3702,41.7978,30.0347,39.7755,32.7024,38.2600

1517.8900,46.3257,47.8128,34.8108,34.6194,35.3398,35.4043,41.8110,30.0319,39.7817,32.7181,38.2695

1518.8900,46.3303,47.8882,34.7443,34.6221,35.3252,35.3982,41.8184,30.0290,39.7820,32.7136,38.2695

1519.8900,46.3482,47.9318,34.6948,34.6138,35.3634,35.3802,41.8403,30.0288,39.7904,32.7045,38.2751

1520.8900,46.3451,47.9543,34.7503,34.6075,35.3491,35.3954,41.8271,30.0008,39.8012,32.6981,38.2787

1521.8900,46.3526,47.9615,34.7290,34.6382,35.3459,35.4086,41.8344,30.0395,39.8054,32.7240,38.2887

1522.8900,46.3326,47.9122,34.6421,34.6225,35.3514,35.4132,41.8508,30.0394,39.7722,32.7263,38.2705

1523.8900,46.3612,47.8405,34.7260,34.6235,35.3214,35.4327,41.8621,30.0261,39.7745,32.7294,38.2742

1524.8900,46.3627,47.8298,34.7751,34.6234,35.3495,35.4127,41.8411,30.0107,39.7881,32.7117,38.2756

1525.8900,46.3558,47.8059,34.7322,34.6489,35.3758,35.4244,41.8334,30.0286,39.7837,32.7265,38.2756

1526.8900,46.3626,47.7971,34.7622,34.6255,35.3298,35.3976,41.8092,30.0228,39.7754,32.7102,38.2633

1527.8900,46.3780,47.8601,34.8535,34.6498,35.3622,35.4426,41.8115,30.0192,39.8207,32.7309,38.2971

1528.8910,46.3673,47.9111,34.7754,34.6425,35.3579,35.4327,41.8288,30.0299,39.8108,32.7313,38.2932

1529.8900,46.3407,47.8469,34.7863,34.6674,35.3614,35.4250,41.8257,30.0255,39.8005,32.7253,38.2849

1530.8900,46.3730,47.8783,34.8663,34.6402,35.3543,35.4076,41.8406,30.0348,39.8224,32.7212,38.2994

1531.8900,46.3680,47.8001,34.8569,34.6379,35.3614,35.4245,41.8559,30.0193,39.8049,32.7219,38.2905

1532.8900,46.3766,47.8397,34.7439,34.6265,35.3658,35.4262,41.8929,30.0257,39.7905,32.7259,38.2872

1533.8900,46.3543,47.8322,34.7602,34.6432,35.3536,35.4308,41.8993,30.0369,39.7887,32.7339,38.2888

1534.8900,46.3683,47.8090,34.6871,34.6492,35.3711,35.4197,41.8728,30.0342,39.7770,32.7270,38.2764

1535.8900,46.3665,47.7526,34.7443,34.6666,35.3632,35.4268,41.8626,30.0329,39.7786,32.7298,38.2769

1536.8900,46.3764,47.8264,34.7825,34.6701,35.3427,35.4354,41.8610,30.0509,39.7996,32.7431,38.2932

1537.8900,46.3878,47.8712,34.7548,34.6799,35.3767,35.4356,41.8381,30.0436,39.8141,32.7396,38.2985

1538.8900,46.3648,47.8739,34.8057,34.6573,35.3750,35.4503,41.8733,30.0490,39.8153,32.7496,38.3061

1539.8900,46.3877,47.8220,34.8075,34.6610,35.3827,35.4472,41.8724,30.0336,39.8122,32.7404,38.3018

1540.8900,46.4147,47.8577,34.7387,34.6647,35.3860,35.4487,41.8854,30.0450,39.8124,32.7469,38.3051

1541.8900,46.3987,47.8348,34.8531,34.6556,35.3736,35.4569,41.8852,30.0566,39.8232,32.7567,38.3143

1542.8910,46.4165,47.9017,34.7958,34.6582,35.3743,35.4356,41.8626,30.0577,39.8293,32.7467,38.3128

1543.8900,46.4266,47.9896,34.9578,34.6868,35.3719,35.4430,41.8873,30.0501,39.8865,32.7466,38.3516

1544.8910,46.4041,47.8954,34.9196,34.6870,35.3819,35.4352,41.8908,30.0583,39.8576,32.7468,38.3340

1545.8900,46.4241,47.9713,34.8517,34.7184,35.3872,35.4630,41.8698,30.0518,39.8705,32.7574,38.3422

1546.8900,46.4634,47.9623,34.8089,34.6896,35.3759,35.4456,41.8849,30.0301,39.8600,32.7378,38.3326

1547.8900,46.4285,47.8676,34.8382,34.7020,35.3696,35.4534,41.8549,30.0544,39.8412,32.7539,38.3211

1548.8900,46.4331,47.8665,34.8056,34.6966,35.3930,35.4486,41.8566,30.0289,39.8389,32.7388,38.3161

1549.8900,46.4367,47.9278,34.8793,34.7043,35.4041,35.4453,41.8624,30.0321,39.8704,32.7387,38.3365

1550.8900,46.4323,47.9143,34.8835,34.6944,35.3940,35.4450,41.8381,30.0380,39.8637,32.7415,38.3299

1551.8900,46.4333,48.0185,34.9173,34.6968,35.3894,35.4596,41.8461,30.0484,39.8911,32.7540,38.3512

1552.8900,46.4246,47.9791,34.9284,34.7000,35.4157,35.4583,41.8483,30.0353,39.8895,32.7468,38.3487

1553.8900,46.4442,48.0149,34.7671,34.6946,35.3929,35.4542,41.8383,30.0392,39.8627,32.7467,38.3307

1554.8900,46.4434,48.0368,34.7579,34.6914,35.4047,35.4740,41.8635,30.0356,39.8668,32.7548,38.3384

1555.8900,46.4583,47.9613,34.7892,34.7171,35.4016,35.4750,41.8863,30.0560,39.8655,32.7655,38.3431

1556.8900,46.4578,47.9348,34.9004,34.7057,35.4024,35.4721,41.8833,30.0469,39.8802,32.7595,38.3504

1557.8910,46.4441,47.9619,34.8450,34.7275,35.4078,35.4775,41.8738,30.0415,39.8773,32.7595,38.3474

1558.8900,46.4384,47.9945,34.8097,34.6917,35.4026,35.4811,41.8787,30.0621,39.8674,32.7716,38.3449

1559.8900,46.4410,47.9232,34.8237,34.6978,35.4065,35.4818,41.8759,30.0501,39.8584,32.7660,38.3375

1560.8910,46.4751,47.8104,34.8594,34.6984,35.4087,35.4817,41.8881,30.0457,39.8504,32.7637,38.3334

1561.8900,46.4595,47.8844,34.8869,34.7254,35.4205,35.4696,41.8676,30.0345,39.8753,32.7521,38.3435

1562.8910,46.4506,47.8960,34.9417,34.7330,35.4148,35.4757,41.9090,30.0345,39.8872,32.7551,38.3569

1563.8900,46.4647,47.8118,34.8580,34.7228,35.4127,35.4735,41.8993,30.0464,39.8540,32.7600,38.3361

1564.8900,46.4558,47.7824,34.8119,34.7351,35.4248,35.4716,41.9083,30.0370,39.8420,32.7543,38.3284

1565.8900,46.4620,47.8066,34.8499,34.7516,35.4188,35.4913,41.9401,30.0258,39.8578,32.7586,38.3433

1566.8900,46.4455,47.8890,34.7667,34.7535,35.4246,35.4953,41.9508,30.0472,39.8559,32.7712,38.3466

1567.8900,46.4775,47.8274,34.7409,34.7470,35.4252,35.4911,41.9508,30.0298,39.8436,32.7605,38.3362

1568.8910,46.4671,47.9396,34.8257,34.7569,35.4268,35.4834,41.9626,30.0160,39.8832,32.7497,38.3598

1569.8900,46.4818,47.9900,34.8898,34.7414,35.4539,35.4983,41.9672,30.0413,39.9114,32.7698,38.3830

1570.8900,46.4981,47.9240,34.8727,34.7178,35.4502,35.5063,41.9641,30.0394,39.8926,32.7729,38.3716

1571.8900,46.4789,47.8767,34.8857,34.7439,35.4476,35.4907,41.9715,30.0402,39.8866,32.7654,38.3669

1572.8900,46.5000,47.8630,34.8607,34.7277,35.4474,35.4937,41.9596,30.0404,39.8798,32.7671,38.3616

1573.8900,46.5191,47.8640,34.8771,34.7516,35.4442,35.5111,41.9499,30.0442,39.8912,32.7776,38.3701

1574.8900,46.4934,47.8642,34.8454,34.7542,35.4505,35.4884,41.9422,30.0407,39.8815,32.7646,38.3599

1575.8910,46.5125,47.9138,34.8329,34.7528,35.4535,35.5049,41.9292,30.0310,39.8931,32.7680,38.3663

1576.8900,46.5109,47.9284,34.8425,34.7672,35.4514,35.5038,41.9277,30.0313,39.9001,32.7675,38.3704

1577.8900,46.5265,47.9450,34.9038,34.7699,35.4507,35.5101,41.9504,30.0405,39.9192,32.7753,38.3871

1578.8900,46.5194,47.9542,34.8672,34.7605,35.4660,35.5063,41.9354,30.0432,39.9134,32.7747,38.3815

1579.8900,46.5194,47.8898,34.8844,34.7613,35.4511,35.4997,41.9274,30.0432,39.9012,32.7714,38.3720

1580.8900,46.5142,47.9200,34.9665,34.7564,35.4659,35.5113,41.9690,30.0496,39.9246,32.7804,38.3941

1581.8900,46.5148,47.9057,34.9197,34.7728,35.4744,35.5133,41.9843,30.0145,39.9175,32.7639,38.3874

1582.8900,46.5341,47.9848,34.7610,34.7751,35.4505,35.5221,41.9666,30.0389,39.9011,32.7805,38.3791

1583.8900,46.5228,48.0351,34.7912,34.7735,35.4629,35.5377,41.9720,30.0522,39.9171,32.7950,38.3934

1584.8900,46.5319,47.9743,34.7999,34.8018,35.4633,35.5040,41.9923,30.0427,39.9142,32.7733,38.3888

1585.8900,46.5450,47.8827,34.8052,34.7738,35.4521,35.5297,41.9761,30.0188,39.8917,32.7743,38.3729

1586.8900,46.5323,47.9430,34.8376,34.8058,35.4749,35.5413,42.0032,30.0234,39.9187,32.7823,38.3952

1587.8910,46.5358,47.8975,34.8365,34.7696,35.4596,35.5167,41.9817,30.0475,39.8998,32.7821,38.3806

1588.8910,46.5109,47.9638,34.7753,34.8095,35.4738,35.5243,41.9781,30.0449,39.9067,32.7846,38.3851

1589.8900,46.5194,47.9907,34.7637,34.8199,35.4937,35.5194,41.9368,30.0474,39.9175,32.7834,38.3864

1590.8900,46.5313,48.0061,34.8027,34.7849,35.4636,35.5272,41.9573,30.0247,39.9177,32.7760,38.3872

1591.8900,46.5446,48.0114,34.9826,34.8230,35.4854,35.5341,41.9533,30.0439,39.9694,32.7890,38.4223

1592.8900,46.5481,47.9897,34.9134,34.8020,35.4997,35.5250,41.9515,30.0281,39.9506,32.7765,38.4072

1593.8900,46.5364,48.0065,34.9392,34.7918,35.4786,35.5468,41.9489,30.0242,39.9505,32.7855,38.4091

1594.8900,46.5406,48.0724,34.8856,34.7915,35.4753,35.5230,41.9546,30.0685,39.9531,32.7958,38.4139

1595.8900,46.5638,48.1561,34.8083,34.7713,35.4926,35.5450,41.9271,30.0215,39.9584,32.7832,38.4107

1596.8910,46.5514,48.1166,34.9041,34.7567,35.4796,35.5479,41.9302,30.0418,39.9617,32.7949,38.4161

1597.8900,46.5626,48.0761,34.9478,34.7620,35.5031,35.5241,41.9392,30.0371,39.9703,32.7806,38.4190

1598.8900,46.5482,48.0802,34.8996,34.7541,35.5059,35.5186,41.9439,30.0395,39.9576,32.7790,38.4113

1599.8900,46.5539,48.0743,34.8744,34.7691,35.4957,35.5233,41.9501,30.0499,39.9535,32.7866,38.4113

1600.8900,46.5457,48.1141,34.9521,34.7742,35.4930,35.5426,41.9370,30.0576,39.9758,32.8001,38.4270

1601.8900,46.5969,48.0586,34.9222,34.7827,35.4821,35.5307,41.9278,30.0583,39.9685,32.7945,38.4199

1602.8900,46.5777,47.9099,34.9839,34.7850,35.5160,35.5427,41.9407,30.0347,39.9545,32.7887,38.4113

1603.8910,46.5731,48.0067,34.9750,34.8089,35.4917,35.5348,41.9840,30.0431,39.9711,32.7890,38.4272

1604.8910,46.6068,48.0168,34.9693,34.8121,35.5033,35.5426,41.9625,30.0454,39.9817,32.7940,38.4323

1605.8900,46.5749,48.0680,34.8723,34.7974,35.5057,35.5324,41.9948,30.0295,39.9637,32.7809,38.4219

1606.8900,46.6194,48.0489,34.8956,34.8141,35.5071,35.5544,41.9952,30.0379,39.9770,32.7961,38.4341

1607.8910,46.6030,48.0750,34.8428,34.8348,35.5097,35.5518,42.0195,30.0391,39.9731,32.7955,38.4345

1608.8910,46.6011,48.1341,34.9508,34.8586,35.5022,35.5274,42.0087,30.0235,40.0093,32.7755,38.4508

1609.8900,46.6129,48.0763,34.9270,34.8610,35.5202,35.5717,42.0028,30.0454,39.9995,32.8086,38.4522

1610.8900,46.6227,48.1059,34.9307,34.8371,35.5184,35.5553,41.9776,30.0450,40.0030,32.8002,38.4491

1611.8910,46.6168,48.0471,34.9317,34.8502,35.5036,35.5457,41.9595,30.0381,39.9899,32.7919,38.4366

1612.8900,46.6236,48.0427,34.9192,34.8396,35.5179,35.5679,41.9843,30.0342,39.9886,32.8010,38.4412

1613.8910,46.6347,48.0645,34.8959,34.8327,35.5184,35.5717,41.9820,30.0487,39.9892,32.8102,38.4436

1614.8900,46.6422,48.0563,34.9877,34.8450,35.5418,35.5615,42.0026,30.0498,40.0146,32.8056,38.4609

1615.8910,46.6324,48.0277,34.9925,34.8367,35.5390,35.5633,41.9957,30.0408,40.0057,32.8021,38.4535

1616.8910,46.6398,48.1871,34.9347,34.8519,35.5188,35.5702,41.9825,30.0374,40.0264,32.8038,38.4653

1617.8900,46.6374,48.1808,34.8890,34.8707,35.4912,35.5800,41.9998,30.0247,40.0138,32.8024,38.4592

1618.8900,46.6530,48.1856,34.9986,34.8882,35.5382,35.5798,42.0181,30.0391,40.0527,32.8095,38.4876

1619.8910,46.6702,48.1260,34.9407,34.8630,35.5331,35.5696,42.0182,30.0579,40.0266,32.8138,38.4724

1620.8900,46.6508,48.1298,34.9534,34.8655,35.5412,35.5744,42.0155,30.0463,40.0281,32.8103,38.4721

1621.8900,46.6738,48.1502,34.9465,34.8421,35.5274,35.5658,42.0095,30.0508,40.0280,32.8083,38.4708

1622.8900,46.6758,48.0571,34.9703,34.8659,35.5257,35.5645,41.9886,30.0486,40.0190,32.8066,38.4621

1623.8910,46.6663,48.0538,34.9165,34.8514,35.5479,35.5722,42.0113,30.0413,40.0072,32.8068,38.4576

1624.8910,46.6646,48.0109,34.9124,34.8880,35.5204,35.5827,42.0328,30.0457,39.9993,32.8142,38.4572

1625.8900,46.6411,48.0592,34.9444,34.8419,35.5337,35.5637,42.0251,30.0308,40.0041,32.7972,38.4550

1626.8900,46.6525,48.0919,34.8993,34.8665,35.5359,35.5859,41.9966,30.0447,40.0092,32.8153,38.4591

1627.8910,46.6525,48.1514,34.9824,34.8551,35.5456,35.5784,42.0303,30.0503,40.0374,32.8144,38.4808

1628.8910,46.6271,48.1215,34.9811,34.8449,35.5443,35.6004,42.0328,30.0273,40.0238,32.8139,38.4724

1629.8910,46.6648,48.1431,35.0376,34.8607,35.5427,35.5759,42.0206,30.0431,40.0498,32.8095,38.4861

1630.8910,46.6684,48.0785,35.0359,34.8670,35.5426,35.5964,42.0338,30.0608,40.0385,32.8286,38.4854

1631.8900,46.6459,48.1224,34.9848,34.8744,35.5400,35.5779,42.0193,30.0418,40.0335,32.8098,38.4758

1632.8910,46.6781,48.0207,34.9625,34.8731,35.5463,35.5954,42.0236,30.0477,40.0161,32.8216,38.4684

1633.8900,46.6818,48.0178,35.0892,34.8646,35.5439,35.5935,41.9947,30.0476,40.0395,32.8206,38.4792

1634.8910,46.6710,48.1468,35.0610,34.8598,35.5508,35.6106,42.0118,30.0287,40.0579,32.8196,38.4926

1635.8900,46.6800,48.1105,34.9251,34.8741,35.5473,35.5926,42.0185,30.0397,40.0274,32.8162,38.4735

1636.8900,46.6745,48.0702,34.9849,34.8464,35.5543,35.6020,42.0105,30.0454,40.0261,32.8237,38.4735

1637.8910,46.6945,48.0055,35.0674,34.8779,35.5684,35.5965,42.0279,30.0422,40.0427,32.8193,38.4850

1638.8900,46.6818,48.0801,35.0385,34.8574,35.5462,35.6243,42.0303,30.0462,40.0408,32.8353,38.4881

1639.8900,46.6755,48.0749,35.0098,34.8399,35.5591,35.6077,42.0595,30.0445,40.0318,32.8261,38.4839

1640.8910,46.7038,48.1302,35.0044,34.8425,35.5507,35.6050,42.0946,30.0390,40.0463,32.8220,38.4963

1641.8900,46.6945,48.1935,34.9819,34.8345,35.5699,35.6129,42.0866,30.0483,40.0548,32.8306,38.5027

1642.8900,46.6854,48.1955,35.1083,34.8420,35.5658,35.6093,42.1001,30.0396,40.0794,32.8245,38.5183

1643.8900,46.6819,48.2119,35.0712,34.8788,35.5758,35.6188,42.0600,30.0454,40.0839,32.8321,38.5180

1644.8900,46.6889,48.1700,35.0082,34.9015,35.5857,35.6072,42.0843,30.0426,40.0708,32.8249,38.5110

1645.8910,46.6952,48.1007,35.0041,34.9007,35.5724,35.6127,42.0459,30.0561,40.0547,32.8344,38.4985

1646.8900,46.7052,48.1044,34.9633,34.9128,35.5793,35.6195,42.0207,30.0705,40.0530,32.8450,38.4970

1647.8900,46.6937,48.1506,34.9736,34.8978,35.5826,35.6078,42.0216,30.0249,40.0596,32.8164,38.4941

1648.8900,46.7218,48.1942,34.9826,34.8937,35.5731,35.6288,42.0631,30.0398,40.0731,32.8343,38.5121

1649.8900,46.7193,48.2016,34.9521,34.8969,35.5888,35.6337,42.0728,30.0419,40.0717,32.8378,38.5134

1650.8900,46.7203,48.1630,35.0488,34.9075,35.5898,35.6267,42.0680,30.0453,40.0859,32.8360,38.5212

1651.8900,46.7419,48.1988,35.0715,34.8978,35.5845,35.6159,42.0956,30.0593,40.0989,32.8376,38.5332

1652.8900,46.7268,48.1558,35.0814,34.9045,35.5954,35.6085,42.0910,30.0533,40.0928,32.8309,38.5271

1653.8900,46.7078,48.2097,35.0324,34.9178,35.5888,35.6263,42.1275,30.0411,40.0913,32.8337,38.5314

1654.8900,46.7366,48.2211,35.0580,34.9213,35.5665,35.6400,42.1217,30.0525,40.1007,32.8462,38.5397

1655.8900,46.7453,48.2146,35.1511,34.9274,35.5907,35.6281,42.1296,30.0368,40.1258,32.8325,38.5530

1656.8900,46.7261,48.1656,35.0454,34.9312,35.5816,35.6260,42.0990,30.0672,40.0900,32.8466,38.5303

1657.8900,46.7275,48.1189,35.0506,34.9023,35.5793,35.6560,42.0833,30.0437,40.0757,32.8498,38.5202

1658.8900,46.7164,48.1414,35.0625,34.9170,35.5938,35.6570,42.1016,30.0654,40.0862,32.8612,38.5319

1659.8910,46.7385,48.2309,35.0777,34.9102,35.5969,35.6498,42.1014,30.0511,40.1109,32.8504,38.5446

1660.8900,46.7515,48.1452,35.1174,34.9195,35.5773,35.6531,42.0869,30.0450,40.1022,32.8490,38.5370

1661.8900,46.7518,48.1855,35.0350,34.9148,35.5781,35.6580,42.1213,30.0589,40.0930,32.8585,38.5379

1662.8900,46.7498,48.1711,35.0874,34.9045,35.5990,35.6449,42.1199,30.0278,40.1024,32.8363,38.5380

1663.8900,46.7476,48.0977,35.0375,34.9051,35.6047,35.6346,42.0982,30.0533,40.0785,32.8439,38.5223

1664.8900,46.7472,48.1203,35.0290,34.8905,35.5978,35.6478,42.1264,30.0402,40.0769,32.8440,38.5249

1665.8900,46.7470,48.0448,34.9695,34.9157,35.6181,35.6574,42.1450,30.0578,40.0590,32.8576,38.5194

1666.8900,46.7634,48.0421,35.0581,34.9078,35.6001,35.6393,42.1241,30.0608,40.0743,32.8501,38.5245

1667.8900,46.7557,48.1974,35.0363,34.9348,35.6101,35.6480,42.1328,30.0577,40.1069,32.8529,38.5466

1668.8900,46.7502,48.0999,35.0487,34.9626,35.5989,35.6410,42.1083,30.0507,40.0920,32.8459,38.5325

1669.8900,46.7636,48.0680,35.0197,34.9617,35.6139,35.6461,42.1153,30.0850,40.0854,32.8656,38.5342

1670.8900,46.7641,48.1731,35.0824,34.9388,35.6163,35.6476,42.1256,30.0564,40.1149,32.8520,38.5505

1671.8900,46.7458,48.2554,35.1081,34.9681,35.6216,35.6581,42.0920,30.0580,40.1398,32.8581,38.5634

1672.8900,46.7826,48.2018,35.0707,34.9598,35.6078,35.6564,42.1046,30.0775,40.1245,32.8669,38.5576

1673.8900,46.7783,48.3067,35.0575,34.9724,35.6123,35.6469,42.0813,30.0764,40.1454,32.8617,38.5665

1674.8900,46.7684,48.3245,35.1429,34.9698,35.6164,35.6613,42.0927,30.0678,40.1644,32.8645,38.5805

1675.8900,46.7787,48.3047,35.1009,34.9722,35.6094,35.6614,42.0914,30.0608,40.1532,32.8611,38.5724

1676.8900,46.7605,48.2551,35.0760,34.9585,35.6098,35.6622,42.0940,30.0508,40.1320,32.8565,38.5584

1677.8900,46.7739,48.2528,35.0746,34.9595,35.6027,35.6616,42.1173,30.0842,40.1327,32.8729,38.5658

1678.8900,46.7565,48.2349,35.0570,34.9536,35.5997,35.6535,42.1008,30.0821,40.1204,32.8678,38.5548

1679.8910,46.7876,48.3242,35.0804,34.9498,35.6283,35.6643,42.1356,30.0629,40.1541,32.8636,38.5791

1680.8900,46.7664,48.4241,35.1065,34.9558,35.6125,35.6742,42.1281,30.0352,40.1731,32.8547,38.5879

1681.8900,46.7748,48.4420,35.0993,34.9627,35.6079,35.6617,42.1173,30.0640,40.1774,32.8628,38.5912

1682.8900,46.8116,48.2386,35.0935,34.9634,35.6207,35.6801,42.1221,30.0618,40.1455,32.8709,38.5740

1683.8900,46.7999,48.2161,34.9916,34.9593,35.6163,35.6626,42.1525,30.0330,40.1166,32.8478,38.5539

1684.8900,46.7921,48.2457,35.0164,34.9865,35.6174,35.6899,42.1539,30.0759,40.1316,32.8829,38.5722

1685.8910,46.7921,48.3359,35.0215,34.9724,35.6141,35.6805,42.1534,30.0448,40.1472,32.8626,38.5768

1686.8900,46.7957,48.2635,34.9876,35.0026,35.6098,35.6706,42.1592,30.0386,40.1318,32.8546,38.5660

1687.8910,46.8181,48.2046,35.0572,34.9926,35.6287,35.6707,42.1795,30.0487,40.1402,32.8597,38.5750

1688.8900,46.8119,48.1818,35.0734,34.9887,35.6392,35.6696,42.1608,30.0433,40.1390,32.8565,38.5711

1689.8900,46.8243,48.2067,35.1838,34.9863,35.6284,35.6822,42.1533,30.0428,40.1659,32.8625,38.5885

1690.8900,46.8139,48.3196,35.0715,35.0041,35.6492,35.6801,42.1584,30.0491,40.1716,32.8646,38.5932

1691.8900,46.8380,48.4019,35.0592,34.9913,35.6310,35.6847,42.1406,30.0613,40.1843,32.8730,38.6010

1692.8900,46.8326,48.2901,35.0954,35.0023,35.6293,35.6981,42.1171,30.0573,40.1699,32.8777,38.5903

1693.8900,46.8408,48.2524,35.1248,34.9760,35.6591,35.6722,42.1281,30.0360,40.1706,32.8541,38.5862

1694.8900,46.8192,48.2005,35.1911,34.9674,35.6471,35.6850,42.1322,30.0357,40.1650,32.8603,38.5848

1695.8910,46.8381,48.2184,35.2106,34.9996,35.6657,35.6830,42.1353,30.0402,40.1865,32.8616,38.5989

1696.8900,46.8448,48.2220,35.0753,34.9826,35.6496,35.6907,42.1594,30.0448,40.1549,32.8677,38.5837

1697.8900,46.8528,48.2661,35.0333,35.0057,35.6567,35.7077,42.1879,30.0618,40.1629,32.8848,38.5965

1698.8900,46.8428,48.2350,35.0650,34.9934,35.6621,35.6798,42.1673,30.0517,40.1597,32.8658,38.5871

1699.8900,46.8453,48.3120,35.0418,34.9988,35.6473,35.6950,42.1870,30.0439,40.1690,32.8694,38.5964

1700.8900,46.8549,48.3334,35.0522,34.9689,35.6663,35.7009,42.1992,30.0372,40.1751,32.8690,38.6016

1701.8900,46.8645,48.3353,35.0677,34.9731,35.6825,35.7017,42.2141,30.0562,40.1846,32.8790,38.6119

1702.8900,46.8447,48.2466,35.1539,34.9438,35.6658,35.7079,42.2003,30.0531,40.1710,32.8805,38.6020

1703.8900,46.8581,48.1741,35.2752,34.9501,35.6555,35.6929,42.2261,30.0568,40.1826,32.8748,38.6111

1704.8900,46.8870,48.1174,35.1450,34.9513,35.6608,35.7085,42.1999,30.0372,40.1523,32.8729,38.5884

1705.8900,46.8624,48.2039,35.0706,34.9812,35.6495,35.7033,42.2031,30.0527,40.1535,32.8780,38.5908

1706.8910,46.8487,48.2188,35.1740,34.9672,35.6586,35.6969,42.1812,30.0651,40.1734,32.8810,38.6013

1707.8900,46.8510,48.2802,35.0705,34.9937,35.6409,35.6900,42.1551,30.0642,40.1673,32.8771,38.5932

1708.8900,46.8684,48.2451,35.1571,34.9920,35.6771,35.7014,42.1733,30.0672,40.1879,32.8843,38.6102

1709.8900,46.8826,48.2069,35.1045,35.0268,35.6653,35.7158,42.1354,30.0558,40.1772,32.8858,38.5991

1710.8900,46.8873,48.1718,35.1737,35.0057,35.6640,35.6990,42.1558,30.0569,40.1805,32.8779,38.6018

1711.8900,46.8778,48.1111,35.1676,35.0104,35.6946,35.7011,42.1539,30.0787,40.1723,32.8899,38.5994

1712.8900,46.9110,48.1054,35.1675,35.0196,35.6887,35.7004,42.1426,30.0418,40.1784,32.8711,38.5971

1713.8900,46.9167,48.1986,35.1850,35.0277,35.6674,35.7015,42.1735,30.0735,40.1991,32.8875,38.6180

1714.8900,46.8964,48.2352,35.1686,35.0128,35.6787,35.7035,42.1768,30.0628,40.1984,32.8831,38.6169

1715.8900,46.9103,48.1651,35.1398,35.0149,35.6717,35.7180,42.1994,30.0543,40.1804,32.8862,38.6092

1716.8900,46.9068,48.2496,35.1513,35.0250,35.6705,35.7154,42.1852,30.0512,40.2006,32.8833,38.6194

1717.8900,46.9061,48.3300,35.2308,35.0179,35.6960,35.7138,42.2251,30.0590,40.2362,32.8864,38.6473

1718.8900,46.9105,48.1742,35.2033,35.0606,35.6790,35.7159,42.1992,30.0485,40.2055,32.8822,38.6239

1719.8900,46.8858,48.1405,35.1103,35.0256,35.6512,35.7246,42.2128,30.0699,40.1627,32.8972,38.6026

1720.8900,46.9055,48.1046,35.1133,35.0136,35.6683,35.7118,42.2242,30.0669,40.1611,32.8893,38.6010

1721.8900,46.8953,48.2014,35.2233,34.9730,35.6912,35.7174,42.2089,30.0555,40.1968,32.8865,38.6207

1722.8900,46.8845,48.2355,35.1876,34.9887,35.6667,35.7247,42.2138,30.0554,40.1926,32.8900,38.6196

1723.8910,46.9071,48.2997,35.1478,34.9807,35.6792,35.7311,42.2161,30.0586,40.2029,32.8949,38.6275

1724.8900,46.9188,48.3337,35.1798,34.9893,35.6714,35.7186,42.1739,30.0653,40.2186,32.8919,38.6313

1725.8900,46.9271,48.2731,35.1582,34.9813,35.6733,35.7191,42.1981,30.0639,40.2026,32.8915,38.6243

1726.8900,46.9010,48.2590,35.2071,34.9741,35.7054,35.7343,42.1853,30.0726,40.2093,32.9035,38.6299

1727.8900,46.9129,48.1639,35.2224,34.9973,35.7005,35.7253,42.2182,30.0837,40.1994,32.9045,38.6280

1728.8900,46.9330,48.3110,35.1929,34.9968,35.6955,35.7372,42.2312,30.0623,40.2258,32.8997,38.6450

1729.8900,46.9099,48.3995,35.1569,34.9978,35.7083,35.7251,42.2238,30.0483,40.2345,32.8867,38.6462

1730.8900,46.9074,48.3704,35.2309,34.9815,35.6894,35.7441,42.2322,30.0500,40.2359,32.8970,38.6507

1731.8900,46.9342,48.3531,35.2003,35.0221,35.6981,35.7571,42.2465,30.0663,40.2416,32.9117,38.6597

1732.8900,46.9165,48.4343,35.2380,35.0115,35.7046,35.7518,42.2574,30.0620,40.2610,32.9069,38.6720

1733.8900,46.9260,48.2930,35.2009,35.0296,35.7039,35.7376,42.2637,30.0646,40.2307,32.9011,38.6524

1734.8900,46.9382,48.3710,35.2292,35.0378,35.7210,35.7336,42.2645,30.0761,40.2595,32.9048,38.6714

1735.8900,46.9228,48.4711,35.1643,35.0530,35.7011,35.7418,42.2484,30.0665,40.2625,32.9042,38.6711

1736.8900,46.9415,48.4174,35.1301,35.0702,35.7163,35.7668,42.2371,30.0493,40.2551,32.9081,38.6661

1737.8900,46.9539,48.4375,35.1266,35.0732,35.7171,35.7625,42.2275,30.0483,40.2616,32.9054,38.6683

1738.8900,46.9395,48.3274,35.2342,35.0901,35.7068,35.7433,42.2708,30.0675,40.2596,32.9054,38.6724

1739.8900,46.9274,48.2580,35.1528,35.0761,35.7128,35.7787,42.2457,30.0688,40.2254,32.9238,38.6525

1740.8910,46.9533,48.3264,35.1139,35.0835,35.7062,35.7455,42.2503,30.0684,40.2367,32.9069,38.6559

1741.8900,46.9527,48.3143,35.1144,35.0844,35.7042,35.7613,42.2317,30.0621,40.2340,32.9117,38.6531

1742.8900,46.9631,48.3955,35.1346,35.0673,35.7460,35.7619,42.2272,30.0646,40.2613,32.9133,38.6700

1743.8900,46.9403,48.5074,35.2244,35.0658,35.7202,35.7455,42.2318,30.0363,40.2916,32.8909,38.6840

1744.8900,46.9525,48.4400,35.3406,35.0613,35.7400,35.7526,42.2240,30.0534,40.3069,32.9030,38.6955

1745.8900,46.9448,48.5098,35.1833,35.0991,35.7107,35.7402,42.2407,30.0644,40.2895,32.9023,38.6866

1746.8910,46.9599,48.4201,35.1426,35.0795,35.7382,35.7737,42.2435,30.0732,40.2680,32.9234,38.6788

1747.8910,46.9549,48.3290,35.2916,35.0637,35.7621,35.7715,42.2669,30.0620,40.2803,32.9167,38.6877

1748.8910,46.9588,48.4259,35.2126,35.0708,35.7323,35.7604,42.2531,30.0415,40.2801,32.9009,38.6819

1749.8900,46.9483,48.4098,35.2530,35.0827,35.7456,35.7765,42.2769,30.0351,40.2879,32.9058,38.6910

1750.8900,46.9683,48.4689,35.1995,35.1111,35.7288,35.7700,42.2740,30.0530,40.2953,32.9115,38.6967

1751.8900,46.9488,48.5068,35.1817,35.0923,35.7115,35.7812,42.2725,30.0459,40.2882,32.9136,38.6926

1752.8910,46.9643,48.5146,35.2130,35.1026,35.7515,35.7739,42.2576,30.0626,40.3092,32.9182,38.7050

1753.8900,46.9597,48.5056,35.1491,35.1009,35.7426,35.7632,42.2658,30.0579,40.2916,32.9105,38.6931

1754.8900,46.9739,48.4314,35.1733,35.0741,35.7271,35.7790,42.2303,30.0667,40.2760,32.9229,38.6820

1755.8900,46.9865,48.3151,35.0202,35.0927,35.7575,35.7870,42.2195,30.0512,40.2344,32.9191,38.6537

1756.8900,46.9996,48.2759,35.1246,35.0572,35.7577,35.7792,42.2466,30.0651,40.2430,32.9221,38.6632

1757.8910,46.9826,48.3903,35.1317,35.0690,35.7298,35.7704,42.2322,30.0628,40.2607,32.9166,38.6711

1758.8900,46.9974,48.4167,35.1312,35.0657,35.7447,35.7756,42.2782,30.0572,40.2712,32.9164,38.6834

1759.8900,46.9758,48.4312,35.1563,35.0632,35.7505,35.7654,42.2892,30.0682,40.2754,32.9168,38.6875

1760.8900,47.0080,48.5130,35.1898,35.0630,35.7488,35.7932,42.2923,30.0580,40.3045,32.9256,38.7083

1761.8900,47.0125,48.4565,35.1846,35.0784,35.7454,35.7716,42.3075,30.0645,40.2955,32.9180,38.7026

1762.8900,46.9991,48.4633,35.1817,35.1063,35.7501,35.7749,42.3023,30.0603,40.3001,32.9176,38.7047

1763.8910,46.9749,48.5333,35.1907,35.1018,35.7612,35.7935,42.2848,30.0663,40.3124,32.9299,38.7133

1764.8900,47.0287,48.4970,35.2939,35.1062,35.7693,35.7678,42.2971,30.0551,40.3390,32.9115,38.7269

1765.8900,47.0377,48.4328,35.3034,35.1350,35.7471,35.7653,42.2852,30.0506,40.3312,32.9080,38.7196

1766.8900,47.0226,48.4109,35.2808,35.1030,35.7752,35.7935,42.2739,30.0677,40.3185,32.9306,38.7159

1767.8910,47.0490,48.4097,35.2898,35.1443,35.7594,35.7790,42.2866,30.0630,40.3305,32.9210,38.7226

1768.8900,47.0484,48.3296,35.2421,35.1279,35.7583,35.7840,42.2977,30.0610,40.3013,32.9225,38.7061

1769.8900,47.0393,48.3939,35.2326,35.1283,35.7491,35.7706,42.3404,30.0620,40.3086,32.9163,38.7145

1770.8900,47.0296,48.4808,35.2626,35.1362,35.7627,35.7786,42.3464,30.0795,40.3344,32.9290,38.7345

1771.8900,47.0452,48.4933,35.2756,35.1446,35.7695,35.7878,42.3645,30.0713,40.3456,32.9295,38.7440

1772.8900,47.0401,48.4805,35.3268,35.1196,35.7597,35.7933,42.3592,30.0694,40.3453,32.9314,38.7436

1773.8900,47.0167,48.3813,35.2864,35.1306,35.7777,35.7960,42.3557,30.0598,40.3186,32.9279,38.7255

1774.8900,47.0376,48.4835,35.2292,35.1338,35.7675,35.7913,42.3626,30.0759,40.3303,32.9336,38.7352

1775.8900,47.0369,48.4688,35.1920,35.1354,35.7715,35.8163,42.3414,30.0662,40.3209,32.9413,38.7286

1776.8900,47.0156,48.5065,35.1805,35.1589,35.8056,35.7953,42.3285,30.0846,40.3334,32.9399,38.7344

1777.8900,47.0403,48.5211,35.1667,35.1475,35.7754,35.7988,42.3316,30.0589,40.3302,32.9288,38.7300

1778.8900,47.0554,48.4886,35.1830,35.1605,35.7924,35.7976,42.3208,30.0784,40.3360,32.9380,38.7346

1779.8900,47.0494,48.4776,35.1844,35.1250,35.7925,35.8178,42.3041,30.0601,40.3258,32.9389,38.7264

1780.8900,47.0381,48.3540,35.2008,35.1194,35.7769,35.8227,42.3078,30.0524,40.2979,32.9376,38.7090

1781.8900,47.0489,48.4989,35.3024,35.1419,35.7836,35.8037,42.3325,30.0605,40.3551,32.9321,38.7466

1782.8900,47.0819,48.5198,35.2491,35.1228,35.7776,35.8136,42.3270,30.0442,40.3503,32.9289,38.7420

1783.8900,47.0734,48.4764,35.2304,35.1168,35.7826,35.8354,42.3763,30.0421,40.3359,32.9388,38.7417

1784.8910,47.0738,48.4981,35.2590,35.1373,35.7854,35.8190,42.3573,30.0694,40.3507,32.9442,38.7499

1785.8900,47.0866,48.4727,35.2141,35.1154,35.7861,35.8291,42.3657,30.0461,40.3349,32.9376,38.7395

1786.8900,47.0653,48.4930,35.2243,35.1073,35.8361,35.8165,42.3712,30.0518,40.3452,32.9341,38.7457

1787.8900,47.0622,48.3986,35.2341,35.1190,35.7918,35.8269,42.3791,30.0712,40.3212,32.9491,38.7354

1788.8900,47.0753,48.5442,35.2752,35.1236,35.7644,35.8266,42.3855,30.0559,40.3566,32.9413,38.7563

1789.8900,47.0678,48.5490,35.2491,35.1214,35.7928,35.8241,42.3931,30.0576,40.3560,32.9408,38.7569

1790.8900,47.0624,48.5207,35.2879,35.1307,35.7845,35.8285,42.4051,30.0502,40.3573,32.9393,38.7588

1791.8900,47.0665,48.5578,35.2571,35.1111,35.8111,35.8336,42.3577,30.0539,40.3607,32.9438,38.7561

1792.8910,47.0681,48.4766,35.3537,35.1277,35.8175,35.8179,42.3682,30.0401,40.3687,32.9290,38.7587

1793.8900,47.0837,48.6035,35.2612,35.1452,35.7981,35.8070,42.3237,30.0568,40.3783,32.9319,38.7599

1794.8900,47.0818,48.7069,35.2558,35.1655,35.8065,35.8163,42.3527,30.0484,40.4033,32.9323,38.7792

1795.8910,47.0918,48.5046,35.2417,35.1584,35.8166,35.7984,42.3290,30.0688,40.3626,32.9336,38.7512

1796.8900,47.0962,48.4573,35.3006,35.1925,35.7962,35.8378,42.3428,30.0455,40.3686,32.9417,38.7586

1797.8900,47.0771,48.3549,35.3266,35.2134,35.8205,35.8279,42.3232,30.0431,40.3585,32.9355,38.7483

1798.8900,47.1009,48.4632,35.2943,35.2213,35.8295,35.8319,42.3552,30.0531,40.3819,32.9425,38.7687

1799.8900,47.1062,48.5024,35.3677,35.2072,35.8241,35.8390,42.3407,30.0284,40.4015,32.9337,38.7770

1800.8900,47.1052,48.5378,35.3558,35.2178,35.8278,35.8184,42.3675,30.0528,40.4089,32.9356,38.7854

1801.8900,47.1043,48.6109,35.3038,35.2088,35.8259,35.8231,42.3670,30.0495,40.4107,32.9363,38.7867

1802.8900,47.1205,48.5352,35.2006,35.2118,35.8366,35.8156,42.3467,30.0467,40.3810,32.9311,38.7642

1803.8900,47.1195,48.5704,35.2839,35.2142,35.8146,35.8268,42.3453,30.0537,40.4005,32.9402,38.7786

1804.8900,47.0857,48.6242,35.3154,35.2167,35.8212,35.8282,42.3464,30.0721,40.4126,32.9501,38.7887

1805.8910,47.0873,48.4964,35.2914,35.1805,35.8144,35.8416,42.3360,30.0605,40.3740,32.9510,38.7635

1806.8900,47.0901,48.4688,35.3122,35.2008,35.8111,35.8284,42.3376,30.0492,40.3766,32.9388,38.7623

1807.8900,47.1064,48.4851,35.4002,35.1986,35.8430,35.8327,42.3470,30.0483,40.4066,32.9405,38.7827

1808.8900,47.1064,48.4810,35.4064,35.2235,35.8300,35.8332,42.3634,30.0550,40.4095,32.9441,38.7874

1809.8910,47.0943,48.4975,35.2762,35.2285,35.8402,35.8434,42.3869,30.0525,40.3873,32.9480,38.7774

1810.8900,47.1183,48.5463,35.3489,35.2305,35.8335,35.8476,42.3778,30.0750,40.4155,32.9613,38.7973

1811.8900,47.1320,48.5411,35.2810,35.2244,35.8343,35.8473,42.3921,30.0457,40.4025,32.9465,38.7872

1812.8900,47.1454,48.4945,35.2717,35.2615,35.8356,35.8440,42.4030,30.0663,40.4017,32.9552,38.7903

1813.8900,47.1363,48.5451,35.2779,35.2447,35.8190,35.8493,42.3715,30.0336,40.4046,32.9415,38.7847

1814.8900,47.1592,48.5735,35.3909,35.2515,35.8463,35.8440,42.3893,30.0536,40.4443,32.9488,38.8135

1815.8900,47.1503,48.6235,35.2908,35.2445,35.8162,35.8485,42.3991,30.0656,40.4250,32.9571,38.8048

1816.8900,47.1649,48.5265,35.3293,35.2615,35.8310,35.8492,42.4258,30.0353,40.4226,32.9423,38.8029

1817.8900,47.1477,48.5270,35.3569,35.2671,35.8333,35.8520,42.4030,30.0654,40.4264,32.9587,38.8065

1818.8900,47.1531,48.5621,35.3864,35.2521,35.8355,35.8350,42.4109,30.0619,40.4378,32.9485,38.8121

1819.8900,47.1459,48.5100,35.3482,35.2350,35.8375,35.8693,42.4255,30.0588,40.4153,32.9641,38.8038

1820.8900,47.1555,48.5396,35.3056,35.2303,35.8430,35.8440,42.3976,30.0705,40.4148,32.9572,38.7983

1821.8900,47.1477,48.5241,35.3311,35.2305,35.8469,35.8543,42.3737,30.0541,40.4161,32.9542,38.7953

1822.8900,47.1297,48.5945,35.2652,35.2255,35.8310,35.8581,42.3779,30.0542,40.4092,32.9562,38.7920

1823.8900,47.1575,48.6133,35.3395,35.2305,35.8380,35.8708,42.3968,30.0702,40.4358,32.9705,38.8146

1824.8900,47.1580,48.5405,35.3314,35.2546,35.8282,35.8497,42.3860,30.0805,40.4225,32.9651,38.8036

1825.8900,47.1726,48.4331,35.3220,35.2396,35.8547,35.8635,42.3631,30.0742,40.4044,32.9689,38.7903

1826.8900,47.1531,48.3705,35.3063,35.2464,35.8472,35.8654,42.3922,30.0498,40.3847,32.9576,38.7789

1827.8900,47.1551,48.4068,35.3421,35.2644,35.8374,35.8664,42.3906,30.0348,40.4012,32.9506,38.7872

1828.8900,47.1521,48.4902,35.3867,35.2604,35.8489,35.8901,42.3837,30.0440,40.4276,32.9670,38.8070

1829.8900,47.1660,48.4905,35.3874,35.2597,35.8490,35.8845,42.3729,30.0764,40.4305,32.9805,38.8108

1830.8900,47.1510,48.6978,35.3501,35.2392,35.8493,35.8694,42.3804,30.0824,40.4575,32.9759,38.8274

1831.8900,47.1616,48.6979,35.3800,35.2439,35.8604,35.8651,42.3878,30.0757,40.4688,32.9704,38.8341

1832.8910,47.1587,48.6014,35.3368,35.2268,35.8457,35.8846,42.4206,30.0685,40.4339,32.9765,38.8179

1833.8900,47.1555,48.6646,35.2388,35.2323,35.8566,35.8659,42.4293,30.0611,40.4296,32.9635,38.8130

1834.8900,47.1686,48.6080,35.2162,35.2602,35.8413,35.8693,42.4426,30.0795,40.4188,32.9744,38.8107

1835.8900,47.1622,48.5900,35.2490,35.2467,35.8713,35.8699,42.4552,30.0646,40.4238,32.9672,38.8136

1836.8900,47.1474,48.6218,35.3190,35.2620,35.8858,35.8881,42.4332,30.0594,40.4472,32.9738,38.8271

1837.8900,47.1598,48.6644,35.3916,35.2507,35.8904,35.8773,42.4472,30.0547,40.4714,32.9660,38.8420

1838.8900,47.1689,48.5472,35.3376,35.2698,35.8804,35.8752,42.4387,30.0587,40.4408,32.9669,38.8221

1839.8900,47.1710,48.5479,35.3613,35.2378,35.8718,35.8881,42.4483,30.0622,40.4379,32.9752,38.8235

1840.8900,47.2004,48.5639,35.3461,35.2460,35.8725,35.8841,42.4471,30.0347,40.4458,32.9594,38.8244

1841.8900,47.1913,48.6234,35.3604,35.2776,35.8731,35.9039,42.4274,30.0612,40.4651,32.9826,38.8398

1842.8900,47.1766,48.5751,35.3972,35.2625,35.8896,35.8802,42.4403,30.0543,40.4602,32.9673,38.8345

1843.8900,47.2006,48.5560,35.4551,35.2979,35.8619,35.8740,42.4071,30.0504,40.4743,32.9622,38.8379

1844.8910,47.2020,48.5667,35.4200,35.2988,35.8928,35.8961,42.4252,30.0467,40.4760,32.9714,38.8435

1845.8900,47.2136,48.5914,35.4591,35.3178,35.8587,35.8863,42.4148,30.0382,40.4881,32.9622,38.8475

1846.8900,47.1948,48.5967,35.3068,35.2951,35.8640,35.9005,42.4536,30.0619,40.4515,32.9812,38.8342

1847.8900,47.2049,48.5866,35.3597,35.3130,35.8924,35.8803,42.4397,30.0539,40.4713,32.9671,38.8413

1848.8900,47.2171,48.6378,35.3609,35.2949,35.8744,35.8749,42.4753,30.0395,40.4770,32.9572,38.8469

1849.8900,47.1917,48.5504,35.3231,35.2660,35.8730,35.8698,42.4563,30.0405,40.4409,32.9551,38.8214

1850.8900,47.2210,48.5303,35.3528,35.2597,35.8975,35.8849,42.4747,30.0618,40.4523,32.9733,38.8353

1851.8900,47.2172,48.4577,35.4015,35.2846,35.8927,35.9048,42.4659,30.0625,40.4507,32.9837,38.8359

1852.8900,47.2332,48.4556,35.3418,35.2721,35.8948,35.8915,42.4540,30.0704,40.4395,32.9810,38.8267

1853.8900,47.2044,48.5497,35.4140,35.2480,35.8873,35.8878,42.4584,30.0572,40.4607,32.9725,38.8383

1854.8910,47.2220,48.5603,35.4234,35.2854,35.8896,35.8975,42.4518,30.0604,40.4761,32.9790,38.8488

1855.8900,47.2512,48.5498,35.4114,35.3014,35.8877,35.9027,42.4492,30.0571,40.4803,32.9799,38.8513

1856.8900,47.2146,48.5675,35.4134,35.3020,35.8816,35.8770,42.4456,30.0552,40.4758,32.9661,38.8446

1857.8900,47.2266,48.5400,35.3668,35.3196,35.8910,35.8816,42.4630,30.0623,40.4688,32.9719,38.8438

1858.8900,47.2303,48.6497,35.3515,35.3075,35.8942,35.8956,42.4594,30.0697,40.4866,32.9827,38.8572

1859.8900,47.2369,48.6174,35.3660,35.3005,35.8938,35.9083,42.4636,30.0501,40.4829,32.9792,38.8546

1860.8900,47.2495,48.6201,35.4020,35.3075,35.9108,35.9043,42.4719,30.0625,40.4980,32.9834,38.8661

1861.8900,47.2542,48.6757,35.3656,35.3015,35.9076,35.9267,42.4869,30.0559,40.5009,32.9913,38.8718

1862.8900,47.2399,48.6477,35.4360,35.3064,35.9011,35.9119,42.4667,30.0546,40.5062,32.9833,38.8705

1863.8900,47.2553,48.6839,35.4749,35.2948,35.8830,35.9130,42.4682,30.0754,40.5184,32.9942,38.8811

1864.8900,47.2432,48.6404,35.4617,35.2990,35.8872,35.9092,42.4807,30.0749,40.5063,32.9920,38.8745

1865.8900,47.2647,48.5517,35.4498,35.2921,35.9028,35.9440,42.4823,30.0540,40.4922,32.9990,38.8677

1866.8900,47.2521,48.5783,35.3410,35.2727,35.8891,35.9013,42.4528,30.0524,40.4667,32.9769,38.8425

1867.8900,47.2474,48.6251,35.4454,35.2719,35.8890,35.9068,42.4593,30.0617,40.4958,32.9842,38.8633

1868.8900,47.2629,48.6818,35.4026,35.2487,35.9132,35.9132,42.4609,30.0836,40.5018,32.9984,38.8709

1869.8900,47.2807,48.6993,35.3506,35.2846,35.8928,35.9306,42.4799,30.0824,40.5016,33.0065,38.8751

1870.8900,47.2692,48.6660,35.4493,35.2715,35.9148,35.9269,42.4934,30.0782,40.5141,33.0026,38.8836

1871.8900,47.2675,48.5883,35.5078,35.3085,35.9136,35.9150,42.5329,30.0789,40.5171,32.9970,38.8891

1872.8900,47.2771,48.6908,35.5057,35.2896,35.8994,35.9157,42.5327,30.0651,40.5325,32.9904,38.8970

1873.8900,47.2809,48.6811,35.4791,35.3004,35.9149,35.9271,42.5310,30.0694,40.5313,32.9982,38.8980

1874.8900,47.2868,48.6280,35.4539,35.3089,35.9288,35.9059,42.5342,30.0749,40.5213,32.9904,38.8902

1875.8900,47.2868,48.6333,35.3671,35.3091,35.9396,35.8966,42.5131,30.0581,40.5072,32.9773,38.8755

1876.8900,47.2876,48.7344,35.3098,35.3262,35.9104,35.9230,42.5063,30.0607,40.5137,32.9919,38.8823

1877.8900,47.2864,48.7940,35.3350,35.3280,35.9224,35.9009,42.4830,30.0567,40.5332,32.9788,38.8883

1878.8900,47.3106,48.6240,35.3662,35.3217,35.9215,35.9243,42.4517,30.0666,40.5088,32.9955,38.8733

1879.8900,47.3187,48.5829,35.4537,35.2919,35.9250,35.9376,42.4969,30.0476,40.5144,32.9926,38.8818

1880.8910,47.3104,48.6638,35.3774,35.3082,35.9297,35.9129,42.4656,30.0679,40.5179,32.9904,38.8795

1881.8900,47.3057,48.6714,35.3444,35.3069,35.9250,35.9138,42.4486,30.0659,40.5107,32.9898,38.8727

1882.8900,47.3161,48.6747,35.3164,35.3450,35.9103,35.9510,42.4850,30.0713,40.5125,33.0112,38.8837

1883.8900,47.3371,48.7370,35.3415,35.3190,35.9174,35.9315,42.4848,30.0550,40.5304,32.9932,38.8904

1884.8900,47.2983,48.6976,35.3699,35.3156,35.9390,35.9390,42.4954,30.0415,40.5241,32.9902,38.8870

1885.8910,47.3195,48.7250,35.3766,35.3317,35.9319,35.9394,42.4965,30.0452,40.5369,32.9923,38.8957

1886.8900,47.2986,48.7336,35.3942,35.3437,35.9183,35.9440,42.5167,30.0512,40.5377,32.9976,38.9000

1887.8900,47.3048,48.6805,35.3957,35.3382,35.9068,35.9348,42.4983,30.0631,40.5252,32.9990,38.8903

1888.8900,47.2983,48.6870,35.4827,35.3157,35.9381,35.9446,42.5187,30.0725,40.5443,33.0085,38.9072

1889.8900,47.3205,48.6473,35.3996,35.3121,35.9297,35.9479,42.5170,30.0575,40.5218,33.0027,38.8914

1890.8900,47.3120,48.6301,35.4070,35.3041,35.9319,35.9361,42.5215,30.0724,40.5170,33.0042,38.8894

1891.8900,47.3299,48.6573,35.4041,35.3039,35.9312,35.9536,42.5149,30.0364,40.5253,32.9950,38.8914

1892.8900,47.3221,48.6708,35.3802,35.3227,35.9243,35.9551,42.5122,30.0572,40.5240,33.0062,38.8931

1893.8910,47.3450,48.6377,35.4184,35.3010,35.9357,35.9511,42.4873,30.0550,40.5275,33.0031,38.8914

1894.8900,47.3295,48.6908,35.4505,35.3247,35.9453,35.9355,42.4951,30.0614,40.5482,32.9984,38.9041

1895.8900,47.3487,48.6631,35.4366,35.2738,35.9319,35.9633,42.4985,30.0517,40.5308,33.0075,38.8960

1896.8900,47.3649,48.6894,35.4627,35.2835,35.9577,35.9525,42.5393,30.0522,40.5516,33.0024,38.9128

1897.8900,47.3464,48.6640,35.5161,35.2897,35.9399,35.9520,42.5421,30.0705,40.5512,33.0113,38.9151

1898.8900,47.3378,48.6379,35.4228,35.2773,35.9270,35.9480,42.5540,30.0764,40.5205,33.0122,38.8976

1899.8900,47.3406,48.6279,35.4075,35.2634,35.9495,35.9710,42.5486,30.0435,40.5178,33.0073,38.8940

1900.8900,47.3448,48.6522,35.4461,35.2674,35.9383,35.9766,42.5423,30.0736,40.5297,33.0251,38.9052

1901.8900,47.3438,48.6549,35.5897,35.2978,35.9509,35.9710,42.5548,30.0591,40.5674,33.0150,38.9278

1902.8900,47.3688,48.6347,35.5243,35.3344,35.9391,35.9672,42.5127,30.0613,40.5603,33.0143,38.9178

1903.8900,47.3516,48.5749,35.5369,35.3301,35.9475,35.9984,42.5056,30.0547,40.5482,33.0265,38.9124

1904.8910,47.3573,48.5471,35.4975,35.3529,35.9518,35.9878,42.5204,30.0591,40.5413,33.0234,38.9092

1905.8900,47.3450,48.7384,35.4411,35.3719,35.9754,35.9805,42.5285,30.0564,40.5743,33.0185,38.9296

1906.8900,47.3646,48.7610,35.4345,35.3667,35.9691,35.9495,42.5136,30.0665,40.5792,33.0080,38.9282

1907.8900,47.3638,48.7532,35.4121,35.3709,35.9589,35.9617,42.5094,30.0441,40.5718,33.0029,38.9218

1908.8900,47.3535,48.6511,35.4193,35.3613,35.9569,35.9677,42.5185,30.0581,40.5484,33.0129,38.9108

1909.8900,47.3679,48.6535,35.5045,35.3656,35.9439,35.9673,42.5362,30.0454,40.5671,33.0063,38.9230

1910.8900,47.3781,48.6180,35.4831,35.3451,35.9602,35.9663,42.5553,30.0492,40.5569,33.0077,38.9194

1911.8900,47.3509,48.6095,35.4885,35.3243,35.9669,35.9701,42.5487,30.0554,40.5480,33.0127,38.9143

1912.8900,47.3595,48.7136,35.4867,35.3501,35.9844,35.9681,42.5590,30.0603,40.5789,33.0142,38.9352

1913.8900,47.3655,48.6549,35.4727,35.3440,35.9620,35.9956,42.5529,30.0692,40.5598,33.0324,38.9271

1914.8910,47.3827,48.7704,35.4959,35.3350,35.9565,35.9808,42.5402,30.0449,40.5881,33.0129,38.9383

1915.8900,47.3533,48.6882,35.4666,35.3609,35.9702,35.9936,42.5431,30.0517,40.5678,33.0227,38.9285

1916.8900,47.3709,48.7378,35.4878,35.3348,35.9772,35.9730,42.5553,30.0738,40.5817,33.0234,38.9388

1917.8900,47.3843,48.6994,35.5341,35.3423,35.9636,35.9936,42.5558,30.0427,40.5848,33.0181,38.9395

1918.8900,47.3921,48.6186,35.5300,35.3621,35.9641,35.9926,42.5602,30.0690,40.5734,33.0308,38.9361

1919.8900,47.3854,48.6713,35.5421,35.3620,35.9938,35.9971,42.5889,30.0354,40.5909,33.0162,38.9470

1920.8900,47.3909,48.8035,35.5266,35.3830,35.9755,35.9933,42.5837,30.0678,40.6159,33.0306,38.9655

1921.8900,47.4017,48.8335,35.5125,35.3619,35.9761,35.9991,42.5939,30.0464,40.6172,33.0227,38.9656

1922.8900,47.3759,48.8210,35.5022,35.3778,35.9791,35.9922,42.5781,30.0324,40.6112,33.0123,38.9573

1923.8900,47.3619,48.8357,35.4862,35.3683,35.9607,35.9845,42.6123,30.0670,40.6026,33.0258,38.9596

1924.8910,47.3777,48.7262,35.4695,35.3900,35.9842,35.9902,42.5926,30.0370,40.5895,33.0136,38.9459

1925.8900,47.3887,48.7589,35.4946,35.4034,35.9840,35.9868,42.5919,30.0604,40.6059,33.0236,38.9586

1926.8900,47.3965,48.7915,35.5364,35.4101,35.9770,35.9713,42.5837,30.0486,40.6223,33.0100,38.9644

1927.8900,47.4063,48.7844,35.5073,35.3978,35.9868,35.9854,42.5738,30.0599,40.6165,33.0226,38.9627

1928.8900,47.3846,48.7698,35.5327,35.3948,35.9818,35.9734,42.5670,30.0525,40.6127,33.0129,38.9571

1929.8900,47.3808,48.7835,35.5405,35.3772,35.9822,36.0051,42.5845,30.0703,40.6128,33.0377,38.9655

1930.8910,47.3913,48.8508,35.5375,35.3752,35.9741,36.0143,42.5946,30.0556,40.6258,33.0349,38.9742

1931.8900,47.3872,48.8112,35.4605,35.3847,35.9960,35.9886,42.6073,30.0480,40.6079,33.0183,38.9604

1932.8900,47.3664,48.9037,35.4699,35.3899,35.9985,36.0003,42.6194,30.0472,40.6257,33.0238,38.9744

1933.8900,47.3981,48.9075,35.4746,35.3862,35.9903,35.9973,42.6399,30.0728,40.6313,33.0350,38.9833

1934.8900,47.4081,48.8306,35.4057,35.3880,35.9873,35.9976,42.6375,30.0792,40.6040,33.0384,38.9667

1935.8900,47.4051,48.7354,35.4564,35.3890,35.9931,36.0062,42.6464,30.0550,40.5958,33.0306,38.9608

1936.8900,47.4093,48.7234,35.5167,35.3811,35.9946,36.0006,42.6469,30.0536,40.6050,33.0271,38.9658

1937.8910,47.4248,48.8831,35.4799,35.3919,35.9752,35.9999,42.6586,30.0604,40.6310,33.0302,38.9842

1938.8900,47.4201,48.8912,35.4497,35.3758,35.9951,35.9989,42.6444,30.0636,40.6264,33.0312,38.9799

1939.8900,47.4336,48.8587,35.4959,35.3710,36.0154,35.9990,42.6238,30.0618,40.6349,33.0304,38.9824

1940.8900,47.4229,48.8501,35.5639,35.3506,36.0116,35.9934,42.6329,30.0336,40.6398,33.0135,38.9824

1941.8900,47.4228,48.8263,35.5272,35.4005,36.0025,36.0217,42.5685,30.0541,40.6359,33.0379,38.9779

1942.8900,47.3987,48.7948,35.5052,35.3789,36.0133,35.9904,42.5973,30.0471,40.6182,33.0187,38.9657

1943.8900,47.4306,48.7017,35.5345,35.3998,36.0133,36.0142,42.6022,30.0715,40.6160,33.0428,38.9710

1944.8900,47.3803,48.6826,35.5418,35.4151,36.0069,36.0027,42.6151,30.0749,40.6053,33.0388,38.9649

1945.8900,47.4372,48.7136,35.5176,35.4301,36.0119,36.0044,42.6170,30.0635,40.6221,33.0340,38.9744

1946.8900,47.4062,48.6933,35.5326,35.4297,36.0199,35.9984,42.6166,30.0711,40.6163,33.0348,38.9710

1947.8900,47.4427,48.6540,35.4713,35.4348,36.0246,36.0077,42.6445,30.0471,40.6055,33.0274,38.9658

1948.8900,47.4343,48.7958,35.4851,35.4173,36.0207,36.0235,42.6206,30.0418,40.6306,33.0327,38.9799

1949.8900,47.4396,48.8640,35.5274,35.4203,36.0298,36.0013,42.6500,30.0533,40.6562,33.0273,38.9982

1950.8900,47.4554,48.8177,35.5742,35.4268,36.0261,36.0167,42.6556,30.0420,40.6600,33.0294,39.0018

1951.8900,47.4463,48.7341,35.5477,35.4027,36.0179,35.9969,42.6465,30.0804,40.6297,33.0386,38.9841

1952.8900,47.4503,48.6829,35.5777,35.4018,36.0083,36.0191,42.6485,30.0496,40.6242,33.0343,38.9798

1953.8900,47.4264,48.7414,35.4989,35.3998,36.0240,36.0329,42.6668,30.0451,40.6181,33.0390,38.9794

1954.8900,47.4441,48.7156,35.4671,35.3998,35.9983,36.0352,42.6376,30.0423,40.6050,33.0388,38.9675

1955.8900,47.4262,48.7635,35.5877,35.3809,36.0392,36.0294,42.6542,30.0698,40.6395,33.0496,38.9939

1956.8900,47.4590,48.7595,35.6435,35.3849,36.0297,36.0133,42.6516,30.0560,40.6553,33.0347,38.9997

1957.8900,47.4557,48.7546,35.5941,35.3799,36.0320,36.0175,42.6266,30.0532,40.6433,33.0353,38.9892

1958.8900,47.4622,48.6599,35.6620,35.3987,36.0456,36.0124,42.6281,30.0414,40.6457,33.0269,38.9888

1959.8900,47.4667,48.6443,35.5691,35.4124,36.0156,36.0189,42.6078,30.0696,40.6216,33.0442,38.9756

1960.8900,47.4624,48.6821,35.5807,35.4137,36.0280,36.0262,42.6068,30.0586,40.6334,33.0424,38.9823

1961.8900,47.4651,48.7288,35.5133,35.4090,36.0486,36.0327,42.6207,30.0374,40.6330,33.0350,38.9819

1962.8900,47.4498,48.7120,35.4968,35.4285,36.0461,36.0148,42.6405,30.0777,40.6266,33.0463,38.9833

1963.8900,47.4643,48.6818,35.5678,35.4326,36.0286,36.0262,42.6335,30.0643,40.6350,33.0452,38.9874

1964.8910,47.4419,48.6898,35.5665,35.4701,36.0335,36.0349,42.6308,30.0491,40.6404,33.0420,38.9896

1965.8900,47.4832,48.7908,35.6054,35.4590,36.0458,36.0355,42.6346,30.0520,40.6768,33.0437,39.0133

1966.8900,47.4721,48.7562,35.6069,35.4329,36.0378,36.0224,42.6347,30.0628,40.6612,33.0426,39.0032

1967.8900,47.4533,48.8141,35.5700,35.4465,36.0623,36.0408,42.6362,30.0569,40.6693,33.0488,39.0100

1968.8900,47.4768,48.7533,35.5839,35.3987,36.0374,36.0281,42.6579,30.0473,40.6500,33.0377,38.9979

1969.8900,47.4711,48.6960,35.6321,35.4245,36.0443,36.0354,42.6384,30.0496,40.6536,33.0425,38.9989

1971.2940,47.4779,48.7476,35.5202,35.4285,36.0535,36.0446,42.6656,30.0513,40.6455,33.0480,38.9987

1971.8900,47.4723,48.7793,35.5129,35.4249,36.0478,36.0305,42.6556,30.0606,40.6474,33.0456,38.9980

1972.8900,47.4878,48.7986,35.5666,35.3996,36.0668,36.0584,42.6704,30.0445,40.6639,33.0514,39.0116

1973.8900,47.4804,48.7701,35.5756,35.3787,36.0495,36.0219,42.6645,30.0477,40.6509,33.0348,38.9986

1974.8900,47.4622,48.7644,35.6222,35.3902,36.0447,36.0442,42.6518,30.0471,40.6567,33.0457,39.0034

1975.8900,47.4931,48.7481,35.5524,35.3896,36.0455,36.0272,42.6870,30.0540,40.6457,33.0406,38.9996

1976.8900,47.4852,48.7118,35.6173,35.3942,36.0473,36.0262,42.6822,30.0718,40.6511,33.0490,39.0045

1977.8900,47.4997,48.7117,35.5993,35.4221,36.0619,36.0404,42.6741,30.0424,40.6589,33.0414,39.0065

1978.8900,47.5073,48.8233,35.5976,35.4371,36.0650,36.0580,42.6668,30.0506,40.6861,33.0543,39.0257

1979.8900,47.4964,48.8817,35.6160,35.4453,36.0731,36.0652,42.6865,30.0475,40.7025,33.0563,39.0390

1980.8900,47.4948,48.7891,35.5672,35.4494,36.0538,36.0491,42.6571,30.0412,40.6709,33.0452,39.0127

1981.8900,47.5218,48.7573,35.5659,35.4766,36.0576,36.0501,42.6493,30.0597,40.6758,33.0549,39.0173

1982.8900,47.5162,48.8130,35.6078,35.5082,36.0838,36.0637,42.6412,30.0577,40.7058,33.0607,39.0364

1983.8910,47.5015,48.8165,35.5659,35.4939,36.0591,36.0629,42.6553,30.0536,40.6874,33.0582,39.0261

1984.8900,47.5109,48.7886,35.6149,35.4844,36.0574,36.0583,42.6575,30.0571,40.6912,33.0577,39.0286

1985.8900,47.5093,48.7401,35.5711,35.4597,36.0661,36.0558,42.6711,30.0371,40.6693,33.0465,39.0138

1986.8900,47.5253,48.7410,35.5944,35.4644,36.0626,36.0678,42.7032,30.0557,40.6776,33.0617,39.0268

1987.8900,47.4993,48.7515,35.6190,35.4754,36.0980,36.0779,42.6951,30.0472,40.6887,33.0626,39.0329

1988.8910,47.5061,48.7624,35.5472,35.4818,36.0759,36.0502,42.7037,30.0513,40.6747,33.0507,39.0223

1989.8900,47.5269,48.8188,35.5832,35.4766,36.0576,36.0674,42.6906,30.0620,40.6926,33.0647,39.0354

1990.8900,47.5218,48.8289,35.4990,35.4672,36.0506,36.0637,42.6766,30.0545,40.6735,33.0591,39.0203

1991.8900,47.5123,48.8368,35.6089,35.4761,36.0840,36.0705,42.6683,30.0505,40.7036,33.0605,39.0384

1992.8900,47.5437,48.8098,35.5077,35.5143,36.0919,36.0653,42.6560,30.0372,40.6935,33.0513,39.0282

1993.8900,47.5226,48.8005,35.5423,35.4946,36.0959,36.0318,42.6495,30.0643,40.6912,33.0481,39.0252

1994.8900,47.5031,48.7821,35.6027,35.4979,36.0748,36.0579,42.6505,30.0478,40.6921,33.0528,39.0271

1995.8900,47.5305,48.8160,35.6057,35.4995,36.0720,36.0524,42.6633,30.0431,40.7048,33.0478,39.0353

1996.8900,47.5443,48.7502,35.5962,35.5233,36.0850,36.0644,42.6571,30.0566,40.6998,33.0605,39.0346

1997.8900,47.5351,48.8222,35.5834,35.5034,36.0758,36.0800,42.6792,30.0521,40.7040,33.0660,39.0414

1998.8900,47.5304,48.8183,35.6108,35.4958,36.0766,36.0756,42.6832,30.0434,40.7064,33.0595,39.0418

1999.8900,47.5300,48.7916,35.7012,35.4973,36.0874,36.0776,42.6936,30.0558,40.7215,33.0667,39.0543

2000.8900,47.5518,48.7882,35.6131,35.4858,36.0734,36.0636,42.7101,30.0648,40.7025,33.0642,39.0438

2001.8900,47.5272,48.8231,35.5909,35.4651,36.0902,36.0888,42.7238,30.0576,40.6993,33.0732,39.0459

2002.8900,47.5243,48.8154,35.5981,35.4844,36.0737,36.0830,42.7296,30.0734,40.6992,33.0782,39.0477

2003.8900,47.5350,48.8423,35.6692,35.4620,36.0859,36.0751,42.7254,30.0519,40.7189,33.0635,39.0558

2004.8910,47.5332,48.8304,35.6595,35.4790,36.0808,36.0794,42.7056,30.0468,40.7166,33.0631,39.0519

2005.8900,47.5605,48.8348,35.6041,35.4708,36.1065,36.0766,42.7030,30.0524,40.7153,33.0645,39.0511

2006.8900,47.5424,48.8241,35.5596,35.4810,36.0910,36.0677,42.6941,30.0509,40.6996,33.0593,39.0388

2007.8910,47.5388,48.8436,35.5765,35.4750,36.0982,36.0608,42.6737,30.0676,40.7064,33.0642,39.0418

2008.8910,47.5634,48.8375,35.6091,35.4927,36.1034,36.0730,42.6657,30.0333,40.7212,33.0531,39.0472

2009.8900,47.5513,48.9394,35.5897,35.5120,36.1075,36.1094,42.6636,30.0760,40.7400,33.0927,39.0686

2010.8900,47.5592,48.9488,35.5861,35.5300,36.1071,36.0785,42.6791,30.0403,40.7462,33.0594,39.0661

2011.8900,47.5647,48.9579,35.6195,35.5213,36.1201,36.0752,42.6956,30.0374,40.7567,33.0563,39.0740

2012.8910,47.5823,48.9413,35.5776,35.5242,36.1149,36.0869,42.6897,30.0468,40.7481,33.0668,39.0705

2013.8900,47.5700,48.9282,35.6377,35.5218,36.0928,36.0801,42.6988,30.0489,40.7501,33.0645,39.0723

2014.8900,47.5721,48.9027,35.6507,35.5235,36.1070,36.1098,42.6912,30.0496,40.7512,33.0797,39.0758

2015.8900,47.5833,48.8906,35.6811,35.5351,36.1067,36.0870,42.7172,30.0577,40.7594,33.0724,39.0823

2016.8900,47.5767,48.9234,35.6577,35.5384,36.0860,36.0902,42.7167,30.0487,40.7564,33.0694,39.0797

2017.8900,47.5673,48.8465,35.6711,35.5060,36.0975,36.0788,42.7492,30.0439,40.7377,33.0613,39.0701

2018.8900,47.5991,48.8092,35.7185,35.4879,36.1029,36.0889,42.7317,30.0422,40.7435,33.0656,39.0726

2019.8900,47.5872,48.8479,35.7231,35.4738,36.1176,36.0639,42.7190,30.0410,40.7499,33.0524,39.0717

2020.8900,47.5681,48.9315,35.7027,35.5087,36.1118,36.0913,42.7360,30.0493,40.7646,33.0703,39.0874

2021.8900,47.5784,48.9645,35.6828,35.5145,36.1138,36.0727,42.7552,30.0504,40.7708,33.0615,39.0915

2022.8900,47.5767,48.9440,35.6093,35.4909,36.1042,36.0808,42.7505,30.0562,40.7450,33.0685,39.0766

2023.8900,47.5855,48.9160,35.6642,35.5122,36.1164,36.1075,42.7409,30.0440,40.7588,33.0757,39.0858

2024.8900,47.6010,48.9716,35.6372,35.5025,36.0997,36.0628,42.7262,30.0658,40.7624,33.0643,39.0834

2025.8900,47.5864,48.9944,35.7065,35.5330,36.1224,36.0817,42.7378,30.0575,40.7885,33.0696,39.1024

2026.8900,47.5710,48.9125,35.7135,35.5110,36.1134,36.0746,42.7230,30.0415,40.7643,33.0580,39.0825

2027.8900,47.6110,48.9029,35.7005,35.5219,36.1173,36.1065,42.7073,30.0557,40.7707,33.0811,39.0904

2028.8900,47.6167,48.9323,35.6573,35.5381,36.1025,36.1118,42.7057,30.0441,40.7694,33.0780,39.0886

2029.8900,47.5989,48.9330,35.6197,35.5322,36.1154,36.0930,42.7074,30.0642,40.7598,33.0786,39.0830

2030.8900,47.6098,48.9167,35.6074,35.5498,36.1269,36.0965,42.7058,30.0470,40.7621,33.0717,39.0825

2031.8910,47.6059,48.9073,35.5320,35.5436,36.1084,36.0817,42.7378,30.0581,40.7394,33.0699,39.0718

2032.8900,47.6261,48.9336,35.6455,35.5337,36.1008,36.0947,42.7576,30.0467,40.7679,33.0707,39.0923

2033.8900,47.6278,48.8882,35.6917,35.5374,36.1165,36.1020,42.7269,30.0460,40.7723,33.0740,39.0921

2034.8900,47.6323,48.8951,35.7717,35.5668,36.1093,36.0845,42.7204,30.0548,40.7950,33.0697,39.1044

2035.8900,47.6444,48.8663,35.6836,35.5564,36.0959,36.0987,42.7021,30.0445,40.7693,33.0716,39.0865

2036.8900,47.6269,48.9651,35.6970,35.5445,36.1063,36.1133,42.7061,30.0785,40.7880,33.0959,39.1047

2037.8900,47.6196,48.9278,35.6406,35.5620,36.1026,36.0872,42.7081,30.0584,40.7705,33.0728,39.0883

2038.8900,47.6111,48.9379,35.6840,35.5493,36.1295,36.0842,42.7067,30.0605,40.7824,33.0723,39.0954

2039.8900,47.6586,48.8892,35.7489,35.5501,36.0971,36.1074,42.7009,30.0561,40.7887,33.0817,39.1010

2040.8900,47.6272,48.9397,35.6250,35.5582,36.1066,36.1155,42.7210,30.0647,40.7714,33.0901,39.0947

2041.8900,47.6319,48.9519,35.6519,35.5504,36.1361,36.0711,42.7352,30.0521,40.7845,33.0616,39.0976

2042.8900,47.6474,48.8273,35.6923,35.5366,36.1433,36.0980,42.7308,30.0485,40.7694,33.0733,39.0905

2043.8910,47.6271,48.8527,35.6521,35.5352,36.1139,36.0994,42.7475,30.0678,40.7562,33.0836,39.0870

2044.8900,47.6393,48.9014,35.6985,35.5442,36.1314,36.1104,42.7495,30.0751,40.7830,33.0927,39.1062

2045.8900,47.6690,48.8716,35.7250,35.5641,36.1281,36.0875,42.7441,30.0615,40.7915,33.0745,39.1063

2046.8900,47.6662,48.9093,35.7154,35.5536,36.1389,36.1141,42.7476,30.0506,40.7966,33.0824,39.1119

2047.8900,47.6245,48.9111,35.7682,35.5905,36.1234,36.1071,42.7713,30.0530,40.8035,33.0800,39.1186

2048.8900,47.6458,48.9179,35.7349,35.5791,36.1240,36.1067,42.7828,30.0413,40.8003,33.0740,39.1166

2049.8900,47.6460,48.9150,35.7726,35.5888,36.1260,36.1270,42.7878,30.0500,40.8097,33.0885,39.1267

2050.8900,47.6383,49.0093,35.7595,35.5799,36.1411,36.1028,42.7803,30.0660,40.8256,33.0844,39.1346

2051.8910,47.6458,49.0206,35.7101,35.5666,36.1431,36.1118,42.7735,30.0535,40.8173,33.0826,39.1281

2052.8900,47.6628,48.8944,35.6493,35.5474,36.1602,36.1154,42.7429,30.0326,40.7828,33.0740,39.1006

2053.8900,47.6719,48.8250,35.6442,35.5623,36.1563,36.1320,42.7540,30.0555,40.7719,33.0938,39.1001

2054.8900,47.6601,48.8540,35.6198,35.5866,36.1552,36.1192,42.7233,30.0501,40.7751,33.0847,39.0960

2055.8900,47.6408,48.9270,35.6169,35.5809,36.1488,36.1250,42.7399,30.0597,40.7829,33.0923,39.1049

2056.8900,47.6555,48.8367,35.6131,35.5794,36.1473,36.1253,42.7342,30.0671,40.7664,33.0962,39.0948

2057.8900,47.6771,48.8199,35.6339,35.5857,36.1793,36.1209,42.7415,30.0528,40.7792,33.0868,39.1014

2058.8900,47.6925,48.8358,35.6528,35.6084,36.1548,36.1174,42.7463,30.0647,40.7889,33.0910,39.1091

2059.8900,47.6762,48.7952,35.5981,35.5995,36.1537,36.1186,42.7668,30.0505,40.7645,33.0845,39.0948

2060.8900,47.6890,48.7568,35.6773,35.6385,36.1455,36.1226,42.7674,30.0743,40.7814,33.0985,39.1089

2061.8900,47.6663,48.8206,35.6529,35.6239,36.1577,36.1142,42.7985,30.0592,40.7843,33.0867,39.1117

2062.8900,47.6680,48.9072,35.6525,35.6123,36.1454,36.1342,42.8027,30.0515,40.7971,33.0929,39.1217

2063.8900,47.6844,48.9293,35.6520,35.6220,36.1447,36.1241,42.8208,30.0508,40.8065,33.0875,39.1285

2064.8900,47.6835,49.0000,35.6439,35.6289,36.1629,36.1195,42.8216,30.0339,40.8238,33.0767,39.1368

2065.8900,47.6860,49.0292,35.6996,35.6192,36.1655,36.1253,42.8188,30.0388,40.8399,33.0820,39.1478

2066.8900,47.6920,49.0219,35.7278,35.6197,36.1580,36.1281,42.8264,30.0633,40.8439,33.0957,39.1546

2067.8900,47.6994,49.0096,35.6971,35.6097,36.1528,36.1341,42.8187,30.0623,40.8337,33.0982,39.1480

2068.8900,47.6995,48.9706,35.7198,35.6216,36.1464,36.1389,42.8255,30.0624,40.8316,33.1006,39.1481

2069.8900,47.6748,49.0748,35.7153,35.5825,36.1527,36.1406,42.7978,30.0585,40.8400,33.0995,39.1496

2070.8900,47.6648,49.0170,35.6732,35.5568,36.1702,36.1366,42.7875,30.0427,40.8164,33.0896,39.1311

2071.8900,47.6681,49.0258,35.6975,35.5582,36.1610,36.1451,42.7736,30.0395,40.8221,33.0923,39.1336

2072.8900,47.6814,48.9580,35.6823,35.5925,36.1571,36.1445,42.7752,30.0389,40.8143,33.0917,39.1287

2073.8900,47.6891,48.8811,35.7066,35.6154,36.1499,36.1256,42.7686,30.0293,40.8084,33.0775,39.1207

2074.8900,47.6920,48.8944,35.7083,35.6456,36.1594,36.1323,42.7917,30.0511,40.8199,33.0917,39.1343

2075.8900,47.6671,48.9311,35.7459,35.6304,36.1445,36.1543,42.7975,30.0629,40.8238,33.1086,39.1417

2076.8900,47.6762,48.9582,35.8401,35.6115,36.1565,36.1364,42.8261,30.0651,40.8485,33.1008,39.1588

2077.8900,47.6687,48.9168,35.7759,35.6304,36.1793,36.1236,42.8124,30.0536,40.8342,33.0886,39.1451

2078.8900,47.7013,48.9968,35.7033,35.6210,36.1543,36.1370,42.7928,30.0582,40.8354,33.0976,39.1456

2079.8900,47.6879,49.0200,35.6548,35.6286,36.1744,36.1552,42.7919,30.0600,40.8331,33.1076,39.1466

2080.8910,47.6943,48.9894,35.6641,35.5874,36.1649,36.1228,42.7784,30.0542,40.8200,33.0885,39.1320

2081.8900,47.6951,48.9679,35.7199,35.6081,36.1727,36.1475,42.7610,30.0410,40.8327,33.0942,39.1391

2082.8900,47.6661,49.0520,35.7386,35.5917,36.1753,36.1342,42.7651,30.0370,40.8448,33.0856,39.1450

2083.8900,47.6890,49.0519,35.7146,35.6220,36.1765,36.1433,42.7571,30.0400,40.8508,33.0916,39.1493

2084.8900,47.7003,48.9198,35.7274,35.6273,36.1813,36.1500,42.7689,30.0519,40.8312,33.1009,39.1409

2085.8900,47.6840,48.9422,35.7192,35.6430,36.2008,36.1395,42.7542,30.0574,40.8378,33.0985,39.1425

2086.8900,47.6947,48.9739,35.7406,35.6596,36.1658,36.1424,42.8010,30.0523,40.8469,33.0974,39.1538

2087.8900,47.7118,49.1098,35.7035,35.6258,36.1990,36.1621,42.8050,30.0368,40.8700,33.0995,39.1692

2088.8900,47.6839,49.1430,35.7320,35.6136,36.1736,36.1409,42.8041,30.0489,40.8692,33.0949,39.1675

2089.8900,47.6913,49.0481,35.7145,35.5704,36.1820,36.1628,42.7923,30.0573,40.8412,33.1101,39.1523

2090.8900,47.6885,48.9294,35.7568,35.5805,36.1829,36.1460,42.8162,30.0484,40.8276,33.0972,39.1436

2091.8900,47.6973,48.9332,35.7910,35.6091,36.1829,36.1530,42.8409,30.0535,40.8427,33.1033,39.1576

2092.8900,47.6957,48.9822,35.7620,35.6283,36.1808,36.1514,42.8223,30.0689,40.8498,33.1101,39.1615

2093.8900,47.6975,48.9630,35.7346,35.6504,36.1976,36.1532,42.8132,30.0754,40.8486,33.1143,39.1606

2094.8900,47.7044,48.9686,35.6510,35.6519,36.1672,36.1523,42.8147,30.0632,40.8286,33.1077,39.1466

2095.8900,47.7125,48.9675,35.6564,35.6353,36.1894,36.1502,42.8089,30.0404,40.8322,33.0953,39.1451

2096.8900,47.7312,49.0267,35.7401,35.6162,36.1886,36.1760,42.8094,30.0588,40.8606,33.1174,39.1684

2097.8900,47.7204,49.0271,35.7036,35.6348,36.1642,36.1492,42.8251,30.0615,40.8500,33.1054,39.1608

2098.8900,47.7077,49.0437,35.6610,35.6376,36.1784,36.1392,42.8293,30.0585,40.8457,33.0988,39.1569

2099.8900,47.7095,49.0778,35.7904,35.6571,36.1897,36.1761,42.8273,30.0387,40.8849,33.1074,39.1833

2100.8900,47.7254,48.9853,35.7847,35.6725,36.2020,36.1735,42.8045,30.0558,40.8740,33.1146,39.1755

2101.8900,47.7069,48.9939,35.7116,35.6831,36.1697,36.1636,42.8192,30.0577,40.8530,33.1107,39.1632

2102.8900,47.7115,49.0567,35.7144,35.6858,36.1842,36.1538,42.8321,30.0468,40.8705,33.1003,39.1732

2103.8900,47.7337,49.0528,35.7525,35.6791,36.2034,36.1660,42.8314,30.0144,40.8843,33.0902,39.1792

2104.8900,47.7520,49.0684,35.7458,35.6962,36.1845,36.1994,42.8169,30.0405,40.8894,33.1200,39.1880

2105.8900,47.7496,48.9981,35.7986,35.6747,36.1848,36.1619,42.8275,30.0480,40.8812,33.1050,39.1804

2106.8900,47.7490,48.9544,35.8204,35.6610,36.1903,36.1786,42.8135,30.0558,40.8750,33.1172,39.1779

2107.8900,47.7579,48.9744,35.7892,35.6550,36.1970,36.1698,42.8270,30.0498,40.8747,33.1098,39.1775

2108.8910,47.7381,48.9074,35.8244,35.6223,36.2021,36.1834,42.8355,30.0480,40.8589,33.1157,39.1701

2109.8900,47.7351,48.9018,35.7747,35.6134,36.2201,36.1696,42.8521,30.0374,40.8490,33.1035,39.1630

2110.8900,47.7462,48.9561,35.7524,35.6009,36.1982,36.1749,42.8421,30.0346,40.8508,33.1047,39.1632

2111.8900,47.7620,49.0016,35.7826,35.5974,36.2095,36.1870,42.8562,30.0384,40.8706,33.1127,39.1793

2112.8900,47.7667,49.0009,35.6977,35.6280,36.1969,36.1731,42.8490,30.0540,40.8580,33.1135,39.1708

2113.8900,47.7753,49.0347,35.6397,35.6420,36.1995,36.1804,42.8746,30.0505,40.8583,33.1154,39.1746

2114.8900,47.7850,48.9809,35.6695,35.6639,36.2139,36.1873,42.8661,30.0166,40.8626,33.1019,39.1729

2115.8900,47.7734,48.9226,35.7031,35.6671,36.1995,36.1691,42.8697,30.0368,40.8531,33.1030,39.1677

2116.8900,47.7740,49.0031,35.7490,35.6644,36.2164,36.1608,42.8689,30.0483,40.8814,33.1045,39.1856

2117.8900,47.7762,49.0762,35.7327,35.6981,36.2070,36.1640,42.8508,30.0387,40.8980,33.1014,39.1930

2118.8900,47.7790,49.0518,35.7838,35.6622,36.1986,36.1920,42.8449,30.0289,40.8951,33.1105,39.1926

2119.8900,47.7807,49.0249,35.7705,35.6690,36.2026,36.1980,42.8256,30.0490,40.8896,33.1235,39.1900

2120.8900,47.7746,48.9562,35.7282,35.6777,36.2106,36.1862,42.8240,30.0414,40.8695,33.1138,39.1749

2121.8900,47.8035,48.9372,35.7268,35.6833,36.2327,36.1719,42.8306,30.0472,40.8767,33.1096,39.1792

2122.8900,47.7914,48.9237,35.6902,35.6822,36.2396,36.1732,42.8383,30.0448,40.8654,33.1090,39.1729

2123.8900,47.7838,49.0361,35.6781,35.6575,36.2249,36.1815,42.8537,30.0286,40.8761,33.1050,39.1805

2124.8900,47.7871,49.0455,35.6988,35.6740,36.2301,36.1586,42.8543,30.0479,40.8871,33.1033,39.1871

2125.8900,47.7689,49.0579,35.7231,35.7165,36.2374,36.1977,42.8719,30.0257,40.9008,33.1117,39.1999

2126.8900,47.7623,49.0376,35.6595,35.6875,36.2299,36.2046,42.8966,30.0166,40.8754,33.1106,39.1868

2127.8900,47.7680,49.0058,35.7063,35.7115,36.2235,36.2099,42.8804,30.0398,40.8830,33.1249,39.1931

2128.8900,47.7715,49.1080,35.7414,35.7082,36.2588,36.1611,42.8799,30.0377,40.9176,33.0994,39.2083

2129.8900,47.7754,49.0896,35.8027,35.6947,36.2459,36.1861,42.8907,30.0375,40.9217,33.1118,39.2153

2130.8900,47.7810,49.0311,35.7792,35.6548,36.2198,36.1931,42.8817,30.0319,40.8932,33.1125,39.1966

2131.8900,47.7793,49.1645,35.7607,35.6728,36.2358,36.2096,42.8661,30.0471,40.9226,33.1284,39.2170

2132.8900,47.7739,49.1843,35.6946,35.6914,36.2416,36.1934,42.8553,30.0340,40.9172,33.1137,39.2086

2133.8900,47.7814,49.0869,35.6770,35.6943,36.2520,36.2043,42.8471,30.0347,40.8983,33.1195,39.1972

2134.8910,47.7828,48.9973,35.7717,35.7090,36.2234,36.2090,42.8575,30.0210,40.8969,33.1150,39.1965

2135.8900,47.7814,48.9899,35.8114,35.6964,36.2277,36.1949,42.8603,30.0309,40.9014,33.1129,39.1991

2136.8910,47.7984,48.9371,35.7720,35.7295,36.2378,36.1920,42.9010,30.0434,40.8949,33.1177,39.2014

2137.8900,47.7806,48.9954,35.7290,35.7178,36.2394,36.2067,42.8825,30.0469,40.8924,33.1268,39.1998

2138.8900,47.7988,49.0046,35.7360,35.7075,36.2490,36.2238,42.8927,30.0453,40.8992,33.1345,39.2072

2139.8900,47.8092,48.9747,35.7062,35.6922,36.2422,36.2151,42.9100,30.0333,40.8849,33.1242,39.1978

2140.8900,47.8127,48.9987,35.7689,35.6861,36.2429,36.1933,42.8909,30.0208,40.9019,33.1071,39.2018

2141.8900,47.8141,49.0650,35.7246,35.6811,36.2411,36.2060,42.8813,30.0443,40.9052,33.1252,39.2072

2142.8910,47.7825,49.1156,35.7781,35.7038,36.2582,36.2129,42.8723,30.0381,40.9277,33.1255,39.2202

2143.8900,47.8131,49.0380,35.7796,35.6978,36.2686,36.2116,42.8826,30.0391,40.9194,33.1253,39.2163

2144.8900,47.7901,49.0472,35.7772,35.7090,36.2505,36.2183,42.8779,30.0275,40.9148,33.1229,39.2122

2145.8900,47.8084,49.0372,35.7302,35.7101,36.2605,36.2096,42.8859,30.0296,40.9093,33.1196,39.2089

2146.8900,47.8001,49.0025,35.7049,35.6806,36.2526,36.1918,42.8757,30.0362,40.8882,33.1140,39.1931

2147.8900,47.8009,49.0106,35.7042,35.6794,36.2782,36.2048,42.8866,30.0497,40.8946,33.1272,39.2018

2148.8900,47.8163,49.0050,35.8370,35.6883,36.2839,36.2064,42.8778,30.0329,40.9261,33.1196,39.2184

2149.8900,47.8134,49.0294,35.8102,35.6839,36.2511,36.1983,42.8790,30.0516,40.9176,33.1249,39.2146

2150.8900,47.8189,49.0547,35.7862,35.6833,36.2571,36.2081,42.8691,30.0342,40.9200,33.1211,39.2139

2151.8900,47.8059,49.0611,35.7393,35.6753,36.2514,36.2108,42.8644,30.0270,40.9066,33.1189,39.2044

2152.8900,47.8326,49.1223,35.7068,35.7026,36.2630,36.2163,42.8543,30.0288,40.9255,33.1225,39.2158

2153.8900,47.8207,49.1396,35.7462,35.7051,36.2748,36.2280,42.8991,30.0322,40.9373,33.1301,39.2307

2154.8900,47.8155,49.1254,35.7632,35.7099,36.2537,36.2144,42.8756,30.0274,40.9335,33.1209,39.2231

2155.8900,47.8123,49.0996,35.7844,35.7184,36.2715,36.2229,42.8975,30.0388,40.9373,33.1308,39.2307

2156.8900,47.8077,49.1086,35.7944,35.6999,36.2631,36.2224,42.9014,30.0265,40.9347,33.1245,39.2280

2157.8900,47.8297,49.1027,35.8211,35.7140,36.2521,36.2152,42.9201,30.0409,40.9439,33.1281,39.2370

2158.8910,47.8323,49.1134,35.9049,35.7314,36.2510,36.2155,42.9058,30.0421,40.9666,33.1288,39.2496

2159.8900,47.8336,49.0401,35.8406,35.7298,36.2762,36.2313,42.8856,30.0482,40.9441,33.1397,39.2357

2160.8900,47.8480,49.0458,35.8309,35.7182,36.2496,36.2393,42.9001,30.0299,40.9385,33.1346,39.2327

2161.8900,47.8307,49.0926,35.8119,35.7184,36.2451,36.2260,42.8812,30.0193,40.9397,33.1226,39.2281

2162.8900,47.8349,49.0589,35.8330,35.6983,36.2429,36.2308,42.9040,30.0279,40.9336,33.1293,39.2288

2163.8900,47.8437,48.9973,35.8796,35.7169,36.2536,36.2251,42.9192,30.0273,40.9382,33.1262,39.2328

2164.8900,47.8508,48.9396,35.7572,35.7053,36.2687,36.2421,42.9152,30.0552,40.9043,33.1487,39.2168

2165.8900,47.8459,48.9376,35.8403,35.7215,36.2708,36.2250,42.9173,30.0446,40.9232,33.1348,39.2254

2166.8900,47.8656,48.9447,35.8111,35.7100,36.2257,36.2262,42.9273,30.0618,40.9114,33.1440,39.2215

2167.8900,47.8514,49.0471,35.8482,35.7126,36.2721,36.2259,42.9377,30.0384,40.9463,33.1321,39.2417

2168.8900,47.8538,49.0887,35.8753,35.7163,36.2577,36.2311,42.9140,30.0160,40.9583,33.1235,39.2441

2169.8900,47.8328,49.0377,35.7938,35.7124,36.2571,36.2510,42.9054,30.0374,40.9267,33.1442,39.2284

2170.8900,47.8458,48.9816,35.7909,35.7352,36.2600,36.2371,42.9379,30.0319,40.9227,33.1345,39.2275

2171.8900,47.8446,48.9585,35.8315,35.7174,36.2807,36.2433,42.9081,30.0221,40.9265,33.1327,39.2258

2172.8900,47.8449,49.0029,35.7825,35.7334,36.2581,36.2473,42.9379,30.0168,40.9244,33.1321,39.2280

2173.8910,47.8670,49.0487,35.7834,35.7244,36.2636,36.2430,42.9253,30.0124,40.9374,33.1277,39.2335

2174.8900,47.8539,49.0225,35.7490,35.7177,36.2467,36.2630,42.9367,30.0439,40.9180,33.1534,39.2292

2175.8900,47.8424,49.0321,35.7881,35.7488,36.2673,36.2327,42.9486,30.0336,40.9358,33.1332,39.2367

2176.8900,47.8566,49.0589,35.7722,35.7334,36.2713,36.2264,42.9607,30.0211,40.9385,33.1238,39.2376

2177.8900,47.8625,49.1195,35.7021,35.7325,36.2773,36.2357,42.9431,30.0337,40.9388,33.1347,39.2383

2178.8900,47.8612,49.1017,35.7247,35.7439,36.2704,36.2344,42.9493,30.0282,40.9404,33.1313,39.2392

2179.8900,47.8740,49.1943,35.8492,35.7608,36.2782,36.2455,42.9350,30.0516,40.9913,33.1485,39.2736

2180.8900,47.8748,49.1589,35.8499,35.7788,36.2916,36.2308,42.9315,30.0255,40.9908,33.1282,39.2677

2181.8900,47.8743,49.1089,35.8971,35.7611,36.2874,36.2317,42.9390,30.0293,40.9858,33.1305,39.2661

2182.8900,47.8793,49.0627,35.8784,35.7475,36.2821,36.2494,42.9561,30.0377,40.9700,33.1436,39.2617

2183.8900,47.8725,49.0939,35.9319,35.7239,36.2855,36.2472,42.9782,30.0307,40.9815,33.1390,39.2705

2184.8900,47.8666,49.0569,35.9095,35.7108,36.2885,36.2562,42.9601,30.0258,40.9665,33.1410,39.2593

2185.8900,47.8852,49.0539,35.8158,35.7237,36.2773,36.2245,42.9632,30.0465,40.9512,33.1355,39.2488

2186.8900,47.8733,49.0885,35.8451,35.7137,36.2891,36.2339,42.9676,30.0325,40.9619,33.1332,39.2555

2187.8900,47.8696,49.0896,35.7957,35.7391,36.2882,36.2490,42.9427,30.0194,40.9565,33.1342,39.2492

2188.8900,47.8857,49.1478,35.7981,35.7340,36.2751,36.2475,42.9418,30.0386,40.9681,33.1430,39.2586

2189.8900,47.8857,49.0389,35.9254,35.7356,36.2849,36.2475,42.9318,30.0273,40.9741,33.1374,39.2596

2190.8900,47.8888,49.0255,35.8637,35.7501,36.2809,36.2402,42.9331,30.0045,40.9618,33.1224,39.2483

2191.8900,47.9031,49.0447,35.8406,35.7574,36.2889,36.2417,42.9520,30.0205,40.9670,33.1311,39.2561

2192.8900,47.8904,49.0293,35.9358,35.7661,36.2793,36.2512,42.9625,30.0329,40.9802,33.1421,39.2685

2193.8900,47.8858,49.0957,35.8899,35.7949,36.2886,36.2377,42.9680,30.0137,40.9910,33.1257,39.2718

2194.8900,47.8893,49.2186,35.8864,35.7784,36.2992,36.2412,42.9752,30.0158,41.0144,33.1285,39.2880

2195.8900,47.8784,49.2952,35.9195,35.7544,36.2929,36.2527,43.0034,30.0344,41.0281,33.1435,39.3039

2196.8910,47.8795,49.2308,35.8389,35.7492,36.2842,36.2393,42.9959,30.0233,40.9965,33.1313,39.2802

2197.8900,47.8718,49.1508,35.7959,35.7454,36.2862,36.2400,43.0029,30.0174,40.9701,33.1287,39.2638

2198.8900,47.8956,49.1817,35.9029,35.7612,36.2911,36.2505,43.0135,30.0199,41.0065,33.1352,39.2896

2199.8900,47.8748,49.1334,35.8330,35.7741,36.3074,36.2616,42.9988,30.0142,40.9845,33.1379,39.2747

2200.8900,47.8707,49.1991,35.8686,35.7765,36.3169,36.2552,43.0026,30.0186,41.0063,33.1369,39.2885

2201.8900,47.8720,49.1458,35.9190,35.7769,36.3121,36.2560,42.9890,30.0298,41.0052,33.1429,39.2876

2202.8900,47.8725,49.1252,35.8649,35.7850,36.3005,36.2677,42.9957,30.0016,40.9896,33.1347,39.2766

2203.8900,47.8749,49.1404,35.9271,35.7644,36.3099,36.2627,42.9701,30.0144,41.0034,33.1386,39.2830

2204.8900,47.8743,49.1215,35.8888,35.7817,36.2957,36.2406,42.9608,30.0015,40.9924,33.1211,39.2706

2205.8900,47.8864,49.1647,35.8899,35.7604,36.3052,36.2510,42.9806,30.0237,41.0013,33.1373,39.2827

2206.8900,47.8812,49.2375,35.9098,35.7592,36.2990,36.2569,42.9501,30.0278,41.0174,33.1424,39.2902

2207.8900,47.8815,49.1961,35.8609,35.7795,36.3142,36.2516,42.9805,30.0192,41.0065,33.1354,39.2855

2208.8900,47.9051,49.1722,35.8704,35.7951,36.3179,36.2590,42.9593,29.9957,41.0122,33.1274,39.2844

2209.8900,47.8784,49.1663,35.8822,35.8205,36.2953,36.2728,42.9701,30.0236,41.0085,33.1482,39.2887

2210.8900,47.8977,49.1472,35.8937,35.8255,36.3082,36.2629,42.9913,30.0174,41.0145,33.1401,39.2930

2211.8910,47.9076,49.1055,35.8717,35.8292,36.3074,36.2607,42.9848,30.0194,41.0043,33.1400,39.2858

2212.8900,47.8915,49.0148,35.8950,35.8188,36.3089,36.2561,42.9944,30.0383,40.9858,33.1472,39.2772

2213.8900,47.9122,49.0955,35.9055,35.8162,36.3391,36.2676,43.0174,30.0245,41.0137,33.1461,39.2972

2214.8900,47.9246,49.2198,35.9354,35.8189,36.2970,36.2568,42.9923,30.0470,41.0391,33.1519,39.3115

2215.8900,47.9281,49.1884,35.8784,35.8232,36.3243,36.2706,42.9807,30.0265,41.0285,33.1486,39.3025

2216.8900,47.9171,49.1534,35.9014,35.8617,36.3273,36.2413,43.0073,30.0441,41.0322,33.1427,39.3067

2217.8900,47.9172,49.1135,35.9583,35.8414,36.3086,36.2446,42.9556,30.0206,41.0278,33.1326,39.2950

2218.8900,47.9130,49.1507,35.9950,35.8206,36.3260,36.2554,42.9558,30.0512,41.0411,33.1533,39.3085

2219.8900,47.9176,49.1564,35.8534,35.7885,36.3185,36.2647,42.9648,30.0239,41.0069,33.1443,39.2860

2220.8910,47.9305,49.1652,35.7904,35.7702,36.3193,36.2576,42.9513,30.0130,40.9951,33.1353,39.2747

2221.8900,47.9533,49.1367,35.8280,35.7672,36.3138,36.2718,42.9580,30.0230,40.9998,33.1474,39.2815

2222.8900,47.9280,49.1919,35.8178,35.7776,36.3177,36.2541,42.9684,30.0222,41.0066,33.1382,39.2847

2223.8900,47.9163,49.2075,35.7816,35.7985,36.3180,36.2858,42.9891,30.0423,41.0044,33.1640,39.2924

2224.8900,47.9086,49.2769,35.8173,35.8070,36.3299,36.2575,42.9674,30.0481,41.0279,33.1528,39.3016

2225.8900,47.9157,49.2973,35.8678,35.8239,36.3109,36.2726,42.9925,30.0215,41.0431,33.1470,39.3128

2226.8900,47.9169,49.2264,35.8681,35.8144,36.3304,36.2780,43.0077,30.0331,41.0313,33.1556,39.3094

2227.8900,47.9298,49.1748,35.9404,35.8258,36.3139,36.2817,42.9987,30.0231,41.0370,33.1524,39.3110

2228.8900,47.9261,49.1602,35.9106,35.8316,36.3232,36.2685,43.0220,30.0372,41.0303,33.1529,39.3099

2229.8900,47.9217,49.1544,35.8084,35.8468,36.3179,36.2637,42.9981,30.0309,41.0098,33.1473,39.2927

2230.8900,47.9365,49.1830,35.8892,35.8583,36.3281,36.2744,42.9868,30.0355,41.0390,33.1550,39.3115

2231.8900,47.9560,49.1766,35.8566,35.8458,36.3465,36.2516,42.9953,30.0460,41.0363,33.1488,39.3093

2232.8900,47.9298,49.1750,35.8536,35.8391,36.3181,36.2648,42.9830,30.0255,41.0231,33.1452,39.2986

2233.8900,47.9344,49.1815,35.8662,35.8078,36.3499,36.2541,42.9956,30.0287,41.0279,33.1414,39.3023

2234.8900,47.9475,49.1199,35.9120,35.8255,36.3233,36.2729,43.0043,30.0312,41.0256,33.1520,39.3046

2235.8900,47.9329,49.2062,35.9039,35.8253,36.3461,36.2788,42.9949,30.0103,41.0429,33.1446,39.3123

2236.8900,47.9321,49.1626,35.9682,35.8247,36.3452,36.2709,43.0268,30.0174,41.0465,33.1442,39.3185

2237.8910,47.9433,49.1634,35.9265,35.8213,36.3495,36.2948,43.0248,30.0321,41.0408,33.1634,39.3194

2238.8900,47.9335,49.0918,35.9934,35.8129,36.3452,36.2831,43.0244,30.0170,41.0354,33.1500,39.3127

2239.8900,47.9420,49.1983,35.9744,35.7855,36.3407,36.2744,43.0487,30.0162,41.0482,33.1453,39.3225

2240.8900,47.9396,49.1890,35.9112,35.7793,36.3379,36.2986,43.0231,30.0054,41.0314,33.1520,39.3105

2241.8900,47.9567,49.1982,35.9158,35.8218,36.3444,36.2762,42.9886,30.0030,41.0474,33.1396,39.3131

2242.8900,47.9369,49.2233,35.8369,35.7986,36.3370,36.2916,42.9799,30.0162,41.0265,33.1539,39.3026

2243.8900,47.9710,49.2151,35.8572,35.8366,36.3186,36.3056,43.0034,30.0152,41.0397,33.1604,39.3153

2244.8900,47.9654,49.2253,35.9171,35.8119,36.3508,36.2835,42.9848,30.0033,41.0541,33.1434,39.3178

2245.8900,47.9560,49.1850,35.8520,35.8267,36.3353,36.2913,42.9865,30.0192,41.0310,33.1553,39.3065

2246.8900,47.9556,49.2506,35.8725,35.8220,36.3437,36.2881,43.0079,29.9981,41.0489,33.1431,39.3173

2247.8900,47.9619,49.2415,35.8670,35.8231,36.3650,36.2865,43.0173,30.0416,41.0517,33.1640,39.3255

2248.8900,47.9489,49.2481,35.8779,35.8359,36.3435,36.2860,43.0309,29.9993,41.0509,33.1427,39.3213

2249.8900,47.9469,49.2181,35.9308,35.8182,36.3700,36.2957,43.0510,30.0160,41.0568,33.1559,39.3308

2250.8900,47.9459,49.1846,35.9367,35.8071,36.3391,36.2830,43.0586,30.0165,41.0427,33.1498,39.3214

2251.8900,47.9677,49.2414,35.9165,35.7903,36.3550,36.2854,43.0604,30.0071,41.0542,33.1462,39.3280

2252.8900,47.9808,49.2151,35.9086,35.7987,36.3472,36.3005,43.0591,30.0167,41.0501,33.1586,39.3284

2253.8900,47.9688,49.2318,35.8704,35.8292,36.3608,36.2720,43.0657,30.0068,41.0522,33.1394,39.3257

2254.8910,47.9522,49.2492,35.8617,35.8112,36.3595,36.2875,43.0770,30.0158,41.0467,33.1517,39.3268

2255.8900,47.9554,49.2771,35.8964,35.8305,36.3328,36.3220,43.0535,30.0271,41.0584,33.1746,39.3369

2256.8900,47.9414,49.2308,35.9441,35.8520,36.3542,36.2850,43.0553,30.0077,41.0645,33.1463,39.3338

2257.8900,47.9736,49.2391,35.9707,35.8407,36.3581,36.2941,43.0520,30.0060,41.0764,33.1500,39.3418

2258.8900,47.9806,49.1992,35.9977,35.8341,36.3530,36.3011,43.0370,30.0277,41.0729,33.1644,39.3413

2259.8900,47.9780,49.1640,35.9552,35.8724,36.3804,36.2818,43.0524,29.9931,41.0700,33.1374,39.3347

2260.8900,47.9596,49.2250,35.9187,35.8481,36.3847,36.3039,43.0254,30.0158,41.0672,33.1598,39.3351

2261.8900,47.9665,49.2608,35.8838,35.8403,36.3645,36.3052,43.0172,30.0120,41.0632,33.1586,39.3313

2262.8900,47.9673,49.2508,35.9345,35.8601,36.3724,36.2901,43.0081,30.0171,41.0770,33.1536,39.3376

2263.8900,47.9770,49.1514,35.9148,35.8583,36.3648,36.3045,43.0230,30.0000,41.0533,33.1523,39.3242

2264.8900,47.9674,49.1240,35.9956,35.8782,36.3734,36.2907,43.0368,30.0091,41.0677,33.1499,39.3344

2265.8900,47.9764,49.1207,35.9759,35.8576,36.3820,36.3138,43.0270,30.0376,41.0625,33.1757,39.3364

2266.8910,47.9689,49.1532,35.9513,35.8554,36.3815,36.3179,43.0680,30.0130,41.0621,33.1655,39.3386

2267.8910,47.9700,49.1008,35.9272,35.8426,36.3835,36.2989,43.0585,30.0169,41.0448,33.1579,39.3248

2268.8910,47.9816,49.2604,35.8754,35.8272,36.3873,36.3055,43.0591,30.0133,41.0664,33.1594,39.3387

2269.8900,47.9771,49.3751,35.8100,35.8596,36.3752,36.3206,43.0614,30.0143,41.0794,33.1674,39.3492

2270.8900,47.9762,49.3405,35.9437,35.8567,36.3720,36.3276,43.0847,30.0059,41.0978,33.1667,39.3634

2271.8900,47.9654,49.2648,35.9569,35.8415,36.3705,36.2990,43.0625,30.0175,41.0798,33.1582,39.3473

2272.8900,47.9894,49.1838,35.8887,35.8625,36.3821,36.3017,43.0806,30.0169,41.0613,33.1593,39.3382

2273.8900,47.9721,49.2435,35.8742,35.8691,36.3665,36.3067,43.0728,30.0233,41.0651,33.1650,39.3410

2274.8900,47.9898,49.2844,35.8725,35.8800,36.3703,36.3133,43.0520,30.0136,41.0794,33.1634,39.3470

2275.8900,47.9979,49.3880,35.8955,35.8707,36.3500,36.3257,43.0623,29.9950,41.1004,33.1603,39.3606

2276.8900,47.9854,49.3555,35.8809,35.8500,36.3874,36.3388,43.0715,29.9931,41.0918,33.1660,39.3578

2277.8900,47.9879,49.3231,35.9500,35.8817,36.3904,36.3291,43.0556,30.0112,41.1066,33.1701,39.3661

2278.8900,47.9797,49.2840,35.9371,35.8744,36.3559,36.3059,43.0344,30.0258,41.0862,33.1659,39.3496

2279.8900,48.0031,49.2497,35.9478,35.8655,36.3940,36.3146,43.0502,30.0304,41.0920,33.1725,39.3569

2280.8900,48.0070,49.2600,35.9269,35.8680,36.3793,36.3012,43.0693,30.0339,41.0882,33.1675,39.3557

2281.8900,47.9920,49.3158,35.9393,35.8594,36.3683,36.3136,43.0733,30.0097,41.0949,33.1616,39.3589

2282.8900,48.0144,49.3093,35.9566,35.8851,36.3662,36.3035,43.0738,30.0291,41.1063,33.1663,39.3672

2283.8900,47.9996,49.3091,35.8820,35.8503,36.3826,36.2984,43.0773,30.0235,41.0847,33.1610,39.3529

2284.8900,48.0193,49.2921,35.9285,35.8298,36.3697,36.3305,43.0853,30.0083,41.0879,33.1694,39.3579

2285.8900,47.9789,49.2503,35.9452,35.8259,36.3682,36.3425,43.0935,30.0256,41.0737,33.1840,39.3538

2286.8900,48.0013,49.2214,35.9874,35.8298,36.3843,36.3357,43.0881,30.0102,41.0848,33.1730,39.3573

2287.8900,47.9833,49.2046,35.9616,35.8644,36.3997,36.3044,43.0751,30.0079,41.0827,33.1562,39.3501

2288.8900,48.0202,49.2107,35.9069,35.8555,36.3795,36.3155,43.0746,30.0115,41.0746,33.1635,39.3468

2289.8900,48.0095,49.3588,35.8888,35.8767,36.3724,36.3271,43.0854,30.0067,41.1012,33.1669,39.3657

2290.8900,47.9881,49.3095,35.9699,35.8713,36.3807,36.3199,43.0610,30.0311,41.1039,33.1755,39.3664

2291.8900,48.0000,49.2692,35.8956,35.8670,36.3848,36.3241,43.0814,30.0089,41.0833,33.1665,39.3539

2292.8900,48.0164,49.2429,35.9044,35.8343,36.3733,36.3083,43.0661,30.0057,41.0743,33.1570,39.3439

2293.8900,48.0293,49.2389,35.9004,35.8354,36.3751,36.3345,43.0579,29.9972,41.0758,33.1659,39.3461

2294.8900,48.0156,49.2325,35.9552,35.8112,36.3805,36.3099,43.0654,30.0040,41.0790,33.1570,39.3468

2295.8900,48.0285,49.2633,35.9485,35.8120,36.3949,36.3192,43.0653,30.0256,41.0894,33.1724,39.3572

2296.8900,48.0381,49.2896,35.9601,35.8343,36.4018,36.3065,43.0559,29.9902,41.1048,33.1484,39.3596

2297.8900,48.0245,49.2381,35.9851,35.8561,36.4040,36.3152,43.0659,30.0027,41.1016,33.1590,39.3614

2298.8900,48.0440,49.2143,35.8690,35.8919,36.3909,36.3044,43.0848,29.9910,41.0820,33.1477,39.3488

2299.8900,48.0400,49.2108,35.9435,35.9052,36.4005,36.3149,43.0673,30.0133,41.1000,33.1641,39.3620

2300.8900,48.0253,49.2056,35.9425,35.9312,36.3973,36.3235,43.0709,30.0026,41.1004,33.1630,39.3624

2301.8900,48.0335,49.2381,35.9338,35.9267,36.3906,36.3172,43.0655,29.9940,41.1045,33.1556,39.3624

2302.8900,48.0491,49.2423,35.9230,35.9043,36.3951,36.3156,43.0604,29.9905,41.1028,33.1531,39.3600

2303.8900,48.0462,49.2924,35.9513,35.8928,36.3931,36.3333,43.0787,30.0130,41.1152,33.1731,39.3751

2304.8900,48.0384,49.3137,35.9588,35.9200,36.4133,36.3039,43.0611,30.0107,41.1288,33.1573,39.3775

2305.8900,48.0558,49.2951,35.9259,35.9175,36.4304,36.3290,43.0814,30.0204,41.1250,33.1747,39.3820

2306.8900,48.0418,49.3716,35.9588,35.9177,36.4148,36.3424,43.0764,30.0071,41.1409,33.1747,39.3913

2307.8900,48.0495,49.3884,35.9665,35.9080,36.3969,36.3305,43.1115,30.0013,41.1419,33.1659,39.3941

2308.8900,48.0417,49.3722,36.0399,35.8687,36.4124,36.3255,43.0891,29.9952,41.1470,33.1603,39.3931

2309.8900,48.0510,49.3808,35.9864,35.8822,36.3994,36.3157,43.0867,29.9896,41.1399,33.1527,39.3865

2310.8900,48.0509,49.3615,35.9659,35.9164,36.4003,36.3213,43.0928,30.0042,41.1390,33.1627,39.3892

2311.8900,48.0573,49.2746,35.9777,35.9071,36.4062,36.3217,43.1022,30.0224,41.1246,33.1720,39.3836

2312.8900,48.0583,49.2286,35.8737,35.9349,36.3974,36.3400,43.1052,30.0014,41.0986,33.1707,39.3674

2313.8910,48.0494,49.2689,35.9433,35.9260,36.4170,36.3543,43.0755,29.9933,41.1209,33.1738,39.3785

2314.8910,48.0596,49.2005,35.9406,35.9303,36.4085,36.3258,43.0653,29.9890,41.1079,33.1574,39.3649

2315.8900,48.0633,49.2280,35.9104,35.9249,36.4081,36.3431,43.0669,30.0281,41.1069,33.1856,39.3716

2316.8900,48.0558,49.1874,35.9358,35.9110,36.4141,36.3253,43.0592,29.9880,41.1008,33.1566,39.3596

2317.8900,48.0583,49.1558,35.9567,35.8810,36.4255,36.3469,43.0716,30.0098,41.0955,33.1784,39.3632

2318.8900,48.0739,49.1571,36.0052,35.8893,36.4220,36.3262,43.0845,30.0021,41.1095,33.1642,39.3701

2319.8900,48.0788,49.2023,35.9864,35.8971,36.4069,36.3424,43.0908,29.9920,41.1143,33.1672,39.3746

2320.8900,48.0568,49.2452,35.9802,35.9007,36.4202,36.3506,43.0958,29.9942,41.1206,33.1724,39.3805

2321.8900,48.0507,49.2499,35.9747,35.9130,36.4252,36.3303,43.0708,30.0124,41.1227,33.1713,39.3784

2322.8900,48.0424,49.2582,36.0330,35.9194,36.4098,36.3215,43.0982,30.0025,41.1326,33.1620,39.3856

2323.8900,48.0547,49.3793,35.9461,35.9414,36.4004,36.3326,43.1140,30.0043,41.1444,33.1684,39.3966

2324.8900,48.0545,49.3410,36.0246,35.9470,36.4207,36.3501,43.1447,30.0215,41.1576,33.1858,39.4130

2325.8900,48.0755,49.3107,36.0683,35.9276,36.4213,36.3381,43.1342,30.0221,41.1607,33.1801,39.4122

2326.8900,48.0814,49.2714,35.9852,35.9122,36.4077,36.3465,43.1370,29.9976,41.1316,33.1720,39.3924

2327.8910,48.0875,49.1821,35.9968,35.9061,36.4302,36.3381,43.1393,30.0047,41.1205,33.1714,39.3856

2328.8900,48.0872,49.2355,36.0153,35.9199,36.4159,36.3560,43.1414,30.0283,41.1348,33.1922,39.3999

2329.8900,48.0729,49.2627,35.9750,35.9563,36.4308,36.3490,43.1315,30.0171,41.1395,33.1830,39.3994

2330.8900,48.0874,49.3670,36.0042,35.9514,36.4249,36.3142,43.1058,29.9966,41.1670,33.1554,39.4064

2331.8900,48.0855,49.3641,36.0401,35.9312,36.3926,36.3431,43.0927,30.0092,41.1627,33.1762,39.4073

2332.8910,48.0990,49.3216,36.0041,35.9405,36.3955,36.3380,43.0926,30.0069,41.1521,33.1724,39.3998

2333.8910,48.0866,49.2670,35.9265,35.9522,36.4148,36.3447,43.0931,29.9943,41.1294,33.1695,39.3849

2334.8900,48.0825,49.3552,36.0455,35.9577,36.4326,36.3648,43.0832,30.0085,41.1747,33.1866,39.4162

2335.8910,48.1187,49.3720,36.0247,35.9490,36.4281,36.3346,43.0746,30.0124,41.1785,33.1735,39.4143

2336.8900,48.0852,49.3472,35.9823,35.9421,36.4227,36.3250,43.0877,30.0108,41.1559,33.1679,39.4004

2337.8900,48.0700,49.3529,35.8824,35.9488,36.4022,36.3517,43.0944,30.0014,41.1312,33.1766,39.3880

2338.8900,48.0895,49.3712,35.9523,35.9617,36.4247,36.3335,43.0988,30.0128,41.1599,33.1731,39.4056

2339.8900,48.1198,49.4226,35.9656,35.9548,36.4338,36.3558,43.1133,30.0126,41.1793,33.1842,39.4223

2340.8900,48.1072,49.4720,35.9383,35.9346,36.3981,36.3252,43.1323,30.0185,41.1700,33.1719,39.4158

2341.8900,48.1153,49.4736,35.9750,35.9185,36.4144,36.3171,43.1265,30.0132,41.1794,33.1652,39.4192

2342.8900,48.1252,49.4574,35.9988,35.9086,36.4149,36.3457,43.1394,30.0091,41.1810,33.1774,39.4249

2343.8900,48.1294,49.4668,35.9813,35.9200,36.4183,36.3608,43.1647,29.9993,41.1832,33.1800,39.4301

2344.8900,48.1231,49.4110,35.9805,35.9300,36.4464,36.3319,43.1282,29.9947,41.1782,33.1633,39.4182

2345.8900,48.1072,49.4450,36.0279,35.9554,36.4188,36.3524,43.1507,30.0002,41.1909,33.1763,39.4322

2346.8900,48.1107,49.3464,36.0147,35.9679,36.4386,36.3461,43.1152,29.9925,41.1757,33.1693,39.4165

2347.8900,48.0973,49.3268,35.8929,35.9733,36.4176,36.3695,43.1104,30.0010,41.1416,33.1852,39.3986

2348.8900,48.0960,49.3516,36.0032,35.9672,36.4453,36.3504,43.0927,30.0119,41.1727,33.1811,39.4148

2349.8900,48.0959,49.3403,36.0460,35.9917,36.4415,36.3363,43.1166,30.0146,41.1831,33.1755,39.4229

2350.8910,48.0985,49.3203,35.9719,36.0084,36.4399,36.3511,43.1225,30.0088,41.1678,33.1799,39.4152

2351.8900,48.0938,49.3806,35.9694,36.0171,36.4290,36.3533,43.1422,29.9979,41.1780,33.1756,39.4229

2352.8900,48.1149,49.3313,35.9989,36.0158,36.4503,36.3480,43.1382,29.9835,41.1822,33.1658,39.4226

2353.8900,48.1097,49.3637,36.0266,36.0065,36.4320,36.3619,43.1350,29.9957,41.1877,33.1788,39.4289

2354.8900,48.1317,49.2778,35.9950,35.9978,36.4355,36.3631,43.1444,29.9912,41.1675,33.1771,39.4170

2355.8900,48.1427,49.2652,36.0659,35.9616,36.4349,36.3714,43.1378,29.9808,41.1741,33.1761,39.4200

2356.8900,48.1332,49.2382,35.9941,35.9333,36.4591,36.3567,43.1533,30.0041,41.1516,33.1804,39.4090

2357.8900,48.1071,49.3252,36.0691,35.9232,36.4383,36.3752,43.1549,29.9907,41.1726,33.1829,39.4229

2358.8900,48.1264,49.3241,35.9561,35.9314,36.4353,36.3671,43.1542,29.9859,41.1547,33.1765,39.4101

2359.8900,48.1299,49.3308,35.8933,35.9405,36.4360,36.3706,43.1563,29.9974,41.1461,33.1840,39.4068

2360.8900,48.1345,49.2925,35.9990,35.9191,36.4384,36.3687,43.1303,29.9899,41.1567,33.1793,39.4090

2361.8900,48.1458,49.2966,36.0406,35.9088,36.4320,36.3666,43.1201,30.0037,41.1648,33.1851,39.4143

2362.8900,48.1406,49.2780,36.0199,35.9320,36.4595,36.3777,43.1018,29.9979,41.1660,33.1878,39.4134

2363.8900,48.1225,49.3912,36.0403,35.9337,36.4557,36.3552,43.1305,29.9782,41.1887,33.1667,39.4259

2364.8900,48.1346,49.3597,35.9977,35.9477,36.4544,36.3731,43.1156,30.0191,41.1788,33.1961,39.4252

2365.8900,48.1394,49.3347,36.0066,35.9566,36.4498,36.3718,43.1189,29.9859,41.1774,33.1788,39.4205

2366.8910,48.1389,49.4343,35.9891,35.9727,36.4736,36.3521,43.1441,29.9985,41.2017,33.1753,39.4379

2367.8900,48.1321,49.4401,36.0295,35.9986,36.4701,36.3743,43.1355,30.0048,41.2141,33.1896,39.4481

2368.8900,48.1159,49.4795,36.0736,35.9960,36.4518,36.3410,43.1329,30.0034,41.2233,33.1722,39.4493

2369.8900,48.1418,49.5239,36.0423,35.9791,36.4714,36.3598,43.1780,29.9827,41.2317,33.1712,39.4599

2370.8910,48.1446,49.4687,36.0201,35.9467,36.4602,36.3616,43.1364,29.9982,41.2081,33.1799,39.4421

2371.8900,48.1346,49.5597,36.0130,35.9396,36.4586,36.3455,43.1475,29.9966,41.2211,33.1711,39.4494

2372.8900,48.1424,49.4805,35.9240,35.9455,36.4622,36.3650,43.1599,30.0119,41.1909,33.1885,39.4364

2373.8900,48.1355,49.4685,36.0129,35.9306,36.4520,36.3782,43.1683,29.9881,41.1999,33.1832,39.4418

2374.8900,48.1470,49.3704,36.0609,35.9735,36.4440,36.3893,43.1667,29.9880,41.1992,33.1887,39.4425

2375.8900,48.1475,49.2649,35.9978,35.9501,36.4599,36.3852,43.1700,30.0059,41.1641,33.1955,39.4227

2376.8900,48.1247,49.2947,36.0195,35.9471,36.4724,36.3742,43.1893,29.9944,41.1717,33.1843,39.4270

2377.8900,48.1537,49.3913,36.0134,35.9451,36.4535,36.3881,43.2027,29.9915,41.1914,33.1898,39.4424

2378.8900,48.1391,49.3956,35.9415,35.9532,36.4729,36.3673,43.1773,29.9889,41.1805,33.1781,39.4295

2379.8900,48.1558,49.3916,35.9983,35.9791,36.4514,36.3748,43.1974,29.9936,41.1952,33.1842,39.4428

2380.8910,48.1800,49.4074,36.0221,35.9772,36.4759,36.3773,43.1835,29.9802,41.2125,33.1787,39.4505

2381.8900,48.1617,49.4563,36.0094,35.9584,36.4845,36.3868,43.1788,29.9808,41.2141,33.1838,39.4521

2382.8900,48.1671,49.4835,36.0113,35.9542,36.4680,36.3797,43.1620,30.0000,41.2168,33.1898,39.4532

2383.8900,48.1747,49.3640,36.0340,35.9404,36.4841,36.3724,43.1446,29.9856,41.1994,33.1790,39.4375

2384.8900,48.1548,49.3404,35.9385,35.9249,36.4682,36.3672,43.1585,29.9823,41.1654,33.1747,39.4168

2385.8900,48.1737,49.3526,36.0392,35.9321,36.4499,36.3742,43.1405,29.9850,41.1895,33.1796,39.4309

2386.8900,48.1694,49.3981,36.0487,35.9314,36.4619,36.3932,43.1295,29.9886,41.2019,33.1909,39.4401

2387.8900,48.1587,49.3987,36.1167,35.9662,36.4488,36.3988,43.1474,29.9919,41.2178,33.1954,39.4534

2388.8900,48.1694,49.3930,36.0147,35.9637,36.4718,36.3961,43.1524,29.9901,41.2025,33.1931,39.4439

2389.8910,48.1646,49.3560,36.0230,35.9866,36.4711,36.3898,43.1737,30.0035,41.2003,33.1966,39.4460

2390.8900,48.1682,49.3809,35.9940,35.9823,36.4677,36.3888,43.1880,29.9827,41.1986,33.1858,39.4441

2391.8900,48.1784,49.2943,36.1112,36.0051,36.4593,36.3775,43.1800,29.9790,41.2097,33.1783,39.4481

2392.8900,48.1736,49.1998,36.0517,35.9839,36.4615,36.3811,43.2119,29.9882,41.1741,33.1846,39.4315

2393.8900,48.1662,49.1167,36.0102,36.0046,36.4858,36.3881,43.1953,29.9713,41.1567,33.1797,39.4173

2394.8900,48.1876,49.1488,36.0170,36.0113,36.4845,36.3854,43.1760,30.0062,41.1698,33.1958,39.4271

2395.8900,48.2018,49.1800,36.0475,36.0190,36.4605,36.3956,43.1739,29.9919,41.1817,33.1937,39.4338

2396.8900,48.1969,49.2620,36.0528,36.0219,36.4538,36.3645,43.1815,30.0016,41.1975,33.1830,39.4419

2397.8900,48.1733,49.2573,36.0274,36.0153,36.4752,36.3981,43.1799,29.9907,41.1897,33.1944,39.4396

2398.8900,48.1820,49.3641,36.0620,35.9942,36.4817,36.3835,43.1813,29.9873,41.2168,33.1854,39.4545

2399.8900,48.1575,49.3087,36.0411,35.9944,36.4700,36.3892,43.1847,29.9987,41.1944,33.1939,39.4430

2400.8900,48.1870,49.3909,36.0925,36.0050,36.4909,36.3838,43.1809,29.9872,41.2333,33.1855,39.4648

2401.8900,48.1787,49.4867,36.1121,36.0289,36.4951,36.3961,43.1949,29.9915,41.2603,33.1938,39.4855

2402.8900,48.2003,49.4672,36.0849,36.0181,36.4730,36.3721,43.1725,29.9871,41.2487,33.1796,39.4719

2403.8900,48.1968,49.4458,36.0661,36.0189,36.4854,36.3938,43.1937,29.9789,41.2426,33.1864,39.4724

2404.8900,48.1780,49.4907,36.0844,36.0138,36.4753,36.3907,43.1752,29.9870,41.2484,33.1888,39.4744

2405.8900,48.1977,49.4792,36.0055,36.0045,36.4755,36.3830,43.1716,30.0028,41.2325,33.1929,39.4650

2406.8900,48.2029,49.4700,36.0485,35.9840,36.4836,36.4061,43.1637,30.0086,41.2378,33.2073,39.4709

2407.8900,48.1766,49.4082,36.0323,35.9584,36.4982,36.3790,43.1583,29.9847,41.2147,33.1819,39.4495

2408.8900,48.1843,49.4242,36.0363,35.9699,36.4554,36.3793,43.1642,29.9995,41.2140,33.1894,39.4516

2409.8910,48.1872,49.4871,36.0349,35.9550,36.5019,36.3977,43.1753,29.9997,41.2332,33.1987,39.4674

2410.8900,48.2077,49.4137,36.0809,35.9837,36.4693,36.4095,43.1694,30.0111,41.2311,33.2103,39.4682

2411.8900,48.2010,49.3860,36.0673,35.9963,36.4766,36.4037,43.1792,30.0048,41.2254,33.2042,39.4644

2412.8900,48.1983,49.3240,36.0846,36.0075,36.4851,36.3892,43.1629,30.0011,41.2199,33.1952,39.4566

2413.8900,48.2209,49.2859,36.1728,36.0082,36.4635,36.4093,43.1720,29.9818,41.2303,33.1955,39.4643

2414.8900,48.2087,49.3044,36.1396,36.0288,36.4820,36.3946,43.1822,29.9825,41.2327,33.1886,39.4653

2415.8900,48.2203,49.2601,36.1219,36.0233,36.4988,36.4021,43.1619,30.0018,41.2249,33.2019,39.4613

2416.8900,48.2099,49.2581,36.0087,36.0330,36.4757,36.4065,43.1822,29.9983,41.1971,33.2024,39.4465

2417.8900,48.2017,49.2924,35.9984,35.9975,36.4973,36.4071,43.1906,29.9871,41.1975,33.1971,39.4465

2418.8900,48.2025,49.3574,35.9679,36.0085,36.4767,36.4145,43.2067,29.9889,41.2026,33.2017,39.4529

2419.8900,48.2043,49.3994,35.9935,36.0239,36.4883,36.4182,43.2085,30.0100,41.2219,33.2141,39.4682

2420.8900,48.2055,49.3704,36.0366,36.0067,36.4825,36.4152,43.2313,29.9971,41.2203,33.2061,39.4681

2421.8900,48.2361,49.4021,36.1038,36.0192,36.4947,36.4222,43.2345,29.9920,41.2512,33.2071,39.4881

2422.8900,48.2369,49.4750,36.1396,36.0335,36.4899,36.4137,43.2487,30.0069,41.2750,33.2103,39.5055

2423.8900,48.2327,49.5003,36.1386,36.0376,36.4894,36.4109,43.2314,29.9984,41.2797,33.2047,39.5049

2424.8900,48.2350,49.4973,36.1220,36.0556,36.4814,36.4188,43.2237,29.9890,41.2783,33.2039,39.5028

2425.8900,48.2279,49.4911,36.0880,36.0352,36.4925,36.4116,43.2220,30.0011,41.2669,33.2064,39.4962

2426.8900,48.2310,49.5068,36.0816,36.0610,36.5129,36.4078,43.2100,30.0146,41.2787,33.2112,39.5032

2427.8900,48.2108,49.4875,36.0087,36.0797,36.5150,36.4038,43.1980,30.0275,41.2603,33.2156,39.4914

2428.8900,48.2400,49.5235,36.0245,36.0811,36.4702,36.4160,43.1952,29.9979,41.2679,33.2069,39.4935

2429.8900,48.2245,49.4268,36.1249,36.0632,36.5246,36.4040,43.1886,30.0028,41.2728,33.2034,39.4949

2430.8900,48.2357,49.4714,36.1551,36.0598,36.4901,36.4116,43.2060,30.0142,41.2824,33.2129,39.5055

2431.8900,48.2321,49.4251,36.0835,36.0541,36.4869,36.4215,43.1590,29.9950,41.2563,33.2082,39.4821

2432.8900,48.2428,49.3949,36.0268,36.0473,36.5094,36.3930,43.1941,30.0115,41.2442,33.2022,39.4775

2433.8900,48.2507,49.4248,36.1300,36.0590,36.4973,36.4169,43.2020,29.9908,41.2724,33.2039,39.4964

2434.8900,48.2468,49.4534,36.1641,36.0626,36.5027,36.4195,43.1875,29.9949,41.2859,33.2072,39.5039

2435.8910,48.2403,49.4047,36.0905,36.0737,36.5172,36.4247,43.2315,29.9883,41.2653,33.2065,39.4964

2436.8900,48.2644,49.4096,36.0964,36.0744,36.4990,36.4191,43.2178,29.9860,41.2688,33.2025,39.4958

2437.8900,48.2436,49.4461,36.0477,36.0561,36.5060,36.4158,43.2192,29.9747,41.2599,33.1953,39.4887

2438.8900,48.2313,49.4704,36.1004,36.0494,36.4940,36.4286,43.2199,29.9956,41.2691,33.2121,39.4987

2439.8900,48.2510,49.4621,36.0433,36.0489,36.5177,36.4294,43.2069,29.9719,41.2646,33.2006,39.4914

2440.8900,48.2409,49.4131,36.0766,36.0420,36.5178,36.4514,43.2362,29.9912,41.2581,33.2213,39.4961

2441.8900,48.2192,49.3217,36.0936,36.0576,36.5108,36.4389,43.2354,30.0078,41.2406,33.2233,39.4856

2442.8900,48.2431,49.3037,36.0963,36.0674,36.5102,36.4247,43.2141,29.9855,41.2442,33.2051,39.4806

2443.8900,48.2490,49.3486,36.0898,36.0604,36.5007,36.4377,43.2155,29.9779,41.2497,33.2078,39.4850

2444.8910,48.2572,49.3783,36.1376,36.0460,36.5226,36.4417,43.2044,29.9801,41.2683,33.2109,39.4960

2445.8900,48.2396,49.4527,36.1768,36.0090,36.4903,36.4455,43.1937,30.0088,41.2737,33.2271,39.5020

2446.8900,48.2558,49.4672,36.1126,36.0252,36.4917,36.4501,43.1721,29.9989,41.2705,33.2245,39.4967

2447.8900,48.2499,49.4401,36.1286,36.0178,36.4941,36.4179,43.1815,30.0178,41.2661,33.2178,39.4935

2448.8900,48.2731,49.3753,36.0528,36.0060,36.4984,36.4405,43.1916,29.9962,41.2411,33.2184,39.4792

2449.8900,48.2551,49.3511,36.0527,36.0185,36.5232,36.4475,43.2157,30.0080,41.2401,33.2277,39.4840

2450.8900,48.2577,49.3433,36.1406,36.0466,36.5174,36.4403,43.2116,30.0083,41.2611,33.2243,39.4957

2451.8900,48.2483,49.3711,36.1243,36.0640,36.5384,36.4197,43.2209,29.9941,41.2692,33.2069,39.4976

2452.8900,48.2506,49.4046,36.1881,36.0423,36.5177,36.4374,43.2328,29.9724,41.2807,33.2049,39.5057

2453.8900,48.2468,49.3801,36.2171,36.0455,36.5331,36.4406,43.2458,30.0071,41.2845,33.2239,39.5145

2454.8900,48.2779,49.3990,36.1651,36.0267,36.5196,36.4407,43.2313,30.0115,41.2777,33.2261,39.5090

2455.8900,48.2753,49.3570,36.1554,36.0212,36.5291,36.4282,43.2318,29.9777,41.2676,33.2029,39.4969

2456.8900,48.2588,49.4420,36.1179,36.0193,36.5307,36.4303,43.2522,29.9935,41.2738,33.2119,39.5056

2457.8900,48.2593,49.4379,36.1180,36.0072,36.5317,36.4340,43.2328,29.9855,41.2708,33.2098,39.5008

2458.8900,48.2835,49.4411,36.1067,36.0062,36.5253,36.4473,43.2541,30.0139,41.2726,33.2306,39.5098

2459.8900,48.2735,49.3754,36.0740,35.9950,36.5470,36.4278,43.2452,29.9802,41.2530,33.2040,39.4897

2460.8900,48.2931,49.3971,36.1361,36.0248,36.5359,36.4406,43.2521,29.9860,41.2774,33.2133,39.5082

2461.8900,48.2746,49.3913,36.1761,36.0419,36.5298,36.4504,43.2417,30.0010,41.2828,33.2257,39.5134

2462.8900,48.2795,49.4252,36.0818,36.0682,36.5353,36.4306,43.2498,29.9891,41.2780,33.2098,39.5074

2463.8900,48.2840,49.4484,36.0738,36.0771,36.5066,36.4178,43.2433,29.9861,41.2780,33.2020,39.5046

2464.8900,48.2943,49.4490,36.0637,36.0651,36.5362,36.4250,43.2560,29.9990,41.2817,33.2120,39.5110

2465.8900,48.2656,49.5391,36.1193,36.0684,36.5385,36.4492,43.2713,29.9777,41.3062,33.2135,39.5286

2466.8900,48.2738,49.5966,36.1410,36.0573,36.5402,36.4514,43.2853,30.0002,41.3218,33.2258,39.5432

2467.8900,48.2731,49.6007,36.1755,36.0722,36.5325,36.4456,43.2936,30.0065,41.3308,33.2261,39.5500

2468.8900,48.2682,49.5289,36.1618,36.0744,36.5285,36.4434,43.2977,29.9931,41.3124,33.2183,39.5370

2469.8900,48.2811,49.5201,36.2361,36.0697,36.5383,36.4416,43.2879,30.0109,41.3291,33.2263,39.5482

2470.8900,48.2777,49.5213,36.1808,36.0513,36.5297,36.4437,43.2660,30.0150,41.3122,33.2293,39.5357

2471.8900,48.2681,49.4769,36.1919,36.0442,36.5387,36.4546,43.2821,29.9944,41.3040,33.2245,39.5314

2472.8900,48.2856,49.3429,36.1841,36.0280,36.5348,36.4484,43.2822,29.9985,41.2751,33.2235,39.5131

2473.8900,48.3024,49.3945,36.1531,36.0409,36.5163,36.4411,43.2727,30.0072,41.2814,33.2241,39.5160

2474.8900,48.3018,49.4496,36.1401,36.0653,36.5382,36.4471,43.2919,29.9850,41.2990,33.2160,39.5274

2475.8900,48.2837,49.5090,36.1744,36.0697,36.5526,36.4554,43.2907,29.9802,41.3179,33.2178,39.5395

2476.8910,48.2950,49.5261,36.2048,36.0646,36.5388,36.4542,43.3121,30.0171,41.3259,33.2356,39.5516

2477.8900,48.2791,49.5146,36.1787,36.0787,36.5521,36.4662,43.3075,29.9948,41.3206,33.2305,39.5465

2478.8900,48.2879,49.4175,36.1656,36.0960,36.5391,36.4428,43.3168,29.9962,41.3012,33.2195,39.5327

2479.8900,48.2961,49.4431,36.1246,36.0952,36.5506,36.4524,43.3086,29.9876,41.3019,33.2200,39.5323

2480.8900,48.2955,49.4508,36.0651,36.0941,36.5514,36.4547,43.2857,29.9997,41.2914,33.2272,39.5246

2481.8900,48.3129,49.5493,36.0572,36.0777,36.5452,36.4587,43.2945,29.9901,41.3085,33.2244,39.5357

2482.8900,48.3154,49.5857,36.0636,36.1005,36.5486,36.4444,43.2693,30.0213,41.3228,33.2329,39.5436

2483.8910,48.2982,49.5184,36.0820,36.0923,36.5578,36.4681,43.2714,30.0254,41.3098,33.2468,39.5392

2484.8900,48.3257,49.4268,36.0764,36.0960,36.5370,36.4553,43.2597,30.0026,41.2924,33.2289,39.5224

2485.8900,48.3181,49.4068,36.1211,36.0916,36.5489,36.4630,43.2814,29.9935,41.2973,33.2282,39.5280

2486.8900,48.3044,49.5695,36.1580,36.1019,36.5534,36.4385,43.2734,29.9862,41.3374,33.2123,39.5482

2487.8900,48.3015,49.5975,36.2353,36.0923,36.5570,36.4551,43.2941,29.9978,41.3567,33.2264,39.5663

2488.8900,48.3125,49.6254,36.2084,36.1233,36.5616,36.4784,43.2934,30.0057,41.3662,33.2420,39.5761

2489.8910,48.2915,49.6123,36.1387,36.1013,36.5618,36.4777,43.3151,29.9979,41.3411,33.2378,39.5620

2490.8900,48.3016,49.4796,36.1438,36.0910,36.5651,36.4852,43.3086,29.9796,41.3162,33.2324,39.5443

2491.8900,48.3037,49.4784,36.1426,36.0870,36.5620,36.4704,43.3241,30.0024,41.3147,33.2364,39.5463

2492.8900,48.3137,49.4667,36.1200,36.0915,36.5530,36.4773,43.3100,30.0051,41.3090,33.2412,39.5422

2493.8900,48.3072,49.4307,36.1827,36.0808,36.5436,36.4721,43.3333,29.9886,41.3090,33.2304,39.5424

2494.8900,48.3166,49.4795,36.2353,36.0605,36.5438,36.4886,43.3154,30.0122,41.3271,33.2504,39.5565

2495.8900,48.3163,49.5029,36.1753,36.0631,36.5453,36.4696,43.3185,30.0039,41.3206,33.2367,39.5494

2496.8900,48.2995,49.5197,36.1741,36.0792,36.5797,36.4666,43.3001,29.9986,41.3304,33.2326,39.5522

2497.8900,48.3067,49.5796,36.1962,36.0779,36.5781,36.4828,43.3254,29.9861,41.3477,33.2344,39.5666

2498.8900,48.3080,49.6264,36.1253,36.1347,36.5589,36.4800,43.3023,30.0185,41.3507,33.2493,39.5693

2499.8900,48.3089,49.5687,36.1343,36.1105,36.5631,36.4790,43.2987,30.0002,41.3371,33.2396,39.5579

2500.8900,48.3155,49.5272,36.1802,36.1283,36.5926,36.4837,43.2951,29.9838,41.3488,33.2337,39.5633

2501.8900,48.3214,49.4905,36.1739,36.1277,36.5780,36.4887,43.2740,29.9893,41.3383,33.2390,39.5554

2502.8900,48.3327,49.4295,36.1983,36.1099,36.5699,36.4834,43.2944,30.0018,41.3281,33.2426,39.5525

2503.8900,48.3514,49.5270,36.2407,36.1047,36.5785,36.4738,43.2851,29.9841,41.3605,33.2290,39.5682

2504.8900,48.3470,49.4875,36.2335,36.1176,36.5745,36.4829,43.3007,29.9933,41.3520,33.2381,39.5671

2505.8900,48.3364,49.4642,36.1764,36.0922,36.5796,36.4754,43.3006,29.9886,41.3298,33.2320,39.5517

2506.8900,48.3363,49.5102,36.1831,36.0746,36.5893,36.4940,43.3244,29.9810,41.3387,33.2375,39.5616

2507.8900,48.3685,49.5181,36.1630,36.0737,36.5616,36.5125,43.3059,29.9972,41.3370,33.2549,39.5626

2508.8900,48.3636,49.4114,36.2075,36.0888,36.6034,36.4856,43.3362,30.0134,41.3349,33.2495,39.5637

2509.8900,48.3759,49.4547,36.1443,36.0760,36.5836,36.4826,43.3137,29.9728,41.3269,33.2277,39.5504

2510.8900,48.3498,49.4262,36.1969,36.1136,36.5628,36.4895,43.3362,29.9853,41.3299,33.2374,39.5575

2511.8900,48.3685,49.4724,36.1206,36.1052,36.5808,36.4925,43.3222,29.9874,41.3295,33.2399,39.5562

2512.8900,48.3655,49.4093,36.2082,36.1143,36.5889,36.4857,43.3294,30.0252,41.3372,33.2555,39.5658

2513.8900,48.3541,49.4569,36.1788,36.1241,36.5938,36.5083,43.3136,30.0217,41.3416,33.2650,39.5689

2514.8900,48.3583,49.4184,36.2380,36.1202,36.5863,36.5036,43.3102,30.0179,41.3442,33.2607,39.5691

2515.8900,48.3737,49.4169,36.1495,36.0944,36.5584,36.4944,43.3361,29.9950,41.3186,33.2447,39.5523

2516.8900,48.3806,49.4891,36.1940,36.1015,36.5831,36.4924,43.3339,30.0052,41.3497,33.2488,39.5725

2517.8900,48.3978,49.4475,36.1417,36.1038,36.5902,36.4865,43.3316,30.0016,41.3362,33.2440,39.5626

2518.8900,48.4125,49.4569,36.2423,36.0927,36.5887,36.4976,43.3201,30.0048,41.3586,33.2512,39.5769

2519.8900,48.4018,49.4884,36.2616,36.0798,36.5906,36.5144,43.3086,30.0019,41.3644,33.2582,39.5809

2520.8900,48.4118,49.5300,36.2499,36.0662,36.6113,36.5254,43.3286,30.0040,41.3738,33.2647,39.5909

2521.8900,48.3785,49.4976,36.1849,36.0979,36.5847,36.5123,43.3192,29.9961,41.3487,33.2542,39.5714

2522.8900,48.3982,49.4357,36.2213,36.1040,36.5977,36.5168,43.3011,29.9922,41.3514,33.2545,39.5709

2523.8900,48.3987,49.4085,36.2635,36.1196,36.5991,36.4953,43.3156,30.0039,41.3579,33.2496,39.5755

2524.8900,48.4107,49.4601,36.2077,36.1198,36.6122,36.5024,43.3173,29.9771,41.3621,33.2398,39.5759

2525.8900,48.3886,49.4510,36.2261,36.1415,36.6001,36.5108,43.3058,29.9805,41.3614,33.2456,39.5755

2526.8900,48.3767,49.4158,36.1788,36.1237,36.5975,36.5049,43.3197,30.0018,41.3385,33.2534,39.5649

2527.8900,48.3803,49.4503,36.1273,36.1081,36.6160,36.5188,43.3307,30.0045,41.3364,33.2616,39.5670

2528.8900,48.3830,49.4591,36.1263,36.0936,36.5981,36.5019,43.3432,29.9922,41.3320,33.2470,39.5622

2529.8900,48.3734,49.4301,36.1484,36.1274,36.6291,36.5212,43.3285,30.0008,41.3417,33.2610,39.5699

2530.8900,48.3441,49.4976,36.1461,36.1354,36.5991,36.5107,43.3485,30.0044,41.3444,33.2576,39.5732

2531.8900,48.3671,49.5276,36.1843,36.1058,36.6017,36.5176,43.3744,29.9878,41.3573,33.2527,39.5833

2532.8900,48.3600,49.5701,36.2909,36.1315,36.6170,36.5114,43.3609,29.9966,41.3939,33.2540,39.6048

2533.8900,48.3542,49.5483,36.2511,36.1235,36.6294,36.5135,43.3622,29.9996,41.3813,33.2565,39.5977

2534.8900,48.3706,49.5394,36.1949,36.1163,36.6287,36.5254,43.3686,29.9952,41.3700,33.2603,39.5924

2535.8900,48.3483,49.5186,36.2061,36.0827,36.6192,36.5299,43.3552,29.9898,41.3550,33.2599,39.5812

2536.8900,48.3697,49.5494,36.2583,36.1078,36.6099,36.5184,43.3434,29.9876,41.3790,33.2530,39.5931

2537.8900,48.3545,49.5204,36.2738,36.1528,36.6222,36.5199,43.3426,29.9750,41.3847,33.2475,39.5952

2538.8900,48.3484,49.4172,36.2307,36.1433,36.6259,36.5240,43.3341,29.9928,41.3531,33.2584,39.5770

2539.8900,48.3731,49.3805,36.2427,36.1520,36.6447,36.5195,43.3581,29.9873,41.3586,33.2534,39.5823

2540.8900,48.3639,49.3905,36.2141,36.1785,36.6420,36.5200,43.3171,30.0043,41.3578,33.2621,39.5788

2541.8900,48.3734,49.4545,36.2394,36.1876,36.6502,36.5044,43.3414,29.9896,41.3810,33.2470,39.5926

2542.8900,48.3570,49.5301,36.2191,36.1742,36.6322,36.5201,43.3746,30.0006,41.3825,33.2603,39.6010

2543.8900,48.3707,49.5502,36.1908,36.1777,36.6357,36.5161,43.3525,29.9844,41.3850,33.2502,39.5973

2544.8900,48.3466,49.5968,36.2024,36.1851,36.6530,36.5217,43.3729,30.0013,41.3968,33.2615,39.6100

2545.8910,48.3567,49.5819,36.1733,36.1897,36.6286,36.5314,43.3918,29.9871,41.3860,33.2593,39.6051

2546.8900,48.3782,49.5749,36.1920,36.1766,36.6092,36.5111,43.3946,29.9902,41.3862,33.2506,39.6033

2547.8900,48.3599,49.5105,36.1975,36.1835,36.6328,36.5113,43.3880,29.9894,41.3768,33.2504,39.5966

2548.8900,48.3683,49.5345,36.2175,36.1637,36.6371,36.5380,43.3999,29.9900,41.3842,33.2640,39.6061

2549.8900,48.3720,49.5121,36.2771,36.1491,36.6291,36.5080,43.3858,30.0097,41.3879,33.2589,39.6054

2550.8900,48.3734,49.5219,36.2548,36.1547,36.6245,36.5390,43.3924,30.0051,41.3859,33.2720,39.6082

2551.8900,48.3854,49.5578,36.2322,36.1251,36.6184,36.5230,43.3769,30.0111,41.3838,33.2671,39.6037

2552.8900,48.3974,49.5853,36.2128,36.1245,36.6389,36.5450,43.3702,30.0163,41.3918,33.2806,39.6113

2553.8900,48.3832,49.6404,36.2479,36.1478,36.6348,36.5194,43.3614,30.0069,41.4108,33.2631,39.6177

2554.8900,48.3828,49.7057,36.2938,36.1512,36.6316,36.5522,43.3350,30.0014,41.4330,33.2768,39.6317

2555.8900,48.3773,49.6958,36.2712,36.1586,36.6396,36.5256,43.3572,29.9991,41.4285,33.2623,39.6280

2556.8900,48.3850,49.7046,36.3119,36.1712,36.6394,36.5413,43.3530,30.0069,41.4424,33.2741,39.6391

2557.8900,48.3910,49.6593,36.2736,36.1834,36.6198,36.5585,43.3688,29.9881,41.4254,33.2733,39.6303

2558.8900,48.3890,49.6531,36.2916,36.1775,36.6244,36.5421,43.3639,29.9885,41.4271,33.2653,39.6288

2559.8900,48.3939,49.6960,36.2672,36.1480,36.6284,36.5503,43.3894,30.0047,41.4267,33.2775,39.6347

2560.8900,48.3904,49.6458,36.2730,36.1356,36.6159,36.5276,43.3789,30.0053,41.4121,33.2665,39.6216

2561.8900,48.3996,49.6050,36.3000,36.1420,36.6294,36.5430,43.3937,29.9865,41.4152,33.2648,39.6249

2562.8900,48.4025,49.6580,36.2680,36.1484,36.6361,36.5310,43.4181,30.0017,41.4226,33.2663,39.6330

2563.8900,48.4260,49.5672,36.2309,36.1449,36.6294,36.5299,43.4152,30.0279,41.3997,33.2789,39.6214

2564.8900,48.4251,49.4900,36.2370,36.1566,36.6383,36.5421,43.4054,30.0162,41.3894,33.2791,39.6139

2565.8900,48.4183,49.5168,36.2739,36.1290,36.6390,36.5460,43.4012,30.0234,41.3954,33.2847,39.6184

2566.8900,48.4155,49.5064,36.2901,36.1555,36.6310,36.5394,43.4122,29.9961,41.3997,33.2677,39.6183

2567.8900,48.4148,49.4842,36.2943,36.1457,36.6233,36.5275,43.4052,29.9972,41.3924,33.2624,39.6115

2568.8900,48.4097,49.5317,36.3030,36.1632,36.6345,36.5550,43.3943,30.0161,41.4084,33.2856,39.6259

2569.8900,48.3982,49.5907,36.2388,36.1598,36.6415,36.5453,43.3752,30.0024,41.4058,33.2738,39.6190

2570.8910,48.4416,49.5108,36.1767,36.1594,36.6438,36.5246,43.3612,30.0127,41.3864,33.2687,39.6038

2571.8900,48.4293,49.4550,36.2573,36.1694,36.6478,36.5702,43.3693,29.9848,41.3918,33.2775,39.6104

2572.8900,48.4259,49.4664,36.2552,36.1833,36.6237,36.5330,43.3534,29.9850,41.3909,33.2590,39.6032

2573.8900,48.4079,49.4545,36.1862,36.1829,36.6561,36.5266,43.3814,30.0105,41.3775,33.2686,39.6008

2574.8900,48.4121,49.5085,36.2403,36.1968,36.6570,36.5538,43.3761,30.0167,41.4029,33.2852,39.6202

2575.8900,48.4312,49.5577,36.2901,36.1975,36.6417,36.5669,43.3945,29.9866,41.4236,33.2768,39.6333

2576.8900,48.4577,49.6638,36.2197,36.1837,36.6572,36.5549,43.4063,29.9882,41.4364,33.2715,39.6414

2577.8900,48.4232,49.6921,36.1969,36.2296,36.6617,36.5491,43.4059,29.9875,41.4407,33.2683,39.6432

2578.8900,48.4247,49.5746,36.1874,36.2094,36.6482,36.5870,43.4244,30.0096,41.4088,33.2983,39.6332

2579.8900,48.4549,49.6088,36.2716,36.2057,36.6614,36.5455,43.3942,30.0013,41.4405,33.2734,39.6429

2580.8900,48.4583,49.5986,36.3253,36.2075,36.6611,36.5550,43.3993,30.0043,41.4501,33.2797,39.6512

2581.8900,48.4690,49.6049,36.2938,36.2181,36.6659,36.5481,43.4029,30.0039,41.4503,33.2760,39.6508

2582.8900,48.4582,49.5587,36.2373,36.2204,36.6610,36.5475,43.3783,29.9854,41.4271,33.2664,39.6308

2583.8900,48.4515,49.5802,36.2408,36.2221,36.6435,36.5515,43.3702,29.9955,41.4276,33.2735,39.6319

2584.8900,48.4411,49.5789,36.2530,36.2063,36.6727,36.5568,43.3790,29.9873,41.4304,33.2720,39.6344

2585.8900,48.4616,49.5821,36.3161,36.2175,36.6710,36.5742,43.3475,29.9799,41.4497,33.2771,39.6437

2586.8900,48.4556,49.6098,36.2833,36.2086,36.6673,36.5696,43.3976,29.9870,41.4449,33.2783,39.6473

2587.8910,48.4864,49.6223,36.2357,36.2133,36.6825,36.5792,43.3869,29.9924,41.4480,33.2858,39.6498

2588.8900,48.4701,49.5871,36.2501,36.2220,36.6496,36.5674,43.4086,29.9899,41.4358,33.2787,39.6431

2589.8900,48.4472,49.6037,36.2674,36.2080,36.6747,36.5737,43.4152,29.9859,41.4402,33.2798,39.6470

2590.8900,48.4657,49.5931,36.3352,36.2478,36.6654,36.5528,43.4221,29.9822,41.4614,33.2675,39.6580

2591.8900,48.4721,49.6374,36.4061,36.2294,36.6648,36.5718,43.4313,29.9953,41.4820,33.2835,39.6760

2592.8900,48.4714,49.5850,36.3195,36.2334,36.6823,36.5739,43.4437,29.9950,41.4583,33.2845,39.6630

2593.8900,48.4634,49.5230,36.2591,36.2334,36.6700,36.5821,43.4334,29.9874,41.4298,33.2847,39.6440

2594.8900,48.4425,49.6045,36.3462,36.2396,36.7031,36.5648,43.4429,30.0009,41.4672,33.2829,39.6681

2595.8910,48.4835,49.6486,36.2884,36.2360,36.6632,36.5917,43.4207,30.0055,41.4639,33.2986,39.6672

2596.8900,48.4356,49.5986,36.2425,36.2295,36.6671,36.5671,43.4239,29.9958,41.4347,33.2815,39.6450

2597.8900,48.4506,49.6065,36.2146,36.2099,36.6557,36.5698,43.4291,30.0008,41.4275,33.2853,39.6421

2598.8900,48.4456,49.6745,36.1908,36.2155,36.6754,36.5763,43.4078,30.0107,41.4404,33.2935,39.6496

2599.8910,48.4780,49.6113,36.1914,36.2348,36.6786,36.5646,43.3902,29.9918,41.4388,33.2782,39.6426

2600.8900,48.4380,49.6228,36.2712,36.2207,36.6677,36.5976,43.3892,30.0058,41.4441,33.3017,39.6516

2601.8900,48.4381,49.6763,36.3146,36.1893,36.6842,36.5594,43.3993,29.9871,41.4605,33.2733,39.6560

2602.8900,48.4229,49.6770,36.3597,36.1961,36.6623,36.5745,43.3903,29.9796,41.4636,33.2770,39.6578

2603.8900,48.4478,49.6086,36.2896,36.1545,36.6646,36.5893,43.3736,29.9998,41.4330,33.2946,39.6410

2604.8900,48.4348,49.6324,36.3183,36.1837,36.6804,36.5584,43.3970,30.0166,41.4499,33.2875,39.6527

2605.8900,48.4396,49.6093,36.2983,36.1968,36.6848,36.5923,43.3952,30.0121,41.4458,33.3022,39.6536

2606.8900,48.4718,49.6310,36.3590,36.2066,36.6818,36.5748,43.4040,30.0039,41.4700,33.2894,39.6666

2607.8900,48.4370,49.6022,36.3112,36.1887,36.6770,36.5760,43.4081,30.0231,41.4432,33.2995,39.6529

2608.8910,48.4647,49.5411,36.3135,36.1999,36.6714,36.5770,43.4298,30.0113,41.4381,33.2942,39.6511

2609.8900,48.4474,49.6413,36.2652,36.1908,36.6950,36.5777,43.4325,30.0205,41.4479,33.2991,39.6588

2610.8900,48.4345,49.6377,36.3129,36.1975,36.6796,36.5698,43.4502,30.0145,41.4525,33.2922,39.6621

2611.8900,48.4449,49.5767,36.2564,36.1937,36.6780,36.5831,43.4349,30.0180,41.4299,33.3006,39.6482

2612.8900,48.4369,49.5614,36.1839,36.1905,36.6801,36.5792,43.4335,30.0136,41.4106,33.2964,39.6349

2613.8900,48.4365,49.5197,36.2400,36.2119,36.6929,36.5672,43.4436,30.0034,41.4202,33.2853,39.6394

2614.8900,48.4636,49.5412,36.3010,36.2351,36.6721,36.5978,43.4546,30.0003,41.4426,33.2991,39.6582

2615.8900,48.4343,49.6301,36.2071,36.2211,36.6804,36.5855,43.4602,30.0077,41.4346,33.2966,39.6533

2616.8910,48.4649,49.5569,36.2551,36.2556,36.6953,36.5869,43.4392,30.0011,41.4456,33.2940,39.6569

2617.8900,48.4390,49.5130,36.3364,36.2331,36.6780,36.5888,43.4322,30.0039,41.4399,33.2964,39.6531

2618.8900,48.4620,49.5459,36.2529,36.2463,36.6681,36.5794,43.4226,29.9888,41.4351,33.2841,39.6457

2619.8900,48.4447,49.7056,36.3199,36.2558,36.7090,36.5754,43.4171,30.0102,41.4870,33.2928,39.6797

2620.8900,48.4737,49.7029,36.3163,36.2485,36.6734,36.6056,43.4117,29.9988,41.4830,33.3022,39.6789

2621.8900,48.4589,49.6174,36.3107,36.2452,36.6879,36.5861,43.4103,30.0209,41.4640,33.3035,39.6672

2622.8900,48.4654,49.6779,36.3428,36.2269,36.6884,36.5735,43.4302,29.9923,41.4803,33.2829,39.6747

2623.8910,48.4621,49.7043,36.3322,36.2518,36.7079,36.5916,43.4150,30.0152,41.4917,33.3034,39.6850

2624.8910,48.4776,49.5885,36.3656,36.2371,36.6885,36.5871,43.4254,29.9882,41.4715,33.2877,39.6698

2625.8900,48.4762,49.5969,36.2983,36.2516,36.7026,36.5895,43.4273,29.9900,41.4651,33.2898,39.6665

2626.8900,48.4806,49.7672,36.3747,36.2471,36.6855,36.5911,43.4456,29.9945,41.5110,33.2928,39.6983

2627.8900,48.4892,49.7960,36.3285,36.2664,36.6904,36.5638,43.4220,30.0263,41.5141,33.2950,39.6978

2628.8900,48.4926,49.7914,36.2333,36.2702,36.7023,36.5846,43.4245,29.9959,41.4980,33.2902,39.6869

2629.8900,48.5006,49.6999,36.2225,36.2580,36.6940,36.5693,43.4133,30.0158,41.4750,33.2925,39.6717

2630.8900,48.5129,49.7370,36.3026,36.2610,36.7046,36.5850,43.4005,29.9950,41.5037,33.2900,39.6873

2631.8900,48.4948,49.6614,36.2954,36.2580,36.7064,36.5737,43.4128,30.0056,41.4832,33.2896,39.6760

2632.8900,48.4798,49.7384,36.3376,36.2759,36.7058,36.5829,43.4269,29.9942,41.5075,33.2885,39.6927

2633.8900,48.5240,49.7815,36.2751,36.2747,36.6938,36.5714,43.4340,30.0047,41.5098,33.2881,39.6949

2634.8900,48.5119,49.6821,36.3055,36.2672,36.7073,36.5732,43.4466,30.0033,41.4948,33.2883,39.6871

2635.8900,48.4935,49.6506,36.3382,36.2793,36.7144,36.5873,43.4600,30.0255,41.4952,33.3064,39.6936

2636.8900,48.4989,49.6895,36.2928,36.2727,36.6890,36.5787,43.4683,30.0375,41.4886,33.3081,39.6909

2637.8900,48.4994,49.7167,36.3488,36.2717,36.6994,36.6055,43.4445,30.0038,41.5072,33.3046,39.6987

2638.8900,48.4920,49.7417,36.3204,36.2770,36.7171,36.5812,43.4651,30.0042,41.5097,33.2927,39.6998

2639.8900,48.4880,49.7921,36.3200,36.2452,36.7126,36.5874,43.4577,29.9908,41.5116,33.2891,39.6992

2640.8900,48.4994,49.7193,36.3244,36.2276,36.7050,36.5891,43.4365,30.0085,41.4952,33.2988,39.6887

2641.8910,48.5080,49.7257,36.2612,36.2075,36.7085,36.6052,43.4350,30.0049,41.4822,33.3051,39.6820

2642.8900,48.5000,49.7427,36.2545,36.2157,36.7074,36.5882,43.4344,29.9846,41.4841,33.2864,39.6784

2643.8900,48.4866,49.7267,36.2847,36.2314,36.7215,36.5888,43.4495,30.0095,41.4902,33.2991,39.6873

2644.8900,48.4613,49.7539,36.2991,36.2150,36.7090,36.5875,43.4490,30.0078,41.4877,33.2977,39.6853

2645.8900,48.4881,49.8271,36.2576,36.2240,36.7179,36.6025,43.4668,30.0050,41.5029,33.3037,39.6986

2646.8900,48.4875,49.8180,36.2583,36.2344,36.7028,36.6004,43.4567,30.0185,41.5002,33.3095,39.6971

2647.8900,48.4865,49.7260,36.3036,36.2503,36.7139,36.5761,43.4622,30.0076,41.4960,33.2918,39.6908

2648.8900,48.4984,49.7630,36.3191,36.2499,36.7347,36.5876,43.4424,30.0008,41.5130,33.2942,39.6995

2649.8900,48.4906,49.7617,36.3257,36.2275,36.7152,36.5928,43.4582,30.0056,41.5041,33.2992,39.6972

2650.8900,48.4844,49.7131,36.3041,36.2499,36.7100,36.5964,43.4558,30.0074,41.4923,33.3019,39.6901

2651.8910,48.5035,49.7749,36.3792,36.2540,36.7082,36.5909,43.4371,30.0192,41.5240,33.3050,39.7084

2652.8900,48.4937,49.7713,36.3582,36.2428,36.7179,36.6123,43.4232,30.0153,41.5168,33.3138,39.7043

2653.8900,48.4878,49.7773,36.3335,36.2120,36.7148,36.6045,43.4363,29.9831,41.5051,33.2938,39.6937

2654.8900,48.5145,49.7369,36.3310,36.2235,36.7085,36.5950,43.4291,30.0031,41.5029,33.2990,39.6927

2655.8900,48.4990,49.6744,36.3585,36.2327,36.6984,36.5999,43.4193,30.0245,41.4926,33.3122,39.6883

2656.8900,48.5075,49.6417,36.2857,36.2422,36.7178,36.5916,43.4111,29.9955,41.4790,33.2936,39.6741

2657.8900,48.4881,49.6876,36.2928,36.2354,36.7156,36.6025,43.4521,30.0172,41.4839,33.3099,39.6864

2658.8900,48.4946,49.6480,36.3070,36.2308,36.7076,36.6338,43.4554,29.9961,41.4776,33.3149,39.6842

2659.8900,48.5159,49.6620,36.3558,36.2375,36.7006,36.6072,43.4524,30.0163,41.4944,33.3117,39.6935

2660.8900,48.5067,49.6297,36.3081,36.2609,36.7025,36.6208,43.4719,30.0121,41.4816,33.3164,39.6891

2661.8900,48.4985,49.6805,36.3235,36.2857,36.7269,36.6194,43.4770,30.0183,41.5030,33.3189,39.7037

2662.8900,48.5037,49.6706,36.3033,36.2794,36.7149,36.6425,43.4810,30.0232,41.4944,33.3328,39.7023

2663.8900,48.5154,49.6270,36.4302,36.2853,36.7290,36.6094,43.4725,30.0073,41.5174,33.3084,39.7095

2664.8900,48.4906,49.7119,36.4253,36.2547,36.7106,36.6312,43.4727,30.0024,41.5186,33.3168,39.7124

2665.8900,48.4918,49.6919,36.3139,36.2616,36.7150,36.6132,43.4791,29.9800,41.4948,33.2966,39.6933

2666.8900,48.5207,49.6594,36.3489,36.2648,36.7088,36.6069,43.4729,29.9939,41.5005,33.3004,39.6970

2667.8900,48.5388,49.7757,36.3361,36.2580,36.7237,36.6148,43.4644,30.0033,41.5265,33.3091,39.7144

2668.8900,48.5035,49.8486,36.3649,36.2691,36.6969,36.6245,43.4554,29.9980,41.5366,33.3113,39.7201

2669.8910,48.5064,49.7189,36.3660,36.2679,36.7046,36.6340,43.4500,29.9930,41.5128,33.3135,39.7051

2670.8900,48.5090,49.6695,36.3058,36.2731,36.7423,36.6283,43.4398,30.0027,41.4999,33.3155,39.6963

2671.8900,48.5280,49.6001,36.3342,36.2796,36.7367,36.6236,43.4505,30.0032,41.4957,33.3134,39.6945

2672.8900,48.5144,49.5396,36.3475,36.2956,36.7042,36.6370,43.4506,30.0002,41.4803,33.3186,39.6861

2673.8900,48.5270,49.6454,36.3123,36.2945,36.7038,36.6524,43.4459,30.0064,41.4966,33.3294,39.6985

2674.8900,48.5284,49.7284,36.3238,36.2948,36.7310,36.6188,43.4522,29.9989,41.5213,33.3089,39.7095

2675.8900,48.5466,49.7641,36.3706,36.3038,36.7466,36.6255,43.4773,30.0113,41.5463,33.3184,39.7307

2676.8900,48.5411,49.7704,36.3400,36.3153,36.7233,36.6242,43.4841,30.0128,41.5380,33.3185,39.7264

2677.8900,48.5362,49.7694,36.3312,36.3120,36.7351,36.6197,43.4785,29.9870,41.5368,33.3033,39.7211

2678.8900,48.5291,49.7649,36.2999,36.2878,36.7218,36.6139,43.4911,30.0090,41.5207,33.3114,39.7147

2679.8900,48.5457,49.7379,36.3118,36.2721,36.7269,36.6288,43.4709,30.0127,41.5189,33.3208,39.7134

2680.8900,48.5256,49.6995,36.3632,36.2478,36.7076,36.6329,43.4849,30.0102,41.5088,33.3215,39.7090

2681.8900,48.5493,49.6627,36.3667,36.2153,36.7437,36.6404,43.5087,29.9976,41.5075,33.3190,39.7105

2682.8900,48.5402,49.6843,36.3404,36.2142,36.7401,36.6134,43.4873,30.0235,41.5038,33.3185,39.7054

2683.8900,48.5308,49.7207,36.3898,36.2692,36.7586,36.6334,43.4783,30.0013,41.5338,33.3174,39.7228

2684.8900,48.5333,49.7334,36.3457,36.2354,36.7340,36.6294,43.4809,29.9996,41.5164,33.3145,39.7115

2685.8900,48.5204,49.7593,36.3307,36.2639,36.7378,36.6304,43.4688,29.9973,41.5224,33.3138,39.7136

2686.8910,48.5468,49.7113,36.3425,36.2593,36.7435,36.6407,43.4354,30.0054,41.5207,33.3231,39.7106

2687.8900,48.5399,49.7179,36.3697,36.2664,36.7557,36.6450,43.4402,29.9993,41.5299,33.3221,39.7168

2688.8910,48.5494,49.7749,36.3731,36.2806,36.7387,36.6345,43.4668,30.0264,41.5433,33.3304,39.7305

2689.8900,48.5241,49.7531,36.3170,36.3216,36.7500,36.6495,43.4607,29.9809,41.5332,33.3152,39.7196

2690.8900,48.5498,49.6801,36.2708,36.3091,36.7288,36.6358,43.4840,29.9816,41.5077,33.3087,39.7050

2691.8900,48.5590,49.7013,36.3226,36.3291,36.7521,36.6530,43.4756,30.0093,41.5328,33.3312,39.7252

2692.8900,48.5366,49.7171,36.3282,36.2834,36.7351,36.6253,43.4928,29.9950,41.5201,33.3102,39.7142

2693.8900,48.5484,49.7921,36.2784,36.2831,36.7614,36.6353,43.4981,30.0037,41.5327,33.3195,39.7251

2694.8900,48.5537,49.7924,36.3193,36.2852,36.7471,36.6322,43.5299,30.0072,41.5395,33.3197,39.7334

2695.8900,48.5783,49.8396,36.3306,36.2844,36.7538,36.6422,43.5226,29.9862,41.5574,33.3142,39.7422

2696.8910,48.5343,49.7955,36.2897,36.2855,36.7561,36.6216,43.5010,30.0143,41.5323,33.3180,39.7248

2697.8910,48.5583,49.7556,36.3078,36.2667,36.7649,36.6271,43.4967,30.0142,41.5307,33.3207,39.7239

2698.8900,48.5501,49.7612,36.3383,36.2724,36.7590,36.6249,43.4898,30.0172,41.5362,33.3211,39.7266

2699.8900,48.5492,49.7331,36.3019,36.2491,36.7548,36.6361,43.4611,30.0139,41.5176,33.3250,39.7124

2700.8900,48.5324,49.7373,36.3131,36.2902,36.7467,36.6416,43.4662,30.0227,41.5239,33.3321,39.7188

2701.8900,48.5528,49.7381,36.2480,36.2990,36.7565,36.6327,43.4749,30.0058,41.5189,33.3193,39.7135

2702.8900,48.5617,49.6879,36.2454,36.2983,36.7614,36.6268,43.4811,30.0210,41.5109,33.3239,39.7104

2703.8900,48.5449,49.6967,36.2885,36.3245,36.7668,36.6271,43.4839,30.0081,41.5242,33.3176,39.7175

2704.8900,48.5357,49.7467,36.2899,36.3315,36.7463,36.6239,43.4882,30.0251,41.5300,33.3245,39.7234

2705.8900,48.5378,49.7354,36.3009,36.3257,36.7493,36.6316,43.5130,30.0150,41.5298,33.3233,39.7261

2706.8900,48.5713,49.7562,36.3537,36.3355,36.7546,36.6313,43.5093,30.0227,41.5543,33.3270,39.7418

2707.8900,48.5528,49.7868,36.3720,36.3417,36.7505,36.6182,43.5182,29.9927,41.5608,33.3055,39.7416

2708.8900,48.5535,49.7311,36.3550,36.3583,36.7484,36.6442,43.5426,30.0329,41.5492,33.3385,39.7457

2709.8900,48.5484,49.7560,36.3666,36.3643,36.7297,36.6171,43.5388,30.0169,41.5530,33.3170,39.7422

2710.8900,48.5438,49.7590,36.3173,36.3495,36.7330,36.6582,43.5312,30.0230,41.5405,33.3406,39.7394

2711.8900,48.5628,49.7937,36.3846,36.3627,36.7307,36.6354,43.5423,30.0005,41.5669,33.3179,39.7516

2712.8900,48.5520,49.7688,36.3113,36.3239,36.7590,36.6245,43.5294,30.0032,41.5430,33.3138,39.7340

2713.8900,48.5518,49.7849,36.3267,36.3440,36.7443,36.6453,43.5034,30.0283,41.5504,33.3368,39.7411

2714.8910,48.5669,49.7955,36.3374,36.3500,36.7404,36.6259,43.5070,29.9825,41.5580,33.3042,39.7382

2715.8900,48.5457,49.8234,36.2651,36.3604,36.7610,36.6419,43.4881,30.0376,41.5511,33.3397,39.7404

2716.8910,48.5817,49.7803,36.3122,36.3543,36.7297,36.6423,43.4857,30.0084,41.5516,33.3254,39.7368

2717.8900,48.5694,49.8304,36.3512,36.3508,36.7551,36.6537,43.4859,30.0321,41.5714,33.3429,39.7536

2718.8900,48.5663,49.9169,36.3779,36.3732,36.7566,36.6422,43.4901,30.0167,41.5982,33.3295,39.7675

2719.8910,48.5841,49.8428,36.3343,36.3609,36.7381,36.6484,43.5146,30.0263,41.5720,33.3374,39.7562

2720.8900,48.5909,49.9350,36.2840,36.3555,36.7240,36.6479,43.5014,30.0051,41.5779,33.3265,39.7555

2721.8900,48.5645,49.8354,36.3455,36.3670,36.7810,36.6478,43.5230,30.0172,41.5787,33.3325,39.7602

2722.8900,48.5695,49.9075,36.3544,36.3610,36.7571,36.6450,43.5267,30.0050,41.5899,33.3250,39.7658

2723.8900,48.5742,49.8414,36.3707,36.3496,36.7469,36.6520,43.5150,30.0121,41.5766,33.3321,39.7577

2724.8900,48.5880,49.7905,36.3777,36.3422,36.7669,36.6571,43.4923,30.0115,41.5731,33.3343,39.7533

2725.8910,48.5951,49.7527,36.3900,36.3157,36.7525,36.6666,43.4998,30.0178,41.5612,33.3422,39.7488

2726.8910,48.5668,49.8128,36.3927,36.2881,36.7632,36.6380,43.5235,30.0036,41.5647,33.3208,39.7486

2727.8900,48.5848,49.8466,36.4040,36.2699,36.7506,36.6749,43.5124,29.9923,41.5712,33.3336,39.7544

2728.8900,48.5960,49.9331,36.4246,36.2797,36.7488,36.6759,43.5129,29.9961,41.5964,33.3360,39.7709

2729.8900,48.5953,49.9119,36.3032,36.2854,36.7588,36.6472,43.5032,30.0152,41.5709,33.3312,39.7525

2730.8900,48.6132,49.8496,36.3944,36.3005,36.7456,36.6410,43.5019,30.0188,41.5807,33.3299,39.7581

2731.8900,48.5993,49.7158,36.3582,36.3283,36.7516,36.6610,43.5041,30.0112,41.5506,33.3361,39.7412

2732.8900,48.6121,49.6819,36.4110,36.3151,36.7487,36.6375,43.5393,30.0238,41.5538,33.3306,39.7462

2733.8900,48.6041,49.7872,36.3510,36.3533,36.7304,36.6481,43.5317,30.0439,41.5652,33.3460,39.7562

2734.8910,48.5986,49.8906,36.3775,36.3294,36.7365,36.6416,43.5209,30.0261,41.5865,33.3339,39.7652

2735.8900,48.6145,49.8612,36.4127,36.3229,36.7600,36.6413,43.5252,29.9966,41.5943,33.3190,39.7668

2736.8900,48.6215,49.8462,36.4078,36.3312,36.7503,36.6858,43.5463,30.0367,41.5914,33.3612,39.7782

2737.8900,48.6299,49.7938,36.4058,36.3404,36.7573,36.6433,43.5188,30.0197,41.5854,33.3315,39.7636

2738.8900,48.6269,49.7922,36.3705,36.3060,36.7483,36.6408,43.5250,30.0069,41.5688,33.3238,39.7521

2739.8900,48.6144,49.7996,36.3822,36.2925,36.7552,36.6454,43.5195,30.0049,41.5688,33.3252,39.7517

2740.8900,48.6343,49.7909,36.3613,36.2903,36.7767,36.6529,43.4843,30.0026,41.5707,33.3277,39.7491

2741.8900,48.6149,49.7404,36.3308,36.2859,36.7641,36.6440,43.4944,30.0134,41.5472,33.3287,39.7360

2742.8900,48.6103,49.7598,36.2873,36.2831,36.7725,36.6482,43.4865,30.0134,41.5426,33.3308,39.7327

2743.8900,48.6225,49.8006,36.3987,36.3258,36.7807,36.6597,43.5029,30.0000,41.5857,33.3299,39.7614

2744.8900,48.6085,49.7496,36.4130,36.3200,36.7535,36.6586,43.5018,30.0173,41.5689,33.3380,39.7528

2745.8900,48.6279,49.8290,36.4236,36.3161,36.7950,36.6268,43.5212,30.0163,41.5983,33.3215,39.7695

2746.8900,48.6338,49.8272,36.3629,36.3139,36.7607,36.6495,43.5315,30.0002,41.5797,33.3249,39.7600

2747.8900,48.6009,49.8061,36.3383,36.3252,36.7649,36.6369,43.5502,30.0331,41.5671,33.3350,39.7569

2748.8900,48.6149,49.8002,36.3688,36.3333,36.7893,36.6337,43.5447,30.0035,41.5813,33.3186,39.7611

2749.8900,48.6254,49.8895,36.3394,36.3128,36.7775,36.6537,43.5620,30.0011,41.5889,33.3274,39.7702

2750.8900,48.6015,49.9362,36.3731,36.2997,36.7651,36.6236,43.5736,29.9999,41.5951,33.3117,39.7716

2751.8900,48.6104,49.9183,36.4149,36.2971,36.7731,36.6376,43.5612,30.0079,41.6028,33.3228,39.7776

2752.8900,48.6249,49.8207,36.3886,36.3133,36.7672,36.6522,43.5532,29.9977,41.5829,33.3250,39.7647

2753.8900,48.6371,49.8718,36.3832,36.3066,36.7520,36.6702,43.5707,30.0031,41.5901,33.3366,39.7743

2754.8900,48.6374,49.9148,36.3860,36.3271,36.7649,36.6490,43.5488,30.0048,41.6060,33.3269,39.7791

2755.8900,48.6299,49.8823,36.3331,36.3406,36.7657,36.6559,43.5227,30.0178,41.5903,33.3369,39.7685

2756.8900,48.6233,49.8296,36.3397,36.3280,36.7511,36.6506,43.5195,29.9904,41.5743,33.3205,39.7540

2757.8900,48.6422,49.8663,36.3590,36.3197,36.7936,36.6450,43.5076,30.0393,41.5962,33.3421,39.7716

2758.8900,48.6360,49.8967,36.4308,36.3518,36.7906,36.6663,43.5070,30.0142,41.6212,33.3403,39.7867

2759.8900,48.6465,49.9213,36.4632,36.3627,36.7689,36.6507,43.5219,30.0065,41.6325,33.3286,39.7927

2760.8900,48.6261,49.8923,36.4619,36.3666,36.7848,36.6647,43.5198,30.0126,41.6263,33.3387,39.7911

2761.8900,48.6289,49.7921,36.3265,36.3620,36.7680,36.6783,43.5227,30.0409,41.5755,33.3596,39.7649

2762.8900,48.6320,49.8143,36.3807,36.3429,36.7926,36.6632,43.5115,30.0271,41.5925,33.3451,39.7705

2763.8900,48.6556,49.9056,36.4436,36.3511,36.7772,36.6544,43.5304,30.0290,41.6266,33.3417,39.7934

2764.8900,48.6662,49.8679,36.4190,36.3582,36.7552,36.6697,43.5537,30.0158,41.6133,33.3428,39.7882

2765.8900,48.6367,49.8944,36.3785,36.3743,36.7549,36.6549,43.5622,30.0103,41.6077,33.3326,39.7833

2766.8900,48.6566,49.8525,36.4058,36.3740,36.7730,36.6712,43.5508,30.0135,41.6124,33.3423,39.7872

2767.8900,48.6482,49.7954,36.3929,36.3845,36.7627,36.6903,43.5673,30.0332,41.5967,33.3617,39.7843

2768.8900,48.6644,49.7968,36.3467,36.3762,36.7865,36.6557,43.5590,30.0162,41.5941,33.3360,39.7752

2769.8910,48.6483,49.8506,36.3487,36.4099,36.7680,36.6535,43.5721,30.0216,41.6051,33.3375,39.7841

2770.8900,48.6575,49.8071,36.3748,36.3841,36.7763,36.6529,43.5442,30.0116,41.5999,33.3323,39.7761

2771.8900,48.6637,49.7755,36.3298,36.3686,36.7723,36.6788,43.5524,29.9977,41.5820,33.3383,39.7673

2772.8900,48.6707,49.7658,36.3799,36.3453,36.7831,36.6500,43.5371,30.0203,41.5890,33.3352,39.7690

2773.8900,48.6973,49.7836,36.4198,36.3394,36.7857,36.6815,43.5378,30.0276,41.6051,33.3546,39.7841

2774.8900,48.6676,49.8030,36.3763,36.3221,36.7697,36.6819,43.5643,30.0167,41.5878,33.3493,39.7752

2775.8900,48.7139,49.8716,36.3877,36.2980,36.7772,36.6749,43.5436,30.0374,41.6097,33.3561,39.7880

2776.8900,48.6671,49.8237,36.3799,36.3065,36.7808,36.6608,43.5390,30.0368,41.5916,33.3488,39.7743

2777.8900,48.6780,49.7639,36.3741,36.3283,36.7728,36.6742,43.5347,30.0184,41.5834,33.3463,39.7680

2778.8900,48.6624,49.8000,36.3896,36.3452,36.7775,36.6705,43.5352,30.0250,41.5950,33.3478,39.7757

2779.8900,48.6572,49.7590,36.4576,36.3552,36.7723,36.6756,43.5429,30.0160,41.6003,33.3458,39.7795

2780.8910,48.6606,49.7891,36.4324,36.3665,36.7654,36.6561,43.5689,30.0279,41.6028,33.3420,39.7834

2781.8900,48.6701,49.8386,36.4235,36.3754,36.7746,36.6681,43.5712,30.0489,41.6164,33.3585,39.7963

2782.8900,48.6720,49.8318,36.3372,36.3942,36.7882,36.6733,43.5885,30.0278,41.6047,33.3505,39.7891

2783.8900,48.6729,49.8964,36.3287,36.3936,36.7704,36.6648,43.5884,30.0170,41.6124,33.3409,39.7915

2784.8900,48.6759,49.8273,36.3387,36.4046,36.7753,36.6707,43.5807,30.0148,41.6043,33.3427,39.7860

2785.8900,48.6752,49.8787,36.3967,36.3911,36.7699,36.6423,43.5706,29.9985,41.6223,33.3204,39.7904

2786.8910,48.6939,49.9319,36.3356,36.3959,36.7799,36.6612,43.5614,30.0354,41.6274,33.3483,39.7994

2787.8900,48.7042,49.9125,36.3599,36.3819,36.7721,36.6702,43.5759,30.0215,41.6261,33.3459,39.7998

2788.8900,48.7039,49.8585,36.3820,36.4049,36.7793,36.6746,43.5430,30.0334,41.6257,33.3540,39.7975

2789.8900,48.6907,49.8074,36.3836,36.3826,36.7762,36.6678,43.5599,30.0223,41.6081,33.3450,39.7863

2790.8900,48.6848,49.8304,36.3988,36.3946,36.7707,36.6707,43.5491,30.0191,41.6159,33.3449,39.7898

2791.8900,48.6996,49.8996,36.4399,36.3838,36.7749,36.6824,43.5601,30.0407,41.6396,33.3615,39.8101

2792.8900,48.7035,49.9070,36.4792,36.4207,36.7690,36.6807,43.5453,30.0062,41.6559,33.3435,39.8140

2793.8900,48.6938,49.8900,36.3806,36.3979,36.7826,36.6691,43.5476,30.0081,41.6290,33.3386,39.7962

2794.8900,48.7140,49.8674,36.3891,36.4386,36.7950,36.6754,43.5751,30.0004,41.6408,33.3379,39.8069

2795.8900,48.7000,49.8522,36.4223,36.4307,36.7609,36.6721,43.5520,30.0243,41.6332,33.3482,39.8018

2796.8900,48.7271,49.8233,36.3930,36.4117,36.7938,36.6751,43.5735,30.0315,41.6298,33.3533,39.8036

2797.8910,48.7257,49.7769,36.4261,36.4037,36.7933,36.6835,43.5999,30.0075,41.6251,33.3455,39.8021

2798.8900,48.7064,49.6960,36.4345,36.4453,36.7827,36.6804,43.5771,30.0129,41.6130,33.3466,39.7919

2799.8900,48.7031,49.7599,36.3972,36.4342,36.7925,36.6733,43.5855,30.0260,41.6174,33.3496,39.7965

2800.8900,48.7187,49.7552,36.3906,36.4406,36.7848,36.6891,43.5883,30.0263,41.6180,33.3577,39.7992

2801.8900,48.6836,49.7752,36.3482,36.4389,36.8124,36.6704,43.5907,30.0240,41.6117,33.3472,39.7929

2802.8900,48.6938,49.8740,36.3645,36.4290,36.7915,36.6602,43.5948,30.0222,41.6306,33.3412,39.8038

2803.8900,48.7142,49.8719,36.4109,36.4278,36.8106,36.6784,43.5653,30.0109,41.6471,33.3447,39.8113

2804.8900,48.6988,49.8922,36.4151,36.4141,36.7928,36.6675,43.5768,30.0249,41.6426,33.3462,39.8103

2805.8900,48.7020,49.8623,36.3974,36.4269,36.8012,36.6946,43.5778,30.0202,41.6379,33.3574,39.8103

2806.8900,48.6984,49.9020,36.3904,36.4081,36.7971,36.6793,43.5996,30.0302,41.6392,33.3548,39.8131

2807.8900,48.7341,49.8394,36.3986,36.3837,36.7924,36.6742,43.6013,30.0133,41.6296,33.3438,39.8046

2808.8910,48.6771,49.8500,36.3401,36.3710,36.8027,36.6938,43.6003,30.0189,41.6082,33.3563,39.7942

2809.8900,48.7051,49.9173,36.3563,36.3582,36.8113,36.7066,43.5936,30.0082,41.6296,33.3574,39.8071

2810.8900,48.7032,49.9499,36.3856,36.3837,36.7963,36.6884,43.5962,30.0237,41.6437,33.3561,39.8159

2811.8900,48.6990,49.8940,36.3673,36.3982,36.8210,36.6715,43.6073,30.0180,41.6359,33.3447,39.8095

2812.8900,48.6843,49.8699,36.3986,36.3743,36.8020,36.6852,43.6087,30.0031,41.6258,33.3442,39.8032

2813.8900,48.6844,49.7800,36.4386,36.3666,36.7843,36.6797,43.5872,30.0338,41.6108,33.3567,39.7943

2814.8900,48.6862,49.7889,36.4182,36.4074,36.7951,36.7044,43.5845,30.0361,41.6192,33.3703,39.8026

2815.8900,48.7078,49.7740,36.3638,36.4021,36.8084,36.7093,43.5727,30.0269,41.6112,33.3681,39.7956

2816.8900,48.6918,49.8656,36.4087,36.4148,36.8222,36.6970,43.6007,30.0009,41.6406,33.3489,39.8127

2817.8900,48.7093,49.8475,36.5139,36.4125,36.7992,36.7015,43.5946,30.0196,41.6565,33.3605,39.8248

2818.8900,48.7138,49.8217,36.4625,36.4046,36.8037,36.6944,43.5970,30.0227,41.6413,33.3586,39.8151

2819.8900,48.7157,49.8365,36.4359,36.4018,36.7912,36.7071,43.5877,30.0242,41.6362,33.3657,39.8125

2820.8900,48.7086,49.9612,36.4315,36.3909,36.7854,36.6994,43.5769,30.0283,41.6555,33.3638,39.8228

2821.8900,48.7067,49.9014,36.4244,36.3968,36.8162,36.6920,43.5847,30.0170,41.6491,33.3545,39.8174

2822.8910,48.7044,49.8477,36.3790,36.4000,36.8008,36.6938,43.5901,30.0231,41.6264,33.3585,39.8049

2823.8900,48.6966,49.8989,36.3774,36.3933,36.7943,36.6915,43.5807,29.9949,41.6321,33.3432,39.8035

2824.8900,48.7111,49.9651,36.4397,36.4004,36.8235,36.7165,43.5952,30.0257,41.6680,33.3711,39.8347

2825.8910,48.6926,49.8954,36.3842,36.4089,36.8071,36.7127,43.5902,30.0181,41.6376,33.3654,39.8137

2826.8900,48.7170,49.8263,36.4400,36.4050,36.8182,36.7010,43.6253,30.0199,41.6413,33.3604,39.8191

2827.8900,48.7369,49.8483,36.4315,36.4151,36.8112,36.6832,43.6005,30.0246,41.6486,33.3539,39.8189

2828.8900,48.7245,49.8593,36.4627,36.4010,36.7958,36.7094,43.6060,30.0378,41.6487,33.3736,39.8246

2829.8900,48.7095,49.8706,36.4376,36.4339,36.8106,36.6667,43.6154,30.0325,41.6524,33.3496,39.8221

2830.8900,48.7310,49.8872,36.4026,36.4311,36.7903,36.7006,43.6154,30.0215,41.6484,33.3610,39.8225

2831.8900,48.7182,49.8490,36.4187,36.4322,36.8003,36.6984,43.6268,30.0287,41.6437,33.3636,39.8215

2832.8900,48.7260,49.8203,36.3901,36.4261,36.8063,36.6937,43.6304,30.0328,41.6338,33.3633,39.8157

2833.8900,48.7229,49.8613,36.4357,36.4385,36.8119,36.7050,43.6414,30.0428,41.6541,33.3739,39.8324

2834.8900,48.7596,49.8441,36.4095,36.4240,36.8270,36.6976,43.6200,30.0472,41.6528,33.3724,39.8286

2835.8900,48.7310,49.8741,36.4141,36.4440,36.8043,36.7136,43.6143,30.0379,41.6535,33.3757,39.8291

2836.8900,48.7302,49.8243,36.4834,36.4170,36.8157,36.7185,43.6159,30.0004,41.6541,33.3595,39.8257

2837.8900,48.7628,49.8206,36.4969,36.4194,36.8205,36.7055,43.6089,30.0283,41.6640,33.3669,39.8329

2838.8900,48.7440,49.7767,36.4268,36.4124,36.8160,36.7170,43.6154,30.0271,41.6352,33.3721,39.8169

2839.8900,48.7299,49.8643,36.4804,36.3967,36.8228,36.7093,43.6120,30.0180,41.6588,33.3636,39.8292

2840.8900,48.7450,49.8241,36.4322,36.3873,36.8465,36.6820,43.6300,30.0202,41.6470,33.3511,39.8209

2841.8900,48.7168,49.8459,36.4557,36.3982,36.8073,36.6947,43.6223,30.0226,41.6448,33.3586,39.8204

2842.8900,48.7497,49.8539,36.4240,36.4128,36.8185,36.7017,43.6317,30.0573,41.6518,33.3795,39.8312

2843.8900,48.7213,49.8953,36.4813,36.4107,36.8183,36.7169,43.6082,30.0294,41.6654,33.3732,39.8352

2844.8900,48.7267,49.9094,36.4712,36.4049,36.8158,36.7098,43.6317,30.0467,41.6656,33.3782,39.8395

2845.8900,48.7520,49.8288,36.4884,36.4038,36.8218,36.6984,43.6603,30.0155,41.6590,33.3570,39.8336

2846.8900,48.7340,49.8153,36.5051,36.4177,36.8443,36.7055,43.6431,30.0574,41.6633,33.3815,39.8403

2847.8900,48.7561,49.8601,36.3915,36.4223,36.8376,36.7049,43.6481,30.0300,41.6535,33.3675,39.8313

2848.8900,48.7408,49.8301,36.3837,36.3958,36.8319,36.7151,43.6584,30.0158,41.6365,33.3655,39.8215

2849.8900,48.7486,49.8743,36.3512,36.4223,36.8267,36.6997,43.6652,30.0205,41.6446,33.3601,39.8261

2850.8900,48.7418,49.7532,36.4251,36.4003,36.8184,36.7217,43.6410,30.0455,41.6278,33.3836,39.8184

2851.8900,48.7412,49.7434,36.4193,36.3777,36.8281,36.7001,43.6409,30.0337,41.6219,33.3669,39.8106

2852.8900,48.7418,49.7541,36.4134,36.3989,36.8138,36.6849,43.6420,30.0348,41.6244,33.3598,39.8104

2853.8900,48.7622,49.8372,36.4548,36.3721,36.8381,36.7125,43.6534,30.0447,41.6529,33.3786,39.8344

2854.8900,48.7637,49.8662,36.4692,36.3977,36.8233,36.7070,43.6412,30.0279,41.6640,33.3674,39.8370

2855.8900,48.7414,49.9301,36.3922,36.3955,36.8386,36.7138,43.6414,30.0287,41.6596,33.3712,39.8352

2856.8900,48.7643,49.8724,36.4053,36.4086,36.8267,36.7160,43.6386,30.0454,41.6554,33.3807,39.8346

2857.8900,48.7785,49.8821,36.4035,36.4287,36.8162,36.7200,43.6298,30.0203,41.6618,33.3701,39.8349

2858.8900,48.7617,49.9389,36.4127,36.4057,36.8447,36.7064,43.6348,30.0451,41.6728,33.3758,39.8438

2859.8900,48.7769,49.9437,36.4363,36.3840,36.8287,36.7025,43.6518,30.0323,41.6739,33.3674,39.8445

2860.8900,48.7725,49.9716,36.4473,36.4188,36.8340,36.7144,43.6715,30.0222,41.6888,33.3683,39.8565

2861.8900,48.7588,50.0338,36.4919,36.4288,36.8515,36.7188,43.6568,30.0168,41.7130,33.3678,39.8697

2862.8900,48.7673,49.9686,36.4180,36.4222,36.8428,36.7199,43.6656,30.0301,41.6838,33.3750,39.8543

2863.8900,48.7720,49.9251,36.3782,36.4301,36.8448,36.7280,43.6553,30.0405,41.6700,33.3842,39.8468

2864.8900,48.7584,49.9389,36.5057,36.4351,36.8469,36.7198,43.6436,30.0192,41.6970,33.3695,39.8585

2865.8900,48.7658,49.8732,36.4599,36.4716,36.8352,36.6936,43.6534,30.0596,41.6811,33.3766,39.8515

2866.8900,48.7798,49.8214,36.4776,36.4580,36.8330,36.7040,43.6603,30.0442,41.6739,33.3741,39.8473

2867.8900,48.7539,49.7892,36.5012,36.4685,36.8326,36.7088,43.6535,30.0429,41.6691,33.3758,39.8438

2868.8900,48.7569,49.8072,36.5025,36.4694,36.8327,36.7323,43.6409,30.0209,41.6737,33.3766,39.8454

2869.8900,48.7663,49.8794,36.5082,36.4769,36.8175,36.7092,43.6601,30.0319,41.6897,33.3706,39.8562

2870.8900,48.7724,49.9454,36.5119,36.4778,36.8340,36.7247,43.6423,30.0494,41.7083,33.3871,39.8697

2871.8900,48.7822,49.9125,36.4403,36.4613,36.8546,36.7200,43.6515,30.0288,41.6902,33.3744,39.8564

2872.8900,48.7861,49.9209,36.3997,36.4595,36.8614,36.7334,43.6534,30.0525,41.6855,33.3929,39.8584

2873.8900,48.7727,49.9046,36.5033,36.4575,36.8585,36.7375,43.6631,30.0308,41.6993,33.3842,39.8660

2874.8900,48.7822,49.8671,36.4654,36.4448,36.8406,36.7228,43.6691,30.0528,41.6800,33.3878,39.8556

2875.8900,48.7737,49.9368,36.4190,36.4349,36.8675,36.7073,43.6885,30.0188,41.6864,33.3630,39.8558

2876.8900,48.7815,49.9786,36.3814,36.4347,36.8352,36.7240,43.6492,30.0431,41.6823,33.3835,39.8535

2877.8900,48.7773,49.9949,36.4386,36.4297,36.8608,36.7263,43.6308,30.0577,41.7003,33.3920,39.8645

2878.8910,48.7758,49.8918,36.4380,36.4348,36.8514,36.7215,43.6563,30.0693,41.6784,33.3954,39.8549

2879.8900,48.7931,49.8563,36.3960,36.4353,36.8436,36.7297,43.6387,30.0493,41.6649,33.3895,39.8428

2880.8900,48.8105,49.9021,36.4283,36.4292,36.8234,36.7206,43.6396,30.0308,41.6787,33.3757,39.8481

2881.8900,48.8166,49.9533,36.4367,36.4418,36.8510,36.7099,43.6545,30.0412,41.6999,33.3755,39.8631

2882.8910,48.7998,49.8910,36.4639,36.4518,36.8402,36.7210,43.6727,30.0425,41.6893,33.3818,39.8604

2883.8900,48.7966,49.8324,36.4589,36.4444,36.8547,36.7131,43.6644,30.0190,41.6774,33.3660,39.8479

2884.8900,48.7879,49.8259,36.4892,36.4388,36.8253,36.7235,43.6742,30.0233,41.6734,33.3734,39.8485

2885.8900,48.7906,49.8170,36.5017,36.4479,36.8453,36.7206,43.6875,30.0477,41.6805,33.3841,39.8573

2886.8900,48.8070,49.7747,36.4874,36.4454,36.8535,36.7189,43.6770,30.0470,41.6736,33.3830,39.8514

2887.8900,48.8142,49.8218,36.4808,36.4462,36.8570,36.7314,43.6556,30.0303,41.6840,33.3808,39.8547

2888.8900,48.8182,49.8499,36.4209,36.4391,36.8410,36.7317,43.6504,30.0471,41.6738,33.3894,39.8498

2889.8900,48.8006,49.8694,36.4407,36.4435,36.8484,36.7139,43.6649,30.0315,41.6805,33.3727,39.8516

2890.8910,48.8037,49.8124,36.5311,36.4232,36.8422,36.7053,43.6619,30.0327,41.6825,33.3690,39.8515

2891.8900,48.8230,49.8249,36.5705,36.4303,36.8491,36.7272,43.6439,30.0651,41.6996,33.3961,39.8667

2892.8900,48.8110,49.9587,36.5206,36.4127,36.8631,36.7266,43.6714,30.0448,41.7132,33.3857,39.8761

2893.8900,48.8061,50.0164,36.4350,36.4369,36.8362,36.7278,43.6352,30.0295,41.7061,33.3787,39.8654

2894.8900,48.8199,49.9483,36.4470,36.4554,36.8618,36.7375,43.6684,30.0370,41.7065,33.3872,39.8719

2895.8900,48.8118,49.8192,36.4469,36.4782,36.8439,36.7331,43.6590,30.0349,41.6800,33.3840,39.8534

2896.8900,48.8051,49.7946,36.4613,36.4762,36.8390,36.7212,43.6385,30.0408,41.6752,33.3810,39.8471

2897.8900,48.7964,49.8400,36.4880,36.4590,36.8539,36.7367,43.6539,30.0390,41.6875,33.3878,39.8584

2898.8910,48.8026,49.8875,36.4846,36.4538,36.8346,36.7355,43.6835,30.0279,41.6926,33.3817,39.8638

2899.8900,48.8079,49.8799,36.5568,36.4339,36.8470,36.7344,43.6554,30.0658,41.7051,33.4001,39.8726

2900.8900,48.7979,49.8865,36.5411,36.4420,36.8574,36.7378,43.6718,30.0673,41.7050,33.4026,39.8752

2901.8900,48.8083,49.8973,36.4932,36.4306,36.8249,36.7305,43.6832,30.0365,41.6909,33.3835,39.8631

2902.8900,48.7984,49.9317,36.5293,36.4185,36.8439,36.7392,43.7014,30.0721,41.7044,33.4057,39.8793

2903.8900,48.8006,49.9283,36.5180,36.4334,36.8438,36.7503,43.6674,30.0461,41.7048,33.3982,39.8735

2904.8910,48.7890,49.8851,36.4845,36.4256,36.8483,36.7423,43.6718,30.0338,41.6865,33.3880,39.8600

2905.8900,48.7782,49.9265,36.4376,36.4423,36.8636,36.7646,43.6832,30.0844,41.6896,33.4245,39.8725

2906.8900,48.8028,49.9376,36.5063,36.4502,36.8408,36.7511,43.6758,30.0624,41.7076,33.4068,39.8784

2907.8900,48.7787,49.9480,36.5542,36.4616,36.8566,36.7431,43.6867,30.0764,41.7198,33.4098,39.8882

2908.8900,48.8049,49.8693,36.5032,36.4522,36.8387,36.7434,43.6708,30.0490,41.6937,33.3962,39.8664

2909.8900,48.7887,49.9451,36.4807,36.4485,36.8439,36.7463,43.6740,30.0787,41.7014,33.4125,39.8757

2910.8900,48.8003,49.8903,36.5314,36.4557,36.8537,36.7575,43.6659,30.0538,41.7063,33.4056,39.8761

2911.8900,48.7958,49.9075,36.5558,36.4334,36.8506,36.7440,43.6456,30.0647,41.7086,33.4044,39.8747

2912.8900,48.8205,49.8811,36.5020,36.4580,36.8587,36.7601,43.6436,30.0776,41.7040,33.4188,39.8752

2913.8910,48.7930,49.9129,36.5052,36.4515,36.8487,36.7230,43.6692,30.0614,41.7023,33.3922,39.8706

2914.8900,48.8232,49.9286,36.5187,36.4444,36.8400,36.7461,43.6719,30.0536,41.7110,33.3998,39.8783

2915.8900,48.8190,49.9548,36.4363,36.4718,36.8572,36.7558,43.6754,30.0597,41.7078,33.4078,39.8788

2916.8900,48.8284,49.9935,36.4526,36.4544,36.8658,36.7583,43.7037,30.0476,41.7190,33.4030,39.8880

2917.8900,48.8008,49.9488,36.5223,36.4704,36.8580,36.7505,43.6940,30.0557,41.7200,33.4031,39.8876

2918.8900,48.8195,49.9288,36.4525,36.4890,36.8493,36.7474,43.6878,30.0700,41.7078,33.4087,39.8805

2919.8900,48.8436,49.8689,36.4458,36.4776,36.8825,36.7391,43.6969,30.0621,41.7037,33.4006,39.8771

2920.8910,48.8318,49.8196,36.4851,36.4786,36.8790,36.7562,43.6933,30.0684,41.6988,33.4123,39.8765

2921.8900,48.8018,49.8477,36.5388,36.4869,36.8860,36.7482,43.6933,30.0661,41.7123,33.4071,39.8836

2922.8900,48.7885,49.8408,36.5477,36.4711,36.8773,36.7456,43.6794,30.0709,41.7051,33.4083,39.8777

2923.8900,48.8107,49.8909,36.5488,36.4470,36.8530,36.7736,43.6846,30.0615,41.7101,33.4176,39.8838

2924.8900,48.8034,49.8911,36.5065,36.4430,36.8484,36.7587,43.6793,30.0579,41.6985,33.4083,39.8735

2925.8900,48.8152,50.0195,36.5396,36.4690,36.8575,36.7576,43.6801,30.0520,41.7402,33.4048,39.8988

2926.8900,48.8209,49.9351,36.5244,36.4337,36.8652,36.7722,43.6868,30.0465,41.7159,33.4094,39.8856

2927.8900,48.8447,50.0007,36.4608,36.4407,36.8808,36.7724,43.6965,30.0566,41.7255,33.4145,39.8941

2928.8900,48.8097,49.9870,36.4908,36.4613,36.8814,36.7753,43.7012,30.0656,41.7260,33.4205,39.8965

2929.8900,48.8542,50.0361,36.5059,36.4624,36.8872,36.7652,43.7153,30.0522,41.7492,33.4087,39.9098

2930.8900,48.8461,49.9795,36.4749,36.4772,36.8714,36.7514,43.7193,30.0598,41.7298,33.4056,39.8975

2931.8900,48.8234,49.9135,36.4993,36.4619,36.8807,36.7742,43.7310,30.0344,41.7157,33.4043,39.8898

2932.8910,48.8408,49.8636,36.4562,36.4623,36.8689,36.7806,43.6952,30.0672,41.6983,33.4239,39.8793

2933.8900,48.8336,49.8512,36.5050,36.4438,36.8677,36.7668,43.7288,30.0594,41.7003,33.4131,39.8821

2934.8910,48.8331,49.8706,36.4437,36.4488,36.8705,36.7747,43.7343,30.0307,41.6933,33.4027,39.8758

2935.8900,48.8426,49.9793,36.4709,36.4400,36.8805,36.7806,43.7321,30.0464,41.7227,33.4135,39.8966

2936.8900,48.8203,49.9586,36.5173,36.4551,36.8730,36.7711,43.7411,30.0525,41.7249,33.4118,39.8986

2937.8900,48.8258,49.8967,36.5580,36.4734,36.8617,36.7954,43.7434,30.0336,41.7231,33.4145,39.8985

2938.8900,48.8572,49.7952,36.5857,36.4567,36.9079,36.7874,43.7125,30.0665,41.7206,33.4269,39.8961

2939.8900,48.8201,49.8381,36.5164,36.4725,36.8681,36.7858,43.6877,30.0541,41.7030,33.4200,39.8804

2940.8900,48.8396,49.9564,36.4838,36.4912,36.8752,36.7584,43.7026,30.0477,41.7293,33.4031,39.8944

2941.8900,48.8392,49.9648,36.4703,36.4806,36.8720,36.7902,43.6883,30.0477,41.7254,33.4189,39.8941

2942.8900,48.8315,49.9303,36.4919,36.4971,36.8810,36.8049,43.6875,30.0418,41.7264,33.4233,39.8958

2943.8900,48.8465,49.9525,36.5676,36.5218,36.8868,36.7752,43.6750,30.0711,41.7551,33.4231,39.9121

2944.8910,48.8522,49.9124,36.6159,36.5070,36.8674,36.7842,43.6714,30.0426,41.7510,33.4134,39.9067

2945.8910,48.8268,49.9815,36.5325,36.5231,36.9015,36.7805,43.6939,30.0445,41.7531,33.4125,39.9105

2946.8900,48.8167,49.9355,36.4841,36.5154,36.8899,36.7768,43.7071,30.0709,41.7283,33.4238,39.8995

2947.8910,48.8409,49.9316,36.5745,36.5142,36.9013,36.7868,43.7051,30.0410,41.7525,33.4139,39.9119

2948.8900,48.8368,49.9277,36.5930,36.5033,36.8845,36.7883,43.7304,30.0387,41.7491,33.4135,39.9128

2949.8900,48.8299,49.8498,36.5559,36.5129,36.8789,36.7728,43.7130,30.0547,41.7255,33.4138,39.8960

2950.8900,48.8343,49.8785,36.5284,36.4989,36.8923,36.7830,43.7265,30.0747,41.7265,33.4289,39.9021

2951.8900,48.8295,49.8999,36.5438,36.4967,36.8935,36.7767,43.7312,30.0637,41.7327,33.4202,39.9044

2952.8900,48.8299,49.8950,36.5488,36.4778,36.9116,36.7785,43.7148,30.0542,41.7326,33.4163,39.9013

2953.8900,48.8274,49.8469,36.5721,36.4636,36.8759,36.7844,43.7309,30.0602,41.7172,33.4223,39.8952

2954.8900,48.8303,49.8559,36.5139,36.4779,36.9041,36.7864,43.7126,30.0518,41.7164,33.4191,39.8916

2955.8900,48.8324,49.9445,36.5927,36.4689,36.8950,36.7824,43.7255,30.0394,41.7467,33.4109,39.9101

2956.8900,48.8419,50.0216,36.6127,36.4847,36.8668,36.7780,43.7068,30.0754,41.7655,33.4267,39.9235

2957.8900,48.8500,49.9953,36.5875,36.4819,36.9156,36.7698,43.7291,30.0577,41.7661,33.4138,39.9234

2958.8900,48.8382,49.9629,36.4968,36.4776,36.9009,36.7673,43.7021,30.0613,41.7353,33.4143,39.9009

2959.8900,48.8447,50.0117,36.4536,36.5031,36.8981,36.7869,43.6950,30.0646,41.7423,33.4258,39.9072

2960.8900,48.8445,49.9983,36.5120,36.5246,36.9212,36.7984,43.7015,30.0587,41.7601,33.4285,39.9199

2961.8900,48.8542,50.0311,36.5116,36.4990,36.9203,36.7839,43.7177,30.0648,41.7632,33.4243,39.9228

2962.8900,48.8490,49.9984,36.5253,36.4888,36.8899,36.7852,43.7253,30.0492,41.7503,33.4172,39.9139

2963.8900,48.8479,50.0265,36.5434,36.5074,36.9008,36.7877,43.7210,30.0509,41.7652,33.4193,39.9232

2964.8900,48.8564,50.0317,36.5697,36.5061,36.9295,36.7749,43.7365,30.0450,41.7787,33.4100,39.9312

2965.8900,48.8460,50.0779,36.5659,36.4972,36.9195,36.7966,43.7086,30.0659,41.7813,33.4313,39.9347

2966.8900,48.8461,49.9806,36.5395,36.5100,36.8995,36.7841,43.7153,30.0204,41.7551,33.4022,39.9119

2967.8900,48.8404,49.9983,36.5527,36.5298,36.8798,36.7789,43.7043,30.0490,41.7602,33.4139,39.9166

2968.8900,48.8577,50.0299,36.5790,36.5127,36.9219,36.7696,43.7030,30.0519,41.7802,33.4108,39.9282

2969.8900,48.8333,50.0793,36.5510,36.5150,36.9006,36.7623,43.6937,30.0474,41.7758,33.4049,39.9228

2970.8900,48.8526,50.1392,36.6003,36.5157,36.9032,36.7682,43.7019,30.0510,41.8022,33.4096,39.9415

2971.8900,48.8748,50.0816,36.6384,36.5169,36.9047,36.7725,43.6956,30.0510,41.8033,33.4118,39.9420

2972.8900,48.8614,50.0197,36.5748,36.5346,36.9098,36.7659,43.7193,30.0618,41.7801,33.4139,39.9309

2973.8900,48.8645,49.9122,36.5736,36.5241,36.8994,36.7751,43.7027,30.0508,41.7547,33.4130,39.9128

2974.8900,48.8489,49.9267,36.5705,36.5224,36.9084,36.7893,43.6983,30.0651,41.7554,33.4272,39.9162

2975.8900,48.8465,50.0027,36.5702,36.5567,36.9083,36.7953,43.7022,30.0547,41.7769,33.4250,39.9296

2976.8900,48.8437,49.9634,36.5062,36.5618,36.9041,36.7850,43.7208,30.0467,41.7559,33.4158,39.9165

2977.8900,48.8399,49.9604,36.5187,36.5518,36.9143,36.7840,43.7192,30.0513,41.7570,33.4176,39.9175

2978.8900,48.8580,49.9522,36.5351,36.5472,36.9134,36.7966,43.7258,30.0509,41.7612,33.4238,39.9224

2979.8900,48.8458,49.9063,36.5756,36.5747,36.8987,36.7796,43.7308,30.0460,41.7602,33.4128,39.9197

2980.8910,48.8533,49.9555,36.6038,36.5735,36.9072,36.7815,43.7063,30.0493,41.7787,33.4154,39.9288

2981.8900,48.8537,49.9922,36.5470,36.5671,36.9151,36.7974,43.6968,30.0700,41.7750,33.4337,39.9299

2982.8900,48.8522,49.9232,36.5777,36.5571,36.8865,36.7799,43.7119,30.0604,41.7593,33.4202,39.9186

2983.8900,48.8743,50.0336,36.5768,36.5590,36.8934,36.7864,43.7147,30.0439,41.7874,33.4152,39.9353

2984.8900,48.8495,50.0214,36.5106,36.5672,36.9086,36.7834,43.6954,30.0601,41.7715,33.4217,39.9245

2985.8900,48.8624,49.9952,36.5566,36.5795,36.9057,36.7823,43.6812,30.0624,41.7799,33.4224,39.9282

2986.8900,48.8669,49.9763,36.5048,36.5506,36.9233,36.7827,43.7022,30.0650,41.7644,33.4239,39.9215

2987.8900,48.8749,49.9753,36.5607,36.5491,36.8879,36.7931,43.7192,30.0591,41.7696,33.4261,39.9274

2988.8900,48.8466,50.0432,36.4939,36.5378,36.9164,36.7828,43.7015,30.0435,41.7676,33.4131,39.9207

2989.8900,48.8631,50.0699,36.5177,36.5588,36.9162,36.7728,43.7131,30.0584,41.7851,33.4156,39.9337

2990.8900,48.8493,50.0464,36.5537,36.5555,36.9042,36.7846,43.7187,30.0730,41.7818,33.4288,39.9357

2991.8910,48.8633,49.9576,36.5779,36.5597,36.9103,36.7888,43.7433,30.0801,41.7737,33.4345,39.9351

2992.8900,48.8634,49.8867,36.5353,36.5371,36.9366,36.7815,43.7069,30.0568,41.7518,33.4191,39.9130

2993.8900,48.8634,50.0205,36.5075,36.5355,36.8946,36.7820,43.7582,30.0521,41.7643,33.4171,39.9267

2994.8900,48.8887,50.0109,36.5253,36.5333,36.9061,36.7753,43.7407,30.0444,41.7729,33.4098,39.9281

2995.8910,48.8723,50.0583,36.5615,36.5162,36.9082,36.7770,43.7613,30.0546,41.7833,33.4158,39.9387

2996.8900,48.8838,49.9779,36.6331,36.5036,36.9063,36.7811,43.7516,30.0644,41.7809,33.4227,39.9377

2997.8900,48.8668,50.0022,36.5814,36.5174,36.9059,36.7742,43.7504,30.0767,41.7747,33.4254,39.9344

2998.8910,48.8614,50.0279,36.6000,36.5074,36.9196,36.7734,43.7336,30.0458,41.7833,33.4096,39.9337

2999.8900,48.8701,50.0016,36.5649,36.5214,36.9158,36.7761,43.7521,30.0806,41.7748,33.4283,39.9353

3000.8900,48.8603,49.9991,36.5260,36.5073,36.9311,36.7984,43.7227,30.0668,41.7647,33.4326,39.9265

3001.8900,48.8715,49.9732,36.5418,36.5096,36.8911,36.7944,43.7171,30.0585,41.7574,33.4264,39.9196

3002.8900,48.8736,49.9366,36.5707,36.5090,36.9119,36.8072,43.7175,30.0653,41.7604,33.4362,39.9240

3003.8900,48.8579,49.8746,36.5623,36.5202,36.8942,36.7895,43.7338,30.0545,41.7418,33.4220,39.9109

3004.8900,48.8582,49.9452,36.5766,36.5220,36.9267,36.8132,43.7276,30.0717,41.7657,33.4425,39.9302

3005.8900,48.8556,49.9617,36.6246,36.5339,36.9076,36.7885,43.7585,30.0399,41.7767,33.4142,39.9338

3006.8900,48.8705,49.9183,36.5882,36.5190,36.9111,36.7770,43.7316,30.0542,41.7614,33.4156,39.9212

3007.8900,48.8821,49.9128,36.6046,36.5368,36.9050,36.7653,43.7540,30.0795,41.7683,33.4224,39.9300

3008.8900,48.8884,49.9970,36.6028,36.5467,36.9020,36.7964,43.7569,30.0742,41.7874,33.4353,39.9456

3009.8900,48.8679,50.0376,36.5822,36.5383,36.9033,36.7762,43.7373,30.0651,41.7859,33.4207,39.9385

3010.8900,48.8616,50.0208,36.5264,36.5526,36.9091,36.7998,43.7956,30.0517,41.7741,33.4257,39.9397

3011.8900,48.8880,49.9567,36.4910,36.5555,36.8960,36.7867,43.7716,30.0540,41.7574,33.4203,39.9249

3012.8900,48.8803,49.8661,36.5560,36.5630,36.9069,36.7808,43.7698,30.0848,41.7545,33.4328,39.9260

3013.8900,48.8815,49.9249,36.6169,36.5491,36.9193,36.7909,43.7806,30.0742,41.7783,33.4325,39.9422

3014.8900,48.8557,50.0341,36.5782,36.5614,36.9139,36.7714,43.7566,30.0711,41.7887,33.4213,39.9428

3015.8900,48.8598,50.0110,36.5418,36.5843,36.9105,36.7970,43.7528,30.0907,41.7815,33.4439,39.9435

3016.8900,48.8755,49.9580,36.5228,36.5704,36.9306,36.7965,43.7242,30.0658,41.7715,33.4311,39.9305

3017.8900,48.8823,49.8883,36.5901,36.5784,36.8921,36.7954,43.7396,30.0765,41.7663,33.4360,39.9304

3018.8900,48.8848,49.9564,36.5402,36.5692,36.9120,36.8167,43.7341,30.0884,41.7725,33.4526,39.9377

3019.8900,48.8768,49.9879,36.5408,36.5889,36.9123,36.7880,43.7463,30.0808,41.7813,33.4344,39.9402

3020.8900,48.8766,49.9787,36.5572,36.5890,36.9214,36.7574,43.7464,30.0683,41.7846,33.4129,39.9369

3021.8900,48.8819,49.9610,36.5538,36.5837,36.9142,36.8058,43.7727,30.0488,41.7789,33.4273,39.9402

3022.8900,48.8909,49.9095,36.6214,36.5630,36.9396,36.8036,43.7665,30.0861,41.7848,33.4449,39.9476

3023.8900,48.8823,49.9180,36.6430,36.5668,36.9127,36.8207,43.7708,30.0699,41.7846,33.4453,39.9480

3024.8900,48.8850,49.8843,36.6459,36.5740,36.9248,36.8183,43.7825,30.0933,41.7828,33.4558,39.9510

3025.8900,48.8996,49.8992,36.6815,36.5895,36.9339,36.8223,43.7696,30.0677,41.8008,33.4450,39.9579

3026.8900,48.8777,49.8645,36.5988,36.5656,36.9127,36.8001,43.7570,30.0878,41.7639,33.4439,39.9330

3027.8900,48.9029,49.8291,36.5513,36.5620,36.9083,36.8018,43.7461,30.0734,41.7507,33.4376,39.9219

3028.8900,48.8759,49.7866,36.5897,36.5383,36.9109,36.8254,43.7707,30.0600,41.7403,33.4427,39.9197

3029.8900,48.8926,49.7949,36.5546,36.5686,36.9175,36.8147,43.7688,30.0653,41.7457,33.4400,39.9221

3030.8900,48.8827,49.8875,36.5706,36.5748,36.9201,36.8122,43.7523,30.0585,41.7671,33.4353,39.9323

3031.8900,48.8794,49.9066,36.5914,36.5638,36.9215,36.8000,43.7543,30.0726,41.7725,33.4363,39.9362

3032.8900,48.8696,49.9290,36.5920,36.5761,36.9424,36.8214,43.7549,30.0777,41.7818,33.4496,39.9454

3033.8900,48.8698,49.9560,36.5422,36.5997,36.9346,36.8173,43.7700,30.0609,41.7805,33.4391,39.9438

3034.8900,48.8719,49.8795,36.6406,36.5967,36.9330,36.8190,43.7457,30.0706,41.7843,33.4448,39.9446

3035.8900,48.8770,49.8516,36.5899,36.5829,36.9391,36.8163,43.7603,30.0697,41.7681,33.4430,39.9358

3036.8900,48.8995,49.8136,36.5454,36.6015,36.9483,36.8170,43.7556,30.0502,41.7617,33.4336,39.9289

3037.8910,48.8861,49.8894,36.5609,36.5735,36.9558,36.8273,43.7556,30.0794,41.7731,33.4533,39.9410

3038.8900,48.8876,50.0315,36.5447,36.5629,36.9115,36.8278,43.7576,30.0611,41.7876,33.4445,39.9481

3039.8900,48.8851,50.0411,36.5815,36.5792,36.9324,36.8408,43.7598,30.0493,41.8039,33.4450,39.9587

3040.8900,48.8958,50.0104,36.5678,36.5584,36.9413,36.8268,43.7462,30.0888,41.7947,33.4578,39.9544

3041.8900,48.8776,49.9552,36.5577,36.5811,36.9468,36.8346,43.7608,30.0656,41.7837,33.4501,39.9474

3042.8900,48.8763,49.9868,36.5869,36.5855,36.9291,36.8310,43.7582,30.0502,41.7929,33.4406,39.9505

3043.8900,48.9027,49.9504,36.5515,36.5477,36.9287,36.8567,43.7564,30.0554,41.7762,33.4561,39.9437

3044.8900,48.8981,49.9147,36.5308,36.5631,36.9249,36.8282,43.7601,30.0676,41.7663,33.4479,39.9359

3045.8900,48.9036,49.9364,36.5327,36.5939,36.9589,36.8127,43.7550,30.0436,41.7851,33.4281,39.9421

3046.8900,48.8820,49.8716,36.5611,36.5705,36.9493,36.8134,43.7475,30.0625,41.7669,33.4380,39.9322

3047.8910,48.8925,49.8934,36.5462,36.5943,36.9449,36.8076,43.7544,30.0614,41.7742,33.4345,39.9368

3048.8900,48.8940,49.8471,36.5503,36.5947,36.9441,36.8306,43.7660,30.0564,41.7660,33.4435,39.9354

3049.8900,48.8951,49.8182,36.5702,36.5870,36.9630,36.8163,43.7332,30.0500,41.7667,33.4331,39.9291

3050.8900,48.8865,49.8424,36.5956,36.5896,36.9609,36.8109,43.7418,30.0535,41.7750,33.4322,39.9352

3051.8910,48.8938,49.8907,36.5996,36.5814,36.9519,36.8206,43.7736,30.0619,41.7835,33.4413,39.9467

3052.8900,48.8799,49.9902,36.6427,36.5628,36.9523,36.8229,43.7751,30.0594,41.8056,33.4412,39.9607

3053.8900,48.9014,50.0568,36.6250,36.5750,36.9385,36.8021,43.7835,30.0582,41.8193,33.4301,39.9675

3054.8900,48.9174,50.0564,36.4834,36.5624,36.9346,36.8309,43.7812,30.0684,41.7909,33.4497,39.9544

3055.8900,48.8947,50.0049,36.5351,36.5482,36.9635,36.8211,43.7731,30.0637,41.7893,33.4424,39.9505

3056.8900,48.9077,49.9856,36.5511,36.5693,36.9477,36.8080,43.7769,30.0750,41.7923,33.4415,39.9527

3057.8900,48.9051,49.9612,36.5372,36.5727,36.9413,36.8180,43.7859,30.0766,41.7835,33.4473,39.9497

3058.8900,48.9159,49.9296,36.5987,36.5898,36.9513,36.8257,43.7690,30.0589,41.7971,33.4423,39.9549

3059.8900,48.9262,49.9620,36.5805,36.6011,36.9412,36.8249,43.7844,30.0732,41.8022,33.4490,39.9617

3060.8900,48.9224,50.0137,36.5174,36.6141,36.9700,36.8252,43.7662,30.0579,41.8075,33.4415,39.9609

3061.8900,48.9259,49.9729,36.5672,36.5962,36.9427,36.8502,43.7549,30.0686,41.8010,33.4594,39.9598

3062.8900,48.9050,49.9706,36.6084,36.6037,36.9497,36.8380,43.7698,30.0535,41.8075,33.4457,39.9623

3063.8900,48.9313,50.0586,36.5898,36.5973,36.9585,36.8347,43.7458,30.0680,41.8271,33.4513,39.9730

3064.8900,48.9092,49.9880,36.6236,36.5877,36.9595,36.8301,43.7404,30.0704,41.8136,33.4503,39.9636

3065.8900,48.9272,50.0291,36.6203,36.5670,36.9482,36.8300,43.7552,30.0694,41.8184,33.4497,39.9683

3066.8900,48.9031,50.0037,36.6423,36.5540,36.9542,36.8374,43.7771,30.0698,41.8115,33.4536,39.9677

3067.8900,48.9233,50.0483,36.5734,36.5533,36.9583,36.8215,43.7740,30.0519,41.8113,33.4367,39.9630

3068.8900,48.9169,50.0157,36.5633,36.5820,36.9593,36.8285,43.7840,30.0792,41.8074,33.4539,39.9661

3069.8900,48.9196,50.0296,36.5311,36.5779,36.9607,36.8201,43.7938,30.0594,41.8038,33.4397,39.9615

3070.8900,48.9218,49.9710,36.4854,36.5672,36.9587,36.8447,43.7870,30.0607,41.7808,33.4527,39.9496

3071.8910,48.9427,49.9139,36.5740,36.5417,36.9569,36.8284,43.8039,30.0739,41.7859,33.4512,39.9544

3072.8900,48.9498,49.8691,36.5941,36.5581,36.9678,36.8225,43.7960,30.0553,41.7878,33.4389,39.9516

3073.8900,48.9177,50.0014,36.6418,36.5815,36.9722,36.8400,43.7975,30.0809,41.8229,33.4605,39.9791

3074.8900,48.9411,50.0777,36.6157,36.5975,36.9491,36.8412,43.7999,30.0553,41.8362,33.4483,39.9847

3075.8900,48.9254,50.0671,36.6181,36.6172,36.9613,36.8329,43.7827,30.0549,41.8378,33.4439,39.9824

3076.8900,48.9561,50.0039,36.5901,36.5981,36.9709,36.8513,43.7967,30.0570,41.8238,33.4542,39.9780

3077.8900,48.9362,49.9484,36.6083,36.6036,36.9550,36.8396,43.7744,30.0743,41.8103,33.4570,39.9675

3078.8900,48.9363,49.9153,36.6534,36.6048,36.9565,36.8504,43.7690,30.0801,41.8132,33.4653,39.9707

3079.8900,48.9409,50.0325,36.5854,36.5915,36.9784,36.8513,43.7795,30.0466,41.8257,33.4490,39.9758

3080.8900,48.9425,50.0409,36.6075,36.5991,36.9557,36.8693,43.7741,30.0563,41.8291,33.4628,39.9807

3081.8900,48.9508,50.0376,36.6583,36.5868,36.9655,36.8431,43.7670,30.0497,41.8398,33.4464,39.9823

3082.8900,48.9411,50.0277,36.6576,36.5852,36.9824,36.8488,43.7849,30.0714,41.8388,33.4601,39.9874

3083.8900,48.9419,50.0330,36.7056,36.6070,36.9878,36.8421,43.7726,30.0660,41.8551,33.4540,39.9945

3084.8900,48.9402,50.1234,36.6246,36.5792,36.9894,36.8624,43.7947,30.0601,41.8514,33.4613,39.9968

3085.8900,48.9452,50.0399,36.5929,36.5803,36.9650,36.8426,43.7879,30.0506,41.8247,33.4466,39.9755

3086.8900,48.9394,50.0208,36.6026,36.5834,36.9652,36.8507,43.8114,30.0630,41.8223,33.4569,39.9796

3087.8900,48.9492,50.0800,36.6050,36.5802,36.9877,36.8574,43.7994,30.0669,41.8404,33.4622,39.9907

3088.8900,48.9414,50.0031,36.6216,36.5800,36.9790,36.8622,43.7895,30.0637,41.8250,33.4629,39.9801

3089.8900,48.9304,49.9640,36.6830,36.5984,36.9884,36.8459,43.8096,30.0708,41.8328,33.4583,39.9863

3090.8900,48.9409,50.0288,36.6284,36.5841,36.9845,36.8458,43.8083,30.0650,41.8333,33.4554,39.9857

3091.8900,48.9644,50.0632,36.6351,36.5949,36.9792,36.8470,43.7932,30.0546,41.8474,33.4508,39.9915

3092.8900,48.9418,50.0394,36.7050,36.5962,36.9779,36.8551,43.7855,30.0697,41.8521,33.4624,39.9963

3093.8900,48.9539,50.1283,36.6473,36.5842,36.9822,36.8579,43.7695,30.0763,41.8592,33.4671,39.9999

3094.8910,48.9506,50.1367,36.5520,36.5926,36.9868,36.8354,43.7690,30.0645,41.8437,33.4500,39.9859

3095.8900,48.9595,50.0851,36.5853,36.6133,36.9734,36.8407,43.7659,30.0745,41.8433,33.4576,39.9872

3096.8900,48.9404,50.0215,36.6996,36.5916,36.9849,36.8621,43.7704,30.0669,41.8476,33.4645,39.9922

3097.8900,48.9410,49.8982,36.5978,36.5721,36.9832,36.8440,43.7727,30.0665,41.7984,33.4553,39.9594

3098.8900,48.9476,50.0634,36.6073,36.5690,36.9557,36.8684,43.7883,30.0836,41.8286,33.4760,39.9854

3099.8900,48.9430,50.0341,36.5796,36.5670,36.9749,36.8703,43.7835,30.0817,41.8197,33.4760,39.9793

3100.8900,48.9534,50.0628,36.6016,36.5404,36.9467,36.8701,43.7956,30.0895,41.8210,33.4798,39.9825

3101.8900,48.9681,49.9969,36.6223,36.5373,36.9858,36.8461,43.8018,30.0701,41.8221,33.4581,39.9785

3102.8910,48.9810,49.9817,36.5897,36.5462,36.9759,36.8858,43.8274,30.0752,41.8149,33.4805,39.9828

3103.8900,48.9730,49.9867,36.5751,36.5462,36.9898,36.8562,43.8162,30.0549,41.8142,33.4555,39.9748

3104.8900,48.9529,49.9857,36.5597,36.5522,36.9933,36.8774,43.8180,30.0523,41.8087,33.4649,39.9739

3105.8900,48.9766,50.0333,36.5788,36.5456,36.9809,36.8398,43.8291,30.0539,41.8230,33.4468,39.9798

3106.8900,48.9725,50.0715,36.6473,36.5665,36.9800,36.8426,43.8006,30.0685,41.8476,33.4555,39.9937

3107.8900,48.9630,49.9715,36.6242,36.5840,36.9778,36.8587,43.8134,30.0729,41.8241,33.4658,39.9832

3108.8900,48.9678,49.9572,36.6182,36.5841,36.9869,36.8626,43.8153,30.0811,41.8228,33.4718,39.9841

3109.8900,48.9663,49.9724,36.6055,36.5667,36.9672,36.8733,43.8088,30.0857,41.8156,33.4795,39.9807

3110.8900,48.9386,49.9701,36.6191,36.5691,36.9915,36.8859,43.7934,30.0923,41.8177,33.4891,39.9825

3111.8900,48.9288,50.0110,36.6076,36.5655,36.9760,36.8709,43.7778,30.0922,41.8178,33.4815,39.9787

3112.8900,48.9377,49.9415,36.5673,36.5490,36.9733,36.8673,43.8023,30.0679,41.7938,33.4676,39.9633

3113.8900,48.9169,49.9725,36.5729,36.5575,36.9990,36.8850,43.7768,30.0740,41.8038,33.4795,39.9693

3114.8900,48.9666,50.0274,36.6153,36.5358,36.9792,36.8605,43.7883,30.0841,41.8248,33.4723,39.9821

3115.8900,48.9834,49.9842,36.6016,36.5572,36.9881,36.8658,43.8132,30.0631,41.8229,33.4644,39.9821

3116.8900,48.9775,49.8749,36.6383,36.5621,37.0023,36.8603,43.8214,30.0557,41.8110,33.4580,39.9740

3117.8900,48.9810,49.9437,36.6185,36.5764,36.9732,36.8718,43.8305,30.0762,41.8186,33.4740,39.9839

3118.8900,48.9830,50.0342,36.6399,36.5675,36.9751,36.8565,43.8160,30.0570,41.8399,33.4568,39.9911

3119.8900,48.9525,50.0723,36.7172,36.5808,37.0027,36.8659,43.8441,30.0599,41.8651,33.4629,40.0119

3120.8900,48.9687,50.0816,36.6743,36.5823,36.9832,36.8561,43.8326,30.0477,41.8580,33.4519,40.0033

3121.8900,48.9835,50.0527,36.6208,36.5806,36.9976,36.8435,43.8068,30.0505,41.8471,33.4470,39.9920

3122.8900,48.9815,50.0556,36.6336,36.5948,37.0045,36.8812,43.8120,30.0842,41.8540,33.4827,40.0059

3123.8900,48.9723,49.9704,36.6853,36.6049,36.9928,36.8429,43.7650,30.0508,41.8451,33.4469,39.9856

3124.8900,48.9631,49.9989,36.6206,36.5701,37.0060,36.8766,43.7894,30.0716,41.8317,33.4741,39.9870

3125.8900,48.9678,49.9943,36.6197,36.5730,36.9995,36.8570,43.7857,30.0613,41.8308,33.4591,39.9823

3126.8900,48.9508,50.0398,36.5653,36.5900,36.9992,36.8754,43.7966,30.0671,41.8290,33.4713,39.9855

3127.8900,48.9606,50.0392,36.5875,36.5791,37.0091,36.8680,43.7927,30.0540,41.8351,33.4610,39.9863

3128.8900,48.9729,49.9881,36.6027,36.5878,37.0098,36.8818,43.7888,30.0745,41.8322,33.4781,39.9883

3129.8900,48.9450,50.0081,36.6402,36.5962,36.9961,36.8798,43.7819,30.0837,41.8371,33.4817,39.9914

3130.8900,48.9413,49.9563,36.6163,36.5850,36.9998,36.8634,43.7963,30.0744,41.8197,33.4689,39.9791

3131.8900,48.9434,49.9772,36.6421,36.6052,37.0080,36.8552,43.7917,30.0638,41.8352,33.4595,39.9858

3132.8900,48.9371,49.9660,36.6612,36.5827,37.0016,36.8606,43.7907,30.0790,41.8297,33.4698,39.9848

3133.8900,48.9569,49.9664,36.6022,36.6073,37.0100,36.9026,43.8055,30.0809,41.8286,33.4917,39.9915

3134.8900,48.9406,50.0342,36.6016,36.6054,37.0182,36.8678,43.7928,30.0699,41.8400,33.4688,39.9913

3135.8900,48.9412,50.0015,36.6363,36.5905,36.9956,36.8876,43.7971,30.0447,41.8330,33.4662,39.9868

3136.8900,48.9422,50.0734,36.6702,36.6193,37.0213,36.8900,43.8104,30.0701,41.8653,33.4800,40.0121

3137.8900,48.9695,50.1439,36.6579,36.5995,37.0059,36.8891,43.7851,30.0875,41.8753,33.4883,40.0173

3138.8900,48.9503,50.1087,36.6577,36.6148,36.9977,36.8809,43.8063,30.0811,41.8658,33.4810,40.0122

3139.8900,48.9498,50.0883,36.6849,36.6367,36.9968,36.8571,43.7901,30.0506,41.8713,33.4538,40.0068

3140.8900,48.9652,50.1244,36.6232,36.6288,37.0025,36.8699,43.7980,30.0696,41.8688,33.4697,40.0102

3141.8900,48.9571,50.2014,36.5530,36.6109,36.9999,36.8625,43.8197,30.1120,41.8644,33.4873,40.0146

3142.8900,48.9766,50.1720,36.6213,36.6031,36.9855,36.8757,43.8106,30.0895,41.8717,33.4826,40.0168

3143.8900,48.9561,50.0109,36.6468,36.6038,37.0181,36.8700,43.8191,30.0734,41.8471,33.4717,39.9998

3144.8900,48.9889,50.0312,36.6360,36.6000,36.9993,36.8755,43.8200,30.0874,41.8511,33.4815,40.0048

3145.8900,48.9574,50.0462,36.6628,36.6086,36.9927,36.8774,43.8114,30.0762,41.8535,33.4768,40.0041

3146.8910,48.9714,50.0422,36.6704,36.6190,37.0158,36.8640,43.8120,30.0651,41.8638,33.4645,40.0075

3147.8900,48.9616,50.0155,36.6893,36.6033,36.9924,36.8989,43.8005,30.0673,41.8524,33.4831,40.0036

3148.8900,48.9628,49.9999,36.7011,36.6352,37.0187,36.8679,43.7914,30.0577,41.8635,33.4628,40.0043

3149.8900,48.9652,49.9685,36.6590,36.6114,36.9749,36.8577,43.7937,30.0578,41.8358,33.4577,39.9860

3150.8900,48.9799,49.8893,36.6514,36.6234,37.0066,36.8600,43.7875,30.0742,41.8301,33.4671,39.9840

3151.8900,48.9926,49.8915,36.6901,36.6144,36.9904,36.8559,43.7916,30.0686,41.8358,33.4623,39.9869

3152.8900,48.9741,49.8820,36.7174,36.5987,37.0045,36.8629,43.8081,30.0664,41.8354,33.4647,39.9893

3153.8900,48.9759,49.9212,36.6406,36.6131,37.0016,36.8755,43.8130,30.0729,41.8305,33.4742,39.9892

3154.8900,48.9758,49.9375,36.6637,36.6029,37.0263,36.8745,43.8053,30.0596,41.8412,33.4670,39.9932

3155.8900,48.9799,49.9422,36.7011,36.6095,37.0056,36.8837,43.8174,30.0670,41.8477,33.4754,40.0008

3156.8900,48.9364,49.9476,36.6211,36.6029,37.0192,36.8916,43.8284,30.0666,41.8254,33.4791,39.9892

3157.8900,48.9563,49.9578,36.5884,36.6132,37.0178,36.8977,43.8224,30.0778,41.8267,33.4878,39.9914

3158.8900,48.9596,50.1512,36.6433,36.6190,37.0006,36.8740,43.8338,30.0643,41.8747,33.4692,40.0182

3159.8900,48.9885,50.1071,36.6169,36.6118,36.9881,36.8737,43.8442,30.0593,41.8625,33.4665,40.0112

3160.8910,48.9776,50.1949,36.6692,36.6472,37.0216,36.8810,43.8447,30.0746,41.9021,33.4778,40.0388

3161.8900,48.9860,50.1672,36.6753,36.6318,37.0240,36.8871,43.8595,30.0441,41.8969,33.4656,40.0344

3162.8900,48.9693,50.1030,36.6777,36.6338,37.0169,36.8908,43.8452,30.0798,41.8801,33.4853,40.0271

3163.8900,48.9562,50.0437,36.6622,36.6528,37.0135,36.8790,43.8326,30.0872,41.8657,33.4831,40.0159

3164.8900,48.9511,50.0627,36.6679,36.6370,37.0130,36.8738,43.8392,30.0890,41.8663,33.4814,40.0167

3165.8900,48.9716,50.0694,36.7027,36.6373,37.0221,36.8861,43.8148,30.0873,41.8806,33.4867,40.0239

3166.8900,48.9660,50.1346,36.7003,36.6265,37.0099,36.9062,43.8162,30.0657,41.8875,33.4859,40.0282

3167.8900,48.9565,50.0804,36.6507,36.6287,37.0124,36.9120,43.8114,30.0705,41.8657,33.4912,40.0153

3168.8900,48.9819,50.0656,36.5727,36.6213,37.0133,36.8933,43.8082,30.0743,41.8510,33.4838,40.0038

3169.8900,48.9797,50.0671,36.6111,36.6064,37.0096,36.8821,43.7952,30.0626,41.8548,33.4723,40.0017

3170.8900,48.9937,50.1049,36.6334,36.6156,37.0238,36.9145,43.7900,30.0689,41.8743,33.4917,40.0181

3171.8900,48.9788,50.0881,36.6472,36.6192,37.0279,36.9092,43.8228,30.0838,41.8722,33.4965,40.0221

3172.8900,48.9783,50.0485,36.6483,36.6479,36.9979,36.8858,43.8216,30.0950,41.8642,33.4904,40.0154

3173.8910,48.9922,50.0637,36.6670,36.6385,37.0041,36.8841,43.8100,30.0909,41.8731,33.4875,40.0188

3174.8900,48.9714,50.0370,36.6825,36.6390,37.0209,36.8985,43.8509,30.0758,41.8701,33.4871,40.0220

3175.8900,48.9753,49.9755,36.7002,36.6366,37.0187,36.9169,43.8560,30.0816,41.8613,33.4993,40.0201

3176.8900,48.9786,49.9766,36.7243,36.6318,37.0203,36.8937,43.8465,30.0634,41.8663,33.4785,40.0169

3177.8910,48.9765,49.9798,36.6312,36.6387,37.0199,36.8929,43.8436,30.0589,41.8492,33.4759,40.0052

3178.8900,48.9817,49.9498,36.6761,36.6056,37.0168,36.8883,43.8520,30.0872,41.8460,33.4878,40.0072

3179.8900,48.9828,49.9375,36.7067,36.6086,37.0315,36.8755,43.8568,30.0569,41.8534,33.4662,40.0070

3180.8900,48.9994,49.9674,36.6495,36.6093,37.0164,36.9015,43.8256,30.0869,41.8484,33.4942,40.0070

3181.8900,48.9828,49.9639,36.6212,36.6030,37.0357,36.8839,43.8481,30.0742,41.8413,33.4790,40.0016

3182.8900,48.9727,50.0041,36.6857,36.6007,37.0264,36.8881,43.8313,30.0771,41.8579,33.4826,40.0108

3183.8900,48.9820,50.0698,36.6367,36.6045,37.0279,36.8807,43.8193,30.0734,41.8642,33.4771,40.0118

3184.8910,48.9811,49.9905,36.6224,36.6224,37.0363,36.8995,43.8171,30.0636,41.8505,33.4815,40.0041

3185.8910,48.9841,50.0321,36.6636,36.6267,37.0277,36.8857,43.8279,30.0807,41.8668,33.4832,40.0161

3186.8900,48.9982,50.0044,36.7163,36.6397,37.0213,36.9069,43.8228,30.0762,41.8760,33.4916,40.0232

3187.8900,49.0109,49.9822,36.7299,36.6308,37.0319,36.8885,43.8469,30.0605,41.8772,33.4745,40.0227

3188.8900,49.0127,50.0150,36.7144,36.6406,37.0304,36.8809,43.8525,30.0628,41.8826,33.4719,40.0262

3189.8900,49.0074,50.0157,36.6675,36.6442,37.0129,36.9031,43.8606,30.0828,41.8695,33.4929,40.0243

3190.8900,49.0103,50.0402,36.6839,36.6423,37.0233,36.8869,43.8648,30.0524,41.8800,33.4696,40.0255

3191.8900,48.9997,50.0755,36.6897,36.6261,37.0140,36.9089,43.8580,30.0425,41.8810,33.4757,40.0268

3192.8900,49.0099,50.0303,36.7379,36.6384,37.0257,36.8953,43.8730,30.0576,41.8884,33.4765,40.0335

3193.8900,49.0150,50.0179,36.7286,36.6379,37.0290,36.9061,43.8726,30.0515,41.8857,33.4788,40.0323

3194.8900,48.9996,49.9756,36.6508,36.6508,37.0368,36.9144,43.8881,30.0584,41.8627,33.4864,40.0218

3195.8900,49.0213,49.8870,36.6411,36.6285,37.0516,36.9054,43.8641,30.0837,41.8459,33.4946,40.0103

3196.8900,49.0069,49.8635,36.6590,36.6239,37.0278,36.8914,43.8721,30.0733,41.8362,33.4823,40.0022

3197.8910,49.0176,49.8817,36.6549,36.6339,37.0246,36.9078,43.8629,30.0815,41.8425,33.4946,40.0081

3198.8900,49.0307,49.9342,36.6711,36.6426,37.0322,36.9108,43.8582,30.0567,41.8622,33.4837,40.0171

3199.8900,48.9977,49.9527,36.6991,36.6463,37.0129,36.8938,43.8716,30.0786,41.8617,33.4862,40.0191

3200.8900,48.9990,49.9789,36.6827,36.6532,37.0431,36.9039,43.8627,30.0634,41.8714,33.4836,40.0234

3201.8910,48.9970,50.0282,36.6834,36.6703,37.0098,36.8977,43.8490,30.0891,41.8777,33.4934,40.0280

3202.8900,49.0152,50.0542,36.6751,36.6433,37.0343,36.9110,43.8380,30.0771,41.8844,33.4941,40.0310

3203.8900,49.0059,50.0812,36.7075,36.6641,37.0385,36.8979,43.8252,30.0733,41.8994,33.4856,40.0367

3204.8900,49.0172,50.0620,36.6714,36.6886,37.0330,36.9144,43.8449,30.0805,41.8945,33.4974,40.0390

3205.8900,49.0174,50.0360,36.6390,36.6791,37.0646,36.9123,43.8346,30.0761,41.8872,33.4942,40.0324

3206.8900,49.0049,49.9632,36.6070,36.6766,37.0337,36.9300,43.8251,30.0680,41.8571,33.4990,40.0136

3207.8900,49.0080,50.0347,36.6503,36.6928,37.0387,36.9331,43.8273,30.0819,41.8849,33.5075,40.0334

3208.8900,48.9827,50.0321,36.6397,36.6822,37.0276,36.8968,43.8455,30.0694,41.8729,33.4831,40.0220

3209.8900,49.0035,50.0704,36.7172,36.6574,37.0164,36.9221,43.8339,30.0709,41.8930,33.4965,40.0365

3210.8900,49.0093,50.1377,36.7306,36.6483,37.0381,36.9097,43.8216,30.0842,41.9128,33.4969,40.0474

3211.8900,49.0167,50.1409,36.7520,36.6507,37.0110,36.9078,43.8360,30.0570,41.9143,33.4824,40.0465

3212.8900,49.0008,50.1239,36.7012,36.6475,37.0118,36.9179,43.8300,30.0765,41.8970,33.4972,40.0387

3213.8900,49.0080,50.0847,36.7237,36.6620,37.0331,36.9004,43.8259,30.0646,41.9023,33.4825,40.0378

3214.8900,48.9978,50.0615,36.7180,36.6708,37.0424,36.8883,43.8444,30.0721,41.8981,33.4802,40.0369

3215.8900,49.0216,49.9940,36.7128,36.6413,37.0314,36.9030,43.8508,30.0775,41.8802,33.4902,40.0291

3216.8900,48.9999,50.0250,36.6886,36.6536,37.0319,36.8932,43.8426,30.0610,41.8798,33.4771,40.0245

3217.8900,49.0293,50.1635,36.6483,36.6660,37.0326,36.9130,43.8494,30.0683,41.9079,33.4907,40.0463

3218.8900,49.0363,50.1299,36.6194,36.6568,37.0481,36.9113,43.8509,30.0980,41.8981,33.5047,40.0438

3219.8900,49.0284,50.0572,36.6239,36.6707,37.0290,36.8982,43.8633,30.0905,41.8818,33.4944,40.0327

3220.8900,49.0228,50.0467,36.7124,36.6881,37.0420,36.9238,43.8644,30.0763,41.9024,33.5001,40.0471

3221.8900,48.9897,50.0471,36.7497,36.6702,37.0412,36.8829,43.8647,30.0775,41.8996,33.4802,40.0404

3222.8900,49.0422,50.0130,36.7049,36.6909,37.0368,36.8822,43.8542,30.0928,41.8976,33.4875,40.0396

3223.8900,49.0270,49.9893,36.6590,36.7034,37.0294,36.9141,43.8531,30.0901,41.8816,33.5021,40.0332

3224.8900,49.0308,49.9924,36.7182,36.6939,37.0430,36.9108,43.8437,30.0704,41.8957,33.4906,40.0379

3225.8900,49.0193,50.0833,36.6849,36.6858,37.0427,36.9128,43.8463,30.0615,41.9032,33.4872,40.0421

3226.8900,49.0248,50.0674,36.6661,36.6988,37.0235,36.9235,43.8448,30.0845,41.8961,33.5040,40.0417

3227.8900,49.0499,50.0702,36.6791,36.6875,37.0287,36.8862,43.8536,30.0601,41.9031,33.4732,40.0394

3228.8900,49.0166,50.0083,36.6769,36.7054,37.0250,36.9045,43.8342,30.0649,41.8864,33.4847,40.0295

3229.8900,49.0432,49.9764,36.6530,36.7091,37.0364,36.8967,43.8328,30.0811,41.8836,33.4889,40.0286

3230.8900,49.0270,49.9114,36.6700,36.6775,37.0280,36.8967,43.8483,30.0689,41.8628,33.4828,40.0160

3231.8900,49.0264,49.9991,36.7764,36.7031,37.0358,36.9069,43.8495,30.0871,41.9082,33.4970,40.0480

3232.8910,49.0349,50.0347,36.7587,36.7035,37.0468,36.9113,43.8709,30.0671,41.9157,33.4892,40.0535

3233.8900,49.0327,50.0360,36.8058,36.7175,37.0309,36.8950,43.8559,30.0854,41.9246,33.4902,40.0574

3234.8900,49.0170,49.9954,36.7190,36.7092,37.0525,36.9062,43.8690,30.0883,41.8986,33.4973,40.0446

3235.8900,49.0066,49.9934,36.7702,36.6810,37.0364,36.8897,43.8526,30.0646,41.8975,33.4772,40.0368

3236.8900,49.0052,49.9595,36.7812,36.6756,37.0485,36.8967,43.8640,30.0514,41.8940,33.4740,40.0353

3237.8900,49.0144,50.0163,36.7518,36.6695,37.0279,36.9031,43.8501,30.0509,41.8960,33.4770,40.0355

3238.8900,49.0028,50.0840,36.7664,36.6515,37.0526,36.8901,43.8661,30.0758,41.9115,33.4829,40.0487

3239.8910,49.0184,50.0626,36.7299,36.6644,37.0520,36.9072,43.8678,30.0573,41.9054,33.4822,40.0449

3240.8900,49.0108,50.0099,36.7705,36.6420,37.0448,36.9196,43.8696,30.1027,41.8956,33.5112,40.0462

3241.8900,49.0026,50.0553,36.7645,36.6734,37.0552,36.8973,43.8577,30.0643,41.9102,33.4808,40.0463

3242.8900,49.0249,50.1101,36.7283,36.6877,37.0328,36.8960,43.8463,30.0695,41.9168,33.4827,40.0495

3243.8900,49.0125,50.1250,36.7309,36.6865,37.0437,36.9022,43.8702,30.0687,41.9197,33.4854,40.0549

3244.8900,49.0330,50.1107,36.6968,36.6949,37.0518,36.9065,43.8535,30.0792,41.9174,33.4928,40.0533

3245.8900,49.0335,50.0468,36.7092,36.6863,37.0458,36.9005,43.8691,30.0623,41.9043,33.4814,40.0442

3246.8910,49.0207,49.9640,36.7269,36.6993,37.0684,36.9152,43.8555,30.0649,41.8959,33.4900,40.0394

3247.8900,49.0303,50.0611,36.6915,36.6975,37.0566,36.9272,43.8570,30.0605,41.9074,33.4938,40.0477

3248.8900,49.0230,50.0376,36.6518,36.7354,37.0604,36.9268,43.8678,30.0695,41.9017,33.4982,40.0466

3249.8900,49.0257,50.0545,36.7030,36.7208,37.0622,36.9080,43.8564,30.0657,41.9132,33.4869,40.0495

3250.8900,49.0364,50.0731,36.7059,36.7152,37.0529,36.9095,43.8472,30.0666,41.9167,33.4880,40.0509

3251.8900,49.0475,50.1084,36.7560,36.7037,37.0669,36.9142,43.8627,30.0733,41.9365,33.4937,40.0666

3252.8900,49.0397,50.2212,36.8000,36.7033,37.0810,36.9040,43.8488,30.0808,41.9690,33.4924,40.0848

3253.8900,49.0215,50.2548,36.7738,36.6892,37.0710,36.8991,43.8557,30.0811,41.9621,33.4901,40.0808

3254.8910,49.0424,50.1674,36.7437,36.6867,37.0528,36.8982,43.8644,30.0831,41.9386,33.4906,40.0673

3255.8900,49.0129,50.1397,36.7363,36.6760,37.0633,36.9264,43.8519,30.0668,41.9257,33.4966,40.0592

3256.8900,49.0009,50.0796,36.7741,36.6853,37.0712,36.9227,43.8454,30.0785,41.9222,33.5006,40.0572

3257.8900,49.0447,50.0821,36.7229,36.7042,37.0594,36.9253,43.8539,30.0826,41.9227,33.5039,40.0594

3258.8900,49.0223,50.1901,36.7648,36.7027,37.0498,36.9149,43.8445,30.0913,41.9460,33.5031,40.0726

3259.8900,49.0274,50.1767,36.7031,36.7106,37.0611,36.9275,43.8649,30.0698,41.9358,33.4987,40.0677

3260.8900,49.0303,50.1395,36.6558,36.6857,37.0626,36.9248,43.8360,30.0802,41.9148,33.5025,40.0519

3261.8900,49.0377,49.9961,36.6934,36.7103,37.0290,36.9421,43.8641,30.0760,41.8933,33.5090,40.0436

3262.8900,49.0390,50.0568,36.7301,36.7104,37.0280,36.9201,43.8606,30.0806,41.9129,33.5004,40.0532

3263.8910,49.0371,50.1116,36.7523,36.6953,37.0405,36.9223,43.8873,30.0876,41.9274,33.5049,40.0668

3264.8900,49.0380,50.1244,36.7245,36.7040,37.0545,36.9158,43.8811,30.0824,41.9291,33.4991,40.0656

3265.8900,49.0440,50.0408,36.6471,36.6985,37.0559,36.9139,43.8904,30.0800,41.8972,33.4970,40.0463

3266.8900,49.0567,50.1299,36.6614,36.7039,37.0468,36.9239,43.8936,30.0868,41.9197,33.5054,40.0629

3267.8900,49.0675,50.1075,36.7019,36.6968,37.0656,36.9334,43.8930,30.0870,41.9279,33.5102,40.0691

3268.8900,49.0518,50.1162,36.7013,36.6985,37.0699,36.9190,43.8933,30.0589,41.9276,33.4889,40.0636

3269.8900,49.0519,50.0175,36.7183,36.7062,37.0657,36.9214,43.8791,30.0763,41.9119,33.4989,40.0546

3270.8900,49.0473,50.0712,36.6904,36.7143,37.0522,36.9228,43.8857,30.0744,41.9151,33.4986,40.0573

3271.8900,49.0651,50.0710,36.7308,36.7374,37.0735,36.9161,43.8897,30.0893,41.9356,33.5027,40.0716

3272.8900,49.0330,50.0383,36.7684,36.7287,37.0336,36.9229,43.8703,30.0830,41.9204,33.5030,40.0598

3273.8900,49.0672,50.0027,36.7179,36.7272,37.0714,36.9373,43.8596,30.0914,41.9173,33.5143,40.0593

3274.8900,49.0535,50.0887,36.7339,36.7320,37.0743,36.9220,43.8509,30.0849,41.9365,33.5035,40.0675

3275.8900,49.0651,50.1136,36.7286,36.7081,37.0754,36.9030,43.8545,30.0831,41.9382,33.4931,40.0664

3276.8900,49.0693,50.1591,36.7288,36.7186,37.0497,36.9137,43.8886,30.0902,41.9451,33.5020,40.0772

3277.8910,49.0644,50.1227,36.7056,36.7112,37.0494,36.9331,43.8832,30.0838,41.9307,33.5085,40.0692

3278.8900,49.0524,50.1015,36.7412,36.6963,37.0695,36.9219,43.8902,30.0707,41.9322,33.4963,40.0680

3279.8900,49.0581,50.0731,36.6835,36.6947,37.0528,36.9235,43.8904,30.0619,41.9124,33.4927,40.0548

3280.8900,49.0373,50.0839,36.7037,36.6977,37.0571,36.9249,43.9022,30.0770,41.9160,33.5010,40.0605

3281.8900,49.0434,50.0954,36.7196,36.6962,37.0474,36.9250,43.8831,30.0804,41.9204,33.5027,40.0613

3282.8900,49.0440,50.0370,36.7638,36.7068,37.0671,36.9382,43.8695,30.0777,41.9237,33.5079,40.0630

3283.8900,49.0339,50.0029,36.6410,36.6789,37.0373,36.9088,43.8817,30.0759,41.8788,33.4924,40.0325

3284.8900,49.0490,50.0557,36.6519,36.7033,37.0628,36.9162,43.8502,30.0767,41.9046,33.4964,40.0457

3285.8900,49.0418,50.0581,36.7486,36.6935,37.0649,36.9402,43.8920,30.0989,41.9214,33.5196,40.0673

3286.8900,49.0463,50.0247,36.7822,36.6738,37.0545,36.9242,43.8808,30.0918,41.9163,33.5080,40.0598

3287.8900,49.0443,49.9931,36.7634,36.6863,37.0763,36.9338,43.8588,30.0921,41.9127,33.5129,40.0560

3288.8900,49.0537,49.9879,36.7656,36.7039,37.0484,36.9190,43.8648,30.0875,41.9119,33.5033,40.0539

3289.8900,49.0559,49.9888,36.7170,36.6702,37.0572,36.9418,43.8986,30.0818,41.8978,33.5118,40.0514

3290.8910,49.0204,50.0839,36.7411,36.6757,37.0381,36.9330,43.8915,30.0776,41.9118,33.5053,40.0577

3291.8900,49.0291,50.1236,36.6981,36.6467,37.0554,36.9264,43.8952,30.0950,41.9106,33.5107,40.0587

3292.8900,49.0642,50.0300,36.6782,36.6619,37.0571,36.9343,43.8954,30.1052,41.8983,33.5198,40.0533

3293.8900,49.0392,50.0240,36.7306,36.6684,37.0632,36.9361,43.8926,30.0902,41.9051,33.5132,40.0555

3294.8900,49.0320,50.0458,36.7325,36.6877,37.0643,36.9158,43.8769,30.0932,41.9125,33.5045,40.0560

3295.8910,49.0407,50.0680,36.7877,36.6998,37.0642,36.9292,43.8927,30.0964,41.9321,33.5128,40.0724

3296.8910,49.0256,50.0602,36.7480,36.7017,37.0644,36.9130,43.8844,30.0928,41.9200,33.5029,40.0613

3297.8900,49.0256,50.0399,36.7644,36.6980,37.0528,36.9234,43.8863,30.0736,41.9161,33.4985,40.0580

3298.8900,49.0463,50.0046,36.7880,36.7077,37.0717,36.9382,43.8927,30.0870,41.9237,33.5126,40.0670

3299.8910,49.0567,50.0811,36.7836,36.7084,37.0678,36.9296,43.8516,30.0878,41.9395,33.5087,40.0708

3300.8900,49.0309,50.1250,36.7658,36.7079,37.0609,36.9348,43.8622,30.1043,41.9381,33.5196,40.0740

3301.8900,49.0290,50.0670,36.7661,36.7259,37.0520,36.9329,43.8741,30.0803,41.9280,33.5066,40.0659

3302.8900,49.0364,50.1542,36.7888,36.7281,37.0580,36.9226,43.8693,30.0897,41.9531,33.5061,40.0809

3303.8900,49.0469,50.1614,36.7839,36.7003,37.0626,36.9524,43.8927,30.0938,41.9510,33.5231,40.0868

3304.8900,49.0486,50.1385,36.7056,36.6968,37.0596,36.9321,43.9036,30.0757,41.9298,33.5039,40.0701

3305.8900,49.0528,50.2191,36.7292,36.6923,37.0428,36.9419,43.9094,30.0993,41.9473,33.5206,40.0859

3306.8900,49.0461,50.1854,36.7447,36.6989,37.0580,36.9394,43.9044,30.0742,41.9466,33.5068,40.0814

3307.8900,49.0524,50.1664,36.7479,36.6675,37.0826,36.9420,43.9228,30.0631,41.9433,33.5026,40.0806

3308.8900,49.0463,50.1405,36.7105,36.7011,37.0535,36.9339,43.9177,30.0809,41.9304,33.5074,40.0731

3309.8900,49.0679,50.1028,36.7439,36.6944,37.0618,36.9590,43.9077,30.0789,41.9342,33.5190,40.0771

3310.8900,49.0408,50.0975,36.6927,36.6979,37.0643,36.9387,43.8982,30.0622,41.9187,33.5004,40.0615

3311.8900,49.0338,50.2080,36.7039,36.7044,37.0703,36.9330,43.8871,30.0932,41.9441,33.5131,40.0792

3312.8900,49.0344,50.1778,36.6940,36.6977,37.0658,36.9192,43.9027,30.0853,41.9339,33.5023,40.0721

3313.8900,49.0529,50.1091,36.7264,36.7170,37.0929,36.9088,43.8815,30.0872,41.9396,33.4980,40.0720

3314.8900,49.0529,50.1070,36.7668,36.6906,37.0841,36.9341,43.9040,30.0981,41.9403,33.5161,40.0797

3315.8900,49.0669,50.1426,36.7280,36.6850,37.0739,36.9197,43.8845,30.1019,41.9393,33.5108,40.0753

3316.8900,49.0354,50.1068,36.7315,36.6941,37.0836,36.9253,43.8727,30.0778,41.9303,33.5016,40.0659

3317.8910,49.0719,50.0885,36.7640,36.7196,37.0612,36.9332,43.8692,30.0807,41.9410,33.5069,40.0735

3318.8900,49.0599,50.1110,36.7400,36.7251,37.0869,36.9187,43.9090,30.0802,41.9446,33.4995,40.0789

3319.8900,49.0691,50.0721,36.6970,36.7147,37.0776,36.9365,43.8969,30.0971,41.9261,33.5168,40.0701

3320.8900,49.0408,50.1041,36.7471,36.6980,37.0811,36.9298,43.9086,30.0805,41.9342,33.5052,40.0737

3321.8900,49.0393,50.0854,36.7594,36.7370,37.0894,36.9498,43.9018,30.0813,41.9421,33.5156,40.0804

3322.8900,49.0653,50.1237,36.7972,36.7351,37.0779,36.9480,43.8971,30.0904,41.9598,33.5192,40.0918

3323.8910,49.0428,50.0986,36.7980,36.7429,37.0850,36.9482,43.9216,30.0976,41.9535,33.5229,40.0918

3324.8900,49.0461,50.0910,36.7861,36.7385,37.0771,36.9253,43.9005,30.0769,41.9478,33.5011,40.0802

3325.8900,49.0476,50.0273,36.7446,36.7460,37.0801,36.9442,43.9238,30.0757,41.9291,33.5099,40.0737

3326.8900,49.0408,50.0298,36.7999,36.7172,37.0886,36.9294,43.9184,30.0961,41.9353,33.5127,40.0775

3327.8900,49.0539,50.0606,36.7839,36.7367,37.0846,36.9346,43.8983,30.0807,41.9439,33.5077,40.0792

3328.8900,49.0581,50.0980,36.7563,36.7371,37.0660,36.9501,43.9136,30.0869,41.9431,33.5185,40.0832

3329.8900,49.0762,50.1404,36.7211,36.7403,37.0969,36.9268,43.8888,30.0893,41.9550,33.5081,40.0850

3330.8900,49.0578,50.1150,36.7463,36.7440,37.0806,36.9349,43.8897,30.0885,41.9488,33.5117,40.0821

3331.8900,49.0602,50.1386,36.7450,36.7230,37.0802,36.9513,43.8958,30.0866,41.9494,33.5190,40.0851

3332.8900,49.0538,50.1584,36.6562,36.7272,37.0714,36.9345,43.8930,30.0918,41.9334,33.5132,40.0733

3333.8900,49.0742,50.1547,36.7132,36.7394,37.0696,36.9430,43.8837,30.0957,41.9502,33.5194,40.0842

3334.8910,49.0781,50.1254,36.7224,36.7369,37.0941,36.9493,43.8812,30.0837,41.9514,33.5165,40.0839

3335.8900,49.0467,50.0669,36.7501,36.7370,37.0708,36.9680,43.8832,30.0846,41.9343,33.5263,40.0759

3336.8910,49.0577,50.1666,36.7448,36.7504,37.0936,36.9451,43.8915,30.0728,41.9626,33.5089,40.0903

3337.8910,49.0538,50.1723,36.8127,36.7552,37.0765,36.9467,43.9097,30.1003,41.9741,33.5235,40.1034

3338.8900,49.0400,50.1443,36.7877,36.7630,37.0958,36.9449,43.9067,30.0765,41.9662,33.5107,40.0949

3339.8900,49.0644,50.0844,36.7818,36.7416,37.0910,36.9420,43.9064,30.0989,41.9526,33.5204,40.0888

3340.8900,49.0679,50.0521,36.8342,36.7328,37.0889,36.9287,43.9056,30.0850,41.9552,33.5069,40.0869

3341.8900,49.0805,50.0967,36.8162,36.7438,37.0909,36.9279,43.9090,30.1007,41.9656,33.5143,40.0957

3342.8900,49.0837,50.1606,36.8037,36.7116,37.0848,36.9273,43.9346,30.0973,41.9689,33.5123,40.1004

3343.8900,49.0666,50.1934,36.7229,36.7509,37.0881,36.9260,43.9096,30.0871,41.9644,33.5065,40.0931

3344.8900,49.0505,50.0845,36.7324,36.7544,37.0779,36.9695,43.9172,30.1181,41.9399,33.5438,40.0881

3345.8910,49.0625,49.9925,36.7851,36.7571,37.0634,36.9462,43.9134,30.1036,41.9321,33.5249,40.0780

3346.8900,49.0733,50.0616,36.7672,36.7382,37.0874,36.9412,43.8798,30.1103,41.9456,33.5257,40.0824

3347.8900,49.0607,50.1415,36.7834,36.7577,37.0793,36.9279,43.8834,30.0951,41.9645,33.5115,40.0911

3348.8900,49.0727,50.1470,36.7835,36.7400,37.0858,36.9354,43.8876,30.0787,41.9658,33.5070,40.0913

3349.8910,49.0678,50.1985,36.7995,36.7276,37.0781,36.9366,43.8790,30.0855,41.9743,33.5110,40.0966

3350.8900,49.0623,50.1907,36.7734,36.7033,37.1057,36.9194,43.8823,30.0935,41.9671,33.5064,40.0913

3351.8900,49.0691,50.1571,36.7553,36.7175,37.0952,36.9537,43.9047,30.0801,41.9589,33.5169,40.0916

3352.8900,49.0607,50.0813,36.7459,36.7413,37.0835,36.9326,43.9005,30.1120,41.9425,33.5223,40.0822

3353.8900,49.0642,50.0572,36.7600,36.7343,37.1132,36.9436,43.9130,30.0977,41.9458,33.5207,40.0854

3354.8900,49.0649,50.0071,36.7653,36.7331,37.0747,36.9355,43.9202,30.0971,41.9290,33.5163,40.0747

3355.8900,49.0729,50.0650,36.7884,36.7477,37.0996,36.9254,43.9264,30.1099,41.9547,33.5176,40.0919

3356.8900,49.0752,50.0676,36.7760,36.7480,37.0785,36.9482,43.9160,30.1070,41.9491,33.5276,40.0896

3357.8900,49.0857,50.1298,36.8295,36.7380,37.0882,36.9532,43.9009,30.1177,41.9742,33.5354,40.1053

3358.8900,49.0683,50.1526,36.8185,36.7451,37.0754,36.9385,43.9090,30.1067,41.9720,33.5226,40.1018

3359.8900,49.0749,50.1222,36.8532,36.7495,37.0665,36.9451,43.8943,30.1189,41.9733,33.5320,40.1031

3360.8900,49.1074,50.1551,36.8220,36.7384,37.0793,36.9200,43.8888,30.1186,41.9804,33.5193,40.1037

3361.8900,49.1022,50.1780,36.8161,36.7288,37.0890,36.9199,43.8806,30.1072,41.9828,33.5136,40.1027

3362.8900,49.0959,50.1463,36.7897,36.7350,37.0733,36.9299,43.8873,30.0994,41.9680,33.5146,40.0946

3363.8900,49.0856,50.1519,36.8089,36.7327,37.0704,36.9489,43.9008,30.0960,41.9699,33.5225,40.0994

3364.8900,49.0918,50.1971,36.7429,36.7574,37.0892,36.9323,43.8956,30.0957,41.9757,33.5140,40.1003

3365.8900,49.0781,50.2307,36.7306,36.7517,37.0810,36.9530,43.9271,30.0836,41.9744,33.5183,40.1045

3366.8900,49.0875,50.2112,36.7325,36.7596,37.0765,36.9345,43.9191,30.1101,41.9734,33.5223,40.1039

3367.8910,49.0751,50.1962,36.7313,36.7682,37.0607,36.9514,43.9542,30.0957,41.9663,33.5236,40.1041

3368.8900,49.0825,50.1543,36.7577,36.7637,37.0789,36.9364,43.9395,30.1182,41.9674,33.5273,40.1039

3369.8900,49.1010,50.1280,36.7362,36.7656,37.0574,36.9644,43.9293,30.1031,41.9576,33.5338,40.0981

3370.8900,49.0808,50.1437,36.7642,36.7450,37.0814,36.9319,43.9446,30.1052,41.9630,33.5185,40.0996

3371.8900,49.0885,50.0916,36.8353,36.7424,37.0743,36.9402,43.9443,30.1338,41.9664,33.5370,40.1063

3372.8900,49.0974,50.0011,36.7794,36.7607,37.0753,36.9440,43.9161,30.1122,41.9428,33.5281,40.0858

3373.8900,49.1050,50.0315,36.7722,36.7694,37.0718,36.9569,43.9122,30.1298,41.9500,33.5433,40.0936

3374.8900,49.0872,50.1165,36.7624,36.7344,37.0883,36.9412,43.9108,30.1084,41.9578,33.5248,40.0937

3375.8900,49.1046,50.1209,36.8093,36.7411,37.0732,36.9382,43.9119,30.1063,41.9698,33.5223,40.1007

3376.8900,49.1020,50.0720,36.7973,36.7571,37.0743,36.9445,43.9083,30.0967,41.9605,33.5206,40.0940

3377.8900,49.0946,50.1082,36.7554,36.7732,37.0776,36.9412,43.8886,30.0962,41.9618,33.5187,40.0919

3378.8900,49.0956,50.0952,36.8049,36.7727,37.0903,36.9614,43.9326,30.1104,41.9718,33.5359,40.1079

3379.8900,49.0704,50.1236,36.8285,36.7780,37.0900,36.9737,43.9222,30.0918,41.9781,33.5327,40.1098

3380.8900,49.1135,50.1723,36.7328,36.7819,37.0770,36.9491,43.9348,30.1126,41.9755,33.5308,40.1092

3381.8900,49.0927,50.1839,36.7366,36.7577,37.0864,36.9537,43.9414,30.1205,41.9714,33.5371,40.1091

3382.8900,49.0934,50.1754,36.7266,36.7612,37.0796,36.9484,43.9602,30.1119,41.9672,33.5301,40.1071

3383.8900,49.1136,50.2113,36.7713,36.7891,37.0879,36.9365,43.9559,30.0981,41.9946,33.5173,40.1205

3384.8900,49.1100,50.1776,36.7326,36.7709,37.0871,36.9591,43.9527,30.1100,41.9756,33.5346,40.1125

3385.8900,49.1103,50.1652,36.7299,36.7976,37.0845,36.9440,43.9375,30.1070,41.9775,33.5255,40.1095

3386.8900,49.1010,50.2058,36.7727,36.7896,37.0761,36.9532,43.9480,30.1003,41.9890,33.5268,40.1183

3387.8900,49.0980,50.2205,36.7002,36.7722,37.0857,36.9577,43.9619,30.1166,41.9753,33.5371,40.1141

3388.8900,49.0998,50.1253,36.7606,36.7540,37.0880,36.9544,43.9429,30.1199,41.9656,33.5371,40.1056

3389.8900,49.1001,50.0633,36.8319,36.7618,37.0715,36.9421,43.9377,30.1070,41.9657,33.5245,40.1019

3390.8900,49.0861,50.1761,36.7843,36.7273,37.0858,36.9429,43.9168,30.1322,41.9719,33.5375,40.1064

3391.8900,49.1212,50.1489,36.7984,36.7298,37.0876,36.9494,43.9016,30.1138,41.9772,33.5316,40.1063

3392.8900,49.1018,50.1998,36.8120,36.7298,37.0825,36.9489,43.9155,30.1219,41.9852,33.5354,40.1140

3393.8900,49.1071,50.2196,36.8069,36.7312,37.0893,36.9234,43.9016,30.1174,41.9908,33.5204,40.1121

3394.8900,49.1161,50.2250,36.7310,36.7319,37.0801,36.9489,43.9102,30.1458,41.9768,33.5473,40.1111

3395.8900,49.1141,50.2501,36.7666,36.7437,37.0846,36.9408,43.9164,30.1310,41.9918,33.5359,40.1184

3396.8900,49.1007,50.1714,36.8024,36.7562,37.0679,36.9525,43.9334,30.1358,41.9797,33.5441,40.1150

3397.8900,49.1107,50.0665,36.7969,36.7572,37.0775,36.9308,43.9098,30.1454,41.9617,33.5381,40.0993

3398.8900,49.1032,49.9836,36.8042,36.7533,37.0759,36.9503,43.9273,30.1129,41.9441,33.5316,40.0888

3399.8910,49.1077,50.0409,36.7705,36.7645,37.0725,36.9455,43.9482,30.0930,41.9512,33.5193,40.0928

3400.8900,49.1234,50.0624,36.7414,36.7727,37.0791,36.9478,43.9494,30.1273,41.9558,33.5376,40.1004

3401.8900,49.1199,50.0956,36.7492,36.7506,37.1143,36.9616,43.9418,30.1115,41.9659,33.5365,40.1055

3402.8900,49.1236,50.0496,36.7691,36.7513,37.0849,36.9434,43.9773,30.1149,41.9557,33.5291,40.1018

3403.8900,49.0978,50.0187,36.7887,36.7551,37.0916,36.9473,43.9528,30.1084,41.9504,33.5278,40.0951

3404.8900,49.1157,50.0121,36.7830,36.7545,37.0820,36.9583,43.9457,30.1167,41.9495,33.5375,40.0960

3405.8900,49.1000,50.1185,36.7817,36.7696,37.0863,36.9545,43.9411,30.1073,41.9712,33.5309,40.1074

3406.8910,49.1143,50.1299,36.7540,36.7830,37.0863,36.9550,43.9443,30.1087,41.9735,33.5319,40.1094

3407.8900,49.0880,50.0498,36.7585,36.7893,37.0873,36.9640,43.9102,30.1253,41.9546,33.5446,40.0966

3408.8900,49.1137,50.0099,36.7855,36.7766,37.0950,36.9460,43.9324,30.1175,41.9561,33.5317,40.0971

3409.8900,49.0926,50.0695,36.7952,36.7775,37.0774,36.9592,43.9184,30.1247,41.9624,33.5419,40.1018

3410.8900,49.1139,50.1408,36.8248,36.7804,37.0648,36.9485,43.9162,30.1417,41.9850,33.5451,40.1164

3411.8900,49.1362,50.1177,36.7781,36.7547,37.0841,36.9598,43.9236,30.1145,41.9741,33.5372,40.1086

3412.8900,49.0984,50.1360,36.7755,36.7760,37.1019,36.9604,43.9466,30.1132,41.9776,33.5368,40.1135

3413.8900,49.1140,50.1778,36.7888,36.7678,37.0869,36.9571,43.9473,30.1202,41.9871,33.5386,40.1200

3414.8900,49.1070,50.1768,36.8079,36.7761,37.0976,36.9752,43.9714,30.1229,41.9931,33.5491,40.1294

3415.8900,49.1225,50.1946,36.8152,36.7578,37.0909,36.9605,43.9712,30.1260,41.9962,33.5433,40.1298

3416.8900,49.1238,50.2613,36.8139,36.7770,37.1150,36.9632,43.9592,30.1400,42.0182,33.5516,40.1442

3417.8900,49.1159,50.1466,36.8031,36.7629,37.0912,36.9636,43.9912,30.1273,41.9840,33.5455,40.1252

3418.8900,49.1142,50.1126,36.8042,36.7636,37.0983,36.9802,43.9840,30.1265,41.9786,33.5533,40.1230

3419.8900,49.1319,50.1810,36.8370,36.7987,37.1139,36.9766,43.9924,30.1266,42.0125,33.5516,40.1448

3420.8900,49.1114,50.1750,36.8374,36.7795,37.0978,36.9988,43.9612,30.1260,42.0002,33.5624,40.1359

3421.8900,49.1300,50.1856,36.8281,36.7912,37.0764,36.9797,43.9617,30.1411,42.0023,33.5604,40.1367

3422.8900,49.1320,50.1656,36.8158,36.7635,37.0966,36.9757,43.9537,30.1427,41.9947,33.5592,40.1307

3423.8900,49.1410,50.1186,36.8033,36.7664,37.1048,36.9745,43.9500,30.1109,41.9868,33.5427,40.1212

3424.8900,49.1288,50.1614,36.7708,36.7428,37.1150,36.9790,43.9373,30.1390,41.9838,33.5590,40.1218

3425.8900,49.1313,50.1628,36.8153,36.7728,37.1076,36.9834,43.9406,30.1222,41.9979,33.5528,40.1295

3426.8900,49.1158,50.1106,36.8027,36.7882,37.1051,36.9827,43.9513,30.1145,41.9845,33.5486,40.1213

3427.8910,49.1204,50.1697,36.8582,36.7750,37.1097,36.9743,43.9424,30.1163,42.0066,33.5453,40.1333

3428.8900,49.1376,50.0941,36.8252,36.7683,37.1234,36.9711,43.9431,30.1320,41.9897,33.5515,40.1244

3429.8900,49.1383,50.0237,36.8774,36.7934,37.1068,36.9863,43.9490,30.1336,41.9879,33.5599,40.1261

3430.8900,49.1513,50.1128,36.8119,36.7717,37.1241,36.9849,43.9517,30.1083,41.9944,33.5466,40.1271

3431.8900,49.1380,50.1920,36.8396,36.7672,37.1112,36.9888,43.9481,30.1107,42.0096,33.5498,40.1369

3432.8900,49.1563,50.1824,36.7603,36.7935,37.1236,37.0166,43.9659,30.1237,42.0032,33.5701,40.1403

3433.8900,49.1457,50.2043,36.8217,36.7965,37.1231,36.9886,43.9545,30.1421,42.0183,33.5654,40.1471

3434.8900,49.1375,50.1951,36.8563,36.7989,37.1209,36.9868,43.9707,30.1247,42.0217,33.5558,40.1489

3435.8900,49.1434,50.1756,36.8534,36.8114,37.1348,36.9965,43.9711,30.1251,42.0237,33.5608,40.1514

3436.8900,49.1430,50.1943,36.8032,36.7971,37.1190,36.9919,43.9657,30.1261,42.0113,33.5590,40.1425

3437.8900,49.1425,50.1378,36.8470,36.7998,37.1232,37.0088,43.9633,30.1191,42.0101,33.5639,40.1427

3438.8900,49.1469,50.1541,36.8578,36.7873,37.1383,37.0098,43.9778,30.1418,42.0169,33.5758,40.1517

3439.8900,49.1358,50.1486,36.8537,36.7925,37.1304,37.0145,43.9644,30.1277,42.0122,33.5711,40.1460

3440.8910,49.1382,50.2004,36.8528,36.8042,37.1136,36.9894,43.9537,30.1325,42.0218,33.5609,40.1481

3441.8900,49.1300,50.1673,36.8852,36.8128,37.1540,37.0097,43.9405,30.1473,42.0299,33.5785,40.1559

3442.8900,49.1505,50.1849,36.8675,36.8311,37.1368,37.0079,43.9243,30.1290,42.0342,33.5685,40.1540

3443.8900,49.1440,50.1941,36.8273,36.8213,37.1205,37.0135,43.9535,30.1426,42.0214,33.5781,40.1521

3444.8900,49.1318,50.2231,36.8458,36.8169,37.1343,37.0082,43.9538,30.1143,42.0304,33.5613,40.1535

3445.8910,49.1338,50.2057,36.8073,36.8311,37.1101,37.0097,43.9689,30.1228,42.0176,33.5663,40.1487

3446.8900,49.1334,50.1499,36.8415,36.8298,37.1186,37.0065,43.9406,30.1234,42.0146,33.5649,40.1429

3447.8900,49.1517,50.1591,36.8302,36.8106,37.1277,37.0063,43.9843,30.1208,42.0159,33.5636,40.1488

3448.8900,49.1150,50.0986,36.8326,36.8097,37.0944,37.0323,43.9815,30.1310,41.9900,33.5816,40.1369

3449.8900,49.1236,50.1063,36.8745,36.8081,37.1461,37.0031,43.9679,30.1308,42.0117,33.5670,40.1450

3450.8900,49.1528,50.0499,36.8371,36.7923,37.1499,37.0037,43.9841,30.1084,41.9964,33.5561,40.1348

3451.8900,49.1306,49.9907,36.7637,36.8029,37.1321,37.0210,43.9650,30.1229,41.9640,33.5719,40.1161

3452.8900,49.1392,50.1003,36.7801,36.8054,37.1394,37.0128,43.9702,30.1194,41.9929,33.5661,40.1334

3453.8900,49.1284,50.1831,36.8498,36.7952,37.1416,37.0075,43.9494,30.1225,42.0196,33.5650,40.1472

3454.8900,49.1526,50.2320,36.8226,36.8025,37.1282,37.0054,43.9586,30.1340,42.0276,33.5697,40.1545

3455.8900,49.1511,50.1523,36.8032,36.8117,37.1216,37.0226,43.9858,30.1311,42.0080,33.5768,40.1474

3456.8900,49.1478,50.1488,36.8235,36.8030,37.1345,37.0080,43.9678,30.1253,42.0115,33.5667,40.1448

3457.8900,49.1624,50.1647,36.8116,36.8004,37.1503,36.9952,43.9653,30.1463,42.0179,33.5708,40.1495

3458.8900,49.1220,50.2474,36.8484,36.7704,37.1492,37.0091,43.9866,30.1199,42.0275,33.5645,40.1566

3459.8900,49.1458,50.2131,36.8577,36.7904,37.1549,37.0288,43.9963,30.1257,42.0324,33.5772,40.1641

3460.8900,49.1358,50.2195,36.8856,36.7754,37.1519,37.0010,43.9980,30.1273,42.0336,33.5642,40.1618

3461.8900,49.1340,50.1934,36.8233,36.7817,37.1813,36.9964,43.9987,30.1188,42.0228,33.5576,40.1535

3462.8900,49.1516,50.1943,36.8014,36.7598,37.1533,36.9922,43.9978,30.1170,42.0121,33.5546,40.1459

3463.8900,49.1528,50.2237,36.8385,36.7694,37.1434,37.0360,44.0004,30.1079,42.0256,33.5719,40.1590

3464.8900,49.1529,50.2427,36.7779,36.7839,37.1598,37.0062,43.9981,30.1306,42.0235,33.5684,40.1565

3465.8900,49.1550,50.2557,36.8377,36.7816,37.1712,37.0040,43.9796,30.1162,42.0402,33.5601,40.1626

3466.8900,49.1688,50.2921,36.8399,36.7782,37.1529,37.0357,44.0022,30.1218,42.0464,33.5787,40.1740

3467.8900,49.1741,50.2356,36.8417,36.7754,37.1536,37.0027,43.9827,30.1318,42.0361,33.5673,40.1622

3468.8900,49.1678,50.1771,36.8265,36.7877,37.1347,37.0230,43.9917,30.1123,42.0188,33.5677,40.1526

3469.8900,49.1528,50.1248,36.8511,36.7768,37.1405,37.0177,43.9841,30.1271,42.0092,33.5724,40.1468

3470.8900,49.1530,50.0959,36.8471,36.7770,37.1585,37.0188,43.9630,30.1146,42.0063,33.5667,40.1410

3471.8900,49.1486,50.1076,36.8169,36.7735,37.1671,37.0186,43.9725,30.1087,42.0027,33.5637,40.1392

3472.8900,49.1434,50.1316,36.8706,36.7874,37.1675,36.9993,43.9417,30.1190,42.0201,33.5592,40.1451

3473.8900,49.1625,50.0971,36.7937,36.7928,37.1532,37.0206,43.9717,30.1230,41.9999,33.5718,40.1393

3474.8900,49.1465,50.1248,36.8142,36.7932,37.1664,37.0165,43.9753,30.1278,42.0090,33.5722,40.1456

3475.8900,49.1375,50.1887,36.8237,36.7807,37.1518,37.0215,43.9601,30.1337,42.0165,33.5776,40.1497

3476.8900,49.1602,50.2230,36.8224,36.7860,37.1672,36.9902,43.9858,30.1197,42.0318,33.5549,40.1568

3477.8900,49.1622,50.1908,36.8571,36.7861,37.1832,37.0230,43.9822,30.1400,42.0359,33.5815,40.1656

3478.8900,49.1530,50.2151,36.8420,36.7738,37.1450,36.9880,44.0034,30.1180,42.0258,33.5530,40.1548

3479.8900,49.1687,50.2688,36.8481,36.7865,37.1459,37.0146,43.9969,30.1396,42.0436,33.5771,40.1711

3480.8900,49.1573,50.2810,36.8586,36.7903,37.1707,37.0082,43.9804,30.1199,42.0516,33.5641,40.1708

3481.8900,49.1769,50.2244,36.8448,36.7929,37.1490,37.0080,44.0257,30.1192,42.0376,33.5636,40.1676

3482.8900,49.1599,50.2367,36.8512,36.8260,37.1496,37.0099,43.9852,30.1179,42.0447,33.5639,40.1671

3483.8900,49.1742,50.1961,36.8643,36.8120,37.1645,37.0179,44.0070,30.1245,42.0422,33.5712,40.1701

3484.8900,49.1924,50.2613,36.8340,36.7947,37.1530,37.0156,43.9810,30.1317,42.0471,33.5736,40.1704

3485.8900,49.1827,50.2836,36.7663,36.8070,37.1665,37.0264,43.9691,30.1242,42.0412,33.5753,40.1657

3486.8900,49.1826,50.2094,36.7932,36.7951,37.1450,37.0020,43.9726,30.1476,42.0251,33.5748,40.1559

3487.8900,49.1574,50.2070,36.7875,36.7931,37.1564,37.0093,43.9487,30.1295,42.0203,33.5694,40.1486

3488.8900,49.1300,50.2190,36.7903,36.8137,37.1474,37.0274,43.9734,30.1397,42.0201,33.5835,40.1551

3489.8910,49.1739,50.2569,36.7571,36.8029,37.1460,36.9979,43.9734,30.1246,42.0273,33.5613,40.1541

3490.8900,49.1721,50.2095,36.7998,36.8157,37.1479,37.0358,43.9675,30.1454,42.0290,33.5906,40.1617

3491.8900,49.1627,50.1621,36.8053,36.8113,37.1599,37.0076,43.9636,30.1462,42.0203,33.5769,40.1523

3492.8900,49.1530,50.1438,36.7966,36.8181,37.1581,37.0404,43.9907,30.1391,42.0139,33.5897,40.1550

3493.8900,49.1601,50.1875,36.7978,36.8192,37.1620,37.0195,43.9794,30.1501,42.0253,33.5848,40.1595

3494.8900,49.1947,50.2002,36.8413,36.8161,37.1521,37.0269,44.0046,30.1435,42.0409,33.5852,40.1724

3495.8900,49.1705,50.2300,36.8112,36.8210,37.1641,37.0146,44.0067,30.1315,42.0394,33.5731,40.1687

3496.8900,49.1681,50.2747,36.8218,36.8004,37.1695,37.0131,44.0205,30.1267,42.0469,33.5699,40.1744

3497.8900,49.1736,50.3223,36.8032,36.8200,37.1457,37.0069,44.0219,30.1375,42.0530,33.5722,40.1789

3498.8900,49.1489,50.2619,36.7977,36.8178,37.1595,37.0068,43.9937,30.1345,42.0372,33.5707,40.1651

3499.8900,49.1640,50.2189,36.7925,36.8028,37.1388,37.0141,44.0276,30.1310,42.0234,33.5726,40.1612

3500.8900,49.1760,50.2044,36.8750,36.7956,37.1528,37.0421,44.0000,30.1555,42.0408,33.5988,40.1752

3501.8900,49.1648,50.2546,36.8150,36.7884,37.1624,37.0088,43.9984,30.1327,42.0370,33.5708,40.1656

3502.8900,49.1747,50.2695,36.9077,36.8297,37.1365,37.0338,44.0023,30.1452,42.0636,33.5895,40.1874

3503.8900,49.1736,50.3185,36.8689,36.8119,37.1587,37.0270,43.9814,30.1177,42.0663,33.5723,40.1822

3504.8900,49.1577,50.3206,36.8753,36.8169,37.1572,37.0362,43.9719,30.1335,42.0655,33.5849,40.1837

3505.8900,49.1699,50.2306,36.8128,36.8198,37.1452,37.0261,43.9641,30.1337,42.0357,33.5799,40.1628

3506.8900,49.1668,50.1970,36.8924,36.8120,37.1654,37.0356,43.9871,30.1343,42.0467,33.5850,40.1738

3507.8900,49.1730,50.2038,36.8703,36.8437,37.1502,37.0241,43.9781,30.1260,42.0482,33.5750,40.1711

3508.8900,49.1656,50.2299,36.8663,36.8467,37.1540,37.0222,43.9941,30.1355,42.0525,33.5789,40.1768

3509.8900,49.1514,50.1746,36.8197,36.8019,37.1644,37.0392,43.9952,30.1333,42.0224,33.5862,40.1600

3510.8900,49.1799,50.1436,36.7935,36.8084,37.1502,37.0208,43.9886,30.1547,42.0151,33.5877,40.1549

3511.8900,49.1593,50.1384,36.8233,36.8284,37.1756,37.0397,43.9945,30.1441,42.0250,33.5919,40.1629

3512.8900,49.1430,50.1985,36.7715,36.8289,37.1563,37.0316,44.0039,30.1303,42.0196,33.5810,40.1580

3513.8900,49.1388,50.2143,36.7706,36.8248,37.1726,37.0358,44.0263,30.1435,42.0242,33.5896,40.1658

3514.8910,49.1577,50.1961,36.8069,36.8541,37.1255,37.0367,44.0228,30.1566,42.0281,33.5967,40.1695

3515.8900,49.1465,50.2296,36.8244,36.8253,37.1454,36.9950,44.0230,30.1227,42.0343,33.5588,40.1640

3516.8910,49.1635,50.2291,36.8351,36.8164,37.1677,37.0206,44.0026,30.1563,42.0424,33.5884,40.1739

3517.8900,49.1735,50.1868,36.8517,36.8087,37.1633,37.0251,44.0140,30.1214,42.0368,33.5733,40.1681

3518.8900,49.1513,50.2181,36.8352,36.8315,37.1610,37.0157,44.0393,30.1312,42.0394,33.5735,40.1729

3519.8900,49.1494,50.2146,36.8420,36.8284,37.1698,37.0190,44.0261,30.1101,42.0409,33.5645,40.1699

3520.8900,49.1715,50.2216,36.8827,36.8336,37.1585,37.0268,43.9881,30.1297,42.0536,33.5783,40.1766

3521.8900,49.1520,50.2084,36.8394,36.8133,37.1706,37.0174,44.0213,30.1165,42.0367,33.5669,40.1673

3522.8900,49.1551,50.1504,36.8625,36.8196,37.1470,37.0251,43.9885,30.1356,42.0269,33.5804,40.1605

3523.8900,49.1638,50.1460,36.8361,36.8184,37.1661,37.0447,44.0092,30.1223,42.0261,33.5835,40.1633

3524.8900,49.1570,50.1891,36.8797,36.8148,37.1817,37.0271,43.9893,30.1248,42.0445,33.5760,40.1704

3525.8910,49.1630,50.2010,36.9104,36.8174,37.1677,37.0075,43.9585,30.1192,42.0519,33.5634,40.1681

3526.8900,49.1678,50.1950,36.9184,36.8385,37.1679,37.0207,43.9920,30.1311,42.0575,33.5759,40.1789

3527.8900,49.1699,50.1652,36.9485,36.8317,37.1658,37.0196,44.0177,30.0980,42.0562,33.5588,40.1771

3528.8900,49.1456,50.1940,36.8945,36.8263,37.1566,37.0258,43.9994,30.1297,42.0434,33.5777,40.1715

3529.8900,49.1732,50.2436,36.8512,36.8348,37.1625,37.0154,44.0004,30.1178,42.0531,33.5666,40.1749

3530.8900,49.1514,50.2602,36.8637,36.8348,37.1639,37.0177,44.0250,30.1318,42.0548,33.5748,40.1811

3531.8910,49.1476,50.2541,36.8332,36.8234,37.1568,37.0139,44.0170,30.1332,42.0430,33.5735,40.1724

3532.8910,49.1370,50.2951,36.8668,36.8388,37.1732,37.0288,44.0383,30.1115,42.0622,33.5702,40.1862

3533.8900,49.1676,50.2388,36.8520,36.8347,37.1429,37.0131,43.9980,30.1206,42.0472,33.5669,40.1710

3534.8900,49.1732,50.2314,36.8444,36.8313,37.1691,37.0238,44.0048,30.1441,42.0499,33.5840,40.1778

3535.8900,49.1880,50.2520,36.8602,36.8270,37.1410,37.0051,44.0173,30.1324,42.0536,33.5687,40.1779

3536.8910,49.1793,50.2249,36.8649,36.8355,37.1677,37.0281,44.0373,30.1244,42.0545,33.5763,40.1828

3537.8900,49.1729,50.2600,36.8345,36.8256,37.1823,37.0100,43.9973,30.1349,42.0551,33.5725,40.1772

3538.8900,49.1977,50.2332,36.8650,36.8257,37.1597,37.0201,44.0211,30.1272,42.0563,33.5736,40.1812

3539.8900,49.1760,50.1379,36.8658,36.8504,37.1617,37.0323,44.0006,30.1071,42.0384,33.5697,40.1665

3540.8900,49.1719,50.0684,36.8268,36.8666,37.1604,37.0090,44.0009,30.1471,42.0188,33.5781,40.1564

3541.8900,49.1918,50.1487,36.8753,36.8683,37.1655,37.0216,44.0003,30.1480,42.0499,33.5848,40.1774

3542.8900,49.1949,50.1955,36.8903,36.8450,37.1836,37.0332,43.9836,30.1432,42.0619,33.5882,40.1837

3543.8900,49.1897,50.1117,36.8430,36.8304,37.1456,37.0317,43.9942,30.1534,42.0241,33.5926,40.1625

3544.8900,49.1749,50.2099,36.8470,36.8311,37.1647,37.0097,44.0033,30.1374,42.0455,33.5735,40.1723

3545.8900,49.1768,50.2752,36.8079,36.8355,37.1821,37.0326,44.0067,30.1525,42.0555,33.5926,40.1837

3546.8900,49.1872,50.2459,36.8077,36.8287,37.1697,37.0291,44.0236,30.1523,42.0478,33.5907,40.1805

3547.8900,49.1917,50.2611,36.8595,36.8352,37.1709,37.0257,44.0482,30.1521,42.0637,33.5889,40.1930

3548.8910,49.1748,50.2816,36.8526,36.8325,37.1469,37.0329,44.0404,30.1500,42.0577,33.5915,40.1890

3549.8900,49.1736,50.2408,36.8754,36.8404,37.1690,37.0060,44.0552,30.1050,42.0598,33.5555,40.1832

3550.8900,49.2107,50.2142,36.8995,36.8401,37.1682,37.0304,44.0456,30.1155,42.0665,33.5729,40.1905

3551.8900,49.1779,50.2475,36.8429,36.8294,37.1622,37.0398,44.0466,30.1296,42.0520,33.5847,40.1845

3552.8900,49.1947,50.2251,36.8675,36.8301,37.1693,37.0525,44.0431,30.1326,42.0573,33.5925,40.1894

3553.8900,49.1752,50.2212,36.8108,36.8622,37.1758,37.0641,44.0230,30.1353,42.0490,33.5997,40.1834

3554.8900,49.1998,50.2656,36.8257,36.8439,37.1857,37.0395,44.0299,30.1439,42.0641,33.5917,40.1918

3555.8900,49.1771,50.3127,36.8636,36.8482,37.1781,37.0511,44.0258,30.1452,42.0759,33.5982,40.2002

3556.8900,49.2004,50.2917,36.8726,36.8656,37.1648,37.0335,44.0264,30.1478,42.0790,33.5907,40.2004

3557.8900,49.1947,50.2303,36.8284,36.8508,37.1725,37.0497,44.0210,30.1500,42.0553,33.5998,40.1872

3558.8900,49.1927,50.2542,36.8923,36.8745,37.1729,37.0450,44.0218,30.1348,42.0773,33.5899,40.1985

3559.8900,49.1962,50.1883,36.8242,36.8392,37.1741,37.0466,44.0113,30.1591,42.0444,33.6028,40.1799

3560.8900,49.1711,50.2045,36.8401,36.8485,37.1576,37.0353,43.9927,30.1227,42.0444,33.5790,40.1716

3561.8900,49.1860,50.2487,36.9068,36.8466,37.1708,37.0134,44.0075,30.1435,42.0718,33.5785,40.1904

3562.8900,49.1683,50.2204,36.8469,36.8497,37.1730,37.0376,44.0036,30.1462,42.0517,33.5919,40.1807

3563.8900,49.1832,50.2264,36.8179,36.8375,37.1927,37.0339,44.0120,30.1501,42.0516,33.5920,40.1817

3564.8900,49.1851,50.1399,36.8847,36.8496,37.1634,37.0200,44.0119,30.1304,42.0445,33.5752,40.1731

3565.8910,49.1722,50.1853,36.8763,36.8422,37.1872,37.0527,44.0296,30.1318,42.0526,33.5923,40.1847

3566.8900,49.1910,50.1576,36.9216,36.8156,37.1838,37.0498,44.0203,30.1383,42.0539,33.5941,40.1848

3567.8900,49.1956,50.1279,36.8655,36.8174,37.1782,37.0455,44.0263,30.1114,42.0369,33.5785,40.1710

3568.8900,49.1885,50.1115,36.8662,36.8293,37.2027,37.0580,44.0437,30.1070,42.0396,33.5825,40.1759

3569.8900,49.1779,50.1164,36.8286,36.8057,37.1926,37.0520,44.0333,30.1076,42.0242,33.5798,40.1643

3570.8900,49.2068,50.1639,36.8477,36.8337,37.1904,37.0452,44.0397,30.1322,42.0485,33.5887,40.1825

3571.8910,49.1874,50.2130,36.8936,36.8380,37.1928,37.0601,44.0161,30.1275,42.0650,33.5938,40.1911

3572.8910,49.1950,50.1814,36.8677,36.8541,37.2042,37.0548,44.0034,30.1409,42.0605,33.5978,40.1877

3573.8900,49.1953,50.1876,36.9417,36.8473,37.2068,37.0634,44.0240,30.1360,42.0757,33.5997,40.2003

3574.8900,49.2049,50.2577,36.8734,36.8463,37.1876,37.0517,44.0206,30.1393,42.0740,33.5955,40.1977

3575.8900,49.2216,50.1936,36.8795,36.8197,37.2026,37.0270,44.0110,30.1214,42.0634,33.5742,40.1845

3576.8900,49.1762,50.1356,36.8620,36.8653,37.1978,37.0516,44.0098,30.1072,42.0474,33.5794,40.1757

3577.8900,49.2193,50.2301,36.8791,36.8319,37.1993,37.0470,44.0022,30.1421,42.0719,33.5945,40.1939

3578.8900,49.2130,50.2136,36.8741,36.8339,37.1985,37.0341,44.0301,30.1493,42.0666,33.5917,40.1933

3579.8900,49.2124,50.2055,36.9047,36.8468,37.1914,37.0592,44.0360,30.1318,42.0722,33.5955,40.1985

3580.8900,49.2120,50.1775,36.8601,36.8166,37.1975,37.0425,44.0362,30.1365,42.0527,33.5895,40.1849

3581.8900,49.1979,50.1695,36.8445,36.8468,37.1851,37.0413,44.0504,30.1372,42.0487,33.5892,40.1841

3582.8910,49.1852,50.1514,36.8416,36.8397,37.1994,37.0430,44.0448,30.1404,42.0435,33.5917,40.1807

3583.8900,49.1942,50.2583,36.8683,36.8450,37.1936,37.0633,44.0416,30.1307,42.0719,33.5970,40.1994

3584.8900,49.2053,50.3003,36.8753,36.8454,37.1973,37.0399,44.0611,30.1283,42.0847,33.5841,40.2066

3585.8900,49.2194,50.3020,36.8392,36.8420,37.2003,37.0434,44.0331,30.1286,42.0806,33.5860,40.2010

3586.8900,49.2230,50.2628,36.8500,36.8584,37.1815,37.0601,44.0411,30.1129,42.0752,33.5865,40.1987

3587.8900,49.2272,50.2286,36.8799,36.8766,37.2110,37.0550,44.0332,30.1163,42.0847,33.5857,40.2035

3588.8900,49.2378,50.1797,36.9047,36.8706,37.1941,37.0292,44.0346,30.1341,42.0774,33.5817,40.1981

3589.8900,49.2235,50.1744,36.8625,36.8714,37.1918,37.0536,44.0168,30.1163,42.0647,33.5849,40.1888

3590.8900,49.2286,50.1777,36.9229,36.8738,37.1975,37.0550,44.0285,30.1238,42.0801,33.5894,40.2010

3591.8900,49.2247,50.1545,36.9195,36.8732,37.1875,37.0469,44.0247,30.1382,42.0719,33.5925,40.1961

3592.8900,49.2294,50.1860,36.9354,36.8602,37.1852,37.0531,44.0378,30.1388,42.0793,33.5959,40.2032

3593.8900,49.2291,50.2077,36.8672,36.8373,37.2120,37.0415,44.0623,30.1220,42.0707,33.5817,40.1974

3594.8900,49.2121,50.1508,36.8999,36.8391,37.2098,37.0519,44.0600,30.1395,42.0623,33.5957,40.1954

3595.8900,49.2252,50.1748,36.9433,36.8111,37.2001,37.0446,44.0906,30.1340,42.0709,33.5893,40.2030

3596.8900,49.2201,50.1775,36.8441,36.7904,37.1973,37.0357,44.0570,30.1490,42.0459,33.5923,40.1839

3597.8900,49.2324,50.1634,36.8850,36.8027,37.1719,37.0360,44.0791,30.1145,42.0511,33.5753,40.1856

3598.8900,49.2485,50.1909,36.8993,36.8287,37.2013,37.0686,44.0696,30.1131,42.0738,33.5908,40.2025

3599.8900,49.2729,50.2080,36.8633,36.8226,37.1951,37.0545,44.0607,30.1327,42.0724,33.5936,40.2012

3600.8900,49.2308,50.1863,36.8657,36.8493,37.1931,37.0497,44.0641,30.1274,42.0651,33.5886,40.1958

3601.8900,49.2311,50.2451,36.8700,36.8513,37.2107,37.0473,44.0641,30.1395,42.0816,33.5934,40.2074

3602.8900,49.2268,50.2116,36.8945,36.8510,37.1812,37.0434,44.0574,30.1328,42.0730,33.5881,40.1998

3603.8900,49.2438,50.3069,36.8862,36.8629,37.2077,37.0494,44.0316,30.1393,42.1015,33.5943,40.2160

3604.8900,49.2516,50.3281,36.9132,36.8595,37.1740,37.0381,44.0510,30.1218,42.1053,33.5800,40.2172

3605.8900,49.2615,50.2942,36.8832,36.8645,37.1957,37.0434,44.0453,30.1281,42.0998,33.5858,40.2145

3606.8900,49.2509,50.2249,36.8799,36.8579,37.1925,37.0622,44.0364,30.1272,42.0812,33.5947,40.2040

3607.8900,49.2457,50.2082,36.8846,36.8649,37.2021,37.0597,44.0452,30.1294,42.0811,33.5946,40.2050

3608.8900,49.2170,50.2039,36.8984,36.8461,37.1755,37.0275,44.0590,30.1224,42.0682,33.5750,40.1937

3609.8900,49.2266,50.2288,36.8909,36.8614,37.1754,37.0493,44.0362,30.1354,42.0766,33.5923,40.2005

3610.8910,49.2598,50.2261,36.9026,36.8723,37.1912,37.0847,44.0562,30.1217,42.0904,33.6032,40.2143

3611.8900,49.2522,50.2537,36.8403,36.8510,37.1881,37.0490,44.0723,30.1374,42.0771,33.5932,40.2055

3612.8900,49.2346,50.1924,36.8200,36.8700,37.1867,37.0452,44.0795,30.1247,42.0607,33.5850,40.1941

3613.8900,49.2307,50.1902,36.8392,36.8350,37.1959,37.0329,44.0609,30.1260,42.0582,33.5795,40.1889

3614.8900,49.2320,50.1874,36.9078,36.8275,37.1827,37.0528,44.0753,30.1206,42.0675,33.5867,40.1983

3615.8900,49.2449,50.1461,36.9259,36.8259,37.1878,37.0477,44.0696,30.1385,42.0661,33.5931,40.1983

3616.8900,49.2305,50.1854,36.9110,36.8624,37.1919,37.0682,44.0752,30.1347,42.0763,33.6014,40.2074

3617.8900,49.2451,50.2660,36.8874,36.8715,37.1880,37.0722,44.0633,30.1157,42.0916,33.5939,40.2136

3618.8910,49.2382,50.3038,36.8428,36.8784,37.1969,37.0647,44.0507,30.1209,42.0920,33.5928,40.2120

3619.8900,49.2468,50.2333,36.9024,36.8744,37.1962,37.0444,44.0592,30.1272,42.0906,33.5858,40.2105

3620.8900,49.2198,50.2263,36.9444,36.8533,37.2148,37.0634,44.0434,30.1313,42.0917,33.5974,40.2121

3621.8900,49.2546,50.2022,36.9677,36.8560,37.2003,37.0523,44.0350,30.1319,42.0962,33.5921,40.2125

3622.8900,49.2486,50.2597,36.9216,36.8777,37.1901,37.0706,44.0519,30.1235,42.0996,33.5970,40.2180

3623.8900,49.2445,50.2418,36.8979,36.8755,37.1851,37.0552,44.0339,30.1292,42.0890,33.5922,40.2079

3624.8900,49.2461,50.2754,36.9075,36.8720,37.1914,37.0671,44.0579,30.1407,42.0985,33.6039,40.2198

3625.8900,49.2529,50.2041,36.9079,36.8617,37.1959,37.0520,44.0578,30.1029,42.0845,33.5775,40.2044

3626.8900,49.2502,50.1963,36.9160,36.8716,37.2067,37.0671,44.0709,30.1336,42.0882,33.6003,40.2140

3627.8900,49.2580,50.1195,36.9518,36.8682,37.2010,37.0543,44.0824,30.1311,42.0797,33.5927,40.2083

3628.8900,49.2715,50.1401,36.9689,36.8657,37.1937,37.0494,44.0762,30.0988,42.0880,33.5741,40.2080

3629.8900,49.2811,50.2400,36.9232,36.8840,37.1772,37.0492,44.0669,30.1396,42.1011,33.5944,40.2201

3630.8900,49.2789,50.2945,36.9746,36.8853,37.2011,37.0708,44.0799,30.1261,42.1269,33.5984,40.2389

3631.8900,49.2418,50.3126,36.9050,36.8850,37.2108,37.0590,44.0814,30.1363,42.1110,33.5977,40.2290

3632.8900,49.2651,50.3186,36.8863,36.8756,37.2311,37.0709,44.0632,30.1294,42.1153,33.6002,40.2300

3633.8900,49.2681,50.2888,36.8917,36.8669,37.2056,37.0393,44.0630,30.1353,42.1042,33.5873,40.2198

3634.8900,49.2595,50.3764,36.9070,36.8439,37.1965,37.0587,44.0410,30.1223,42.1166,33.5905,40.2257

3635.8900,49.2494,50.3256,36.8547,36.8775,37.1994,37.0564,44.0526,30.1154,42.1013,33.5859,40.2164

3636.8900,49.2582,50.2785,36.8594,36.8556,37.2133,37.0550,44.0504,30.1125,42.0930,33.5838,40.2104

3637.8900,49.2406,50.2707,36.8668,36.8383,37.2245,37.0587,44.0490,30.1275,42.0882,33.5931,40.2095

3638.8910,49.2412,50.3360,36.9300,36.8525,37.2247,37.0659,44.0793,30.1381,42.1169,33.6020,40.2335

3639.8900,49.2758,50.3891,36.9090,36.8656,37.2186,37.0715,44.0658,30.1432,42.1316,33.6073,40.2423

3640.8900,49.2513,50.4200,36.9314,36.8403,37.2200,37.0705,44.0672,30.1258,42.1326,33.5982,40.2408

3641.8910,49.2621,50.3726,36.9494,36.8648,37.2140,37.0707,44.0795,30.1287,42.1326,33.5997,40.2427

3642.8900,49.2746,50.3565,36.8952,36.8840,37.2220,37.0697,44.0878,30.1217,42.1264,33.5957,40.2389

3643.8900,49.2481,50.2858,36.8981,36.8948,37.2059,37.0439,44.0898,30.1140,42.1065,33.5789,40.2225

3644.8900,49.2783,50.2810,36.9245,36.9035,37.2080,37.0459,44.0733,30.1330,42.1190,33.5894,40.2309

3645.8900,49.2438,50.2476,36.9360,36.9136,37.2124,37.0629,44.0773,30.1144,42.1107,33.5886,40.2260

3646.8900,49.2791,50.2241,36.8936,36.9057,37.1980,37.0668,44.0635,30.1229,42.1001,33.5948,40.2192

3647.8900,49.2701,50.2423,36.8569,36.8742,37.2249,37.0539,44.0808,30.1265,42.0937,33.5902,40.2162

3648.8900,49.2625,50.2469,36.8639,36.9059,37.2243,37.0772,44.0595,30.1207,42.1007,33.5989,40.2201

3649.8900,49.2544,50.1808,36.8792,36.8755,37.2156,37.0666,44.0873,30.1086,42.0811,33.5876,40.2085

3650.8900,49.2825,50.2180,36.9444,36.8940,37.1963,37.0586,44.0690,30.1419,42.1071,33.6003,40.2256

3651.8900,49.2697,50.2440,37.0015,36.8623,37.2231,37.0555,44.0704,30.1299,42.1201,33.5927,40.2320

3652.8900,49.2846,50.3012,37.0145,36.8959,37.2200,37.0761,44.0648,30.1319,42.1432,33.6040,40.2486

3653.8900,49.2588,50.3288,36.9415,36.8873,37.2228,37.0678,44.0516,30.1263,42.1278,33.5970,40.2356

3654.8900,49.2764,50.3321,36.8668,36.9028,37.2215,37.0763,44.0685,30.1362,42.1199,33.6063,40.2351

3655.8900,49.2514,50.2931,36.9133,36.8774,37.2102,37.0743,44.0701,30.1216,42.1091,33.5979,40.2264

3656.8900,49.2631,50.2660,36.8630,36.8635,37.2099,37.0563,44.0535,30.1129,42.0931,33.5846,40.2110

3657.8900,49.2582,50.2168,36.8937,36.8656,37.2246,37.0728,44.0733,30.1266,42.0918,33.5997,40.2164

3658.8900,49.2528,50.1683,36.8703,36.8899,37.2307,37.0603,44.0742,30.1220,42.0824,33.5912,40.2086

3659.8900,49.2850,50.2735,36.8585,36.9005,37.1993,37.0765,44.0731,30.1379,42.1033,33.6072,40.2255

3660.8910,49.2657,50.2720,36.9018,36.8990,37.2261,37.0668,44.0930,30.1291,42.1129,33.5980,40.2317

3661.8900,49.2944,50.3059,36.9441,36.9203,37.2219,37.0631,44.0918,30.1399,42.1373,33.6015,40.2477

3662.8900,49.2791,50.2485,36.8972,36.8930,37.2204,37.0602,44.0857,30.1375,42.1077,33.5989,40.2277

3663.8900,49.2654,50.2131,36.8461,36.8834,37.2271,37.0852,44.1133,30.1147,42.0870,33.5999,40.2185

3664.8900,49.2824,50.2610,36.9155,36.8720,37.2056,37.0692,44.0945,30.1249,42.1073,33.5971,40.2281

3665.8900,49.2745,50.3107,36.8592,36.8260,37.2242,37.0836,44.0729,30.1061,42.0989,33.5948,40.2196

3666.8900,49.2574,50.2718,36.8960,36.8357,37.2513,37.0598,44.0747,30.1211,42.1024,33.5904,40.2210

3667.8900,49.2821,50.2498,36.8873,36.8411,37.2225,37.0764,44.0730,30.1321,42.0966,33.6042,40.2205

3668.8900,49.2572,50.2117,36.9437,36.8465,37.2315,37.0854,44.0469,30.1294,42.0981,33.6074,40.2190

3669.8900,49.2870,50.1364,36.9586,36.8600,37.2336,37.0533,44.0710,30.1240,42.0951,33.5887,40.2155

3670.8900,49.2684,50.1773,36.9603,36.8594,37.2418,37.0728,44.0690,30.1407,42.1014,33.6067,40.2237

3671.8900,49.2772,50.2105,36.9405,36.8504,37.2115,37.0784,44.0679,30.1158,42.0980,33.5971,40.2190

3672.8900,49.2514,50.2281,36.8972,36.8509,37.2322,37.0795,44.0828,30.1104,42.0920,33.5949,40.2166

3673.8900,49.2687,50.2252,36.9540,36.8345,37.2273,37.0671,44.0688,30.1162,42.1019,33.5916,40.2202

3674.8900,49.2749,50.2065,36.9468,36.8417,37.2237,37.0840,44.0950,30.1333,42.0987,33.6086,40.2257

3675.8900,49.2692,50.2311,36.9455,36.8755,37.2189,37.0839,44.0947,30.1299,42.1081,33.6069,40.2311

3676.8900,49.2631,50.3098,36.8887,36.8597,37.2206,37.0857,44.0893,30.1213,42.1084,33.6035,40.2298

3677.8900,49.2744,50.3956,36.8875,36.8791,37.2162,37.0696,44.0941,30.1290,42.1306,33.5993,40.2432

3678.8900,49.2464,50.3503,36.9842,36.8978,37.2216,37.0889,44.0946,30.1250,42.1401,33.6070,40.2511

3679.8900,49.2756,50.3350,36.9426,36.8679,37.2365,37.0707,44.1062,30.1147,42.1315,33.5927,40.2436

3680.8900,49.2567,50.2757,36.9668,36.8733,37.2230,37.0773,44.1028,30.1115,42.1191,33.5944,40.2359

3681.8910,49.2356,50.1933,36.9264,36.8685,37.2391,37.0710,44.1114,30.1422,42.0926,33.6066,40.2234

3682.8900,49.2678,50.2087,36.8509,36.8710,37.2296,37.0727,44.1167,30.1214,42.0856,33.5970,40.2173

3683.8900,49.2673,50.3001,36.9247,36.8752,37.2300,37.0759,44.1013,30.1283,42.1194,33.6021,40.2378

3684.8910,49.2699,50.3259,36.9311,36.8909,37.2289,37.0818,44.1017,30.1089,42.1293,33.5953,40.2424

3685.8900,49.2790,50.2859,36.8948,36.8598,37.2054,37.0812,44.0888,30.1327,42.1050,33.6069,40.2284

3686.8900,49.2473,50.2016,36.9026,36.8802,37.2089,37.0790,44.0678,30.1160,42.0881,33.5975,40.2129

3687.8900,49.2744,50.2370,36.9342,36.8748,37.2204,37.0663,44.0778,30.1187,42.1082,33.5925,40.2255

3688.8900,49.2660,50.2344,36.9021,36.8736,37.2269,37.0732,44.0868,30.1144,42.1006,33.5938,40.2222

3689.8900,49.2531,50.3055,36.9016,36.8941,37.2068,37.0826,44.0872,30.1036,42.1122,33.5931,40.2293

3690.8900,49.2610,50.2666,36.8805,36.8884,37.2031,37.0840,44.0973,30.1187,42.0999,33.6014,40.2250

3691.8910,49.2640,50.1855,36.9317,36.8980,37.2034,37.0922,44.0985,30.1095,42.0965,33.6009,40.2229

3692.8900,49.2639,50.1772,36.8994,36.9097,37.2010,37.0580,44.1036,30.1221,42.0902,33.5901,40.2169

3693.8900,49.2490,50.2143,36.9061,36.9159,37.2200,37.0574,44.1186,30.1347,42.1010,33.5961,40.2270

3694.8900,49.2452,50.2522,36.8673,36.9281,37.2105,37.0699,44.1158,30.1242,42.1006,33.5971,40.2266

3695.8900,49.2627,50.2411,36.9444,36.9052,37.2170,37.0899,44.1065,30.1444,42.1141,33.6172,40.2389

3696.8900,49.2658,50.2902,36.9548,36.8974,37.1949,37.0809,44.1188,30.1301,42.1206,33.6055,40.2416

3697.8900,49.2625,50.2835,36.9191,36.8896,37.2009,37.0864,44.1000,30.1263,42.1111,33.6064,40.2335

3698.8900,49.2829,50.3769,36.8845,36.9051,37.2070,37.1019,44.0986,30.1588,42.1313,33.6303,40.2519

3699.8900,49.2849,50.3928,36.9179,36.8758,37.2081,37.0989,44.0783,30.1270,42.1359,33.6129,40.2480

3700.8900,49.2717,50.3432,36.9047,36.9131,37.2149,37.0944,44.0741,30.1404,42.1295,33.6174,40.2445

3701.8900,49.2672,50.3051,36.9269,36.9301,37.2360,37.0926,44.0706,30.1151,42.1331,33.6039,40.2430

3702.8900,49.2552,50.2497,36.9022,36.9237,37.2174,37.0693,44.0641,30.1142,42.1096,33.5918,40.2245

3703.8900,49.2613,50.2915,36.9313,36.9005,37.2165,37.0955,44.0634,30.1321,42.1202,33.6138,40.2365

3704.8900,49.2632,50.3444,36.9577,36.9133,37.2263,37.0741,44.0636,30.1247,42.1410,33.5994,40.2459

3705.8910,49.2414,50.3209,36.9349,36.9232,37.2352,37.0909,44.0823,30.1303,42.1311,33.6106,40.2449

3706.8900,49.2554,50.2506,36.9414,36.9022,37.2264,37.1157,44.1031,30.1257,42.1152,33.6207,40.2401

3707.8900,49.2705,50.1905,36.9820,36.8876,37.2318,37.0950,44.1049,30.1368,42.1125,33.6159,40.2374

3708.8900,49.2431,50.1530,36.9171,36.8960,37.2159,37.0982,44.0984,30.1348,42.0850,33.6165,40.2196

3709.8900,49.2681,50.1731,36.9901,36.9098,37.2351,37.1071,44.1172,30.1302,42.1152,33.6186,40.2413

3710.8900,49.2804,50.2937,36.9752,36.9098,37.2199,37.1055,44.1009,30.1220,42.1358,33.6137,40.2509

3711.8900,49.2552,50.2282,36.8987,36.9174,37.2341,37.0893,44.0997,30.1508,42.1067,33.6201,40.2342

3712.8900,49.2606,50.2055,36.9080,36.9253,37.2275,37.1074,44.0861,30.1427,42.1054,33.6251,40.2329

3713.8910,49.2455,50.2157,36.9687,36.9127,37.2576,37.0983,44.1163,30.1157,42.1200,33.6070,40.2413

3714.8900,49.2645,50.2661,36.9085,36.9061,37.2458,37.0824,44.0922,30.1325,42.1182,33.6075,40.2373

3715.8900,49.2816,50.2905,37.0195,36.9224,37.2450,37.0936,44.0870,30.1392,42.1518,33.6164,40.2598

3716.8900,49.2665,50.2783,36.9736,36.9045,37.2190,37.0709,44.1021,30.1384,42.1284,33.6047,40.2442

3717.8900,49.2402,50.1983,36.9427,36.8969,37.2195,37.0826,44.1081,30.1271,42.0995,33.6049,40.2269

3718.8900,49.2717,50.2323,36.9308,36.9196,37.2308,37.1061,44.0926,30.1216,42.1171,33.6138,40.2382

3719.8900,49.2538,50.2004,36.9495,36.9514,37.2360,37.0903,44.1070,30.1133,42.1182,33.6018,40.2377

3720.8900,49.2519,50.1959,36.9478,36.9235,37.2252,37.0949,44.0923,30.1259,42.1089,33.6104,40.2322

3721.8900,49.2962,50.1609,36.9596,36.9049,37.2297,37.1046,44.0914,30.1196,42.1103,33.6121,40.2334

3722.8900,49.2674,50.1524,37.0379,36.9146,37.2539,37.0951,44.0941,30.0903,42.1252,33.5927,40.2382

3723.8900,49.2919,50.2327,36.9812,36.9187,37.2553,37.1082,44.0889,30.1195,42.1360,33.6138,40.2495

3724.8900,49.3036,50.2300,36.9682,36.9033,37.2373,37.1093,44.0996,30.1249,42.1285,33.6171,40.2470

3725.8900,49.2631,50.2767,36.9832,36.8944,37.2412,37.0866,44.1284,30.1081,42.1317,33.5974,40.2477

3726.8900,49.2850,50.3585,36.9500,36.9084,37.2507,37.1069,44.1256,30.1168,42.1505,33.6118,40.2627

3727.8900,49.3111,50.3566,36.8734,36.9075,37.2379,37.0987,44.1153,30.1222,42.1373,33.6104,40.2528

3728.8900,49.2928,50.3498,36.9123,36.9235,37.2343,37.1063,44.1285,30.1303,42.1425,33.6183,40.2597

3729.8900,49.2940,50.3176,36.9474,36.9217,37.2495,37.1075,44.1086,30.1456,42.1460,33.6266,40.2615

3730.8900,49.2923,50.2729,36.9686,36.9098,37.2446,37.1031,44.1097,30.1129,42.1377,33.6080,40.2517

3731.8900,49.2857,50.3030,36.9472,36.9038,37.2509,37.1155,44.1010,30.1212,42.1381,33.6183,40.2535

3732.8910,49.2784,50.2732,36.9395,36.9194,37.2454,37.0871,44.0956,30.1288,42.1312,33.6079,40.2459

3733.8900,49.2940,50.2694,36.9062,36.9044,37.2266,37.1005,44.1109,30.1226,42.1201,33.6116,40.2418

3734.8900,49.3023,50.2562,36.9405,36.9237,37.2280,37.0888,44.0985,30.1240,42.1301,33.6064,40.2452

3735.8910,49.2918,50.2427,36.9324,36.9151,37.2463,37.0917,44.1095,30.1170,42.1257,33.6044,40.2433

3736.8900,49.2879,50.2516,36.9713,36.9223,37.2503,37.0976,44.1115,30.1088,42.1367,33.6032,40.2502

3737.8900,49.2889,50.3190,36.9535,36.9302,37.2298,37.0958,44.1203,30.1338,42.1443,33.6148,40.2589

3738.8900,49.2744,50.2846,36.9112,36.9136,37.2260,37.0896,44.1437,30.1408,42.1220,33.6152,40.2480

3739.8900,49.2807,50.2946,36.9028,36.9219,37.2310,37.0951,44.1227,30.1279,42.1262,33.6115,40.2471

3740.8900,49.2766,50.3291,36.9035,36.9105,37.2563,37.0993,44.1220,30.1233,42.1352,33.6113,40.2526

3741.8900,49.2902,50.2968,36.8919,36.9036,37.2317,37.1004,44.1361,30.1258,42.1228,33.6131,40.2471

3742.8900,49.2989,50.2690,36.9109,36.8843,37.2465,37.0882,44.1118,30.1247,42.1219,33.6064,40.2418

3743.8900,49.2874,50.2644,36.9694,36.9124,37.2214,37.1009,44.1198,30.1268,42.1310,33.6138,40.2503

3744.8900,49.2721,50.2462,36.9510,36.9089,37.2606,37.0962,44.1043,30.1370,42.1278,33.6166,40.2470

3745.8900,49.2821,50.2321,36.9661,36.9283,37.2305,37.0899,44.1128,30.1237,42.1278,33.6068,40.2457

3746.8900,49.2818,50.2500,36.9515,36.9454,37.2713,37.0985,44.1113,30.1370,42.1400,33.6178,40.2558

3747.8900,49.2922,50.3658,36.9896,36.9382,37.2346,37.0941,44.0902,30.1241,42.1641,33.6091,40.2661

3748.8900,49.2980,50.3332,36.9748,36.9538,37.2176,37.0892,44.1173,30.1300,42.1555,33.6096,40.2642

3749.8900,49.2807,50.3440,36.9746,36.9676,37.2459,37.0834,44.1310,30.1322,42.1626,33.6078,40.2699

3750.8900,49.2933,50.3848,36.9939,36.9393,37.2418,37.0895,44.0973,30.1336,42.1706,33.6116,40.2717

3751.8900,49.3017,50.3165,36.9393,36.9304,37.2778,37.0812,44.1136,30.1271,42.1531,33.6042,40.2610

3752.8900,49.3009,50.3030,36.9304,36.9346,37.2368,37.0776,44.1065,30.1418,42.1411,33.6097,40.2540

3753.8900,49.2855,50.3510,36.9541,36.9476,37.2428,37.0920,44.1209,30.1314,42.1562,33.6117,40.2657

3754.8900,49.3016,50.3346,37.0305,36.9268,37.2563,37.0756,44.1091,30.1139,42.1700,33.5947,40.2686

3755.8900,49.2924,50.3101,37.0244,36.9161,37.2437,37.0943,44.1104,30.1431,42.1574,33.6187,40.2668

3756.8900,49.3145,50.3895,37.0076,36.8884,37.2646,37.0922,44.1178,30.1331,42.1729,33.6126,40.2760

3757.8900,49.3080,50.3315,37.0030,36.9288,37.2524,37.1002,44.1142,30.1429,42.1647,33.6215,40.2726

3758.8900,49.3197,50.3678,36.9459,36.9174,37.2441,37.0863,44.1313,30.1318,42.1590,33.6090,40.2680

3759.8900,49.3154,50.2949,36.9516,36.9035,37.2651,37.1170,44.1114,30.1355,42.1461,33.6262,40.2618

3760.8900,49.2936,50.2566,36.9610,36.9362,37.2416,37.0749,44.1142,30.1433,42.1378,33.6091,40.2527

3761.8900,49.2973,50.2343,36.9043,36.9342,37.2589,37.0819,44.1029,30.1349,42.1258,33.6084,40.2436

3762.8900,49.3043,50.2401,36.9232,36.9377,37.2449,37.0978,44.1190,30.1406,42.1301,33.6192,40.2510

3763.8900,49.2855,50.2593,36.9857,36.9339,37.2484,37.0849,44.1332,30.1304,42.1425,33.6077,40.2577

3764.8900,49.2994,50.2587,37.0169,36.9477,37.2298,37.1051,44.1085,30.1356,42.1505,33.6204,40.2627

3765.8900,49.2896,50.2539,36.9877,36.9396,37.2259,37.0989,44.1208,30.1534,42.1394,33.6261,40.2587

3766.8900,49.3156,50.2425,36.9873,36.9294,37.2405,37.0859,44.1242,30.1230,42.1431,33.6044,40.2560

3767.8900,49.3113,50.2547,36.9610,36.9110,37.2306,37.1087,44.1091,30.1397,42.1337,33.6242,40.2533

3768.8910,49.2705,50.2742,36.9008,36.9125,37.2193,37.1081,44.1222,30.1312,42.1155,33.6197,40.2424

3769.8900,49.3053,50.2090,36.9125,36.9111,37.2520,37.0937,44.1226,30.1538,42.1180,33.6238,40.2450

3770.8900,49.2985,50.1718,36.9552,36.9239,37.2471,37.1065,44.1396,30.1554,42.1193,33.6309,40.2497

3771.8900,49.3037,50.2194,36.9519,36.8814,37.2285,37.0968,44.1219,30.1654,42.1170,33.6311,40.2461

3772.8900,49.3181,50.2190,36.9856,36.9151,37.2454,37.1016,44.1201,30.1420,42.1366,33.6218,40.2559

3773.8910,49.3146,50.2387,36.9504,36.9210,37.2311,37.1064,44.1264,30.1454,42.1312,33.6259,40.2543

3774.8900,49.3102,50.2313,36.9741,36.9256,37.2481,37.0870,44.1435,30.1419,42.1379,33.6145,40.2577

3775.8900,49.3046,50.2717,36.9548,36.9216,37.2499,37.1042,44.1359,30.1286,42.1405,33.6164,40.2589

3776.8900,49.3256,50.2810,36.9034,36.9291,37.2384,37.1063,44.1308,30.1458,42.1355,33.6260,40.2575

3777.8900,49.2951,50.2729,36.9247,36.9466,37.2479,37.1040,44.1376,30.1538,42.1374,33.6289,40.2603

3778.8900,49.3031,50.2764,36.8964,36.9352,37.2326,37.1060,44.1545,30.1493,42.1287,33.6276,40.2567

3779.8900,49.3169,50.2189,36.9541,36.9583,37.2367,37.1134,44.1329,30.1360,42.1370,33.6247,40.2584

3780.8900,49.3088,50.2212,37.0121,36.9346,37.2500,37.1099,44.1340,30.1410,42.1454,33.6255,40.2640

3781.8900,49.3090,50.2768,36.9683,36.9697,37.2493,37.0919,44.1289,30.1501,42.1546,33.6210,40.2680

3782.8900,49.3044,50.2815,36.9740,36.9357,37.2451,37.1064,44.1411,30.1619,42.1482,33.6341,40.2688

3783.8900,49.3006,50.3161,36.9123,36.9263,37.2371,37.0979,44.1457,30.1228,42.1385,33.6103,40.2573

3784.8900,49.2809,50.3440,36.9578,36.9036,37.2488,37.1115,44.1124,30.1567,42.1470,33.6341,40.2645

3785.8900,49.2907,50.2958,36.9810,36.9221,37.2480,37.1046,44.1002,30.1573,42.1475,33.6310,40.2625

3786.8900,49.2998,50.3056,36.9684,36.9087,37.2404,37.1124,44.1314,30.1426,42.1446,33.6275,40.2637

3787.8900,49.3059,50.3582,36.9951,36.9222,37.2359,37.0813,44.1128,30.1394,42.1634,33.6103,40.2688

3788.8910,49.3041,50.3498,37.0057,36.9128,37.2410,37.0934,44.1332,30.1502,42.1627,33.6218,40.2738

3789.8900,49.2932,50.3987,36.9939,36.9220,37.2468,37.1048,44.1237,30.1345,42.1709,33.6196,40.2772

3790.8900,49.2947,50.3573,36.9736,36.9212,37.2712,37.0998,44.1546,30.1501,42.1636,33.6249,40.2778

3791.8900,49.3059,50.3503,37.0044,36.9320,37.2466,37.1023,44.1494,30.1314,42.1678,33.6168,40.2778

3792.8900,49.3049,50.3749,36.9834,36.9203,37.2559,37.1078,44.1644,30.1450,42.1679,33.6264,40.2821

3793.8900,49.3017,50.3576,36.9258,36.9360,37.2531,37.0906,44.1549,30.1318,42.1548,33.6112,40.2689

3794.8900,49.2980,50.3720,36.9730,36.9319,37.2657,37.0878,44.1312,30.1271,42.1681,33.6074,40.2733

3795.8900,49.3059,50.3163,36.9261,36.9471,37.2601,37.0841,44.1426,30.1568,42.1511,33.6204,40.2674

3796.8900,49.2950,50.3266,36.9566,36.9482,37.2636,37.1132,44.1363,30.1387,42.1580,33.6260,40.2723

3797.8900,49.2899,50.3774,36.9906,36.9593,37.2705,37.0959,44.1037,30.1475,42.1775,33.6217,40.2794

3798.8900,49.3014,50.3681,36.9920,36.9411,37.2617,37.0968,44.1362,30.1203,42.1728,33.6086,40.2772

3799.8900,49.3024,50.3713,36.9737,36.9470,37.2622,37.1104,44.1171,30.1410,42.1713,33.6257,40.2781

3800.8900,49.3035,50.3667,37.0050,36.9648,37.2385,37.1157,44.1338,30.1308,42.1757,33.6233,40.2824

3801.8900,49.3233,50.4072,36.9782,36.9553,37.2450,37.1058,44.1313,30.1420,42.1818,33.6239,40.2860

3802.8900,49.3026,50.4591,36.9892,36.9485,37.2484,37.1162,44.1501,30.1407,42.1896,33.6285,40.2944

3803.8900,49.3085,50.4247,37.0015,36.9314,37.2530,37.0886,44.1331,30.1265,42.1838,33.6076,40.2834

3804.8900,49.2985,50.3955,36.9561,36.9529,37.2578,37.1041,44.1502,30.1290,42.1721,33.6166,40.2805

3805.8900,49.3030,50.3657,36.9312,36.9447,37.2581,37.1124,44.1487,30.1435,42.1606,33.6280,40.2759

3806.8900,49.2836,50.3220,36.9431,36.9421,37.2451,37.1088,44.1651,30.1365,42.1472,33.6226,40.2683

3807.8900,49.3222,50.3025,36.9967,36.9429,37.2649,37.1057,44.1645,30.1405,42.1658,33.6231,40.2800

3808.8900,49.2969,50.3511,36.9799,36.9509,37.2473,37.1137,44.1539,30.1457,42.1652,33.6297,40.2799

3809.8900,49.3044,50.4196,36.9618,36.9268,37.2759,37.1106,44.1513,30.1680,42.1777,33.6393,40.2898

3810.8900,49.3273,50.3653,36.9895,36.9550,37.2387,37.1112,44.1435,30.1649,42.1752,33.6381,40.2869

3811.8900,49.2990,50.3616,36.9713,36.9326,37.2424,37.0943,44.1305,30.1483,42.1614,33.6213,40.2725

3812.8900,49.3103,50.2842,37.0094,36.9477,37.2580,37.1053,44.1475,30.1180,42.1619,33.6117,40.2726

3813.8900,49.3230,50.3234,37.0010,36.9449,37.2527,37.1172,44.1544,30.1497,42.1690,33.6335,40.2833

3814.8900,49.3304,50.3590,37.0024,36.9370,37.2639,37.0920,44.1382,30.1550,42.1786,33.6235,40.2847

3815.8900,49.3365,50.3940,37.0154,36.9098,37.2579,37.0931,44.1543,30.1353,42.1827,33.6142,40.2870

3816.8900,49.3344,50.3490,36.9937,36.9446,37.2516,37.1129,44.1481,30.1458,42.1747,33.6294,40.2850

3817.8900,49.3248,50.3160,36.9318,36.9187,37.2657,37.0836,44.1711,30.1469,42.1514,33.6152,40.2698

3818.8900,49.3280,50.3032,37.0029,36.9226,37.2451,37.0877,44.1768,30.1355,42.1604,33.6116,40.2752

3819.8900,49.3338,50.2715,36.9816,36.9363,37.2514,37.0818,44.1742,30.1517,42.1549,33.6168,40.2728

3820.8900,49.3447,50.2582,36.9579,36.9406,37.2405,37.0915,44.1752,30.1398,42.1484,33.6156,40.2685

3821.8910,49.3502,50.2784,37.0250,36.9475,37.2334,37.0928,44.1857,30.1487,42.1669,33.6208,40.2827

3822.8900,49.3274,50.2907,36.9553,36.9717,37.2823,37.1174,44.1545,30.1434,42.1655,33.6304,40.2803

3823.8900,49.3300,50.3338,36.9905,36.9437,37.2677,37.1080,44.1611,30.1395,42.1732,33.6237,40.2843

3824.8900,49.3361,50.2994,36.9823,36.9613,37.2546,37.1197,44.1726,30.1738,42.1668,33.6468,40.2875

3825.8900,49.3323,50.2756,36.9583,36.9583,37.2658,37.1000,44.1649,30.1536,42.1581,33.6268,40.2761

3826.8910,49.3446,50.2777,37.0057,36.9604,37.2633,37.0802,44.1624,30.1501,42.1703,33.6152,40.2806

3827.8900,49.3361,50.3081,36.9383,36.9406,37.2626,37.1146,44.1432,30.1391,42.1572,33.6268,40.2728

3828.8900,49.3445,50.3015,36.9340,36.9513,37.2528,37.0983,44.1403,30.1574,42.1568,33.6279,40.2725

3829.8900,49.3378,50.3220,36.9729,36.9435,37.2457,37.1233,44.1326,30.1305,42.1644,33.6269,40.2760

3830.8900,49.3330,50.2871,36.9741,36.9535,37.2412,37.0936,44.1421,30.1599,42.1578,33.6268,40.2730

3831.8910,49.3523,50.2554,36.9962,36.9457,37.2360,37.1006,44.1664,30.1504,42.1571,33.6255,40.2754

3832.8900,49.3281,50.2554,37.0495,36.9542,37.2625,37.1112,44.1228,30.1446,42.1699,33.6279,40.2785

3833.8900,49.3358,50.2580,37.0124,36.9189,37.2670,37.0923,44.1374,30.1454,42.1584,33.6188,40.2709

3834.8900,49.3617,50.2586,36.9883,36.9107,37.2362,37.1106,44.1344,30.1614,42.1511,33.6360,40.2702

3835.8900,49.3410,50.2503,36.9748,36.9290,37.2620,37.1134,44.1683,30.1530,42.1514,33.6332,40.2740

3836.8910,49.3456,50.2395,37.0343,36.9012,37.2531,37.1139,44.1695,30.1511,42.1547,33.6325,40.2760

3837.8900,49.3398,50.2670,37.0229,36.9201,37.2500,37.1067,44.1711,30.1584,42.1600,33.6325,40.2795

3838.8900,49.3321,50.3433,36.9492,36.9333,37.2497,37.1049,44.1684,30.1341,42.1615,33.6195,40.2769

3839.8900,49.3426,50.3138,36.9450,36.9348,37.2370,37.0997,44.1689,30.1612,42.1546,33.6304,40.2754

3840.8900,49.3469,50.3607,36.9962,36.9266,37.2572,37.1250,44.1868,30.1336,42.1775,33.6293,40.2916

3841.8900,49.3264,50.3960,36.9870,36.9347,37.2435,37.1095,44.1930,30.1527,42.1775,33.6311,40.2929

3842.8900,49.3352,50.3651,37.0212,36.9497,37.2495,37.1174,44.1796,30.1471,42.1841,33.6322,40.2956

3843.8900,49.3229,50.3362,37.0255,36.9672,37.2559,37.1153,44.1895,30.1478,42.1815,33.6315,40.2950

3844.8900,49.3481,50.3218,37.0386,36.9882,37.2378,37.1154,44.1644,30.1620,42.1869,33.6387,40.2970

3845.8900,49.3408,50.3280,37.0519,36.9668,37.2464,37.1067,44.1590,30.1712,42.1868,33.6389,40.2964

3846.8900,49.3372,50.2943,36.9949,36.9772,37.2483,37.1171,44.1614,30.1562,42.1704,33.6366,40.2858

3847.8900,49.3300,50.3380,37.0494,36.9583,37.2560,37.1267,44.1473,30.1776,42.1864,33.6521,40.2979

3848.8900,49.3234,50.3785,37.0147,36.9320,37.2508,37.1097,44.1573,30.1380,42.1799,33.6238,40.2880

3849.8900,49.3256,50.2878,36.9780,36.9042,37.2661,37.1012,44.1711,30.1520,42.1523,33.6266,40.2732

3850.8900,49.3233,50.2721,37.0346,36.9211,37.2502,37.1367,44.1637,30.1562,42.1602,33.6464,40.2822

3851.8900,49.3440,50.2627,37.0101,36.9354,37.2571,37.1165,44.1760,30.1847,42.1618,33.6506,40.2858

3852.8900,49.3343,50.2860,37.0402,36.9384,37.2621,37.1029,44.1791,30.1734,42.1722,33.6381,40.2896

3853.8910,49.3255,50.2602,36.9394,36.9637,37.2753,37.1338,44.1666,30.1415,42.1528,33.6376,40.2758

3854.8900,49.3238,50.2361,36.9940,36.9949,37.2614,37.1120,44.1972,30.1741,42.1621,33.6430,40.2867

3855.8900,49.3288,50.2007,37.0007,36.9680,37.2385,37.0909,44.1694,30.1665,42.1473,33.6287,40.2704

3856.8900,49.3534,50.2652,36.9823,36.9524,37.2516,37.1101,44.2055,30.1548,42.1610,33.6325,40.2844

3857.8900,49.3427,50.2773,36.9698,36.9637,37.2599,37.1044,44.1851,30.1984,42.1627,33.6514,40.2877

3858.8900,49.3475,50.2996,36.9937,36.9718,37.2559,37.1051,44.1714,30.1657,42.1737,33.6354,40.2889

3859.8900,49.3460,50.3151,36.9987,36.9861,37.2618,37.1021,44.1902,30.1557,42.1815,33.6289,40.2945

3860.8900,49.3508,50.3300,37.0333,37.0067,37.2574,37.1042,44.1940,30.1723,42.1956,33.6383,40.3061

3861.8900,49.3467,50.2460,37.0474,36.9862,37.2556,37.0987,44.1750,30.1612,42.1764,33.6299,40.2896

3862.8900,49.3487,50.3217,36.9857,36.9726,37.2594,37.1062,44.1903,30.1612,42.1776,33.6337,40.2932

3863.8900,49.3409,50.4270,36.9875,36.9768,37.2619,37.1171,44.1944,30.1816,42.1988,33.6493,40.3109

3864.8900,49.3288,50.4580,36.9581,36.9936,37.2398,37.1044,44.1592,30.1786,42.1957,33.6415,40.3026

3865.8900,49.3451,50.3171,36.9848,36.9745,37.2642,37.1017,44.1346,30.1717,42.1771,33.6367,40.2867

3866.8900,49.3438,50.3427,36.9962,36.9948,37.2494,37.1079,44.1604,30.1831,42.1854,33.6455,40.2973

3867.8910,49.3685,50.3303,37.0201,36.9771,37.2702,37.1025,44.1636,30.1664,42.1932,33.6345,40.2998

3868.8900,49.3638,50.3424,37.0300,36.9585,37.2607,37.1122,44.1647,30.1663,42.1911,33.6392,40.2998

3869.8900,49.3466,50.3336,36.9506,36.9613,37.2728,37.0822,44.1865,30.1573,42.1730,33.6198,40.2864

3870.8900,49.3336,50.3528,36.9597,36.9588,37.2760,37.1223,44.1728,30.1601,42.1762,33.6412,40.2920

3871.8900,49.3368,50.3797,36.9122,36.9439,37.2592,37.1555,44.1850,30.1718,42.1664,33.6636,40.2930

3872.8900,49.3574,50.3633,36.9432,36.9315,37.2720,37.1263,44.1963,30.1649,42.1735,33.6456,40.2943

3873.8900,49.3386,50.3466,37.0104,36.9426,37.2783,37.1073,44.1953,30.1675,42.1833,33.6374,40.2983

3874.8910,49.3462,50.3511,37.0042,36.9472,37.2649,37.1407,44.2152,30.1729,42.1827,33.6568,40.3053

3875.8900,49.3515,50.3015,36.9947,36.9639,37.2740,37.1301,44.2118,30.1782,42.1771,33.6542,40.3007

3876.8900,49.3495,50.1749,36.9821,36.9634,37.2696,37.1244,44.1640,30.1640,42.1479,33.6442,40.2740

3877.8900,49.3495,50.1878,37.0190,36.9401,37.2846,37.1464,44.1872,30.1847,42.1562,33.6655,40.2874

3878.8900,49.3556,50.2623,36.9714,36.9626,37.2548,37.1375,44.1994,30.1721,42.1613,33.6548,40.2895

3879.8900,49.3432,50.2867,36.9994,36.9611,37.2707,37.1343,44.1965,30.1599,42.1722,33.6471,40.2940

3880.8900,49.3518,50.3424,37.0168,36.9552,37.2724,37.1350,44.1739,30.1658,42.1877,33.6504,40.3017

3881.8900,49.3410,50.3705,36.9546,36.9551,37.2718,37.1144,44.1766,30.1859,42.1786,33.6501,40.2962

3882.8900,49.3514,50.3888,36.9414,36.9587,37.2738,37.1356,44.1741,30.1664,42.1828,33.6510,40.2988

3883.8900,49.3602,50.4266,36.9740,36.9600,37.2566,37.1282,44.1736,30.1786,42.1955,33.6534,40.3072

3884.8910,49.3515,50.3855,36.9689,36.9469,37.2558,37.1157,44.1875,30.1722,42.1817,33.6439,40.2980

3885.8910,49.3652,50.3663,37.0032,36.9336,37.2878,37.1327,44.1738,30.1334,42.1912,33.6331,40.2995

3886.8910,49.3759,50.3512,37.0235,36.9231,37.2753,37.1403,44.1935,30.2016,42.1898,33.6710,40.3105

3887.8900,49.3696,50.3595,37.0099,36.9295,37.2679,37.1129,44.1791,30.1717,42.1873,33.6423,40.3000

3888.8900,49.3616,50.3801,37.0181,36.9564,37.2692,37.1053,44.2118,30.1819,42.1971,33.6436,40.3106

3889.8900,49.3380,50.3226,36.9586,36.9670,37.2730,37.1268,44.1870,30.1716,42.1718,33.6492,40.2931

3890.8900,49.3597,50.3490,37.0068,36.9661,37.2481,37.1211,44.2089,30.1612,42.1859,33.6411,40.3026

3891.8900,49.3800,50.3766,37.0197,36.9613,37.2873,37.1164,44.1911,30.1658,42.2050,33.6411,40.3123

3892.8900,49.3724,50.3686,36.9696,36.9714,37.2647,37.1484,44.1738,30.1849,42.1893,33.6667,40.3067

3893.8900,49.3510,50.4073,36.9554,36.9793,37.2739,37.1152,44.1807,30.1796,42.1934,33.6474,40.3053

3894.8900,49.3672,50.3544,37.0024,36.9772,37.2871,37.1311,44.1726,30.1759,42.1977,33.6535,40.3085

3895.8900,49.3599,50.2626,37.0222,37.0003,37.2867,37.1022,44.1941,30.1713,42.1863,33.6368,40.2999

3896.8900,49.3725,50.3565,37.0610,36.9699,37.2750,37.1429,44.1658,30.1812,42.2070,33.6620,40.3156

3897.8900,49.3576,50.3539,37.0482,36.9898,37.2531,37.1321,44.1902,30.1779,42.2005,33.6550,40.3128

3898.8900,49.3786,50.2877,37.0555,36.9709,37.2751,37.1322,44.1742,30.1644,42.1936,33.6483,40.3048

3899.8900,49.3632,50.3386,37.0145,36.9916,37.2779,37.1471,44.1962,30.1681,42.1972,33.6576,40.3121

3900.8900,49.3841,50.3768,37.0203,36.9774,37.2728,37.1425,44.1890,30.1705,42.2063,33.6565,40.3167

3901.8900,49.3808,50.3318,37.0183,36.9819,37.2559,37.1205,44.1833,30.1826,42.1937,33.6515,40.3069

3902.8900,49.3646,50.4259,37.0116,36.9836,37.2788,37.1266,44.1877,30.1751,42.2129,33.6508,40.3192

3903.8900,49.3670,50.3627,37.0010,36.9940,37.2747,37.1266,44.1958,30.1696,42.1999,33.6481,40.3114

3904.8900,49.3709,50.3160,36.9968,36.9846,37.2828,37.1371,44.2064,30.1679,42.1902,33.6525,40.3078

3905.8900,49.3900,50.2931,36.9899,37.0194,37.2684,37.1143,44.1982,30.1590,42.1922,33.6367,40.3041

3906.8900,49.3682,50.3662,36.9971,37.0246,37.2885,37.1489,44.2053,30.1840,42.2089,33.6664,40.3228

3907.8900,49.4007,50.3642,37.0315,36.9955,37.2657,37.1396,44.1559,30.1732,42.2115,33.6564,40.3158

3908.8900,49.3626,50.2941,36.9881,37.0129,37.2833,37.1231,44.1718,30.1646,42.1882,33.6438,40.3001

3909.8900,49.4085,50.3115,36.9885,36.9815,37.2970,37.1363,44.1610,30.1619,42.1974,33.6491,40.3058

3910.8900,49.4055,50.3428,37.0187,36.9701,37.2804,37.1464,44.1650,30.1627,42.2035,33.6545,40.3115

3911.8910,49.3766,50.3812,36.9706,36.9664,37.2811,37.1438,44.1637,30.1864,42.1952,33.6651,40.3087

3912.8900,49.3843,50.3258,36.9838,36.9824,37.3029,37.1413,44.1699,30.1636,42.1958,33.6525,40.3067

3913.8900,49.3921,50.3756,36.9948,36.9771,37.2893,37.1529,44.1599,30.1674,42.2058,33.6602,40.3136

3914.8900,49.3882,50.3716,36.9997,36.9731,37.2965,37.1209,44.1773,30.1925,42.2058,33.6567,40.3150

3915.8900,49.3787,50.4000,37.0182,37.0093,37.2982,37.1389,44.1859,30.1828,42.2209,33.6609,40.3265

3916.8900,49.3542,50.3852,37.0157,37.0064,37.2902,37.1268,44.1918,30.1457,42.2103,33.6362,40.3145

3917.8900,49.3829,50.3382,37.0906,37.0098,37.3038,37.1445,44.1962,30.1744,42.2250,33.6595,40.3300

3918.8900,49.3618,50.3755,37.0499,37.0120,37.2983,37.1367,44.1914,30.1858,42.2195,33.6613,40.3264

3919.8910,49.3634,50.4517,37.0760,36.9999,37.3060,37.1613,44.1705,30.1621,42.2394,33.6617,40.3363

3920.8900,49.3741,50.5321,37.0540,37.0059,37.2855,37.1403,44.1746,30.1720,42.2503,33.6562,40.3423

3921.8900,49.3661,50.4610,37.0602,37.0056,37.3223,37.1626,44.1655,30.1818,42.2430,33.6722,40.3406

3922.8900,49.3676,50.4724,37.0470,37.0031,37.3084,37.1417,44.1741,30.1734,42.2397,33.6576,40.3360

3923.8900,49.3774,50.4763,37.0476,36.9766,37.3048,37.1563,44.1831,30.1891,42.2365,33.6727,40.3389

3924.8900,49.3627,50.3908,37.0873,36.9925,37.2829,37.1554,44.1910,30.1778,42.2232,33.6666,40.3301

3925.8900,49.3603,50.3796,37.0554,37.0012,37.2950,37.1432,44.1849,30.1726,42.2183,33.6579,40.3240

3926.8910,49.3715,50.3460,37.0546,37.0084,37.2970,37.1321,44.1896,30.1925,42.2155,33.6623,40.3240

3927.8910,49.3573,50.3921,36.9826,37.0050,37.2985,37.1322,44.1872,30.1747,42.2071,33.6534,40.3162

3928.8910,49.3882,50.4300,37.0545,37.0195,37.2854,37.1532,44.1965,30.1761,42.2355,33.6646,40.3379

3929.8900,49.3467,50.4329,37.0514,37.0117,37.2878,37.1645,44.2022,30.1851,42.2261,33.6748,40.3353

3930.8900,49.3373,50.4045,37.0363,37.0264,37.3026,37.1746,44.2118,30.1798,42.2214,33.6772,40.3341

3931.8900,49.3669,50.3709,37.0223,37.0279,37.3068,37.1508,44.2230,30.1699,42.2190,33.6604,40.3298

3932.8900,49.3773,50.3856,37.0218,36.9966,37.2720,37.1730,44.2146,30.1758,42.2107,33.6744,40.3271

3933.8900,49.3831,50.3384,37.0395,37.0017,37.2919,37.1490,44.2043,30.1662,42.2109,33.6576,40.3218

3934.8900,49.3842,50.3913,37.0527,37.0046,37.2991,37.1393,44.2008,30.1602,42.2264,33.6498,40.3290

3935.8900,49.3698,50.4373,37.0596,36.9825,37.2966,37.1444,44.2011,30.1916,42.2292,33.6680,40.3354

3936.8900,49.3639,50.4584,37.0963,36.9758,37.2926,37.1539,44.1828,30.1866,42.2374,33.6703,40.3388

3937.8900,49.3556,50.4133,37.0568,36.9709,37.3047,37.1745,44.2011,30.1716,42.2203,33.6730,40.3311

3938.8900,49.3592,50.4205,37.0795,36.9791,37.3004,37.1603,44.1879,30.1701,42.2278,33.6652,40.3321

3939.8910,49.3782,50.3768,37.0517,36.9732,37.2870,37.1240,44.1960,30.1800,42.2134,33.6520,40.3209

3940.8900,49.3739,50.3969,37.0216,37.0001,37.2886,37.1396,44.1856,30.1939,42.2162,33.6668,40.3250

3941.8900,49.3667,50.3943,37.0427,36.9867,37.2869,37.1202,44.1755,30.1908,42.2155,33.6555,40.3205

3942.8900,49.3690,50.3851,36.9988,36.9871,37.2977,37.1660,44.1606,30.1965,42.2075,33.6813,40.3201

3943.8900,49.3799,50.3806,37.0167,37.0069,37.3125,37.1546,44.1900,30.1813,42.2193,33.6680,40.3278

3944.8900,49.3517,50.3521,37.0075,37.0145,37.2989,37.1514,44.1846,30.1799,42.2050,33.6656,40.3176

3945.8900,49.3679,50.3715,37.0249,37.0132,37.2811,37.1303,44.2009,30.1714,42.2117,33.6508,40.3201

3946.8900,49.3672,50.3735,37.0241,37.0152,37.2884,37.1665,44.2122,30.1862,42.2137,33.6764,40.3292

3947.8900,49.3664,50.4035,37.0264,37.0189,37.2890,37.1587,44.2052,30.1821,42.2208,33.6704,40.3313

3948.8900,49.3497,50.4362,37.0720,37.0183,37.2792,37.1498,44.2259,30.1825,42.2311,33.6662,40.3392

3949.8900,49.3616,50.4035,37.0212,37.0071,37.2856,37.1352,44.2181,30.1876,42.2158,33.6614,40.3275

3950.8900,49.3802,50.4159,37.0552,37.0244,37.2824,37.1554,44.2208,30.1707,42.2316,33.6630,40.3381

3951.8900,49.3427,50.3734,37.0641,37.0202,37.2707,37.1525,44.2227,30.1806,42.2142,33.6665,40.3283

3952.8900,49.3668,50.3015,37.0442,37.0353,37.3086,37.1358,44.2271,30.1816,42.2113,33.6587,40.3251

3953.8900,49.3736,50.2868,37.0191,37.0364,37.3019,37.1604,44.2156,30.1847,42.2035,33.6725,40.3223

3954.8900,49.3828,50.2727,37.0347,37.0100,37.2822,37.1514,44.2205,30.1955,42.1965,33.6734,40.3187

3955.8900,49.3802,50.4163,37.0313,37.0215,37.2670,37.1563,44.2138,30.1764,42.2233,33.6664,40.3329

3956.8900,49.3754,50.4286,37.0358,37.0204,37.3004,37.1430,44.1877,30.1682,42.2321,33.6556,40.3325

3957.8900,49.3585,50.4099,37.0445,37.0193,37.3034,37.1489,44.2042,30.1679,42.2271,33.6584,40.3321

3958.8900,49.3759,50.4079,37.0392,37.0097,37.2953,37.1716,44.1808,30.1636,42.2256,33.6676,40.3305

3959.8900,49.3787,50.3875,37.0831,37.0153,37.2930,37.1585,44.1822,30.1649,42.2315,33.6617,40.3329

3960.8900,49.3793,50.3374,37.0520,37.0277,37.3071,37.1479,44.1940,30.1608,42.2207,33.6544,40.3258

3961.8900,49.3658,50.3498,37.0594,37.0141,37.3151,37.1610,44.1953,30.1754,42.2208,33.6682,40.3295

3962.8900,49.3769,50.3819,36.9863,37.0386,37.3005,37.1413,44.2201,30.1641,42.2168,33.6527,40.3262

3963.8900,49.3662,50.3610,37.0044,37.0558,37.3271,37.1632,44.2140,30.1546,42.2229,33.6589,40.3308

3964.8900,49.3699,50.3958,37.0125,37.0354,37.3070,37.1758,44.2239,30.1753,42.2241,33.6756,40.3370

3965.8910,49.3913,50.3812,37.0697,37.0375,37.3221,37.1694,44.2292,30.1844,42.2403,33.6769,40.3481

3966.8910,49.3874,50.4215,37.0608,37.0132,37.3154,37.1421,44.2357,30.1903,42.2397,33.6662,40.3458

3967.8900,49.3846,50.4175,37.0489,37.0096,37.3349,37.1775,44.2424,30.1836,42.2391,33.6806,40.3499

3968.8900,49.3670,50.4380,36.9921,36.9972,37.3298,37.1458,44.2296,30.1861,42.2248,33.6659,40.3357

3969.8900,49.3907,50.4254,37.0443,37.0041,37.3154,37.1655,44.2411,30.1715,42.2360,33.6685,40.3448

3970.8900,49.3781,50.3765,37.0723,36.9733,37.3204,37.1752,44.2504,30.1879,42.2241,33.6815,40.3418

3971.8900,49.3751,50.3902,37.0549,36.9531,37.3254,37.1563,44.2373,30.1971,42.2198,33.6767,40.3362

3972.8900,49.3787,50.3874,37.0077,36.9465,37.3192,37.1829,44.2168,30.1641,42.2079,33.6735,40.3254

3973.8900,49.3837,50.4035,37.0216,36.9670,37.3313,37.1669,44.2325,30.1903,42.2214,33.6786,40.3371

3974.8910,49.3727,50.4558,37.0680,36.9821,37.3271,37.1748,44.2090,30.2002,42.2411,33.6875,40.3487

3975.8900,49.3856,50.4908,37.0426,36.9992,37.3368,37.1879,44.2227,30.1790,42.2510,33.6834,40.3556

3976.8900,49.3743,50.5062,37.0484,37.0195,37.2941,37.1788,44.2174,30.1614,42.2485,33.6701,40.3500

3977.8900,49.4010,50.5323,37.0818,37.0183,37.3113,37.1652,44.2000,30.1830,42.2690,33.6741,40.3616

3978.8900,49.3772,50.4728,37.0833,37.0043,37.3172,37.1528,44.2144,30.1700,42.2510,33.6614,40.3490

3979.8900,49.3786,50.4633,37.0854,37.0004,37.3186,37.1645,44.1956,30.1733,42.2493,33.6689,40.3475

3980.8900,49.3861,50.4871,37.0254,37.0015,37.3043,37.1712,44.2204,30.1702,42.2409,33.6707,40.3458

3981.8900,49.3777,50.4849,37.0339,37.0091,37.3149,37.1529,44.2261,30.1715,42.2441,33.6622,40.3464

3982.8900,49.3718,50.4203,37.1027,37.0074,37.3080,37.1618,44.2225,30.1829,42.2420,33.6723,40.3472

3983.8900,49.3857,50.4270,37.0170,36.9955,37.3319,37.1829,44.2330,30.1745,42.2314,33.6787,40.3434

3984.8900,49.3795,50.4402,37.0593,37.0130,37.3144,37.1902,44.2495,30.1865,42.2413,33.6883,40.3541

3985.8900,49.3949,50.4476,37.0788,37.0190,37.3584,37.1529,44.2327,30.1753,42.2597,33.6641,40.3575

3986.8900,49.3773,50.4582,37.0531,37.0111,37.3117,37.2038,44.2550,30.1636,42.2423,33.6837,40.3542

3987.8900,49.3882,50.4689,37.0742,36.9901,37.3456,37.1807,44.2253,30.1728,42.2534,33.6767,40.3557

3988.8900,49.3878,50.4376,37.0715,37.0206,37.3316,37.1803,44.2282,30.1926,42.2498,33.6865,40.3563

3989.8900,49.4043,50.4077,37.0563,37.0353,37.3216,37.1703,44.2247,30.1665,42.2450,33.6684,40.3484

3990.8900,49.3728,50.4024,37.0252,37.0060,37.3291,37.1956,44.2374,30.1807,42.2271,33.6881,40.3437

3991.8900,49.3889,50.4667,37.0608,37.0491,37.3206,37.1936,44.2120,30.1759,42.2572,33.6847,40.3585

3992.8900,49.3863,50.4080,37.0071,37.0239,37.3492,37.1984,44.2088,30.1816,42.2349,33.6900,40.3454

3993.8900,49.3848,50.4073,37.0484,37.0110,37.3090,37.2053,44.2159,30.1881,42.2321,33.6967,40.3462

3994.8910,49.4166,50.4073,37.0414,37.0390,37.3276,37.1824,44.2350,30.1702,42.2464,33.6763,40.3524

3995.8900,49.3930,50.3890,37.0197,37.0449,37.3425,37.1790,44.2171,30.1988,42.2378,33.6889,40.3480

3996.8900,49.3956,50.4368,36.9783,37.0259,37.3190,37.1807,44.2182,30.1709,42.2311,33.6758,40.3407

3997.8900,49.3856,50.4260,37.0514,37.0103,37.3154,37.2075,44.2087,30.1885,42.2378,33.6980,40.3492

3998.8900,49.3858,50.5176,37.0380,37.0067,37.3329,37.1932,44.2205,30.1910,42.2562,33.6921,40.3607

3999.8900,49.4015,50.4663,37.0492,36.9983,37.3394,37.1835,44.2348,30.1798,42.2509,33.6816,40.3566

4000.8900,49.3888,50.4709,37.0711,36.9898,37.3317,37.1823,44.2450,30.1758,42.2505,33.6790,40.3569

4001.8900,49.4058,50.5114,37.0476,36.9841,37.3265,37.1794,44.2509,30.1865,42.2551,33.6829,40.3615

4002.8900,49.3967,50.4806,37.0669,36.9875,37.3388,37.2071,44.2539,30.1838,42.2541,33.6954,40.3644

4003.8900,49.3940,50.4737,37.0543,36.9997,37.3290,37.1773,44.2386,30.1716,42.2502,33.6744,40.3548

4004.8900,49.3987,50.4320,37.0509,37.0079,37.3198,37.1928,44.2537,30.1905,42.2419,33.6917,40.3558

4005.8900,49.4016,50.4490,37.0144,37.0041,37.3171,37.1808,44.2328,30.1911,42.2373,33.6859,40.3489

4006.8900,49.4133,50.4548,37.0254,37.0165,37.3289,37.1842,44.2451,30.1894,42.2478,33.6868,40.3572

4007.8900,49.3951,50.4116,37.0107,37.0042,37.3175,37.1933,44.2454,30.1878,42.2278,33.6905,40.3457

4008.8900,49.4060,50.3700,37.0556,37.0028,37.3252,37.2066,44.2347,30.1908,42.2319,33.6987,40.3490

4009.8900,49.4038,50.4086,37.0408,37.0151,37.3244,37.1988,44.2353,30.1895,42.2385,33.6941,40.3520

4010.8900,49.4121,50.4339,37.0445,36.9992,37.3314,37.2095,44.2088,30.1623,42.2442,33.6859,40.3502

4011.8910,49.4138,50.4010,37.0224,37.0088,37.3448,37.1865,44.2277,30.2063,42.2381,33.6964,40.3514

4012.8900,49.4068,50.3936,37.0429,37.0256,37.3326,37.2037,44.2268,30.1742,42.2403,33.6890,40.3508

4013.8910,49.4065,50.3980,37.0833,37.0394,37.3440,37.1749,44.2214,30.2026,42.2542,33.6888,40.3588

4014.8900,49.4082,50.3912,37.1124,37.0405,37.3125,37.1804,44.2179,30.2020,42.2530,33.6912,40.3581

4015.8900,49.3939,50.3368,37.0383,37.0719,37.3275,37.1949,44.2282,30.1889,42.2337,33.6919,40.3476

4016.8900,49.3905,50.3712,37.0395,37.0428,37.3255,37.1821,44.2206,30.2080,42.2339,33.6951,40.3475

4017.8900,49.3799,50.3780,37.0230,37.0244,37.3349,37.1635,44.2446,30.2086,42.2281,33.6860,40.3446

4018.8900,49.3960,50.4089,37.0477,37.0192,37.3400,37.1602,44.2477,30.2146,42.2423,33.6874,40.3543

4019.8900,49.3978,50.3712,37.0801,37.0315,37.3166,37.1667,44.2562,30.1990,42.2394,33.6828,40.3524

4020.8900,49.4091,50.4026,37.1175,36.9862,37.3424,37.1864,44.2512,30.2039,42.2516,33.6952,40.3624

4021.8900,49.4085,50.4332,37.0396,37.0031,37.3236,37.1798,44.2550,30.1911,42.2416,33.6854,40.3542

4022.8900,49.4007,50.4703,37.0308,36.9649,37.3390,37.1840,44.2527,30.2061,42.2411,33.6950,40.3561

4023.8900,49.4197,50.4868,37.0461,36.9830,37.3391,37.1995,44.2461,30.1827,42.2549,33.6911,40.3629

4024.8900,49.3955,50.4097,37.0490,37.0013,37.3342,37.1843,44.2425,30.1933,42.2379,33.6888,40.3512

4025.8900,49.3817,50.3342,37.0072,37.0138,37.3306,37.1905,44.2280,30.1910,42.2135,33.6908,40.3346

4026.8900,49.4019,50.3237,37.0274,37.0283,37.3389,37.1955,44.2229,30.1722,42.2240,33.6838,40.3388

4027.8900,49.3903,50.3742,37.0700,37.0121,37.3164,37.1618,44.2068,30.1890,42.2326,33.6754,40.3401

4028.8900,49.3973,50.4301,37.0817,37.0163,37.3333,37.1806,44.2110,30.1825,42.2517,33.6815,40.3541

4029.8910,49.4096,50.3668,37.0299,37.0028,37.3345,37.1883,44.2366,30.1851,42.2287,33.6867,40.3442

4030.8900,49.4018,50.4725,37.0096,36.9998,37.3467,37.2024,44.2373,30.1922,42.2461,33.6973,40.3578

4031.8900,49.3983,50.5274,37.0535,37.0241,37.3156,37.1932,44.2424,30.1774,42.2638,33.6853,40.3665

4032.8900,49.4228,50.5049,37.0317,37.0083,37.3502,37.1811,44.2416,30.1887,42.2636,33.6849,40.3662

4033.8900,49.4049,50.4630,37.0636,37.0117,37.3269,37.1985,44.2413,30.1892,42.2540,33.6939,40.3624

4034.8900,49.4220,50.5077,37.0765,37.0144,37.3283,37.1938,44.2611,30.2118,42.2698,33.7028,40.3770

4035.8900,49.4108,50.4708,37.0397,37.0332,37.3301,37.1975,44.2830,30.2160,42.2569,33.7067,40.3726

4036.8900,49.3913,50.5169,37.0000,37.0224,37.3095,37.2114,44.2606,30.1858,42.2480,33.6986,40.3622

4037.8900,49.4003,50.4658,36.9936,37.0380,37.3316,37.1892,44.2655,30.2198,42.2459,33.7045,40.3630

4038.8900,49.4122,50.4121,37.0079,37.0215,37.3488,37.1709,44.2630,30.2033,42.2405,33.6871,40.3549

4039.8910,49.4253,50.4707,37.0438,37.0209,37.3392,37.1692,44.2629,30.1983,42.2600,33.6838,40.3663

4040.8900,49.4078,50.5430,37.0515,37.0132,37.3402,37.1917,44.2501,30.1871,42.2711,33.6894,40.3731

4041.8900,49.4171,50.5425,37.0216,37.0332,37.3458,37.1651,44.2478,30.1824,42.2720,33.6737,40.3694

4042.8900,49.4199,50.4420,37.0401,37.0321,37.3174,37.1796,44.2378,30.2017,42.2503,33.6907,40.3588

4043.8900,49.3941,50.4739,37.0256,37.0307,37.3263,37.2077,44.2267,30.2145,42.2501,33.7111,40.3624

4044.8900,49.3869,50.4999,37.0696,37.0257,37.3335,37.1874,44.2360,30.1983,42.2631,33.6928,40.3672

4045.8900,49.4077,50.4731,37.0691,37.0182,37.3391,37.1943,44.2216,30.2255,42.2614,33.7099,40.3686

4046.8910,49.4078,50.4021,37.0436,37.0160,37.3458,37.1949,44.2339,30.1899,42.2430,33.6924,40.3542

4047.8910,49.4177,50.4462,37.0167,37.0204,37.3385,37.1676,44.2494,30.1831,42.2479,33.6753,40.3550

4048.8900,49.4225,50.4317,37.0441,36.9932,37.3213,37.1953,44.2381,30.1930,42.2425,33.6941,40.3549

4049.8900,49.4151,50.3701,37.0346,37.0005,37.3396,37.1804,44.2533,30.1931,42.2320,33.6867,40.3483

4050.8900,49.4351,50.4712,37.0027,37.0041,37.3500,37.1725,44.2629,30.1847,42.2526,33.6786,40.3604

4051.8910,49.4431,50.4526,37.0662,37.0293,37.3254,37.1895,44.2434,30.1975,42.2633,33.6935,40.3684

4052.8910,49.4154,50.3894,37.0920,37.0238,37.3441,37.1848,44.2407,30.2079,42.2529,33.6964,40.3622

4053.8900,49.4265,50.3880,37.0485,37.0536,37.3418,37.1821,44.2550,30.1896,42.2517,33.6858,40.3606

4054.8900,49.4373,50.4884,37.0355,37.0439,37.3461,37.1869,44.2370,30.1860,42.2702,33.6864,40.3701

4055.8900,49.4430,50.5160,37.0794,37.0289,37.3538,37.1586,44.2388,30.1946,42.2842,33.6766,40.3766

4056.8900,49.4344,50.5061,37.0543,37.0543,37.3344,37.1719,44.2432,30.2010,42.2767,33.6864,40.3750

4057.8900,49.4541,50.4306,37.0860,37.0243,37.3430,37.1842,44.2180,30.1824,42.2676,33.6833,40.3653

4058.8900,49.4493,50.3647,37.0586,37.0549,37.3465,37.1756,44.2451,30.1944,42.2548,33.6850,40.3612

4059.8900,49.4694,50.3388,37.0558,37.0067,37.3295,37.1740,44.2470,30.1984,42.2400,33.6862,40.3524

4060.8900,49.4157,50.3749,37.0338,37.0278,37.3313,37.1702,44.2595,30.1970,42.2367,33.6836,40.3513

4061.8900,49.4263,50.3938,37.0698,37.0068,37.3444,37.1711,44.2553,30.2129,42.2482,33.6920,40.3601

4062.8900,49.4415,50.4099,37.0706,37.0361,37.3490,37.1893,44.2654,30.1936,42.2614,33.6914,40.3694

4063.8900,49.4408,50.4425,37.0858,37.0625,37.3342,37.1773,44.2620,30.2093,42.2732,33.6933,40.3768

4064.8900,49.4432,50.4084,37.0664,37.0687,37.3357,37.1680,44.2579,30.2065,42.2645,33.6873,40.3694

4065.8910,49.4449,50.3933,37.0838,37.0623,37.3309,37.1745,44.2604,30.2027,42.2630,33.6886,40.3691

4066.8900,49.4196,50.3715,37.1084,37.0626,37.3352,37.1998,44.2566,30.2150,42.2595,33.7074,40.3711

4067.8900,49.4107,50.3247,37.1149,37.0579,37.3277,37.1689,44.2648,30.2013,42.2472,33.6851,40.3589

4068.8900,49.4250,50.3837,37.0774,37.0535,37.3370,37.1787,44.2661,30.2116,42.2553,33.6951,40.3666

4069.8900,49.4265,50.3567,37.0416,37.0682,37.3277,37.1830,44.2561,30.2192,42.2442,33.7011,40.3599

4070.8900,49.4212,50.4015,37.0608,37.0790,37.3271,37.1842,44.2417,30.1908,42.2579,33.6875,40.3633

4071.8900,49.4247,50.3857,37.0458,37.0570,37.3395,37.1784,44.2347,30.2169,42.2505,33.6977,40.3603

4072.8900,49.4436,50.2731,37.0701,37.0440,37.3520,37.1923,44.2241,30.2018,42.2366,33.6971,40.3501

4073.8900,49.4285,50.3655,37.0285,37.0514,37.3289,37.1892,44.2394,30.2020,42.2406,33.6956,40.3542

4074.8900,49.4177,50.3787,37.0722,37.0578,37.3329,37.1863,44.2433,30.1957,42.2519,33.6910,40.3606

4075.8900,49.4315,50.4018,37.0746,37.0283,37.3612,37.1950,44.2545,30.1918,42.2595,33.6934,40.3673

4076.8900,49.4205,50.3680,37.0358,37.0414,37.2993,37.1896,44.2498,30.1958,42.2330,33.6927,40.3500

4077.8900,49.4444,50.4273,37.0560,37.0434,37.3388,37.1996,44.2806,30.1899,42.2620,33.6948,40.3725

4078.8900,49.4196,50.4472,37.0532,37.0570,37.3470,37.2041,44.2695,30.2033,42.2648,33.7037,40.3751

4079.8900,49.4355,50.4159,37.0729,37.0505,37.3383,37.2094,44.2580,30.1729,42.2626,33.6911,40.3692

4080.8900,49.4465,50.3919,37.1024,37.0585,37.3512,37.2092,44.2859,30.2043,42.2701,33.7068,40.3812

4081.8900,49.4294,50.4401,37.1227,37.0704,37.3340,37.2074,44.2823,30.2194,42.2793,33.7134,40.3882

4082.8900,49.4377,50.4380,37.0154,37.0747,37.3503,37.2196,44.2834,30.2109,42.2632,33.7152,40.3788

4083.8900,49.4227,50.4614,37.0115,37.0680,37.3286,37.2133,44.2851,30.2069,42.2585,33.7101,40.3747

4084.8900,49.4347,50.4369,37.0013,37.0779,37.3267,37.1908,44.2680,30.2078,42.2555,33.6993,40.3680

4085.8900,49.4479,50.3739,37.0408,37.0730,37.3591,37.1873,44.2608,30.1869,42.2589,33.6871,40.3662

4086.8900,49.4414,50.4204,37.0635,37.0673,37.3559,37.1911,44.2779,30.1841,42.2697,33.6876,40.3752

4087.8900,49.4377,50.4533,37.0323,37.0785,37.3530,37.1975,44.2515,30.2000,42.2710,33.6988,40.3755

4088.8900,49.4318,50.4232,37.0921,37.0790,37.3611,37.2206,44.2255,30.1828,42.2775,33.7017,40.3770

4089.8910,49.4429,50.4291,37.0246,37.0853,37.3354,37.1906,44.2425,30.1771,42.2635,33.6839,40.3659

4090.8900,49.4183,50.4447,37.0129,37.0754,37.3601,37.2172,44.2405,30.1916,42.2623,33.7044,40.3701

4091.8900,49.4374,50.4473,37.0094,37.0655,37.3337,37.1898,44.2394,30.1754,42.2587,33.6826,40.3622

4092.8900,49.4476,50.4587,37.0980,37.0686,37.3537,37.1977,44.2616,30.1889,42.2853,33.6933,40.3844

4093.8900,49.4512,50.4504,37.1111,37.0495,37.3442,37.1701,44.2597,30.1954,42.2813,33.6827,40.3789

4094.8900,49.4287,50.4520,37.0660,37.0328,37.3370,37.1894,44.2798,30.2173,42.2633,33.7033,40.3754

4095.8900,49.4435,50.4468,37.1415,37.0346,37.3342,37.1936,44.2676,30.2045,42.2801,33.6991,40.3833

4096.8900,49.4233,50.4962,37.0906,37.0434,37.3628,37.1886,44.2644,30.2056,42.2833,33.6971,40.3844

4097.8900,49.4173,50.5072,37.0554,37.0508,37.3470,37.1915,44.2940,30.1789,42.2755,33.6852,40.3802

4098.8900,49.4616,50.5454,37.0890,37.0535,37.3753,37.1680,44.2837,30.1881,42.3049,33.6780,40.3956

4099.8900,49.4428,50.4367,37.0590,37.0468,37.3344,37.1686,44.2817,30.2005,42.2640,33.6846,40.3713

4100.8900,49.4366,50.4161,37.0036,37.0578,37.3529,37.1946,44.2712,30.1942,42.2534,33.6944,40.3659

4101.8900,49.4708,50.3780,37.0243,37.0328,37.3361,37.1722,44.2723,30.2032,42.2484,33.6877,40.3612

4102.8900,49.4465,50.3757,37.0142,37.0426,37.3348,37.1387,44.2803,30.2019,42.2428,33.6703,40.3543

4103.8900,49.4659,50.4643,37.0177,37.0588,37.3414,37.1976,44.2532,30.2297,42.2696,33.7136,40.3786

4104.8900,49.4785,50.4734,37.0605,37.0596,37.3355,37.1860,44.2652,30.2011,42.2815,33.6936,40.3825

4105.8900,49.4712,50.4663,37.1547,37.0557,37.3262,37.1824,44.2427,30.1885,42.2948,33.6855,40.3860

4106.8900,49.4902,50.4439,37.1148,37.0429,37.3439,37.2043,44.2574,30.2064,42.2871,33.7053,40.3880

4107.8900,49.4590,50.3982,37.0654,37.0392,37.3475,37.1771,44.2630,30.2044,42.2619,33.6907,40.3692

4108.8900,49.4725,50.4508,37.0811,37.0382,37.3382,37.1832,44.2670,30.1964,42.2762,33.6898,40.3784

4109.8900,49.4904,50.4568,37.1007,37.0209,37.3404,37.1597,44.2568,30.1831,42.2818,33.6714,40.3761

4110.8900,49.4798,50.4726,37.1172,37.0481,37.3186,37.1939,44.2741,30.1869,42.2872,33.6904,40.3864

4111.8900,49.4766,50.4988,37.0713,37.0503,37.3354,37.1822,44.2768,30.2015,42.2865,33.6919,40.3866

4112.8900,49.4564,50.4954,37.0375,37.0403,37.3280,37.1721,44.2631,30.2190,42.2715,33.6955,40.3765

4113.8900,49.4469,50.4693,37.0649,37.0368,37.3334,37.1546,44.2769,30.2188,42.2703,33.6867,40.3752

4114.8900,49.4442,50.4299,37.0759,37.0428,37.3311,37.1817,44.2688,30.1888,42.2648,33.6852,40.3704

4115.8900,49.4765,50.3979,37.0628,37.0595,37.3297,37.1779,44.2585,30.1882,42.2653,33.6831,40.3689

4116.8900,49.4897,50.4010,37.0345,37.0378,37.3271,37.1665,44.2588,30.1970,42.2580,33.6817,40.3640

4117.8900,49.4865,50.4091,37.0675,37.0460,37.3351,37.1660,44.2646,30.1984,42.2688,33.6822,40.3716

4118.8910,49.4777,50.4525,37.1169,37.0492,37.3365,37.1796,44.2534,30.2144,42.2866,33.6970,40.3850

4119.8900,49.4718,50.3959,37.1382,37.0715,37.3217,37.1830,44.2644,30.2089,42.2798,33.6959,40.3819

4120.8910,49.4947,50.3961,37.0609,37.0693,37.3350,37.1678,44.2766,30.1936,42.2712,33.6807,40.3743

4121.8900,49.4778,50.3990,37.0979,37.0325,37.3450,37.1988,44.2735,30.1999,42.2704,33.6993,40.3780

4122.8900,49.4751,50.4460,37.1086,37.0623,37.3442,37.1737,44.2711,30.2282,42.2872,33.7010,40.3886

4123.8900,49.4675,50.4477,37.1047,37.0505,37.3342,37.1726,44.2547,30.1918,42.2809,33.6822,40.3780

4124.8900,49.4682,50.4787,37.0804,37.0827,37.3349,37.2111,44.2677,30.2019,42.2890,33.7065,40.3907

4125.8900,49.4812,50.5249,37.1168,37.0990,37.3485,37.1780,44.2626,30.1903,42.3141,33.6841,40.4002

4126.8900,49.4737,50.5445,37.0829,37.0806,37.3329,37.1807,44.2697,30.1953,42.3029,33.6880,40.3950

4127.8900,49.4762,50.5549,37.0939,37.0799,37.3345,37.1916,44.2644,30.2204,42.3079,33.7060,40.4020

4128.8900,49.4763,50.5277,37.0987,37.0627,37.3332,37.1772,44.2483,30.2139,42.2997,33.6956,40.3923

4129.8910,49.4693,50.4788,37.1389,37.0595,37.3453,37.2192,44.2535,30.2129,42.2984,33.7161,40.3972

4130.8900,49.4824,50.4931,37.1300,37.0642,37.3385,37.2152,44.2660,30.2098,42.3017,33.7125,40.3999

4131.8900,49.4572,50.4442,37.0819,37.0693,37.3443,37.1920,44.2804,30.2053,42.2794,33.6987,40.3843

4132.8900,49.4388,50.4273,37.0835,37.0611,37.3425,37.1655,44.2717,30.1978,42.2706,33.6817,40.3735

4133.8900,49.4661,50.3399,37.0652,37.0718,37.3528,37.1880,44.2703,30.1984,42.2592,33.6932,40.3690

4134.8900,49.4588,50.3330,37.0415,37.0541,37.3445,37.1698,44.2690,30.1989,42.2464,33.6844,40.3587

4135.8910,49.4603,50.3660,37.0548,37.0445,37.3591,37.1900,44.2826,30.1840,42.2569,33.6870,40.3677

4136.8900,49.4428,50.4004,37.0531,37.0615,37.3638,37.1635,44.2986,30.1916,42.2643,33.6776,40.3719

4137.8900,49.4904,50.4244,37.0642,37.0820,37.3480,37.1686,44.2790,30.1818,42.2818,33.6752,40.3798

4138.8900,49.4824,50.4897,37.1088,37.1139,37.3487,37.1797,44.3108,30.1971,42.3087,33.6884,40.4039

4139.8900,49.4597,50.4770,37.0591,37.0997,37.3542,37.1693,44.2948,30.1984,42.2900,33.6839,40.3890

4140.8900,49.4552,50.4457,37.0536,37.1143,37.3507,37.1877,44.2777,30.1722,42.2839,33.6800,40.3821

4141.8900,49.4673,50.3769,37.1213,37.0900,37.3283,37.2079,44.2759,30.1949,42.2768,33.7014,40.3828

4142.8900,49.4481,50.3350,37.1178,37.0963,37.3239,37.1838,44.2650,30.1886,42.2642,33.6862,40.3698

4143.8900,49.4614,50.3909,37.0790,37.0855,37.3368,37.1935,44.2607,30.1724,42.2707,33.6829,40.3725

4144.8900,49.4556,50.4019,37.0962,37.1055,37.3300,37.2035,44.2606,30.1985,42.2778,33.7010,40.3815

4145.8900,49.4718,50.4785,37.1405,37.1181,37.3394,37.1867,44.2648,30.1783,42.3097,33.6825,40.3973

4146.8900,49.4877,50.5154,37.1301,37.1063,37.3447,37.1794,44.2944,30.1705,42.3169,33.6750,40.4036

4147.8900,49.4604,50.5146,37.1283,37.1078,37.3415,37.2187,44.2875,30.1912,42.3105,33.7049,40.4062

4148.8900,49.4900,50.4755,37.1071,37.1010,37.3428,37.1994,44.3123,30.1794,42.3033,33.6894,40.4009

4149.8900,49.4632,50.4105,37.0773,37.1049,37.3358,37.1883,44.3208,30.1968,42.2783,33.6925,40.3872

4150.8900,49.4554,50.3841,37.0628,37.0829,37.3597,37.2019,44.3018,30.1866,42.2690,33.6942,40.3794

4151.8900,49.4822,50.4170,37.0545,37.0960,37.3583,37.1860,44.3148,30.1964,42.2816,33.6912,40.3882

4152.8900,49.4700,50.4619,37.0966,37.0989,37.3554,37.2050,44.3047,30.1967,42.2966,33.7009,40.3987

4153.8900,49.4794,50.4334,37.0715,37.0874,37.3705,37.1949,44.2914,30.1936,42.2885,33.6942,40.3903

4154.8900,49.4681,50.3773,37.0783,37.0994,37.3273,37.1872,44.3047,30.2014,42.2701,33.6943,40.3805

4155.8900,49.4707,50.3579,37.0844,37.1073,37.3546,37.2070,44.2944,30.1819,42.2750,33.6945,40.3823

4156.8900,49.4772,50.3426,37.0685,37.1330,37.3551,37.1805,44.2972,30.1781,42.2753,33.6793,40.3790

4157.8900,49.4714,50.3804,37.0454,37.1141,37.3418,37.1872,44.2859,30.1864,42.2706,33.6868,40.3766

4158.8900,49.4711,50.4632,37.0970,37.1133,37.3410,37.1949,44.2828,30.2063,42.2971,33.7006,40.3962

4159.8900,49.4684,50.4345,37.0773,37.1044,37.3360,37.1987,44.2791,30.2026,42.2841,33.7006,40.3876

4160.8900,49.4741,50.4615,37.0845,37.0771,37.3660,37.2040,44.2890,30.1933,42.2927,33.6987,40.3937

4161.8900,49.4815,50.4713,37.1000,37.0963,37.3488,37.1643,44.2793,30.1845,42.2996,33.6744,40.3908

4162.8900,49.4682,50.4186,37.0907,37.0823,37.3465,37.2004,44.2719,30.1864,42.2813,33.6934,40.3831

4163.8900,49.4743,50.4341,37.0301,37.0838,37.3456,37.1729,44.2683,30.2086,42.2736,33.6907,40.3772

4164.8900,49.4727,50.3832,37.0227,37.0628,37.3557,37.2002,44.2832,30.1858,42.2594,33.6930,40.3708

4165.8900,49.4923,50.4122,37.0771,37.0608,37.3433,37.1915,44.2877,30.1818,42.2771,33.6866,40.3808

4166.8900,49.4641,50.4379,37.1031,37.0817,37.3475,37.2051,44.2782,30.1917,42.2869,33.6984,40.3887

4167.8900,49.4800,50.3946,37.0496,37.0781,37.3565,37.2015,44.2821,30.2045,42.2717,33.7030,40.3808

4168.8900,49.4836,50.3979,37.0636,37.0711,37.3555,37.1851,44.3040,30.2101,42.2744,33.6976,40.3839

4169.8910,49.4608,50.3947,37.0903,37.0926,37.3796,37.2055,44.2938,30.1944,42.2836,33.6999,40.3890

4170.8900,49.4687,50.3562,37.0752,37.0798,37.3825,37.2172,44.3057,30.1742,42.2725,33.6957,40.3824

4171.8900,49.4527,50.3059,37.1318,37.0837,37.3453,37.1987,44.3174,30.1847,42.2639,33.6917,40.3775

4172.8900,49.4731,50.3531,37.0717,37.0661,37.3576,37.1965,44.2873,30.1787,42.2643,33.6876,40.3730

4173.8900,49.4711,50.4053,37.0767,37.0814,37.3597,37.2149,44.2910,30.1936,42.2788,33.7043,40.3867

4174.8900,49.4647,50.4074,37.1587,37.0709,37.3630,37.1959,44.2746,30.2068,42.2930,33.7013,40.3928

4175.8900,49.4778,50.3206,37.0925,37.0747,37.3707,37.2175,44.2918,30.2098,42.2673,33.7137,40.3819

4176.8900,49.4897,50.2763,37.0444,37.0794,37.3720,37.2165,44.2853,30.1650,42.2523,33.6908,40.3661

4177.8900,49.4671,50.3126,37.0760,37.1002,37.3809,37.1932,44.2772,30.1792,42.2673,33.6862,40.3733

4178.8900,49.4727,50.3317,37.0705,37.1125,37.3529,37.2091,44.2862,30.1915,42.2681,33.7003,40.3784

4179.8900,49.4626,50.4122,37.1005,37.1038,37.3698,37.2251,44.2942,30.2033,42.2898,33.7142,40.3964

4180.8900,49.4605,50.4373,37.0858,37.1040,37.3658,37.2122,44.3129,30.1941,42.2907,33.7031,40.3966

4181.8910,49.4724,50.3854,37.1308,37.1080,37.3787,37.2106,44.2965,30.1751,42.2950,33.6929,40.3947

4182.8900,49.4751,50.4409,37.1155,37.0973,37.3521,37.2087,44.2994,30.1666,42.2962,33.6877,40.3944

4183.8910,49.4846,50.5170,37.1271,37.0953,37.3621,37.2150,44.3271,30.1880,42.3172,33.7015,40.4145

4184.8900,49.4830,50.4782,37.0911,37.1074,37.3647,37.2144,44.3261,30.1709,42.3049,33.6926,40.4045

4185.8900,49.4793,50.5168,37.1400,37.1218,37.3708,37.2120,44.2935,30.1901,42.3257,33.7011,40.4155

4186.8900,49.4779,50.5464,37.1082,37.1199,37.3881,37.2116,44.2981,30.1977,42.3281,33.7047,40.4185

4187.8900,49.4813,50.5865,37.1497,37.0946,37.3714,37.2187,44.3227,30.1917,42.3367,33.7052,40.4271

4188.8900,49.4865,50.5422,37.1721,37.0764,37.3827,37.2174,44.3138,30.1829,42.3320,33.7002,40.4218

4189.8900,49.4758,50.4743,37.1212,37.0829,37.3738,37.2370,44.3059,30.1899,42.3056,33.7135,40.4076

4190.8900,49.4822,50.4281,37.1194,37.0549,37.3723,37.2192,44.3092,30.1936,42.2914,33.7064,40.3974

4191.8910,49.4911,50.4656,37.1167,37.0723,37.3598,37.2192,44.2936,30.1763,42.3011,33.6977,40.3993

4192.8900,49.4659,50.4780,37.1208,37.0709,37.3573,37.2354,44.3005,30.1996,42.2986,33.7175,40.4035

4193.8900,49.4732,50.4897,37.1513,37.0976,37.3744,37.2301,44.2797,30.1731,42.3172,33.7016,40.4086

4194.8900,49.4724,50.4704,37.0809,37.0949,37.3853,37.2415,44.2891,30.1672,42.3008,33.7044,40.4002

4195.8900,49.4912,50.4979,37.0615,37.1012,37.3683,37.2236,44.2893,30.1811,42.3040,33.7023,40.4017

4196.8900,49.4791,50.4510,37.0258,37.1258,37.3701,37.2282,44.2849,30.1711,42.2904,33.6996,40.3920

4197.8900,49.4650,50.4734,37.0508,37.0961,37.3713,37.2261,44.2981,30.2052,42.2913,33.7156,40.3982

4198.8900,49.4601,50.4690,37.0879,37.0996,37.3799,37.2067,44.3016,30.1645,42.2993,33.6856,40.3962

4199.8900,49.4755,50.4090,37.0917,37.1052,37.3908,37.2465,44.3188,30.2018,42.2944,33.7242,40.4049

4200.8900,49.4879,50.4658,37.1253,37.0996,37.4108,37.2240,44.3119,30.1782,42.3179,33.7011,40.4130

4201.8900,49.4914,50.4729,37.1390,37.0919,37.3657,37.2485,44.3232,30.1695,42.3122,33.7090,40.4128

4202.8910,49.4834,50.5043,37.1670,37.1114,37.3884,37.2404,44.3157,30.1980,42.3309,33.7192,40.4261

4203.8900,49.4709,50.4300,37.1512,37.1078,37.3889,37.2362,44.3093,30.1798,42.3098,33.7080,40.4093

4204.8900,49.4767,50.5047,37.1426,37.1202,37.3985,37.2337,44.3063,30.1842,42.3285,33.7090,40.4209

4205.8910,49.4682,50.4786,37.1135,37.0850,37.3708,37.2386,44.2941,30.1977,42.3032,33.7181,40.4058

4206.8900,49.4907,50.4770,37.0834,37.0778,37.3776,37.2394,44.2781,30.1773,42.3013,33.7083,40.4002

4207.8900,49.4874,50.4394,37.0823,37.0790,37.3850,37.2384,44.2877,30.1852,42.2946,33.7118,40.3981

4208.8900,49.4860,50.4381,37.0828,37.0753,37.3892,37.2416,44.2705,30.1927,42.2943,33.7172,40.3970

4209.8900,49.4961,50.3874,37.1114,37.0858,37.3775,37.2425,44.2786,30.1875,42.2916,33.7150,40.3959

4210.8900,49.4787,50.3880,37.1116,37.0588,37.3758,37.2142,44.3057,30.1769,42.2826,33.6956,40.3887

4211.8900,49.4712,50.4249,37.1045,37.0662,37.3995,37.2477,44.3167,30.2021,42.2932,33.7249,40.4041

4212.8900,49.4984,50.4795,37.0919,37.0807,37.3914,37.2322,44.3214,30.1738,42.3084,33.7030,40.4087

4213.8900,49.4847,50.5039,37.1087,37.0825,37.3618,37.2203,44.3130,30.1675,42.3083,33.6939,40.4053

4214.8900,49.4963,50.4609,37.1586,37.1147,37.3889,37.2460,44.3348,30.2027,42.3239,33.7243,40.4253

4215.8910,49.5087,50.5109,37.1578,37.0948,37.3631,37.2282,44.3140,30.1707,42.3271,33.6994,40.4185

4216.8900,49.4763,50.4580,37.1454,37.1113,37.3874,37.2305,44.3230,30.1768,42.3157,33.7037,40.4136

4217.8900,49.4721,50.4485,37.1013,37.0831,37.3883,37.2332,44.3070,30.1551,42.2986,33.6942,40.3986

4218.8900,49.4804,50.4577,37.0872,37.0755,37.3897,37.2393,44.3158,30.1956,42.2981,33.7174,40.4052

4219.8900,49.4896,50.4991,37.1099,37.0852,37.3798,37.2154,44.3165,30.1710,42.3127,33.6932,40.4083

4220.8900,49.4780,50.5381,37.1321,37.0886,37.3872,37.2331,44.3102,30.1823,42.3248,33.7077,40.4187

4221.8900,49.4957,50.5597,37.1086,37.0988,37.3939,37.2384,44.3152,30.2008,42.3313,33.7196,40.4264

4222.8900,49.4774,50.6216,37.0959,37.1034,37.3796,37.2362,44.2985,30.1896,42.3356,33.7129,40.4253

4223.8900,49.4896,50.5764,37.1460,37.1016,37.3966,37.2219,44.3018,30.1908,42.3421,33.7064,40.4281

4224.8900,49.4845,50.5569,37.1272,37.0661,37.3807,37.2215,44.3054,30.1795,42.3231,33.7005,40.4152

4225.8900,49.5076,50.5093,37.0707,37.0698,37.3718,37.2154,44.3017,30.1846,42.3058,33.7000,40.4039

4226.8900,49.4939,50.4880,37.0828,37.0716,37.4154,37.2235,44.3049,30.1937,42.3104,33.7086,40.4092

4227.8900,49.5054,50.4430,37.0873,37.0953,37.3925,37.2230,44.3136,30.2111,42.3047,33.7170,40.4089

4228.8900,49.4878,50.4936,37.1198,37.0978,37.3789,37.2309,44.3189,30.1941,42.3156,33.7125,40.4152

4229.8900,49.4840,50.4659,37.1053,37.1072,37.3854,37.2178,44.3212,30.1959,42.3096,33.7068,40.4103

4230.8900,49.5085,50.5931,37.1329,37.0993,37.3873,37.2294,44.3218,30.1917,42.3442,33.7106,40.4330

4231.8910,49.4965,50.6184,37.1001,37.1197,37.3886,37.2083,44.3421,30.1681,42.3447,33.6882,40.4302

4232.8900,49.5186,50.6253,37.1599,37.1239,37.3825,37.2335,44.3184,30.1817,42.3620,33.7076,40.4430

4233.8900,49.5125,50.6359,37.1660,37.1366,37.3758,37.2124,44.3268,30.1792,42.3654,33.6958,40.4432

4234.8910,49.4824,50.6132,37.1253,37.1020,37.3865,37.2403,44.3267,30.1797,42.3419,33.7100,40.4320

4235.8900,49.5159,50.5727,37.1282,37.1198,37.3989,37.2228,44.3083,30.1728,42.3471,33.6978,40.4299

4236.8910,49.5203,50.5219,37.0764,37.1003,37.3687,37.2319,44.3195,30.1858,42.3175,33.7088,40.4156

4237.8900,49.4924,50.4947,37.0677,37.1036,37.3789,37.2393,44.3047,30.1969,42.3075,33.7181,40.4098

4238.8900,49.4763,50.5410,37.0752,37.0948,37.3734,37.2450,44.2988,30.1913,42.3121,33.7182,40.4120

4239.8900,49.4973,50.5832,37.0305,37.1188,37.3871,37.2213,44.2970,30.1822,42.3234,33.7018,40.4147

4240.8900,49.5232,50.6008,37.0427,37.1113,37.3913,37.2307,44.2906,30.1991,42.3339,33.7149,40.4237

4241.8900,49.4964,50.5669,37.0845,37.0990,37.3899,37.2391,44.2996,30.1779,42.3273,33.7085,40.4192

4242.8900,49.5156,50.5139,37.0801,37.1001,37.3860,37.2328,44.2906,30.1941,42.3191,33.7135,40.4141

4243.8910,49.5058,50.4969,37.1292,37.1175,37.3849,37.2379,44.3032,30.2011,42.3269,33.7195,40.4221

4244.8900,49.5115,50.5235,37.1560,37.1186,37.3795,37.2170,44.3136,30.2065,42.3378,33.7117,40.4283

4245.8900,49.5046,50.4925,37.1396,37.1504,37.3805,37.2292,44.3243,30.1816,42.3335,33.7054,40.4253

4246.8900,49.5127,50.4801,37.1075,37.1500,37.3681,37.2257,44.3229,30.1879,42.3237,33.7068,40.4193

4247.8900,49.5277,50.4774,37.1160,37.1244,37.3931,37.2371,44.3161,30.1651,42.3277,33.7011,40.4196

4248.8900,49.5053,50.4619,37.1372,37.1241,37.3812,37.2327,44.3459,30.1969,42.3219,33.7148,40.4232

4249.8900,49.4984,50.4700,37.1426,37.1286,37.3831,37.2304,44.3207,30.1885,42.3245,33.7095,40.4203

4250.8900,49.4993,50.4905,37.1502,37.1072,37.3700,37.2636,44.3218,30.1607,42.3234,33.7121,40.4204

4251.8900,49.4976,50.4703,37.1280,37.1224,37.3827,37.2543,44.3196,30.1881,42.3202,33.7212,40.4204

4252.8900,49.5037,50.4211,37.1291,37.1105,37.3977,37.2464,44.3245,30.1773,42.3124,33.7119,40.4138

4253.8900,49.4942,50.4547,37.1370,37.1132,37.3868,37.2499,44.3295,30.1837,42.3172,33.7168,40.4186

4254.8900,49.4995,50.4759,37.1686,37.0972,37.3987,37.2376,44.3113,30.1966,42.3280,33.7171,40.4232

4255.8900,49.4946,50.5090,37.1838,37.0858,37.3731,37.2442,44.3343,30.1718,42.3293,33.7080,40.4246

4256.8900,49.4834,50.4742,37.2033,37.0875,37.3894,37.2358,44.3170,30.1680,42.3275,33.7019,40.4198

4257.8910,49.4961,50.4581,37.1680,37.0956,37.3705,37.2468,44.3125,30.1814,42.3177,33.7141,40.4161

4258.8900,49.4749,50.4789,37.1674,37.1002,37.3809,37.2566,44.3022,30.1857,42.3205,33.7212,40.4184

4259.8900,49.5081,50.5020,37.1581,37.1194,37.3742,37.2351,44.3064,30.1908,42.3324,33.7129,40.4243

4260.8900,49.4789,50.5377,37.1424,37.0821,37.3905,37.2219,44.3321,30.1973,42.3263,33.7096,40.4228

4261.8900,49.4794,50.5060,37.1780,37.0944,37.4171,37.2121,44.3216,30.1761,42.3350,33.6941,40.4231

4262.8900,49.4853,50.4842,37.1261,37.0976,37.3923,37.2447,44.3257,30.1935,42.3171,33.7191,40.4187

4263.8900,49.4734,50.4822,37.1666,37.1176,37.4078,37.2625,44.3265,30.1865,42.3295,33.7245,40.4279

4264.8900,49.5116,50.4891,37.2133,37.0998,37.4048,37.2516,44.3287,30.1905,42.3437,33.7211,40.4362

4265.8910,49.5050,50.5147,37.1719,37.1490,37.3967,37.2389,44.3419,30.1885,42.3474,33.7137,40.4383

4266.8900,49.5054,50.5277,37.1383,37.1290,37.3910,37.2094,44.3327,30.1819,42.3383,33.6956,40.4269

4267.8900,49.4764,50.5773,37.1287,37.1389,37.3912,37.2385,44.3542,30.1665,42.3425,33.7025,40.4339

4268.8900,49.4767,50.5426,37.1249,37.1697,37.3980,37.2584,44.3453,30.1908,42.3424,33.7246,40.4383

4269.8900,49.4791,50.4932,37.1166,37.1329,37.3832,37.2342,44.3311,30.1763,42.3210,33.7053,40.4183

4270.8900,49.4956,50.4925,37.1257,37.1467,37.3989,37.2420,44.3224,30.1700,42.3319,33.7060,40.4242

4271.8910,49.4996,50.4561,37.1070,37.1290,37.3922,37.2405,44.3378,30.1920,42.3168,33.7162,40.4193

4272.8910,49.5039,50.4704,37.1341,37.1275,37.4059,37.2383,44.2862,30.1729,42.3284,33.7056,40.4174

4273.8900,49.4934,50.5518,37.1253,37.1243,37.3855,37.2388,44.3170,30.1871,42.3360,33.7129,40.4279

4274.8900,49.4889,50.5135,37.1539,37.1208,37.3800,37.2526,44.3152,30.1699,42.3314,33.7112,40.4244

4275.8910,49.5145,50.4591,37.1470,37.1115,37.4021,37.2345,44.2898,30.1639,42.3268,33.6992,40.4153

4276.8900,49.5114,50.5052,37.1768,37.1189,37.3911,37.2440,44.3115,30.1814,42.3407,33.7127,40.4300

4277.8900,49.5147,50.5003,37.1298,37.1293,37.3878,37.2356,44.3103,30.1735,42.3324,33.7045,40.4227

4278.8900,49.4955,50.5009,37.1038,37.1346,37.4110,37.2373,44.2798,30.1836,42.3292,33.7104,40.4183

4279.8900,49.4885,50.5499,37.1804,37.1364,37.4095,37.2325,44.3271,30.1694,42.3529,33.7010,40.4367

4280.8900,49.5030,50.5152,37.1673,37.1617,37.3826,37.2415,44.3327,30.1616,42.3459,33.7016,40.4332

4281.8900,49.4817,50.5428,37.2036,37.0864,37.4022,37.2028,44.3242,30.1616,42.3433,33.6822,40.4257

4282.8900,49.5019,50.5113,37.2236,37.1260,37.3819,37.2400,44.3241,30.1732,42.3489,33.7066,40.4352

4283.8900,49.4988,50.5172,37.1334,37.1207,37.4082,37.2411,44.3343,30.1808,42.3357,33.7110,40.4293

4284.8900,49.4947,50.5078,37.1416,37.1467,37.3840,37.2350,44.3378,30.1936,42.3350,33.7143,40.4302

4285.8900,49.4939,50.4686,37.1458,37.1318,37.3959,37.2347,44.3346,30.1867,42.3272,33.7107,40.4240

4286.8910,49.4983,50.5061,37.1258,37.1455,37.3718,37.2410,44.3282,30.1841,42.3295,33.7126,40.4251

4287.8900,49.4857,50.5172,37.1034,37.1244,37.3908,37.2049,44.3189,30.1905,42.3243,33.6977,40.4170

4288.8910,49.4914,50.5553,37.1060,37.1275,37.3699,37.2471,44.3192,30.1978,42.3300,33.7224,40.4268

4289.8900,49.5176,50.5488,37.1377,37.1367,37.3852,37.2307,44.2945,30.1864,42.3452,33.7085,40.4297

4290.8900,49.4899,50.5111,37.1038,37.1449,37.3820,37.2326,44.2942,30.1742,42.3263,33.7034,40.4166

4291.8900,49.5139,50.5213,37.1361,37.1403,37.3731,37.2358,44.3133,30.1737,42.3369,33.7047,40.4259

4292.8900,49.5137,50.4990,37.0985,37.1499,37.3761,37.2463,44.2918,30.1767,42.3275,33.7115,40.4190

4293.8900,49.4979,50.5022,37.1537,37.1271,37.3793,37.2289,44.3132,30.1780,42.3320,33.7035,40.4225

4294.8900,49.5093,50.4551,37.1527,37.1406,37.3824,37.2255,44.3006,30.1704,42.3280,33.6980,40.4171

4295.8900,49.4860,50.4693,37.1036,37.0989,37.3874,37.2272,44.3214,30.1862,42.3091,33.7067,40.4100

4296.8900,49.5049,50.4824,37.1416,37.1229,37.3873,37.2313,44.3188,30.1885,42.3278,33.7099,40.4222

4297.8900,49.5223,50.5318,37.1308,37.1122,37.3857,37.2293,44.3253,30.1761,42.3366,33.7027,40.4267

4298.8900,49.5216,50.5428,37.1223,37.0976,37.3944,37.2501,44.3535,30.1702,42.3357,33.7101,40.4315

4299.8900,49.5151,50.5436,37.0965,37.1035,37.3971,37.2253,44.3427,30.2068,42.3312,33.7160,40.4288

4300.8900,49.5147,50.4764,37.1229,37.1145,37.3841,37.2235,44.3541,30.1824,42.3225,33.7029,40.4216

4301.8900,49.5201,50.5410,37.1499,37.1340,37.3896,37.2192,44.3298,30.1988,42.3469,33.7090,40.4353

4302.8900,49.5361,50.5213,37.1720,37.1155,37.3744,37.2175,44.3221,30.1816,42.3439,33.6996,40.4301

4303.8900,49.5158,50.4992,37.1324,37.1044,37.3890,37.2359,44.3319,30.2043,42.3282,33.7201,40.4266

4304.8900,49.5158,50.4889,37.0986,37.0921,37.3782,37.2512,44.3248,30.1897,42.3147,33.7205,40.4174

4305.8900,49.5171,50.5409,37.1334,37.1246,37.3646,37.2325,44.3144,30.1839,42.3361,33.7082,40.4264

4306.8900,49.4880,50.4948,37.1219,37.1308,37.3660,37.2147,44.3257,30.1783,42.3203,33.6965,40.4150

4307.8900,49.5206,50.5119,37.1476,37.0920,37.3910,37.2430,44.3201,30.1635,42.3326,33.7033,40.4237

4308.8900,49.5097,50.5116,37.1706,37.1085,37.3894,37.2194,44.3036,30.1863,42.3380,33.7029,40.4249

4309.8900,49.5121,50.4813,37.1535,37.0979,37.4016,37.2503,44.3199,30.1657,42.3293,33.7080,40.4228

4310.8910,49.5211,50.4635,37.1351,37.0837,37.4046,37.2221,44.3272,30.1735,42.3216,33.6978,40.4163

4311.8900,49.5102,50.5068,37.2087,37.0929,37.3959,37.2503,44.3340,30.1929,42.3429,33.7216,40.4365

4312.8900,49.4907,50.6034,37.1887,37.1471,37.3902,37.2417,44.3150,30.1684,42.3640,33.7051,40.4432

4313.8900,49.5019,50.6679,37.0825,37.1456,37.3917,37.2455,44.3213,30.1830,42.3579,33.7143,40.4424

4314.8900,49.4935,50.6132,37.1398,37.1355,37.3772,37.2521,44.3304,30.1604,42.3519,33.7063,40.4378

4315.8900,49.5017,50.5652,37.0969,37.1333,37.3888,37.2403,44.3388,30.1754,42.3372,33.7078,40.4301

4316.8900,49.5030,50.4785,37.1483,37.1619,37.3985,37.2341,44.3329,30.1734,42.3380,33.7037,40.4288

4317.8900,49.4886,50.5040,37.1462,37.1406,37.3807,37.2541,44.3205,30.1686,42.3320,33.7114,40.4254

4318.8900,49.4852,50.5333,37.1029,37.1440,37.3777,37.2446,44.3119,30.1896,42.3286,33.7171,40.4237

4319.8910,49.5017,50.6110,37.0819,37.1590,37.3985,37.2557,44.3147,30.1988,42.3504,33.7272,40.4402

4320.8910,49.5184,50.6140,37.1032,37.1728,37.3860,37.2488,44.3206,30.1726,42.3589,33.7107,40.4421

4321.8900,49.5023,50.5563,37.1276,37.1640,37.4062,37.2245,44.3610,30.1811,42.3513,33.7028,40.4404

4322.8900,49.5073,50.5572,37.1369,37.1341,37.4084,37.2403,44.3058,30.1942,42.3488,33.7173,40.4355

4323.8900,49.5321,50.5709,37.1941,37.1245,37.4251,37.2285,44.3334,30.1879,42.3693,33.7082,40.4496

4324.8900,49.5176,50.5825,37.1914,37.1279,37.4193,37.2432,44.3107,30.1736,42.3677,33.7084,40.4458

4325.8900,49.4988,50.5931,37.1806,37.1475,37.3933,37.2378,44.3297,30.1926,42.3627,33.7152,40.4467

4326.8900,49.5051,50.6137,37.1380,37.1487,37.3940,37.2698,44.3286,30.1713,42.3599,33.7205,40.4461

4327.8900,49.5013,50.5771,37.1000,37.1332,37.3790,37.2310,44.3090,30.1604,42.3381,33.6957,40.4239

4328.8900,49.5172,50.5667,37.1418,37.1464,37.3918,37.2218,44.3301,30.1798,42.3528,33.7008,40.4369

4329.8900,49.5336,50.4826,37.1451,37.1301,37.4013,37.2435,44.3106,30.1575,42.3385,33.7005,40.4255

4330.8900,49.5060,50.4593,37.1574,37.1369,37.4015,37.2521,44.3164,30.1859,42.3322,33.7190,40.4269

4331.8900,49.5154,50.4249,37.1245,37.1184,37.4091,37.2354,44.3241,30.1685,42.3185,33.7020,40.4150

4332.8900,49.5185,50.4473,37.1607,37.1117,37.4030,37.2442,44.3466,30.1911,42.3282,33.7176,40.4279

4333.8900,49.5230,50.5256,37.1367,37.1329,37.4000,37.2482,44.3389,30.1697,42.3436,33.7090,40.4344

4334.8900,49.5168,50.5625,37.1460,37.1231,37.3891,37.2509,44.3394,30.1564,42.3475,33.7036,40.4355

4335.8910,49.5253,50.5819,37.1530,37.1460,37.4112,37.2562,44.3259,30.1683,42.3635,33.7123,40.4460

4336.8900,49.5148,50.5435,37.1413,37.1338,37.3651,37.2451,44.3352,30.1685,42.3397,33.7068,40.4309

4337.8900,49.5328,50.6210,37.1490,37.1663,37.3828,37.2357,44.3322,30.1595,42.3704,33.6976,40.4474

4338.8900,49.5039,50.6304,37.1618,37.1665,37.3728,37.2406,44.3384,30.1677,42.3671,33.7042,40.4478

4339.8900,49.5285,50.6256,37.1248,37.1584,37.3794,37.2318,44.3206,30.1588,42.3633,33.6953,40.4410

4340.8900,49.5190,50.5890,37.1312,37.1602,37.4118,37.2353,44.3238,30.1793,42.3622,33.7073,40.4437

4341.8910,49.5488,50.4927,37.1207,37.1730,37.4031,37.2420,44.3180,30.1602,42.3477,33.7011,40.4323

4342.8910,49.5214,50.4813,37.1101,37.1797,37.4054,37.2396,44.3139,30.1827,42.3396,33.7111,40.4292

4343.8900,49.5351,50.4467,37.1218,37.1522,37.4034,37.2311,44.3321,30.1614,42.3318,33.6962,40.4230

4344.8900,49.5260,50.3892,37.1133,37.1684,37.3852,37.2386,44.3240,30.1864,42.3164,33.7125,40.4164

4345.8900,49.5426,50.3952,37.1006,37.1679,37.4043,37.2227,44.3124,30.1605,42.3221,33.6916,40.4133

4346.8900,49.5065,50.4411,37.1358,37.1615,37.4015,37.2465,44.3246,30.1736,42.3293,33.7101,40.4239

4347.8900,49.5300,50.4305,37.1395,37.1442,37.3912,37.2413,44.3399,30.1801,42.3271,33.7107,40.4246

4348.8900,49.5205,50.4393,37.0990,37.1279,37.4049,37.2410,44.3405,30.1695,42.3183,33.7053,40.4179

4349.8900,49.5209,50.4272,37.1545,37.1465,37.3848,37.2359,44.3562,30.1827,42.3268,33.7093,40.4261

4350.8900,49.5381,50.3870,37.1595,37.1058,37.3985,37.2215,44.3691,30.1813,42.3178,33.7014,40.4201

4351.8900,49.5468,50.4097,37.1620,37.1181,37.4031,37.2270,44.3530,30.1752,42.3279,33.7011,40.4243

4352.8900,49.5497,50.3563,37.1346,37.1206,37.3952,37.2369,44.3684,30.1747,42.3112,33.7058,40.4170

4353.8900,49.5497,50.4038,37.1523,37.1523,37.3970,37.2289,44.3731,30.1667,42.3310,33.6978,40.4280

4354.8900,49.5368,50.4287,37.1704,37.1429,37.3836,37.2300,44.3609,30.1692,42.3325,33.6996,40.4278

4355.8900,49.5556,50.4616,37.2051,37.1729,37.3904,37.2106,44.3518,30.1620,42.3571,33.6863,40.4388

4356.8900,49.5476,50.5049,37.2082,37.1629,37.3992,37.2226,44.3353,30.1670,42.3645,33.6948,40.4435

4357.8900,49.5424,50.4781,37.1401,37.1728,37.3743,37.2332,44.3219,30.1716,42.3415,33.7024,40.4293

4358.8900,49.5255,50.4732,37.1968,37.1524,37.3824,37.2241,44.3240,30.1647,42.3461,33.6944,40.4304

4359.8900,49.5235,50.4334,37.1813,37.1266,37.3766,37.2085,44.3401,30.1838,42.3283,33.6962,40.4217

4360.8900,49.5491,50.3821,37.2163,37.1341,37.3960,37.2312,44.3192,30.1662,42.3355,33.6987,40.4243

4361.8900,49.5216,50.4721,37.1947,37.1606,37.3902,37.2268,44.3047,30.2003,42.3478,33.7135,40.4339

4362.8900,49.5378,50.5100,37.1882,37.1433,37.3743,37.2122,44.3400,30.1749,42.3507,33.6936,40.4351

4363.8900,49.5310,50.4781,37.1176,37.1181,37.3623,37.2479,44.3311,30.1708,42.3214,33.7093,40.4196

4364.8900,49.5469,50.4808,37.0807,37.1175,37.3999,37.2257,44.3325,30.1753,42.3252,33.7005,40.4199

4365.8900,49.5329,50.5112,37.1118,37.0857,37.3918,37.2442,44.3528,30.1906,42.3267,33.7174,40.4276

4366.8900,49.5327,50.4921,37.1925,37.0692,37.3957,37.2206,44.3504,30.1777,42.3365,33.6991,40.4289

4367.8900,49.5466,50.4546,37.1555,37.0859,37.3744,37.2226,44.3354,30.1764,42.3234,33.6995,40.4189

4368.8900,49.5382,50.4502,37.1908,37.0848,37.3770,37.2342,44.3603,30.1795,42.3282,33.7068,40.4269

4369.8900,49.5434,50.4247,37.1841,37.1257,37.3851,37.2105,44.3629,30.1698,42.3326,33.6901,40.4258

4370.8900,49.5400,50.4089,37.1709,37.1065,37.3947,37.2378,44.3600,30.1644,42.3242,33.7011,40.4229

4371.8900,49.5417,50.5009,37.1510,37.1397,37.4105,37.2419,44.3494,30.1690,42.3488,33.7055,40.4380

4372.8900,49.5685,50.5012,37.1415,37.1541,37.4002,37.2438,44.3544,30.1619,42.3531,33.7028,40.4407

4373.8900,49.5556,50.4780,37.1568,37.1544,37.3914,37.2354,44.3617,30.1742,42.3472,33.7048,40.4384

4374.8900,49.5491,50.4714,37.1132,37.1183,37.3927,37.2414,44.3588,30.1713,42.3289,33.7064,40.4270

4375.8900,49.5484,50.4928,37.0974,37.1259,37.3808,37.2641,44.3436,30.1561,42.3291,33.7101,40.4261

4376.8900,49.5344,50.4527,37.1191,37.1335,37.4087,37.2261,44.3075,30.1823,42.3297,33.7042,40.4205

4377.8900,49.5791,50.4621,37.1365,37.1014,37.3945,37.2311,44.3337,30.1751,42.3347,33.7031,40.4267

4378.8900,49.5404,50.4446,37.1697,37.0983,37.3676,37.2364,44.3361,30.1592,42.3241,33.6978,40.4191

4379.8900,49.5527,50.4540,37.1913,37.0974,37.3842,37.2352,44.3264,30.1961,42.3359,33.7157,40.4297

4380.8910,49.5444,50.4996,37.1776,37.0954,37.3907,37.2539,44.3282,30.1863,42.3416,33.7201,40.4345

4381.8900,49.5294,50.5392,37.1621,37.0907,37.3943,37.2393,44.3596,30.1904,42.3431,33.7148,40.4381

4382.8900,49.5468,50.5250,37.1436,37.0936,37.3890,37.2307,44.3792,30.1591,42.3396,33.6949,40.4334

4383.8900,49.5509,50.5307,37.1507,37.1012,37.4020,37.2203,44.3710,30.1595,42.3471,33.6899,40.4358

4384.8900,49.5551,50.4814,37.1920,37.1173,37.3763,37.2274,44.3549,30.1864,42.3444,33.7069,40.4363

4385.8900,49.5494,50.5156,37.2097,37.1326,37.4103,37.2221,44.3674,30.1829,42.3635,33.7025,40.4487

4386.8900,49.5592,50.5722,37.1338,37.1324,37.3955,37.2400,44.3932,30.1737,42.3586,33.7068,40.4500

4387.8900,49.5647,50.5443,37.1425,37.1257,37.4047,37.1988,44.3768,30.1876,42.3564,33.6932,40.4431

4388.8900,49.5594,50.4859,37.1787,37.1241,37.3808,37.2481,44.3659,30.1570,42.3458,33.7025,40.4375

4389.8910,49.5625,50.5157,37.1379,37.1360,37.3983,37.2326,44.3759,30.1704,42.3501,33.7015,40.4412

4390.8900,49.5491,50.5329,37.0950,37.1301,37.3899,37.2302,44.3621,30.1379,42.3394,33.6840,40.4284

4391.8900,49.5614,50.5108,37.1180,37.1521,37.3958,37.2301,44.3571,30.1674,42.3476,33.6987,40.4366

4392.8900,49.5733,50.5020,37.1446,37.1269,37.4008,37.2393,44.3543,30.1800,42.3495,33.7096,40.4402

4393.8900,49.5726,50.5403,37.1744,37.1473,37.3987,37.2250,44.3444,30.1599,42.3666,33.6924,40.4453

4394.8900,49.5706,50.5088,37.1781,37.1584,37.4051,37.2375,44.3522,30.1758,42.3642,33.7066,40.4483

4395.8910,49.5603,50.5431,37.2282,37.1633,37.3905,37.2364,44.3529,30.1672,42.3771,33.7018,40.4552

4396.8900,49.5758,50.5692,37.2238,37.1841,37.4057,37.2095,44.3415,30.1646,42.3917,33.6871,40.4593

4397.8900,49.5539,50.5724,37.2003,37.1658,37.3873,37.2234,44.3530,30.1654,42.3760,33.6944,40.4527

4398.8900,49.5683,50.5867,37.1606,37.1559,37.3930,37.2244,44.3669,30.1735,42.3729,33.6990,40.4537

4399.8900,49.5880,50.6134,37.1928,37.1507,37.3942,37.2298,44.3515,30.1728,42.3878,33.7013,40.4617

4400.8900,49.5875,50.6245,37.1600,37.1600,37.3909,37.2129,44.3524,30.1572,42.3846,33.6851,40.4557

4401.8900,49.5943,50.5926,37.0955,37.1600,37.3978,37.2185,44.3807,30.1788,42.3680,33.6986,40.4523

4402.8900,49.5767,50.5867,37.1569,37.1288,37.3894,37.2455,44.3613,30.1680,42.3677,33.7068,40.4517

4403.8900,49.5806,50.6084,37.1606,37.1382,37.3886,37.2364,44.3442,30.1658,42.3753,33.7011,40.4528

4404.8900,49.5795,50.5922,37.2232,37.1228,37.3922,37.2329,44.3455,30.1473,42.3820,33.6901,40.4544

4405.8900,49.5797,50.5518,37.1617,37.1491,37.3653,37.2443,44.3416,30.1827,42.3615,33.7135,40.4470

4406.8900,49.5484,50.5300,37.1720,37.1262,37.3790,37.2375,44.3452,30.1800,42.3511,33.7088,40.4398

4407.8900,49.5513,50.4789,37.1656,37.1422,37.3865,37.2147,44.3482,30.1599,42.3449,33.6873,40.4309

4408.8900,49.5525,50.5073,37.1863,37.1532,37.3743,37.2599,44.3628,30.1673,42.3547,33.7136,40.4454

4409.8900,49.5774,50.4936,37.2290,37.1468,37.4026,37.2210,44.3448,30.1921,42.3699,33.7065,40.4509

4410.8900,49.5708,50.5389,37.1716,37.1520,37.4021,37.2396,44.3644,30.1638,42.3671,33.7017,40.4504

4411.8900,49.5642,50.5725,37.2219,37.1505,37.3646,37.2347,44.3578,30.1877,42.3747,33.7112,40.4567

4412.8900,49.5776,50.4683,37.1951,37.1759,37.3879,37.2483,44.3492,30.1590,42.3610,33.7036,40.4452

4413.8900,49.5874,50.4162,37.1055,37.1663,37.3885,37.2461,44.3568,30.1732,42.3328,33.7096,40.4300

4414.8900,49.5825,50.4719,37.1212,37.1609,37.3933,37.2303,44.3821,30.1870,42.3460,33.7087,40.4412

4415.8910,49.5870,50.5053,37.1339,37.1619,37.4086,37.2152,44.3584,30.1586,42.3593,33.6869,40.4411

4416.8900,49.5699,50.5090,37.1624,37.1764,37.3801,37.2409,44.3627,30.1685,42.3596,33.7047,40.4462

4417.8900,49.6045,50.5280,37.1536,37.1456,37.3940,37.2707,44.3469,30.1599,42.3651,33.7153,40.4504

4418.8900,49.5910,50.5495,37.1123,37.1487,37.3912,37.2516,44.3723,30.1825,42.3586,33.7170,40.4499

4419.8910,49.5915,50.5369,37.1574,37.1448,37.3916,37.2562,44.3744,30.1834,42.3644,33.7198,40.4545

4420.8900,49.5712,50.5952,37.1878,37.1313,37.4062,37.2408,44.3374,30.1867,42.3783,33.7138,40.4571

4421.8900,49.5641,50.6386,37.1584,37.1691,37.4032,37.2365,44.3587,30.1692,42.3867,33.7029,40.4622

4422.8900,49.5638,50.6879,37.1751,37.1405,37.4089,37.2446,44.3405,30.1815,42.3952,33.7130,40.4678

4423.8900,49.5645,50.7628,37.1761,37.1088,37.4110,37.2387,44.3451,30.1663,42.4046,33.7025,40.4717

4424.8900,49.5639,50.7005,37.1710,37.1197,37.3978,37.2442,44.3564,30.1755,42.3906,33.7099,40.4661

4425.8900,49.5586,50.6272,37.1418,37.1423,37.4000,37.2594,44.3515,30.1744,42.3740,33.7169,40.4569

4426.8900,49.5714,50.7085,37.1571,37.1455,37.4181,37.2523,44.3690,30.1941,42.4001,33.7232,40.4770

4427.8900,49.5779,50.6982,37.1561,37.1384,37.4041,37.2677,44.3755,30.1687,42.3950,33.7182,40.4733

4428.8900,49.5637,50.6720,37.1492,37.1572,37.4126,37.2618,44.3593,30.1693,42.3909,33.7155,40.4681

4429.8900,49.5478,50.6372,37.1771,37.1566,37.4134,37.2504,44.3546,30.1668,42.3864,33.7086,40.4630

4430.8900,49.5561,50.5870,37.1768,37.1805,37.4162,37.2551,44.3811,30.1686,42.3833,33.7118,40.4652

4431.8900,49.5662,50.5785,37.1575,37.1827,37.4203,37.2629,44.3759,30.1587,42.3811,33.7108,40.4628

4432.8900,49.5702,50.6138,37.1413,37.2076,37.4075,37.2618,44.3682,30.1749,42.3881,33.7184,40.4682

4433.8900,49.5648,50.6387,37.1627,37.1964,37.4132,37.2451,44.3389,30.1577,42.3952,33.7014,40.4647

4434.8910,49.5740,50.5947,37.1393,37.1799,37.3941,37.2587,44.3527,30.1661,42.3764,33.7124,40.4574

4435.8900,49.5421,50.6072,37.2196,37.1781,37.4412,37.2750,44.3416,30.1826,42.3977,33.7288,40.4734

4436.8900,49.5724,50.5554,37.2322,37.1654,37.4009,37.2720,44.3374,30.1631,42.3853,33.7175,40.4623

4437.8900,49.5497,50.4708,37.1906,37.1733,37.4227,37.2570,44.3438,30.1466,42.3614,33.7018,40.4443

4438.8900,49.5915,50.5286,37.1024,37.1687,37.4043,37.2572,44.3471,30.1834,42.3591,33.7203,40.4479

4439.8900,49.5674,50.5138,37.1486,37.1631,37.4224,37.2730,44.3703,30.1453,42.3631,33.7092,40.4505

4440.8900,49.5900,50.5916,37.1352,37.1637,37.4125,37.2463,44.3551,30.1400,42.3786,33.6932,40.4543

4441.8900,49.5719,50.6199,37.1036,37.1536,37.4237,37.2528,44.3659,30.1682,42.3745,33.7105,40.4574

4442.8900,49.5836,50.5992,37.1233,37.1461,37.4042,37.2585,44.3693,30.1552,42.3713,33.7068,40.4549

4443.8900,49.5883,50.5460,37.1736,37.1316,37.4005,37.2394,44.3943,30.1693,42.3680,33.7044,40.4554

4444.8900,49.5672,50.4738,37.1750,37.1334,37.4077,37.2546,44.3812,30.1648,42.3514,33.7097,40.4447

4445.8900,49.5744,50.5432,37.1718,37.1526,37.4141,37.2432,44.3743,30.1802,42.3712,33.7117,40.4567

4446.8900,49.5894,50.5543,37.1825,37.1503,37.4124,37.2536,44.3887,30.1427,42.3778,33.6982,40.4593

4447.8900,49.5638,50.5824,37.1908,37.1567,37.4123,37.2582,44.3691,30.1614,42.3812,33.7098,40.4618

4448.8900,49.5699,50.5928,37.1804,37.1439,37.3988,37.2872,44.3787,30.1695,42.3772,33.7284,40.4652

4449.8910,49.5453,50.5363,37.1970,37.1573,37.4094,37.2618,44.3659,30.1458,42.3690,33.7038,40.4523

4450.8900,49.5631,50.5432,37.1535,37.1633,37.4219,37.2762,44.3789,30.1381,42.3690,33.7072,40.4548

4451.8900,49.5663,50.5314,37.1803,37.1817,37.4176,37.2420,44.3703,30.1672,42.3755,33.7046,40.4571

4452.8900,49.5564,50.4888,37.1667,37.2092,37.4263,37.2782,44.3734,30.1572,42.3695,33.7177,40.4570

4453.8900,49.5699,50.4342,37.1382,37.1854,37.4222,37.2611,44.3836,30.1700,42.3500,33.7155,40.4456

4454.8910,49.5610,50.5197,37.2064,37.2199,37.4188,37.2647,44.3683,30.1717,42.3852,33.7182,40.4663

4455.8900,49.5767,50.5707,37.2084,37.1986,37.4183,37.2623,44.3596,30.1910,42.3945,33.7266,40.4732

4456.8900,49.5791,50.5600,37.1598,37.1916,37.4193,37.2530,44.3633,30.1793,42.3819,33.7162,40.4632

4457.8900,49.5915,50.5242,37.2086,37.2062,37.4159,37.2697,44.3686,30.1538,42.3893,33.7118,40.4673

4458.8910,49.5513,50.5671,37.1959,37.1903,37.4127,37.2502,44.3774,30.1656,42.3834,33.7079,40.4638

4459.8900,49.5691,50.5123,37.2139,37.1835,37.4194,37.2420,44.3702,30.1757,42.3796,33.7088,40.4607

4460.8900,49.5569,50.5011,37.1731,37.1964,37.4375,37.2648,44.3686,30.1492,42.3730,33.7070,40.4559

4461.8900,49.5531,50.5576,37.1863,37.2218,37.4126,37.2665,44.3683,30.1886,42.3863,33.7275,40.4694

4462.8900,49.5508,50.5773,37.1764,37.1815,37.4127,37.2754,44.3858,30.1698,42.3797,33.7226,40.4662

4463.8900,49.5808,50.5359,37.1956,37.2194,37.4131,37.2697,44.3683,30.1777,42.3890,33.7237,40.4701

4464.8900,49.5519,50.5900,37.1676,37.1994,37.4180,37.2573,44.3832,30.1798,42.3854,33.7186,40.4684

4465.8900,49.5486,50.6056,37.1624,37.2054,37.4044,37.2545,44.3710,30.1638,42.3853,33.7092,40.4645

4466.8900,49.5549,50.5824,37.1768,37.1908,37.4187,37.2664,44.3691,30.1758,42.3847,33.7211,40.4669

4467.8900,49.5595,50.6726,37.2050,37.2003,37.4373,37.2580,44.3818,30.1518,42.4150,33.7049,40.4833

4468.8910,49.5419,50.6849,37.1566,37.1795,37.4392,37.2519,44.3467,30.1669,42.4004,33.7094,40.4710

4469.8900,49.5499,50.5462,37.2070,37.1809,37.4221,37.2722,44.3690,30.1642,42.3812,33.7182,40.4639

4470.8900,49.5532,50.5509,37.2089,37.1711,37.4188,37.2773,44.3861,30.1534,42.3806,33.7154,40.4650

4471.8900,49.5673,50.5438,37.1612,37.1705,37.4055,37.2710,44.3837,30.1734,42.3696,33.7222,40.4595

4472.8900,49.5720,50.6729,37.2407,37.1693,37.4116,37.2706,44.3908,30.1861,42.4133,33.7284,40.4893

4473.8900,49.5390,50.6659,37.2028,37.1804,37.3895,37.2779,44.4037,30.1738,42.3955,33.7259,40.4791

4474.8910,49.5735,50.6520,37.1308,37.1687,37.4048,37.2675,44.4056,30.1529,42.3860,33.7102,40.4695

4475.8900,49.5766,50.6093,37.1442,37.1503,37.4228,37.2785,44.3919,30.1777,42.3806,33.7281,40.4689

4476.8900,49.5613,50.6379,37.1726,37.1507,37.4219,37.2561,44.3793,30.1603,42.3889,33.7082,40.4675

4477.8900,49.5478,50.6400,37.1939,37.1183,37.4418,37.2747,44.3810,30.1569,42.3884,33.7158,40.4693

4478.8900,49.5760,50.6420,37.2001,37.1460,37.4279,37.2920,44.3658,30.1729,42.3984,33.7324,40.4778

4479.8900,49.5768,50.5561,37.1960,37.1680,37.4230,37.2699,44.3775,30.1713,42.3840,33.7206,40.4673

4480.8900,49.5398,50.5506,37.2222,37.1694,37.4155,37.2787,44.3724,30.1680,42.3795,33.7233,40.4646

4481.8900,49.5526,50.5933,37.2098,37.1692,37.4331,37.2566,44.3838,30.1669,42.3916,33.7118,40.4707

4482.8900,49.5773,50.6471,37.1657,37.1666,37.4048,37.2689,44.3738,30.1732,42.3923,33.7211,40.4722

4483.8900,49.5683,50.6723,37.2149,37.1692,37.4163,37.2762,44.3759,30.1697,42.4082,33.7229,40.4828

4484.8900,49.5657,50.6122,37.1911,37.1691,37.4478,37.2839,44.3991,30.1591,42.3972,33.7215,40.4785

4485.8900,49.5844,50.6593,37.1873,37.1948,37.4443,37.2836,44.3911,30.1532,42.4140,33.7184,40.4873

4486.8900,49.5662,50.6936,37.1599,37.1902,37.4296,37.2741,44.4107,30.1474,42.4079,33.7107,40.4840

4487.8900,49.5909,50.7484,37.1933,37.2045,37.4289,37.2654,44.4031,30.1532,42.4332,33.7093,40.4984

4488.8900,49.5973,50.6950,37.1659,37.1977,37.4031,37.3013,44.4144,30.1630,42.4118,33.7322,40.4922

4489.8900,49.5856,50.7141,37.1376,37.2096,37.4095,37.2965,44.4290,30.1822,42.4113,33.7394,40.4955

4490.8900,49.5796,50.7261,37.1310,37.1936,37.4441,37.3045,44.4155,30.1606,42.4149,33.7325,40.4944

4491.8900,49.5734,50.7009,37.1728,37.2046,37.4532,37.2688,44.4055,30.1486,42.4210,33.7087,40.4910

4492.8900,49.5748,50.6763,37.2171,37.1793,37.4192,37.3062,44.4124,30.1500,42.4133,33.7281,40.4919

4493.8900,49.5499,50.6526,37.1880,37.1875,37.4108,37.2955,44.4197,30.1722,42.3978,33.7338,40.4845

4494.8910,49.5774,50.6684,37.1970,37.1942,37.4302,37.2826,44.4170,30.1644,42.4134,33.7235,40.4914

4495.8900,49.5559,50.6549,37.1623,37.2160,37.4267,37.2838,44.4011,30.1684,42.4032,33.7261,40.4836

4496.8900,49.5632,50.6414,37.2210,37.2042,37.4215,37.2944,44.3838,30.1669,42.4103,33.7307,40.4871

4497.8900,49.5802,50.6326,37.2252,37.1972,37.4340,37.2831,44.3893,30.1456,42.4138,33.7144,40.4859

4498.8910,49.5425,50.6821,37.2384,37.2108,37.4426,37.2876,44.3918,30.1741,42.4233,33.7308,40.4962

4499.8900,49.5741,50.6550,37.2245,37.2277,37.4296,37.2741,44.3793,30.1662,42.4222,33.7201,40.4913

4500.8900,49.5876,50.6454,37.2405,37.2218,37.4447,37.2883,44.3966,30.1832,42.4280,33.7357,40.5010

4501.8900,49.5747,50.5930,37.2399,37.2151,37.4386,37.2953,44.3682,30.1560,42.4123,33.7256,40.4851

4502.8900,49.5717,50.5689,37.1735,37.2015,37.4641,37.2717,44.3862,30.1487,42.3959,33.7102,40.4733

4503.8900,49.5906,50.5905,37.2116,37.2107,37.4309,37.3076,44.3976,30.1439,42.4068,33.7258,40.4854

4504.8900,49.5879,50.6051,37.1634,37.2133,37.4337,37.2796,44.4147,30.1774,42.4007,33.7285,40.4844

4505.8900,49.6030,50.5415,37.1962,37.2106,37.4313,37.2954,44.3957,30.1547,42.3965,33.7250,40.4785

4506.8900,49.6050,50.5560,37.1759,37.2230,37.4482,37.2923,44.4378,30.1624,42.4016,33.7273,40.4876

4507.8900,49.6030,50.6094,37.1869,37.2144,37.4023,37.2814,44.3893,30.1429,42.4032,33.7122,40.4787

4508.8900,49.5850,50.5681,37.2264,37.2110,37.4309,37.2847,44.3979,30.1778,42.4043,33.7313,40.4852

4509.8900,49.5885,50.5240,37.1981,37.2196,37.4433,37.3037,44.3977,30.1475,42.3947,33.7256,40.4778

4510.8900,49.5959,50.5353,37.2137,37.1974,37.4414,37.2859,44.3997,30.1452,42.3967,33.7155,40.4768

4511.8900,49.5944,50.5177,37.2039,37.2011,37.4609,37.2657,44.3747,30.1521,42.3956,33.7089,40.4713

4512.8900,49.6096,50.5583,37.2328,37.1978,37.4216,37.2900,44.3834,30.1497,42.4040,33.7198,40.4804

4513.8900,49.5890,50.5353,37.1946,37.2053,37.4471,37.2566,44.4035,30.1513,42.3943,33.7039,40.4728

4514.8900,49.6053,50.5354,37.2465,37.1863,37.4411,37.2894,44.3841,30.1472,42.4029,33.7183,40.4794

4515.8900,49.6063,50.5286,37.1957,37.1691,37.4342,37.2684,44.3986,30.1680,42.3868,33.7182,40.4711

4516.8900,49.5854,50.5266,37.2026,37.1919,37.4550,37.2738,44.4077,30.1603,42.3923,33.7170,40.4754

4517.8900,49.6007,50.4853,37.1656,37.1871,37.4416,37.2889,44.4234,30.1703,42.3761,33.7296,40.4704

4518.8900,49.6218,50.4688,37.1852,37.1703,37.4508,37.2691,44.4499,30.1800,42.3794,33.7245,40.4745

4519.8900,49.5923,50.4723,37.1617,37.1692,37.4373,37.2940,44.4088,30.1406,42.3665,33.7173,40.4595

4520.8900,49.5853,50.4779,37.1613,37.1964,37.4494,37.2818,44.4168,30.1536,42.3741,33.7177,40.4653

4521.8900,49.6070,50.4705,37.2239,37.1823,37.4204,37.2789,44.4159,30.1714,42.3808,33.7252,40.4713

4522.8900,49.6222,50.4759,37.2415,37.2219,37.4231,37.2961,44.4083,30.1544,42.3969,33.7253,40.4804

4523.8900,49.6225,50.5022,37.1962,37.2172,37.4454,37.2787,44.4041,30.1680,42.3967,33.7233,40.4793

4524.8900,49.5920,50.4829,37.2056,37.2220,37.4347,37.2792,44.4130,30.1755,42.3874,33.7274,40.4756

4525.8900,49.6027,50.4990,37.2153,37.1878,37.4365,37.2890,44.3967,30.1464,42.3882,33.7177,40.4717

4526.8900,49.6084,50.4918,37.2506,37.1754,37.4358,37.2957,44.4109,30.1489,42.3924,33.7223,40.4772

4527.8900,49.5892,50.4573,37.2395,37.1904,37.4309,37.2805,44.4040,30.1557,42.3814,33.7181,40.4684

4528.8900,49.6166,50.4723,37.1589,37.2061,37.4385,37.2923,44.4140,30.1469,42.3785,33.7196,40.4682

4529.8900,49.6307,50.4897,37.1802,37.2097,37.4350,37.3014,44.4370,30.1655,42.3891,33.7335,40.4812

4530.8900,49.5970,50.5055,37.2317,37.2037,37.4280,37.3075,44.4399,30.1631,42.3932,33.7353,40.4846

4531.8900,49.5940,50.5415,37.2401,37.2060,37.4469,37.3115,44.4399,30.1789,42.4057,33.7452,40.4948

4532.8900,49.6153,50.5100,37.1947,37.2232,37.4339,37.2808,44.4235,30.1743,42.3954,33.7275,40.4820

4533.8900,49.6104,50.5522,37.2116,37.2037,37.4565,37.2856,44.4510,30.1693,42.4069,33.7275,40.4925

4534.8900,49.6289,50.5632,37.2396,37.1924,37.4448,37.2842,44.4306,30.1627,42.4138,33.7235,40.4933

4535.8900,49.6202,50.5231,37.2687,37.2005,37.4543,37.2712,44.4446,30.1872,42.4134,33.7292,40.4962

4536.8900,49.6269,50.4761,37.2305,37.1988,37.4302,37.2785,44.4230,30.1734,42.3925,33.7259,40.4797

4537.8900,49.6246,50.5225,37.1761,37.1938,37.4517,37.2728,44.4268,30.1550,42.3937,33.7139,40.4779

4538.8900,49.6356,50.5404,37.1605,37.1876,37.4479,37.2989,44.4048,30.1554,42.3944,33.7272,40.4789

4539.8900,49.6081,50.5910,37.1916,37.1902,37.4303,37.2814,44.4149,30.1740,42.4023,33.7277,40.4852

4540.8900,49.6306,50.5232,37.2496,37.1913,37.4653,37.2860,44.4071,30.1546,42.4120,33.7203,40.4885

4541.8900,49.6229,50.5964,37.2540,37.2298,37.4430,37.3155,44.4050,30.1684,42.4292,33.7420,40.5044

4542.8900,49.6106,50.6082,37.2258,37.2038,37.4371,37.3026,44.4108,30.1859,42.4171,33.7442,40.4981

4543.8900,49.6130,50.6510,37.1952,37.1938,37.4559,37.3167,44.4227,30.1592,42.4218,33.7380,40.5010

4544.8900,49.6136,50.6467,37.2091,37.2073,37.4443,37.3094,44.4281,30.1490,42.4242,33.7292,40.5009

4545.8900,49.6277,50.7186,37.2627,37.1884,37.4404,37.2891,44.4062,30.1690,42.4476,33.7290,40.5127

4546.8900,49.6194,50.7453,37.2373,37.2163,37.4450,37.2989,44.4339,30.1511,42.4527,33.7250,40.5184

4547.8900,49.6134,50.6660,37.2043,37.2356,37.4535,37.2844,44.4521,30.1671,42.4345,33.7258,40.5096

4548.8900,49.6191,50.6428,37.2308,37.1795,37.4587,37.2864,44.4386,30.1551,42.4262,33.7207,40.5014

4549.8910,49.6064,50.6549,37.1768,37.2127,37.4459,37.3105,44.4466,30.1596,42.4194,33.7351,40.5017

4550.8900,49.6071,50.6431,37.2069,37.1915,37.4321,37.2892,44.4519,30.1687,42.4162,33.7290,40.4988

4551.8900,49.6125,50.7067,37.2100,37.1867,37.4260,37.2915,44.4689,30.1559,42.4284,33.7237,40.5073

4552.8900,49.5961,50.7240,37.2111,37.1999,37.4477,37.3025,44.4389,30.1679,42.4358,33.7352,40.5110

4553.8900,49.6233,50.7134,37.1966,37.1668,37.4448,37.3108,44.4561,30.1749,42.4290,33.7428,40.5108

4554.8900,49.6213,50.7257,37.1984,37.1611,37.4502,37.3018,44.4379,30.1728,42.4314,33.7373,40.5087

4555.8900,49.6211,50.7105,37.2232,37.1639,37.4636,37.2847,44.4528,30.1585,42.4364,33.7216,40.5098

4556.8900,49.6026,50.6645,37.2084,37.1519,37.4290,37.2819,44.4325,30.1557,42.4113,33.7188,40.4908

4557.8900,49.6059,50.6109,37.2603,37.1832,37.4478,37.2946,44.4242,30.1633,42.4216,33.7289,40.4988

4558.8900,49.6113,50.5196,37.2114,37.1964,37.4467,37.2795,44.4248,30.1481,42.3971,33.7138,40.4797

4559.8900,49.6124,50.5202,37.1760,37.2059,37.4539,37.2723,44.4217,30.1657,42.3937,33.7190,40.4785

4560.8900,49.6076,50.5925,37.2062,37.2001,37.4308,37.3089,44.4331,30.1500,42.4074,33.7295,40.4912

4561.8900,49.6157,50.5843,37.2278,37.2096,37.4431,37.2736,44.4397,30.1854,42.4161,33.7295,40.4974

4562.8900,49.6234,50.5653,37.2300,37.1927,37.4776,37.2871,44.4341,30.1369,42.4178,33.7120,40.4934

4563.8900,49.6041,50.6164,37.2616,37.1710,37.4343,37.2938,44.4478,30.1667,42.4175,33.7302,40.4995

4564.8900,49.6184,50.6859,37.2160,37.1590,37.4632,37.2867,44.4419,30.1788,42.4285,33.7328,40.5062

4565.8900,49.6396,50.6525,37.1856,37.1744,37.4299,37.2800,44.4293,30.1477,42.4164,33.7139,40.4924

4566.8900,49.6358,50.6333,37.2301,37.1881,37.4490,37.2930,44.4485,30.1824,42.4272,33.7377,40.5075

4567.8900,49.5877,50.5664,37.2050,37.1929,37.4298,37.2879,44.4737,30.1781,42.3964,33.7330,40.4902

4568.8900,49.6255,50.5687,37.1839,37.1877,37.4582,37.3097,44.4328,30.1526,42.4048,33.7312,40.4899

4569.8900,49.6355,50.5456,37.2367,37.1928,37.4454,37.2983,44.4444,30.1567,42.4112,33.7275,40.4944

4570.8900,49.6169,50.5462,37.2294,37.1934,37.4528,37.2899,44.4223,30.1867,42.4077,33.7383,40.4922

4571.8900,49.6143,50.5339,37.2445,37.2057,37.4464,37.2769,44.4271,30.1690,42.4090,33.7229,40.4897

4572.8900,49.6367,50.5489,37.2550,37.1873,37.4368,37.2972,44.4218,30.1593,42.4129,33.7283,40.4929

4573.8910,49.6463,50.5969,37.2447,37.2026,37.4484,37.2953,44.3920,30.1630,42.4278,33.7291,40.4986

4574.8910,49.6358,50.5986,37.2221,37.2072,37.4318,37.2865,44.4239,30.1561,42.4191,33.7213,40.4952

4575.8900,49.6398,50.6212,37.1936,37.1903,37.4712,37.2858,44.4224,30.1587,42.4232,33.7223,40.4979

4576.8900,49.6467,50.6459,37.2400,37.1961,37.4479,37.2737,44.4435,30.1690,42.4353,33.7214,40.5079

4577.8900,49.6314,50.6400,37.2799,37.1949,37.4515,37.2970,44.4298,30.1657,42.4395,33.7313,40.5113

4578.8900,49.6417,50.5800,37.2571,37.2099,37.4615,37.2883,44.4335,30.1776,42.4300,33.7329,40.5062

4579.8900,49.6582,50.5888,37.2010,37.2122,37.4534,37.3087,44.4446,30.1765,42.4227,33.7426,40.5054

4580.8900,49.6384,50.5932,37.2648,37.1691,37.4436,37.3008,44.4579,30.1798,42.4218,33.7403,40.5059

4581.8900,49.6251,50.6888,37.2587,37.2106,37.4377,37.2467,44.4686,30.1489,42.4442,33.6978,40.5107

4582.8900,49.6318,50.7099,37.1979,37.2100,37.4436,37.2736,44.4615,30.1718,42.4386,33.7227,40.5125

4583.8900,49.6334,50.6568,37.2422,37.2034,37.4391,37.2846,44.4586,30.1833,42.4350,33.7339,40.5127

4584.8900,49.6316,50.5949,37.2310,37.2507,37.4621,37.2748,44.4439,30.1561,42.4341,33.7155,40.5056

4585.8900,49.6361,50.5498,37.2540,37.2330,37.4549,37.2859,44.4639,30.1555,42.4256,33.7207,40.5042

4586.8900,49.6636,50.5141,37.2474,37.2059,37.4542,37.2898,44.4342,30.1683,42.4170,33.7291,40.4972

4587.8900,49.6475,50.5260,37.2165,37.2006,37.4571,37.2773,44.3983,30.1741,42.4095,33.7257,40.4872

4588.8910,49.6405,50.5002,37.2016,37.1806,37.4463,37.2945,44.4229,30.1656,42.3938,33.7301,40.4815

4589.8900,49.6587,50.5456,37.2326,37.1569,37.4506,37.2848,44.4231,30.1633,42.4089,33.7241,40.4895

4590.8900,49.6344,50.6002,37.1920,37.1607,37.4405,37.3014,44.4287,30.1640,42.4056,33.7327,40.4902

4591.8900,49.6450,50.5693,37.2406,37.1561,37.4382,37.2678,44.4278,30.1664,42.4098,33.7171,40.4889

4592.8900,49.6508,50.5581,37.2592,37.1616,37.4418,37.2919,44.4171,30.1681,42.4143,33.7300,40.4936

4593.8900,49.6525,50.6104,37.2971,37.1594,37.4650,37.3043,44.4288,30.1613,42.4369,33.7328,40.5099

4594.8900,49.6594,50.6427,37.2634,37.1985,37.4668,37.2730,44.4570,30.1594,42.4462,33.7162,40.5150

4595.8900,49.6518,50.6408,37.2429,37.1966,37.4661,37.2811,44.4422,30.1671,42.4396,33.7241,40.5111

4596.8900,49.6654,50.6218,37.2190,37.2199,37.4728,37.3061,44.4398,30.1377,42.4398,33.7219,40.5103

4597.8910,49.6466,50.4952,37.2629,37.2106,37.4384,37.2904,44.4403,30.1572,42.4107,33.7238,40.4927

4598.8900,49.6469,50.6117,37.2531,37.2022,37.4542,37.2964,44.4292,30.1801,42.4336,33.7382,40.5092

4599.8900,49.6511,50.6620,37.2158,37.2041,37.4589,37.2945,44.4217,30.1881,42.4384,33.7413,40.5120

4600.8900,49.6406,50.5720,37.2065,37.1911,37.4711,37.3114,44.4413,30.1332,42.4163,33.7223,40.4959

4601.8900,49.6399,50.5486,37.2188,37.2025,37.4494,37.2846,44.4378,30.1495,42.4119,33.7170,40.4914

4602.8900,49.6421,50.6171,37.2548,37.1988,37.4493,37.2863,44.4244,30.1554,42.4324,33.7209,40.5035

4603.8900,49.6481,50.6002,37.2644,37.2018,37.4680,37.2910,44.4338,30.1710,42.4365,33.7310,40.5098

4604.8900,49.6317,50.6167,37.2246,37.2162,37.4631,37.3029,44.4416,30.1543,42.4305,33.7286,40.5064

4605.8900,49.6439,50.6731,37.2012,37.2540,37.4525,37.2928,44.4360,30.1545,42.4449,33.7236,40.5135

4606.8900,49.6402,50.7146,37.2310,37.2296,37.4614,37.2933,44.4527,30.1554,42.4553,33.7243,40.5223

4607.8900,49.6627,50.6671,37.2396,37.2190,37.4556,37.2829,44.4542,30.1505,42.4488,33.7167,40.5165

4608.8910,49.6542,50.6927,37.2220,37.1837,37.4769,37.2948,44.4451,30.1621,42.4459,33.7284,40.5164

4609.8900,49.6673,50.6842,37.2041,37.1677,37.4374,37.2950,44.4231,30.1702,42.4321,33.7326,40.5061

4610.8900,49.6437,50.6608,37.2435,37.1580,37.4387,37.2893,44.4242,30.1495,42.4289,33.7194,40.5010

4611.8900,49.6558,50.6628,37.2549,37.1615,37.4374,37.2684,44.4402,30.1533,42.4345,33.7109,40.5043

4612.8910,49.6535,50.6906,37.2918,37.1451,37.4716,37.3072,44.4263,30.1774,42.4505,33.7423,40.5204

4613.8900,49.6620,50.6230,37.2688,37.1389,37.4311,37.2948,44.4252,30.1526,42.4248,33.7237,40.4996

4614.8900,49.6570,50.5958,37.1875,37.1754,37.4461,37.3130,44.4392,30.1513,42.4124,33.7322,40.4957

4615.8900,49.6629,50.5895,37.2120,37.1779,37.4418,37.3134,44.4403,30.1526,42.4168,33.7330,40.4988

4616.8900,49.6460,50.6149,37.1811,37.2050,37.4519,37.2950,44.4398,30.1303,42.4198,33.7126,40.4955

4617.8900,49.6492,50.6971,37.2843,37.1839,37.4411,37.3141,44.4481,30.1740,42.4511,33.7440,40.5240

4618.8900,49.6623,50.6692,37.2449,37.1767,37.4599,37.2824,44.4465,30.1435,42.4426,33.7130,40.5107

4619.8900,49.6494,50.6490,37.2063,37.2128,37.4300,37.2787,44.4508,30.1379,42.4295,33.7083,40.5019

4620.8900,49.6160,50.6814,37.2204,37.1849,37.4608,37.2899,44.4649,30.1628,42.4327,33.7263,40.5101

4621.8900,49.6480,50.6354,37.2743,37.1954,37.4604,37.3082,44.4743,30.1544,42.4427,33.7313,40.5188

4622.8900,49.6464,50.6206,37.2481,37.2089,37.4714,37.2865,44.4576,30.1476,42.4391,33.7171,40.5109

4623.8900,49.6592,50.7212,37.2774,37.2111,37.4699,37.2924,44.4459,30.1540,42.4678,33.7232,40.5289

4624.8900,49.6385,50.7013,37.2624,37.1952,37.4555,37.3056,44.4347,30.1222,42.4506,33.7139,40.5144

4625.8900,49.6416,50.6869,37.2619,37.2040,37.4483,37.3045,44.4449,30.1606,42.4485,33.7325,40.5191

4626.8900,49.6480,50.7038,37.2509,37.2285,37.4837,37.3142,44.4358,30.1445,42.4630,33.7294,40.5262

4627.8900,49.6465,50.6492,37.2336,37.2131,37.4906,37.2992,44.4348,30.1655,42.4466,33.7323,40.5166

4628.8900,49.6371,50.6508,37.2361,37.2212,37.4592,37.3032,44.4410,30.1555,42.4409,33.7294,40.5130

4629.8900,49.6521,50.6333,37.2128,37.2310,37.4655,37.3095,44.4420,30.1445,42.4390,33.7270,40.5113

4630.8900,49.6496,50.6520,37.2093,37.2560,37.4564,37.2963,44.4232,30.1762,42.4447,33.7363,40.5149

4631.8910,49.6491,50.6445,37.2452,37.2522,37.4648,37.3046,44.4417,30.1625,42.4512,33.7336,40.5206

4632.8900,49.6569,50.6161,37.2585,37.2310,37.4637,37.2858,44.4424,30.1752,42.4453,33.7305,40.5162

4633.8900,49.6405,50.6233,37.2588,37.2439,37.4552,37.2950,44.4362,30.1689,42.4444,33.7320,40.5152

4634.8900,49.6601,50.6332,37.2455,37.2497,37.4581,37.3106,44.4299,30.1404,42.4493,33.7255,40.5159

4635.8900,49.6528,50.6549,37.2375,37.2286,37.4643,37.3088,44.4702,30.1757,42.4476,33.7422,40.5241

4636.8900,49.6459,50.6498,37.2445,37.2449,37.4564,37.2762,44.4600,30.1692,42.4483,33.7227,40.5183

4637.8900,49.6619,50.6443,37.2174,37.2305,37.4693,37.3106,44.4549,30.1544,42.4447,33.7325,40.5179

4638.8900,49.6417,50.6596,37.2399,37.2446,37.4531,37.2850,44.4625,30.1437,42.4478,33.7144,40.5163

4639.8900,49.6523,50.6659,37.2355,37.2486,37.4544,37.3106,44.4553,30.1789,42.4513,33.7448,40.5252

4640.8900,49.6554,50.6275,37.2827,37.2411,37.4627,37.3058,44.4493,30.1920,42.4539,33.7489,40.5271

4641.8900,49.6562,50.5794,37.2308,37.2397,37.4780,37.3024,44.4645,30.1787,42.4368,33.7406,40.5162

4642.8900,49.6388,50.5797,37.2674,37.2301,37.4576,37.3016,44.4206,30.1760,42.4347,33.7388,40.5090

4643.8900,49.6578,50.6330,37.2494,37.2209,37.4605,37.3022,44.4561,30.1479,42.4443,33.7250,40.5160

4644.8900,49.6429,50.5944,37.2632,37.2188,37.4701,37.2936,44.4531,30.1609,42.4379,33.7273,40.5121

4645.8900,49.6632,50.6410,37.2668,37.1884,37.4523,37.2983,44.4372,30.1623,42.4423,33.7303,40.5137

4646.8900,49.6439,50.6204,37.2274,37.1971,37.4712,37.3045,44.4356,30.1738,42.4320,33.7391,40.5093

4647.8900,49.6367,50.5816,37.2441,37.2156,37.4509,37.3112,44.4458,30.1791,42.4258,33.7452,40.5081

4648.8900,49.6430,50.6143,37.2137,37.2170,37.4716,37.2867,44.4271,30.1319,42.4319,33.7093,40.5007

4649.8900,49.6505,50.5428,37.2003,37.2208,37.4769,37.3088,44.4569,30.1527,42.4183,33.7308,40.5012

4650.8900,49.6544,50.6280,37.1794,37.2537,37.4710,37.3085,44.4348,30.1684,42.4373,33.7385,40.5123

4651.8900,49.6496,50.5919,37.1664,37.2261,37.4770,37.2809,44.4450,30.1433,42.4222,33.7121,40.4975

4652.8900,49.6445,50.5780,37.2489,37.2685,37.4919,37.2841,44.4565,30.1696,42.4464,33.7269,40.5178

4653.8900,49.6553,50.6148,37.2544,37.2259,37.4696,37.2983,44.4564,30.1618,42.4440,33.7300,40.5171

4654.8900,49.6495,50.5551,37.2370,37.2361,37.4595,37.3139,44.4414,30.1723,42.4274,33.7431,40.5081

4655.8900,49.6587,50.6364,37.2296,37.2361,37.4470,37.2980,44.4331,30.1695,42.4416,33.7338,40.5136

4656.8910,49.6441,50.6430,37.2203,37.2497,37.4700,37.2968,44.4587,30.1551,42.4454,33.7259,40.5172

4657.8900,49.6645,50.6429,37.2454,37.2211,37.4817,37.3010,44.4303,30.1895,42.4511,33.7452,40.5220

4658.8900,49.6522,50.6336,37.2492,37.2454,37.4707,37.3091,44.4586,30.1619,42.4502,33.7355,40.5226

4659.8900,49.6614,50.6447,37.2243,37.2612,37.4711,37.3035,44.4530,30.1812,42.4526,33.7423,40.5250

4660.8900,49.6622,50.6438,37.1838,37.2548,37.4738,37.3015,44.4596,30.1622,42.4437,33.7319,40.5177

4661.8900,49.6696,50.6718,37.2485,37.2434,37.4635,37.3197,44.4404,30.1679,42.4594,33.7438,40.5281

4662.8900,49.6725,50.6265,37.1751,37.2344,37.4739,37.3165,44.4695,30.1647,42.4365,33.7406,40.5166

4663.8900,49.6858,50.6659,37.2490,37.2402,37.4743,37.3230,44.4553,30.1618,42.4630,33.7424,40.5319

4664.8900,49.6700,50.6473,37.2195,37.2428,37.4574,37.3159,44.4598,30.1598,42.4474,33.7378,40.5215

4665.8900,49.6963,50.6297,37.2073,37.2288,37.4658,37.2935,44.4625,30.1626,42.4456,33.7280,40.5183

4666.8900,49.6683,50.5907,37.2595,37.2216,37.4772,37.3236,44.4494,30.1544,42.4435,33.7390,40.5181

4667.8900,49.6653,50.5762,37.2495,37.2046,37.4755,37.3023,44.4492,30.1663,42.4342,33.7343,40.5111

4668.8900,49.6411,50.6326,37.2761,37.2121,37.4474,37.3180,44.4320,30.1549,42.4418,33.7365,40.5143

4669.8900,49.6592,50.7030,37.2399,37.2095,37.4923,37.3032,44.4527,30.1677,42.4608,33.7354,40.5284

4670.8900,49.6512,50.7062,37.2052,37.2253,37.4748,37.2997,44.4280,30.1614,42.4525,33.7305,40.5190

4671.8900,49.6427,50.7131,37.2277,37.2253,37.4723,37.3018,44.4345,30.1687,42.4562,33.7353,40.5233

4672.8900,49.6536,50.6426,37.2059,37.2372,37.4590,37.2942,44.4236,30.1610,42.4397,33.7276,40.5096

4673.8900,49.6524,50.6175,37.2226,37.2520,37.4634,37.3233,44.4447,30.1593,42.4416,33.7413,40.5169

4674.8900,49.6431,50.5662,37.2501,37.2370,37.4722,37.3177,44.4591,30.1555,42.4337,33.7366,40.5126

4675.8900,49.6518,50.5793,37.2596,37.2274,37.4759,37.3008,44.4565,30.1587,42.4388,33.7297,40.5138

4676.8900,49.6301,50.5774,37.2726,37.2362,37.4535,37.3288,44.4722,30.1601,42.4340,33.7445,40.5164

4677.8900,49.6406,50.6263,37.2268,37.2338,37.4757,37.3105,44.4749,30.1703,42.4406,33.7404,40.5198

4678.8900,49.6538,50.6502,37.2262,37.2500,37.4471,37.3014,44.4470,30.1702,42.4455,33.7358,40.5182

4679.8900,49.6659,50.7222,37.2509,37.2462,37.4658,37.3267,44.4891,30.1660,42.4702,33.7463,40.5416

4680.8900,49.6532,50.6966,37.2759,37.2558,37.4722,37.3195,44.4731,30.1512,42.4707,33.7353,40.5372

4681.8900,49.6647,50.7009,37.2597,37.2573,37.4829,37.3306,44.4566,30.1582,42.4731,33.7444,40.5389

4682.8900,49.6839,50.6448,37.2969,37.2660,37.4513,37.3108,44.4694,30.1622,42.4686,33.7365,40.5356

4683.8900,49.7000,50.6459,37.2728,37.2396,37.4653,37.3173,44.4668,30.1565,42.4647,33.7369,40.5330

4684.8900,49.6436,50.6278,37.2703,37.2349,37.4769,37.3070,44.4621,30.1715,42.4507,33.7392,40.5243

4685.8910,49.6851,50.5126,37.2739,37.2403,37.4778,37.3111,44.4461,30.1639,42.4379,33.7375,40.5139

4686.8900,49.6917,50.5292,37.2575,37.2323,37.4957,37.3178,44.4442,30.1575,42.4413,33.7376,40.5157

4687.8900,49.6672,50.5396,37.2303,37.2517,37.4784,37.3215,44.4366,30.1617,42.4334,33.7416,40.5109

4688.8900,49.6721,50.5494,37.2402,37.2402,37.4661,37.3241,44.4367,30.1751,42.4336,33.7496,40.5130

4689.8900,49.6987,50.5844,37.2326,37.2335,37.4672,37.3188,44.4561,30.1599,42.4433,33.7393,40.5189

4690.8900,49.6624,50.6313,37.2000,37.2556,37.4642,37.3381,44.4716,30.1808,42.4427,33.7595,40.5255

4691.8900,49.6852,50.5993,37.2112,37.2649,37.4545,37.3004,44.4645,30.1842,42.4430,33.7423,40.5205

4692.8900,49.6843,50.5992,37.2676,37.2638,37.4821,37.3336,44.4839,30.1682,42.4594,33.7509,40.5353

4693.8900,49.6662,50.6342,37.2310,37.2628,37.4755,37.3106,44.4420,30.1837,42.4539,33.7471,40.5257

4694.8900,49.6786,50.6544,37.2678,37.2445,37.4526,37.3088,44.4600,30.1747,42.4596,33.7417,40.5302

4695.8900,49.6800,50.7088,37.2686,37.2682,37.4758,37.3236,44.4706,30.1685,42.4803,33.7461,40.5455

4696.8910,49.6671,50.7318,37.2466,37.2531,37.4615,37.3023,44.4658,30.1936,42.4720,33.7479,40.5402

4697.8900,49.6690,50.7431,37.1935,37.2551,37.4900,37.3088,44.4460,30.1828,42.4701,33.7458,40.5360

4698.8900,49.6615,50.7499,37.2523,37.2415,37.4913,37.3180,44.4492,30.1831,42.4793,33.7506,40.5434

4699.8900,49.6769,50.7166,37.2849,37.2373,37.4863,37.3369,44.4431,30.1758,42.4804,33.7563,40.5447

4700.8900,49.7203,50.6796,37.2442,37.2088,37.4676,37.3135,44.4487,30.1898,42.4641,33.7516,40.5340

4701.8900,49.6794,50.7074,37.2275,37.2396,37.4855,37.3235,44.4366,30.1816,42.4679,33.7525,40.5351

4702.8900,49.6824,50.6839,37.2612,37.2178,37.4876,37.3139,44.4428,30.1893,42.4666,33.7516,40.5349

4703.8900,49.6882,50.6727,37.2340,37.2195,37.4721,37.3170,44.4445,30.1887,42.4573,33.7529,40.5296

4704.8900,49.6833,50.7353,37.2366,37.2109,37.4676,37.3293,44.4670,30.1973,42.4667,33.7633,40.5409

4705.8900,49.6833,50.6866,37.2112,37.2341,37.4755,37.3139,44.4659,30.1630,42.4581,33.7384,40.5292

4706.8900,49.6552,50.6918,37.1967,37.2224,37.4826,37.3341,44.4715,30.1776,42.4497,33.7559,40.5290

4707.8900,49.6766,50.6421,37.2288,37.2474,37.4734,37.3361,44.5006,30.1787,42.4537,33.7574,40.5355

4708.8900,49.6824,50.5862,37.2600,37.2414,37.4647,37.3041,44.4606,30.1950,42.4469,33.7495,40.5243

4709.8900,49.6854,50.5597,37.2687,37.2697,37.4902,37.3314,44.4790,30.1863,42.4547,33.7588,40.5338

4710.8900,49.6711,50.6654,37.2336,37.2826,37.4935,37.3380,44.4673,30.2018,42.4692,33.7699,40.5442

4711.8910,49.6772,50.6636,37.2481,37.2393,37.4950,37.2952,44.4934,30.1681,42.4647,33.7317,40.5350

4712.8900,49.6938,50.5648,37.2491,37.2398,37.4940,37.3199,44.4721,30.1647,42.4483,33.7423,40.5248

4713.8910,49.6706,50.5841,37.2588,37.2434,37.4613,37.3091,44.4557,30.1736,42.4436,33.7413,40.5196

4714.8900,49.6827,50.6555,37.2511,37.2404,37.4633,37.3218,44.4448,30.1958,42.4586,33.7588,40.5319

4715.8900,49.6952,50.6732,37.2644,37.2620,37.4548,37.3194,44.4621,30.1756,42.4699,33.7475,40.5383

4716.8900,49.6894,50.7374,37.2672,37.2746,37.5031,37.3346,44.4310,30.1876,42.4943,33.7611,40.5531

4717.8900,49.6937,50.6753,37.2441,37.2693,37.5024,37.3385,44.4513,30.1741,42.4770,33.7563,40.5436

4718.8900,49.6728,50.6477,37.2624,37.2671,37.4639,37.3341,44.4704,30.1843,42.4628,33.7592,40.5378

4719.8900,49.6915,50.6618,37.2528,37.2561,37.4805,37.3171,44.4646,30.1807,42.4685,33.7489,40.5381

4720.8900,49.7013,50.6402,37.2259,37.2404,37.4657,37.3196,44.4782,30.1846,42.4547,33.7521,40.5320

4721.8900,49.6845,50.6221,37.2394,37.2324,37.4987,37.3011,44.4744,30.1896,42.4554,33.7454,40.5303

4722.8900,49.7020,50.6338,37.2475,37.2437,37.4775,37.3295,44.4973,30.1900,42.4609,33.7597,40.5402

4723.8900,49.6941,50.7088,37.2882,37.2415,37.4808,37.3346,44.4557,30.1838,42.4827,33.7592,40.5484

4724.8900,49.7086,50.6731,37.2965,37.2587,37.5072,37.3293,44.4672,30.1789,42.4888,33.7541,40.5524

4725.8910,49.6885,50.6730,37.2264,37.2255,37.4994,37.3337,44.4713,30.1871,42.4626,33.7604,40.5381

4726.8900,49.6989,50.5733,37.2633,37.2409,37.4954,37.3227,44.4361,30.1826,42.4544,33.7526,40.5267

4727.8900,49.7011,50.6380,37.2741,37.2488,37.4864,37.3412,44.4588,30.1688,42.4697,33.7550,40.5396

4728.8900,49.7006,50.6685,37.2465,37.2498,37.4785,37.3267,44.4607,30.2088,42.4688,33.7678,40.5425

4729.8900,49.7085,50.7089,37.2258,37.2183,37.4902,37.3240,44.4646,30.1835,42.4704,33.7538,40.5405

4730.8900,49.6975,50.6981,37.2363,37.2279,37.4838,37.3217,44.4742,30.1784,42.4687,33.7501,40.5397

4731.8900,49.7074,50.7210,37.2795,37.2230,37.4704,37.3317,44.4781,30.1697,42.4803,33.7507,40.5476

4732.8900,49.6927,50.7057,37.2632,37.2258,37.5000,37.3230,44.4739,30.1627,42.4775,33.7429,40.5434

4733.8900,49.6792,50.7187,37.2314,37.2352,37.4900,37.3383,44.4870,30.1842,42.4709,33.7612,40.5455

4734.8900,49.6839,50.7093,37.2066,37.2495,37.4887,37.3327,44.4776,30.1636,42.4676,33.7482,40.5390

4735.8900,49.6807,50.7228,37.2585,37.2342,37.4887,37.3571,44.4916,30.1782,42.4770,33.7676,40.5515

4736.8900,49.7109,50.7634,37.2729,37.2351,37.4931,37.3461,44.4818,30.1733,42.4951,33.7597,40.5596

4737.8900,49.6856,50.8006,37.2451,37.2563,37.4960,37.3527,44.4755,30.1855,42.4967,33.7691,40.5622

4738.8900,49.6709,50.7354,37.2586,37.2460,37.4980,37.3406,44.4852,30.1847,42.4818,33.7627,40.5524

4739.8900,49.6897,50.7234,37.2254,37.2637,37.4876,37.3457,44.4606,30.1860,42.4780,33.7658,40.5478

4740.8900,49.6850,50.6957,37.2446,37.2441,37.4856,37.3357,44.4309,30.1783,42.4710,33.7570,40.5375

4741.8900,49.6741,50.7189,37.2652,37.2256,37.4984,37.3490,44.4742,30.1644,42.4764,33.7567,40.5462

4742.8900,49.6717,50.7335,37.2366,37.2516,37.4992,37.3508,44.4480,30.1893,42.4785,33.7700,40.5476

4743.8900,49.6668,50.7786,37.2551,37.2509,37.4700,37.3290,44.4516,30.1824,42.4843,33.7557,40.5480

4744.8900,49.6735,50.7211,37.2236,37.2558,37.4899,37.3381,44.4676,30.1766,42.4728,33.7573,40.5433

4745.8900,49.6999,50.7219,37.2295,37.2678,37.4908,37.3470,44.4688,30.1728,42.4820,33.7599,40.5498

4746.8900,49.6722,50.6974,37.2595,37.2721,37.4947,37.3429,44.4749,30.1856,42.4792,33.7643,40.5499

4747.8900,49.6993,50.7171,37.2406,37.2738,37.5052,37.3273,44.4701,30.1779,42.4872,33.7526,40.5514

4748.8900,49.6790,50.7186,37.2407,37.2641,37.4875,37.3236,44.4925,30.1845,42.4780,33.7540,40.5488

4749.8910,49.6821,50.7030,37.2361,37.2534,37.4864,37.3562,44.4856,30.1881,42.4722,33.7721,40.5489

4750.8900,49.6999,50.6684,37.2395,37.2558,37.5180,37.3452,44.5010,30.1653,42.4763,33.7553,40.5492

4751.8900,49.6825,50.6300,37.2590,37.2361,37.5041,37.3538,44.4819,30.1838,42.4624,33.7688,40.5414

4752.8900,49.6895,50.6524,37.2592,37.2583,37.4939,37.3366,44.4877,30.1825,42.4707,33.7595,40.5450

4753.8900,49.6860,50.6875,37.2648,37.2499,37.5183,37.3470,44.5002,30.1742,42.4813,33.7606,40.5535

4754.8900,49.6979,50.6672,37.2985,37.2434,37.4963,37.3282,44.4919,30.1760,42.4807,33.7521,40.5499

4755.8900,49.6868,50.6944,37.2559,37.2545,37.5070,37.3464,44.4774,30.1642,42.4798,33.7553,40.5484

4756.8900,49.6895,50.6963,37.2579,37.2420,37.4995,37.3337,44.4864,30.1876,42.4770,33.7607,40.5491

4757.8900,49.6767,50.6984,37.2572,37.2366,37.5095,37.3264,44.4745,30.1803,42.4757,33.7534,40.5450

4758.8900,49.6918,50.6864,37.2394,37.2655,37.5009,37.3300,44.4647,30.1890,42.4768,33.7595,40.5460

4759.8900,49.6959,50.6628,37.2305,37.2623,37.5079,37.3510,44.4731,30.1453,42.4719,33.7481,40.5411

4760.8900,49.6720,50.6506,37.2453,37.2719,37.5159,37.3385,44.4752,30.1656,42.4712,33.7521,40.5419

4761.8900,49.7078,50.6549,37.2683,37.2678,37.5087,37.3340,44.4749,30.1781,42.4815,33.7560,40.5493

4762.8900,49.6812,50.6719,37.2538,37.2804,37.5047,37.3380,44.4697,30.1694,42.4784,33.7537,40.5461

4763.8900,49.6761,50.6577,37.2487,37.2949,37.5066,37.3567,44.4767,30.1919,42.4768,33.7743,40.5512

4764.8900,49.6830,50.6464,37.2340,37.2816,37.4896,37.3458,44.4853,30.1763,42.4669,33.7611,40.5427

4765.8900,49.6996,50.6553,37.2963,37.2566,37.5214,37.3323,44.4855,30.1805,42.4858,33.7564,40.5534

4766.8900,49.6846,50.6713,37.3152,37.2494,37.5109,37.3255,44.5039,30.1728,42.4863,33.7491,40.5542

4767.8900,49.6971,50.7081,37.2908,37.2619,37.5161,37.3303,44.4950,30.1771,42.4948,33.7537,40.5595

4768.8900,49.6980,50.6801,37.2895,37.2391,37.4890,37.3218,44.5048,30.1832,42.4791,33.7525,40.5507

4769.8900,49.7010,50.6671,37.2577,37.2507,37.4948,37.3267,44.5154,30.1932,42.4742,33.7599,40.5508

4770.8900,49.6996,50.6359,37.2771,37.2365,37.4933,37.3574,44.5027,30.1612,42.4685,33.7593,40.5455

4771.8900,49.6765,50.6428,37.2673,37.2449,37.4953,37.3277,44.4804,30.1726,42.4654,33.7501,40.5384

4772.8900,49.6975,50.6700,37.2948,37.2677,37.4843,37.3432,44.4733,30.1920,42.4828,33.7676,40.5529

4773.8900,49.6818,50.6737,37.2817,37.2639,37.4968,37.3390,44.4682,30.1916,42.4796,33.7653,40.5496

4774.8900,49.6831,50.7011,37.2711,37.2552,37.5019,37.3221,44.4582,30.1849,42.4825,33.7535,40.5472

4775.8900,49.6882,50.7187,37.2936,37.2665,37.5056,37.3473,44.4666,30.1783,42.4945,33.7628,40.5581

4776.8900,49.7138,50.7800,37.2977,37.2500,37.4806,37.3508,44.4660,30.1893,42.5044,33.7700,40.5660

4777.8900,49.6833,50.7813,37.2532,37.2387,37.4872,37.3317,44.4738,30.1725,42.4888,33.7521,40.5527

4778.8900,49.6895,50.6805,37.1779,37.2568,37.5005,37.3361,44.4639,30.1990,42.4610,33.7675,40.5380

4779.8900,49.6793,50.6544,37.2262,37.2622,37.5177,37.3202,44.4859,30.1792,42.4680,33.7497,40.5406

4780.8900,49.6807,50.7334,37.2599,37.2869,37.5004,37.3179,44.4711,30.1811,42.4923,33.7495,40.5539

4781.8900,49.6931,50.7421,37.2369,37.2672,37.4938,37.3303,44.4840,30.1696,42.4866,33.7500,40.5521

4782.8900,49.7037,50.7298,37.1862,37.2880,37.4686,37.3243,44.4973,30.1852,42.4753,33.7547,40.5479

4783.8910,49.6977,50.7652,37.2322,37.2850,37.5022,37.3276,44.4896,30.1739,42.4965,33.7507,40.5592

4784.8900,49.6991,50.7715,37.2451,37.2760,37.4994,37.3374,44.5131,30.2134,42.4982,33.7754,40.5694

4785.8910,49.7004,50.7281,37.2638,37.3002,37.4843,37.3340,44.5043,30.1663,42.4954,33.7501,40.5602

4786.8900,49.7106,50.7040,37.2572,37.2558,37.5016,37.3508,44.4927,30.1964,42.4859,33.7736,40.5587

4787.8900,49.7007,50.6421,37.3044,37.2657,37.4916,37.3399,44.4941,30.1816,42.4809,33.7607,40.5525

4788.8900,49.7021,50.7092,37.2424,37.2746,37.5057,37.3282,44.4918,30.1962,42.4868,33.7622,40.5563

4789.8900,49.6867,50.6714,37.2500,37.2687,37.5042,37.3239,44.4604,30.1745,42.4762,33.7492,40.5425

4790.8900,49.7065,50.6470,37.2458,37.2687,37.5022,37.3514,44.4766,30.1791,42.4740,33.7652,40.5472

4791.8900,49.7008,50.6180,37.2436,37.2782,37.5007,37.3302,44.4670,30.1752,42.4683,33.7527,40.5392

4792.8900,49.7040,50.6431,37.2195,37.2854,37.4927,37.3368,44.4802,30.1789,42.4690,33.7578,40.5426

4793.8900,49.6969,50.6202,37.2468,37.2622,37.5060,37.3389,44.4605,30.1844,42.4664,33.7616,40.5395

4794.8900,49.6997,50.6222,37.2254,37.2628,37.4939,37.3244,44.4916,30.1768,42.4608,33.7506,40.5371

4795.8910,49.7431,50.6474,37.2154,37.2635,37.5004,37.3431,44.4947,30.1740,42.4740,33.7585,40.5477

4796.8910,49.7137,50.6259,37.2376,37.2764,37.5113,37.3306,44.4847,30.1652,42.4730,33.7479,40.5432

4797.8900,49.7195,50.6288,37.2032,37.2611,37.5042,37.3449,44.5095,30.1740,42.4634,33.7595,40.5432

4798.8910,49.6957,50.5847,37.2614,37.2413,37.5174,37.3493,44.4991,30.1911,42.4601,33.7702,40.5425

4799.8900,49.6907,50.6388,37.2385,37.2427,37.5039,37.3545,44.4972,30.1780,42.4629,33.7663,40.5430

4800.8900,49.6955,50.6643,37.2624,37.2190,37.5051,37.3412,44.4793,30.1957,42.4693,33.7684,40.5453

4801.8900,49.6934,50.7631,37.2568,37.2339,37.5072,37.3578,44.5103,30.1903,42.4909,33.7740,40.5641

4802.8900,49.6915,50.7735,37.2136,37.2575,37.5071,37.3371,44.4994,30.1967,42.4886,33.7669,40.5595

4803.8900,49.7195,50.7495,37.2575,37.2449,37.5195,37.3556,44.4924,30.1815,42.4982,33.7686,40.5650

4804.8900,49.6940,50.6737,37.3298,37.2504,37.4961,37.3410,44.4715,30.2020,42.4888,33.7715,40.5573

4805.8900,49.7140,50.6577,37.2791,37.2739,37.5032,37.3332,44.4921,30.1824,42.4856,33.7578,40.5544

4806.8900,49.7198,50.6656,37.2637,37.2926,37.5123,37.3325,44.4856,30.1958,42.4908,33.7642,40.5585

4807.8900,49.6884,50.6663,37.2826,37.2794,37.5213,37.3307,44.4887,30.2100,42.4876,33.7704,40.5584

4808.8900,49.7039,50.6957,37.2769,37.2965,37.4972,37.3231,44.4797,30.1896,42.4941,33.7563,40.5578

4809.8900,49.7012,50.6787,37.2564,37.2826,37.5001,37.3638,44.4951,30.1944,42.4838,33.7791,40.5591

4810.8900,49.6950,50.7233,37.2029,37.2735,37.4747,37.3374,44.5032,30.1819,42.4739,33.7597,40.5490

4811.8900,49.6844,50.6361,37.2371,37.2521,37.5126,37.3384,44.5093,30.1848,42.4645,33.7616,40.5444

4812.8900,49.6938,50.6755,37.2508,37.2578,37.4866,37.3484,44.5002,30.1860,42.4729,33.7672,40.5499

4813.8900,49.7056,50.7320,37.2678,37.2641,37.4925,37.3725,44.4971,30.2022,42.4924,33.7873,40.5667

4814.8900,49.6978,50.7089,37.2921,37.2715,37.5032,37.3613,44.5282,30.2074,42.4947,33.7843,40.5713

4815.8900,49.6975,50.7210,37.2614,37.2698,37.4866,37.3377,44.5274,30.2123,42.4873,33.7750,40.5642

4816.8900,49.7101,50.6847,37.2830,37.2844,37.4970,37.3489,44.5220,30.2100,42.4918,33.7795,40.5675

4817.8900,49.7264,50.6812,37.3178,37.2842,37.5148,37.3682,44.5213,30.1876,42.5049,33.7779,40.5752

4818.8900,49.7073,50.6557,37.3032,37.2696,37.5090,37.3363,44.4943,30.2193,42.4890,33.7778,40.5619

4819.8900,49.7360,50.7114,37.2568,37.2680,37.5236,37.3630,44.4977,30.2063,42.4991,33.7846,40.5703

4820.8900,49.7178,50.6973,37.2967,37.2831,37.5070,37.3459,44.4813,30.1999,42.5004,33.7729,40.5661

4821.8900,49.7301,50.6803,37.2795,37.2664,37.5069,37.3714,44.4976,30.1946,42.4926,33.7830,40.5658

4822.8900,49.7221,50.7088,37.3037,37.2719,37.5011,37.3587,44.4771,30.2015,42.5015,33.7801,40.5681

4823.8900,49.7229,50.6587,37.2857,37.2754,37.5220,37.3539,44.4754,30.1981,42.4929,33.7760,40.5615

4824.8900,49.7276,50.6207,37.2613,37.2603,37.4983,37.3652,44.5041,30.1953,42.4736,33.7803,40.5541

4825.8910,49.7317,50.6050,37.2655,37.2753,37.5057,37.3399,44.5013,30.2160,42.4766,33.7779,40.5551

4826.8900,49.7193,50.6018,37.2295,37.2655,37.4983,37.3494,44.4944,30.1968,42.4629,33.7731,40.5444

4827.8900,49.7370,50.5971,37.2262,37.2982,37.5059,37.3523,44.5041,30.1993,42.4729,33.7758,40.5525

4828.8900,49.7411,50.6295,37.2697,37.2837,37.5101,37.3397,44.4976,30.2105,42.4868,33.7751,40.5603

4829.8900,49.7279,50.6639,37.2685,37.2933,37.5182,37.3576,44.4978,30.1923,42.4943,33.7749,40.5649

4830.8900,49.7398,50.7362,37.2435,37.2870,37.5008,37.3477,44.5129,30.2031,42.5015,33.7754,40.5714

4831.8900,49.7212,50.7638,37.2500,37.2733,37.5249,37.3517,44.5068,30.1954,42.5067,33.7736,40.5734

4832.8910,49.7201,50.7222,37.3163,37.3078,37.5108,37.3483,44.5123,30.2019,42.5155,33.7751,40.5800

4833.8900,49.7495,50.7042,37.2392,37.2747,37.5176,37.3500,44.5072,30.2040,42.4970,33.7770,40.5683

4834.8910,49.7411,50.7126,37.2459,37.2743,37.5166,37.3653,44.5097,30.2133,42.4981,33.7893,40.5724

4835.8900,49.7450,50.7036,37.2905,37.2489,37.5061,37.3254,44.5016,30.2135,42.4988,33.7694,40.5668

4836.8900,49.7512,50.6794,37.2632,37.2496,37.5221,37.3442,44.4777,30.2034,42.4931,33.7738,40.5614

4837.8900,49.7483,50.6940,37.2173,37.2514,37.4883,37.3613,44.4854,30.2074,42.4799,33.7844,40.5567

4838.8900,49.7465,50.6993,37.2455,37.2707,37.5197,37.3539,44.4847,30.2070,42.4963,33.7805,40.5659

4839.8900,49.7412,50.7060,37.2518,37.2826,37.4971,37.3449,44.4872,30.2223,42.4957,33.7836,40.5666

4840.8900,49.7412,50.7011,37.2902,37.2781,37.5116,37.3440,44.5050,30.1989,42.5044,33.7714,40.5713

4841.8900,49.7532,50.7015,37.3182,37.2818,37.5013,37.3514,44.4873,30.1895,42.5112,33.7704,40.5730

4842.8900,49.7512,50.6686,37.2668,37.2747,37.5077,37.3326,44.4859,30.2011,42.4938,33.7668,40.5611

4843.8900,49.7556,50.6335,37.2939,37.2915,37.5074,37.3351,44.4984,30.2210,42.4964,33.7781,40.5671

4844.8900,49.7444,50.6704,37.3003,37.2835,37.5124,37.3383,44.5150,30.1997,42.5022,33.7690,40.5705

4845.8910,49.7212,50.6949,37.3040,37.2951,37.5185,37.3369,44.4900,30.2227,42.5067,33.7798,40.5729

4846.8900,49.7305,50.6648,37.2606,37.2592,37.4975,37.3374,44.4964,30.2270,42.4825,33.7822,40.5592

4847.8900,49.7170,50.6040,37.2369,37.2584,37.4932,37.3405,44.4841,30.2175,42.4619,33.7790,40.5440

4848.8900,49.7433,50.5216,37.2741,37.2484,37.4941,37.3293,44.5006,30.2311,42.4563,33.7802,40.5428

4849.8900,49.7588,50.4920,37.2447,37.2433,37.4859,37.3435,44.4904,30.2074,42.4450,33.7754,40.5333

4850.8900,49.7508,50.5579,37.2600,37.2651,37.5072,37.3288,44.4921,30.2114,42.4682,33.7701,40.5467

4851.8900,49.7569,50.6151,37.2986,37.2832,37.5078,37.3275,44.4729,30.2091,42.4923,33.7683,40.5589

4852.8900,49.7427,50.6183,37.2233,37.2668,37.4870,37.3319,44.4887,30.2051,42.4676,33.7685,40.5455

4853.8900,49.7391,50.6026,37.2313,37.2659,37.5239,37.3259,44.4859,30.2075,42.4725,33.7667,40.5478

4854.8900,49.7558,50.6565,37.3162,37.2770,37.5025,37.3624,44.5030,30.2090,42.5016,33.7857,40.5728

4855.8900,49.7563,50.6498,37.2949,37.2683,37.5002,37.3382,44.4855,30.2288,42.4939,33.7835,40.5652

4856.8900,49.7508,50.6725,37.3015,37.2786,37.4871,37.3331,44.5004,30.1945,42.4981,33.7638,40.5648

4857.8900,49.7537,50.6554,37.2754,37.2819,37.4980,37.3299,44.4982,30.2022,42.4929,33.7661,40.5618

4858.8900,49.7495,50.6341,37.2646,37.2847,37.5116,37.3472,44.5102,30.1937,42.4889,33.7704,40.5619

4859.8900,49.7380,50.6351,37.2623,37.2773,37.5182,37.3309,44.5390,30.2116,42.4862,33.7713,40.5641

4860.8900,49.7419,50.6031,37.2678,37.2949,37.5016,37.3400,44.5120,30.1799,42.4819,33.7599,40.5552

4861.8900,49.7357,50.6378,37.2669,37.2828,37.5153,37.3318,44.5101,30.1993,42.4877,33.7656,40.5600

4862.8900,49.7516,50.6435,37.3119,37.2792,37.5001,37.3339,44.5024,30.2104,42.4973,33.7722,40.5667

4863.8910,49.7436,50.6424,37.2804,37.2828,37.5289,37.3366,44.4888,30.2050,42.4956,33.7708,40.5636

4864.8900,49.7416,50.6168,37.3031,37.2686,37.5026,37.3294,44.5095,30.1904,42.4866,33.7599,40.5578

4865.8900,49.7232,50.6157,37.3114,37.2885,37.5060,37.3276,44.4991,30.2003,42.4890,33.7640,40.5590

4866.8900,49.7221,50.5969,37.2606,37.2994,37.5026,37.3298,44.4909,30.2123,42.4763,33.7711,40.5518

4867.8900,49.7282,50.6037,37.2651,37.3108,37.5138,37.3284,44.4953,30.1983,42.4843,33.7634,40.5554

4868.8900,49.7435,50.6326,37.2826,37.3050,37.5097,37.3318,44.4752,30.2143,42.4947,33.7731,40.5618

4869.8900,49.7234,50.6740,37.2568,37.2764,37.5030,37.3395,44.5071,30.2179,42.4867,33.7787,40.5623

4870.8900,49.7404,50.7265,37.2650,37.2832,37.5117,37.3403,44.5152,30.2060,42.5054,33.7732,40.5735

4871.8900,49.7195,50.7754,37.2533,37.2995,37.5023,37.3431,44.4929,30.2111,42.5100,33.7771,40.5747

4872.8900,49.7175,50.7627,37.2507,37.2955,37.4937,37.3569,44.5242,30.2062,42.5040,33.7815,40.5759

4873.8900,49.7294,50.6778,37.2732,37.2943,37.5080,37.3269,44.5290,30.2235,42.4966,33.7752,40.5703

4874.8900,49.7146,50.5908,37.2535,37.2745,37.5057,37.3549,44.5256,30.2184,42.4678,33.7866,40.5547

4875.8900,49.7207,50.7000,37.3153,37.2704,37.4988,37.3339,44.5146,30.2038,42.5010,33.7689,40.5697

4876.8900,49.7076,50.7725,37.3223,37.2719,37.5252,37.3543,44.5132,30.2051,42.5199,33.7797,40.5840

4877.8900,49.7318,50.7699,37.3182,37.2851,37.5343,37.3578,44.5185,30.1921,42.5279,33.7750,40.5885

4878.8910,49.7320,50.8039,37.3035,37.2774,37.5176,37.3621,44.5094,30.2148,42.5269,33.7885,40.5901

4879.8900,49.7356,50.7910,37.3386,37.2849,37.5316,37.3355,44.5035,30.2237,42.5363,33.7796,40.5930

4880.8900,49.7323,50.8227,37.2922,37.2721,37.5124,37.3406,44.4833,30.2232,42.5263,33.7819,40.5849

4881.8900,49.7315,50.8086,37.3088,37.2779,37.5055,37.3323,44.4738,30.2073,42.5264,33.7698,40.5807

4882.8900,49.7402,50.7275,37.2773,37.2675,37.4849,37.3392,44.5153,30.2077,42.4995,33.7735,40.5700

4883.8900,49.7024,50.7179,37.3016,37.2615,37.5363,37.3243,44.5145,30.2243,42.5039,33.7743,40.5729

4884.8900,49.7293,50.6602,37.2876,37.2596,37.4930,37.3520,44.5201,30.2135,42.4859,33.7828,40.5644

4885.8900,49.7260,50.6694,37.2404,37.2488,37.5051,37.3548,44.5163,30.2154,42.4780,33.7851,40.5595

4886.8900,49.7435,50.6798,37.2697,37.2514,37.5092,37.3342,44.5319,30.2069,42.4907,33.7705,40.5658

4887.8900,49.7410,50.7045,37.2222,37.2488,37.5160,37.3587,44.5414,30.2179,42.4865,33.7883,40.5688

4888.8900,49.7536,50.7402,37.2943,37.2672,37.4853,37.3681,44.5360,30.2086,42.5081,33.7883,40.5816

4889.8900,49.7425,50.7365,37.2835,37.2672,37.5143,37.3607,44.5443,30.2280,42.5088,33.7943,40.5846

4890.8900,49.7469,50.7839,37.2857,37.2875,37.5056,37.3422,44.5381,30.2225,42.5219,33.7824,40.5891

4891.8900,49.7374,50.7893,37.3318,37.2982,37.4970,37.3574,44.5319,30.2143,42.5307,33.7858,40.5947

4892.8900,49.7294,50.7897,37.2860,37.2888,37.5048,37.3572,44.5365,30.2141,42.5197,33.7857,40.5883

4893.8900,49.7249,50.7831,37.2839,37.3110,37.5077,37.3765,44.4955,30.2100,42.5221,33.7932,40.5866

4894.8900,49.7389,50.7550,37.2551,37.2901,37.5190,37.3537,44.5040,30.2266,42.5116,33.7902,40.5803

4895.8900,49.7223,50.7670,37.2719,37.3032,37.5009,37.3650,44.4947,30.2229,42.5130,33.7939,40.5810

4896.8900,49.7382,50.7731,37.3276,37.2963,37.5001,37.3460,44.4911,30.2202,42.5271,33.7831,40.5866

4897.8900,49.7624,50.7492,37.3552,37.2856,37.5054,37.3457,44.5051,30.2147,42.5316,33.7802,40.5904

4898.8900,49.7598,50.7441,37.3365,37.2894,37.4888,37.3777,44.5390,30.2253,42.5237,33.8015,40.5951

4899.8900,49.7512,50.7609,37.2830,37.2840,37.5239,37.3535,44.5122,30.2391,42.5206,33.7963,40.5885

4900.8900,49.7551,50.7768,37.3033,37.2753,37.5270,37.3505,44.5473,30.1933,42.5275,33.7719,40.5911

4901.8900,49.7372,50.7470,37.3287,37.2983,37.4949,37.3665,44.5358,30.2112,42.5212,33.7888,40.5899

4902.8900,49.7426,50.7121,37.3327,37.2963,37.5106,37.3626,44.5523,30.2111,42.5189,33.7869,40.5901

4903.8900,49.7450,50.6869,37.2932,37.3119,37.5238,37.3567,44.5275,30.2178,42.5122,33.7872,40.5828

4904.8900,49.7493,50.7395,37.3067,37.2950,37.5338,37.3792,44.5478,30.2057,42.5249,33.7925,40.5946

4905.8900,49.7514,50.7589,37.3081,37.3221,37.5227,37.3663,44.5451,30.2289,42.5326,33.7976,40.6004

4906.8900,49.7480,50.7251,37.2944,37.3253,37.5235,37.3629,44.5445,30.2269,42.5233,33.7949,40.5938

4907.8900,49.7263,50.6998,37.2819,37.3100,37.5077,37.3429,44.5307,30.2284,42.5052,33.7856,40.5785

4908.8910,49.7479,50.8036,37.3266,37.3088,37.5193,37.3507,44.5286,30.2217,42.5412,33.7862,40.6009

4909.8900,49.7539,50.7689,37.3359,37.3238,37.5365,37.3777,44.5272,30.2329,42.5438,33.8053,40.6071

4910.8900,49.7405,50.7457,37.3428,37.3241,37.5151,37.3755,44.5150,30.2184,42.5336,33.7969,40.5971

4911.8900,49.7269,50.6847,37.3428,37.3068,37.5321,37.3851,44.5368,30.2299,42.5187,33.8075,40.5931

4912.8900,49.7415,50.7264,37.3089,37.3145,37.5362,37.3919,44.5170,30.2415,42.5255,33.8167,40.5972

4913.8900,49.7370,50.7257,37.3006,37.2950,37.5423,37.3532,44.5357,30.2091,42.5201,33.7812,40.5873

4914.8900,49.7297,50.8092,37.2879,37.2893,37.5177,37.3612,44.5445,30.2266,42.5267,33.7939,40.5958

4915.8900,49.7562,50.7674,37.3115,37.2746,37.5384,37.3712,44.5527,30.2080,42.5296,33.7896,40.5975

4916.8900,49.7738,50.8449,37.2544,37.2908,37.5272,37.3647,44.5488,30.2146,42.5382,33.7897,40.6024

4917.8900,49.7600,50.8327,37.2612,37.2809,37.5301,37.3826,44.5556,30.2119,42.5330,33.7972,40.6019

4918.8900,49.7531,50.8295,37.3038,37.3038,37.5114,37.3578,44.5413,30.2208,42.5403,33.7893,40.6027

4919.8900,49.7751,50.8673,37.2948,37.2934,37.5037,37.4024,44.5541,30.2384,42.5469,33.8204,40.6162

4920.8900,49.7515,50.8650,37.2346,37.2995,37.5290,37.3725,44.5653,30.2215,42.5359,33.7970,40.6049

4921.8900,49.7491,50.8266,37.2592,37.2957,37.5383,37.3688,44.5605,30.2450,42.5338,33.8069,40.6054

4922.8900,49.7462,50.8335,37.2845,37.3162,37.5180,37.3877,44.5286,30.2237,42.5397,33.8057,40.6048

4923.8900,49.7535,50.7402,37.3316,37.3125,37.5277,37.3862,44.5425,30.2372,42.5331,33.8117,40.6039

4924.8900,49.7427,50.7463,37.2668,37.3205,37.5490,37.3604,44.5444,30.2210,42.5251,33.7907,40.5939

4925.8900,49.7588,50.7488,37.2880,37.3235,37.5396,37.3949,44.5381,30.2449,42.5317,33.8199,40.6046

4926.8910,49.7355,50.7732,37.3365,37.2837,37.5142,37.3919,44.5394,30.2452,42.5286,33.8186,40.6025

4927.8910,49.7508,50.7964,37.3278,37.3063,37.5409,37.3831,44.5395,30.2443,42.5444,33.8137,40.6111

4928.8900,49.7505,50.8170,37.3308,37.2701,37.5321,37.3939,44.5625,30.2393,42.5401,33.8166,40.6121

4929.8900,49.7486,50.8177,37.3119,37.2788,37.5503,37.3822,44.5503,30.2280,42.5415,33.8051,40.6085

4930.8900,49.7401,50.8502,37.2710,37.2748,37.5408,37.3895,44.5778,30.2344,42.5354,33.8119,40.6098

4931.8900,49.7704,50.8891,37.2753,37.2786,37.5485,37.4113,44.5858,30.2469,42.5524,33.8291,40.6257

4932.8900,49.7397,50.8482,37.2844,37.2662,37.5530,37.3854,44.5572,30.2349,42.5383,33.8102,40.6086

4933.8900,49.7534,50.8405,37.3079,37.2901,37.5351,37.3983,44.5889,30.2371,42.5454,33.8177,40.6189

4934.8910,49.7429,50.8337,37.2949,37.2707,37.5371,37.4110,44.5830,30.2312,42.5359,33.8211,40.6131

4935.8900,49.7387,50.8655,37.2739,37.2776,37.5357,37.3741,44.5941,30.2316,42.5383,33.8029,40.6114

4936.8900,49.7360,50.8543,37.2938,37.2882,37.5460,37.3756,44.5684,30.2161,42.5437,33.7958,40.6098

4937.8900,49.7401,50.7830,37.3081,37.2680,37.5436,37.3933,44.5873,30.2297,42.5286,33.8115,40.6066

4938.8900,49.7512,50.8077,37.2785,37.2939,37.5618,37.3989,44.5472,30.2429,42.5386,33.8209,40.6103

4939.8900,49.7349,50.7456,37.2633,37.2773,37.5841,37.3805,44.5372,30.2366,42.5210,33.8086,40.5949

4940.8900,49.7407,50.8601,37.2726,37.2829,37.5834,37.3980,44.5330,30.2218,42.5479,33.8099,40.6116

4941.8900,49.7572,50.8849,37.3102,37.2598,37.5473,37.4049,44.5727,30.2245,42.5519,33.8147,40.6202

4942.8900,49.7407,50.8997,37.3075,37.2865,37.5737,37.3948,44.5514,30.2388,42.5616,33.8168,40.6242

4943.8900,49.7422,50.9175,37.3460,37.2932,37.5681,37.4084,44.5535,30.2158,42.5734,33.8121,40.6306

4944.8910,49.7410,50.9088,37.3596,37.3045,37.5846,37.4077,44.5805,30.2386,42.5797,33.8231,40.6407

4945.8900,49.7446,50.9896,37.3465,37.2928,37.5771,37.3964,44.5688,30.2469,42.5901,33.8217,40.6453

4946.8900,49.7483,50.9516,37.3510,37.2903,37.5659,37.4048,44.5789,30.2315,42.5814,33.8181,40.6403

4947.8900,49.7436,50.9428,37.3291,37.3001,37.5729,37.4141,44.5845,30.2173,42.5777,33.8157,40.6381

4948.8900,49.7470,50.9075,37.3266,37.3014,37.5674,37.3965,44.5885,30.2283,42.5700,33.8124,40.6329

4949.8900,49.7693,50.8912,37.3386,37.2961,37.5474,37.4017,44.5763,30.2246,42.5685,33.8131,40.6306

4950.8900,49.7578,50.9066,37.2533,37.3126,37.5638,37.4196,44.5983,30.2209,42.5588,33.8202,40.6291

4951.8910,49.7508,50.9329,37.2962,37.2822,37.5689,37.4050,44.5666,30.2476,42.5662,33.8263,40.6313

4952.8900,49.7539,50.9035,37.3697,37.2931,37.5622,37.3890,44.5743,30.2245,42.5765,33.8068,40.6338

4953.8900,49.7651,50.8671,37.3278,37.2923,37.5782,37.4007,44.5544,30.2321,42.5661,33.8164,40.6272

4954.8900,49.7518,50.8548,37.3158,37.2780,37.5801,37.4125,44.5644,30.2307,42.5561,33.8216,40.6235

4955.8910,49.7495,50.8470,37.3509,37.2766,37.5886,37.4243,44.5606,30.2416,42.5625,33.8329,40.6299

4956.8910,49.7869,50.8073,37.3355,37.3084,37.5764,37.4070,44.5630,30.2350,42.5629,33.8210,40.6274

4957.8900,49.7483,50.7524,37.2852,37.2912,37.6005,37.4072,44.5710,30.2437,42.5355,33.8254,40.6124

4958.8900,49.7502,50.7146,37.2983,37.3160,37.5818,37.3890,44.5738,30.2395,42.5322,33.8142,40.6079

4959.8900,49.7651,50.8283,37.3385,37.3357,37.5796,37.4176,44.5929,30.2241,42.5695,33.8209,40.6352

4960.8900,49.7559,50.8508,37.3482,37.3267,37.5782,37.3901,44.5900,30.2420,42.5720,33.8160,40.6352

4961.8900,49.7778,50.8263,37.3599,37.2931,37.5747,37.4160,44.5756,30.2309,42.5664,33.8234,40.6318

4962.8900,49.7719,50.7680,37.3285,37.2995,37.5729,37.4113,44.5714,30.2390,42.5482,33.8252,40.6203

4963.8900,49.7689,50.7650,37.2908,37.3193,37.5760,37.4070,44.6091,30.2491,42.5440,33.8281,40.6232

4964.8900,49.7462,50.7826,37.2340,37.2919,37.5755,37.3990,44.5795,30.2237,42.5260,33.8113,40.6040

4965.8910,49.7534,50.8399,37.3148,37.2910,37.5617,37.4025,44.5703,30.2315,42.5522,33.8170,40.6206

4966.8900,49.7577,50.8671,37.3394,37.2689,37.5572,37.3980,44.5748,30.2467,42.5581,33.8223,40.6262

4967.8900,49.7482,50.8562,37.3597,37.2835,37.5747,37.4131,44.5694,30.2530,42.5644,33.8330,40.6322

4968.8900,49.7659,50.8154,37.3203,37.2773,37.5552,37.4226,44.5725,30.2569,42.5468,33.8398,40.6233

4969.8910,49.7561,50.7976,37.3019,37.2879,37.5733,37.4024,44.5658,30.2436,42.5434,33.8230,40.6161

4970.8910,49.7442,50.8036,37.3000,37.3089,37.5748,37.3894,44.5639,30.2371,42.5463,33.8133,40.6152

4971.8900,49.7470,50.8026,37.3284,37.3246,37.5581,37.4110,44.5703,30.2377,42.5521,33.8243,40.6225

4972.8900,49.7587,50.8173,37.3199,37.3096,37.5745,37.4149,44.5935,30.2688,42.5560,33.8418,40.6322

4973.8900,49.7566,50.8218,37.2661,37.3216,37.5720,37.4072,44.5975,30.2522,42.5476,33.8297,40.6244

4974.8900,49.7565,50.8172,37.2746,37.3068,37.5807,37.4159,44.5967,30.2299,42.5472,33.8229,40.6223

4975.8900,49.7538,50.7768,37.3102,37.2972,37.5598,37.4118,44.5625,30.2356,42.5395,33.8237,40.6134

4976.8900,49.7530,50.7409,37.3459,37.3043,37.5674,37.4250,44.5970,30.2353,42.5423,33.8302,40.6211

4977.8900,49.7478,50.7398,37.2916,37.3004,37.5785,37.4118,44.5797,30.2483,42.5316,33.8301,40.6122

4978.8900,49.7551,50.7398,37.3271,37.2906,37.5952,37.4346,44.5723,30.2473,42.5416,33.8410,40.6203

4979.8900,49.7427,50.7872,37.3227,37.3124,37.5887,37.4244,44.5786,30.2272,42.5508,33.8258,40.6230

4980.8900,49.7556,50.7572,37.2947,37.3110,37.5751,37.4066,44.5842,30.2417,42.5387,33.8241,40.6158

4981.8900,49.7567,50.7249,37.2887,37.3298,37.5911,37.4263,44.5824,30.2409,42.5382,33.8336,40.6176

4982.8900,49.7820,50.7562,37.3029,37.3314,37.5672,37.4318,44.5905,30.2478,42.5479,33.8398,40.6262

4983.8900,49.7612,50.7531,37.3227,37.3082,37.5789,37.4127,44.5846,30.2507,42.5448,33.8317,40.6215

4984.8900,49.7557,50.8108,37.3044,37.2932,37.5761,37.4421,44.5906,30.2549,42.5480,33.8485,40.6285

4985.8900,49.7592,50.8516,37.3079,37.3243,37.5843,37.4176,44.5885,30.2434,42.5655,33.8305,40.6346

4986.8900,49.7391,50.8993,37.3202,37.3160,37.5930,37.4067,44.5817,30.2399,42.5735,33.8233,40.6370

4987.8900,49.7544,50.8806,37.3031,37.3120,37.5767,37.3946,44.6088,30.2381,42.5654,33.8164,40.6335

4988.8900,49.7571,50.9084,37.3168,37.3341,37.5949,37.4329,44.5959,30.2428,42.5823,33.8378,40.6479

4989.8900,49.7585,50.9113,37.3266,37.3131,37.6135,37.3969,44.5779,30.2494,42.5846,33.8231,40.6434

4990.8900,49.7464,50.9132,37.3324,37.3081,37.6158,37.4235,44.5863,30.2324,42.5832,33.8279,40.6448

4991.8900,49.7595,50.8423,37.3414,37.2919,37.6141,37.4371,44.5726,30.2320,42.5698,33.8346,40.6364

4992.8910,49.7637,50.8609,37.3565,37.2888,37.5959,37.3923,44.5714,30.2480,42.5732,33.8201,40.6347

4993.8900,49.7673,50.8312,37.3461,37.2966,37.6093,37.4216,44.5699,30.2658,42.5701,33.8437,40.6385

4994.8900,49.7617,50.8053,37.3367,37.3054,37.5929,37.4169,44.5767,30.2305,42.5604,33.8237,40.6283

4995.8910,49.7633,50.8348,37.4021,37.3073,37.5908,37.3989,44.5957,30.2288,42.5796,33.8139,40.6402

4996.8900,49.7728,50.8534,37.3527,37.3205,37.5757,37.4132,44.6024,30.2319,42.5750,33.8226,40.6403

4997.8900,49.7831,50.8803,37.3785,37.3243,37.5730,37.4134,44.5913,30.2203,42.5879,33.8169,40.6455

4998.8900,49.7616,50.9414,37.3776,37.3174,37.5803,37.4071,44.5970,30.2601,42.5956,33.8336,40.6553

4999.8900,49.7705,50.9818,37.3797,37.3349,37.5981,37.4212,44.5865,30.2371,42.6130,33.8291,40.6637

5000.8900,49.7752,50.8995,37.3054,37.3521,37.5753,37.4086,44.6027,30.2428,42.5815,33.8257,40.6452

5001.8900,49.7674,50.9256,37.3313,37.3458,37.5856,37.4120,44.6002,30.2645,42.5912,33.8382,40.6540

5002.8900,49.7859,50.9719,37.3179,37.3445,37.5964,37.4063,44.6021,30.2546,42.6033,33.8305,40.6599

5003.8900,49.7739,50.8829,37.3760,37.3227,37.5805,37.3998,44.6014,30.2316,42.5872,33.8157,40.6461

5004.8900,49.7937,50.9473,37.3794,37.3229,37.5991,37.4068,44.6117,30.2457,42.6085,33.8262,40.6633

5005.8900,49.7926,50.9083,37.3530,37.3185,37.5938,37.4028,44.6013,30.2285,42.5932,33.8157,40.6498

5006.8910,49.7932,50.9146,37.3431,37.3132,37.6173,37.4230,44.5771,30.2348,42.5963,33.8289,40.6520

5007.8900,49.7782,50.8979,37.3538,37.3202,37.5653,37.4075,44.5909,30.2558,42.5831,33.8316,40.6462

5008.8900,49.8031,50.9007,37.3650,37.3230,37.5792,37.3994,44.5845,30.2260,42.5942,33.8127,40.6476

5009.8900,49.8118,50.8981,37.3329,37.3278,37.5964,37.3998,44.5790,30.2504,42.5934,33.8251,40.6495

5010.8900,49.7903,50.9132,37.3370,37.3375,37.5705,37.4285,44.5914,30.2638,42.5897,33.8462,40.6540

5011.8900,49.8001,50.9113,37.3258,37.3249,37.6066,37.4142,44.5752,30.2395,42.5937,33.8269,40.6497

5012.8900,49.8145,50.9529,37.3337,37.3117,37.5725,37.4007,44.5895,30.2484,42.5970,33.8246,40.6530

5013.8900,49.8171,50.9692,37.3156,37.2900,37.5947,37.4178,44.6092,30.2525,42.5973,33.8351,40.6583

5014.8910,49.8109,50.9039,37.3411,37.3131,37.5937,37.4106,44.6164,30.2416,42.5926,33.8261,40.6539

5015.8900,49.8029,50.8933,37.3636,37.2940,37.5962,37.4100,44.6053,30.2282,42.5900,33.8191,40.6492

5016.8900,49.7959,50.9312,37.3248,37.3309,37.5570,37.4225,44.6345,30.2460,42.5879,33.8342,40.6553

5017.8900,49.8131,50.9151,37.3128,37.3104,37.5744,37.3923,44.6119,30.2419,42.5852,33.8171,40.6465

5018.8900,49.7923,50.8573,37.3482,37.3248,37.5930,37.4058,44.6253,30.2484,42.5831,33.8271,40.6494

5019.8900,49.8257,50.8556,37.3073,37.2951,37.5773,37.4167,44.6027,30.2509,42.5722,33.8338,40.6414

5020.8900,49.8086,50.9044,37.3230,37.2940,37.5791,37.4111,44.6211,30.2490,42.5818,33.8300,40.6488

5021.8910,49.7932,50.9073,37.2769,37.2974,37.5865,37.4100,44.5827,30.2635,42.5723,33.8368,40.6397

5022.8900,49.8253,50.8436,37.3054,37.3148,37.5792,37.4042,44.6055,30.2501,42.5737,33.8271,40.6410

5023.8900,49.8087,50.8271,37.3303,37.3349,37.5774,37.3893,44.5926,30.2426,42.5757,33.8159,40.6379

5024.8900,49.8462,50.8193,37.3677,37.3219,37.6013,37.3987,44.5978,30.2605,42.5913,33.8296,40.6517

5025.8910,49.8174,50.8853,37.3467,37.3621,37.5778,37.3854,44.5792,30.2594,42.5978,33.8224,40.6517

5026.8900,49.8217,50.8810,37.3376,37.3171,37.5835,37.4169,44.5693,30.2455,42.5882,33.8312,40.6466

5027.8900,49.8451,50.9294,37.3337,37.3739,37.5707,37.4311,44.6123,30.2401,42.6106,33.8356,40.6670

5028.8900,49.8209,50.9105,37.3702,37.3473,37.5902,37.4235,44.6124,30.2588,42.6078,33.8412,40.6667

5029.8900,49.8051,50.9176,37.3709,37.3396,37.5896,37.4267,44.6182,30.2464,42.6046,33.8366,40.6643

5030.8910,49.8021,50.9160,37.3600,37.3268,37.5778,37.4073,44.6156,30.2500,42.5965,33.8287,40.6570

5031.8910,49.8239,50.9052,37.3626,37.3364,37.5838,37.4312,44.6196,30.2444,42.6024,33.8378,40.6634

5032.8900,49.8256,50.8321,37.3087,37.3264,37.5837,37.4100,44.6278,30.2522,42.5753,33.8311,40.6458

5033.8900,49.8332,50.8468,37.3016,37.3282,37.5770,37.4177,44.6082,30.2374,42.5774,33.8276,40.6438

5034.8900,49.8157,50.8832,37.3571,37.3123,37.5728,37.4379,44.5905,30.2464,42.5882,33.8422,40.6520

5035.8900,49.8089,50.8361,37.3963,37.3169,37.5827,37.4235,44.6026,30.2559,42.5882,33.8397,40.6529

5036.8900,49.8186,50.8464,37.3643,37.3130,37.5874,37.4128,44.6093,30.2663,42.5860,33.8395,40.6523

5037.8910,49.8272,50.8765,37.3452,37.3172,37.5732,37.4093,44.6047,30.2384,42.5879,33.8238,40.6490

5038.8910,49.8367,50.8265,37.3605,37.3162,37.5945,37.4068,44.5972,30.2588,42.5869,33.8328,40.6496

5039.8910,49.8511,50.8307,37.3297,37.3278,37.5838,37.4218,44.6027,30.2683,42.5846,33.8450,40.6520

5040.8910,49.8456,50.8593,37.3414,37.3045,37.5735,37.4190,44.6009,30.2500,42.5849,33.8345,40.6493

5041.8900,49.8444,50.8636,37.3396,37.3251,37.5887,37.4061,44.6070,30.2699,42.5923,33.8380,40.6555

5042.8910,49.8394,50.8586,37.3687,37.3192,37.5874,37.4249,44.5993,30.2545,42.5947,33.8397,40.6565

5043.8900,49.8334,50.9112,37.3779,37.3177,37.5897,37.4137,44.6228,30.2621,42.6060,33.8379,40.6661

5044.8900,49.8422,50.9175,37.3741,37.3054,37.5897,37.4198,44.6241,30.2371,42.6058,33.8284,40.6637

5045.8900,49.8852,50.9465,37.3244,37.3043,37.5875,37.4100,44.6156,30.2588,42.6096,33.8344,40.6665

5046.8900,49.8490,50.8719,37.3111,37.3214,37.5817,37.4463,44.6260,30.2398,42.5870,33.8431,40.6559

5047.8900,49.8675,50.9081,37.3001,37.2982,37.5961,37.4159,44.6271,30.2591,42.5940,33.8375,40.6590

5048.8900,49.8505,50.9357,37.3247,37.2901,37.5828,37.4268,44.6298,30.2447,42.5967,33.8357,40.6606

5049.8900,49.8434,50.9291,37.3816,37.3012,37.6041,37.4327,44.5953,30.2445,42.6119,33.8386,40.6665

5050.8910,49.8373,50.9433,37.3581,37.3170,37.5984,37.4335,44.6235,30.2510,42.6108,33.8423,40.6703

5051.8900,49.8565,50.9570,37.3113,37.3388,37.5636,37.4235,44.6099,30.2282,42.6054,33.8259,40.6611

5052.8900,49.8570,50.9265,37.3215,37.3299,37.6075,37.4156,44.5904,30.2494,42.6085,33.8325,40.6622

5053.8910,49.8568,50.8292,37.3282,37.3576,37.5933,37.4159,44.5910,30.2233,42.5930,33.8196,40.6494

5054.8900,49.8571,50.7293,37.3655,37.3524,37.5922,37.4068,44.6053,30.2288,42.5793,33.8178,40.6422

5055.8900,49.8598,50.8717,37.3483,37.3492,37.5785,37.4198,44.6435,30.2447,42.6015,33.8322,40.6644

5056.8900,49.8805,50.9437,37.3273,37.3291,37.5901,37.4365,44.6059,30.2422,42.6141,33.8394,40.6694

5057.8900,49.8668,50.9401,37.3371,37.3469,37.5982,37.4101,44.6342,30.2278,42.6178,33.8190,40.6701

5058.8900,49.8493,50.9219,37.3888,37.3220,37.5866,37.4269,44.6382,30.2547,42.6137,33.8408,40.6735

5059.8900,49.8580,50.9196,37.3603,37.3360,37.5899,37.4110,44.6359,30.2321,42.6128,33.8216,40.6679

5060.8900,49.8684,50.9597,37.3247,37.3396,37.5859,37.4113,44.6214,30.2540,42.6157,33.8326,40.6706

5061.8900,49.8623,50.9604,37.3105,37.3399,37.5825,37.4013,44.6305,30.2331,42.6111,33.8172,40.6651

5062.8900,49.8519,50.9538,37.3197,37.3215,37.6103,37.3964,44.6067,30.2588,42.6114,33.8276,40.6649

5063.8900,49.8596,50.9188,37.3408,37.3292,37.6097,37.4225,44.6050,30.2314,42.6116,33.8269,40.6646

5064.8900,49.9039,50.9708,37.3873,37.3038,37.5923,37.4326,44.6159,30.2383,42.6316,33.8354,40.6806

5065.8900,49.8821,50.9727,37.3761,37.3182,37.5871,37.4330,44.6029,30.2396,42.6272,33.8363,40.6765

5066.8910,49.8880,50.9454,37.3579,37.3182,37.6038,37.4306,44.6247,30.2396,42.6227,33.8351,40.6760

5067.8910,49.8949,50.9273,37.3331,37.3322,37.5785,37.4202,44.6279,30.2235,42.6132,33.8219,40.6672

5068.8900,49.8987,50.9253,37.3464,37.3380,37.5885,37.4101,44.6458,30.2298,42.6194,33.8200,40.6728

5069.8900,49.8833,50.9472,37.3859,37.3527,37.5823,37.4282,44.6256,30.2263,42.6303,33.8273,40.6790

5070.8910,49.9049,50.9394,37.3462,37.3471,37.5933,37.4159,44.6358,30.2398,42.6262,33.8278,40.6778

5071.8900,49.8888,50.9706,37.3165,37.3562,37.5766,37.4482,44.6514,30.2381,42.6218,33.8431,40.6808

5072.8900,49.8823,50.9488,37.3109,37.3688,37.6050,37.4313,44.6453,30.2478,42.6232,33.8396,40.6800

5073.8910,49.8636,50.8946,37.3089,37.3682,37.6081,37.4237,44.6553,30.2382,42.6087,33.8309,40.6701

5074.8900,49.8752,50.9542,37.3631,37.3813,37.5820,37.4265,44.6540,30.2580,42.6312,33.8423,40.6868

5075.8900,49.8627,50.9631,37.3286,37.3604,37.5941,37.4018,44.6750,30.2646,42.6218,33.8332,40.6813

5076.8900,49.8733,50.9940,37.3458,37.3505,37.5768,37.4176,44.6424,30.2481,42.6281,33.8328,40.6811

5077.8900,49.8802,50.8886,37.3710,37.3453,37.5969,37.4320,44.6456,30.2617,42.6164,33.8469,40.6777

5078.8900,49.8901,50.9396,37.4025,37.3469,37.6120,37.4220,44.6347,30.2253,42.6382,33.8236,40.6841

5079.8900,49.8708,50.9566,37.3557,37.3632,37.6019,37.4506,44.6545,30.2588,42.6296,33.8547,40.6890

5080.8900,49.8973,50.9580,37.3809,37.3576,37.6043,37.4437,44.6351,30.2537,42.6396,33.8487,40.6913

5081.8900,49.9111,50.9388,37.3237,37.3475,37.5958,37.4544,44.6519,30.2447,42.6234,33.8495,40.6835

5082.8900,49.9097,50.9023,37.3306,37.3232,37.5958,37.4487,44.6064,30.2484,42.6123,33.8486,40.6706

5083.8900,49.8963,50.8359,37.4195,37.3345,37.6094,37.4511,44.5977,30.2438,42.6191,33.8475,40.6735

5084.8900,49.8836,50.8464,37.3526,37.3213,37.6012,37.4528,44.6125,30.2356,42.6010,33.8442,40.6632

5085.8900,49.8836,50.8917,37.3442,37.3129,37.6064,37.4528,44.6283,30.2379,42.6078,33.8454,40.6697

5086.8900,49.8907,50.9156,37.4052,37.3371,37.5864,37.4496,44.6240,30.2803,42.6270,33.8650,40.6861

5087.8900,49.8802,50.8709,37.3895,37.3190,37.5978,37.4648,44.6395,30.2683,42.6115,33.8665,40.6788

5088.8900,49.8752,50.7753,37.3298,37.3293,37.6235,37.4368,44.6432,30.2312,42.5866,33.8340,40.6555

5089.8910,49.8700,50.7830,37.3543,37.3459,37.6052,37.4418,44.6578,30.2372,42.5917,33.8395,40.6619

5090.8900,49.8832,50.7969,37.3390,37.3483,37.6013,37.4715,44.6658,30.2478,42.5937,33.8596,40.6692

5091.8900,49.8737,50.8318,37.3654,37.3570,37.6276,37.4577,44.6609,30.2349,42.6111,33.8463,40.6761

5092.8900,49.8714,50.8481,37.3777,37.3590,37.6034,37.4465,44.6746,30.2316,42.6119,33.8390,40.6765

5093.8900,49.8975,50.8571,37.3564,37.3540,37.6438,37.4500,44.6529,30.2558,42.6218,33.8529,40.6834

5094.8900,49.9053,50.8670,37.3613,37.3524,37.6189,37.4457,44.6717,30.2661,42.6210,33.8559,40.6861

5095.8900,49.9067,50.8688,37.3887,37.3439,37.6264,37.4402,44.6433,30.2304,42.6269,33.8353,40.6810

5096.8900,49.8986,50.9259,37.4171,37.3657,37.6275,37.4459,44.6367,30.2432,42.6470,33.8446,40.6951

5097.8910,49.8954,51.0212,37.3911,37.3561,37.6267,37.4623,44.6354,30.2395,42.6581,33.8509,40.7035

5098.8900,49.9234,50.9966,37.3858,37.3550,37.6008,37.4561,44.6469,30.2380,42.6523,33.8470,40.7003

5099.8900,49.9166,50.9313,37.3763,37.3637,37.6280,37.4357,44.6342,30.2362,42.6432,33.8359,40.6903

5100.8900,49.9111,50.9169,37.3651,37.3482,37.6304,37.4576,44.6253,30.2475,42.6343,33.8526,40.6878

5101.8900,49.9070,50.8615,37.3585,37.3403,37.5982,37.4521,44.6239,30.2301,42.6131,33.8411,40.6715

5102.8900,49.9019,50.9358,37.3445,37.3407,37.6057,37.4488,44.6355,30.2424,42.6257,33.8456,40.6819

5103.8900,49.8962,50.9616,37.3985,37.3499,37.6303,37.4506,44.6163,30.2418,42.6473,33.8462,40.6932

5104.8900,49.9005,50.9681,37.3533,37.3337,37.6104,37.4264,44.6507,30.2485,42.6332,33.8375,40.6865

5105.8900,49.8996,50.9375,37.3915,37.3541,37.6104,37.4391,44.6451,30.2415,42.6386,33.8403,40.6899

5106.8900,49.9106,50.9378,37.3852,37.3417,37.6238,37.4487,44.6648,30.2550,42.6398,33.8519,40.6959

5107.8900,49.9203,50.9896,37.3344,37.3493,37.6285,37.4651,44.6255,30.2503,42.6444,33.8577,40.6954

5108.8900,49.9162,50.9420,37.3316,37.3400,37.6318,37.4633,44.6389,30.2649,42.6323,33.8641,40.6911

5109.8900,49.9170,50.9908,37.3310,37.3198,37.6359,37.4655,44.6249,30.2488,42.6389,33.8571,40.6917

5110.8900,49.9277,51.0088,37.3445,37.3193,37.6163,37.4268,44.6351,30.2362,42.6433,33.8315,40.6893

5111.8900,49.9053,50.9861,37.3654,37.3122,37.6208,37.4630,44.6442,30.2661,42.6380,33.8645,40.6954

5112.8900,49.9204,50.9112,37.3172,37.3350,37.6081,37.4503,44.6400,30.2626,42.6184,33.8564,40.6806

5113.8900,49.9156,50.9068,37.3408,37.3184,37.6205,37.4491,44.6583,30.2469,42.6204,33.8480,40.6820

5114.8910,49.9266,50.9460,37.3422,37.3081,37.6237,37.4434,44.6481,30.2422,42.6293,33.8428,40.6850

5115.8900,49.9262,50.9420,37.3480,37.2961,37.6162,37.4556,44.6455,30.2582,42.6257,33.8569,40.6860

5116.8900,49.9310,50.8937,37.3738,37.3159,37.6131,37.4413,44.6294,30.2602,42.6255,33.8507,40.6823

5117.8900,49.9284,50.8262,37.3948,37.3616,37.6432,37.4653,44.6372,30.2529,42.6309,33.8591,40.6887

5118.8900,49.9339,50.9115,37.3320,37.3614,37.6319,37.4489,44.6245,30.2716,42.6342,33.8603,40.6895

5119.8900,49.9268,50.9346,37.3129,37.3610,37.6392,37.4417,44.6171,30.2545,42.6349,33.8481,40.6860

5120.8910,49.9298,50.9785,37.3503,37.3802,37.6189,37.4686,44.6311,30.2440,42.6515,33.8563,40.7002

5121.8900,49.9157,50.9221,37.3563,37.3829,37.6308,37.4679,44.6366,30.2447,42.6416,33.8563,40.6946

5122.8900,49.9332,50.9158,37.3555,37.3648,37.6270,37.4730,44.6460,30.2615,42.6393,33.8673,40.6971

5123.8900,49.9400,50.8928,37.3981,37.3748,37.5975,37.4542,44.6415,30.2539,42.6406,33.8540,40.6941

5124.8900,49.9373,51.0018,37.3575,37.3789,37.6115,37.4645,44.6633,30.2459,42.6574,33.8552,40.7076

5125.8900,49.9365,51.0338,37.3534,37.3595,37.5991,37.4516,44.6653,30.2410,42.6565,33.8463,40.7050

5126.8900,49.9362,51.0017,37.3802,37.3765,37.6362,37.4223,44.6571,30.2444,42.6662,33.8334,40.7068

5127.8900,49.9351,50.9879,37.3481,37.3770,37.6397,37.4236,44.6683,30.2532,42.6576,33.8384,40.7041

5128.8900,49.9272,50.9589,37.3575,37.3948,37.6481,37.4520,44.6865,30.2418,42.6573,33.8469,40.7084

5129.8900,49.9328,51.0361,37.3903,37.3744,37.6392,37.4482,44.6815,30.2456,42.6746,33.8469,40.7185

5130.8900,49.9049,51.0217,37.4033,37.3842,37.6148,37.4640,44.6847,30.2539,42.6658,33.8590,40.7164

5131.8900,49.9213,51.0309,37.3803,37.3868,37.6299,37.4441,44.6674,30.2405,42.6698,33.8423,40.7127

5132.8900,49.9242,50.9885,37.3823,37.3688,37.6128,37.4428,44.6425,30.2561,42.6553,33.8495,40.7022

5133.8900,49.9193,50.9883,37.3597,37.3467,37.6092,37.4664,44.6432,30.2342,42.6446,33.8503,40.6959

5134.8900,49.9242,50.9473,37.4125,37.3430,37.6240,37.4331,44.6447,30.2453,42.6502,33.8392,40.6968

5135.8900,49.9200,50.9410,37.3894,37.3366,37.6342,37.4307,44.6546,30.2561,42.6442,33.8434,40.6953

5136.8900,49.9292,50.8936,37.4409,37.3536,37.6290,37.4385,44.6455,30.2461,42.6492,33.8423,40.6970

5137.8900,49.9171,50.8852,37.3788,37.3400,37.6136,37.4287,44.6636,30.2438,42.6269,33.8363,40.6838

5138.8910,49.9250,50.8835,37.3294,37.3383,37.6206,37.4086,44.6447,30.2489,42.6194,33.8288,40.6749

5139.8900,49.9236,50.9131,37.3341,37.3626,37.6379,37.4394,44.6424,30.2532,42.6342,33.8463,40.6883

5140.8900,49.9299,50.8845,37.3393,37.3734,37.5868,37.4094,44.6503,30.2483,42.6228,33.8288,40.6777

5141.8900,49.9273,50.8718,37.3521,37.3703,37.6160,37.4320,44.6435,30.2419,42.6275,33.8370,40.6819

5142.8900,49.9486,50.8994,37.3632,37.3669,37.6356,37.4236,44.6652,30.2368,42.6427,33.8302,40.6924

5143.8900,49.8953,51.0069,37.3612,37.3925,37.6186,37.4310,44.6359,30.2456,42.6549,33.8383,40.6984

5144.8910,49.9104,51.0207,37.3933,37.3597,37.6157,37.4350,44.6344,30.2449,42.6600,33.8399,40.7018

5145.8900,49.9339,50.9340,37.3547,37.3734,37.6002,37.4260,44.6573,30.2373,42.6392,33.8317,40.6896

5146.8900,49.9262,50.9057,37.3019,37.4013,37.6246,37.4650,44.6642,30.2615,42.6319,33.8632,40.6938

5147.8900,49.9357,50.9624,37.3536,37.3825,37.5932,37.4363,44.6506,30.2495,42.6455,33.8429,40.6955

5148.8900,49.9209,50.9569,37.4091,37.3811,37.6062,37.4451,44.6733,30.2603,42.6548,33.8527,40.7066

5149.8910,49.9284,51.0186,37.4240,37.3684,37.6175,37.4476,44.6607,30.2505,42.6714,33.8491,40.7145

5150.8900,49.9078,50.9755,37.4350,37.3579,37.6023,37.4319,44.6712,30.2470,42.6557,33.8395,40.7036

5151.8900,49.9360,50.9614,37.3820,37.3815,37.6154,37.4417,44.6440,30.2282,42.6553,33.8350,40.6988

5152.8900,49.9523,50.9541,37.3494,37.3821,37.6201,37.4497,44.6446,30.2602,42.6516,33.8550,40.7016

5153.8900,49.9392,50.9306,37.3691,37.3817,37.5986,37.4333,44.6697,30.2573,42.6438,33.8453,40.6974

5154.8900,49.9408,50.9074,37.3199,37.3764,37.6109,37.4376,44.6445,30.2405,42.6311,33.8391,40.6848

5155.8900,49.9331,50.9320,37.3042,37.3658,37.6101,37.4449,44.6521,30.2370,42.6291,33.8409,40.6849

5156.8900,49.9275,50.8432,37.3788,37.3863,37.6414,37.4509,44.6534,30.2295,42.6355,33.8402,40.6889

5157.8900,49.9406,50.8790,37.3776,37.3916,37.6270,37.4104,44.6369,30.2690,42.6431,33.8397,40.6915

5158.8900,49.9441,50.8794,37.4340,37.3845,37.6189,37.4345,44.6345,30.2547,42.6522,33.8446,40.6981

5159.8900,49.9574,50.8959,37.3541,37.3914,37.6193,37.4358,44.6418,30.2504,42.6436,33.8431,40.6933

5160.8900,49.9487,50.9263,37.3502,37.3993,37.6306,37.4545,44.6486,30.2087,42.6510,33.8316,40.6959

5161.8900,49.9174,50.9543,37.3146,37.4038,37.6302,37.4472,44.6531,30.2356,42.6440,33.8414,40.6945

5162.8900,49.9259,50.9454,37.3672,37.3873,37.6089,37.4483,44.6711,30.2470,42.6470,33.8477,40.7002

5163.8900,49.9401,50.9602,37.3980,37.4088,37.6200,37.4347,44.6530,30.2521,42.6654,33.8434,40.7084

5164.8900,49.9365,50.9156,37.4034,37.4043,37.6187,37.4320,44.6694,30.2320,42.6557,33.8320,40.7015

5165.8900,49.9397,50.9049,37.3585,37.4104,37.6224,37.4361,44.6634,30.2343,42.6472,33.8352,40.6962

5166.8900,49.9279,50.9629,37.3406,37.3803,37.6287,37.4644,44.6428,30.2388,42.6481,33.8516,40.6983

5167.8900,49.9418,50.9802,37.3548,37.3922,37.6343,37.4406,44.6578,30.2393,42.6607,33.8399,40.7051

5168.8900,49.9397,50.9852,37.3631,37.3869,37.6196,37.4454,44.6660,30.2446,42.6589,33.8450,40.7063

5169.8900,49.9194,50.9767,37.3480,37.3625,37.6220,37.4394,44.6469,30.2583,42.6457,33.8489,40.6966

5170.8900,49.9596,50.9521,37.3446,37.3568,37.6196,37.4496,44.6491,30.2437,42.6465,33.8467,40.6969

5171.8900,49.9566,50.9198,37.4021,37.3572,37.6343,37.4532,44.6417,30.2519,42.6540,33.8526,40.7021

5172.8900,49.9516,50.9753,37.3601,37.3713,37.6302,37.4383,44.6682,30.2549,42.6577,33.8466,40.7063

5173.8900,49.9404,51.0006,37.3675,37.3834,37.6352,37.4532,44.6551,30.2369,42.6654,33.8450,40.7090

5174.8910,49.9547,50.9336,37.3871,37.3801,37.6459,37.4424,44.6714,30.2524,42.6603,33.8474,40.7085

5175.8900,49.9354,50.9158,37.3723,37.3956,37.6433,37.4439,44.6511,30.2619,42.6525,33.8529,40.7024

5176.8900,49.9577,50.9214,37.3924,37.3626,37.6014,37.4627,44.6553,30.2474,42.6471,33.8551,40.7001

5177.8900,49.9461,50.9275,37.3860,37.3645,37.6209,37.4500,44.6694,30.2483,42.6490,33.8491,40.7016

5178.8900,49.9553,50.9010,37.4087,37.3554,37.6204,37.4733,44.6673,30.2647,42.6481,33.8690,40.7058

5179.8900,49.9581,50.9006,37.4111,37.3569,37.6167,37.4421,44.6553,30.2432,42.6487,33.8426,40.6980

5180.8900,49.9368,50.8654,37.4078,37.3298,37.6078,37.4468,44.6664,30.2441,42.6295,33.8454,40.6881

5181.8900,49.9630,50.8963,37.3480,37.3564,37.6119,37.4583,44.6687,30.2542,42.6351,33.8562,40.6946

5182.8900,49.9700,50.8950,37.4003,37.3858,37.6352,37.4700,44.6715,30.2388,42.6572,33.8544,40.7083

5183.8910,49.9683,50.9344,37.3836,37.3864,37.6237,37.4487,44.6712,30.2483,42.6593,33.8485,40.7081

5184.8900,49.9468,50.9178,37.3781,37.3893,37.6412,37.4708,44.6810,30.2499,42.6546,33.8604,40.7094

5185.8900,49.9448,50.9101,37.3455,37.3530,37.6275,37.4511,44.6793,30.2437,42.6362,33.8474,40.6944

5186.8900,49.9551,50.8783,37.3545,37.3620,37.6258,37.4544,44.7012,30.2231,42.6351,33.8388,40.6943

5187.8900,49.9597,50.8424,37.3631,37.3682,37.6295,37.4713,44.7110,30.2448,42.6326,33.8580,40.6987

5188.8900,49.9392,50.8507,37.3878,37.3747,37.6149,37.4650,44.7157,30.2249,42.6335,33.8450,40.6966

5189.8910,49.9462,50.9099,37.3655,37.3963,37.6280,37.4618,44.6926,30.2413,42.6492,33.8516,40.7052

5190.8910,49.9533,50.8730,37.3486,37.3953,37.6197,37.4531,44.6777,30.2250,42.6380,33.8391,40.6932

5191.8900,49.9431,50.9274,37.3981,37.3448,37.6379,37.4260,44.6553,30.2495,42.6503,33.8377,40.6978

5192.8900,49.9636,51.0053,37.3927,37.3764,37.6120,37.4537,44.6723,30.2455,42.6700,33.8496,40.7152

5193.8900,49.9514,50.9961,37.3863,37.3639,37.6282,37.4708,44.6464,30.2241,42.6652,33.8475,40.7084

5194.8900,49.9814,50.9986,37.3962,37.3780,37.6281,37.4694,44.6726,30.2400,42.6765,33.8547,40.7205

5195.8900,49.9386,50.9700,37.4009,37.3841,37.6236,37.4634,44.6568,30.2599,42.6634,33.8617,40.7122

5196.8900,49.9584,50.9955,37.3670,37.3754,37.6455,37.4657,44.6829,30.2491,42.6684,33.8574,40.7174

5197.8900,49.9675,50.9675,37.3597,37.3714,37.6505,37.4549,44.7012,30.2490,42.6633,33.8519,40.7152

5198.8900,49.9455,51.0082,37.3751,37.3695,37.6297,37.4915,44.6883,30.2167,42.6656,33.8541,40.7156

5199.8900,49.9642,50.9386,37.4075,37.3800,37.6532,37.4712,44.6870,30.2456,42.6687,33.8584,40.7184

5200.8900,49.9484,50.9462,37.4100,37.3633,37.6400,37.4762,44.6835,30.2323,42.6616,33.8542,40.7125

5201.8900,49.9516,50.9470,37.3857,37.3885,37.6797,37.4696,44.7154,30.2384,42.6705,33.8540,40.7220

5202.8900,49.9813,50.9053,37.3519,37.3958,37.6527,37.4800,44.6963,30.2587,42.6574,33.8694,40.7153

5203.8900,49.9555,50.9272,37.3834,37.3927,37.6752,37.4810,44.7025,30.2405,42.6668,33.8608,40.7198

5204.8900,49.9581,50.8994,37.3795,37.3978,37.6311,37.4556,44.7093,30.2530,42.6532,33.8543,40.7105

5205.8900,49.9669,50.9428,37.4248,37.3879,37.6405,37.4706,44.6967,30.2220,42.6726,33.8463,40.7190

5206.8900,49.9740,50.9537,37.3700,37.4013,37.6449,37.4647,44.6873,30.2334,42.6688,33.8491,40.7162

5207.8900,49.9858,50.8916,37.3558,37.4156,37.6293,37.4687,44.7011,30.2337,42.6556,33.8512,40.7102

5208.8900,49.9641,50.8398,37.3432,37.4132,37.6283,37.4729,44.6917,30.2234,42.6377,33.8481,40.6971

5209.8900,49.9641,50.9078,37.3525,37.3819,37.6569,37.4617,44.6834,30.2352,42.6527,33.8484,40.7054

5210.8900,49.9750,50.9214,37.3766,37.3883,37.6399,37.4807,44.6665,30.2397,42.6602,33.8602,40.7110

5211.8900,49.9687,50.9253,37.3712,37.3833,37.6353,37.4701,44.6513,30.2346,42.6567,33.8523,40.7050

5212.8910,49.9737,50.8908,37.3755,37.3951,37.6478,37.4765,44.6617,30.2265,42.6566,33.8515,40.7059

5213.8900,49.9813,50.8649,37.3689,37.4119,37.6490,37.4408,44.6594,30.2668,42.6552,33.8538,40.7054

5214.8900,49.9780,50.9019,37.3769,37.4302,37.6485,37.4613,44.6655,30.2300,42.6671,33.8457,40.7115

5215.8900,49.9915,50.8938,37.3748,37.4089,37.6331,37.4688,44.6597,30.2423,42.6604,33.8555,40.7091

5216.8900,49.9925,50.8899,37.3976,37.4153,37.6566,37.4796,44.6674,30.2146,42.6704,33.8471,40.7142

5217.8900,50.0054,50.8631,37.3788,37.4007,37.6398,37.4796,44.6794,30.2490,42.6576,33.8643,40.7120

5218.8900,50.0132,50.8471,37.3449,37.3836,37.6439,37.4712,44.6832,30.2202,42.6465,33.8457,40.7009

5219.8910,49.9716,50.8516,37.3719,37.3939,37.6411,37.4436,44.6850,30.2616,42.6460,33.8526,40.7025

5220.8900,50.0082,50.9079,37.4031,37.3816,37.6491,37.4726,44.6975,30.2325,42.6700,33.8526,40.7191

5221.8900,50.0054,50.9503,37.4113,37.3931,37.6411,37.4628,44.7029,30.2409,42.6802,33.8519,40.7260

5222.8910,49.9975,50.9474,37.4294,37.3958,37.6593,37.4567,44.6902,30.2437,42.6859,33.8502,40.7275

5223.8900,50.0011,50.8997,37.4355,37.3841,37.6373,37.4701,44.6605,30.2309,42.6715,33.8505,40.7149

5224.8900,49.9989,50.9332,37.4324,37.3698,37.6406,37.4754,44.7122,30.2479,42.6750,33.8616,40.7263

5225.8900,49.9955,50.9567,37.4025,37.3955,37.6522,37.4589,44.6713,30.2436,42.6805,33.8512,40.7220

5226.8900,50.0061,50.9088,37.4091,37.3751,37.6334,37.4486,44.6719,30.2346,42.6665,33.8416,40.7110

5227.8910,50.0073,50.8764,37.4460,37.3946,37.6244,37.4713,44.6779,30.2368,42.6698,33.8540,40.7168

5228.8900,50.0024,50.8481,37.3730,37.3856,37.6433,37.4827,44.6940,30.2323,42.6505,33.8575,40.7077

5229.8900,50.0144,50.8555,37.4239,37.3921,37.6296,37.4779,44.6634,30.2374,42.6631,33.8576,40.7118

5230.8900,50.0097,50.8807,37.3826,37.3971,37.6371,37.4555,44.6627,30.2515,42.6614,33.8535,40.7096

5231.8900,49.9931,50.9074,37.4087,37.3610,37.6539,37.4639,44.6752,30.2467,42.6648,33.8553,40.7137

5232.8900,49.9959,50.9519,37.3603,37.3720,37.6427,37.4649,44.6698,30.2365,42.6646,33.8507,40.7117

5233.8900,49.9821,50.9233,37.3706,37.4004,37.6461,37.4756,44.6842,30.2417,42.6645,33.8587,40.7155

5234.8900,50.0024,50.8862,37.3933,37.3816,37.6329,37.4756,44.6877,30.2552,42.6593,33.8654,40.7144

5235.8900,49.9832,50.8751,37.4152,37.4119,37.6612,37.4619,44.6905,30.2504,42.6693,33.8561,40.7187

5236.8900,50.0160,50.9178,37.3925,37.3888,37.6177,37.4618,44.6976,30.2540,42.6665,33.8579,40.7183

5237.8900,50.0121,50.9210,37.4014,37.3874,37.6414,37.4579,44.6874,30.2657,42.6727,33.8618,40.7218

5238.8900,49.9967,50.9192,37.4328,37.3786,37.6142,37.4625,44.6959,30.2495,42.6683,33.8560,40.7187

5239.8900,49.9800,50.9043,37.4064,37.3775,37.6397,37.4703,44.6976,30.2433,42.6616,33.8568,40.7149

5240.8900,49.9972,50.9258,37.4025,37.4025,37.6324,37.4582,44.7155,30.2439,42.6721,33.8511,40.7222

5241.8910,50.0250,50.9208,37.4226,37.3816,37.6198,37.4574,44.7002,30.2515,42.6740,33.8544,40.7224

5242.8900,50.0016,50.9649,37.4084,37.4070,37.6191,37.4613,44.6861,30.2432,42.6802,33.8523,40.7240

5243.8900,50.0119,50.9471,37.3736,37.3746,37.6411,37.4717,44.6807,30.2518,42.6697,33.8617,40.7191

5244.8900,50.0100,50.9740,37.3368,37.3896,37.6462,37.4581,44.6915,30.2625,42.6713,33.8603,40.7211

5245.8900,50.0247,50.9388,37.3737,37.4091,37.6331,37.4576,44.6905,30.2489,42.6759,33.8532,40.7221

5246.8900,50.0164,50.9317,37.3781,37.4108,37.6368,37.4571,44.7060,30.2399,42.6747,33.8485,40.7221

5247.8900,50.0153,50.9212,37.4091,37.4138,37.6203,37.4391,44.6900,30.2378,42.6759,33.8385,40.7183

5248.8910,50.0068,50.9306,37.3667,37.4045,37.6449,37.4497,44.6840,30.2287,42.6707,33.8392,40.7145

5249.8900,50.0171,50.9397,37.3862,37.3997,37.6081,37.4601,44.6867,30.2340,42.6701,33.8471,40.7164

5250.8900,50.0351,50.9310,37.3541,37.4185,37.6128,37.4685,44.7007,30.2246,42.6703,33.8466,40.7182

5251.8900,50.0106,50.9067,37.3603,37.4093,37.6380,37.4494,44.6684,30.2613,42.6650,33.8553,40.7130

5252.8900,50.0105,50.8651,37.3860,37.4173,37.6468,37.4413,44.6832,30.2419,42.6651,33.8416,40.7115

5253.8900,49.9967,50.8912,37.3357,37.4072,37.6286,37.4866,44.6742,30.2377,42.6519,33.8622,40.7072

5254.8900,50.0070,50.9352,37.3714,37.3892,37.6474,37.4794,44.6855,30.2308,42.6701,33.8551,40.7182

5255.8900,50.0223,50.9467,37.4265,37.4227,37.6522,37.4654,44.7031,30.2314,42.6941,33.8484,40.7338

5256.8900,50.0151,50.9767,37.4082,37.4250,37.6420,37.4721,44.6900,30.2353,42.6934,33.8537,40.7330

5257.8900,50.0073,50.9735,37.3797,37.4218,37.6562,37.4666,44.6747,30.2142,42.6877,33.8404,40.7243

5258.8910,50.0266,50.9465,37.4187,37.4122,37.6336,37.4636,44.6907,30.2474,42.6875,33.8555,40.7299

5259.8900,49.9908,50.9686,37.3864,37.4322,37.6078,37.4453,44.6995,30.2637,42.6772,33.8545,40.7243

5260.8900,50.0075,50.9568,37.4255,37.4269,37.6469,37.4424,44.6923,30.2270,42.6927,33.8347,40.7282

5261.8900,50.0101,50.9266,37.4332,37.4356,37.6356,37.4456,44.6689,30.2297,42.6882,33.8377,40.7232

5262.8900,50.0065,50.9105,37.4230,37.4324,37.6278,37.4471,44.6783,30.2416,42.6800,33.8443,40.7209

5263.8900,50.0109,50.9315,37.4344,37.4208,37.6233,37.4725,44.6989,30.2206,42.6842,33.8466,40.7266

5264.8900,50.0135,50.9792,37.4317,37.4476,37.6311,37.4775,44.6911,30.2403,42.7006,33.8589,40.7390

5265.8900,49.9988,50.9581,37.3945,37.4146,37.6415,37.4893,44.6741,30.2399,42.6815,33.8646,40.7264

5266.8900,50.0133,50.8986,37.3811,37.4301,37.6361,37.4428,44.6547,30.2382,42.6718,33.8405,40.7119

5267.8900,50.0221,50.8499,37.3398,37.4112,37.6319,37.4909,44.6717,30.2110,42.6510,33.8509,40.7036

5268.8900,50.0190,50.8750,37.3399,37.4203,37.6502,37.4528,44.6774,30.2247,42.6609,33.8388,40.7074

5269.8900,49.9906,50.9611,37.4275,37.4130,37.6397,37.4591,44.6813,30.2212,42.6864,33.8401,40.7242

5270.8900,50.0171,50.9273,37.3834,37.4129,37.6483,37.4504,44.7035,30.2416,42.6778,33.8460,40.7231

5271.8900,50.0098,50.9269,37.4396,37.4004,37.6461,37.4729,44.6781,30.2205,42.6846,33.8467,40.7243

5272.8900,50.0084,50.8521,37.4102,37.3761,37.6502,37.4583,44.6874,30.2477,42.6594,33.8530,40.7113

5273.8900,50.0112,50.9394,37.4396,37.3953,37.6376,37.4653,44.7124,30.2280,42.6846,33.8467,40.7286

5274.8900,50.0009,50.9646,37.4142,37.3932,37.6609,37.4531,44.6932,30.2392,42.6868,33.8462,40.7274

5275.8900,49.9889,50.9960,37.4216,37.3768,37.6520,37.4443,44.7057,30.2350,42.6871,33.8396,40.7275

5276.8900,50.0252,50.9689,37.3957,37.4069,37.6368,37.4827,44.7012,30.2225,42.6867,33.8526,40.7300

5277.8900,49.9900,50.9815,37.3430,37.3962,37.6284,37.4514,44.6980,30.2422,42.6678,33.8468,40.7163

5278.8900,50.0184,50.9593,37.3561,37.4028,37.6257,37.4651,44.6893,30.2349,42.6725,33.8500,40.7189

5279.8900,50.0103,50.9170,37.3558,37.4081,37.6578,37.4673,44.6778,30.2295,42.6698,33.8484,40.7155

5280.8900,50.0091,50.8411,37.3939,37.4037,37.6593,37.4642,44.6735,30.2466,42.6614,33.8554,40.7114

5281.8900,49.9935,50.9145,37.4041,37.4237,37.6576,37.4587,44.6739,30.2265,42.6787,33.8426,40.7191

5282.8900,49.9998,50.9910,37.3947,37.4213,37.6593,37.4431,44.6872,30.2423,42.6932,33.8427,40.7298

5283.8900,49.9973,51.0392,37.3892,37.4321,37.6489,37.4906,44.6934,30.2172,42.7013,33.8539,40.7385

5284.8900,50.0038,51.0195,37.3959,37.4043,37.6293,37.4846,44.7131,30.2370,42.6906,33.8608,40.7359

5285.8900,50.0052,51.0100,37.4428,37.4195,37.6447,37.4925,44.6961,30.2440,42.7044,33.8683,40.7444

5286.8900,50.0203,51.0130,37.4061,37.4262,37.6389,37.4792,44.6935,30.2279,42.7009,33.8535,40.7381

5287.8900,50.0111,50.9876,37.3902,37.4374,37.6455,37.4742,44.7265,30.2388,42.6944,33.8565,40.7389

5288.8900,50.0188,51.0289,37.4367,37.4334,37.6486,37.4656,44.7109,30.2198,42.7133,33.8427,40.7454

5289.8900,50.0017,51.0219,37.3764,37.4212,37.6434,37.4786,44.7062,30.2216,42.6929,33.8501,40.7339

5290.8900,49.9795,50.9502,37.4141,37.4543,37.6397,37.4791,44.7093,30.2175,42.6876,33.8483,40.7305

5291.8900,50.0237,50.9265,37.4429,37.4443,37.6475,37.4869,44.7198,30.2356,42.6970,33.8613,40.7409

5292.8900,50.0196,50.9110,37.4553,37.4543,37.6625,37.4884,44.7122,30.2089,42.7006,33.8486,40.7390

5293.8900,50.0071,50.8437,37.3900,37.4236,37.6540,37.4906,44.7095,30.2459,42.6637,33.8683,40.7206

5294.8900,49.9941,50.8582,37.4364,37.4276,37.6498,37.4775,44.6940,30.2224,42.6732,33.8500,40.7200

5295.8900,49.9964,50.8463,37.3978,37.4281,37.6544,37.4821,44.7047,30.2332,42.6646,33.8577,40.7179

5296.8900,49.9905,50.8295,37.3939,37.4196,37.6625,37.4851,44.6684,30.2197,42.6592,33.8524,40.7086

5297.8910,49.9854,50.8945,37.4100,37.4194,37.6699,37.4664,44.6761,30.2069,42.6758,33.8366,40.7161

5298.8900,49.9728,50.9275,37.4196,37.4032,37.6638,37.4924,44.6814,30.2407,42.6774,33.8666,40.7252

5299.8900,49.9999,50.9176,37.4652,37.4269,37.6463,37.4787,44.6752,30.2311,42.6912,33.8549,40.7301

5300.8900,49.9828,50.9369,37.4501,37.4455,37.6650,37.4675,44.6816,30.2452,42.6960,33.8564,40.7343

5301.8910,49.9802,50.9545,37.3947,37.4362,37.6394,37.4821,44.7095,30.2341,42.6810,33.8581,40.7288

5302.8900,49.9597,50.9244,37.4268,37.4235,37.6379,37.4857,44.7131,30.2260,42.6744,33.8558,40.7246

5303.8900,50.0020,50.9222,37.3961,37.4213,37.6452,37.4841,44.7170,30.2464,42.6774,33.8652,40.7293

5304.8900,49.9855,50.9389,37.3738,37.4186,37.6449,37.4899,44.7184,30.2325,42.6723,33.8612,40.7253

5305.8900,49.9849,50.9552,37.4066,37.4355,37.6442,37.4944,44.7181,30.2201,42.6853,33.8572,40.7324

5306.8900,49.9938,50.9143,37.4077,37.4231,37.6691,37.5010,44.7202,30.2433,42.6816,33.8721,40.7341

5307.8910,49.9835,50.8855,37.4369,37.4033,37.6358,37.5051,44.7283,30.2403,42.6690,33.8727,40.7273

5308.8900,49.9952,50.8822,37.4079,37.4028,37.6700,37.4931,44.7213,30.2475,42.6716,33.8703,40.7275

5309.8900,49.9884,50.9088,37.4399,37.3797,37.6720,37.4769,44.7114,30.2307,42.6778,33.8538,40.7260

5310.8900,49.9856,50.8959,37.4213,37.4134,37.6501,37.4932,44.6827,30.2138,42.6733,33.8535,40.7195

5311.8900,49.9988,50.9020,37.4265,37.4162,37.6377,37.4906,44.6804,30.2281,42.6762,33.8594,40.7225

5312.8910,50.0024,50.9414,37.3884,37.4435,37.6722,37.4897,44.6935,30.2294,42.6896,33.8595,40.7326

5313.8900,49.9836,50.9087,37.3978,37.4156,37.6550,37.4781,44.6885,30.2404,42.6721,33.8592,40.7210

5314.8900,49.9922,50.8556,37.4296,37.4221,37.6764,37.4700,44.7034,30.2299,42.6752,33.8500,40.7224

5315.8900,49.9823,50.8752,37.4120,37.4447,37.6519,37.4638,44.6957,30.2325,42.6732,33.8481,40.7198

5316.8900,49.9754,50.8589,37.4423,37.4535,37.6659,37.4596,44.7128,30.2344,42.6792,33.8470,40.7253

5317.8910,49.9846,50.8709,37.4876,37.4171,37.6561,37.4708,44.7184,30.2372,42.6833,33.8540,40.7303

5318.8900,50.0069,50.8997,37.4172,37.4322,37.6436,37.4848,44.7208,30.2486,42.6799,33.8667,40.7317

5319.8900,49.9614,50.8973,37.4204,37.4288,37.6611,37.4814,44.7351,30.2441,42.6738,33.8627,40.7287

5320.8910,49.9783,50.9200,37.4532,37.4326,37.6502,37.4746,44.7259,30.2303,42.6869,33.8525,40.7331

5321.8900,49.9819,50.9215,37.4472,37.4290,37.6496,37.4811,44.7301,30.2565,42.6858,33.8688,40.7371

5322.8910,49.9982,50.9446,37.4397,37.4332,37.6450,37.4676,44.6986,30.2260,42.6921,33.8468,40.7316

5323.8900,49.9872,50.9614,37.4422,37.4539,37.6461,37.4575,44.7007,30.2234,42.6982,33.8404,40.7340

5324.8900,49.9870,50.8979,37.4555,37.4607,37.6609,37.4816,44.7069,30.2119,42.6924,33.8468,40.7328

5325.8900,49.9820,50.8934,37.4039,37.4510,37.6507,37.4663,44.6862,30.2181,42.6762,33.8422,40.7190

5326.8900,49.9638,50.9002,37.4289,37.4653,37.6673,37.4707,44.7064,30.2339,42.6851,33.8523,40.7296

5327.8900,49.9914,50.9085,37.4345,37.4681,37.6541,37.4729,44.7101,30.2253,42.6913,33.8491,40.7331

5328.8900,50.0033,50.8983,37.4289,37.4541,37.6614,37.4830,44.7050,30.2359,42.6892,33.8595,40.7337

5329.8900,49.9901,50.8732,37.4540,37.4502,37.6527,37.4996,44.7095,30.2178,42.6840,33.8587,40.7309

5330.8900,49.9907,50.8557,37.4428,37.4433,37.6557,37.4750,44.6836,30.2298,42.6776,33.8524,40.7221

5331.8900,49.9924,50.8664,37.4321,37.4372,37.6695,37.4772,44.7249,30.2207,42.6795,33.8489,40.7275

5332.8900,49.9943,50.8973,37.4452,37.4316,37.6477,37.4670,44.7337,30.2057,42.6832,33.8364,40.7278

5333.8900,49.9900,50.8912,37.4278,37.4511,37.6690,37.4855,44.7424,30.2182,42.6858,33.8519,40.7344

5334.8900,49.9999,50.8691,37.3812,37.4386,37.6515,37.4610,44.7444,30.2311,42.6681,33.8461,40.7221

5335.8910,49.9905,50.9421,37.4064,37.4559,37.6466,37.4664,44.7328,30.2192,42.6883,33.8428,40.7325

5336.8900,50.0039,50.9548,37.4145,37.4523,37.6686,37.4688,44.7376,30.2282,42.6988,33.8485,40.7411

5337.8900,50.0039,51.0038,37.3945,37.4575,37.6718,37.4767,44.7381,30.2408,42.7063,33.8588,40.7484

5338.8900,49.9729,50.9755,37.3692,37.4509,37.6527,37.4958,44.7394,30.2051,42.6843,33.8505,40.7327

5339.8900,49.9964,50.9042,37.3994,37.4820,37.6559,37.4995,44.7309,30.2332,42.6876,33.8664,40.7377

5340.8900,49.9921,50.9012,37.3771,37.4794,37.6688,37.4793,44.7051,30.2204,42.6837,33.8498,40.7279

5341.8900,49.9832,50.9068,37.3502,37.4608,37.6490,37.4903,44.7112,30.2343,42.6700,33.8623,40.7232

5342.8900,49.9745,50.9609,37.4016,37.4707,37.6613,37.4797,44.6913,30.2058,42.6938,33.8427,40.7307

5343.8900,49.9714,50.9535,37.4043,37.4636,37.6628,37.4957,44.7154,30.2082,42.6911,33.8519,40.7344

5344.8900,49.9750,50.9749,37.4293,37.4573,37.6594,37.4932,44.7026,30.2264,42.6992,33.8598,40.7398

5345.8910,49.9749,50.9753,37.4166,37.4572,37.6757,37.4819,44.7076,30.2184,42.6999,33.8501,40.7384

5346.8900,49.9750,50.9681,37.4009,37.4499,37.6571,37.4918,44.7148,30.2100,42.6902,33.8509,40.7334

5347.8900,49.9594,50.9690,37.3808,37.4691,37.6680,37.5027,44.7115,30.2332,42.6893,33.8680,40.7367

5348.8900,49.9873,50.9437,37.4173,37.4266,37.6546,37.4945,44.7097,30.2244,42.6859,33.8594,40.7323

5349.8900,49.9988,50.9745,37.4069,37.4396,37.6713,37.4855,44.7199,30.2229,42.6982,33.8542,40.7399

5350.8900,49.9809,50.9663,37.3902,37.4122,37.6659,37.4922,44.7311,30.2372,42.6831,33.8647,40.7345

5351.8900,49.9833,50.9709,37.4004,37.4140,37.6548,37.4904,44.7320,30.2048,42.6847,33.8476,40.7313

5352.8900,49.9822,50.9345,37.3894,37.4043,37.6891,37.4795,44.7135,30.1976,42.6799,33.8385,40.7237

5353.8900,49.9825,50.9403,37.4135,37.4172,37.6750,37.4827,44.7208,30.2280,42.6857,33.8554,40.7325

5354.8900,50.0143,50.9461,37.4295,37.4323,37.6688,37.4839,44.7154,30.2364,42.6982,33.8601,40.7408

5355.8900,49.9957,50.9577,37.4511,37.4347,37.6682,37.4703,44.7178,30.2386,42.7015,33.8545,40.7418

5356.8910,50.0059,50.9352,37.4681,37.4676,37.6542,37.4969,44.6873,30.2175,42.7062,33.8572,40.7416

5357.8900,49.9741,50.9083,37.4497,37.4618,37.6730,37.4783,44.7020,30.2218,42.6934,33.8501,40.7336

5358.8900,50.0105,50.8838,37.4119,37.4763,37.6640,37.5020,44.7062,30.2156,42.6893,33.8588,40.7338

5359.8910,49.9987,50.8665,37.4159,37.4584,37.6712,37.5041,44.7255,30.2205,42.6821,33.8623,40.7326

5360.8900,49.9853,50.8458,37.4132,37.4356,37.6455,37.4845,44.7168,30.2332,42.6651,33.8588,40.7200

5361.8900,49.9957,50.9265,37.4121,37.4369,37.6556,37.4791,44.7171,30.2268,42.6854,33.8530,40.7312

5362.8900,49.9934,50.9863,37.4450,37.4169,37.6547,37.4955,44.7150,30.2113,42.6992,33.8534,40.7397

5363.8910,50.0108,51.0022,37.4465,37.4657,37.6578,37.4944,44.7184,30.2319,42.7166,33.8632,40.7535

5364.8900,50.0064,50.9635,37.4107,37.4448,37.6650,37.5016,44.7013,30.2311,42.6981,33.8664,40.7405

5365.8900,49.9944,50.9182,37.4859,37.4266,37.6441,37.4751,44.7162,30.2025,42.6938,33.8388,40.7329

5366.8900,50.0050,50.8595,37.4639,37.3925,37.6626,37.4974,44.7175,30.2090,42.6767,33.8532,40.7259

5367.8900,50.0169,50.8683,37.4733,37.4270,37.6486,37.4959,44.7134,30.2230,42.6868,33.8595,40.7333

5368.8900,50.0190,50.9384,37.4428,37.4432,37.6568,37.4719,44.7350,30.2247,42.7000,33.8483,40.7415

5369.8910,50.0080,50.9015,37.4610,37.4372,37.6456,37.5158,44.7161,30.2257,42.6907,33.8708,40.7389

5370.8900,50.0071,50.9770,37.3996,37.4481,37.6681,37.4767,44.7112,30.2183,42.7000,33.8475,40.7382

5371.8910,50.0176,51.0108,37.3913,37.4394,37.6754,37.4900,44.7113,30.2341,42.7069,33.8620,40.7462

5372.8900,49.9932,50.9987,37.4267,37.4403,37.6713,37.4897,44.7089,30.2271,42.7060,33.8584,40.7445

5373.8900,50.0059,51.0011,37.3852,37.4557,37.6351,37.5035,44.7228,30.2396,42.6966,33.8715,40.7436

5374.8910,50.0236,50.9959,37.3977,37.4673,37.6806,37.4957,44.7176,30.2313,42.7130,33.8635,40.7512

5375.8900,49.9963,51.0303,37.4012,37.4703,37.6689,37.4901,44.7156,30.2082,42.7134,33.8491,40.7476

5376.8900,50.0081,50.9387,37.4538,37.4613,37.6742,37.4992,44.7057,30.2381,42.7072,33.8686,40.7474

5377.8910,49.9967,50.9309,37.4796,37.4838,37.6669,37.4974,44.7127,30.2175,42.7116,33.8575,40.7482

5378.8900,49.9967,50.9015,37.4157,37.4713,37.6617,37.4759,44.7059,30.2264,42.6894,33.8512,40.7319

5379.8900,49.9861,50.8845,37.4537,37.4640,37.6674,37.4924,44.7153,30.2059,42.6912,33.8491,40.7337

5380.8900,49.9956,50.8739,37.4686,37.4579,37.6583,37.4860,44.7013,30.2347,42.6908,33.8604,40.7345

5381.8900,49.9827,50.9537,37.4167,37.4420,37.6630,37.4870,44.7050,30.2408,42.6916,33.8639,40.7364

5382.8900,49.9848,51.0042,37.4080,37.4500,37.6670,37.4985,44.7149,30.2299,42.7028,33.8642,40.7447

5383.8900,50.0063,51.0190,37.4486,37.4463,37.6565,37.4828,44.7042,30.2358,42.7154,33.8593,40.7500

5384.8900,50.0085,50.9700,37.4607,37.4439,37.6597,37.4940,44.7176,30.2272,42.7086,33.8606,40.7477

5385.8900,50.0215,50.9863,37.4632,37.4473,37.6513,37.4917,44.7409,30.2141,42.7139,33.8529,40.7520

5386.8900,50.0165,50.9287,37.4246,37.4418,37.6831,37.4866,44.7494,30.2155,42.6989,33.8511,40.7433

5387.8900,50.0187,50.8869,37.4510,37.4505,37.6718,37.4795,44.7358,30.2229,42.6958,33.8512,40.7396

5388.8900,50.0181,50.8440,37.4506,37.4492,37.6539,37.4929,44.7405,30.1946,42.6832,33.8437,40.7305

5389.8900,50.0092,50.8820,37.4736,37.4629,37.6641,37.4951,44.7262,30.2129,42.6984,33.8540,40.7408

5390.8900,50.0194,50.9280,37.4379,37.4454,37.6502,37.4984,44.7293,30.2246,42.6962,33.8615,40.7417

5391.8910,50.0261,50.9269,37.4190,37.4494,37.6648,37.4697,44.7328,30.2192,42.6973,33.8444,40.7385

5392.8900,50.0126,50.8901,37.3916,37.4458,37.6657,37.4747,44.7399,30.2093,42.6811,33.8420,40.7287

5393.8910,50.0075,50.8823,37.4561,37.4678,37.6736,37.4686,44.7205,30.2247,42.6975,33.8467,40.7376

5394.8910,50.0214,50.8934,37.4356,37.4678,37.6620,37.4846,44.7056,30.2121,42.6960,33.8483,40.7353

5395.8900,50.0114,50.9359,37.4202,37.4622,37.6588,37.4744,44.7284,30.2014,42.6977,33.8379,40.7366

5396.8900,50.0015,50.9035,37.4505,37.4542,37.6652,37.4948,44.7195,30.2036,42.6950,33.8492,40.7366

5397.8910,50.0124,50.9218,37.4689,37.4750,37.6440,37.4652,44.7225,30.2156,42.7044,33.8404,40.7407

5398.8900,49.9952,50.8534,37.4825,37.4488,37.6490,37.4706,44.7086,30.2300,42.6858,33.8503,40.7298

5399.8900,50.0009,50.8542,37.4520,37.4725,37.6529,37.4858,44.7206,30.2209,42.6865,33.8533,40.7325

5400.8900,49.9981,50.8766,37.4354,37.4863,37.6557,37.4942,44.7231,30.2077,42.6904,33.8509,40.7346

5401.8900,50.0092,50.8469,37.4446,37.4544,37.6581,37.4844,44.7434,30.2434,42.6826,33.8639,40.7356

5402.8900,50.0065,50.8432,37.4680,37.4316,37.6605,37.4728,44.7276,30.2327,42.6819,33.8527,40.7304

5403.8900,50.0226,50.8367,37.4469,37.4534,37.6664,37.4722,44.7373,30.2086,42.6852,33.8404,40.7305

5404.8900,49.9930,50.9055,37.4357,37.4469,37.6636,37.4848,44.7461,30.1982,42.6889,33.8415,40.7342

5405.8900,49.9930,50.9531,37.4268,37.4693,37.6599,37.4932,44.7248,30.2067,42.7004,33.8499,40.7408

5406.8900,49.9989,50.9491,37.3999,37.4727,37.6555,37.4651,44.7314,30.1958,42.6952,33.8304,40.7335

5407.8900,50.0008,50.9749,37.4522,37.4531,37.6440,37.4694,44.7179,30.2236,42.7050,33.8465,40.7420

5408.8910,50.0245,50.9589,37.4267,37.4808,37.6469,37.4788,44.7381,30.2120,42.7076,33.8454,40.7458

5409.8900,50.0000,50.9403,37.4171,37.4619,37.6515,37.4727,44.7290,30.2209,42.6942,33.8468,40.7367

5410.8900,49.9910,50.9448,37.3984,37.4801,37.6514,37.4824,44.7164,30.2235,42.6931,33.8529,40.7360

5411.8900,50.0038,50.9517,37.4343,37.4665,37.6634,37.4654,44.7308,30.2234,42.7039,33.8444,40.7424

5412.8900,50.0188,51.0133,37.4695,37.4690,37.6612,37.4768,44.7407,30.2438,42.7264,33.8603,40.7617

5413.8900,50.0047,51.0233,37.4339,37.4665,37.6395,37.4654,44.7387,30.2346,42.7136,33.8500,40.7508

5414.8900,49.9940,51.0138,37.4279,37.4798,37.6408,37.4550,44.7361,30.2312,42.7112,33.8431,40.7473

5415.8900,49.9895,50.9572,37.4328,37.4819,37.6460,37.4658,44.7340,30.2285,42.7015,33.8472,40.7420

5416.8900,50.0244,51.0094,37.4380,37.4613,37.6439,37.4633,44.7349,30.2301,42.7154,33.8467,40.7507

5417.8900,50.0186,51.0554,37.4630,37.4532,37.6489,37.4490,44.7556,30.2323,42.7278,33.8407,40.7595

5418.8900,49.9993,50.9943,37.4311,37.4404,37.6406,37.4534,44.7476,30.2141,42.7011,33.8337,40.7401

5419.8900,50.0080,51.0042,37.3978,37.4622,37.6452,37.4729,44.7488,30.2098,42.7035,33.8413,40.7436

5420.8900,50.0078,50.9638,37.4008,37.4573,37.6431,37.4642,44.7592,30.2104,42.6945,33.8373,40.7383

5421.8900,49.9924,50.9823,37.4199,37.4670,37.6485,37.4641,44.7480,30.2221,42.7020,33.8431,40.7431

5422.8900,49.9908,50.9255,37.4582,37.4573,37.6240,37.4634,44.7161,30.2035,42.6912,33.8335,40.7299

5423.8900,50.0070,50.9678,37.4441,37.4613,37.6549,37.4831,44.7489,30.2201,42.7070,33.8516,40.7484

5424.8900,49.9971,50.9580,37.4556,37.4705,37.6626,37.4899,44.7343,30.1968,42.7087,33.8433,40.7456

5425.8900,49.9997,50.9400,37.4379,37.4579,37.6569,37.4874,44.7367,30.2192,42.6985,33.8533,40.7420

5426.8900,49.9972,50.9191,37.4415,37.4704,37.6553,37.4835,44.7142,30.2115,42.6967,33.8475,40.7366

5427.8900,50.0097,50.8649,37.5020,37.4885,37.6226,37.4769,44.7109,30.2152,42.6975,33.8461,40.7364

5428.8900,50.0129,50.8989,37.4677,37.4617,37.6524,37.4774,44.7385,30.1992,42.6987,33.8383,40.7386

5429.8900,49.9740,50.9019,37.4316,37.4297,37.6491,37.4773,44.7314,30.2132,42.6773,33.8452,40.7260

5430.8900,49.9932,50.8916,37.4782,37.4469,37.6432,37.4789,44.7224,30.2125,42.6906,33.8457,40.7334

5431.8900,49.9977,50.9078,37.4534,37.4403,37.6436,37.4700,44.7396,30.2369,42.6886,33.8534,40.7362

5432.8900,49.9917,50.8505,37.4600,37.4506,37.6572,37.4588,44.7350,30.2106,42.6820,33.8347,40.7268

5433.8900,49.9973,50.8612,37.4520,37.4703,37.6698,37.4668,44.7373,30.2177,42.6901,33.8422,40.7340

5434.8900,49.9996,50.8411,37.4761,37.4789,37.6563,37.4565,44.7482,30.2115,42.6904,33.8340,40.7335

5435.8900,50.0007,50.8262,37.4200,37.4741,37.6695,37.4571,44.7453,30.2342,42.6781,33.8457,40.7284

5436.8900,49.9790,50.8555,37.4048,37.4823,37.6387,37.4730,44.7358,30.2065,42.6721,33.8398,40.7220

5437.8900,49.9795,50.8539,37.4298,37.4867,37.6570,37.4908,44.7416,30.2104,42.6814,33.8506,40.7312

5438.8900,49.9940,50.8758,37.3986,37.4659,37.6702,37.4615,44.7460,30.2054,42.6809,33.8334,40.7272

5439.8900,49.9852,50.9836,37.4026,37.4661,37.6716,37.4872,44.7322,30.1998,42.7018,33.8435,40.7411

5440.8900,49.9787,51.0725,37.4242,37.4592,37.6566,37.4839,44.7217,30.2095,42.7182,33.8467,40.7508

5441.8900,49.9804,51.0040,37.4269,37.4372,37.6616,37.4586,44.7272,30.2127,42.7020,33.8356,40.7386

5442.8900,49.9912,50.9625,37.4190,37.4391,37.6375,37.4760,44.7523,30.2194,42.6899,33.8477,40.7371

5443.8910,49.9980,50.8790,37.4467,37.4500,37.6649,37.4903,44.7339,30.2062,42.6877,33.8482,40.7336

5444.8910,49.9875,50.9136,37.4616,37.4649,37.6595,37.4765,44.7213,30.2054,42.6974,33.8409,40.7363

5445.8900,50.0030,50.9238,37.4177,37.4924,37.6634,37.4888,44.7426,30.2187,42.7001,33.8538,40.7438

5446.8900,49.9909,50.9320,37.4377,37.4620,37.6578,37.4584,44.7449,30.2121,42.6961,33.8353,40.7370

5447.8900,49.9991,50.9198,37.4469,37.4959,37.6810,37.4905,44.7234,30.2092,42.7086,33.8499,40.7457

5448.8900,49.9754,50.9619,37.4395,37.4983,37.6622,37.4783,44.7555,30.2053,42.7075,33.8418,40.7471

5449.8910,50.0032,50.9938,37.4731,37.4680,37.6776,37.4820,44.7430,30.2156,42.7232,33.8488,40.7571

5450.8900,49.9912,50.8872,37.4401,37.4616,37.6767,37.4647,44.7551,30.2105,42.6913,33.8376,40.7359

5451.8900,49.9924,50.8728,37.4339,37.4530,37.6644,37.4539,44.7360,30.2235,42.6833,33.8387,40.7287

5452.8900,49.9801,50.8770,37.4372,37.4433,37.6459,37.4886,44.7518,30.2250,42.6767,33.8568,40.7311

5453.8900,49.9880,50.9045,37.4290,37.4692,37.6749,37.4820,44.7437,30.2180,42.6931,33.8500,40.7387

5454.8910,49.9808,50.8913,37.4139,37.4690,37.6602,37.4772,44.7634,30.2033,42.6831,33.8402,40.7324

5457.1690,50.0070,50.9517,37.4455,37.4469,37.6815,37.4808,44.7632,30.2238,42.7065,33.8523,40.7500

5458.6740,50.0070,50.8499,37.4103,37.4644,37.7067,37.4826,44.7519,30.2200,42.6877,33.8513,40.7366

5459.0340,50.0038,50.8384,37.4235,37.4622,37.6475,37.4766,44.7423,30.2206,42.6751,33.8486,40.7269

5459.8900,49.9949,50.8466,37.4373,37.4523,37.6469,37.4704,44.7496,30.2138,42.6756,33.8421,40.7265

5460.8900,50.0129,50.8718,37.4408,37.4637,37.6501,37.4662,44.7554,30.2275,42.6879,33.8468,40.7361

5461.8900,49.9885,50.8390,37.4203,37.4722,37.6465,37.4728,44.7257,30.2106,42.6733,33.8417,40.7220

5462.8900,50.0363,50.8815,37.4399,37.4646,37.6471,37.4837,44.7275,30.2230,42.6939,33.8534,40.7380

5463.8900,50.0087,50.8556,37.4067,37.4842,37.6622,37.4736,44.7294,30.2292,42.6835,33.8514,40.7312

5464.8900,50.0197,50.8674,37.4289,37.4859,37.6631,37.4782,44.7375,30.2212,42.6930,33.8497,40.7377

5465.8900,50.0050,50.8819,37.4446,37.5010,37.6646,37.4671,44.7326,30.1997,42.6994,33.8334,40.7371

5466.8900,50.0388,50.9232,37.4073,37.4932,37.6637,37.4774,44.7314,30.2237,42.7052,33.8505,40.7448

5467.8900,50.0165,50.9007,37.4439,37.5093,37.6598,37.4712,44.7329,30.2409,42.7060,33.8561,40.7469

5468.8900,50.0244,50.8956,37.4709,37.5013,37.6603,37.4839,44.7315,30.2119,42.7105,33.8479,40.7475

5469.8900,50.0038,50.8846,37.4659,37.4930,37.6642,37.4873,44.7497,30.2205,42.7023,33.8539,40.7461

5470.8900,50.0214,50.9633,37.4292,37.5058,37.6628,37.4892,44.7490,30.2125,42.7165,33.8508,40.7541

5471.8900,50.0198,50.9454,37.4588,37.4770,37.6505,37.4862,44.7477,30.2039,42.7103,33.8450,40.7487

5472.8910,50.0088,50.9460,37.4841,37.4920,37.6674,37.4769,44.7631,30.2401,42.7196,33.8585,40.7598

5473.8900,50.0059,50.9220,37.4645,37.4641,37.6715,37.4721,44.7465,30.2132,42.7056,33.8427,40.7450

5474.8900,50.0222,50.8788,37.4110,37.4633,37.6562,37.4643,44.7647,30.2227,42.6863,33.8435,40.7354

5475.8900,50.0211,50.8707,37.4341,37.4645,37.6654,37.5137,44.7622,30.2212,42.6912,33.8674,40.7441

5476.8900,50.0191,50.8891,37.4513,37.4686,37.6555,37.4935,44.7612,30.2375,42.6967,33.8655,40.7470

5477.8900,50.0075,50.8234,37.4190,37.4801,37.6792,37.4756,44.7267,30.2101,42.6818,33.8429,40.7277

5478.8900,50.0197,50.8224,37.4768,37.4647,37.6560,37.4674,44.7666,30.2184,42.6879,33.8429,40.7365

5479.8900,50.0091,50.8575,37.4591,37.4516,37.6454,37.4871,44.7290,30.2396,42.6846,33.8633,40.7348

5480.8900,50.0014,50.9780,37.4441,37.4837,37.6712,37.4882,44.7475,30.2200,42.7157,33.8541,40.7543

5481.8900,50.0151,50.9631,37.4266,37.4803,37.6444,37.4665,44.7232,30.2203,42.7059,33.8434,40.7424

5482.8900,50.0070,50.9679,37.4059,37.4754,37.6455,37.4891,44.7670,30.2435,42.7003,33.8663,40.7502

5483.8900,50.0106,50.9836,37.4451,37.4670,37.6659,37.4596,44.7684,30.2156,42.7145,33.8376,40.7520

5484.8900,50.0073,50.9899,37.4953,37.4626,37.6482,37.4778,44.7654,30.2165,42.7206,33.8472,40.7579

5485.8900,50.0046,51.0154,37.4772,37.4488,37.6632,37.4961,44.7554,30.2420,42.7218,33.8690,40.7628

5486.8900,49.9876,50.9655,37.4324,37.4524,37.6917,37.4737,44.7627,30.2299,42.7059,33.8518,40.7495

5487.8900,49.9966,50.9407,37.4428,37.4292,37.6724,37.4945,44.7722,30.2103,42.6963,33.8524,40.7448

5488.8900,50.0117,50.9673,37.4141,37.4678,37.6456,37.4873,44.7571,30.2210,42.7013,33.8541,40.7465

5489.8900,50.0094,50.9500,37.4723,37.4541,37.6676,37.4650,44.7630,30.2112,42.7107,33.8381,40.7491

5490.8900,50.0171,50.9952,37.4446,37.4689,37.6502,37.4751,44.7661,30.2298,42.7152,33.8525,40.7559

5491.8910,50.0004,50.9253,37.4533,37.4692,37.6659,37.4923,44.7724,30.2326,42.7028,33.8624,40.7514

5492.8900,50.0011,50.9429,37.4899,37.4637,37.6499,37.4814,44.7767,30.2282,42.7095,33.8548,40.7542

5493.8900,50.0145,50.9678,37.4600,37.4651,37.6368,37.4725,44.7382,30.2248,42.7088,33.8486,40.7475

5494.8900,50.0036,50.9609,37.4211,37.4669,37.6678,37.4857,44.7516,30.2462,42.7041,33.8660,40.7505

5495.8900,49.9913,50.8983,37.4597,37.4714,37.6904,37.4780,44.7422,30.2336,42.7022,33.8558,40.7456

5496.8900,50.0145,50.9120,37.4231,37.4451,37.6657,37.5014,44.7433,30.2342,42.6921,33.8678,40.7424

5497.8910,50.0173,50.9541,37.4055,37.4442,37.6690,37.4977,44.7550,30.2305,42.6980,33.8641,40.7467

5498.8900,50.0083,50.9550,37.4568,37.4344,37.6692,37.4731,44.7457,30.2528,42.7047,33.8630,40.7494

5499.8900,50.0109,50.9093,37.4605,37.4558,37.6821,37.4842,44.7661,30.2263,42.7037,33.8553,40.7494

5500.8900,50.0128,50.9307,37.4434,37.4873,37.6598,37.4908,44.7612,30.2235,42.7068,33.8571,40.7512

5501.8900,50.0006,50.9497,37.4262,37.4537,37.6582,37.4757,44.7492,30.2182,42.6977,33.8469,40.7414

5502.8900,50.0404,50.9924,37.4624,37.4946,37.6611,37.4641,44.7689,30.1995,42.7302,33.8318,40.7604

5503.8910,50.0052,51.0120,37.5041,37.4821,37.6787,37.4663,44.7537,30.2576,42.7364,33.8620,40.7700

5504.8910,50.0152,51.0340,37.5222,37.4970,37.6594,37.4834,44.7629,30.2265,42.7455,33.8549,40.7751

5505.8900,50.0154,50.9514,37.4942,37.4662,37.6854,37.4725,44.7528,30.2220,42.7225,33.8472,40.7575

5506.8900,50.0090,50.9567,37.4870,37.4534,37.6737,37.4884,44.7577,30.2277,42.7160,33.8581,40.7567

5507.8900,50.0067,50.9544,37.4874,37.4561,37.6667,37.4986,44.7548,30.2272,42.7142,33.8629,40.7565

5508.8900,49.9930,50.9589,37.4687,37.4696,37.6879,37.5087,44.7664,30.2411,42.7156,33.8749,40.7618

5509.8900,49.9975,50.9521,37.4604,37.4660,37.6873,37.4847,44.7600,30.2230,42.7127,33.8538,40.7539

5510.8900,50.0223,50.9881,37.4548,37.4655,37.6731,37.4747,44.7614,30.2149,42.7208,33.8448,40.7568

5511.8910,50.0140,50.9520,37.4421,37.4701,37.6438,37.4813,44.7501,30.2163,42.7044,33.8488,40.7462

5512.8900,49.9884,50.9517,37.4838,37.4595,37.6613,37.4914,44.7382,30.2114,42.7090,33.8514,40.7482

5513.8910,50.0032,50.9620,37.4876,37.4675,37.6600,37.4849,44.7601,30.2209,42.7161,33.8529,40.7558

5514.8900,49.9937,50.9720,37.4594,37.4352,37.6737,37.4953,44.7460,30.2093,42.7068,33.8523,40.7481

5515.8900,49.9896,50.9944,37.4261,37.4676,37.6780,37.5118,44.7365,30.2381,42.7111,33.8749,40.7552

5516.8900,49.9855,51.0044,37.4306,37.4712,37.6957,37.4828,44.7527,30.2235,42.7175,33.8532,40.7558

5517.8900,49.9856,50.9694,37.4499,37.4620,37.6683,37.4970,44.7505,30.2392,42.7070,33.8681,40.7527

5518.8900,50.0118,50.9320,37.4391,37.4694,37.6705,37.4847,44.7648,30.2080,42.7045,33.8463,40.7475

5519.8900,49.9926,51.0139,37.4836,37.4752,37.6562,37.5026,44.7784,30.2176,42.7243,33.8601,40.7650

5520.8900,50.0012,50.9820,37.4099,37.4762,37.6654,37.4893,44.7566,30.2254,42.7069,33.8574,40.7507

5521.8900,50.0170,51.0139,37.4103,37.4897,37.6603,37.4922,44.7821,30.2302,42.7182,33.8612,40.7620

5522.8910,50.0156,50.9869,37.4816,37.5012,37.6715,37.4936,44.7583,30.2405,42.7313,33.8670,40.7686

5523.8900,49.9896,50.9245,37.4559,37.4895,37.6672,37.4894,44.7847,30.2348,42.7054,33.8621,40.7545

5524.8900,50.0238,50.9861,37.4924,37.4933,37.6681,37.4902,44.7806,30.2342,42.7327,33.8622,40.7711

5525.8900,49.9878,51.0233,37.4716,37.4627,37.6546,37.4693,44.7683,30.2249,42.7200,33.8471,40.7578

5526.8900,49.9922,50.9412,37.4526,37.4671,37.6693,37.4793,44.7639,30.2317,42.7045,33.8555,40.7496

5527.8900,49.9748,50.9271,37.4715,37.4701,37.6779,37.4851,44.7738,30.2253,42.7043,33.8552,40.7507

5528.8900,49.9967,50.9845,37.4450,37.4665,37.6612,37.4913,44.7540,30.2372,42.7108,33.8643,40.7546

5529.8900,50.0022,50.9716,37.4694,37.4750,37.6832,37.4684,44.7518,30.2109,42.7203,33.8396,40.7540

5530.8900,49.9946,51.0000,37.4677,37.5116,37.6680,37.4649,44.7449,30.2220,42.7284,33.8434,40.7592

5531.8900,49.9897,50.9970,37.4451,37.5039,37.6752,37.4787,44.7452,30.2306,42.7222,33.8547,40.7582

5532.8900,50.0063,50.9906,37.4601,37.5044,37.6705,37.4847,44.7458,30.2324,42.7264,33.8586,40.7619

5533.8900,50.0214,50.9490,37.4853,37.5194,37.6741,37.4748,44.7481,30.2361,42.7298,33.8554,40.7635

5534.8900,49.9926,50.9999,37.4634,37.5222,37.6613,37.4891,44.7625,30.2331,42.7279,33.8611,40.7655

5535.8900,49.9931,50.9380,37.4592,37.5083,37.6712,37.4864,44.7676,30.2200,42.7140,33.8532,40.7555

5536.8900,49.9921,50.9324,37.4279,37.5217,37.6758,37.4774,44.7750,30.2241,42.7100,33.8508,40.7533

5537.8910,49.9856,50.9766,37.4786,37.4963,37.6883,37.4708,44.7813,30.2255,42.7251,33.8481,40.7629

5538.8900,49.9642,50.9318,37.4580,37.4706,37.6775,37.4954,44.7832,30.2292,42.7004,33.8623,40.7512

5539.8900,49.9784,50.9740,37.4938,37.4821,37.6877,37.4710,44.7797,30.2634,42.7232,33.8672,40.7663

5540.8900,49.9930,50.9583,37.4615,37.4718,37.6730,37.4816,44.7825,30.2312,42.7115,33.8564,40.7566

5541.8900,49.9819,50.9170,37.4520,37.5126,37.6800,37.4718,44.7762,30.2396,42.7087,33.8557,40.7539

5542.8910,50.0109,50.9213,37.4498,37.4960,37.6924,37.4921,44.7791,30.2263,42.7141,33.8592,40.7585

5543.8900,49.9789,50.9143,37.4264,37.4880,37.7040,37.4878,44.7782,30.2347,42.7023,33.8612,40.7515

5544.8900,49.9926,50.9451,37.4636,37.4776,37.6679,37.4778,44.7887,30.2321,42.7094,33.8550,40.7557

5545.8910,49.9798,51.0156,37.4303,37.4924,37.6676,37.4855,44.7597,30.2309,42.7171,33.8582,40.7577

5546.8900,49.9878,50.9909,37.4734,37.4842,37.6584,37.4852,44.7655,30.2377,42.7189,33.8614,40.7604

5547.8900,50.0007,50.9944,37.5022,37.4765,37.6564,37.4832,44.7546,30.2253,42.7260,33.8543,40.7617

5548.8900,49.9877,50.9046,37.4376,37.4684,37.6709,37.4926,44.7489,30.2107,42.6939,33.8517,40.7402

5549.8910,49.9767,50.9981,37.4411,37.4569,37.6836,37.4721,44.7612,30.2409,42.7113,33.8565,40.7538

5550.8910,49.9838,50.9886,37.4697,37.4641,37.6791,37.4812,44.7655,30.2350,42.7171,33.8581,40.7584

5551.8900,50.0048,51.0072,37.4834,37.4675,37.6638,37.4790,44.7494,30.2107,42.7253,33.8448,40.7582

5552.8900,49.9858,50.9857,37.4630,37.4621,37.6680,37.4948,44.7668,30.2060,42.7129,33.8504,40.7540

5553.8910,49.9867,50.9851,37.4961,37.4746,37.6792,37.4878,44.7713,30.2464,42.7243,33.8671,40.7659

5554.8900,49.9890,50.9530,37.4790,37.5056,37.6815,37.4920,44.7720,30.2332,42.7216,33.8626,40.7631

5555.8900,49.9982,50.9237,37.4690,37.4793,37.6866,37.4966,44.7936,30.2265,42.7114,33.8615,40.7592

5556.8900,50.0050,50.9230,37.4655,37.4776,37.6757,37.4768,44.7678,30.2316,42.7094,33.8542,40.7529

5557.8900,50.0086,50.9044,37.4182,37.4677,37.6733,37.5132,44.7844,30.2358,42.6944,33.8745,40.7507

5558.8900,49.9820,50.8919,37.4122,37.4855,37.6777,37.4910,44.7691,30.2312,42.6898,33.8611,40.7426

5559.8900,49.9988,50.8914,37.4737,37.4877,37.6858,37.4864,44.7565,30.2168,42.7075,33.8516,40.7497

5560.8900,49.9769,50.9410,37.4898,37.4870,37.6852,37.5027,44.7497,30.2035,42.7160,33.8531,40.7545

5561.8900,50.0035,50.9198,37.4777,37.5020,37.6892,37.4931,44.7637,30.2423,42.7184,33.8677,40.7614

5562.8900,49.9878,50.9203,37.4912,37.5034,37.6653,37.4889,44.7503,30.2465,42.7136,33.8677,40.7567

5563.8900,50.0186,50.9651,37.4585,37.4926,37.6666,37.4897,44.7577,30.2370,42.7203,33.8633,40.7607

5564.8900,50.0024,50.9525,37.4800,37.4963,37.6792,37.4897,44.7521,30.2125,42.7221,33.8511,40.7581

5565.8900,50.0097,50.9260,37.4732,37.4942,37.6538,37.4881,44.7788,30.2152,42.7114,33.8517,40.7549

5566.8900,50.0067,50.9325,37.4555,37.4915,37.6611,37.4865,44.7630,30.2216,42.7095,33.8541,40.7523

5567.8900,50.0024,50.9294,37.4467,37.5154,37.6619,37.4733,44.7780,30.2139,42.7111,33.8436,40.7526

5568.8900,50.0226,50.9743,37.4511,37.5104,37.6706,37.4937,44.7679,30.2147,42.7258,33.8542,40.7631

5569.8900,50.0113,51.0089,37.4220,37.5084,37.6644,37.4818,44.7669,30.2342,42.7230,33.8580,40.7622

5570.8900,49.9692,50.9739,37.4063,37.5044,37.6639,37.4846,44.7749,30.2394,42.7035,33.8620,40.7521

5571.8900,50.0016,50.9658,37.4738,37.4999,37.6639,37.4855,44.7603,30.2295,42.7210,33.8575,40.7600

5572.8900,49.9834,51.0106,37.4733,37.5055,37.6806,37.5018,44.7793,30.2134,42.7307,33.8576,40.7685

5573.8900,49.9805,51.0090,37.4623,37.4726,37.6607,37.5212,44.7781,30.2419,42.7170,33.8815,40.7658

5574.8900,50.0036,51.0897,37.4384,37.5047,37.6716,37.4942,44.7646,30.2274,42.7416,33.8608,40.7743

5575.8900,49.9957,51.0503,37.4209,37.4821,37.6799,37.4946,44.7630,30.2203,42.7258,33.8574,40.7634

5576.8900,49.9941,51.0195,37.4664,37.5019,37.6713,37.5181,44.7771,30.2332,42.7306,33.8757,40.7727

5577.8900,49.9850,51.0253,37.4611,37.4830,37.6756,37.5103,44.7820,30.2347,42.7260,33.8725,40.7696

5578.8900,50.0045,51.0137,37.4591,37.5161,37.6827,37.5067,44.7648,30.2288,42.7352,33.8677,40.7720

5579.8900,50.0138,51.0042,37.4145,37.4822,37.6781,37.5077,44.7482,30.2231,42.7185,33.8654,40.7590

5580.8900,50.0099,50.9686,37.4579,37.5153,37.6877,37.5080,44.7501,30.2404,42.7279,33.8742,40.7673

5581.8900,50.0102,50.9631,37.4327,37.5186,37.6614,37.4980,44.7473,30.2289,42.7172,33.8635,40.7576

5582.8900,50.0029,50.9310,37.4764,37.5095,37.6666,37.5000,44.7647,30.2088,42.7173,33.8544,40.7575

5583.8900,50.0115,50.9800,37.4783,37.4993,37.6897,37.5072,44.7610,30.2118,42.7317,33.8595,40.7673

5584.8900,50.0060,50.9170,37.4651,37.5122,37.6684,37.5129,44.7456,30.2298,42.7138,33.8714,40.7571

5585.8900,50.0019,50.9562,37.4715,37.4808,37.7020,37.5110,44.7585,30.2200,42.7225,33.8655,40.7627

5586.8900,50.0041,50.9877,37.5015,37.4711,37.6702,37.4890,44.7525,30.2411,42.7269,33.8651,40.7646

5587.8900,49.9996,51.0081,37.5193,37.4974,37.6796,37.5125,44.7587,30.2351,42.7408,33.8738,40.7763

5588.8900,50.0102,50.9568,37.4497,37.4946,37.6917,37.4709,44.7480,30.2369,42.7206,33.8539,40.7574

5589.8900,50.0174,50.9462,37.4960,37.5044,37.6850,37.4684,44.7814,30.2184,42.7298,33.8434,40.7646

5590.8900,50.0081,50.9355,37.5103,37.4954,37.6882,37.4907,44.7539,30.2343,42.7275,33.8625,40.7646

5591.8900,50.0428,50.9315,37.4839,37.4806,37.6738,37.5099,44.7661,30.2231,42.7225,33.8665,40.7640

5592.8900,50.0077,50.9735,37.5105,37.4974,37.7033,37.4922,44.7726,30.2250,42.7385,33.8586,40.7728

5593.8900,50.0315,51.0220,37.4993,37.4731,37.6838,37.4802,44.8000,30.2256,42.7419,33.8529,40.7769

5594.8900,50.0024,51.0088,37.4845,37.4873,37.6890,37.4877,44.7816,30.2487,42.7344,33.8682,40.7737

5595.8900,50.0070,50.9783,37.4724,37.5051,37.6913,37.4882,44.8035,30.2459,42.7308,33.8670,40.7740

5596.8900,49.9402,50.8344,37.6663,37.5202,38.9213,37.5048,44.1757,30.2451,42.9765,33.8749,40.8510

5597.8900,49.2831,39.9525,37.6908,37.9069,43.1929,37.4767,41.0352,30.2451,41.6053,33.8609,39.5979

5598.8900,45.5045,38.6351,42.4811,40.8800,44.0935,37.5193,39.9361,30.2466,42.3189,33.8829,39.9120

5599.8900,42.9426,40.7567,45.9289,43.2271,42.0031,37.9086,42.2357,30.2480,42.9717,34.0783,40.6563

5600.8900,42.4997,44.7975,43.7674,42.6571,40.6481,38.5249,44.2610,30.2348,42.8740,34.3799,40.9238

5601.8910,43.9228,44.2504,40.9613,41.3336,41.2887,39.0413,43.3263,30.2396,42.3514,34.6405,40.5455

5602.8900,44.3650,41.6959,40.7103,41.0757,42.6102,39.2952,41.8568,30.2197,42.0914,34.7574,40.2286

5603.8900,43.4276,40.9393,42.7467,41.9968,42.6521,39.4481,41.6080,30.2395,42.3525,34.8438,40.3823

5604.8900,42.5908,42.2772,43.6600,42.5394,41.8832,39.6556,42.6049,30.2377,42.5901,34.9466,40.6811

5605.8900,42.6774,43.3850,42.6602,42.2004,41.4916,39.9371,43.0770,30.2317,42.4829,35.0844,40.7075

5606.8900,43.1607,42.8909,41.7104,41.7374,41.8535,40.1263,42.6371,30.2477,42.2706,35.1870,40.5455

5607.8900,43.1642,42.0412,41.9119,41.7603,42.2547,40.2709,42.1337,30.2381,42.2264,35.2545,40.4719

5608.8900,42.7721,41.9181,42.6257,42.1250,42.1896,40.3558,42.1683,30.2269,42.3261,35.2913,40.5477

5609.8900,42.5044,42.4728,42.7740,42.2297,41.8809,40.4778,42.4975,30.2500,42.3724,35.3639,40.6359

5610.8900,42.5774,42.7612,42.3800,42.1108,41.8199,40.6053,42.6031,30.2372,42.3299,35.4213,40.6369

5611.8910,42.7318,42.4996,42.0942,41.9514,41.9824,40.7410,42.4266,30.2491,42.2519,35.4951,40.5845

5612.8900,42.6606,42.2271,42.2238,42.0174,42.0697,40.8582,42.2308,30.2354,42.2397,35.5468,40.5654

5613.8900,42.5085,42.2644,42.4843,42.1244,42.0054,40.9507,42.3053,30.2480,42.2774,35.5993,40.6114

5614.8900,42.4070,42.4463,42.4709,42.1450,41.9294,41.0333,42.4198,30.2534,42.2797,35.6434,40.6381

5615.8910,42.4443,42.5140,42.3150,42.0853,41.9226,41.0675,42.4075,30.2512,42.2562,35.6594,40.6259

5616.8900,42.4506,42.3916,42.2433,42.0387,41.9866,41.1152,42.3530,30.2618,42.2221,35.6885,40.6051

5617.8900,42.4278,42.3064,42.3259,42.0730,42.0042,41.1598,42.2711,30.2566,42.2275,35.7082,40.6031

5618.8900,42.3674,42.3512,42.3977,42.1159,41.9792,41.2027,42.3042,30.2633,42.2423,35.7330,40.6227

5619.8900,42.3302,42.4039,42.3649,42.1189,41.9554,41.2395,42.3435,30.2449,42.2347,35.7422,40.6252

5620.8900,42.3515,42.4180,42.3032,42.1051,41.9568,41.2925,42.3325,30.2510,42.2269,35.7717,40.6263

5621.8900,42.3273,42.3621,42.2775,42.0915,41.9808,41.3640,42.3124,30.2490,42.2079,35.8065,40.6206

5622.8910,42.3093,42.3526,42.3122,42.1020,41.9880,41.3996,42.2973,30.2600,42.2128,35.8298,40.6276

5623.8900,42.2512,42.3684,42.3433,42.0960,41.9759,41.4307,42.3084,30.2482,42.2070,35.8395,40.6278

5624.8900,42.2425,42.3761,42.3273,42.1157,41.9528,41.4267,42.3338,30.2559,42.2029,35.8413,40.6289

5625.8900,42.2298,42.3709,42.3151,42.1240,41.9535,41.4395,42.2988,30.2312,42.1987,35.8354,40.6204

5626.8900,42.2127,42.3470,42.3075,42.0978,41.9769,41.4983,42.2857,30.2535,42.1884,35.8759,40.6224

5627.8900,42.2350,42.3400,42.3000,42.1164,41.9755,41.4648,42.3103,30.2577,42.1934,35.8612,40.6250

5628.8900,42.2137,42.3522,42.2959,42.1229,41.9631,41.5086,42.2926,30.2470,42.1896,35.8778,40.6245

5629.8900,42.1994,42.3455,42.3004,42.1149,41.9469,41.5041,42.3046,30.2682,42.1814,35.8861,40.6230

5630.8900,42.1883,42.3661,42.3149,42.1243,41.9688,41.5409,42.2750,30.2462,42.1925,35.8935,40.6281

5631.8900,42.1882,42.3360,42.2858,42.1151,41.9678,41.5799,42.2704,30.2523,42.1786,35.9161,40.6244

5632.8900,42.1760,42.3520,42.2907,42.1172,41.9621,41.5932,42.2837,30.2394,42.1796,35.9163,40.6268

5633.8900,42.1494,42.3489,42.3057,42.1225,41.9531,41.6043,42.2694,30.2605,42.1759,35.9324,40.6267

5634.8900,42.1289,42.3572,42.2958,42.1196,41.9587,41.6122,42.2758,30.2256,42.1720,35.9189,40.6217

5635.8900,42.1471,42.3398,42.2812,42.1119,41.9518,41.6202,42.2672,30.2662,42.1664,35.9432,40.6232

5636.8900,42.1313,42.3305,42.3128,42.1059,41.9373,41.6592,42.2654,30.2718,42.1635,35.9655,40.6268

5637.8900,42.1260,42.3385,42.3060,42.1298,41.9651,41.6572,42.2637,30.2471,42.1731,35.9521,40.6292

5638.8900,42.1107,42.3286,42.2849,42.1222,41.9465,41.6795,42.2691,30.2632,42.1586,35.9714,40.6256

5639.8900,42.0991,42.3401,42.2801,42.1137,41.9521,41.6735,42.2569,30.2627,42.1570,35.9681,40.6223

5640.8900,42.1209,42.3275,42.2847,42.0978,41.9395,41.6758,42.2689,30.2401,42.1541,35.9580,40.6194

5641.8900,42.1022,42.3304,42.2829,42.1286,41.9376,41.6864,42.2523,30.2678,42.1563,35.9771,40.6235

5642.8900,42.0894,42.3347,42.2807,42.1240,41.9373,41.6940,42.2696,30.2468,42.1532,35.9704,40.6221

5643.8900,42.0710,42.3250,42.2915,42.1064,41.9171,41.6924,42.2627,30.2475,42.1422,35.9700,40.6142

5644.8900,42.0917,42.3279,42.2493,42.0968,41.9201,41.6954,42.2531,30.2552,42.1372,35.9753,40.6112

5645.8900,42.0641,42.3400,42.2819,42.1196,41.9338,41.6822,42.2517,30.2466,42.1479,35.9644,40.6150

5646.8900,42.0855,42.3323,42.2700,42.1156,41.9404,41.7069,42.2575,30.2622,42.1488,35.9845,40.6213

5647.8900,42.0603,42.3333,42.2696,42.1041,41.9203,41.7096,42.2631,30.2658,42.1375,35.9877,40.6158

5648.8900,42.0563,42.3200,42.2730,42.1005,41.9126,41.7061,42.2465,30.2449,42.1325,35.9755,40.6075

5649.8900,42.0634,42.3193,42.2807,42.1166,41.9415,41.7211,42.2710,30.2529,42.1443,35.9870,40.6208

5650.8900,42.0256,42.3440,42.2845,42.1208,41.9182,41.7317,42.2380,30.2651,42.1386,35.9984,40.6160

5651.8900,42.0441,42.3243,42.2737,42.1146,41.9241,41.7502,42.2560,30.2462,42.1362,35.9982,40.6167

5652.8900,42.0232,42.3336,42.2587,42.0997,41.9139,41.7004,42.2504,30.2659,42.1258,35.9831,40.6057

5653.8900,42.0155,42.3116,42.2749,42.1070,41.9308,41.7364,42.2475,30.2638,42.1280,36.0001,40.6109

5654.8900,42.0582,42.3332,42.2867,42.1011,41.9145,41.7229,42.2574,30.2614,42.1387,35.9921,40.6169

5655.8900,42.0382,42.3360,42.2672,42.0975,41.9089,41.7284,42.2625,30.2646,42.1295,35.9965,40.6129

5656.8900,42.0188,42.3212,42.2612,42.1041,41.9156,41.7323,42.2519,30.2423,42.1242,35.9873,40.6059

5657.8900,42.0185,42.3277,42.2635,42.0831,41.9060,41.7222,42.2440,30.2565,42.1197,35.9894,40.6027

5658.8900,42.0044,42.3093,42.2758,42.0954,41.9082,41.7189,42.2335,30.2427,42.1186,35.9808,40.5985

5659.8900,42.0159,42.3210,42.2424,42.0917,41.8908,41.7419,42.2340,30.2397,42.1123,35.9908,40.5972

5660.8900,41.9966,42.3178,42.2671,42.0928,41.9101,41.7487,42.2141,30.2612,42.1169,36.0049,40.6011

5661.8900,41.9859,42.3166,42.2412,42.0850,41.9036,41.7352,42.2338,30.2494,42.1065,35.9923,40.5938

5662.8900,41.9984,42.3121,42.2581,42.0870,41.9072,41.7240,42.2377,30.2526,42.1126,35.9883,40.5971

5663.8900,42.0069,42.2988,42.2328,42.0868,41.9041,41.7459,42.2509,30.2659,42.1059,36.0059,40.5990

5664.8900,41.9989,42.3113,42.2407,42.0998,41.8979,41.7519,42.2341,30.2597,42.1097,36.0058,40.5993

5665.8900,41.9960,42.3375,42.2417,42.0832,41.8997,41.7564,42.2306,30.2596,42.1116,36.0080,40.6006

5666.8900,41.9852,42.3332,42.2392,42.1049,41.9052,41.7662,42.2337,30.2534,42.1135,36.0098,40.6026

5667.8900,41.9943,42.3076,42.2495,42.0863,41.9045,41.7450,42.2337,30.2541,42.1085,35.9995,40.5969

5668.8910,41.9855,42.3198,42.2459,42.0878,41.8934,41.7613,42.2333,30.2725,42.1065,36.0169,40.5999

5669.8900,41.9870,42.3236,42.2348,42.0809,41.8963,41.7698,42.2501,30.2650,42.1045,36.0174,40.6009

5670.8900,41.9929,42.3132,42.2416,42.0951,41.8883,41.7799,42.2165,30.2593,42.1062,36.0196,40.5983

5671.8910,42.0105,42.3256,42.2479,42.0880,41.9031,41.7612,42.2321,30.2639,42.1150,36.0126,40.6040

5672.8900,41.9695,42.2955,42.2383,42.0877,41.8802,41.7751,42.2286,30.2719,42.0943,36.0235,40.5933

5673.8900,41.9988,42.3129,42.2571,42.0990,41.8821,41.7556,42.2315,30.2502,42.1100,36.0029,40.5984

5674.8900,41.9950,42.2994,42.2446,42.0939,41.8833,41.7578,42.2339,30.2571,42.1033,36.0074,40.5956

5675.8900,41.9819,42.3110,42.2241,42.0929,41.8851,41.7410,42.2273,30.2576,42.0990,35.9993,40.5901

5676.8900,41.9724,42.3066,42.2424,42.0852,41.8840,41.7543,42.2401,30.2475,42.0981,36.0009,40.5916

5677.8910,41.9692,42.2976,42.2390,42.0981,41.8892,41.7604,42.2246,30.2602,42.0986,36.0103,40.5923

5678.8900,41.9513,42.3022,42.2371,42.0958,41.9039,41.7523,42.2232,30.2680,42.0981,36.0102,40.5917

5679.8900,41.9539,42.2992,42.2374,42.0872,41.8935,41.7656,42.2211,30.2472,42.0942,36.0064,40.5881

5680.8900,41.9510,42.2897,42.2307,42.0795,41.8817,41.7678,42.2460,30.2527,42.0865,36.0102,40.5874

5681.8900,41.9649,42.3078,42.2432,42.0804,41.8872,41.7644,42.2032,30.2488,42.0967,36.0066,40.5875

5682.8900,41.9556,42.3114,42.2417,42.0743,41.8891,41.7598,42.2105,30.2587,42.0944,36.0093,40.5877

5683.8900,41.9371,42.2975,42.2134,42.0776,41.8766,41.7799,42.2371,30.2447,42.0805,36.0123,40.5830

5684.8900,41.9521,42.2939,42.2493,42.0838,41.8610,41.7633,42.2307,30.2679,42.0880,36.0156,40.5877

5685.8900,41.9505,42.3037,42.2215,42.0606,41.8561,41.7696,42.2052,30.2578,42.0785,36.0137,40.5781

5686.8900,41.9351,42.2853,42.2388,42.0668,41.8667,41.7784,42.2035,30.2483,42.0785,36.0134,40.5779

5687.8900,41.9468,42.2806,42.2248,42.0811,41.8607,41.7454,42.2220,30.2507,42.0788,35.9981,40.5765

5688.8900,41.9274,42.2724,42.2171,42.0985,41.8553,41.7474,42.2273,30.2495,42.0741,35.9984,40.5744

5689.8910,41.9559,42.2991,42.2289,42.0713,41.8670,41.7540,42.2154,30.2543,42.0844,36.0042,40.5807

5690.8910,41.9590,42.3012,42.2175,42.0683,41.8548,41.7641,42.2152,30.2480,42.0802,36.0060,40.5785

5691.8900,41.9237,42.2757,42.2236,42.0762,41.8604,41.7758,42.2162,30.2504,42.0719,36.0131,40.5752

5692.8900,41.9357,42.2916,42.2316,42.0973,41.8478,41.7654,42.2168,30.2588,42.0808,36.0121,40.5806

5693.8900,41.9330,42.2701,42.2110,42.0780,41.8446,41.7609,42.2273,30.2500,42.0673,36.0054,40.5719

5694.8900,41.9414,42.2744,42.2260,42.0823,41.8637,41.7632,42.2227,30.2359,42.0776,35.9996,40.5762

5695.8900,41.9285,42.2942,42.2095,42.0752,41.8332,41.7611,42.2202,30.2685,42.0681,36.0148,40.5738

5696.8900,41.9247,42.2708,42.2196,42.0699,41.8494,41.7513,42.2141,30.2539,42.0669,36.0026,40.5692

5697.8900,41.9195,42.2652,42.2243,42.0532,41.8470,41.7525,42.2271,30.2711,42.0618,36.0118,40.5700

5698.8900,41.8992,42.2778,42.2271,42.0732,41.8643,41.7606,42.2043,30.2769,42.0683,36.0188,40.5729

5699.8900,41.9305,42.2801,42.2164,42.0686,41.8324,41.7580,42.2225,30.2531,42.0656,36.0055,40.5702

5700.8900,41.8973,42.2766,42.2120,42.0594,41.8377,41.7521,42.2254,30.2557,42.0566,36.0039,40.5645

5701.8900,41.9217,42.2770,42.2101,42.0515,41.8305,41.7468,42.2277,30.2465,42.0581,35.9966,40.5640

5702.8900,41.9186,42.2887,42.2143,42.0585,41.8265,41.7265,42.2092,30.2566,42.0613,35.9916,40.5624

5703.8900,41.9292,42.2888,42.2153,42.0693,41.8301,41.7553,42.2167,30.2631,42.0665,36.0092,40.5710

5704.8900,41.8850,42.2661,42.2038,42.0745,41.8240,41.7394,42.1996,30.2428,42.0507,35.9911,40.5544

5705.8900,41.8915,42.2803,42.1938,42.0719,41.8302,41.7715,42.2087,30.2762,42.0535,36.0239,40.5655

5706.8900,41.9096,42.2726,42.2196,42.0610,41.8333,41.7533,42.2047,30.2897,42.0592,36.0215,40.5680

5707.8900,41.9158,42.2814,42.2102,42.0610,41.8246,41.7372,42.2153,30.2452,42.0586,35.9912,40.5613

5708.8900,41.8941,42.2563,42.1987,42.0671,41.8346,41.7369,42.2061,30.2699,42.0502,36.0034,40.5580

5709.8900,41.9137,42.2610,42.2071,42.0536,41.8206,41.7527,42.2080,30.2601,42.0512,36.0064,40.5596

5710.8900,41.9009,42.2579,42.2091,42.0654,41.8162,41.7325,42.2319,30.2777,42.0499,36.0051,40.5614

5711.8900,41.9050,42.2658,42.1993,42.0389,41.8319,41.7305,42.2053,30.2559,42.0482,35.9932,40.5541

5712.8900,41.8938,42.2729,42.1910,42.0441,41.8399,41.7311,42.2213,30.2649,42.0484,35.9980,40.5574

5713.8900,41.8719,42.2680,42.2062,42.0351,41.8268,41.7486,42.2067,30.2517,42.0416,36.0001,40.5519

5714.8900,41.8820,42.2527,42.2080,42.0509,41.8197,41.7145,42.2103,30.2529,42.0426,35.9837,40.5489

5715.8900,41.8777,42.2607,42.1947,42.0510,41.8182,41.7284,42.2203,30.2331,42.0405,35.9807,40.5480

5716.8900,41.8817,42.2559,42.1964,42.0536,41.8245,41.7296,42.2127,30.2329,42.0424,35.9813,40.5484

5717.8900,41.8854,42.2468,42.1933,42.0492,41.8175,41.7175,42.2040,30.2545,42.0384,35.9860,40.5460

5718.8900,41.8788,42.2583,42.2058,42.0267,41.8211,41.7267,42.1960,30.2281,42.0381,35.9774,40.5427

5719.8910,41.8669,42.2462,42.1992,42.0448,41.8162,41.7232,42.2090,30.2570,42.0347,35.9901,40.5453

5720.8900,41.8803,42.2586,42.1972,42.0479,41.8091,41.7198,42.1786,30.2508,42.0386,35.9853,40.5428

5721.8900,41.8671,42.2612,42.1770,42.0408,41.8188,41.7053,42.1998,30.2582,42.0330,35.9817,40.5410

5722.8900,41.8533,42.2541,42.1890,42.0462,41.8202,41.7384,42.1895,30.2408,42.0326,35.9896,40.5414

5723.8900,41.8697,42.2615,42.1875,42.0406,41.7990,41.7437,42.2015,30.2359,42.0317,35.9898,40.5424

5724.8900,41.8751,42.2361,42.1924,42.0343,41.7933,41.7295,42.1887,30.2314,42.0262,35.9805,40.5351

5725.8900,41.8495,42.2552,42.2129,42.0385,41.8100,41.7347,42.1975,30.2512,42.0332,35.9929,40.5437

5726.8900,41.8565,42.2466,42.1806,42.0369,41.7974,41.7123,42.1918,30.2459,42.0236,35.9791,40.5335

5727.8900,41.8519,42.2537,42.1756,42.0473,41.7937,41.7077,42.1988,30.2441,42.0244,35.9759,40.5341

5728.8900,41.8593,42.2477,42.1859,42.0333,41.7933,41.7156,42.1756,30.2516,42.0239,35.9836,40.5328

5729.8910,41.8541,42.2492,42.1599,42.0223,41.7978,41.7104,42.2129,30.2534,42.0167,35.9819,40.5325

5730.8910,41.8505,42.2672,42.1942,42.0245,41.8040,41.7077,42.2026,30.2602,42.0281,35.9839,40.5389

5731.8900,41.8407,42.2514,42.1775,42.0361,41.7891,41.7068,42.1914,30.2549,42.0189,35.9808,40.5310

5732.8900,41.8371,42.2263,42.1789,42.0435,41.7855,41.7329,42.2007,30.2381,42.0143,35.9855,40.5304

5733.8900,41.8448,42.2372,42.1600,42.0173,41.7759,41.7220,42.1865,30.2633,42.0070,35.9926,40.5259

5734.8900,41.8432,42.2481,42.1826,42.0296,41.8064,41.7027,42.1942,30.2382,42.0220,35.9704,40.5306

5735.8900,41.8201,42.2393,42.1705,42.0217,41.7917,41.7089,42.1942,30.2501,42.0087,35.9795,40.5246

5736.8900,41.8577,42.2460,42.1758,42.0275,41.7679,41.7042,42.1968,30.2523,42.0150,35.9782,40.5285

5737.8900,41.8453,42.2336,42.1625,42.0327,41.7737,41.7100,42.1792,30.2347,42.0096,35.9723,40.5215

5738.8900,41.8548,42.2227,42.1827,42.0372,41.7697,41.7213,42.1753,30.2786,42.0134,36.0000,40.5303

5739.8900,41.8575,42.2263,42.1426,42.0277,41.7631,41.6896,42.2007,30.2489,42.0034,35.9693,40.5196

5740.8900,41.8403,42.2397,42.1700,42.0323,41.7542,41.7058,42.1909,30.2305,42.0073,35.9682,40.5205

5741.8900,41.8417,42.2423,42.1731,42.0233,41.7957,41.6994,42.1912,30.2287,42.0152,35.9640,40.5244

5742.8900,41.8478,42.2423,42.1461,42.0335,41.7389,41.6952,42.1721,30.2630,42.0017,35.9791,40.5174

5743.8900,41.8251,42.2399,42.1655,42.0288,41.7600,41.7051,42.1822,30.2580,42.0038,35.9815,40.5206

5744.8900,41.8410,42.2268,42.1352,42.0241,41.7592,41.6973,42.1831,30.2402,41.9973,35.9688,40.5134

5745.8900,41.8010,42.2373,42.1513,42.0285,41.7578,41.6815,42.1773,30.2590,41.9952,35.9703,40.5117

5746.8910,41.8300,42.2445,42.1432,42.0083,41.7635,41.7077,42.1827,30.2545,41.9979,35.9811,40.5168

5747.8900,41.8308,42.2076,42.1634,42.0146,41.7717,41.7029,42.1871,30.2313,41.9976,35.9671,40.5137

5748.8900,41.8326,42.2337,42.1575,42.0054,41.7415,41.6721,42.1909,30.2407,41.9941,35.9564,40.5093

5749.8910,41.8013,42.2092,42.1641,41.9962,41.7376,41.6994,42.1981,30.2335,41.9817,35.9665,40.5049

