Elapsed Time (s),Heat Exchanger Flow (GPM),Flow Raw Voltage (V), Main Loop Flow (GPM), Flow Signal Amplitude (V)
1.8660,1.9715,5.1284,52.0359,0.2838

2.6890,1.9745,5.1438,Inf,0.0000

3.6890,1.9735,5.1284,0.0000,0.2929

4.6890,1.9755,5.1541,50.7204,0.2717

5.6890,1.9747,5.1284,51.1884,0.2350

6.6890,1.9749,5.1386,50.8171,0.2800

7.6890,1.9747,5.1335,50.8626,0.2787

8.6890,1.9760,5.1644,50.8768,0.2766

9.6890,1.9784,5.1952,51.2784,0.2942

10.6890,1.9785,5.1489,50.8251,0.2221

11.6890,1.9783,5.1232,50.7352,0.2725

12.6890,1.9779,5.1335,50.7612,0.2735

13.6890,1.9767,5.0975,50.5600,0.2662

14.6900,1.9757,5.1284,51.2489,0.2558

15.6890,1.9757,5.1284,50.8251,0.2349

16.6900,1.9745,5.1078,50.8410,0.2812

17.6890,1.9747,5.1386,50.6276,0.2892

18.6890,1.9747,5.1644,51.1118,0.2517

19.6890,1.9725,5.1386,50.8411,0.2917

20.6890,1.9713,5.1181,50.9678,0.2583

21.6890,1.9717,5.1335,50.6805,0.2706

22.6890,1.9694,5.0718,50.8263,0.2696

23.6890,1.9700,5.1129,50.6888,0.1877

24.6890,1.9713,5.1644,50.8890,0.2909

25.6890,1.9702,5.0975,50.7717,0.2573

26.6890,1.9717,5.1489,50.8180,0.2812

27.6890,1.9700,5.0923,50.8350,0.2360

28.6890,1.9674,5.0975,50.6608,0.2851

29.6890,1.9668,5.1232,50.6755,0.2843

30.6890,1.9666,5.1129,51.0628,0.2879

31.6890,1.9658,5.1129,50.9916,0.2572

32.6890,1.9690,5.1541,50.8314,0.2879

33.6890,1.9668,5.0563,51.0192,0.2591

34.6890,1.9648,5.1129,50.6975,0.2786

35.6890,1.9664,5.1386,50.9039,0.2897

36.6900,1.9654,5.1232,50.8749,0.2597

37.6890,1.9664,5.1181,51.1544,0.2486

38.6890,1.9684,5.1489,50.6002,0.2749

39.6890,1.9700,5.1644,51.0560,0.2853

40.6890,1.9704,5.1232,50.8502,0.2297

41.6890,1.9710,5.1284,50.6334,0.2645

42.6890,1.9698,5.1232,50.9743,0.2774

43.6890,1.9721,5.1181,51.2405,0.2276

44.6890,1.9735,5.1489,50.6242,0.2724

45.6900,1.9739,5.1489,50.4313,0.2193

46.6890,1.9751,5.1541,50.6440,0.2812

47.6890,1.9757,5.1335,50.7968,0.2637

48.6900,1.9767,5.1747,50.8864,0.2625

49.6890,1.9779,5.1952,50.8278,0.2739

50.6900,1.9801,5.1798,50.6855,0.2850

51.6890,1.9815,5.1644,50.9696,0.2845

52.6890,1.9839,5.1850,51.1240,0.2596

53.6890,1.9849,5.1438,50.6187,0.2874

54.6900,1.9854,5.1644,50.9213,0.2917

55.6890,1.9882,5.2210,50.8774,0.2799

56.6890,1.9902,5.2055,50.6079,0.2858

57.6890,1.9916,5.1695,50.8570,0.2583

58.6890,1.9904,5.1438,50.8312,0.2753

59.6890,1.9894,5.1695,51.0449,0.2348

60.6890,1.9894,5.1798,50.6298,0.2796

61.6890,1.9902,5.1850,50.9593,0.2508

62.6890,1.9890,5.1541,50.6784,0.2904

63.6890,1.9900,5.1695,50.9881,0.2601

64.6890,1.9928,5.2364,51.0042,0.2672

65.6890,1.9914,5.1850,50.9338,0.2923

66.6890,1.9900,5.1695,50.6700,0.2731

67.6890,1.9914,5.2055,50.7779,0.2872

68.6890,1.9934,5.1952,50.6949,0.2874

69.6890,1.9920,5.1335,50.5543,0.2481

70.6890,1.9924,5.1901,50.9522,0.2918

71.6890,1.9914,5.1592,50.9766,0.2932

72.6900,1.9924,5.1798,50.7324,0.2834

73.6890,1.9928,5.1798,50.7046,0.2558

74.6890,1.9898,5.1592,50.7246,0.2466

75.6890,1.9890,5.1644,50.9461,0.2633

76.6890,1.9890,5.1695,50.7005,0.2780

77.6890,1.9882,5.1850,50.7907,0.2854

78.6890,1.9868,5.1592,50.8525,0.2833

79.6900,1.9880,5.1644,51.0390,0.2934

80.6890,1.9870,5.1644,51.0009,0.2656

81.6890,1.9849,5.1026,50.6145,0.2564

82.6890,1.9845,5.1695,50.8566,0.2606

83.6890,1.9851,5.1952,51.0505,0.2282

84.6890,1.9839,5.1284,50.7874,0.2678

85.6890,1.9839,5.1644,50.5188,0.2565

86.6890,1.9845,5.1850,51.0252,0.2821

87.6890,1.9843,5.1798,50.5756,0.2652

88.6890,1.9825,5.1129,50.9110,0.2644

89.6890,1.9845,5.2158,50.7299,0.2720

90.6890,1.9851,5.1798,50.8134,0.2901

91.6890,1.9876,5.1695,50.8515,0.2497

92.6890,1.9868,5.1489,50.7356,0.2552

93.6890,1.9858,5.1695,51.0924,0.2277

94.6890,1.9884,5.1952,51.0389,0.2896

95.6890,1.9890,5.1798,50.4844,0.1948

96.6890,1.9890,5.1850,50.6915,0.2915

97.6900,1.9890,5.1798,50.8587,0.2579

98.6890,1.9910,5.1644,50.9578,0.2825

99.6890,1.9924,5.2518,51.0250,0.2712

100.6890,1.9914,5.1541,50.7756,0.2850

101.6890,1.9916,5.1747,50.5942,0.2782

102.6890,1.9926,5.1747,50.8552,0.2625

103.6890,1.9932,5.1850,50.9489,0.2850

104.6890,1.9926,5.1798,51.1103,0.2846

105.6890,1.9916,5.1541,50.6456,0.2531

106.6890,1.9910,5.1695,50.8066,0.2796

107.6890,1.9914,5.1901,50.7763,0.2884

108.6890,1.9918,5.1747,50.6273,0.2603

109.6890,1.9884,5.1644,51.0408,0.2557

110.6890,1.9896,5.1850,50.8948,0.2611

111.6890,1.9894,5.1695,50.7506,0.2496

112.6900,1.9898,5.1850,51.0581,0.2545

113.6890,1.9892,5.1695,51.1976,0.2547

114.6890,1.9904,5.2107,50.7495,0.2849

115.6890,1.9920,5.1952,50.8676,0.2812

116.6890,1.9926,5.1850,51.3440,0.2412

117.6890,1.9920,5.1747,50.6732,0.2629

118.6890,1.9928,5.1952,50.7560,0.2857

119.6890,1.9934,5.1798,50.4704,0.2755

120.6890,1.9930,5.1747,50.8583,0.2789

121.6890,1.9928,5.1644,50.6938,0.2363

122.6890,1.9938,5.2107,50.9657,0.2831

123.6890,1.9958,5.2210,50.7379,0.2569

124.6890,1.9944,5.1747,50.8603,0.2818

125.6890,1.9926,5.1489,50.6859,0.1971

126.6890,1.9926,5.1850,50.7805,0.2599

127.6890,1.9918,5.1541,50.8225,0.2830

128.6890,1.9922,5.2055,50.7349,0.2490

129.6890,1.9928,5.1952,51.0122,0.2481

130.6890,1.9936,5.1952,50.6682,0.2770

131.6890,1.9946,5.1901,50.8332,0.2830

132.6890,1.9926,5.1592,50.6161,0.2873

133.6890,1.9914,5.1901,50.5410,0.2588

134.6890,1.9912,5.1695,50.8142,0.2879

135.6890,1.9920,5.1695,50.9470,0.2322

136.6890,1.9916,5.1747,50.8110,0.2515

137.6890,1.9928,5.1850,50.7088,0.2461

138.6890,1.9930,5.2107,50.6476,0.2853

139.6890,1.9914,5.1541,50.7611,0.2846

140.6890,1.9910,5.1850,50.8627,0.2773

141.6890,1.9902,5.1695,50.8362,0.2330

142.6900,1.9900,5.1541,50.9925,0.2034

143.6890,1.9896,5.1798,51.0512,0.2660

144.6890,1.9902,5.1850,50.5231,0.2747

145.6890,1.9900,5.1644,51.0807,0.2902

146.6890,1.9898,5.1695,50.7797,0.2925

147.6900,1.9896,5.1798,50.5454,0.2121

148.6890,1.9862,5.1232,51.0496,0.2916

149.6890,1.9862,5.1541,50.4705,0.2876

150.6890,1.9862,5.1850,50.8492,0.2752

151.6890,1.9880,5.2158,50.8781,0.2388

152.6890,1.9884,5.1644,50.6400,0.2875

153.6890,1.9880,5.1695,50.8076,0.2909

154.6890,1.9868,5.1541,50.5555,0.2594

155.6890,1.9876,5.1850,50.8556,0.2671

156.6890,1.9884,5.1901,50.6869,0.2795

157.6890,1.9874,5.1541,50.9207,0.2818

158.6900,1.9886,5.1541,50.8589,0.2672

159.6890,1.9890,5.1644,50.6649,0.2675

160.6890,1.9900,5.2107,50.8167,0.2844

161.6890,1.9896,5.2055,51.0942,0.2251

162.6890,1.9900,5.1747,51.2168,0.2676

163.6890,1.9906,5.1850,50.7483,0.2880

164.6890,1.9906,5.1541,50.7272,0.2766

165.6890,1.9880,5.1181,50.8050,0.2828

166.6890,1.9902,5.2467,50.8477,0.2772

167.6900,1.9910,5.1747,50.9474,0.2868

168.6890,1.9912,5.1592,50.7953,0.2920

169.6890,1.9914,5.1695,50.6996,0.2892

170.6890,1.9890,5.1489,51.1371,0.2753

171.6900,1.9886,5.1952,50.6833,0.2900

172.6890,1.9880,5.1592,50.6302,0.2458

173.6900,1.9868,5.1541,50.8283,0.2680

174.6890,1.9882,5.1901,50.6499,0.2311

175.6890,1.9904,5.1747,50.8739,0.2859

176.6890,1.9880,5.1850,50.5220,0.2681

177.6890,1.9888,5.1952,50.6011,0.2543

178.6890,1.9900,5.1901,50.6291,0.2642

179.6890,1.9916,5.2107,50.9708,0.2887

180.6890,1.9930,5.1850,50.9930,0.2745

181.6890,1.9922,5.1747,50.7852,0.2494

182.6890,1.9904,5.1129,50.6395,0.2641

183.6890,1.9906,5.1592,50.9229,0.2824

184.6890,1.9910,5.2004,50.7286,0.2658

185.6890,1.9912,5.1798,50.8524,0.2766

186.6890,1.9908,5.1747,51.0128,0.2357

187.6890,1.9932,5.2570,50.7480,0.2836

188.6890,1.9932,5.1901,50.8353,0.2685

189.6890,1.9916,5.1695,50.7191,0.2709

190.6890,1.9894,5.1284,50.6905,0.2843

191.6890,1.9886,5.1541,50.9865,0.2662

192.6890,1.9914,5.1850,50.7065,0.2905

193.6900,1.9928,5.1952,50.7790,0.2439

194.6890,1.9918,5.1747,50.8372,0.2605

195.6890,1.9918,5.1798,51.1128,0.2331

196.6900,1.9932,5.2107,50.8238,0.2846

197.6890,1.9906,5.1901,50.6744,0.2485

198.6890,1.9900,5.1747,50.9532,0.2812

199.6890,1.9904,5.1798,50.8974,0.2816

200.6890,1.9922,5.1747,50.8513,0.2775

201.6890,1.9962,5.2570,50.8243,0.2796

202.6890,1.9962,5.1850,50.7278,0.2601

203.6890,1.9960,5.1901,50.7430,0.2649

204.6890,1.9958,5.1695,50.8753,0.2897

205.6890,1.9952,5.1644,50.6982,0.2718

206.6890,1.9938,5.1747,50.8901,0.2564

207.6890,1.9966,5.2621,51.0744,0.2701

208.6890,1.9968,5.1798,50.7878,0.2892

209.6890,1.9960,5.1592,50.6707,0.2753

210.6890,1.9958,5.1695,50.8284,0.2568

211.6900,1.9932,5.1901,50.6773,0.2756

212.6890,1.9918,5.1489,50.7376,0.2850

213.6890,1.9946,5.2621,50.9563,0.2601

214.6890,1.9950,5.1798,50.7359,0.2668

215.6890,1.9958,5.1850,50.6122,0.2742

216.6900,1.9948,5.1489,50.5210,0.2395

217.6890,1.9918,5.1850,51.3555,0.2223

218.6900,1.9912,5.1644,50.9478,0.2733

219.6890,1.9914,5.1644,50.7274,0.2476

220.6890,1.9920,5.1850,50.6550,0.2795

221.6890,1.9912,5.1695,50.6729,0.2608

222.6890,1.9928,5.1901,50.8245,0.2764

223.6890,1.9894,5.1747,50.5518,0.2790

224.6890,1.9890,5.1695,50.7094,0.2709

225.6900,1.9894,5.1952,50.9351,0.2775

226.6890,1.9904,5.1747,50.9260,0.2835

227.6890,1.9898,5.1695,50.5608,0.2457

228.6890,1.9922,5.2261,50.8277,0.2887

229.6900,1.9922,5.1644,50.6964,0.2458

230.6900,1.9908,5.1489,50.9005,0.2829

231.6890,1.9860,5.0460,50.4588,0.2737

232.6890,1.9839,5.1335,50.6458,0.2592

233.6900,1.9841,5.1798,51.2055,0.2902

234.6890,1.9827,5.1335,50.8990,0.2732

235.6890,1.9837,5.2210,50.9682,0.2443

236.6890,1.9831,5.1592,50.7095,0.2539

237.6890,1.9827,5.1592,50.9745,0.2448

238.6890,1.9817,5.2004,50.7415,0.2819

239.6890,1.9823,5.1798,50.7714,0.2827

240.6890,1.9831,5.1695,51.1621,0.2932

241.6890,1.9888,5.1952,50.8781,0.2764

242.6900,1.9890,5.1386,50.6240,0.2421

243.6890,1.9896,5.1952,50.7141,0.2405

244.6900,1.9912,5.1747,51.1042,0.2707

245.6900,1.9898,5.1850,50.9729,0.2829

246.6890,1.9908,5.1850,50.9182,0.2598

247.6890,1.9924,5.2004,50.9683,0.2809

248.6890,1.9908,5.1592,51.0350,0.2520

249.6890,1.9914,5.1952,50.3331,0.2811

250.6900,1.9920,5.1850,50.7173,0.2398

251.6890,1.9916,5.1850,50.8475,0.2502

252.6890,1.9936,5.1901,50.6850,0.2719

253.6890,1.9950,5.2313,50.7826,0.2607

254.6890,1.9950,5.1747,50.6936,0.2917

255.6890,1.9954,5.1952,50.9472,0.2386

256.6890,1.9944,5.1592,50.8171,0.2911

257.6890,1.9942,5.1952,50.8271,0.2794

258.6890,1.9960,5.2055,50.8402,0.2862

259.6890,1.9942,5.1489,50.6268,0.2687

260.6890,1.9952,5.2107,50.7757,0.2826

261.6900,1.9948,5.1747,51.1207,0.2910

262.6890,1.9930,5.1438,50.9627,0.2419

263.6900,1.9914,5.1901,50.4975,0.2798

264.6890,1.9918,5.1850,50.7823,0.2519

265.6900,1.9900,5.1489,50.7670,0.2262

266.6890,1.9918,5.2055,50.7879,0.2767

267.6890,1.9934,5.2364,50.4865,0.2148

268.6890,1.9928,5.1901,50.8608,0.2915

269.6900,1.9936,5.1695,50.4539,0.2703

270.6890,1.9928,5.1901,50.7352,0.2650

271.6890,1.9938,5.2004,50.9748,0.2639

272.6900,1.9956,5.1901,50.6889,0.2788

273.6890,1.9958,5.1952,50.6344,0.2827

274.6890,1.9954,5.1747,50.6674,0.2674

275.6890,1.9970,5.1901,50.6966,0.2859

276.6890,1.9956,5.1695,50.9063,0.2903

277.6890,1.9932,5.1747,50.9516,0.2503

278.6890,1.9920,5.1592,50.8098,0.2786

279.6890,1.9926,5.1850,50.5681,0.2659

280.6890,1.9924,5.1850,50.6131,0.2880

281.6900,1.9914,5.1747,50.4932,0.2620

282.6890,1.9918,5.2004,50.9156,0.2855

283.6890,1.9910,5.1747,50.7768,0.2605

284.6890,1.9898,5.1438,50.6537,0.2908

285.6890,1.9894,5.1798,50.7416,0.2882

286.6900,1.9894,5.1695,50.6131,0.2870

287.6890,1.9898,5.1850,50.6414,0.2827

288.6900,1.9902,5.1695,50.8911,0.2830

289.6890,1.9902,5.1850,50.6505,0.2631

290.6890,1.9924,5.2416,51.1156,0.2799

291.6890,1.9922,5.1695,50.7261,0.2928

292.6890,1.9906,5.1592,51.2439,0.2381

293.6890,1.9912,5.1901,51.0440,0.2790

294.6890,1.9928,5.1850,51.0153,0.2241

295.6890,1.9926,5.1747,50.6891,0.2839

296.6900,1.9928,5.1747,50.8514,0.2803

297.6890,1.9934,5.2004,50.6724,0.2811

298.6890,1.9936,5.1747,50.5932,0.2799

299.6890,1.9936,5.1850,50.6314,0.2900

300.6890,1.9928,5.2210,50.9385,0.2737

301.6890,1.9940,5.2004,50.6891,0.2858

302.6890,1.9946,5.1747,50.6744,0.2626

303.6890,1.9948,5.1952,50.7657,0.2646

304.6890,1.9950,5.1901,50.9388,0.2380

305.6890,1.9952,5.1798,50.7943,0.2917

306.6890,1.9954,5.1798,50.6314,0.2183

307.6890,1.9948,5.1850,50.8563,0.2694

308.6890,1.9952,5.1850,50.6826,0.2688

309.6890,1.9950,5.1798,50.7581,0.2846

310.6890,1.9928,5.1644,50.5814,0.2702

311.6890,1.9912,5.1592,50.6391,0.2421

312.6890,1.9900,5.1438,50.8830,0.2598

313.6890,1.9882,5.1489,51.1577,0.2619

314.6890,1.9902,5.2416,50.8565,0.2425

315.6890,1.9898,5.1695,50.7020,0.2675

316.6890,1.9910,5.2107,50.8043,0.2718

317.6890,1.9914,5.1952,50.9472,0.2742

318.6900,1.9918,5.1952,50.9198,0.2889

319.6890,1.9920,5.1850,50.7967,0.2730

320.6890,1.9938,5.2107,50.6899,0.2663

321.6890,1.9950,5.1901,50.7626,0.2899

322.6890,1.9982,5.2261,50.7833,0.2694

323.6890,2.0001,5.2004,50.5973,0.2840

324.6890,1.9986,5.2004,50.6316,0.2850

325.6890,2.0009,5.2313,50.7965,0.2234

326.6890,2.0003,5.1952,50.7334,0.2748

327.6890,2.0011,5.2158,50.7701,0.2713

328.6890,2.0011,5.1952,50.7154,0.2913

329.6890,2.0055,5.2981,50.4534,0.2698

330.6890,2.0057,5.2158,50.9411,0.2651

331.6890,2.0055,5.1850,50.7301,0.2777

332.6890,2.0035,5.1747,50.8042,0.2661

333.6890,2.0037,5.2055,50.7678,0.2829

334.6890,2.0037,5.2004,50.5240,0.2793

335.6890,2.0023,5.1952,50.5712,0.2396

336.6890,2.0033,5.2210,50.5941,0.2765

337.6900,2.0049,5.2570,50.6453,0.2466

338.6890,2.0059,5.2210,50.7671,0.2751

339.6890,2.0033,5.2313,50.6028,0.2880

340.6890,2.0037,5.2261,50.5750,0.2482

341.6890,2.0063,5.2518,50.6521,0.2255

342.6890,2.0081,5.2210,51.0978,0.2707

343.6890,2.0099,5.2518,50.7814,0.2808

344.6890,2.0136,5.2981,51.0336,0.2289

345.6890,2.0180,5.3084,50.7724,0.2568

346.6890,2.0190,5.2467,50.6809,0.2639

347.6900,2.0186,5.2467,50.8356,0.2568

348.6890,2.0212,5.2879,50.7949,0.2872

349.6890,2.0230,5.2776,50.8262,0.2723

350.6890,2.0238,5.2467,50.5671,0.2774

351.6890,2.0252,5.2879,50.8800,0.2583

352.6890,2.0270,5.2673,50.7758,0.2304

353.6890,2.0278,5.2724,50.4867,0.2894

354.6890,2.0256,5.2416,50.7968,0.2859

355.6900,2.0248,5.2879,50.8216,0.2855

356.6900,2.0274,5.3136,50.7605,0.2804

357.6890,2.0291,5.2930,50.5730,0.2850

358.6890,2.0299,5.3084,50.7670,0.2858

359.6890,2.0311,5.3084,50.6670,0.2676

360.6890,2.0297,5.2107,50.6729,0.2867

361.6890,2.0289,5.2673,50.7150,0.2320

362.6900,2.0295,5.2827,50.9219,0.2834

363.6890,2.0291,5.2621,50.7756,0.2851

364.6890,2.0319,5.3136,50.5380,0.2644

365.6890,2.0309,5.2621,50.6098,0.2738

366.6890,2.0301,5.2930,50.7680,0.2843

367.6890,2.0285,5.2518,51.1012,0.2555

368.6890,2.0276,5.2827,50.6512,0.2567

369.6890,2.0293,5.3547,50.6595,0.2655

370.6890,2.0323,5.2879,50.8912,0.2479

371.6890,2.0317,5.2518,50.9008,0.2851

372.6890,2.0325,5.3033,50.8998,0.2809

373.6890,2.0327,5.2673,50.9561,0.2224

374.6890,2.0315,5.2827,50.5385,0.2823

375.6890,2.0309,5.2467,50.6122,0.2806

376.6890,2.0295,5.2570,50.6824,0.2577

377.6890,2.0305,5.2776,50.8342,0.2455

378.6890,2.0289,5.2416,50.4596,0.2897

379.6900,2.0246,5.2416,50.6611,0.2652

380.6890,2.0242,5.2776,50.5548,0.2881

381.6890,2.0256,5.2879,50.8199,0.2874

382.6890,2.0242,5.2673,50.5268,0.2778

383.6890,2.0234,5.2467,50.4573,0.2504

384.6890,2.0224,5.2570,50.5845,0.2794

385.6890,2.0230,5.2621,50.8357,0.2777

386.6890,2.0246,5.2981,50.5652,0.2399

387.6900,2.0234,5.2467,50.7254,0.2846

388.6900,2.0238,5.2518,50.5464,0.2767

389.6890,2.0250,5.2724,50.7133,0.2826

390.6890,2.0230,5.2261,50.8813,0.2655

391.6890,2.0226,5.2776,50.9598,0.2853

392.6890,2.0214,5.2364,50.9611,0.2674

393.6890,2.0230,5.2879,50.6617,0.2871

394.6890,2.0236,5.2724,50.6459,0.2884

395.6890,2.0256,5.3136,50.6726,0.2505

396.6890,2.0256,5.2981,50.8998,0.2815

397.6890,2.0293,5.3445,50.7174,0.2836

398.6890,2.0315,5.3084,50.7372,0.2862

399.6890,2.0331,5.3136,50.5287,0.2564

400.6890,2.0359,5.2981,50.6862,0.2622

401.6890,2.0357,5.2724,50.7516,0.2604

402.6890,2.0379,5.2930,50.7480,0.2799

403.6890,2.0377,5.2827,50.8415,0.2900

404.6890,2.0377,5.2724,50.5647,0.2262

405.6890,2.0367,5.2879,51.3507,0.2384

406.6890,2.0359,5.2776,50.8633,0.2803

407.6890,2.0335,5.2827,50.6204,0.2837

408.6890,2.0337,5.3136,50.6346,0.2686

409.6890,2.0321,5.2724,50.8367,0.2726

410.6890,2.0281,5.1952,50.8557,0.2766

411.6890,2.0283,5.2776,50.8518,0.2686

412.6890,2.0272,5.2621,51.1694,0.2637

413.6890,2.0262,5.2570,50.4509,0.2191

414.6890,2.0266,5.2827,50.8894,0.2173

415.6890,2.0264,5.2827,50.5629,0.2693

416.6900,2.0278,5.3136,50.9965,0.2353

417.6890,2.0276,5.2776,50.7695,0.2726

418.6890,2.0266,5.2879,50.7607,0.2907

419.6890,2.0283,5.3187,50.6480,0.2858

420.6890,2.0319,5.2879,50.6314,0.2839

421.6890,2.0313,5.2621,50.7984,0.2766

422.6890,2.0333,5.3136,50.8233,0.2706

423.6890,2.0335,5.2621,50.4928,0.2648

424.6890,2.0317,5.2364,50.7157,0.2736

425.6890,2.0305,5.2518,50.7489,0.2847

426.6890,2.0291,5.2776,50.6123,0.2792

427.6890,2.0281,5.2518,50.8127,0.2422

428.6890,2.0274,5.2673,50.6938,0.2727

429.6900,2.0268,5.3033,50.7474,0.2695

430.6900,2.0268,5.2879,50.9447,0.2815

431.6890,2.0274,5.2776,50.6662,0.2790

432.6890,2.0281,5.3342,50.6756,0.2828

433.6890,2.0299,5.3084,50.7758,0.2890

434.6890,2.0315,5.2776,50.7761,0.2491

435.6890,2.0319,5.2621,50.8737,0.2728

436.6890,2.0317,5.2724,50.8021,0.2884

437.6890,2.0325,5.2724,50.5872,0.2902

438.6890,2.0335,5.2930,50.8896,0.2551

439.6890,2.0333,5.2981,51.1174,0.2623

440.6890,2.0333,5.2879,50.5805,0.2844

441.6900,2.0331,5.2724,50.7502,0.2648

442.6890,2.0309,5.2776,50.8360,0.2854

443.6890,2.0299,5.2827,50.8326,0.2808

444.6890,2.0313,5.3136,50.6153,0.2410

445.6890,2.0323,5.2879,50.8096,0.2770

446.6890,2.0333,5.2981,50.8524,0.2835

447.6900,2.0357,5.3342,50.9469,0.2387

448.6890,2.0357,5.2930,50.8544,0.2756

449.6890,2.0359,5.3033,50.6551,0.2762

450.6890,2.0323,5.1952,50.8618,0.2480

451.6890,2.0321,5.2673,50.6031,0.2672

452.6890,2.0329,5.2981,50.8436,0.2334

453.6890,2.0341,5.3136,50.8404,0.2881

454.6890,2.0337,5.3033,50.4591,0.2831

455.6890,2.0341,5.2981,50.5828,0.2735

456.6890,2.0317,5.2364,50.9659,0.2459

457.6890,2.0301,5.2930,50.5264,0.2847

458.6890,2.0301,5.2930,51.0962,0.2677

459.6890,2.0268,5.2158,50.4646,0.2550

460.6890,2.0281,5.2313,50.5414,0.2653

461.6900,2.0283,5.2724,50.7895,0.2729

462.6890,2.0278,5.2827,50.9431,0.2500

463.6890,2.0281,5.3239,50.7155,0.2301

464.6890,2.0283,5.3084,50.5663,0.2544

465.6890,2.0272,5.2673,50.6710,0.2911

466.6890,2.0289,5.2827,50.8167,0.2881

467.6890,2.0303,5.3290,50.9203,0.2654

468.6890,2.0299,5.2827,50.6346,0.2872

469.6900,2.0325,5.2827,50.9417,0.2779

470.6890,2.0345,5.2827,50.6778,0.2910

471.6890,2.0351,5.2879,50.6424,0.2879

472.6890,2.0347,5.2724,50.7222,0.2899

473.6890,2.0331,5.2827,50.6071,0.2822

474.6890,2.0319,5.2776,50.5464,0.2719

475.6890,2.0317,5.2621,50.7314,0.2718

476.6890,2.0323,5.2981,50.6940,0.2702

477.6890,2.0305,5.2827,50.7283,0.2665

478.6890,2.0309,5.2930,50.8599,0.2328

479.6890,2.0301,5.2621,50.6260,0.2486

480.6890,2.0307,5.2981,50.6785,0.2684

481.6900,2.0311,5.2981,50.5503,0.2699

482.6890,2.0307,5.2621,50.8378,0.2766

483.6890,2.0299,5.2621,50.6890,0.2767

484.6890,2.0301,5.2827,50.6452,0.2677

485.6890,2.0317,5.3033,50.7223,0.2781

486.6890,2.0311,5.2827,50.9879,0.2901

487.6900,2.0333,5.3393,50.9156,0.2855

488.6890,2.0329,5.2827,50.4655,0.2802

489.6890,2.0331,5.2673,50.4856,0.2860

490.6890,2.0339,5.3187,50.6962,0.2839

491.6890,2.0323,5.2570,50.7919,0.2504

492.6890,2.0357,5.3496,50.6957,0.2759

493.6890,2.0359,5.2673,50.8142,0.2528

494.6890,2.0369,5.3084,50.5034,0.2744

495.6890,2.0373,5.3136,50.7637,0.2800

496.6900,2.0335,5.1850,50.8937,0.2275

497.6890,2.0313,5.2827,50.6712,0.2526

498.6900,2.0317,5.2930,50.8510,0.2808

499.6890,2.0339,5.3239,50.6747,0.2810

500.6890,2.0335,5.3084,50.4538,0.2603

501.6890,2.0345,5.2827,50.6466,0.2650

502.6890,2.0323,5.2930,50.6687,0.2556

503.6890,2.0345,5.3239,50.7039,0.2769

504.6890,2.0353,5.3290,50.9781,0.2780

505.6890,2.0309,5.2004,50.5245,0.2565

506.6890,2.0361,5.3187,50.6197,0.2821

507.6890,2.0367,5.2981,50.9425,0.2558

508.6900,2.0365,5.2879,50.6345,0.2798

509.6890,2.0351,5.2879,50.5850,0.2524

510.6890,2.0347,5.2981,50.5083,0.2503

511.6890,2.0347,5.2827,50.6503,0.2806

512.6890,2.0343,5.2827,50.7930,0.2699

513.6890,2.0323,5.2724,50.9101,0.2776

514.6900,2.0303,5.2776,50.6423,0.2631

515.6890,2.0353,5.3290,51.1693,0.2075

516.6890,2.0339,5.2827,50.5533,0.2695

517.6890,2.0337,5.2930,50.8703,0.2596

518.6890,2.0345,5.3084,50.6979,0.2627

519.6900,2.0345,5.2879,50.9223,0.2812

520.6890,2.0341,5.2879,50.6400,0.2784

521.6890,2.0353,5.3136,50.6022,0.2570

522.6890,2.0345,5.2621,50.8352,0.2756

523.6890,2.0365,5.3239,50.5963,0.2721

524.6900,2.0373,5.2981,50.8295,0.2735

525.6890,2.0357,5.2879,50.5044,0.2826

526.6890,2.0363,5.2981,50.6186,0.2870

527.6890,2.0359,5.2827,50.6899,0.2884

528.6890,2.0393,5.3959,50.6132,0.2692

529.6890,2.0395,5.2930,50.7983,0.2911

530.6890,2.0413,5.3342,50.7366,0.2807

531.6890,2.0422,5.3393,50.7975,0.2756

532.6890,2.0440,5.3084,50.8380,0.2749

533.6890,2.0440,5.3239,50.9012,0.2722

534.6890,2.0442,5.3033,50.7211,0.2249

535.6890,2.0444,5.2930,50.6745,0.2587

536.6890,2.0446,5.3033,50.6884,0.2795

537.6890,2.0462,5.3239,50.6746,0.2710

538.6890,2.0420,5.2879,50.8547,0.2899

539.6890,2.0426,5.3084,50.7224,0.2496

540.6890,2.0417,5.3084,50.6508,0.2782

541.6890,2.0395,5.2827,50.6409,0.2891

542.6890,2.0391,5.2981,50.6941,0.2870

543.6900,2.0377,5.2879,50.6285,0.2909

544.6890,2.0357,5.2518,50.5300,0.2673

545.6890,2.0367,5.3187,50.7979,0.2803

546.6890,2.0369,5.3084,50.8735,0.2898

547.6890,2.0353,5.2827,50.8294,0.2924

548.6890,2.0343,5.2621,50.6698,0.2859

549.6890,2.0357,5.3445,50.6956,0.2893

550.6890,2.0341,5.2673,50.7902,0.2850

551.6890,2.0347,5.2981,50.8607,0.2310

552.6890,2.0353,5.3136,50.5048,0.2532

553.6890,2.0353,5.2879,50.5419,0.2802

554.6900,2.0373,5.3033,50.7940,0.2914

555.6890,2.0339,5.2313,50.6077,0.2884

556.6890,2.0335,5.2981,50.5878,0.2720

557.6900,2.0331,5.2724,50.9392,0.2728

558.6890,2.0351,5.3136,50.7346,0.2759

559.6890,2.0321,5.2673,50.8066,0.2906

560.6890,2.0337,5.3084,50.7927,0.2903

561.6890,2.0331,5.2827,50.9479,0.2851

562.6890,2.0315,5.2724,50.7335,0.2876

563.6890,2.0329,5.3239,50.6571,0.2757

564.6890,2.0313,5.2621,50.8104,0.2248

565.6900,2.0339,5.2981,50.8806,0.2894

566.6890,2.0341,5.3033,50.7593,0.2900

567.6890,2.0351,5.2981,50.4228,0.2749

568.6890,2.0341,5.2879,50.8768,0.2493

569.6890,2.0339,5.2621,50.6572,0.2867

570.6890,2.0329,5.2827,50.7715,0.2893

571.6890,2.0329,5.2827,50.6445,0.2804

572.6900,2.0345,5.3136,50.6037,0.2766

573.6890,2.0347,5.3290,50.7885,0.2878

574.6890,2.0371,5.3239,50.7824,0.2419

575.6890,2.0363,5.2776,50.8207,0.2790

576.6890,2.0367,5.3136,50.6407,0.2589

577.6890,2.0391,5.3599,50.6631,0.2699

578.6890,2.0393,5.2930,50.8076,0.2752

579.6900,2.0403,5.2879,50.9629,0.2665

580.6890,2.0403,5.2827,50.9805,0.2559

581.6890,2.0413,5.3084,50.4186,0.2901

582.6890,2.0403,5.2879,50.6222,0.2750

583.6890,2.0395,5.3084,50.8694,0.2929

584.6890,2.0387,5.3033,50.7415,0.2705

585.6890,2.0399,5.3084,50.8548,0.2339

586.6890,2.0401,5.3187,50.9521,0.2462

587.6890,2.0385,5.3187,50.8090,0.2876

588.6890,2.0387,5.2981,50.8571,0.2856

589.6890,2.0383,5.2776,50.6720,0.2692

590.6890,2.0391,5.3033,50.9561,0.2749

591.6890,2.0393,5.3136,50.7346,0.2781

592.6890,2.0391,5.2827,50.3828,0.2638

593.6890,2.0377,5.2724,50.7808,0.2811

594.6890,2.0373,5.2930,50.5585,0.2629

595.6890,2.0365,5.2879,50.7536,0.2892

596.6890,2.0359,5.3033,50.8980,0.2764

597.6890,2.0343,5.2776,50.5218,0.2741

598.6900,2.0335,5.2776,50.8998,0.2896

599.6890,2.0373,5.3753,50.8658,0.2830

600.6890,2.0367,5.2879,51.0612,0.2461

601.6890,2.0349,5.2673,50.5944,0.2805

602.6890,2.0347,5.2776,50.4639,0.2561

603.6890,2.0333,5.2364,50.7237,0.2071

604.6890,2.0335,5.2981,51.0294,0.2833

605.6890,2.0339,5.2981,50.3948,0.2702

606.6890,2.0333,5.2879,50.4660,0.2840

607.6890,2.0349,5.3187,50.7238,0.2732

608.6890,2.0335,5.2416,50.6999,0.2378

609.6890,2.0313,5.3187,50.5341,0.2840

610.6890,2.0307,5.2724,50.8177,0.2680

611.6890,2.0317,5.2930,51.0164,0.2812

612.6890,2.0349,5.3599,50.6149,0.2505

613.6890,2.0363,5.2724,50.5756,0.2845

614.6900,2.0371,5.3187,50.5923,0.2556

615.6890,2.0369,5.2930,50.5420,0.2695

616.6900,2.0341,5.2158,50.6162,0.2808

617.6890,2.0333,5.2981,50.5421,0.2665

618.6890,2.0349,5.2827,50.8203,0.2039

619.6890,2.0331,5.2724,51.0162,0.2116

620.6890,2.0337,5.2879,50.7165,0.2528

621.6890,2.0343,5.3084,50.7485,0.2638

622.6890,2.0311,5.2776,50.5445,0.2664

623.6890,2.0307,5.2621,50.6331,0.2703

624.6890,2.0291,5.2776,50.6566,0.2817

625.6890,2.0301,5.3187,50.8150,0.2666

626.6890,2.0333,5.2981,50.9079,0.2854

627.6890,2.0329,5.2879,50.8123,0.2086

628.6890,2.0327,5.2776,50.8395,0.2720

629.6900,2.0343,5.3136,50.7824,0.2602

630.6890,2.0347,5.2981,50.7706,0.2794

631.6890,2.0325,5.2518,50.7215,0.2808

632.6890,2.0307,5.2313,50.8437,0.2733

633.6890,2.0309,5.2673,50.6672,0.2754

634.6890,2.0319,5.3033,50.6676,0.2534

635.6890,2.0297,5.2621,50.7733,0.2223

636.6890,2.0299,5.3033,50.8132,0.2778

637.6890,2.0291,5.2673,50.6720,0.2725

638.6890,2.0317,5.3445,50.7418,0.2746

639.6890,2.0313,5.3033,50.6648,0.2840

640.6890,2.0321,5.3187,50.6547,0.2600

641.6890,2.0353,5.3342,50.7898,0.2714

642.6890,2.0377,5.2930,50.7966,0.2232

643.6890,2.0389,5.2981,50.7875,0.2891

644.6890,2.0389,5.3033,50.6032,0.2570

645.6890,2.0405,5.3033,50.7453,0.2492

646.6890,2.0424,5.3547,50.4893,0.2728

647.6890,2.0436,5.2981,50.6825,0.2809

648.6890,2.0440,5.3547,50.6740,0.2795

649.6890,2.0432,5.2827,50.9732,0.2885

650.6890,2.0436,5.3290,50.4860,0.2019

651.6900,2.0432,5.3239,50.5149,0.2454

652.6890,2.0430,5.2879,50.5254,0.2222

653.6890,2.0430,5.2981,50.8686,0.2816

654.6890,2.0419,5.2724,50.6006,0.2785

655.6900,2.0415,5.2930,51.2012,0.2536

656.6890,2.0387,5.2827,50.5819,0.2687

657.6890,2.0401,5.3342,50.5868,0.2823

658.6890,2.0403,5.3599,50.6047,0.2746

659.6890,2.0405,5.2879,50.7035,0.2917

660.6890,2.0413,5.3496,50.7352,0.2721

661.6890,2.0422,5.3496,50.4806,0.2336

662.6890,2.0454,5.3702,50.8320,0.2688

663.6890,2.0482,5.3702,51.1721,0.2675

664.6890,2.0526,5.3856,50.5101,0.2570

665.6890,2.0550,5.3547,50.9102,0.2639

666.6890,2.0595,5.4010,50.4972,0.2884

667.6890,2.0617,5.3908,50.6153,0.2725

668.6890,2.0617,5.3599,50.7916,0.2535

669.6890,2.0645,5.3599,50.9545,0.2906

670.6890,2.0627,5.3033,50.4834,0.2867

671.6890,2.0623,5.3393,50.7379,0.2198

672.6890,2.0633,5.3959,51.0537,0.2510

673.6890,2.0627,5.3547,50.9383,0.2617

674.6890,2.0623,5.3753,50.4888,0.2631

675.6900,2.0627,5.3650,50.6082,0.2795

676.6890,2.0609,5.3547,50.6685,0.2838

677.6890,2.0581,5.3187,50.7783,0.2634

678.6890,2.0585,5.3702,50.5178,0.2853

679.6890,2.0587,5.3650,50.6956,0.2790

680.6890,2.0605,5.3496,50.8424,0.2875

681.6890,2.0631,5.4062,50.6225,0.2692

682.6890,2.0595,5.3033,50.8414,0.2722

683.6890,2.0601,5.3702,50.6224,0.2855

684.6890,2.0603,5.3805,50.5745,0.2847

685.6890,2.0607,5.3753,50.6656,0.2636

686.6900,2.0633,5.4216,50.4696,0.2718

687.6890,2.0655,5.3753,50.9939,0.2672

688.6900,2.0651,5.3599,50.8013,0.2749

689.6890,2.0667,5.4062,50.7113,0.2875

690.6890,2.0679,5.3805,50.8509,0.2600

691.6890,2.0661,5.3599,50.7140,0.2704

692.6890,2.0693,5.3856,50.5563,0.2811

693.6890,2.0695,5.3753,50.7158,0.2559

694.6890,2.0730,5.4731,50.8125,0.2549

695.6890,2.0730,5.3753,50.8686,0.2485

696.6890,2.0718,5.3908,50.6864,0.2809

697.6890,2.0718,5.3753,50.4549,0.2810

698.6890,2.0738,5.4113,50.8555,0.2825

699.6890,2.0734,5.3959,50.7585,0.2728

700.6890,2.0736,5.3856,50.8064,0.2817

701.6890,2.0740,5.3702,50.6246,0.2806

702.6890,2.0746,5.4010,50.7942,0.2793

703.6890,2.0760,5.4113,50.6228,0.2881

704.6890,2.0732,5.4010,50.6205,0.2818

705.6890,2.0744,5.4062,50.7396,0.2832

706.6890,2.0760,5.4319,50.6726,0.2861

707.6890,2.0760,5.3753,50.5728,0.2806

708.6890,2.0746,5.3753,50.5611,0.2741

709.6890,2.0750,5.4062,50.5436,0.2710

710.6900,2.0748,5.3805,50.5244,0.2790

711.6890,2.0758,5.3959,50.9117,0.2895

712.6890,2.0754,5.3908,50.7800,0.2535

713.6890,2.0750,5.4010,50.7105,0.2596

714.6900,2.0734,5.3599,50.5149,0.2620

715.6900,2.0722,5.3753,50.7218,0.2675

716.6890,2.0703,5.3805,50.7371,0.2914

717.6890,2.0703,5.3753,50.7498,0.2863

718.6890,2.0699,5.3650,50.5988,0.2604

719.6890,2.0701,5.4113,50.7852,0.2880

720.6890,2.0703,5.3856,50.7354,0.2859

721.6890,2.0695,5.3753,50.6398,0.2893

722.6890,2.0685,5.3650,50.7062,0.2804

723.6890,2.0681,5.3908,50.6198,0.2667

724.6890,2.0697,5.4010,50.4954,0.2879

725.6900,2.0693,5.3650,50.7691,0.2697

726.6890,2.0683,5.3547,50.7796,0.2870

727.6890,2.0685,5.3805,50.5782,0.2807

728.6900,2.0695,5.3908,50.7236,0.2649

729.6890,2.0679,5.3702,50.7244,0.2866

730.6890,2.0683,5.3959,50.6938,0.2781

731.6890,2.0708,5.4422,50.7765,0.2721

732.6900,2.0716,5.3856,50.7941,0.2910

733.6890,2.0736,5.4422,50.7036,0.2585

734.6890,2.0724,5.3702,51.0551,0.2874

735.6890,2.0728,5.3753,50.8842,0.2894

736.6890,2.0742,5.3908,50.6558,0.2771

737.6900,2.0740,5.3753,50.7438,0.2665

738.6890,2.0736,5.3805,50.7530,0.2445

739.6890,2.0740,5.3805,50.7382,0.2829

740.6900,2.0762,5.4525,50.9080,0.2772

741.6890,2.0740,5.3856,50.7910,0.2399

742.6890,2.0748,5.4062,50.6327,0.2832

743.6900,2.0730,5.3959,50.5773,0.2356

744.6890,2.0734,5.3805,50.8652,0.2762

745.6900,2.0730,5.3650,50.7132,0.2648

746.6900,2.0726,5.3805,50.5782,0.2805

747.6890,2.0728,5.3805,50.4905,0.2528

748.6900,2.0730,5.3856,50.7857,0.2806

749.6890,2.0718,5.3496,50.6735,0.2819

750.6890,2.0687,5.3702,50.6780,0.2895

751.6900,2.0697,5.4113,50.4811,0.2890

752.6890,2.0687,5.3805,50.7253,0.2717

753.6890,2.0691,5.4062,50.6270,0.2864

754.6890,2.0679,5.3496,50.6589,0.2497

755.6890,2.0675,5.3547,50.6719,0.2856

756.6890,2.0675,5.3805,50.7673,0.2588

757.6890,2.0685,5.4062,50.8804,0.2895

758.6890,2.0667,5.3393,50.6833,0.2755

759.6890,2.0681,5.3856,50.8262,0.2630

760.6890,2.0691,5.3959,50.9339,0.2913

761.6890,2.0679,5.3805,50.6451,0.2817

762.6890,2.0687,5.4010,50.5016,0.2839

763.6890,2.0683,5.3959,50.5966,0.2824

764.6890,2.0706,5.4113,50.6786,0.2668

765.6890,2.0718,5.3856,50.6960,0.2723

766.6890,2.0720,5.3856,50.6017,0.2051

767.6890,2.0728,5.4268,50.5817,0.2721

768.6900,2.0734,5.3547,50.7462,0.2711

769.6890,2.0724,5.3599,51.1498,0.2500

770.6890,2.0722,5.3908,50.9468,0.2693

771.6890,2.0708,5.3445,50.6832,0.2845

772.6900,2.0708,5.4010,50.7738,0.2892

773.6890,2.0689,5.3445,50.9626,0.2554

774.6890,2.0695,5.4268,50.6333,0.2342

775.6900,2.0675,5.3342,50.8903,0.2361

776.6890,2.0667,5.3650,50.8613,0.2684

777.6890,2.0655,5.3959,50.7825,0.2548

778.6890,2.0677,5.4113,50.7620,0.2633

779.6900,2.0679,5.3650,50.6785,0.2836

780.6890,2.0675,5.3805,50.6211,0.2877

781.6890,2.0697,5.4010,50.7698,0.2513

782.6890,2.0691,5.3856,50.8105,0.2716

783.6890,2.0712,5.4010,50.7183,0.2738

784.6890,2.0695,5.3805,50.7430,0.2915

785.6890,2.0710,5.3753,50.8338,0.2422

786.6890,2.0740,5.4422,50.6650,0.2859

787.6890,2.0752,5.4268,50.6327,0.2696

788.6890,2.0758,5.4268,50.7626,0.2805

789.6890,2.0762,5.3753,50.7053,0.2895

790.6890,2.0786,5.4422,50.8812,0.2584

791.6890,2.0772,5.3650,50.8844,0.2569

792.6890,2.0750,5.3290,50.8662,0.2379

793.6890,2.0742,5.3805,50.9215,0.2720

794.6890,2.0738,5.3702,50.6130,0.2794

795.6890,2.0736,5.3702,50.9253,0.2744

796.6890,2.0728,5.4216,50.7555,0.2886

797.6900,2.0716,5.3959,50.5481,0.2884

798.6890,2.0703,5.3908,50.6572,0.2643

799.6890,2.0703,5.3753,50.7138,0.2894

800.6890,2.0683,5.3908,50.8193,0.2762

801.6890,2.0695,5.3959,50.5434,0.2700

802.6900,2.0716,5.3856,50.8179,0.2902

803.6890,2.0718,5.3856,50.5988,0.2790

804.6890,2.0720,5.3753,50.6012,0.2718

805.6890,2.0726,5.3856,50.5426,0.2763

806.6890,2.0722,5.4113,50.6371,0.2884

807.6890,2.0704,5.3496,50.5831,0.2502

808.6890,2.0687,5.3445,50.5872,0.2562

809.6900,2.0687,5.3753,50.6870,0.2903

810.6890,2.0679,5.3702,50.5140,0.2832

811.6890,2.0671,5.3753,50.6211,0.2502

812.6890,2.0669,5.3805,50.8684,0.2865

813.6890,2.0667,5.3805,50.8418,0.2692

814.6890,2.0675,5.3959,50.4218,0.2779

815.6890,2.0671,5.3753,50.4338,0.2839

816.6890,2.0647,5.3496,50.7557,0.2719

817.6890,2.0665,5.3959,50.7836,0.2583

818.6890,2.0681,5.3856,50.4614,0.2781

819.6890,2.0679,5.3702,50.5266,0.2866

820.6890,2.0693,5.4062,50.7128,0.2862

821.6890,2.0691,5.3702,51.0802,0.2937

822.6890,2.0693,5.3856,50.5471,0.2913

823.6890,2.0685,5.3599,50.6157,0.2645

824.6890,2.0697,5.4268,50.7418,0.2793

825.6900,2.0693,5.3650,51.0245,0.2812

826.6890,2.0695,5.3547,50.7270,0.2857

827.6890,2.0691,5.3856,50.6300,0.2883

828.6890,2.0695,5.3959,50.7359,0.2500

829.6900,2.0699,5.3805,51.1600,0.2493

830.6900,2.0695,5.3959,50.9075,0.2679

831.6890,2.0701,5.3856,50.5189,0.2195

832.6890,2.0689,5.3547,50.8967,0.2452

833.6890,2.0695,5.3753,50.9323,0.2116

834.6890,2.0671,5.3650,50.7911,0.2659

835.6890,2.0667,5.3547,50.6968,0.2821

836.6890,2.0671,5.3650,50.7616,0.2838

837.6890,2.0691,5.4371,50.7348,0.2788

838.6890,2.0699,5.4165,50.7407,0.2879

839.6890,2.0691,5.3599,50.8690,0.2734

840.6890,2.0687,5.3856,50.4819,0.2461

841.6900,2.0683,5.3753,50.7668,0.2829

842.6890,2.0703,5.4062,50.9828,0.2779

843.6890,2.0679,5.3136,50.8792,0.2814

844.6890,2.0681,5.3702,50.5272,0.2322

845.6890,2.0691,5.3805,50.5696,0.2805

846.6890,2.0695,5.3753,50.7127,0.2635

847.6890,2.0665,5.3599,50.6444,0.2761

848.6890,2.0669,5.4268,50.7975,0.2876

849.6890,2.0673,5.3702,50.6857,0.2881

850.6890,2.0671,5.3805,50.5801,0.2751

851.6890,2.0671,5.3753,50.8248,0.2886

852.6890,2.0661,5.3805,50.7124,0.2866

853.6890,2.0722,5.4731,50.9922,0.2513

854.6890,2.0714,5.3496,50.7017,0.2655

855.6890,2.0718,5.3908,50.6568,0.2630

856.6890,2.0728,5.4010,50.9213,0.2798

857.6890,2.0736,5.3805,50.7898,0.2826

858.6890,2.0720,5.3856,50.8284,0.2549

859.6890,2.0716,5.3599,50.8069,0.2760

860.6890,2.0706,5.3547,50.6721,0.2868

861.6890,2.0701,5.3599,50.5643,0.2710

862.6890,2.0704,5.3908,50.7014,0.2665

863.6890,2.0667,5.3753,50.5484,0.2778

864.6900,2.0681,5.3856,51.2065,0.2703

865.6890,2.0681,5.3908,50.8147,0.2827

866.6890,2.0677,5.3908,50.6272,0.2777

867.6890,2.0681,5.3908,50.5711,0.2659

868.6890,2.0663,5.3393,50.6582,0.2848

869.6890,2.0677,5.3959,50.9310,0.2822

870.6890,2.0677,5.3547,50.6964,0.2857

871.6890,2.0685,5.3805,50.7170,0.2898

872.6890,2.0685,5.3908,50.8603,0.2902

873.6900,2.0693,5.3959,50.6051,0.2650

874.6890,2.0697,5.3959,50.7972,0.2797

875.6890,2.0701,5.4010,50.7708,0.2798

876.6890,2.0693,5.3702,50.6912,0.2816

877.6890,2.0691,5.3856,50.8931,0.2557

878.6890,2.0710,5.3908,51.0609,0.2591

879.6890,2.0710,5.3959,50.5993,0.2664

880.6890,2.0740,5.4319,50.6706,0.2746

881.6900,2.0740,5.3805,50.9484,0.2471

882.6890,2.0736,5.3805,50.8893,0.2839

883.6890,2.0734,5.3908,50.5567,0.2625

884.6890,2.0738,5.4062,50.6253,0.2871

885.6890,2.0734,5.3908,50.5803,0.2855

886.6890,2.0738,5.3805,50.6639,0.2524

887.6890,2.0738,5.3856,50.6126,0.2736

888.6890,2.0740,5.3959,50.6182,0.2592

889.6890,2.0730,5.3702,50.8313,0.2745

890.6890,2.0704,5.3650,50.6383,0.2442

891.6890,2.0718,5.4165,50.6599,0.2820

892.6890,2.0732,5.4165,50.6444,0.2866

893.6890,2.0732,5.3908,50.5899,0.2808

894.6890,2.0718,5.3702,50.6628,0.2789

895.6890,2.0703,5.3496,50.6331,0.2696

896.6890,2.0704,5.3856,50.4007,0.2747

897.6890,2.0704,5.3856,50.5928,0.2553

898.6890,2.0685,5.3445,50.5662,0.2852

899.6890,2.0687,5.3753,50.8056,0.2781

900.6890,2.0691,5.3753,50.9195,0.2660

901.6890,2.0671,5.3650,50.4806,0.2870

902.6890,2.0661,5.3908,50.6657,0.2854

903.6890,2.0655,5.3753,50.7047,0.2818

904.6890,2.0655,5.3702,50.4810,0.2204

905.6900,2.0685,5.4268,50.6788,0.2890

906.6890,2.0675,5.3599,50.3294,0.2784

907.6890,2.0675,5.3856,50.6552,0.2801

908.6890,2.0693,5.3908,50.8347,0.2568

909.6900,2.0673,5.3239,50.6462,0.2877

910.6890,2.0671,5.3702,50.6278,0.2692

911.6890,2.0673,5.3702,50.7872,0.2692

912.6900,2.0647,5.3239,50.8893,0.2124

913.6890,2.0643,5.3650,50.6260,0.2838

914.6890,2.0635,5.3496,50.5005,0.2795

915.6890,2.0617,5.3805,50.5965,0.2762

916.6890,2.0621,5.3702,51.0827,0.2871

917.6890,2.0621,5.3856,50.7578,0.2527

918.6890,2.0621,5.3908,50.6465,0.2802

919.6890,2.0631,5.3496,50.6747,0.2597

920.6890,2.0639,5.3908,50.5377,0.2755

921.6890,2.0645,5.3856,50.6568,0.2526

922.6890,2.0669,5.3856,50.5768,0.2781

923.6890,2.0673,5.3753,51.3422,0.2764

924.6890,2.0683,5.3753,50.8809,0.2832

925.6890,2.0675,5.3599,50.7998,0.2772

926.6890,2.0663,5.3393,50.6287,0.2774

927.6890,2.0667,5.3959,50.6647,0.2864

928.6890,2.0651,5.3496,50.6159,0.2773

929.6890,2.0655,5.3599,50.9031,0.2528

930.6890,2.0663,5.4113,50.5873,0.2871

931.6890,2.0655,5.3650,50.6759,0.2727

932.6890,2.0637,5.3393,50.4671,0.2865

933.6890,2.0635,5.3702,50.6686,0.2710

934.6890,2.0633,5.3702,50.4441,0.2845

935.6900,2.0645,5.3908,50.5172,0.2892

936.6890,2.0663,5.3856,50.4742,0.2812

937.6900,2.0663,5.3959,50.8087,0.2869

938.6890,2.0665,5.3547,50.6952,0.2770

939.6890,2.0671,5.3753,50.6639,0.2881

940.6890,2.0671,5.4113,50.8746,0.2734

941.6890,2.0681,5.3908,50.7617,0.2875

942.6890,2.0697,5.3805,50.6140,0.2891

943.6890,2.0677,5.3187,50.6418,0.2521

944.6890,2.0697,5.4216,50.8064,0.2882

945.6890,2.0687,5.3650,50.6511,0.2725

946.6890,2.0683,5.3753,50.3157,0.2306

947.6890,2.0677,5.3805,50.6340,0.2844

948.6890,2.0677,5.3547,50.7631,0.2557

949.6900,2.0679,5.3805,50.8231,0.2435

950.6890,2.0663,5.3702,50.4108,0.2702

951.6890,2.0661,5.3856,50.8025,0.2862

952.6890,2.0661,5.3805,50.7322,0.2863

953.6890,2.0673,5.3496,51.0402,0.2541

954.6890,2.0673,5.4216,50.7189,0.1839

955.6890,2.0681,5.3856,50.4208,0.2870

956.6890,2.0695,5.4113,50.7148,0.2747

957.6890,2.0718,5.4422,50.4559,0.2563

958.6890,2.0738,5.4062,50.8116,0.2844

959.6890,2.0740,5.3856,50.6332,0.2884

960.6890,2.0744,5.3805,50.6455,0.2734

961.6890,2.0728,5.3445,50.7260,0.2838

962.6890,2.0734,5.3959,50.6450,0.2654

963.6890,2.0746,5.3805,50.6537,0.2721

964.6890,2.0736,5.3959,50.6669,0.2854

965.6890,2.0756,5.4371,50.7790,0.2675

966.6890,2.0756,5.4113,50.6873,0.2141

967.6890,2.0726,5.3650,50.5780,0.2781

968.6890,2.0726,5.4062,50.5018,0.2571

969.6890,2.0718,5.3650,50.7132,0.2745

970.6890,2.0726,5.4010,50.6067,0.2793

971.6890,2.0746,5.3959,50.8251,0.2782

972.6900,2.0740,5.3805,50.6579,0.2634

973.6890,2.0750,5.4062,50.6036,0.2750

974.6890,2.0748,5.3908,50.7243,0.2826

975.6890,2.0722,5.3702,50.7023,0.2878

976.6890,2.0732,5.4371,50.5991,0.2736

977.6890,2.0734,5.3702,50.6267,0.2753

978.6890,2.0730,5.3959,50.7053,0.2910

979.6890,2.0724,5.3496,50.8139,0.2739

980.6900,2.0703,5.3445,50.6456,0.2690

981.6890,2.0693,5.3702,50.8572,0.2453

982.6890,2.0691,5.3753,50.5251,0.2800

983.6890,2.0679,5.3753,50.8287,0.2763

984.6900,2.0689,5.4165,50.6918,0.2184

985.6890,2.0701,5.4010,50.6111,0.2700

986.6890,2.0695,5.4216,50.7693,0.2647

987.6890,2.0699,5.3805,51.0492,0.2562

988.6890,2.0693,5.3805,50.7241,0.2711

989.6890,2.0675,5.3033,50.7224,0.2677

990.6890,2.0699,5.4062,50.4612,0.2082

991.6890,2.0704,5.3856,50.8001,0.2645

992.6890,2.0685,5.3239,50.7726,0.2792

993.6890,2.0685,5.3753,50.8193,0.2215

994.6890,2.0657,5.3445,50.4579,0.2450

995.6890,2.0645,5.3702,50.5508,0.2808

996.6890,2.0635,5.3959,50.6465,0.2338

997.6890,2.0641,5.3959,50.7938,0.2810

998.6890,2.0641,5.3805,50.6368,0.2881

999.6890,2.0685,5.4165,51.0982,0.2786

1000.6890,2.0675,5.3805,50.7444,0.2809

1001.6890,2.0667,5.3650,50.6572,0.2764

1002.6890,2.0691,5.3856,50.6561,0.2756

1003.6890,2.0701,5.4010,50.7517,0.2773

1004.6890,2.0722,5.4010,50.7013,0.2851

1005.6890,2.0726,5.3805,50.5294,0.2784

1006.6890,2.0728,5.4010,50.6606,0.2742

1007.6890,2.0724,5.3856,50.8574,0.2704

1008.6890,2.0728,5.3908,50.7746,0.2780

1009.6890,2.0716,5.3856,50.6693,0.2648

1010.6890,2.0706,5.3547,50.5871,0.2831

1011.6900,2.0699,5.3445,50.7162,0.2833

1012.6890,2.0683,5.3445,50.7035,0.2876

1013.6890,2.0677,5.3856,50.8115,0.2729

1014.6890,2.0671,5.3856,50.7918,0.2875

1015.6890,2.0685,5.4165,50.7347,0.2763

1016.6890,2.0679,5.3856,50.6157,0.2624

1017.6890,2.0683,5.3959,51.0079,0.2851

1018.6890,2.0683,5.3908,51.1362,0.2070

1019.6890,2.0689,5.4010,50.5185,0.2322

1020.6890,2.0685,5.3445,50.6408,0.2886

1021.6890,2.0695,5.3702,50.4707,0.2719

1022.6890,2.0714,5.3959,50.6822,0.2758

1023.6890,2.0724,5.4113,50.7814,0.2830

1024.6890,2.0720,5.3753,50.6987,0.2572

1025.6890,2.0706,5.3805,50.9375,0.2863

1026.6890,2.0704,5.3805,50.7548,0.2856

1027.6890,2.0691,5.3599,50.5782,0.2759

1028.6890,2.0681,5.3650,50.5263,0.2827

1029.6890,2.0655,5.3342,50.8203,0.2574

1030.6890,2.0677,5.4010,50.9906,0.2057

1031.6890,2.0685,5.3908,50.5041,0.2763

1032.6890,2.0679,5.3805,50.9078,0.2698

1033.6890,2.0667,5.3805,50.7063,0.2749

1034.6890,2.0677,5.4010,50.7164,0.2849

1035.6890,2.0673,5.3702,50.8693,0.2863

1036.6890,2.0649,5.3187,50.4918,0.2478

1037.6890,2.0661,5.3908,50.6317,0.2883

1038.6890,2.0673,5.3959,50.4876,0.2873

1039.6890,2.0697,5.3959,50.6461,0.2676

1040.6890,2.0689,5.3805,50.7518,0.2600

1041.6890,2.0697,5.4113,50.4696,0.2653

1042.6890,2.0693,5.3702,50.7208,0.2896

1043.6890,2.0693,5.3805,50.6722,0.2879

1044.6890,2.0683,5.3753,50.6552,0.2480

1045.6900,2.0685,5.3753,50.5544,0.2690

1046.6890,2.0714,5.3959,50.6673,0.2876

1047.6890,2.0695,5.3393,50.7396,0.2381

1048.6890,2.0679,5.3547,50.4092,0.2405

1049.6890,2.0683,5.4062,50.6057,0.2811

1050.6900,2.0689,5.3959,50.7699,0.2531

1051.6890,2.0669,5.3599,50.6928,0.2812

1052.6890,2.0671,5.3753,50.6935,0.2495

1053.6890,2.0669,5.3753,50.6547,0.2412

1054.6890,2.0667,5.3702,50.6007,0.2871

1055.6900,2.0667,5.3753,50.6376,0.2912

1056.6890,2.0659,5.3753,50.7177,0.2634

1057.6890,2.0679,5.3908,50.6024,0.2730

1058.6890,2.0693,5.3908,50.6193,0.2843

1059.6890,2.0687,5.3908,50.6896,0.2520

1060.6900,2.0683,5.3856,50.8303,0.2524

1061.6890,2.0697,5.3959,50.8266,0.2714

1062.6900,2.0699,5.3805,50.6739,0.2679

1063.6900,2.0718,5.4268,50.4764,0.2860

1064.6890,2.0730,5.4010,50.6020,0.2594

1065.6890,2.0746,5.4165,50.6574,0.2776

1066.6900,2.0754,5.3959,50.4593,0.2704

1067.6900,2.0744,5.3650,50.5541,0.2886

1068.6890,2.0742,5.3856,50.7629,0.2894

1069.6890,2.0750,5.4113,50.6035,0.2810

1070.6900,2.0750,5.3856,50.7349,0.2764

1071.6900,2.0744,5.3805,50.4383,0.2479

1072.6900,2.0740,5.3702,50.3064,0.2719

1073.6890,2.0732,5.4062,50.6905,0.2597

1074.6890,2.0734,5.4062,50.8084,0.2826

1075.6890,2.0718,5.3753,50.8673,0.2435

1076.6890,2.0720,5.4010,50.6943,0.2621

1077.6890,2.0746,5.4319,50.6795,0.2891

1078.6890,2.0746,5.3856,50.5139,0.2396

1079.6890,2.0744,5.4062,50.5201,0.2879

1080.6890,2.0762,5.4319,50.5457,0.2796

1081.6890,2.0772,5.4062,50.5565,0.2890

1082.6890,2.0788,5.4113,50.8486,0.2031

1083.6890,2.0800,5.4371,50.5976,0.2883

1084.6890,2.0800,5.4062,50.4748,0.2871

1085.6890,2.0806,5.3908,50.6390,0.2495

1086.6890,2.0806,5.4010,50.6205,0.2908

1087.6890,2.0788,5.3856,50.6190,0.2819

1088.6890,2.0796,5.4062,50.8110,0.2825

1089.6890,2.0780,5.3650,50.5156,0.2799

1090.6890,2.0762,5.3856,50.4407,0.2673

1091.6890,2.0750,5.3753,51.1031,0.2654

1092.6890,2.0742,5.3908,50.8102,0.2584

1093.6890,2.0718,5.3753,50.6252,0.2629

1094.6890,2.0706,5.3753,50.5675,0.2912

1095.6890,2.0710,5.4010,50.9751,0.2560

1096.6890,2.0706,5.3908,50.4978,0.2434

1097.6890,2.0716,5.4113,50.6353,0.2914

1098.6890,2.0685,5.3239,50.5789,0.2833

1099.6890,2.0685,5.3650,50.7530,0.2914

1100.6890,2.0675,5.3599,50.5645,0.2612

1101.6890,2.0669,5.3599,50.6361,0.2445

1102.6890,2.0659,5.3650,50.6921,0.2776

1103.6890,2.0661,5.3805,50.6758,0.2769

1104.6900,2.0661,5.3753,50.8246,0.2896

1105.6890,2.0649,5.3702,50.7755,0.2465

1106.6890,2.0661,5.4216,50.7677,0.2773

1107.6890,2.0649,5.3805,50.8694,0.2434

1108.6890,2.0667,5.3702,50.7254,0.2892

1109.6890,2.0671,5.3753,50.6485,0.2799

1110.6890,2.0691,5.4113,50.5179,0.2641

1111.6890,2.0703,5.3908,50.5977,0.2903

1112.6890,2.0752,5.4937,50.6503,0.2880

1113.6890,2.0766,5.4165,50.5809,0.2819

1114.6890,2.0766,5.3753,50.4316,0.2306

1115.6890,2.0774,5.3908,50.6446,0.2809

1116.6890,2.0766,5.4010,50.8231,0.2458

1117.6890,2.0762,5.3702,50.6064,0.2624

1118.6890,2.0768,5.3856,50.3756,0.2854

1119.6890,2.0764,5.3650,50.6558,0.2857

1120.6890,2.0762,5.4062,50.6713,0.2597

1121.6900,2.0772,5.4165,51.0487,0.1826

1122.6890,2.0736,5.4010,50.5375,0.2760

1123.6890,2.0730,5.4010,51.0240,0.2816

1124.6890,2.0756,5.4422,50.7418,0.2903

1125.6890,2.0760,5.4010,50.5717,0.2885

1126.6890,2.0760,5.4010,50.3952,0.2501

1127.6900,2.0770,5.3959,50.6290,0.2555

1128.6890,2.0768,5.3805,50.6547,0.2791

1129.6890,2.0780,5.3959,50.6704,0.2814

1130.6890,2.0766,5.3702,50.8511,0.2718

1131.6890,2.0756,5.3908,50.4723,0.2818

1132.6890,2.0740,5.3599,50.4020,0.2714

1133.6890,2.0730,5.3753,50.6345,0.2851

1134.6890,2.0712,5.3959,50.8233,0.2470

1135.6890,2.0697,5.3599,50.6439,0.2744

1136.6890,2.0679,5.3547,50.4858,0.2362

1137.6890,2.0685,5.4113,50.5815,0.2591

1138.6890,2.0669,5.3393,50.6779,0.2785

1139.6890,2.0659,5.3702,50.5674,0.2660

1140.6890,2.0671,5.4010,50.5178,0.2883

1141.6890,2.0669,5.3856,50.6576,0.2579

1142.6890,2.0673,5.3702,50.6581,0.2848

1143.6890,2.0673,5.3753,50.7714,0.2827

1144.6890,2.0633,5.2930,50.5738,0.2854

1145.6890,2.0679,5.4782,50.5968,0.2646

1146.6890,2.0689,5.3805,50.5304,0.2792

1147.6890,2.0693,5.4216,50.7144,0.2869

1148.6890,2.0675,5.2930,50.5640,0.2635

1149.6890,2.0689,5.4062,50.5556,0.2864

1150.6890,2.0673,5.3599,50.5783,0.2333

1151.6890,2.0669,5.3753,50.4098,0.2658

1152.6890,2.0663,5.3547,50.8027,0.2732

1153.6890,2.0665,5.3805,50.7426,0.2870

1154.6890,2.0691,5.3599,50.8619,0.2389

1155.6890,2.0659,5.3959,50.3669,0.2539

1156.6890,2.0645,5.3445,50.6575,0.2828

1157.6900,2.0633,5.3908,50.6367,0.2869

1158.6890,2.0663,5.3702,51.1348,0.2445

1159.6890,2.0645,5.3599,50.7676,0.2819

1160.6890,2.0639,5.3445,50.7935,0.2063

1161.6890,2.0655,5.4165,50.7370,0.2724

1162.6890,2.0661,5.3702,50.7892,0.2723

1163.6900,2.0661,5.3805,50.6637,0.2882

1164.6890,2.0661,5.3599,50.5990,0.2537

1165.6890,2.0655,5.3805,50.7852,0.2257

1166.6890,2.0677,5.4010,51.1537,0.2643

1167.6890,2.0691,5.4268,51.1062,0.2621

1168.6900,2.0685,5.3547,50.7076,0.2883

1169.6890,2.0687,5.3650,50.6017,0.2517

1170.6890,2.0708,5.4010,50.6066,0.2883

1171.6890,2.0701,5.3959,50.8059,0.2881

1172.6890,2.0712,5.4010,50.8486,0.2643

1173.6890,2.0718,5.3959,50.5244,0.2788

1174.6890,2.0722,5.3702,50.6642,0.2870

1175.6890,2.0734,5.4113,50.7428,0.2666

1176.6890,2.0720,5.3650,50.3660,0.2708

1177.6890,2.0704,5.3856,50.4933,0.2858

1178.6890,2.0708,5.3650,50.7204,0.2770

1179.6890,2.0730,5.4216,50.7970,0.2647

1180.6890,2.0732,5.4062,50.6880,0.2634

1181.6890,2.0728,5.3856,50.4820,0.2768

1182.6890,2.0716,5.3702,50.7898,0.2629

1183.6890,2.0708,5.3753,50.5605,0.2606

1184.6900,2.0699,5.3445,50.6466,0.2848

1185.6890,2.0693,5.3959,50.6445,0.2718

1186.6900,2.0701,5.3856,50.6217,0.2714

1187.6890,2.0703,5.3908,50.4264,0.2859

1188.6890,2.0714,5.3959,50.6721,0.2237

1189.6890,2.0706,5.4010,50.6303,0.2567

1190.6900,2.0708,5.4113,51.0719,0.2892

1191.6890,2.0708,5.3856,51.0272,0.2823

1192.6900,2.0714,5.3856,50.6274,0.2890

1193.6890,2.0716,5.3805,50.5361,0.2844

1194.6900,2.0726,5.3702,50.4173,0.2782

1195.6890,2.0718,5.3753,50.5475,0.2864

1196.6890,2.0704,5.3496,51.0269,0.2257

1197.6890,2.0693,5.3599,50.5760,0.2812

1198.6890,2.0691,5.3908,50.5380,0.2520

1199.6890,2.0681,5.3753,50.5837,0.2837

1200.6890,2.0665,5.3702,50.8618,0.2859

1201.6890,2.0651,5.3496,50.5807,0.2635

1202.6890,2.0643,5.3650,50.4755,0.2829

1203.6890,2.0637,5.3650,50.6118,0.2559

1204.6890,2.0657,5.4216,50.6262,0.2865

1205.6890,2.0655,5.3702,50.5110,0.2903

1206.6890,2.0683,5.4216,50.8334,0.2896

1207.6890,2.0693,5.3856,50.6269,0.2569

1208.6890,2.0695,5.3959,51.1143,0.2321

1209.6890,2.0697,5.3805,51.1643,0.1692

1210.6890,2.0697,5.3702,50.8496,0.2737

1211.6890,2.0720,5.4113,50.8302,0.2865

1212.6890,2.0720,5.3650,50.5925,0.2816

1213.6890,2.0738,5.4113,50.5883,0.2715

1214.6890,2.0718,5.3702,51.1903,0.2734

1215.6890,2.0724,5.3856,50.5800,0.2738

1216.6890,2.0718,5.4062,50.7351,0.2753

1217.6890,2.0722,5.3959,50.5410,0.2707

1218.6890,2.0706,5.3547,50.1094,0.2803

1219.6890,2.0710,5.3908,50.6385,0.2851

1220.6890,2.0734,5.4319,50.7344,0.2812

1221.6890,2.0730,5.4010,50.8490,0.2575

1222.6890,2.0740,5.3908,50.5354,0.2870

1223.6890,2.0746,5.4268,50.6945,0.2905

1224.6890,2.0764,5.4165,50.6423,0.2859

1225.6890,2.0768,5.3959,51.2033,0.2562

1226.6890,2.0776,5.4268,50.8778,0.2232

1227.6890,2.0774,5.3908,50.6456,0.2705

1228.6890,2.0786,5.3856,50.6054,0.2771

1229.6890,2.0778,5.3702,50.5517,0.2860

1230.6890,2.0760,5.3856,50.8594,0.2565

1231.6890,2.0750,5.3753,50.6170,0.2771

1232.6890,2.0758,5.4113,50.5055,0.2546

1233.6890,2.0740,5.3805,50.7180,0.2730

1234.6890,2.0728,5.3856,50.7526,0.2714

1235.6890,2.0730,5.4010,50.7153,0.2509

1236.6890,2.0697,5.3393,50.7546,0.2850

1237.6890,2.0697,5.3908,50.4629,0.2491

1238.6890,2.0703,5.4010,51.0669,0.2834

1239.6890,2.0708,5.3856,50.5956,0.2457

1240.6890,2.0714,5.4010,50.7150,0.2828

1241.6890,2.0720,5.3908,50.5407,0.2829

1242.6890,2.0712,5.3908,50.6063,0.2638

1243.6890,2.0720,5.4010,50.8689,0.2088

1244.6890,2.0738,5.4319,50.7332,0.2711

1245.6890,2.0730,5.3805,51.1222,0.2849

1246.6890,2.0752,5.3959,50.8412,0.1902

1247.6890,2.0760,5.4113,50.6879,0.2862

1248.6890,2.0756,5.3908,50.7494,0.2846

1249.6890,2.0750,5.3702,50.6523,0.2825

1250.6890,2.0740,5.3753,50.6672,0.2766

1251.6890,2.0742,5.3959,50.8640,0.2842

1252.6900,2.0736,5.3753,50.5495,0.2666

1253.6890,2.0734,5.3959,50.8515,0.2726

1254.6890,2.0708,5.3650,50.6783,0.2435

1255.6900,2.0706,5.3753,50.5575,0.2866

1256.6890,2.0706,5.3959,50.7016,0.2783

1257.6890,2.0695,5.3805,50.4826,0.2793

1258.6890,2.0699,5.4010,50.5943,0.2717

1259.6890,2.0691,5.3496,50.4930,0.2686

1260.6890,2.0695,5.3856,50.7102,0.2077

1261.6890,2.0693,5.3908,50.4825,0.2853

1262.6890,2.0701,5.3959,50.5965,0.2764

1263.6890,2.0701,5.3959,50.5420,0.2779

1264.6890,2.0722,5.4216,50.7254,0.2801

1265.6890,2.0758,5.4679,50.8094,0.2625

1266.6890,2.0770,5.4268,50.7838,0.2864

1267.6890,2.0780,5.4062,50.7798,0.2743

1268.6890,2.0766,5.3650,50.6901,0.2827

1269.6890,2.0794,5.4216,50.5602,0.2778

1270.6890,2.0804,5.4113,50.6193,0.2662

1271.6890,2.0810,5.4062,50.5186,0.2766

1272.6890,2.0820,5.4216,50.8223,0.2202

1273.6900,2.0830,5.4216,50.6388,0.2741

1274.6900,2.0834,5.4319,50.5333,0.2820

1275.6890,2.0824,5.4422,50.7900,0.2772

1276.6890,2.0822,5.4216,50.5563,0.2582

1277.6890,2.0828,5.4216,50.8005,0.2629

1278.6890,2.0861,5.4525,50.6988,0.2546

1279.6890,2.0855,5.4062,50.5754,0.2784

1280.6890,2.0851,5.4010,50.5361,0.2833

1281.6890,2.0857,5.4216,50.6440,0.2802

1282.6890,2.0855,5.4165,50.8605,0.2459

1283.6890,2.0855,5.4216,50.7206,0.2787

1284.6890,2.0861,5.4474,50.9560,0.2862

1285.6890,2.0857,5.4319,51.0013,0.2170

1286.6890,2.0859,5.4268,50.8215,0.2849

1287.6890,2.0865,5.4371,50.7980,0.2658

1288.6890,2.0867,5.4576,50.6855,0.2869

1289.6890,2.0897,5.4834,50.5168,0.2875

1290.6890,2.0899,5.4062,50.7944,0.2764

1291.6890,2.0889,5.3959,50.5749,0.2764

1292.6900,2.0887,5.4113,50.6501,0.2734

1293.6890,2.0889,5.4268,50.5851,0.2491

1294.6890,2.0883,5.4319,50.5664,0.2649

1295.6890,2.0885,5.4371,50.7271,0.2845

1296.6890,2.0887,5.4319,50.7808,0.2817

1297.6890,2.0887,5.4371,50.6569,0.2679

1298.6900,2.0869,5.4113,50.6940,0.2771

1299.6890,2.0847,5.4268,50.7723,0.2908

1300.6890,2.0849,5.4113,50.8530,0.2796

1301.6890,2.0851,5.4010,50.6613,0.2149

1302.6890,2.0846,5.3959,50.8094,0.2803

1303.6890,2.0844,5.4216,50.5515,0.2775

1304.6890,2.0826,5.3856,50.5125,0.2781

1305.6890,2.0818,5.4165,50.6377,0.2861

1306.6890,2.0804,5.3959,50.5668,0.2727

1307.6890,2.0794,5.4113,50.7003,0.2915

1308.6900,2.0808,5.4474,50.7276,0.2382

1309.6890,2.0792,5.3856,50.8136,0.2566

1310.6890,2.0796,5.4216,50.6277,0.2426

1311.6890,2.0798,5.4062,50.9790,0.2517

1312.6890,2.0806,5.4165,50.6455,0.2768

1313.6890,2.0806,5.4216,50.7091,0.2705

1314.6890,2.0826,5.4371,50.6482,0.2906

1315.6890,2.0826,5.4165,51.0869,0.2673

1316.6890,2.0840,5.4319,50.8153,0.2819

1317.6900,2.0838,5.4062,50.5262,0.2848

1318.6890,2.0832,5.4319,50.6256,0.2895

1319.6890,2.0844,5.4165,50.8966,0.2663

1320.6900,2.0840,5.4113,50.7823,0.2840

1321.6890,2.0846,5.4216,50.8299,0.2746

1322.6890,2.0851,5.4319,50.5208,0.2879

1323.6890,2.0853,5.4268,50.5166,0.2822

1324.6890,2.0844,5.4113,50.6126,0.2838

1325.6890,2.0840,5.4062,50.6275,0.2686

1326.6890,2.0828,5.4010,50.6855,0.2444

1327.6890,2.0838,5.4319,50.5320,0.2578

1328.6900,2.0842,5.4422,50.7693,0.2429

1329.6890,2.0836,5.4010,50.8988,0.2880

1330.6890,2.0873,5.5091,50.6293,0.2764

1331.6890,2.0875,5.4268,50.5221,0.2686

1332.6890,2.0871,5.4216,50.6826,0.2702

1333.6890,2.0853,5.3805,50.6938,0.2457

1334.6900,2.0863,5.4371,50.6755,0.2826

1335.6900,2.0863,5.4062,50.7076,0.2870

1336.6890,2.0875,5.4319,50.5174,0.2687

1337.6890,2.0873,5.4268,50.6653,0.2892

1338.6890,2.0863,5.4165,50.5376,0.1934

1339.6890,2.0867,5.4113,50.5697,0.2772

1340.6890,2.0834,5.4216,50.9895,0.2509

1341.6890,2.0814,5.3753,50.6594,0.2570

1342.6890,2.0834,5.4731,50.8028,0.2590

1343.6890,2.0851,5.4268,50.5209,0.2733

1344.6890,2.0830,5.3805,50.7525,0.2857

1345.6890,2.0834,5.4165,50.4909,0.2782

1346.6890,2.0828,5.4165,50.7363,0.2477

1347.6890,2.0822,5.4113,50.8042,0.2786

1348.6890,2.0820,5.4113,50.6664,0.2435

1349.6890,2.0818,5.4062,50.5195,0.2828

1350.6890,2.0802,5.3805,50.8875,0.2874

1351.6890,2.0842,5.4782,50.6764,0.2566

1352.6890,2.0820,5.4165,50.6388,0.2817

1353.6890,2.0814,5.4113,50.5439,0.2915

1354.6900,2.0830,5.4216,50.4323,0.2417

1355.6900,2.0830,5.4165,50.7123,0.2782

1356.6890,2.0830,5.4165,50.7701,0.2843

1357.6890,2.0836,5.4268,50.6783,0.2530

1358.6900,2.0834,5.4062,50.6413,0.2741

1359.6890,2.0838,5.4165,50.9008,0.2741

1360.6890,2.0844,5.3959,50.7207,0.2892

1361.6890,2.0830,5.4422,50.7558,0.2836

1362.6890,2.0836,5.4319,50.5960,0.2296

1363.6890,2.0844,5.4319,50.8827,0.2515

1364.6890,2.0842,5.4165,50.4743,0.2748

1365.6890,2.0849,5.4371,50.6929,0.2445

1366.6890,2.0851,5.4216,50.7831,0.2817

1367.6890,2.0846,5.4113,50.7262,0.2803

1368.6890,2.0855,5.4319,50.6686,0.2658

1369.6890,2.0851,5.4062,50.4415,0.2484

1370.6890,2.0851,5.3959,50.7698,0.2676

1371.6900,2.0846,5.4268,50.9023,0.2771

1372.6890,2.0838,5.4113,50.7192,0.2825

1373.6900,2.0863,5.4988,50.8113,0.2392

1374.6890,2.0865,5.4216,50.7030,0.2813

1375.6890,2.0861,5.4268,50.5628,0.2782

1376.6890,2.0846,5.3805,50.4557,0.2532

1377.6890,2.0861,5.4525,50.6994,0.2356

1378.6890,2.0849,5.4010,50.9108,0.2878

1379.6890,2.0857,5.4268,51.0075,0.2719

1380.6890,2.0883,5.4628,50.5231,0.2620

1381.6890,2.0877,5.4113,50.6428,0.2842

1382.6890,2.0883,5.4268,50.7105,0.2882

1383.6890,2.0857,5.4319,50.9925,0.2866

1384.6890,2.0857,5.4216,50.7185,0.2298

1385.6890,2.0846,5.3959,50.5440,0.2861

1386.6890,2.0847,5.3856,50.9358,0.2851

1387.6890,2.0836,5.4216,50.5410,0.2728

1388.6890,2.0844,5.4216,50.6364,0.2909

1389.6890,2.0847,5.4371,50.8012,0.2919

1390.6890,2.0828,5.4113,50.6979,0.2801

1391.6890,2.0830,5.4165,51.0563,0.2738

1392.6890,2.0818,5.3959,50.7457,0.2814

1393.6900,2.0800,5.3856,50.7418,0.2442

1394.6890,2.0802,5.4268,50.8725,0.2748

1395.6890,2.0802,5.3959,50.6452,0.2500

1396.6890,2.0788,5.3496,50.7272,0.2762

1397.6900,2.0766,5.3650,50.7442,0.2857

1398.6890,2.0772,5.4371,50.5363,0.2797

1399.6890,2.0778,5.4525,50.6737,0.2607

1400.6890,2.0772,5.3959,50.2312,0.2260

1401.6890,2.0784,5.4474,51.0489,0.2501

1402.6890,2.0796,5.4268,50.5081,0.2791

1403.6890,2.0802,5.4010,50.7037,0.2548

1404.6890,2.0748,5.2879,50.6225,0.2902

1405.6890,2.0764,5.4371,50.8618,0.2540

1406.6900,2.0794,5.4268,50.4555,0.2803

1407.6890,2.0824,5.4422,51.0170,0.2673

1408.6890,2.0808,5.3959,50.6040,0.2485

1409.6890,2.0804,5.4422,50.7505,0.2862

1410.6890,2.0820,5.4371,50.6294,0.2730

1411.6890,2.0812,5.4268,50.5646,0.2893

1412.6890,2.0814,5.4319,50.6601,0.2786

1413.6890,2.0818,5.4113,50.6474,0.2768

1414.6890,2.0871,5.4268,50.5179,0.2598

1415.6890,2.0855,5.3959,50.6175,0.2841

1416.6890,2.0853,5.4216,50.5576,0.2526

1417.6890,2.0842,5.4113,50.9245,0.2753

1418.6890,2.0849,5.4165,50.6096,0.2847

1419.6890,2.0842,5.4216,50.4774,0.2862

1420.6890,2.0838,5.4268,50.5513,0.2851

1421.6890,2.0830,5.4062,50.5975,0.2910

1422.6890,2.0824,5.4165,50.7522,0.2654

1423.6890,2.0830,5.4268,50.6211,0.2608

1424.6890,2.0824,5.4113,50.5834,0.2689

1425.6890,2.0838,5.4319,50.6343,0.2489

1426.6900,2.0838,5.4216,50.8442,0.2577

1427.6890,2.0806,5.3290,50.4544,0.2442

1428.6890,2.0814,5.4371,50.7597,0.2864

1429.6900,2.0808,5.4062,50.9085,0.2532

1430.6890,2.0800,5.4062,50.5551,0.2621

1431.6890,2.0804,5.4165,50.5385,0.2714

1432.6900,2.0808,5.4268,50.9435,0.2586

1433.6900,2.0814,5.4422,50.6989,0.2714

1434.6890,2.0818,5.4216,50.5515,0.2899

1435.6890,2.0808,5.4062,50.4898,0.2867

1436.6890,2.0816,5.4422,50.5091,0.2647

1437.6900,2.0849,5.4165,51.0464,0.2780

1438.6890,2.0859,5.4628,50.4164,0.2811

1439.6890,2.0873,5.4422,50.7042,0.2820

1440.6890,2.0879,5.4216,50.4546,0.2895

1441.6890,2.0891,5.4474,50.5802,0.2736

1442.6890,2.0891,5.4268,50.8069,0.2473

1443.6890,2.0887,5.4319,50.5674,0.2591

1444.6890,2.0895,5.4422,50.5986,0.2850

1445.6890,2.0901,5.4216,50.6042,0.2848

1446.6890,2.0893,5.4216,50.6903,0.2778

1447.6890,2.0917,5.4782,50.8254,0.2807

1448.6890,2.0913,5.4525,50.6805,0.2776

1449.6890,2.0881,5.3599,50.5376,0.2870

1450.6890,2.0889,5.4422,50.7486,0.2717

1451.6890,2.0879,5.4216,50.7276,0.2899

1452.6890,2.0871,5.4062,50.9475,0.2436

1453.6890,2.0853,5.3856,50.5183,0.2875

1454.6900,2.0842,5.4113,50.6049,0.2757

1455.6890,2.0857,5.4628,50.6536,0.2498

1456.6890,2.0861,5.4319,50.6208,0.2674

1457.6890,2.0838,5.4165,50.5606,0.2638

1458.6900,2.0826,5.4216,50.7968,0.2903

1459.6890,2.0853,5.4319,50.6066,0.2781

1460.6890,2.0863,5.4679,50.7687,0.2689

1461.6890,2.0865,5.4268,50.5779,0.2828

1462.6890,2.0879,5.4422,50.5755,0.2839

1463.6890,2.0903,5.4474,50.5529,0.2829

1464.6890,2.0905,5.4165,50.4881,0.2775

1465.6890,2.0897,5.4422,50.6055,0.2573

1466.6890,2.0875,5.3753,50.7568,0.2821

1467.6890,2.0895,5.4679,50.6213,0.2685

1468.6900,2.0893,5.4165,50.5687,0.2776

1469.6890,2.0885,5.4113,50.6144,0.2656

1470.6890,2.0863,5.4113,51.0064,0.2594

1471.6890,2.0873,5.4525,51.0049,0.2482

1472.6890,2.0861,5.4113,50.6816,0.2416

1473.6890,2.0853,5.4268,50.5642,0.2786

1474.6900,2.0851,5.4113,50.4762,0.1888

1475.6890,2.0844,5.4216,50.7346,0.2620

1476.6890,2.0873,5.4525,50.5658,0.2805

1477.6890,2.0851,5.4113,50.5250,0.2140

1478.6890,2.0853,5.4216,50.7888,0.2815

1479.6890,2.0859,5.4268,50.5389,0.2820

1480.6900,2.0869,5.4371,50.7227,0.2867

1481.6890,2.0861,5.4319,50.4556,0.2529

1482.6890,2.0844,5.3650,50.9849,0.2822

1483.6890,2.0836,5.4062,50.5484,0.2861

1484.6890,2.0847,5.4422,50.6155,0.2738

1485.6890,2.0853,5.4371,50.7161,0.2866

1486.6890,2.0857,5.4628,50.8327,0.2384

1487.6900,2.0851,5.3959,50.8230,0.2316

1488.6890,2.0861,5.4474,50.6425,0.2833

1489.6890,2.0851,5.4010,50.5351,0.2677

1490.6890,2.0873,5.4937,50.8497,0.2584

1491.6890,2.0883,5.4576,50.7472,0.2832

1492.6890,2.0915,5.4474,50.6418,0.1868

1493.6890,2.0927,5.4371,50.6289,0.2615

1494.6890,2.0915,5.4113,50.6507,0.2826

1495.6890,2.0907,5.4165,50.7162,0.2822

1496.6900,2.0879,5.3908,50.4553,0.2649

1497.6890,2.0897,5.4422,50.5848,0.2754

1498.6890,2.0901,5.4576,50.3948,0.2677

1499.6890,2.0897,5.3908,50.8435,0.2890

1500.6890,2.0869,5.4216,50.5460,0.2545

1501.6890,2.0859,5.4319,50.6270,0.2652

1502.6890,2.0849,5.4216,50.8000,0.2888

1503.6890,2.0842,5.4165,50.7149,0.2833

1504.6890,2.0851,5.4371,50.5025,0.2638

1505.6890,2.0855,5.4268,50.7263,0.2789

1506.6890,2.0881,5.4576,50.6176,0.2596

1507.6890,2.0895,5.4782,50.8021,0.2865

1508.6890,2.0915,5.5091,50.7653,0.2687

1509.6890,2.0923,5.4113,50.6988,0.2697

1510.6890,2.0909,5.3856,50.6697,0.2737

1511.6890,2.0911,5.4371,50.5135,0.2790

1512.6890,2.0905,5.4062,50.5817,0.2795

1513.6890,2.0915,5.4422,51.0251,0.2479

1514.6890,2.0917,5.4422,50.5270,0.2729

1515.6890,2.0929,5.4576,50.6751,0.2813

1516.6890,2.0927,5.4525,50.6530,0.2366

1517.6890,2.0907,5.4268,50.4720,0.2841

1518.6900,2.0875,5.4268,50.8602,0.2833

1519.6890,2.0893,5.4576,50.8301,0.2822

1520.6890,2.0899,5.4010,50.7857,0.2865

1521.6900,2.0907,5.4576,51.0803,0.2017

1522.6890,2.0921,5.4422,50.9029,0.2902

1523.6890,2.0933,5.4731,50.4715,0.2233

1524.6890,2.0931,5.4371,50.5752,0.2430

1525.6890,2.0905,5.3908,50.5469,0.2486

1526.6900,2.0907,5.4576,50.5927,0.2580

1527.6890,2.0909,5.4319,50.7063,0.2517

1528.6890,2.0929,5.4782,50.7277,0.2735

1529.6890,2.0925,5.4474,50.8629,0.2739

1530.6890,2.0947,5.4576,51.0412,0.2123

1531.6890,2.0949,5.4628,50.8566,0.2812

1532.6890,2.0951,5.4474,50.5808,0.2877

1533.6890,2.0943,5.4525,50.6432,0.2372

1534.6890,2.0945,5.4422,50.6649,0.2780

1535.6890,2.0967,5.4474,50.6692,0.2837

1536.6890,2.0957,5.4319,51.2464,0.2599

1537.6890,2.0955,5.4268,50.6395,0.2752

1538.6890,2.0941,5.4422,50.5271,0.2750

1539.6890,2.0983,5.5554,50.7784,0.2853

1540.6890,2.0981,5.4525,51.1093,0.2849

1541.6890,2.0985,5.4731,50.7044,0.2789

1542.6890,2.1022,5.5451,50.5593,0.2879

1543.6890,2.1034,5.4834,50.5999,0.2740

1544.6890,2.1046,5.4731,50.6995,0.2879

1545.6890,2.1036,5.4216,50.4264,0.2766

1546.6890,2.1040,5.4422,50.8585,0.2893

1547.6890,2.1050,5.4525,50.4524,0.2603

1548.6890,2.1056,5.4576,50.9470,0.2896

1549.6890,2.1016,5.4525,50.5848,0.2670

1550.6900,2.1006,5.4268,50.4764,0.2426

1551.6890,2.0996,5.4474,50.5068,0.2781

1552.6890,2.0965,5.4628,50.6322,0.2710

1553.6890,2.0953,5.4525,50.4976,0.2595

1554.6900,2.0949,5.4628,50.3643,0.2190

1555.6890,2.0967,5.4679,50.8977,0.2910

1556.6890,2.0951,5.4010,50.7907,0.2873

1557.6890,2.0947,5.4422,50.7265,0.2894

1558.6890,2.0941,5.4422,51.1883,0.2308

1559.6890,2.0957,5.4937,50.6083,0.2786

1560.6890,2.0961,5.4371,50.6384,0.2444

1561.6890,2.0957,5.4371,50.7089,0.2405

1562.6890,2.0963,5.4782,50.5627,0.2760

1563.6890,2.0959,5.4422,50.9527,0.2109

1564.6900,2.0961,5.4679,50.6673,0.2503

1565.6890,2.0957,5.4576,50.8087,0.2154

1566.6890,2.0983,5.4679,50.4812,0.2664

1567.6890,2.0957,5.3753,50.5052,0.2847

1568.6890,2.0949,5.4216,50.5590,0.2590

1569.6890,2.0931,5.4474,50.6138,0.2719

1570.6900,2.0931,5.4371,50.2869,0.2735

1571.6890,2.0933,5.4422,50.2862,0.2130

1572.6890,2.0923,5.4525,50.5480,0.2775

1573.6890,2.0931,5.4628,50.8434,0.2058

1574.6890,2.0925,5.4525,50.7374,0.2665

1575.6890,2.0929,5.4679,50.5845,0.2807

1576.6890,2.0897,5.3856,50.6544,0.2741

1577.6900,2.0925,5.4474,50.7107,0.2231

1578.6900,2.0941,5.4628,50.7625,0.2885

1579.6890,2.0949,5.4679,50.5825,0.2768

1580.6900,2.0953,5.4474,50.6733,0.2910

1581.6890,2.0957,5.4525,50.6631,0.2832

1582.6890,2.0967,5.4782,50.6164,0.2724

1583.6890,2.0961,5.4474,50.8825,0.2166

1584.6890,2.0977,5.4937,50.4756,0.2465

1585.6890,2.0971,5.4525,50.5943,0.2884

1586.6890,2.0996,5.4525,50.5932,0.2543

1587.6890,2.0998,5.4525,50.8279,0.2674

1588.6890,2.0992,5.4474,50.6470,0.2570

1589.6890,2.0979,5.4319,51.1400,0.2699

1590.6890,2.0973,5.4319,50.5043,0.2571

1591.6890,2.0977,5.4628,50.5853,0.2776

1592.6890,2.0977,5.4782,50.5841,0.2802

1593.6890,2.0979,5.4525,50.8019,0.2731

1594.6890,2.0963,5.4525,50.6270,0.2707

1595.6890,2.0955,5.4319,50.6194,0.2864

1596.6890,2.0965,5.4782,50.9057,0.2640

1597.6890,2.0963,5.4474,50.7068,0.2762

1598.6890,2.0965,5.4525,50.5962,0.2832

1599.6890,2.0975,5.4576,50.5673,0.2745

1600.6890,2.0965,5.4062,50.6313,0.2518

1601.6890,2.0965,5.4628,50.6966,0.2538

1602.6890,2.0963,5.4731,50.8871,0.2388

1603.6890,2.0963,5.4525,50.5414,0.2892

1604.6890,2.0961,5.4474,50.6447,0.2916

1605.6890,2.0965,5.4422,50.6393,0.2221

1606.6890,2.0957,5.4576,50.8037,0.2743

1607.6890,2.0967,5.4731,50.3183,0.2584

1608.6890,2.0967,5.4525,50.8479,0.2557

1609.6890,2.0967,5.4576,50.7254,0.2851

1610.6900,2.0985,5.4525,50.5135,0.2870

1611.6890,2.0969,5.4216,50.5971,0.2842

1612.6890,2.0959,5.4474,50.5029,0.2837

1613.6890,2.0965,5.4679,50.6347,0.2660

1614.6890,2.0973,5.4679,50.5696,0.2887

1615.6890,2.0981,5.4628,50.5812,0.2790

1616.6900,2.0992,5.4885,50.6305,0.2431

1617.6890,2.0971,5.4165,50.6331,0.2831

1618.6890,2.0955,5.4113,50.7780,0.2704

1619.6900,2.0963,5.4782,50.6783,0.2470

1620.6890,2.0957,5.4371,50.6979,0.2397

1621.6900,2.0967,5.4474,50.2807,0.2303

1622.6890,2.0971,5.4576,50.8317,0.2844

1623.6890,2.0965,5.4525,50.7199,0.2663

1624.6890,2.0959,5.4525,50.8216,0.2832

1625.6890,2.0988,5.5400,50.5792,0.2585

1626.6890,2.0961,5.4165,50.6808,0.2820

1627.6900,2.0977,5.4576,50.7708,0.2858

1628.6890,2.0988,5.4422,50.7496,0.2789

1629.6890,2.0983,5.4628,50.9402,0.2760

1630.6890,2.0985,5.4422,50.5586,0.2271

1631.6900,2.0987,5.4525,50.4776,0.2896

1632.6890,2.0983,5.4474,50.6213,0.2765

1633.6890,2.0979,5.4422,50.6759,0.2766

1634.6890,2.0971,5.4319,50.7387,0.2741

1635.6890,2.0937,5.4525,50.6838,0.2623

1636.6890,2.0957,5.4679,50.4442,0.2661

1637.6900,2.0961,5.4679,50.3657,0.2670

1638.6890,2.0967,5.4576,50.8620,0.2756

1639.6890,2.0973,5.4782,50.6032,0.2532

1640.6890,2.0963,5.4165,50.7021,0.2766

1641.6890,2.0973,5.4782,50.8503,0.2316

1642.6890,2.0977,5.4576,50.3567,0.2128

1643.6890,2.0977,5.4422,50.7557,0.2885

1644.6890,2.0994,5.4782,50.6530,0.2883

1645.6890,2.1008,5.4885,50.8479,0.2693

1646.6900,2.1014,5.4834,50.6054,0.2774

1647.6890,2.1004,5.4422,50.6341,0.2864

1648.6890,2.1000,5.4474,50.7517,0.2769

1649.6890,2.0990,5.4525,50.7462,0.2789

1650.6890,2.0998,5.4371,50.6211,0.2808

1651.6890,2.0998,5.4782,50.8365,0.2063

1652.6900,2.0998,5.4576,50.8632,0.2598

1653.6890,2.0994,5.4319,50.7686,0.2915

1654.6890,2.0987,5.4576,50.5087,0.2609

1655.6890,2.0969,5.4422,51.0492,0.2034

1656.6900,2.0979,5.5091,50.5273,0.2380

1657.6890,2.0979,5.4422,50.6426,0.2870

1658.6890,2.0979,5.4474,50.6968,0.2853

1659.6890,2.0977,5.4474,50.5276,0.2838

1660.6890,2.0975,5.4319,50.6281,0.2781

1661.6890,2.0955,5.4268,50.5429,0.2674

1662.6890,2.0949,5.4422,50.6512,0.2312

1663.6890,2.0969,5.4834,50.5794,0.2727

1664.6890,2.0977,5.4782,50.5416,0.2856

1665.6890,2.0977,5.4422,50.3382,0.2575

1666.6900,2.0957,5.4576,50.4034,0.2533

1667.6890,2.0973,5.4834,50.6471,0.2635

1668.6890,2.0985,5.4782,50.8152,0.2787

1669.6890,2.0988,5.4576,50.4142,0.2624

1670.6890,2.0996,5.4525,50.4058,0.2687

1671.6890,2.1054,5.5760,50.8419,0.2764

1672.6890,2.1036,5.3959,50.7903,0.2834

1673.6890,2.1020,5.4422,50.6838,0.2768

1674.6890,2.1006,5.4422,50.7181,0.2797

1675.6890,2.1008,5.4474,50.4968,0.2857

1676.6890,2.1006,5.4525,50.7318,0.2744

1677.6890,2.0990,5.4422,50.6289,0.2196

1678.6890,2.0988,5.4731,50.6226,0.2791

1679.6890,2.0975,5.4216,50.6076,0.2808

1680.6890,2.0969,5.4371,50.6652,0.2869

1681.6890,2.0915,5.4371,50.6744,0.2478

1682.6890,2.0941,5.4628,50.8929,0.2881

1683.6890,2.0943,5.4474,50.6793,0.2868

1684.6890,2.0955,5.4731,50.7785,0.2482

1685.6890,2.0996,5.5554,50.6709,0.2891

1686.6890,2.0994,5.4474,50.8985,0.2758

1687.6890,2.1002,5.4628,50.5808,0.2586

1688.6890,2.1000,5.4679,50.7899,0.2736

1689.6890,2.1006,5.4371,50.7206,0.2834

1690.6890,2.1020,5.4731,50.8368,0.2757

1691.6890,2.1028,5.4576,50.4848,0.2156

1692.6890,2.1028,5.4628,50.4638,0.2857

1693.6890,2.1030,5.4525,50.6841,0.2435

1694.6900,2.1028,5.4679,50.6850,0.2522

1695.6890,2.0977,5.4216,50.5129,0.2662

1696.6890,2.0979,5.4525,50.6783,0.2324

1697.6890,2.0975,5.4525,50.7534,0.2762

1698.6890,2.0959,5.4268,50.6645,0.2851

1699.6890,2.0969,5.4628,50.6714,0.2710

1700.6900,2.0965,5.4628,50.8729,0.2390

1701.6890,2.0965,5.4576,50.6852,0.2800

1702.6890,2.0957,5.4422,50.7937,0.2176

1703.6900,2.0947,5.4268,50.6543,0.2783

1704.6890,2.0951,5.4782,50.8016,0.2577

1705.6890,2.0963,5.4525,50.6479,0.2566

1706.6890,2.0963,5.4525,50.6939,0.2788

1707.6890,2.0973,5.4782,50.8305,0.2358

1708.6890,2.0988,5.4679,50.8089,0.2822

1709.6890,2.0985,5.4525,50.6309,0.2898

1710.6890,2.0979,5.4474,50.2415,0.2642

1711.6890,2.0969,5.4319,50.4979,0.2606

1712.6900,2.0977,5.4628,50.6742,0.2815

1713.6890,2.0990,5.4628,50.7324,0.2735

1714.6890,2.0987,5.4679,50.7693,0.2903

1715.6890,2.0969,5.4062,50.8691,0.2705

1716.6890,2.0975,5.4679,50.4254,0.2708

1717.6890,2.0963,5.4474,50.6586,0.2784

1718.6890,2.0961,5.4628,50.5771,0.2905

1719.6890,2.0967,5.4679,50.8476,0.2751

1720.6890,2.0969,5.4525,50.4984,0.2485

1721.6890,2.0979,5.4576,50.4521,0.2856

1722.6890,2.0969,5.4371,50.6723,0.2530

1723.6890,2.0949,5.4113,50.5602,0.2691

1724.6890,2.0941,5.4474,50.6731,0.2542

1725.6890,2.0977,5.4988,50.6276,0.2586

1726.6890,2.0973,5.4576,50.6401,0.2910

1727.6890,2.0967,5.4319,50.6176,0.2395

1728.6890,2.0961,5.4474,50.6936,0.2622

1729.6900,2.0969,5.4885,50.3952,0.2652

1730.6890,2.0971,5.4576,50.4743,0.2641

1731.6890,2.0961,5.4319,50.6588,0.2839

1732.6890,2.0961,5.4371,50.6258,0.2804

1733.6890,2.0975,5.4474,50.6529,0.2811

1734.6890,2.0983,5.4679,50.5562,0.2553

1735.6890,2.0961,5.4422,50.8156,0.2702

1736.6890,2.0969,5.4782,50.8055,0.2770

1737.6900,2.0990,5.4885,51.1074,0.2393

1738.6890,2.0994,5.4576,50.5554,0.2731

1739.6890,2.0979,5.4474,50.6462,0.2847

1740.6890,2.0971,5.4371,50.6413,0.2709

1741.6890,2.0985,5.4679,50.8123,0.2555

1742.6890,2.0992,5.4576,50.6700,0.2491

1743.6890,2.1002,5.4731,50.4608,0.2886

1744.6890,2.0990,5.4371,50.6211,0.2733

1745.6890,2.0996,5.4576,50.5569,0.2813

1746.6890,2.1000,5.4885,50.5779,0.2905

1747.6900,2.0992,5.4679,50.6753,0.2909

1748.6890,2.0994,5.4628,50.5764,0.2601

1749.6890,2.0996,5.4525,50.7417,0.2900

1750.6890,2.0994,5.4319,50.5300,0.2855

1751.6890,2.0985,5.4422,50.7259,0.2841

1752.6890,2.0987,5.4628,50.5220,0.2592

1753.6890,2.0975,5.4422,50.7160,0.2721

1754.6900,2.0981,5.4525,50.6356,0.2490

1755.6900,2.0971,5.4319,50.6684,0.2189

1756.6890,2.0973,5.4937,50.5600,0.2862

1757.6890,2.0955,5.4216,50.5069,0.2656

1758.6890,2.0959,5.4731,50.6559,0.2776

1759.6890,2.0963,5.4628,50.8185,0.2444

1760.6890,2.0971,5.4525,50.4488,0.2795

1761.6890,2.0961,5.4165,50.6956,0.2842

1762.6890,2.0959,5.4576,50.4939,0.2864

1763.6890,2.0947,5.4113,50.7042,0.2855

1764.6890,2.0959,5.4834,50.7454,0.2847

1765.6890,2.0965,5.4474,50.6181,0.2618

1766.6890,2.0937,5.4216,50.6076,0.2831

1767.6890,2.0951,5.4576,50.8709,0.2655

1768.6890,2.0933,5.4268,50.6475,0.2692

1769.6890,2.0919,5.4268,50.6652,0.2829

1770.6900,2.0885,5.3650,50.3375,0.2731

1771.6890,2.0903,5.4628,50.9837,0.2636

1772.6890,2.0907,5.4679,50.8121,0.2260

1773.6890,2.0939,5.4937,50.6036,0.2445

1774.6890,2.0939,5.4834,50.5860,0.2643

1775.6890,2.0941,5.4525,50.8536,0.2587

1776.6890,2.0961,5.4731,50.7822,0.2878

1777.6890,2.0957,5.4474,50.6078,0.2758

1778.6900,2.0963,5.4422,50.7578,0.2857

1779.6890,2.0973,5.4525,50.5071,0.2755

1780.6890,2.1000,5.4371,50.8427,0.2368

1781.6890,2.1000,5.4628,50.5092,0.2203

1782.6890,2.0994,5.4525,50.7642,0.2653

1783.6890,2.0979,5.4525,50.7035,0.2544

1784.6890,2.0963,5.4422,50.7482,0.2888

1785.6890,2.0949,5.4165,50.6554,0.2662

1786.6890,2.0955,5.4885,50.7475,0.2865

1787.6890,2.0959,5.4576,50.6080,0.2774

1788.6890,2.0967,5.4628,50.4873,0.2730

1789.6890,2.0975,5.4731,50.9851,0.2291

1790.6890,2.0983,5.4576,50.6954,0.2819

1791.6890,2.0973,5.4371,50.7020,0.2801

1792.6890,2.0979,5.4679,50.6004,0.2844

1793.6890,2.0973,5.4371,50.7015,0.2717

1794.6890,2.0967,5.4268,50.5977,0.2807

1795.6890,2.0985,5.4628,50.7106,0.2828

1796.6890,2.0967,5.4422,50.5263,0.2826

1797.6890,2.0971,5.4679,50.6816,0.2263

1798.6890,2.0967,5.4525,50.6100,0.2720

1799.6890,2.0959,5.4525,50.6261,0.2866

1800.6890,2.0955,5.4474,50.6576,0.2817

1801.6890,2.0959,5.4474,50.5031,0.2726

1802.6890,2.0957,5.4628,50.5843,0.2881

1803.6890,2.0965,5.4576,50.9275,0.2573

1804.6890,2.0965,5.4268,50.6969,0.2837

1805.6900,2.0959,5.4474,50.6479,0.2848

1806.6890,2.0961,5.4474,50.7832,0.2863

1807.6890,2.0953,5.4474,50.6517,0.2776

1808.6890,2.0945,5.4319,50.8669,0.2863

1809.6890,2.0951,5.4679,50.7187,0.2843

1810.6890,2.0947,5.4371,50.6275,0.2715

1811.6890,2.0951,5.4576,50.6473,0.2837

1812.6900,2.0937,5.4268,50.7813,0.2561

1813.6890,2.0927,5.4319,50.5992,0.2694

1814.6900,2.0943,5.4679,50.6896,0.2855

1815.6890,2.0941,5.4422,50.5839,0.2867

1816.6910,2.0945,5.4576,50.5273,0.2859

1817.6890,2.0955,5.4731,50.8293,0.2360

1818.6890,2.0949,5.4165,50.7966,0.2914

1819.6890,2.0935,5.4319,50.4025,0.2892

1820.6890,2.0945,5.4628,50.7787,0.2410

1821.6900,2.0943,5.4525,50.7483,0.2531

1822.6890,2.0955,5.4576,50.8273,0.2400

1823.6890,2.0959,5.4422,50.3750,0.2788

1824.6890,2.0953,5.4525,50.5694,0.2687

1825.6890,2.0957,5.4525,50.5588,0.2850

1826.6890,2.0953,5.4474,50.5704,0.2838

1827.6900,2.0943,5.4474,50.8529,0.2846

1828.6890,2.0959,5.4576,50.6820,0.2791

1829.6890,2.0971,5.4628,50.7739,0.2672

1830.6890,2.0963,5.4422,50.9165,0.2566

1831.6890,2.0963,5.4525,50.5264,0.2331

1832.6890,2.0963,5.4576,50.5087,0.2685

1833.6890,2.0969,5.4576,50.4197,0.2854

1834.6890,2.0988,5.5040,50.7613,0.2900

1835.6890,2.0985,5.4422,50.4502,0.2601

1836.6890,2.0988,5.4576,50.6222,0.2809

1837.6890,2.0988,5.4474,50.6083,0.2835

1838.6890,2.0985,5.4474,50.7159,0.2656

1839.6890,2.0983,5.4576,50.9355,0.2905

1840.6890,2.1000,5.4885,50.6418,0.2897

1841.6900,2.1012,5.4834,50.8394,0.2548

1842.6890,2.1002,5.4319,50.4953,0.2683

1843.6890,2.0992,5.4319,50.7212,0.2803

1844.6890,2.0973,5.4525,50.7860,0.2877

1845.6890,2.0983,5.4679,50.6460,0.2789

1846.6890,2.0990,5.4782,50.4797,0.2789

1847.6890,2.0992,5.4525,50.4420,0.2875

1848.6890,2.1000,5.4679,50.5623,0.2824

1849.6890,2.0996,5.4474,50.6654,0.2812

1850.6890,2.0992,5.4782,51.0310,0.2750

1851.6890,2.0987,5.4679,50.4541,0.2657

1852.6890,2.1000,5.4679,50.5805,0.2824

1853.6890,2.0994,5.4165,50.4842,0.2884

1854.6890,2.1006,5.4834,51.0476,0.2732

1855.6890,2.0998,5.4474,50.8888,0.2794

1856.6890,2.0992,5.4628,50.4641,0.2678

1857.6890,2.1006,5.4885,50.7109,0.2549

1858.6890,2.1010,5.4782,50.7970,0.2843

1859.6900,2.1000,5.4216,50.4739,0.2516

1860.6900,2.1000,5.4782,50.4911,0.2752

1861.6890,2.0996,5.4576,50.7527,0.2909

1862.6890,2.0987,5.4422,50.7681,0.2501

1863.6900,2.1006,5.4679,50.6545,0.2820

1864.6890,2.1004,5.4782,50.7007,0.2491

1865.6890,2.0996,5.4268,50.7882,0.2403

1866.6890,2.0994,5.4576,50.8489,0.2650

1867.6890,2.0988,5.4731,50.6655,0.2730

1868.6890,2.0983,5.4628,50.5579,0.2826

1869.6890,2.1010,5.4937,50.6735,0.2866

1870.6890,2.0969,5.3702,50.5076,0.2880

1871.6890,2.0961,5.4371,50.6288,0.2093

1872.6890,2.0949,5.4113,50.7062,0.2877

1873.6890,2.0943,5.4525,50.7803,0.2661

1874.6890,2.0931,5.4474,50.6979,0.2858

1875.6890,2.0939,5.4474,50.4337,0.2735

1876.6890,2.0943,5.4679,50.5937,0.2860

1877.6890,2.0945,5.4782,50.5718,0.2830

1878.6890,2.0947,5.4679,50.6881,0.2767

1879.6890,2.0927,5.4422,50.7591,0.2723

1880.6890,2.0959,5.4525,50.5834,0.2838

1881.6890,2.0961,5.4422,50.4988,0.2857

1882.6890,2.0971,5.4371,50.6234,0.2902

1883.6890,2.0955,5.4113,50.7953,0.2727

1884.6890,2.0957,5.4525,50.5005,0.2680

1885.6890,2.0957,5.4474,51.0483,0.2757

1886.6890,2.0947,5.4422,50.6775,0.2659

1887.6890,2.0931,5.4371,50.4201,0.2797

1888.6890,2.0879,5.3342,50.5001,0.2233

1889.6890,2.0879,5.4422,50.5233,0.2784

1890.6890,2.0877,5.4474,50.6485,0.2766

1891.6890,2.0879,5.4474,50.6860,0.2898

1892.6890,2.0881,5.4422,50.7690,0.2901

1893.6890,2.0895,5.4474,50.6015,0.2616

1894.6890,2.0911,5.4937,50.5508,0.2771

1895.6900,2.0897,5.4113,50.3004,0.2706

1896.6890,2.0897,5.4422,50.8173,0.2439

1897.6890,2.0909,5.4679,50.5630,0.2895

1898.6890,2.0959,5.4628,50.5454,0.2538

1899.6890,2.0971,5.4731,50.6984,0.2821

1900.6900,2.0957,5.4113,50.3846,0.2519

1901.6900,2.0945,5.4165,50.6690,0.2516

1902.6890,2.0949,5.4525,50.5665,0.2887

1903.6890,2.0939,5.4216,50.5722,0.2891

1904.6890,2.0959,5.5451,50.4284,0.2615

1905.6890,2.0983,5.4731,50.6955,0.2825

1906.6890,2.0987,5.4525,50.4790,0.2892

1907.6900,2.0988,5.4731,50.8507,0.2650

1908.6890,2.0990,5.4679,50.6845,0.2460

1909.6890,2.0957,5.3856,50.5976,0.2853

1910.6890,2.0977,5.4628,50.4901,0.2780

1911.6890,2.0990,5.4525,50.9861,0.2786

1912.6890,2.0983,5.4319,50.7071,0.2147

1913.6890,2.0988,5.4371,50.5227,0.2898

1914.6900,2.0955,5.4576,50.5555,0.2776

1915.6890,2.0947,5.4525,50.4800,0.2828

1916.6890,2.0951,5.4628,50.6798,0.2888

1917.6890,2.0943,5.4525,50.7329,0.2242

1918.6890,2.0901,5.3599,50.9772,0.2562

1919.6890,2.0937,5.4782,50.9902,0.2761

1920.6890,2.0937,5.4628,50.4822,0.2293

1921.6900,2.0945,5.4731,50.6070,0.2600

1922.6890,2.0951,5.4474,50.4888,0.2908

1923.6890,2.0955,5.4474,50.5004,0.2604

1924.6890,2.0949,5.4422,50.8252,0.2924

1925.6890,2.0949,5.4525,50.5880,0.2792

1926.6900,2.0951,5.4679,50.6528,0.2622

1927.6890,2.0949,5.4474,50.5656,0.2718

1928.6900,2.0979,5.4371,50.5858,0.2895

1929.6890,2.0967,5.4474,50.6719,0.2889

1930.6890,2.0967,5.4628,50.6488,0.2880

1931.6890,2.0963,5.4628,50.5540,0.2721

1932.6890,2.0973,5.4731,50.5228,0.2579

1933.6890,2.0967,5.4319,50.7566,0.2737

1934.6890,2.0975,5.4628,50.4473,0.2747

1935.6900,2.0971,5.4422,50.5005,0.2886

1936.6890,2.0967,5.4576,50.5602,0.2877

1937.6900,2.0967,5.4474,50.6460,0.2628

1938.6890,2.0985,5.4834,50.8640,0.2333

1939.6890,2.0990,5.4628,50.6837,0.2706

1940.6890,2.0985,5.4474,50.4606,0.2686

1941.6890,2.0988,5.4731,50.7689,0.2729

1942.6890,2.0983,5.4576,50.7530,0.2799

1943.6890,2.0981,5.4268,50.9918,0.2718

1944.6890,2.0977,5.4525,50.6246,0.2719

1945.6890,2.0988,5.4731,51.1995,0.1962

1946.6890,2.0998,5.4834,50.5210,0.2700

1947.6890,2.1004,5.4628,50.8155,0.2426

1948.6890,2.0988,5.4422,50.5679,0.2806

1949.6890,2.0998,5.4885,50.6299,0.2909

1950.6900,2.1000,5.4525,50.7329,0.2788

1951.6890,2.0994,5.4576,50.7672,0.2471

1952.6890,2.1016,5.5142,50.7926,0.2730

1953.6890,2.1026,5.4525,50.5547,0.2812

1954.6900,2.1030,5.4628,50.7883,0.2777

1955.6890,2.1032,5.4782,50.5377,0.2746

1956.6890,2.1022,5.4576,50.7925,0.2632

1957.6890,2.1020,5.4576,50.6058,0.2859

1958.6890,2.1016,5.4319,50.6040,0.2707

1959.6890,2.1004,5.4576,50.6703,0.2639

1960.6900,2.1008,5.4628,51.1427,0.2339

1961.6890,2.0998,5.4319,50.5391,0.2898

1962.6900,2.0975,5.4525,50.7997,0.2754

1963.6890,2.0969,5.4371,50.8401,0.2819

1964.6890,2.0973,5.4731,50.7791,0.2727

1965.6890,2.0963,5.4525,51.0186,0.2801

1966.6890,2.0961,5.4525,50.9337,0.2852

1967.6890,2.0955,5.4422,51.0357,0.2495

1968.6890,2.0955,5.4319,50.7232,0.2813

1969.6890,2.0951,5.4474,50.7344,0.2779

1970.6890,2.0931,5.4113,50.6405,0.2789

1971.6890,2.0925,5.4165,50.7912,0.2898

1972.6890,2.0921,5.4422,50.7518,0.2867

1973.6890,2.0923,5.4422,50.4610,0.2783

1974.6890,2.0927,5.4834,50.6435,0.2754

1975.6890,2.0911,5.4113,50.4682,0.2780

1976.6890,2.0911,5.4525,50.7037,0.2674

1977.6900,2.0915,5.4525,50.6801,0.2826

1978.6890,2.0917,5.4371,50.6429,0.2843

1979.6900,2.0923,5.4628,50.9698,0.2892

1980.6890,2.0933,5.4371,50.5820,0.2690

1981.6890,2.0943,5.4422,50.3963,0.2888

1982.6890,2.0939,5.4319,50.7029,0.2817

1983.6890,2.0949,5.4679,50.4723,0.2853

1984.6890,2.0937,5.4525,50.9455,0.2672

1985.6890,2.0973,5.5040,50.5985,0.2851

1986.6890,2.0979,5.4679,50.4464,0.2728

1987.6890,2.0975,5.4422,50.3978,0.2491

1988.6890,2.0987,5.4679,50.6344,0.2519

1989.6890,2.0985,5.4576,50.7623,0.2536

1990.6890,2.0998,5.4731,50.5419,0.2803

1991.6890,2.1004,5.4576,50.6213,0.2837

1992.6890,2.1012,5.4525,50.6180,0.2828

1993.6890,2.1014,5.4731,50.6419,0.2388

1994.6890,2.1028,5.4885,50.7537,0.2886

1995.6890,2.1006,5.4474,50.6076,0.2598

1996.6890,2.0992,5.4319,50.6180,0.2492

1997.6890,2.0988,5.4319,50.6940,0.2732

1998.6890,2.0981,5.4474,50.9783,0.2290

1999.6890,2.0987,5.4731,50.8021,0.2873

2000.6900,2.0987,5.4731,50.7584,0.2876

2001.6890,2.1012,5.5245,50.7672,0.2535

2002.6900,2.1020,5.4731,50.8138,0.2837

2003.6890,2.1008,5.4422,50.4033,0.2891

2004.6890,2.0987,5.4319,50.7015,0.2856

2005.6890,2.0979,5.4268,50.6307,0.2886

2006.6900,2.0990,5.4628,50.6091,0.2742

2007.6890,2.0994,5.4422,50.5714,0.2672

2008.6890,2.0996,5.4525,50.7764,0.2680

2009.6890,2.0998,5.4782,50.7231,0.2861

2010.6890,2.0996,5.4679,50.5458,0.2878

2011.6890,2.0971,5.4576,50.2821,0.2688

2012.6890,2.0963,5.4525,50.6880,0.2390

2013.6890,2.0957,5.4268,50.8733,0.2655

2014.6890,2.0959,5.4371,50.6572,0.2776

2015.6890,2.0969,5.4525,50.2910,0.2522

2016.6890,2.0971,5.4679,50.6878,0.2603

2017.6890,2.0961,5.4165,50.7324,0.2675

2018.6890,2.0965,5.4628,50.8219,0.2659

2019.6890,2.0941,5.4165,50.7559,0.2787

2020.6890,2.0927,5.4319,50.8207,0.2769

2021.6890,2.0923,5.4474,50.7093,0.2755

2022.6890,2.0921,5.4474,50.5228,0.2915

2023.6890,2.0941,5.4782,50.5215,0.2550

2024.6890,2.0947,5.4525,50.6181,0.2896

2025.6890,2.0945,5.4474,50.5227,0.2703

2026.6890,2.0923,5.4113,51.0953,0.2887

2027.6900,2.0923,5.4165,50.3598,0.2733

2028.6890,2.0923,5.4628,50.6246,0.2851

2029.6890,2.0929,5.4319,50.4780,0.2362

2030.6890,2.0935,5.4474,51.0397,0.2562

2031.6900,2.0941,5.4628,50.8055,0.2540

2032.6890,2.0965,5.5091,50.6565,0.2561

2033.6890,2.0955,5.4525,50.5214,0.2770

2034.6890,2.0977,5.5091,50.6455,0.2650

2035.6890,2.0979,5.4525,50.8431,0.2651

2036.6890,2.0983,5.4216,50.5999,0.2688

2037.6890,2.1000,5.4628,50.3128,0.2509

2038.6900,2.0996,5.4525,50.7725,0.2868

2039.6890,2.1016,5.4834,50.6045,0.2856

2040.6890,2.1028,5.4782,50.6411,0.2340

2041.6900,2.1020,5.4422,50.3265,0.2778

2042.6890,2.0994,5.4422,50.7686,0.2454

2043.6890,2.0988,5.4371,50.5846,0.2653

2044.6890,2.0939,5.3805,50.7515,0.2887

2045.6890,2.0937,5.4474,50.6570,0.2892

2046.6890,2.0947,5.4474,50.5641,0.2812

2047.6890,2.0965,5.5091,50.5257,0.2610

2048.6890,2.0947,5.4062,50.7815,0.2890

2049.6900,2.0933,5.4474,50.8135,0.2719

2050.6890,2.0927,5.4628,50.4594,0.2881

2051.6890,2.0921,5.4268,50.7629,0.2879

2052.6890,2.0925,5.4525,50.7591,0.2743

2053.6890,2.0923,5.4319,50.7355,0.2802

2054.6900,2.0959,5.4731,50.5308,0.2865

2055.6890,2.0951,5.4268,50.6678,0.2571

2056.6890,2.0975,5.5091,50.4845,0.2876

2057.6890,2.0965,5.4834,50.7166,0.2379

2058.6890,2.0971,5.4216,50.6216,0.2716

2059.6890,2.0988,5.4937,50.7317,0.2591

2060.6890,2.0975,5.4268,50.4858,0.2523

2061.6890,2.0981,5.4422,50.5529,0.2374

2062.6890,2.0975,5.4371,50.7181,0.2784

2063.6890,2.0977,5.4371,50.6084,0.2808

2064.6890,2.0969,5.4525,50.8262,0.2516

2065.6900,2.0975,5.4422,50.8111,0.2742

2066.6890,2.0983,5.5297,50.6499,0.2800

2067.6890,2.0971,5.4525,50.7500,0.2633

2068.6890,2.0977,5.4371,50.5195,0.2877

2069.6890,2.0949,5.4216,50.8250,0.2402

2070.6890,2.0963,5.4628,50.6233,0.2849

2071.6890,2.0955,5.4216,50.6225,0.2813

2072.6900,2.0965,5.4628,50.4816,0.2803

2073.6890,2.0969,5.4474,50.5855,0.2876

2074.6890,2.0992,5.5142,50.5954,0.2301

2075.6890,2.1008,5.4834,50.7166,0.2626

2076.6890,2.0971,5.4319,50.7792,0.2778

2077.6900,2.0990,5.5040,50.6125,0.2867

2078.6890,2.1002,5.4679,50.6426,0.2746

2079.6890,2.1016,5.4576,50.4515,0.2481

2080.6890,2.1016,5.4628,50.6820,0.2840

2081.6900,2.1044,5.4937,50.8210,0.2620

2082.6890,2.1042,5.4576,50.5384,0.2781

2083.6890,2.1038,5.4371,50.4221,0.2502

2084.6890,2.1008,5.4371,50.5911,0.2418

2085.6890,2.0996,5.4525,50.7236,0.2792

2086.6890,2.1012,5.4731,50.6236,0.2817

2087.6890,2.0990,5.4474,50.5735,0.2508

2088.6890,2.0981,5.4422,50.5971,0.2467

2089.6890,2.0998,5.5040,50.5411,0.2482

2090.6890,2.0988,5.4371,50.6626,0.2754

2091.6890,2.0973,5.4525,50.6263,0.2692

2092.6890,2.0973,5.4576,50.7717,0.2705

2093.6890,2.0975,5.4422,50.9480,0.2649

2094.6890,2.0929,5.3187,50.3369,0.2805

2095.6890,2.0927,5.4474,50.6263,0.2662

2096.6890,2.0917,5.4474,50.5180,0.2688

2097.6890,2.0919,5.4525,50.7266,0.2883

2098.6890,2.0915,5.4319,50.7405,0.2844

2099.6890,2.0885,5.4268,50.5123,0.2622

2100.6890,2.0899,5.4731,50.4525,0.2815

2101.6890,2.0895,5.4422,50.5302,0.2881

2102.6890,2.0891,5.4474,50.7166,0.2830

2103.6890,2.0895,5.4525,50.7447,0.2645

2104.6890,2.0945,5.4474,50.5400,0.2906

2105.6890,2.0939,5.4319,51.0206,0.2542

2106.6890,2.0965,5.5142,50.5936,0.2576

2107.6890,2.0971,5.4679,50.4307,0.2767

2108.6890,2.0985,5.4679,50.3201,0.2395

2109.6890,2.0996,5.4576,50.8571,0.2866

2110.6900,2.0988,5.4525,50.6478,0.2868

2111.6890,2.0983,5.4268,50.5356,0.2563

2112.6900,2.0987,5.4576,50.8630,0.2694

2113.6890,2.0987,5.4525,50.7118,0.2680

2114.6890,2.1012,5.5142,50.6738,0.2425

2115.6900,2.1006,5.4165,50.4105,0.2803

2116.6890,2.0979,5.4422,50.9427,0.2789

2117.6890,2.0977,5.4628,50.6114,0.2700

2118.6890,2.0979,5.4731,50.7488,0.2797

2119.6890,2.0975,5.4474,50.6604,0.2723

2120.6890,2.0959,5.4113,50.4974,0.2445

2121.6890,2.0969,5.4525,50.5847,0.2724

2122.6890,2.0953,5.4165,50.7243,0.2848

2123.6890,2.0965,5.4834,50.4838,0.2690

2124.6890,2.0941,5.4525,50.7559,0.2906

2125.6900,2.0945,5.4268,50.7059,0.2726

2126.6890,2.0963,5.4885,50.6000,0.2855

2127.6890,2.0959,5.4525,50.6306,0.2386

2128.6900,2.0959,5.4731,50.5185,0.2770

2129.6890,2.0965,5.4628,50.6427,0.2618

2130.6890,2.0977,5.4422,50.6725,0.2873

2131.6890,2.0985,5.4731,50.6530,0.2888

2132.6900,2.1004,5.4679,50.6521,0.2637

2133.6890,2.1014,5.5091,50.7278,0.2784

2134.6890,2.1010,5.4422,50.5751,0.2421

2135.6890,2.1026,5.4679,50.8729,0.2882

2136.6890,2.1016,5.4628,50.4921,0.2716

2137.6890,2.1016,5.4525,51.0016,0.2721

2138.6890,2.1006,5.4474,50.5728,0.2788

2139.6890,2.1004,5.4576,50.6891,0.2745

2140.6890,2.1006,5.4474,50.5733,0.2773

2141.6890,2.0996,5.4474,50.6609,0.2677

2142.6890,2.0981,5.4268,50.8917,0.2437

2143.6890,2.0961,5.4576,50.8163,0.2395

2144.6890,2.0965,5.4525,50.5881,0.2648

2145.6890,2.0963,5.4628,50.6475,0.2778

2146.6890,2.0955,5.4422,50.4838,0.2913

2147.6890,2.0939,5.4113,50.8308,0.2422

2148.6890,2.0937,5.4422,50.5691,0.2876

2149.6890,2.0937,5.4576,50.6351,0.2894

2150.6890,2.0941,5.4576,50.3489,0.2829

2151.6890,2.0959,5.4937,50.5610,0.2903

2152.6890,2.0961,5.4319,50.6154,0.2708

2153.6890,2.0951,5.4319,50.7422,0.2629

2154.6890,2.0957,5.4679,50.7987,0.2830

2155.6890,2.0959,5.4679,50.6806,0.2858

2156.6890,2.0967,5.4628,50.4737,0.2596

2157.6890,2.0977,5.4371,50.4895,0.2752

2158.6890,2.0981,5.4525,50.4424,0.2717

2159.6900,2.0975,5.4422,50.8511,0.2887

2160.6890,2.0963,5.4268,50.6465,0.2816

2161.6890,2.0943,5.4422,50.7680,0.2688

2162.6890,2.0949,5.4474,50.3795,0.2819

2163.6890,2.0969,5.4834,50.7843,0.2820

2164.6890,2.0967,5.4628,50.8799,0.2683

2165.6890,2.0969,5.4731,50.4797,0.2768

2166.6890,2.0955,5.4268,50.4677,0.2731

2167.6890,2.0981,5.5040,50.7100,0.2775

2168.6890,2.0979,5.4474,50.7150,0.2494

2169.6890,2.1004,5.5091,50.8293,0.2699

2170.6890,2.1012,5.4474,50.4897,0.2376

2171.6900,2.1022,5.4679,50.3749,0.2858

2172.6900,2.1032,5.4731,50.8889,0.2797

2173.6890,2.1020,5.4525,50.6163,0.2467

2174.6890,2.1026,5.4782,50.6531,0.2679

2175.6890,2.1018,5.4525,50.3200,0.2815

2176.6890,2.1052,5.5142,50.6115,0.2886

2177.6890,2.1038,5.4679,50.4981,0.2056

2178.6890,2.1062,5.5091,50.6077,0.2282

2179.6890,2.1040,5.4525,50.6941,0.2604

2180.6890,2.1036,5.4371,50.7408,0.2874

2181.6890,2.1026,5.4422,50.4701,0.2729

2182.6890,2.1026,5.4731,50.6149,0.2798

2183.6890,2.1026,5.4525,50.8165,0.2898

2184.6890,2.1018,5.4576,50.7447,0.2902

2185.6890,2.1026,5.4731,50.5077,0.2629

2186.6900,2.0985,5.4062,50.5474,0.2847

2187.6890,2.0973,5.4371,50.3699,0.2874

2188.6890,2.0987,5.5451,50.4364,0.2848

2189.6890,2.0983,5.4422,50.6537,0.2901

2190.6890,2.0990,5.4576,50.5048,0.2889

2191.6890,2.0990,5.4422,50.7906,0.2713

2192.6890,2.0977,5.4371,50.5094,0.2889

2193.6890,2.0983,5.4679,50.5790,0.2863

2194.6900,2.0992,5.4834,50.5615,0.2657

2195.6890,2.0987,5.4576,50.5448,0.2707

2196.6890,2.1000,5.4422,50.7158,0.2565

2197.6890,2.1016,5.4782,50.7119,0.2862

2198.6890,2.0987,5.4679,50.4930,0.2728

2199.6890,2.1028,5.5503,50.4939,0.2682

2200.6890,2.1030,5.4628,50.4615,0.2755

2201.6890,2.1048,5.4885,50.6775,0.2703

2202.6890,2.1054,5.4525,50.6062,0.2834

2203.6890,2.1042,5.4371,50.7407,0.2789

2204.6890,2.1038,5.4731,50.5429,0.2870

2205.6890,2.1030,5.4371,50.7012,0.2391

2206.6900,2.1032,5.4474,50.4538,0.2817

2207.6890,2.1022,5.4525,50.5937,0.2795

2208.6890,2.1022,5.4679,50.5266,0.2871

2209.6890,2.0987,5.4576,50.3431,0.2619

2210.6890,2.0977,5.4371,50.3590,0.2696

2211.6890,2.0953,5.4268,51.0472,0.2865

2212.6890,2.0957,5.4628,50.5968,0.2474

2213.6890,2.0963,5.4525,50.6827,0.2499

2214.6890,2.0955,5.4525,50.5023,0.2633

2215.6890,2.0959,5.4474,50.3392,0.2538

2216.6890,2.0961,5.4525,50.5271,0.2358

2217.6890,2.0961,5.4525,50.4725,0.1927

2218.6890,2.0969,5.4885,50.7748,0.2862

2219.6890,2.0973,5.4679,50.4716,0.2853

2220.6890,2.0977,5.4474,50.7657,0.2791

2221.6890,2.0988,5.4576,50.6294,0.2603

2222.6890,2.0990,5.4679,50.6451,0.2684

2223.6890,2.0990,5.4525,50.5289,0.2843

2224.6890,2.0992,5.4576,50.5970,0.2742

2225.6890,2.0994,5.4525,50.7169,0.2777

2226.6900,2.0983,5.4216,50.5919,0.2765

2227.6890,2.0977,5.4371,50.7969,0.2913

2228.6890,2.0977,5.4885,50.6617,0.2740

2229.6890,2.0969,5.4474,50.5618,0.2795

2230.6890,2.0975,5.4628,50.3437,0.2772

2231.6890,2.0969,5.4422,50.6440,0.2729

2232.6900,2.0969,5.4679,50.6628,0.2887

2233.6890,2.0961,5.4319,50.6567,0.2675

2234.6890,2.0977,5.4988,50.6758,0.2829

2235.6890,2.0998,5.5091,50.6538,0.2637

2236.6890,2.1016,5.4679,50.7135,0.2885

2237.6890,2.1032,5.4782,51.0629,0.2813

2238.6890,2.1038,5.5040,50.5979,0.2720

2239.6890,2.1060,5.5040,50.6831,0.2868

2240.6890,2.1070,5.4885,50.5158,0.2855

2241.6890,2.1104,5.5297,50.5957,0.2861

2242.6890,2.1124,5.5194,50.5599,0.2840

2243.6890,2.1151,5.5040,50.8018,0.2696

2244.6890,2.1143,5.4782,50.4861,0.2516

2245.6890,2.1129,5.4731,50.7055,0.2722

2246.6890,2.1147,5.5142,50.4230,0.2820

2247.6890,2.1159,5.5091,50.8173,0.2640

2248.6890,2.1157,5.4988,50.4522,0.2334

2249.6890,2.1143,5.4679,50.6655,0.2234

2250.6890,2.1145,5.4937,50.7828,0.2688

2251.6890,2.1135,5.5040,50.6547,0.2721

2252.6900,2.1122,5.4834,50.4751,0.2828

2253.6890,2.1128,5.5194,51.0117,0.2437

2254.6890,2.1139,5.5091,50.5102,0.2750

2255.6890,2.1155,5.5142,50.8738,0.2317

2256.6890,2.1157,5.5194,50.4249,0.2890

2257.6890,2.1155,5.5040,50.6890,0.2896

2258.6890,2.1159,5.5091,50.7099,0.2889

2259.6890,2.1171,5.4988,50.6458,0.2712

2260.6890,2.1183,5.5245,50.6436,0.2425

2261.6890,2.1209,5.5708,50.8584,0.2807

2262.6890,2.1221,5.5142,50.7569,0.2714

2263.6890,2.1215,5.5040,50.8563,0.2233

2264.6890,2.1209,5.4937,50.4618,0.2301

2265.6890,2.1209,5.5142,50.6787,0.2518

2266.6890,2.1179,5.4422,50.5322,0.2689

2267.6890,2.1189,5.5297,50.8261,0.2320

2268.6890,2.1201,5.5400,50.6935,0.2791

2269.6890,2.1197,5.4885,50.4914,0.2800

2270.6890,2.1177,5.4731,50.5423,0.2654

2271.6890,2.1155,5.5142,51.1055,0.2858

2272.6890,2.1153,5.5091,50.7421,0.2834

2273.6900,2.1149,5.4937,50.4375,0.2482

2274.6890,2.1147,5.4885,50.8853,0.2732

2275.6890,2.1137,5.4885,50.6095,0.2872

2276.6890,2.1163,5.5091,50.7919,0.2622

2277.6900,2.1145,5.4834,50.6511,0.2781

2278.6890,2.1126,5.4885,50.6217,0.2677

2279.6890,2.1124,5.4834,50.7405,0.2651

2280.6890,2.1122,5.4679,50.6304,0.2838

2281.6890,2.1104,5.4679,50.5607,0.2862

2282.6890,2.1106,5.5142,50.8041,0.2419

2283.6890,2.1128,5.5503,50.4871,0.2434

2284.6890,2.1126,5.4834,50.9668,0.2629

2285.6890,2.1122,5.4782,50.6513,0.2443

2286.6890,2.1137,5.5503,50.7870,0.2644

2287.6890,2.1147,5.5091,50.5402,0.2530

2288.6890,2.1088,5.3342,50.5120,0.2655

2289.6900,2.1098,5.5091,50.7378,0.2555

2290.6890,2.1110,5.4988,50.7359,0.2848

2291.6890,2.1120,5.4937,50.6215,0.2886

2292.6890,2.1100,5.4628,50.6861,0.2788

2293.6890,2.1086,5.5142,51.1577,0.2538

2294.6890,2.1090,5.4937,50.3596,0.2649

2295.6890,2.1070,5.4268,50.6329,0.2721

2296.6890,2.1056,5.5142,50.6430,0.2626

2297.6890,2.1054,5.5040,50.6194,0.2820

2298.6890,2.1128,5.5245,50.6173,0.2450

2299.6890,2.1129,5.5142,50.5486,0.2729

2300.6890,2.1124,5.4834,50.7160,0.2905

2301.6890,2.1128,5.5040,50.4901,0.2706

2302.6890,2.1145,5.5091,50.6868,0.2801

2303.6890,2.1145,5.5142,50.7518,0.2657

2304.6890,2.1145,5.4937,50.6709,0.2720

2305.6890,2.1177,5.5091,50.7778,0.2879

2306.6890,2.1173,5.5040,50.7631,0.2879

2307.6890,2.1161,5.4731,50.7948,0.2731

2308.6900,2.1141,5.4731,50.8587,0.2866

2309.6890,2.1131,5.4885,50.6000,0.2565

2310.6890,2.1139,5.5040,50.7142,0.2710

2311.6890,2.1131,5.4834,50.7024,0.2781

2312.6890,2.1126,5.4937,50.4254,0.2773

2313.6890,2.1124,5.5091,50.8017,0.2714

2314.6890,2.1145,5.5503,50.2739,0.2494

2315.6890,2.1147,5.5142,50.7552,0.2778

2316.6890,2.1149,5.5091,50.5978,0.2844

2317.6900,2.1145,5.4628,50.5492,0.2907

2318.6890,2.1147,5.4782,50.6391,0.2878

2319.6890,2.1161,5.5245,50.7920,0.2813

2320.6890,2.1163,5.5091,50.6379,0.2874

2321.6890,2.1169,5.4988,50.4977,0.2854

2322.6890,2.1183,5.5297,50.8477,0.2674

2323.6890,2.1177,5.4937,50.7243,0.2731

2324.6900,2.1161,5.5091,50.6313,0.2690

2325.6890,2.1145,5.4731,50.6416,0.2820

2326.6890,2.1137,5.4885,50.4817,0.2834

2327.6890,2.1139,5.4679,50.5888,0.2893

2328.6890,2.1149,5.5040,50.4278,0.2541

2329.6890,2.1149,5.5245,50.5168,0.2850

2330.6890,2.1143,5.4937,50.7636,0.2544

2331.6890,2.1153,5.5245,50.5278,0.2811

2332.6890,2.1141,5.4988,50.6158,0.2862

2333.6890,2.1137,5.4834,50.4925,0.2701

2334.6890,2.1135,5.5040,50.4673,0.2823

2335.6890,2.1145,5.4988,50.6740,0.2419

2336.6890,2.1139,5.4731,50.6614,0.2862

2337.6890,2.1165,5.5348,50.7367,0.1803

2338.6900,2.1165,5.5040,50.4236,0.2716

2339.6890,2.1151,5.4885,50.8242,0.2833

2340.6890,2.1151,5.4937,50.5941,0.2731

2341.6890,2.1135,5.4834,50.4297,0.2883

2342.6890,2.1131,5.4885,50.7921,0.2877

2343.6890,2.1124,5.4628,51.1727,0.2502

2344.6890,2.1124,5.5040,50.9455,0.2661

2345.6890,2.1128,5.5091,50.5210,0.2663

2346.6890,2.1143,5.5142,50.5963,0.2861

2347.6890,2.1129,5.4988,50.6195,0.2590

2348.6890,2.1126,5.4937,50.5387,0.2860

2349.6890,2.1133,5.5091,50.5982,0.2851

2350.6890,2.1137,5.5040,50.6185,0.2761

2351.6890,2.1157,5.5348,50.5865,0.2284

2352.6890,2.1167,5.5142,50.5304,0.2599

2353.6890,2.1181,5.4988,50.6686,0.2590

2354.6890,2.1177,5.4937,50.5110,0.2660

2355.6890,2.1145,5.4268,50.5914,0.2871

2356.6890,2.1169,5.5760,50.5587,0.2672

2357.6890,2.1171,5.5040,50.6500,0.2390

2358.6890,2.1165,5.4782,50.5916,0.2776

2359.6890,2.1153,5.4782,50.5191,0.2578

2360.6890,2.1161,5.5245,16.0566,0.0214

2361.6890,2.1133,5.4628,5.1807,0.0127

2362.6890,2.1128,5.4988,1.5089,0.0056

2363.6890,2.1141,5.5348,0.0000,0.0001

2364.6890,2.1147,5.5091,0.0000,0.0001

2365.6890,2.1181,5.5142,0.0000,0.0001

2366.6890,2.1155,5.5091,0.0000,0.0001

2367.6890,2.1139,5.4628,0.0000,0.0001

2368.6890,2.1151,5.5091,0.0000,0.0001

2369.6900,2.1173,5.5348,0.0000,0.0001

2370.6890,2.1185,5.5554,0.0000,0.0001

2371.6890,2.1199,5.4988,0.0000,0.0001

2372.6890,2.1201,5.5040,0.0000,0.0001

2373.6890,2.1187,5.4988,0.0000,0.0001

2374.6890,2.1205,5.5554,0.0000,0.0001

2375.6900,2.1173,5.4319,0.0000,0.0001

2376.6890,2.1171,5.5040,0.0000,0.0001

2377.6890,2.1183,5.4937,0.0000,0.0001

2378.6890,2.1173,5.4834,0.0000,0.0001

2379.6890,2.1161,5.5040,0.0000,0.0001

2380.6890,2.1145,5.5142,0.0000,0.0001

2381.6890,2.1149,5.5091,0.0000,0.0001

2382.6890,2.1161,5.5348,0.0000,0.0001

2383.6890,2.1163,5.5040,0.0000,0.0001

2384.6890,2.1153,5.5297,0.0000,0.0001

2385.6890,2.1177,5.4937,0.0000,0.0001

2386.6890,2.1181,5.5142,0.0000,0.0002

2387.6890,2.1189,5.5142,0.0000,0.0001

2388.6890,2.1189,5.4834,0.0000,0.0001

2389.6890,2.1195,5.5194,0.0000,0.0001

2390.6890,2.1191,5.5040,0.0000,0.0001

2391.6890,2.1187,5.4988,0.0000,0.0001

2392.6900,2.1175,5.5040,0.0000,0.0001

2393.6890,2.1175,5.5040,0.0000,0.0001

2394.6890,2.1167,5.5091,0.0000,0.0001

2395.6890,2.1177,5.5194,0.0000,0.0001

2396.6890,2.1163,5.4782,0.0000,0.0001

2397.6890,2.1155,5.4937,0.0000,0.0001

2398.6890,2.1175,5.5348,0.0000,0.0001

2399.6890,2.1177,5.5245,0.0000,0.0001

2400.6890,2.1187,5.5297,0.0000,0.0001

2401.6890,2.1177,5.4731,0.0000,0.0001

2402.6890,2.1177,5.5040,0.0000,0.0001

2403.6890,2.1181,5.5142,0.0000,0.0001

2404.6900,2.1185,5.5194,0.0000,0.0002

2405.6890,2.1183,5.5142,0.0000,0.0001

2406.6890,2.1187,5.4885,0.0000,0.0001

2407.6890,2.1175,5.4628,0.0000,0.0001

2408.6890,2.1159,5.4937,0.0000,0.0001

2409.6890,2.1151,5.5040,0.0000,0.0001

2410.6890,2.1133,5.4834,0.0000,0.0001

2411.6890,2.1137,5.4834,0.0000,0.0001

2412.6890,2.1131,5.4885,0.0000,0.0001

2413.6890,2.1135,5.5245,0.0000,0.0001

2414.6890,2.1131,5.5091,0.0000,0.0001

2415.6890,2.1128,5.5040,0.0000,0.0001

2416.6890,2.1131,5.4988,0.0000,0.0001

2417.6890,2.1153,5.5194,0.0000,0.0001

2418.6890,2.1149,5.4834,0.0000,0.0001

2419.6890,2.1153,5.5142,0.0000,0.0001

2420.6890,2.1163,5.5091,0.0000,0.0001

2421.6890,2.1163,5.4834,0.0000,0.0001

2422.6890,2.1163,5.4885,0.0000,0.0001

2423.6900,2.1161,5.5194,0.0000,0.0001

2424.6890,2.1143,5.4628,0.0000,0.0001

2425.6890,2.1147,5.5142,0.0000,0.0001

2426.6890,2.1141,5.4834,0.0000,0.0001

2427.6890,2.1128,5.4834,0.0000,0.0001

2428.6890,2.1145,5.5297,0.0000,0.0001

2429.6900,2.1139,5.4988,0.0000,0.0001

2430.6890,2.1133,5.4937,0.0000,0.0001

2431.6890,2.1151,5.5297,0.0000,0.0001

2432.6890,2.1151,5.4885,0.0000,0.0001

2433.6890,2.1108,5.4062,0.0000,0.0001

2434.6890,2.1128,5.5142,0.0000,0.0001

2435.6890,2.1118,5.4885,0.0000,0.0001

2436.6900,2.1133,5.5245,0.0000,0.0001

2437.6890,2.1139,5.4988,0.0000,0.0001

2438.6890,2.1122,5.4834,0.0000,0.0001

2439.6890,2.1133,5.5297,0.0000,0.0001

2440.6890,2.1137,5.5040,0.0000,0.0001

2441.6890,2.1135,5.5245,0.0000,0.0001

2442.6890,2.1133,5.4834,0.0000,0.0001

2443.6890,2.1181,5.5297,0.0000,0.0001

2444.6890,2.1169,5.4834,0.0000,0.0001

2445.6890,2.1187,5.5348,0.0000,0.0001

2446.6890,2.1167,5.4731,0.0000,0.0001

2447.6890,2.1165,5.4937,0.0000,0.0001

2448.6890,2.1173,5.5040,0.0000,0.0001

2449.6890,2.1161,5.4988,0.0000,0.0001

2450.6890,2.1165,5.5142,0.0000,0.0001

2451.6900,2.1161,5.5142,0.0000,0.0001

2452.6890,2.1163,5.4885,0.0000,0.0001

2453.6890,2.1155,5.5091,0.0000,0.0001

2454.6890,2.1159,5.4937,0.0000,0.0001

2455.6890,2.1149,5.5091,0.0000,0.0001

2456.6890,2.1159,5.4988,0.0000,0.0001

2457.6900,2.1161,5.4988,0.0000,0.0001

2458.6890,2.1159,5.4988,0.0000,0.0001

2459.6900,2.1177,5.5451,0.0000,0.0001

2460.6890,2.1173,5.5040,0.0000,0.0001

2461.6890,2.1163,5.4885,0.0000,0.0001

2462.6890,2.1163,5.4885,0.0000,0.0001

2463.6890,2.1165,5.5142,0.0000,0.0001

2464.6890,2.1169,5.5040,0.0000,0.0001

2465.6900,2.1173,5.5194,0.0000,0.0001

2466.6890,2.1181,5.5194,0.0000,0.0001

2467.6890,2.1173,5.4782,0.0000,0.0001

2468.6890,2.1167,5.4834,0.0000,0.0001

2469.6890,2.1145,5.4885,0.0000,0.0001

2470.6890,2.1128,5.4576,0.0000,0.0001

2471.6890,2.1129,5.4937,0.0000,0.0001

2472.6890,2.1135,5.5040,0.0000,0.0001

2473.6890,2.1147,5.5451,0.0000,0.0001

2474.6890,2.1143,5.4937,0.0000,0.0001

2475.6890,2.1133,5.4937,0.0000,0.0001

2476.6890,2.1128,5.5040,0.0000,0.0001

2477.6890,2.1128,5.4782,0.0000,0.0001

2478.6890,2.1129,5.4885,0.0000,0.0001

2479.6890,2.1135,5.5040,0.0000,0.0001

2480.6890,2.1149,5.4937,0.0000,0.0001

2481.6890,2.1151,5.4988,0.0000,0.0001

2482.6890,2.1157,5.5194,0.0000,0.0001

2483.6890,2.1143,5.5091,0.0000,0.0001

2484.6890,2.1145,5.4988,0.0000,0.0001

2485.6890,2.1149,5.5040,0.0000,0.0001

2486.6890,2.1145,5.4937,0.0000,0.0001

2487.6890,2.1155,5.5040,0.0000,0.0001

2488.6890,2.1153,5.4834,0.0000,0.0001

2489.6890,2.1153,5.5040,0.0000,0.0001

2490.6890,2.1147,5.4782,0.0000,0.0001

2491.6890,2.1145,5.4937,0.0000,0.0001

2492.6900,2.1133,5.4885,0.0000,0.0001

2493.6890,2.1126,5.4885,0.0000,0.0001

2494.6890,2.1141,5.5400,0.0000,0.0001

2495.6890,2.1151,5.5297,0.0000,0.0001

2496.6890,2.1147,5.4834,0.0000,0.0001

2497.6890,2.1139,5.4834,0.0000,0.0001

2498.6890,2.1149,5.5091,0.0000,0.0001

2499.6890,2.1139,5.4782,0.0000,0.0001

2500.6890,2.1153,5.5142,0.0000,0.0001

2501.6890,2.1157,5.5040,0.0000,0.0001

2502.6890,2.1171,5.5245,0.0000,0.0001

2503.6890,2.1159,5.4576,0.0000,0.0001

2504.6890,2.1141,5.4937,0.0000,0.0001

2505.6890,2.1116,5.4628,0.0000,0.0002

2506.6890,2.1122,5.4988,0.0000,0.0001

2507.6890,2.1137,5.5245,0.0000,0.0001

2508.6890,2.1135,5.5040,0.0000,0.0001

2509.6890,2.1145,5.5040,0.0000,0.0001

2510.6890,2.1131,5.4782,0.0000,0.0001

2511.6890,2.1133,5.5091,0.0000,0.0001

2512.6890,2.1112,5.4679,0.0000,0.0001

2513.6890,2.1126,5.4937,0.0000,0.0001

2514.6890,2.1145,5.5451,0.0000,0.0001

2515.6890,2.1159,5.4988,0.0000,0.0001

2516.6890,2.1151,5.4782,0.0000,0.0001

2517.6890,2.1141,5.4988,0.0000,0.0001

2518.6890,2.1139,5.4988,0.0000,0.0001

2519.6890,2.1120,5.4525,0.0000,0.0001

2520.6890,2.1128,5.4988,0.0000,0.0001

2521.6900,2.1116,5.4782,0.0000,0.0001

2522.6890,2.1133,5.5142,0.0000,0.0001

2523.6900,2.1137,5.5040,0.0000,0.0001

2524.6890,2.1110,5.4731,0.0000,0.0001

2525.6890,2.1118,5.5194,0.0000,0.0001

2526.6890,2.1167,5.6069,0.0000,0.0001

2527.6890,2.1179,5.5297,0.0000,0.0001

2528.6890,2.1205,5.5657,0.0000,0.0001

2529.6890,2.1223,5.4988,0.0000,0.0001

2530.6890,2.1221,5.4937,0.0000,0.0001

2531.6890,2.1231,5.5040,0.0000,0.0001

2532.6890,2.1231,5.5142,0.0000,0.0001

2533.6890,2.1223,5.4834,0.0000,0.0001

2534.6890,2.1215,5.4525,0.0000,0.0001

2535.6890,2.1205,5.4937,0.0000,0.0001

2536.6890,2.1159,5.4885,0.0000,0.0001

2537.6890,2.1157,5.5245,0.0000,0.0001

2538.6900,2.1143,5.5297,0.0000,0.0001

2539.6890,2.1143,5.4988,0.0000,0.0001

2540.6900,2.1128,5.4525,0.0000,0.0001

2541.6890,2.1133,5.5194,0.0000,0.0001

2542.6890,2.1122,5.4834,0.0000,0.0001

2543.6890,2.1129,5.5040,0.0000,0.0001

2544.6890,2.1133,5.4628,0.0000,0.0001

2545.6890,2.1141,5.5142,0.0000,0.0001

2546.6890,2.1147,5.5040,0.0000,0.0001

2547.6890,2.1137,5.4988,0.0000,0.0001

2548.6890,2.1122,5.4885,0.0000,0.0002

2549.6890,2.1104,5.4525,0.0000,0.0001

2550.6890,2.1135,5.5348,0.0000,0.0001

2551.6890,2.1110,5.4525,0.0000,0.0001

2552.6890,2.1110,5.4834,0.0000,0.0001

2553.6890,2.1106,5.4937,0.0000,0.0001

2554.6890,2.1120,5.4988,0.0000,0.0001

2555.6890,2.1124,5.5245,0.0000,0.0001

2556.6890,2.1133,5.5297,0.0000,0.0001

2557.6890,2.1133,5.4988,0.0000,0.0001

2558.6890,2.1145,5.5194,0.0000,0.0001

2559.6890,2.1163,5.4988,0.0000,0.0001

2560.6890,2.1139,5.4731,0.0000,0.0001

2561.6890,2.1155,5.4937,0.0000,0.0001

2562.6890,2.1157,5.4885,0.0000,0.0001

2563.6890,2.1159,5.4988,0.0000,0.0001

2564.6890,2.1167,5.5194,0.0000,0.0001

2565.6900,2.1151,5.4834,0.0000,0.0001

2566.6900,2.1133,5.4834,0.0000,0.0001

2567.6890,2.1114,5.4474,0.0000,0.0001

2568.6890,2.1088,5.4525,0.0000,0.0001

2569.6890,2.1062,5.4319,0.0000,0.0001

2570.6890,2.1078,5.5142,0.0000,0.0001

2571.6890,2.1082,5.5040,0.0000,0.0001

2572.6900,2.1100,5.5348,0.0000,0.0001

2573.6890,2.1106,5.5142,0.0000,0.0001

2574.6900,2.1082,5.4576,0.0000,0.0001

2575.6890,2.1098,5.5245,0.0000,0.0001

2576.6900,2.1126,5.5554,0.0000,0.0001

2577.6890,2.1151,5.5142,0.0000,0.0001

2578.6890,2.1175,5.5142,0.0000,0.0001

2579.6890,2.1225,5.5605,0.0000,0.0001

2580.6890,2.1211,5.4782,0.0000,0.0001

2581.6900,2.1205,5.4885,0.0000,0.0001

2582.6890,2.1185,5.4834,0.0000,0.0001

2583.6890,2.1185,5.5142,0.0000,0.0001

2584.6890,2.1193,5.4782,0.0000,0.0001

2585.6900,2.1177,5.4834,0.0000,0.0001

2586.6890,2.1145,5.4731,0.0000,0.0001

2587.6890,2.1133,5.4834,0.0000,0.0001

2588.6890,2.1126,5.4937,0.0000,0.0001

2589.6890,2.1100,5.4937,0.0000,0.0001

2590.6890,2.1106,5.4937,0.0000,0.0001

2591.6890,2.1124,5.5348,0.0000,0.0001

2592.6890,2.1124,5.4834,0.0000,0.0001

2593.6890,2.1108,5.4731,0.0000,0.0001

2594.6890,2.1118,5.5040,0.0000,0.0001

2595.6900,2.1133,5.5245,0.0000,0.0001

2596.6890,2.1139,5.4885,0.0000,0.0001

2597.6890,2.1141,5.4885,0.0000,0.0001

2598.6890,2.1151,5.5194,0.0000,0.0001

2599.6890,2.1171,5.5451,0.0000,0.0001

2600.6890,2.1171,5.4937,0.0000,0.0001

2601.6890,2.1159,5.5040,0.0000,0.0001

2602.6890,2.1161,5.4885,0.0000,0.0001

2603.6890,2.1151,5.4474,0.0000,0.0001

2604.6890,2.1149,5.4988,0.0000,0.0001

2605.6890,2.1139,5.4988,0.0000,0.0001

2606.6890,2.1135,5.4782,0.0000,0.0001

2607.6890,2.1141,5.5040,0.0000,0.0001

2608.6890,2.1122,5.4679,0.0000,0.0001

2609.6890,2.1100,5.4885,0.0000,0.0001

2610.6890,2.1086,5.4576,0.0000,0.0001

2611.6900,2.1080,5.4885,0.0000,0.0001

2612.6890,2.1084,5.4988,0.0000,0.0001

2613.6900,2.1096,5.4782,0.0000,0.0001

2614.6890,2.1090,5.4834,0.0000,0.0001

2615.6890,2.1082,5.4782,0.0000,0.0001

2616.6890,2.1080,5.4731,0.0000,0.0001

2617.6890,2.1076,5.4937,0.0000,0.0002

2618.6900,2.1070,5.4525,0.0000,0.0001

2619.6890,2.1058,5.4576,0.0000,0.0001

2620.6890,2.1064,5.4731,0.0000,0.0001

2621.6890,2.1064,5.4885,0.0000,0.0001

2622.6890,2.1062,5.4937,0.0000,0.0001

2623.6890,2.1062,5.4782,0.0000,0.0001

2624.6890,2.1072,5.5091,0.0000,0.0001

2625.6890,2.1076,5.4885,0.0000,0.0001

2626.6890,2.1082,5.4885,0.0000,0.0001

2627.6890,2.1088,5.5091,0.0000,0.0001

2628.6890,2.1108,5.5040,0.0000,0.0001

2629.6900,2.1133,5.5245,0.0000,0.0001

2630.6890,2.1147,5.5091,0.0000,0.0001

2631.6890,2.1139,5.4679,0.0000,0.0001

2632.6890,2.1169,5.5708,0.0000,0.0001

2633.6890,2.1177,5.4988,0.0000,0.0001

2634.6890,2.1165,5.4782,0.0000,0.0001

2635.6890,2.1193,5.5605,0.0000,0.0001

2636.6890,2.1189,5.4782,0.0000,0.0001

2637.6900,2.1179,5.4834,0.0000,0.0001

2638.6900,2.1175,5.4937,0.0000,0.0001

2639.6890,2.1157,5.4782,0.0000,0.0001

2640.6890,2.1155,5.5040,0.0000,0.0001

2641.6890,2.1155,5.4679,0.0000,0.0001

2642.6890,2.1106,5.4422,0.0000,0.0001

2643.6890,2.1108,5.5040,0.0000,0.0001

2644.6890,2.1120,5.5091,0.0000,0.0001

2645.6890,2.1098,5.5040,0.0000,0.0001

2646.6900,2.1106,5.4988,0.0000,0.0001

2647.6900,2.1110,5.4937,0.0000,0.0001

2648.6890,2.1104,5.4782,0.0000,0.0001

2649.6890,2.1106,5.4834,0.0000,0.0001

2650.6890,2.1090,5.4628,0.0000,0.0001

2651.6890,2.1086,5.4576,0.0000,0.0001

2652.6890,2.1100,5.4782,0.0000,0.0001

2653.6890,2.1100,5.5040,0.0000,0.0001

2654.6890,2.1088,5.4782,0.0000,0.0001

2655.6890,2.1096,5.5245,0.0000,0.0001

2656.6890,2.1096,5.4988,0.0000,0.0001

2657.6890,2.1090,5.4782,0.0000,0.0001

2658.6890,2.1084,5.4628,0.0000,0.0001

2659.6890,2.1076,5.4628,0.0000,0.0001

2660.6890,2.1082,5.4782,0.0000,0.0001

2661.6890,2.1100,5.5040,0.0000,0.0001

2662.6890,2.1094,5.4628,0.0000,0.0001

2663.6890,2.1076,5.4576,0.0000,0.0001

2664.6890,2.1082,5.4937,0.0000,0.0002

2665.6890,2.1060,5.4679,0.0000,0.0001

2666.6890,2.1056,5.4885,0.0000,0.0001

2667.6890,2.1066,5.5040,0.0000,0.0001

2668.6890,2.1072,5.4782,0.0000,0.0001

2669.6890,2.1076,5.4731,0.0000,0.0001

2670.6890,2.1094,5.5245,0.0000,0.0001

2671.6890,2.1098,5.5142,0.0000,0.0001

2672.6890,2.1110,5.4937,0.0000,0.0001

2673.6890,2.1114,5.4679,0.0000,0.0001

2674.6890,2.1114,5.4937,0.0000,0.0001

2675.6890,2.1114,5.4679,0.0000,0.0001

2676.6890,2.1108,5.4731,0.0000,0.0001

2677.6890,2.1118,5.5297,0.0000,0.0001

2678.6890,2.1122,5.4885,0.0000,0.0001

2679.6890,2.1122,5.4731,0.0000,0.0001

2680.6890,2.1112,5.4988,0.0000,0.0001

2681.6890,2.1106,5.4988,0.0000,0.0001

2682.6890,2.1104,5.4885,0.0000,0.0001

2683.6890,2.1139,5.5605,0.0000,0.0001

2684.6890,2.1143,5.5040,0.0000,0.0001

2685.6890,2.1145,5.4731,0.0000,0.0001

2686.6890,2.1153,5.4937,0.0000,0.0001

2687.6890,2.1151,5.5245,0.0000,0.0001

2688.6890,2.1145,5.4731,0.0000,0.0001

2689.6890,2.1153,5.4937,0.0000,0.0001

2690.6890,2.1143,5.4731,0.0000,0.0001

2691.6890,2.1141,5.4937,0.0000,0.0001

2692.6890,2.1155,5.5245,0.0000,0.0001

2693.6890,2.1139,5.5194,0.0000,0.0001

2694.6890,2.1149,5.5297,0.0000,0.0001

2695.6900,2.1141,5.4525,0.0000,0.0001

2696.6890,2.1141,5.4937,0.0000,0.0001

2697.6890,2.1124,5.4782,0.0000,0.0001

2698.6890,2.1135,5.5040,0.0000,0.0001

2699.6890,2.1128,5.4731,0.0000,0.0001

2700.6900,2.1124,5.4628,0.0000,0.0001

2701.6890,2.1124,5.4937,0.0000,0.0001

2702.6890,2.1112,5.4937,0.0000,0.0001

2703.6890,2.1096,5.4782,0.0000,0.0001

2704.6890,2.1078,5.4834,0.0000,0.0001

2705.6890,2.1098,5.5040,0.0000,0.0001

2706.6890,2.1104,5.5091,0.0000,0.0001

2707.6890,2.1143,5.5811,0.0000,0.0001

2708.6890,2.1145,5.5091,0.0000,0.0002

2709.6890,2.1149,5.4834,0.0000,0.0001

2710.6890,2.1155,5.4782,0.0000,0.0001

2711.6890,2.1161,5.5091,0.0000,0.0001

2712.6890,2.1155,5.4782,0.0000,0.0001

2713.6890,2.1165,5.5040,0.0000,0.0001

2714.6890,2.1171,5.4988,0.0000,0.0001

2715.6890,2.1153,5.4576,0.0000,0.0001

2716.6890,2.1155,5.5142,0.0000,0.0001

2717.6900,2.1124,5.4988,0.0000,0.0001

2718.6890,2.1120,5.4988,0.0000,0.0001

2719.6890,2.1124,5.4937,0.0000,0.0001

2720.6890,2.1128,5.4885,0.0000,0.0001

2721.6890,2.1131,5.5194,0.0000,0.0001

2722.6890,2.1129,5.4731,0.0000,0.0001

2723.6890,2.1129,5.5040,0.0000,0.0001

2724.6890,2.1139,5.5245,0.0000,0.0001

2725.6890,2.1147,5.4782,0.0000,0.0001

2726.6890,2.1145,5.5091,0.0000,0.0001

2727.6890,2.1149,5.5091,0.0000,0.0001

2728.6890,2.1141,5.4782,0.0000,0.0001

2729.6900,2.1151,5.5194,0.0000,0.0001

2730.6890,2.1159,5.5091,0.0000,0.0001

2731.6890,2.1165,5.5348,0.0000,0.0001

2732.6890,2.1177,5.5040,0.0000,0.0001

2733.6890,2.1175,5.4988,0.0000,0.0001

2734.6890,2.1153,5.4679,0.0000,0.0001

2735.6890,2.1167,5.5142,0.0000,0.0001

2736.6890,2.1159,5.4885,0.0000,0.0001

2737.6890,2.1161,5.5142,0.0000,0.0001

2738.6890,2.1165,5.4885,0.0000,0.0001

2739.6890,2.1161,5.5091,0.0000,0.0001

2740.6890,2.1157,5.4988,0.0000,0.0001

2741.6890,2.1137,5.4834,0.0000,0.0001

2742.6890,2.1137,5.5040,0.0000,0.0001

2743.6890,2.1139,5.5040,0.0000,0.0001

2744.6890,2.1161,5.5245,0.0000,0.0001

2745.6890,2.1145,5.4731,0.0000,0.0001

2746.6900,2.1151,5.5040,0.0000,0.0001

2747.6890,2.1151,5.5142,0.0000,0.0001

2748.6890,2.1149,5.4834,0.0000,0.0001

2749.6890,2.1143,5.4937,0.0000,0.0001

2750.6890,2.1137,5.4834,0.0000,0.0001

2751.6890,2.1145,5.5040,0.0000,0.0001

2752.6890,2.1145,5.5040,0.0000,0.0001

2753.6890,2.1135,5.4782,0.0000,0.0001

2754.6890,2.1122,5.4885,0.0000,0.0001

2755.6900,2.1116,5.4576,0.0000,0.0001

2756.6890,2.1116,5.5040,0.0000,0.0001

2757.6900,2.1118,5.5194,0.0000,0.0001

2758.6890,2.1114,5.4731,0.0000,0.0001

2759.6890,2.1116,5.4988,0.0000,0.0001

2760.6890,2.1118,5.4885,0.0000,0.0001

2761.6890,2.1108,5.4782,0.0000,0.0001

2762.6890,2.1110,5.5091,0.0000,0.0001

2763.6900,2.1106,5.4679,0.0000,0.0001

2764.6890,2.1106,5.4885,0.0000,0.0001

2765.6890,2.1120,5.4937,0.0000,0.0001

2766.6890,2.1118,5.4988,0.0000,0.0001

2767.6890,2.1110,5.4988,0.0000,0.0001

2768.6890,2.1114,5.4834,0.0000,0.0001

2769.6890,2.1116,5.5040,0.0000,0.0001

2770.6890,2.1120,5.4988,0.0000,0.0001

2771.6890,2.1124,5.4885,0.0000,0.0001

2772.6890,2.1120,5.4988,0.0000,0.0001

2773.6890,2.1118,5.4628,0.0000,0.0001

2774.6890,2.1110,5.4679,0.0000,0.0001

2775.6900,2.1131,5.5503,0.0000,0.0001

2776.6890,2.1139,5.5194,0.0000,0.0001

2777.6890,2.1141,5.5040,0.0000,0.0001

2778.6890,2.1149,5.5040,0.0000,0.0001

2779.6890,2.1147,5.4988,0.0000,0.0001

2780.6890,2.1153,5.5142,0.0000,0.0001

2781.6890,2.1145,5.4679,0.0000,0.0001

2782.6890,2.1137,5.4782,0.0000,0.0001

2783.6890,2.1151,5.4988,0.0000,0.0001

2784.6890,2.1161,5.4937,0.0000,0.0001

2785.6890,2.1141,5.4988,0.0000,0.0001

2786.6890,2.1126,5.4782,0.0000,0.0001

2787.6890,2.1108,5.4576,0.0000,0.0001

2788.6890,2.1110,5.5091,0.0000,0.0001

2789.6890,2.1106,5.4885,0.0000,0.0001

2790.6890,2.1084,5.4576,0.0000,0.0001

2791.6890,2.1098,5.5040,0.0000,0.0001

2792.6890,2.1088,5.4525,0.0000,0.0001

2793.6890,2.1086,5.4937,0.0000,0.0001

2794.6890,2.1088,5.4988,0.0000,0.0001

2795.6890,2.1088,5.4988,0.0000,0.0001

2796.6900,2.1096,5.4988,0.0000,0.0001

2797.6890,2.1108,5.4885,0.0000,0.0001

2798.6890,2.1104,5.4988,0.0000,0.0001

2799.6890,2.1104,5.4885,0.0000,0.0001

2800.6890,2.1106,5.4628,0.0000,0.0001

2801.6890,2.1098,5.4834,0.0000,0.0001

2802.6900,2.1110,5.4834,0.0000,0.0001

2803.6890,2.1098,5.4628,0.0000,0.0001

2804.6890,2.1110,5.5297,0.0000,0.0001

2805.6890,2.1102,5.4782,0.0000,0.0002

2806.6900,2.1092,5.4731,0.0000,0.0001

2807.6900,2.1080,5.4576,0.0000,0.0001

2808.6890,2.1070,5.4731,0.0000,0.0001

2809.6890,2.1072,5.4937,0.0000,0.0001

2810.6890,2.1084,5.4937,0.0000,0.0001

2811.6900,2.1092,5.5040,0.0000,0.0001

2812.6890,2.1090,5.4782,0.0000,0.0001

2813.6890,2.1104,5.4988,0.0000,0.0001

2814.6890,2.1074,5.4525,0.0000,0.0001

2815.6890,2.1082,5.4988,0.0000,0.0001

2816.6890,2.1090,5.4937,0.0000,0.0001

2817.6890,2.1104,5.4937,0.0000,0.0001

2818.6890,2.1114,5.4988,0.0000,0.0001

2819.6890,2.1108,5.4782,0.0000,0.0001

2820.6890,2.1096,5.4628,0.0000,0.0001

2821.6890,2.1084,5.4731,0.0000,0.0001

2822.6890,2.1086,5.4834,0.0000,0.0001

2823.6890,2.1086,5.4988,0.0000,0.0001

2824.6890,2.1086,5.4525,0.0000,0.0001

2825.6890,2.1084,5.4937,0.0000,0.0001

2826.6890,2.1086,5.4988,0.0000,0.0001

2827.6890,2.1084,5.4885,0.0000,0.0001

2828.6890,2.1072,5.4679,0.0000,0.0001

2829.6890,2.1076,5.4885,0.0000,0.0002

2830.6890,2.1070,5.4474,0.0000,0.0001

2831.6890,2.1066,5.4628,0.0000,0.0001

2832.6890,2.1072,5.4988,0.0000,0.0001

2833.6890,2.1078,5.5142,0.0000,0.0001

2834.6890,2.1090,5.4834,0.0000,0.0001

2835.6890,2.1078,5.4628,0.0000,0.0001

2836.6900,2.1078,5.4988,0.0000,0.0001

2837.6890,2.1086,5.5091,0.0000,0.0001

2838.6890,2.1092,5.4834,0.0000,0.0001

2839.6890,2.1080,5.4576,0.0000,0.0001

2840.6890,2.1106,5.5142,0.0000,0.0001

2841.6890,2.1118,5.4937,0.0000,0.0001

2842.6890,2.1124,5.5142,0.0000,0.0001

2843.6890,2.1110,5.4782,0.0000,0.0001

2844.6890,2.1114,5.4937,0.0000,0.0001

2845.6890,2.1120,5.4782,0.0000,0.0001

2846.6890,2.1122,5.5040,0.0000,0.0002

2847.6890,2.1108,5.4731,0.0000,0.0001

2848.6890,2.1100,5.4628,0.0000,0.0001

2849.6890,2.1116,5.4988,0.0000,0.0001

2850.6890,2.1108,5.4937,0.0000,0.0001

2851.6890,2.1118,5.5194,0.0000,0.0001

2852.6890,2.1118,5.5142,0.0000,0.0001

2853.6890,2.1116,5.4731,0.0000,0.0001

2854.6890,2.1120,5.5040,0.0000,0.0001

2855.6890,2.1126,5.4937,0.0000,0.0001

2856.6890,2.1116,5.4782,0.0000,0.0001

2857.6890,2.1122,5.4885,0.0000,0.0001

2858.6890,2.1131,5.4885,0.0000,0.0001

2859.6890,2.1131,5.4988,0.0000,0.0001

2860.6890,2.1135,5.5040,0.0000,0.0001

2861.6890,2.1122,5.4834,0.0000,0.0001

2862.6890,2.1106,5.4731,0.0000,0.0001

2863.6890,2.1118,5.5040,0.0000,0.0001

2864.6890,2.1116,5.4988,0.0000,0.0001

2865.6890,2.1116,5.4937,0.0000,0.0001

2866.6890,2.1126,5.5040,0.0000,0.0001

2867.6890,2.1120,5.4731,0.0000,0.0001

2868.6890,2.1118,5.4834,0.0000,0.0001

2869.6890,2.1129,5.5297,0.0000,0.0001

2870.6890,2.1126,5.4937,0.0000,0.0001

2871.6890,2.1118,5.4628,0.0000,0.0001

2872.6890,2.1122,5.4834,0.0000,0.0001

2873.6890,2.1114,5.4834,0.0000,0.0001

2874.6890,2.1110,5.4885,0.0000,0.0001

2875.6890,2.1108,5.4885,0.0000,0.0001

2876.6890,2.1100,5.4834,0.0000,0.0001

2877.6890,2.1108,5.4937,0.0000,0.0001

2878.6890,2.1108,5.4834,0.0000,0.0001

2879.6890,2.1098,5.5040,0.0000,0.0001

2880.6890,2.1092,5.4782,0.0000,0.0001

2881.6890,2.1110,5.5091,0.0000,0.0001

2882.6890,2.1116,5.4988,0.0000,0.0001

2883.6890,2.1122,5.4988,0.0000,0.0001

2884.6890,2.1129,5.5091,0.0000,0.0001

2885.6900,2.1120,5.4628,0.0000,0.0001

2886.6890,2.1124,5.4937,0.0000,0.0001

2887.6900,2.1126,5.4988,0.0000,0.0001

2888.6890,2.1124,5.4782,0.0000,0.0001

2889.6900,2.1124,5.5040,0.0000,0.0001

2890.6890,2.1129,5.4937,0.0000,0.0001

2891.6900,2.1110,5.4576,0.0000,0.0001

2892.6900,2.1114,5.5091,0.0000,0.0001

2893.6890,2.1118,5.5091,0.0000,0.0001

2894.6890,2.1120,5.5142,0.0000,0.0001

2895.6890,2.1131,5.4937,0.0000,0.0001

2896.6890,2.1126,5.4782,0.0000,0.0001

2897.6890,2.1128,5.5040,0.0000,0.0001

2898.6890,2.1129,5.4834,0.0000,0.0001

2899.6890,2.1165,5.5966,0.0000,0.0001

2900.6890,2.1173,5.5142,0.0000,0.0001

2901.6890,2.1179,5.4731,0.0000,0.0001

2902.6900,2.1161,5.4628,0.0000,0.0001

2903.6890,2.1157,5.4988,0.0000,0.0001

2904.6900,2.1159,5.5194,0.0000,0.0001

2905.6890,2.1163,5.5040,0.0000,0.0001

2906.6890,2.1147,5.4371,0.0000,0.0001

2907.6890,2.1135,5.4731,0.0000,0.0001

2908.6890,2.1151,5.5245,0.0000,0.0001

2909.6890,2.1086,5.4268,0.0000,0.0001

2910.6890,2.1052,5.4268,0.0000,0.0001

2911.6900,2.1044,5.4525,0.0000,0.0001

2912.6890,2.1058,5.4988,0.0000,0.0001

2913.6890,2.1088,5.5760,0.0000,0.0001

2914.6890,2.1062,5.4525,0.0000,0.0001

2915.6890,2.1056,5.4885,0.0000,0.0001

2916.6890,2.1096,5.5400,0.0000,0.0001

2917.6890,2.1108,5.5040,0.0000,0.0001

2918.6900,2.1090,5.4782,0.0000,0.0001

2919.6890,2.1128,5.5245,0.0000,0.0001

2920.6890,2.1155,5.4988,0.0000,0.0001

2921.6890,2.1179,5.5142,0.0000,0.0001

2922.6890,2.1187,5.5194,0.0000,0.0002

2923.6890,2.1149,5.4782,0.0000,0.0001

2924.6900,2.1171,5.5091,0.0000,0.0001

2925.6890,2.1159,5.4576,0.0000,0.0001

2926.6890,2.1145,5.5040,0.0000,0.0001

2927.6890,2.1153,5.5245,0.0000,0.0001

2928.6890,2.1171,5.5245,0.0000,0.0001

2929.6890,2.1157,5.4885,0.0000,0.0001

2930.6890,2.1165,5.5194,0.0000,0.0001

2931.6890,2.1153,5.4834,0.0000,0.0001

2932.6890,2.1143,5.4937,0.0000,0.0001

2933.6890,2.1131,5.4474,0.0000,0.0001

2934.6890,2.1122,5.4834,0.0000,0.0001

2935.6890,2.1126,5.4679,0.0000,0.0001

2936.6890,2.1116,5.4782,0.0000,0.0001

2937.6900,2.1098,5.4782,0.0000,0.0001

2938.6890,2.1086,5.4937,0.0000,0.0001

2939.6900,2.1090,5.4988,0.0000,0.0001

2940.6890,2.1060,5.4422,0.0000,0.0001

2941.6890,2.1052,5.4628,0.0000,0.0001

2942.6900,2.1060,5.5142,0.0000,0.0001

2943.6890,2.1080,5.4988,0.0000,0.0001

2944.6890,2.1080,5.4834,0.0000,0.0001

2945.6890,2.1096,5.5091,0.0000,0.0001

2946.6890,2.1104,5.4988,0.0000,0.0001

2947.6890,2.1114,5.5040,0.0000,0.0001

2948.6890,2.1110,5.4834,0.0000,0.0001

2949.6890,2.1104,5.4834,0.0000,0.0001

2950.6900,2.1116,5.4731,0.0000,0.0001

2951.6900,2.1114,5.4576,0.0000,0.0001

2952.6890,2.1108,5.4988,0.0000,0.0001

2953.6890,2.1112,5.5091,0.0000,0.0001

2954.6890,2.1116,5.4937,0.0000,0.0001

2955.6890,2.1106,5.4834,0.0000,0.0001

2956.6890,2.1120,5.5348,0.0000,0.0001

2957.6890,2.1118,5.4988,0.0000,0.0001

2958.6890,2.1116,5.4782,0.0000,0.0001

2959.6890,2.1124,5.5040,0.0000,0.0001

2960.6890,2.1141,5.5194,0.0000,0.0001

2961.6890,2.1159,5.5040,0.0000,0.0001

2962.6890,2.1155,5.4885,0.0000,0.0001

2963.6890,2.1157,5.5142,0.0000,0.0001

2964.6890,2.1155,5.4885,0.0000,0.0001

2965.6890,2.1149,5.4679,0.0000,0.0001

2966.6900,2.1129,5.4834,0.0000,0.0002

2967.6890,2.1129,5.4988,0.0000,0.0001

2968.6900,2.1122,5.4576,0.0000,0.0001

2969.6900,2.1122,5.5040,0.0000,0.0001

2970.6890,2.1108,5.4834,0.0000,0.0001

2971.6890,2.1110,5.5091,0.0000,0.0001

2972.6890,2.1114,5.4988,0.0000,0.0001

2973.6890,2.1108,5.4988,0.0000,0.0001

2974.6890,2.1096,5.4576,0.0000,0.0001

2975.6890,2.1114,5.5142,0.0000,0.0001

2976.6890,2.1116,5.4885,0.0000,0.0001

2977.6890,2.1108,5.4782,0.0000,0.0001

2978.6890,2.1114,5.4731,0.0000,0.0001

2979.6890,2.1112,5.4988,0.0000,0.0001

2980.6890,2.1110,5.4782,0.0000,0.0001

2981.6890,2.1110,5.5091,0.0000,0.0001

2982.6890,2.1108,5.4937,0.0000,0.0001

2983.6890,2.1102,5.4834,0.0000,0.0001

2984.6890,2.1112,5.4834,0.0000,0.0001

2985.6900,2.1106,5.4988,0.0000,0.0001

2986.6890,2.1102,5.4782,0.0000,0.0001

2987.6890,2.1098,5.4679,0.0000,0.0001

2988.6890,2.1104,5.4885,0.0000,0.0001

2989.6890,2.1112,5.5194,0.0000,0.0001

2990.6900,2.1114,5.4834,0.0000,0.0001

2991.6900,2.1080,5.4216,0.0000,0.0001

2992.6890,2.1086,5.5091,0.0000,0.0001

2993.6900,2.1098,5.5142,0.0000,0.0001

2994.6890,2.1104,5.4988,0.0000,0.0001

2995.6890,2.1114,5.5245,0.0000,0.0001

2996.6890,2.1116,5.4834,0.0000,0.0001

2997.6890,2.1110,5.4525,0.0000,0.0001

2998.6890,2.1104,5.4731,0.0000,0.0001

2999.6890,2.1094,5.4937,0.0000,0.0001

3000.6890,2.1088,5.4679,0.0000,0.0001

3001.6900,2.1108,5.4731,0.0000,0.0001

3002.6890,2.1102,5.4937,0.0000,0.0001

3003.6890,2.1098,5.5040,0.0000,0.0001

3004.6900,2.1120,5.5554,0.0000,0.0001

3005.6890,2.1137,5.5708,0.0000,0.0001

3006.6890,2.1137,5.4834,0.0000,0.0001

3007.6900,2.1157,5.5040,0.0000,0.0001

3008.6890,2.1167,5.4988,0.0000,0.0001

3009.6890,2.1167,5.4937,0.0000,0.0001

3010.6890,2.1183,5.5091,0.0000,0.0001

3011.6900,2.1183,5.4731,0.0000,0.0001

3012.6890,2.1179,5.4834,0.0000,0.0001

3013.6890,2.1191,5.5348,0.0000,0.0001

3014.6890,2.1171,5.5040,0.0000,0.0001

3015.6890,2.1139,5.4885,0.0000,0.0001

3016.6890,2.1145,5.4988,0.0000,0.0001

3017.6900,2.1169,5.5657,0.0000,0.0001

3018.6890,2.1157,5.4679,0.0000,0.0001

3019.6890,2.1153,5.4834,0.0000,0.0001

3020.6890,2.1149,5.4988,0.0000,0.0001

3021.6890,2.1157,5.4937,0.0000,0.0001

3022.6890,2.1163,5.4988,0.0000,0.0001

3023.6890,2.1157,5.5194,0.0000,0.0001

3024.6890,2.1149,5.4834,0.0000,0.0001

3025.6890,2.1143,5.4731,0.0000,0.0001

3026.6890,2.1147,5.5091,0.0000,0.0001

3027.6890,2.1114,5.4782,0.0000,0.0001

3028.6890,2.1114,5.4679,0.0000,0.0001

3029.6890,2.1120,5.4988,0.0000,0.0001

3030.6890,2.1108,5.4679,0.0000,0.0002

3031.6890,2.1112,5.5040,0.0000,0.0001

3032.6890,2.1106,5.4834,0.0000,0.0001

3033.6890,2.1092,5.4834,0.0000,0.0001

3034.6890,2.1066,5.4165,0.0000,0.0002

3035.6890,2.1056,5.4474,0.0000,0.0001

3036.6890,2.1054,5.5040,0.0000,0.0001

3037.6890,2.1060,5.4937,0.0000,0.0001

3038.6890,2.1066,5.4834,0.0000,0.0001

3039.6890,2.1070,5.5091,0.0000,0.0001

3040.6890,2.1084,5.5040,0.0000,0.0001

3041.6890,2.1074,5.4782,0.0000,0.0001

3042.6890,2.1064,5.4576,0.0000,0.0001

3043.6890,2.1070,5.4988,0.0000,0.0001

3044.6890,2.1126,5.5605,0.0000,0.0001

3045.6890,2.1141,5.4885,0.0000,0.0001

3046.6890,2.1126,5.4628,0.0000,0.0001

3047.6890,2.1122,5.4834,0.0000,0.0001

3048.6890,2.1118,5.4731,0.0000,0.0001

3049.6890,2.1112,5.4937,0.0000,0.0001

3050.6890,2.1102,5.4782,0.0000,0.0001

3051.6890,2.1106,5.4885,0.0000,0.0001

3052.6890,2.1122,5.4988,0.0000,0.0001

3053.6890,2.1112,5.4731,0.0000,0.0001

3054.6890,2.1082,5.4834,0.0000,0.0001

3055.6890,2.1094,5.5194,0.0000,0.0001

3056.6890,2.1114,5.5142,0.0000,0.0001

3057.6900,2.1122,5.5040,0.0000,0.0001

3058.6890,2.1110,5.4422,0.0000,0.0001

3059.6900,2.1112,5.4988,0.0000,0.0001

3060.6900,2.1104,5.4576,0.0000,0.0001

3061.6890,2.1102,5.4834,0.0000,0.0001

3062.6890,2.1098,5.4885,0.0000,0.0001

3063.6890,2.1104,5.4885,0.0000,0.0001

3064.6890,2.1131,5.5554,0.0000,0.0001

3065.6890,2.1122,5.4937,0.0000,0.0001

3066.6890,2.1112,5.4885,0.0000,0.0001

3067.6890,2.1106,5.4885,0.0000,0.0001

3068.6890,2.1143,5.5400,0.0000,0.0001

3069.6900,2.1141,5.4937,0.0000,0.0001

3070.6890,2.1149,5.4782,0.0000,0.0001

3071.6890,2.1159,5.5091,0.0000,0.0001

3072.6890,2.1169,5.5142,0.0000,0.0001

3073.6890,2.1177,5.5091,0.0000,0.0001

3074.6890,2.1155,5.4988,0.0000,0.0001

3075.6900,2.1163,5.5142,0.0000,0.0001

3076.6890,2.1161,5.4834,0.0000,0.0001

3077.6890,2.1163,5.4937,0.0000,0.0001

3078.6890,2.1143,5.4885,0.0000,0.0001

3079.6890,2.1135,5.4731,0.0000,0.0001

3080.6890,2.1143,5.4988,0.0000,0.0001

3081.6890,2.1137,5.4937,0.0000,0.0001

3082.6890,2.1133,5.5040,0.0000,0.0001

3083.6890,2.1128,5.4937,0.0000,0.0001

3084.6890,2.1128,5.4988,0.0000,0.0001

3085.6890,2.1116,5.4834,0.0000,0.0002

3086.6890,2.1120,5.4937,0.0000,0.0001

3087.6890,2.1120,5.4937,0.0000,0.0001

3088.6900,2.1116,5.4782,0.0000,0.0002

3089.6890,2.1122,5.4885,0.0000,0.0001

3090.6890,2.1126,5.5091,0.0000,0.0001

3091.6890,2.1131,5.5091,0.0000,0.0001

3092.6890,2.1131,5.5040,0.0000,0.0001

3093.6900,2.1133,5.4988,0.0000,0.0001

3094.6900,2.1129,5.4885,0.0000,0.0001

3095.6890,2.1129,5.4834,0.0000,0.0001

3096.6890,2.1129,5.4937,0.0000,0.0001

3097.6890,2.1129,5.4937,0.0000,0.0001

3098.6890,2.1161,5.5605,0.0000,0.0001

3099.6890,2.1201,5.5914,0.0000,0.0001

3100.6890,2.1199,5.5040,0.0000,0.0001

3101.6890,2.1193,5.4937,0.0000,0.0001

3102.6890,2.1197,5.5142,0.0000,0.0001

3103.6890,2.1195,5.4937,0.0000,0.0001

3104.6890,2.1175,5.4371,0.0000,0.0001

3105.6890,2.1173,5.4782,0.0000,0.0001

3106.6890,2.1185,5.5245,0.0000,0.0001

3107.6890,2.1187,5.4988,0.0000,0.0001

3108.6890,2.1149,5.4628,0.0000,0.0001

3109.6890,2.1104,5.4731,0.0000,0.0001

3110.6890,2.1090,5.4679,0.0000,0.0001

3111.6890,2.1050,5.3908,0.0000,0.0001

3112.6890,2.1036,5.4782,0.0000,0.0001

3113.6890,2.1034,5.4885,0.0000,0.0001

3114.6890,2.1058,5.4988,0.0000,0.0001

3115.6890,2.1066,5.4988,0.0000,0.0001

3116.6890,2.1056,5.4988,0.0000,0.0001

3117.6890,2.1062,5.5142,0.0000,0.0001

3118.6890,2.1072,5.4885,0.0000,0.0001

3119.6890,2.1078,5.4885,0.0000,0.0001

3120.6890,2.1086,5.4885,0.0000,0.0001

3121.6890,2.1122,5.4834,0.0000,0.0001

3122.6890,2.1116,5.4628,0.0000,0.0001

3123.6890,2.1116,5.4885,0.0000,0.0001

3124.6890,2.1096,5.4474,0.0000,0.0001

3125.6890,2.1078,5.4525,0.0000,0.0001

3126.6890,2.1080,5.5040,0.0000,0.0001

3127.6890,2.1058,5.4576,0.0000,0.0001

3128.6890,2.1058,5.4885,0.0000,0.0001

3129.6890,2.1054,5.4782,0.0000,0.0001

3130.6890,2.1074,5.5400,0.0000,0.0001

3131.6900,2.1072,5.4782,0.0000,0.0001

3132.6890,2.1078,5.4782,0.0000,0.0001

3133.6890,2.1076,5.4834,0.0000,0.0001

3134.6890,2.1098,5.5040,0.0000,0.0001

3135.6890,2.1120,5.5091,0.0000,0.0001

3136.6890,2.1108,5.4731,0.0000,0.0001

3137.6890,2.1124,5.4988,0.0000,0.0001

3138.6890,2.1122,5.4834,0.0000,0.0001

3139.6890,2.1135,5.5142,0.0000,0.0001

3140.6890,2.1058,5.3393,0.0000,0.0001

3141.6890,2.1076,5.5245,0.0000,0.0001

3142.6890,2.1082,5.4937,0.0000,0.0001

3143.6890,2.1116,5.5708,0.0000,0.0001

3144.6890,2.1106,5.4782,0.0000,0.0001

3145.6890,2.1098,5.4885,0.0000,0.0001

3146.6890,2.1108,5.4988,0.0000,0.0001

3147.6890,2.1114,5.5142,0.0000,0.0001

3148.6890,2.1131,5.5297,0.0000,0.0001

3149.6890,2.1124,5.4937,0.0000,0.0001

3150.6890,2.1183,5.4937,0.0000,0.0001

3151.6890,2.1193,5.5503,0.0000,0.0001

3152.6890,2.1201,5.5142,0.0000,0.0001

3153.6890,2.1173,5.4988,0.0000,0.0001

3154.6890,2.1195,5.5348,0.0000,0.0001

3155.6890,2.1195,5.4885,0.0000,0.0001

3156.6890,2.1207,5.5297,0.0000,0.0001

3157.6890,2.1191,5.4731,0.0000,0.0001

3158.6890,2.1171,5.4782,0.0000,0.0001

3159.6890,2.1177,5.5091,0.0000,0.0001

3160.6890,2.1183,5.5091,0.0000,0.0001

3161.6890,2.1161,5.4937,0.0000,0.0001

3162.6900,2.1149,5.4834,0.0000,0.0001

3163.6900,2.1145,5.4885,0.0000,0.0001

3164.6890,2.1118,5.4628,0.0000,0.0001

3165.6890,2.1122,5.4988,0.0000,0.0001

3166.6900,2.1110,5.4988,0.0000,0.0001

3167.6890,2.1118,5.4937,0.0000,0.0001

3168.6890,2.1137,5.5297,0.0000,0.0001

3169.6890,2.1133,5.4988,0.0000,0.0001

3170.6890,2.1126,5.4885,0.0000,0.0001

3171.6890,2.1124,5.4885,0.0000,0.0001

3172.6890,2.1122,5.4782,0.0000,0.0001

3173.6900,2.1126,5.4988,0.0000,0.0001

3174.6890,2.1139,5.4988,0.0000,0.0001

3175.6890,2.1139,5.4988,0.0000,0.0001

3176.6890,2.1129,5.4731,0.0000,0.0001

3177.6890,2.1131,5.4988,0.0000,0.0001

3178.6890,2.1110,5.4731,0.0000,0.0001

3179.6890,2.1096,5.4628,0.0000,0.0001

3180.6890,2.1108,5.5194,0.0000,0.0001

3181.6890,2.1116,5.5091,0.0000,0.0001

3182.6890,2.1128,5.5091,0.0000,0.0001

3183.6890,2.1118,5.4731,0.0000,0.0001

3184.6890,2.1118,5.4988,0.0000,0.0001

3185.6900,2.1124,5.5142,0.0000,0.0001

3186.6890,2.1133,5.4988,0.0000,0.0001

3187.6890,2.1126,5.4782,0.0000,0.0001

3188.6890,2.1131,5.4885,0.0000,0.0001

3189.6890,2.1141,5.4885,0.0000,0.0001

3190.6890,2.1129,5.4885,0.0000,0.0001

3191.6890,2.1137,5.5297,0.0000,0.0001

3192.6890,2.1133,5.4988,0.0000,0.0001

3193.6890,2.1145,5.5040,0.0000,0.0001

3194.6890,2.1143,5.4937,0.0000,0.0001

3195.6890,2.1129,5.4782,0.0000,0.0001

3196.6890,2.1129,5.4988,0.0000,0.0001

3197.6890,2.1141,5.5091,0.0000,0.0001

3198.6900,2.1143,5.4937,0.0000,0.0001

3199.6890,2.1137,5.4731,0.0000,0.0001

3200.6890,2.1147,5.5142,0.0000,0.0001

3201.6890,2.1124,5.4679,0.0000,0.0001

3202.6890,2.1118,5.4834,0.0000,0.0001

3203.6890,2.1106,5.4731,0.0000,0.0001

3204.6890,2.1088,5.4474,0.0000,0.0001

3205.6890,2.1098,5.5040,0.0000,0.0001

3206.6890,2.1090,5.4782,0.0000,0.0001

3207.6890,2.1084,5.4937,0.0000,0.0001

3208.6900,2.1094,5.5194,0.0000,0.0001

3209.6890,2.1100,5.4885,0.0000,0.0001

3210.6890,2.1096,5.5040,0.0000,0.0001

3211.6890,2.1102,5.4834,0.0000,0.0001

3212.6890,2.1106,5.4937,0.0000,0.0001

3213.6890,2.1110,5.4834,0.0000,0.0001

3214.6890,2.1133,5.5091,0.0000,0.0001

3215.6890,2.1129,5.4937,0.0000,0.0001

3216.6890,2.1139,5.5040,0.0000,0.0001

3217.6890,2.1143,5.5040,0.0000,0.0002

3218.6900,2.1137,5.5040,0.0000,0.0001

3219.6890,2.1122,5.4474,0.0000,0.0001

3220.6890,2.1098,5.4422,0.0000,0.0001

3221.6900,2.1092,5.4679,0.0000,0.0001

3222.6890,2.1080,5.4628,0.0000,0.0001

3223.6890,2.1064,5.4422,0.0000,0.0001

3224.6890,2.1064,5.5091,0.0000,0.0001

3225.6890,2.1054,5.4679,0.0000,0.0001

3226.6890,2.1036,5.4576,0.0000,0.0001

3227.6890,2.1040,5.5142,0.0000,0.0001

3228.6890,2.1024,5.4628,0.0000,0.0001

3229.6890,2.1046,5.5040,0.0000,0.0001

3230.6890,2.1072,5.5091,0.0000,0.0001

3231.6890,2.1078,5.4834,0.0000,0.0001

3232.6890,2.1080,5.4679,0.0000,0.0001

3233.6890,2.1106,5.5091,0.0000,0.0001

3234.6890,2.1100,5.4937,0.0000,0.0001

3235.6890,2.1102,5.4731,0.0000,0.0001

3236.6900,2.1098,5.4474,0.0000,0.0001

3237.6890,2.1078,5.4628,0.0000,0.0001

3238.6890,2.1086,5.4834,0.0000,0.0001

3239.6890,2.1078,5.4834,0.0000,0.0001

3240.6890,2.1076,5.5040,0.0000,0.0001

3241.6900,2.1068,5.4628,0.0000,0.0001

3242.6890,2.1084,5.5091,0.0000,0.0001

3243.6890,2.1096,5.5400,0.0000,0.0001

3244.6890,2.1104,5.5142,0.0000,0.0001

3245.6890,2.1106,5.4782,0.0000,0.0001

3246.6890,2.1126,5.4988,0.0000,0.0001

3247.6890,2.1139,5.4988,0.0000,0.0001

3248.6900,2.1133,5.4679,0.0000,0.0001

3249.6890,2.1137,5.4937,0.0000,0.0001

3250.6890,2.1137,5.5040,0.0000,0.0001

3251.6900,2.1167,5.5400,0.0000,0.0001

3252.6890,2.1153,5.4731,0.0000,0.0001

3253.6900,2.1126,5.4679,0.0000,0.0001

3254.6890,2.1120,5.4988,0.0000,0.0001

3255.6890,2.1135,5.5194,0.0000,0.0001

3256.6890,2.1131,5.4885,0.0000,0.0001

3257.6900,2.1128,5.4885,0.0000,0.0001

3258.6890,2.1129,5.4731,0.0000,0.0001

3259.6890,2.1137,5.5142,0.0000,0.0001

3260.6890,2.1145,5.5245,0.0000,0.0001

3261.6890,2.1128,5.4937,0.0000,0.0001

3262.6890,2.1135,5.4937,0.0000,0.0001

3263.6890,2.1155,5.5194,0.0000,0.0001

3264.6890,2.1147,5.4782,0.0000,0.0001

3265.6890,2.1141,5.5040,0.0000,0.0001

3266.6900,2.1141,5.4885,0.0000,0.0001

3267.6890,2.1145,5.4988,0.0000,0.0001

3268.6890,2.1145,5.4731,0.0000,0.0001

3269.6890,2.1165,5.5657,0.0000,0.0001

3270.6890,2.1151,5.4885,0.0000,0.0001

3271.6890,2.1143,5.4731,0.0000,0.0001

3272.6890,2.1151,5.5142,0.0000,0.0001

3273.6890,2.1143,5.4988,0.0000,0.0001

3274.6890,2.1147,5.4885,0.0000,0.0001

3275.6890,2.1147,5.5040,0.0000,0.0001

3276.6890,2.1165,5.5348,0.0000,0.0001

3277.6890,2.1159,5.4834,0.0000,0.0001

3278.6890,2.1169,5.4988,0.0000,0.0001

3279.6890,2.1141,5.4937,0.0000,0.0001

3280.6890,2.1147,5.5040,0.0000,0.0001

3281.6900,2.1159,5.5040,0.0000,0.0001

3282.6890,2.1155,5.5040,0.0000,0.0001

3283.6890,2.1153,5.4937,0.0000,0.0001

3284.6890,2.1165,5.5194,0.0000,0.0001

3285.6890,2.1159,5.4885,0.0000,0.0001

3286.6890,2.1124,5.4422,0.0000,0.0001

3287.6890,2.1124,5.4834,0.0000,0.0001

3288.6890,2.1137,5.5348,0.0000,0.0001

3289.6890,2.1135,5.4885,0.0000,0.0001

3290.6890,2.1128,5.4834,0.0000,0.0001

3291.6890,2.1116,5.4731,0.0000,0.0001

3292.6890,2.1122,5.5194,0.0000,0.0001

3293.6890,2.1120,5.4885,0.0000,0.0001

3294.6890,2.1126,5.5348,0.0000,0.0001

3295.6890,2.1128,5.4937,0.0000,0.0001

3296.6900,2.1137,5.4679,0.0000,0.0001

3297.6900,2.1139,5.4885,0.0000,0.0001

3298.6890,2.1106,5.4474,0.0000,0.0001

3299.6890,2.1090,5.4474,0.0000,0.0001

3300.6890,2.1058,5.4010,0.0000,0.0001

3301.6890,2.0967,5.2364,0.0000,0.0001

3302.6890,2.0768,5.0049,0.0000,0.0001

3303.6890,2.0494,4.7785,0.0000,0.0001

3304.6890,2.0214,4.8094,0.0000,0.0001

3305.6890,1.9922,4.7373,0.0000,0.0001

3306.6890,1.9563,4.5367,0.0000,0.0001

3307.6890,1.9130,4.3669,0.0000,0.0001

3308.6890,1.8715,4.3720,0.0000,0.0002

3309.6890,1.8303,4.3823,0.0000,0.0001

3310.6890,1.7910,4.3823,0.0000,0.0001

3311.6890,1.7535,4.2640,0.0000,0.0001

3312.6890,1.7140,3.9810,0.0000,0.0001

3313.6890,1.6762,3.8009,0.0000,0.0001

3314.6890,1.6355,3.7546,0.0000,0.0001

3315.6890,1.5938,3.6569,0.0000,0.0001

3316.6890,1.5563,3.5642,0.0000,0.0001

3317.6890,1.5257,3.5745,0.0000,0.0001

3318.6890,1.4784,3.1475,0.0000,0.0001

3319.6890,1.4236,2.9623,0.0000,0.0001

3320.6890,1.3706,3.0086,0.0000,0.0001

3321.6890,1.3080,2.6433,0.0000,0.0001

3322.6890,1.2520,2.5301,0.0000,0.0001

3323.6890,1.2042,2.5610,0.0000,0.0001

3324.6890,1.1589,2.5815,0.0000,0.0001

3325.6900,1.1154,2.5301,0.0000,0.0002

3326.6890,1.0749,2.5146,0.0000,0.0001

3327.6900,1.0280,2.3603,0.0000,0.0001

3328.6890,0.9972,2.3500,0.0000,0.0001

3329.6890,0.9732,2.3397,0.0000,0.0001

3330.6890,0.9472,2.3346,0.0000,0.0001

3331.6900,0.9339,2.2986,0.0000,0.0001

3332.6890,0.9237,2.2677,0.0000,0.0001

3333.6890,0.9118,2.2522,0.0000,0.0001

3334.6890,0.8995,2.2625,0.0000,0.0001

3335.6890,0.8904,2.2934,0.0000,0.0001

3336.6890,0.8743,2.0979,0.0000,0.0001

3337.6890,0.8598,1.9847,0.0000,0.0001

3338.6890,0.8441,1.9435,0.0000,0.0001

3339.6890,0.8314,2.0104,0.0000,0.0001

3340.6890,0.8167,1.9538,0.0000,0.0001

3341.6890,0.8050,1.9950,0.0000,0.0001

3342.6890,0.7929,1.9538,0.0000,0.0001

3343.6890,0.7839,2.0207,0.0000,0.0001

3344.6890,0.7726,1.9693,0.0000,0.0001

3345.6890,0.7601,1.9693,0.0000,0.0001

3346.6890,0.7553,1.9744,0.0000,0.0001

3347.6890,0.7555,1.9898,0.0000,0.0001

3348.6890,0.7555,1.9435,0.0000,0.0001

3349.6890,0.7543,1.9796,0.0000,0.0001

3350.6890,0.7535,1.9333,0.0000,0.0001

3351.6890,0.7513,1.9384,0.0000,0.0001

3352.6890,0.7517,1.9641,0.0000,0.0001

3353.6890,0.7496,1.9641,0.0000,0.0001

3354.6890,0.7500,1.9796,0.0000,0.0001

3355.6890,0.7517,2.0156,0.0000,0.0001

3356.6890,0.7515,1.9693,0.0000,0.0001

3357.6890,0.7505,1.9641,0.0000,0.0001

3358.6890,0.7517,1.9744,0.0000,0.0001

3359.6890,0.7509,1.9590,0.0000,0.0001

3360.6890,0.7509,1.9333,0.0000,0.0001

3361.6890,0.7519,1.9641,0.0000,0.0001

3362.6890,0.7513,1.9487,0.0000,0.0001

3363.6890,0.7511,1.9590,0.0000,0.0001

3364.6890,0.7503,1.9590,0.0000,0.0001

3365.6890,0.7486,1.9693,0.0000,0.0001

3366.6890,0.7468,1.9230,0.0000,0.0001

3367.6890,0.7456,1.9333,0.0000,0.0001

3368.6890,0.7456,1.9744,0.0000,0.0001

3369.6890,0.7468,1.9898,0.0000,0.0001

3370.6890,0.7490,1.9898,0.0000,0.0001

3371.6890,0.7503,2.0001,0.0000,0.0001

3372.6900,0.7533,2.0259,0.0000,0.0001

3373.6890,0.7541,1.9796,0.0000,0.0001

3374.6890,0.7543,1.9641,0.0000,0.0001

3375.6890,0.7533,1.9435,0.0000,0.0001

3376.6890,0.7551,1.9693,0.0000,0.0001

3377.6900,0.7563,1.9641,0.0000,0.0001

3378.6890,0.7557,1.9590,0.0000,0.0001

3379.6890,0.7541,1.9487,0.0000,0.0001

3380.6890,0.7527,1.9538,0.0000,0.0001

