Elapsed Time (s),P1 (psi),P2 (psi),P3 (psi),P4 (psi),P5 (psi),P6 (psi),P7 (psi),Main Loop Avg Pressure (psi),HX Pressure (psi),Overall Avg Pressure (psi)
1.8660,-0.2637,0.2299,4.3052,5.7874,-0.2020,7.2070,4.4278,2.3808,7.2070,3.0702

2.6890,0.3536,0.1682,4.3052,5.6022,-0.1402,6.9601,3.8721,2.3602,6.9601,3.0173

3.6890,0.0450,0.1065,4.5521,5.6022,-0.0167,7.2070,3.8721,2.3602,7.2070,3.0526

4.6890,0.2302,0.1065,5.0460,4.8614,0.3537,7.0836,4.2426,2.4734,7.0836,3.1320

5.6890,0.1067,0.4769,4.6139,4.7379,0.6624,6.2810,4.1191,2.4528,6.2810,2.9997

6.6890,-0.0785,0.2299,4.1817,6.0344,1.5886,6.0341,4.4895,2.7409,6.0341,3.2114

7.6890,0.0450,0.2299,4.3669,5.1084,0.2302,6.9601,3.9956,2.3293,6.9601,2.9909

8.6890,0.0450,-0.1405,4.1817,5.4170,-0.0167,7.3922,4.0574,2.2573,7.3922,2.9909

9.6890,0.1067,0.2917,3.9965,5.7874,0.1067,7.2070,4.1191,2.4014,7.2070,3.0879

10.6890,-0.1402,0.3534,4.0582,5.7874,0.6007,7.2688,4.1191,2.4631,7.2688,3.1496

11.6890,0.0450,0.3534,5.1078,5.7874,-0.1402,6.9601,4.1191,2.5454,6.9601,3.1761

12.6890,-0.2019,1.2794,4.1199,5.6640,-0.0785,7.2688,3.9339,2.4528,7.2688,3.1408

13.6890,0.6005,0.7856,4.1817,5.2318,-0.1402,7.2070,4.2426,2.4837,7.2070,3.1584

14.6900,0.4153,0.0447,4.2434,5.1701,0.1685,6.2810,4.6130,2.4425,6.2810,2.9909

15.6890,0.1684,-0.3874,4.7373,5.5405,-0.0167,6.9601,3.9339,2.3293,6.9601,2.9909

16.6900,0.2919,0.3534,4.5521,5.8492,-0.0167,7.0218,4.2426,2.5454,7.0218,3.1849

17.6890,0.1067,0.9708,4.3052,5.5405,-0.0785,7.2688,4.1191,2.4940,7.2688,3.1761

18.6890,-0.1402,0.4151,3.9965,6.3430,-0.4489,6.8984,4.4278,2.4322,6.8984,3.0702

19.6890,0.4153,0.9090,4.4904,5.8492,-0.3255,7.2688,4.4278,2.6277,7.2688,3.2907

20.6890,0.1067,0.0447,4.8608,5.8492,-0.1402,7.0836,4.3661,2.5145,7.0836,3.1673

21.6890,-0.1402,0.6003,3.9965,5.7874,-0.2637,6.9601,4.3043,2.3808,6.9601,3.0350

22.6890,-0.0168,0.3534,4.3669,5.6640,0.3537,7.1453,4.6748,2.5660,7.1453,3.2202

23.6890,0.0450,0.4769,3.6878,6.2813,-0.1402,7.0836,4.2426,2.4322,7.0836,3.0967

24.6890,0.1067,0.4769,4.1199,5.7257,-0.1402,7.3305,4.4895,2.4631,7.3305,3.1584

25.6890,0.1067,-0.1405,4.4286,5.9726,0.4155,7.3922,4.2426,2.5043,7.3922,3.2025

26.6890,-0.3254,0.2917,4.4286,5.6022,0.1685,7.0218,4.9835,2.5249,7.0218,3.1673

27.6890,-0.1402,0.1682,4.1817,5.9109,-0.6342,7.1453,4.4895,2.3293,7.1453,3.0173

28.6890,0.0450,0.2917,3.6878,5.6640,0.1685,7.3305,3.9956,2.3087,7.3305,3.0261

29.6890,0.4771,0.5386,4.1817,4.4910,0.4155,6.4045,3.8721,2.3293,6.4045,2.9115

30.6890,-0.0785,0.7856,4.3052,5.7874,-0.5107,6.7132,4.2426,2.4219,6.7132,3.0350

31.6890,-0.1402,0.4151,3.9965,5.6640,-0.1402,7.3305,4.1808,2.3293,7.3305,3.0438

32.6890,0.2302,0.1065,4.3669,5.4170,0.1067,7.0218,4.4278,2.4425,7.0218,3.0967

33.6890,0.1684,0.7238,3.8112,5.9109,0.1067,6.8984,3.8721,2.4322,6.8984,3.0702

34.6890,0.0450,0.9090,3.9965,6.0344,0.1067,7.0836,4.4278,2.5866,7.0836,3.2290

35.6890,-0.2637,0.2299,4.3052,6.4665,-1.4986,7.5157,4.2426,2.2470,7.5157,2.9997

36.6900,0.1684,0.6621,5.2313,5.7874,-0.0167,7.2070,3.8721,2.6174,7.2070,3.2731

37.6890,-0.0785,0.4151,4.0582,6.3430,-0.2020,6.8984,3.8721,2.4013,6.8984,3.0438

38.6890,0.2302,0.6621,4.3052,5.6022,-0.0785,6.7132,3.6869,2.4013,6.7132,3.0173

39.6890,-0.4489,0.4769,4.6756,5.7257,-0.0785,7.5157,4.2426,2.4322,7.5157,3.1584

40.6890,0.3536,0.2917,4.4286,6.1578,-0.0785,6.9601,4.2426,2.5660,6.9601,3.1937

41.6890,-0.2019,0.4769,4.1199,6.6517,-0.5107,7.3305,4.3043,2.4734,7.3305,3.1672

42.6890,-0.0168,0.7238,4.5521,6.0961,-0.0785,7.0218,4.3661,2.6071,7.0218,3.2378

43.6890,-0.0785,0.5386,4.4286,5.9109,-0.0167,7.1453,4.1191,2.4837,7.1453,3.1496

44.6890,0.2302,0.5386,4.3052,5.9109,-0.1402,6.7749,4.3043,2.5248,6.7749,3.1320

45.6900,-0.2637,0.4151,4.5521,5.7874,0.2302,6.7749,4.8600,2.5969,6.7749,3.1937

46.6890,-0.2637,0.3534,3.8730,5.8492,0.0450,7.3305,4.0574,2.3190,7.3305,3.0350

47.6890,0.4153,0.9090,4.1817,5.7874,-0.2020,7.2070,4.2426,2.5557,7.2070,3.2202

48.6900,-0.0168,0.2917,4.3052,5.5405,0.3537,7.2070,4.3043,2.4631,7.2070,3.1408

49.6890,0.1684,0.2299,3.8112,5.2936,0.2302,6.8366,4.4278,2.3602,6.8366,2.9997

50.6900,-0.0168,0.2299,4.1817,5.7257,-0.1402,6.5279,5.1687,2.5248,6.5279,3.0967

51.6890,-0.0785,0.6003,5.1695,5.4788,-0.0167,7.0218,4.1191,2.5454,7.0218,3.1849

52.6890,-0.5723,0.4769,4.1817,5.6640,-0.0167,6.4045,4.3043,2.3396,6.4045,2.9203

53.6890,0.2302,-0.3874,4.1817,5.4788,-0.0785,6.8366,4.1191,2.2573,6.8366,2.9115

54.6900,0.0450,0.3534,4.3052,4.9231,0.0450,6.9601,4.6130,2.3808,6.9601,3.0350

55.6890,0.4771,0.2299,4.1817,5.9109,0.0450,6.7749,4.4278,2.5454,6.7749,3.1496

56.6890,0.9709,0.4151,4.2434,5.6640,0.1685,6.8366,3.8721,2.5557,6.8366,3.1672

57.6890,-0.0785,0.6003,3.8730,5.6022,0.1067,7.0218,4.1808,2.3808,7.0218,3.0438

58.6890,-0.2637,0.2299,4.1199,5.2318,-0.0785,6.7132,4.4895,2.2882,6.7132,2.9203

59.6890,-0.0168,0.1682,4.3052,5.5405,0.1067,5.4167,4.1191,2.3705,5.4167,2.8057

60.6890,0.0450,0.1682,4.1817,5.7874,0.2920,6.7132,4.2426,2.4528,6.7132,3.0614

61.6890,-0.0168,0.2299,4.3052,5.2936,0.2920,7.0218,3.9956,2.3499,7.0218,3.0173

62.6890,-0.0168,0.6003,4.1199,5.6640,0.2302,6.8366,4.1808,2.4631,6.8366,3.0879

63.6890,0.0450,0.6621,3.7495,6.0961,-0.0785,7.0836,4.6130,2.5145,7.0836,3.1673

64.6890,0.3536,0.2917,4.0582,5.6640,-0.1402,6.7132,4.1191,2.3911,6.7132,3.0085

65.6890,-0.2019,0.1065,4.3669,5.5405,0.2302,7.1453,4.4278,2.4117,7.1453,3.0879

66.6890,-0.3871,0.6003,3.6878,5.4788,0.1067,6.4662,4.0574,2.2573,6.4662,2.8586

67.6890,0.2302,-0.0788,4.1199,5.7257,-0.0785,6.7132,3.7487,2.2779,6.7132,2.9115

68.6890,-0.0785,0.0447,3.8730,5.6022,0.1685,6.4045,4.1191,2.2882,6.4045,2.8762

69.6890,0.2302,0.9090,4.3669,5.5405,0.0450,6.6514,4.6130,2.6174,6.6514,3.1937

70.6890,-0.2637,0.2917,4.2434,5.6022,0.1685,6.9601,4.7365,2.4631,6.9601,3.1055

71.6890,-0.0785,0.1682,4.6756,6.2196,0.2920,7.0218,4.4278,2.6174,7.0218,3.2466

72.6900,0.0450,0.4769,4.0582,6.2813,0.2302,6.5897,4.2426,2.5557,6.5897,3.1320

73.6890,0.3536,0.7238,4.1199,5.7874,0.0450,7.0218,3.3165,2.3910,7.0218,3.0526

74.6890,-0.2637,0.2299,4.6139,5.3553,-0.1402,6.6514,4.7983,2.4322,6.6514,3.0350

75.6890,0.1067,0.5386,4.1199,5.7874,-0.0167,7.2070,3.9956,2.4219,7.2070,3.1055

76.6890,-0.3254,0.0447,4.4904,5.2936,0.8477,5.4784,4.7983,2.5249,5.4784,2.9468

77.6890,0.1684,0.3534,3.8730,6.2813,0.6624,7.0218,4.1808,2.5866,7.0218,3.2202

78.6890,0.2919,0.5386,4.3052,6.0961,-0.1402,7.2070,4.4278,2.5866,7.2070,3.2466

79.6900,-0.2019,1.0942,3.3173,5.9726,-1.0046,6.8366,4.4278,2.2676,6.8366,2.9203

80.6890,-0.0785,0.4769,4.4286,6.0344,0.4772,6.8366,4.1191,2.5763,6.8366,3.1849

81.6890,-0.0168,0.9708,4.2434,5.1701,-0.0785,6.6514,4.3043,2.4322,6.6514,3.0350

82.6890,0.1684,0.5386,3.8112,5.5405,-0.1402,7.1453,4.2426,2.3602,7.1453,3.0438

83.6890,0.4153,0.4151,4.2434,5.5405,0.2302,6.7132,3.8721,2.4528,6.7132,3.0614

84.6890,0.0450,0.6003,4.1817,6.2196,0.9711,6.8984,4.3043,2.7203,6.8984,3.3172

85.6890,-0.1402,0.4769,4.1817,5.7257,-0.0785,6.7132,4.3043,2.4116,6.7132,3.0261

86.6890,0.2919,0.4151,4.4904,5.4170,0.0450,6.8984,4.4895,2.5248,6.8984,3.1496

87.6890,-0.5106,0.2299,4.1199,5.3553,0.2920,6.8366,3.9339,2.2367,6.8366,2.8939

88.6890,-0.0785,0.6003,4.9843,6.0961,-0.0167,6.6514,4.5513,2.6895,6.6514,3.2555

89.6890,0.0450,0.3534,4.1817,5.6022,-0.2020,6.9601,4.4895,2.4116,6.9601,3.0614

90.6890,0.8474,0.3534,4.3669,5.7257,-0.0167,7.8861,3.5017,2.4631,7.8861,3.2378

91.6890,-0.5723,0.3534,4.3669,5.4788,0.2302,6.7132,4.2426,2.3499,6.7132,2.9732

92.6890,0.1684,-0.0170,4.7373,5.7874,-0.0167,6.5897,4.2426,2.4837,6.5897,3.0702

93.6890,0.6622,0.2917,4.2434,5.8492,-0.5107,6.8366,4.3661,2.4836,6.8366,3.1055

94.6890,0.2302,0.0447,4.2434,6.4665,0.1685,6.6514,3.6252,2.4631,6.6514,3.0614

95.6890,0.0450,0.2917,4.4904,5.7874,-0.0785,6.8366,4.1191,2.4425,6.8366,3.0702

96.6890,0.1067,0.1065,4.4286,6.3430,0.1067,6.5897,4.1808,2.5454,6.5897,3.1232

97.6900,0.1684,0.7856,4.1199,5.0466,-0.4489,6.7132,4.3661,2.3396,6.7132,2.9644

98.6890,-0.0785,0.4151,4.0582,5.4170,0.0450,6.5897,4.3661,2.3705,6.5897,2.9732

99.6890,-0.0168,-0.0170,3.9965,5.8492,0.1067,6.5279,4.2426,2.3602,6.5279,2.9556

100.6890,-0.2019,0.2299,3.9965,5.7257,-0.0785,6.9601,4.6130,2.3808,6.9601,3.0350

101.6890,-0.2019,0.6621,3.9965,5.4788,-0.1402,6.6514,4.3043,2.3499,6.6514,2.9644

102.6890,-0.0785,0.7238,3.9347,5.8492,0.1685,7.5157,4.6130,2.5351,7.5157,3.2466

103.6890,0.2302,0.1682,4.2434,5.5405,0.1685,6.5897,3.8104,2.3602,6.5897,2.9644

104.6890,0.0450,0.0447,4.5521,5.6640,0.1067,6.5897,4.7365,2.5248,6.5897,3.1055

105.6890,-0.0168,0.4769,4.1817,5.8492,-0.2637,6.5897,4.4895,2.4528,6.5897,3.0438

106.6890,-0.2637,0.4151,3.9347,5.6640,0.1067,6.7132,4.1191,2.3293,6.7132,2.9556

107.6890,0.2919,0.2917,4.1199,5.6640,0.0450,6.7749,3.7487,2.3602,6.7749,2.9909

108.6890,-0.0785,0.5386,3.9347,5.5405,0.2302,6.8984,4.0574,2.3705,6.8984,3.0173

109.6890,-0.0168,1.3412,4.0582,6.0961,-0.0167,7.1453,4.5513,2.6689,7.1453,3.3084

110.6890,0.1067,1.0942,3.9347,5.9109,0.1067,6.4662,4.2426,2.5660,6.4662,3.1232

111.6890,0.1684,0.1682,4.2434,5.4170,0.7242,6.5897,3.9956,2.4528,6.5897,3.0438

112.6900,-0.1402,0.7238,4.6139,5.7874,-0.1402,6.7132,4.3043,2.5248,6.7132,3.1232

113.6890,-0.4489,0.4769,4.1199,5.7874,-0.0167,7.2070,4.0574,2.3293,7.2070,3.0262

114.6890,-0.0785,0.2917,4.1817,5.2318,-0.0785,6.8366,3.8104,2.2264,6.8366,2.8850

115.6890,0.0450,0.3534,4.2434,6.2196,-0.0785,6.3427,4.0574,2.4734,6.3427,3.0261

116.6890,-0.1402,0.2299,3.9965,5.6640,-0.0167,6.4662,4.1808,2.3190,6.4662,2.9115

117.6890,0.1067,0.1065,4.2434,5.6640,0.1067,6.5897,4.7983,2.5043,6.5897,3.0879

118.6890,0.2302,0.0447,3.8730,5.9726,0.0450,6.5897,3.6869,2.3087,6.5897,2.9203

119.6890,0.1684,0.4151,4.3052,5.4788,0.1067,6.8366,3.9956,2.4116,6.8366,3.0438

120.6890,-0.2019,0.6621,4.2434,5.8492,-0.3872,6.9601,4.4278,2.4322,6.9601,3.0791

121.6890,-0.3254,0.4769,4.1817,5.1701,0.9711,6.5897,4.5513,2.5043,6.5897,3.0879

122.6890,0.1684,0.2917,4.3669,5.7257,0.3537,6.8366,4.4895,2.5660,6.8366,3.1761

123.6890,0.1684,0.1682,4.3669,5.8492,-0.0785,6.7749,4.2426,2.4528,6.7749,3.0702

124.6890,0.0450,0.1065,4.3052,5.4170,-0.8194,6.5897,4.4278,2.2470,6.5897,2.8674

125.6890,-0.4489,0.2917,4.3669,6.1578,0.0450,6.6514,4.5513,2.4940,6.6514,3.0879

126.6890,-0.2019,0.6003,3.8112,5.5405,0.1067,6.5897,4.5513,2.4014,6.5897,2.9997

127.6890,-0.3254,0.2917,4.3052,5.6022,-0.3255,6.7749,4.0574,2.2676,6.7749,2.9115

128.6890,0.2302,0.4769,4.5521,5.8492,-0.0167,6.3427,3.9956,2.5145,6.3427,3.0614

129.6890,-0.0168,0.1682,4.4286,5.6022,-0.0167,6.8366,4.6748,2.4734,6.8366,3.0967

130.6890,0.6622,-0.0788,4.4904,5.8492,-0.0167,6.9601,5.3539,2.7100,6.9601,3.3172

131.6890,0.4153,0.1682,4.4286,6.0344,-0.0167,6.8366,4.4278,2.5763,6.8366,3.1849

132.6890,-0.4489,0.4769,4.1817,5.4788,0.1685,6.7749,4.2426,2.3499,6.7749,2.9821

133.6890,0.1684,0.2917,3.5025,5.9726,-0.2637,6.8984,3.8104,2.2470,6.8984,2.9115

134.6890,-0.0168,0.2917,4.5521,6.1578,-0.0785,6.8366,4.1191,2.5042,6.8366,3.1232

135.6890,-0.6340,0.4769,4.0582,5.8492,0.0450,6.8366,4.3661,2.3602,6.8366,2.9997

136.6890,-0.0168,0.6003,4.1199,5.2318,0.2302,6.7132,4.2426,2.4014,6.7132,3.0173

137.6890,0.2919,0.3534,4.0582,5.4170,-0.0167,6.7749,4.1808,2.3808,6.7749,3.0085

138.6890,0.1684,0.3534,4.1817,5.6640,-0.2020,6.8984,4.3043,2.4116,6.8984,3.0526

139.6890,0.1684,0.2917,3.8730,5.7257,0.1685,6.7132,4.1808,2.4013,6.7132,3.0173

140.6890,-0.0785,0.4151,4.1817,5.4170,-0.0167,6.7132,4.4278,2.3911,6.7132,3.0085

141.6890,-0.0785,0.0447,4.3052,5.4170,-0.1402,7.0218,4.2426,2.2985,7.0218,2.9732

142.6900,0.5388,0.2299,4.4904,5.6640,0.0450,6.9601,3.8721,2.4734,6.9601,3.1143

143.6890,0.3536,0.4151,4.1199,5.5405,0.0450,6.6514,3.8721,2.3911,6.6514,2.9997

144.6890,0.1067,0.4769,4.8608,4.7379,0.2302,6.5897,4.1191,2.4219,6.5897,3.0173

145.6890,0.0450,0.4151,3.9965,5.7874,-0.5107,6.7132,4.3661,2.3499,6.7132,2.9732

146.6890,-0.2637,0.4769,4.9226,5.2318,0.2920,6.4662,4.2426,2.4837,6.4662,3.0526

147.6900,-0.0785,0.0447,4.1199,5.2318,0.6007,6.6514,4.1808,2.3499,6.6514,2.9644

148.6890,-0.4489,0.6003,5.3548,5.9726,-0.0167,6.6514,4.8600,2.7204,6.6514,3.2819

149.6890,-0.0168,0.1682,4.3052,5.7257,0.6624,6.5279,3.9956,2.4734,6.5279,3.0526

150.6890,0.0450,0.7238,4.6756,5.7257,-0.0785,6.6514,4.3661,2.5763,6.6514,3.1584

151.6890,-0.5106,0.5386,4.3669,5.5405,0.2302,6.5897,4.4278,2.4322,6.5897,3.0262

152.6890,-0.5106,0.6003,4.1817,6.4665,-0.0785,6.5897,4.0574,2.4528,6.5897,3.0438

153.6890,1.3412,1.0942,4.1199,5.6640,0.1067,7.0218,4.3661,2.7820,7.0218,3.3877

154.6890,-0.0168,1.0325,4.6756,5.4170,0.2920,6.3427,4.3661,2.6277,6.3427,3.1585

155.6890,0.0450,0.6621,4.0582,5.8492,0.1067,6.4045,4.2426,2.4940,6.4045,3.0526

156.6890,0.0450,0.6003,4.2434,6.3430,0.3537,6.5897,4.1191,2.6174,6.5897,3.1849

157.6890,-0.2019,0.0447,4.2434,5.9726,0.4155,7.0218,4.1191,2.4322,7.0218,3.0879

158.6900,-0.1402,0.7238,4.6139,5.7874,-0.2020,6.8366,4.3043,2.5145,6.8366,3.1320

159.6890,-0.4489,-0.1405,3.9965,5.8492,-0.3872,6.7132,4.4895,2.2264,6.7132,2.8674

160.6890,0.2302,0.4151,4.1199,5.2318,-0.0167,6.2810,3.8104,2.2985,6.2810,2.8674

161.6890,0.1684,-0.0170,4.3052,5.6640,-0.3255,6.7132,4.3043,2.3499,6.7132,2.9732

162.6890,-0.2637,0.2917,4.4286,5.7874,-0.2020,6.9601,5.8478,2.6483,6.9601,3.2643

163.6890,-0.3871,0.0447,4.3052,6.3430,-0.5107,6.7749,4.3043,2.3499,6.7749,2.9820

164.6890,0.2302,0.2917,4.3052,6.1578,0.0450,5.9106,4.1808,2.5351,5.9106,3.0173

165.6890,-0.0785,1.3412,4.3669,5.9726,-0.0167,6.6514,4.6130,2.6998,6.6514,3.2643

166.6890,0.0450,-0.0170,4.0582,6.0961,0.0450,6.4045,4.4895,2.4528,6.4045,3.0173

167.6900,-0.0785,0.4151,4.1817,6.4665,-0.0785,7.0836,4.4895,2.5660,7.0836,3.2114

168.6890,-0.2637,0.6003,4.2434,6.4048,-0.0167,6.4045,4.5513,2.5866,6.4045,3.1320

169.6890,-0.0785,0.7856,3.9965,5.4170,0.3537,7.9479,4.1808,2.4425,7.9479,3.2290

170.6890,-0.0785,0.6621,5.4782,4.7379,0.1685,6.2193,4.6748,2.6072,6.2193,3.1232

171.6900,0.6005,0.6621,4.6756,6.2196,0.2920,6.4662,3.9339,2.7306,6.4662,3.2643

172.6890,-0.2637,1.2794,3.6878,6.2196,0.1067,6.6514,3.8721,2.4837,6.6514,3.0791

173.6900,-0.0168,1.7733,4.4286,6.2196,-0.0785,7.3305,4.3043,2.7718,7.3305,3.4230

174.6890,0.6005,0.1682,3.9965,5.6640,-0.2020,6.5897,3.8721,2.3499,6.5897,2.9556

175.6890,0.2302,0.4151,4.7373,5.9726,0.0450,6.4662,3.9339,2.5557,6.4662,3.1143

176.6890,0.2302,0.1682,4.6756,5.5405,-0.0785,7.0218,4.2426,2.4631,7.0218,3.1143

177.6890,0.3536,0.3534,5.1695,5.8492,-0.0785,6.5279,4.4895,2.6895,6.5279,3.2378

178.6890,0.0450,0.0447,3.9347,5.4788,0.2920,6.4662,4.4278,2.3705,6.4662,2.9556

179.6890,0.3536,0.1682,4.4286,5.6022,-0.2020,7.0218,3.9956,2.3911,7.0218,3.0526

180.6890,0.2302,0.4151,4.4286,6.1578,0.1685,6.7132,4.4278,2.6380,6.7132,3.2202

181.6890,-0.3871,0.3534,4.0582,5.1084,0.0450,6.7132,4.4278,2.2676,6.7132,2.9027

182.6890,0.0450,0.6003,4.6139,5.4170,0.2920,6.7749,4.4895,2.5763,6.7749,3.1761

183.6890,0.6005,0.6621,3.9965,5.3553,-0.0167,6.6514,3.5634,2.3602,6.6514,2.9732

184.6890,0.1684,-0.1405,4.1817,5.8492,0.5389,6.6514,4.1191,2.4528,6.6514,3.0526

185.6890,0.1684,0.6003,4.5521,6.3430,-0.3872,6.8984,4.4278,2.6174,6.8984,3.2290

186.6890,-0.1402,0.6621,4.2434,5.9109,0.3537,6.7749,4.0574,2.5145,6.7749,3.1232

187.6890,0.1684,0.2299,4.3052,5.7257,0.0450,6.9601,4.7365,2.5351,6.9601,3.1673

188.6890,-0.0168,0.4151,4.3669,5.2936,0.2920,6.9601,4.4278,2.4631,6.9601,3.1055

189.6890,-0.2637,0.1682,4.3052,5.7257,-0.3255,7.0218,4.1808,2.2985,7.0218,2.9732

190.6890,-0.2019,0.6003,4.7991,6.0344,-0.0167,7.6392,4.4278,2.6072,7.6392,3.3260

191.6890,-0.0785,0.7856,4.7373,5.4170,0.4155,6.9601,4.1808,2.5763,6.9601,3.2025

192.6890,-0.0168,0.5386,3.6878,5.9109,0.1685,6.5897,4.4895,2.4631,6.5897,3.0526

193.6900,0.1684,0.1065,3.6878,5.4788,-0.2020,6.7132,3.8721,2.1853,6.7132,2.8321

194.6890,0.2302,0.9708,4.2434,5.6022,0.1067,6.5279,3.9339,2.5145,6.5279,3.0879

195.6890,-0.0168,0.4769,4.2434,5.4170,0.2920,6.5897,4.4895,2.4837,6.5897,3.0703

196.6900,0.0450,0.1682,4.2434,5.4788,0.3537,6.7132,3.8721,2.3602,6.7132,2.9821

197.6890,0.1684,0.0447,5.2313,5.6640,0.1685,6.7132,4.3043,2.5969,6.7132,3.1849

198.6890,0.4771,0.8473,4.1817,5.5405,-0.0167,6.8366,4.6130,2.6071,6.8366,3.2113

199.6890,-0.0168,0.3534,3.6878,5.9109,0.2302,6.4662,4.3661,2.4219,6.4662,2.9997

200.6890,-0.3254,1.4647,3.8730,6.2813,-0.0785,6.5897,4.8600,2.6792,6.5897,3.2378

201.6890,0.6005,0.4769,3.9347,5.6022,-0.0167,6.7132,3.6869,2.3808,6.7132,2.9997

202.6890,-0.0785,0.7238,3.9965,5.3553,0.4155,6.7132,4.1808,2.4322,6.7132,3.0438

203.6890,-0.0168,0.1682,4.0582,5.1084,-0.1402,6.9601,3.8104,2.1647,6.9601,2.8498

204.6890,1.4647,0.4769,4.3052,5.9726,-0.2020,6.4662,4.1808,2.6997,6.4662,3.2378

205.6890,0.1067,0.6621,4.0582,6.0961,0.3537,6.7132,3.9956,2.5454,6.7132,3.1408

206.6890,0.5388,-0.0170,4.0582,5.5405,-0.0167,6.7132,3.4400,2.2573,6.7132,2.8938

207.6890,0.0450,-0.1405,4.1199,5.5405,-0.2637,7.2688,4.4895,2.2985,7.2688,3.0085

208.6890,0.0450,0.1682,3.1938,6.2813,-0.3872,6.5897,4.0574,2.2264,6.5897,2.8497

209.6890,0.1684,0.1065,5.0460,5.6022,-0.2637,6.8366,3.9339,2.4322,6.8366,3.0614

210.6890,0.3536,0.2299,4.1817,6.2196,-0.1402,7.5775,3.6869,2.4219,7.5775,3.1584

211.6900,-0.0785,-1.0048,4.7991,5.8492,0.4772,6.8366,4.7365,2.4631,6.8366,3.0879

212.6890,0.1067,0.6621,4.4286,5.6022,-0.0167,6.8984,4.0574,2.4734,6.8984,3.1055

213.6890,0.2302,-0.0788,4.1199,5.6022,-0.0785,6.7749,4.4278,2.3705,6.7749,2.9997

214.6890,0.1684,1.1560,4.4286,5.7257,-0.3255,6.8984,3.9956,2.5248,6.8984,3.1496

215.6890,-0.0168,0.2917,4.2434,5.4170,0.0450,6.8366,4.5513,2.4219,6.8366,3.0526

216.6900,-0.4489,0.3534,4.3052,5.7257,0.0450,6.5279,4.2426,2.3705,6.5279,2.9644

217.6890,-0.1402,0.4769,4.1817,5.9109,-0.0167,6.8984,4.4895,2.4837,6.8984,3.1143

218.6900,-0.1402,0.4151,4.1817,5.6640,-0.3872,6.7749,4.4895,2.3705,6.7749,2.9997

219.6890,0.0450,0.3534,3.8730,5.7257,0.0450,6.5279,4.1191,2.3602,6.5279,2.9556

220.6890,-0.0168,0.3534,4.3669,5.6640,-0.2637,6.8984,4.1191,2.3705,6.8984,3.0173

221.6890,-0.0785,0.9708,4.1199,5.4170,0.0450,6.8366,4.1808,2.4425,6.8366,3.0702

222.6890,-0.0168,0.2299,4.0582,4.9849,0.2302,6.5279,4.1808,2.2779,6.5279,2.8850

223.6890,-0.0785,0.6003,3.9965,5.3553,0.1685,7.7009,4.2426,2.3808,7.7009,3.1408

224.6890,0.0450,0.4769,3.8730,5.8492,-0.3255,6.5897,4.0574,2.3293,6.5897,2.9379

225.6900,0.2302,-0.0170,4.6756,5.8492,0.1067,6.7132,4.1808,2.5042,6.7132,3.1055

226.6890,0.2302,0.1065,4.0582,5.1084,0.1067,6.7132,4.0574,2.2779,6.7132,2.9115

227.6890,0.0450,1.8968,5.1078,5.6640,-0.1402,6.8366,4.0574,2.7718,6.8366,3.3525

228.6890,0.2919,-0.2022,4.1817,6.0961,0.1067,6.8984,3.5634,2.3396,6.8984,2.9909

229.6900,0.5388,0.6621,4.0582,5.8492,0.1067,6.7749,3.8721,2.5145,6.7749,3.1231

230.6900,0.1684,0.4769,3.8112,5.7874,0.1685,6.5279,4.2426,2.4425,6.5279,3.0261

231.6890,-0.0168,0.6003,4.0582,5.4788,0.2920,6.5897,3.8721,2.3808,6.5897,2.9820

232.6890,0.0450,0.7238,4.1199,5.5405,0.0450,5.6019,3.9956,2.4116,5.6019,2.8674

233.6900,0.1684,0.0447,4.4904,5.4788,0.0450,6.7132,4.1191,2.3911,6.7132,3.0085

234.6890,-0.1402,1.1560,3.9965,4.8614,0.1685,6.7132,4.1191,2.3602,6.7132,2.9821

235.6890,0.1684,-0.1405,4.3052,5.2936,0.2920,6.8366,4.0574,2.3293,6.8366,2.9732

236.6890,-0.0785,0.2917,4.1817,5.6640,-0.3872,7.0836,4.1191,2.2985,7.0836,2.9820

237.6890,-1.3748,0.7238,4.2434,5.4788,-0.0167,6.4045,4.2426,2.2162,6.4045,2.8145

238.6890,-0.0785,0.6621,4.1199,6.2813,-0.5107,7.0218,4.2426,2.4528,7.0218,3.1055

239.6890,0.2919,0.4151,4.1817,5.8492,-0.2020,6.8984,4.1808,2.4528,6.8984,3.0879

240.6890,-0.2637,0.4151,3.9965,5.6640,-0.0785,7.0218,4.2426,2.3293,7.0218,2.9997

241.6890,-0.0168,0.2299,4.0582,5.9726,0.1067,6.4662,4.3043,2.4425,6.4662,3.0173

242.6900,-0.1402,0.7856,4.0582,5.6640,-0.0167,6.7749,4.1191,2.4116,6.7749,3.0350

243.6890,0.9092,-0.2640,4.3669,5.2936,-0.0167,6.9601,4.0574,2.3910,6.9601,3.0438

244.6900,-0.1402,0.6003,4.5521,5.4170,0.2920,7.2688,4.5513,2.5454,7.2688,3.2202

245.6900,0.0450,-0.0788,4.3669,6.3430,-0.4489,6.9601,4.1191,2.3911,6.9601,3.0438

246.6890,0.0450,0.1065,3.8730,5.4170,0.2302,6.9601,3.9339,2.2676,6.9601,2.9379

247.6890,0.4771,0.3534,4.3669,5.7257,0.0450,6.7749,4.1808,2.5248,6.7749,3.1320

248.6890,0.2302,-0.5726,4.6756,5.4788,0.2302,7.2688,4.0574,2.3499,7.2688,3.0526

249.6890,0.1684,0.2299,4.5521,5.6640,-0.0785,6.7749,4.1808,2.4528,6.7749,3.0702

250.6900,0.3536,0.4769,4.0582,5.7257,-0.1402,6.7132,3.8721,2.3910,6.7132,3.0085

251.6890,-0.1402,0.3534,4.5521,5.2936,0.1685,6.8366,4.1808,2.4014,6.8366,3.0350

252.6890,0.1067,-0.3257,4.6139,5.7874,-0.2020,6.8984,3.9956,2.3293,6.8984,2.9820

253.6890,0.4153,-0.0788,3.9965,5.6640,-0.0785,7.0218,4.1191,2.3396,7.0218,3.0085

254.6890,0.2919,-0.0170,4.6756,5.9726,-0.0785,6.4662,3.8104,2.4425,6.4662,3.0173

255.6890,-1.2513,0.9708,4.0582,5.8492,0.0450,6.4662,4.6748,2.3911,6.4662,2.9733

256.6890,0.1067,0.5386,4.3669,5.8492,-0.4489,6.5897,4.7983,2.5351,6.5897,3.1143

257.6890,-0.2637,0.6621,4.4286,5.6022,-0.2020,6.4662,4.3043,2.4219,6.4662,2.9997

258.6890,0.7240,0.2917,4.0582,5.9109,-0.0785,6.9601,4.0574,2.4939,6.9601,3.1320

259.6890,-0.2019,0.8473,4.7373,5.7257,0.1067,5.9723,5.0452,2.7101,5.9723,3.1761

260.6890,-0.2019,0.3534,4.3052,5.0466,0.2302,7.0218,4.1191,2.3088,7.0218,2.9821

261.6900,1.1561,0.6003,4.5521,5.5405,0.0450,6.4045,4.3043,2.6997,6.4045,3.2290

262.6890,0.6005,0.8473,4.1817,5.5405,-0.0785,6.6514,4.4895,2.5968,6.6514,3.1761

263.6900,0.7240,0.5386,4.2434,5.7257,-0.0785,6.7749,3.8104,2.4939,6.7749,3.1055

264.6890,-0.3254,-1.1283,5.0460,5.4170,-0.3872,7.0218,4.4895,2.1853,7.0218,2.8762

265.6900,0.1067,0.5386,3.9965,5.6022,-0.1402,6.2193,4.0574,2.3602,6.2193,2.9115

266.6890,-0.4489,0.6003,4.2434,5.8492,0.1067,6.2193,4.2426,2.4322,6.2193,2.9732

267.6890,-0.2019,0.7856,3.8112,5.9726,-0.1402,6.8984,4.4895,2.4528,6.8984,3.0879

268.6890,-0.0168,0.0447,3.9347,5.6640,0.0450,5.8489,3.9956,2.2779,5.8489,2.7880

269.6900,-0.2637,0.4769,4.1817,6.0961,0.3537,6.6514,3.9956,2.4734,6.6514,3.0703

270.6890,-0.6958,0.8473,4.6139,5.4170,0.2920,6.6514,4.6130,2.5146,6.6514,3.1055

271.6890,-0.1402,0.2299,3.3791,5.4788,0.1067,6.5279,3.9339,2.1647,6.5279,2.7880

272.6900,-0.1402,1.2794,4.6756,5.9726,-0.5107,6.7132,4.0574,2.5557,6.7132,3.1496

273.6890,-0.0168,0.4769,3.7495,5.5405,0.2302,6.5279,4.3043,2.3808,6.5279,2.9732

274.6890,-0.0168,0.3534,4.0582,5.8492,0.1685,6.5279,4.2426,2.4425,6.5279,3.0261

275.6890,-0.0785,0.5386,4.4904,5.1701,0.6007,6.7132,4.1191,2.4734,6.7132,3.0791

276.6890,-0.2019,0.2299,4.1817,5.5405,0.1067,6.5279,4.1191,2.3293,6.5279,2.9291

277.6890,0.3536,0.2299,3.5643,5.5405,0.1067,6.3427,3.6252,2.2367,6.3427,2.8233

278.6890,0.1067,0.4151,4.2434,5.9726,-0.1402,6.6514,4.3043,2.4837,6.6514,3.0791

279.6890,0.3536,0.8473,4.1199,5.4788,0.3537,6.5897,4.0574,2.5351,6.5897,3.1143

280.6890,-0.0168,0.2299,4.1817,5.1701,-0.0785,6.8366,3.8721,2.2264,6.8366,2.8850

281.6900,-1.0044,0.2917,3.4408,5.6640,-0.0785,6.7132,3.6869,2.0001,6.7132,2.6734

282.6890,-0.0168,0.2299,3.7495,5.2936,-0.0167,7.0836,3.8721,2.1853,7.0836,2.8850

283.6890,-0.0785,0.2917,4.0582,5.0466,0.1685,7.1453,3.9956,2.2470,7.1453,2.9468

284.6890,-0.0785,0.4151,4.7373,5.4170,-0.0785,6.8366,3.9339,2.3911,6.8366,3.0261

285.6890,-0.2019,0.2299,4.4286,5.6640,0.1685,6.5897,4.9217,2.5351,6.5897,3.1144

286.6900,0.2302,0.5386,4.1817,5.4788,0.0450,6.7132,4.1808,2.4425,6.7132,3.0526

287.6890,-0.0168,0.5386,4.4286,6.0961,0.2302,6.7132,5.1070,2.7306,6.7132,3.2996

288.6900,0.1067,0.2299,4.5521,6.4665,0.1685,6.7132,4.3661,2.6483,6.7132,3.2290

289.6890,-0.3254,0.4769,4.6139,5.0466,0.2302,6.7749,4.1191,2.3602,6.7749,2.9909

290.6890,0.0450,-0.3257,3.8112,5.6022,0.0450,6.6514,4.1808,2.2264,6.6514,2.8586

291.6890,-0.0168,0.6621,4.4286,5.1084,0.3537,6.8984,4.2426,2.4631,6.8984,3.0967

292.6890,0.1067,0.5386,4.6139,5.3553,0.3537,7.0218,3.9956,2.4940,7.0218,3.1408

293.6890,-0.0168,0.4151,3.8730,5.9726,-0.0785,6.7749,3.7487,2.3190,6.7749,2.9556

294.6890,-0.1402,0.0447,4.3052,5.6640,-0.0167,6.5897,4.5513,2.4014,6.5897,2.9997

295.6890,-0.0785,0.5386,5.0460,5.8492,-0.0167,6.7749,4.1191,2.5763,6.7749,3.1761

296.6900,-0.1402,0.7238,4.3669,5.4788,-0.0167,6.8366,4.2426,2.4425,6.8366,3.0702

297.6890,0.3536,-0.0788,3.6878,5.4788,0.2920,6.6514,4.1808,2.3190,6.6514,2.9379

298.6890,-0.1402,0.4769,3.7495,5.4170,0.0450,6.9601,3.9956,2.2573,6.9601,2.9291

299.6890,0.1684,0.9708,4.1817,5.5405,-0.0167,6.7132,3.8721,2.4528,6.7132,3.0614

300.6890,-0.0785,0.2299,3.8730,5.7257,-0.2637,6.5897,3.3165,2.1338,6.5897,2.7704

301.6890,0.0450,0.2917,4.1817,6.1578,0.7859,6.3427,4.6748,2.6895,6.3427,3.2114

302.6890,-0.0785,0.7238,4.1199,5.2936,-0.0785,6.7132,4.1191,2.3499,6.7132,2.9732

303.6890,0.1067,-0.3874,4.2434,5.1701,0.2302,6.5279,3.9339,2.2161,6.5279,2.8321

304.6890,0.2919,0.3534,3.9965,5.4788,-0.1402,6.7132,3.9956,2.3293,6.7132,2.9556

305.6890,-0.0168,0.8473,4.8608,5.5405,-0.1402,6.7749,4.5513,2.6072,6.7749,3.2025

306.6890,-0.3871,0.2299,4.3052,6.1578,-0.3872,6.8984,4.3661,2.3808,6.8984,3.0261

307.6890,0.4153,0.2299,3.8112,5.9109,0.0450,6.8984,3.5017,2.3190,6.8984,2.9732

308.6890,-0.3254,0.0447,4.3052,5.2936,0.1067,6.7132,4.3661,2.2985,6.7132,2.9291

309.6890,0.2302,0.3534,4.1817,4.0589,-0.6959,7.0218,4.1191,2.0412,7.0218,2.7527

310.6890,-0.1402,0.6003,3.9347,5.9109,0.4155,6.5279,3.8721,2.4322,6.5279,3.0173

311.6890,0.1684,0.2299,4.2434,5.8492,-0.3255,6.7749,4.2426,2.4013,6.7749,3.0261

312.6890,0.1067,-0.2640,4.2434,5.8492,-0.0167,7.0218,4.0574,2.3293,7.0218,2.9997

313.6890,0.3536,0.6621,4.1199,5.6640,-0.2020,6.7749,4.3661,2.4939,6.7749,3.1055

314.6890,0.0450,0.2917,4.3052,5.6022,-0.2637,6.8984,4.4278,2.4014,6.8984,3.0438

315.6890,0.1684,0.4151,4.9226,6.2196,-0.0785,6.6514,4.3043,2.6586,6.6514,3.2290

316.6890,-0.2019,0.1065,4.2434,5.8492,-0.3872,7.3305,4.3043,2.3190,7.3305,3.0350

317.6890,0.2919,0.2917,4.0582,5.9109,-0.0167,7.2688,3.8721,2.4013,7.2688,3.0967

318.6900,-0.0168,0.6003,3.9347,5.4170,-0.0167,6.6514,3.8721,2.2985,6.6514,2.9203

319.6890,0.6005,0.3534,4.2434,5.5405,-0.0167,6.8984,3.5634,2.3808,6.8984,3.0261

320.6890,0.3536,0.3534,4.1817,5.7874,-0.1402,6.8984,4.3043,2.4734,6.8984,3.1055

321.6890,-0.2019,0.2299,5.2930,5.4788,-0.0785,6.8984,4.1808,2.4837,6.8984,3.1144

322.6890,-0.0785,0.2299,4.2434,5.7257,0.1067,7.2070,4.1808,2.4014,7.2070,3.0879

323.6890,-0.2637,0.1682,4.2434,5.2936,0.4155,7.0218,4.7983,2.4425,7.0218,3.0967

324.6890,0.1067,0.9090,4.2434,5.5405,0.4155,7.0218,4.1808,2.5660,7.0218,3.2025

325.6890,-0.0785,0.2917,4.7373,5.9726,0.1067,6.8366,4.4895,2.5866,6.8366,3.1937

326.6890,0.4153,0.8473,4.2434,5.5405,0.0450,6.7132,3.8721,2.4939,6.7132,3.0967

327.6890,-0.0785,0.1682,4.3052,5.7874,0.1685,6.4662,4.3043,2.4425,6.4662,3.0173

328.6890,0.0450,0.6621,3.9347,5.6022,0.1685,7.3305,4.1191,2.4219,7.3305,3.1232

329.6890,0.0450,0.1065,4.3669,5.6022,-0.8194,6.7132,4.1191,2.2367,6.7132,2.8762

330.6890,0.0450,0.4151,4.2434,5.6022,0.0450,7.2070,4.2426,2.4322,7.2070,3.1143

331.6890,0.1684,0.2299,4.1817,6.2813,0.1067,6.6514,4.3043,2.5454,6.6514,3.1320

332.6890,0.2919,0.4769,4.6139,6.0344,0.1685,6.5279,4.4278,2.6689,6.5279,3.2202

333.6890,-0.3254,0.5386,4.2434,5.7257,0.0450,6.7132,4.5513,2.4631,6.7132,3.0703

334.6890,0.4771,0.2917,4.3052,5.6640,0.2302,6.6514,3.9956,2.4940,6.6514,3.0879

335.6890,-0.2019,0.4151,4.2434,5.7874,-1.0664,7.0218,4.1808,2.2264,7.0218,2.9115

336.6890,0.0450,-0.5109,4.4286,5.6022,-0.1402,6.8366,4.0574,2.2470,6.8366,2.9027

337.6900,0.1067,0.5386,3.9965,5.4170,1.0946,5.8489,4.1808,2.5557,5.8489,3.0262

338.6890,-0.1402,0.7238,3.8730,5.8492,0.1067,6.4662,4.1191,2.4219,6.4662,2.9997

339.6890,-0.0168,0.5386,4.5521,5.7257,-0.2637,6.2193,4.2426,2.4631,6.2193,2.9997

340.6890,-0.1402,0.3534,3.7495,5.2936,0.1067,4.9228,3.8721,2.2059,4.9228,2.5940

341.6890,0.0450,0.7856,4.3669,5.6022,-0.1402,6.1575,4.3661,2.5042,6.1575,3.0261

342.6890,-0.2019,0.6621,4.4286,5.2936,0.0450,6.4045,4.1808,2.4014,6.4045,2.9732

343.6890,0.4153,0.4151,4.3052,5.8492,-0.0167,6.4045,4.1191,2.5145,6.4045,3.0702

344.6890,-0.0168,0.1682,3.8730,5.4170,0.1067,6.2193,4.3661,2.3190,6.2193,2.8762

345.6890,0.0450,0.9090,4.1817,5.4170,0.2920,5.9723,2.6373,2.2470,5.9723,2.7792

346.6890,-0.0785,-0.2640,4.1817,5.4170,0.2920,6.7749,3.8721,2.2367,6.7749,2.8850

347.6900,-0.2637,0.3534,3.9965,5.8492,-0.2020,6.2193,4.0574,2.2985,6.2193,2.8586

348.6890,-0.2637,-0.0788,4.6756,5.6640,0.1067,6.5279,5.2304,2.5557,6.5279,3.1232

349.6890,0.1067,0.5386,4.1817,5.2318,-0.0167,6.5897,4.0574,2.3499,6.5897,2.9556

350.6890,0.1684,0.2917,4.3669,4.9231,1.0329,5.4784,4.4895,2.5454,5.4784,2.9644

351.6890,0.1684,0.1065,3.5643,5.1084,0.2302,6.0958,3.9956,2.1956,6.0958,2.7527

352.6890,0.1067,0.6003,5.4165,5.8492,-0.2020,6.3427,4.2426,2.6689,6.3427,3.1937

353.6890,-0.0785,0.3534,4.2434,5.9109,-0.0167,6.4662,3.9956,2.4014,6.4662,2.9820

354.6890,-0.0168,0.1682,4.2434,5.8492,0.1067,6.8366,4.2426,2.4322,6.8366,3.0614

355.6900,-0.1402,0.3534,4.4286,5.4788,-0.2020,6.8984,5.3539,2.5454,6.8984,3.1673

356.6900,1.3412,0.5386,4.4286,6.0961,-0.0167,6.4662,3.6869,2.6791,6.4662,3.2201

357.6890,0.1067,0.1065,4.1199,5.4788,-0.0167,6.5897,4.3661,2.3602,6.5897,2.9644

358.6890,0.1067,-0.0170,3.9347,5.8492,0.1685,6.3427,4.4278,2.4116,6.3427,2.9732

359.6890,-0.6958,0.4151,4.6139,6.0961,-0.8811,6.9601,4.4278,2.3293,6.9601,2.9909

360.6890,-0.0785,0.0447,4.1817,5.1701,0.6007,6.7749,4.0574,2.3293,6.7749,2.9644

361.6890,-0.1402,0.3534,3.6878,5.5405,-0.0167,7.3305,4.4895,2.3190,7.3305,3.0350

362.6900,0.0450,0.0447,4.1817,5.1084,-0.0785,7.1453,4.0574,2.2264,7.1453,2.9291

363.6890,-0.0785,0.5386,4.3052,6.8987,-0.6342,7.8244,4.3661,2.5660,7.8244,3.3172

364.6890,-0.0168,0.4151,4.2434,5.2936,0.2302,7.2070,4.3661,2.4219,7.2070,3.1055

365.6890,-0.0168,0.8473,3.8730,5.6640,-0.0785,7.1453,4.3043,2.4322,7.1453,3.1055

366.6890,-0.1402,0.4151,3.9965,5.5405,-0.2637,7.5157,4.4278,2.3293,7.5157,3.0702

367.6890,-0.2019,0.3534,4.1817,5.5405,0.1067,6.8984,4.1191,2.3499,6.8984,2.9997

368.6890,0.2302,-0.0170,2.6999,5.9726,0.3537,7.3305,3.6869,2.1544,7.3305,2.8938

369.6890,-0.3254,0.1682,3.9965,5.9726,-0.5107,7.4540,4.1808,2.2470,7.4540,2.9909

370.6890,0.6622,-0.0788,4.2434,5.7874,-0.0785,7.2070,4.2426,2.4631,7.2070,3.1408

371.6890,-0.0168,0.4151,4.5521,5.6640,0.1067,7.0836,4.4278,2.5248,7.0836,3.1761

372.6890,0.2919,0.1682,3.8730,5.9726,-0.0167,7.1453,4.0574,2.3911,7.1453,3.0702

373.6890,0.4153,0.1065,4.3052,5.7257,-0.1402,6.4662,4.3043,2.4528,6.4662,3.0261

374.6890,0.1067,-0.0788,4.3669,5.7874,-0.3872,7.3922,3.9339,2.2882,7.3922,3.0173

375.6890,-0.0168,0.7238,3.9347,5.2318,0.1067,7.2070,4.4278,2.4014,7.2070,3.0879

376.6890,-0.1402,0.2917,3.9965,5.5405,-0.0167,6.7132,4.1191,2.2985,6.7132,2.9291

377.6890,-0.2019,0.1682,4.3052,5.5405,0.1067,7.0836,4.1191,2.3396,7.0836,3.0173

378.6890,-0.2019,-0.0170,4.4286,6.2196,0.2302,6.8366,4.6130,2.5454,6.8366,3.1584

379.6900,1.2178,0.6003,4.6756,5.7257,0.2920,6.8984,4.2426,2.7923,6.8984,3.3789

380.6890,-0.0785,0.4151,2.5764,5.2936,0.6624,6.8366,4.4895,2.2264,6.8366,2.8850

381.6890,-0.0785,0.4769,4.0582,5.2936,-0.0785,7.2070,3.9956,2.2779,7.2070,2.9820

382.6890,0.1067,0.0447,4.2434,5.5405,0.4772,7.2688,3.8104,2.3705,7.2688,3.0702

383.6890,-0.2019,-0.0170,3.9965,5.6022,-0.5107,7.2688,4.3043,2.1956,7.2688,2.9203

384.6890,0.2302,0.6621,4.4904,6.7752,-0.5724,7.5775,3.8104,2.5660,7.5775,3.2819

385.6890,0.1067,0.5386,4.2434,5.7257,-0.1402,7.4540,5.2304,2.6174,7.4540,3.3084

386.6890,-0.1402,0.6003,4.3052,5.7257,-0.0785,6.5897,3.8721,2.3808,6.5897,2.9820

387.6900,1.8351,1.2794,3.9347,5.6022,0.2920,6.9601,4.2426,2.8643,6.9601,3.4494

388.6900,0.1067,0.3534,3.6260,5.9726,-0.3872,7.0836,4.4278,2.3499,7.0836,3.0261

389.6890,0.4771,0.2917,3.7495,5.6022,0.0450,6.7132,3.6252,2.2984,6.7132,2.9291

390.6890,0.1067,-0.0788,4.3669,5.4788,0.0450,7.2688,2.5756,2.0824,7.2688,2.8233

391.6890,-0.2019,0.5386,4.0582,5.5405,0.2302,7.3305,4.1808,2.3911,7.3305,3.0967

392.6890,-0.6340,0.2917,4.0582,4.7997,0.4155,7.1453,3.9956,2.1544,7.1453,2.8674

393.6890,-0.0785,0.9708,4.4904,5.8492,-0.3255,7.1453,4.4278,2.5557,7.1453,3.2114

394.6890,0.1067,0.0447,3.6878,5.2318,0.0450,7.2070,3.3782,2.0824,7.2070,2.8145

395.6890,0.1067,-0.2022,3.9347,5.9726,-0.4489,7.2688,3.6252,2.1647,7.2688,2.8938

396.6890,0.9092,-0.5726,5.1695,5.8492,-0.0785,6.7132,4.1808,2.5763,6.7132,3.1672

397.6890,0.1067,0.1065,4.2434,5.9109,-0.1402,6.9601,4.1808,2.4013,6.9601,3.0526

398.6890,-0.0168,0.1065,4.4286,5.1701,0.4155,6.7749,4.1191,2.3705,6.7749,2.9997

399.6890,0.2919,0.1065,2.8234,6.1578,-0.3872,6.4045,4.0574,2.1750,6.4045,2.7792

400.6890,-0.6958,0.3534,4.3052,5.4170,0.2302,7.0218,4.1808,2.2985,7.0218,2.9732

401.6890,0.1684,0.5386,4.4286,5.9109,-0.0167,7.0836,3.9956,2.5042,7.0836,3.1584

402.6890,-0.2019,0.1682,4.3669,5.1084,0.2920,7.0836,4.1191,2.3088,7.0836,2.9909

403.6890,0.0450,0.2299,4.3052,5.9726,-0.0167,6.9601,4.2426,2.4631,6.9601,3.1055

404.6890,0.1067,0.2917,4.1199,5.9726,0.0450,7.2688,4.4278,2.4940,7.2688,3.1761

405.6890,0.1067,0.2917,4.5521,5.6640,-0.1402,7.2070,3.7487,2.3705,7.2070,3.0614

406.6890,-0.2019,0.4151,3.8730,5.5405,-0.2020,7.2070,4.3043,2.2882,7.2070,2.9909

407.6890,-0.0168,0.7238,3.9965,4.3058,0.6624,7.3305,4.3661,2.3396,7.3305,3.0526

408.6890,-0.0168,0.4769,4.4286,5.6022,-1.3133,7.1453,3.6252,2.1338,7.1453,2.8497

409.6890,-0.0785,0.6621,3.7495,5.4170,0.1067,6.7132,4.3661,2.3705,6.7132,2.9909

410.6890,0.4771,0.4151,3.8730,5.1084,0.2920,6.5897,3.8721,2.3396,6.5897,2.9468

411.6890,0.1067,0.1065,3.8112,5.5405,-0.0785,7.0218,3.9956,2.2470,7.0218,2.9291

412.6890,-0.0785,0.2917,4.1817,5.6640,-0.5107,6.6514,4.3043,2.3087,6.6514,2.9291

413.6890,-0.0785,0.6621,3.7495,5.4170,-0.3872,6.6514,3.9956,2.2264,6.6514,2.8586

414.6890,-0.3254,0.2299,4.3052,5.8492,0.1067,6.8366,4.7983,2.4940,6.8366,3.1144

415.6890,0.2302,0.2299,4.0582,5.2936,-0.1402,7.0218,3.8721,2.2573,7.0218,2.9379

416.6900,-0.9427,0.4151,4.3669,5.9726,0.2302,6.7749,4.1191,2.3602,6.7749,2.9909

417.6890,0.1684,-0.0170,4.3052,5.5405,0.5389,7.1453,4.1191,2.4425,7.1453,3.1143

418.6890,0.0450,0.2299,4.1817,5.1701,1.0329,6.8984,3.9956,2.4425,6.8984,3.0791

419.6890,-0.0168,0.0447,3.9965,6.0961,-0.7577,7.1453,4.0574,2.2367,7.1453,2.9379

420.6890,0.0450,0.2917,3.8112,5.6640,0.2920,6.7749,4.1808,2.3808,6.7749,3.0085

421.6890,-0.2019,0.2917,4.1817,5.4170,-0.3872,7.0218,4.2426,2.2573,7.0218,2.9379

422.6890,0.2919,0.2917,4.6139,6.0961,1.0329,7.5157,3.5634,2.6483,7.5157,3.3437

423.6890,-0.4489,1.0942,3.8112,5.6640,0.1685,6.8984,4.3043,2.4322,6.8984,3.0703

424.6890,-0.1402,0.4769,4.1199,5.4788,0.1067,7.4540,4.2426,2.3808,7.4540,3.1055

425.6890,-0.1402,0.3534,3.5643,5.4788,0.1685,7.0218,4.3661,2.2985,7.0218,2.9732

426.6890,-0.3871,0.5386,4.1817,6.0344,-0.0785,6.6514,4.8600,2.5248,6.6514,3.1144

427.6890,-0.2019,0.6003,4.4286,5.6022,0.1685,6.3427,4.3043,2.4837,6.3427,3.0350

428.6890,-0.1402,0.6621,3.7495,5.4170,-0.0167,7.6392,3.7487,2.2367,7.6392,3.0085

429.6900,0.1067,0.2917,4.2434,5.9109,-0.0167,6.5279,4.4278,2.4940,6.5279,3.0702

430.6900,-0.1402,0.7238,4.0582,4.9231,0.0450,6.7749,3.9339,2.2573,6.7749,2.9027

431.6890,-0.0785,0.8473,3.8730,5.2936,0.0450,6.7132,4.4895,2.4116,6.7132,3.0261

432.6890,0.1067,0.0447,4.0582,5.7257,-0.0785,6.9601,4.1191,2.3293,6.9601,2.9909

433.6890,-0.1402,0.4769,3.8112,5.6022,-0.0785,6.7132,3.9339,2.2676,6.7132,2.9027

434.6890,0.1067,-0.0788,3.9965,5.7257,0.1067,6.6514,4.1191,2.3293,6.6514,2.9468

435.6890,-0.2637,0.2917,3.9965,5.4788,-0.2020,6.7749,4.1808,2.2470,6.7749,2.8939

436.6890,-0.1402,0.4151,4.0582,5.7257,0.3537,7.2688,4.4895,2.4837,7.2688,3.1673

437.6890,-0.0785,0.6003,3.8112,5.3553,0.2302,6.8366,4.0574,2.3293,6.8366,2.9732

438.6890,0.6005,0.2299,3.8730,5.6022,0.1685,6.8984,4.3661,2.4734,6.8984,3.1055

439.6890,-0.1402,0.4769,4.0582,5.4788,0.2302,6.9601,4.1191,2.3705,6.9601,3.0262

440.6890,0.1067,0.2917,4.6139,5.2936,-0.0167,6.7749,4.1191,2.4014,6.7749,3.0261

441.6900,0.2302,0.4151,4.1199,5.5405,0.0450,7.0218,3.9339,2.3808,7.0218,3.0438

442.6890,-0.1402,0.3534,3.9965,5.5405,0.1685,6.9601,4.2426,2.3602,6.9601,3.0173

443.6890,0.1067,0.1065,4.1817,5.2318,-0.3255,7.0218,3.8104,2.1853,7.0218,2.8762

444.6890,-0.0785,1.2177,3.5643,5.7257,0.1067,7.0836,4.0574,2.4322,7.0836,3.0967

445.6890,0.4153,0.2917,3.7495,6.1578,-0.3872,6.5897,3.8721,2.3499,6.5897,2.9556

446.6890,-0.1402,0.7856,3.5025,6.0344,0.0450,6.8984,4.5513,2.4631,6.8984,3.0967

447.6900,0.1067,0.1682,4.2434,5.3553,-0.1402,6.4662,5.0452,2.4631,6.4662,3.0350

448.6890,-0.3254,0.1065,4.2434,5.5405,0.1067,6.5897,4.4278,2.3499,6.5897,2.9556

449.6890,0.3536,0.2917,3.6878,5.7257,0.1067,6.9601,3.6252,2.2984,6.9601,2.9644

450.6890,0.4153,0.5386,4.2434,5.4788,-0.1402,7.0836,3.9956,2.4219,7.0836,3.0879

451.6890,0.7857,0.4151,3.9965,5.1084,0.1685,6.5279,3.4400,2.3190,6.5279,2.9203

452.6890,-0.0168,0.3534,3.9347,5.9109,0.2302,6.4045,4.4895,2.4837,6.4045,3.0438

453.6890,-0.3254,-0.3257,4.4286,5.1084,-0.0167,6.7749,3.8721,2.1235,6.7749,2.7880

454.6890,0.2919,0.0447,4.1199,5.7257,-0.0167,6.8984,3.5634,2.2882,6.8984,2.9468

455.6890,0.6005,0.4151,4.6139,4.9849,0.4155,6.4662,4.3043,2.5557,6.4662,3.1143

456.6890,-0.0785,0.7856,4.3669,5.1701,-0.3872,6.8366,4.6748,2.4219,6.8366,3.0526

457.6890,0.0450,0.4151,4.6139,5.4788,0.1685,7.0218,4.6748,2.5660,7.0218,3.2025

458.6890,-0.0785,0.3534,4.1817,5.4788,0.7859,6.9601,3.8721,2.4322,6.9601,3.0791

459.6890,-0.2637,0.0447,4.6756,5.4788,-0.0167,6.0958,4.9217,2.4734,6.0958,2.9909

460.6890,0.1067,0.1682,3.6260,5.6640,0.2302,6.8984,4.1808,2.3293,6.8984,2.9820

461.6900,-0.5106,0.7856,3.8730,5.3553,0.1067,6.5897,4.0574,2.2779,6.5897,2.8939

462.6890,-0.5106,0.1682,3.9965,6.1578,-0.7577,7.2688,4.1808,2.2059,7.2688,2.9291

463.6890,0.1067,0.4151,3.9347,5.8492,-0.0167,6.9601,4.4278,2.4528,6.9601,3.0967

464.6890,0.1684,0.1682,3.7495,5.1084,0.1685,6.6514,3.9339,2.2161,6.6514,2.8498

465.6890,0.0450,-0.0170,4.7991,5.1701,-0.0785,6.8366,2.6373,2.0927,6.8366,2.7704

466.6890,0.0450,0.4151,4.7991,5.2936,-0.1402,6.8366,3.9956,2.4014,6.8366,3.0350

467.6890,0.4771,0.3534,3.9347,5.3553,-0.2020,6.8984,3.9956,2.3190,6.8984,2.9732

468.6890,0.2302,0.4151,3.9965,5.5405,-0.5107,7.2070,3.8721,2.2573,7.2070,2.9644

469.6900,0.1067,0.2917,4.4286,5.9109,-0.0167,7.3922,4.2426,2.4940,7.3922,3.1937

470.6890,-0.0785,0.1065,4.0582,5.5405,0.4155,6.4045,4.4895,2.4219,6.4045,2.9909

471.6890,0.1067,0.2917,4.8608,5.8492,-0.1402,6.8366,4.2426,2.5351,6.8366,3.1496

472.6890,-0.1402,0.2299,3.8112,5.9109,-0.0785,7.2688,4.2426,2.3293,7.2688,3.0350

473.6890,-0.0785,0.4769,4.0582,6.0344,0.4155,6.8984,3.8104,2.4528,6.8984,3.0879

474.6890,-0.1402,0.4151,4.0582,5.6022,-0.2020,6.7749,4.1191,2.3087,6.7749,2.9468

475.6890,0.0450,0.2917,4.4286,5.5405,0.1067,6.8366,4.7365,2.5248,6.8366,3.1408

476.6890,0.1067,0.1682,4.0582,5.2318,-0.0167,6.7132,3.9339,2.2470,6.7132,2.8850

477.6890,0.1684,0.3534,4.0582,5.8492,-0.0785,6.7132,4.4278,2.4631,6.7132,3.0702

478.6890,0.4153,0.1065,3.8730,5.6640,0.1067,6.6514,4.0574,2.3705,6.6514,2.9820

479.6890,-0.0168,0.6003,4.3669,6.1578,0.1685,6.7132,5.7244,2.8335,6.7132,3.3878

480.6890,0.4153,0.2299,3.9965,5.6640,0.0450,6.0958,4.0574,2.4013,6.0958,2.9291

481.6900,0.0450,0.4769,4.1199,5.1701,0.4155,7.5775,4.1191,2.3911,7.5775,3.1320

482.6890,0.9092,0.5386,3.9965,5.2936,-0.0785,6.7749,3.9956,2.4425,6.7749,3.0614

483.6890,-0.3254,0.3534,3.9347,5.2936,-0.2637,6.8984,3.9956,2.1647,6.8984,2.8409

484.6890,0.1684,0.6621,4.4904,5.7874,-0.0785,7.4540,4.3043,2.5557,7.4540,3.2554

485.6890,0.0450,0.2299,4.1817,5.4170,-0.2637,6.6514,4.3043,2.3190,6.6514,2.9379

486.6890,0.8474,0.6621,4.3669,5.4788,-0.3255,6.7132,4.3043,2.5557,6.7132,3.1496

487.6900,0.3536,0.0447,4.3052,5.7874,-0.6959,7.1453,3.9956,2.2984,7.1453,2.9908

488.6890,0.1067,0.4151,4.4904,5.2936,0.0450,6.8984,3.9339,2.3808,6.8984,3.0261

489.6890,-0.0168,1.1560,3.9965,5.9726,-0.2020,6.8984,4.5513,2.5763,6.8984,3.1937

490.6890,0.1684,0.4151,4.3052,5.7874,0.0450,7.4540,3.8104,2.4219,7.4540,3.1408

491.6890,-0.2019,0.3534,3.9347,4.6762,0.4772,6.7132,4.1191,2.2264,6.7132,2.8674

492.6890,0.4153,0.2299,4.0582,5.5405,0.2302,6.7749,4.9835,2.5763,6.7749,3.1761

493.6890,-0.0785,0.6003,4.7991,5.6640,0.0450,6.5279,4.3661,2.5660,6.5279,3.1320

494.6890,-0.2019,0.5386,4.3052,4.9849,-0.0785,6.5897,3.9339,2.2470,6.5897,2.8674

495.6890,0.1684,0.2917,4.5521,5.2936,0.3537,6.9601,3.5017,2.3602,6.9601,3.0173

496.6900,0.1067,0.2917,5.2313,5.7257,-0.0167,6.8366,4.3661,2.6174,6.8366,3.2202

497.6890,0.1684,0.6621,3.8730,5.6640,-0.1402,6.4045,3.8721,2.3499,6.4045,2.9291

498.6900,-0.0168,-0.1405,3.8730,5.2318,0.2302,6.6514,4.3043,2.2470,6.6514,2.8762

499.6890,0.2919,0.2917,3.8730,5.7874,-0.0785,6.8984,3.8104,2.3293,6.8984,2.9820

500.6890,0.2919,0.5386,4.1817,5.8492,-0.4489,7.0218,3.9956,2.4013,7.0218,3.0614

501.6890,-1.2513,0.1682,3.9965,5.7257,-0.1402,7.3922,4.4278,2.1544,7.3922,2.9027

502.6890,0.2919,0.6621,4.3052,5.6640,-0.0785,6.7749,4.1191,2.4940,6.7749,3.1055

503.6890,-0.1402,-0.0170,4.5521,5.3553,0.1067,6.0958,4.2426,2.3499,6.0958,2.8850

504.6890,-0.0168,0.1682,4.3052,5.2936,-0.0167,6.5279,3.9339,2.2779,6.5279,2.8850

505.6890,0.1067,0.1682,3.8112,5.7257,-0.2020,6.4045,4.0574,2.2779,6.4045,2.8674

506.6890,-0.0168,0.1682,4.1817,5.5405,0.1685,6.7132,4.4278,2.4117,6.7132,3.0262

507.6890,-0.2019,0.8473,3.2556,5.7874,-0.1402,6.3427,4.1191,2.2779,6.3427,2.8586

508.6900,-0.0785,0.3534,4.4286,5.6640,-0.0785,6.8984,4.3661,2.4425,6.8984,3.0791

509.6890,0.1067,0.6621,3.6878,5.6640,-0.0785,6.4662,4.4278,2.4116,6.4662,2.9909

510.6890,0.2919,0.1682,4.1817,5.9109,-0.1402,6.3427,3.9956,2.4013,6.3427,2.9644

511.6890,-0.1402,0.1682,3.9347,4.7997,0.0450,6.6514,4.5513,2.2264,6.6514,2.8586

512.6890,-0.2637,0.3534,4.1817,5.2318,0.1685,6.4662,4.4895,2.3602,6.4662,2.9468

513.6890,-0.0168,0.1065,4.1199,5.5405,-0.0785,6.7749,4.1808,2.3087,6.7749,2.9468

514.6900,0.0450,0.2917,3.9965,5.5405,0.3537,6.4045,4.5513,2.4631,6.4045,3.0262

515.6890,0.2302,-0.2022,4.5521,5.8492,-0.0167,6.5897,3.6252,2.3396,6.5897,2.9468

516.6890,0.1067,0.4151,4.0582,5.4170,-0.2020,6.7132,3.8721,2.2779,6.7132,2.9115

517.6890,0.1067,0.7238,4.1199,5.5405,0.6624,6.5897,3.9339,2.5145,6.5897,3.0967

518.6890,-0.3871,-0.0788,4.1817,5.5405,0.0450,6.5897,4.5513,2.3088,6.5897,2.9203

519.6900,0.2919,-0.0170,4.5521,5.3553,-0.0785,6.4045,4.1191,2.3705,6.4045,2.9468

520.6890,-0.0168,1.0325,4.1199,5.4170,0.2920,6.6514,3.9339,2.4631,6.6514,3.0614

521.6890,0.1067,0.2299,3.9965,5.7874,0.2920,6.2193,3.9956,2.4014,6.2193,2.9468

522.6890,-0.0785,1.1560,4.4904,5.6022,-0.0785,6.4045,4.3661,2.5763,6.4045,3.1232

523.6890,-0.1402,-0.0170,3.9347,5.6022,-0.2020,6.2810,4.3043,2.2470,6.2810,2.8233

524.6900,0.0450,0.3534,3.9965,6.0344,0.4155,6.7132,4.2426,2.5145,6.7132,3.1143

525.6890,-0.0168,0.2299,4.1199,6.0344,-0.0785,6.7132,4.4278,2.4528,6.7132,3.0614

526.6890,0.1067,0.2917,4.1817,5.3553,0.2302,7.0218,4.1191,2.3808,7.0218,3.0438

527.6890,0.0450,0.1682,4.7373,5.7257,-0.0785,6.6514,3.8721,2.4116,6.6514,3.0173

528.6890,-0.0785,-0.1405,3.9347,5.6022,-0.1402,6.5279,4.3661,2.2573,6.5279,2.8674

529.6890,0.1067,-0.0170,3.8730,5.0466,-0.0167,6.5897,3.8721,2.1441,6.5897,2.7792

530.6890,-0.1402,0.0447,3.8112,5.9109,-0.0785,6.5897,4.3043,2.3087,6.5897,2.9203

531.6890,-0.0168,0.1065,4.4286,4.6762,0.3537,6.5279,3.7487,2.2162,6.5279,2.8321

532.6890,0.0450,-0.1405,4.4286,5.6022,0.5389,6.4662,3.8721,2.3911,6.4662,2.9732

533.6890,0.1684,0.1682,4.1817,5.7874,0.1067,6.3427,4.5513,2.4940,6.3427,3.0438

534.6890,-0.1402,-0.3874,4.1817,5.5405,-0.0167,6.1575,4.1808,2.2264,6.1575,2.7880

535.6890,0.4153,0.8473,4.2434,5.4788,-0.3255,6.6514,3.9339,2.4322,6.6514,3.0350

536.6890,-0.2019,0.4151,4.2434,5.6640,-0.3255,6.8366,4.9217,2.4528,6.8366,3.0791

537.6890,0.2302,-0.0170,4.6139,5.9726,-0.2020,6.6514,4.4278,2.5042,6.6514,3.0967

538.6890,-0.0785,0.6003,4.4286,5.5405,-0.0785,6.4045,4.4895,2.4837,6.4045,3.0438

539.6890,-0.3871,0.1065,3.9347,5.3553,0.1067,6.5279,4.4895,2.2676,6.5279,2.8762

540.6890,-0.5106,0.3534,4.3052,5.4170,-0.0167,7.0218,3.8721,2.2367,7.0218,2.9203

541.6890,-0.5723,0.5386,3.5643,5.9109,0.2920,6.7749,4.1808,2.3190,6.7749,2.9556

542.6890,-0.1402,-0.2640,4.0582,5.7257,0.2920,6.0341,4.1808,2.3088,6.0341,2.8409

543.6900,0.0450,0.4769,3.9965,5.5405,-0.0167,6.6514,3.9339,2.3293,6.6514,2.9468

544.6890,-0.1402,1.3412,4.6139,5.3553,0.0450,6.3427,4.2426,2.5763,6.3427,3.1143

545.6890,0.3536,-0.1405,4.1817,5.7257,0.7242,6.1575,4.3661,2.5351,6.1575,3.0526

546.6890,0.0450,0.4769,4.1199,5.7257,-1.3751,6.7749,3.3782,2.0618,6.7749,2.7351

547.6890,-0.0168,0.4769,4.3052,5.7257,0.5389,6.4662,3.9956,2.5043,6.4662,3.0703

548.6890,-0.1402,0.2917,3.8112,5.8492,-0.2020,6.4662,4.0574,2.2779,6.4662,2.8762

549.6890,-0.0168,0.2917,4.5521,5.6640,0.4155,6.6514,4.0574,2.4940,6.6514,3.0879

550.6890,0.5388,0.6621,4.1199,5.6022,0.1685,6.4662,3.8721,2.4939,6.4662,3.0614

551.6890,0.2302,0.3534,4.5521,5.5405,-0.0167,6.7132,3.8721,2.4219,6.7132,3.0350

552.6890,0.2302,-0.5726,3.2556,5.9726,-0.2020,6.7132,4.3043,2.1647,6.7132,2.8145

553.6890,-0.3871,0.1682,4.1817,5.4170,0.1685,6.2810,4.5513,2.3499,6.2810,2.9115

554.6900,-0.2637,0.1682,4.1199,5.6022,0.1685,6.2810,4.6130,2.4014,6.2810,2.9556

555.6890,-0.1402,1.1560,3.9965,5.4170,0.3537,6.7132,3.9339,2.4528,6.7132,3.0614

556.6890,-0.4489,1.3412,4.8608,5.6640,0.3537,6.4045,4.4895,2.7101,6.4045,3.2378

557.6900,-0.2637,0.5386,4.1817,5.6640,0.0450,5.9723,4.2426,2.4014,5.9723,2.9115

558.6890,0.1684,0.1065,3.6260,5.6022,0.3537,5.9106,4.5513,2.4014,5.9106,2.9027

559.6890,0.4153,0.4769,3.8730,5.9109,-0.1402,6.4662,4.1808,2.4528,6.4662,3.0261

560.6890,0.3536,0.4151,4.2434,5.9726,-0.1402,6.5897,4.0574,2.4837,6.5897,3.0702

561.6890,-0.3254,0.2917,4.1199,5.0466,0.0450,6.4045,3.9956,2.1956,6.4045,2.7968

562.6890,0.0450,0.3534,4.1817,5.4788,0.0450,7.1453,4.1191,2.3705,7.1453,3.0526

563.6890,0.4771,-0.0170,3.8730,5.7257,-0.0785,6.5897,3.9956,2.3293,6.5897,2.9379

564.6890,-0.2019,0.6003,4.1199,5.2936,-0.2637,6.4662,4.3661,2.3190,6.4662,2.9115

565.6900,0.1684,0.2917,4.0582,5.2936,-0.0167,6.6514,3.8721,2.2779,6.6514,2.9027

566.6890,-0.0785,1.0942,4.1817,5.6640,-0.1402,6.4045,4.1808,2.4837,6.4045,3.0438

567.6890,-0.1402,0.4769,4.1199,6.1578,0.0450,6.4662,3.7487,2.4014,6.4662,2.9820

568.6890,-0.0785,0.1682,4.7373,5.2318,-0.0167,6.6514,4.3043,2.3911,6.6514,2.9997

569.6890,0.1067,0.6003,4.1199,5.4788,0.1685,6.4662,4.0574,2.4219,6.4662,2.9997

570.6890,-0.1402,0.2917,3.8730,5.7874,0.1067,6.4045,4.2426,2.3602,6.4045,2.9380

571.6890,-0.0168,0.2917,3.6878,5.3553,0.1685,7.0218,3.9339,2.2367,7.0218,2.9203

572.6900,-0.0168,0.7856,4.4904,5.6640,-0.0785,6.6514,4.3043,2.5248,6.6514,3.1143

573.6890,-0.0785,-0.2640,3.9347,5.9726,0.1067,6.1575,3.9956,2.2779,6.1575,2.8321

574.6890,0.0450,-0.1405,3.9347,5.0466,0.2920,6.1575,3.9339,2.1853,6.1575,2.7527

575.6890,0.0450,0.6621,3.9347,5.4788,0.1685,6.7749,4.3661,2.4425,6.7749,3.0614

576.6890,0.2302,0.1065,3.9965,5.6640,0.3537,6.3427,4.0574,2.4014,6.3427,2.9644

577.6890,-0.0785,0.1682,3.9347,5.7874,0.0450,6.8984,4.6748,2.4219,6.8984,3.0614

578.6890,0.4771,0.2299,3.8730,5.1701,0.0450,6.7132,3.8721,2.2779,6.7132,2.9115

579.6900,0.0450,0.1682,3.9965,5.9726,0.7242,6.4662,4.7365,2.6072,6.4662,3.1585

580.6890,0.2919,0.4769,3.9965,5.7874,-0.1402,6.4662,4.2426,2.4425,6.4662,3.0173

581.6890,0.2302,0.4151,4.1817,5.6022,0.2920,6.7132,4.0574,2.4631,6.7132,3.0702

582.6890,0.3536,0.1065,4.3052,5.9109,0.0450,6.8984,4.2426,2.4940,6.8984,3.1232

583.6890,0.1067,-0.0788,4.5521,5.4170,-0.1402,6.4662,4.1808,2.3396,6.4662,2.9291

584.6890,0.0450,0.2299,3.8112,5.8492,0.1685,6.6514,4.0574,2.3602,6.6514,2.9732

585.6890,-0.1402,0.3534,4.0582,5.8492,0.0450,6.3427,3.9339,2.3499,6.3427,2.9203

586.6890,-0.1402,-0.1405,4.3669,5.6022,-0.2020,6.5279,4.4278,2.3190,6.5279,2.9203

587.6890,-0.4489,0.4769,3.8730,5.6022,-0.1402,6.9601,3.9956,2.2264,6.9601,2.9027

588.6890,0.0450,0.2299,4.1199,5.2936,0.5389,6.5897,3.6869,2.3190,6.5897,2.9291

589.6890,-0.2637,1.0942,4.7991,5.7874,0.0450,6.7132,3.5634,2.5043,6.7132,3.1055

590.6890,-0.0168,0.3534,4.0582,5.3553,0.0450,6.5279,4.1191,2.3190,6.5279,2.9203

591.6890,0.1067,0.1065,3.9965,5.4170,0.1685,6.3427,4.4278,2.3705,6.3427,2.9380

592.6890,-0.0785,0.1682,3.8112,6.1578,-0.0785,6.6514,3.8104,2.2985,6.6514,2.9203

593.6890,-0.1402,0.0447,4.5521,5.5405,-0.0785,6.7749,3.8721,2.2985,6.7749,2.9380

594.6890,0.0450,0.2917,4.6139,5.6022,-0.5107,6.7132,3.8721,2.3190,6.7132,2.9468

595.6890,0.4153,0.6621,4.0582,5.6022,-0.0785,6.7749,3.9956,2.4425,6.7749,3.0614

596.6890,0.0450,-0.0170,3.8112,5.3553,-0.2020,6.4662,3.7487,2.1235,6.4662,2.7439

597.6890,-0.0785,0.6621,4.1817,5.9726,-0.0785,7.0836,3.4400,2.3499,7.0836,3.0261

598.6900,-0.2637,0.5386,4.3052,6.4048,-0.4489,6.5279,4.3043,2.4734,6.5279,3.0526

599.6890,-0.0168,-0.0170,3.8730,6.4048,-0.5724,6.7132,3.9339,2.2676,6.7132,2.9027

600.6890,-0.2019,0.6621,3.9965,5.5405,0.0450,6.6514,4.1808,2.3705,6.6514,2.9821

601.6890,-0.2019,0.1682,4.2434,5.9726,-0.4489,6.8366,4.3661,2.3499,6.8366,2.9909

602.6890,-0.2019,0.3534,3.8730,5.2318,0.4772,6.4662,4.3661,2.3499,6.4662,2.9380

603.6890,-0.2637,0.2917,4.1817,5.0466,0.0450,6.6514,4.4278,2.2882,6.6514,2.9115

604.6890,-0.1402,1.0942,3.9965,6.4048,0.1685,6.4662,4.2426,2.6277,6.4662,3.1761

605.6890,0.0450,0.7238,4.2434,5.6022,0.4772,6.4662,3.9339,2.5043,6.4662,3.0702

606.6890,-0.0168,0.4151,3.9965,5.5405,0.1685,6.4045,4.6748,2.4631,6.4045,3.0262

607.6890,0.1067,0.2917,3.9347,5.2318,0.2920,6.1575,4.3043,2.3602,6.1575,2.9027

608.6890,0.1684,0.1682,3.8112,5.7257,0.5389,6.8366,3.9956,2.4014,6.8366,3.0350

609.6890,0.1067,-0.1405,4.3052,5.8492,0.1067,6.4045,4.1808,2.4014,6.4045,2.9732

610.6890,0.0450,0.5386,3.9965,5.2936,0.2920,6.5897,3.9956,2.3602,6.5897,2.9644

611.6890,-0.3254,0.2299,4.0582,5.7874,0.4155,6.4045,3.8104,2.3293,6.4045,2.9115

612.6890,0.4153,0.0447,3.8730,5.5405,0.2302,6.2810,3.7487,2.3087,6.2810,2.8762

613.6890,-0.2019,0.4769,4.1817,5.8492,0.1067,7.1453,4.1191,2.4219,7.1453,3.0967

614.6900,0.1684,0.6003,4.0582,5.7257,0.1067,6.5279,3.9956,2.4425,6.5279,3.0261

615.6890,-0.2019,0.2917,3.8730,6.1578,-0.0167,6.8366,4.2426,2.3911,6.8366,3.0261

616.6900,0.1684,0.1682,3.6260,5.2936,-0.0785,6.2810,3.9339,2.1853,6.2810,2.7704

617.6890,-0.0785,0.6621,4.0582,5.2318,0.0450,6.5279,3.9956,2.3190,6.5279,2.9203

618.6890,0.2919,0.0447,4.2434,5.5405,0.0450,6.5897,4.2426,2.4014,6.5897,2.9997

619.6890,-0.5106,0.2917,4.4286,5.6022,0.1685,6.5897,4.1191,2.3499,6.5897,2.9556

620.6890,-0.1402,0.2917,4.3052,5.4788,0.2302,6.5897,4.4278,2.4322,6.5897,3.0262

621.6890,0.2302,0.4769,4.4286,5.7874,-0.2020,6.6514,4.0574,2.4631,6.6514,3.0614

622.6890,-0.0785,0.6621,4.0582,5.2936,-0.0785,6.4662,4.1191,2.3293,6.4662,2.9203

623.6890,-0.1402,0.1065,4.1199,5.3553,-0.3255,6.7749,4.4278,2.2573,6.7749,2.9027

624.6890,0.9092,0.3534,4.1199,5.9109,-0.0785,6.6514,4.3043,2.5865,6.6514,3.1672

625.6890,0.1067,-0.2640,4.1199,5.1701,0.1685,6.5897,4.2426,2.2573,6.5897,2.8762

626.6890,0.6622,0.7856,3.9965,5.9109,0.1685,6.7132,3.9339,2.5763,6.7132,3.1672

627.6890,0.1067,-0.0788,3.8730,5.5405,0.1067,6.3427,3.9956,2.2573,6.3427,2.8409

628.6890,0.2919,0.1682,3.8730,5.8492,-0.3872,6.8366,3.9339,2.2882,6.8366,2.9379

629.6900,-0.3254,0.1682,4.6756,5.4788,0.0450,6.8366,3.9339,2.3293,6.8366,2.9732

630.6890,-0.2019,0.1065,3.8112,5.2936,0.1067,6.4662,4.2426,2.2264,6.4662,2.8321

631.6890,0.2302,0.6621,3.9965,5.4170,-0.0785,6.3427,4.1808,2.4013,6.3427,2.9644

632.6890,0.1684,0.2917,4.3052,5.0466,0.5389,6.1575,4.2426,2.4322,6.1575,2.9644

633.6890,0.1684,0.1065,4.2434,5.5405,0.4772,7.4540,3.9339,2.4116,7.4540,3.1320

634.6890,-0.0785,0.2299,3.8112,5.9109,0.1685,7.1453,3.8104,2.3087,7.1453,2.9997

635.6890,-0.0785,0.5386,4.1817,5.1701,0.1067,7.1453,4.1808,2.3499,7.1453,3.0350

636.6890,0.1067,0.1065,4.3052,5.4788,-0.2637,7.2688,3.8721,2.2676,7.2688,2.9820

637.6890,0.4153,0.4151,4.0582,5.1084,0.0450,6.8366,4.0574,2.3499,6.8366,2.9909

638.6890,0.2302,0.2917,4.3052,5.8492,-0.2020,6.8984,4.3043,2.4631,6.8984,3.0967

639.6890,0.4771,0.2917,4.0582,5.4170,0.1067,6.6514,4.1808,2.4219,6.6514,3.0261

640.6890,-0.0785,0.9090,4.1199,5.8492,0.0450,6.6514,4.1191,2.4940,6.6514,3.0879

641.6890,0.1067,0.0447,3.9347,5.2318,-0.3872,7.0218,4.2426,2.1956,7.0218,2.8850

642.6890,0.0450,-0.0170,4.4904,5.7874,-0.1402,6.8984,3.9956,2.3602,6.8984,3.0085

643.6890,-0.0168,-0.2640,4.4904,5.4170,0.4772,7.0836,4.0574,2.3602,7.0836,3.0350

644.6890,-0.2637,0.4151,4.0582,5.3553,0.2302,6.8984,3.5634,2.2264,6.8984,2.8939

645.6890,0.0450,0.0447,4.6756,5.7257,0.1067,6.5897,3.9956,2.4322,6.5897,3.0261

646.6890,1.2795,0.6003,4.1199,6.0961,-0.2020,6.7749,4.1808,2.6791,6.7749,3.2642

647.6890,0.4153,0.3534,4.5521,6.0344,-0.0167,6.8366,3.8721,2.5351,6.8366,3.1496

648.6890,0.4153,-0.0170,3.6878,5.7257,0.1067,6.6514,3.8721,2.2984,6.6514,2.9203

649.6890,-0.0785,0.4769,4.1199,5.5405,-0.0785,6.8984,3.7487,2.2882,6.8984,2.9468

650.6890,0.1067,-0.0170,4.4286,5.7874,0.1067,6.8984,3.9956,2.4014,6.8984,3.0438

651.6900,-0.0785,0.3534,3.8730,5.1084,0.1067,7.0218,3.9339,2.2161,7.0218,2.9027

652.6890,0.1067,0.7238,4.3052,5.7874,-0.3255,7.0836,3.9956,2.4322,7.0836,3.0967

653.6890,-0.1402,0.4151,4.3052,5.1701,-0.2637,7.0836,3.8104,2.2161,7.0836,2.9115

654.6890,0.0450,-0.0170,4.2434,5.2318,-0.1402,6.9601,3.9956,2.2264,6.9601,2.9027

655.6900,-0.0785,0.4769,4.7373,5.7874,-0.2020,8.4418,4.9217,2.6072,8.4418,3.4407

656.6890,-0.5723,0.5386,4.1199,5.2936,-0.3872,7.2688,4.1191,2.1853,7.2688,2.9115

657.6890,-0.2019,0.4769,3.8730,5.4788,0.1067,7.2070,4.4895,2.3705,7.2070,3.0614

658.6890,0.0450,-0.0170,4.1199,5.1701,0.2302,6.8366,4.3661,2.3190,6.8366,2.9644

659.6890,-0.1402,0.6003,4.1199,5.2318,0.1067,7.2688,3.8721,2.2985,7.2688,3.0085

660.6890,0.2919,-0.0788,4.3052,4.9849,0.2920,6.4662,4.0574,2.3088,6.4662,2.9027

661.6890,-0.0785,0.4151,3.8112,5.4170,0.1067,7.0836,4.1191,2.2985,7.0836,2.9820

662.6890,-0.0785,-0.0788,4.3052,4.9849,0.0450,6.8366,4.2426,2.2367,6.8366,2.8939

663.6890,-0.2019,-0.0788,3.8730,5.8492,-0.1402,6.8984,3.8721,2.1956,6.8984,2.8674

664.6890,-0.5106,0.2917,4.1817,5.3553,-0.0167,5.8489,4.3661,2.2779,5.8489,2.7880

665.6890,0.0450,1.0325,4.1817,5.7257,-0.0785,6.8366,3.7487,2.4425,6.8366,3.0702

666.6890,0.2919,-0.0788,4.1199,5.3553,0.1685,6.7132,4.1191,2.3293,6.7132,2.9556

667.6890,-0.0785,0.1682,4.4904,5.8492,-0.1402,6.7749,3.9339,2.3705,6.7749,2.9997

668.6890,0.1067,0.2299,3.6878,5.7257,0.3537,7.0836,4.3043,2.4014,7.0836,3.0702

669.6890,0.1067,0.1065,4.9226,5.5405,-0.0785,7.0218,4.3661,2.4940,7.0218,3.1408

670.6890,0.1684,-0.4492,3.9965,5.6640,1.0329,6.7132,3.9956,2.4014,6.7132,3.0173

671.6890,0.0450,-0.0170,4.3052,5.4788,0.0450,7.2688,3.9339,2.2985,7.2688,3.0085

672.6890,0.2302,0.1065,4.0582,6.4665,0.3537,6.1575,4.0574,2.5454,6.1575,3.0614

673.6890,-0.2019,0.4769,3.9965,5.9109,1.2799,7.0218,3.9339,2.5660,7.0218,3.2026

674.6890,0.1067,0.0447,4.0582,5.6022,-0.0785,6.7749,3.8104,2.2573,6.7749,2.9027

675.6900,-0.3254,0.1065,3.4408,4.9849,-0.3872,7.5157,4.0574,1.9795,7.5157,2.7704

676.6890,0.2302,0.7238,3.5025,6.0961,-0.0167,7.3305,3.8104,2.3910,7.3305,3.0967

677.6890,0.4153,0.3534,4.2434,5.7257,-0.0167,7.3305,3.9339,2.4425,7.3305,3.1408

678.6890,-0.2637,0.6621,4.1817,5.8492,0.5389,7.2070,3.9339,2.4837,7.2070,3.1584

679.6890,0.2302,0.1065,4.1199,5.4788,-0.2020,6.9601,3.9956,2.2882,6.9601,2.9556

680.6890,-0.2019,0.4769,3.9965,5.6022,-0.0785,7.0836,3.9956,2.2985,7.0836,2.9820

681.6890,-0.4489,-0.0788,4.1817,5.3553,0.1685,6.6514,4.7983,2.3294,6.6514,2.9468

682.6890,0.1067,1.0325,4.3669,5.4170,-0.0785,7.3305,4.1191,2.4940,7.3305,3.1849

683.6890,0.3536,0.6621,4.0582,5.7874,-0.2637,6.9601,3.5634,2.3602,6.9601,3.0173

684.6890,-0.0785,0.2917,4.0582,5.6640,0.1067,6.8984,4.4895,2.4219,6.8984,3.0614

685.6890,-1.4982,-0.0170,3.8112,5.4170,-0.0167,6.7749,4.1191,1.9692,6.7749,2.6558

686.6900,0.1067,-0.2640,4.4286,5.8492,-0.0167,6.7749,4.0574,2.3602,6.7749,2.9909

687.6890,-0.3871,-0.0788,4.1199,5.3553,-0.0167,6.4045,4.6748,2.2779,6.4045,2.8674

688.6900,-0.0785,0.6003,4.1199,5.6022,0.4155,6.7749,3.8721,2.4219,6.7749,3.0438

689.6890,-0.0785,0.4151,3.5643,5.5405,0.5389,6.3427,4.5513,2.4219,6.3427,2.9821

690.6890,-0.0168,0.1682,3.6878,5.8492,0.1067,6.5279,4.2426,2.3396,6.5279,2.9379

691.6890,-0.1402,0.1682,4.3669,5.7874,0.0450,6.5897,5.1687,2.5660,6.5897,3.1408

692.6890,0.1067,0.5386,4.0582,5.6640,0.2920,7.6392,4.4895,2.5248,7.6392,3.2555

693.6890,-0.1402,0.0447,4.5521,5.4170,-0.1402,6.8366,3.9956,2.2882,6.8366,2.9380

694.6890,-0.0785,-0.2022,4.3052,5.2936,0.0450,6.5897,4.1191,2.2470,6.5897,2.8674

695.6890,0.1067,0.1682,4.4286,5.3553,-0.2020,6.7749,3.9339,2.2985,6.7749,2.9379

696.6890,0.1067,0.6003,4.5521,5.4170,-0.2020,6.4662,4.1808,2.4425,6.4662,3.0173

697.6890,-0.0785,0.1682,4.1817,5.4170,-0.3255,7.2688,3.6252,2.1647,7.2688,2.8938

698.6890,-0.0168,0.3534,3.9347,5.6022,-0.0785,6.7749,3.8721,2.2779,6.7749,2.9203

699.6890,0.5388,-0.0170,4.0582,5.4788,0.1067,6.5279,3.8721,2.3396,6.5279,2.9379

700.6890,-0.0168,0.2917,3.8730,6.0344,-0.0167,6.4662,3.7487,2.3190,6.4662,2.9115

701.6890,0.9709,0.4769,3.0086,5.8492,-0.2637,6.3427,4.1808,2.3704,6.3427,2.9379

702.6890,-0.0168,0.2917,4.0582,5.7257,0.0450,6.3427,4.6748,2.4631,6.3427,3.0173

703.6890,-0.1402,0.2299,3.9965,5.4788,0.1067,6.0958,4.1191,2.2985,6.0958,2.8409

704.6890,0.1684,0.0447,3.9347,5.4788,0.2302,6.6514,3.8104,2.2779,6.6514,2.9027

705.6890,-0.0785,0.2299,5.1695,5.9726,0.1067,6.0341,4.4278,2.6380,6.0341,3.1232

706.6890,0.2302,-0.0170,4.0582,5.6640,-0.2020,6.6514,3.9339,2.2779,6.6514,2.9027

707.6890,-0.2019,-0.2022,3.9965,5.4788,-0.0167,6.5279,4.1191,2.1956,6.5279,2.8145

708.6890,0.4153,-0.6961,4.2434,5.7257,-0.1402,6.4662,3.9956,2.2573,6.4662,2.8586

709.6890,-0.5106,0.6621,3.8112,5.6022,-0.0167,6.4045,3.9339,2.2470,6.4045,2.8409

710.6900,-0.2637,0.7238,4.0582,5.8492,0.1067,6.5897,4.1191,2.4322,6.5897,3.0261

711.6890,0.4153,0.2917,4.5521,5.3553,0.1685,6.8366,3.8104,2.4322,6.8366,3.0614

712.6890,0.2919,0.7238,4.8608,5.1701,-0.2637,6.4045,4.3043,2.5145,6.4045,3.0702

713.6890,-0.2637,0.1682,3.9965,5.2936,-0.3872,6.7749,4.6130,2.2367,6.7749,2.8850

714.6900,-0.0785,0.4769,4.3052,5.3553,0.1685,6.7749,4.2426,2.4117,6.7749,3.0350

715.6900,-0.2019,0.4151,3.9347,5.7874,0.0450,7.0836,3.9339,2.3190,7.0836,2.9997

716.6890,-0.0168,-0.1405,4.1199,5.3553,0.1067,6.3427,4.2426,2.2779,6.3427,2.8586

717.6890,-0.0785,0.4151,4.3669,5.6640,-0.2637,6.5897,4.3661,2.4116,6.5897,3.0085

718.6890,-0.0785,0.2299,4.1817,5.3553,-0.0785,6.6514,4.3661,2.3293,6.6514,2.9468

719.6890,-0.2019,0.4151,4.1199,4.9849,0.3537,6.7132,4.0574,2.2882,6.7132,2.9203

720.6890,0.4153,0.4769,3.3791,5.6022,0.1067,6.5897,4.1191,2.3499,6.5897,2.9556

721.6890,-0.0785,-0.3257,3.9965,5.7257,-0.2020,6.8984,3.8104,2.1544,6.8984,2.8321

722.6890,0.4771,0.2917,4.4904,5.4788,0.4772,6.8984,4.2426,2.5763,6.8984,3.1937

723.6890,-0.0785,0.2917,4.1199,5.6022,0.1067,6.5897,4.2426,2.3808,6.5897,2.9821

724.6890,0.0450,-0.0788,3.8730,5.7874,0.1685,6.3427,3.8104,2.2676,6.3427,2.8498

725.6900,0.4771,0.2299,3.8730,6.0961,-0.3255,6.5279,3.6869,2.3396,6.5279,2.9379

726.6890,-0.0785,0.6003,4.6139,5.3553,-0.0167,6.6514,3.9339,2.4014,6.6514,3.0085

727.6890,0.6622,0.4151,3.8730,5.7874,0.0450,6.6514,3.8104,2.4322,6.6514,3.0349

728.6900,1.3412,0.5386,4.1817,5.1084,0.5389,6.4045,4.0574,2.6277,6.4045,3.1672

729.6890,0.0450,0.6003,5.5400,5.7257,0.1067,6.1575,4.4278,2.7409,6.1575,3.2290

730.6890,0.1067,0.4769,4.3669,5.8492,-0.6342,7.2070,3.9956,2.3602,7.2070,3.0526

731.6890,0.1067,0.1682,3.9965,5.7257,-0.5107,6.4045,4.4278,2.3190,6.4045,2.9027

732.6900,0.1684,0.0447,3.9347,5.6640,0.2302,6.5897,4.1808,2.3705,6.5897,2.9732

733.6890,0.0450,0.0447,4.6139,5.5405,-0.1402,7.1453,3.0078,2.1853,7.1453,2.8938

734.6890,-0.1402,0.0447,4.0582,5.2318,0.1067,6.6514,4.3043,2.2676,6.6514,2.8939

735.6890,-0.2019,0.3534,4.3052,6.0961,-0.0167,6.5897,4.2426,2.4631,6.5897,3.0526

736.6890,-0.0168,0.0447,3.6878,5.2318,-0.4489,6.8366,3.8721,2.0618,6.8366,2.7439

737.6900,0.6005,0.1682,4.1817,5.6640,-0.0785,7.0836,3.6869,2.3705,7.0836,3.0438

738.6890,-0.0168,0.2299,4.0582,5.6640,0.1067,6.4045,4.3043,2.3911,6.4045,2.9644

739.6890,-0.0785,0.1065,4.1199,5.1701,0.1685,6.5897,4.2426,2.2882,6.5897,2.9027

740.6900,0.0450,-0.0788,4.0582,5.7257,-0.0167,6.7132,4.0574,2.2985,6.7132,2.9291

741.6890,-0.1402,0.3534,4.1817,6.4048,-0.2020,6.8366,3.9339,2.4219,6.8366,3.0526

742.6890,0.1684,0.0447,4.3052,5.1084,0.4772,6.7132,3.9339,2.3396,6.7132,2.9644

743.6900,-0.1402,-0.0788,4.0582,5.4170,0.0450,6.7132,4.0574,2.2264,6.7132,2.8674

744.6890,-0.0785,0.6621,3.6878,5.4788,0.2302,6.7132,3.9956,2.3293,6.7132,2.9556

745.6900,0.1067,0.3534,3.6878,5.6022,0.2302,6.5897,4.1808,2.3602,6.5897,2.9644

746.6900,1.0943,0.1065,4.4904,5.4170,0.0450,6.8984,3.7487,2.4836,6.8984,3.1143

747.6890,0.4153,0.2299,3.9965,6.0344,-0.0167,6.5279,4.1191,2.4631,6.5279,3.0438

748.6900,-0.0785,0.5386,4.3052,6.0344,-0.0167,6.4662,4.3043,2.5145,6.4662,3.0791

749.6890,-0.0785,0.4769,3.9347,5.5405,-0.4489,6.5279,4.1808,2.2676,6.5279,2.8762

750.6890,-0.1402,-0.2022,4.1199,5.4788,-0.1402,6.8366,4.2426,2.2264,6.8366,2.8850

751.6900,0.1067,0.2917,3.8112,5.5405,0.2302,6.3427,3.8721,2.3087,6.3427,2.8850

752.6890,0.2919,0.2299,4.6139,5.4170,0.6007,6.5897,4.3661,2.5866,6.5897,3.1584

753.6890,-0.2019,0.3534,4.3669,5.5405,-0.0785,6.7132,4.9217,2.4837,6.7132,3.0879

754.6890,-0.1402,0.1682,4.1817,5.7874,0.2302,6.3427,4.2426,2.4117,6.3427,2.9732

755.6890,0.0450,-0.0170,4.0582,5.2318,-0.0167,6.5279,5.6626,2.4940,6.5279,3.0703

756.6890,-0.2019,1.5881,4.2434,6.1578,0.3537,6.5897,3.8104,2.6586,6.5897,3.2202

757.6890,0.0450,0.2299,3.5643,5.2318,-0.0785,7.5775,3.5017,2.0824,7.5775,2.8674

758.6890,-0.0168,0.4151,4.3052,5.4788,-0.0167,6.6514,3.9956,2.3602,6.6514,2.9732

759.6890,-0.1402,0.0447,2.5147,5.7257,-0.5107,6.8366,4.1808,1.9692,6.8366,2.6645

760.6890,-0.1402,-0.0170,3.4408,5.5405,0.1685,6.2810,4.0574,2.1750,6.2810,2.7616

761.6890,0.3536,0.2917,3.6878,5.9726,-0.1402,6.3427,4.0574,2.3705,6.3427,2.9379

762.6890,0.3536,-0.2022,4.2434,5.8492,-0.2020,6.7749,3.9339,2.3293,6.7749,2.9644

763.6890,0.2302,-0.1405,4.1199,6.7135,0.2302,6.8366,3.9956,2.5248,6.8366,3.1408

764.6890,-0.0785,-0.0170,3.9965,5.2318,0.4155,6.3427,4.3661,2.3191,6.3427,2.8939

765.6890,0.1684,-0.3874,4.2434,5.1084,0.6624,6.3427,3.6869,2.2470,6.3427,2.8321

766.6890,0.3536,1.5264,4.1817,5.4788,-0.0785,6.7749,3.6869,2.5248,6.7749,3.1320

767.6890,0.2919,0.2917,3.7495,5.4170,-0.2637,7.0836,3.4400,2.1544,7.0836,2.8586

768.6900,-0.0168,0.2917,3.9965,5.1701,-0.0785,6.7132,3.9956,2.2264,6.7132,2.8674

769.6890,0.3536,0.3534,3.5025,5.9109,-0.2020,6.6514,3.8104,2.2881,6.6514,2.9115

770.6890,0.1684,-0.3257,4.2434,4.9231,-0.2020,6.6514,4.3043,2.1853,6.6514,2.8233

771.6890,-0.0168,0.7238,4.4904,5.4170,0.5389,6.6514,3.8721,2.5043,6.6514,3.0967

772.6900,0.1067,0.4769,4.0582,5.4788,-0.3255,6.8366,3.8721,2.2779,6.8366,2.9291

773.6890,0.2919,0.3534,3.8730,5.5405,-0.2020,6.5279,2.4521,2.0515,6.5279,2.6910

774.6890,-0.0785,0.4769,4.0582,5.2936,-0.2020,6.4662,4.1808,2.2882,6.4662,2.8850

775.6900,-0.0168,0.9090,4.2434,5.4170,0.1067,6.5279,4.0574,2.4528,6.5279,3.0350

776.6890,-0.2637,0.7238,3.8112,5.5405,0.1685,6.4662,3.8104,2.2985,6.4662,2.8939

777.6890,0.0450,0.1065,4.2434,6.4665,0.2302,6.7132,4.1191,2.5351,6.7132,3.1320

778.6890,0.7240,0.1682,3.8730,4.9849,0.3537,6.8984,3.5017,2.2676,6.8984,2.9291

779.6900,-0.0785,0.5386,4.1199,5.1701,0.0450,6.7132,3.6869,2.2470,6.7132,2.8850

780.6890,0.1067,0.1682,3.6878,5.6022,-0.0785,6.8366,3.3782,2.1441,6.8366,2.8145

781.6890,-0.0785,-0.0788,4.2434,5.6022,-0.4489,6.7132,4.0574,2.2161,6.7132,2.8586

782.6890,-0.2637,-0.2640,4.1199,5.2936,-0.2020,6.3427,3.8104,2.0824,6.3427,2.6910

783.6890,0.0450,-0.0170,4.1817,5.9726,-0.0785,6.5279,4.5513,2.4425,6.5279,3.0261

784.6890,-0.0168,0.1065,4.1817,5.6022,0.2302,6.7749,3.9956,2.3499,6.7749,2.9821

785.6890,-0.0785,0.3534,4.6139,5.0466,0.1685,6.6514,4.0574,2.3602,6.6514,2.9732

786.6890,0.0450,0.0447,3.9347,5.4170,-0.0167,6.4662,4.1191,2.2573,6.4662,2.8586

787.6890,-0.0785,0.4151,3.9347,5.5405,-0.1402,6.8366,4.0574,2.2882,6.8366,2.9379

788.6890,0.4153,-0.2640,3.8112,5.5405,-0.2020,6.8366,3.8104,2.1853,6.8366,2.8497

789.6890,-0.4489,0.4769,4.3669,5.5405,0.0450,6.7749,3.9339,2.3191,6.7749,2.9556

790.6890,0.2919,0.1682,4.1199,5.2936,0.1685,6.8366,3.3165,2.2264,6.8366,2.8850

791.6890,-0.1402,0.4151,4.1199,5.6022,0.0450,6.4662,4.3661,2.4014,6.4662,2.9821

792.6890,-0.0785,0.6621,4.1817,5.3553,-0.0167,6.5279,3.9339,2.3396,6.5279,2.9380

793.6890,0.2919,-0.0788,3.9347,5.6022,-0.0785,6.4045,4.8600,2.4219,6.4045,2.9909

794.6890,-0.0785,0.4769,5.4165,5.6640,-0.0785,6.5897,4.0574,2.5763,6.5897,3.1496

795.6890,0.0450,0.6003,3.6260,5.5405,-0.0785,6.7132,3.9339,2.2779,6.7132,2.9115

796.6890,0.2302,-0.2022,4.1817,5.8492,-0.0167,7.0836,4.1191,2.3602,7.0836,3.0350

797.6900,0.0450,0.4151,4.0582,5.7874,0.1067,6.6514,4.5513,2.4940,6.6514,3.0879

798.6890,-0.1402,0.7238,3.8730,5.7257,-0.0167,6.3427,4.2426,2.4014,6.3427,2.9644

799.6890,-0.1402,0.1065,4.1199,5.2936,0.2920,6.3427,4.3043,2.3293,6.3427,2.9027

800.6890,0.1067,0.3534,3.9965,5.9109,0.2302,6.5279,4.5513,2.5248,6.5279,3.0967

801.6890,0.4153,-0.3874,4.2434,5.8492,-0.1402,6.9601,3.9956,2.3293,6.9601,2.9909

802.6900,0.2302,0.2299,3.9347,5.3553,-0.0785,7.0218,3.5634,2.2058,7.0218,2.8938

803.6890,-0.1402,0.6003,4.5521,5.7257,0.0450,6.7132,3.9339,2.4528,6.7132,3.0614

804.6890,-0.2637,0.6621,3.6260,5.4170,0.0450,6.7749,4.4895,2.3293,6.7749,2.9644

805.6890,-0.0168,-0.0170,4.1199,5.5405,-0.3255,6.8366,3.8721,2.1956,6.8366,2.8586

806.6890,0.6005,0.4151,4.1817,5.4170,0.1067,6.4662,3.9956,2.4528,6.4662,3.0261

807.6890,-0.0785,1.0942,4.3052,5.9109,-0.2020,6.7749,4.1808,2.5351,6.7749,3.1408

808.6890,0.8474,0.4151,3.8730,5.3553,-0.0167,6.2810,4.1191,2.4322,6.2810,2.9820

809.6900,0.2919,0.1682,4.1817,5.7257,0.1685,6.7132,3.7487,2.3808,6.7132,2.9997

810.6890,-0.2019,0.0447,3.9965,5.1701,-0.0167,6.8366,3.8104,2.1338,6.8366,2.8057

811.6890,-0.3871,0.0447,4.1817,5.2936,-0.0167,6.7132,3.8104,2.1544,6.7132,2.8057

812.6890,-0.0785,0.6003,3.8730,5.6022,0.1067,6.7132,4.3661,2.4116,6.7132,3.0261

813.6890,-0.1402,0.9708,3.8730,5.3553,-0.2020,6.7749,4.3043,2.3602,6.7749,2.9909

814.6890,-0.0168,0.4769,4.1199,5.5405,0.4772,6.8366,3.9956,2.4322,6.8366,3.0614

815.6890,0.6622,0.1065,4.4286,5.6640,-0.1402,6.5279,3.6869,2.4013,6.5279,2.9908

816.6890,0.6005,0.0447,4.1817,5.3553,0.2302,6.5897,3.8721,2.3808,6.5897,2.9820

817.6890,0.0450,0.1065,4.1817,5.7874,0.1685,6.6514,4.5513,2.4734,6.6514,3.0702

818.6890,-0.1402,0.2917,3.8730,5.9109,0.1067,6.5897,4.3661,2.4014,6.5897,2.9997

819.6890,0.4153,0.7238,4.0582,5.2936,0.1067,6.7749,4.1191,2.4528,6.7749,3.0702

820.6890,-0.0168,0.1682,4.0582,5.6022,0.2302,6.2193,4.1191,2.3602,6.2193,2.9115

821.6890,-0.0785,-0.0788,3.7495,5.1701,0.2920,6.8366,3.8721,2.1544,6.8366,2.8233

822.6890,-0.0785,0.3534,3.8112,5.6640,-0.1402,6.9601,4.1808,2.2985,6.9601,2.9644

823.6890,0.0450,0.5386,4.3052,5.5405,-0.0167,6.3427,4.0574,2.4116,6.3427,2.9732

824.6890,0.5388,0.4769,4.1199,6.0961,-0.2637,6.5279,4.1808,2.5248,6.5279,3.0967

825.6900,-0.0785,0.0447,3.9965,5.6022,0.2920,6.8984,3.8104,2.2779,6.8984,2.9380

826.6890,-0.2019,0.6003,3.5643,5.1084,-0.7577,6.8366,3.8104,2.0206,6.8366,2.7086

827.6890,0.1067,0.1682,3.9965,5.9726,0.1067,6.9601,4.1191,2.4116,6.9601,3.0614

828.6890,0.1684,0.1065,4.4904,5.6022,0.2920,7.0218,4.1191,2.4631,7.0218,3.1143

829.6900,-0.0785,0.4151,4.2434,5.6640,-0.5724,7.3305,4.1191,2.2985,7.3305,3.0173

830.6900,-0.0168,0.2299,4.3052,5.5405,-0.1402,7.0836,3.9339,2.3087,7.0836,2.9909

831.6890,-0.1402,0.2917,4.9226,5.6640,0.0450,6.9601,3.9339,2.4528,6.9601,3.0967

832.6890,0.9092,-0.5109,4.4904,5.3553,-0.2020,7.0218,4.1808,2.3705,7.0218,3.0349

833.6890,-0.0785,0.1065,4.2434,5.7257,-0.8811,7.5157,4.2426,2.2264,7.5157,2.9820

834.6890,-0.3254,0.2917,4.7991,5.6640,-0.0785,7.2070,3.9339,2.3808,7.2070,3.0703

835.6890,0.1067,0.1682,4.2434,5.2318,0.5389,6.8984,4.3661,2.4425,6.8984,3.0791

836.6890,0.1684,0.2299,4.1817,5.0466,-0.0785,7.6392,4.1191,2.2779,7.6392,3.0438

837.6890,-0.3254,0.7856,3.9347,5.7257,-0.0167,7.2688,4.2426,2.3911,7.2688,3.0879

838.6890,0.1684,0.0447,4.0582,5.8492,-0.0167,7.0836,4.3043,2.4013,7.0836,3.0702

839.6890,0.3536,0.5386,4.0582,5.6640,0.2302,7.0836,3.8721,2.4528,7.0836,3.1143

840.6890,0.2919,0.3534,4.1199,5.1701,0.1067,6.8984,3.9339,2.3293,6.8984,2.9820

841.6900,-0.4489,0.2917,4.6139,5.1084,0.1067,6.8984,4.0574,2.2882,6.8984,2.9468

842.6890,0.0450,0.1682,3.8112,5.2936,-0.0167,6.9601,3.6869,2.1647,6.9601,2.8497

843.6890,0.0450,0.2917,4.4286,5.2318,0.2302,7.1453,3.9339,2.3602,7.1453,3.0438

844.6890,-0.0785,0.4151,3.8730,5.6640,-0.0167,6.8366,3.8721,2.2882,6.8366,2.9379

845.6890,-0.5723,0.4151,4.2434,5.4788,0.0450,7.1453,4.0574,2.2779,7.1453,2.9732

846.6890,-0.1402,0.2299,4.2434,5.7874,-0.0167,7.0836,4.1808,2.3808,7.0836,3.0526

847.6890,0.3536,0.3534,3.8730,5.3553,0.0450,7.2688,3.8721,2.3087,7.2688,3.0173

848.6890,0.1684,0.0447,3.8730,5.1084,-0.5107,6.8984,3.6869,2.0618,6.8984,2.7527

849.6890,0.1067,0.3534,4.1817,5.2318,-0.1402,7.3305,3.5634,2.2161,7.3305,2.9468

850.6890,-0.2637,0.2299,4.0582,5.8492,0.1685,6.9601,4.6130,2.4425,6.9601,3.0879

851.6890,0.1684,0.2917,4.3669,5.6022,-0.0785,7.6392,3.8721,2.3705,7.6392,3.1232

852.6890,-0.0785,0.1065,3.9347,5.3553,-0.0785,6.5897,4.2426,2.2470,6.5897,2.8674

853.6890,0.1067,-0.2640,4.1199,5.2318,-0.0167,7.0218,3.6252,2.1338,7.0218,2.8321

854.6890,0.0450,0.1065,5.1695,6.0344,-0.0167,7.0218,3.9339,2.5454,7.0218,3.1849

855.6890,-0.4489,0.6621,3.8730,5.6640,0.2302,8.1948,4.5513,2.4219,8.1948,3.2466

856.6890,-0.2637,-0.1405,4.1817,5.1084,-0.2637,7.2070,5.3539,2.3293,7.2070,3.0262

857.6890,0.3536,0.1682,3.9347,5.6022,0.0450,6.8984,3.7487,2.3087,6.8984,2.9644

858.6890,0.2302,0.4769,4.7991,5.2936,1.1564,7.4540,3.8104,2.6277,7.4540,3.3172

859.6890,0.0450,0.4769,4.3669,5.8492,-0.2637,7.8244,4.4278,2.4837,7.8244,3.2466

860.6890,0.0450,0.4769,3.9965,5.4788,0.1685,6.9601,4.4895,2.4425,6.9601,3.0879

861.6890,0.5388,0.4769,4.1199,5.1701,-0.0167,7.0836,4.1191,2.4013,7.0836,3.0702

862.6890,-0.2019,0.2917,3.8112,5.4788,0.0450,7.1453,4.3043,2.2882,7.1453,2.9821

863.6890,0.6622,0.5386,4.3669,6.0344,-0.1402,6.9601,4.4278,2.6483,6.9601,3.2643

864.6900,-0.0168,-0.2640,4.2434,5.8492,-0.2637,7.0218,4.1808,2.2882,7.0218,2.9644

865.6890,0.2302,0.4769,3.9965,5.6640,-0.2637,7.1453,3.9339,2.3396,7.1453,3.0261

866.6890,0.1684,0.8473,4.0582,5.8492,-0.2020,7.2070,3.8721,2.4322,7.2070,3.1143

867.6890,0.1067,0.3534,3.9965,5.4788,0.9711,7.0836,4.1191,2.5043,7.0836,3.1584

868.6890,-0.0168,0.9090,4.1817,5.5405,0.1067,6.9601,4.3043,2.5043,6.9601,3.1408

869.6890,0.2302,0.2917,3.7495,5.7257,-0.3255,7.1453,3.9339,2.2676,7.1453,2.9644

870.6890,-0.0168,0.2917,3.5643,5.6022,0.4155,7.0218,3.8721,2.2882,7.0218,2.9644

871.6890,-0.2637,0.1682,3.9965,5.7257,-0.5107,7.1453,4.3661,2.2470,7.1453,2.9468

872.6890,0.2302,0.4151,3.9347,5.7874,-0.0785,7.2070,3.9956,2.3808,7.2070,3.0702

873.6900,0.2302,1.0325,3.9965,5.4170,0.3537,6.7132,3.6869,2.4528,6.7132,3.0614

874.6890,0.1684,0.2917,3.8730,5.8492,-0.9429,7.1453,4.1191,2.2264,7.1453,2.9291

875.6890,0.1684,0.2299,4.1817,5.6640,-0.0785,7.1453,4.1808,2.3911,7.1453,3.0702

876.6890,-0.2019,0.6621,4.1199,5.9109,-0.0167,7.3305,4.3661,2.4734,7.3305,3.1673

877.6890,-0.0785,0.1682,3.9965,5.6640,-0.0785,6.9601,4.2426,2.3190,6.9601,2.9820

878.6890,-0.0785,0.1065,3.9965,5.6022,0.4772,6.8984,3.6869,2.2985,6.8984,2.9556

879.6890,0.1684,0.1682,4.0582,4.9231,0.1067,6.8984,3.8104,2.2059,6.8984,2.8762

880.6890,0.1067,-0.1405,3.8730,5.6640,-0.1402,6.5897,4.4278,2.2985,6.5897,2.9115

881.6900,-0.1402,0.2299,4.1199,4.7997,-0.2637,7.0218,4.6130,2.2264,7.0218,2.9115

882.6890,0.1684,0.3534,3.7495,5.8492,0.1685,6.7749,3.9956,2.3808,6.7749,3.0085

883.6890,0.0450,0.2299,4.1817,6.0344,-0.0167,7.0218,3.9339,2.4013,7.0218,3.0614

884.6890,0.1684,-0.0170,4.1817,5.2936,0.2302,7.0836,4.3043,2.3602,7.0836,3.0350

885.6890,0.1684,0.2299,4.2434,5.7257,0.1685,7.3305,4.7365,2.5454,7.3305,3.2290

886.6890,-0.2637,0.6003,4.3052,5.5405,0.2920,7.0218,4.0574,2.4219,7.0218,3.0791

887.6890,0.2302,-0.0170,4.2434,5.2318,0.1067,6.9601,4.4278,2.3705,6.9601,3.0261

888.6890,0.4153,0.1682,3.9965,6.7752,0.1685,7.2070,3.6869,2.5351,7.2070,3.2025

889.6890,0.1067,-0.0170,4.2434,5.2318,-0.1402,7.0836,4.1191,2.2573,7.0836,2.9468

890.6890,-0.2637,0.6621,4.1199,5.2936,0.1685,6.5279,3.8721,2.3088,6.5279,2.9115

891.6890,0.2302,0.1065,4.2434,5.3553,-0.1402,6.8366,3.7487,2.2573,6.8366,2.9115

892.6890,0.4771,0.1065,4.0582,5.5405,0.1685,7.0218,4.2426,2.4322,7.0218,3.0879

893.6890,0.3536,0.4769,3.3791,5.5405,0.2302,6.8366,4.1808,2.3602,6.8366,2.9997

894.6890,0.0450,0.2299,4.2434,5.1084,0.2302,7.3305,4.1808,2.3396,7.3305,3.0526

895.6890,-0.2019,0.0447,3.7495,5.3553,0.0450,6.8984,5.2922,2.3808,6.8984,3.0262

896.6890,0.1067,0.2917,4.5521,5.6022,-0.0785,6.8366,3.7487,2.3705,6.8366,3.0085

897.6890,0.2302,-0.0170,3.8730,5.3553,0.1685,6.7132,4.3661,2.3293,6.7132,2.9556

898.6890,-0.4489,-0.0170,4.1817,5.1701,-0.0785,7.2070,3.5634,2.0618,7.2070,2.7968

899.6890,-0.0785,0.1682,3.9965,5.7874,0.3537,7.0836,4.2426,2.4117,7.0836,3.0791

900.6890,0.0450,0.3534,4.6139,5.3553,-0.0167,7.0218,3.8721,2.3705,7.0218,3.0350

901.6890,-0.2019,0.1682,4.1817,5.5405,-0.4489,7.0836,4.0574,2.2161,7.0836,2.9115

902.6890,0.1067,-0.0170,3.5643,5.9726,0.1685,6.7132,4.4278,2.3705,6.7132,2.9909

903.6890,0.2919,0.3534,4.2434,4.8614,0.2302,6.8366,3.8721,2.3087,6.8366,2.9556

904.6890,-0.1402,0.1065,4.1199,5.5405,-0.5724,6.8984,4.2426,2.2161,6.8984,2.8850

905.6900,-0.0785,0.0447,3.9965,5.4788,0.1685,6.5279,4.2426,2.3088,6.5279,2.9115

906.6890,1.7733,-0.3874,4.0582,5.1084,0.1067,6.4045,4.1808,2.4733,6.4045,3.0349

907.6890,-0.1402,0.0447,4.2434,5.0466,-0.2020,6.7749,3.9956,2.1647,6.7749,2.8233

908.6890,0.2919,0.2299,3.6878,5.6022,-0.2020,6.9601,3.8104,2.2367,6.9601,2.9115

909.6900,-0.0168,1.1560,5.0460,5.2318,0.1067,6.5279,4.4278,2.6586,6.5279,3.2114

910.6890,-0.0168,0.1682,4.3669,5.4788,0.2302,7.1453,4.4895,2.4528,7.1453,3.1232

911.6890,0.1684,0.6003,4.2434,5.9109,0.1685,7.1453,4.0574,2.5248,7.1453,3.1849

912.6900,-0.5106,0.3534,3.8730,5.5405,0.0450,6.7749,5.6009,2.4837,6.7749,3.0967

913.6890,0.1684,0.4151,4.3052,5.3553,0.1067,7.5775,3.5017,2.3087,7.5775,3.0614

914.6890,-0.0785,0.3534,4.0582,5.4788,-0.4489,6.8366,4.1808,2.2573,6.8366,2.9115

915.6890,-0.0785,0.3534,3.6878,4.9849,-0.0785,6.8366,3.7487,2.1030,6.8366,2.7792

916.6890,-0.0785,0.4151,3.6260,5.3553,0.1067,6.7749,4.0574,2.2470,6.7749,2.8939

917.6890,-0.0168,0.0447,3.7495,4.9231,0.2920,6.5897,4.1808,2.1956,6.5897,2.8233

918.6890,0.2919,0.3534,3.9347,5.7874,-0.3255,7.0218,3.6252,2.2779,7.0218,2.9556

919.6890,0.0450,0.5386,4.3052,5.7257,0.4155,6.8984,4.1808,2.5351,6.8984,3.1584

920.6890,0.0450,0.1682,4.4904,5.4788,-0.0785,6.7132,4.1191,2.3705,6.7132,2.9909

921.6890,-0.3871,0.0447,4.0582,5.3553,0.5389,6.7132,4.4895,2.3499,6.7132,2.9732

922.6890,0.0450,0.2917,3.9347,5.2318,0.4772,6.7132,4.3661,2.3911,6.7132,3.0085

923.6890,-0.6340,0.2917,4.7991,5.6640,0.1685,7.0218,4.1808,2.4117,7.0218,3.0703

924.6890,-0.1402,0.4151,4.1199,5.2936,-0.0785,7.7627,4.1808,2.2985,7.7627,3.0791

925.6890,-0.0785,0.5386,4.2434,5.2936,0.1685,6.8984,4.2426,2.4014,6.8984,3.0438

926.6890,-0.0785,-0.2022,4.9843,5.5405,0.6624,6.6514,4.2426,2.5249,6.6514,3.1144

927.6890,-0.2019,-0.2640,3.9965,5.2318,-0.3872,6.2193,4.0574,2.0721,6.2193,2.6645

928.6890,0.0450,0.4151,4.3052,5.6022,0.0450,7.1453,3.3782,2.2985,7.1453,2.9909

929.6890,-0.4489,0.3534,4.2434,5.5405,0.1067,6.5279,3.8721,2.2779,6.5279,2.8850

930.6890,0.4153,0.1682,4.1199,5.5405,-0.0167,6.7132,3.6252,2.3087,6.7132,2.9379

931.6890,-0.0785,0.5386,4.0582,5.5405,0.4772,6.4045,4.5513,2.5146,6.4045,3.0703

932.6890,-0.0785,0.7856,4.0582,5.4788,-0.0167,6.2810,3.8721,2.3499,6.2810,2.9115

933.6890,0.5388,-0.2022,4.2434,5.2318,0.0450,6.7749,3.9956,2.3087,6.7749,2.9468

934.6890,-0.2637,0.1682,4.0582,5.6022,-0.1402,6.7132,3.9339,2.2264,6.7132,2.8674

935.6900,0.6622,0.3534,3.8112,5.4788,-0.0785,6.8984,3.8721,2.3499,6.8984,2.9997

936.6890,0.2919,0.1682,4.1817,5.2936,0.4772,6.1575,4.1191,2.4219,6.1575,2.9556

937.6900,0.2302,-0.0788,3.8112,4.9231,0.1067,6.5279,4.1191,2.1853,6.5279,2.8057

938.6890,-0.1402,0.9708,3.9347,5.4170,-0.0785,6.7132,3.7487,2.3087,6.7132,2.9379

939.6890,0.1684,0.0447,4.1199,4.6145,0.1067,6.3427,3.9956,2.1750,6.3427,2.7704

940.6890,0.1067,-0.1405,4.1817,5.5405,-0.1402,6.9601,3.9956,2.2573,6.9601,2.9291

941.6890,0.1067,-0.0788,4.3669,5.1701,-0.2020,6.5897,3.8721,2.2059,6.5897,2.8321

942.6890,-0.0168,0.2299,4.1817,4.7379,-0.0785,7.5775,4.4895,2.2573,7.5775,3.0173

943.6890,0.3536,0.7238,3.8730,4.9231,-0.1402,7.2070,4.3661,2.3499,7.2070,3.0438

944.6890,-0.0785,-0.1405,4.0582,6.2196,0.1685,7.5157,4.0574,2.3808,7.5157,3.1143

945.6890,0.1067,0.0447,3.7495,5.8492,0.2920,7.1453,3.9956,2.3396,7.1453,3.0261

946.6890,-0.1402,0.2299,4.4904,5.2318,0.2302,7.3305,3.7487,2.2985,7.3305,3.0173

947.6890,0.0450,0.5386,4.0582,5.6022,0.1067,6.6514,3.9339,2.3808,6.6514,2.9909

948.6890,-0.3254,0.3534,4.5521,5.7257,0.1685,5.7254,4.1191,2.4322,5.7254,2.9027

949.6900,-0.1402,0.1682,4.0582,5.3553,0.0450,6.5897,3.2547,2.1235,6.5897,2.7616

950.6890,0.4153,0.4151,3.8730,4.9849,-0.3255,6.7749,3.8104,2.1955,6.7749,2.8497

951.6890,-0.3254,-0.3874,3.8112,5.0466,0.2302,7.3305,3.9956,2.0618,7.3305,2.8145

952.6890,-0.0785,-0.0788,4.6139,4.7997,0.2302,6.1575,3.9956,2.2470,6.1575,2.8057

953.6890,-0.7575,0.2917,4.4286,5.1701,0.1067,6.5897,3.6252,2.1441,6.5897,2.7792

954.6890,0.3536,0.1682,2.8234,5.6022,-0.2020,6.7749,3.8721,2.1029,6.7749,2.7704

955.6890,-0.2637,0.2299,4.0582,5.9726,-0.2637,6.9601,4.1191,2.3087,6.9601,2.9732

956.6890,-0.1402,-0.1405,4.2434,5.0466,-0.2637,6.5897,3.6252,2.0618,6.5897,2.7086

957.6890,0.4153,0.2299,3.8112,5.8492,-0.3255,6.6514,3.8104,2.2984,6.6514,2.9203

958.6890,-0.3254,-0.1405,3.9965,5.2936,0.2302,6.5897,4.2426,2.2162,6.5897,2.8409

959.6890,-0.1402,0.3534,4.2434,5.2318,0.2302,6.5897,3.8104,2.2882,6.5897,2.9027

960.6890,-0.0168,0.1065,3.9347,6.0344,0.1067,6.5279,3.7487,2.3190,6.5279,2.9203

961.6890,-0.0168,0.9090,4.1817,5.2936,-0.0167,6.3427,3.9956,2.3911,6.3427,2.9556

962.6890,-0.5106,0.6621,4.1199,5.0466,0.1685,7.2070,4.3661,2.3088,7.2070,3.0085

963.6890,0.2302,0.2299,4.1817,5.7257,-0.5107,6.8984,3.8104,2.2779,6.8984,2.9379

964.6890,-0.0785,0.0447,4.3052,5.9726,-0.7577,6.5897,4.0574,2.2573,6.5897,2.8762

965.6890,0.4153,-0.2022,4.2434,5.6022,0.2302,6.6514,3.9956,2.3808,6.6514,2.9909

966.6890,0.4153,-0.3874,3.9965,5.6022,-0.1402,6.6514,4.0574,2.2573,6.6514,2.8850

967.6890,0.2302,0.0447,4.0582,5.7874,-0.1402,6.7749,4.1191,2.3499,6.7749,2.9820

968.6890,0.3536,0.1065,4.4286,5.8492,0.1685,5.2315,4.4278,2.5557,5.2315,2.9380

969.6890,0.1684,0.1682,4.3052,5.7257,-0.0167,7.0836,3.6869,2.3396,7.0836,3.0173

970.6890,0.6622,-0.0788,4.5521,5.1701,0.1067,6.2810,4.1808,2.4322,6.2810,2.9820

971.6890,-0.2637,-0.5109,4.4904,5.4170,0.0450,6.5279,3.6869,2.1441,6.5279,2.7704

972.6900,-0.0168,0.2917,4.0582,5.7874,0.4155,6.4045,3.8721,2.4014,6.4045,2.9732

973.6890,-0.1402,0.0447,4.1199,5.7257,-0.3872,6.4045,3.7487,2.1853,6.4045,2.7880

974.6890,-0.4489,0.2917,3.9965,5.5405,0.4155,6.4045,3.9956,2.2985,6.4045,2.8850

975.6890,-0.2019,-0.0170,3.8730,5.8492,-0.7577,6.6514,3.9339,2.1132,6.6514,2.7615

976.6890,0.4153,-0.2640,3.9965,5.4170,0.2920,6.1575,3.9339,2.2985,6.1575,2.8497

977.6890,0.2919,0.3534,4.1199,6.0344,0.0450,6.2193,3.6869,2.4219,6.2193,2.9644

978.6890,-0.1402,0.1682,4.1817,5.4788,0.2302,6.6514,4.4895,2.4014,6.6514,3.0085

979.6890,-0.0168,0.1065,4.5521,3.9354,0.1067,6.5279,4.1808,2.1441,6.5279,2.7704

980.6900,0.1067,0.5386,3.8112,5.9109,0.1067,6.7749,4.3661,2.4734,6.7749,3.0879

981.6890,0.2919,0.0447,4.7991,5.7257,-0.2637,6.5279,3.9956,2.4322,6.5279,3.0173

982.6890,0.0450,-0.1405,4.5521,5.0466,-0.3872,6.3427,3.5017,2.1030,6.3427,2.7086

983.6890,-0.0785,0.4151,4.0582,5.5405,-0.0167,6.9601,4.4278,2.3911,6.9601,3.0438

984.6900,0.1067,0.2917,4.2434,5.9726,-0.0167,6.2810,3.8721,2.4116,6.2810,2.9644

985.6890,-0.6340,-0.0170,4.4904,5.9726,0.4155,6.3427,4.8600,2.5146,6.3427,3.0615

986.6890,0.0450,0.0447,4.1817,5.7257,0.1067,6.5897,4.5513,2.4425,6.5897,3.0350

987.6890,-0.1402,0.1682,3.7495,5.6640,0.2920,6.2810,3.6252,2.2264,6.2810,2.8057

988.6890,-0.2637,0.5386,4.1199,6.0344,0.2920,6.2810,3.8104,2.4219,6.2810,2.9732

989.6890,-0.0785,0.7238,3.8730,5.6640,0.0450,6.2810,4.7365,2.4940,6.2810,3.0350

990.6890,-0.0785,0.3534,3.9965,5.5405,0.0450,6.2193,4.1808,2.3396,6.2193,2.8939

991.6890,0.0450,-0.0170,3.8730,5.2318,0.4772,5.7871,4.4895,2.3499,5.7871,2.8409

992.6890,-0.0168,0.2299,4.7373,5.5405,-0.0785,6.4045,4.0574,2.4116,6.4045,2.9821

993.6890,-0.2637,0.2917,4.0582,5.9109,-0.3255,6.4045,4.6748,2.3911,6.4045,2.9644

994.6890,1.0326,0.5386,5.5400,5.8492,0.0450,6.5279,4.2426,2.8747,6.5279,3.3966

995.6890,-0.4489,0.4151,4.1199,5.2936,-0.4489,6.4662,4.3661,2.2162,6.4662,2.8233

996.6890,0.3536,0.1065,4.2434,5.4788,0.6007,6.7132,3.8104,2.4322,6.7132,3.0438

997.6890,-0.2019,0.3534,4.2434,5.2318,0.2302,6.5897,4.0574,2.3190,6.5897,2.9291

998.6890,-0.2637,0.4151,4.2434,6.2196,0.2920,6.4662,3.9339,2.4734,6.4662,3.0438

999.6890,-0.3254,-0.0170,4.1199,5.6640,-0.6959,6.6514,4.4278,2.1956,6.6514,2.8321

1000.6890,0.2302,-0.3257,4.5521,5.4788,-0.0167,6.5897,3.8104,2.2882,6.5897,2.9027

1001.6890,-0.9427,0.3534,3.9347,5.7257,0.4772,6.5279,4.1191,2.2779,6.5279,2.8851

1002.6890,0.0450,0.2299,4.4286,4.7379,0.2302,6.2810,4.3043,2.3293,6.2810,2.8939

1003.6890,-0.7575,0.1682,4.0582,5.6640,0.1067,5.8489,4.2426,2.2470,5.8489,2.7616

1004.6890,-0.0785,0.1682,4.1199,5.5405,0.2302,6.4045,4.4895,2.4117,6.4045,2.9821

1005.6890,0.2302,0.6621,4.1817,5.6640,0.1067,6.4662,3.8104,2.4425,6.4662,3.0173

1006.6890,0.1684,0.0447,4.1817,5.4788,0.7859,7.0218,3.5634,2.3705,7.0218,3.0350

1007.6890,0.0450,0.4151,4.1199,5.8492,0.2920,6.4662,3.8721,2.4322,6.4662,3.0085

1008.6890,0.1067,0.2917,4.2434,4.9849,0.3537,6.4045,3.8104,2.2985,6.4045,2.8850

1009.6890,0.0450,0.2917,4.1199,5.0466,1.0329,6.0341,3.9956,2.4220,6.0341,2.9380

1010.6890,0.0450,-0.1405,4.3669,5.5405,-0.2020,6.5279,3.8721,2.2470,6.5279,2.8586

1011.6900,-0.1402,0.2917,3.6878,5.4170,0.2920,6.6514,3.9956,2.2573,6.6514,2.8850

1012.6890,0.0450,0.4769,3.9347,5.7257,0.1067,6.4045,4.9835,2.5454,6.4045,3.0967

1013.6890,0.2302,0.3534,4.4286,5.5405,0.6007,6.6514,4.1808,2.5557,6.6514,3.1408

1014.6890,0.2919,0.6003,3.8112,5.2318,-0.0785,6.3427,3.4400,2.2161,6.3427,2.8056

1015.6890,0.1684,-0.0170,3.9347,5.4788,-0.0785,6.7132,3.9339,2.2367,6.7132,2.8762

1016.6890,-0.5723,0.2917,4.0582,5.1701,0.1685,6.5897,3.9956,2.1853,6.5897,2.8145

1017.6890,-0.2019,-0.2022,4.1199,5.3553,-0.2020,6.7132,3.7487,2.1030,6.7132,2.7616

1018.6890,0.1067,0.1065,3.2556,4.9849,0.2920,6.2810,4.0574,2.1338,6.2810,2.7263

1019.6890,-0.1402,-0.6961,3.9965,5.5405,-0.3255,6.4045,4.0574,2.0721,6.4045,2.6910

1020.6890,-0.0785,0.2299,4.0582,5.7257,-0.0785,7.1453,4.2426,2.3499,7.1453,3.0350

1021.6890,-0.2637,0.4769,4.2434,5.8492,0.1685,6.3427,4.6130,2.5146,6.3427,3.0614

1022.6890,0.2919,0.0447,4.3669,5.3553,0.0450,6.2810,2.9460,2.1750,6.2810,2.7615

1023.6890,-0.0168,-0.2640,3.8112,5.4170,-0.1402,6.7132,4.2426,2.1750,6.7132,2.8233

1024.6890,-0.2637,0.2299,3.8112,5.3553,0.3537,6.7749,4.0574,2.2573,6.7749,2.9027

1025.6890,-0.0168,0.0447,4.6756,5.5405,-0.0167,6.4662,3.8104,2.3396,6.4662,2.9291

1026.6890,0.1684,0.0447,4.1199,5.2936,-0.2020,6.4045,3.8721,2.2161,6.4045,2.8145

1027.6890,0.2919,-0.0788,4.3669,5.6022,-0.1402,6.0341,3.7487,2.2984,6.0341,2.8321

1028.6890,0.0450,0.1065,3.5643,5.2318,-0.3872,6.7132,4.2426,2.1338,6.7132,2.7880

1029.6890,0.1067,0.2299,4.1817,5.5405,0.2302,7.0218,4.0574,2.3911,7.0218,3.0526

1030.6890,0.1067,-0.0788,3.9347,5.4788,0.1067,6.5897,3.9956,2.2573,6.5897,2.8762

1031.6890,-0.6958,0.4151,4.4286,5.2318,0.1685,6.5279,4.3661,2.3191,6.5279,2.9203

1032.6890,0.0450,0.3534,3.8730,5.6022,0.3537,6.6514,3.9956,2.3705,6.6514,2.9820

1033.6890,-0.0785,0.7238,4.1199,5.6640,0.1067,6.5279,4.2426,2.4631,6.5279,3.0438

1034.6890,0.2919,-0.0170,3.7495,5.1084,0.1685,6.5279,3.8104,2.1853,6.5279,2.8056

1035.6890,-0.0785,-0.3874,3.7495,5.5405,-0.1402,6.6514,3.8721,2.0927,6.6514,2.7439

1036.6890,-0.2637,0.9708,3.8730,5.2936,0.1067,6.2810,4.0574,2.3396,6.2810,2.9027

1037.6890,0.1684,0.0447,3.8112,5.5405,-0.0785,6.9601,3.9956,2.2470,6.9601,2.9203

1038.6890,0.1684,0.1065,3.5643,5.5405,0.4155,6.4045,4.4278,2.3705,6.4045,2.9468

1039.6890,0.2302,0.2917,3.8730,5.5405,0.9711,6.8984,3.6869,2.4322,6.8984,3.0702

1040.6890,0.7857,0.4769,3.8730,5.6022,-0.0785,6.4662,3.3165,2.3293,6.4662,2.9203

1041.6890,0.0450,-0.8813,4.5521,5.2318,0.0450,6.5279,3.9339,2.1544,6.5279,2.7792

1042.6890,-0.5723,1.0325,3.8730,5.6022,0.0450,6.3427,3.9339,2.3190,6.3427,2.8939

1043.6890,0.2919,-0.2640,4.1817,5.2318,0.6007,6.1575,4.0574,2.3499,6.1575,2.8939

1044.6890,-0.0785,0.1682,3.6878,5.5405,0.5389,6.4045,4.0574,2.3190,6.4045,2.9027

1045.6900,0.1067,1.0942,4.2434,5.2318,-0.5724,6.8366,3.6252,2.2882,6.8366,2.9379

1046.6890,-0.1402,0.9708,4.4904,5.7257,0.1067,6.4662,2.7608,2.3190,6.4662,2.9115

1047.6890,-0.3254,0.2299,5.2313,6.0961,-0.4489,6.5279,4.1808,2.4940,6.5279,3.0703

1048.6890,-0.1402,-0.1405,4.9226,4.9231,-0.1402,6.4662,3.9956,2.2367,6.4662,2.8409

1049.6890,-0.0785,-0.5109,3.9965,5.6640,-0.2637,6.5279,4.3043,2.1853,6.5279,2.8057

1050.6900,0.6005,0.4151,3.9965,5.6022,0.0450,6.7132,3.5017,2.3602,6.7132,2.9820

1051.6890,-0.3254,-0.0788,4.2434,5.2936,0.1067,6.2810,4.9835,2.3705,6.2810,2.9292

1052.6890,-0.2019,-0.0788,4.0582,5.6640,0.0450,6.4045,4.6130,2.3499,6.4045,2.9291

1053.6890,0.6622,0.2299,4.1817,5.6022,0.0450,6.4662,3.7487,2.4116,6.4662,2.9909

1054.6890,-0.2637,0.1065,4.2434,5.9109,0.1685,6.0958,3.9339,2.3499,6.0958,2.8850

1055.6900,0.0450,0.3534,3.8112,5.7874,0.2302,6.2810,4.0574,2.3808,6.2810,2.9379

1056.6890,-0.1402,0.9090,4.0582,5.6640,0.0450,6.4662,4.7365,2.5454,6.4662,3.1055

1057.6890,-0.0785,0.2917,3.6260,5.8492,0.2302,6.3427,4.0574,2.3293,6.3427,2.9027

1058.6890,-0.0168,0.2299,3.8112,5.6640,0.1685,6.5897,4.3043,2.3602,6.5897,2.9644

1059.6890,0.3536,0.5386,3.9347,5.1084,0.6624,6.2193,3.6869,2.3808,6.2193,2.9291

1060.6900,-0.2019,0.7856,3.9347,5.5405,-0.0167,6.4045,4.1191,2.3602,6.4045,2.9380

1061.6890,-0.0785,-0.0170,3.8730,5.3553,0.1067,6.3427,3.9956,2.2059,6.3427,2.7968

1062.6900,0.3536,0.3534,3.7495,5.5405,0.0450,6.4662,3.8721,2.3190,6.4662,2.9115

1063.6900,0.2919,-0.3874,4.1817,5.7257,-0.2020,6.5279,4.0574,2.2779,6.5279,2.8850

1064.6890,0.0450,-0.0170,4.3052,5.7257,-0.0785,6.3427,3.9956,2.3293,6.3427,2.9027

1065.6890,0.0450,0.2917,3.9965,5.5405,0.2920,6.4662,4.5513,2.4528,6.4662,3.0262

1066.6900,0.2919,0.5386,3.8730,5.6022,-0.0785,6.5279,3.5634,2.2984,6.5279,2.9027

1067.6900,-0.3871,0.6621,3.9965,5.2936,0.1067,6.3427,4.0574,2.2882,6.3427,2.8674

1068.6890,-0.1402,0.9090,3.4408,5.4170,-0.0167,6.5897,4.2426,2.3087,6.5897,2.9203

1069.6890,0.6622,0.1682,3.9347,5.6022,0.0450,6.6514,3.6252,2.3396,6.6514,2.9556

1070.6900,0.1684,0.9708,3.8730,5.2936,-0.0167,6.3427,3.9956,2.3808,6.3427,2.9468

1071.6900,0.4153,0.2917,4.1199,5.3553,0.2302,6.4045,3.9956,2.4013,6.4045,2.9732

1072.6900,-0.0785,0.0447,3.8112,5.7257,-0.3255,6.7132,3.9339,2.1853,6.7132,2.8321

1073.6890,-0.0168,0.4769,3.8730,5.9109,0.3537,6.5897,3.7487,2.3911,6.5897,2.9909

1074.6890,0.0450,-0.0788,3.5643,5.6640,-0.2637,6.4662,4.1191,2.1750,6.4662,2.7880

1075.6890,-0.1402,0.6003,3.8730,5.3553,0.2302,6.3427,3.9339,2.3088,6.3427,2.8850

1076.6890,0.1067,-0.0170,4.1199,5.2318,0.1685,6.4662,4.0574,2.2779,6.4662,2.8762

1077.6890,0.0450,-0.0788,4.0582,5.4788,-0.0167,6.0958,3.0695,2.0927,6.0958,2.6645

1078.6890,0.0450,0.4151,4.1817,5.4788,0.4155,6.4045,3.7487,2.3808,6.4045,2.9556

1079.6890,-0.0785,0.2299,4.1199,5.4170,-0.2020,6.6514,3.8104,2.2161,6.6514,2.8498

1080.6890,0.2919,0.2917,3.8730,5.2936,0.1067,6.4662,3.9339,2.2985,6.4662,2.8938

1081.6890,0.1684,0.2299,4.4904,5.2936,-0.0785,6.6514,4.0574,2.3602,6.6514,2.9732

1082.6890,0.3536,0.0447,3.9347,5.5405,-0.0167,6.5279,3.7487,2.2676,6.5279,2.8762

1083.6890,0.2919,-0.1405,4.3052,5.4788,0.2920,6.4662,3.8721,2.3499,6.4662,2.9379

1084.6890,0.2302,0.2299,4.6139,5.3553,-1.4368,6.9601,3.8721,2.1441,6.9601,2.8321

1085.6890,-0.0785,-0.2640,3.9965,5.2936,-0.2020,6.7132,5.0452,2.2985,6.7132,2.9291

1086.6890,0.2919,0.1682,4.4904,5.6640,-0.0167,6.1575,3.8721,2.4116,6.1575,2.9468

1087.6890,-0.0785,0.0447,3.5025,5.6640,0.1685,6.4045,4.1808,2.2470,6.4045,2.8409

1088.6890,-0.1402,0.1682,4.0582,4.7379,-0.0785,6.8366,3.7487,2.0824,6.8366,2.7616

1089.6890,-0.3254,0.9090,3.8112,5.4788,-0.0785,6.5279,4.2426,2.3396,6.5279,2.9380

1090.6890,-0.0785,0.2917,4.1817,5.3553,0.3537,6.5279,3.6869,2.2985,6.5279,2.9027

1091.6890,-0.1402,0.4769,4.3052,5.7874,0.2302,6.3427,3.9956,2.4425,6.3427,2.9997

1092.6890,-0.0785,0.4151,4.2434,5.3553,0.1067,6.5279,3.6869,2.2882,6.5279,2.8939

1093.6890,-0.3871,-0.0170,4.1817,5.2318,-0.5107,6.6514,4.2426,2.1235,6.6514,2.7704

1094.6890,-0.0785,0.8473,3.9965,5.1084,-0.2637,6.6514,3.8721,2.2470,6.6514,2.8762

1095.6890,-0.0168,0.2299,3.8730,5.7874,0.5389,6.4662,4.3043,2.4528,6.4662,3.0262

1096.6890,0.0450,0.2917,4.1817,4.9231,-0.0785,6.5897,3.8721,2.2059,6.5897,2.8321

1097.6890,0.1067,0.0447,4.3052,4.4910,0.0450,6.5897,4.1191,2.1853,6.5897,2.8145

1098.6890,0.2919,0.1065,3.8730,5.2936,0.8477,6.8366,4.1191,2.4219,6.8366,3.0526

1099.6890,-0.1402,0.1682,3.8112,5.6640,0.1685,6.3427,4.0574,2.2882,6.3427,2.8674

1100.6890,0.2919,0.1065,4.3669,4.9849,-0.1402,6.4662,4.3043,2.3190,6.4662,2.9115

1101.6890,0.0450,0.2299,3.9965,5.7257,0.2302,6.4662,4.1191,2.3911,6.4662,2.9732

1102.6890,-0.1402,0.9708,4.3052,5.4170,0.1685,6.3427,3.8721,2.4322,6.3427,2.9909

1103.6890,0.0450,0.1682,3.5025,5.3553,0.2920,6.0958,4.1808,2.2573,6.0958,2.8057

1104.6900,0.4153,0.4769,4.3669,5.7257,0.1067,6.2810,3.8104,2.4837,6.2810,3.0261

1105.6890,0.1067,0.0447,3.9347,5.6022,0.2302,6.4045,3.9339,2.3087,6.4045,2.8939

1106.6890,0.5388,-0.4492,4.3052,4.9849,0.2302,6.4045,4.4278,2.3396,6.4045,2.9203

1107.6890,0.0450,-0.4492,4.5521,5.2318,0.6007,6.2193,3.9956,2.3293,6.2193,2.8850

1108.6890,-0.0785,0.7238,4.3669,5.6022,-0.3255,6.5279,4.2426,2.4219,6.5279,3.0085

1109.6890,0.0450,0.3534,3.8730,5.8492,0.1685,6.9601,4.0574,2.3911,6.9601,3.0438

1110.6890,0.2302,0.0447,4.3052,5.7257,0.2920,6.5897,3.7487,2.3911,6.5897,2.9909

1111.6890,-0.2019,0.1065,4.4904,5.4788,0.0450,6.4045,4.0574,2.3293,6.4045,2.9115

1112.6890,0.0450,0.1682,3.9965,5.7874,-0.0785,6.2193,4.3043,2.3705,6.2193,2.9203

1113.6890,-0.1402,0.0447,3.8730,5.1701,-0.2637,6.5897,4.9835,2.2779,6.5897,2.8939

1114.6890,0.1684,0.0447,3.9347,5.6022,1.2799,6.7132,4.0574,2.5146,6.7132,3.1144

1115.6890,-0.0168,0.2299,3.7495,5.8492,0.2920,6.3427,3.9956,2.3499,6.3427,2.9203

1116.6890,0.0450,0.7856,4.9226,4.7379,0.4155,5.9723,3.5634,2.4117,5.9723,2.9203

1117.6890,-0.2637,0.4769,4.4904,5.6022,0.1067,6.0958,4.5513,2.4940,6.0958,3.0085

1118.6890,-0.2019,-0.1405,4.1817,5.2936,0.1685,6.1575,4.0574,2.2264,6.1575,2.7880

1119.6890,0.2919,0.4769,4.1817,5.6022,0.2920,6.4662,4.4278,2.5454,6.4662,3.1055

1120.6890,0.9092,0.4769,4.0582,5.3553,-0.2020,6.4045,4.7365,2.5557,6.4045,3.1055

1121.6900,0.0450,-0.3257,4.1817,5.4170,-0.1402,6.6514,3.5634,2.1235,6.6514,2.7704

1122.6890,0.1684,-0.2022,4.3052,5.5405,0.0450,6.5279,3.8104,2.2779,6.5279,2.8850

1123.6890,-0.4489,0.0447,4.0582,5.4170,0.1067,6.7749,4.1191,2.2162,6.7749,2.8674

1124.6890,0.2302,0.2299,3.9347,5.3553,0.1685,6.5897,3.9956,2.3190,6.5897,2.9291

1125.6890,0.8474,0.2299,3.9347,5.4170,0.2920,6.6514,3.9956,2.4528,6.6514,3.0526

1126.6890,0.0450,0.0447,4.2434,5.1084,-0.1402,6.5897,3.8721,2.1956,6.5897,2.8233

1127.6900,0.2919,0.8473,3.4408,5.8492,-0.2020,6.7132,4.0574,2.3808,6.7132,2.9997

1128.6890,0.3536,0.1682,4.1199,5.4788,0.4155,6.4662,3.7487,2.3808,6.4662,2.9644

1129.6890,0.4153,0.1065,4.1199,5.1084,0.1067,6.4045,3.9339,2.2985,6.4045,2.8850

1130.6890,-0.2019,0.4769,4.7991,5.6022,-0.0167,7.0836,3.6869,2.3911,7.0836,3.0614

1131.6890,-0.3254,0.7856,4.4904,5.6022,-0.2020,6.4662,4.1191,2.4117,6.4662,2.9909

1132.6890,0.1684,0.3534,3.9347,5.1084,-0.1402,6.2810,3.6869,2.1853,6.2810,2.7704

1133.6890,0.0450,0.6003,3.7495,5.4788,0.1685,6.6514,3.6869,2.2882,6.6514,2.9115

1134.6890,0.3536,0.2299,3.9347,5.9726,-0.0167,6.4045,4.0574,2.4219,6.4045,2.9909

1135.6890,0.0450,0.4769,4.1199,5.4788,0.0450,6.6514,3.9339,2.3499,6.6514,2.9644

1136.6890,0.4153,-0.2022,4.3669,5.6022,0.0450,6.5279,3.9956,2.3705,6.5279,2.9644

1137.6890,-0.0168,0.3534,3.9347,5.4788,-0.0785,6.8366,4.0574,2.2882,6.8366,2.9379

1138.6890,-0.2019,0.6621,3.8112,5.4788,-0.0785,6.7132,4.0574,2.2882,6.7132,2.9203

1139.6890,-0.0785,0.4151,3.9347,5.5405,-0.5724,5.9723,4.3661,2.2676,5.9723,2.7968

1140.6890,0.3536,-0.1405,4.1817,5.4788,-0.1402,6.3427,3.8104,2.2573,6.3427,2.8409

1141.6890,0.2302,1.0325,3.8112,5.6640,0.6007,6.8984,3.8721,2.5351,6.8984,3.1584

1142.6890,0.1067,0.4151,4.1199,5.3553,0.2920,6.4045,4.0574,2.3911,6.4045,2.9644

1143.6890,1.2178,-0.6961,4.8608,5.4170,-0.0785,6.7132,3.6869,2.4013,6.7132,3.0173

1144.6890,0.1067,0.2917,3.8112,5.4788,0.1685,6.6514,3.7487,2.2676,6.6514,2.8938

1145.6890,0.1067,-0.2022,3.6878,5.5405,0.1067,6.2810,4.0574,2.2161,6.2810,2.7968

1146.6890,0.1067,-0.0170,5.5400,4.9849,0.5389,6.2810,3.8104,2.4940,6.2810,3.0350

1147.6890,0.1684,-0.2022,4.0582,5.4788,0.7242,7.2070,3.6252,2.3088,7.2070,3.0085

1148.6890,-0.0785,0.6003,3.8730,5.7874,0.2302,6.7749,4.3043,2.4528,6.7749,3.0702

1149.6890,-0.2637,-0.1405,3.7495,5.5405,-0.0785,5.9106,3.9956,2.1338,5.9106,2.6734

1150.6890,0.2919,0.1682,3.9347,5.9109,-0.3872,6.2810,4.3043,2.3705,6.2810,2.9291

1151.6890,-0.1402,0.1065,3.8112,5.6022,0.1067,6.5897,4.0574,2.2573,6.5897,2.8762

1152.6890,-0.0168,-0.0170,4.4904,5.6022,1.7738,6.9601,4.1808,2.6689,6.9601,3.2819

1153.6890,0.1684,0.8473,4.1817,5.4170,0.4772,6.7749,3.5634,2.4425,6.7749,3.0614

1154.6890,-0.2637,0.4151,3.8730,5.6022,-1.0664,6.9601,4.0574,2.1029,6.9601,2.7968

1155.6890,0.4771,0.2917,3.9347,5.2318,0.0450,6.5279,3.8104,2.2984,6.5279,2.9027

1156.6890,0.1684,0.1682,3.6260,5.2936,0.6624,6.7132,3.8721,2.2985,6.7132,2.9291

1157.6900,0.2919,0.2299,4.1817,5.2936,0.1067,6.7132,3.9956,2.3499,6.7132,2.9732

1158.6890,0.2919,0.1682,3.6260,5.6022,-0.0785,6.5279,4.0574,2.2779,6.5279,2.8850

1159.6890,-0.0168,0.6003,4.1199,5.1084,-0.2020,6.5897,3.9956,2.2676,6.5897,2.8850

1160.6890,0.1684,0.1065,3.6878,5.6022,0.2302,6.6514,4.0574,2.3087,6.6514,2.9291

1161.6890,0.0450,-0.1405,4.3052,5.4788,-0.0167,6.5279,3.9956,2.2779,6.5279,2.8850

1162.6890,0.2302,0.2299,3.9965,5.3553,-0.2637,6.8984,3.8104,2.2264,6.8984,2.8938

1163.6900,0.7857,-0.8813,4.0582,5.3553,-0.2020,6.7132,3.9956,2.1853,6.7132,2.8321

1164.6890,0.4153,0.4151,4.3669,5.4788,0.2920,6.8984,4.0574,2.5042,6.8984,3.1320

1165.6890,-0.0168,-0.0788,4.3052,5.1701,-0.0167,6.3427,3.8721,2.2059,6.3427,2.7968

1166.6890,-0.0168,0.1682,4.3052,5.3553,-0.0785,6.5279,3.8104,2.2573,6.5279,2.8674

1167.6890,0.2919,-0.4492,3.8730,5.5405,-0.0167,6.6514,3.9339,2.1956,6.6514,2.8321

1168.6900,0.1067,-0.1405,4.3669,5.2318,0.5389,7.0218,3.8104,2.3190,7.0218,2.9909

1169.6890,0.1067,0.2299,3.6878,5.4170,0.4155,6.3427,4.2426,2.3499,6.3427,2.9203

1170.6890,-0.0168,-0.0788,4.1199,4.0589,0.3537,6.3427,3.7487,2.0309,6.3427,2.6469

1171.6890,-0.7575,0.4769,4.1817,5.3553,-0.2637,6.5897,3.8721,2.1441,6.5897,2.7792

1172.6890,-0.1402,0.2917,3.9965,5.7257,0.0450,6.0341,4.3043,2.3705,6.0341,2.8939

1173.6890,-0.0785,0.1682,4.1199,5.7874,-0.2637,6.5897,4.2426,2.3293,6.5897,2.9379

1174.6890,0.1067,-0.5109,4.1199,5.5405,-0.2637,6.7132,3.7487,2.1235,6.7132,2.7792

1175.6890,-0.2637,-0.0788,4.1817,5.4788,-0.2020,6.6514,3.9339,2.1750,6.6514,2.8145

1176.6890,0.1684,0.1065,4.0582,5.2936,0.1685,6.4662,3.9956,2.2985,6.4662,2.8939

1177.6890,-0.0785,0.3534,4.1199,5.5405,-0.2020,6.4662,4.1191,2.3087,6.4662,2.9027

1178.6890,-0.1402,0.2299,3.8730,5.2318,-0.0167,6.4045,4.2426,2.2367,6.4045,2.8321

1179.6890,0.0450,0.1682,4.0582,5.4788,0.0450,6.5279,4.4895,2.3808,6.5279,2.9732

1180.6890,0.1067,0.4151,4.3052,4.7997,-0.0167,6.5897,4.2426,2.3088,6.5897,2.9203

1181.6890,0.1684,0.4151,3.7495,5.6022,-0.0167,6.7132,3.8721,2.2984,6.7132,2.9291

1182.6890,-0.2019,0.4151,4.0582,5.7874,0.0450,6.4045,4.0574,2.3602,6.4045,2.9380

1183.6890,0.1067,0.7238,4.4286,5.4170,-0.6959,6.8366,3.6252,2.2676,6.8366,2.9203

1184.6900,0.0450,0.7238,4.7991,5.7257,-0.5107,6.7132,4.0574,2.4734,6.7132,3.0791

1185.6890,0.1067,-0.0170,3.9347,5.5405,0.2920,6.0958,3.7487,2.2676,6.0958,2.8145

1186.6900,0.2919,1.3412,4.3669,5.4788,-0.3255,6.9601,3.8721,2.5042,6.9601,3.1408

1187.6890,-0.1402,0.7238,4.4904,5.4788,0.2302,6.8984,4.6130,2.5660,6.8984,3.1849

1188.6890,0.4771,-0.0788,3.9347,5.9726,0.0450,6.3427,3.8721,2.3705,6.3427,2.9379

1189.6890,0.1684,0.8473,4.1817,5.3553,-0.1402,6.5897,3.6252,2.3396,6.5897,2.9468

1190.6900,0.1067,-0.0170,4.0582,5.6640,-0.0167,6.9601,3.7487,2.2573,6.9601,2.9291

1191.6890,0.0450,0.3534,4.0582,5.2318,0.2920,6.3427,3.9956,2.3293,6.3427,2.9027

1192.6900,0.1684,-0.0170,4.4904,5.2318,-0.0167,6.6514,4.0574,2.3190,6.6514,2.9380

1193.6890,0.1684,0.1065,3.7495,5.4170,-0.3255,6.5279,4.1808,2.2161,6.5279,2.8321

1194.6900,0.7240,0.5386,3.8730,5.7257,0.6007,5.6636,4.2426,2.6174,5.6636,3.0526

1195.6890,-0.0785,0.1065,4.1199,5.4170,0.0450,6.4662,4.4278,2.3396,6.4662,2.9291

1196.6890,0.1684,0.4151,4.1199,5.2318,0.1067,6.8366,4.1808,2.3705,6.8366,3.0085

1197.6890,-0.3254,0.4769,4.1199,5.1701,0.1685,6.6514,3.6869,2.2162,6.6514,2.8498

1198.6890,0.2302,0.2299,2.3295,6.1578,-0.0785,6.4045,4.3043,2.1955,6.4045,2.7968

1199.6890,0.6005,0.2917,4.2434,5.6022,0.1685,6.5279,4.3043,2.5351,6.5279,3.1055

1200.6890,0.0450,-0.0788,3.9965,5.1701,-0.1402,6.5897,3.6869,2.1132,6.5897,2.7527

1201.6890,0.5388,0.2917,4.0582,5.0466,-0.0785,6.4662,4.0574,2.3190,6.4662,2.9115

1202.6890,-0.1402,0.1065,3.7495,5.2936,-0.2020,6.8366,4.1191,2.1544,6.8366,2.8233

1203.6890,-0.3871,0.2917,4.3669,5.7257,-0.0785,6.8366,4.1191,2.3396,6.8366,2.9821

1204.6890,-0.9427,0.6621,3.8112,5.4788,0.0450,6.7132,3.9339,2.1647,6.7132,2.8145

1205.6890,0.3536,0.6003,3.8730,5.1084,-0.1402,6.4662,4.1191,2.3190,6.4662,2.9115

1206.6890,0.1684,-0.2022,2.2060,5.6640,-0.2020,6.8366,3.5017,1.8560,6.8366,2.5675

1207.6890,0.1067,0.0447,4.3669,5.1084,-0.1402,6.9601,4.0574,2.2573,6.9601,2.9291

1208.6890,-0.0785,0.3534,4.7991,5.2936,-0.0167,6.7749,3.9339,2.3808,6.7749,3.0085

1209.6890,-0.0785,0.2917,4.1817,5.2318,-0.1402,6.5279,4.4278,2.3190,6.5279,2.9203

1210.6890,-0.1402,0.6003,4.3052,5.4170,0.2920,6.5897,3.8721,2.3911,6.5897,2.9909

1211.6890,0.4771,-0.0170,3.8730,5.4170,-0.0785,6.6514,3.8104,2.2470,6.6514,2.8762

1212.6890,0.1684,0.1065,4.4904,5.4788,-0.1402,6.5279,3.9956,2.3499,6.5279,2.9468

1213.6890,0.4771,0.2299,3.9965,5.1701,0.0450,6.5279,3.7487,2.2779,6.5279,2.8850

1214.6890,-0.0168,0.0447,3.8730,5.1701,0.1067,6.5279,4.1191,2.2161,6.5279,2.8321

1215.6890,-0.0785,0.2917,4.0582,5.4788,0.1685,6.7749,4.3043,2.3705,6.7749,2.9997

1216.6890,0.3536,0.1065,4.0582,5.6640,-0.2637,6.5279,3.9339,2.3087,6.5279,2.9115

1217.6890,0.2919,0.3534,3.8730,5.1701,-0.0167,6.7132,3.8721,2.2573,6.7132,2.8938

1218.6890,-0.5106,-0.0788,4.3052,5.4170,0.0450,6.6514,3.8104,2.1647,6.6514,2.8057

1219.6890,0.2919,0.1682,3.7495,5.9726,0.0450,6.3427,3.7487,2.3293,6.3427,2.9027

1220.6890,0.1067,-0.0788,4.1199,5.4170,0.2302,6.6514,3.8104,2.2676,6.6514,2.8939

1221.6890,-0.0785,0.2299,3.6878,5.7257,-0.0167,6.5279,3.7487,2.2161,6.5279,2.8321

1222.6890,0.2302,0.2299,3.7495,5.4788,-0.1402,5.9723,3.9339,2.2470,5.9723,2.7792

1223.6890,-0.0168,-0.0170,4.1817,5.9109,0.4772,6.5279,3.8721,2.4014,6.5279,2.9909

1224.6890,0.2302,0.0447,3.7495,5.7257,0.1067,5.7871,3.9339,2.2984,5.7871,2.7968

1225.6890,0.0450,0.8473,4.4904,5.4170,-0.1402,6.2810,4.3043,2.4940,6.2810,3.0350

1226.6890,0.0450,0.2299,4.1199,5.5405,0.2920,6.2810,4.3043,2.4219,6.2810,2.9732

1227.6890,0.0450,0.1682,3.6260,6.2813,0.2302,6.2810,3.8104,2.3602,6.2810,2.9203

1228.6890,0.1684,0.1065,3.5643,4.9849,-0.0785,6.7132,3.3782,2.0206,6.7132,2.6910

1229.6890,-0.1402,0.8473,3.8730,5.6022,0.1067,7.2688,4.3043,2.4322,7.2688,3.1232

1230.6890,-0.6340,0.3534,4.1199,5.6022,0.0450,6.7749,3.9956,2.2470,6.7749,2.8939

1231.6890,0.2302,0.4769,3.9347,5.8492,0.1685,6.8366,4.0574,2.4528,6.8366,3.0791

1232.6890,0.2302,-0.2022,4.3052,5.3553,0.1685,6.7749,4.3661,2.3705,6.7749,2.9997

1233.6890,0.1684,0.2917,3.9965,5.6640,0.2302,6.4662,3.8104,2.3602,6.4662,2.9468

1234.6890,-0.0785,0.2299,4.1817,5.5405,-0.0167,6.7132,4.1808,2.3396,6.7132,2.9644

1235.6890,-0.1402,0.2299,4.3669,5.2318,0.2302,6.6514,3.8721,2.2985,6.6514,2.9203

1236.6890,-0.3871,0.2299,4.2434,5.6022,0.0450,6.8984,4.4278,2.3602,6.8984,3.0085

1237.6890,-0.1402,0.2917,4.1817,4.7997,0.0450,6.6514,4.3043,2.2470,6.6514,2.8762

1238.6890,0.4153,0.2917,3.8730,5.2936,0.1067,6.6514,3.5017,2.2470,6.6514,2.8762

1239.6890,0.1067,0.7238,4.6756,5.2936,-0.3872,6.4045,4.1191,2.4219,6.4045,2.9909

1240.6890,-0.2637,0.2299,4.3669,5.2318,0.1067,6.8984,5.0452,2.4528,6.8984,3.0879

1241.6890,0.1684,0.1682,3.5643,5.4170,0.2920,6.5279,3.8721,2.2470,6.5279,2.8586

1242.6890,0.2919,0.9090,4.5521,4.7997,0.2920,6.4662,3.8104,2.4425,6.4662,3.0173

1243.6890,-0.2637,-0.0788,4.1817,4.9231,0.0450,6.4662,4.2426,2.1750,6.4662,2.7880

1244.6890,-0.0785,-0.2022,3.9347,5.5405,0.0450,6.6514,3.8721,2.1853,6.6514,2.8233

1245.6890,0.0450,0.2299,4.1199,5.5405,-0.3872,6.5897,4.1808,2.2882,6.5897,2.9027

1246.6890,0.2919,0.1682,4.3669,5.4788,0.3537,6.4045,3.8721,2.4219,6.4045,2.9909

1247.6890,0.4153,0.1682,3.9965,5.4788,-0.0167,6.1575,4.0574,2.3499,6.1575,2.8938

1248.6890,-0.0785,0.4769,4.1199,5.8492,-0.0785,6.9601,4.1191,2.4014,6.9601,3.0526

1249.6890,-0.0785,0.9708,4.4286,5.6022,-0.2637,6.3427,4.2426,2.4837,6.3427,3.0350

1250.6890,-1.1279,0.7238,3.6878,6.4665,-0.1402,6.2810,4.1808,2.2985,6.2810,2.8674

1251.6890,0.4153,0.2917,4.9843,5.8492,-0.1402,6.5279,4.3661,2.6277,6.5279,3.1849

1252.6900,0.1067,-0.0170,4.0582,5.7257,-0.3255,6.5279,4.2426,2.2985,6.5279,2.9027

1253.6890,0.5388,-0.0170,4.3669,5.6022,0.0450,6.3427,3.7487,2.3808,6.3427,2.9468

1254.6890,1.4030,1.5264,3.7495,5.4170,0.1067,6.3427,3.9956,2.6997,6.3427,3.2201

1255.6900,0.1684,0.0447,4.3052,5.2318,0.1067,7.5775,4.3661,2.3705,7.5775,3.1143

1256.6890,-0.5106,-0.1405,4.2434,5.4170,-0.0785,7.4540,4.4278,2.2265,7.4540,2.9732

1257.6890,0.5388,-0.0788,4.0582,5.2936,1.1564,7.2688,3.6869,2.4425,7.2688,3.1320

1258.6890,-0.2019,0.2917,3.8730,5.8492,0.1067,6.6514,4.3043,2.3705,6.6514,2.9821

1259.6890,-0.0168,0.0447,4.3052,5.4788,-0.4489,6.6514,4.8600,2.3705,6.6514,2.9821

1260.6890,0.9709,0.5386,4.1199,5.8492,-0.0167,6.4662,4.2426,2.6174,6.4662,3.1672

1261.6890,-0.2019,0.2299,4.0582,5.5405,-0.4489,7.9479,4.1191,2.2161,7.9479,3.0350

1262.6890,-0.0785,0.4151,4.0582,5.6640,-0.3872,7.0836,3.5017,2.1956,7.0836,2.8938

1263.6890,0.0450,0.6003,3.8730,5.3553,0.0450,6.3427,3.8721,2.2985,6.3427,2.8762

1264.6890,-1.3748,0.1682,3.3791,5.3553,0.1685,6.2810,4.2426,1.9898,6.2810,2.6028

1265.6890,0.2302,0.2299,4.4286,5.2936,-0.1402,6.5279,3.8721,2.3190,6.5279,2.9203

1266.6890,0.4153,0.3534,3.7495,5.3553,-0.0167,6.8984,3.6252,2.2470,6.8984,2.9115

1267.6890,0.0450,0.6003,4.4904,5.1701,-0.0785,6.5897,4.0574,2.3808,6.5897,2.9820

1268.6890,0.1067,0.1065,3.8730,5.7874,1.2799,5.9723,4.3043,2.5763,5.9723,3.0614

1269.6890,-0.2019,0.4769,4.1199,5.1701,-0.2020,7.2070,3.8721,2.2059,7.2070,2.9203

1270.6890,0.3536,-0.0170,3.9965,6.0961,-0.0167,7.1453,4.1191,2.4219,7.1453,3.0967

1271.6890,0.0450,0.4769,4.3669,5.2318,-0.2020,7.0836,4.0574,2.3293,7.0836,3.0085

1272.6890,-0.1402,0.0447,4.1817,5.1701,-0.6342,7.2070,4.6748,2.2161,7.2070,2.9291

1273.6900,0.4771,0.1065,4.3669,5.9726,-0.3255,7.0218,3.8104,2.4013,7.0218,3.0614

1274.6900,-0.5723,0.5386,3.8730,4.9231,0.2302,6.9601,4.1191,2.1853,6.9601,2.8674

1275.6890,0.3536,-0.1405,3.8112,5.4788,0.2302,7.2070,3.6869,2.2367,7.2070,2.9468

1276.6890,0.0450,-0.3257,3.7495,5.6640,-0.0167,6.6514,3.9339,2.1750,6.6514,2.8145

1277.6890,-0.0168,0.1065,4.6139,5.7257,-0.3255,6.8366,3.8721,2.3293,6.8366,2.9732

1278.6890,-0.0168,-0.2022,3.8112,5.4788,0.0450,6.9601,3.9339,2.1750,6.9601,2.8586

1279.6890,0.2919,0.4151,4.7991,5.4170,-0.0785,6.7132,4.1808,2.5042,6.7132,3.1055

1280.6890,-0.1402,0.3534,3.9347,5.2936,0.2920,7.7627,4.3661,2.3499,7.7627,3.1232

1281.6890,0.2302,0.1682,3.7495,5.4788,1.2181,6.9601,3.8721,2.4528,6.9601,3.0967

1282.6890,-0.5723,2.0820,4.3052,5.2936,-0.2020,6.9601,3.7487,2.4425,6.9601,3.0879

1283.6890,-0.0168,-0.0788,3.5643,5.4788,0.2920,6.6514,4.1191,2.2264,6.6514,2.8586

1284.6890,0.2302,0.2299,3.8730,5.2318,-0.2020,7.0218,3.3165,2.1132,7.0218,2.8145

1285.6890,-0.0168,-0.2022,4.4286,5.1084,-0.1402,6.8366,3.7487,2.1544,6.8366,2.8233

1286.6890,0.1067,0.1682,3.9347,5.5405,-0.2637,6.4662,3.8721,2.2264,6.4662,2.8321

1287.6890,-0.1402,0.1065,3.9347,4.7997,0.1067,7.2070,3.5634,2.0618,7.2070,2.7968

1288.6890,0.1684,-0.1405,3.9347,5.4788,-0.0167,7.0218,3.8721,2.2161,7.0218,2.9027

1289.6890,0.5388,0.1065,3.9347,5.2936,0.1685,7.0836,4.2426,2.3808,7.0836,3.0526

1290.6890,-0.2019,-0.1405,4.1817,4.7997,0.0450,6.8366,4.1191,2.1338,6.8366,2.8057

1291.6890,-0.1402,0.7856,4.3052,5.4170,-0.1402,6.9601,4.0574,2.3808,6.9601,3.0350

1292.6900,-0.3871,0.1682,4.0582,5.0466,0.6007,6.2193,4.0574,2.2573,6.2193,2.8233

1293.6890,0.2302,0.6003,3.8112,5.4788,0.4772,6.8366,3.8721,2.4116,6.8366,3.0438

1294.6890,-0.0785,0.4769,4.5521,4.6145,0.2920,6.6514,3.9339,2.2985,6.6514,2.9203

1295.6890,0.1067,0.1682,4.6139,5.6640,-0.0785,6.5279,3.6869,2.3602,6.5279,2.9556

1296.6890,0.2302,-0.1405,3.9965,5.4170,-0.3255,6.8984,3.8721,2.1750,6.8984,2.8497

1297.6890,-0.0168,1.0942,4.3669,5.2318,0.1067,6.9601,3.7487,2.4219,6.9601,3.0702

1298.6900,-0.2637,0.1682,4.3669,5.4170,-0.2020,7.1453,4.3661,2.3088,7.1453,2.9997

1299.6890,-0.0168,0.9090,4.4286,5.6022,-0.1402,6.7749,4.0574,2.4734,6.7749,3.0879

1300.6890,-0.2019,0.4151,3.6260,5.6640,0.1685,6.8984,4.2426,2.3190,6.8984,2.9732

1301.6890,-0.1402,0.2917,3.9347,5.3553,-0.4489,7.0218,3.9956,2.1647,7.0218,2.8586

1302.6890,-0.2637,0.2299,4.0582,5.2318,0.1685,6.5279,4.0574,2.2470,6.5279,2.8586

1303.6890,0.1684,0.0447,4.3052,5.6022,0.5389,6.2810,4.1191,2.4631,6.2810,3.0085

1304.6890,0.1684,0.6003,3.9965,5.2936,0.0450,6.2193,4.1808,2.3808,6.2193,2.9291

1305.6890,0.3536,0.2917,3.9965,5.4788,-0.4489,7.2688,3.9339,2.2676,7.2688,2.9820

1306.6890,-0.0168,0.1682,3.8730,5.4788,-0.3255,6.6514,3.9956,2.1956,6.6514,2.8321

1307.6890,-0.0168,0.2917,3.7495,5.3553,-0.2637,6.7749,4.3043,2.2367,6.7749,2.8850

1308.6900,0.1067,-0.1405,3.7495,4.9231,-0.0167,6.8366,3.7487,2.0618,6.8366,2.7439

1309.6890,-0.0168,0.2299,3.9965,5.2936,-0.2637,6.8366,4.1808,2.2367,6.8366,2.8938

1310.6890,0.0450,0.2299,4.5521,5.7257,0.4155,7.0218,5.3539,2.7203,7.0218,3.3348

1311.6890,-0.2019,0.1065,4.1199,5.2318,0.1685,5.7254,4.5513,2.3293,5.7254,2.8145

1312.6890,0.0450,0.2917,4.1199,5.1084,0.6007,6.7749,3.7487,2.3190,6.7749,2.9556

1313.6890,-0.2019,1.1560,3.5025,5.8492,0.1685,7.0836,4.1191,2.4322,7.0836,3.0967

1314.6890,-0.0168,-0.3874,4.1817,5.4170,0.2920,6.5897,4.3043,2.2985,6.5897,2.9115

1315.6890,-0.0168,0.2917,3.5025,5.4170,0.2302,6.7132,4.2426,2.2779,6.7132,2.9115

1316.6890,0.1684,0.1682,4.0582,5.1084,0.0450,7.0836,3.8104,2.2264,7.0836,2.9203

1317.6900,-0.2019,0.6003,3.9965,5.2318,-0.0785,6.7132,3.9956,2.2573,6.7132,2.8939

1318.6890,-0.0785,-0.0170,3.9347,5.0466,0.3537,6.7749,4.5513,2.2985,6.7749,2.9380

1319.6890,0.1067,-0.2640,3.7495,5.2936,0.2302,6.8984,3.9339,2.1750,6.8984,2.8498

1320.6900,0.2302,0.2917,4.1817,6.1578,-0.0785,6.7132,3.9956,2.4631,6.7132,3.0702

1321.6890,0.6622,-0.0170,4.3669,5.1084,0.5389,6.7749,4.0574,2.4528,6.7749,3.0702

1322.6890,0.0450,0.4151,3.9347,5.9109,-0.0785,7.0836,5.0452,2.5454,7.0836,3.1937

1323.6890,-0.0785,-0.0788,3.6260,5.4170,0.1685,6.5897,3.6252,2.1132,6.5897,2.7527

1324.6890,0.1684,0.1682,3.8730,5.2936,0.1685,6.9601,4.0574,2.2882,6.9601,2.9556

1325.6890,0.5388,0.4151,3.8730,5.7874,-0.0167,6.6514,4.1191,2.4528,6.6514,3.0526

1326.6890,0.3536,0.5386,3.8730,5.5405,-0.0785,6.7132,3.5634,2.2984,6.7132,2.9291

1327.6890,-0.3254,0.4769,4.3052,5.4170,0.1685,6.8366,4.4895,2.4219,6.8366,3.0526

1328.6900,0.5388,0.3534,4.1199,5.4170,-0.1402,7.0218,3.8104,2.3499,7.0218,3.0173

1329.6890,-0.1402,-1.4987,4.1199,5.4170,0.2302,6.8366,3.7487,1.9795,6.8366,2.6734

1330.6890,0.2919,0.0447,4.0582,5.6640,-1.0664,6.8366,3.9956,2.1647,6.8366,2.8321

1331.6890,0.3536,0.2299,3.9347,5.1701,0.4155,6.7749,3.8104,2.3190,6.7749,2.9556

1332.6890,-0.4489,0.4769,3.8730,5.6640,0.1067,6.7749,3.9956,2.2779,6.7749,2.9203

1333.6890,-0.0168,0.2299,3.8730,5.1084,-0.1402,6.8984,4.1191,2.1956,6.8984,2.8674

1334.6900,0.4771,-0.0170,3.9965,5.2936,-0.0167,6.8366,3.9956,2.2882,6.8366,2.9379

1335.6900,0.1067,0.2917,4.1199,5.3553,0.0450,6.7132,4.2426,2.3602,6.7132,2.9820

1336.6890,0.2302,1.0325,4.1817,5.3553,0.0450,6.7749,3.6869,2.4219,6.7749,3.0438

1337.6890,0.4153,-0.1405,4.0582,5.3553,-0.0785,6.9601,3.9339,2.2573,6.9601,2.9291

1338.6890,0.1067,0.1065,3.8730,4.9231,-0.1402,7.0836,3.6252,2.0824,7.0836,2.7968

1339.6890,-0.1402,0.1065,3.9347,5.5405,-0.4489,6.9601,3.8721,2.1441,6.9601,2.8321

1340.6890,0.0450,0.2917,3.7495,5.0466,0.2920,6.6514,3.7487,2.1956,6.6514,2.8321

1341.6890,-0.0785,0.9090,3.9965,5.2318,-0.1402,6.4045,4.1191,2.3396,6.4045,2.9203

1342.6890,-0.3254,0.1065,3.9347,5.3553,-0.0167,7.1453,3.5017,2.0927,7.1453,2.8145

1343.6890,-0.0168,0.2917,4.6139,5.9109,-0.1402,6.7749,3.8721,2.4219,6.7749,3.0438

1344.6890,-0.0168,0.1065,4.6139,5.3553,-0.2020,6.8984,4.9835,2.4734,6.8984,3.1055

1345.6890,0.5388,0.2299,3.9965,5.5405,-0.1402,6.8984,3.6869,2.3087,6.8984,2.9644

1346.6890,0.2919,-0.5726,4.3052,6.0961,0.2302,6.5279,3.9339,2.3808,6.5279,2.9732

1347.6890,0.2302,0.1065,4.0582,6.4048,0.1685,6.7132,3.9339,2.4837,6.7132,3.0879

1348.6890,0.1067,0.1065,4.5521,5.6022,0.6007,7.1453,4.1191,2.5145,7.1453,3.1761

1349.6890,0.1684,0.1682,4.5521,5.6640,-0.0785,7.2688,3.9339,2.4014,7.2688,3.0967

1350.6890,-0.2019,0.1065,3.8730,5.1084,-0.1402,6.6514,3.6869,2.0721,6.6514,2.7263

1351.6890,-0.4489,0.0447,3.9347,5.1701,0.1067,7.3305,3.0078,1.9692,7.3305,2.7351

1352.6890,0.1684,0.1065,4.2434,5.5405,0.7242,6.7749,3.9339,2.4528,6.7749,3.0702

1353.6890,0.0450,0.5386,3.9347,4.9849,0.3537,6.4045,3.6869,2.2573,6.4045,2.8498

1354.6900,-0.3254,0.1682,3.9347,5.0466,-0.0785,6.7749,4.0574,2.1338,6.7749,2.7968

1355.6900,0.1067,0.1682,4.7373,5.6640,-0.0167,6.7132,4.0574,2.4528,6.7132,3.0614

1356.6890,0.1684,0.1682,4.4904,5.9109,0.1067,6.4662,3.6869,2.4219,6.4662,2.9997

1357.6890,-0.2019,0.2299,3.3791,5.7874,0.1067,7.0836,4.5513,2.3088,7.0836,2.9909

1358.6900,-0.1402,0.6621,3.9965,5.4170,-0.2020,6.8366,3.8721,2.2676,6.8366,2.9203

1359.6890,-0.2637,0.2917,3.9965,5.6022,0.3537,6.7132,3.5634,2.2573,6.7132,2.8939

1360.6890,-0.2019,0.6003,5.6017,5.9109,-0.1402,6.7749,4.2426,2.6689,6.7749,3.2555

1361.6890,0.0450,-0.1405,3.7495,5.2936,0.1685,6.2193,3.6869,2.1338,6.2193,2.7175

1362.6890,0.0450,0.2917,3.5643,5.5405,0.2302,6.7749,3.9956,2.2779,6.7749,2.9203

1363.6890,0.1684,-0.0170,4.1199,5.3553,-0.2637,6.9601,3.6869,2.1750,6.9601,2.8586

1364.6890,0.2302,0.4151,3.8730,5.6022,0.6007,6.8366,3.5017,2.3705,6.8366,3.0085

1365.6890,-0.0168,0.1682,4.4286,6.5900,0.2302,6.8366,3.7487,2.5248,6.8366,3.1408

1366.6890,0.4771,0.1065,4.4904,5.4788,0.0450,6.7132,3.6252,2.3705,6.7132,2.9909

1367.6890,0.6622,0.2917,3.9965,5.3553,0.0450,7.0218,3.4400,2.2984,7.0218,2.9732

1368.6890,-0.2019,0.1065,3.8730,4.7997,-0.0785,7.2688,3.6252,2.0206,7.2688,2.7704

1369.6890,0.4153,0.2917,4.0582,5.8492,-0.2637,6.5897,4.1191,2.4116,6.5897,3.0085

1370.6890,-0.2019,0.1065,4.1199,5.8492,-0.3872,6.6514,4.2426,2.2882,6.6514,2.9115

1371.6900,0.1684,0.1682,4.9226,5.4788,-0.1402,6.8984,4.1191,2.4528,6.8984,3.0879

1372.6890,-0.2637,0.1065,4.1199,5.4788,0.1685,6.6514,4.3043,2.3191,6.6514,2.9380

1373.6900,0.1067,-0.0170,4.1199,5.9109,-1.3133,7.1453,4.2426,2.1750,7.1453,2.8850

1374.6890,-0.0785,0.2299,4.4286,6.3430,0.1685,7.0218,3.9339,2.5043,7.0218,3.1496

1375.6890,-0.2019,0.0447,3.8112,5.3553,0.3537,6.7749,4.0574,2.2367,6.7749,2.8850

1376.6890,-0.1402,0.3534,4.4286,5.5405,-0.0167,7.3305,4.1191,2.3808,7.3305,3.0879

1377.6890,0.0450,0.0447,4.0582,5.2318,0.2302,7.0218,4.2426,2.3088,7.0218,2.9821

1378.6890,-0.2637,-0.0788,4.2434,5.5405,0.1685,6.7749,4.5513,2.3602,6.7749,2.9909

1379.6890,0.2302,0.1682,3.9347,5.1701,0.7242,6.9601,3.9956,2.3705,6.9601,3.0261

1380.6890,0.1684,0.3534,3.9965,5.5405,-0.1402,6.9601,4.3043,2.3705,6.9601,3.0261

1381.6890,-0.1402,0.6621,3.8730,5.4788,0.1685,6.8366,4.1191,2.3602,6.8366,2.9997

1382.6890,-1.2513,0.4151,3.5025,5.4170,0.2920,6.7132,4.3043,2.1133,6.7132,2.7704

1383.6890,0.4771,0.0447,4.3052,5.7874,-0.0167,6.5897,3.8104,2.4013,6.5897,2.9997

1384.6890,0.2919,1.4647,4.1199,5.9109,-0.3872,6.8366,4.1191,2.5865,6.8366,3.1937

1385.6890,0.0450,0.3534,3.4408,5.6022,-0.1402,6.8984,4.4278,2.2882,6.8984,2.9468

1386.6890,-0.0785,-0.0788,4.4286,5.7874,0.6624,7.0836,3.7487,2.4117,7.0836,3.0791

1387.6890,0.1684,-0.0788,4.1817,5.4788,0.3537,7.3305,3.8104,2.3190,7.3305,3.0350

1388.6890,-0.0168,0.2917,3.5643,5.6640,0.3537,7.0218,3.8721,2.2882,7.0218,2.9644

1389.6890,0.0450,0.1682,3.7495,5.4170,0.2920,6.6514,3.9956,2.2779,6.6514,2.9027

1390.6890,-0.0785,0.7856,4.0582,5.5405,-0.2020,6.7749,4.1808,2.3808,6.7749,3.0085

1391.6890,-0.1402,0.0447,3.9965,5.3553,-0.0785,6.8366,3.9339,2.1853,6.8366,2.8498

1392.6890,0.0450,-0.0788,4.4286,5.6022,-0.0167,6.9601,4.4278,2.4014,6.9601,3.0526

1393.6900,-0.0785,1.1560,3.9347,5.2936,0.1067,6.9601,4.1808,2.4322,6.9601,3.0791

1394.6890,0.2919,0.0447,4.5521,5.6640,-0.0167,6.6514,3.9956,2.4219,6.6514,3.0261

1395.6890,0.5388,0.4769,3.7495,5.3553,-0.0167,7.0218,4.0574,2.3602,7.0218,3.0261

1396.6890,-0.0168,0.1065,3.9347,5.1084,0.3537,6.8366,3.8721,2.2264,6.8366,2.8850

1397.6900,-0.1402,-0.0170,3.7495,5.0466,-0.0167,7.0218,4.2426,2.1441,7.0218,2.8409

1398.6890,0.1067,-0.0788,4.0582,5.7874,-0.0167,6.9601,4.3661,2.3705,6.9601,3.0261

1399.6890,-0.1402,0.1682,3.9347,5.4788,-0.0785,6.7749,4.1191,2.2470,6.7749,2.8939

1400.6890,0.3536,0.3534,4.0582,5.4788,-0.2637,7.0218,4.4278,2.4013,7.0218,3.0614

1401.6890,0.2302,-0.0170,3.9347,5.4170,0.4772,6.9601,3.7487,2.2985,6.9601,2.9644

1402.6890,-0.0168,0.1065,3.9347,5.2936,0.2302,6.5279,4.1808,2.2882,6.5279,2.8939

1403.6890,-0.5723,0.3534,4.3052,5.6022,0.2920,6.9601,3.8104,2.2985,6.9601,2.9644

1404.6890,-0.0168,0.0447,4.2434,5.5405,0.2920,7.2070,4.0574,2.3602,7.2070,3.0526

1405.6890,0.2919,0.2917,3.9965,5.6022,0.1067,6.5897,4.2426,2.4219,6.5897,3.0173

1406.6900,0.1067,-0.1405,4.3052,5.5405,0.3537,6.3427,4.3043,2.4117,6.3427,2.9732

1407.6890,0.3536,0.1682,4.1817,5.6640,0.3537,6.8366,3.9339,2.4425,6.8366,3.0702

1408.6890,-0.0168,0.0447,3.6878,5.6022,0.3537,7.0218,3.7487,2.2367,7.0218,2.9203

1409.6890,-0.0168,-0.1405,4.0582,5.9109,0.1067,7.0836,3.9339,2.3087,7.0836,2.9909

1410.6890,0.0450,0.2917,4.7991,5.3553,0.1685,7.1453,4.1808,2.4734,7.1453,3.1408

1411.6890,0.1067,0.4151,4.0582,5.8492,0.1685,6.8366,3.9339,2.4219,6.8366,3.0526

1412.6890,0.1067,0.1065,3.7495,5.6640,0.3537,6.1575,3.8721,2.3087,6.1575,2.8586

1413.6890,0.0450,-0.4492,3.9347,5.3553,-0.1402,7.1453,3.8104,2.0927,7.1453,2.8145

1414.6890,-0.1402,0.0447,4.1817,5.1701,-0.0785,7.0836,4.1808,2.2264,7.0836,2.9203

1415.6890,-0.3254,0.1682,4.6756,5.3553,0.2302,6.8984,3.9956,2.3499,6.8984,2.9997

1416.6890,-0.0785,-0.0788,3.5025,5.6640,0.2920,7.5157,4.1191,2.2367,7.5157,2.9909

1417.6890,0.1684,0.0447,3.9965,5.1701,0.5389,6.8984,3.6869,2.2676,6.8984,2.9291

1418.6890,-0.1402,0.3534,3.8112,5.1701,0.0450,7.2688,3.7487,2.1647,7.2688,2.8938

1419.6890,0.3536,0.2917,3.9347,5.6640,-0.0785,6.6514,3.9339,2.3499,6.6514,2.9644

1420.6890,0.2302,0.0447,4.1199,5.4788,0.1685,6.7132,3.8721,2.3190,6.7132,2.9468

1421.6890,-0.1402,0.3534,3.8730,5.2936,0.1685,8.4418,4.1808,2.2882,8.4418,3.1673

1422.6890,0.0450,0.2299,4.3052,5.7874,-0.1402,7.0836,3.7487,2.3293,7.0836,3.0085

1423.6890,-0.2637,0.3534,3.6878,5.4170,0.0450,7.0836,3.9956,2.2059,7.0836,2.9027

1424.6890,0.3536,-0.0788,3.6260,5.4788,0.0450,7.1453,3.8721,2.2161,7.1453,2.9203

1425.6890,0.1684,0.1682,4.2434,5.7257,0.4772,7.2070,3.6869,2.4116,7.2070,3.0967

1426.6900,0.4153,0.3534,3.7495,5.6640,0.1685,6.7749,3.7487,2.3499,6.7749,2.9820

1427.6890,0.9092,0.1682,4.1817,5.2936,0.0450,6.5279,4.1808,2.4631,6.5279,3.0438

1428.6890,0.2919,0.4151,4.0582,5.6640,-0.3872,6.7132,3.8104,2.3087,6.7132,2.9379

1429.6900,0.4771,0.4151,3.9965,5.4788,-0.0167,6.7749,4.0574,2.4013,6.7749,3.0261

1430.6890,-0.0168,-0.0788,4.1817,5.5405,0.2302,7.0218,4.1191,2.3293,7.0218,2.9997

1431.6890,0.0450,-0.0170,4.1817,5.7874,0.1067,7.0218,4.0574,2.3602,7.0218,3.0261

1432.6900,0.2919,-0.0788,3.8730,5.7257,-0.3255,6.7749,3.9339,2.2367,6.7749,2.8850

1433.6900,0.2302,0.0447,3.8730,5.1084,0.0450,6.7749,3.5634,2.1441,6.7749,2.8056

1434.6890,-0.0168,0.2917,4.0582,5.6640,0.3537,7.3922,4.3661,2.4528,7.3922,3.1584

1435.6890,-0.0168,0.3534,3.9965,5.4788,-0.3255,6.6514,4.3043,2.2985,6.6514,2.9203

1436.6890,0.1067,-0.0788,4.1817,5.0466,0.1067,6.9601,3.6869,2.1750,6.9601,2.8586

1437.6900,-0.0785,0.2299,4.1199,5.4788,0.1685,6.5897,3.6252,2.2573,6.5897,2.8762

1438.6890,-0.2637,0.2299,3.9347,5.4788,-0.0167,6.9601,4.0574,2.2367,6.9601,2.9115

1439.6890,0.1067,0.1682,4.3052,5.2936,0.1067,6.8984,3.9956,2.3293,6.8984,2.9820

1440.6890,-0.2019,-0.0170,4.1817,4.7997,0.1067,6.8984,3.9956,2.1441,6.8984,2.8233

1441.6890,-0.1402,0.1065,3.9347,5.6022,0.2302,6.5897,4.0574,2.2985,6.5897,2.9115

1442.6890,0.2919,-0.1405,3.8730,4.9849,0.2920,6.6514,3.8721,2.1956,6.6514,2.8321

1443.6890,0.0450,0.2917,4.1199,5.2318,0.1685,7.5775,3.9339,2.2985,7.5775,3.0526

1444.6890,0.0450,-0.0788,4.0582,5.8492,1.0946,6.6514,3.6252,2.4322,6.6514,3.0350

1445.6890,0.1684,0.0447,4.3052,5.8492,1.1564,6.8366,3.9339,2.5763,6.8366,3.1849

1446.6890,0.2302,0.0447,3.8112,5.5405,-0.0785,6.2810,3.5634,2.1853,6.2810,2.7704

1447.6890,-0.0785,0.1065,3.8730,5.2936,0.1685,6.5897,4.3043,2.2779,6.5897,2.8939

1448.6890,0.7240,0.2917,4.1199,5.7257,-0.2637,6.7132,2.6991,2.2161,6.7132,2.8585

1449.6890,0.6005,0.5386,3.9965,5.2318,-0.0785,6.7749,2.5138,2.1338,6.7749,2.7968

1450.6890,0.2919,0.0447,5.2930,4.6762,0.2302,6.2193,3.5634,2.3499,6.2193,2.9027

1451.6890,-0.0168,0.4769,4.3669,5.6640,-0.2637,6.5897,4.3043,2.4219,6.5897,3.0173

1452.6890,1.2178,0.2299,3.9347,5.3553,0.1067,6.4045,3.9339,2.4631,6.4045,3.0261

1453.6890,-0.3871,0.4151,4.1817,4.9231,0.2302,6.6514,3.9339,2.2162,6.6514,2.8498

1454.6900,0.2302,0.1065,3.9347,5.6640,0.0450,6.4662,3.8104,2.2984,6.4662,2.8938

1455.6890,0.2919,0.1065,4.3669,5.2936,0.2302,6.2193,4.0574,2.3911,6.2193,2.9380

1456.6890,-0.0785,0.4151,4.0582,5.7257,0.0450,7.0218,3.9956,2.3602,7.0218,3.0261

1457.6890,-0.0168,0.7238,4.0582,5.8492,-0.0167,6.4662,3.8721,2.4116,6.4662,2.9909

1458.6900,0.2302,0.2299,3.8112,5.6022,0.1685,6.4045,3.5634,2.2676,6.4045,2.8586

1459.6890,0.1067,0.1682,4.0582,5.0466,0.1067,6.9601,3.8721,2.2264,6.9601,2.9027

1460.6890,-0.0168,-0.2022,4.2434,5.3553,0.0450,6.8366,4.5513,2.3293,6.8366,2.9732

1461.6890,0.1684,0.3534,3.9347,5.3553,0.6007,6.7132,3.6252,2.3396,6.7132,2.9644

1462.6890,0.0450,-0.0788,3.8730,4.8614,0.3537,6.5897,3.7487,2.1338,6.5897,2.7704

1463.6890,-0.0168,0.1065,3.8730,4.6145,0.9094,6.5279,3.9339,2.2367,6.5279,2.8498

1464.6890,-0.1402,0.3534,4.1817,5.5405,-0.3255,6.7749,4.0574,2.2779,6.7749,2.9203

1465.6890,-0.1402,-0.0170,4.1199,6.3430,0.1685,7.0218,3.7487,2.3705,7.0218,3.0350

1466.6890,-0.2637,0.2917,4.5521,5.2318,0.2302,6.6514,3.9956,2.3396,6.6514,2.9556

1467.6890,0.2919,0.2917,3.9347,5.4788,-0.2637,6.8366,5.0452,2.4631,6.8366,3.0879

1468.6900,-0.0785,0.1682,4.2434,6.1578,0.1685,6.7132,4.0574,2.4528,6.7132,3.0614

1469.6890,-0.2019,0.0447,4.0582,5.9109,0.1067,7.7627,4.2426,2.3602,7.7627,3.1320

1470.6890,-0.2019,0.0447,3.9347,5.6640,-0.7577,7.0218,4.1191,2.1338,7.0218,2.8321

1471.6890,0.1067,-0.2640,4.4904,5.7874,0.5389,7.7627,3.8721,2.4219,7.7627,3.1849

1472.6890,0.1684,-0.5726,4.1817,5.5405,-0.3872,7.9479,3.3165,2.0412,7.9479,2.8850

1473.6890,-0.4489,0.3534,4.4904,5.3553,-0.2637,7.2688,3.8721,2.2264,7.2688,2.9468

1474.6900,0.2919,0.0447,4.2434,5.1084,0.4772,6.8366,3.9339,2.3499,6.8366,2.9909

1475.6890,-0.2019,0.4151,2.7617,5.6022,0.2302,6.4045,4.0574,2.1441,6.4045,2.7527

1476.6890,0.3536,-0.0170,3.6878,5.5405,0.2302,6.4662,4.1808,2.3293,6.4662,2.9203

1477.6890,0.6005,0.2299,3.6878,5.4170,0.0450,6.7749,3.1313,2.1852,6.7749,2.8409

1478.6890,-0.2019,0.0447,3.6260,5.2318,0.1067,5.8489,3.8721,2.1133,5.8489,2.6469

1479.6890,-0.0168,0.0447,4.2434,5.7257,-0.0785,6.6514,3.6252,2.2573,6.6514,2.8850

1480.6900,0.0450,0.1682,3.9965,5.1084,-0.8811,6.5279,3.8721,2.0515,6.5279,2.6910

1481.6890,-0.0168,-0.0170,4.4286,5.4170,0.6624,7.0218,3.3782,2.3088,7.0218,2.9821

1482.6890,-0.3254,-0.0170,3.9965,5.8492,-0.4489,6.5279,4.1808,2.2059,6.5279,2.8233

1483.6890,-0.3254,0.4769,3.9347,6.0961,0.2302,6.5897,3.6252,2.3396,6.5897,2.9468

1484.6890,-0.4489,-0.0788,4.2434,5.2936,-0.0785,6.6514,4.7365,2.2779,6.6514,2.9027

1485.6890,0.1067,0.9090,4.1817,5.4788,-0.3255,6.6514,3.6869,2.3396,6.6514,2.9556

1486.6890,0.1684,-0.0170,3.9965,5.2318,0.1685,6.6514,4.1191,2.2779,6.6514,2.9027

1487.6900,-0.2019,1.0325,3.9347,5.4170,-0.1402,6.5897,4.0574,2.3499,6.5897,2.9556

1488.6890,-0.1402,0.1682,3.6878,5.1084,0.2302,6.7749,3.6869,2.1235,6.7749,2.7880

1489.6890,0.0450,0.2299,4.1817,5.1084,0.0450,6.7749,5.1070,2.4528,6.7749,3.0703

1490.6890,0.1067,-0.0170,3.9347,5.5405,0.1685,6.5279,4.1191,2.3087,6.5279,2.9115

1491.6890,-0.0785,0.1682,3.9347,5.6022,0.1067,6.4662,3.3165,2.1750,6.4662,2.7880

1492.6890,-0.1402,0.2917,3.9347,5.1084,-0.2020,6.6514,3.9956,2.1647,6.6514,2.8057

1493.6890,0.2919,0.2299,3.6878,5.2318,0.1067,6.5897,3.8721,2.2367,6.5897,2.8586

1494.6890,-0.1402,0.0447,3.9965,5.0466,-0.2020,6.8984,3.8104,2.0927,6.8984,2.7792

1495.6890,0.0450,0.4769,3.9347,5.7257,0.1685,6.5279,3.8721,2.3705,6.5279,2.9644

1496.6900,0.2302,0.4151,4.0582,5.7874,-0.3255,6.7132,4.1191,2.3808,6.7132,2.9997

1497.6890,0.1684,0.0447,3.9347,5.2318,-0.2637,7.0218,3.8104,2.1544,7.0218,2.8497

1498.6890,-0.0168,0.5386,3.9965,5.9109,-0.0785,6.4045,3.8721,2.3705,6.4045,2.9468

1499.6890,0.4153,0.3534,4.0582,5.2318,-0.0785,6.6514,3.8721,2.3087,6.6514,2.9291

1500.6890,-0.0785,-0.1405,4.3669,5.1084,-0.0167,6.5279,3.9956,2.2059,6.5279,2.8233

1501.6890,0.1067,0.0447,4.1199,6.1578,0.0450,6.8984,3.9339,2.4013,6.8984,3.0438

1502.6890,0.7857,0.6621,4.1199,5.6640,-0.0785,6.6514,3.9956,2.5248,6.6514,3.1143

1503.6890,0.1067,0.1682,4.1199,5.8492,-0.1402,6.5279,4.1191,2.3705,6.5279,2.9644

1504.6890,-0.2019,0.2299,4.0582,5.6640,0.2920,5.9106,4.1191,2.3602,5.9106,2.8674

1505.6890,-0.0168,0.6621,3.9965,5.4170,0.2302,6.5279,3.9956,2.3808,6.5279,2.9732

1506.6890,-0.2637,0.2299,3.6260,5.4788,-0.2637,6.8366,3.8721,2.1132,6.8366,2.7880

1507.6890,0.1067,0.1065,4.6139,5.5405,-0.0167,6.7749,3.9339,2.3808,6.7749,3.0085

1508.6890,-0.5106,-0.3257,3.6260,5.3553,0.0450,6.2810,4.1191,2.0515,6.2810,2.6557

1509.6890,-0.0785,0.0447,4.1817,5.5405,-0.1402,6.9601,3.9956,2.2573,6.9601,2.9291

1510.6890,-0.1402,-0.0170,3.8112,5.7257,0.1685,7.2070,4.4895,2.3396,7.2070,3.0350

1511.6890,0.0450,-0.0788,4.0582,5.6022,-0.0785,6.1575,3.9339,2.2470,6.1575,2.8057

1512.6890,-0.0785,0.2299,3.8730,5.2318,0.3537,6.7132,3.9339,2.2573,6.7132,2.8939

1513.6890,0.0450,-0.1405,4.0582,5.1701,0.0450,5.9723,4.1191,2.2161,5.9723,2.7527

1514.6890,0.2302,0.1682,4.1817,5.6640,-1.4368,6.8366,3.8104,2.1029,6.8366,2.7792

1515.6890,0.7240,-0.2022,4.1199,5.1084,0.3537,6.5279,4.4895,2.4322,6.5279,3.0173

1516.6890,0.5388,-0.2640,3.8112,5.2318,0.0450,5.8489,3.9339,2.2161,5.8489,2.7351

1517.6890,0.0450,0.4151,4.0582,6.0344,0.1067,6.5897,4.3043,2.4940,6.5897,3.0791

1518.6900,0.4771,-0.0170,3.9347,5.2318,0.1685,6.4662,3.3165,2.1853,6.4662,2.7968

1519.6890,0.2302,0.1682,3.8730,5.3553,-0.1402,6.5897,3.9339,2.2367,6.5897,2.8586

1520.6890,-0.4489,0.9708,5.3548,5.8492,0.1685,7.5775,4.2426,2.6895,7.5775,3.3878

1521.6900,0.2919,-0.2022,4.2434,5.9109,-0.0167,6.8984,4.6748,2.4837,6.8984,3.1143

1522.6890,0.1684,1.3412,4.1199,5.4170,-0.1402,6.7132,3.9339,2.4734,6.7132,3.0791

1523.6890,0.0450,0.1682,4.4286,5.5405,0.3537,6.7132,4.4895,2.5043,6.7132,3.1055

1524.6890,0.1684,-0.0788,3.3173,4.7997,-0.1402,6.9601,3.2547,1.8869,6.9601,2.6116

1525.6890,-0.2019,0.2299,3.8730,5.1084,-0.3872,6.5279,4.3043,2.1544,6.5279,2.7792

1526.6900,-0.5723,0.7856,3.9965,5.4788,-0.4489,6.5897,3.7487,2.1647,6.5897,2.7968

1527.6890,-0.1402,0.9708,4.1199,5.5405,-0.0167,6.5897,4.2426,2.4528,6.5897,3.0438

1528.6890,0.8474,-0.5726,4.2434,5.3553,-0.3255,6.5897,4.1808,2.2881,6.5897,2.9027

1529.6890,-0.0785,0.3534,4.1817,5.2318,0.2302,6.8984,3.9339,2.3088,6.8984,2.9644

1530.6890,-0.4489,-0.2022,5.3548,5.2318,-0.2637,6.5279,3.8721,2.2573,6.5279,2.8674

1531.6890,0.1067,0.5386,4.3669,5.6640,-0.0785,6.5897,3.9956,2.4322,6.5897,3.0261

1532.6890,0.2919,-0.1405,3.6260,5.2936,-0.3255,6.5279,3.6869,2.0721,6.5279,2.7086

1533.6890,0.1684,0.1682,4.3052,5.2936,0.7242,6.8984,3.8721,2.4219,6.8984,3.0614

1534.6890,0.0450,0.4151,4.3052,5.7257,-0.1402,7.1453,3.8104,2.3602,7.1453,3.0438

1535.6890,0.0450,0.2917,4.6756,6.0344,-0.1402,7.4540,4.6748,2.5969,7.4540,3.2907

1536.6890,0.3536,-0.2022,4.2434,5.1701,-0.4489,6.3427,4.1808,2.2161,6.3427,2.8056

1537.6890,-0.2019,0.5386,3.6878,5.2318,0.1685,6.4662,3.8721,2.2161,6.4662,2.8233

1538.6890,0.1067,0.3534,4.9226,5.8492,-0.0785,6.2810,4.4895,2.6071,6.2810,3.1320

1539.6890,0.0450,-0.4492,4.1817,5.5405,-0.0167,6.6514,3.6869,2.1647,6.6514,2.8057

1540.6890,-0.1402,0.4151,3.9965,5.3553,-0.2020,6.3427,3.8104,2.2059,6.3427,2.7968

1541.6890,-0.1402,0.4151,4.2434,5.2936,-0.0785,6.4662,4.1808,2.3190,6.4662,2.9115

1542.6890,-0.0168,-0.2022,3.6878,5.4170,-0.0785,5.2315,4.3661,2.1956,5.2315,2.6293

1543.6890,0.1067,-0.2640,3.9965,5.3553,0.0450,6.6514,3.8104,2.1750,6.6514,2.8145

1544.6890,0.2302,0.5386,3.8730,5.1084,-0.1402,6.5897,3.1313,2.1235,6.5897,2.7615

1545.6890,-0.2019,0.0447,3.8112,5.3553,-0.5724,6.7132,3.9339,2.0618,6.7132,2.7263

1546.6890,0.0450,-0.5726,3.9347,5.6022,-0.1402,6.8366,3.9956,2.1441,6.8366,2.8145

1547.6890,0.0450,-0.0170,3.8730,4.8614,0.3537,6.7132,3.8721,2.1647,6.7132,2.8145

1548.6890,-0.0168,0.4151,3.9347,5.9726,0.0450,6.6514,4.0574,2.4013,6.6514,3.0085

1549.6890,-0.2019,0.1065,4.0582,5.3553,-0.0785,6.7132,4.5513,2.2985,6.7132,2.9291

1550.6900,-0.0785,-0.0788,4.0582,6.0344,0.1067,6.5279,4.1808,2.3705,6.5279,2.9644

1551.6890,-0.1402,0.2299,4.3052,5.1084,0.0450,6.6514,4.3661,2.3190,6.6514,2.9380

1552.6890,0.1067,-0.0788,4.4286,5.2318,-0.0785,6.5897,3.9956,2.2676,6.5897,2.8850

1553.6890,-0.0785,0.4151,3.9965,5.7874,0.3537,6.5279,4.0574,2.4219,6.5279,3.0085

1554.6900,0.0450,0.3534,3.6878,6.0344,0.0450,6.4045,3.9339,2.3499,6.4045,2.9291

1555.6890,-0.0785,0.1065,3.9965,5.7874,-0.2637,6.5897,4.1191,2.2779,6.5897,2.8938

1556.6890,-0.0785,0.1065,4.2434,5.4788,-0.3872,6.8984,5.1687,2.4219,6.8984,3.0614

1557.6890,-0.1402,0.6003,3.9965,5.8492,0.2302,6.5897,3.8104,2.3911,6.5897,2.9909

1558.6890,0.1067,-0.3874,3.9965,5.3553,-0.0785,6.8366,4.2426,2.2059,6.8366,2.8674

1559.6890,0.0450,0.6003,3.5025,5.2936,0.1067,6.6514,4.1808,2.2882,6.6514,2.9115

1560.6890,0.2302,-0.0788,4.7991,5.4170,0.0450,6.5897,3.9339,2.3911,6.5897,2.9909

1561.6890,-0.0168,-0.0788,4.0582,5.9726,0.2920,6.5279,3.9956,2.3705,6.5279,2.9644

1562.6890,0.1067,0.2299,4.1199,5.8492,-0.5107,6.8366,3.9956,2.2984,6.8366,2.9468

1563.6890,0.0450,0.4769,4.3052,5.1701,0.6624,6.5897,4.1191,2.4631,6.5897,3.0526

1564.6900,0.1067,-0.1405,3.8112,5.5405,0.0450,6.2193,3.7487,2.1853,6.2193,2.7616

1565.6890,-0.0168,0.1065,3.9347,5.1701,0.3537,7.0218,4.0574,2.2676,7.0218,2.9468

1566.6890,-0.1402,0.2299,4.1199,5.0466,0.1685,7.5157,3.9339,2.2264,7.5157,2.9821

1567.6890,0.2302,0.2917,4.2434,4.9231,0.1067,6.8984,4.4278,2.3705,6.8984,3.0173

1568.6890,0.0450,0.6621,4.2434,6.0961,0.3537,6.5279,3.8721,2.5454,6.5279,3.1143

1569.6890,0.0450,0.2917,4.5521,5.8492,-0.0785,6.8366,4.1191,2.4631,6.8366,3.0879

1570.6900,0.1684,0.2299,3.9347,5.4788,-0.0167,7.0218,4.1191,2.3190,7.0218,2.9909

1571.6890,0.2302,0.2299,4.0582,5.1084,0.1067,7.2688,4.4278,2.3602,7.2688,3.0614

1572.6890,0.2919,0.2299,4.5521,4.9849,0.0450,7.0218,4.1191,2.3705,7.0218,3.0350

1573.6890,0.1067,-0.3257,3.9965,5.1084,-0.0785,6.6514,3.8104,2.1030,6.6514,2.7527

1574.6890,0.4153,0.1065,3.8730,5.4788,-0.0785,6.4662,3.6252,2.2367,6.4662,2.8409

1575.6890,-0.1402,-0.4492,4.1199,5.6022,-0.2637,6.5897,4.2426,2.1853,6.5897,2.8145

1576.6890,0.0450,0.8473,4.1199,5.4170,-0.0167,6.5279,4.1191,2.4219,6.5279,3.0085

1577.6900,-0.0785,-0.2640,4.0582,5.1084,0.2302,6.6514,4.0574,2.1853,6.6514,2.8233

1578.6900,0.9709,-0.1405,4.1817,5.2936,0.0450,6.5897,3.6252,2.3293,6.5897,2.9379

1579.6890,-0.0168,-0.0170,3.8112,5.3553,0.1067,6.3427,3.6869,2.1544,6.3427,2.7527

1580.6900,0.1684,0.3534,4.0582,5.3553,-0.2020,6.5279,4.3661,2.3499,6.5279,2.9468

1581.6890,0.2302,-0.0170,4.1817,5.0466,0.1067,6.5279,3.8721,2.2367,6.5279,2.8498

1582.6890,0.1067,-0.1405,4.4904,5.6640,0.2302,6.4662,3.9956,2.3911,6.4662,2.9732

1583.6890,0.1067,-0.0170,4.1817,5.4170,0.6007,6.5279,3.9956,2.3808,6.5279,2.9732

1584.6890,-0.0168,0.4151,4.3052,5.4170,-0.2020,6.5279,3.8721,2.2985,6.5279,2.9027

1585.6890,-0.2637,-0.0788,3.7495,5.4170,-0.5107,6.7132,3.8721,2.0309,6.7132,2.6998

1586.6890,-0.0168,0.0447,4.4286,5.0466,-0.1402,6.7132,4.1191,2.2470,6.7132,2.8850

1587.6890,0.2302,0.1065,4.3052,5.9109,0.1067,6.4662,3.9956,2.4425,6.4662,3.0173

1588.6890,-0.0785,0.1065,3.9965,5.2936,0.2302,6.5897,3.8104,2.2264,6.5897,2.8498

1589.6890,-0.2019,-0.0788,4.0582,5.6640,0.4155,6.1575,4.4895,2.3911,6.1575,2.9291

1590.6890,0.2302,0.3534,3.7495,5.2318,-0.2637,6.7132,3.9956,2.2161,6.7132,2.8586

1591.6890,-0.0785,0.6621,4.1817,5.4788,-0.2637,6.4045,3.9956,2.3293,6.4045,2.9115

1592.6890,0.2302,-0.0170,3.9965,5.5405,-0.0785,6.7132,3.9339,2.2676,6.7132,2.9027

1593.6890,-0.0785,0.2917,4.0582,5.5405,0.4155,6.7749,3.6252,2.3088,6.7749,2.9468

1594.6890,-0.8192,-0.3874,4.3669,5.5405,-0.0785,6.5897,4.3661,2.1647,6.5897,2.7969

1595.6890,-0.0168,0.2299,3.8730,5.4788,0.1067,6.5279,4.2426,2.3190,6.5279,2.9203

1596.6890,0.0450,-0.0788,3.7495,4.9231,0.2920,6.6514,4.3043,2.2059,6.6514,2.8409

1597.6890,0.2302,0.0447,4.9843,4.7379,0.1067,6.4045,3.8721,2.3293,6.4045,2.9115

1598.6890,0.6005,-0.0170,3.9347,5.4170,-0.0167,6.2810,3.5634,2.2470,6.2810,2.8233

1599.6890,0.0450,0.2299,4.7991,5.6640,-0.0167,6.6514,3.9339,2.4425,6.6514,3.0438

1600.6890,-0.3254,0.3534,4.1199,5.3553,-0.0785,5.8489,4.3661,2.2985,5.8489,2.8057

1601.6890,-0.0785,-0.1405,3.8730,5.9109,-0.2637,6.4662,3.9339,2.2058,6.4662,2.8145

1602.6890,0.3536,0.0447,4.3669,5.2936,-0.2020,6.4045,3.6252,2.2470,6.4045,2.8409

1603.6890,-0.2019,-0.2022,4.2434,5.5405,0.0450,6.7749,4.4895,2.3190,6.7749,2.9556

1604.6890,-0.1402,0.2917,3.8112,5.5405,-0.0167,7.1453,4.3661,2.3088,7.1453,2.9997

1605.6890,0.2919,0.1065,4.1817,5.4788,-0.3872,6.6514,3.9956,2.2779,6.6514,2.9027

1606.6890,-0.0785,0.2299,4.3669,5.2936,-0.0785,6.3427,4.3043,2.3396,6.3427,2.9115

1607.6890,-0.0168,-0.0170,3.6878,5.4170,0.0450,6.0958,3.6869,2.1338,6.0958,2.6998

1608.6890,-0.2637,0.7238,4.4904,5.7257,0.1685,6.3427,3.8104,2.4425,6.3427,2.9997

1609.6890,0.2919,0.9708,4.3052,5.4788,-0.0167,6.5897,3.6869,2.4528,6.5897,3.0438

1610.6900,-0.2019,0.4151,3.9347,5.5405,0.2920,6.8366,3.6869,2.2779,6.8366,2.9291

1611.6890,0.0450,0.2917,4.0582,5.4170,-0.0785,6.3427,4.3661,2.3499,6.3427,2.9203

1612.6890,-0.1402,0.0447,3.8112,5.6022,-1.3133,7.5775,3.6869,1.9486,7.5775,2.7527

1613.6890,0.2302,-0.0170,4.5521,6.3430,-0.6342,6.6514,3.8104,2.3808,6.6514,2.9909

1614.6890,-0.2019,0.1682,3.1321,6.0961,-0.2020,6.5279,3.8721,2.1441,6.5279,2.7704

1615.6890,0.2919,-0.3257,4.1199,5.2318,0.1067,6.4662,3.9339,2.2264,6.4662,2.8321

1616.6900,0.1067,0.0447,4.1199,5.2318,0.2920,6.8366,4.1808,2.3293,6.8366,2.9732

1617.6890,0.1684,0.4769,3.8730,4.3675,1.2799,6.5897,4.2426,2.4014,6.5897,2.9997

1618.6890,-0.2637,0.2299,3.9347,5.1701,0.0450,6.5279,4.1808,2.2162,6.5279,2.8321

1619.6900,-0.1402,-0.2640,4.3669,4.9231,0.1067,7.2688,4.2426,2.2059,7.2688,2.9291

1620.6890,-0.0785,-0.2640,3.9347,5.2318,-0.1402,7.3922,3.8721,2.0927,7.3922,2.8498

1621.6900,0.1684,0.1065,3.9347,5.6022,0.7242,6.8984,3.8104,2.3911,6.8984,3.0350

1622.6890,1.1561,0.3534,3.8112,5.4170,0.3537,6.3427,4.3043,2.5660,6.3427,3.1055

1623.6890,-0.2637,0.0447,4.3669,5.3553,0.1685,7.0218,4.3661,2.3396,7.0218,3.0085

1624.6890,0.2919,-0.0170,4.0582,5.4788,0.0450,6.2193,3.9339,2.2985,6.2193,2.8586

1625.6890,-0.0785,0.0447,4.1817,5.7257,-0.0167,6.6514,4.2426,2.3499,6.6514,2.9644

1626.6890,0.4153,0.6621,4.1199,5.4170,0.0450,6.7749,3.8721,2.4219,6.7749,3.0438

1627.6900,0.1684,-0.0788,4.2434,5.4170,0.1067,6.3427,4.0574,2.3190,6.3427,2.8939

1628.6890,-0.1402,0.0447,3.8112,5.4170,-0.5107,6.1575,3.9956,2.1030,6.1575,2.6822

1629.6890,-0.0168,0.1065,3.9965,5.5405,0.0450,6.8366,4.4278,2.3499,6.8366,2.9909

1630.6890,-0.2019,0.1065,4.1817,6.0344,-0.5107,7.0218,4.2426,2.3087,7.0218,2.9820

1631.6900,0.0450,0.2299,3.8730,5.2936,0.4155,6.7132,3.6252,2.2470,6.7132,2.8850

1632.6890,0.0450,0.1065,5.1695,5.3553,0.1067,6.7749,3.8721,2.4425,6.7749,3.0614

1633.6890,-0.0168,0.2917,4.1199,5.8492,-0.4489,6.7132,4.3661,2.3602,6.7132,2.9820

1634.6890,-0.2637,0.3534,4.2434,5.4170,0.0450,6.5897,4.2426,2.3396,6.5897,2.9468

1635.6890,0.2919,1.1560,5.3548,4.7379,0.1685,6.5897,3.8721,2.5969,6.5897,3.1673

1636.6890,0.0450,0.2299,4.0582,5.6022,0.2302,7.3922,3.6869,2.3087,7.3922,3.0350

1637.6900,-0.0785,0.2917,4.0582,5.5405,0.1067,6.8366,3.8104,2.2882,6.8366,2.9379

1638.6890,0.3536,0.1682,3.9965,5.7257,-0.3255,6.5897,3.5017,2.2367,6.5897,2.8586

1639.6890,0.2919,-0.1405,4.1817,5.3553,-0.2637,6.2193,3.8104,2.2058,6.2193,2.7792

1640.6890,0.7240,0.5386,3.8730,5.2936,-0.1402,6.8366,3.8721,2.3602,6.8366,2.9997

1641.6890,0.1684,0.3534,4.3052,5.6022,-0.2637,6.4662,4.1191,2.3808,6.4662,2.9644

1642.6890,-0.1402,0.2917,4.1817,5.8492,0.3537,6.6514,3.5634,2.3499,6.6514,2.9644

1643.6890,-0.2019,0.2299,3.9965,5.6640,0.1685,6.1575,4.6130,2.4117,6.1575,2.9468

1644.6890,0.2919,-0.1405,4.0582,5.3553,-0.0785,5.8489,4.1808,2.2779,5.8489,2.7880

1645.6890,-0.2019,0.0447,4.1199,4.9231,0.6624,6.2810,4.4895,2.3396,6.2810,2.9027

1646.6900,-0.1402,0.1065,3.9347,5.4788,-0.2020,6.5897,3.9956,2.1956,6.5897,2.8233

1647.6890,-0.0168,-0.0788,4.3052,5.7257,0.1067,6.8366,4.1808,2.3705,6.8366,3.0085

1648.6890,0.1067,-0.0170,3.8112,5.0466,0.2920,6.4045,3.9339,2.1956,6.4045,2.7968

1649.6890,0.1684,0.4769,3.8730,5.6640,0.1067,6.6514,3.7487,2.3396,6.6514,2.9556

1650.6890,-0.0785,0.4769,4.2434,5.3553,-0.2020,6.4662,3.8104,2.2676,6.4662,2.8674

1651.6890,0.0450,0.2299,3.8112,5.6640,-0.2637,6.5279,3.8721,2.2264,6.5279,2.8409

1652.6900,-0.0168,0.0447,3.9965,5.6022,0.1067,6.4662,3.9339,2.2779,6.4662,2.8762

1653.6890,0.1067,0.2917,4.3669,5.5405,-0.1402,6.8366,3.9956,2.3602,6.8366,2.9997

1654.6890,-0.0168,0.4769,4.0582,6.4665,0.2302,6.5897,3.9956,2.5351,6.5897,3.1143

1655.6890,-0.0168,-0.3874,4.3052,5.7257,-0.0785,6.9601,3.9339,2.2470,6.9601,2.9203

1656.6900,0.5388,-0.0170,4.1199,5.3553,-0.0785,6.7132,3.6252,2.2573,6.7132,2.8938

1657.6890,0.7857,-0.2640,3.5643,5.5405,0.2920,6.6514,3.9339,2.3087,6.6514,2.9291

1658.6890,-0.5723,0.0447,4.3669,5.2318,0.2920,6.9601,3.9339,2.2162,6.9601,2.8939

1659.6890,0.2919,0.1065,4.0582,4.8614,0.5389,6.5897,4.0574,2.3190,6.5897,2.9291

1660.6890,-0.1402,0.2917,3.4408,6.1578,-0.1402,6.6514,4.1191,2.2882,6.6514,2.9115

1661.6890,-0.1402,-0.1405,3.6878,5.4788,-0.6342,6.7749,4.1808,2.0721,6.7749,2.7439

1662.6890,-0.2019,0.5386,3.8112,5.2318,0.2920,6.5897,4.1191,2.2985,6.5897,2.9115

1663.6890,-0.3254,0.5386,4.3052,5.6022,0.2302,6.7749,4.6130,2.4940,6.7749,3.1055

1664.6890,-0.0785,0.1682,4.1817,5.6022,-0.0785,6.5279,4.4278,2.3705,6.5279,2.9644

1665.6890,0.5388,0.3534,4.1817,5.2936,0.1067,6.7132,3.4400,2.3190,6.7132,2.9468

1666.6900,0.1684,0.9708,4.4286,5.7257,-0.2637,6.6514,3.8104,2.4734,6.6514,3.0702

1667.6890,0.1684,-0.2022,4.4286,5.7874,0.1685,6.8366,3.5017,2.3087,6.8366,2.9556

1668.6890,-0.4489,-0.0170,4.2434,5.6640,0.1067,6.7749,3.8104,2.2264,6.7749,2.8762

1669.6890,0.5388,-0.1405,3.8730,5.4788,-0.1402,6.7749,3.9339,2.2573,6.7749,2.9027

1670.6890,-0.0785,0.1065,4.1199,5.7874,0.2302,7.5157,3.3782,2.2573,7.5157,3.0085

1671.6890,-0.0785,-0.0788,3.7495,5.4170,0.0450,7.2688,3.6252,2.1132,7.2688,2.8497

1672.6890,0.1067,0.7238,4.9843,4.8614,0.1067,6.6514,4.1191,2.4837,6.6514,3.0791

1673.6890,-0.5723,0.2917,4.5521,5.6022,-0.2020,6.5279,3.8721,2.2573,6.5279,2.8674

1674.6890,0.0450,0.4151,4.1817,5.5405,0.1067,6.7132,3.6869,2.3293,6.7132,2.9556

1675.6890,-0.0785,0.0447,5.4165,5.1084,0.4155,6.4045,4.2426,2.5249,6.4045,3.0791

1676.6890,-0.2637,-0.0788,3.9965,5.1701,-0.0167,6.7132,4.1191,2.1544,6.7132,2.8057

1677.6890,0.0450,-0.0170,4.3052,5.6022,-0.5107,7.0836,3.8721,2.2161,7.0836,2.9115

1678.6890,0.1067,0.1682,4.1817,5.2936,-0.0785,6.6514,3.8104,2.2470,6.6514,2.8762

1679.6890,0.2302,0.6621,4.3052,5.6022,-0.0785,6.7132,4.4278,2.5248,6.7132,3.1232

1680.6890,0.2302,1.5264,3.1938,6.2813,-0.0785,6.7749,3.7487,2.4836,6.7749,3.0967

1681.6890,-0.0168,0.4151,3.4408,5.2936,-0.4489,6.7749,3.7487,2.0721,6.7749,2.7439

1682.6890,-0.5106,0.4151,4.2434,5.3553,-0.0785,6.7749,3.9339,2.2264,6.7749,2.8762

1683.6890,-0.1402,0.2917,4.1817,5.5405,0.4155,6.6514,4.4278,2.4528,6.6514,3.0526

1684.6890,-0.1402,0.0447,3.9965,5.4788,0.1067,6.7132,3.8721,2.2264,6.7132,2.8674

1685.6890,0.1067,-0.0788,3.9347,4.3058,0.4155,6.4662,4.1191,2.1338,6.4662,2.7527

1686.6890,0.0450,0.6621,4.2434,5.4788,-0.0785,6.8366,3.8104,2.3602,6.8366,2.9997

1687.6890,0.1067,0.1682,3.6878,5.0466,0.5389,6.3427,3.8104,2.2264,6.3427,2.8145

1688.6890,-0.5106,0.0447,4.2434,5.9109,0.4155,7.0218,4.6748,2.4631,7.0218,3.1144

1689.6890,0.5388,0.5386,4.0582,5.7874,0.3537,6.4662,4.0574,2.5557,6.4662,3.1143

1690.6890,-0.0168,-0.1405,4.4286,5.2318,-0.0167,6.5279,4.0574,2.2573,6.5279,2.8674

1691.6890,1.1561,0.4151,4.0582,4.9849,0.2302,6.5279,3.8721,2.4528,6.5279,3.0349

1692.6890,-0.2019,-0.0170,4.3052,5.2936,-0.0785,6.6514,4.1191,2.2367,6.6514,2.8674

1693.6890,0.1684,0.0447,4.3669,5.4170,0.1067,6.2810,4.4278,2.4219,6.2810,2.9732

1694.6900,0.3536,0.0447,3.8112,5.6640,-0.6342,6.9601,3.8104,2.1750,6.9601,2.8586

1695.6890,-0.1402,0.4769,4.1817,5.3553,-0.0785,6.8366,4.2426,2.3396,6.8366,2.9821

1696.6890,0.0450,0.1682,3.5025,5.4170,0.3537,6.6514,4.4278,2.3190,6.6514,2.9380

1697.6890,-0.0168,0.4151,3.9347,5.1084,-0.0167,7.0218,3.7487,2.1956,7.0218,2.8850

1698.6890,-0.0168,0.1065,4.1199,5.5405,0.2302,6.8984,4.3661,2.3911,6.8984,3.0350

1699.6890,0.2302,0.0447,4.1199,5.6022,-0.0785,6.7749,3.9339,2.3087,6.7749,2.9468

1700.6900,0.2302,0.3534,4.0582,5.7874,0.0450,6.7132,4.0574,2.4219,6.7132,3.0350

1701.6890,-0.1402,0.4151,4.1199,5.6640,-0.3872,6.9601,4.3661,2.3396,6.9601,2.9997

1702.6890,0.0450,0.1682,4.3669,5.5405,-0.1402,7.0218,4.1808,2.3602,7.0218,3.0261

1703.6900,-0.1402,0.1065,4.0582,5.4170,-0.4489,6.8366,3.8721,2.1441,6.8366,2.8145

1704.6890,0.2919,-0.0788,4.1817,5.4788,-0.3255,7.2688,3.6252,2.1955,7.2688,2.9203

1705.6890,-0.2019,0.1682,3.9347,5.1701,0.0450,6.8366,3.9956,2.1853,6.8366,2.8498

1706.6890,-0.0785,0.2917,4.1199,5.4170,0.1067,6.5897,3.7487,2.2676,6.5897,2.8850

1707.6890,0.3536,0.7238,4.0582,5.6022,0.0450,6.6514,3.5634,2.3910,6.6514,2.9997

1708.6890,-0.2637,-0.0788,3.9347,5.4788,0.0450,6.7749,4.3661,2.2470,6.7749,2.8939

1709.6890,0.1067,0.1682,4.2434,5.9109,-0.2020,6.9601,3.9339,2.3602,6.9601,3.0173

1710.6890,-0.2637,0.1682,4.1817,5.9726,-0.2020,6.8366,4.2426,2.3499,6.8366,2.9909

1711.6890,-0.0785,0.3534,4.2434,5.5405,0.2920,6.2810,4.2426,2.4322,6.2810,2.9821

1712.6900,-1.1896,0.4151,4.1199,4.9849,0.2920,6.8366,3.9339,2.0927,6.8366,2.7704

1713.6890,-0.0168,0.2917,3.7495,5.7874,0.1685,6.5897,4.1808,2.3602,6.5897,2.9644

1714.6890,0.2302,-0.0170,4.0582,5.5405,0.1685,6.4045,4.1808,2.3602,6.4045,2.9379

1715.6890,-0.0785,0.1682,3.5643,5.5405,0.0450,6.8984,4.1191,2.2264,6.8984,2.8938

1716.6890,0.1684,-0.2022,4.1199,5.6640,-0.2020,7.0218,3.9956,2.2573,7.0218,2.9379

1717.6890,-0.0785,-1.4370,3.8112,5.2936,-0.0167,6.5279,4.1191,1.9486,6.5279,2.6028

1718.6890,0.4153,0.2917,3.9347,5.4788,0.0450,6.9601,3.5017,2.2779,6.9601,2.9468

1719.6890,-0.0168,0.6621,4.4286,5.6022,-0.2020,6.6514,4.1191,2.4322,6.6514,3.0350

1720.6890,0.0450,0.2299,4.6139,5.5405,-0.1402,6.7132,3.8721,2.3602,6.7132,2.9820

1721.6890,-0.1402,0.7238,3.8112,5.1084,-0.0167,6.7749,3.8104,2.2161,6.7749,2.8674

1722.6890,0.0450,-0.0170,3.8112,5.9109,-0.1402,6.5279,3.9339,2.2573,6.5279,2.8674

1723.6890,-0.3871,-0.2022,4.5521,5.5405,0.1067,6.6514,4.2426,2.3088,6.6514,2.9291

1724.6890,0.3536,0.4151,4.2434,5.4170,-0.2020,6.5897,4.1191,2.3911,6.5897,2.9909

1725.6890,-0.3254,0.5386,3.7495,5.9109,-0.3255,6.7749,3.8721,2.2367,6.7749,2.8850

1726.6890,-0.2019,0.4151,3.9347,5.7257,-0.4489,6.8366,4.3661,2.2985,6.8366,2.9468

1727.6890,0.1067,0.2917,3.7495,5.2936,0.1685,6.8366,3.9339,2.2573,6.8366,2.9115

1728.6890,-0.2637,0.4151,4.1817,6.0961,0.3537,6.6514,3.8721,2.4425,6.6514,3.0438

1729.6900,0.4771,0.2299,3.9347,5.1084,-0.1402,7.1453,2.8843,2.0824,7.1453,2.8056

1730.6890,-0.1402,-0.0788,4.5521,5.3553,-0.0785,6.5897,4.1808,2.2985,6.5897,2.9115

1731.6890,-0.0785,-0.5726,3.8730,4.7379,-0.0167,6.6514,3.9956,1.9898,6.6514,2.6557

1732.6890,-0.1402,0.0447,4.7373,5.3553,0.2302,7.1453,3.9956,2.3705,7.1453,3.0526

1733.6890,-0.0785,0.2299,3.6260,5.4170,0.1067,6.5897,3.9339,2.2059,6.5897,2.8321

1734.6890,0.0450,-0.3257,4.1817,5.7874,-0.2020,5.7871,4.0574,2.2573,5.7871,2.7616

1735.6890,0.1684,-0.0170,3.8730,5.4788,0.1067,7.0836,4.2426,2.3087,7.0836,2.9909

1736.6890,-0.0168,0.1682,5.1078,5.0466,0.1067,6.8366,4.0574,2.4117,6.8366,3.0438

1737.6900,-0.3254,-0.3257,4.0582,5.5405,-0.3255,6.5897,3.9956,2.1030,6.5897,2.7439

1738.6890,0.0450,0.2917,3.8112,5.3553,-0.1402,7.0836,3.7487,2.1853,7.0836,2.8850

1739.6890,0.1067,0.1682,4.1199,4.4293,0.1067,6.9601,3.9339,2.1441,6.9601,2.8321

1740.6890,0.1067,0.4769,3.9347,5.3553,0.1685,6.6514,3.9956,2.3396,6.6514,2.9556

1741.6890,0.1067,0.3534,4.4286,5.1701,0.0450,6.8366,3.9956,2.3499,6.8366,2.9909

1742.6890,-0.0168,0.6621,3.6878,5.6022,0.0450,6.6514,3.8721,2.3087,6.6514,2.9291

1743.6890,0.1067,-0.4492,4.1199,5.9109,-0.1402,6.9601,4.4278,2.3293,6.9601,2.9909

1744.6890,0.1684,-0.1405,3.8112,5.4170,-0.4489,7.0218,3.9339,2.1235,7.0218,2.8233

1745.6890,0.2302,1.0942,4.3052,5.1084,-0.4489,6.9601,3.8104,2.3499,6.9601,3.0085

1746.6890,0.0450,-0.5726,4.4286,4.9849,0.0450,6.5897,3.4400,2.0618,6.5897,2.7086

1747.6900,-0.6340,0.1065,4.1199,5.0466,0.4155,6.8366,3.9339,2.1647,6.8366,2.8321

1748.6890,0.2919,-0.0170,4.1199,4.7379,-0.0167,6.9601,3.8104,2.1544,6.9601,2.8409

1749.6890,-0.3254,0.0447,4.3052,5.6640,-0.3872,6.7132,4.2426,2.2573,6.7132,2.8939

1750.6890,0.2919,0.2917,3.9347,5.2936,-0.1402,7.0836,3.9339,2.2676,7.0836,2.9556

1751.6890,-0.0785,0.1682,3.8730,5.8492,0.3537,6.6514,3.6869,2.3087,6.6514,2.9291

1752.6890,0.3536,-0.1405,4.1817,5.2318,-0.0785,6.7749,3.9956,2.2573,6.7749,2.9027

1753.6890,0.2302,0.1065,3.8730,6.0344,0.0450,6.5897,3.9339,2.3705,6.5897,2.9732

1754.6900,-0.3871,0.2299,3.6260,5.0466,0.0450,6.7749,3.6252,2.0309,6.7749,2.7086

1755.6900,-0.1402,-0.0170,3.9347,4.8614,-0.0167,6.5279,4.5513,2.1956,6.5279,2.8145

1756.6890,0.2919,-0.0788,3.9965,6.4048,-0.0785,6.8366,4.1191,2.4425,6.8366,3.0702

1757.6890,0.2302,0.5386,4.1817,5.1084,0.0450,6.7132,3.9956,2.3499,6.7132,2.9732

1758.6890,0.0450,-0.2022,3.8730,5.2936,0.1067,6.0958,3.9956,2.1853,6.0958,2.7439

1759.6890,0.1684,0.1682,4.6139,6.1578,-0.2020,6.8366,4.0574,2.4940,6.8366,3.1143

1760.6890,0.1684,0.2299,4.1199,5.0466,-0.2637,7.0836,3.5017,2.1338,7.0836,2.8409

1761.6890,0.1067,0.2917,3.5025,5.7257,1.1564,6.8984,3.8104,2.4322,6.8984,3.0702

1762.6890,-0.0785,0.2299,4.4286,5.3553,0.0450,6.8984,3.8721,2.3088,6.8984,2.9644

1763.6890,-0.0785,0.2299,3.7495,6.0344,0.3537,5.9106,4.4278,2.4528,5.9106,2.9468

1764.6890,0.0450,0.1682,4.0582,5.4170,0.1685,6.7132,4.3043,2.3602,6.7132,2.9821

1765.6890,0.1067,0.0447,3.7495,5.6022,-0.0167,7.0218,3.6869,2.1956,7.0218,2.8850

1766.6890,-0.0785,-0.3874,3.9347,5.6640,0.3537,6.3427,3.9956,2.2470,6.3427,2.8321

1767.6890,0.1067,0.0447,3.9347,5.1701,0.4772,6.8366,3.6252,2.2264,6.8366,2.8850

1768.6890,0.1067,0.2299,4.4904,5.4170,-0.1402,6.8366,3.9339,2.3396,6.8366,2.9820

1769.6890,-0.3254,0.1682,4.4904,5.9109,-0.0785,6.7749,4.1191,2.3808,6.7749,3.0085

1770.6900,0.0450,-0.1405,3.6260,5.6022,0.1685,6.7749,3.8721,2.1956,6.7749,2.8497

1771.6890,0.1684,0.5386,4.3052,5.3553,0.0450,6.5279,3.9339,2.3911,6.5279,2.9820

1772.6890,-0.0168,0.1682,4.4286,5.2936,-0.1402,6.8366,3.3782,2.1853,6.8366,2.8497

1773.6890,0.2302,-0.0788,4.0582,5.2936,-0.0785,6.5897,3.8721,2.2161,6.5897,2.8409

1774.6890,0.0450,0.1065,3.9965,5.8492,-0.1402,6.9601,3.8721,2.2882,6.9601,2.9556

1775.6890,0.2302,-0.0788,4.4904,5.6640,-0.3872,6.8984,3.8721,2.2984,6.8984,2.9556

1776.6890,0.0450,0.1682,3.6260,5.5405,0.0450,7.1453,3.6869,2.1853,7.1453,2.8938

1777.6890,-0.3871,0.2917,3.9347,5.4170,0.2302,6.8366,3.8721,2.2264,6.8366,2.8850

1778.6900,0.0450,0.1065,3.8730,5.4170,-0.0785,6.9601,3.8104,2.1956,6.9601,2.8762

1779.6890,0.1067,0.0447,3.8730,5.2318,0.1067,7.0218,3.8721,2.2059,7.0218,2.8938

1780.6890,0.1684,0.2299,4.2434,5.4788,0.2920,6.9601,3.9956,2.4014,6.9601,3.0526

1781.6890,0.2302,-0.1405,4.1199,5.4788,0.0450,6.5279,3.8104,2.2573,6.5279,2.8674

1782.6890,-0.2019,0.1065,4.2434,5.6640,-0.2020,7.0836,4.1191,2.2882,7.0836,2.9732

1783.6890,0.1684,-0.1405,3.9965,5.3553,-0.0167,6.5279,3.9339,2.2161,6.5279,2.8321

1784.6890,-0.0168,0.2299,3.8112,5.3553,0.0450,7.3922,4.0574,2.2470,7.3922,2.9820

1785.6890,-0.0168,0.3534,3.6878,5.6640,0.1067,6.7132,4.1808,2.3293,6.7132,2.9556

1786.6890,0.0450,-0.3257,3.9965,5.5405,-1.0664,6.7132,3.6252,1.9692,6.7132,2.6469

1787.6890,0.2302,-0.3257,4.1199,5.8492,0.0450,6.7749,3.6869,2.2676,6.7749,2.9115

1788.6890,-0.0168,-0.1405,3.8112,5.6022,0.1067,6.4662,3.9956,2.2264,6.4662,2.8321

1789.6890,-0.0168,0.4151,3.9347,5.6022,-0.2020,7.0836,4.0574,2.2985,7.0836,2.9820

1790.6890,0.0450,0.2917,3.8730,4.6762,0.0450,6.7132,3.8104,2.1235,6.7132,2.7792

1791.6890,-0.1402,-0.1405,3.8730,5.2318,0.2920,6.9601,3.5017,2.1030,6.9601,2.7968

1792.6890,-0.1402,-0.2640,3.9965,5.8492,-0.1402,6.7749,3.9956,2.2161,6.7749,2.8674

1793.6890,-0.0785,0.3534,3.4408,5.1701,-0.0167,6.7132,3.8104,2.1132,6.7132,2.7704

1794.6890,0.1067,0.6003,4.0582,5.2318,0.3537,7.6392,4.2426,2.4322,7.6392,3.1761

1795.6890,-0.0168,-0.1405,4.2434,6.1578,0.1685,6.9601,3.8721,2.3808,6.9601,3.0350

1796.6890,-0.1402,0.6621,3.8730,5.3553,0.0450,6.5279,3.7487,2.2573,6.5279,2.8674

1797.6890,-0.1402,-0.0788,3.8730,5.6022,0.1067,6.2810,4.1191,2.2470,6.2810,2.8233

1798.6890,1.7116,0.2917,4.3052,5.5405,-0.0785,6.3427,4.0574,2.6380,6.3427,3.1672

1799.6890,-0.0785,0.2299,4.1199,5.2936,-0.0785,6.3427,4.1191,2.2676,6.3427,2.8498

1800.6890,0.0450,0.3534,3.7495,5.5405,0.0450,7.2688,3.9956,2.2882,7.2688,2.9997

1801.6890,0.1684,0.1682,3.9965,5.0466,-0.0167,6.5279,3.6869,2.1750,6.5279,2.7968

1802.6890,-0.0168,-0.0788,4.4286,5.1084,0.2302,6.5279,3.7487,2.2367,6.5279,2.8498

1803.6890,-0.2019,0.2299,3.7495,5.1084,0.1067,7.2070,3.8721,2.1441,7.2070,2.8674

1804.6890,-0.0785,0.4769,3.6878,5.2936,0.1067,6.5279,4.1191,2.2676,6.5279,2.8762

1805.6900,0.1067,-0.1405,3.8112,5.7257,-0.0785,6.3427,3.8721,2.2161,6.3427,2.8056

1806.6890,-0.0785,0.1065,4.1199,5.4788,-0.2637,6.6514,3.6869,2.1750,6.6514,2.8145

1807.6890,0.5388,-0.2022,3.8730,6.1578,-0.0785,6.4662,3.9956,2.3808,6.4662,2.9644

1808.6890,-0.0168,0.2917,4.2434,5.3553,-0.3872,6.7749,4.2426,2.2882,6.7749,2.9291

1809.6890,-0.0168,-0.3257,4.2434,6.4048,0.1067,6.3427,4.0574,2.4116,6.3427,2.9732

1810.6890,-0.1402,-0.1405,3.8730,4.7997,0.1067,5.9723,3.8721,2.0618,5.9723,2.6205

1811.6890,-0.0168,0.1682,4.0582,5.4788,0.1685,6.2193,4.1191,2.3293,6.2193,2.8850

1812.6900,0.0450,0.4151,3.9347,5.2318,0.1067,6.4662,3.6252,2.2264,6.4662,2.8321

1813.6890,-0.1402,0.1065,3.8730,5.3553,0.2302,6.4662,3.8721,2.2161,6.4662,2.8233

1814.6900,0.2302,0.9708,3.9965,5.1701,-0.1402,6.7132,3.6252,2.3087,6.7132,2.9379

1815.6890,-0.2019,0.2917,3.8112,5.4788,0.1685,7.4540,3.8721,2.2367,7.4540,2.9820

1816.6910,0.1067,-0.1405,4.1199,5.6022,-0.2637,6.5897,3.9339,2.2264,6.5897,2.8497

1817.6890,0.3536,-0.2640,3.8112,5.4170,-0.0785,6.6514,3.8721,2.1853,6.6514,2.8233

1818.6890,-0.0168,0.2299,4.0582,5.1701,0.0450,6.4662,3.9956,2.2470,6.4662,2.8498

1819.6890,-0.1402,0.2917,3.8730,4.9849,-0.2020,6.5897,3.9339,2.1235,6.5897,2.7616

1820.6890,-0.0168,0.1065,4.0582,5.6022,-0.0167,6.0341,4.1808,2.3190,6.0341,2.8498

1821.6900,-0.0168,-0.0170,3.9347,5.6022,0.2302,6.5279,3.9339,2.2779,6.5279,2.8850

1822.6890,0.0450,-0.0170,3.8112,5.2318,-0.0785,6.5897,3.7487,2.1235,6.5897,2.7616

1823.6890,-0.1402,0.4769,4.4904,5.4788,-0.1402,6.7132,3.6252,2.2985,6.7132,2.9291

1824.6890,-0.2019,0.3534,4.1199,5.0466,0.2920,6.4045,4.2426,2.3088,6.4045,2.8939

1825.6890,0.1067,-0.3874,4.2434,5.5405,-0.0167,6.7132,3.9956,2.2470,6.7132,2.8850

1826.6890,0.3536,0.4769,3.8112,5.2318,-0.1402,6.5897,3.7487,2.2470,6.5897,2.8674

1827.6900,-0.0168,-0.2640,4.1817,6.2196,-0.0167,6.2810,4.1808,2.3808,6.2810,2.9379

1828.6890,0.1067,-0.0170,4.1199,4.9231,0.1067,6.5279,3.8104,2.1750,6.5279,2.7968

1829.6890,0.1067,0.5386,5.0460,5.2318,0.2920,6.4045,3.7487,2.4940,6.4045,3.0526

1830.6890,0.0450,0.4769,4.1817,5.2936,0.0450,6.2810,4.3043,2.3911,6.2810,2.9468

1831.6890,-0.0168,0.1065,4.0582,5.7874,0.1067,6.4045,3.7487,2.2985,6.4045,2.8850

1832.6890,0.1067,-0.2022,3.9965,5.1701,0.1685,6.4662,3.8721,2.1853,6.4662,2.7968

1833.6890,0.6622,-0.3257,3.9965,5.5405,0.0450,6.2193,3.8721,2.2984,6.2193,2.8586

1834.6890,0.2919,0.1065,3.8112,5.2936,0.0450,6.4662,3.8104,2.2264,6.4662,2.8321

1835.6890,-0.3871,0.2299,4.1817,5.4788,0.1067,6.5279,4.3043,2.3191,6.5279,2.9203

1836.6890,0.0450,0.5386,3.7495,5.6022,0.2920,6.5279,4.4278,2.4425,6.5279,3.0261

1837.6890,-0.3254,-0.2640,3.8730,5.5405,-0.2020,6.4662,3.9956,2.1030,6.4662,2.7263

1838.6890,-0.1402,0.1682,3.8730,5.4170,-0.1402,7.0218,4.0574,2.2059,7.0218,2.8939

1839.6890,0.1684,0.0447,4.1199,5.1084,0.3537,6.2193,4.1808,2.3293,6.2193,2.8850

1840.6890,0.3536,-0.2022,3.9965,5.6022,-0.0167,6.6514,4.6130,2.3911,6.6514,2.9997

1841.6900,-0.1402,-0.0788,4.1817,6.1578,0.1685,6.2810,3.3165,2.2676,6.2810,2.8409

1842.6890,-0.0168,0.1682,3.9347,5.5405,0.0450,6.9601,3.9339,2.2676,6.9601,2.9379

1843.6890,0.1684,0.1065,4.3669,5.2318,0.2920,6.5279,3.8721,2.3396,6.5279,2.9380

1844.6890,-0.0168,0.2917,4.2434,6.0961,-0.3255,6.4045,4.1808,2.4116,6.4045,2.9820

1845.6890,0.2919,0.0447,4.4904,5.6022,0.1067,6.4045,3.5634,2.3499,6.4045,2.9291

1846.6890,-0.0785,1.0942,3.6878,6.2813,0.0450,6.4662,3.5634,2.4322,6.4662,3.0085

1847.6890,-0.3254,0.1682,3.6878,5.7257,-0.0167,6.3427,4.3043,2.2573,6.3427,2.8409

1848.6890,0.1684,-0.0788,4.0582,5.2936,0.5389,6.4662,4.0574,2.3396,6.4662,2.9291

1849.6890,0.1684,0.2917,4.0582,5.7257,-0.0167,6.8366,4.0574,2.3808,6.8366,3.0173

1850.6890,0.2302,-0.3874,4.1199,5.7874,-0.2020,6.7132,4.1808,2.2882,6.7132,2.9203

1851.6890,-0.4489,0.1065,4.0582,5.4170,0.1685,6.3427,3.9956,2.2162,6.3427,2.8057

1852.6890,0.3536,0.6003,4.3052,5.3553,0.1067,6.4662,3.7487,2.4116,6.4662,2.9909

1853.6890,0.2302,-0.7579,4.1817,5.1701,0.2920,6.4662,3.7487,2.1441,6.4662,2.7616

1854.6890,0.1684,-0.1405,4.3052,5.4170,-0.3255,6.4045,3.8104,2.2058,6.4045,2.8056

1855.6890,-0.0168,0.1065,3.9965,5.6022,-0.0167,6.8366,3.6252,2.2161,6.8366,2.8762

1856.6890,0.4153,0.3534,3.9965,5.4788,-0.0167,6.7132,3.5634,2.2984,6.7132,2.9291

1857.6890,0.0450,0.2299,4.1817,5.5405,0.4772,6.7132,3.8721,2.3911,6.7132,3.0085

1858.6890,0.2919,-0.2022,4.4286,5.6022,0.1067,6.4662,3.8721,2.3499,6.4662,2.9379

1859.6900,0.4771,0.6003,4.3052,5.2936,-0.0785,6.5897,3.6869,2.3808,6.5897,2.9820

1860.6900,-0.0168,-0.2640,4.0582,4.4910,-0.0785,6.4045,4.0574,2.0412,6.4045,2.6645

1861.6890,0.1067,0.2917,4.0582,5.2318,0.2920,6.2193,3.8721,2.3087,6.2193,2.8674

1862.6890,-0.0168,0.2917,4.3052,5.1084,-0.0785,6.6514,4.2426,2.3088,6.6514,2.9291

1863.6900,-2.4859,0.8473,3.3791,5.4170,0.5389,6.4045,4.4278,2.0207,6.4045,2.6470

1864.6890,-0.2637,-0.1405,3.8112,5.2936,0.1067,6.4662,4.1808,2.1647,6.4662,2.7792

1865.6890,0.1067,-0.3874,4.1817,5.4788,-0.1402,6.7132,3.8104,2.1750,6.7132,2.8233

1866.6890,0.2919,0.3534,4.4904,5.6640,-0.2637,6.4662,4.1191,2.4425,6.4662,3.0173

1867.6890,0.4771,1.2177,4.3052,5.4788,0.1067,6.6514,3.9956,2.5968,6.6514,3.1761

1868.6890,0.2302,-0.0170,3.7495,5.2936,0.2302,6.3427,4.1191,2.2676,6.3427,2.8498

1869.6890,0.0450,-0.2640,4.5521,5.9726,-0.1402,6.4662,3.9956,2.3602,6.4662,2.9468

1870.6890,-0.6340,0.2917,4.3052,5.1701,0.2302,6.6514,4.9835,2.3911,6.6514,2.9997

1871.6890,-0.6340,0.3534,4.4286,5.2936,0.2302,6.5897,3.6869,2.2265,6.5897,2.8498

1872.6890,0.2919,0.5386,4.1199,5.2318,-0.0785,6.7749,4.2426,2.3911,6.7749,3.0173

1873.6890,0.3536,-0.3874,3.6260,5.4170,0.0450,6.5279,4.5513,2.2676,6.5279,2.8762

1874.6890,0.1684,0.0447,4.8608,5.1084,-0.5107,6.5897,3.9339,2.2676,6.5897,2.8850

1875.6890,-0.4489,0.2299,4.1199,5.7874,-0.0167,6.4662,4.3661,2.3396,6.4662,2.9291

1876.6890,0.1067,0.2917,3.8730,5.5405,0.2302,6.5279,3.9339,2.3293,6.5279,2.9291

1877.6890,0.2919,0.1065,4.4286,5.8492,0.3537,6.5279,4.1808,2.5351,6.5279,3.1055

1878.6890,0.0450,0.0447,4.2434,4.9849,0.1067,6.7749,3.8104,2.2059,6.7749,2.8586

1879.6890,-0.0785,0.2917,4.2434,5.3553,-0.2020,6.2810,4.4278,2.3396,6.2810,2.9027

1880.6890,-0.0785,-0.0170,4.4904,5.2318,-0.0167,6.4662,3.8721,2.2470,6.4662,2.8498

1881.6890,-0.0168,0.6621,4.1817,5.8492,0.1685,6.6514,4.0574,2.4837,6.6514,3.0791

1882.6890,-0.0785,0.2917,3.9347,5.7257,0.1685,6.8366,3.9339,2.3293,6.8366,2.9732

1883.6890,0.0450,0.1065,3.7495,5.0466,0.2920,6.8366,3.6869,2.1544,6.8366,2.8233

1884.6890,-0.2637,-0.0170,4.0582,5.2318,0.6007,6.2810,3.9956,2.2676,6.2810,2.8409

1885.6890,-0.2019,-0.2022,4.3052,5.7257,0.1067,6.4045,4.4895,2.3705,6.4045,2.9468

1886.6890,-0.1402,0.4151,3.6260,6.0344,0.2302,6.3427,4.2426,2.4014,6.3427,2.9644

1887.6890,-0.0785,0.2917,3.8730,5.4788,0.0450,6.7749,3.9339,2.2573,6.7749,2.9027

1888.6890,0.1067,1.2794,4.3669,5.6640,-0.0785,6.5897,3.5634,2.4837,6.5897,3.0702

1889.6890,-0.0785,0.2299,4.0582,5.6640,0.0450,6.2193,4.1808,2.3499,6.2193,2.9027

1890.6890,0.0450,-0.5109,4.0582,5.4170,0.0450,6.7132,4.0574,2.1853,6.7132,2.8321

1891.6890,-0.0785,0.4151,3.5025,4.9849,-0.0167,6.6514,3.8104,2.1030,6.6514,2.7527

1892.6890,0.2302,0.1682,3.0704,6.1578,-0.5107,6.4662,3.8721,2.1647,6.4662,2.7792

1893.6890,0.1067,-0.0170,4.3052,5.4788,0.2920,6.3427,4.6748,2.4734,6.3427,3.0262

1894.6890,0.0450,-0.4492,3.6878,5.4170,0.0450,6.6514,3.5634,2.0515,6.6514,2.7086

1895.6900,-0.1402,0.4151,4.1199,5.8492,-0.2637,6.5897,4.1191,2.3499,6.5897,2.9556

1896.6890,0.1067,0.4769,4.1817,6.2813,0.1685,6.2810,3.9956,2.5351,6.2810,3.0702

1897.6890,0.3536,0.6003,4.3052,5.5405,0.2302,6.2193,3.7487,2.4631,6.2193,2.9997

1898.6890,0.4153,0.4151,4.7991,5.5405,-0.0785,6.5279,4.2426,2.5557,6.5279,3.1232

1899.6890,0.2302,0.1682,3.8730,5.7257,-0.3872,6.5279,3.7487,2.2264,6.5279,2.8409

1900.6900,0.1067,0.4769,3.9347,4.9849,0.1685,6.4045,3.7487,2.2367,6.4045,2.8321

1901.6900,-0.2019,0.0447,3.9965,4.6145,-0.1402,6.3427,3.8721,2.0309,6.3427,2.6469

1902.6890,-0.0168,0.1065,3.1938,5.2936,0.2920,6.3427,3.9339,2.1338,6.3427,2.7351

1903.6890,-0.3871,0.4151,4.3052,5.4170,0.4155,6.9601,3.8104,2.3293,6.9601,2.9909

1904.6890,-0.0168,-0.0788,4.3052,4.9231,0.1685,6.2810,3.8721,2.1956,6.2810,2.7792

1905.6890,-0.0168,0.0447,4.3669,5.7257,0.6624,6.1575,3.6869,2.4117,6.1575,2.9468

1906.6890,-0.0785,-0.0788,4.2434,5.2936,0.2920,6.7132,3.6869,2.2264,6.7132,2.8674

1907.6900,0.1684,0.2299,3.5025,5.3553,0.1685,6.7132,3.3165,2.1235,6.7132,2.7792

1908.6890,0.5388,0.1065,3.6878,5.6022,-0.2020,6.5897,3.9339,2.2779,6.5897,2.8938

1909.6890,-0.0785,0.7238,4.1817,5.8492,0.1067,6.5279,5.1070,2.6483,6.5279,3.2025

1910.6890,-0.0168,-0.0788,4.0582,5.6640,-0.2020,6.5279,3.8721,2.2161,6.5279,2.8321

1911.6890,-0.0785,-0.0788,4.6139,5.6022,-0.3255,6.2810,3.8104,2.2573,6.2810,2.8321

1912.6890,-0.0168,0.1065,3.9965,5.8492,0.4155,6.6514,3.8721,2.3705,6.6514,2.9820

1913.6890,0.1067,0.2917,4.1199,5.1701,0.4772,6.3427,3.6869,2.3088,6.3427,2.8850

1914.6900,0.0450,0.5386,4.1199,5.6640,-0.2020,6.4045,3.9339,2.3499,6.4045,2.9291

1915.6890,0.0450,0.4769,3.6878,5.4788,0.1685,6.7749,4.0574,2.3190,6.7749,2.9556

1916.6890,0.1684,-0.0170,4.0582,5.4170,0.3537,6.5897,3.8104,2.2985,6.5897,2.9115

1917.6890,-0.6958,-0.2640,4.9843,5.9726,-0.1402,6.5279,4.1808,2.3396,6.5279,2.9380

1918.6890,0.1684,0.4769,3.8730,5.4788,0.0450,6.5897,3.5634,2.2676,6.5897,2.8850

1919.6890,0.3536,-0.0788,3.8112,5.4170,0.4772,6.2810,3.8104,2.2985,6.2810,2.8674

1920.6890,0.1684,0.2917,4.4286,5.5405,-0.2020,6.3427,3.9339,2.3602,6.3427,2.9291

1921.6900,-0.0168,-0.1405,3.8730,5.5405,-0.0167,6.1575,4.3661,2.2676,6.1575,2.8233

1922.6890,-0.4489,0.2299,4.0582,5.3553,0.0450,6.4662,4.1808,2.2367,6.4662,2.8409

1923.6890,-0.6340,0.4769,3.7495,5.4788,0.2920,6.9601,4.1808,2.2573,6.9601,2.9291

1924.6890,0.0450,0.2917,3.9347,5.1701,-0.1402,6.8366,3.9339,2.2058,6.8366,2.8674

1925.6890,-0.0785,0.3534,3.8730,5.2936,0.1685,6.5279,3.6252,2.2059,6.5279,2.8233

1926.6900,0.1684,0.3534,4.1199,5.3553,0.1685,6.6514,3.7487,2.3190,6.6514,2.9379

1927.6890,0.4153,-0.2022,3.8730,5.4170,0.0450,6.4045,3.8104,2.2264,6.4045,2.8233

1928.6900,-0.1402,0.4151,4.0582,5.7874,0.2920,6.4662,3.5634,2.3293,6.4662,2.9203

1929.6890,0.0450,-0.4492,4.3669,5.8492,-0.0785,6.6514,3.9956,2.2882,6.6514,2.9115

1930.6890,0.2919,-0.0788,4.1199,4.9849,-0.1402,6.7132,4.0574,2.2058,6.7132,2.8497

1931.6890,0.0450,0.6003,3.5643,5.4170,0.2920,7.4540,3.6869,2.2676,7.4540,3.0085

1932.6890,-0.0785,0.2917,3.9965,5.3553,-0.1402,6.7749,4.2426,2.2779,6.7749,2.9203

1933.6890,-0.2019,0.3534,3.8730,5.8492,0.4155,6.4662,3.5634,2.3088,6.4662,2.9027

1934.6890,0.0450,-0.1405,3.7495,5.3553,0.2920,6.4662,3.9339,2.2059,6.4662,2.8145

1935.6900,-0.2019,0.6003,4.4904,6.0344,0.7242,6.4662,3.9339,2.5969,6.4662,3.1496

1936.6890,0.1067,-0.2022,4.1817,5.4788,-0.2020,7.0218,3.6869,2.1750,7.0218,2.8674

1937.6900,-0.3871,-0.0788,3.6878,5.5405,-0.0167,6.7132,4.4278,2.1956,6.7132,2.8409

1938.6890,0.1067,-0.2022,4.1199,5.6022,0.3537,6.8366,3.9339,2.3190,6.8366,2.9644

1939.6890,0.1067,0.2299,3.9347,5.5405,0.7859,6.8984,3.9956,2.4322,6.8984,3.0702

1940.6890,-0.3871,0.4151,3.8112,4.9231,0.1685,6.8366,3.6869,2.1030,6.8366,2.7792

1941.6890,0.5388,0.2299,4.3669,5.0466,0.1067,6.6514,3.3165,2.2676,6.6514,2.8938

1942.6890,0.2919,0.1065,3.8112,5.3553,0.1067,6.8984,3.5017,2.1956,6.8984,2.8674

1943.6890,-0.0785,0.0447,4.3669,5.6022,0.1685,6.5897,4.2426,2.3911,6.5897,2.9909

1944.6890,-0.0168,0.3534,4.4286,5.7874,-0.5107,6.5897,4.3043,2.3911,6.5897,2.9909

1945.6890,-0.1402,0.2299,3.9347,4.9849,0.2920,6.7749,3.9339,2.2059,6.7749,2.8586

1946.6890,0.0450,-0.0788,3.9347,5.8492,0.3537,6.8984,4.2426,2.3911,6.8984,3.0350

1947.6890,0.4771,0.2917,3.8730,5.6022,0.0450,6.9601,3.7487,2.3396,6.9601,2.9997

1948.6890,-0.0785,0.0447,3.9965,5.4788,0.0450,7.2070,3.9956,2.2470,7.2070,2.9556

1949.6890,-0.1402,0.3534,4.1199,4.8614,0.0450,7.7627,3.9956,2.2059,7.7627,2.9997

1950.6900,0.1067,-0.1405,4.3669,5.3553,-0.0785,6.7132,3.9339,2.2573,6.7132,2.8939

1951.6890,0.1067,0.2299,4.7373,5.8492,0.1067,6.4662,3.7487,2.4631,6.4662,3.0350

1952.6890,0.1067,0.0447,4.3052,5.2318,-0.0785,6.7749,3.9956,2.2676,6.7749,2.9115

1953.6890,0.1067,-0.1405,4.6756,5.4788,-0.0785,6.8366,3.5634,2.2676,6.8366,2.9203

1954.6900,-0.0785,0.2299,3.1938,5.0466,0.1685,6.5279,4.2426,2.1338,6.5279,2.7616

1955.6890,0.2919,0.2917,3.8112,5.2318,0.2920,6.5897,4.0574,2.3293,6.5897,2.9379

1956.6890,0.1684,0.2299,4.4904,5.8492,0.1067,6.5897,3.8721,2.4528,6.5897,3.0438

1957.6890,-0.0785,0.0447,3.8730,5.0466,0.2302,6.8366,4.1808,2.2162,6.8366,2.8762

1958.6890,-0.1402,-0.0788,3.8730,5.2318,-0.6342,6.6514,4.1191,2.0618,6.6514,2.7175

1959.6890,0.1684,-0.0788,4.0582,5.3553,0.2302,6.7749,3.7487,2.2470,6.7749,2.8938

1960.6900,0.1067,0.1682,3.9965,6.0344,0.2920,7.8244,4.2426,2.4734,7.8244,3.2378

1961.6890,-0.0785,0.2917,4.4904,5.6022,0.0450,7.2070,4.1808,2.4219,7.2070,3.1055

1962.6900,0.0450,0.4151,3.8730,5.7874,0.1067,6.8366,4.0574,2.3808,6.8366,3.0173

1963.6890,-0.3254,0.2299,3.8730,5.2936,0.1685,6.3427,3.9339,2.1956,6.3427,2.7880

1964.6890,-0.2019,0.1065,4.0582,5.7874,-0.0167,6.7132,4.2426,2.3293,6.7132,2.9556

1965.6890,0.0450,0.1065,3.5643,4.6762,0.1685,6.6514,3.6869,2.0412,6.6514,2.6998

1966.6890,-0.0168,0.2917,3.8112,5.6640,0.1685,6.6514,3.7487,2.2779,6.6514,2.9027

1967.6890,-0.2019,0.7238,4.2434,5.2936,-0.2637,6.5279,4.0574,2.3088,6.5279,2.9115

1968.6890,-0.2637,0.3534,4.3052,5.9109,0.0450,6.5279,4.6130,2.4940,6.5279,3.0703

1969.6890,-0.1402,0.1065,4.0582,5.3553,0.0450,6.6514,4.3661,2.2985,6.6514,2.9203

1970.6890,-0.0168,0.7238,4.4286,5.2936,0.1067,6.5279,4.3661,2.4837,6.5279,3.0614

1971.6890,0.1684,-0.6961,3.8730,5.7874,-0.1402,6.9601,3.7487,2.1235,6.9601,2.8145

1972.6890,-0.2019,0.4151,4.0582,5.3553,0.6007,6.8366,3.7487,2.3293,6.8366,2.9732

1973.6890,-0.0168,0.0447,4.4904,5.2936,-0.2020,6.6514,3.7487,2.2264,6.6514,2.8586

1974.6890,1.6499,-0.0788,4.3052,5.8492,0.2920,6.6514,3.6252,2.6071,6.6514,3.1849

1975.6890,0.4153,0.1065,3.9965,5.3553,-0.0785,6.7132,3.8721,2.2779,6.7132,2.9115

1976.6890,0.0450,0.0447,3.8730,5.2936,0.1067,7.0218,3.8721,2.2059,7.0218,2.8938

1977.6900,0.2302,0.1065,4.1817,5.6640,-0.0785,6.4662,3.2547,2.2264,6.4662,2.8321

1978.6890,0.3536,-0.1405,3.9347,5.1084,-0.0167,6.5897,3.7487,2.1647,6.5897,2.7968

1979.6900,-0.1402,0.0447,3.8730,4.9849,-0.0167,6.6514,3.6869,2.0721,6.6514,2.7263

1980.6890,-0.3871,0.4151,4.1817,5.2936,0.1067,6.3427,3.8721,2.2470,6.3427,2.8321

1981.6890,-0.3254,0.0447,3.9347,5.2936,-0.3872,7.4540,3.8104,2.0618,7.4540,2.8321

1982.6890,-0.0785,0.5386,3.8730,5.4170,0.0450,6.5897,4.2426,2.3396,6.5897,2.9468

1983.6890,0.0450,-0.0170,3.9965,5.6022,-0.4489,6.5279,3.9339,2.1853,6.5279,2.8056

1984.6890,-0.0785,0.2299,3.8112,5.1084,0.2302,6.5279,4.1808,2.2470,6.5279,2.8586

1985.6890,0.1684,-0.0788,3.9347,5.7257,-1.3751,7.0836,3.7487,2.0206,7.0836,2.7439

1986.6890,0.1067,-0.0170,4.0582,5.8492,0.8477,6.4662,3.8104,2.4425,6.4662,3.0173

1987.6890,0.4153,-0.1405,3.6260,5.2936,-0.2020,6.5897,3.5634,2.0926,6.5897,2.7351

1988.6890,-0.0168,0.2917,4.3052,5.9726,0.2302,6.5279,4.1191,2.4837,6.5279,3.0614

1989.6890,-0.2019,0.5386,3.6260,5.2936,0.1067,7.0218,3.3165,2.1132,7.0218,2.8145

1990.6890,-0.3254,-0.0170,4.9226,5.0466,0.1685,6.7132,4.5513,2.3911,6.7132,3.0085

1991.6890,-0.0785,-0.0788,4.3669,5.5405,0.0450,6.1575,4.4278,2.3705,6.1575,2.9115

1992.6890,-0.0785,0.3534,3.5025,5.3553,0.2302,6.3427,3.8104,2.1956,6.3427,2.7880

1993.6890,0.1067,-0.0788,4.0582,5.4788,0.2302,6.3427,3.8721,2.2779,6.3427,2.8586

1994.6890,0.0450,-0.1405,3.8730,5.3553,-0.0785,6.7132,4.1808,2.2059,6.7132,2.8498

1995.6890,-0.1402,0.0447,3.9965,5.2936,-0.0785,6.8984,4.2426,2.2264,6.8984,2.8939

1996.6890,0.0450,0.4769,3.7495,5.5405,0.2302,6.5279,4.0574,2.3499,6.5279,2.9468

1997.6890,0.1067,0.1065,3.9965,5.6022,0.1067,6.4662,4.3043,2.3705,6.4662,2.9556

1998.6890,-0.1402,0.2917,3.6878,5.4788,0.1067,6.7749,3.8721,2.2161,6.7749,2.8674

1999.6890,0.2919,0.6003,4.4286,5.6022,-0.0785,6.4045,3.6252,2.4116,6.4045,2.9820

2000.6900,0.2919,-0.2640,3.9347,5.4170,0.2302,6.6514,3.7487,2.2264,6.6514,2.8586

2001.6890,-0.0168,-0.3874,3.9347,5.4788,0.1067,6.4662,4.3043,2.2367,6.4662,2.8409

2002.6900,0.1684,-0.0170,4.2434,5.4788,0.0450,6.7132,3.8104,2.2882,6.7132,2.9203

2003.6890,-0.0785,0.2299,3.6260,5.7874,-0.0785,6.5897,3.8104,2.2161,6.5897,2.8409

2004.6890,0.0450,-0.0788,3.8112,5.4170,-0.0785,6.7132,3.8721,2.1647,6.7132,2.8145

2005.6890,-0.5106,0.2299,4.2434,5.7874,-0.3872,6.2193,4.6130,2.3293,6.2193,2.8850

2006.6900,-0.2637,-0.2022,3.6878,5.1084,-0.2020,6.7132,4.4278,2.0927,6.7132,2.7527

2007.6890,0.7857,0.3534,4.3052,5.1084,0.2920,6.2193,4.0574,2.4837,6.2193,3.0173

2008.6890,0.2919,0.4151,4.4286,5.4788,-0.0785,6.7132,3.7487,2.3808,6.7132,2.9997

2009.6890,-0.1402,-0.0788,3.9965,5.1701,-0.1402,6.6514,3.6252,2.0721,6.6514,2.7263

2010.6890,0.4153,-0.1405,4.1817,5.1701,-0.0167,6.2193,3.8721,2.2470,6.2193,2.8145

2011.6890,0.0450,0.0447,3.9347,4.9231,0.2920,6.8366,3.6869,2.1544,6.8366,2.8233

2012.6890,0.2302,0.2299,4.3052,5.7257,-0.0167,6.5897,3.6869,2.3602,6.5897,2.9644

2013.6890,-0.2637,0.2299,3.9347,4.9849,-0.1402,6.5279,3.9339,2.1133,6.5279,2.7439

2014.6890,0.1684,0.1065,4.4904,5.3553,-0.0785,7.2070,3.9956,2.3396,7.2070,3.0350

2015.6890,0.0450,-0.3257,4.1817,6.5283,0.2920,6.5897,3.9956,2.4528,6.5897,3.0438

2016.6890,0.0450,-0.1405,3.8112,5.6022,0.2302,6.4045,3.8104,2.2264,6.4045,2.8233

2017.6890,0.0450,0.6621,4.4286,4.0589,0.6007,6.4662,4.2426,2.3396,6.4662,2.9291

2018.6890,0.1684,0.2299,3.6878,5.4788,-0.0785,6.8984,3.6252,2.1853,6.8984,2.8586

2019.6890,-0.4489,0.0447,4.1199,5.2936,0.3537,6.6514,3.8721,2.2059,6.6514,2.8409

2020.6890,-0.1402,0.6003,4.9843,5.7874,-0.0167,6.5279,3.8721,2.5145,6.5279,3.0879

2021.6890,-0.1402,0.2917,4.0582,5.2936,-0.0167,6.5897,4.4895,2.3293,6.5897,2.9380

2022.6890,0.4153,0.2299,3.9347,5.5405,-0.0785,6.5279,3.8721,2.3190,6.5279,2.9203

2023.6890,0.2919,-0.0788,4.3052,5.6640,0.4772,6.6514,3.9956,2.4425,6.6514,3.0438

2024.6890,0.0450,0.2917,4.1817,5.1701,-0.0167,6.8984,3.8721,2.2573,6.8984,2.9203

2025.6890,-0.2019,-0.0170,4.9843,5.1084,0.3537,6.8366,4.1808,2.4014,6.8366,3.0350

2026.6890,0.2302,0.4151,4.4904,5.5405,0.1067,6.7132,4.0574,2.4734,6.7132,3.0791

2027.6900,-0.2637,-0.0170,4.1817,5.4170,-0.2637,6.7132,4.1191,2.1956,6.7132,2.8409

2028.6890,0.0450,0.1682,3.7495,4.9849,-0.1402,6.6514,3.6869,2.0824,6.6514,2.7351

2029.6890,-0.0785,0.1065,4.0582,5.5405,-0.4489,6.7132,4.1808,2.2264,6.7132,2.8674

2030.6890,-0.5723,0.4151,3.7495,6.0344,0.1067,6.5279,4.0574,2.2985,6.5279,2.9027

2031.6900,-0.0785,0.2917,3.0086,4.7997,0.2920,6.6514,3.5017,1.9692,6.6514,2.6381

2032.6890,0.3536,-0.0788,4.1817,5.0466,0.2920,6.3427,3.8721,2.2779,6.3427,2.8586

2033.6890,-0.0785,-0.0170,3.9965,5.4788,-0.0785,6.7749,4.7365,2.3396,6.7749,2.9732

2034.6890,-0.0785,-0.0788,4.0582,5.4170,0.1067,6.4045,4.0574,2.2470,6.4045,2.8409

2035.6890,0.1067,0.4769,3.8730,5.2936,0.2920,6.5279,3.7487,2.2985,6.5279,2.9027

2036.6890,0.1067,-0.0170,4.4286,6.2196,0.0450,6.7749,3.8721,2.4425,6.7749,3.0614

2037.6890,-0.0168,0.1682,4.1817,5.0466,0.4772,6.7132,3.3165,2.1956,6.7132,2.8409

2038.6900,-0.2019,-0.0788,4.1817,5.9109,-0.1402,6.6514,4.3043,2.3293,6.6514,2.9468

2039.6890,-0.3254,-0.2022,4.1199,5.1084,0.0450,6.5897,4.3661,2.1853,6.5897,2.8145

2040.6890,-0.0168,-0.0170,3.9347,5.6640,0.6624,6.7749,3.9956,2.3705,6.7749,2.9997

2041.6900,-0.5106,0.4769,2.4529,5.4788,-0.1402,6.4662,3.8721,1.9383,6.4662,2.5852

2042.6890,-0.0785,0.4769,3.8730,5.4170,0.0450,6.3427,3.9956,2.2882,6.3427,2.8674

2043.6890,0.2919,0.2299,3.9347,5.8492,-0.2020,6.7749,3.9956,2.3499,6.7749,2.9820

2044.6890,-0.0785,0.4769,3.9347,4.8614,-0.0785,6.4662,3.9339,2.1750,6.4662,2.7880

2045.6890,-0.0785,0.1682,3.6260,5.6640,0.0450,6.5279,3.6869,2.1853,6.5279,2.8057

2046.6890,-0.0785,-0.1405,4.1817,5.3553,0.0450,6.8366,3.9956,2.2264,6.8366,2.8850

2047.6890,-0.0785,-0.0788,3.8112,5.5405,-0.0167,6.8366,3.8104,2.1647,6.8366,2.8321

2048.6890,0.1067,0.1065,3.8112,5.6640,0.9711,6.7749,4.1191,2.4631,6.7749,3.0791

2049.6900,0.1067,0.0447,4.4904,5.1701,0.4772,6.5897,3.8721,2.3602,6.5897,2.9644

2050.6890,-0.0785,1.2794,4.3669,5.2936,0.0450,6.7132,3.8721,2.4631,6.7132,3.0702

2051.6890,0.6622,0.1065,3.6260,5.4170,0.0450,6.5897,3.4400,2.2161,6.5897,2.8409

2052.6890,-0.7575,0.2299,3.9347,5.8492,-0.0167,6.6514,3.5634,2.1338,6.6514,2.7792

2053.6890,-0.0785,-0.6344,3.7495,5.4788,-0.2020,6.8984,3.6869,2.0001,6.8984,2.6998

2054.6900,-0.0785,0.1682,4.1199,5.3553,0.1067,6.4662,4.6748,2.3911,6.4662,2.9732

2055.6890,0.0450,-0.2640,4.0582,5.2936,0.2920,6.8984,4.0574,2.2470,6.8984,2.9115

2056.6890,-0.0168,-0.2022,3.8730,5.6022,0.0450,6.5279,4.3661,2.2779,6.5279,2.8850

2057.6890,0.2919,-0.4492,4.3669,5.1701,0.2302,6.7132,3.8104,2.2367,6.7132,2.8762

2058.6890,-0.0785,0.1065,4.3052,5.5405,0.6624,6.0341,4.6130,2.5248,6.0341,3.0262

2059.6890,0.1067,0.2917,3.9347,5.4170,-0.0167,6.7749,3.7487,2.2470,6.7749,2.8938

2060.6890,-0.0168,-0.2022,4.3052,5.3553,0.4155,6.7749,3.8104,2.2779,6.7749,2.9203

2061.6890,-0.0785,0.0447,4.1199,5.1084,-0.0785,6.5897,3.8721,2.1647,6.5897,2.7968

2062.6890,-0.0785,0.3534,4.2434,5.7257,-0.0785,7.2688,4.1191,2.3808,7.2688,3.0791

2063.6890,-0.1402,0.4769,3.6878,5.8492,-0.4489,6.5279,4.0574,2.2470,6.5279,2.8586

2064.6890,-0.1402,0.3534,4.3052,5.6022,0.5389,6.4662,3.8721,2.4219,6.4662,2.9997

2065.6900,0.1684,0.1682,3.9347,5.7874,-0.2637,6.6514,3.9339,2.2882,6.6514,2.9115

2066.6890,0.1684,0.2299,3.6878,5.8492,-0.5107,6.5279,3.8721,2.2161,6.5279,2.8321

2067.6890,-0.0168,0.6003,4.4286,5.9109,0.7242,6.4662,3.9339,2.5969,6.4662,3.1496

2068.6890,-0.3254,0.2917,4.2434,5.7257,1.3416,6.8984,3.8721,2.5249,6.8984,3.1496

2069.6890,0.1067,0.1682,3.8112,5.6640,1.2181,6.8366,3.8104,2.4631,6.8366,3.0879

2070.6890,-0.0168,0.2299,3.9965,6.5283,0.1067,6.7749,3.8104,2.4425,6.7749,3.0614

2071.6890,0.0450,-0.5109,4.3669,5.6022,-0.0785,6.8984,3.9956,2.2367,6.8984,2.9027

2072.6900,-0.0168,0.1065,3.2556,5.2936,0.2920,6.4045,3.9956,2.1544,6.4045,2.7616

2073.6890,-0.2019,-0.0170,3.9347,5.2318,0.1685,6.4045,3.9339,2.1750,6.4045,2.7792

2074.6890,-0.0785,0.0447,4.4286,5.2936,0.1067,6.7132,4.3661,2.3602,6.7132,2.9821

2075.6890,0.1067,-0.0788,4.1817,5.7874,0.6007,6.8366,3.7487,2.3911,6.8366,3.0261

2076.6890,-0.2637,0.2299,4.1817,5.7257,0.1067,6.4045,3.8721,2.3088,6.4045,2.8939

2077.6900,-0.0168,-0.6344,4.1199,5.6022,-0.2020,6.7749,3.8104,2.1132,6.7749,2.7792

2078.6890,0.2919,0.3534,4.6139,5.5405,-0.0785,6.4045,3.9956,2.4528,6.4045,3.0173

2079.6890,0.3536,0.0447,4.3669,5.6022,-0.3255,6.4662,3.9339,2.3293,6.4662,2.9203

2080.6890,0.6622,0.1065,3.9965,5.7257,-0.2020,6.2810,4.2426,2.4219,6.2810,2.9732

2081.6900,-0.0785,0.4151,3.9347,5.1084,-0.4489,6.4662,2.1434,1.8457,6.4662,2.5058

2082.6890,0.0450,0.1065,3.8112,4.9231,0.2302,6.9601,4.1191,2.2059,6.9601,2.8850

2083.6890,-1.4982,0.1065,3.5025,5.6022,0.1685,6.7132,3.6869,1.9281,6.7132,2.6117

2084.6890,-0.0785,-0.0788,3.9347,5.2936,-0.5724,6.5279,3.9956,2.0824,6.5279,2.7175

2085.6890,-0.5106,0.1065,3.8730,5.2936,0.1685,6.4662,4.4895,2.2367,6.4662,2.8410

2086.6890,0.6005,0.2299,3.9965,5.6022,-0.1402,6.7132,3.8104,2.3499,6.7132,2.9732

2087.6890,-0.2019,-0.0170,3.6260,5.4170,0.2302,6.5279,4.1808,2.2059,6.5279,2.8233

2088.6890,0.2919,0.0447,4.4904,5.6640,0.1067,6.4045,3.8721,2.4116,6.4045,2.9820

2089.6890,0.0450,0.4151,3.6878,5.4788,0.7242,6.7749,4.0574,2.4014,6.7749,3.0262

2090.6890,0.0450,0.3534,4.1199,5.4170,0.4155,6.6514,3.6869,2.3396,6.6514,2.9556

2091.6890,-0.0785,-0.1405,4.0582,6.8369,-0.3255,6.9601,4.1191,2.4116,6.9601,3.0614

2092.6890,-0.0785,0.2299,3.4408,5.5405,0.1067,6.4662,4.2426,2.2470,6.4662,2.8498

2093.6890,0.0450,-0.1405,4.1199,5.6640,0.2920,6.5279,3.9956,2.3293,6.5279,2.9291

2094.6890,-0.0168,0.6621,4.0582,4.9849,-0.0785,6.3427,5.1687,2.4631,6.3427,3.0173

2095.6890,-0.3871,0.1682,3.8730,5.3553,0.0450,6.2810,4.4278,2.2470,6.2810,2.8233

2096.6890,0.0450,0.0447,3.5643,5.2936,-0.1402,6.5279,3.5017,2.0515,6.5279,2.6910

2097.6890,0.0450,0.0447,3.9347,5.6022,0.7242,6.8366,3.6869,2.3396,6.8366,2.9821

2098.6890,0.1684,0.0447,3.9965,5.7257,0.0450,6.4662,4.1191,2.3499,6.4662,2.9379

2099.6890,-0.2019,0.2917,3.4408,5.9726,-0.2020,6.5279,3.8721,2.1956,6.5279,2.8145

2100.6890,-0.1402,0.0447,4.1199,5.2936,0.4155,6.8984,3.5017,2.2059,6.8984,2.8762

2101.6890,-0.2637,-0.0788,3.9965,5.2318,-0.4489,6.8366,4.0574,2.0824,6.8366,2.7616

2102.6890,0.3536,0.1065,5.0460,4.5527,0.0450,6.4662,3.9956,2.3499,6.4662,2.9380

2103.6890,-0.0785,0.1682,3.8112,5.7257,0.2302,6.3427,4.1191,2.3293,6.3427,2.9027

2104.6890,-0.4489,-0.2022,4.3669,5.2936,0.3537,6.5897,3.8721,2.2059,6.5897,2.8321

2105.6890,-0.0785,0.3534,3.9347,5.1084,0.0450,6.7132,4.0574,2.2367,6.7132,2.8762

2106.6890,1.5882,-0.6344,4.1199,5.2318,0.1685,6.5897,3.7487,2.3704,6.5897,2.9732

2107.6890,-0.0785,-0.0170,4.0582,7.0221,-0.2637,6.7749,3.9956,2.4528,6.7749,3.0702

2108.6890,0.4153,0.0447,4.4904,5.2936,0.1067,7.2070,3.6869,2.3396,7.2070,3.0350

2109.6890,0.2302,-0.2022,4.1817,5.2936,-0.0167,7.0218,3.7487,2.2058,7.0218,2.8938

2110.6900,0.2302,-0.0788,3.9347,5.2936,0.2302,7.2688,4.0574,2.2779,7.2688,2.9909

2111.6890,0.4153,0.2299,3.7495,5.2936,-0.9429,6.0958,4.1808,2.1544,6.0958,2.7174

2112.6900,0.4153,0.2299,3.9965,5.8492,-0.0785,6.7132,3.7487,2.3602,6.7132,2.9820

2113.6890,0.3536,-0.0170,4.2434,5.6022,0.2302,6.4662,4.5513,2.4940,6.4662,3.0614

2114.6890,0.0450,-0.3257,4.0582,5.7874,-0.1402,6.7132,4.3043,2.2882,6.7132,2.9203

2115.6900,-0.0785,0.1682,3.7495,5.1701,-0.2020,6.7132,4.3661,2.1956,6.7132,2.8409

2116.6890,0.2302,0.0447,3.6878,5.4788,1.0946,6.7132,3.6869,2.3705,6.7132,2.9909

2117.6890,-0.9427,0.2299,4.0582,5.0466,0.2302,6.5897,4.1808,2.1339,6.5897,2.7704

2118.6890,0.4153,0.1682,4.5521,5.6640,-0.0167,6.4662,4.1191,2.4837,6.4662,3.0526

2119.6890,0.3536,0.0447,3.8730,5.4788,0.1067,6.5897,3.8104,2.2779,6.5897,2.8938

2120.6890,0.5388,0.4151,5.4782,5.2936,-0.0167,6.4662,4.1191,2.6380,6.4662,3.1849

2121.6890,0.1684,0.2917,4.1199,5.4788,-0.6342,7.0836,3.9956,2.2367,7.0836,2.9291

2122.6890,0.4153,-0.3874,4.3052,5.2318,0.1685,6.5279,3.9956,2.2882,6.5279,2.8938

2123.6890,0.2302,-0.0788,3.8730,5.3553,-0.0167,6.5897,3.8721,2.2058,6.5897,2.8321

2124.6890,0.1067,0.4769,3.9347,5.2318,0.4155,6.3427,3.8721,2.3396,6.3427,2.9115

2125.6900,-0.3871,0.2299,4.4286,5.4170,0.2302,6.1575,4.0574,2.3293,6.1575,2.8762

2126.6890,0.2302,0.5386,5.1078,5.6640,-0.1402,6.3427,3.9956,2.5660,6.3427,3.1055

2127.6890,0.7857,-0.7579,3.9965,4.7997,0.1067,6.6514,4.1191,2.1750,6.6514,2.8145

2128.6900,0.7240,0.0447,3.9347,5.7874,-0.8811,6.8984,3.5634,2.1955,6.8984,2.8674

2129.6890,0.0450,-0.1405,4.1199,5.2936,0.1067,6.5897,3.8104,2.2059,6.5897,2.8321

2130.6890,-0.0168,0.0447,3.1938,5.5405,-0.1402,6.4662,3.9339,2.0927,6.4662,2.7175

2131.6890,0.0450,-0.0170,4.0582,5.3553,0.1067,6.1575,3.9956,2.2573,6.1575,2.8145

2132.6900,0.2302,0.1065,4.0582,5.4788,0.1067,6.0958,3.9956,2.3293,6.0958,2.8674

2133.6890,1.0326,-0.4492,3.8730,5.4170,0.0450,6.5897,3.7487,2.2779,6.5897,2.8938

2134.6890,-0.5723,0.2299,4.0582,5.3553,0.1685,6.4045,4.3661,2.2676,6.4045,2.8586

2135.6890,0.2919,-0.0788,3.7495,5.2318,0.1685,6.4045,3.8104,2.1956,6.4045,2.7968

2136.6890,-0.2019,0.0447,3.9347,5.6022,-0.3255,6.7749,2.8225,1.9795,6.7749,2.6645

2137.6890,0.1067,0.1682,3.9347,6.0961,-0.3872,6.4662,4.1808,2.3499,6.4662,2.9379

2138.6890,0.0450,0.2299,3.9965,5.3553,0.0450,6.3427,3.9956,2.2779,6.3427,2.8586

2139.6890,0.1684,-0.0788,3.9965,4.9231,-0.0167,6.3427,3.8721,2.1441,6.3427,2.7439

2140.6890,-0.0785,0.5386,4.0582,5.6022,-0.0785,8.1331,4.0574,2.3499,8.1331,3.1761

2141.6890,-0.3254,0.0447,4.4286,5.4170,0.1685,7.0836,3.9956,2.2882,7.0836,2.9732

2142.6890,-0.0168,0.1682,4.0582,4.7379,0.5389,7.2070,3.5634,2.1750,7.2070,2.8939

2143.6890,0.1684,0.1682,3.9965,5.6640,-0.1402,6.3427,3.8721,2.2882,6.3427,2.8674

2144.6890,-0.2637,0.0447,3.9965,5.4170,-0.1402,6.3427,4.1808,2.2059,6.3427,2.7968

2145.6890,0.1067,-0.3257,4.4904,5.5405,-0.0785,6.4662,3.8104,2.2573,6.4662,2.8586

2146.6890,0.2302,0.6621,4.2434,5.4170,-0.0785,6.2810,3.6869,2.3602,6.2810,2.9203

2147.6890,-0.0168,0.6003,3.9965,5.6022,-0.2020,6.1575,3.9956,2.3293,6.1575,2.8762

2148.6890,-0.0168,0.0447,3.6260,5.2936,0.3537,6.0341,4.6130,2.3190,6.0341,2.8498

2149.6890,0.0450,0.1682,4.6139,5.6022,0.0450,6.5897,3.9956,2.4116,6.5897,3.0085

2150.6890,0.2919,0.2917,3.8730,5.3553,0.0450,6.4662,3.5634,2.2367,6.4662,2.8409

2151.6890,0.1684,-0.2640,3.9965,5.7257,0.1067,6.5897,3.6869,2.2367,6.5897,2.8586

2152.6890,-0.2019,0.2299,4.2434,5.3553,-0.0167,6.3427,4.2426,2.3088,6.3427,2.8850

2153.6890,0.1684,0.4769,4.2434,5.6022,-0.3872,6.7749,3.9339,2.3396,6.7749,2.9732

2154.6890,0.3536,-0.0788,3.7495,5.2936,0.2920,6.3427,3.9956,2.2676,6.3427,2.8497

2155.6890,0.5388,-0.2022,3.6260,5.4788,-0.4489,6.4662,3.6869,2.1132,6.4662,2.7351

2156.6890,0.0450,0.2917,3.5025,5.4170,0.2302,6.4662,4.1191,2.2676,6.4662,2.8674

2157.6890,0.1684,-0.3874,4.4904,5.6022,0.1685,6.4662,4.1191,2.3602,6.4662,2.9468

2158.6890,-0.8192,0.5386,3.8730,5.4170,-0.1402,6.8366,4.1808,2.1750,6.8366,2.8409

2159.6900,0.0450,0.1682,4.1817,5.8492,-0.0785,6.5897,4.1191,2.3808,6.5897,2.9820

2160.6890,-0.4489,0.1682,4.0582,5.3553,-0.0167,6.4045,4.6130,2.2882,6.4045,2.8762

2161.6890,0.0450,0.3534,3.6878,6.4665,-0.1402,6.6514,3.8721,2.3808,6.6514,2.9909

2162.6890,-0.0168,0.2299,3.9347,5.2936,-0.0785,6.8984,3.6869,2.1750,6.8984,2.8497

2163.6890,0.2302,0.1065,3.8730,5.3553,0.0450,6.0958,3.9339,2.2573,6.0958,2.8057

2164.6890,-0.0168,0.2299,4.0582,5.1701,0.3537,6.6514,3.8721,2.2779,6.6514,2.9027

2165.6890,0.2302,1.2177,3.9965,5.2318,0.2920,6.1575,3.8104,2.4631,6.1575,2.9909

2166.6890,-0.1402,0.0447,4.7991,5.6640,-0.0785,7.7627,3.9956,2.3808,7.7627,3.1496

2167.6890,0.4153,-0.0788,3.8730,5.4788,0.1067,7.3922,4.1808,2.3293,7.3922,3.0526

2168.6890,-0.0168,0.6621,4.2434,5.2936,0.2302,6.5897,3.9339,2.3911,6.5897,2.9909

2169.6890,0.1684,0.1065,3.8112,5.2318,0.1067,6.3427,3.6869,2.1853,6.3427,2.7792

2170.6890,-0.0785,0.1065,4.5521,5.2936,-0.0785,6.7749,3.8721,2.2779,6.7749,2.9203

2171.6900,-0.1402,0.1682,3.5643,5.4170,0.2302,6.4045,3.9956,2.2059,6.4045,2.8057

2172.6900,0.3536,-0.0170,4.1817,5.2318,0.1067,6.5897,3.9339,2.2985,6.5897,2.9115

2173.6890,0.1067,0.1682,4.3052,5.2318,-0.2020,6.8366,3.7487,2.2264,6.8366,2.8850

2174.6890,0.2302,0.4769,4.3669,5.4170,-0.1402,6.4045,3.7487,2.3499,6.4045,2.9291

2175.6890,-0.0168,0.1682,3.8730,5.4788,0.1067,6.5897,4.3661,2.3293,6.5897,2.9380

2176.6890,-0.0785,0.4151,3.8730,5.6022,-0.2020,7.0836,3.2547,2.1441,7.0836,2.8497

2177.6890,0.1067,0.2299,3.9347,5.6640,0.0450,6.5279,3.5017,2.2470,6.5279,2.8586

2178.6890,-0.0168,-0.4492,4.0582,5.6640,-1.2516,6.8366,3.9339,1.9898,6.8366,2.6822

2179.6890,-0.0785,0.2299,3.7495,5.0466,0.1067,6.4662,3.8721,2.1544,6.4662,2.7704

2180.6890,0.0450,-0.2640,4.0582,6.3430,0.2920,6.2810,3.9339,2.4014,6.2810,2.9556

2181.6890,0.0450,0.0447,4.4904,5.4788,0.4772,5.9106,4.1191,2.4425,5.9106,2.9380

2182.6890,0.2302,0.4769,4.0582,5.2318,0.2302,5.7871,3.6869,2.3190,5.7871,2.8145

2183.6890,-0.2637,-0.0788,4.4904,5.4788,-0.2020,6.5279,3.6252,2.1750,6.5279,2.7968

2184.6890,0.0450,0.1682,4.1199,5.3553,-0.3255,6.7132,3.9956,2.2264,6.7132,2.8674

2185.6890,-0.7575,0.5386,3.5643,5.1084,-0.1402,6.6514,4.1808,2.0824,6.6514,2.7351

2186.6900,-0.0168,0.4151,3.8730,5.6022,0.1067,7.0218,3.8721,2.3087,7.0218,2.9820

2187.6890,-0.3254,0.2917,4.1199,5.9109,0.2302,6.8366,3.7487,2.3293,6.8366,2.9732

2188.6890,-0.0785,0.1065,4.0582,5.4788,-0.2020,6.2193,4.4895,2.3088,6.2193,2.8674

2189.6890,-0.3254,0.2299,3.8730,5.6022,0.0450,6.4662,4.0574,2.2470,6.4662,2.8498

2190.6890,0.1684,0.1065,4.0582,5.6022,0.2920,6.1575,4.1191,2.3911,6.1575,2.9291

2191.6890,-0.2019,0.1065,3.6260,5.1084,0.0450,6.8366,4.1191,2.1338,6.8366,2.8057

2192.6890,-0.5723,0.3534,4.1817,4.1823,0.3537,6.3427,3.8721,2.0618,6.3427,2.6734

2193.6890,-0.0785,0.0447,4.1817,5.1084,0.4155,6.4045,4.4895,2.3602,6.4045,2.9380

2194.6900,0.3536,-0.0170,4.3052,5.4788,0.1685,6.4045,3.8721,2.3602,6.4045,2.9379

2195.6890,-0.2637,-0.2640,3.9347,5.7874,-0.3872,6.3427,4.0574,2.1441,6.3427,2.7439

2196.6890,0.1067,0.2299,4.6139,5.9109,0.1067,6.4045,4.4895,2.5763,6.4045,3.1232

2197.6890,0.2302,-0.0788,3.9965,5.4788,0.2920,5.9723,4.1808,2.3499,5.9723,2.8674

2198.6890,0.6622,0.0447,3.8730,4.9231,0.1067,6.4662,3.3782,2.1647,6.4662,2.7792

2199.6890,-0.0168,-0.0170,5.1695,5.7874,0.0450,6.4045,4.1808,2.5248,6.4045,3.0791

2200.6890,0.1067,-0.0170,3.3173,5.4170,0.2920,6.3427,4.2426,2.2264,6.3427,2.8145

2201.6890,-0.0785,0.5386,4.0582,5.6022,-0.2020,6.8366,4.0574,2.3293,6.8366,2.9732

2202.6890,0.6005,0.2917,4.1199,5.1084,-1.5603,7.2070,3.9339,2.0823,7.2070,2.8144

2203.6890,0.2919,-0.2640,3.8730,5.4788,-0.2020,6.5279,3.9339,2.1853,6.5279,2.8056

2204.6890,0.1067,-0.6961,4.0582,5.2936,-0.2020,6.7132,3.9339,2.0824,6.7132,2.7439

2205.6890,-0.2019,-0.0788,4.0582,5.5405,-0.8194,6.5279,4.1808,2.1132,6.5279,2.7439

2206.6900,-0.0785,0.2299,3.9347,5.6640,0.1685,6.3427,3.8104,2.2882,6.3427,2.8674

2207.6890,-0.0785,0.1682,3.9347,5.2936,0.1067,6.5279,4.1191,2.2573,6.5279,2.8674

2208.6890,0.1067,-0.0170,4.4286,5.4788,0.5389,6.8366,3.7487,2.3808,6.8366,3.0173

2209.6890,-1.1896,0.3534,4.1199,5.4170,0.1685,6.4662,4.9217,2.2985,6.4662,2.8939

2210.6890,0.1067,0.1682,3.8112,6.0961,-0.2637,6.2810,4.1808,2.3499,6.2810,2.9115

2211.6890,0.0450,0.0447,4.4904,5.2318,-0.1402,6.7132,4.4278,2.3499,6.7132,2.9732

2212.6890,-0.0785,0.4151,3.5643,5.7874,0.1685,6.5279,4.2426,2.3499,6.5279,2.9468

2213.6890,0.0450,0.0447,4.2434,5.2936,0.1067,6.7749,3.9956,2.2882,6.7749,2.9291

2214.6890,0.6005,-0.2640,4.3052,5.4170,0.6007,6.5897,4.0574,2.4528,6.5897,3.0438

2215.6890,0.2302,0.7856,4.1199,5.6640,-0.0785,6.2810,3.9339,2.4425,6.2810,2.9909

2216.6890,0.4771,-0.2022,3.7495,4.8614,-0.1402,6.4045,3.6869,2.0721,6.4045,2.6910

2217.6890,-0.1402,0.2917,4.0582,5.9109,0.2302,6.5279,3.6252,2.3293,6.5279,2.9291

2218.6890,0.1684,-0.3874,3.7495,5.5405,-0.2637,6.8366,3.8721,2.1132,6.8366,2.7880

2219.6890,-0.0785,0.0447,4.1199,5.4788,0.1067,6.1575,4.0574,2.2882,6.1575,2.8409

2220.6890,-0.2637,0.2917,4.1199,5.4170,0.1067,6.4662,3.5017,2.1956,6.4662,2.8057

2221.6890,-0.2637,0.2917,3.9965,5.4788,0.0450,6.6514,4.3043,2.3088,6.6514,2.9291

2222.6890,0.0450,0.2299,3.9347,5.7874,-0.0785,6.5279,3.9956,2.3190,6.5279,2.9203

2223.6890,0.1067,0.4769,3.6878,5.5405,0.1067,6.7749,3.6869,2.2676,6.7749,2.9115

2224.6890,0.1067,0.0447,4.1199,5.2936,0.3537,6.3427,4.1808,2.3499,6.3427,2.9203

2225.6890,0.1684,0.3534,4.3669,5.4788,-0.0785,6.9601,3.9339,2.3705,6.9601,3.0261

2226.6900,0.0450,0.2917,4.3669,5.5405,0.2302,6.7132,3.9956,2.4116,6.7132,3.0261

2227.6890,-0.0785,0.4151,4.9226,5.6022,-0.0167,6.6514,3.8721,2.4528,6.6514,3.0526

2228.6890,0.3536,0.1682,3.9347,5.3553,0.1067,6.2810,3.8721,2.2984,6.2810,2.8674

2229.6890,0.1684,-0.0170,4.4286,5.4170,-0.0167,6.7132,3.9339,2.3190,6.7132,2.9468

2230.6890,0.0450,-0.0170,3.9347,5.2318,0.1685,6.2193,3.8721,2.2059,6.2193,2.7792

2231.6890,-0.1402,0.4151,3.8112,5.8492,-0.1402,6.2193,3.7487,2.2573,6.2193,2.8233

2232.6900,-0.2019,-0.0788,4.2434,5.5405,-0.0167,6.7132,4.7365,2.3705,6.7132,2.9909

2233.6890,0.1684,0.1065,4.2434,5.3553,-0.0785,7.8244,3.9339,2.2882,7.8244,3.0791

2234.6890,0.0450,-0.1405,4.1199,5.4788,-0.0785,7.8244,3.8104,2.2058,7.8244,3.0085

2235.6890,0.7240,0.1065,4.0582,5.9109,-0.2020,7.4540,3.9339,2.4219,7.4540,3.1408

2236.6890,0.2302,0.2917,3.7495,5.1701,0.0450,7.5157,3.5634,2.1750,7.5157,2.9379

2237.6890,-0.2019,0.1682,3.9347,5.6022,-0.0167,7.2070,3.9956,2.2470,7.2070,2.9556

2238.6890,-0.2019,0.1065,4.1817,5.1084,0.1067,5.9106,3.9339,2.2059,5.9106,2.7351

2239.6890,-0.3254,0.1065,4.0582,5.1084,0.1067,6.0958,4.6130,2.2779,6.0958,2.8233

2240.6890,-0.1402,0.4151,3.8730,5.8492,-0.5107,6.3427,3.9339,2.2367,6.3427,2.8233

2241.6890,-0.9427,-0.3257,3.9965,5.6022,0.0450,6.0341,4.3661,2.1236,6.0341,2.6822

2242.6890,0.1067,0.9708,4.1817,5.2936,-0.1402,6.2193,3.6869,2.3499,6.2193,2.9027

2243.6890,-0.0785,-0.0170,3.9347,5.6640,0.2920,6.0958,3.8721,2.2779,6.0958,2.8233

2244.6890,0.2919,0.0447,3.8730,5.4788,-0.2637,6.3427,4.4278,2.3087,6.3427,2.8850

2245.6890,-0.2019,0.2299,3.9965,5.0466,0.1685,6.0958,3.9956,2.2059,6.0958,2.7616

2246.6890,-0.0785,0.2299,4.0582,5.4170,0.1685,6.5279,3.9339,2.2882,6.5279,2.8939

2247.6890,0.3536,0.1065,4.0582,5.7257,0.3537,7.2688,3.8104,2.4013,7.2688,3.0967

2248.6890,0.2302,0.3534,3.9347,5.4788,0.2302,7.0218,4.1191,2.3911,7.0218,3.0526

2249.6890,-0.0168,0.4769,4.3669,5.1701,-0.0785,6.7749,4.0574,2.3293,6.7749,2.9644

2250.6890,-0.0785,0.4769,4.1199,6.0961,0.2920,7.0218,3.9339,2.4734,7.0218,3.1232

2251.6890,0.1684,-0.0170,3.8730,5.2936,-0.0167,7.0836,3.8721,2.1956,7.0836,2.8938

2252.6900,0.3536,0.5386,4.2434,5.4170,-0.0785,7.2070,3.9956,2.4116,7.2070,3.0967

2253.6890,0.1684,-0.2640,3.8730,5.4788,-0.0785,7.0218,3.7487,2.1544,7.0218,2.8497

2254.6890,0.2302,0.1065,4.6139,5.4788,-0.3255,6.8984,3.9956,2.3499,6.8984,2.9997

2255.6890,-0.2019,0.6003,3.7495,5.3553,-0.0785,7.0218,4.0574,2.2470,7.0218,2.9291

2256.6890,0.2919,0.1682,3.9347,5.4788,-0.1402,7.0218,3.8721,2.2676,7.0218,2.9468

2257.6890,0.2302,0.1682,4.6139,5.4788,-0.2020,6.8366,3.7487,2.3396,6.8366,2.9820

2258.6890,0.1684,-0.1405,3.8730,5.4788,-0.1402,7.0218,3.8104,2.1750,7.0218,2.8674

2259.6890,0.1684,-0.0788,3.7495,5.1701,0.1067,6.5897,4.2426,2.2264,6.5897,2.8498

2260.6890,0.3536,-0.2022,4.1199,5.6022,0.1067,6.8366,3.8104,2.2984,6.8366,2.9468

2261.6890,-0.0168,-0.0170,3.6878,5.2936,-0.0785,6.8366,3.8721,2.1235,6.8366,2.7968

2262.6890,-0.0785,0.1065,3.5643,5.7257,0.1067,6.5897,4.1191,2.2573,6.5897,2.8762

2263.6890,-0.0168,0.3534,3.9347,6.1578,-0.1402,7.2070,3.7487,2.3396,7.2070,3.0350

2264.6890,0.1684,0.3534,3.8730,5.3553,-0.1402,7.0218,3.5017,2.1853,7.0218,2.8762

2265.6890,0.6005,-0.1405,3.1321,5.2318,-0.2637,6.8984,3.6252,2.0309,6.8984,2.7263

2266.6890,-0.3254,0.3534,4.4286,5.1701,0.1067,6.7132,4.3661,2.3499,6.7132,2.9732

2267.6890,-0.0785,0.0447,4.1817,4.6762,-0.1402,7.1453,3.8721,2.0927,7.1453,2.8145

2268.6890,-0.4489,0.7238,3.5643,5.4788,-0.2020,6.8984,3.6869,2.1338,6.8984,2.8145

2269.6890,-0.0168,0.2299,3.3791,5.9726,-0.2020,6.8984,4.1808,2.2573,6.8984,2.9203

2270.6890,-0.3871,0.5386,3.8730,5.0466,0.1067,6.7749,3.9339,2.1853,6.7749,2.8409

2271.6890,-0.0785,-0.1405,4.1199,6.5900,0.1067,6.7132,3.5634,2.3602,6.7132,2.9820

2272.6890,-1.7451,-0.5726,4.1817,5.4788,0.2302,7.0218,4.5513,2.0207,7.0218,2.7351

2273.6900,-0.0168,0.6003,3.9965,4.9849,0.1685,6.6514,4.0574,2.2985,6.6514,2.9203

2274.6890,-0.2019,0.2917,3.8730,5.6022,0.4155,6.8366,3.6869,2.2779,6.8366,2.9291

2275.6890,-0.0785,0.1065,4.0582,5.6022,-0.0785,7.3305,4.3043,2.3190,7.3305,3.0350

2276.6890,-0.4489,0.4151,3.4408,5.0466,0.2920,6.8366,3.8721,2.1030,6.8366,2.7792

2277.6900,0.1067,0.0447,4.6139,5.5405,-0.1402,7.2070,4.1191,2.3808,7.2070,3.0702

2278.6890,-0.4489,0.2917,4.1817,5.2936,0.1685,6.8366,4.4278,2.3191,6.8366,2.9644

2279.6890,-0.0785,-1.2517,3.6260,6.1578,-0.0785,7.4540,4.1191,2.0824,7.4540,2.8497

2280.6890,-0.3254,0.1682,4.4286,5.4788,0.4155,6.4045,4.2426,2.4014,6.4045,2.9732

2281.6890,-0.2637,0.6003,4.6139,5.6022,0.2920,7.0836,4.1808,2.5043,7.0836,3.1585

2282.6890,0.3536,-0.2022,3.9965,5.2936,0.4772,7.1453,3.4400,2.2264,7.1453,2.9291

2283.6890,-0.0785,-0.0788,4.1817,4.7379,0.0450,7.1453,3.5634,2.0618,7.1453,2.7880

2284.6890,-0.0785,0.2917,4.1817,5.6022,0.5389,6.9601,4.2426,2.4631,6.9601,3.1055

2285.6890,0.1067,0.3534,4.3052,5.3553,0.3537,6.5897,4.2426,2.4528,6.5897,3.0438

2286.6890,0.0450,-0.2022,4.1817,5.4788,-0.1402,7.0218,3.3782,2.1235,7.0218,2.8233

2287.6890,-0.0785,-0.2640,3.9347,5.0466,0.1685,6.5279,3.9956,2.1338,6.5279,2.7616

2288.6890,0.6005,0.4151,3.9965,5.1701,-0.1402,7.0836,4.1191,2.3602,7.0836,3.0349

2289.6900,0.1067,-0.0170,4.3669,4.4293,0.2920,6.5897,4.1808,2.2264,6.5897,2.8498

2290.6890,0.0450,0.2917,4.2434,5.8492,0.1685,6.9601,4.1191,2.4528,6.9601,3.0967

2291.6890,-1.8069,-0.0788,4.1817,5.0466,0.1685,7.2070,3.8721,1.8972,7.2070,2.6558

2292.6890,0.1067,0.5386,4.0582,5.2318,-0.0785,6.8984,4.3043,2.3602,6.8984,3.0085

2293.6890,-0.0168,0.2299,4.1817,5.2936,0.3537,7.0218,3.8104,2.3088,7.0218,2.9821

2294.6890,-0.3254,0.3534,3.9347,5.6640,-0.1402,7.5157,3.9956,2.2470,7.5157,2.9997

2295.6890,0.0450,0.4151,3.8730,5.2936,0.0450,6.7749,3.9956,2.2779,6.7749,2.9203

2296.6890,-0.0168,-0.3257,3.4408,5.4170,0.1067,6.7749,4.1191,2.1235,6.7749,2.7880

2297.6890,0.5388,0.1682,3.8730,5.2936,0.1685,6.8366,3.9956,2.3396,6.8366,2.9820

2298.6890,0.0450,-0.0788,3.5025,5.1084,0.2302,6.6514,3.7487,2.0927,6.6514,2.7439

2299.6890,0.0450,0.4151,4.6139,5.4788,0.0450,7.0836,3.8721,2.4116,7.0836,3.0791

2300.6890,0.1067,0.6621,4.0582,5.1084,0.1067,6.7749,3.9339,2.3293,6.7749,2.9644

2301.6890,0.2302,0.2299,3.5025,5.5405,-0.0785,7.0218,3.8721,2.2161,7.0218,2.9027

2302.6890,-0.2637,0.0447,3.3791,4.3675,0.3537,6.6514,4.2426,2.0207,6.6514,2.6822

2303.6890,0.1684,0.1682,4.0582,5.4170,-0.0167,7.0218,4.3661,2.3602,7.0218,3.0261

2304.6890,-0.2019,0.2917,4.6756,5.5405,-0.0785,6.8984,3.9339,2.3602,6.8984,3.0085

2305.6890,0.1067,0.1065,4.1199,5.1701,0.3537,7.2688,3.9956,2.3088,7.2688,3.0173

2306.6890,0.1067,0.2299,3.8112,5.9726,0.2920,6.8366,4.0574,2.4116,6.8366,3.0438

2307.6890,-0.1402,0.4151,4.3669,5.6022,0.1067,6.7749,4.4895,2.4734,6.7749,3.0879

2308.6900,-1.7451,1.0325,3.9347,5.3553,0.2920,6.8366,3.9956,2.1442,6.8366,2.8145

2309.6890,-0.0785,-0.0170,3.9347,5.5405,-0.0785,6.8984,4.1808,2.2470,6.8984,2.9115

2310.6890,0.2302,0.0447,4.2434,5.5405,0.2920,6.4045,4.0574,2.4014,6.4045,2.9732

2311.6890,0.0450,1.0325,3.9347,5.4788,-0.2637,6.8984,3.6252,2.3087,6.8984,2.9644

2312.6890,-0.2019,0.2917,3.9965,5.6022,0.2302,7.1453,3.7487,2.2779,7.1453,2.9732

2313.6890,0.1684,0.3534,4.1817,5.2936,0.3537,6.6514,3.8721,2.3705,6.6514,2.9820

2314.6890,0.0450,-0.0170,4.1199,5.4788,0.1685,6.8984,4.0574,2.3088,6.8984,2.9644

2315.6890,0.0450,0.4769,4.3669,5.6640,-0.1402,6.8366,4.1191,2.4219,6.8366,3.0526

2316.6890,0.1067,0.4769,4.3669,5.4170,0.7859,6.4662,4.0574,2.5351,6.4662,3.0967

2317.6900,0.4771,0.6003,4.0582,5.2936,-0.0785,7.1453,3.9956,2.3911,7.1453,3.0702

2318.6890,-0.0785,1.6499,4.3052,5.2318,0.1067,6.8984,4.0574,2.5454,6.8984,3.1673

2319.6890,0.4771,0.1065,3.1938,5.3553,-0.3255,6.7132,3.3782,2.0309,6.7132,2.6998

2320.6890,0.1684,1.3412,4.4286,5.6022,-0.0167,6.7132,3.8104,2.5557,6.7132,3.1496

2321.6890,-0.1402,-0.0788,4.0582,5.6022,0.1685,6.3427,4.2426,2.3088,6.3427,2.8850

2322.6890,-0.0168,0.2299,3.9347,5.6640,-0.1402,6.7749,3.9339,2.2676,6.7749,2.9115

2323.6890,-0.1402,-0.0170,4.1817,4.9231,0.2302,7.0218,3.9339,2.1853,7.0218,2.8762

2324.6900,0.2302,0.0447,3.9965,5.3553,0.1685,6.8984,3.6252,2.2367,6.8984,2.9027

2325.6890,0.0450,0.1065,3.9965,5.5405,0.2920,6.7132,3.6869,2.2779,6.7132,2.9115

2326.6890,0.1067,-0.0788,4.7373,5.6022,-0.1402,6.7132,4.0574,2.3808,6.7132,2.9997

2327.6890,0.4771,-0.2022,4.4286,5.6640,-0.1402,6.7749,4.2426,2.4116,6.7749,3.0350

2328.6890,0.1684,0.7238,4.2434,5.1701,0.1067,6.4045,3.6869,2.3499,6.4045,2.9291

2329.6890,0.1684,0.3534,4.1199,5.7257,-0.1402,7.2070,4.1191,2.3911,7.2070,3.0791

2330.6890,0.3536,0.3534,4.3052,5.7874,-0.0167,7.2688,3.6869,2.4116,7.2688,3.1055

2331.6890,0.0450,0.2299,3.9965,5.3553,-0.2020,7.1453,4.0574,2.2470,7.1453,2.9468

2332.6890,0.1684,1.0942,4.4286,5.5405,-0.3255,7.2070,3.8721,2.4631,7.2070,3.1408

2333.6890,-0.1402,0.2917,4.3052,5.3553,0.0450,6.3427,4.4895,2.3911,6.3427,2.9556

2334.6890,-0.0785,-0.2022,4.2434,5.0466,-0.0785,7.0218,3.8721,2.1338,7.0218,2.8321

2335.6890,0.1067,0.6621,4.1817,5.2318,0.2302,6.5279,4.5513,2.4940,6.5279,3.0702

2336.6890,0.3536,0.2917,4.0582,5.8492,-0.5724,7.0218,3.9956,2.3293,7.0218,2.9997

2337.6890,0.1067,0.0447,3.8730,4.9849,0.4155,6.7749,3.9956,2.2367,6.7749,2.8850

2338.6900,-0.8192,0.4151,4.1199,5.5405,0.1067,6.6514,4.6130,2.3294,6.6514,2.9468

2339.6890,-0.2019,0.2917,4.0582,5.4170,0.3537,6.9601,3.8104,2.2882,6.9601,2.9556

2340.6890,0.1067,0.2299,4.3052,5.5405,-0.0167,7.1453,3.8104,2.3293,7.1453,3.0173

2341.6890,-0.3871,0.0447,3.8730,5.4170,-0.0785,6.8984,3.6252,2.0824,6.8984,2.7704

2342.6890,0.5388,0.1065,3.8730,5.3553,-0.0785,6.8984,3.5017,2.2161,6.8984,2.8850

2343.6890,0.1067,-0.0788,4.6139,5.6022,0.2920,7.0218,3.9956,2.4219,7.0218,3.0791

2344.6890,0.2919,-0.1405,4.4904,5.4170,-0.0785,6.7749,4.0574,2.3396,6.7749,2.9732

2345.6890,-0.0785,0.1065,3.9347,5.2936,0.1067,6.8366,4.3661,2.2882,6.8366,2.9380

2346.6890,-0.0785,0.3534,4.0582,5.4788,-0.5724,7.7627,3.3782,2.1029,7.7627,2.9115

2347.6890,0.5388,0.0447,3.8730,5.4788,0.2302,6.5897,4.0574,2.3705,6.5897,2.9732

2348.6890,-0.3871,-0.0170,4.1817,5.4170,0.1685,6.7132,4.3043,2.2779,6.7132,2.9115

2349.6890,0.1684,-0.1405,4.3052,5.4788,-0.1402,6.7749,3.9956,2.2779,6.7749,2.9203

2350.6890,-0.1402,-0.0170,4.3052,6.3430,0.2302,6.7749,3.8721,2.4322,6.7749,3.0526

2351.6890,0.3536,0.0447,4.3052,5.6640,0.2920,6.9601,3.6869,2.3911,6.9601,3.0438

2352.6890,0.1684,-0.0788,4.6139,5.3553,-0.1402,6.7749,3.8721,2.2985,6.7749,2.9379

2353.6890,-0.0168,0.1065,4.1199,5.3553,0.0450,6.8366,4.3043,2.3190,6.8366,2.9644

2354.6890,0.1067,0.1065,3.9347,5.7874,0.1685,7.3305,4.4278,2.4219,7.3305,3.1232

2355.6890,-0.0785,0.7856,4.0582,5.3553,1.4651,6.2193,4.1808,2.6277,6.2193,3.1408

2356.6890,-0.2019,-0.2640,4.3052,4.9849,0.0450,6.7749,3.6252,2.0824,6.7749,2.7527

2357.6890,1.5264,0.9090,3.9965,5.6640,0.6624,7.0218,3.5017,2.7100,7.0218,3.3260

2358.6890,-0.2637,-0.0170,1.7738,1.7129,2.0825,7.0218,0.7851,1.0123,7.0218,1.8708

2359.6890,0.6622,-0.0788,2.0208,2.0834,1.4651,7.2070,0.4147,1.0946,7.2070,1.9678

2360.6890,0.0450,-0.0788,2.3295,1.5895,2.1443,7.0218,0.5999,1.1049,7.0218,1.9502

2361.6890,-0.1402,0.1065,2.0208,2.2068,2.0825,8.1331,1.1555,1.2386,8.1331,2.2236

2362.6890,0.2919,1.1560,2.5147,2.0834,2.2060,6.7132,0.5381,1.4650,6.7132,2.2147

2363.6890,0.2919,-0.2022,2.4529,2.2068,2.1443,6.7132,0.7234,1.2695,6.7132,2.0472

2364.6890,-0.0785,-1.5604,2.3912,1.9599,1.9590,7.0218,0.6616,0.8888,7.0218,1.7650

2365.6890,-0.2019,-0.3874,2.3295,1.8981,2.0208,6.7132,1.4643,1.1872,6.7132,1.9766

2366.6890,0.2919,-0.3874,2.5147,1.8981,2.2060,6.8366,1.0938,1.2695,6.8366,2.0648

2367.6890,-0.0785,0.0447,1.8973,2.5155,2.3912,6.9601,0.9086,1.2798,6.9601,2.0913

2368.6890,0.4153,-0.0788,2.3295,2.1451,2.2060,6.7749,0.6616,1.2798,6.7749,2.0648

2369.6900,-0.3254,0.0447,2.1442,2.3303,2.0825,6.7132,1.0321,1.2181,6.7132,2.0031

2370.6890,0.1684,-0.0788,2.4529,2.3303,2.2677,6.5897,0.6616,1.3004,6.5897,2.0560

2371.6890,0.5388,0.2299,2.0208,2.3303,2.0825,6.8366,0.5999,1.3004,6.8366,2.0913

2372.6890,0.1067,-0.1405,2.3295,2.3303,2.0825,6.7749,0.8468,1.2592,6.7749,2.0472

2373.6890,-0.0168,0.0447,1.9590,2.4538,2.1443,7.2070,0.7234,1.2181,7.2070,2.0736

2374.6890,-0.1402,-0.0788,2.0825,2.2686,2.5147,5.9723,1.2173,1.3107,5.9723,1.9766

2375.6900,0.0450,-0.1405,2.4529,2.5772,2.5147,6.7749,0.9086,1.3930,6.7749,2.1618

2376.6890,0.1067,-0.0170,2.0825,2.2068,2.5147,6.7132,0.7851,1.2798,6.7132,2.0560

2377.6890,0.6005,-0.5109,2.3912,2.2068,2.2060,7.0218,0.9086,1.3004,7.0218,2.1177

2378.6890,0.0450,0.6003,2.5147,2.1451,2.2677,6.8984,0.9086,1.4136,6.8984,2.1971

2379.6890,-0.3871,0.1682,2.3295,2.0834,2.2677,6.8984,1.0938,1.2592,6.8984,2.0648

2380.6890,0.2302,-0.0170,2.0208,1.9599,2.7617,6.7749,0.7851,1.2901,6.7749,2.0736

2381.6890,0.0450,0.2299,2.2060,2.3920,1.8355,7.1453,0.4147,1.1872,7.1453,2.0383

2382.6890,0.1684,-0.0788,2.0825,2.3303,2.0825,6.7749,0.8468,1.2386,6.7749,2.0295

2383.6890,0.0450,0.2299,2.2677,2.1451,2.4530,7.6392,1.0321,1.3621,7.6392,2.2588

2384.6890,0.2919,-0.0788,2.6999,2.3303,2.2060,6.5279,0.7851,1.3724,6.5279,2.1089

2385.6890,-0.3254,0.0447,2.2060,2.2686,2.1443,6.8984,1.2790,1.2695,6.8984,2.0736

2386.6890,0.1067,-0.1405,2.3912,2.0834,2.5765,6.7132,0.7234,1.2901,6.7132,2.0648

2387.6890,0.3536,-0.0170,2.3295,2.1451,2.1443,6.6514,0.7234,1.2798,6.6514,2.0472

2388.6890,0.2302,-0.2022,2.2677,2.3920,1.8973,6.8366,0.9703,1.2592,6.8366,2.0560

2389.6890,0.1684,0.7856,2.5147,2.3303,2.2060,6.7749,0.8468,1.4753,6.7749,2.2324

2390.6890,0.1067,0.2917,2.7617,2.3303,2.1443,6.8366,0.8468,1.4136,6.8366,2.1883

2391.6890,0.0450,0.3534,2.0208,1.8981,2.5765,6.7132,1.0321,1.3210,6.7132,2.0913

2392.6900,-0.1402,0.1065,2.3912,2.5155,2.0825,7.2070,0.9703,1.3210,7.2070,2.1618

2393.6890,0.0450,-0.0170,2.3295,2.2068,2.3912,6.5279,0.8468,1.3004,6.5279,2.0472

2394.6890,-0.1402,0.1065,1.9590,2.3920,2.0825,6.6514,0.7851,1.1975,6.6514,1.9766

2395.6890,-0.0168,-0.3874,2.3295,2.3303,2.0825,6.7749,1.0938,1.2386,6.7749,2.0295

2396.6890,0.0450,-0.0788,2.6382,2.1451,2.1443,7.0218,0.7234,1.2695,7.0218,2.0913

2397.6890,-0.0168,0.3534,2.2060,2.5772,2.5147,6.8984,0.7851,1.4033,6.8984,2.1883

2398.6890,0.1067,-0.0170,2.3295,2.3920,2.0825,7.0836,0.8468,1.2901,7.0836,2.1177

2399.6890,0.1684,-0.0788,2.2677,2.2068,2.2060,6.3427,0.7851,1.2592,6.3427,1.9854

2400.6890,-0.0785,-0.1405,2.4529,2.1451,2.0825,6.8984,0.8468,1.2181,6.8984,2.0295

2401.6890,-0.0785,0.6621,2.5147,2.2686,2.2060,6.4045,0.9086,1.4136,6.4045,2.1266

2402.6890,0.1684,0.0447,2.3912,2.2068,2.5765,7.0836,0.5999,1.3313,7.0836,2.1530

2403.6890,0.4153,-0.0170,2.3295,2.2686,2.0208,6.8366,0.5381,1.2592,6.8366,2.0560

2404.6900,0.1684,0.4151,2.3295,2.2686,2.6382,6.7132,0.9703,1.4650,6.7132,2.2148

2405.6890,0.1067,0.2917,2.7617,1.9599,2.4530,6.5897,0.6616,1.3724,6.5897,2.1177

2406.6890,0.0450,0.5386,2.0208,2.8242,2.3295,6.7132,0.9086,1.4444,6.7132,2.1971

2407.6890,-0.1402,-0.0788,2.3295,2.0834,1.6503,6.8366,1.0938,1.1563,6.8366,1.9678

2408.6890,-0.0168,0.1682,2.0208,2.3920,2.3912,7.2688,0.9086,1.3107,7.2688,2.1618

2409.6890,0.1684,0.2299,2.5147,2.6390,2.3295,6.7132,0.9086,1.4650,6.7132,2.2147

2410.6890,-0.0785,0.1682,3.3173,2.2686,2.2060,6.8366,0.9086,1.4650,6.8366,2.2324

2411.6890,-0.1402,-0.2640,2.3295,2.4538,2.1443,6.8984,0.9086,1.2386,6.8984,2.0472

2412.6890,-0.0785,0.2299,2.3295,2.6390,2.4530,6.6514,0.6616,1.3724,6.6514,2.1266

2413.6890,-0.5106,0.1065,2.1442,2.2068,2.2677,6.4662,0.7851,1.1666,6.4662,1.9237

2414.6890,-0.2019,-0.0788,2.4529,2.2068,2.0208,7.0836,1.7730,1.3621,7.0836,2.1795

2415.6890,0.1684,-0.2640,2.2060,2.5155,2.1443,6.4662,0.9086,1.2798,6.4662,2.0207

2416.6890,-0.0168,0.1682,2.3295,2.3303,1.9590,6.7749,1.0938,1.3107,6.7749,2.0913

2417.6890,0.4153,0.0447,2.2060,1.8364,2.3912,6.8366,0.7234,1.2695,6.8366,2.0648

2418.6890,-0.0168,0.4151,2.3912,2.0216,2.1443,6.9601,0.9703,1.3210,6.9601,2.1266

2419.6890,-0.6958,0.0447,2.2677,2.0834,2.2677,6.9601,1.0938,1.1769,6.9601,2.0031

2420.6890,0.0450,0.2299,2.1442,2.2068,2.3912,6.8984,1.4643,1.4136,6.8984,2.1971

2421.6890,-0.0168,0.5386,2.3912,2.0216,2.2677,6.7749,0.9703,1.3621,6.7749,2.1354

2422.6890,-0.0785,0.0447,2.3912,2.2686,1.8973,7.0218,1.2173,1.2901,7.0218,2.1089

2423.6900,0.2302,-0.2640,2.5764,2.7007,2.3295,6.8366,0.5381,1.3518,6.8366,2.1354

2424.6890,0.2302,0.0447,2.2060,2.5772,2.2060,6.8366,0.7851,1.3415,6.8366,2.1265

2425.6890,-0.0168,-0.2640,2.5764,3.0094,2.2060,6.7749,0.7851,1.3827,6.7749,2.1530

2426.6890,-0.2637,0.4769,2.0825,2.0216,2.2677,6.7749,1.0321,1.2695,6.7749,2.0560

2427.6890,0.1684,-0.2022,2.3295,2.2068,2.6382,6.6514,0.9703,1.3518,6.6514,2.1089

2428.6890,0.0450,-0.3257,2.3912,2.4538,2.0825,7.0218,0.9703,1.2695,7.0218,2.0913

2429.6900,-0.1402,0.0447,2.3295,2.0216,2.3295,6.9601,1.1555,1.2901,6.9601,2.1001

2430.6890,-0.3254,-0.0788,2.3912,2.2686,2.1443,6.7132,1.5260,1.3210,6.7132,2.0913

2431.6890,0.1067,-0.0788,2.1442,2.2068,2.2677,6.8984,1.0321,1.2798,6.8984,2.0825

2432.6890,-0.0785,-0.0170,2.6999,2.3920,2.0208,6.8366,0.9086,1.3210,6.8366,2.1089

2433.6890,0.1067,0.0447,2.3295,2.2068,2.5147,7.0218,0.9086,1.3518,7.0218,2.1618

2434.6890,0.2302,0.4769,2.1442,2.3303,1.9590,6.8366,1.0321,1.3621,6.8366,2.1442

2435.6890,-0.0168,-0.2640,2.5764,2.2686,2.1443,6.7749,0.8468,1.2592,6.7749,2.0472

2436.6900,-0.0785,-0.1405,2.3912,2.2068,2.3295,6.4045,1.2173,1.3210,6.4045,2.0472

2437.6890,-0.0785,0.0447,2.0825,2.3920,2.3295,7.0218,0.9086,1.2798,7.0218,2.1001

2438.6890,-0.6958,-0.2022,2.2060,2.5155,2.2060,6.8984,1.0321,1.1769,6.8984,1.9943

2439.6890,0.1684,0.1682,2.4529,1.9599,2.3295,6.8366,0.9703,1.3415,6.8366,2.1266

2440.6890,-0.0785,-0.0788,2.5764,2.0834,2.2677,6.5279,0.9703,1.2901,6.5279,2.0384

2441.6890,0.0450,0.0447,2.3912,2.1451,2.3912,6.7132,0.7234,1.2901,6.7132,2.0648

2442.6890,-0.0168,0.3534,2.2677,2.0834,2.0208,6.5897,1.2790,1.3313,6.5897,2.0825

2443.6890,0.1067,-0.1405,2.4529,2.3303,2.4530,6.4045,0.8468,1.3415,6.4045,2.0648

2444.6890,-0.0785,-0.0788,2.2060,2.1451,1.8355,7.0218,0.9703,1.1666,7.0218,2.0031

2445.6890,0.3536,-0.0788,2.2060,2.3303,2.2060,6.8984,0.8468,1.3107,6.8984,2.1089

2446.6890,0.1684,0.4769,2.0825,2.1451,2.0208,6.8984,0.9086,1.3004,6.8984,2.1001

2447.6890,0.0450,0.1065,2.0208,2.3303,2.0825,7.0218,0.7851,1.2283,7.0218,2.0560

2448.6890,0.4771,-0.0170,2.3295,2.2686,2.1443,6.8984,1.0938,1.3827,6.8984,2.1706

2449.6890,-0.1402,0.4151,2.1442,2.0834,2.2677,6.0958,0.5999,1.2284,6.0958,1.9237

2450.6890,0.1684,-0.2022,2.0825,2.2686,2.0825,6.8366,0.7234,1.1872,6.8366,1.9943

2451.6900,-0.0785,-0.0170,2.2060,2.4538,1.7738,6.8984,0.9086,1.2078,6.8984,2.0207

2452.6890,-0.4489,0.1682,2.4529,1.9599,2.0208,6.8366,0.9086,1.1769,6.8366,1.9855

2453.6890,0.1067,-0.0788,2.6999,2.0216,2.2677,7.0836,0.8468,1.3107,7.0836,2.1354

2454.6890,0.0450,0.1065,2.6999,2.0834,2.1443,6.9601,0.8468,1.3210,6.9601,2.1266

2455.6890,0.0450,-0.0170,3.2556,2.1451,2.0825,6.9601,0.8468,1.3930,6.9601,2.1883

2456.6890,-0.2019,0.0447,2.0825,2.3303,2.3295,6.8984,0.8468,1.2387,6.8984,2.0472

2457.6900,0.1067,-0.0788,2.3295,2.2686,1.9590,7.1453,0.5999,1.1975,7.1453,2.0472

2458.6890,0.0450,0.1682,2.3912,2.2686,1.6503,7.2070,0.5999,1.1872,7.2070,2.0472

2459.6900,-0.3254,0.1065,2.3912,2.0834,2.3295,7.0218,1.0938,1.2798,7.0218,2.1001

2460.6890,0.5388,-0.0170,2.1442,2.2686,2.1443,7.0218,1.2173,1.3827,7.0218,2.1883

2461.6890,-0.0785,-0.1405,2.5764,2.9476,2.3912,6.7749,0.9086,1.4342,6.7749,2.1971

2462.6890,-0.0168,-0.0170,2.3295,2.2686,2.2677,6.7132,1.2790,1.3518,6.7132,2.1177

2463.6890,-0.0168,-0.0788,2.3912,2.2686,2.6999,7.0836,0.6616,1.3210,7.0836,2.1442

2464.6890,0.2302,-0.0170,2.1442,2.3920,2.0825,6.8984,0.5381,1.2283,6.8984,2.0383

2465.6900,-0.0785,-0.0788,2.5764,2.3920,2.0825,6.8984,0.7234,1.2695,6.8984,2.0736

2466.6890,-0.0168,-0.2022,2.3912,2.2686,2.0208,6.7749,1.1555,1.2695,6.7749,2.0560

2467.6890,0.1067,0.3534,2.5147,2.1451,2.2677,7.5775,1.0321,1.4033,7.5775,2.2853

2468.6890,0.1067,-0.0788,1.8973,2.3920,2.0825,6.8366,0.9086,1.2181,6.8366,2.0207

2469.6890,0.1067,1.3412,2.0825,2.2686,2.2677,6.9601,0.9086,1.4959,6.9601,2.2765

2470.6890,-0.1402,0.1065,2.3295,2.4538,2.1443,6.8366,1.2173,1.3518,6.8366,2.1354

2471.6890,0.1067,-0.2022,2.3912,2.2068,2.6382,6.9601,1.0321,1.3621,6.9601,2.1618

2472.6890,0.0450,-0.1405,1.9590,2.2068,2.5147,6.7132,1.2790,1.3107,6.7132,2.0825

2473.6890,0.1067,-0.2022,2.2677,2.3303,2.2060,6.7132,1.1555,1.3107,6.7132,2.0825

2474.6890,-0.0785,0.1682,2.0825,2.0834,2.3295,6.8984,0.9703,1.2592,6.8984,2.0648

2475.6890,-0.2637,0.1065,2.0208,2.0834,2.5147,7.0218,1.0938,1.2592,7.0218,2.0825

2476.6890,-0.6340,0.0447,2.4529,2.2068,2.3295,6.8366,1.3408,1.2901,6.8366,2.0825

2477.6890,-0.0785,-0.0170,2.2677,2.6390,2.3295,6.4662,0.7851,1.3210,6.4662,2.0560

2478.6890,-0.0785,0.2299,2.4529,2.6390,2.4530,6.7749,0.7851,1.4136,6.7749,2.1795

2479.6890,-0.0785,0.0447,2.3295,1.9599,2.2677,6.7749,0.9703,1.2489,6.7749,2.0384

2480.6890,-0.5723,0.2299,2.3295,2.2068,2.0208,7.0836,0.7851,1.1666,7.0836,2.0119

2481.6890,0.0450,-0.2022,3.0086,2.2686,2.2060,7.0836,0.8468,1.3621,7.0836,2.1795

2482.6890,0.2919,-0.3257,2.2677,2.5155,2.0825,7.0836,1.0321,1.3107,7.0836,2.1354

2483.6890,0.2302,0.1682,2.2060,2.0834,2.3295,6.8984,0.6616,1.2798,6.8984,2.0825

2484.6890,-0.1402,-0.1405,2.8234,2.1451,2.2060,6.7132,0.9086,1.3004,6.7132,2.0736

2485.6890,0.1067,0.0447,2.8234,2.5155,2.1443,6.5897,1.0321,1.4444,6.5897,2.1795

2486.6890,-0.2019,-0.2640,2.4529,1.8981,2.0825,7.0218,0.8468,1.1358,7.0218,1.9766

2487.6890,0.2302,0.1065,2.3295,2.0216,2.1443,7.0218,0.9703,1.3004,7.0218,2.1177

2488.6890,-0.1402,-0.0170,2.3912,2.0834,2.2677,6.7132,1.0938,1.2798,6.7132,2.0560

2489.6890,-0.4489,0.0447,2.3912,2.5155,3.0704,6.4045,1.5260,1.5165,6.4045,2.2148

2490.6890,0.1684,0.1682,2.3912,2.1451,2.5765,6.5897,0.8468,1.3827,6.5897,2.1266

2491.6890,0.1684,0.1065,2.3295,2.0834,2.8234,6.8984,0.7851,1.3827,6.8984,2.1707

2492.6900,0.0450,0.3534,2.8234,2.3303,2.0825,7.0218,0.5999,1.3724,7.0218,2.1795

2493.6890,0.2302,0.2917,2.2677,2.6390,2.3912,6.7132,0.9703,1.4650,6.7132,2.2147

2494.6890,0.1684,-0.6344,3.9347,2.7007,2.1443,6.8366,0.8468,1.5268,6.8366,2.2853

2495.6890,0.6005,-0.6344,2.4529,1.9599,2.2060,6.8366,0.8468,1.2386,6.8366,2.0383

2496.6890,-0.1402,0.3534,2.3295,1.9599,2.6382,7.8244,1.0938,1.3724,7.8244,2.2941

2497.6890,1.2178,0.6621,2.6382,2.1451,2.5765,6.8366,0.4147,1.6090,6.8366,2.3558

2498.6890,0.1067,-0.3257,2.5764,1.6512,1.3416,7.1453,0.7234,1.0123,7.1453,1.8884

2499.6890,0.2302,0.2299,2.0208,2.0834,2.1443,6.8366,1.0938,1.3004,6.8366,2.0913

2500.6890,0.1067,0.0447,2.2677,2.2686,2.8234,7.0218,0.7851,1.3827,7.0218,2.1883

2501.6890,-0.0785,0.0447,2.2677,2.5155,2.2060,7.3305,1.2173,1.3621,7.3305,2.2148

2502.6890,-0.0168,0.1065,2.5147,2.2068,2.4530,7.0218,0.8468,1.3518,7.0218,2.1618

2503.6890,-0.1402,0.4151,2.3295,2.2068,2.0825,6.8984,1.0938,1.3313,6.8984,2.1266

2504.6890,-0.0785,-0.0788,2.2677,2.3303,2.6382,6.7132,1.0321,1.3518,6.7132,2.1177

2505.6890,-0.0168,0.6621,2.3295,2.1451,2.2060,6.8984,0.9086,1.3724,6.8984,2.1618

2506.6890,-0.2019,0.1065,2.2060,2.2686,2.3295,6.8984,0.9703,1.2798,6.8984,2.0825

2507.6890,0.1067,-0.1405,2.3295,2.0834,2.4530,6.5279,1.4025,1.3724,6.5279,2.1089

2508.6890,-0.2019,0.0447,2.2060,2.2068,2.1443,6.5897,1.0938,1.2489,6.5897,2.0119

2509.6890,-0.1402,0.0447,2.1442,2.2068,2.3295,6.5897,1.2173,1.3004,6.5897,2.0560

2510.6890,-1.0044,0.7238,2.0825,2.0834,2.3295,6.6514,0.9703,1.1975,6.6514,1.9766

2511.6890,0.0450,0.1065,2.3912,1.9599,2.5147,7.0218,0.7851,1.3004,7.0218,2.1177

2512.6890,0.2919,0.2917,2.1442,2.0216,1.9590,7.0218,0.7851,1.2489,7.0218,2.0736

2513.6890,0.1067,0.4151,2.2677,2.0834,2.3912,6.6514,0.8468,1.3518,6.6514,2.1089

2514.6890,0.1684,-0.0170,2.0208,2.1451,2.3295,6.7749,0.5999,1.2078,6.7749,2.0031

2515.6890,-0.2637,-0.0788,2.4529,2.2068,2.2677,6.4045,1.3408,1.3210,6.4045,2.0472

2516.6890,-0.2637,0.1065,2.3295,2.6390,2.2060,6.7749,1.0321,1.3415,6.7749,2.1177

2517.6890,0.0450,0.0447,1.8355,2.3920,2.3295,6.4045,0.9703,1.2695,6.4045,2.0031

2518.6890,0.0450,-0.0788,2.5764,2.1451,2.0208,6.9601,0.7851,1.2489,6.9601,2.0648

2519.6890,-0.0785,0.3534,2.5147,2.2686,2.2677,6.7132,0.9703,1.3827,6.7132,2.1442

2520.6890,-0.2019,-0.0788,2.7617,2.7007,1.5886,7.2688,0.6616,1.2386,7.2688,2.1001

2521.6900,0.5388,-0.0788,2.3295,2.4538,1.5886,6.8366,1.1555,1.3312,6.8366,2.1177

2522.6890,-0.4489,0.2917,2.5147,2.5155,2.2677,6.4662,0.5999,1.2901,6.4662,2.0295

2523.6900,0.2302,-0.1405,2.2060,2.4538,1.8355,7.2070,0.6616,1.2078,7.2070,2.0648

2524.6890,0.1067,0.0447,2.2060,2.8242,2.0825,6.8984,0.9703,1.3724,6.8984,2.1618

2525.6890,0.1067,-0.0788,2.2677,2.2686,2.2060,6.3427,0.8468,1.2695,6.3427,1.9943

2526.6890,0.1067,-0.2640,2.3912,2.2068,2.6999,6.7132,0.6616,1.3004,6.7132,2.0736

2527.6890,0.0450,-0.2640,2.0825,2.3920,2.3912,6.5897,1.2173,1.3107,6.5897,2.0648

2528.6890,0.0450,-0.3874,2.2677,2.3920,2.2677,6.8984,0.6616,1.2078,6.8984,2.0207

2529.6890,-0.0785,0.2299,2.0825,2.0216,2.2677,5.7254,1.0938,1.2695,5.7254,1.9061

2530.6890,-0.2019,1.0325,1.9590,2.3920,2.1443,6.7749,0.7851,1.3518,6.7749,2.1266

2531.6890,0.2302,-0.0788,2.0825,2.1451,2.3912,6.5897,0.9086,1.2798,6.5897,2.0384

2532.6890,0.2919,-0.2022,2.8234,1.8981,2.3912,7.0218,0.6616,1.3107,7.0218,2.1266

2533.6890,-0.3871,0.1065,2.3295,2.0834,2.3295,6.7132,1.3408,1.3004,6.7132,2.0737

2534.6890,-0.0785,0.1065,2.2677,2.0834,1.9590,6.7749,1.1555,1.2489,6.7749,2.0384

2535.6890,-0.0785,-0.0788,2.3912,2.0216,2.3912,7.4540,0.9703,1.2695,7.4540,2.1530

2536.6890,0.1684,0.6621,2.2060,2.4538,2.0208,6.9601,0.8468,1.3930,6.9601,2.1883

2537.6890,0.2302,-0.1405,2.2060,2.1451,2.2060,5.8489,1.0321,1.2798,5.8489,1.9325

2538.6900,0.3536,0.0447,2.2677,2.2686,2.2060,6.3427,0.7851,1.3210,6.3427,2.0384

2539.6890,-0.0785,-0.0788,2.3295,2.2068,2.8234,7.0218,0.6616,1.3107,7.0218,2.1266

2540.6900,-0.0168,0.1682,2.6382,2.0834,2.2060,6.9601,0.8468,1.3210,6.9601,2.1266

2541.6890,-0.1402,-0.2022,2.4529,2.2686,2.2060,6.8366,1.0938,1.2798,6.8366,2.0736

2542.6890,0.1684,0.0447,2.2677,2.0834,1.9590,7.0836,0.9703,1.2489,7.0836,2.0824

2543.6890,0.1067,-0.2022,2.0825,2.7624,2.0825,6.6514,0.8468,1.2798,6.6514,2.0472

2544.6890,-0.1402,0.4151,2.2677,2.2686,2.2060,6.8366,0.7851,1.3004,6.8366,2.0913

2545.6890,0.1684,-0.0170,2.5147,2.2686,2.3295,6.5897,0.7851,1.3415,6.5897,2.0913

2546.6890,0.0450,0.6621,2.3295,2.4538,2.0825,6.9601,0.9086,1.4136,6.9601,2.2059

2547.6890,-0.1402,-0.0170,2.4529,2.0834,2.3912,7.0836,0.9703,1.2901,7.0836,2.1177

2548.6890,-0.3254,0.1682,2.3295,2.0834,2.3912,6.8366,1.2173,1.3107,6.8366,2.1001

2549.6890,-0.0785,0.2917,2.3912,2.0834,2.3295,6.6514,1.5877,1.4342,6.6514,2.1795

2550.6890,0.1067,-0.2022,2.4529,2.4538,2.5147,6.7132,0.7851,1.3518,6.7132,2.1177

2551.6890,-0.0168,-0.1405,1.9590,2.3303,2.2060,6.4662,0.9703,1.2181,6.4662,1.9678

2552.6890,0.1067,-0.0170,2.5764,2.2068,2.5147,7.0218,0.9086,1.3827,7.0218,2.1883

2553.6890,0.1067,-0.0170,2.5147,2.5155,2.2060,6.5897,0.7851,1.3518,6.5897,2.1001

2554.6890,-0.0168,0.2917,2.0825,2.3303,2.3295,7.0218,0.9086,1.3210,7.0218,2.1354

2555.6890,0.1067,0.0447,2.5147,2.2686,2.6999,6.7132,0.8468,1.4136,6.7132,2.1707

2556.6890,0.1067,-0.1405,2.1442,2.2686,2.3912,6.9601,1.2790,1.3415,6.9601,2.1442

2557.6890,0.4153,0.2299,2.4529,2.5155,2.2060,6.4662,0.6616,1.4136,6.4662,2.1354

2558.6890,-0.0168,0.1065,2.4529,2.7007,1.8973,6.8984,0.8468,1.3312,6.8984,2.1265

2559.6890,0.1684,0.2299,2.4529,1.4043,2.0208,7.2070,0.7234,1.1666,7.2070,2.0295

2560.6890,0.2919,-0.2022,2.5764,1.9599,1.8973,6.2193,0.9703,1.2489,6.2193,1.9590

2561.6890,-0.0168,-0.0170,1.8355,2.5772,1.8355,6.0958,0.8468,1.1769,6.0958,1.8796

2562.6890,-0.0785,0.0447,2.2060,2.5155,2.1443,6.4662,1.0938,1.3210,6.4662,2.0560

2563.6890,0.1067,0.4151,2.1442,1.8364,2.3295,5.9723,0.9703,1.3004,5.9723,1.9678

2564.6890,0.0450,0.1682,2.2060,2.5155,2.0208,5.8489,0.4764,1.2386,5.8489,1.8972

2565.6900,0.1067,0.2299,2.6382,2.5772,2.1443,6.0341,0.8468,1.4239,6.0341,2.0825

2566.6900,-0.0785,0.0447,2.3912,2.1451,2.2060,6.1575,1.1555,1.3107,6.1575,2.0031

2567.6890,-0.0785,0.6621,2.6382,2.0834,2.1443,6.2193,0.9086,1.3930,6.2193,2.0825

2568.6890,-0.2019,-0.0788,2.3912,2.3920,1.8355,6.0958,1.0321,1.2284,6.0958,1.9237

2569.6890,0.2919,-0.3257,2.3295,2.3303,3.9965,5.7254,1.1555,1.6297,5.7254,2.2148

2570.6890,-0.0785,-0.0170,2.5764,1.6512,2.2060,6.5279,0.6616,1.1666,6.5279,1.9325

2571.6890,0.7857,0.1065,0.1686,2.3303,2.6382,5.9106,0.9086,1.1563,5.9106,1.8355

2572.6900,0.0450,0.0447,2.2677,2.3303,2.2677,6.5897,0.7851,1.2901,6.5897,2.0472

2573.6890,-0.2637,0.2299,2.1442,2.1451,2.4530,6.7749,2.2669,1.4959,6.7749,2.2500

2574.6900,0.4153,-0.9431,1.8973,2.1451,2.1443,6.2810,1.0321,1.1152,6.2810,1.8531

2575.6890,0.0450,0.1065,2.2060,2.2686,2.5147,6.6514,0.6616,1.3004,6.6514,2.0648

2576.6900,0.3536,-0.1405,2.0825,2.3920,2.0208,6.5279,0.6616,1.2283,6.5279,1.9854

2577.6890,0.1067,-0.0170,2.2677,2.3303,2.0825,6.2810,1.0321,1.3004,6.2810,2.0119

2578.6890,0.2302,0.0447,2.4529,1.8981,2.5765,6.1575,0.7851,1.3313,6.1575,2.0207

2579.6890,0.1067,-0.1405,2.1442,2.3303,2.3912,5.9723,1.1555,1.3313,5.9723,1.9943

2580.6890,0.1067,-0.2640,2.3912,2.2068,2.0208,6.2193,0.9703,1.2386,6.2193,1.9502

2581.6900,-0.0785,-0.1405,2.0825,2.1451,2.5765,6.2193,1.4025,1.3313,6.2193,2.0296

2582.6890,0.5388,0.4151,2.3912,2.2068,2.2677,6.4045,0.4764,1.3827,6.4045,2.1001

2583.6890,-0.0785,0.1682,2.2060,2.0216,2.3295,6.4045,0.3529,1.1666,6.4045,1.9149

2584.6890,-0.0168,0.2299,2.2677,2.5772,2.3912,6.2193,0.6616,1.3518,6.2193,2.0472

2585.6900,-0.0785,-0.0788,2.2060,2.5155,2.3912,6.0958,1.0321,1.3313,6.0958,2.0119

2586.6890,0.0450,-0.6344,2.5147,2.3920,2.1443,6.6514,0.8468,1.2181,6.6514,1.9943

2587.6890,0.1067,0.1065,2.3295,2.3920,1.7738,6.3427,1.2173,1.3210,6.3427,2.0384

2588.6890,-0.6340,0.1682,2.5764,1.9599,2.3912,6.3427,1.0321,1.2490,6.3427,1.9766

2589.6890,-0.1402,-0.0170,2.3912,2.1451,2.2677,6.5897,1.2173,1.3107,6.5897,2.0648

2590.6890,-0.0168,-0.0170,2.3295,2.5772,2.1443,7.2070,1.1555,1.3621,7.2070,2.1971

2591.6890,0.2302,-0.2022,2.4529,2.2686,2.4530,6.0958,0.2294,1.2386,6.0958,1.9325

2592.6890,-2.0538,0.4151,2.3912,2.6390,2.2060,6.5897,1.0321,1.1049,6.5897,1.8885

2593.6890,-0.1402,0.2917,2.3295,2.5155,2.1443,6.6514,0.9703,1.3518,6.6514,2.1089

2594.6890,0.1067,-0.0788,2.4529,1.6512,2.8852,6.4662,0.7851,1.3004,6.4662,2.0384

2595.6900,0.1684,-0.0170,2.3295,2.1451,2.5147,6.7749,1.3408,1.4136,6.7749,2.1795

2596.6890,-0.4489,-0.0170,2.3295,2.3920,2.3912,6.5897,1.3408,1.3313,6.5897,2.0825

2597.6890,-0.3254,-0.2022,2.2677,2.3303,1.6503,6.4045,2.1434,1.3107,6.4045,2.0384

2598.6890,-0.0785,-0.4492,2.4529,2.8242,2.3295,6.7132,0.2912,1.2284,6.7132,2.0119

2599.6890,0.1067,1.4647,2.5147,2.1451,2.0825,6.8366,1.5260,1.6399,6.8366,2.3823

2600.6890,-0.2019,-0.0788,2.3295,2.3303,3.3174,5.9723,1.5877,1.5474,5.9723,2.1795

2601.6890,0.0450,-0.2640,1.8973,2.2068,2.3912,6.2193,0.9086,1.1975,6.2193,1.9149

2602.6890,0.0450,-0.1405,2.1442,1.8364,2.0825,6.4045,0.4147,1.0637,6.4045,1.8267

2603.6890,0.2919,-0.1405,2.2060,1.8981,2.0825,6.5279,1.0321,1.2284,6.5279,1.9854

2604.6890,-0.3254,-0.2022,1.9590,2.1451,2.2060,6.4045,0.9086,1.1152,6.4045,1.8708

2605.6890,0.2302,0.2299,2.5764,2.6390,2.2677,6.4662,0.7234,1.4444,6.4662,2.1618

2606.6890,0.2302,0.1682,2.0208,1.9599,2.2677,7.2070,0.4764,1.1872,7.2070,2.0472

2607.6890,0.3536,-0.1405,2.2060,2.2068,2.2060,6.2193,0.7851,1.2695,6.2193,1.9766

2608.6890,0.0450,0.7856,2.0825,2.3920,2.2677,7.0218,0.7234,1.3827,7.0218,2.1883

2609.6890,-0.2637,0.0447,2.3295,2.3303,2.0208,6.7132,0.9703,1.2387,6.7132,2.0207

2610.6890,-0.0785,0.6621,2.2677,2.1451,2.2060,6.7749,0.9703,1.3621,6.7749,2.1354

2611.6900,-0.0168,-0.1405,1.9590,2.3303,2.2060,6.6514,1.2173,1.2592,6.6514,2.0295

2612.6890,0.6622,-0.2640,2.4529,2.3920,2.4530,6.8366,0.7851,1.4136,6.8366,2.1883

2613.6900,-0.1402,0.1065,1.5886,2.5772,2.0825,7.0836,1.0321,1.2078,7.0836,2.0472

2614.6890,1.2795,0.1065,2.3295,2.2686,2.3912,6.5279,0.7234,1.5164,6.5279,2.2324

2615.6890,0.1067,-0.0170,2.5147,2.9476,2.4530,7.0218,0.6616,1.4444,7.0218,2.2412

2616.6890,-0.0785,1.2177,1.8973,2.3920,2.0825,6.9601,0.9703,1.4136,6.9601,2.2059

2617.6890,-0.0168,0.0447,2.1442,2.9476,2.3295,6.5279,0.7851,1.3724,6.5279,2.1089

2618.6900,-0.0785,0.6621,2.3295,2.1451,2.2677,6.3427,0.9703,1.3827,6.3427,2.0913

2619.6890,0.1684,0.2917,2.6999,3.0711,1.7738,6.7749,0.9086,1.4856,6.7749,2.2412

2620.6890,-0.0785,0.2917,2.7617,2.4538,2.0825,6.8366,0.7234,1.3724,6.8366,2.1530

2621.6890,0.3536,-0.0170,2.1442,2.5155,3.5026,6.8366,0.8468,1.5576,6.8366,2.3118

2622.6890,-0.0785,-0.3257,2.6382,2.0834,2.3295,6.7749,0.7851,1.2387,6.7749,2.0295

2623.6890,-0.0168,0.1065,2.4529,2.0834,2.0825,6.8984,0.9086,1.2695,6.8984,2.0736

2624.6890,-0.3254,-0.0788,2.5764,2.2686,2.2677,6.6514,1.2790,1.3313,6.6514,2.0913

2625.6890,-1.9920,0.4151,1.7738,2.2068,2.4530,6.3427,0.9086,0.9609,6.3427,1.7297

2626.6890,-0.2019,-0.2022,2.4529,2.0216,2.1443,6.4662,0.8468,1.1769,6.4662,1.9325

2627.6890,0.3536,-0.5109,2.2677,2.1451,2.2060,6.8984,0.5999,1.1769,6.8984,1.9943

2628.6890,0.3536,-0.2022,2.4529,2.3303,1.8355,6.5897,0.7851,1.2592,6.5897,2.0207

2629.6900,-0.3254,0.2917,2.0208,2.1451,2.2060,6.6514,0.9086,1.2078,6.6514,1.9854

2630.6890,0.0450,-0.0788,2.3912,1.8981,2.3912,7.1453,0.7234,1.2284,7.1453,2.0736

2631.6890,-0.2019,0.2299,2.3912,2.6390,2.4530,6.5279,0.5999,1.3518,6.5279,2.0913

2632.6890,0.1067,0.9708,0.9712,2.5155,2.0825,6.5897,1.0938,1.2901,6.5897,2.0472

2633.6890,-0.0785,-0.5109,2.6999,2.0834,2.2060,6.5897,0.9086,1.2181,6.5897,1.9854

2634.6890,0.2302,-0.0788,2.5147,2.2068,2.0208,6.9601,0.8468,1.2901,6.9601,2.1001

2635.6890,0.3536,-0.0170,2.5147,2.3303,2.4530,6.8366,0.8468,1.4136,6.8366,2.1883

2636.6890,0.4153,-0.6344,2.5764,2.0216,2.2677,6.3427,1.2790,1.3210,6.3427,2.0384

2637.6900,-0.1402,0.3534,2.3295,2.0834,2.3295,6.4662,0.8468,1.3004,6.4662,2.0384

2638.6900,0.2302,0.1065,2.4529,2.2686,2.8234,6.8366,0.6616,1.4239,6.8366,2.1971

2639.6890,0.0450,0.1682,2.3295,2.5772,2.0825,7.0836,1.0321,1.3724,7.0836,2.1883

2640.6890,0.5388,-1.2517,2.6999,1.4043,2.6999,6.4045,0.9086,1.1666,6.4045,1.9149

2641.6890,0.4771,0.3534,2.1442,2.3920,1.9590,6.5897,1.7112,1.5062,6.5897,2.2324

2642.6890,0.2919,-0.0170,2.0825,2.5155,3.2556,6.4045,0.8468,1.4959,6.4045,2.1971

2643.6890,0.4771,0.3534,2.2677,1.9599,2.0825,6.7749,0.6616,1.3004,6.7749,2.0824

2644.6890,-0.0785,-0.0788,2.0825,2.5155,2.3295,6.2810,1.1555,1.3210,6.2810,2.0295

2645.6890,-0.0168,-0.3257,2.5147,3.5650,1.0946,7.2688,0.3529,1.1975,7.2688,2.0648

2646.6900,-0.0168,-0.5726,2.5147,2.0216,2.2677,6.5897,1.4643,1.2798,6.5897,2.0384

2647.6900,0.2919,-0.1405,2.6382,2.3920,2.9469,6.7749,0.8468,1.4959,6.7749,2.2500

2648.6890,-0.3871,0.1065,2.3295,2.7007,2.1443,6.4662,1.0938,1.3313,6.4662,2.0648

2649.6890,0.1067,0.1682,2.3912,2.7007,2.2060,6.5897,0.6616,1.3724,6.5897,2.1177

2650.6890,0.2302,0.2299,2.1442,2.0216,1.9590,6.6514,1.2173,1.3004,6.6514,2.0648

2651.6890,0.1067,0.0447,1.9590,2.2686,2.4530,6.6514,0.9703,1.3004,6.6514,2.0648

2652.6890,-2.1155,0.8473,1.5886,2.5155,2.0825,7.2070,0.9703,0.9815,7.2070,1.8708

2653.6890,0.2302,-0.0170,2.3912,2.7007,1.8973,6.9601,0.5999,1.3004,6.9601,2.1089

2654.6890,0.0450,0.0447,2.6999,2.0216,2.1443,7.0218,0.7234,1.2798,7.0218,2.1001

2655.6890,0.0450,-0.2640,2.2677,2.2686,2.3912,6.4662,1.2790,1.3313,6.4662,2.0648

2656.6890,0.1684,-0.1405,2.3912,2.2068,2.1443,6.2193,0.8468,1.2695,6.2193,1.9766

2657.6890,0.1067,0.0447,2.6382,2.1451,2.0208,6.4662,0.7851,1.2901,6.4662,2.0295

2658.6890,-0.1402,0.1065,2.4529,2.2068,2.2060,6.4045,1.0321,1.3107,6.4045,2.0384

2659.6890,-0.1402,0.1065,2.4529,2.0834,2.1443,6.2810,0.8468,1.2489,6.2810,1.9678

2660.6890,0.5388,0.1682,2.0208,2.3303,2.3295,6.3427,0.6616,1.3415,6.3427,2.0560

2661.6890,-0.0785,0.0447,2.3295,2.2686,2.3912,6.5897,0.8468,1.3004,6.5897,2.0560

2662.6890,-0.2637,0.2299,3.4408,2.2068,2.5147,6.3427,0.7851,1.4856,6.3427,2.1795

2663.6890,-0.0168,0.2917,2.0825,2.2068,2.2060,6.4662,0.8468,1.2695,6.4662,2.0119

2664.6890,0.0450,0.1065,1.9590,2.3920,2.2677,6.2810,0.9086,1.2798,6.2810,1.9943

2665.6890,-0.0168,0.1682,2.7617,2.2686,2.2060,6.5279,0.6616,1.3415,6.5279,2.0825

2666.6890,-0.0785,0.3534,2.3295,2.2068,2.7617,6.4662,0.7851,1.3930,6.4662,2.1177

2667.6890,-0.0168,-0.0170,3.5025,2.8242,1.9590,6.4662,0.9703,1.5370,6.4662,2.2412

2668.6890,0.6622,0.2917,2.1442,2.0834,2.2677,6.1575,0.9703,1.4033,6.1575,2.0824

2669.6890,-0.2637,0.1682,2.8234,2.5155,2.1443,5.7871,1.1555,1.4239,5.7871,2.0472

2670.6890,0.0450,-0.5109,2.3295,2.2068,1.9590,6.4662,0.6616,1.1152,6.4662,1.8796

2671.6890,0.1684,-0.3874,2.3295,2.2068,2.3912,6.4662,0.7851,1.2489,6.4662,1.9943

2672.6890,-0.0168,-0.2640,2.3912,2.0216,2.2060,6.4045,0.9703,1.2181,6.4045,1.9590

2673.6890,0.2919,0.4769,2.2060,2.0216,2.0208,6.4045,0.9086,1.3210,6.4045,2.0472

2674.6890,0.1684,-0.0788,2.5764,2.2068,2.2060,6.3427,1.0938,1.3621,6.3427,2.0736

2675.6890,-0.2019,-0.3257,2.3295,2.5155,2.0208,6.4662,0.7851,1.1872,6.4662,1.9413

2676.6890,0.0450,-0.5109,2.4529,2.4538,2.1443,6.5279,0.9703,1.2592,6.5279,2.0119

2677.6890,-0.0168,0.2917,2.0208,2.3920,2.2677,6.5279,0.9703,1.3210,6.5279,2.0648

2678.6890,0.2919,0.0447,2.1442,2.3920,2.2677,6.5279,0.5999,1.2901,6.5279,2.0383

2679.6890,-0.5106,0.2917,2.2060,2.3920,1.8355,6.4045,0.8468,1.1769,6.4045,1.9237

2680.6890,0.2302,-1.1283,2.8234,2.0834,2.0825,6.0341,0.9086,1.1666,6.0341,1.8620

2681.6890,0.6005,-1.1283,2.7617,2.0834,2.0208,6.3427,0.6616,1.1666,6.3427,1.9061

2682.6890,-0.0168,-0.0788,2.4529,1.8981,2.3295,6.4045,0.9086,1.2489,6.4045,1.9854

2683.6890,0.2919,0.0447,2.6999,2.4538,2.2060,6.4045,0.7234,1.4033,6.4045,2.1177

2684.6890,0.0450,0.1065,2.6999,2.5155,2.0825,6.0341,0.7234,1.3621,6.0341,2.0295

2685.6890,-0.0785,-0.2022,2.2060,1.2808,2.0208,6.0341,1.1555,1.0637,6.0341,1.7738

2686.6890,0.1684,0.0447,2.0208,2.0834,2.1443,6.6514,0.5381,1.1666,6.6514,1.9502

2687.6890,-0.1402,-0.2022,2.4529,2.0834,2.1443,6.4045,0.8468,1.1975,6.4045,1.9413

2688.6890,0.3536,-0.0788,2.3295,2.1451,1.9590,6.4662,0.9086,1.2695,6.4662,2.0119

2689.6890,0.4153,0.4151,2.2060,2.3920,1.9590,6.5897,0.7234,1.3518,6.5897,2.1001

2690.6890,0.1067,0.2917,2.0208,2.2068,2.4530,7.2070,0.9086,1.3313,7.2070,2.1706

2691.6890,0.1684,0.0447,2.0825,2.3920,2.2060,6.4662,0.8468,1.2901,6.4662,2.0295

2692.6890,0.2302,-0.4492,2.4529,2.4538,2.0208,6.4662,0.9086,1.2695,6.4662,2.0119

2693.6890,-0.2637,0.2299,2.0825,2.3303,1.8973,6.5279,0.9086,1.1975,6.5279,1.9590

2694.6890,-0.0785,-0.2022,2.0825,2.4538,2.3295,6.2193,1.0938,1.2798,6.2193,1.9854

2695.6900,-0.3254,0.5386,2.1442,2.1451,2.2060,6.2810,0.7234,1.2387,6.2810,1.9590

2696.6890,0.2919,0.3534,2.6999,2.0834,2.1443,6.3427,0.9703,1.4239,6.3427,2.1266

2697.6890,0.2919,0.1065,2.0825,2.9476,2.4530,6.4662,0.9086,1.4650,6.4662,2.1795

2698.6890,-0.0785,0.1682,1.8355,2.4538,2.4530,6.2810,1.2173,1.3415,6.2810,2.0472

2699.6890,-0.0168,0.2917,2.1442,2.4538,2.3912,6.5897,0.8468,1.3518,6.5897,2.1001

2700.6900,0.2919,0.0447,2.6382,2.0834,1.9590,6.8366,0.9086,1.3210,6.8366,2.1089

2701.6890,0.1684,-0.0170,1.9590,2.7007,2.3295,5.9723,0.9703,1.3518,5.9723,2.0119

2702.6890,0.1684,-0.0788,2.2060,1.8981,2.7617,6.1575,0.7851,1.2901,6.1575,1.9854

2703.6890,-0.0785,-0.0788,2.3912,2.3303,2.0825,6.7132,1.0321,1.2798,6.7132,2.0560

2704.6890,0.2302,0.4769,2.3912,2.1451,2.7617,6.4662,0.7851,1.4650,6.4662,2.1795

2705.6890,0.1067,0.4151,2.3912,2.1451,2.2060,6.3427,0.6616,1.3210,6.3427,2.0384

2706.6890,-0.2019,-0.6961,2.8851,2.0216,2.2677,6.5897,1.9582,1.3724,6.5897,2.1178

2707.6890,0.1067,-0.1405,2.5764,2.2686,1.8355,6.2193,0.7851,1.2386,6.2193,1.9502

2708.6890,-0.1402,-0.2640,1.9590,2.3920,2.3912,6.0341,0.9086,1.2078,6.0341,1.8973

2709.6890,0.0450,0.0447,2.2677,2.2068,2.5147,6.5279,0.7234,1.3004,6.5279,2.0472

2710.6890,0.1684,0.1682,2.3295,2.1451,2.3295,6.6514,0.4764,1.2695,6.6514,2.0384

2711.6890,0.2302,-0.0170,1.9590,2.4538,1.9590,6.4662,0.5999,1.1975,6.4662,1.9501

2712.6890,0.0450,0.2299,2.0208,2.3303,2.3295,6.1575,1.0321,1.3313,6.1575,2.0207

2713.6890,0.0450,-0.0788,2.3295,1.5895,2.2677,6.5279,0.7851,1.1563,6.5279,1.9237

2714.6890,-0.1402,0.1682,2.0825,2.6390,2.3295,6.2810,0.6616,1.2901,6.2810,2.0031

2715.6890,-0.3254,0.1682,2.5147,2.0834,2.2677,6.2810,0.9703,1.2798,6.2810,1.9943

2716.6890,-0.1402,-0.1405,2.2677,2.2686,2.0825,6.4662,1.2790,1.2695,6.4662,2.0119

2717.6900,0.2302,0.0447,2.7617,2.5155,2.2060,6.2810,0.7851,1.4239,6.2810,2.1177

2718.6890,1.0326,-0.0788,2.5147,1.7129,2.2060,6.6514,0.7234,1.3518,6.6514,2.1089

2719.6890,0.7240,-0.3874,2.5764,2.0834,1.9590,6.5897,0.9086,1.3107,6.5897,2.0648

2720.6890,0.0450,-0.0788,2.3295,2.0834,2.8852,6.2810,0.8468,1.3518,6.2810,2.0560

2721.6890,-0.4489,-0.2022,2.4529,2.0834,2.2060,6.4045,0.8468,1.1563,6.4045,1.9061

2722.6890,-0.1402,-0.0788,2.2060,2.3303,1.8355,6.7132,1.1555,1.2181,6.7132,2.0031

2723.6890,0.1684,0.6621,1.7738,1.9599,2.4530,6.4662,0.6616,1.2798,6.4662,2.0207

2724.6890,-0.0168,0.0447,1.8355,2.3303,2.0825,6.4662,0.8468,1.1872,6.4662,1.9413

2725.6890,0.1067,0.2299,2.4529,2.1451,3.4409,6.0958,0.9703,1.5576,6.0958,2.2059

2726.6890,0.0450,-0.0170,2.3912,1.0339,2.3295,6.3427,0.9703,1.1255,6.3427,1.8708

2727.6890,0.2302,-0.0170,2.2677,2.0834,2.9469,6.0958,0.9703,1.4136,6.0958,2.0825

2728.6890,-0.0785,0.4769,2.2060,2.3303,2.2677,6.2810,0.7851,1.3313,6.2810,2.0384

2729.6900,-0.5106,0.6003,2.1442,2.1451,2.0825,6.4662,1.0321,1.2489,6.4662,1.9943

2730.6890,0.2919,-0.0170,2.4529,2.3920,2.1443,6.0341,0.8468,1.3518,6.0341,2.0207

2731.6890,-0.0168,-0.0170,2.0208,2.3303,2.3912,6.2810,0.9703,1.2798,6.2810,1.9943

2732.6890,-0.1402,0.1065,2.3912,2.2068,2.5147,6.5279,0.7234,1.3004,6.5279,2.0472

2733.6890,0.3536,0.1065,1.5886,2.4538,2.4530,6.4662,1.0938,1.3415,6.4662,2.0736

2734.6890,-0.0168,-0.0788,2.5147,2.2686,2.7617,6.7749,0.9086,1.3930,6.7749,2.1618

2735.6890,0.1684,-0.3257,2.3912,2.2068,2.5765,6.3427,0.7851,1.3004,6.3427,2.0207

2736.6890,-0.2019,-1.0048,2.5147,2.1451,2.5147,6.4045,1.2790,1.2078,6.4045,1.9502

2737.6890,-0.0785,0.1682,2.2677,2.2068,1.9590,6.5279,1.0321,1.2592,6.5279,2.0119

2738.6890,-0.5723,0.2299,2.4529,2.4538,2.2060,6.3427,1.2790,1.3416,6.3427,2.0560

2739.6890,0.1067,-0.0788,2.4529,2.2686,2.4530,5.7254,0.7234,1.3210,5.7254,1.9502

2740.6890,0.4153,0.2299,2.1442,2.6390,2.6999,6.7132,0.8468,1.4959,6.7132,2.2412

2741.6890,-0.3871,0.2917,1.4651,2.6390,2.0825,6.4662,1.1555,1.2078,6.4662,1.9590

2742.6890,-0.1402,0.4151,2.0825,2.2068,2.2060,6.5279,1.0321,1.3004,6.5279,2.0472

2743.6890,0.4153,-0.0170,2.0208,2.1451,2.2060,6.5897,0.5381,1.2181,6.5897,1.9854

2744.6890,0.9092,0.1682,2.2060,2.3303,2.0208,6.2193,0.9086,1.4238,6.2193,2.1089

2745.6890,0.3536,0.3534,2.2677,2.0834,1.9590,6.7132,0.8468,1.3107,6.7132,2.0824

2746.6900,0.1067,-0.0788,2.3912,2.3303,2.1443,6.0958,0.7851,1.2798,6.0958,1.9678

2747.6890,0.3536,-0.0170,2.0825,2.2686,2.2677,6.4662,0.5999,1.2592,6.4662,2.0031

2748.6890,0.1067,-0.2022,2.0208,2.2068,2.3295,6.1575,1.0321,1.2489,6.1575,1.9502

2749.6890,0.1684,0.1682,2.5764,2.2068,2.2060,6.7749,0.7851,1.3518,6.7749,2.1266

2750.6890,0.2302,-0.0170,1.7121,2.5155,2.0208,6.5897,0.9703,1.2386,6.5897,2.0031

2751.6890,-0.1402,0.1065,1.8355,2.0834,2.3295,6.2810,1.0321,1.2078,6.2810,1.9325

2752.6890,0.1067,-0.1405,2.1442,2.4538,2.2677,5.9723,0.9703,1.3004,5.9723,1.9678

2753.6890,-0.0785,0.5386,2.0825,2.2068,1.5268,6.7749,0.7234,1.1666,6.7749,1.9678

2754.6890,0.0450,-0.3257,2.0208,2.2068,2.2060,6.0958,0.9086,1.1769,6.0958,1.8796

2755.6900,-0.2019,-0.6344,2.4529,2.3303,1.9590,6.5897,0.8468,1.1255,6.5897,1.9061

2756.6890,0.1067,-0.2022,2.0208,2.0216,2.3295,6.3427,0.7234,1.1666,6.3427,1.9061

2757.6900,-0.0785,0.1065,1.6503,2.5155,2.3912,6.3427,0.8468,1.2386,6.3427,1.9678

2758.6890,-0.5106,-0.0788,2.4529,2.3920,2.3295,6.7132,0.9086,1.2490,6.7132,2.0296

2759.6890,-0.0168,0.0447,1.7738,2.3303,2.3295,6.4045,0.8468,1.2181,6.4045,1.9590

2760.6890,0.1067,-0.2022,2.5147,2.2068,1.9590,6.2193,0.5999,1.1975,6.2193,1.9149

2761.6890,0.0450,-0.0788,2.4529,2.2068,2.3912,6.7749,0.8468,1.3107,6.7749,2.0913

2762.6890,0.4771,-0.4492,2.3912,2.2068,2.3295,6.5897,1.4643,1.4033,6.5897,2.1442

2763.6900,0.0450,-0.2022,2.6382,2.2068,2.6382,6.8366,0.9086,1.3724,6.8366,2.1530

2764.6890,0.1067,-0.1405,2.3295,2.2068,2.6999,6.7132,0.7851,1.3313,6.7132,2.1001

2765.6890,0.0450,0.6003,2.2060,2.2686,2.2060,6.1575,0.7234,1.3415,6.1575,2.0295

2766.6890,0.1067,0.1682,2.0208,2.5772,2.2677,6.3427,0.9086,1.3415,6.3427,2.0560

2767.6890,-0.2019,0.0447,2.3912,2.3920,2.0825,6.6514,0.4764,1.1975,6.6514,1.9766

2768.6890,0.1684,-0.0788,2.6382,2.2686,2.8852,6.4045,0.6616,1.4239,6.4045,2.1354

2769.6890,-0.0168,0.1065,1.7121,2.2068,2.3295,6.3427,1.0321,1.2284,6.3427,1.9590

2770.6890,0.1067,0.0447,1.6503,2.2686,2.3912,6.3427,0.9086,1.2284,6.3427,1.9590

2771.6890,0.9092,0.1682,2.4529,1.8981,2.2060,6.0341,0.9086,1.4238,6.0341,2.0824

2772.6890,0.0450,-0.2640,2.4529,2.2068,2.0208,6.4662,0.5999,1.1769,6.4662,1.9325

2773.6890,-0.2637,0.1065,1.9590,2.3303,2.2677,6.1575,0.7851,1.1975,6.1575,1.9061

2774.6890,0.1684,0.7856,2.3912,2.2686,2.6999,5.7871,0.9703,1.5473,5.7871,2.1530

2775.6900,-0.0168,0.1682,2.2060,2.0216,2.3295,6.4662,1.6495,1.3930,6.4662,2.1177

2776.6890,0.1684,-0.1405,2.3912,2.3303,2.2677,6.0958,0.9703,1.3313,6.0958,2.0119

2777.6890,-0.2637,0.2299,2.2677,2.1451,2.0825,6.5897,0.9703,1.2387,6.5897,2.0031

2778.6890,0.0450,-0.5109,2.6382,1.9599,2.2060,6.5897,0.7234,1.1769,6.5897,1.9502

2779.6890,0.6622,-0.2022,1.8973,2.6390,2.5147,6.6514,0.5381,1.3415,6.6514,2.1001

2780.6890,0.1684,-0.6344,2.3912,2.4538,2.3912,6.4662,0.2912,1.1769,6.4662,1.9325

2781.6890,-0.0785,0.6003,2.2060,2.0834,2.6382,6.2810,1.0321,1.4136,6.2810,2.1089

2782.6890,-0.0168,0.6003,1.8973,2.2068,2.2677,6.2193,0.9703,1.3210,6.2193,2.0207

2783.6890,0.1684,0.1065,2.8851,2.4538,2.1443,6.4662,0.8468,1.4341,6.4662,2.1530

2784.6890,-0.2019,0.4151,2.3912,2.2068,1.9590,6.2810,0.8468,1.2695,6.2810,1.9854

2785.6890,0.1684,-0.0170,2.0208,2.6390,2.2677,6.6514,1.2790,1.3930,6.6514,2.1442

2786.6890,0.2919,0.1682,2.1442,2.3303,2.0825,6.9601,0.7851,1.3004,6.9601,2.1089

2787.6890,0.7857,-0.5109,2.6999,2.2068,2.3295,6.4662,0.9086,1.4033,6.4662,2.1265

2788.6890,-0.2019,-0.0170,2.0208,2.4538,2.3295,6.3427,1.0938,1.2798,6.3427,2.0031

2789.6890,-0.3254,0.2299,2.1442,2.5155,2.3912,6.2193,1.2173,1.3621,6.2193,2.0560

2790.6890,-0.2637,0.1682,2.6382,2.2068,2.2677,6.4045,1.0321,1.3416,6.4045,2.0648

2791.6890,-1.1896,-0.0170,2.2677,2.2068,2.2677,6.2810,1.0321,1.0946,6.2810,1.8355

2792.6890,-0.0785,-0.0788,2.2677,2.2686,1.8973,6.5279,1.0321,1.2181,6.5279,1.9766

2793.6890,0.0450,-0.0170,2.2677,2.2686,2.6382,6.5897,0.7234,1.3210,6.5897,2.0736

2794.6890,0.4771,-0.2022,2.1442,2.3303,2.1443,6.5279,0.8468,1.2901,6.5279,2.0383

2795.6890,0.2302,0.2299,3.0086,1.8364,2.0208,6.5279,0.5999,1.3210,6.5279,2.0648

2796.6900,-0.0785,0.1065,2.2677,2.2068,1.8355,6.4662,0.7234,1.1769,6.4662,1.9325

2797.6890,0.1684,-0.1405,2.2060,2.4538,2.0208,6.3427,0.9703,1.2798,6.3427,2.0031

2798.6890,-0.0168,-0.2022,2.5764,2.2686,1.8973,6.5279,0.7851,1.2181,6.5279,1.9766

2799.6890,0.1067,0.1065,2.3295,2.5772,2.0208,6.4662,0.9086,1.3415,6.4662,2.0736

2800.6890,-0.5106,0.1065,2.5764,2.2686,2.2677,6.5897,0.6616,1.2284,6.5897,1.9943

2801.6890,-0.6340,0.2917,2.3912,2.1451,2.2677,6.4662,1.0938,1.2592,6.4662,2.0031

2802.6900,-0.0168,0.0447,1.8973,1.8981,2.2677,6.3427,1.0938,1.1975,6.3427,1.9325

2803.6890,0.0450,-0.1405,2.5764,2.1451,2.5147,6.5279,0.7851,1.3210,6.5279,2.0648

2804.6890,-0.1402,-0.0170,2.6382,2.8859,2.3295,6.6514,0.4147,1.3518,6.6514,2.1089

2805.6890,-0.1402,-0.0170,2.2677,2.1451,2.2060,6.4045,1.1555,1.2695,6.4045,2.0031

2806.6900,0.2302,-0.0788,2.7617,2.5155,2.2677,6.2810,1.2790,1.4959,6.2810,2.1795

2807.6900,-0.1402,0.0447,2.3912,2.1451,2.4530,7.2070,1.4025,1.3827,7.2070,2.2148

2808.6890,0.1684,-0.4492,2.4529,2.5155,2.1443,6.6514,0.8468,1.2798,6.6514,2.0472

2809.6890,-0.0168,0.1065,2.4529,2.0834,2.4530,6.5897,0.9086,1.3313,6.5897,2.0825

2810.6890,0.9709,0.2917,2.2677,2.4538,2.1443,6.3427,0.9703,1.5164,6.3427,2.2059

2811.6900,0.0450,0.1682,1.7738,2.4538,2.4530,6.4045,1.0321,1.3210,6.4045,2.0472

2812.6890,-0.1402,0.2299,2.0825,2.6390,1.9590,6.4045,0.8468,1.2695,6.4045,2.0031

2813.6890,0.0450,0.8473,2.3912,2.5772,1.8355,6.4045,1.0938,1.4650,6.4045,2.1706

2814.6890,-0.0785,0.3534,1.8973,2.2068,2.2677,6.5279,0.7234,1.2284,6.5279,1.9854

2815.6890,0.0450,-0.2022,2.8851,2.0216,2.1443,6.4662,0.9703,1.3107,6.4662,2.0472

2816.6890,-0.0785,-0.0788,2.2060,1.8981,2.3295,6.8984,0.7234,1.1666,6.8984,1.9854

2817.6890,-0.2019,-0.1405,2.6382,2.0216,2.4530,6.3427,1.4025,1.3621,6.3427,2.0737

2818.6890,0.1684,-0.0788,2.8234,2.2686,1.9590,6.3427,0.8468,1.3312,6.3427,2.0472

2819.6890,-0.0168,0.0447,2.5764,2.0216,2.0825,6.5279,0.9086,1.2695,6.5279,2.0207

2820.6890,-0.0785,0.1682,2.7617,2.7624,2.1443,6.4662,1.4025,1.5268,6.4662,2.2324

2821.6890,-0.2019,-0.0170,2.2060,2.3920,2.0208,6.3427,1.0321,1.2386,6.3427,1.9678

2822.6890,-0.1402,-0.2022,2.2677,2.2686,2.0825,6.4045,1.1555,1.2387,6.4045,1.9766

2823.6890,0.0450,0.1065,1.9590,2.2686,2.3295,6.3427,1.0938,1.3004,6.3427,2.0207

2824.6890,-0.2019,0.1065,2.1442,2.3303,2.2060,6.8984,1.0321,1.2695,6.8984,2.0736

2825.6890,0.0450,-0.0788,1.8973,2.3920,2.2060,6.2810,0.9086,1.2284,6.2810,1.9502

2826.6890,0.2919,0.1065,1.7121,2.0216,2.2677,6.5279,0.7234,1.1872,6.5279,1.9502

2827.6890,-0.2019,0.2917,2.5147,2.3303,2.0208,6.8366,0.4764,1.2386,6.8366,2.0384

2828.6890,-0.2637,0.0447,2.6382,2.0216,2.0825,6.5279,0.1060,1.1049,6.5279,1.8796

2829.6890,0.0450,0.1065,2.5147,2.3920,2.1443,6.7132,1.0938,1.3827,6.7132,2.1442

2830.6890,0.1684,0.1682,2.2060,2.3303,2.2060,6.1575,0.9703,1.3415,6.1575,2.0295

2831.6890,-0.0785,0.1682,3.1938,2.3920,2.2060,6.6514,0.9086,1.4650,6.6514,2.2059

2832.6890,-0.0785,-0.2022,2.2060,2.3303,2.2677,6.1575,0.9086,1.2386,6.1575,1.9413

2833.6890,-0.2637,-0.1405,2.3912,2.2068,2.3295,6.3427,1.0321,1.2592,6.3427,1.9855

2834.6890,0.0450,0.1682,2.0825,2.0834,2.4530,6.4662,0.5999,1.2386,6.4662,1.9854

2835.6890,0.0450,-0.0788,2.4529,2.1451,2.6382,6.5897,0.7851,1.3313,6.5897,2.0825

2836.6900,-0.0168,-0.0170,2.3295,2.2686,2.2060,6.2193,0.9086,1.2798,6.2193,1.9854

2837.6890,0.2919,0.1065,1.9590,2.0834,1.0946,6.6514,0.7851,1.0534,6.6514,1.8531

2838.6890,0.0450,0.1065,2.0825,2.6390,2.2677,6.2810,1.0938,1.3724,6.2810,2.0736

2839.6890,0.0450,0.1065,2.5764,2.2068,2.4530,6.3427,0.8468,1.3724,6.3427,2.0825

2840.6890,-0.6340,-0.6344,2.3295,2.2686,1.9590,6.5279,0.7851,1.0123,6.5279,1.8002

2841.6890,0.3536,0.0447,2.2677,2.3920,2.0825,6.2810,1.0321,1.3621,6.2810,2.0648

2842.6890,0.1684,-1.0048,2.5147,2.3920,2.3295,6.4045,0.5999,1.1666,6.4045,1.9149

2843.6890,0.1684,-0.3257,2.5147,2.4538,2.0825,6.6514,0.9703,1.3107,6.6514,2.0736

2844.6890,-0.2637,0.1065,2.0825,2.7624,2.0208,6.3427,0.7851,1.2489,6.3427,1.9766

2845.6890,-0.3254,0.1065,2.5764,2.0834,2.4530,6.5897,0.5999,1.2489,6.5897,2.0119

2846.6890,1.0326,-0.0788,2.2677,2.1451,2.0825,6.5279,0.9086,1.3930,6.5279,2.1265

2847.6890,-0.0168,-0.0170,2.2677,2.2686,1.8973,6.7749,1.0321,1.2386,6.7749,2.0295

2848.6890,-0.2019,-0.2640,2.2060,2.3920,1.8355,5.9723,1.1555,1.1872,5.9723,1.8708

2849.6890,0.1067,0.0447,2.5147,1.9599,2.3295,6.7132,0.9703,1.3210,6.7132,2.0913

2850.6890,0.1684,0.2299,2.2060,2.0216,2.1443,6.4045,0.3529,1.1872,6.4045,1.9325

2851.6890,-0.0785,0.1065,2.1442,2.2068,2.0825,6.7132,0.8468,1.2181,6.7132,2.0031

2852.6890,0.1684,-0.0170,2.2677,2.1451,2.3912,6.4045,1.1555,1.3518,6.4045,2.0736

2853.6890,0.0450,-0.0788,2.5764,2.3303,2.1443,6.7132,1.1555,1.3621,6.7132,2.1266

2854.6890,0.1067,-0.3257,2.5147,2.2686,2.2060,6.5279,0.4147,1.1975,6.5279,1.9590

2855.6890,0.2919,0.2299,2.3295,2.2068,2.2677,6.3427,0.8468,1.3621,6.3427,2.0736

2856.6890,0.2302,0.0447,2.0825,2.2686,1.8973,6.6514,0.7234,1.2078,6.6514,1.9854

2857.6890,-0.0785,0.1065,2.2677,2.3920,1.7738,6.4045,1.0321,1.2489,6.4045,1.9854

2858.6890,-0.1402,-0.0788,2.1442,2.6390,2.2677,6.2810,0.5999,1.2386,6.2810,1.9590

2859.6890,0.7857,0.2299,2.3912,2.0216,2.6382,6.2810,0.8468,1.4856,6.2810,2.1706

2860.6890,-0.0785,0.0447,2.2677,2.3920,2.3295,6.4662,1.0938,1.3415,6.4662,2.0736

2861.6890,0.3536,0.1065,2.2060,2.3303,2.2060,6.5279,0.4147,1.2695,6.5279,2.0207

2862.6890,0.4771,0.1682,2.0208,2.3303,2.2677,6.3427,0.7234,1.3312,6.3427,2.0472

2863.6890,0.1684,-0.2640,2.5764,2.2068,2.4530,6.3427,0.8468,1.3313,6.3427,2.0472

2864.6890,-0.0168,0.1065,2.2677,2.2068,2.0825,6.2193,0.8468,1.2489,6.2193,1.9590

2865.6890,-0.0168,0.1682,2.3295,2.2686,2.0208,6.6514,0.5381,1.2181,6.6514,1.9943

2866.6890,-0.0785,-0.0170,2.2677,2.3303,2.5765,6.4045,1.3408,1.4033,6.4045,2.1177

2867.6890,0.2919,0.1682,2.0825,2.0834,1.9590,6.6514,0.7851,1.2283,6.6514,2.0031

2868.6890,-0.2019,0.3534,2.0825,2.3303,2.2060,6.7132,0.9703,1.2901,6.7132,2.0648

2869.6890,0.2919,1.3412,2.5764,2.2068,2.1443,6.4662,0.6616,1.5370,6.4662,2.2412

2870.6890,-0.0168,-0.0170,2.3295,2.2068,2.0825,6.6514,0.5999,1.1975,6.6514,1.9766

2871.6890,-0.1402,0.1065,2.0825,2.2686,2.3295,6.8366,1.0321,1.2798,6.8366,2.0736

2872.6890,-0.2019,-0.0788,2.3912,2.3303,2.5147,6.4045,1.0321,1.3313,6.4045,2.0560

2873.6890,0.6005,0.2917,1.9590,2.4538,1.9590,6.2193,0.9086,1.3621,6.2193,2.0560

2874.6890,-0.0785,-0.0170,2.3295,2.3303,1.8355,6.7749,1.1555,1.2592,6.7749,2.0472

2875.6890,-0.4489,0.1065,2.4529,2.2686,1.8973,6.6514,1.1555,1.2387,6.6514,2.0119

2876.6890,0.1067,0.4151,2.2677,2.3920,2.2677,6.2810,0.7234,1.3621,6.2810,2.0648

2877.6890,0.8474,0.0447,2.2677,2.2068,1.9590,6.3427,0.8468,1.3621,6.3427,2.0736

2878.6890,-0.0168,-0.0788,2.5147,1.7747,2.2060,6.7132,0.6616,1.1769,6.7132,1.9678

2879.6890,-0.0785,1.1560,1.5886,2.3920,2.0208,6.5897,0.8468,1.3210,6.5897,2.0736

2880.6890,-0.0168,0.2299,1.8355,2.2686,2.0825,6.6514,0.9086,1.2181,6.6514,1.9943

2881.6890,-0.0168,0.2917,2.2677,2.2068,2.1443,5.2932,1.5260,1.4033,5.2932,1.9590

2882.6890,0.1067,0.2299,2.2677,2.9476,2.2677,6.2810,0.8468,1.4444,6.2810,2.1354

2883.6890,0.1067,1.2177,2.5764,2.1451,2.3295,6.4662,0.7234,1.5165,6.4662,2.2236

2884.6890,-0.0785,-0.0788,2.3912,2.2068,2.3912,6.7132,0.7234,1.2592,6.7132,2.0384

2885.6900,0.2302,-0.0170,2.2060,2.2068,2.4530,6.5279,0.9703,1.3415,6.5279,2.0825

2886.6890,0.2302,-0.2022,1.8973,2.3303,2.8234,5.9723,0.8468,1.3210,5.9723,1.9854

2887.6900,0.4771,0.2299,2.3295,1.8364,2.4530,6.3427,0.9086,1.3724,6.3427,2.0825

2888.6890,-0.0168,-0.2022,2.3912,2.8242,2.2060,6.3427,0.9703,1.3621,6.3427,2.0736

2889.6900,-0.0785,0.0447,1.7738,2.3303,2.2677,6.2193,0.9086,1.2078,6.2193,1.9237

2890.6890,-0.3254,-0.0788,2.4529,2.2068,2.0208,6.5897,1.4025,1.2798,6.5897,2.0384

2891.6900,-0.0168,0.4151,1.3416,2.0216,2.5765,6.2810,0.7234,1.1769,6.2810,1.9061

2892.6900,-0.2637,-0.0788,2.3295,2.2068,2.0825,6.7132,1.6495,1.3210,6.7132,2.0913

2893.6890,0.0450,0.5386,2.4529,2.2686,2.1443,6.3427,0.9703,1.4033,6.3427,2.1089

2894.6890,0.2919,0.1682,2.5147,2.1451,2.0208,6.5279,0.7851,1.3210,6.5279,2.0648

2895.6890,-0.0785,0.2299,2.2060,2.9476,2.1443,6.3427,0.7234,1.3621,6.3427,2.0736

2896.6890,-0.0785,0.0447,2.4529,2.2686,2.1443,6.8366,0.8468,1.2798,6.8366,2.0736

2897.6890,0.1684,0.0447,2.4529,2.6390,2.1443,6.3427,0.9703,1.4033,6.3427,2.1089

2898.6890,0.1684,-0.2640,2.3295,2.0834,2.3295,6.1575,1.0938,1.2901,6.1575,1.9854

2899.6890,0.9092,0.2917,2.2677,1.7747,2.5765,6.1575,0.9086,1.4547,6.1575,2.1265

2900.6890,0.0450,-0.0788,2.2060,2.0834,2.5765,6.4662,1.2173,1.3416,6.4662,2.0736

2901.6890,0.2919,-0.0788,2.2060,2.3303,1.9590,6.4045,0.8468,1.2592,6.4045,1.9943

2902.6900,0.0450,0.1682,2.0208,2.2686,2.2060,6.7132,1.1555,1.3107,6.7132,2.0825

2903.6890,-0.0785,-0.2022,2.0208,2.2068,2.1443,6.2810,0.9086,1.1666,6.2810,1.8972

2904.6900,0.4771,-0.0788,2.0208,2.2068,2.1443,6.4662,0.4764,1.2078,6.4662,1.9590

2905.6890,0.2919,-0.1405,2.3295,2.0834,3.3174,5.4784,0.8468,1.4547,5.4784,2.0296

2906.6890,-0.1402,0.8473,2.2677,2.0834,2.0208,6.4662,0.8468,1.3210,6.4662,2.0560

2907.6890,-0.0168,-0.0788,2.3912,3.0094,1.7121,6.9601,1.0321,1.3415,6.9601,2.1442

2908.6890,0.2302,-0.2022,2.2677,2.2686,2.4530,6.5279,0.8468,1.3107,6.5279,2.0560

2909.6890,-0.0785,0.6621,2.5147,2.0216,2.2677,6.5279,0.8468,1.3724,6.5279,2.1089

2910.6890,-0.0785,0.4769,2.1442,2.0834,2.0208,6.2193,0.9703,1.2695,6.2193,1.9766

2911.6900,-0.0168,-0.2022,2.6999,2.0834,2.3912,6.5897,0.8468,1.3004,6.5897,2.0560

2912.6890,-0.0785,0.0447,1.9590,2.4538,2.3295,6.6514,1.3408,1.3415,6.6514,2.1001

2913.6890,0.2302,-0.2022,2.0208,2.2068,2.3295,6.4662,0.9086,1.2489,6.4662,1.9943

2914.6890,0.0450,0.1682,3.1938,1.7747,2.6999,6.6514,0.7851,1.4445,6.6514,2.1883

2915.6890,-0.0785,-0.5726,2.6999,2.0834,2.2060,6.4045,0.7234,1.1769,6.4045,1.9237

2916.6890,0.1684,-0.2640,2.0208,2.2686,2.1443,6.5279,0.8468,1.1975,6.5279,1.9590

2917.6890,0.2919,0.0447,2.1442,2.2068,2.1443,6.5897,0.6616,1.2489,6.5897,2.0119

2918.6900,0.1067,-0.0170,2.0208,2.0834,3.7496,5.4784,1.0321,1.4959,5.4784,2.0648

2919.6890,0.3536,-0.0788,3.9347,1.5277,2.7617,6.2810,0.8468,1.5576,6.2810,2.2324

2920.6890,0.9709,-0.0788,2.1442,2.5772,2.0208,6.4662,0.7234,1.3930,6.4662,2.1177

2921.6890,0.1684,-0.1405,2.2677,2.2068,2.3912,6.0958,0.9703,1.3107,6.0958,1.9943

2922.6890,-0.1402,-0.0788,1.9590,2.3303,1.7738,6.7132,0.8468,1.1152,6.7132,1.9149

2923.6890,0.0450,0.2299,2.5764,2.3303,2.0825,6.8366,0.6616,1.3210,6.8366,2.1089

2924.6900,0.6005,-0.2640,2.6999,2.1451,2.8234,6.8366,0.6616,1.4444,6.8366,2.2147

2925.6890,-0.2019,0.1682,3.5025,1.3425,2.4530,6.0958,0.9703,1.3724,6.0958,2.0472

2926.6890,0.5388,-0.2022,2.0825,2.2068,2.0208,6.4662,0.5999,1.2078,6.4662,1.9590

2927.6890,0.1067,-0.0788,2.2060,2.4538,2.0208,6.4045,1.0321,1.2901,6.4045,2.0207

2928.6890,0.2919,-0.4492,2.5147,2.3303,1.9590,6.6514,0.9086,1.2592,6.6514,2.0295

2929.6890,0.1067,-0.2022,2.3912,2.0834,2.3912,7.6392,1.0938,1.3107,7.6392,2.2148

2930.6890,-0.1402,-0.0788,2.4529,2.0216,2.4530,6.5897,1.2173,1.3210,6.5897,2.0736

2931.6890,0.0450,0.1682,1.5886,2.4538,1.9590,6.8984,0.7851,1.1666,6.8984,1.9854

2932.6890,0.2919,-0.2022,2.5147,2.3303,2.6382,7.1453,0.7234,1.3827,7.1453,2.2059

2933.6890,0.4153,0.3534,2.1442,2.0834,2.1443,7.2688,0.9086,1.3415,7.2688,2.1883

2934.6890,0.2302,0.1682,2.6382,2.0216,1.6503,6.7749,0.8468,1.2592,6.7749,2.0472

2935.6890,0.6005,0.4769,3.0086,1.7129,2.3295,6.4045,0.9086,1.5062,6.4045,2.2059

2936.6890,0.0450,0.1682,1.7738,2.4538,2.7617,6.7749,0.8468,1.3415,6.7749,2.1177

2937.6900,0.0450,0.4151,2.5764,2.7007,1.7121,6.3427,1.0938,1.4238,6.3427,2.1265

2938.6890,0.1067,-0.5109,2.5764,2.0216,2.2677,6.4662,0.8468,1.2181,6.4662,1.9678

2939.6900,0.1684,-0.0170,1.9590,2.5772,2.2677,6.6514,0.8468,1.3004,6.6514,2.0648

2940.6890,-0.1402,0.6003,2.3912,2.0216,2.2060,6.4662,0.9086,1.3313,6.4662,2.0648

2941.6890,-0.0168,0.1065,2.2060,2.0834,1.4651,6.8366,1.1555,1.1666,6.8366,1.9766

2942.6900,0.4153,0.1065,2.2060,2.3303,2.3912,6.7132,0.5999,1.3415,6.7132,2.1089

2943.6890,0.1067,0.2917,2.0825,2.1451,2.5147,6.4045,0.6616,1.3004,6.4045,2.0295

2944.6890,-0.1402,0.2917,2.2060,2.0216,2.3912,6.5897,0.7851,1.2592,6.5897,2.0207

2945.6890,-0.3254,-0.2022,2.4529,2.2068,1.8973,6.8366,1.4643,1.2489,6.8366,2.0472

2946.6890,-0.0785,0.1682,2.1442,2.5772,2.5765,6.5897,0.8468,1.3724,6.5897,2.1177

2947.6890,-0.0168,-0.0788,2.4529,1.8364,2.3912,6.7132,0.7851,1.2284,6.7132,2.0119

2948.6890,-0.0168,-0.1405,0.5390,2.4538,2.0825,6.3427,1.1555,1.0123,6.3427,1.7738

2949.6890,-0.0785,-0.0788,2.2677,2.0216,1.8355,7.7627,0.2912,1.0431,7.7627,2.0031

2950.6900,-0.3254,0.1065,2.1442,2.2068,1.9590,7.0836,0.9703,1.1769,7.0836,2.0207

2951.6900,0.0450,0.4769,2.2060,2.0834,2.2677,6.6514,0.9086,1.3313,6.6514,2.0913

2952.6890,0.0450,0.0447,2.2677,2.2686,1.7738,6.7749,0.8468,1.2078,6.7749,2.0031

2953.6890,0.4153,-0.0788,2.4529,2.0216,2.1443,6.7132,1.0938,1.3415,6.7132,2.1089

2954.6890,0.0450,0.4769,2.3295,2.2686,1.8973,7.0218,0.6616,1.2798,7.0218,2.1001

2955.6890,-0.0168,-0.0170,2.1442,2.3920,1.0946,6.9601,1.0321,1.1049,6.9601,1.9413

2956.6890,0.0450,-0.0170,2.2677,2.4538,1.9590,6.6514,1.0321,1.2901,6.6514,2.0560

2957.6890,-0.0785,0.1682,2.3295,2.2686,2.5147,6.6514,0.5999,1.3004,6.6514,2.0648

2958.6890,0.9092,0.1682,2.2677,2.2068,1.9590,6.3427,0.9086,1.4033,6.3427,2.1089

2959.6890,0.1684,-0.1405,2.3912,2.2068,2.2677,6.8366,0.9086,1.3004,6.8366,2.0913

2960.6890,0.0450,0.1682,1.8355,2.2686,2.4530,6.5279,1.2790,1.3415,6.5279,2.0825

2961.6890,0.1067,-0.1405,2.2677,2.0834,2.4530,6.5279,0.7851,1.2592,6.5279,2.0119

2962.6890,0.0450,0.4769,2.3912,2.2068,1.9590,6.4662,1.0321,1.3518,6.4662,2.0825

2963.6890,0.1684,-0.1405,2.2677,2.0216,2.3295,6.4662,-0.1410,1.0843,6.4662,1.8531

2964.6890,0.2919,0.3534,2.3295,2.0834,2.3912,6.1575,0.8468,1.3827,6.1575,2.0648

2965.6890,0.1067,-0.0788,2.9469,2.1451,2.0825,6.4045,0.9086,1.3518,6.4045,2.0736

2966.6900,-0.0168,0.0447,2.6382,2.2068,2.2060,6.3427,0.8468,1.3210,6.3427,2.0384

2967.6890,0.0450,-0.3257,2.2677,2.2068,2.5147,6.5279,0.7851,1.2489,6.5279,2.0031

2968.6900,0.1684,0.2299,3.4408,2.5155,1.9590,6.6514,0.7851,1.5165,6.6514,2.2500

2969.6900,0.1684,0.0447,1.6503,1.7747,2.9469,6.2193,1.1555,1.2901,6.2193,1.9943

2970.6890,-0.3254,-0.2640,2.5764,1.9599,2.3912,6.7132,0.9086,1.2078,6.7132,1.9943

2971.6890,0.1684,1.1560,2.6382,2.1451,2.2060,5.5402,0.3529,1.4444,5.5402,2.0295

2972.6890,-0.0785,1.0942,2.5764,2.2068,2.4530,6.4662,0.5999,1.4753,6.4662,2.1883

2973.6890,0.2302,1.1560,3.8730,1.4660,2.3912,6.5897,0.7851,1.6502,6.5897,2.3559

2974.6890,0.0450,-0.6344,2.3295,2.3920,2.0825,6.7749,0.9703,1.1975,6.7749,1.9943

2975.6890,0.2302,-0.2022,2.4529,2.3303,1.9590,6.6514,0.8468,1.2695,6.6514,2.0384

2976.6890,0.1067,-0.4492,2.8234,2.0216,2.0208,6.6514,0.8468,1.2284,6.6514,2.0031

2977.6890,-0.2637,0.2299,3.0704,2.4538,1.8355,6.8984,0.8468,1.3621,6.8984,2.1530

2978.6890,-1.0661,-0.2022,2.3295,2.2686,1.7738,6.4662,1.0938,1.0329,6.4662,1.8091

2979.6890,-0.8809,0.3534,2.2677,2.2068,2.5765,6.6514,0.7234,1.2078,6.6514,1.9855

2980.6890,-0.3254,0.2917,2.0825,2.2686,2.3295,6.4662,0.9703,1.2695,6.4662,2.0119

2981.6890,-0.0168,-0.3257,2.2677,2.2686,2.0208,6.6514,0.9086,1.1872,6.6514,1.9678

2982.6890,0.2302,0.9708,2.0825,2.0216,2.2060,6.6514,0.7234,1.3724,6.6514,2.1265

2983.6890,-0.1402,0.1065,2.0208,2.6390,1.8355,6.5897,0.9086,1.2283,6.5897,1.9943

2984.6890,0.0450,0.1682,2.2060,2.5772,2.5147,6.6514,0.7851,1.3827,6.6514,2.1354

2985.6900,0.2302,0.1682,2.1442,2.5772,2.0825,6.7132,0.7851,1.3312,6.7132,2.1001

2986.6890,0.3536,0.1065,2.2677,2.3303,2.2060,6.8984,0.8468,1.3518,6.8984,2.1442

2987.6890,0.2919,0.1682,2.3912,2.2068,2.6999,6.6514,1.4643,1.5370,6.6514,2.2677

2988.6890,0.1684,0.2299,2.0208,1.9599,2.2060,7.0218,0.5381,1.1872,7.0218,2.0207

2989.6890,-0.2637,-0.0170,2.5147,2.1451,2.1443,6.5897,1.0938,1.2695,6.5897,2.0295

2990.6900,-0.7575,0.1065,2.2677,2.5772,2.2060,6.3427,1.0938,1.2490,6.3427,1.9766

2991.6900,0.0450,0.0447,2.5764,2.2068,2.5765,6.7749,1.2173,1.4444,6.7749,2.2059

2992.6890,-0.0168,-0.3874,0.8477,2.6390,1.9590,6.7749,0.9086,0.9917,6.7749,1.8179

2993.6900,-0.0785,-0.1405,2.1442,2.0834,2.4530,6.5897,1.2173,1.2798,6.5897,2.0384

2994.6890,-0.3871,-0.0170,2.3295,2.2686,2.3295,6.3427,1.1555,1.2798,6.3427,2.0031

2995.6890,-0.0785,0.1065,2.2677,2.2686,2.0208,6.8366,0.8468,1.2386,6.8366,2.0384

2996.6890,-0.1402,0.0447,2.2677,2.2068,1.8355,7.7009,0.9086,1.1872,7.7009,2.1177

2997.6890,-0.5723,0.1682,2.2060,1.8364,2.0208,6.4045,0.9703,1.1049,6.4045,1.8620

2998.6890,-0.5723,0.3534,1.7121,2.7624,1.8973,6.5897,0.7851,1.1563,6.5897,1.9325

2999.6890,0.6005,0.2917,2.0825,2.2068,2.2060,6.7749,0.2912,1.2798,6.7749,2.0648

3000.6890,-0.2019,0.4769,2.3295,2.6390,2.2677,6.5897,0.3529,1.3107,6.5897,2.0648

3001.6900,0.2919,-0.0170,2.0208,2.3920,1.9590,6.3427,1.0321,1.2798,6.3427,2.0031

3002.6890,0.0450,0.1065,1.8355,2.3920,2.3912,6.4045,1.1555,1.3210,6.4045,2.0472

3003.6890,0.0450,0.0447,2.4529,1.8364,2.2060,7.0836,0.9703,1.2592,7.0836,2.0913

3004.6900,0.4153,-0.5109,2.3295,2.1451,2.4530,6.2810,1.1555,1.3313,6.2810,2.0384

3005.6890,0.2919,-0.6344,2.2060,2.4538,2.0208,6.7749,1.0938,1.2386,6.7749,2.0295

3006.6890,0.1067,0.1065,2.6382,2.3920,2.0208,6.7749,1.0938,1.3930,6.7749,2.1618

3007.6900,-0.1402,-0.1405,2.0825,2.2068,2.0208,6.4045,1.0938,1.1872,6.4045,1.9325

3008.6890,0.1684,-0.0788,1.2799,1.7129,2.5765,6.4662,0.9086,1.0946,6.4662,1.8620

3009.6890,-0.0168,0.1682,1.5268,2.2068,2.4530,6.5279,0.9703,1.2181,6.5279,1.9766

3010.6890,-0.1402,-0.2022,2.5147,3.3798,2.3295,6.5897,0.5999,1.4136,6.5897,2.1530

3011.6900,-0.0785,-0.0170,2.3295,2.4538,1.8973,7.0218,1.0321,1.2695,7.0218,2.0913

3012.6890,-0.2019,0.1065,2.2060,2.7007,2.0825,6.4045,1.0321,1.3210,6.4045,2.0472

3013.6890,0.0450,-0.3257,2.1442,2.3920,2.0825,6.6514,1.0938,1.2386,6.6514,2.0119

3014.6890,-0.0168,-0.2640,2.2677,2.1451,2.0208,6.6514,0.6616,1.1357,6.6514,1.9237

3015.6890,-0.0785,0.1065,2.4529,2.5155,2.6999,6.7749,0.7851,1.4136,6.7749,2.1795

3016.6890,0.1684,0.4769,3.8112,1.5277,2.7617,6.2810,0.9703,1.6194,6.2810,2.2853

3017.6900,1.0326,-0.8813,2.2677,2.4538,2.0825,6.5897,1.0321,1.3312,6.5897,2.0824

3018.6890,-0.0785,0.0447,1.9590,2.1451,2.0208,6.5897,0.8468,1.1563,6.5897,1.9325

3019.6890,-0.5723,-0.3874,2.3912,1.6512,2.6382,6.5279,0.7851,1.0843,6.5279,1.8620

3020.6890,-0.4489,0.2917,2.2677,2.7007,2.5765,6.5279,1.0321,1.4033,6.5279,2.1354

3021.6890,0.2919,0.1065,1.7738,1.9599,2.0825,6.7132,0.4764,1.1152,6.7132,1.9149

3022.6890,0.1684,0.2299,2.6382,2.6390,2.2677,6.5897,0.9086,1.4753,6.5897,2.2059

3023.6890,0.1684,-0.6961,2.3295,2.4538,2.0825,6.8984,0.9703,1.2181,6.8984,2.0295

3024.6890,-0.0168,0.1682,2.3912,2.5155,2.0208,6.7749,1.2790,1.3930,6.7749,2.1618

3025.6890,-1.3130,0.4769,1.9590,2.3303,1.5886,6.4662,1.0321,1.0123,6.4662,1.7914

3026.6890,-0.2019,-0.0788,2.1442,1.7129,2.2677,6.8366,0.5999,1.0740,6.8366,1.8972

3027.6890,0.1067,-0.5109,2.5147,2.3303,1.6503,6.7749,1.0321,1.1872,6.7749,1.9854

3028.6890,-0.2019,-0.0788,2.0825,2.1451,2.5147,6.4045,1.3408,1.3004,6.4045,2.0296

3029.6890,0.1684,-0.2640,2.8851,2.0834,2.0825,6.6514,0.7234,1.2798,6.6514,2.0472

3030.6890,0.0450,0.8473,2.4529,2.0216,2.3295,6.5897,0.7851,1.4136,6.5897,2.1530

3031.6890,0.2302,0.4769,2.1442,2.1451,2.6999,6.4662,0.7851,1.4136,6.4662,2.1354

3032.6890,0.1067,0.1682,2.2060,1.9599,1.9590,6.7749,0.7234,1.1872,6.7749,1.9854

3033.6890,0.0450,0.1682,1.8973,2.3920,2.0825,6.8984,0.6616,1.2078,6.8984,2.0207

3034.6890,0.1067,-0.0788,2.6382,2.2686,2.1443,6.5897,0.9703,1.3415,6.5897,2.0913

3035.6890,0.1067,0.0447,2.3295,2.3920,1.9590,6.8366,1.4025,1.3724,6.8366,2.1530

3036.6890,0.6622,0.1065,2.2677,2.1451,2.1443,6.8366,0.2294,1.2592,6.8366,2.0560

3037.6890,-0.0168,0.0447,2.2060,2.7624,2.1443,6.5897,0.6616,1.3004,6.5897,2.0560

3038.6890,0.1684,-0.0170,2.0208,1.8981,2.2060,6.7132,0.6616,1.1563,6.7132,1.9502

3039.6890,0.0450,-0.3257,2.5147,2.9476,2.3295,6.5279,0.5381,1.3415,6.5279,2.0825

3040.6890,0.1684,-0.0788,2.1442,2.5155,1.8973,6.5897,0.9703,1.2695,6.5897,2.0295

3041.6890,0.1067,0.2299,2.3295,2.2068,1.0329,6.9601,0.5381,1.0740,6.9601,1.9149

3042.6890,-0.0785,0.1065,2.2677,2.0216,1.7738,6.4662,1.0321,1.1872,6.4662,1.9413

3043.6890,0.1684,-0.2640,2.0208,2.1451,2.3295,6.1575,0.9703,1.2284,6.1575,1.9325

3044.6890,0.0450,-0.3257,2.1442,2.4538,2.2060,6.5897,1.0321,1.2592,6.5897,2.0207

3045.6890,-0.5723,-1.7456,2.9469,2.0834,2.3295,6.8984,1.0321,1.0123,6.8984,1.8532

3046.6890,-0.3871,1.8968,2.0208,2.1451,2.1443,6.2810,0.9703,1.4650,6.2810,2.1530

3047.6890,-0.0785,0.1682,2.0208,2.5155,2.2060,6.5897,1.2790,1.3518,6.5897,2.1001

3048.6890,-0.1402,0.1682,2.2060,2.1451,2.4530,6.8984,1.0938,1.3210,6.8984,2.1177

3049.6890,0.1684,-0.0788,1.5268,2.2068,1.9590,6.5897,0.8468,1.1049,6.5897,1.8884

3050.6890,0.0450,-0.1405,2.3912,2.2686,2.1443,6.8366,0.9086,1.2695,6.8366,2.0648

3051.6890,-0.0168,0.0447,2.2060,2.5772,2.1443,6.8366,0.9086,1.3107,6.8366,2.1001

3052.6890,-0.0168,-0.1405,2.6999,2.0216,2.2677,6.3427,0.8468,1.2798,6.3427,2.0031

3053.6890,-0.4489,0.4769,2.8851,2.5155,2.1443,6.5897,0.7234,1.3827,6.5897,2.1266

3054.6890,-0.0168,-0.0788,2.2677,2.3920,1.8355,6.5279,1.0938,1.2489,6.5279,2.0031

3055.6890,-0.0785,-0.2640,2.6382,2.3920,1.8355,6.6514,0.9703,1.2489,6.6514,2.0207

3056.6890,-0.0785,0.0447,2.4529,2.1451,2.2060,6.5897,0.9086,1.2798,6.5897,2.0384

3057.6900,0.5388,0.2299,2.1442,2.2068,2.1443,6.6514,0.4764,1.2901,6.6514,2.0560

3058.6890,-0.2019,0.6003,2.2677,2.2068,2.0208,6.7132,0.7851,1.2798,6.7132,2.0560

3059.6900,0.0450,-0.5726,2.0208,2.3303,2.0825,6.6514,0.9703,1.1460,6.6514,1.9325

3060.6900,0.2302,0.4151,2.3295,1.9599,2.0825,6.5279,1.0321,1.3415,6.5279,2.0825

3061.6890,-0.5723,0.0447,1.9590,2.6390,1.7738,6.5279,0.9086,1.1255,6.5279,1.8972

3062.6890,-0.2637,-0.2640,2.3295,2.0834,2.2677,6.4045,1.4025,1.2592,6.4045,1.9943

3063.6890,0.1067,-0.3257,3.7495,2.1451,2.2060,6.5279,0.8468,1.4547,6.5279,2.1795

3064.6890,-0.0168,-0.5109,2.0208,2.1451,2.5147,6.2193,0.9086,1.1769,6.2193,1.8973

3065.6890,0.1067,0.0447,2.7617,2.4538,2.0208,6.9601,1.0321,1.4033,6.9601,2.1971

3066.6890,0.0450,-0.0788,2.0825,1.8364,2.0825,6.8366,0.4147,1.0637,6.8366,1.8884

3067.6890,0.1684,-0.5109,2.5764,1.9599,2.1443,6.7749,0.7851,1.1872,6.7749,1.9854

3068.6890,0.1684,-0.0788,2.7617,2.3920,1.4033,6.8366,0.4147,1.1769,6.8366,1.9854

3069.6900,-0.2019,-0.0170,2.0208,2.3303,2.2060,6.6514,1.1555,1.2489,6.6514,2.0207

3070.6890,0.1067,-0.2640,2.6382,2.2068,2.3912,6.8984,-0.0175,1.1769,6.8984,1.9943

3071.6890,0.1067,-0.0788,2.2060,2.2068,1.8973,6.7132,0.6616,1.1666,6.7132,1.9590

3072.6890,0.2302,-0.3874,2.2677,2.3920,1.9590,6.7132,0.7851,1.2078,6.7132,1.9943

3073.6890,-0.0168,-0.1405,2.2677,2.2068,2.4530,5.7871,1.0321,1.3004,5.7871,1.9414

3074.6890,-0.0785,-0.0170,2.2677,2.0834,2.2060,6.4662,0.8468,1.2181,6.4662,1.9678

3075.6900,0.1067,0.1682,2.5764,2.2686,1.9590,6.6514,0.9086,1.3312,6.6514,2.0913

3076.6890,-0.0785,-0.1405,2.4529,1.8981,2.2677,6.4662,0.7851,1.1975,6.4662,1.9502

3077.6890,0.2919,0.0447,2.2677,1.8364,2.2677,6.8984,0.8468,1.2592,6.8984,2.0648

3078.6890,0.2919,0.0447,2.5147,2.5772,1.9590,6.4662,0.7851,1.3621,6.4662,2.0913

3079.6890,0.0450,-0.2022,2.2677,2.1451,1.8355,6.6514,1.0321,1.1872,6.6514,1.9678

3080.6890,0.0450,-0.0788,2.3912,2.3303,1.7738,6.2810,0.7851,1.2078,6.2810,1.9325

3081.6890,1.2178,-0.4492,2.6999,2.3303,2.0208,6.2810,0.9703,1.4650,6.2810,2.1530

3082.6890,-0.0168,0.2299,2.7617,2.2686,1.6503,6.8984,1.0321,1.3210,6.8984,2.1177

3083.6890,-0.3871,0.1065,2.5147,2.0834,2.3295,6.7132,1.2173,1.3107,6.7132,2.0825

3084.6890,0.2302,0.1682,2.0825,2.8242,2.0208,6.5279,0.6616,1.3312,6.5279,2.0736

3085.6890,0.1067,-0.1405,2.4529,1.4660,2.3912,6.4662,0.9703,1.2078,6.4662,1.9590

3086.6890,0.0450,0.1065,2.2060,2.3920,2.0208,7.0836,0.6616,1.2386,7.0836,2.0736

3087.6890,0.0450,0.0447,2.0208,2.4538,2.3912,6.4662,1.0321,1.3313,6.4662,2.0648

3088.6900,-0.0785,0.2299,2.3912,2.0834,2.5765,6.6514,0.6616,1.3107,6.6514,2.0736

3089.6890,-0.0168,0.1682,2.2677,2.0834,2.2677,6.8984,0.9086,1.2798,6.8984,2.0825

3090.6890,-0.0168,-0.0788,2.7617,2.2068,2.0208,6.5897,0.7234,1.2695,6.5897,2.0295

3091.6890,0.2919,-0.0788,1.8973,2.0834,2.3912,6.5897,0.5381,1.1872,6.5897,1.9590

3092.6890,-0.3254,-0.0788,2.4529,2.0216,2.2677,7.4540,1.4643,1.3004,7.4540,2.1795

3093.6900,0.0450,-0.0788,2.3912,1.7129,2.5147,6.7132,0.7234,1.2181,6.7132,2.0031

3094.6900,0.1067,-0.1405,2.0825,1.7129,2.2060,6.7132,0.5381,1.0843,6.7132,1.8884

3095.6890,0.1067,-1.0048,2.5147,2.0834,2.6382,6.4662,0.7234,1.1769,6.4662,1.9325

3096.6890,-0.6340,0.4151,2.3295,2.0834,2.2060,6.7749,1.1555,1.2592,6.7749,2.0472

3097.6890,0.2302,-0.4492,2.3912,2.3920,2.0825,6.6514,1.0321,1.2798,6.6514,2.0472

3098.6890,0.3536,-0.2640,2.1442,2.3920,2.1443,6.7749,0.6616,1.2386,6.7749,2.0295

3099.6890,0.0450,-0.0170,2.0825,2.5155,1.9590,6.5897,1.0321,1.2695,6.5897,2.0295

3100.6890,0.1684,0.4151,1.8355,2.3920,2.2677,6.4662,0.9703,1.3415,6.4662,2.0736

3101.6890,-1.0044,0.6621,1.7121,2.3303,2.3295,7.7009,1.1555,1.1975,7.7009,2.1266

3102.6890,0.1684,-0.3874,2.1442,2.0216,2.2677,6.5279,1.1555,1.2284,6.5279,1.9854

3103.6890,0.2302,-0.0788,2.4529,2.0216,1.8355,6.7132,0.5381,1.1666,6.7132,1.9590

3104.6890,-0.1402,0.1682,2.2060,2.1451,1.6503,6.5279,1.0321,1.1769,6.5279,1.9413

3105.6890,0.2302,0.1065,2.7617,2.2068,2.0208,7.0836,0.7234,1.3415,7.0836,2.1618

3106.6890,0.1684,-0.0788,2.5147,2.3303,2.0825,6.4662,0.6616,1.2798,6.4662,2.0207

3107.6890,-0.0785,0.2299,1.6503,2.7624,2.2060,6.6514,0.7234,1.2489,6.6514,2.0207

3108.6890,0.1067,0.2299,2.3295,2.1451,1.8973,6.8984,0.8468,1.2592,6.8984,2.0648

3109.6890,-0.1402,-0.0788,2.0208,2.2686,2.2677,6.5279,0.9703,1.2181,6.5279,1.9766

3110.6890,-0.1402,0.4151,2.1442,2.3920,2.2060,6.6514,0.4764,1.2489,6.6514,2.0207

3111.6890,0.0450,0.1065,1.8973,2.2686,2.3912,6.2810,0.9703,1.2798,6.2810,1.9943

3112.6890,0.1684,0.6003,2.2677,2.2686,2.2060,6.5897,0.9086,1.4033,6.5897,2.1442

3113.6890,0.0450,-0.0788,2.6382,1.9599,2.1443,6.5897,0.9086,1.2695,6.5897,2.0295

3114.6890,0.4153,0.1065,2.2060,2.3303,2.1443,6.4662,0.5999,1.3004,6.4662,2.0383

3115.6890,-0.0785,0.1682,2.3295,2.1451,2.1443,6.5897,0.9703,1.2798,6.5897,2.0384

3116.6890,0.1684,0.1065,2.6999,2.1451,2.2060,6.6514,0.8468,1.3621,6.6514,2.1177

3117.6890,0.2919,-0.0788,2.3295,2.3303,2.3295,6.7132,0.5999,1.3004,6.7132,2.0736

3118.6890,-0.6340,0.1065,2.4529,2.0834,2.2060,6.6514,0.8468,1.1769,6.6514,1.9590

3119.6890,0.1684,-0.0788,2.0825,2.3920,2.0825,6.5897,0.6616,1.2181,6.5897,1.9854

3120.6890,0.1684,0.1065,2.3912,2.6390,2.2060,7.2688,0.9086,1.4033,7.2688,2.2412

3121.6890,0.0450,-0.2022,1.9590,2.3303,1.9590,6.7132,0.8468,1.1563,6.7132,1.9502

3122.6890,-0.0785,0.4151,2.5147,2.0834,2.3295,6.7132,0.7851,1.3415,6.7132,2.1089

3123.6890,0.3536,-0.0788,2.2677,2.3303,2.1443,6.2810,0.4147,1.2386,6.2810,1.9590

3124.6890,0.0450,-0.7579,2.2677,2.0216,2.2060,6.5897,0.9703,1.1255,6.5897,1.9061

3125.6890,-0.3254,0.2917,2.4529,2.4538,1.7738,6.5897,1.1555,1.3004,6.5897,2.0560

3126.6890,-0.0168,0.1682,1.7738,2.5155,2.3912,5.4167,0.3529,1.1975,5.4167,1.8002

3127.6890,0.1067,-0.2022,2.6999,2.3920,1.9590,6.8366,0.8468,1.3004,6.8366,2.0913

3128.6890,-0.0168,-0.3874,2.6382,2.0834,2.0825,6.7749,0.7234,1.1872,6.7749,1.9854

3129.6890,0.2302,-0.1405,2.4529,3.3798,2.2060,6.6514,1.0938,1.5370,6.6514,2.2677

3130.6890,0.0450,-0.0788,2.3912,2.2068,2.0825,6.4662,0.7851,1.2386,6.4662,1.9854

3131.6900,-0.0168,0.2917,2.6382,2.3920,1.8973,7.0836,0.4764,1.2798,7.0836,2.1089

3132.6890,0.1684,-0.1405,2.3912,2.1451,2.6999,6.3427,0.7851,1.3415,6.3427,2.0560

3133.6890,-0.1402,-0.2022,2.5764,2.3920,1.5268,6.7132,0.9703,1.1872,6.7132,1.9766

3134.6890,0.2302,-1.1900,2.5147,2.0834,2.2677,5.9106,0.8468,1.1255,5.9106,1.8091

3135.6890,0.6005,0.2299,2.1442,2.1451,2.1443,7.1453,0.0442,1.2180,7.1453,2.0648

3136.6890,0.1684,0.5386,1.8973,2.3303,1.8973,6.5897,0.5999,1.2386,6.5897,2.0031

3137.6890,-0.0168,-0.3257,1.4651,2.5155,2.3295,6.4045,0.8468,1.1357,6.4045,1.8884

3138.6890,-0.0785,-0.0170,2.2677,2.3920,2.0825,7.0836,0.8468,1.2489,7.0836,2.0825

3139.6890,0.2919,0.1065,2.0208,2.0834,2.0208,6.8366,0.4764,1.1666,6.8366,1.9766

3140.6890,-0.1402,0.1682,2.3912,2.4538,2.6382,6.6514,0.7234,1.3724,6.6514,2.1266

3141.6890,0.1067,-0.3874,2.2677,2.3303,2.2677,6.8366,0.4764,1.1769,6.8366,1.9854

3142.6890,0.1067,-0.0788,2.2060,1.7129,1.8973,6.8984,0.7851,1.1049,6.8984,1.9325

3143.6890,0.0450,0.1065,1.4651,2.4538,2.0208,6.6514,1.0938,1.1975,6.6514,1.9766

3144.6890,0.2302,-0.0170,3.0086,1.2191,2.4530,6.6514,1.0938,1.3313,6.6514,2.0913

3145.6890,0.1684,0.1682,2.1442,2.6390,2.2060,6.6514,0.9086,1.3724,6.6514,2.1265

3146.6890,0.2302,0.1065,2.1442,2.7624,2.1443,6.7749,0.9703,1.3930,6.7749,2.1618

3147.6890,0.0450,-0.1405,2.3912,1.4660,2.2677,6.8366,0.6616,1.1152,6.8366,1.9325

3148.6890,-0.1402,0.6003,1.7738,2.4538,2.3912,6.4662,1.0938,1.3621,6.4662,2.0913

3149.6890,-0.2637,-0.3257,2.3912,2.1451,1.8355,6.8984,2.0199,1.3004,6.8984,2.1001

3150.6890,-0.3254,-0.0788,2.6382,1.8981,1.9590,6.8366,0.5999,1.1152,6.8366,1.9325

3151.6890,0.3536,-0.3257,2.0825,2.3920,2.3912,7.0218,0.5381,1.2386,7.0218,2.0648

3152.6890,1.0326,-0.6344,2.4529,2.0216,2.2060,6.7132,1.4643,1.4238,6.7132,2.1795

3153.6890,0.0450,1.3412,1.5886,2.0834,2.3912,6.5897,0.5999,1.3415,6.5897,2.0913

3154.6890,0.2302,-0.1405,2.0208,2.3303,2.1443,6.8366,0.8468,1.2386,6.8366,2.0383

3155.6890,0.0450,-0.2022,2.3295,2.2068,1.8973,6.8366,0.6616,1.1563,6.8366,1.9678

3156.6890,-0.0785,-0.4492,2.0825,2.5155,1.8973,6.8366,0.8468,1.1357,6.8366,1.9502

3157.6890,0.0450,0.1682,2.6999,2.3920,2.2677,6.4045,1.3408,1.4856,6.4045,2.1883

3158.6890,0.1067,0.1682,1.8973,1.6512,2.0825,7.1453,1.0321,1.1563,7.1453,2.0119

3159.6890,0.1067,-0.7579,2.2677,2.5155,2.1443,6.8366,0.9086,1.1975,6.8366,2.0031

3160.6890,0.2919,0.3534,2.2677,2.2068,1.6503,6.8984,0.4764,1.2078,6.8984,2.0207

3161.6890,0.2302,-0.0170,2.9469,2.3920,2.1443,6.5897,0.7851,1.4136,6.5897,2.1530

3162.6900,0.1067,0.0447,2.0208,2.3303,3.2556,6.9601,0.9086,1.4444,6.9601,2.2324

3163.6900,0.1684,0.2299,2.1442,2.0834,2.0208,7.1453,0.5381,1.1975,7.1453,2.0472

3164.6890,0.0450,0.6621,2.3295,2.0216,2.2060,6.7132,1.0321,1.3827,6.7132,2.1442

3165.6890,0.1067,0.1065,2.3295,1.9599,2.0825,6.9601,0.7234,1.2181,6.9601,2.0384

3166.6900,-0.1402,-0.1405,1.5268,2.2686,2.0825,6.5279,0.8468,1.0740,6.5279,1.8531

3167.6890,0.1067,0.0447,2.3912,2.2686,2.5765,6.9601,0.9086,1.3827,6.9601,2.1795

3168.6890,-0.1402,0.3534,1.0329,2.2068,1.9590,7.0218,0.7234,1.0226,7.0218,1.8796

3169.6890,-0.1402,-0.0170,2.2677,2.3920,2.2677,6.8366,1.1555,1.3210,6.8366,2.1089

3170.6890,0.1067,-0.0170,2.3912,2.0834,2.5147,6.7749,0.7234,1.3004,6.7749,2.0825

3171.6890,0.1067,0.4769,2.1442,2.0834,2.2060,6.8366,1.0938,1.3518,6.8366,2.1354

3172.6890,-0.1402,0.1065,2.1442,2.0834,2.3295,7.5157,1.0321,1.2592,7.5157,2.1530

3173.6900,-0.0785,0.1065,2.0825,2.2068,2.1443,7.0836,0.8468,1.2181,7.0836,2.0560

3174.6890,0.1067,0.0447,2.6382,2.2068,2.2060,6.4662,0.6616,1.3107,6.4662,2.0472

3175.6890,-0.2019,0.1682,1.7121,2.3303,2.3912,6.4045,1.0321,1.2387,6.4045,1.9766

3176.6890,0.4153,0.2299,2.2677,1.8981,1.9590,6.7749,0.9086,1.2798,6.7749,2.0648

3177.6890,0.2302,0.0447,2.2677,2.3920,2.6999,7.0218,0.9086,1.4239,7.0218,2.2236

3178.6890,0.0450,0.2299,2.1442,2.8242,1.9590,6.7132,0.7851,1.3312,6.7132,2.1001

3179.6890,-0.0168,-0.6344,2.3912,2.4538,2.0825,7.0836,0.8468,1.1872,7.0836,2.0295

3180.6890,-0.1402,-0.3874,2.2060,2.1451,1.8973,6.8366,0.7234,1.0740,6.8366,1.8972

3181.6890,-0.5106,0.3534,2.1442,2.3303,2.6382,6.7749,1.2790,1.3724,6.7749,2.1442

3182.6890,-0.0785,0.1065,2.2677,1.6512,2.2677,6.6514,0.7851,1.1666,6.6514,1.9502

3183.6890,0.0450,-0.2022,2.5147,2.4538,2.5147,7.2070,1.0321,1.3930,7.2070,2.2236

3184.6890,-0.3254,-0.0788,2.2060,2.2068,2.2060,6.7132,1.0938,1.2181,6.7132,2.0031

3185.6900,0.1684,-0.2022,2.4529,2.2686,2.2060,6.7749,0.6616,1.2592,6.7749,2.0472

3186.6890,0.1067,-0.0170,1.3416,2.5155,2.6382,6.8366,0.8468,1.2386,6.8366,2.0384

3187.6890,-0.3871,0.2917,1.8973,2.2686,2.4530,7.1453,0.6616,1.1975,7.1453,2.0472

3188.6890,-0.0168,0.1065,2.2677,2.3303,1.7738,6.6514,1.1555,1.2695,6.6514,2.0384

3189.6890,-0.2019,0.1065,2.2060,2.4538,2.0208,7.7009,0.5381,1.1872,7.7009,2.1177

3190.6890,0.0450,-0.5109,2.6999,2.1451,2.2060,6.6514,0.8468,1.2387,6.6514,2.0119

3191.6890,0.0450,-0.4492,2.2677,2.3920,2.0208,6.6514,0.9086,1.1975,6.6514,1.9766

3192.6890,-0.3871,0.6621,2.0825,2.3303,2.2060,6.7749,1.1555,1.3416,6.7749,2.1177

3193.6890,0.3536,-0.2640,2.3295,2.2068,2.3295,6.5897,1.0321,1.3312,6.5897,2.0825

3194.6890,0.0450,0.1682,1.7738,2.3920,2.2677,6.7132,1.1555,1.3004,6.7132,2.0736

3195.6890,-0.0168,0.4769,2.2677,2.2068,2.1443,6.7749,1.0938,1.3621,6.7749,2.1354

3196.6890,0.4771,0.2299,2.0208,2.2068,2.0825,7.0218,0.9086,1.3209,7.0218,2.1354

3197.6890,0.0450,-0.2022,2.4529,2.0834,2.2677,6.8366,1.0321,1.2798,6.8366,2.0736

3198.6900,0.1067,-0.0788,2.2060,2.1451,2.2677,6.4045,0.7851,1.2386,6.4045,1.9766

3199.6890,0.1684,0.1682,2.7617,2.2068,2.0825,7.0218,0.5999,1.3312,7.0218,2.1442

3200.6890,-0.1402,0.5386,2.3295,2.2686,1.4651,7.0836,0.5381,1.1666,7.0836,2.0119

3201.6890,-0.0168,0.2917,2.2060,2.5772,2.0825,6.8984,1.0938,1.3724,6.8984,2.1618

3202.6890,-0.1402,-0.0170,2.3295,2.3303,2.0208,7.0218,2.0199,1.4239,7.0218,2.2236

3203.6890,-0.2019,-0.0170,2.2060,2.2686,2.0825,7.2070,1.0938,1.2387,7.2070,2.0913

3204.6890,0.2919,-0.2640,2.7617,2.0834,2.3912,6.7749,0.9086,1.3621,6.7749,2.1354

3205.6890,0.4771,-0.0170,2.1442,2.2686,2.0825,6.8984,0.7234,1.2798,6.8984,2.0824

3206.6890,0.0450,0.4151,2.0208,2.0834,2.3295,6.7749,0.9703,1.3107,6.7749,2.0913

3207.6890,2.6375,0.1065,2.4529,2.0834,2.1443,6.4662,0.9086,1.7222,6.4662,2.3999

3208.6900,-0.0168,0.0447,2.5147,2.2686,2.8234,6.7749,0.6616,1.3827,6.7749,2.1530

3209.6890,-0.1402,0.2917,1.9590,2.2686,2.2677,6.9601,0.8468,1.2489,6.9601,2.0648

3210.6890,0.2302,-0.0170,2.2060,2.1451,2.2060,6.2810,0.9086,1.2798,6.2810,1.9943

3211.6890,-0.0785,0.0447,2.0825,2.6390,3.2556,6.7749,0.7851,1.4547,6.7749,2.2148

3212.6890,-0.0785,0.0447,2.2060,2.3303,1.7121,6.8366,1.0321,1.2078,6.8366,2.0119

3213.6890,-0.3254,-0.2022,2.9469,1.3425,2.3912,6.7132,1.0321,1.1975,6.7132,1.9855

3214.6890,0.2919,0.4151,2.0208,2.5772,2.4530,6.6514,0.9703,1.4547,6.6514,2.1971

3215.6890,0.1067,-0.0788,2.4529,1.7129,2.3295,6.9601,0.7851,1.2181,6.9601,2.0384

3216.6890,0.0450,0.1065,1.7121,2.2686,2.3295,6.7749,0.9086,1.2284,6.7749,2.0207

3217.6890,-1.7451,0.4151,1.8973,2.2068,2.6382,6.7749,0.6616,1.0123,6.7749,1.8355

3218.6900,-0.1402,-0.0788,2.1442,2.2686,2.3295,6.3427,1.1555,1.2798,6.3427,2.0031

3219.6890,0.0450,-0.3874,2.4529,2.1451,2.8234,6.7132,0.9703,1.3416,6.7132,2.1089

3220.6890,-0.0785,0.7856,2.3912,1.8981,2.0208,6.6514,0.9086,1.3210,6.6514,2.0825

3221.6900,-0.1402,0.2299,2.3912,1.9599,2.0208,6.7749,1.0938,1.2592,6.7749,2.0472

3222.6890,-0.2019,0.2299,2.3912,2.3920,2.0825,6.7749,1.1555,1.3415,6.7749,2.1177

3223.6890,0.0450,1.3412,2.4529,2.2686,2.4530,7.0218,0.7851,1.5576,7.0218,2.3382

3224.6890,-0.1402,0.1682,2.3912,2.2686,2.5765,6.9601,0.7234,1.3313,6.9601,2.1354

3225.6890,-0.0168,0.0447,1.7121,2.5772,1.9590,6.6514,0.9703,1.2078,6.6514,1.9854

3226.6890,-0.5106,0.1065,2.5147,1.9599,2.2677,6.7132,0.5999,1.1563,6.7132,1.9502

3227.6890,0.1067,-0.2022,2.2060,2.3920,2.2060,7.0836,0.5999,1.2181,7.0836,2.0560

3228.6890,-0.0785,0.7856,2.5147,2.0216,2.2677,6.7749,0.7234,1.3724,6.7749,2.1442

3229.6890,-0.0168,-0.3874,1.8973,2.1451,2.3295,6.5279,0.6616,1.1049,6.5279,1.8796

3230.6890,-0.1402,0.1065,2.2677,2.2686,2.5765,6.0341,1.6495,1.4547,6.0341,2.1089

3231.6890,-0.0785,-0.0170,2.1442,2.2686,2.3295,6.8984,1.1555,1.3004,6.8984,2.1001

3232.6890,-0.0168,-0.0170,2.5764,2.3303,1.9590,7.1453,1.2173,1.3415,7.1453,2.1707

3233.6890,0.8474,-0.4492,1.9590,2.0216,2.2677,6.8984,0.4764,1.1872,6.8984,2.0031

3234.6890,-0.2019,0.2917,2.3912,1.7747,2.4530,7.2688,0.9086,1.2695,7.2688,2.1266

3235.6890,0.1067,0.7856,1.7121,2.4538,2.3295,7.2688,0.5381,1.3210,7.2688,2.1706

3236.6900,0.7240,0.2917,2.2060,2.1451,2.1443,7.2688,0.9703,1.4135,7.2688,2.2500

3237.6890,0.2302,-0.0788,2.3295,2.2068,2.0208,6.7749,0.9086,1.2695,6.7749,2.0560

3238.6890,0.7857,-0.0788,1.8355,2.3303,2.2060,7.2070,0.7234,1.3004,7.2070,2.1442

3239.6890,0.2302,0.1682,2.1442,2.3303,1.9590,6.8366,0.6616,1.2489,6.8366,2.0472

3240.6890,0.8474,-0.5726,2.0208,2.3303,2.2060,6.5897,0.7234,1.2592,6.5897,2.0207

3241.6900,0.2302,-0.2022,2.5764,2.3303,2.5765,7.0836,0.9086,1.4033,7.0836,2.2148

3242.6890,0.6622,-0.0788,2.0825,1.9599,2.2677,6.7749,0.9086,1.3004,6.7749,2.0824

3243.6890,0.1067,-0.0170,2.8851,2.2068,1.9590,6.5897,0.4764,1.2695,6.5897,2.0295

3244.6890,0.1067,-0.5726,1.9590,2.4538,2.0208,6.8366,0.9703,1.1563,6.8366,1.9678

3245.6890,0.6622,0.2917,2.0825,2.3303,2.3912,6.6514,0.5381,1.3827,6.6514,2.1354

3246.6890,-0.3254,-0.2022,2.2060,2.2068,1.8973,6.8984,2.0199,1.3004,6.8984,2.1001

3247.6890,0.3536,-1.3135,1.5268,2.0834,2.3912,6.6514,0.7851,0.9711,6.6514,1.7826

3248.6900,0.0450,0.0447,1.8355,2.2068,2.3295,6.8984,1.0321,1.2489,6.8984,2.0560

3249.6890,-0.3871,0.4151,2.2677,2.1451,2.3295,6.8366,0.9703,1.2901,6.8366,2.0825

3250.6890,0.4153,-0.0788,2.5764,1.8364,2.2677,6.8984,0.7234,1.2901,6.8984,2.0913

3251.6900,0.2919,-0.3874,2.1442,2.3920,2.4530,6.8984,0.5999,1.2489,6.8984,2.0560

3252.6890,0.2302,-0.0170,1.8973,2.4538,1.9590,6.8366,1.0321,1.2592,6.8366,2.0560

3253.6900,-0.3871,0.0447,1.7738,2.7007,1.7738,6.5897,0.7851,1.1152,6.5897,1.8972

3254.6890,0.3536,0.0447,2.2677,2.2686,2.2677,7.5157,0.3529,1.2592,7.5157,2.1530

3255.6890,0.1684,0.0447,2.2677,2.0834,2.4530,7.0218,0.7851,1.3004,7.0218,2.1177

3256.6890,0.9092,0.1065,2.2060,2.1451,2.2060,6.5279,0.8468,1.4033,6.5279,2.1354

3257.6900,0.2302,-0.0788,2.6382,2.2686,2.0208,6.9601,0.6616,1.2901,6.9601,2.1001

3258.6890,0.6005,0.0447,2.2677,2.5155,2.1443,6.8366,1.0938,1.4444,6.8366,2.2147

3259.6890,-0.0785,0.1682,2.2060,2.5155,2.4530,6.7132,1.2173,1.4136,6.7132,2.1707

3260.6890,0.3536,-0.2022,2.2677,2.4538,2.3295,6.8366,0.6616,1.3107,6.8366,2.1001

3261.6890,-0.0168,0.0447,1.8355,2.3920,2.2677,6.4045,0.8468,1.2284,6.4045,1.9678

3262.6890,0.1067,1.0942,2.7617,1.6512,2.2677,6.6514,0.5999,1.4136,6.6514,2.1618

3263.6890,0.1684,0.1682,2.2060,2.3303,2.0825,7.0218,0.9086,1.3107,7.0218,2.1265

3264.6890,-0.0785,0.1682,2.2060,2.5772,2.2677,6.6514,0.9703,1.3518,6.6514,2.1089

3265.6890,-0.5106,-0.1405,2.3295,2.1451,2.3912,6.8984,1.8347,1.3416,6.8984,2.1354

3266.6900,0.1067,-0.0788,2.3295,2.2068,2.3295,6.6514,0.9703,1.3107,6.6514,2.0736

3267.6890,-0.2019,-0.0170,2.2677,2.5155,2.3295,6.6514,0.9086,1.3004,6.6514,2.0648

3268.6890,0.1684,0.7238,1.8355,2.2068,2.3912,6.5279,0.7234,1.3415,6.5279,2.0824

3269.6890,-0.0785,-0.3257,2.2060,2.1451,2.1443,6.7132,1.0321,1.1872,6.7132,1.9766

3270.6890,0.1684,0.0447,2.5764,2.4538,2.2060,6.4045,0.6616,1.3518,6.4045,2.0736

3271.6890,0.1067,0.1682,2.5147,2.2068,2.0825,6.6514,0.6616,1.2901,6.6514,2.0560

3272.6890,0.0450,0.1682,2.0208,2.3920,2.1443,6.8984,0.9086,1.2798,6.8984,2.0825

3273.6890,0.0450,-0.0170,2.5147,1.8364,2.3295,6.7132,0.8468,1.2592,6.7132,2.0384

3274.6890,0.1067,-0.2022,2.2677,2.2686,1.9590,6.8984,0.7234,1.1872,6.8984,2.0031

3275.6890,-0.0785,-0.0788,2.3295,1.7129,2.3295,7.0218,0.7234,1.1563,7.0218,1.9943

3276.6890,0.0450,0.0447,2.2677,2.2068,1.8973,7.0218,1.0938,1.2592,7.0218,2.0825

3277.6890,0.1067,0.1682,2.0825,2.3920,1.8973,7.2070,0.7851,1.2386,7.2070,2.0913

3278.6890,0.3536,-0.0170,2.0825,2.2686,2.2677,7.2688,1.5260,1.4136,7.2688,2.2500

3279.6890,-0.2019,0.1065,2.5147,1.9599,2.2677,7.5157,1.0938,1.2901,7.5157,2.1795

3280.6890,0.4771,0.2299,2.3912,1.8981,2.5147,7.1453,0.8468,1.3930,7.1453,2.2147

3281.6900,0.0450,0.2917,2.2677,2.1451,2.4530,7.2688,0.5999,1.3004,7.2688,2.1530

3282.6890,-0.0168,-0.0788,2.0208,2.1451,2.3912,7.1453,0.7234,1.1975,7.1453,2.0472

3283.6890,0.4153,0.0447,2.4529,2.5155,2.0825,7.2070,0.6616,1.3621,7.2070,2.1971

3284.6890,-0.0785,0.3534,2.0825,2.2686,2.1443,7.4540,0.8468,1.2695,7.4540,2.1530

3285.6890,0.9092,0.3534,1.8973,2.4538,2.1443,7.1453,0.8468,1.4341,7.1453,2.2500

3286.6890,0.0450,0.6003,2.5147,2.0834,2.0208,7.0836,0.8468,1.3518,7.0836,2.1706

3287.6890,0.1067,0.4151,2.4529,2.3920,2.2677,7.0836,0.7851,1.4033,7.0836,2.2147

3288.6890,0.0450,-0.0788,1.9590,2.2686,1.9590,7.3305,0.7851,1.1563,7.3305,2.0383

3289.6890,0.0450,-0.5109,2.3295,2.3920,2.8234,7.0218,1.1555,1.3724,7.0218,2.1795

3290.6890,0.8474,0.2299,2.1442,2.2068,2.1443,7.2070,0.9086,1.4135,7.2070,2.2412

3291.6890,-0.0785,0.1065,2.0825,2.3303,2.2060,7.8861,0.9703,1.2695,7.8861,2.2147

3292.6890,0.2919,-0.3874,2.5147,2.2686,2.3295,7.3305,0.2912,1.2181,7.3305,2.0913

3293.6890,0.4153,0.1682,2.0825,2.3920,2.0208,7.4540,0.9703,1.3415,7.4540,2.2147

3294.6890,0.1067,0.1682,2.1442,2.2068,2.0825,7.9479,0.8468,1.2592,7.9479,2.2147

3295.6890,0.7240,0.1682,2.2060,1.8364,2.5147,7.3922,0.9086,1.3930,7.3922,2.2500

3296.6900,-0.0785,0.1065,2.2060,2.3303,2.1443,7.9479,1.0321,1.2901,7.9479,2.2412

3297.6900,-0.0785,-0.0788,2.2677,1.7747,2.3295,9.0591,-0.0175,1.0329,9.0591,2.1795

3298.6890,0.3536,-0.0170,2.2677,2.1451,2.2060,7.8244,0.4147,1.2283,7.8244,2.1706

3299.6890,-0.0168,-0.0170,2.0825,2.3303,2.1443,8.0096,1.1555,1.2798,8.0096,2.2412

3300.6890,-0.4489,0.1682,2.4529,2.0834,2.2677,7.8861,1.0321,1.2592,7.8861,2.2059

3301.6890,0.4153,0.1065,2.0208,2.1451,2.3295,8.3800,0.6616,1.2798,8.3800,2.2941

3302.6890,0.4771,-0.4492,2.2677,2.3920,1.7738,7.9479,0.7234,1.1975,7.9479,2.1618

3303.6890,-0.0168,0.5386,2.2060,2.0834,2.2060,8.1331,0.9086,1.3210,8.1331,2.2941

3304.6890,-0.2019,0.2917,2.0825,2.2686,2.1443,8.2565,0.3529,1.1563,8.2565,2.1706

3305.6890,0.1067,0.1065,2.6382,2.2068,2.0825,8.7504,0.8468,1.3313,8.7504,2.3911

3306.6890,0.1684,0.0447,1.8973,2.3920,2.0825,8.2565,0.7851,1.2283,8.2565,2.2324

3307.6890,-0.0785,-0.0170,2.2060,2.3920,1.7121,8.5652,0.7851,1.1666,8.5652,2.2236

3308.6890,-0.1402,0.3534,2.0825,2.2686,2.2060,8.3800,0.9086,1.2798,8.3800,2.2941

3309.6890,0.3536,-0.1405,2.1442,2.3920,2.0825,8.8122,0.7851,1.2695,8.8122,2.3470

3310.6890,1.3412,-0.5726,2.3912,2.3920,2.2060,8.6270,0.9703,1.4547,8.6270,2.4793

3311.6890,-0.2019,0.1065,2.3295,2.6390,2.1443,8.7504,0.9086,1.3210,8.7504,2.3823

3312.6890,0.1067,-0.1405,2.3912,2.0834,2.2677,8.4418,0.9703,1.2798,8.4418,2.3029

3313.6890,0.1067,-0.0788,3.2556,1.7129,2.2677,9.4295,0.5999,1.3107,9.4295,2.4705

3314.6890,-0.0785,0.2299,2.0208,2.4538,2.0208,9.3678,0.8468,1.2489,9.3678,2.4088

3315.6890,-0.1402,-0.0788,2.2060,2.1451,2.2060,9.5530,0.5999,1.1563,9.5530,2.3559

3316.6890,-0.0785,-0.0788,2.4529,1.8981,2.0825,9.7382,0.8468,1.1872,9.7382,2.4088

3317.6890,-0.3254,0.0447,2.2677,2.1451,2.2060,8.8739,1.1555,1.2489,8.8739,2.3382

3318.6890,0.1067,0.1682,2.2060,2.3303,2.0825,9.6765,0.8468,1.2901,9.6765,2.4881

3319.6890,0.0450,-0.1405,2.6999,2.1451,2.2677,9.7382,0.7234,1.2901,9.7382,2.4970

3320.6890,-0.1402,0.0447,2.2677,2.3920,1.6503,9.8617,1.0321,1.2078,9.8617,2.4440

3321.6890,-0.2019,-0.2022,2.3295,2.1451,2.3295,9.6765,1.4643,1.3107,9.6765,2.5058

3322.6890,-0.3254,0.4769,2.3912,2.1451,1.9590,9.7382,0.5999,1.2078,9.7382,2.4264

3323.6890,0.1684,0.1682,2.7617,2.3920,2.1443,9.4913,0.9086,1.4239,9.4913,2.5763

3324.6890,-0.1402,-0.6961,2.3295,2.3303,1.9590,10.0469,0.9086,1.1152,10.0469,2.3911

3325.6900,0.0450,0.0447,2.2677,2.2068,1.8973,10.1086,0.7234,1.1975,10.1086,2.4705

3326.6890,-0.4489,-0.0788,2.3295,2.1451,2.1443,9.8617,0.7851,1.1461,9.8617,2.3911

3327.6900,-0.4489,-0.0788,2.3912,2.0834,2.1443,9.9851,1.2790,1.2284,9.9851,2.4793

3328.6890,0.2919,0.3534,2.0208,2.3303,2.0825,9.8617,0.5381,1.2695,9.8617,2.4970

3329.6890,-0.1402,0.1682,2.3295,2.2686,0.4772,10.1086,0.6616,0.9608,10.1086,2.2676

3330.6890,-0.0785,0.0447,2.1442,2.0216,2.2677,9.8617,1.0938,1.2489,9.8617,2.4793

3331.6900,-0.0168,-0.3874,2.6382,2.0216,2.0825,10.0469,0.7234,1.1769,10.0469,2.4441

3332.6890,0.9709,-0.8196,2.3912,2.3920,2.0825,10.0469,0.7851,1.3004,10.0469,2.5499

3333.6890,-0.1402,0.6621,2.2677,2.0834,2.0825,9.9851,0.9086,1.3107,9.9851,2.5499

3334.6890,0.1684,-0.1405,2.2060,2.3303,3.1321,10.2321,0.7851,1.4136,10.2321,2.6734

3335.6890,0.1684,0.0447,2.0208,2.2068,2.1443,10.5408,0.5999,1.1975,10.5408,2.5322

3336.6890,0.6622,0.2299,0.5390,2.6390,1.8973,10.1704,1.0321,1.1666,10.1704,2.4528

3337.6890,0.1684,-0.3257,2.3295,2.3920,2.0208,10.3556,0.7851,1.2283,10.3556,2.5322

3338.6890,1.0326,0.1065,2.0208,2.0834,2.2060,9.9851,0.9086,1.3930,9.9851,2.6204

3339.6890,0.0450,-0.4492,2.2677,2.1451,2.2060,10.2938,0.6616,1.1460,10.2938,2.4529

3340.6890,-0.0168,0.1065,2.6382,1.9599,2.0208,10.0469,1.0938,1.3004,10.0469,2.5499

3341.6890,0.2302,-0.0788,2.4529,2.1451,3.0704,10.1704,0.7851,1.4342,10.1704,2.6822

3342.6890,0.0450,0.4151,2.4529,2.1451,1.8355,9.9851,1.0938,1.3312,9.9851,2.5675

3343.6890,-0.1402,-0.2640,1.8355,2.3303,1.9590,10.1704,0.8468,1.0946,10.1704,2.3911

3344.6890,-0.2637,-0.1405,2.4529,2.0216,2.3295,10.2321,1.0938,1.2490,10.2321,2.5323

3345.6890,-0.1402,-0.2022,2.3295,1.9599,2.2677,10.2321,1.4025,1.2695,10.2321,2.5499

3346.6890,0.2919,-0.0788,2.3912,2.3920,2.5765,10.2321,0.7234,1.3827,10.2321,2.6469

3347.6890,-0.0785,-0.0788,2.4529,1.8981,2.2060,10.1704,0.9703,1.2284,10.1704,2.5058

3348.6890,-0.2637,0.2917,2.4529,2.0834,2.3912,10.1086,0.7851,1.2901,10.1086,2.5499

3349.6890,0.1684,-0.1405,1.9590,2.2068,2.2060,10.2321,0.1060,1.0843,10.2321,2.3911

3350.6890,-0.1402,0.1682,2.3912,2.1451,2.0208,9.9234,1.2173,1.3004,9.9234,2.5322

3351.6890,-0.1402,0.2299,2.2677,1.8981,1.9590,9.9851,0.8468,1.1769,9.9851,2.4352

3352.6890,-0.2637,0.4151,2.2677,2.6390,2.5765,9.9234,0.5999,1.3724,9.9234,2.5940

3353.6890,0.6622,-0.1405,2.8234,2.7007,2.0825,9.9851,0.6616,1.4650,9.9851,2.6822

3354.6890,-0.0785,0.2299,2.0825,2.0834,2.3295,9.9851,0.8468,1.2489,9.9851,2.4970

3355.6890,0.2302,-0.0788,2.3912,2.1451,2.4530,10.1704,1.3408,1.4136,10.1704,2.6645

3356.6890,0.3536,0.2917,2.2060,2.3303,3.0704,10.1086,0.5999,1.4753,10.1086,2.7086

3357.6890,-0.5106,0.5386,2.0208,2.4538,1.4033,10.4790,0.5381,1.0740,10.4790,2.4176

3358.6890,0.0450,-0.2022,2.3912,2.2686,2.2677,9.6765,0.9086,1.2798,9.6765,2.4793

3359.6890,-0.3871,-0.0170,2.3912,1.8981,2.3912,10.1086,1.2173,1.2490,10.1086,2.5146

3360.6890,-0.4489,0.2299,2.4529,1.9599,2.3912,10.1086,0.4764,1.1769,10.1086,2.4529

3361.6890,0.0450,0.2299,2.2677,2.4538,1.6503,10.3556,1.0321,1.2798,10.3556,2.5763

3362.6890,-0.3254,-0.0170,2.0825,2.2068,2.1443,10.3556,1.0938,1.1975,10.3556,2.5058

3363.6890,0.2302,-0.0788,3.0704,2.3920,1.9590,10.1086,0.7234,1.3827,10.1086,2.6293

3364.6890,0.2302,0.1682,1.8973,2.5155,2.4530,9.9234,1.0321,1.3827,9.9234,2.6028

3365.6890,-0.0168,0.1682,1.8355,2.3303,2.4530,9.9851,1.1555,1.3210,9.9851,2.5587

3366.6890,-0.2019,0.1065,2.3912,2.2068,2.0825,9.7999,1.0938,1.2798,9.7999,2.4970

3367.6890,0.3536,-0.0170,2.0825,2.9476,2.5765,9.4295,1.1555,1.5165,9.4295,2.6469

3368.6890,-0.2019,0.1682,2.5147,1.7747,2.1443,10.1704,0.4147,1.1358,10.1704,2.4264

3369.6890,-0.2019,-0.2640,2.1442,1.8364,2.0825,9.8617,0.9703,1.0946,9.8617,2.3470

3370.6890,0.2919,-0.2022,2.3295,2.1451,2.0825,9.1826,0.8468,1.2489,9.1826,2.3823

3371.6890,-0.2019,-0.3874,2.2060,1.9599,2.2677,9.7382,0.9086,1.1255,9.7382,2.3559

3372.6900,0.0450,-0.2022,2.9469,2.2068,2.1443,10.0469,1.9582,1.5165,10.0469,2.7351

3373.6890,0.1067,-0.0788,2.2677,2.0216,2.2060,10.1086,1.1555,1.2798,10.1086,2.5411

3374.6890,0.1684,-0.2640,2.6999,2.1451,2.2060,9.9234,0.9703,1.3210,9.9234,2.5499

3375.6890,-0.3254,0.3534,3.4408,2.5155,1.9590,9.9234,0.9086,1.4753,9.9234,2.6822

3376.6890,-0.0168,-0.0788,2.2060,2.0216,2.3912,9.9851,0.6616,1.1975,9.9851,2.4529

3377.6900,0.7240,0.2917,2.2060,2.2686,2.2677,9.9851,0.3529,1.3518,9.9851,2.5851

3378.6890,0.0450,0.0447,2.0208,2.2068,2.3295,10.2938,0.9086,1.2592,10.2938,2.5499

3379.6890,0.1067,-0.4492,2.3295,1.8364,1.6503,10.3556,0.7851,1.0431,10.3556,2.3735

3380.6890,-0.1402,0.1682,2.4529,2.0216,2.2677,9.7999,1.2790,1.3416,9.7999,2.5499

