Elapsed Time (s),Heat Exchanger Flow (GPM),Flow Raw Voltage (V), Main Loop Flow (GPM), Flow Signal Amplitude (V)
1.8470,0.7799,2.0413,0.0000,0.0000

2.4660,0.7670,1.9744,0.0000,0.0000

3.4660,0.7627,1.9744,0.0000,0.0001

4.4660,0.7665,2.0362,0.0000,0.0004

5.4660,0.7652,1.9898,0.0000,0.0001

6.4660,0.7647,1.9950,0.0000,0.0001

7.4660,0.7652,2.0104,0.0000,0.0001

8.4660,0.7670,2.0413,0.0000,0.0001

9.4660,0.7663,1.9898,0.0000,0.0001

10.4660,0.7666,2.0156,0.0000,0.0001

11.4660,0.7658,2.0207,0.0000,0.0001

12.4660,0.7676,2.0207,0.0000,0.0001

13.4660,0.7686,2.0001,0.0000,0.0001

14.4670,0.7666,1.9847,0.0000,0.0001

15.4660,0.7674,2.0104,0.0000,0.0004

16.4660,0.7678,2.0053,0.0000,0.0009

17.4660,0.7712,2.0979,0.0000,0.0009

18.4660,0.7692,1.9898,0.0000,0.0009

19.4660,0.7694,1.9950,0.0000,0.0009

20.4660,0.7674,1.9641,0.0000,0.0450

21.4660,0.7646,1.9487,55.1912,0.1349

22.4670,0.7611,1.9281,60.6863,0.3414

23.4660,0.7595,1.9590,59.5628,0.2517

24.4660,0.7575,1.9333,57.6823,0.2697

25.4660,0.7549,1.9435,57.3521,0.2871

26.4660,0.7525,1.9435,58.7955,0.3181

27.4660,0.7466,1.9435,58.8946,0.3005

28.4660,0.7456,1.9641,57.9371,0.2698

29.4660,0.7440,1.9538,58.0956,0.2426

30.4660,0.7440,1.9641,58.7625,0.3229

31.4660,0.7440,1.9487,58.9100,0.3246

32.4660,0.7438,1.9230,58.5059,0.3118

33.4660,0.7430,1.9384,57.9975,0.2375

34.4660,0.7426,1.9230,58.5736,0.2872

35.4660,0.7412,1.9075,58.8000,0.3200

36.4660,0.7390,1.8869,58.7243,0.3273

37.4660,0.7364,1.8767,59.0889,0.3046

38.4660,0.7347,1.9178,59.0387,0.2473

39.4660,0.7321,1.8869,59.2208,0.3016

40.4660,0.7283,1.8664,58.9104,0.2554

41.4660,0.7245,1.8509,58.9610,0.2304

42.4670,0.7216,1.8458,59.0426,0.3023

43.4660,0.7184,1.8561,59.0667,0.3247

44.4660,0.7158,1.8561,58.7375,0.2814

45.4660,0.7146,1.8767,59.0408,0.2913

46.4660,0.7140,1.8715,59.1213,0.2970

47.4670,0.7146,1.8921,59.0607,0.3284

48.4660,0.7128,1.8715,59.0589,0.3090

49.4660,0.7122,1.8715,59.2930,0.2462

50.4660,0.7132,1.8921,58.8974,0.2558

51.4660,0.7130,1.8458,59.0833,0.2486

52.4670,0.7142,1.8767,59.1169,0.2735

53.4660,0.7170,1.9281,58.5490,0.2319

54.4660,0.7158,1.8252,58.8870,0.3200

55.4660,0.7150,1.8561,59.1892,0.3244

56.4660,0.7142,1.8509,58.8500,0.2393

57.4660,0.7122,1.8406,59.0055,0.3112

58.4660,0.7122,1.8715,58.9852,0.2933

59.4660,0.7118,1.8612,59.0740,0.2925

60.4660,0.7096,1.8355,58.9103,0.3318

61.4660,0.7104,1.8664,59.1003,0.2961

62.4660,0.7092,1.8458,59.0276,0.2754

63.4660,0.7059,1.8406,59.1283,0.2884

64.4660,0.7069,1.8509,59.1711,0.3042

65.4660,0.7080,1.8869,59.1094,0.3134

66.4660,0.7084,1.8612,58.9336,0.2564

67.4660,0.7094,1.8664,59.5789,0.3007

68.4660,0.7088,1.8561,58.9578,0.3181

69.4670,0.7084,1.8509,58.8245,0.2143

70.4660,0.7080,1.8252,59.0662,0.3287

71.4660,0.7078,1.8612,59.4529,0.2806

72.4670,0.7082,1.8561,59.0772,0.3146

73.4660,0.7100,1.8869,59.0071,0.3112

74.4660,0.7134,1.9384,59.1251,0.3193

75.4670,0.7124,1.8612,59.3758,0.2929

76.4660,0.7102,1.8046,59.0233,0.2955

77.4660,0.7092,1.8406,59.1704,0.3085

78.4660,0.7098,1.8715,59.3179,0.2334

79.4660,0.7100,1.8561,59.1453,0.3111

80.4660,0.7114,1.8612,58.9831,0.3099

81.4660,0.7114,1.8612,59.1466,0.3126

82.4660,0.7112,1.8509,59.2628,0.3305

83.4660,0.7106,1.8715,59.0779,0.3033

84.4660,0.7086,1.8869,58.8810,0.2474

85.4660,0.7084,1.8561,59.1297,0.2542

86.4660,0.7118,1.8921,59.1665,0.3000

87.4660,0.7120,1.8458,59.0759,0.3263

88.4670,0.7132,1.9024,58.9393,0.2286

89.4660,0.7140,1.8767,59.3677,0.2795

90.4660,0.7130,1.8355,59.3995,0.3156

91.4660,0.7140,1.8869,59.2426,0.3064

92.4660,0.7128,1.8201,59.3989,0.3181

93.4660,0.7116,1.8406,59.0660,0.3200

94.4660,0.7102,1.8509,59.3390,0.2905

95.4660,0.7096,1.8406,59.3840,0.2838

96.4660,0.7078,1.8458,59.4928,0.2796

97.4660,0.7078,1.8458,59.0465,0.3124

98.4660,0.7069,1.8767,58.9064,0.2677

99.4660,0.7057,1.8458,59.3108,0.2416

100.4660,0.7059,1.8406,59.6029,0.3163

101.4660,0.7057,1.8818,59.1120,0.2978

102.4660,0.7051,1.8046,59.1291,0.3032

103.4660,0.7057,1.8561,59.6094,0.2887

104.4660,0.7051,1.8355,59.5777,0.3163

105.4660,0.7069,1.8869,59.1504,0.2626

106.4670,0.7059,1.8201,59.2270,0.2551

107.4660,0.7059,1.8458,59.2822,0.2327

108.4660,0.6989,1.6966,59.3035,0.2565

109.4660,0.7013,1.9075,59.5111,0.2845

110.4660,0.7011,1.8355,59.2552,0.2547

111.4660,0.6997,1.8458,59.4470,0.3283

112.4670,0.7015,1.8509,59.5348,0.3301

113.4660,0.7023,1.8767,59.6011,0.3278

114.4660,0.7031,1.8561,59.2511,0.3042

115.4660,0.7025,1.8715,59.3567,0.3004

116.4660,0.7039,1.8561,59.6687,0.3192

117.4660,0.7039,1.8458,59.4583,0.2770

118.4660,0.7100,1.8561,59.2633,0.2487

119.4660,0.7090,1.8818,59.4990,0.3024

120.4660,0.7098,1.8561,59.5771,0.2251

121.4660,0.7094,1.8355,59.3245,0.3128

122.4670,0.7098,1.8612,59.2378,0.2505

123.4660,0.7098,1.8767,59.6351,0.2902

124.4660,0.7100,1.8612,59.4007,0.2888

125.4660,0.7096,1.8612,59.4331,0.3197

126.4660,0.7102,1.8715,59.6904,0.2543

127.4660,0.7110,1.8664,59.3260,0.2547

128.4670,0.7116,1.8715,59.2918,0.3108

129.4660,0.7106,1.8561,59.5878,0.3279

130.4670,0.7102,1.8458,59.4432,0.2190

131.4660,0.7114,1.8664,59.4154,0.2831

132.4660,0.7108,1.8458,59.5685,0.2764

133.4660,0.7088,1.8252,59.5666,0.3252

134.4660,0.7073,1.8201,59.9341,0.3018

135.4660,0.7057,1.8201,59.4284,0.2850

136.4660,0.7045,1.8406,59.3036,0.2982

137.4660,0.7035,1.8406,59.4125,0.3121

138.4660,0.7031,1.8612,59.6230,0.3292

139.4660,0.7027,1.8458,59.6604,0.3161

140.4660,0.7039,1.8767,59.5511,0.3214

141.4660,0.7041,1.8715,59.4989,0.2151

142.4660,0.7051,1.8715,59.2035,0.2577

143.4660,0.7065,1.8612,59.6676,0.3100

144.4660,0.7075,1.8458,59.4879,0.3231

145.4660,0.7082,1.8406,59.5119,0.3090

146.4660,0.7078,1.8303,59.5167,0.2968

147.4660,0.7088,1.8664,59.3660,0.2470

148.4660,0.7084,1.8509,59.2932,0.3250

149.4670,0.7075,1.8201,59.6677,0.3281

150.4670,0.7061,1.8406,59.6392,0.2925

151.4660,0.7045,1.8303,59.5980,0.2940

152.4660,0.7035,1.8458,59.6535,0.3104

153.4660,0.7043,1.8818,59.8416,0.2945

154.4660,0.7059,1.8869,59.6397,0.3188

155.4660,0.7059,1.8406,59.6806,0.3186

156.4660,0.7065,1.8458,59.6144,0.2878

157.4660,0.7055,1.8406,59.6815,0.3266

158.4670,0.7049,1.8355,59.5676,0.3148

159.4660,0.7075,1.8869,59.4811,0.2974

160.4670,0.7078,1.8509,59.4709,0.3256

161.4670,0.7086,1.8509,59.7737,0.2883

162.4660,0.7094,1.8664,59.8195,0.2705

163.4660,0.7084,1.8561,59.8172,0.3042

164.4660,0.7088,1.8972,59.5174,0.3164

165.4660,0.7088,1.8406,59.6467,0.3210

166.4660,0.7096,1.8664,59.8240,0.2749

167.4670,0.7110,1.8767,59.6178,0.3018

168.4670,0.7118,1.8561,59.6308,0.3263

169.4660,0.7106,1.8561,59.8003,0.3255

170.4660,0.7090,1.8098,59.7087,0.3287

171.4660,0.7102,1.8818,59.8158,0.2475

172.4660,0.7096,1.8509,59.9456,0.2760

173.4660,0.7096,1.8561,60.0219,0.2825

174.4660,0.7086,1.8715,59.8200,0.2261

175.4660,0.7100,1.8767,59.6999,0.2987

176.4660,0.7098,1.8612,59.7816,0.3260

177.4660,0.7098,1.8767,59.9127,0.3272

178.4660,0.7092,1.8406,59.9306,0.3108

179.4660,0.7096,1.8664,59.6652,0.2573

180.4660,0.7112,1.8509,59.9628,0.3229

181.4670,0.7096,1.8406,59.7667,0.3261

182.4660,0.7086,1.8252,59.8741,0.3421

183.4660,0.7098,1.8869,59.7977,0.3273

184.4670,0.7078,1.8201,60.0245,0.3130

185.4660,0.7080,1.8818,59.7212,0.3291

186.4660,0.7080,1.8612,59.7789,0.2672

187.4670,0.7078,1.8715,59.4592,0.2270

188.4660,0.7082,1.8509,60.0240,0.3188

189.4670,0.7075,1.8458,59.9166,0.2266

190.4660,0.7086,1.8818,59.9457,0.3200

191.4660,0.7080,1.8252,59.9195,0.3244

192.4660,0.7088,1.8458,60.0330,0.2347

193.4660,0.7082,1.8715,59.6068,0.2322

194.4660,0.7086,1.8303,60.0101,0.2963

195.4660,0.7080,1.8664,59.7189,0.3271

196.4670,0.7073,1.8406,59.6441,0.2665

197.4660,0.7061,1.8406,59.7696,0.3179

198.4660,0.7059,1.8458,59.8389,0.2732

199.4660,0.7063,1.8561,59.6381,0.2690

200.4660,0.7053,1.8561,59.5943,0.3222

201.4660,0.7067,1.8612,59.7078,0.3287

202.4660,0.7063,1.8355,59.7825,0.3199

203.4660,0.7055,1.8509,59.6226,0.3023

204.4660,0.7077,1.8869,59.8621,0.3309

205.4670,0.7061,1.8252,59.8745,0.3331

206.4660,0.7061,1.8406,59.8413,0.3100

207.4660,0.7073,1.8715,59.9225,0.3197

208.4660,0.7071,1.8406,59.9834,0.2777

209.4660,0.7082,1.8869,59.7205,0.2715

210.4660,0.7082,1.8561,60.0077,0.2782

211.4660,0.7082,1.8612,59.7985,0.2842

212.4660,0.7080,1.8303,59.9126,0.3275

213.4660,0.7084,1.8612,59.9907,0.3094

214.4660,0.7067,1.8406,59.8722,0.3372

215.4670,0.7067,1.8252,59.8217,0.3211

216.4670,0.7065,1.8355,59.8140,0.2477

217.4660,0.7063,1.8664,60.0713,0.3232

218.4660,0.7045,1.7943,60.0938,0.3205

219.4660,0.7051,1.9024,60.0799,0.3385

220.4660,0.7037,1.8201,59.8638,0.3150

221.4660,0.7035,1.8561,59.8260,0.2501

222.4660,0.7049,1.8664,60.0158,0.3347

223.4660,0.7041,1.8406,60.0654,0.3217

224.4660,0.7043,1.8458,59.8728,0.2843

225.4660,0.7057,1.8612,60.1015,0.2971

226.4670,0.7009,1.7120,60.0455,0.3147

227.4670,0.7019,1.8921,59.9869,0.3289

228.4660,0.7047,1.8664,60.1942,0.3314

229.4660,0.7029,1.8561,60.2904,0.3371

230.4670,0.7043,1.8561,60.1222,0.3283

231.4660,0.7049,1.8715,59.8277,0.3287

232.4660,0.7045,1.8561,60.2343,0.3089

233.4660,0.7047,1.8458,60.0617,0.2704

234.4660,0.7067,1.8972,60.3585,0.2618

235.4660,0.7073,1.8767,59.8890,0.2754

236.4660,0.7130,1.8612,60.0505,0.2907

237.4670,0.7118,1.8612,59.8653,0.3355

238.4660,0.7104,1.8303,60.0663,0.3353

239.4660,0.7122,1.9024,60.0407,0.3307

240.4660,0.7132,1.8818,60.1391,0.2446

241.4660,0.7124,1.8509,60.1800,0.3412

242.4660,0.7124,1.8561,60.0055,0.3048

243.4660,0.7136,1.8767,60.0645,0.2786

244.4660,0.7106,1.8201,60.0132,0.3270

245.4660,0.7106,1.8767,60.1490,0.3268

246.4660,0.7110,1.8715,60.1183,0.3143

247.4660,0.7142,1.9435,60.1722,0.3150

248.4660,0.7156,1.8664,60.1194,0.3180

249.4660,0.7138,1.8561,60.3825,0.3190

250.4660,0.7118,1.8303,60.2301,0.3195

251.4660,0.7106,1.8201,59.9906,0.3183

252.4660,0.7098,1.8355,60.4507,0.3212

253.4660,0.7094,1.8664,60.2947,0.2553

254.4660,0.7098,1.8303,60.2792,0.3251

255.4660,0.7077,1.8201,60.1955,0.2698

256.4660,0.7073,1.8612,60.2394,0.3308

257.4660,0.7051,1.8869,60.0545,0.2923

258.4660,0.7045,1.8509,59.9617,0.2930

259.4660,0.7043,1.8509,60.3245,0.3422

260.4660,0.7057,1.8664,60.1332,0.3247

261.4660,0.7055,1.8149,60.3915,0.3008

262.4660,0.7067,1.8664,60.1937,0.2437

263.4660,0.7059,1.8458,60.0660,0.3184

264.4660,0.7092,1.9178,59.9978,0.3280

265.4670,0.7114,1.8767,60.1540,0.3344

266.4660,0.7118,1.8715,60.1731,0.3391

267.4660,0.7108,1.8612,60.2932,0.3418

268.4670,0.7102,1.8355,60.2760,0.3273

269.4660,0.7094,1.8303,59.8976,0.3108

270.4660,0.7084,1.8406,60.2229,0.3224

271.4660,0.7102,1.8612,60.3452,0.3366

272.4660,0.7102,1.8664,60.1750,0.3374

273.4660,0.7104,1.8509,60.0065,0.2607

274.4660,0.7075,1.8406,60.3378,0.2965

275.4660,0.7063,1.8458,60.2642,0.3366

276.4660,0.7053,1.8458,60.1989,0.3182

277.4660,0.7055,1.8664,60.1340,0.2857

278.4660,0.7078,1.8972,60.2218,0.2714

279.4660,0.7088,1.8561,60.2725,0.3264

280.4670,0.7110,1.8972,60.0640,0.3209

281.4660,0.7114,1.8715,60.0349,0.3295

282.4660,0.7116,1.8715,60.6592,0.3279

283.4660,0.7120,1.8612,60.3400,0.3198

284.4660,0.7124,1.8509,60.2451,0.3025

285.4660,0.7134,1.8715,60.5112,0.3429

286.4660,0.7142,1.8664,59.9025,0.3085

287.4660,0.7138,1.8561,60.3776,0.3388

288.4660,0.7118,1.8458,60.0337,0.3058

289.4660,0.7122,1.8664,60.6159,0.2887

290.4660,0.7116,1.8818,60.0754,0.3090

291.4660,0.7102,1.8355,60.0829,0.3130

292.4660,0.7108,1.8869,60.0312,0.3394

293.4670,0.7126,1.9075,60.2132,0.3386

294.4660,0.7134,1.8715,60.1463,0.3352

295.4670,0.7126,1.8509,60.1948,0.3374

296.4660,0.7112,1.8303,60.3416,0.2991

297.4660,0.7126,1.8921,60.0895,0.2930

298.4660,0.7124,1.8406,60.2139,0.3280

299.4660,0.7124,1.8664,60.3431,0.3331

300.4660,0.7142,1.9281,60.2965,0.3259

301.4670,0.7158,1.8767,60.2527,0.3190

302.4670,0.7132,1.8201,60.1961,0.3055

303.4660,0.7108,1.8458,60.3182,0.3196

304.4660,0.7086,1.8149,60.4203,0.3403

305.4670,0.7086,1.8509,60.4363,0.3364

306.4660,0.7098,1.8612,60.4321,0.3244

307.4660,0.7084,1.8561,60.3710,0.3270

308.4660,0.7075,1.8149,60.3579,0.2556

309.4660,0.7073,1.8612,59.9774,0.3185

310.4660,0.7043,1.8509,60.3305,0.3210

311.4660,0.7035,1.8561,60.2316,0.3366

312.4670,0.7045,1.8458,60.3281,0.3077

313.4660,0.7061,1.8869,60.2988,0.3321

314.4660,0.7073,1.8458,60.3104,0.3242

315.4670,0.7057,1.8098,60.4039,0.3177

316.4660,0.7059,1.8664,60.2890,0.3120

317.4660,0.7067,1.8767,60.3320,0.3366

318.4660,0.7080,1.8509,60.2622,0.3343

319.4670,0.7075,1.8458,60.2366,0.3360

320.4660,0.7080,1.8664,60.3777,0.3422

321.4660,0.7077,1.8458,60.2776,0.3225

322.4660,0.7077,1.8458,60.4956,0.3268

323.4660,0.7077,1.8869,60.3339,0.3347

324.4660,0.7088,1.8767,60.4544,0.3265

325.4660,0.7098,1.8355,60.1980,0.3250

326.4660,0.7077,1.8098,60.1907,0.3165

327.4660,0.7059,1.8303,60.2297,0.2943

328.4660,0.7063,1.8612,60.3514,0.3250

329.4660,0.7067,1.8561,60.4554,0.2978

330.4660,0.7057,1.8406,60.4227,0.3427

331.4660,0.7055,1.8406,60.2050,0.3392

332.4660,0.7053,1.8406,60.4397,0.3397

333.4660,0.7045,1.8664,60.2541,0.2954

334.4660,0.7077,1.9590,60.3251,0.2947

335.4660,0.7080,1.8458,60.4334,0.3064

336.4660,0.7110,1.8869,60.4721,0.3436

337.4660,0.7122,1.8612,60.4707,0.3438

338.4660,0.7134,1.8921,60.4689,0.2924

339.4660,0.7126,1.8355,60.3237,0.3253

340.4670,0.7134,1.8612,60.2973,0.3310

341.4660,0.7126,1.8201,60.3074,0.3233

342.4660,0.7136,1.8664,60.3706,0.3319

343.4660,0.7130,1.8509,60.2793,0.2771

344.4660,0.7096,1.8715,60.4869,0.3288

345.4670,0.7096,1.8458,60.3882,0.3408

346.4660,0.7086,1.8612,60.3492,0.3243

347.4660,0.7084,1.8561,60.2898,0.3302

348.4660,0.7071,1.8561,60.5083,0.2878

349.4660,0.7071,1.8355,60.1805,0.3351

350.4660,0.7051,1.8098,60.0482,0.3377

351.4660,0.7071,1.8715,60.3387,0.3202

352.4660,0.7078,1.8869,60.1811,0.3106

353.4660,0.7080,1.8561,60.3528,0.3334

354.4660,0.7071,1.8458,60.1683,0.2863

355.4660,0.7067,1.8355,60.3659,0.3173

356.4660,0.7077,1.8869,60.3057,0.3267

357.4660,0.7069,1.8355,60.2762,0.3324

358.4660,0.7055,1.8201,60.0846,0.3194

359.4660,0.7065,1.8612,60.1865,0.3167

360.4660,0.7084,1.8612,60.2955,0.2966

361.4660,0.7080,1.8612,60.4142,0.3240

362.4660,0.7065,1.8458,60.4321,0.3026

363.4660,0.7069,1.8664,60.4100,0.3365

364.4660,0.7071,1.8509,60.4151,0.3398

365.4660,0.7078,1.8561,60.1556,0.2710

366.4660,0.7065,1.8509,60.4482,0.3394

367.4660,0.7082,1.8818,60.3522,0.3271

368.4670,0.7090,1.8406,60.3767,0.3162

369.4660,0.7075,1.8201,60.4236,0.3308

370.4670,0.7075,1.8612,60.3429,0.3366

371.4660,0.7078,1.8715,60.5004,0.3386

372.4660,0.7078,1.8458,60.4170,0.3320

373.4660,0.7092,1.9024,60.3635,0.2698

374.4660,0.7088,1.8406,60.4919,0.2975

375.4660,0.7108,1.9075,60.3722,0.3185

376.4660,0.7114,1.8664,60.3760,0.3247

377.4660,0.7104,1.8561,60.3781,0.3363

378.4660,0.7104,1.8406,60.3021,0.3304

379.4660,0.7126,1.8767,60.4709,0.3382

380.4660,0.7118,1.8406,60.4332,0.3094

381.4660,0.7108,1.8458,60.1993,0.3054

382.4660,0.7120,1.8767,60.5082,0.3019

383.4670,0.7090,1.8252,60.3357,0.3217

384.4660,0.7092,1.8458,60.5555,0.3223

385.4660,0.7077,1.8664,60.4996,0.3243

386.4660,0.7080,1.8767,60.5199,0.3336

387.4660,0.7084,1.8664,60.1823,0.2720

388.4660,0.7098,1.8767,60.5200,0.3247

389.4660,0.7092,1.8612,60.3470,0.3224

390.4660,0.7086,1.8252,60.2919,0.3057

391.4660,0.7071,1.8046,60.3264,0.3022

392.4670,0.7069,1.8715,60.5645,0.3185

393.4660,0.7078,1.8509,60.3149,0.3298

394.4660,0.7090,1.8767,60.3235,0.3252

395.4670,0.7088,1.8612,60.3674,0.3043

396.4660,0.7075,1.8406,60.2150,0.2765

397.4660,0.7067,1.8458,60.4549,0.3378

398.4660,0.7047,1.8252,60.3263,0.3370

399.4660,0.7047,1.8612,60.3214,0.3195

400.4660,0.7053,1.8406,60.2681,0.2927

401.4660,0.7073,1.8561,60.3678,0.3255

402.4660,0.7059,1.8355,60.5632,0.3354

403.4660,0.7065,1.8664,60.4158,0.3399

404.4660,0.7053,1.8458,60.5354,0.3065

405.4660,0.7049,1.8509,60.5362,0.3387

406.4660,0.7055,1.8561,60.4573,0.3418

407.4670,0.7055,1.8458,60.3728,0.3239

408.4660,0.7073,1.8715,60.7030,0.3410

409.4660,0.7077,1.8715,60.3967,0.2692

410.4660,0.7084,1.8612,60.1001,0.3060

411.4660,0.7073,1.8252,60.6236,0.3120

412.4660,0.7075,1.8406,60.4004,0.3410

413.4660,0.7080,1.8818,60.4394,0.3116

414.4660,0.7086,1.8612,60.2312,0.3247

415.4660,0.7084,1.8458,60.2591,0.3169

416.4660,0.7067,1.8098,60.3160,0.3134

417.4660,0.7071,1.8561,60.3288,0.2727

418.4660,0.7073,1.8767,60.4498,0.3371

419.4660,0.7069,1.8612,60.2368,0.3345

420.4660,0.7063,1.8458,60.3294,0.3277

421.4660,0.7075,1.8561,60.3213,0.3206

422.4660,0.7084,1.8664,60.6266,0.3080

423.4660,0.7080,1.8715,60.5378,0.3106

424.4670,0.7069,1.8303,60.4599,0.3269

425.4670,0.7067,1.8406,60.1157,0.3281

426.4670,0.7086,1.8612,60.6278,0.3103

427.4660,0.7084,1.8509,60.3278,0.3417

428.4660,0.7075,1.8509,60.1634,0.3323

429.4660,0.7067,1.8406,60.4044,0.3344

430.4660,0.7077,1.8715,60.3632,0.3312

431.4660,0.7078,1.8612,60.3611,0.3114

432.4660,0.7084,1.8818,60.3485,0.3304

433.4660,0.7071,1.8355,60.6995,0.3056

434.4660,0.7084,1.8664,60.4103,0.3398

435.4660,0.7088,1.8509,59.9907,0.2689

436.4660,0.7106,1.9075,60.2668,0.2906

437.4660,0.7112,1.8664,60.4065,0.3130

438.4660,0.7114,1.8561,60.6329,0.3242

439.4660,0.7122,1.8612,60.3463,0.3302

440.4660,0.7112,1.8458,60.3787,0.3082

441.4660,0.7108,1.8509,60.6663,0.3460

442.4660,0.7080,1.8098,60.2899,0.2919

443.4660,0.7086,1.8509,60.2263,0.2990

444.4660,0.7082,1.8561,60.4202,0.3235

445.4660,0.7077,1.8355,60.4987,0.3241

446.4660,0.7057,1.8561,60.3523,0.3332

447.4660,0.7059,1.8715,60.5083,0.3217

448.4660,0.7057,1.8509,60.4752,0.3408

449.4660,0.7051,1.8458,60.3646,0.3406

450.4660,0.7057,1.8612,60.3655,0.3354

451.4660,0.7055,1.8458,60.4722,0.2973

452.4660,0.7069,1.8458,60.4692,0.2578

453.4660,0.7057,1.8201,60.7357,0.3195

454.4660,0.7057,1.8561,60.4779,0.3177

455.4660,0.7065,1.8561,60.5178,0.3398

456.4660,0.7071,1.8715,60.4170,0.3365

457.4670,0.7065,1.8561,60.3681,0.2950

458.4660,0.7067,1.8561,60.2838,0.2754

459.4660,0.7069,1.8509,60.3585,0.3396

460.4670,0.7067,1.8561,60.5124,0.2732

461.4670,0.7084,1.8921,60.4223,0.3176

462.4660,0.7088,1.8561,60.3283,0.2510

463.4660,0.7110,1.8767,60.4454,0.2909

464.4670,0.7106,1.8458,60.4033,0.3361

465.4660,0.7104,1.8509,60.4184,0.3372

466.4660,0.7100,1.8612,60.4408,0.3324

467.4670,0.7096,1.8458,60.6107,0.3209

468.4660,0.7092,1.8458,60.7250,0.3394

469.4660,0.7078,1.8149,60.4832,0.3205

470.4670,0.7096,1.9024,60.3947,0.3208

471.4660,0.7082,1.8561,60.4163,0.3191

472.4670,0.7075,1.8355,60.3631,0.3266

473.4660,0.7073,1.8715,60.4874,0.2975

474.4660,0.7059,1.8098,60.4148,0.3132

475.4660,0.7073,1.8869,60.4186,0.3089

476.4660,0.7069,1.8509,60.2999,0.3192

477.4660,0.7080,1.8767,60.5073,0.3413

478.4660,0.7063,1.7995,60.6534,0.3250

479.4670,0.7077,1.8509,60.6041,0.3011

480.4660,0.7051,1.8355,60.3378,0.3270

481.4660,0.7055,1.8664,60.6438,0.3105

482.4660,0.7080,1.9024,60.4392,0.3201

483.4660,0.7073,1.8509,60.6291,0.3297

484.4660,0.7088,1.8509,60.1540,0.2995

485.4660,0.7063,1.8201,60.4755,0.3116

486.4660,0.7071,1.8715,60.6650,0.3364

487.4670,0.7059,1.8458,60.6088,0.3346

488.4660,0.7084,1.8664,60.2365,0.3084

489.4660,0.7096,1.8818,60.4950,0.2904

490.4660,0.7106,1.8612,60.5313,0.3291

491.4660,0.7102,1.8561,60.4596,0.3322

492.4660,0.7090,1.8715,60.4061,0.3383

493.4660,0.7096,1.8664,60.7448,0.3443

494.4660,0.7104,1.8715,60.3345,0.3141

495.4660,0.7108,1.8303,60.2679,0.3250

496.4660,0.7096,1.8406,60.4381,0.3183

497.4660,0.7100,1.8561,60.3503,0.3015

498.4660,0.7100,1.8664,60.6644,0.3226

499.4660,0.7075,1.8149,60.3350,0.3353

500.4660,0.7051,1.7995,60.3393,0.2809

501.4660,0.7055,1.8664,60.8175,0.3350

502.4660,0.7043,1.8406,60.6659,0.3441

503.4660,0.7029,1.8303,60.6664,0.2986

504.4660,0.7011,1.8252,60.6717,0.3416

505.4670,0.7013,1.8355,60.4700,0.3213

506.4660,0.7009,1.8303,60.3535,0.3116

507.4660,0.7001,1.8355,60.4611,0.3234

508.4660,0.6993,1.8458,60.3387,0.2601

509.4670,0.7005,1.8458,60.4918,0.3377

510.4660,0.7037,1.8818,60.4982,0.3292

511.4660,0.7035,1.8612,60.2874,0.3367

512.4660,0.7041,1.8561,60.5622,0.3216

513.4660,0.7059,1.8767,60.5035,0.2997

514.4660,0.7080,1.8818,60.4423,0.3189

515.4670,0.7082,1.8406,60.5024,0.3405

516.4670,0.7116,1.9178,60.6427,0.3301

517.4670,0.7120,1.8458,60.6457,0.3353

518.4660,0.7116,1.8355,60.5877,0.3408

519.4660,0.7128,1.8767,60.5782,0.3347

520.4660,0.7122,1.8664,60.6555,0.3346

521.4670,0.7130,1.8818,60.5314,0.2931

522.4660,0.7128,1.8509,60.3125,0.3255

523.4660,0.7110,1.8303,60.5929,0.3193

524.4660,0.7100,1.8561,60.4475,0.3308

525.4660,0.7102,1.8458,60.7208,0.2951

526.4660,0.7080,1.8612,60.6893,0.3278

527.4660,0.7092,1.8767,60.7094,0.3154

528.4660,0.7096,1.8458,60.6574,0.3420

529.4660,0.7086,1.8509,60.3053,0.3281

530.4660,0.7077,1.8406,60.7610,0.3442

531.4660,0.7061,1.8406,60.3385,0.2955

532.4660,0.7061,1.8509,60.5837,0.3053

533.4660,0.7090,1.9075,60.3186,0.3341

534.4660,0.7092,1.8612,60.4795,0.2978

535.4660,0.7088,1.8355,60.4932,0.3396

536.4660,0.7088,1.8612,60.7543,0.3332

537.4660,0.7086,1.8715,60.4039,0.3181

538.4660,0.7084,1.8406,60.5864,0.3443

539.4670,0.7090,1.8664,60.3920,0.3077

540.4660,0.7096,1.8561,60.7151,0.3385

541.4660,0.7094,1.8355,60.5753,0.3116

542.4660,0.7092,1.8458,60.7306,0.3307

543.4660,0.7073,1.8561,60.5153,0.3284

544.4660,0.7071,1.8561,60.4578,0.2720

545.4670,0.7073,1.8406,60.6572,0.3169

546.4660,0.7078,1.8767,60.4237,0.3356

547.4660,0.7082,1.8818,60.6206,0.3383

548.4660,0.7088,1.8561,60.4645,0.3070

549.4660,0.7084,1.8561,60.4284,0.3319

550.4660,0.7080,1.8458,60.7096,0.3234

551.4660,0.7096,1.8767,60.4663,0.3133

552.4660,0.7098,1.8509,60.4042,0.3363

553.4660,0.7098,1.8561,60.4392,0.3307

554.4660,0.7100,1.8612,60.7115,0.3337

555.4660,0.7100,1.8406,60.5916,0.3348

556.4660,0.7088,1.8458,60.4750,0.3219

557.4660,0.7059,1.8046,60.4416,0.3268

558.4660,0.7055,1.8458,60.4514,0.3336

559.4660,0.7047,1.8355,60.4293,0.3183

560.4660,0.7025,1.7892,60.4717,0.3290

561.4660,0.6983,1.7686,60.3260,0.2864

562.4660,0.6979,1.8406,60.5853,0.3284

563.4660,0.6981,1.8612,60.6384,0.3295

564.4660,0.6981,1.8612,60.7626,0.3363

565.4660,0.6973,1.8201,60.5090,0.2934

566.4660,0.6967,1.8303,60.6484,0.3408

567.4660,0.6983,1.8458,60.3788,0.3270

568.4660,0.6987,1.8561,60.4217,0.3386

569.4660,0.6985,1.8303,60.4518,0.2867

570.4660,0.7007,1.8458,60.6538,0.3432

571.4660,0.7043,1.8612,60.6058,0.3192

572.4660,0.7051,1.8612,60.6011,0.3353

573.4660,0.7047,1.8509,60.6303,0.3429

574.4660,0.7037,1.8355,60.6428,0.3109

575.4660,0.7053,1.8612,60.6288,0.3190

576.4660,0.7063,1.8561,60.3046,0.3200

577.4660,0.7065,1.8509,60.5138,0.3144

578.4660,0.7071,1.8715,60.7758,0.3458

579.4660,0.7084,1.8664,60.6433,0.3201

580.4660,0.7084,1.8458,60.4996,0.3312

581.4660,0.7088,1.8715,60.3219,0.2875

582.4660,0.7082,1.8458,60.5756,0.3431

583.4660,0.7077,1.8355,60.1116,0.2878

584.4670,0.7080,1.8458,60.6807,0.3362

585.4660,0.7077,1.8509,60.4490,0.3303

586.4660,0.7090,1.8921,60.6358,0.3421

587.4660,0.7088,1.8458,60.3566,0.3212

588.4660,0.7082,1.8561,60.6245,0.3425

589.4670,0.7086,1.8767,60.6469,0.3416

590.4660,0.7090,1.8561,60.4869,0.3178

591.4660,0.7071,1.8201,60.8673,0.3350

592.4670,0.7063,1.8252,60.8184,0.3067

593.4660,0.7061,1.8303,60.3912,0.2735

594.4660,0.7055,1.8303,60.3032,0.3127

595.4660,0.7043,1.8201,60.8012,0.3233

596.4660,0.7023,1.8406,60.4667,0.3273

597.4660,0.7021,1.8406,60.6610,0.3291

598.4660,0.7027,1.8715,60.6593,0.3289

599.4660,0.7021,1.8612,60.5994,0.3324

600.4660,0.7023,1.8612,60.5013,0.3191

601.4660,0.7049,1.8869,60.5164,0.3304

602.4660,0.7059,1.8509,60.4792,0.3312

603.4660,0.7100,1.9384,60.7073,0.3187

604.4660,0.7104,1.8406,60.6834,0.2975

605.4660,0.7116,1.8509,60.6702,0.3386

606.4660,0.7120,1.8509,60.5152,0.3348

607.4660,0.7138,1.8869,60.5844,0.2898

608.4660,0.7134,1.8612,60.4188,0.3132

609.4660,0.7132,1.8561,60.5790,0.3406

610.4660,0.7138,1.8767,60.5056,0.3337

611.4660,0.7138,1.8869,60.5513,0.3385

612.4660,0.7148,1.8767,60.6276,0.3403

613.4660,0.7112,1.8458,60.7670,0.3236

614.4660,0.7126,1.8767,60.5941,0.3311

615.4660,0.7126,1.8509,60.3696,0.2699

616.4660,0.7132,1.8664,60.5176,0.3426

617.4660,0.7120,1.8561,60.7801,0.3390

618.4660,0.7110,1.8355,60.6526,0.3089

619.4660,0.7086,1.7943,60.4576,0.3125

620.4660,0.7080,1.8612,60.5086,0.3361

621.4660,0.7069,1.8561,60.6472,0.3268

622.4660,0.7061,1.8561,60.5843,0.3042

623.4670,0.7059,1.8406,60.6422,0.3377

624.4660,0.7051,1.8561,60.5105,0.3332

625.4660,0.7037,1.8149,60.8339,0.3382

626.4660,0.7037,1.8664,60.8396,0.3033

627.4660,0.7053,1.8972,60.6556,0.3429

628.4660,0.7057,1.8458,60.3422,0.3206

629.4660,0.7088,1.8767,60.5243,0.3398

630.4660,0.7088,1.8612,60.6567,0.3045

631.4660,0.7100,1.8869,60.4295,0.3075

632.4670,0.7098,1.8509,60.6143,0.3457

633.4660,0.7108,1.8664,60.4355,0.3412

634.4660,0.7114,1.8715,60.4226,0.2943

635.4670,0.7146,1.8972,60.6590,0.3235

636.4660,0.7144,1.8612,60.7218,0.3430

637.4660,0.7124,1.8458,60.5966,0.3384

638.4660,0.7120,1.8355,60.4554,0.3328

639.4660,0.7110,1.8509,60.7006,0.3367

640.4660,0.7096,1.8252,60.5072,0.3397

641.4670,0.7078,1.8406,60.5922,0.3409

642.4670,0.7069,1.8252,60.4953,0.3391

643.4660,0.7067,1.8612,60.6142,0.3378

644.4660,0.7065,1.8664,60.5682,0.3153

645.4660,0.7037,1.8252,60.9139,0.3279

646.4660,0.7035,1.8561,60.7083,0.3245

647.4660,0.7029,1.8303,60.7718,0.3017

648.4660,0.7045,1.8767,60.7288,0.3084

649.4660,0.7077,1.9333,60.7382,0.3329

650.4660,0.7096,1.8767,60.5595,0.3429

651.4660,0.7098,1.8458,60.5318,0.3437

652.4660,0.7114,1.8664,60.6545,0.3186

653.4660,0.7098,1.8201,60.7017,0.3170

654.4660,0.7098,1.8664,60.6559,0.3430

655.4660,0.7106,1.8458,60.5182,0.3402

656.4660,0.7110,1.8664,60.3657,0.3276

657.4670,0.7120,1.8561,60.7769,0.2982

658.4660,0.7106,1.8406,60.5855,0.3423

659.4660,0.7082,1.8715,60.6043,0.2507

660.4660,0.7063,1.8252,60.7487,0.3096

661.4660,0.7061,1.8406,60.5802,0.3315

662.4670,0.7051,1.8406,60.4466,0.2990

663.4660,0.7057,1.8355,60.5686,0.3387

664.4660,0.7047,1.8406,60.6273,0.3323

665.4660,0.7082,1.9384,60.5452,0.2756

666.4660,0.7086,1.8767,60.6202,0.3052

667.4660,0.7078,1.8355,60.5157,0.3372

668.4660,0.7078,1.8406,60.6499,0.3317

669.4660,0.7075,1.8612,60.6280,0.3359

670.4660,0.7100,1.8921,60.6253,0.3358

671.4660,0.7134,1.9281,60.6601,0.3356

672.4660,0.7138,1.8509,60.6738,0.3197

673.4660,0.7156,1.8818,60.5271,0.3224

674.4660,0.7166,1.8664,60.6822,0.3384

675.4660,0.7136,1.8612,60.6457,0.3025

676.4660,0.7114,1.8201,60.7100,0.3075

677.4660,0.7130,1.8767,60.6983,0.3093

678.4670,0.7144,1.8767,60.6318,0.3144

679.4660,0.7140,1.8509,60.6289,0.3294

680.4660,0.7130,1.8664,60.6200,0.3335

681.4660,0.7104,1.8612,60.6959,0.3321

682.4660,0.7096,1.8303,60.6748,0.3425

683.4660,0.7100,1.8921,60.6163,0.3111

684.4660,0.7094,1.8509,60.7080,0.3345

685.4670,0.7094,1.8612,60.5501,0.3084

686.4670,0.7108,1.8561,60.5158,0.2813

687.4660,0.7098,1.8509,60.7169,0.3144

688.4660,0.7126,1.9487,60.6254,0.3287

689.4660,0.7126,1.8509,60.6129,0.3221

690.4660,0.7122,1.8561,60.6920,0.3337

691.4660,0.7112,1.8355,60.5080,0.3411

692.4660,0.7136,1.8921,60.5276,0.3321

693.4660,0.7148,1.9230,60.8272,0.3373

694.4660,0.7162,1.8869,60.5222,0.3434

695.4660,0.7158,1.8509,60.6737,0.3432

696.4660,0.7152,1.8406,60.5098,0.3442

697.4660,0.7158,1.8664,60.5162,0.3188

698.4660,0.7128,1.8715,60.4631,0.2854

699.4660,0.7120,1.8303,60.5746,0.3305

700.4660,0.7110,1.8303,60.7850,0.3451

701.4670,0.7118,1.8561,60.8019,0.3290

702.4660,0.7096,1.8355,60.5714,0.2859

703.4660,0.7069,1.8509,60.4241,0.3420

704.4660,0.7051,1.8406,60.5822,0.3343

705.4660,0.7043,1.8303,60.6697,0.3269

706.4670,0.7051,1.8612,60.7479,0.3372

707.4660,0.7047,1.8561,60.5250,0.3260

708.4660,0.7031,1.8303,60.7946,0.3459

709.4660,0.7035,1.8406,60.5416,0.3007

710.4660,0.7055,1.8818,60.6007,0.3458

711.4660,0.7041,1.8201,60.6467,0.3088

712.4660,0.7051,1.8612,60.6494,0.3165

713.4660,0.7055,1.8612,60.6584,0.3396

714.4660,0.7057,1.8458,60.6896,0.3304

715.4660,0.7073,1.8715,60.6866,0.3427

716.4660,0.7071,1.8561,60.8155,0.3326

717.4660,0.7063,1.8355,60.6846,0.3420

718.4660,0.7075,1.8612,60.5720,0.3336

719.4660,0.7084,1.8664,60.7774,0.3302

720.4660,0.7061,1.8201,60.4824,0.3071

721.4660,0.7078,1.8664,60.4337,0.2805

722.4660,0.7061,1.8149,60.9173,0.2811

723.4660,0.7053,1.8406,60.5403,0.3396

724.4660,0.7063,1.8715,60.5191,0.2834

725.4660,0.7057,1.8561,60.5259,0.3411

726.4660,0.7065,1.8767,60.7960,0.3426

727.4660,0.7075,1.8612,60.6012,0.3363

728.4660,0.7069,1.8458,60.9726,0.2637

729.4660,0.7071,1.8715,60.7577,0.3434

730.4660,0.7096,1.8869,60.4015,0.3342

731.4660,0.7106,1.8921,60.7320,0.3385

732.4670,0.7116,1.8406,60.3906,0.3006

733.4660,0.7090,1.7738,60.7001,0.3300

734.4660,0.7080,1.8458,60.8444,0.3425

735.4660,0.7086,1.8715,60.4727,0.3368

736.4660,0.7077,1.8509,60.4970,0.3121

737.4660,0.7073,1.8509,60.4405,0.2872

738.4660,0.7082,1.8715,60.7319,0.3315

739.4660,0.7096,1.9075,60.7804,0.3254

740.4670,0.7102,1.9024,60.7814,0.3345

741.4660,0.7110,1.9127,60.6206,0.3376

742.4670,0.7106,1.8303,60.5759,0.3299

743.4660,0.7148,1.8818,60.7137,0.3109

744.4660,0.7144,1.8355,60.7238,0.3380

745.4660,0.7148,1.8818,60.5948,0.3300

746.4660,0.7150,1.8561,60.7916,0.3183

747.4660,0.7146,1.8406,60.7059,0.3290

748.4660,0.7138,1.8509,60.8097,0.3371

749.4660,0.7102,1.8149,60.5985,0.3188

750.4660,0.7082,1.8509,60.5024,0.3328

751.4670,0.7063,1.8612,60.7111,0.3403

752.4660,0.7069,1.8458,61.0003,0.3207

753.4660,0.7069,1.8818,60.5926,0.3242

754.4660,0.7082,1.8715,60.4524,0.3358

755.4660,0.7077,1.8664,60.5127,0.3235

756.4660,0.7077,1.8561,60.6137,0.3390

757.4660,0.7077,1.8406,60.5521,0.2905

758.4660,0.7077,1.8509,60.7594,0.3315

759.4670,0.7092,1.8561,60.6355,0.3374

760.4660,0.7092,1.8509,60.6218,0.3402

761.4660,0.7092,1.8612,60.5127,0.3326

762.4660,0.7092,1.8458,60.4757,0.3353

763.4660,0.7082,1.8561,60.6681,0.3402

764.4660,0.7086,1.8818,60.6156,0.3244

765.4660,0.7080,1.8509,60.6155,0.3242

766.4660,0.7086,1.8715,60.6443,0.3105

767.4670,0.7084,1.8355,60.5135,0.3325

768.4660,0.7080,1.8406,60.5642,0.3150

769.4660,0.7094,1.8921,60.6564,0.2819

770.4660,0.7132,1.9487,60.7168,0.3430

771.4660,0.7130,1.8561,60.7298,0.3359

772.4660,0.7120,1.8201,60.7564,0.3426

773.4670,0.7112,1.8355,60.5197,0.3332

774.4660,0.7152,1.9847,60.8114,0.3371

775.4660,0.7152,1.8509,60.6882,0.3244

776.4670,0.7154,1.8767,60.5679,0.3467

777.4660,0.7142,1.8046,60.8812,0.3355

778.4660,0.7148,1.8561,60.7831,0.3385

779.4660,0.7116,1.8098,60.5396,0.3018

780.4670,0.7082,1.8612,60.6108,0.3258

781.4660,0.7075,1.8355,60.8337,0.3425

782.4660,0.7078,1.8303,60.4917,0.3278

783.4660,0.7082,1.8458,60.7061,0.3376

784.4660,0.7025,1.8355,60.9421,0.3373

785.4660,0.7025,1.8509,60.8203,0.3378

786.4670,0.7013,1.8458,60.6686,0.3388

787.4660,0.7035,1.8612,60.7325,0.3400

788.4660,0.7027,1.8355,60.5207,0.3378

789.4660,0.7045,1.8561,60.5279,0.3280

790.4660,0.7037,1.8406,60.6229,0.3391

791.4660,0.7029,1.8149,60.6497,0.3341

792.4660,0.7019,1.8046,60.6428,0.2833

793.4670,0.7009,1.8201,60.5385,0.3388

794.4660,0.7017,1.8561,60.8380,0.3036

795.4660,0.7023,1.8664,60.7505,0.3380

796.4660,0.7031,1.8664,60.3691,0.3093

797.4660,0.7037,1.8767,60.6672,0.3186

798.4660,0.7047,1.8612,60.5790,0.3117

799.4660,0.7055,1.8767,60.7670,0.3446

800.4660,0.7055,1.8406,60.5851,0.2901

801.4660,0.7065,1.8406,60.6083,0.3308

802.4660,0.7063,1.7995,60.5066,0.3317

803.4660,0.7078,1.8612,60.6574,0.3127

804.4660,0.7122,1.9693,60.4561,0.3133

805.4670,0.7110,1.8355,60.5705,0.3452

806.4660,0.7108,1.8612,60.7594,0.3337

807.4660,0.7100,1.8561,60.5997,0.3141

808.4660,0.7144,1.9744,60.6656,0.3392

809.4660,0.7152,1.8972,60.5262,0.2978

810.4670,0.7150,1.8355,60.7345,0.2009

811.4660,0.7148,1.8355,60.7389,0.3116

812.4660,0.7166,1.8458,60.5131,0.3312

813.4660,0.7178,1.8921,60.4512,0.3168

814.4660,0.7138,1.8664,60.6499,0.3389

815.4670,0.7142,1.8458,60.6899,0.3147

816.4660,0.7144,1.8664,60.8586,0.3408

817.4660,0.7136,1.8355,60.9548,0.3220

818.4660,0.7092,1.8612,60.5479,0.3232

819.4660,0.7075,1.8509,60.6160,0.3356

820.4660,0.7090,1.8767,60.6589,0.2985

821.4660,0.7096,1.8509,60.3542,0.2991

822.4660,0.7096,1.8458,60.6301,0.3330

823.4660,0.7073,1.8303,60.5565,0.3411

824.4660,0.7069,1.8561,60.8911,0.3272

825.4660,0.7057,1.8149,60.6917,0.2576

826.4660,0.7047,1.8406,60.5769,0.3322

827.4660,0.7059,1.8664,60.5747,0.2376

828.4660,0.7057,1.8561,60.5203,0.2941

829.4660,0.7067,1.8767,60.7161,0.3448

830.4660,0.7051,1.8355,60.7648,0.3450

831.4660,0.7061,1.8767,60.6797,0.3404

832.4660,0.7071,1.8715,60.6190,0.2554

833.4660,0.7080,1.8561,60.4858,0.3092

834.4660,0.7080,1.8561,60.6353,0.3257

835.4660,0.7102,1.8715,60.7738,0.3404

836.4660,0.7096,1.8252,60.8191,0.3257

837.4660,0.7094,1.8612,60.5926,0.3388

838.4660,0.7092,1.8509,60.6622,0.3307

839.4660,0.7098,1.8921,60.5143,0.3317

840.4670,0.7108,1.8612,60.6135,0.3385

841.4660,0.7086,1.8201,60.7384,0.3099

842.4660,0.7080,1.8561,60.8102,0.3335

843.4660,0.7073,1.8355,60.5867,0.3259

844.4670,0.7071,1.8509,60.9377,0.3367

845.4660,0.7073,1.8767,60.3364,0.3020

846.4660,0.7096,1.8869,60.4091,0.3132

847.4660,0.7086,1.8355,60.6656,0.3223

848.4660,0.7088,1.8561,60.4772,0.3135

849.4660,0.7077,1.8612,60.6850,0.3252

850.4660,0.7078,1.8664,60.4303,0.2794

851.4660,0.7102,1.8818,60.4981,0.2186

852.4660,0.7108,1.8715,60.7137,0.3223

853.4660,0.7112,1.8458,60.7387,0.3460

854.4660,0.7124,1.8818,60.6225,0.3456

855.4660,0.7104,1.8252,60.7735,0.3321

856.4660,0.7104,1.8869,60.3642,0.2508

857.4660,0.7110,1.8509,60.5228,0.3282

858.4660,0.7116,1.8715,60.8481,0.3379

859.4660,0.7154,1.9590,60.6038,0.3399

860.4660,0.7148,1.8509,60.7245,0.3385

861.4660,0.7148,1.8818,60.5661,0.3438

862.4670,0.7150,1.8767,60.5393,0.3329

863.4660,0.7152,1.8509,60.7281,0.3417

864.4660,0.7140,1.8509,60.7749,0.3463

865.4660,0.7146,1.8406,60.6500,0.3350

866.4660,0.7134,1.8561,60.7311,0.3331

867.4660,0.7152,1.8972,60.6370,0.3386

868.4660,0.7152,1.8715,60.6917,0.3363

869.4660,0.7104,1.8355,60.5502,0.3265

870.4660,0.7096,1.8303,60.6454,0.3221

871.4660,0.7071,1.8149,60.6620,0.3374

872.4670,0.7073,1.8818,60.6381,0.3464

873.4660,0.7065,1.8303,60.6876,0.3368

874.4660,0.7073,1.8715,60.5696,0.3401

875.4660,0.7071,1.8355,60.5965,0.3456

876.4660,0.7073,1.8612,60.6562,0.3425

877.4660,0.7065,1.8767,60.4639,0.3345

878.4660,0.7055,1.8458,60.6656,0.3171

879.4660,0.7057,1.8406,60.8398,0.3404

880.4660,0.7067,1.8561,60.7563,0.3412

881.4660,0.7077,1.8406,60.6594,0.2911

882.4660,0.7057,1.8303,60.5924,0.3305

883.4660,0.7065,1.8509,60.6464,0.3376

884.4670,0.7069,1.8818,60.6719,0.3377

885.4660,0.7073,1.8458,60.5851,0.3344

886.4660,0.7071,1.8561,60.8245,0.3127

887.4660,0.7063,1.8561,60.6184,0.3298

888.4660,0.7069,1.8612,60.5844,0.3173

889.4660,0.7073,1.8509,60.5397,0.3028

890.4660,0.7063,1.8303,60.9527,0.3205

891.4660,0.7073,1.8664,60.5966,0.3153

892.4670,0.7082,1.8561,60.6706,0.3393

893.4660,0.7069,1.8149,60.5516,0.3159

894.4660,0.7059,1.8561,60.6481,0.2953

895.4660,0.7059,1.8458,60.8921,0.3449

896.4660,0.7065,1.8715,61.0012,0.2923

897.4660,0.7065,1.8561,60.6547,0.3301

898.4660,0.7086,1.9178,60.7247,0.3359

899.4660,0.7098,1.8818,60.5663,0.3105

900.4660,0.7110,1.8612,60.6428,0.3171

901.4660,0.7124,1.9024,60.8627,0.3330

902.4660,0.7130,1.8715,60.5814,0.3375

903.4660,0.7148,1.8612,60.6765,0.3441

904.4660,0.7150,1.8612,60.8170,0.3135

905.4660,0.7150,1.8458,60.8676,0.2954

906.4660,0.7152,1.8767,60.3512,0.3172

907.4670,0.7154,1.8612,60.4341,0.2907

908.4660,0.7122,1.8355,60.5225,0.3341

909.4660,0.7122,1.8818,60.6275,0.2935

910.4660,0.7122,1.8612,60.7160,0.3417

911.4660,0.7106,1.8612,60.7990,0.3392

912.4660,0.7098,1.8509,60.6285,0.3345

913.4660,0.7100,1.8664,60.8207,0.3236

914.4660,0.7106,1.8767,60.9389,0.3089

915.4660,0.7106,1.8458,60.5264,0.3317

916.4660,0.7098,1.8561,60.6366,0.3332

917.4660,0.7098,1.8612,60.7023,0.3376

918.4670,0.7104,1.8509,60.5453,0.3087

919.4660,0.7092,1.8509,60.7099,0.3320

920.4660,0.7100,1.8818,60.4936,0.3148

921.4660,0.7104,1.8715,60.6738,0.2863

922.4660,0.7096,1.8303,60.5231,0.3002

923.4660,0.7100,1.8767,60.9288,0.3400

924.4660,0.7096,1.8664,60.7443,0.3316

925.4660,0.7098,1.8509,60.7006,0.3392

926.4670,0.7102,1.8664,60.5764,0.3318

927.4660,0.7086,1.8201,60.6874,0.3262

928.4660,0.7098,1.8818,60.8293,0.3256

929.4660,0.7098,1.8509,60.6464,0.3031

930.4660,0.7100,1.8869,60.6807,0.3167

931.4660,0.7102,1.8767,60.7565,0.3385

932.4660,0.7114,1.8612,60.8054,0.3222

933.4660,0.7106,1.8561,60.5483,0.3009

934.4660,0.7096,1.8406,60.5831,0.3244

935.4660,0.7106,1.8767,60.7965,0.3326

936.4660,0.7094,1.8355,60.7870,0.3229

937.4660,0.7108,1.8561,60.8354,0.3052

938.4660,0.7126,1.9281,60.7145,0.3434

939.4660,0.7126,1.8509,60.3570,0.3122

940.4670,0.7112,1.8509,60.7544,0.3246

941.4660,0.7100,1.8458,60.7676,0.3375

942.4660,0.7092,1.8406,60.8139,0.3399

943.4660,0.7104,1.8869,60.6316,0.3195

944.4660,0.7102,1.8355,60.5640,0.2765

945.4660,0.7104,1.8818,60.7721,0.2850

946.4660,0.7118,1.8715,60.6696,0.2996

947.4670,0.7110,1.8355,60.6526,0.3349

948.4660,0.7088,1.8715,60.7711,0.3236

949.4660,0.7090,1.8561,60.7539,0.3327

950.4670,0.7080,1.8252,60.5861,0.3162

951.4660,0.7084,1.8561,60.8528,0.3471

952.4670,0.7094,1.8664,60.6094,0.3346

953.4660,0.7108,1.9230,60.6401,0.3416

954.4660,0.7124,1.8767,60.7019,0.3439

955.4660,0.7126,1.8869,60.7769,0.3470

956.4660,0.7120,1.8561,60.7239,0.3223

957.4660,0.7126,1.8509,60.6760,0.3319

958.4660,0.7118,1.8509,60.5941,0.3385

959.4660,0.7120,1.8612,60.7358,0.3403

960.4660,0.7134,1.8612,60.7253,0.3312

961.4660,0.7124,1.8303,60.4872,0.3328

962.4660,0.7122,1.8612,60.8857,0.3468

963.4660,0.7094,1.8509,60.5946,0.3382

964.4660,0.7082,1.8458,60.7587,0.3400

965.4670,0.7069,1.8509,60.5976,0.3097

966.4660,0.7067,1.8509,60.6458,0.3317

967.4670,0.7078,1.8818,60.6852,0.3325

968.4660,0.7078,1.8509,60.6577,0.3410

969.4660,0.7073,1.8458,60.7078,0.3305

970.4660,0.7075,1.8664,60.6430,0.3317

971.4660,0.7071,1.8201,60.7436,0.3397

972.4660,0.7067,1.8509,60.6407,0.2943

973.4660,0.7071,1.8612,60.9701,0.3384

974.4660,0.7082,1.8767,60.5168,0.3245

975.4660,0.7082,1.8509,60.5903,0.3439

976.4660,0.7078,1.8406,60.7712,0.3124

977.4660,0.7061,1.8355,60.9660,0.3331

978.4660,0.7055,1.8355,60.6730,0.3448

979.4660,0.7067,1.8767,60.6075,0.3060

980.4660,0.7053,1.8303,60.5094,0.2992

981.4660,0.7043,1.7943,60.5526,0.3291

982.4660,0.7047,1.8612,60.4088,0.2743

983.4660,0.7047,1.8612,60.6662,0.2990

984.4660,0.7035,1.8458,60.7954,0.3256

985.4660,0.7051,1.8921,60.8406,0.3145

986.4660,0.7051,1.8406,61.0217,0.3455

987.4660,0.7065,1.8715,60.6663,0.3379

988.4660,0.7077,1.8664,60.7363,0.3377

989.4660,0.7063,1.8406,60.8743,0.3401

990.4660,0.7073,1.8561,60.8205,0.3340

991.4660,0.7102,1.8715,60.6416,0.3157

992.4660,0.7096,1.8458,60.7056,0.3098

993.4660,0.7106,1.8869,60.7371,0.3276

994.4660,0.7106,1.8458,60.6869,0.3408

995.4660,0.7106,1.8921,60.7866,0.3378

996.4670,0.7126,1.8921,60.7244,0.3335

997.4660,0.7126,1.8715,60.8128,0.3328

998.4670,0.7118,1.8458,60.4626,0.3357

999.4660,0.7132,1.8767,60.6990,0.3343

1000.4660,0.7150,1.9024,60.7039,0.3409

1001.4660,0.7160,1.8972,60.5730,0.3410

1002.4660,0.7166,1.8612,60.7044,0.3370

1003.4660,0.7168,1.8921,60.7665,0.3053

1004.4660,0.7146,1.7892,60.6446,0.3369

1005.4660,0.7134,1.8612,60.6641,0.3421

1006.4660,0.7118,1.8509,60.5111,0.3150

1007.4670,0.7110,1.8509,60.7465,0.3017

1008.4660,0.7106,1.8355,60.7724,0.3249

1009.4660,0.7078,1.8046,60.7067,0.3189

1010.4660,0.7061,1.8561,60.7456,0.3433

1011.4660,0.7059,1.8921,60.7418,0.3386

1012.4670,0.7043,1.8201,60.7765,0.3456

1013.4670,0.7045,1.8972,60.7157,0.3352

1014.4660,0.7071,1.8561,60.6475,0.3246

1015.4660,0.7077,1.8767,60.7070,0.3368

1016.4660,0.7080,1.8612,60.6221,0.3200

1017.4660,0.7092,1.8818,60.8033,0.3365

1018.4660,0.7108,1.8767,60.7302,0.2899

1019.4660,0.7136,1.8767,60.8262,0.3449

1020.4660,0.7134,1.8509,60.7743,0.3421

1021.4660,0.7118,1.8509,60.5634,0.3385

1022.4670,0.7124,1.8355,60.5508,0.3265

1023.4660,0.7108,1.8561,60.7201,0.3190

1024.4660,0.7100,1.8355,60.9283,0.3088

1025.4660,0.7088,1.8458,60.6703,0.3452

1026.4660,0.7092,1.8715,60.6857,0.3414

1027.4660,0.7084,1.8612,60.8023,0.3242

1028.4660,0.7078,1.8612,60.3936,0.2710

1029.4660,0.7071,1.8561,60.6542,0.3401

1030.4660,0.7071,1.8509,60.5817,0.2941

1031.4660,0.7077,1.8664,60.5484,0.2940

1032.4660,0.7078,1.8406,60.7180,0.3381

1033.4660,0.7077,1.8509,60.7932,0.3456

1034.4660,0.7077,1.8355,60.7425,0.3140

1035.4660,0.7086,1.8715,60.6314,0.3268

1036.4660,0.7086,1.8715,60.7525,0.3282

1037.4660,0.7088,1.8664,60.9929,0.3076

1038.4670,0.7086,1.8561,60.6533,0.3309

1039.4660,0.7075,1.8252,60.5761,0.3389

1040.4660,0.7067,1.8303,60.6805,0.3197

1041.4660,0.7065,1.8612,60.7448,0.3395

1042.4660,0.7078,1.8767,60.6383,0.3249

1043.4660,0.7084,1.8664,60.6516,0.3407

1044.4660,0.7090,1.8509,60.8493,0.3449

1045.4670,0.7084,1.8561,60.7567,0.3190

1046.4660,0.7078,1.8561,60.9157,0.3380

1047.4660,0.7084,1.8818,60.7782,0.3445

1048.4660,0.7090,1.8715,60.7863,0.3380

1049.4660,0.7094,1.8355,60.8154,0.2984

1050.4660,0.7094,1.8303,60.6306,0.3293

1051.4660,0.7090,1.8509,60.6126,0.2886

1052.4660,0.7075,1.8355,60.4844,0.3304

1053.4660,0.7069,1.8509,60.5732,0.3124

1054.4670,0.7065,1.8406,60.7442,0.2977

1055.4670,0.7061,1.8458,60.5538,0.3238

1056.4660,0.7053,1.8355,60.6123,0.3172

1057.4660,0.7049,1.8715,60.6366,0.3324

1058.4660,0.7035,1.8355,60.6404,0.3177

1059.4660,0.7051,1.8767,60.7924,0.3452

1060.4660,0.7069,1.8767,60.6003,0.3043

1061.4660,0.7073,1.8612,60.5618,0.2813

1062.4660,0.7084,1.8664,60.7295,0.3155

1063.4660,0.7084,1.8509,60.7292,0.3407

1064.4660,0.7071,1.8046,60.8171,0.3372

1065.4660,0.7067,1.8355,60.6676,0.2993

1066.4660,0.7078,1.8664,60.6137,0.3292

1067.4660,0.7080,1.8767,60.6753,0.3163

1068.4660,0.7084,1.8458,60.6801,0.3399

1069.4660,0.7059,1.8098,60.6301,0.3033

1070.4660,0.7043,1.8355,60.6988,0.3356

1071.4660,0.7051,1.8818,60.8990,0.3412

1072.4660,0.7061,1.8921,60.8620,0.3462

1073.4660,0.7047,1.8149,60.6463,0.2995

1074.4660,0.7063,1.8458,60.5457,0.3304

1075.4660,0.7057,1.8201,60.8503,0.3335

1076.4660,0.7065,1.8869,60.7520,0.3101

1077.4670,0.7059,1.8612,60.8726,0.3424

1078.4660,0.7057,1.8406,60.7081,0.3371

1079.4660,0.7065,1.8303,60.7207,0.3273

1080.4670,0.7077,1.8664,60.6710,0.3446

1081.4660,0.7075,1.8767,60.8401,0.3139

1082.4660,0.7053,1.8355,60.7879,0.3403

1083.4660,0.7067,1.8509,60.8051,0.3417

1084.4660,0.7075,1.8664,60.6388,0.3391

1085.4660,0.7082,1.8406,60.6883,0.3450

1086.4660,0.7073,1.8612,60.6790,0.3250

1087.4660,0.7063,1.8355,60.7516,0.3170

1088.4660,0.7069,1.8561,60.8050,0.2824

1089.4660,0.7082,1.8664,60.8479,0.3458

1090.4660,0.7082,1.8664,60.8722,0.3456

1091.4660,0.7086,1.8869,60.8080,0.3328

1092.4660,0.7104,1.8818,60.6220,0.3257

1093.4660,0.7098,1.8355,60.6271,0.3438

1094.4660,0.7096,1.8612,60.6143,0.3412

1095.4670,0.7090,1.8252,60.4613,0.3082

1096.4660,0.7100,1.8869,60.7651,0.3324

1097.4660,0.7116,1.8767,60.4432,0.2855

1098.4660,0.7120,1.8664,60.7565,0.2867

1099.4660,0.7120,1.8664,60.6305,0.3448

1100.4660,0.7106,1.8303,60.8978,0.3256

1101.4660,0.7098,1.8664,60.7329,0.3372

1102.4660,0.7084,1.8458,60.6373,0.3271

1103.4660,0.7084,1.8355,60.6683,0.3435

1104.4660,0.7065,1.8098,60.6709,0.3099

1105.4660,0.7075,1.8509,60.8433,0.3422

1106.4660,0.7057,1.8406,60.7555,0.3342

1107.4660,0.7053,1.8664,60.6419,0.3367

1108.4660,0.7049,1.8561,60.6414,0.3255

1109.4660,0.7065,1.9075,60.6714,0.3250

1110.4660,0.7090,1.8972,60.5580,0.3120

1111.4660,0.7078,1.8355,60.8931,0.3448

1112.4660,0.7080,1.8509,60.6837,0.3429

1113.4660,0.7114,1.9230,60.7958,0.3344

1114.4660,0.7126,1.8406,60.6638,0.3304

1115.4660,0.7126,1.8509,60.5384,0.3225

1116.4660,0.7138,1.8715,60.9187,0.3314

1117.4660,0.7120,1.8201,60.7329,0.2981

1118.4660,0.7122,1.8612,60.7574,0.3379

1119.4660,0.7092,1.8303,60.6801,0.3435

1120.4660,0.7067,1.8303,60.8009,0.3428

1121.4660,0.7073,1.8509,60.6785,0.3139

1122.4660,0.7078,1.8664,60.6405,0.3126

1123.4660,0.7045,1.8355,60.5108,0.3143

1124.4660,0.7053,1.8612,60.6907,0.3389

1125.4660,0.7051,1.8458,60.6265,0.3430

1126.4660,0.7049,1.8664,60.6704,0.3439

1127.4660,0.7053,1.8303,60.6508,0.3462

1128.4660,0.7080,1.9333,60.7277,0.3101

1129.4660,0.7118,1.9281,60.5737,0.3327

1130.4660,0.7126,1.8509,60.7977,0.3255

1131.4660,0.7126,1.8509,60.5738,0.2999

1132.4660,0.7088,1.7686,60.6478,0.3396

1133.4660,0.7098,1.8612,60.8339,0.3220

1134.4660,0.7106,1.8818,60.7784,0.3319

1135.4660,0.7124,1.8921,60.8772,0.3413

1136.4660,0.7112,1.8355,60.7826,0.3257

1137.4660,0.7136,1.8921,60.4080,0.3134

1138.4660,0.7110,1.8664,60.7753,0.3333

1139.4660,0.7082,1.8561,60.6106,0.3400

1140.4670,0.7086,1.8612,60.6814,0.3180

1141.4660,0.7077,1.8252,60.8373,0.3232

1142.4660,0.7106,1.8458,60.9760,0.3329

1143.4660,0.7100,1.8458,60.9635,0.3033

1144.4660,0.7082,1.8355,60.7970,0.3202

1145.4660,0.7067,1.8509,60.7589,0.3329

1146.4660,0.7067,1.8355,60.7942,0.3301

1147.4660,0.7049,1.8458,60.7705,0.3434

1148.4660,0.7039,1.8406,60.7524,0.3408

1149.4660,0.7039,1.8561,60.7355,0.3275

1150.4660,0.7039,1.8612,60.8109,0.2927

1151.4660,0.7043,1.8355,60.7627,0.3471

1152.4660,0.7037,1.8303,60.6057,0.3158

1153.4660,0.7051,1.8818,60.9785,0.3423

1154.4660,0.7055,1.8458,60.6524,0.3291

1155.4660,0.7069,1.8869,60.8145,0.3257

1156.4670,0.7075,1.8509,60.6866,0.3292

1157.4660,0.7084,1.8715,60.7867,0.3282

1158.4660,0.7102,1.8869,60.6842,0.3301

1159.4660,0.7110,1.8767,60.6209,0.3237

1160.4670,0.7108,1.8561,60.9594,0.3407

1161.4670,0.7122,1.8715,60.7251,0.3437

1162.4670,0.7102,1.7789,60.9305,0.3460

1163.4660,0.7132,1.9590,60.8000,0.3363

1164.4660,0.7136,1.8561,60.7248,0.3442

1165.4660,0.7112,1.8252,60.6891,0.2967

1166.4660,0.7108,1.8406,60.6187,0.2719

1167.4660,0.7090,1.8252,60.6033,0.3113

1168.4660,0.7080,1.8612,60.7680,0.3217

1169.4660,0.7061,1.8252,60.7211,0.3432

1170.4660,0.7059,1.8509,60.8769,0.2871

1171.4660,0.7031,1.7995,60.6105,0.3264

1172.4660,0.7055,1.8406,60.5358,0.3186

1173.4660,0.7011,1.8458,61.0472,0.3330

1174.4660,0.7015,1.8664,60.7729,0.3330

1175.4660,0.7021,1.8406,60.6281,0.3379

1176.4670,0.7061,1.9435,60.7172,0.3281

1177.4660,0.7073,1.8561,60.5669,0.3209

1178.4660,0.7063,1.8355,60.5844,0.3312

1179.4660,0.7082,1.8767,60.7715,0.3168

1180.4660,0.7094,1.8818,60.8662,0.3433

1181.4660,0.7110,1.8406,60.8983,0.2687

1182.4660,0.7116,1.8561,60.6243,0.3343

1183.4660,0.7112,1.8355,60.6854,0.3091

1184.4660,0.7104,1.8458,60.7442,0.3009

1185.4660,0.7104,1.8406,60.7892,0.3389

1186.4660,0.7059,1.8252,60.8705,0.3159

1187.4660,0.7073,1.8921,60.8980,0.3192

1188.4660,0.7078,1.8509,60.5212,0.3341

1189.4660,0.7073,1.8612,60.8003,0.3426

1190.4660,0.7063,1.8561,60.5063,0.3264

1191.4660,0.7073,1.8664,60.7318,0.3186

1192.4660,0.7065,1.8355,60.6543,0.3108

1193.4660,0.7080,1.8767,60.7420,0.3378

1194.4670,0.7096,1.8869,60.7499,0.3338

1195.4660,0.7088,1.8201,60.7474,0.3345

1196.4660,0.7110,1.8818,60.6980,0.2819

1197.4660,0.7100,1.8664,60.8801,0.3461

1198.4660,0.7110,1.8767,60.8457,0.3395

1199.4670,0.7112,1.8664,60.7527,0.3241

1200.4660,0.7100,1.8252,60.9196,0.3415

1201.4660,0.7088,1.8355,60.5471,0.3255

1202.4660,0.7080,1.8149,60.7637,0.3219

1203.4660,0.7073,1.8561,60.6764,0.3359

1204.4660,0.7063,1.8612,60.9162,0.2768

1205.4670,0.7086,1.8818,60.7802,0.3405

1206.4660,0.7069,1.8355,60.7023,0.3347

1207.4660,0.7092,1.9281,60.6019,0.3137

1208.4670,0.7108,1.9178,60.6953,0.3305

1209.4670,0.7110,1.8715,60.6921,0.3389

1210.4660,0.7114,1.8355,60.7642,0.3379

1211.4660,0.7108,1.8201,60.8246,0.3237

1212.4660,0.7140,1.8972,60.8118,0.3423

1213.4660,0.7142,1.8612,60.7634,0.3309

1214.4660,0.7148,1.8767,60.6172,0.3331

1215.4670,0.7138,1.8561,60.7052,0.3215

1216.4660,0.7138,1.8355,60.6171,0.3154

1217.4660,0.7126,1.8972,60.9007,0.3452

1218.4660,0.7108,1.8715,60.6669,0.3258

1219.4660,0.7102,1.8561,60.8644,0.3190

1220.4660,0.7130,1.9075,60.8368,0.3207

1221.4660,0.7152,1.8767,60.8320,0.3468

1222.4670,0.7128,1.8355,60.8090,0.3255

1223.4660,0.7124,1.8509,60.8171,0.3115

1224.4660,0.7116,1.8561,60.6927,0.3004

1225.4660,0.7118,1.8612,60.7884,0.3154

1226.4660,0.7124,1.8509,60.5559,0.3366

1227.4660,0.7102,1.8406,60.6642,0.3231

1228.4670,0.7098,1.8612,60.9540,0.3368

1229.4660,0.7102,1.8664,60.6523,0.3147

1230.4670,0.7059,1.7943,60.8613,0.3330

1231.4660,0.7041,1.8303,60.8605,0.3323

1232.4660,0.7033,1.8149,60.4607,0.3136

1233.4660,0.7033,1.8509,60.7093,0.3412

1234.4660,0.7033,1.8561,60.8164,0.3384

1235.4660,0.7017,1.8201,60.7739,0.3280

1236.4660,0.7015,1.8458,60.4668,0.3176

1237.4660,0.7023,1.8612,60.7760,0.3281

1238.4660,0.7017,1.8458,60.8766,0.3333

1239.4660,0.6999,1.8201,60.5797,0.3190

1240.4660,0.7023,1.8561,60.6917,0.3378

1241.4660,0.7043,1.8818,60.5148,0.2585

1242.4670,0.7047,1.8252,60.9093,0.3481

1243.4660,0.7051,1.8612,60.9106,0.2882

1244.4660,0.7053,1.8612,60.5973,0.3411

1245.4660,0.7067,1.8561,60.6660,0.3309

1246.4670,0.7061,1.8303,60.6672,0.3406

1247.4660,0.7069,1.8818,60.6774,0.3394

1248.4660,0.7069,1.8458,60.6882,0.3420

1249.4660,0.7086,1.8664,60.8250,0.3313

1250.4660,0.7090,1.8664,60.7927,0.3095

1251.4660,0.7088,1.8767,61.0749,0.3447

1252.4660,0.7094,1.8406,60.7962,0.3380

1253.4660,0.7122,1.9333,60.6434,0.3272

1254.4660,0.7124,1.8664,60.3234,0.2854

1255.4660,0.7124,1.8561,60.6869,0.3147

1256.4660,0.7130,1.8458,60.7297,0.3432

1257.4660,0.7122,1.8612,60.7977,0.3355

1258.4660,0.7136,1.8818,60.4164,0.3133

1259.4660,0.7110,1.7995,60.8259,0.3442

1260.4660,0.7104,1.8509,60.6652,0.3457

1261.4660,0.7082,1.8201,60.4967,0.3375

1262.4660,0.7118,1.9333,60.7294,0.3219

1263.4660,0.7082,1.8406,60.7036,0.3283

1264.4660,0.7098,1.9075,60.7412,0.3459

1265.4660,0.7088,1.8303,60.6011,0.3399

1266.4660,0.7096,1.8664,60.8381,0.3209

1267.4660,0.7094,1.8561,60.4932,0.3034

1268.4660,0.7077,1.8355,60.6319,0.2984

1269.4660,0.7106,1.8767,60.7229,0.3272

1270.4660,0.7100,1.8355,60.5656,0.3018

1271.4660,0.7112,1.8509,60.6819,0.3402

1272.4660,0.7082,1.8561,60.7353,0.3355

1273.4660,0.7092,1.8664,60.6745,0.2870

1274.4660,0.7067,1.8406,60.7435,0.3189

1275.4660,0.7061,1.8149,60.8897,0.3396

1276.4660,0.7057,1.8561,60.6987,0.3381

1277.4660,0.7057,1.8561,60.4533,0.3351

1278.4670,0.7069,1.8664,60.7341,0.3280

1279.4660,0.7055,1.8406,60.7935,0.3216

1280.4660,0.7088,1.9230,60.6939,0.3112

1281.4660,0.7090,1.8561,60.9311,0.3287

1282.4660,0.7098,1.8767,60.7227,0.3362

1283.4660,0.7098,1.8664,60.8411,0.3093

1284.4670,0.7102,1.8509,60.5663,0.3119

1285.4660,0.7112,1.8406,60.8778,0.3252

1286.4660,0.7116,1.8664,60.7326,0.3393

1287.4660,0.7108,1.8355,60.5775,0.3280

1288.4670,0.7100,1.8458,60.8621,0.3439

1289.4660,0.7104,1.8509,60.6232,0.2839

1290.4660,0.7077,1.8509,60.9236,0.3293

1291.4660,0.7088,1.8869,60.4351,0.3433

1292.4660,0.7084,1.8664,60.4850,0.2948

1293.4660,0.7084,1.8664,60.6810,0.3296

1294.4670,0.7086,1.8561,60.6738,0.3245

1295.4660,0.7100,1.8767,60.7062,0.3436

1296.4670,0.7092,1.8458,60.6233,0.3111

1297.4670,0.7100,1.8561,60.6416,0.2834

1298.4660,0.7092,1.8252,60.6945,0.3212

1299.4660,0.7090,1.8458,60.6665,0.3381

1300.4660,0.7096,1.8664,60.7669,0.3354

1301.4670,0.7096,1.8869,60.7883,0.3402

1302.4660,0.7088,1.8458,60.6544,0.3130

1303.4660,0.7075,1.8303,60.5391,0.3290

1304.4660,0.7069,1.8406,60.8081,0.3396

1305.4660,0.7067,1.8715,60.7968,0.3217

1306.4670,0.7073,1.8612,60.4814,0.3210

1307.4660,0.7063,1.8303,60.9097,0.3316

1308.4670,0.7075,1.8561,60.7078,0.3049

1309.4660,0.7098,1.9075,60.8844,0.3440

1310.4670,0.7100,1.8715,60.6759,0.3395

1311.4660,0.7106,1.9024,60.6489,0.3122

1312.4660,0.7116,1.8715,60.8275,0.3325

1313.4660,0.7110,1.8149,60.7241,0.3194

1314.4660,0.7096,1.8046,60.8926,0.3257

1315.4660,0.7084,1.8406,60.6164,0.3311

1316.4660,0.7124,1.9641,60.5978,0.3310

1317.4660,0.7118,1.8149,60.6737,0.3344

1318.4670,0.7110,1.8355,60.8519,0.3425

1319.4660,0.7098,1.8767,60.9148,0.3308

1320.4660,0.7082,1.8303,60.7052,0.3191

1321.4660,0.7059,1.8406,60.7071,0.3341

1322.4660,0.7065,1.8869,60.7071,0.3116

1323.4660,0.7084,1.8664,60.7467,0.3470

1324.4670,0.7108,1.8664,60.6838,0.3346

1325.4660,0.7112,1.8509,60.8581,0.3304

1326.4670,0.7086,1.8972,60.7405,0.3458

1327.4670,0.7128,1.9230,60.6170,0.3393

1328.4660,0.7134,1.8509,60.6831,0.3283

1329.4660,0.7128,1.8612,60.9860,0.3342

1330.4660,0.7130,1.8355,60.6888,0.3407

1331.4660,0.7134,1.8509,60.6822,0.3182

1332.4660,0.7128,1.8715,60.9093,0.3318

1333.4660,0.7130,1.8715,60.7529,0.3280

1334.4660,0.7130,1.8664,60.6633,0.2972

1335.4660,0.7112,1.8046,60.6864,0.3249

1336.4660,0.7106,1.8818,60.6465,0.3275

1337.4660,0.7075,1.8406,60.8187,0.3360

1338.4660,0.7078,1.8612,60.9826,0.2937

1339.4660,0.7073,1.8458,60.7507,0.3261

1340.4660,0.7077,1.8458,60.7822,0.3436

1341.4660,0.7088,1.8818,60.7894,0.3395

1342.4660,0.7102,1.9075,60.8316,0.3185

1343.4660,0.7086,1.8303,60.7312,0.3355

1344.4670,0.7082,1.8561,60.9025,0.3276

1345.4660,0.7102,1.8561,60.7167,0.3225

1346.4660,0.7096,1.8664,60.4817,0.3322

1347.4660,0.7102,1.8561,60.6842,0.3378

1348.4660,0.7094,1.8406,60.8098,0.3376

1349.4660,0.7094,1.8458,60.8602,0.3257

1350.4660,0.7104,1.8715,60.6534,0.3293

1351.4660,0.7094,1.8561,60.7107,0.3388

1352.4660,0.7073,1.8509,60.7221,0.3398

1353.4660,0.7094,1.8869,60.6205,0.3109

1354.4660,0.7086,1.8355,60.8134,0.3301

1355.4660,0.7078,1.8355,60.7430,0.3428

1356.4670,0.7078,1.8664,60.9526,0.3308

1357.4660,0.7047,1.7738,60.6473,0.2916

1358.4660,0.7053,1.8561,60.4973,0.3342

1359.4660,0.7045,1.8252,60.6212,0.3424

1360.4660,0.7031,1.8355,60.5827,0.3408

1361.4660,0.7021,1.8303,60.5288,0.3323

1362.4660,0.7023,1.8561,60.6829,0.3365

1363.4660,0.7023,1.8869,60.4336,0.2988

1364.4660,0.7049,1.9024,60.7417,0.3376

1365.4660,0.7051,1.8406,60.6379,0.3393

1366.4670,0.7035,1.8252,60.7365,0.3447

1367.4660,0.7075,1.8767,60.6358,0.3021

1368.4660,0.7096,1.9127,60.6278,0.3247

1369.4660,0.7110,1.8612,60.7675,0.3449

1370.4660,0.7112,1.8406,61.0060,0.3228

1371.4660,0.7116,1.8406,60.6562,0.3371

1372.4660,0.7124,1.8767,60.5669,0.3432

1373.4660,0.7112,1.8561,60.7774,0.3406

1374.4660,0.7102,1.8767,60.7424,0.3282

1375.4660,0.7104,1.8458,60.8257,0.3434

1376.4670,0.7118,1.8612,60.8895,0.3315

1377.4660,0.7098,1.8252,60.5358,0.3003

1378.4660,0.7071,1.8406,60.6147,0.3447

1379.4660,0.7094,1.9230,60.6629,0.3373

1380.4660,0.7098,1.8509,60.8557,0.3212

1381.4660,0.7114,1.8818,60.7798,0.3421

1382.4660,0.7108,1.8612,60.6258,0.2555

1383.4660,0.7116,1.8767,60.7659,0.3215

1384.4660,0.7102,1.8406,60.7903,0.3453

1385.4660,0.7088,1.8098,60.6866,0.3008

1386.4660,0.7086,1.8561,60.7594,0.3414

1387.4660,0.7106,1.8767,60.6256,0.3150

1388.4660,0.7098,1.8201,60.7861,0.3394

1389.4660,0.7069,1.8458,60.7413,0.3441

1390.4660,0.7059,1.8252,60.6475,0.3203

1391.4670,0.7041,1.8355,60.6450,0.3210

1392.4660,0.7051,1.8869,60.6477,0.3312

1393.4660,0.7037,1.8406,60.6098,0.2554

1394.4660,0.7037,1.8406,60.7598,0.3271

1395.4660,0.7055,1.8561,60.6748,0.3301

1396.4660,0.7045,1.8303,60.7817,0.3108

1397.4660,0.7063,1.9230,60.6875,0.3365

1398.4660,0.7077,1.8561,60.7097,0.3309

1399.4660,0.7090,1.8818,60.6869,0.3310

1400.4660,0.7104,1.8612,60.8586,0.3401

1401.4660,0.7112,1.8561,60.6589,0.3404

1402.4660,0.7100,1.8561,60.6762,0.3298

1403.4660,0.7110,1.8664,60.9161,0.3131

1404.4660,0.7116,1.8561,60.6914,0.3386

1405.4660,0.7114,1.8509,60.5620,0.3298

1406.4660,0.7130,1.8715,60.8343,0.3408

1407.4660,0.7102,1.8509,60.5415,0.3306

1408.4660,0.7100,1.8509,60.7823,0.3311

1409.4660,0.7096,1.8715,60.7943,0.3375

1410.4660,0.7086,1.8355,60.8426,0.3287

1411.4670,0.7092,1.8715,60.8979,0.3425

1412.4660,0.7082,1.8303,60.7332,0.3323

1413.4660,0.7075,1.8458,60.6448,0.3316

1414.4660,0.7063,1.8252,60.7007,0.3361

1415.4660,0.7061,1.8458,60.5910,0.3193

1416.4660,0.7055,1.8561,60.7898,0.3221

1417.4660,0.7059,1.8612,60.7578,0.3465

1418.4660,0.7053,1.8355,60.6479,0.2933

1419.4670,0.7051,1.8664,60.6817,0.3197

1420.4670,0.7063,1.8664,60.9205,0.3360

1421.4660,0.7057,1.8561,60.7802,0.3363

1422.4660,0.7075,1.8767,60.5188,0.3378

1423.4670,0.7078,1.8561,60.9182,0.3078

1424.4670,0.7086,1.8458,60.6282,0.3330

1425.4660,0.7080,1.8303,60.9426,0.3323

1426.4660,0.7078,1.8509,60.6725,0.3462

1427.4660,0.7078,1.8612,60.6952,0.3472

1428.4660,0.7088,1.8612,60.3581,0.3126

1429.4660,0.7090,1.8715,60.7896,0.3068

1430.4660,0.7088,1.8612,60.6584,0.3258

1431.4660,0.7098,1.8818,60.8366,0.3431

1432.4660,0.7086,1.8458,60.7810,0.3286

1433.4660,0.7092,1.8715,60.6200,0.3249

1434.4660,0.7094,1.8509,60.5921,0.3192

1435.4660,0.7102,1.8509,60.8510,0.3296

1436.4670,0.7112,1.8767,60.7194,0.2583

1437.4660,0.7104,1.8406,60.9315,0.3449

1438.4660,0.7098,1.8458,60.6792,0.3147

1439.4660,0.7086,1.8406,60.9436,0.3359

1440.4660,0.7063,1.7995,60.5351,0.3352

1441.4660,0.7073,1.9075,60.6014,0.3031

1442.4660,0.7086,1.8818,60.6756,0.3218

1443.4660,0.7106,1.9230,60.6794,0.3185

1444.4660,0.7116,1.8767,60.5870,0.2842

1445.4660,0.7118,1.8561,60.7627,0.3389

1446.4660,0.7118,1.8767,60.7318,0.3392

1447.4660,0.7132,1.8767,60.6402,0.3336

1448.4660,0.7136,1.8561,60.6592,0.3347

1449.4660,0.7134,1.8355,60.7581,0.3422

1450.4660,0.7150,1.8406,60.5376,0.3129

1451.4660,0.7126,1.8458,60.5739,0.3430

1452.4660,0.7122,1.8715,60.7914,0.3441

1453.4660,0.7100,1.8664,60.8982,0.3427

1454.4660,0.7100,1.8767,60.7765,0.3318

1455.4660,0.7086,1.8201,60.3842,0.3042

1456.4660,0.7071,1.8355,60.7451,0.3342

1457.4660,0.7069,1.8715,60.7613,0.3247

1458.4670,0.7075,1.8715,60.8234,0.3278

1459.4660,0.7100,1.9024,60.6582,0.3264

1460.4660,0.7108,1.8612,60.7550,0.3404

1461.4660,0.7130,1.9024,60.9796,0.3354

1462.4660,0.7120,1.8458,60.2924,0.2764

1463.4660,0.7144,1.9281,60.8691,0.3432

1464.4670,0.7132,1.8458,60.7858,0.3385

1465.4670,0.7164,1.9024,60.6201,0.3313

1466.4670,0.7164,1.8355,60.8471,0.3437

1467.4660,0.7164,1.8715,60.8411,0.3367

1468.4660,0.7158,1.8561,60.8086,0.3232

1469.4660,0.7140,1.8561,60.6476,0.3322

1470.4660,0.7130,1.8355,61.0339,0.3344

1471.4660,0.7106,1.8406,60.7525,0.3336

1472.4660,0.7112,1.8612,60.6922,0.3391

1473.4660,0.7086,1.8612,60.6836,0.3312

1474.4660,0.7116,1.9230,60.6578,0.3112

1475.4660,0.7098,1.8561,60.5095,0.2996

1476.4660,0.7106,1.8561,60.5003,0.2789

1477.4670,0.7126,1.9230,60.5911,0.2453

1478.4660,0.7126,1.8561,60.6961,0.3394

1479.4660,0.7120,1.8406,60.5884,0.3326

1480.4660,0.7128,1.8561,60.9302,0.3436

1481.4660,0.7146,1.8869,60.6507,0.3423

1482.4660,0.7146,1.8612,60.7402,0.3215

1483.4660,0.7142,1.8509,60.8559,0.3417

1484.4660,0.7122,1.8715,60.6453,0.3421

1485.4660,0.7120,1.8509,60.7408,0.3220

1486.4660,0.7128,1.8767,60.6632,0.3345

1487.4660,0.7086,1.8149,60.6952,0.3464

1488.4660,0.7092,1.8715,60.8709,0.3304

1489.4670,0.7108,1.8818,60.8643,0.3453

1490.4660,0.7118,1.8818,60.6949,0.3424

1491.4660,0.7108,1.8612,60.7441,0.3467

1492.4660,0.7124,1.9024,60.8003,0.3301

1493.4660,0.7130,1.8664,60.6182,0.2788

1494.4660,0.7134,1.8818,60.7713,0.3414

1495.4660,0.7144,1.8767,60.6031,0.3316

1496.4660,0.7148,1.8869,60.7057,0.3171

1497.4660,0.7166,1.8612,60.5374,0.2972

1498.4660,0.7158,1.8509,60.7345,0.3310

1499.4660,0.7148,1.8561,60.8818,0.3337

1500.4660,0.7136,1.8509,60.8668,0.3337

1501.4660,0.7150,1.8972,60.9912,0.2918

1502.4660,0.7138,1.8715,60.4753,0.3282

1503.4660,0.7130,1.8458,60.7925,0.3119

1504.4660,0.7116,1.8458,60.6449,0.3052

1505.4660,0.7110,1.8612,60.6783,0.3141

1506.4660,0.7094,1.8458,60.6779,0.3368

1507.4660,0.7104,1.8869,60.8973,0.3388

1508.4660,0.7114,1.8767,60.7482,0.3398

1509.4660,0.7122,1.8767,60.7131,0.3357

1510.4670,0.7106,1.8098,60.9007,0.3422

1511.4670,0.7090,1.8561,60.6346,0.2970

1512.4660,0.7043,1.7480,60.8922,0.3406

1513.4660,0.7031,1.8149,60.5081,0.2933

1514.4670,0.7035,1.8561,60.9109,0.3401

1515.4660,0.7035,1.8612,60.6855,0.3417

1516.4660,0.7043,1.8664,60.7872,0.3415

1517.4660,0.7045,1.8921,60.5552,0.3348

1518.4670,0.7027,1.8303,60.6723,0.3282

1519.4660,0.7029,1.8818,60.6507,0.3017

1520.4660,0.7047,1.8561,60.5811,0.3281

1521.4660,0.7045,1.8509,60.7825,0.3147

1522.4660,0.7082,1.8458,60.8941,0.3394

1523.4660,0.7128,1.9333,60.5918,0.3294

1524.4660,0.7118,1.8303,60.6470,0.3194

1525.4660,0.7114,1.8509,60.6348,0.3407

1526.4660,0.7108,1.8509,60.6252,0.3411

1527.4660,0.7098,1.8664,60.7400,0.3072

1528.4660,0.7098,1.8303,60.5636,0.3113

1529.4660,0.7088,1.8561,60.9765,0.3457

1530.4660,0.7092,1.8664,60.6139,0.3260

1531.4670,0.7086,1.8355,60.8824,0.3404

1532.4660,0.7084,1.8406,60.7930,0.3458

1533.4660,0.7051,1.8458,60.5449,0.3311

1534.4670,0.7067,1.8715,60.7874,0.2929

1535.4660,0.7077,1.8767,60.6876,0.3366

1536.4660,0.7080,1.8612,60.8897,0.3399

1537.4660,0.7077,1.8561,60.5080,0.3288

1538.4660,0.7084,1.8509,60.7747,0.3331

1539.4660,0.7069,1.8149,60.6969,0.3227

1540.4660,0.7061,1.8458,60.7042,0.3271

1541.4670,0.7063,1.8406,60.7946,0.3425

1542.4660,0.7061,1.8355,60.6276,0.3362

1543.4660,0.7051,1.8201,60.6604,0.3420

1544.4660,0.7049,1.8664,60.8656,0.2877

1545.4660,0.7053,1.8869,60.5130,0.2448

1546.4660,0.7023,1.7840,60.7817,0.3412

1547.4660,0.7023,1.8561,60.4832,0.3166

1548.4670,0.7023,1.8509,60.7296,0.3248

1549.4660,0.7051,1.8869,60.7336,0.3311

1550.4660,0.7063,1.8767,60.7236,0.3348

1551.4660,0.7069,1.8561,60.7524,0.3222

1552.4660,0.7078,1.8612,60.7407,0.3397

1553.4660,0.7086,1.8406,60.7846,0.2901

1554.4660,0.7078,1.8458,60.6372,0.3380

1555.4660,0.7057,1.8303,60.6777,0.3171

1556.4660,0.7112,1.9281,60.6973,0.3395

1557.4660,0.7108,1.8458,60.5957,0.3360

1558.4670,0.7106,1.8458,60.8436,0.3444

1559.4660,0.7086,1.8355,60.8329,0.3460

1560.4660,0.7092,1.8921,60.7217,0.3427

1561.4660,0.7100,1.8767,60.6412,0.3183

1562.4660,0.7102,1.8664,60.8882,0.3201

1563.4660,0.7102,1.8406,60.7965,0.3216

1564.4660,0.7116,1.8818,60.5792,0.3379

1565.4660,0.7124,1.8509,60.8866,0.3225

1566.4660,0.7096,1.8561,60.7390,0.3280

1567.4660,0.7100,1.8561,60.8416,0.3394

1568.4670,0.7092,1.8252,60.7607,0.3380

1569.4660,0.7100,1.8561,60.5305,0.3381

1570.4660,0.7090,1.8664,60.5885,0.3429

1571.4660,0.7084,1.8612,61.0351,0.3255

1572.4670,0.7082,1.8612,60.9695,0.3308

1573.4660,0.7116,1.9281,60.5840,0.3352

1574.4660,0.7112,1.8715,60.6586,0.3369

1575.4660,0.7098,1.8149,60.8748,0.3315

1576.4670,0.7092,1.8406,60.7217,0.3363

1577.4670,0.7094,1.8612,60.7911,0.3322

1578.4670,0.7100,1.8406,60.7501,0.2878

1579.4660,0.7088,1.8252,60.7454,0.3389

1580.4660,0.7098,1.8921,60.6066,0.3439

1581.4660,0.7096,1.8561,60.8681,0.3409

1582.4660,0.7080,1.8201,60.9986,0.2948

1583.4660,0.7051,1.8509,60.8463,0.3393

1584.4660,0.7049,1.8664,60.7727,0.3324

1585.4660,0.7069,1.8664,60.4934,0.3070

1586.4660,0.7082,1.8767,60.7507,0.3414

1587.4660,0.7086,1.8715,60.6539,0.2973

1588.4660,0.7094,1.8612,60.8515,0.3461

1589.4670,0.7112,1.8715,60.5739,0.3214

1590.4670,0.7112,1.8921,60.5384,0.2982

1591.4660,0.7110,1.8509,60.6906,0.3279

1592.4670,0.7114,1.8303,60.9185,0.3365

1593.4660,0.7110,1.8406,60.4892,0.3203

1594.4660,0.7096,1.8303,60.6833,0.3193

1595.4660,0.7094,1.8612,60.6640,0.3263

1596.4660,0.7080,1.8406,60.7644,0.3255

1597.4660,0.7067,1.8355,60.6322,0.3328

1598.4660,0.7078,1.8921,60.7296,0.3339

1599.4660,0.7092,1.9075,60.7046,0.3417

1600.4660,0.7084,1.8715,60.9430,0.3440

1601.4660,0.7075,1.8252,60.8161,0.3391

1602.4660,0.7084,1.8561,60.8139,0.3372

1603.4660,0.7096,1.8715,60.9623,0.3394

1604.4660,0.7134,1.9281,60.8026,0.3324

1605.4660,0.7128,1.8458,60.7182,0.2970

1606.4660,0.7126,1.8355,60.5390,0.2875

1607.4660,0.7144,1.8818,60.5549,0.3365

1608.4660,0.7130,1.8561,60.8552,0.3394

1609.4660,0.7108,1.8509,60.9134,0.3434

1610.4660,0.7110,1.8767,60.8954,0.3437

1611.4660,0.7120,1.8509,60.6801,0.3220

1612.4660,0.7116,1.8458,60.8489,0.3465

1613.4660,0.7108,1.8509,60.7172,0.3204

1614.4660,0.7077,1.8458,60.6485,0.2954

1615.4660,0.7069,1.8252,60.8673,0.3246

1616.4660,0.7082,1.8715,60.6899,0.3042

1617.4660,0.7069,1.8458,60.9192,0.3365

1618.4660,0.7067,1.8509,60.7758,0.3386

1619.4660,0.7059,1.8303,60.7319,0.2943

1620.4660,0.7080,1.9333,60.7476,0.3435

1621.4660,0.7063,1.8046,60.5711,0.2883

1622.4660,0.7065,1.8509,60.7463,0.3221

1623.4660,0.7086,1.9075,60.3609,0.3039

1624.4660,0.7098,1.8767,60.5827,0.2992

1625.4660,0.7102,1.8355,60.7012,0.3331

1626.4660,0.7098,1.8612,60.9610,0.3394

1627.4670,0.7090,1.8252,60.7467,0.3206

1628.4660,0.7102,1.8818,60.5146,0.3243

1629.4660,0.7108,1.8458,60.6473,0.3196

1630.4660,0.7080,1.8612,60.7742,0.3263

1631.4660,0.7102,1.8612,60.6895,0.3248

1632.4660,0.7096,1.8355,60.6766,0.3427

1633.4660,0.7088,1.8869,60.7058,0.3242

1634.4660,0.7082,1.8612,60.9525,0.3072

1635.4660,0.7084,1.8406,60.5740,0.3142

1636.4660,0.7082,1.8561,60.9015,0.3303

1637.4660,0.7084,1.8303,60.8978,0.3327

1638.4660,0.7069,1.8406,60.5710,0.2847

1639.4670,0.7080,1.8767,60.8716,0.3400

1640.4670,0.7075,1.8458,60.6972,0.3452

1641.4660,0.7082,1.8818,60.8448,0.3394

1642.4660,0.7092,1.8612,60.7651,0.3240

1643.4660,0.7077,1.8458,60.8306,0.3349

1644.4660,0.7073,1.8509,60.7933,0.3225

1645.4660,0.7077,1.8509,60.5783,0.3142

1646.4670,0.7077,1.8561,60.5926,0.2917

1647.4660,0.7090,1.8664,60.7872,0.2760

1648.4660,0.7092,1.8458,60.8353,0.3406

1649.4660,0.7080,1.8458,60.8433,0.3379

1650.4660,0.7080,1.8458,60.6671,0.3214

1651.4660,0.7084,1.8921,60.6438,0.3210

1652.4660,0.7086,1.8664,60.8966,0.3469

1653.4660,0.7114,1.9178,60.6676,0.3371

1654.4660,0.7114,1.8509,61.0239,0.3094

1655.4660,0.7122,1.8715,60.5239,0.3369

1656.4660,0.7118,1.8458,60.5724,0.3170

1657.4660,0.7112,1.8509,60.7181,0.3038

1658.4660,0.7116,1.8561,60.6888,0.3316

1659.4660,0.7120,1.8561,60.7928,0.3327

1660.4660,0.7132,1.8767,60.6891,0.3179

1661.4660,0.7116,1.8509,60.7750,0.3243

1662.4660,0.7112,1.8561,60.8278,0.3196

1663.4660,0.7086,1.8509,60.6587,0.3082

1664.4660,0.7094,1.8715,60.8988,0.3318

1665.4660,0.7084,1.8458,60.7621,0.3416

1666.4660,0.7096,1.8767,60.8212,0.3267

1667.4660,0.7098,1.8561,60.6834,0.2897

1668.4660,0.7110,1.8869,60.6779,0.3402

1669.4660,0.7120,1.8818,60.7705,0.3258

1670.4660,0.7124,1.8869,60.8449,0.3421

1671.4660,0.7130,1.8664,60.6074,0.3220

1672.4660,0.7132,1.8612,60.7479,0.3424

1673.4660,0.7118,1.8149,60.6319,0.3452

1674.4660,0.7114,1.8612,60.6894,0.3385

1675.4660,0.7118,1.8561,60.7026,0.3336

1676.4660,0.7104,1.8406,60.9468,0.3359

1677.4660,0.7100,1.8458,60.8165,0.3184

1678.4660,0.7094,1.8715,60.5197,0.3006

1679.4660,0.7098,1.8921,60.4666,0.2988

1680.4660,0.7088,1.8612,60.7215,0.3297

1681.4660,0.7084,1.8561,60.5992,0.3383

1682.4660,0.7080,1.8509,60.7493,0.3448

1683.4660,0.7102,1.8715,60.8075,0.3429

1684.4660,0.7094,1.8406,60.7014,0.3206

1685.4660,0.7096,1.8612,60.6776,0.2739

1686.4660,0.7098,1.8458,60.8016,0.3413

1687.4660,0.7106,1.8664,60.6712,0.2828

1688.4660,0.7104,1.8664,60.7627,0.3366

1689.4660,0.7088,1.8509,60.7114,0.3032

1690.4670,0.7088,1.8612,60.6756,0.3144

1691.4660,0.7088,1.8561,60.7660,0.3228

1692.4660,0.7096,1.8715,60.8189,0.3260

1693.4660,0.7090,1.8561,60.8427,0.3382

1694.4660,0.7102,1.8715,60.6299,0.3139

1695.4670,0.7106,1.8715,60.8771,0.3411

1696.4660,0.7114,1.8664,60.9375,0.3481

1697.4660,0.7108,1.8509,60.7807,0.3320

1698.4660,0.7118,1.8921,60.6454,0.3343

1699.4660,0.7126,1.8715,60.6851,0.2966

1700.4660,0.7130,1.8715,60.8779,0.3379

1701.4660,0.7130,1.8561,60.7851,0.3375

1702.4660,0.7116,1.8355,60.5809,0.2891

1703.4660,0.7110,1.8406,60.7184,0.3384

1704.4660,0.7104,1.8561,60.7684,0.3300

1705.4660,0.7104,1.8715,60.7706,0.3301

1706.4660,0.7090,1.8303,60.8598,0.3156

1707.4660,0.7098,1.8715,60.6955,0.3371

1708.4660,0.7090,1.8715,60.6878,0.3383

1709.4670,0.7078,1.8406,60.8021,0.3345

1710.4660,0.7080,1.8767,60.7287,0.3381

1711.4660,0.7069,1.8252,60.5806,0.3200

1712.4660,0.7090,1.8921,60.6999,0.3356

1713.4660,0.7104,1.8767,60.7245,0.3346

1714.4670,0.7104,1.8561,60.7719,0.2677

1715.4660,0.7092,1.8406,60.9047,0.3451

1716.4660,0.7118,1.8972,60.6907,0.3384

1717.4660,0.7118,1.8715,60.5117,0.3315

1718.4670,0.7120,1.8767,60.7939,0.3403

1719.4660,0.7120,1.8406,60.7083,0.3303

1720.4670,0.7134,1.9127,60.6779,0.3262

1721.4660,0.7134,1.8252,60.8407,0.3328

1722.4670,0.7132,1.8869,60.8140,0.3423

1723.4660,0.7104,1.8046,60.8460,0.3100

1724.4660,0.7096,1.8355,60.6735,0.3124

1725.4660,0.7108,1.8715,60.6959,0.3466

1726.4660,0.7088,1.8458,61.0210,0.3376

1727.4660,0.7086,1.8664,60.5399,0.3449

1728.4660,0.7061,1.8098,60.7199,0.3424

1729.4660,0.7067,1.8561,60.9093,0.3034

1730.4660,0.7047,1.8612,60.7291,0.3217

1731.4660,0.7057,1.8509,60.8853,0.3391

1732.4660,0.7049,1.8664,60.8070,0.2936

1733.4660,0.7069,1.8561,60.6729,0.3339

1734.4660,0.7080,1.8664,60.7930,0.3395

1735.4670,0.7069,1.8406,60.8320,0.2897

1736.4660,0.7057,1.8149,60.7407,0.3357

1737.4660,0.7073,1.9075,60.6425,0.3209

1738.4660,0.7098,1.8767,60.6655,0.3141

1739.4660,0.7104,1.8715,60.7812,0.3430

1740.4660,0.7130,1.9281,60.7576,0.3455

1741.4670,0.7152,1.9075,60.7086,0.3124

1742.4660,0.7146,1.8509,60.9246,0.3417

1743.4660,0.7156,1.8818,60.7127,0.3314

1744.4660,0.7162,1.8818,60.9250,0.3434

1745.4660,0.7164,1.8458,60.8037,0.3165

1746.4660,0.7172,1.8355,60.8487,0.3447

1747.4660,0.7146,1.8406,60.6946,0.3378

1748.4660,0.7132,1.8406,60.6974,0.3404

1749.4660,0.7134,1.8767,60.4899,0.2664

1750.4660,0.7138,1.9384,60.7796,0.3130

1751.4660,0.7108,1.8303,60.6060,0.3244

1752.4670,0.7122,1.8869,60.9474,0.3461

1753.4660,0.7126,1.8921,60.8364,0.3410

1754.4660,0.7120,1.8664,60.7171,0.3419

1755.4660,0.7120,1.8458,60.7099,0.3378

1756.4660,0.7140,1.8869,60.9016,0.3461

1757.4670,0.7130,1.8149,60.5755,0.2883

1758.4670,0.7136,1.8561,60.5039,0.2546

1759.4660,0.7126,1.8509,60.9104,0.3168

1760.4660,0.7092,1.8509,60.7912,0.3254

1761.4660,0.7128,1.9230,60.3941,0.2546

1762.4660,0.7126,1.8818,60.6410,0.3252

1763.4660,0.7142,1.9333,60.8513,0.3442

1764.4660,0.7146,1.8767,60.9253,0.3405

1765.4660,0.7116,1.7686,60.7576,0.3341

1766.4670,0.7098,1.8406,60.6056,0.3289

1767.4660,0.7096,1.8098,60.6995,0.2734

1768.4660,0.7098,1.8612,60.7452,0.3403

1769.4660,0.7096,1.8458,60.5980,0.3344

1770.4660,0.7102,1.8664,60.8844,0.3458

1771.4660,0.7075,1.8509,60.6889,0.3341

1772.4660,0.7053,1.8252,60.7877,0.3343

1773.4660,0.7029,1.8715,60.8042,0.3305

1774.4670,0.7025,1.8664,60.8834,0.3418

1775.4660,0.7057,1.8509,60.5976,0.2948

1776.4660,0.7055,1.8355,60.4184,0.3266

1777.4660,0.7077,1.8664,60.7336,0.3268

1778.4660,0.7116,1.9641,60.8403,0.2950

1779.4660,0.7122,1.8612,60.6459,0.3403

1780.4660,0.7122,1.8664,60.7950,0.3418

1781.4670,0.7122,1.8509,60.8429,0.3269

1782.4670,0.7156,1.9127,60.6077,0.2889

1783.4670,0.7148,1.8509,60.8583,0.3177

1784.4660,0.7148,1.8664,60.6365,0.3111

1785.4660,0.7136,1.8201,60.7285,0.3179

1786.4660,0.7160,1.8972,60.5772,0.2782

1787.4660,0.7168,1.8869,60.7485,0.3402

1788.4660,0.7126,1.8561,60.6107,0.3397

1789.4660,0.7132,1.8767,60.7856,0.3398

1790.4660,0.7128,1.8561,60.7125,0.3437

1791.4660,0.7108,1.7995,60.7681,0.3349

1792.4660,0.7067,1.8046,61.0465,0.3182

1793.4670,0.7075,1.8715,60.6683,0.3447

1794.4670,0.7063,1.8355,60.7737,0.3366

1795.4660,0.7084,1.8767,60.6431,0.3330

1796.4660,0.7069,1.8561,60.8311,0.3414

1797.4660,0.7055,1.8509,60.6608,0.3246

1798.4660,0.7053,1.8509,60.7719,0.3330

1799.4660,0.7035,1.8303,60.6636,0.3189

1800.4660,0.7035,1.8561,60.7562,0.3352

1801.4660,0.7053,1.8458,60.7565,0.3365

1802.4660,0.7073,1.8561,60.8322,0.3453

1803.4660,0.7067,1.8561,60.8665,0.3182

1804.4660,0.7080,1.8715,60.7765,0.3278

1805.4660,0.7069,1.8458,60.6569,0.3408

1806.4660,0.7075,1.8715,60.7420,0.3040

1807.4660,0.7078,1.8612,60.6647,0.2972

1808.4660,0.7088,1.8767,60.5720,0.3004

1809.4660,0.7100,1.8612,60.8891,0.3251

1810.4660,0.7096,1.8458,60.7535,0.3100

1811.4670,0.7098,1.8509,60.8206,0.3401

1812.4660,0.7090,1.8355,60.9420,0.2656

1813.4670,0.7100,1.8818,60.8772,0.3467

1814.4670,0.7090,1.8458,60.8557,0.3089

1815.4670,0.7094,1.8561,60.6003,0.3223

1816.4660,0.7098,1.8818,60.6322,0.3299

1817.4660,0.7104,1.8767,60.5603,0.3075

1818.4660,0.7090,1.8406,60.6760,0.2903

1819.4660,0.7088,1.8561,60.6132,0.3236

1820.4660,0.7096,1.8664,60.6973,0.3423

1821.4670,0.7090,1.8355,60.6038,0.3194

1822.4660,0.7098,1.8561,60.6343,0.3268

1823.4660,0.7092,1.8664,60.6878,0.3404

1824.4660,0.7098,1.8612,60.8436,0.3285

1825.4670,0.7088,1.8303,61.0540,0.3233

1826.4660,0.7069,1.8303,60.4475,0.2929

1827.4670,0.7055,1.8406,60.7897,0.3410

1828.4660,0.7071,1.8818,60.5075,0.3183

1829.4670,0.7053,1.8098,60.7019,0.3426

1830.4660,0.7049,1.8561,60.7604,0.3356

1831.4660,0.7063,1.8715,60.6361,0.2906

1832.4670,0.7063,1.8561,60.7362,0.2987

1833.4660,0.7055,1.8458,60.8203,0.3340

1834.4660,0.7041,1.8252,60.8844,0.3436

1835.4660,0.7053,1.8612,60.8029,0.3250

1836.4660,0.7071,1.8767,60.6923,0.3270

1837.4660,0.7063,1.8201,60.6446,0.3424

1838.4660,0.7049,1.8458,60.8452,0.3453

1839.4660,0.7073,1.8715,60.7640,0.3367

1840.4660,0.7065,1.8355,60.8521,0.3050

1841.4660,0.7061,1.8612,60.7403,0.3117

1842.4660,0.7049,1.8252,60.7587,0.3198

1843.4660,0.7059,1.8715,60.6369,0.3322

1844.4660,0.7100,1.9333,60.7227,0.3200

1845.4660,0.7114,1.8972,60.7264,0.3418

1846.4660,0.7077,1.7789,60.7360,0.3410

1847.4660,0.7092,1.8612,60.7597,0.3435

1848.4670,0.7134,1.9538,60.6985,0.3386

1849.4660,0.7164,1.9487,60.6732,0.3236

1850.4660,0.7166,1.8406,60.4709,0.2959

1851.4660,0.7162,1.8509,60.7739,0.3399

1852.4660,0.7170,1.8458,60.6999,0.3344

1853.4660,0.7172,1.8767,60.6525,0.2918

1854.4660,0.7130,1.8252,60.7129,0.3194

1855.4660,0.7106,1.8355,60.6933,0.3375

1856.4660,0.7118,1.8098,60.6382,0.3178

1857.4660,0.7100,1.8149,60.6521,0.3372

1858.4660,0.7057,1.8406,60.7339,0.3110

1859.4660,0.7017,1.8458,60.8755,0.3226

1860.4660,0.7037,1.8921,60.8257,0.3444

1861.4660,0.7045,1.8715,60.5461,0.3425

1862.4670,0.7045,1.8458,60.7200,0.3301

1863.4660,0.7039,1.8612,60.5597,0.3145

1864.4670,0.7069,1.9024,60.6172,0.3361

1865.4660,0.7075,1.8509,60.7166,0.3386

1866.4660,0.7082,1.8303,60.8230,0.3408

1867.4660,0.7096,1.8509,60.8148,0.3412

1868.4660,0.7098,1.8458,60.6839,0.3290

1869.4660,0.7092,1.8303,61.0178,0.3141

1870.4660,0.7092,1.8921,60.6835,0.3401

1871.4660,0.7086,1.8561,60.7660,0.2760

1872.4660,0.7112,1.9127,60.7204,0.3075

1873.4660,0.7116,1.8715,60.8224,0.3316

1874.4660,0.7096,1.8509,60.6903,0.3361

1875.4660,0.7110,1.8869,60.8040,0.3015

1876.4660,0.7122,1.8612,60.6042,0.3391

1877.4660,0.7124,1.8561,60.6661,0.3256

1878.4660,0.7130,1.8612,60.6512,0.3181

1879.4660,0.7138,1.8509,60.7158,0.3120

1880.4660,0.7118,1.8406,60.6973,0.2957

1881.4660,0.7120,1.8612,60.7193,0.3397

1882.4660,0.7084,1.8201,60.6907,0.3375

1883.4670,0.7067,1.8252,60.9235,0.3416

1884.4660,0.7061,1.8355,60.6047,0.3440

1885.4660,0.7037,1.8252,60.6325,0.2904

1886.4660,0.7035,1.8561,60.6766,0.2920

1887.4660,0.7025,1.8303,60.9353,0.3201

1888.4660,0.7023,1.8561,60.8223,0.2543

1889.4660,0.7005,1.8046,60.8375,0.3295

1890.4660,0.7013,1.8612,60.7064,0.3309

1891.4660,0.7017,1.8715,60.6924,0.3061

1892.4660,0.7035,1.8664,60.9160,0.3216

1893.4660,0.7045,1.8509,60.8382,0.3399

1894.4660,0.7055,1.8612,60.7828,0.3447

1895.4660,0.7077,1.8818,60.8348,0.3251

1896.4660,0.7092,1.8972,60.7992,0.3432

1897.4660,0.7102,1.8561,60.6393,0.2923

1898.4660,0.7106,1.8664,60.7683,0.3168

1899.4660,0.7120,1.8406,60.6200,0.3313

1900.4660,0.7114,1.8458,60.8790,0.3371

1901.4660,0.7104,1.8458,60.6578,0.3185

1902.4660,0.7096,1.8458,61.0177,0.3403

1903.4670,0.7088,1.8303,60.7178,0.3405

1904.4660,0.7082,1.8458,60.6553,0.3463

1905.4660,0.7059,1.8201,60.6533,0.3329

1906.4660,0.7041,1.8509,60.7636,0.2456

1907.4660,0.7039,1.8509,60.7195,0.3293

1908.4660,0.7031,1.8458,60.6668,0.3441

1909.4660,0.7049,1.8869,61.0070,0.3483

1910.4660,0.7053,1.8561,60.7999,0.3449

1911.4660,0.7047,1.8303,60.5403,0.3299

1912.4660,0.7049,1.8509,60.7385,0.3353

1913.4660,0.7057,1.8509,60.6416,0.3235

1914.4660,0.7059,1.8509,60.8479,0.3331

1915.4660,0.7073,1.8561,60.7756,0.3076

1916.4660,0.7071,1.8458,60.7947,0.3411

1917.4660,0.7080,1.8767,60.7918,0.3058

1918.4660,0.7086,1.8612,60.5422,0.2910

1919.4660,0.7067,1.8355,60.8486,0.3166

1920.4660,0.7080,1.8921,60.6758,0.3208

1921.4660,0.7102,1.8869,60.7114,0.3379

1922.4660,0.7108,1.8664,60.8564,0.3408

1923.4660,0.7124,1.8921,60.9445,0.3240

1924.4670,0.7110,1.8149,60.6095,0.3377

1925.4660,0.7116,1.8715,60.6738,0.3355

1926.4660,0.7140,1.9075,60.7720,0.3081

1927.4660,0.7130,1.8509,60.7241,0.3403

1928.4660,0.7124,1.8458,60.6744,0.3312

1929.4660,0.7136,1.8664,60.7481,0.3361

1930.4660,0.7110,1.8252,60.6405,0.3425

1931.4660,0.7100,1.8612,60.7489,0.3170

1932.4670,0.7096,1.8561,60.9077,0.3323

1933.4660,0.7086,1.8664,60.9068,0.3061

1934.4660,0.7114,1.8869,60.6018,0.2943

1935.4660,0.7098,1.8303,60.6837,0.3286

1936.4660,0.7078,1.8561,60.6853,0.3141

1937.4660,0.7067,1.8201,60.7974,0.2966

1938.4660,0.7094,1.9178,60.8943,0.3301

1939.4660,0.7106,1.8972,60.6349,0.3171

1940.4660,0.7102,1.8149,60.7991,0.3079

1941.4660,0.7114,1.8921,60.7763,0.3425

1942.4670,0.7114,1.8561,60.5687,0.3173

1943.4660,0.7122,1.8869,60.8453,0.3334

1944.4660,0.7116,1.8715,61.1734,0.3301

1945.4660,0.7142,1.8972,60.7300,0.3339

1946.4660,0.7138,1.8458,60.6967,0.3306

1947.4670,0.7134,1.8098,60.5740,0.3280

1948.4660,0.7116,1.8715,60.7325,0.3352

1949.4660,0.7106,1.8715,60.9273,0.3329

1950.4660,0.7128,1.8715,60.8606,0.3278

1951.4660,0.7108,1.8406,60.7758,0.3362

1952.4660,0.7108,1.8561,60.8710,0.2644

1953.4660,0.7096,1.8561,60.7121,0.3273

1954.4660,0.7082,1.8355,60.6443,0.3373

1955.4660,0.7059,1.8355,60.7127,0.3162

1956.4660,0.7057,1.8406,60.6732,0.3375

1957.4660,0.7077,1.8612,60.8940,0.3429

1958.4660,0.7071,1.8561,60.6904,0.3093

1959.4660,0.7069,1.8664,60.8580,0.3321

1960.4660,0.7045,1.8098,60.6966,0.3407

1961.4660,0.7023,1.7840,60.8278,0.3434

1962.4660,0.7023,1.8561,60.9706,0.3307

1963.4660,0.7029,1.8715,60.6754,0.3381

1964.4660,0.7035,1.8509,60.6894,0.2820

1965.4660,0.7049,1.8715,60.6691,0.3257

1966.4670,0.7104,1.9847,60.6960,0.3325

1967.4660,0.7102,1.8561,60.8925,0.3362

1968.4660,0.7110,1.8767,60.7145,0.3004

1969.4660,0.7104,1.8509,60.8427,0.3327

1970.4660,0.7144,1.9127,60.7539,0.3432

1971.4660,0.7150,1.7995,60.7552,0.3062

1972.4660,0.7152,1.8612,60.8468,0.3371

1973.4660,0.7146,1.8561,60.8224,0.3264

1974.4660,0.7150,1.8612,60.7411,0.3432

1975.4660,0.7146,1.8612,60.7645,0.3306

1976.4660,0.7106,1.8818,60.8220,0.3215

1977.4660,0.7106,1.8561,60.6919,0.3386

1978.4660,0.7102,1.8664,60.7471,0.3426

1979.4660,0.7122,1.9024,60.6187,0.3276

1980.4660,0.7096,1.8458,60.6692,0.3380

1981.4660,0.7132,1.8921,60.7372,0.3332

1982.4660,0.7136,1.8715,60.7776,0.3295

1983.4660,0.7128,1.8355,60.7284,0.3394

1984.4660,0.7136,1.8818,61.0422,0.3387

1985.4670,0.7126,1.8355,60.8476,0.3297

1986.4670,0.7114,1.8509,60.7977,0.3429

1987.4660,0.7116,1.8612,60.4434,0.3178

1988.4660,0.7092,1.8046,60.5460,0.3315

1989.4670,0.7078,1.8664,60.7477,0.3279

1990.4660,0.7069,1.8201,60.8852,0.3449

1991.4660,0.7051,1.8458,60.9273,0.3407

1992.4660,0.7049,1.8664,60.7163,0.3360

1993.4660,0.7045,1.8252,60.7744,0.3401

1994.4660,0.7019,1.8149,60.8079,0.3345

1995.4660,0.7011,1.8149,60.6967,0.2979

1996.4660,0.7023,1.8818,60.8156,0.3457

1997.4660,0.7017,1.8458,60.7641,0.3295

1998.4660,0.7035,1.8509,60.6680,0.3374

1999.4660,0.7037,1.8715,60.7560,0.3415

2000.4660,0.7053,1.8612,60.8350,0.3260

2001.4660,0.7055,1.8509,60.6743,0.3124

2002.4670,0.7049,1.8509,60.8660,0.3288

2003.4660,0.7065,1.8664,60.9060,0.3458

2004.4660,0.7077,1.8458,60.7336,0.3420

2005.4660,0.7098,1.8715,60.7049,0.3404

2006.4670,0.7094,1.8715,60.6641,0.3373

2007.4670,0.7096,1.8509,60.7022,0.3145

2008.4660,0.7084,1.8201,60.9142,0.3400

2009.4660,0.7073,1.8406,60.6739,0.3260

2010.4660,0.7082,1.8869,60.5697,0.2988

2011.4660,0.7088,1.8664,60.6792,0.3337

2012.4660,0.7088,1.8509,60.7000,0.3109

2013.4660,0.7082,1.8509,61.0136,0.3180

2014.4660,0.7080,1.8406,60.6470,0.3436

2015.4660,0.7071,1.8458,60.6178,0.3404

2016.4660,0.7069,1.8664,60.7935,0.3434

2017.4660,0.7067,1.8458,60.8427,0.3446

2018.4660,0.7073,1.8355,60.4655,0.3153

2019.4660,0.7088,1.8818,60.9120,0.3398

2020.4660,0.7078,1.8612,60.7859,0.3385

2021.4660,0.7075,1.8561,60.4641,0.3399

2022.4660,0.7073,1.8458,60.7110,0.3128

2023.4660,0.7059,1.8149,60.8097,0.3396

2024.4660,0.7061,1.8458,60.8266,0.3454

2025.4660,0.7077,1.8869,60.6594,0.3047

2026.4660,0.7080,1.8767,60.9205,0.3479

2027.4660,0.7082,1.8509,60.6127,0.3224

2028.4660,0.7110,1.9075,60.9073,0.3478

2029.4660,0.7104,1.8664,60.7820,0.3343

2030.4660,0.7102,1.8561,60.6862,0.3285

2031.4660,0.7104,1.8612,60.7564,0.2990

2032.4660,0.7104,1.8458,60.7032,0.3067

2033.4660,0.7116,1.8458,61.0046,0.3373

2034.4660,0.7118,1.8509,60.7028,0.3289

2035.4660,0.7102,1.8458,60.7070,0.3384

2036.4660,0.7088,1.8406,60.6985,0.3403

2037.4660,0.7086,1.8458,60.6702,0.3081

2038.4660,0.7080,1.8921,61.0107,0.3414

2039.4660,0.7078,1.8612,60.8507,0.3257

2040.4660,0.7063,1.8149,60.4757,0.3325

2041.4660,0.7063,1.8612,60.6396,0.3193

2042.4660,0.7063,1.8458,60.5068,0.3358

2043.4660,0.7063,1.8458,60.8149,0.3290

2044.4670,0.7073,1.8767,60.6220,0.3396

2045.4660,0.7077,1.8561,60.7068,0.3311

2046.4660,0.7088,1.8715,60.9393,0.3422

2047.4660,0.7092,1.8561,60.8530,0.3451

2048.4670,0.7096,1.9024,61.0085,0.3411

2049.4660,0.7098,1.8664,60.6366,0.3325

2050.4660,0.7104,1.8303,60.6726,0.3012

2051.4660,0.7102,1.8561,60.8804,0.2750

2052.4660,0.7086,1.8046,60.8896,0.3365

2053.4660,0.7090,1.8561,60.8096,0.3313

2054.4660,0.7086,1.8664,60.8783,0.3208

2055.4660,0.7077,1.8303,60.6233,0.3340

2056.4660,0.7077,1.8715,60.7595,0.3266

2057.4660,0.7075,1.8509,60.6665,0.3309

2058.4660,0.7071,1.8921,60.7532,0.3388

2059.4660,0.7073,1.8715,60.7199,0.3177

2060.4660,0.7092,1.8818,60.6820,0.3405

2061.4660,0.7094,1.8612,61.0707,0.3375

2062.4660,0.7112,1.8509,60.9402,0.3184

2063.4660,0.7122,1.8818,60.5244,0.3222

2064.4660,0.7124,1.8715,60.6789,0.3396

2065.4670,0.7142,1.8767,60.8173,0.3405

2066.4660,0.7140,1.8664,60.7382,0.2977

2067.4660,0.7142,1.8561,60.7917,0.3343

2068.4660,0.7136,1.8767,60.6599,0.3148

2069.4660,0.7136,1.8715,60.6170,0.3391

2070.4660,0.7118,1.8355,60.7220,0.3374

2071.4660,0.7108,1.8355,60.8043,0.3185

2072.4660,0.7116,1.8715,60.9864,0.2722

2073.4660,0.7088,1.8098,60.7563,0.3448

2074.4660,0.7098,1.8972,60.6980,0.3385

2075.4660,0.7098,1.8767,60.7421,0.3182

2076.4660,0.7094,1.8561,60.6214,0.3252

2077.4660,0.7086,1.8355,60.5895,0.3372

2078.4660,0.7059,1.8046,60.6243,0.3250

2079.4660,0.7053,1.8561,60.7013,0.2719

2080.4670,0.7063,1.8612,60.6228,0.3222

2081.4660,0.7084,1.8921,60.6152,0.3313

2082.4660,0.7078,1.8561,60.6280,0.3349

2083.4670,0.7104,1.8767,60.6423,0.3385

2084.4660,0.7094,1.8715,60.6392,0.3376

2085.4660,0.7086,1.8561,60.7527,0.3336

2086.4660,0.7075,1.8252,60.9414,0.3426

2087.4660,0.7092,1.8818,60.6433,0.3183

2088.4660,0.7120,1.8767,60.7220,0.2680

2089.4660,0.7124,1.8664,60.6934,0.3394

2090.4660,0.7138,1.8972,60.6350,0.3316

2091.4670,0.7132,1.8767,60.7439,0.3311

2092.4660,0.7128,1.8458,60.7578,0.3418

2093.4660,0.7116,1.8458,60.6739,0.3174

2094.4660,0.7104,1.8406,60.6422,0.3399

2095.4660,0.7098,1.8406,60.9736,0.3434

2096.4660,0.7106,1.8458,60.7810,0.3268

2097.4660,0.7100,1.8664,60.6443,0.3304

2098.4660,0.7082,1.8303,60.9153,0.3436

2099.4660,0.7073,1.8406,60.7101,0.3105

2100.4670,0.7057,1.8561,60.8965,0.2983

2101.4660,0.7055,1.8715,60.8027,0.3327

2102.4660,0.7059,1.8561,60.9282,0.3326

2103.4660,0.7061,1.8509,60.6144,0.3290

2104.4670,0.7063,1.8458,60.6253,0.3055

2105.4660,0.7077,1.8767,60.6097,0.3019

2106.4660,0.7075,1.8406,60.7947,0.3343

2107.4660,0.7071,1.8561,60.6648,0.3322

2108.4660,0.7078,1.8509,60.6210,0.3390

2109.4660,0.7084,1.8561,60.6159,0.3324

2110.4660,0.7092,1.8767,60.8677,0.2965

2111.4660,0.7096,1.8818,61.0196,0.3303

2112.4660,0.7098,1.8612,60.4666,0.3374

2113.4670,0.7086,1.8201,60.5598,0.3249

2114.4660,0.7094,1.8664,60.9531,0.3369

2115.4660,0.7086,1.8561,60.6802,0.3336

2116.4660,0.7084,1.8355,60.5277,0.3231

2117.4670,0.7086,1.8612,60.6360,0.3257

2118.4660,0.7094,1.8715,60.7571,0.3387

2119.4670,0.7104,1.8818,60.7098,0.3244

2120.4660,0.7094,1.8509,60.6225,0.3242

2121.4660,0.7077,1.8355,60.8678,0.3198

2122.4660,0.7061,1.8201,60.6509,0.3303

2123.4660,0.7086,1.8869,60.9259,0.3465

2124.4660,0.7092,1.8818,60.4684,0.3162

2125.4660,0.7088,1.8458,60.7511,0.3292

2126.4670,0.7100,1.8664,60.6790,0.3373

2127.4660,0.7102,1.8664,60.8380,0.3288

2128.4660,0.7084,1.8252,60.6362,0.3324

2129.4660,0.7080,1.8715,60.6418,0.3346

2130.4660,0.7092,1.8818,60.7579,0.3391

2131.4670,0.7075,1.7892,60.9123,0.3400

2132.4670,0.7098,1.8818,60.7938,0.3416

2133.4660,0.7071,1.8149,60.8032,0.3420

2134.4660,0.7065,1.8664,60.8742,0.3262

2135.4660,0.7067,1.8509,60.6590,0.3427

2136.4660,0.7065,1.8612,60.8782,0.3328

2137.4660,0.7049,1.8252,60.8689,0.3394

2138.4660,0.7073,1.8869,60.8218,0.3076

2139.4670,0.7057,1.8303,60.6799,0.3064

2140.4670,0.7049,1.8612,60.6978,0.3110

2141.4660,0.7077,1.8612,60.6133,0.3437

2142.4660,0.7067,1.8561,60.9506,0.3399

2143.4660,0.7088,1.8715,60.6546,0.2802

2144.4660,0.7065,1.8046,60.6806,0.3197

2145.4660,0.7061,1.8406,60.6703,0.2962

2146.4660,0.7071,1.8869,60.8110,0.3332

2147.4660,0.7098,1.8972,60.7631,0.3365

2148.4660,0.7090,1.8664,60.7335,0.3200

2149.4660,0.7096,1.8458,60.7263,0.3351

2150.4660,0.7102,1.8767,60.7829,0.3047

2151.4670,0.7104,1.8664,60.6809,0.3061

2152.4660,0.7136,1.9384,60.9347,0.3425

2153.4660,0.7120,1.8303,60.8625,0.3459

2154.4660,0.7136,1.8458,60.6583,0.3210

2155.4670,0.7148,1.8715,60.8295,0.3269

2156.4660,0.7140,1.8664,60.5929,0.3210

2157.4660,0.7130,1.8715,60.5316,0.3393

2158.4670,0.7122,1.8458,60.6923,0.3232

2159.4660,0.7130,1.8664,60.6583,0.3449

2160.4660,0.7108,1.8201,60.8891,0.2963

2161.4660,0.7106,1.8612,60.7305,0.3396

2162.4660,0.7063,1.8252,60.6949,0.3460

2163.4660,0.7078,1.8715,60.6523,0.3359

2164.4660,0.7086,1.8664,60.7253,0.3452

2165.4660,0.7075,1.8406,60.6715,0.3188

2166.4660,0.7078,1.8767,60.7579,0.3408

2167.4660,0.7075,1.8612,61.0331,0.3392

2168.4660,0.7061,1.8098,60.8117,0.3288

2169.4660,0.7053,1.8458,61.0101,0.3234

2170.4660,0.7073,1.8715,60.4915,0.3428

2171.4660,0.7067,1.8458,60.8092,0.3286

2172.4660,0.7069,1.8303,60.7128,0.3144

2173.4670,0.7080,1.9024,60.7813,0.3294

2174.4660,0.7073,1.8458,60.6539,0.3116

2175.4660,0.7073,1.8406,60.7587,0.3014

2176.4660,0.7082,1.9024,60.6689,0.3387

2177.4660,0.7090,1.8818,60.7101,0.3320

2178.4660,0.7096,1.8252,60.5809,0.3114

2179.4660,0.7098,1.8509,60.8288,0.3294

2180.4660,0.7098,1.8715,60.6895,0.3251

2181.4660,0.7090,1.8252,60.7304,0.3352

2182.4660,0.7090,1.8303,60.6479,0.3326

2183.4660,0.7075,1.8612,60.8897,0.3424

2184.4660,0.7084,1.8715,60.7679,0.3460

2185.4660,0.7100,1.8818,60.7222,0.3400

2186.4660,0.7096,1.8921,60.5450,0.3444

2187.4660,0.7082,1.8458,60.7065,0.3331

2188.4670,0.7096,1.8612,60.9472,0.3374

2189.4660,0.7116,1.9024,60.8709,0.3396

2190.4660,0.7112,1.8612,60.4660,0.3100

2191.4660,0.7132,1.8767,60.6566,0.2843

2192.4660,0.7148,1.8715,60.9142,0.3329

2193.4660,0.7156,1.8818,60.4749,0.3384

2194.4660,0.7152,1.8612,60.7186,0.3396

2195.4660,0.7134,1.8355,60.6205,0.3266

2196.4660,0.7130,1.8818,60.6882,0.3441

2197.4660,0.7138,1.8664,60.7321,0.3184

2198.4670,0.7134,1.8509,60.7924,0.3369

2199.4660,0.7116,1.8561,60.8022,0.3370

2200.4660,0.7110,1.8458,60.8514,0.3425

2201.4660,0.7102,1.8561,60.8207,0.3340

2202.4660,0.7102,1.8715,60.7389,0.3310

2203.4660,0.7092,1.8561,60.7861,0.3401

2204.4660,0.7094,1.8664,60.6742,0.3400

2205.4660,0.7100,1.8509,60.7306,0.3409

2206.4660,0.7102,1.8869,60.8048,0.3328

2207.4660,0.7104,1.8715,60.9086,0.3248

2208.4660,0.7102,1.8458,60.5252,0.3139

2209.4660,0.7110,1.8767,60.7566,0.3451

2210.4660,0.7120,1.8715,60.8112,0.3436

2211.4660,0.7118,1.8509,60.7948,0.3346

2212.4670,0.7114,1.8612,60.6601,0.3427

2213.4660,0.7110,1.8458,60.7621,0.3424

2214.4660,0.7106,1.8561,60.6579,0.3321

2215.4660,0.7110,1.8612,60.6558,0.3207

2216.4660,0.7100,1.8612,60.7491,0.3374

2217.4660,0.7088,1.8406,60.6720,0.3282

2218.4660,0.7090,1.8509,60.6940,0.3384

2219.4660,0.7092,1.8818,60.5684,0.3316

2220.4670,0.7086,1.8561,60.7368,0.3354

2221.4660,0.7098,1.8818,60.7053,0.2925

2222.4670,0.7088,1.8355,60.6041,0.3202

2223.4660,0.7090,1.8509,60.5529,0.2817

2224.4670,0.7096,1.8715,60.6959,0.3348

2225.4660,0.7084,1.8303,60.7791,0.3400

2226.4660,0.7084,1.8612,60.5418,0.3182

2227.4660,0.7088,1.8509,60.9339,0.3341

2228.4660,0.7092,1.8612,60.7167,0.3263

2229.4660,0.7086,1.8664,60.6214,0.3431

2230.4660,0.7082,1.8458,60.7211,0.3437

2231.4660,0.7053,1.8046,60.6312,0.3368

2232.4660,0.7059,1.8509,60.6541,0.3298

2233.4660,0.7065,1.8664,60.8814,0.3448

2234.4660,0.7057,1.8509,60.5491,0.3337

2235.4660,0.7063,1.8458,60.9419,0.2991

2236.4660,0.7043,1.8098,60.8988,0.3362

2237.4660,0.7033,1.8252,60.8005,0.3338

2238.4660,0.7025,1.8406,60.5830,0.3411

2239.4660,0.7027,1.8715,60.5977,0.3452

2240.4660,0.7007,1.7943,60.9357,0.3454

2241.4660,0.7023,1.8458,60.7113,0.2986

2242.4660,0.7021,1.8458,60.5980,0.2881

2243.4660,0.7019,1.8612,60.6869,0.3357

2244.4660,0.7021,1.8561,60.8875,0.3370

2245.4660,0.7029,1.8664,60.7203,0.3284

2246.4660,0.7045,1.8509,60.7600,0.3293

2247.4660,0.7055,1.8509,60.5930,0.3358

2248.4660,0.7069,1.8767,60.6673,0.3103

2249.4660,0.7088,1.9230,60.5128,0.2575

2250.4660,0.7110,1.8509,60.5741,0.3186

2251.4660,0.7108,1.8406,60.8259,0.3231

2252.4660,0.7098,1.8201,60.7069,0.3148

2253.4660,0.7090,1.8406,60.7070,0.3399

2254.4660,0.7088,1.8509,60.6735,0.3436

2255.4670,0.7088,1.8664,60.6699,0.3303

2256.4660,0.7086,1.8458,60.6912,0.3367

2257.4660,0.7090,1.8612,60.6912,0.3344

2258.4670,0.7061,1.7995,60.7505,0.3098

2259.4660,0.7029,1.8406,60.7426,0.3315

2260.4670,0.7037,1.8715,60.7631,0.3159

2261.4660,0.7049,1.8715,60.8814,0.2612

2262.4660,0.7049,1.8201,60.7254,0.3430

2263.4660,0.7061,1.8715,60.5832,0.2967

2264.4660,0.7067,1.8664,60.7412,0.3052

2265.4660,0.7061,1.8509,60.6256,0.3033

2266.4660,0.7080,1.8972,60.6624,0.3155

2267.4660,0.7077,1.8509,60.8134,0.3467

2268.4660,0.7102,1.8664,60.6288,0.3370

2269.4660,0.7098,1.8303,60.6409,0.3111

2270.4660,0.7077,1.8149,60.6608,0.3255

2271.4660,0.7088,1.9024,60.9133,0.3433

2272.4660,0.7110,1.8767,60.6106,0.3323

2273.4660,0.7110,1.8715,60.7906,0.3275

2274.4660,0.7112,1.8715,60.7127,0.3267

2275.4660,0.7112,1.8509,60.6764,0.3398

2276.4660,0.7114,1.9024,60.5786,0.3290

2277.4670,0.7108,1.8355,60.6614,0.3368

2278.4660,0.7102,1.8509,60.7460,0.3394

2279.4660,0.7114,1.8612,60.6311,0.3092

2280.4660,0.7132,1.8612,60.5233,0.3405

2281.4670,0.7106,1.8355,60.9460,0.3418

2282.4670,0.7100,1.8612,60.6791,0.3266

2283.4660,0.7088,1.8406,60.7047,0.3040

2284.4660,0.7094,1.8869,60.8014,0.3157

2285.4660,0.7094,1.8509,60.7197,0.2928

2286.4660,0.7069,1.8355,60.6195,0.3421

2287.4660,0.7075,1.8509,60.6877,0.3366

2288.4660,0.7080,1.8664,60.5961,0.3378

2289.4660,0.7080,1.8612,60.5221,0.2845

2290.4670,0.7084,1.8715,60.7245,0.3448

2291.4660,0.7092,1.8561,60.6350,0.3128

2292.4670,0.7078,1.8252,60.6601,0.2982

2293.4660,0.7088,1.8664,60.6998,0.3455

2294.4660,0.7082,1.8715,60.8112,0.3345

2295.4660,0.7080,1.8458,60.6021,0.3397

2296.4660,0.7082,1.8406,60.5053,0.2905

2297.4660,0.7086,1.8612,60.7198,0.3413

2298.4660,0.7090,1.8767,60.6727,0.3363

2299.4660,0.7080,1.8355,60.6563,0.3199

2300.4670,0.7080,1.8715,60.7184,0.3390

2301.4660,0.7090,1.8818,60.7154,0.3264

2302.4660,0.7108,1.8715,60.5751,0.2748

2303.4660,0.7096,1.8355,60.8867,0.2419

2304.4660,0.7086,1.8458,60.5800,0.3411

2305.4670,0.7098,1.8767,60.8235,0.3454

2306.4660,0.7106,1.8612,60.4984,0.2677

2307.4660,0.7108,1.8664,60.6537,0.3042

2308.4660,0.7104,1.8664,60.7209,0.3354

2309.4660,0.7116,1.8664,60.7858,0.3376

2310.4660,0.7122,1.8869,60.8248,0.3106

2311.4660,0.7120,1.8767,60.6157,0.2740

2312.4660,0.7116,1.8612,60.9969,0.3432

2313.4660,0.7110,1.8201,60.5215,0.3131

2314.4660,0.7124,1.8818,60.5926,0.3120

2315.4660,0.7116,1.8561,60.7770,0.3396

2316.4670,0.7096,1.8098,60.6832,0.3397

2317.4660,0.7096,1.8664,60.7950,0.3376

2318.4670,0.7102,1.8818,60.6404,0.3042

2319.4660,0.7090,1.8355,60.6692,0.3443

2320.4660,0.7092,1.8921,60.6706,0.3303

2321.4660,0.7092,1.8767,60.6382,0.2588

2322.4660,0.7090,1.8561,60.7362,0.3340

2323.4660,0.7106,1.8612,60.6902,0.2557

2324.4660,0.7094,1.8509,60.4891,0.3165

2325.4660,0.7084,1.8303,60.9821,0.3427

2326.4670,0.7090,1.8252,60.7146,0.3321

2327.4660,0.7090,1.8664,60.7665,0.3361

2328.4660,0.7082,1.8612,60.6679,0.3123

2329.4660,0.7090,1.8561,60.5251,0.3203

2330.4660,0.7075,1.8509,60.5931,0.3070

2331.4660,0.7063,1.8458,60.7413,0.3215

2332.4660,0.7063,1.8561,60.7038,0.3378

2333.4660,0.7067,1.8715,60.8359,0.2906

2334.4660,0.7073,1.8664,60.6519,0.3302

2335.4660,0.7090,1.8767,60.6513,0.3320

2336.4660,0.7094,1.8355,60.7430,0.3376

2337.4660,0.7086,1.8458,60.6858,0.3004

2338.4660,0.7094,1.8818,60.8519,0.3375

2339.4660,0.7102,1.8767,60.5732,0.3285

2340.4660,0.7120,1.8972,60.8420,0.3304

2341.4660,0.7152,1.9281,60.6457,0.3341

2342.4660,0.7130,1.7995,60.6433,0.3334

2343.4660,0.7120,1.8458,60.6698,0.3405

2344.4660,0.7118,1.8612,60.6181,0.2980

2345.4660,0.7108,1.8509,60.5641,0.3314

2346.4660,0.7124,1.8767,60.5916,0.3355

2347.4660,0.7122,1.8406,60.8097,0.3260

2348.4670,0.7102,1.8303,60.7202,0.3190

2349.4660,0.7106,1.8869,60.7230,0.3441

2350.4660,0.7084,1.8406,60.6430,0.3213

2351.4660,0.7059,1.8612,60.6745,0.3415

2352.4660,0.7106,1.9230,60.6653,0.3425

2353.4670,0.7114,1.8664,60.8466,0.3343

2354.4660,0.7114,1.8612,60.7007,0.3260

2355.4660,0.7126,1.8818,60.7546,0.3432

2356.4660,0.7116,1.8509,60.7671,0.3244

2357.4660,0.7116,1.8406,60.6653,0.2877

2358.4660,0.7122,1.8458,60.8259,0.2914

2359.4660,0.7102,1.8355,60.7483,0.3320

2360.4660,0.7120,1.8869,60.9058,0.3416

2361.4660,0.7130,1.8869,60.7302,0.3442

2362.4670,0.7102,1.8509,60.6083,0.3021

2363.4660,0.7098,1.8561,60.8003,0.3346

2364.4660,0.7112,1.8972,60.6702,0.3363

2365.4660,0.7116,1.8921,60.7394,0.3380

2366.4660,0.7118,1.8561,60.6399,0.3288

2367.4660,0.7120,1.8458,60.9185,0.3342

2368.4660,0.7124,1.8561,60.6429,0.3378

2369.4660,0.7140,1.8767,60.7967,0.3321

2370.4660,0.7126,1.8509,60.8620,0.3435

2371.4660,0.7120,1.8715,60.7427,0.3304

2372.4660,0.7116,1.8406,60.6856,0.3423

2373.4660,0.7118,1.8612,60.7476,0.3376

2374.4660,0.7110,1.8767,60.6506,0.3380

2375.4660,0.7098,1.8612,60.6235,0.3200

2376.4660,0.7108,1.8818,60.6181,0.3258

2377.4660,0.7112,1.8561,60.6223,0.3299

2378.4660,0.7114,1.8612,60.7418,0.3472

2379.4660,0.7110,1.8664,60.7736,0.3074

2380.4660,0.7106,1.8406,60.8379,0.2771

2381.4660,0.7090,1.8303,60.9523,0.3176

2382.4660,0.7104,1.8767,60.4500,0.3357

2383.4660,0.7110,1.8767,60.7246,0.3336

2384.4660,0.7102,1.8561,60.6526,0.3245

2385.4660,0.7108,1.8767,60.8885,0.3339

2386.4670,0.7106,1.8767,60.7752,0.3253

2387.4660,0.7106,1.8561,61.0459,0.2159

2388.4660,0.7094,1.8303,60.6447,0.3114

2389.4660,0.7090,1.8561,60.6927,0.3362

2390.4660,0.7108,1.8869,60.6509,0.3109

2391.4660,0.7124,1.8715,60.6790,0.2989

2392.4660,0.7148,1.9384,60.8119,0.3238

2393.4660,0.7134,1.8406,60.5719,0.3364

2394.4660,0.7132,1.8509,60.9386,0.3462

2395.4660,0.7162,1.9538,60.7122,0.2890

2396.4660,0.7140,1.8201,60.6869,0.3169

2397.4660,0.7134,1.8406,60.6248,0.3221

2398.4660,0.7144,1.8561,60.7903,0.3455

2399.4660,0.7152,1.8767,60.9263,0.3438

2400.4670,0.7136,1.8458,60.7527,0.3340

2401.4660,0.7144,1.8921,60.8468,0.3432

2402.4660,0.7116,1.8664,60.9043,0.3312

2403.4660,0.7110,1.8252,60.9899,0.3318

2404.4660,0.7136,1.9178,60.7463,0.3337

2405.4660,0.7104,1.8715,60.6966,0.3432

2406.4660,0.7132,1.8921,60.7297,0.3404

2407.4660,0.7112,1.7892,60.8776,0.3387

2408.4660,0.7122,1.8818,60.6481,0.3220

2409.4660,0.7114,1.8561,60.9026,0.2879

2410.4660,0.7122,1.8664,60.7341,0.3427

2411.4660,0.7110,1.8612,60.8150,0.2669

2412.4660,0.7108,1.8612,60.5960,0.3187

2413.4660,0.7118,1.8509,60.6574,0.3043

2414.4660,0.7086,1.8355,61.0000,0.3436

2415.4660,0.7080,1.8561,60.8748,0.3414

2416.4660,0.7059,1.8355,60.8181,0.3039

2417.4660,0.7094,1.8818,60.6235,0.3156

2418.4660,0.7094,1.8818,60.7775,0.3266

2419.4670,0.7096,1.8612,60.7942,0.3392

2420.4660,0.7084,1.8355,60.8009,0.3102

2421.4660,0.7080,1.8509,60.6701,0.3366

2422.4670,0.7077,1.8509,60.7245,0.3295

2423.4660,0.7075,1.8458,60.8315,0.3436

2424.4660,0.7073,1.8303,60.6473,0.3290

2425.4660,0.7075,1.8612,60.6955,0.3415

2426.4660,0.7077,1.8406,60.6700,0.3158

2427.4660,0.7067,1.8561,60.7899,0.3287

2428.4660,0.7055,1.8509,60.7404,0.3449

2429.4660,0.7055,1.8612,60.6699,0.3361

2430.4670,0.7059,1.8458,60.8435,0.3140

2431.4660,0.7059,1.8509,60.7548,0.3406

2432.4660,0.7051,1.8303,60.8206,0.3265

2433.4660,0.7063,1.8767,60.5857,0.3294

2434.4660,0.7067,1.8406,60.6764,0.3231

2435.4660,0.7075,1.8818,60.6504,0.3431

2436.4660,0.7080,1.8561,60.8547,0.3252

2437.4660,0.7080,1.8561,60.8457,0.2662

2438.4660,0.7086,1.8664,60.9940,0.3141

2439.4660,0.7086,1.8612,60.9243,0.3284

2440.4660,0.7082,1.8355,60.8031,0.3421

2441.4660,0.7084,1.8561,60.4576,0.2936

2442.4660,0.7094,1.8561,60.7771,0.2973

2443.4670,0.7086,1.8561,60.8513,0.3259

2444.4660,0.7088,1.8458,60.7048,0.3137

2445.4660,0.7073,1.8406,60.5132,0.3382

2446.4660,0.7063,1.8303,60.8987,0.3425

2447.4660,0.7069,1.8715,60.6819,0.3172

2448.4660,0.7108,1.9693,60.6053,0.3425

2449.4660,0.7106,1.8561,60.8268,0.3355

2450.4660,0.7104,1.8303,60.7694,0.3403

2451.4660,0.7084,1.8046,60.7201,0.3348

2452.4660,0.7084,1.8561,60.7305,0.3427

2453.4670,0.7084,1.8561,60.8208,0.3405

2454.4660,0.7078,1.8303,60.7589,0.3297

2455.4670,0.7090,1.8715,60.6026,0.3164

2456.4660,0.7104,1.8664,60.7947,0.3397

2457.4660,0.7094,1.8458,60.6175,0.3272

2458.4670,0.7065,1.8921,60.7327,0.3304

2459.4670,0.7086,1.9127,60.6816,0.2937

2460.4660,0.7092,1.8458,60.9041,0.3199

2461.4660,0.7108,1.8458,60.5673,0.3251

2462.4660,0.7108,1.8561,61.0458,0.3239

2463.4660,0.7110,1.8612,60.9700,0.2714

2464.4660,0.7148,1.9281,60.7847,0.3417

2465.4660,0.7148,1.8715,60.6875,0.3280

2466.4660,0.7136,1.8355,60.6773,0.2883

2467.4660,0.7160,1.9075,60.7879,0.3435

2468.4660,0.7144,1.8509,60.7061,0.3334

2469.4660,0.7128,1.8715,60.7878,0.2815

2470.4670,0.7116,1.8149,60.7799,0.3364

2471.4660,0.7120,1.8561,60.5862,0.2944

2472.4660,0.7118,1.8509,60.7866,0.3443

2473.4660,0.7122,1.8715,60.7505,0.3394

2474.4660,0.7096,1.8612,60.6032,0.3260

2475.4660,0.7102,1.8869,60.6844,0.3213

2476.4660,0.7106,1.8458,60.7264,0.3192

2477.4660,0.7124,1.9538,60.6979,0.3311

2478.4660,0.7124,1.8509,60.8646,0.3384

2479.4660,0.7114,1.8458,60.7746,0.3375

2480.4660,0.7122,1.8355,60.9986,0.3271

2481.4660,0.7124,1.8612,60.7137,0.3383

2482.4660,0.7124,1.8509,60.6529,0.3318

2483.4660,0.7134,1.8972,60.6437,0.3234

2484.4660,0.7130,1.8509,60.7508,0.2711

2485.4660,0.7094,1.7943,60.9120,0.3311

2486.4660,0.7104,1.8715,60.8519,0.3322

2487.4660,0.7073,1.8715,60.6584,0.3301

2488.4660,0.7071,1.8458,60.5023,0.2898

2489.4660,0.7082,1.8767,60.7256,0.2808

2490.4660,0.7098,1.8767,60.7119,0.2593

2491.4660,0.7100,1.8664,60.4999,0.2919

2492.4660,0.7100,1.8509,60.8039,0.3439

2493.4660,0.7090,1.8715,60.8559,0.3089

2494.4660,0.7082,1.8303,60.7757,0.3337

2495.4660,0.7088,1.8098,60.7432,0.3330

2496.4660,0.7086,1.8664,60.6953,0.3170

2497.4660,0.7077,1.8458,60.7709,0.3394

2498.4660,0.7084,1.8664,60.8509,0.3251

2499.4660,0.7075,1.8509,60.9484,0.3411

2500.4660,0.7069,1.8612,60.7475,0.2920

2501.4660,0.7073,1.8767,60.7484,0.3309

2502.4660,0.7063,1.8252,60.8883,0.3379

2503.4670,0.7065,1.8767,60.8132,0.2959

2504.4660,0.7075,1.8561,60.8553,0.3451

2505.4660,0.7088,1.8458,60.8349,0.3356

2506.4660,0.7084,1.8561,60.9036,0.3367

2507.4660,0.7084,1.8458,60.7536,0.3403

2508.4660,0.7086,1.8715,60.6889,0.3443

2509.4660,0.7082,1.8406,60.8160,0.2742

2510.4660,0.7084,1.8664,60.7877,0.3437

2511.4660,0.7077,1.8561,60.6840,0.3328

2512.4670,0.7088,1.8561,60.7289,0.3298

2513.4660,0.7078,1.8509,60.6984,0.3160

2514.4660,0.7082,1.8664,60.8678,0.2902

2515.4660,0.7088,1.8612,60.8416,0.3288

2516.4660,0.7100,1.8869,60.6649,0.3422

2517.4660,0.7112,1.8767,60.5995,0.3393

2518.4660,0.7106,1.8561,60.6720,0.3427

2519.4660,0.7120,1.8767,60.6970,0.3059

2520.4670,0.7122,1.8715,60.8575,0.3094

2521.4660,0.7126,1.8664,60.8433,0.3430

2522.4660,0.7084,1.7480,60.9280,0.3271

2523.4660,0.7088,1.8612,60.6152,0.2975

2524.4660,0.7090,1.8715,60.7724,0.3318

2525.4660,0.7059,1.7789,60.9111,0.3423

2526.4660,0.7047,1.8561,60.7598,0.3191

2527.4660,0.7039,1.8561,60.9176,0.3461

2528.4660,0.7051,1.8869,60.6650,0.3218

2529.4660,0.7073,1.9333,60.7624,0.3392

2530.4660,0.7065,1.8509,60.8363,0.3446

2531.4660,0.7065,1.8664,60.6910,0.3270

2532.4660,0.7098,1.8355,60.7285,0.2951

2533.4660,0.7090,1.8406,60.9204,0.3217

2534.4660,0.7082,1.8509,60.7237,0.3385

2535.4660,0.7112,1.8561,60.8058,0.3380

2536.4660,0.7114,1.8612,60.7913,0.3366

2537.4670,0.7106,1.8355,60.7187,0.3280

2538.4660,0.7092,1.8509,60.7975,0.3345

2539.4660,0.7061,1.8509,60.8274,0.3179

2540.4660,0.7065,1.8612,60.9316,0.3284

2541.4660,0.7067,1.8715,60.6578,0.3302

2542.4660,0.7063,1.8252,60.6438,0.3211

2543.4660,0.7077,1.8767,60.9850,0.3437

2544.4660,0.7077,1.8509,60.8189,0.3425

2545.4660,0.7075,1.8509,60.8117,0.3453

2546.4660,0.7080,1.8767,60.6577,0.3394

2547.4660,0.7082,1.8406,60.6965,0.3218

2548.4660,0.7078,1.8406,60.9241,0.3402

2549.4660,0.7098,1.9024,60.6039,0.3172

2550.4660,0.7094,1.8509,60.7080,0.3240

2551.4660,0.7128,1.9590,60.9166,0.3227

2552.4660,0.7144,1.8664,60.9379,0.3436

2553.4660,0.7140,1.8664,60.7757,0.3338

2554.4660,0.7136,1.8406,60.6867,0.3147

2555.4660,0.7136,1.8509,60.7358,0.3314

2556.4660,0.7130,1.8612,60.8489,0.3440

2557.4660,0.7112,1.7943,60.7741,0.3380

2558.4660,0.7126,1.8767,60.7709,0.3346

2559.4660,0.7120,1.8869,60.7127,0.3349

2560.4660,0.7132,1.8818,60.7827,0.3021

2561.4660,0.7090,1.8509,60.6403,0.3366

2562.4660,0.7084,1.8509,60.6875,0.3260

2563.4660,0.7090,1.8818,60.5783,0.2696

2564.4660,0.7098,1.8612,60.7152,0.3299

2565.4670,0.7098,1.8509,60.6882,0.3380

2566.4660,0.7104,1.8767,60.7936,0.3425

2567.4660,0.7136,1.8767,60.9406,0.3357

2568.4660,0.7140,1.8869,60.6343,0.3354

2569.4670,0.7120,1.8355,60.7519,0.3419

2570.4670,0.7120,1.8818,60.5829,0.2910

2571.4660,0.7088,1.7686,60.6811,0.2999

2572.4660,0.7086,1.8458,60.7189,0.3379

2573.4660,0.7061,1.8149,60.6567,0.3064

2574.4660,0.7053,1.8406,60.9533,0.3430

2575.4670,0.7049,1.8406,60.8254,0.3401

2576.4660,0.7043,1.8612,60.6700,0.2967

2577.4670,0.7027,1.8355,60.8272,0.3039

2578.4660,0.7021,1.8715,60.7368,0.3042

2579.4670,0.7017,1.8252,60.5677,0.3059

2580.4660,0.7005,1.8509,60.6186,0.2817

2581.4660,0.7029,1.8303,60.9063,0.3173

2582.4660,0.7035,1.8612,60.8234,0.3368

2583.4660,0.7051,1.8561,60.6690,0.3200

2584.4660,0.7045,1.8252,61.0040,0.3398

2585.4660,0.7063,1.8869,60.8587,0.3437

2586.4660,0.7069,1.8767,60.8143,0.3459

2587.4660,0.7065,1.8252,60.7621,0.3344

2588.4660,0.7053,1.8406,60.5906,0.3188

2589.4660,0.7049,1.8149,60.6258,0.3179

2590.4660,0.7047,1.8458,60.7573,0.3283

2591.4660,0.7057,1.8561,60.7086,0.3237

2592.4660,0.7059,1.8664,60.7084,0.3321

2593.4660,0.7061,1.8612,60.8822,0.2967

2594.4660,0.7073,1.8561,60.6790,0.3416

2595.4660,0.7067,1.8715,60.7071,0.3099

2596.4660,0.7059,1.8561,60.8450,0.3361

2597.4660,0.7065,1.8406,60.6743,0.3253

2598.4660,0.7077,1.8715,60.8220,0.3445

2599.4660,0.7096,1.8664,60.8488,0.3288

2600.4660,0.7104,1.8664,60.8432,0.3395

2601.4660,0.7090,1.8201,60.7658,0.3323

2602.4660,0.7067,1.8046,60.6995,0.3362

2603.4660,0.7071,1.8715,60.7940,0.3198

2604.4660,0.7073,1.8612,60.9242,0.3318

2605.4660,0.7063,1.8458,60.8328,0.3299

2606.4660,0.7069,1.8715,60.9531,0.3348

2607.4660,0.7073,1.8509,60.6399,0.3299

2608.4660,0.7057,1.8303,60.6401,0.3349

2609.4660,0.7055,1.8612,60.6087,0.2611

2610.4660,0.7049,1.8509,60.6625,0.2874

2611.4670,0.7069,1.8715,60.8996,0.3313

2612.4670,0.7080,1.8355,60.7366,0.3468

2613.4670,0.7073,1.8509,60.7323,0.3142

2614.4660,0.7077,1.8715,60.6084,0.3138

2615.4660,0.7075,1.8406,60.4945,0.2367

2616.4660,0.7071,1.8612,60.8666,0.3412

2617.4660,0.7080,1.8767,60.8363,0.3410

2618.4660,0.7090,1.8561,60.7798,0.3335

2619.4660,0.7096,1.8767,60.9099,0.3386

2620.4660,0.7116,1.9024,60.9833,0.2759

2621.4670,0.7118,1.8767,60.4140,0.2906

2622.4660,0.7122,1.8458,60.8150,0.3400

2623.4670,0.7124,1.8561,60.6892,0.3316

2624.4660,0.7118,1.8561,60.8606,0.3347

2625.4660,0.7126,1.8612,60.8683,0.2991

2626.4660,0.7126,1.8612,60.7769,0.3423

2627.4660,0.7122,1.8664,60.6664,0.2894

2628.4660,0.7114,1.8355,60.7985,0.3447

2629.4660,0.7106,1.8561,60.9946,0.3414

2630.4660,0.7092,1.8664,60.7140,0.3415

2631.4660,0.7094,1.8818,60.8390,0.3438

2632.4660,0.7098,1.8561,60.7250,0.3433

2633.4660,0.7114,1.8972,60.7520,0.3434

2634.4660,0.7114,1.8561,60.7461,0.3277

2635.4660,0.7114,1.8612,60.8024,0.3253

2636.4660,0.7106,1.8406,60.7048,0.3330

2637.4670,0.7090,1.8252,60.9782,0.3232

2638.4660,0.7094,1.8458,60.6903,0.3372

2639.4660,0.7102,1.8767,60.7665,0.3298

2640.4660,0.7110,1.8869,60.7727,0.3283

2641.4660,0.7096,1.8458,60.8265,0.3360

2642.4660,0.7084,1.8252,60.5892,0.3002

2643.4660,0.7075,1.8715,60.8344,0.3142

2644.4660,0.7077,1.8612,60.7127,0.3366

2645.4660,0.7069,1.8406,60.8420,0.3402

2646.4660,0.7078,1.8664,60.7290,0.3306

2647.4660,0.7088,1.8509,60.5748,0.3000

2648.4660,0.7106,1.8921,61.0869,0.3421

2649.4660,0.7096,1.8509,60.6703,0.3002

2650.6170,0.7084,1.8561,60.8068,0.3196

2651.4660,0.7084,1.8458,60.9294,0.3407

2652.4660,0.7088,1.8355,60.7074,0.3407

2653.4660,0.7096,1.8921,60.7799,0.3359

2654.4660,0.7090,1.8458,60.8146,0.3398

2655.4660,0.7102,1.8715,60.6123,0.3376

2656.4670,0.7098,1.8561,60.7361,0.3390

2657.4660,0.7108,1.8767,60.6666,0.3203

2658.4660,0.7092,1.8509,60.8083,0.3391

2659.4660,0.7094,1.8561,60.6377,0.3014

2660.4660,0.7094,1.8561,60.6878,0.3396

2661.4660,0.7086,1.8252,60.7522,0.3356

2662.4660,0.7090,1.8458,60.7426,0.3385

2663.4660,0.7065,1.8252,60.7579,0.3337

2664.4660,0.7075,1.8715,60.7148,0.3441

2665.4660,0.7078,1.8818,60.8097,0.3188

2666.4660,0.7094,1.8972,60.7150,0.3256

2667.4660,0.7092,1.8715,60.6464,0.3406

2668.4660,0.7126,1.9384,60.5566,0.3045

2669.4660,0.7122,1.8458,60.8796,0.3369

2670.4660,0.7126,1.8664,60.7121,0.3106

2671.4660,0.7134,1.8458,60.8412,0.3276

2672.4660,0.7138,1.8561,60.6824,0.3124

2673.4660,0.7154,1.8664,60.8333,0.3406

2674.4660,0.7150,1.8612,60.8562,0.3408

2675.4660,0.7146,1.8715,60.9373,0.3392

2676.4660,0.7134,1.8664,60.9027,0.3389

2677.4660,0.7124,1.8458,60.8306,0.3405

2678.4660,0.7102,1.8818,60.6693,0.3293

2679.4660,0.7104,1.8509,60.7639,0.3115

2680.4660,0.7110,1.8818,61.0527,0.2983

2681.4660,0.7136,1.9127,60.7913,0.3418

2682.4670,0.7134,1.8509,60.6493,0.3424

2683.4660,0.7128,1.8509,60.7256,0.3411

2684.4660,0.7126,1.8561,60.8573,0.3026

2685.4660,0.7124,1.8664,60.7219,0.3338

2686.4660,0.7122,1.8612,60.8440,0.3411

2687.4670,0.7128,1.8612,60.9468,0.3346

2688.4660,0.7126,1.8767,60.9331,0.3420

2689.4670,0.7118,1.8303,60.8023,0.3436

2690.4660,0.7110,1.8612,60.5081,0.3315

2691.4660,0.7082,1.8406,60.9063,0.3430

2692.4660,0.7080,1.8458,60.8185,0.3328

2693.4670,0.7082,1.8561,60.7606,0.3409

2694.4660,0.7086,1.8664,60.7765,0.3465

2695.4670,0.7073,1.8303,60.8217,0.3435

2696.4660,0.7061,1.8303,60.7256,0.3367

2697.4670,0.7059,1.8561,60.7196,0.3253

2698.4660,0.7055,1.8664,60.7446,0.3218

2699.4670,0.7057,1.8355,61.0572,0.3437

2700.4660,0.7049,1.8406,60.7380,0.2787

2701.4660,0.7051,1.8458,60.5906,0.3330

2702.4660,0.7055,1.8561,60.8464,0.3410

2703.4660,0.7063,1.8767,60.8742,0.3414

2704.4660,0.7063,1.8664,60.8185,0.3077

2705.4660,0.7075,1.8612,60.6725,0.3129

2706.4660,0.7092,1.8767,60.6176,0.3255

2707.4660,0.7098,1.8715,60.9281,0.3353

2708.4660,0.7092,1.8509,60.9122,0.3430

2709.4660,0.7098,1.8509,60.8754,0.3449

2710.4660,0.7114,1.8818,60.7811,0.3354

2711.4670,0.7126,1.8767,60.7667,0.3304

2712.4660,0.7130,1.8664,60.6961,0.3222

2713.4660,0.7126,1.8664,60.7488,0.3335

2714.4660,0.7116,1.8406,60.7219,0.3276

2715.4670,0.7114,1.8561,60.6781,0.3408

2716.4660,0.7100,1.8406,60.6656,0.3369

2717.4660,0.7096,1.8612,60.7509,0.3046

2718.4660,0.7098,1.8561,60.8016,0.3466

2719.4660,0.7104,1.8664,60.8551,0.3400

2720.4660,0.7098,1.8664,60.7767,0.2933

2721.4660,0.7088,1.8509,60.8257,0.3444

2722.4670,0.7084,1.8561,60.6550,0.3443

2723.4660,0.7073,1.8355,60.7911,0.3070

2724.4660,0.7086,1.8767,60.7424,0.3394

2725.4660,0.7090,1.8664,60.7612,0.3239

2726.4660,0.7086,1.8303,60.9391,0.3276

2727.4670,0.7092,1.8767,60.8185,0.2863

2728.4660,0.7096,1.8664,60.7561,0.3348

2729.4660,0.7094,1.8612,60.7629,0.3123

2730.4660,0.7094,1.8664,60.7056,0.3371

2731.4660,0.7094,1.8509,60.9486,0.3391

2732.4660,0.7098,1.8664,60.6594,0.3288

2733.4660,0.7104,1.8509,60.7448,0.3374

2734.4660,0.7104,1.8767,60.6938,0.2915

2735.4660,0.7106,1.8715,60.8431,0.3093

2736.4660,0.7124,1.8767,60.7298,0.3335

2737.4660,0.7122,1.8715,60.9787,0.3402

2738.4660,0.7116,1.8509,60.6573,0.3375

2739.4660,0.7102,1.8252,60.9215,0.3446

2740.4660,0.7084,1.8201,60.7330,0.3347

2741.4660,0.7098,1.8869,60.6452,0.3286

2742.4660,0.7071,1.7943,60.6347,0.3047

2743.4660,0.7075,1.8612,60.6657,0.3177

2744.4660,0.7080,1.8921,60.7605,0.3434

2745.4660,0.7086,1.8869,60.7861,0.3221

2746.4660,0.7084,1.8715,60.6237,0.3182

2747.4660,0.7082,1.8664,60.9032,0.3350

2748.4660,0.7082,1.8509,60.7340,0.3343

2749.4660,0.7096,1.8612,60.6302,0.3286

2750.4660,0.7122,1.8869,60.9566,0.3464

2751.4670,0.7122,1.8869,60.7211,0.3374

2752.4660,0.7150,1.8664,61.0085,0.3450

2753.4660,0.7148,1.8561,60.8416,0.3402

2754.4660,0.7128,1.8406,60.6311,0.3272

2755.4660,0.7142,1.9230,60.8034,0.3103

2756.4660,0.7128,1.8355,60.7804,0.3188

2757.4660,0.7134,1.8818,60.7627,0.3236

2758.4660,0.7144,1.8767,60.9337,0.3436

2759.4660,0.7140,1.8509,60.6962,0.2862

2760.4660,0.7130,1.8612,60.5207,0.2935

2761.4660,0.7100,1.8098,60.8446,0.3322

2762.4660,0.7075,1.7995,60.8873,0.3437

2763.4660,0.7077,1.8612,60.7661,0.3371

2764.4660,0.7078,1.8458,60.9471,0.3377

2765.4660,0.7059,1.8715,60.6808,0.3263

2766.4660,0.7075,1.8767,60.5779,0.3245

2767.4660,0.7067,1.8612,60.8796,0.3363

2768.4660,0.7067,1.8767,61.0092,0.3483

2769.4660,0.7071,1.8612,60.9586,0.3189

2770.4660,0.7071,1.8612,60.5922,0.3360

2771.4660,0.7090,1.8612,60.6804,0.2966

2772.4660,0.7116,1.8664,60.5898,0.3240

2773.4660,0.7122,1.8767,60.7575,0.3112

2774.4660,0.7142,1.8972,60.3686,0.2580

2775.4660,0.7136,1.8561,60.7232,0.3352

2776.4660,0.7138,1.8818,60.6298,0.3438

2777.4670,0.7138,1.8612,60.8091,0.2956

2778.4660,0.7136,1.8715,60.5926,0.3132

2779.4660,0.7128,1.8406,60.8769,0.3115

2780.4660,0.7124,1.8509,60.8353,0.3425

2781.4660,0.7128,1.8715,60.8311,0.3162

2782.4660,0.7122,1.8509,60.7508,0.3372

2783.4660,0.7110,1.8458,60.7713,0.3425

2784.4660,0.7108,1.8921,60.9210,0.3425

2785.4660,0.7110,1.8612,60.7228,0.3386

2786.4660,0.7086,1.8201,60.7166,0.3448

2787.4660,0.7086,1.8612,60.8676,0.3315

2788.4660,0.7090,1.8818,60.6122,0.3225

2789.4660,0.7092,1.8458,60.7262,0.2757

2790.4660,0.7098,1.8664,61.0175,0.3385

2791.4660,0.7096,1.8664,60.8058,0.3366

2792.4660,0.7104,1.8715,60.7221,0.3432

2793.4660,0.7114,1.8715,60.6281,0.3111

2794.4660,0.7098,1.8509,60.6134,0.3268

2795.4660,0.7094,1.8509,60.6544,0.3300

2796.4670,0.7132,1.9178,60.8674,0.3430

2797.4660,0.7130,1.8561,60.7033,0.3395

2798.4660,0.7128,1.8767,60.6610,0.3448

2799.4660,0.7168,1.9487,60.5133,0.3148

2800.4660,0.7154,1.8303,60.6447,0.3026

2801.4660,0.7132,1.8098,60.6469,0.2886

2802.4660,0.7132,1.8715,60.9908,0.3379

2803.4660,0.7134,1.8767,61.0061,0.3352

2804.4660,0.7130,1.8406,60.9374,0.3189

2805.4660,0.7126,1.8406,60.7798,0.3443

2806.4660,0.7086,1.8149,60.4753,0.3281

2807.4660,0.7082,1.8458,60.9325,0.3477

2808.4660,0.7067,1.8355,60.7326,0.3258

2809.4670,0.7067,1.9487,60.8869,0.3451

2810.4670,0.7073,1.8458,60.9906,0.3463

2811.4660,0.7092,1.8612,60.6693,0.3289

2812.4660,0.7084,1.8509,60.8461,0.3452

2813.4660,0.7075,1.8509,60.6886,0.3222

2814.4660,0.7084,1.8664,60.6588,0.3344

2815.4660,0.7106,1.8972,60.6593,0.3233

2816.4660,0.7126,1.8664,60.8106,0.3093

2817.4660,0.7136,1.8715,60.9402,0.3239

2818.4660,0.7136,1.8355,60.8315,0.3444

2819.4660,0.7096,1.8458,60.7268,0.3428

2820.4660,0.7108,1.8767,60.8184,0.3213

2821.4660,0.7118,1.8869,60.5402,0.3080

2822.4660,0.7126,1.8715,60.7752,0.3375

2823.4660,0.7124,1.8458,60.7924,0.3369

2824.4660,0.7124,1.8664,60.7492,0.3282

2825.4660,0.7090,1.8098,60.7994,0.3260

2826.4660,0.7090,1.8664,60.7488,0.3388

2827.4660,0.7084,1.8561,60.9311,0.3262

2828.4660,0.7100,1.8767,60.5870,0.3166

2829.4660,0.7108,1.8664,60.7186,0.3224

2830.4660,0.7102,1.8612,60.7003,0.3418

2831.4660,0.7094,1.8664,60.8093,0.2997

2832.4660,0.7090,1.8612,60.7559,0.3209

2833.4660,0.7094,1.8561,60.7942,0.3417

2834.4660,0.7104,1.8921,60.8044,0.3448

2835.4660,0.7118,1.8458,60.8767,0.3417

2836.4660,0.7110,1.8458,60.7767,0.3384

2837.4660,0.7102,1.8355,60.6789,0.3311

2838.4670,0.7082,1.8252,60.7169,0.3423

2839.4660,0.7077,1.8509,60.7787,0.3243

2840.4660,0.7088,1.8921,60.6291,0.3429

2841.4660,0.7084,1.8561,60.7067,0.3220

2842.4660,0.7132,1.9847,60.7303,0.3104

2843.4660,0.7144,1.8869,60.9607,0.2958

2844.4660,0.7144,1.8921,60.5141,0.3450

2845.4660,0.7144,1.8458,60.8493,0.3410

2846.4660,0.7174,1.9230,60.7353,0.3463

2847.4660,0.7170,1.8252,60.6271,0.3415

2848.4660,0.7202,1.9075,60.7340,0.3336

2849.4660,0.7212,1.8767,60.7869,0.3395

2850.4660,0.7194,1.8458,60.6649,0.2991

2851.4660,0.7186,1.8355,61.0164,0.3452

2852.4660,0.7140,1.8664,60.4913,0.3196

2853.4670,0.7114,1.8201,60.8674,0.3240

2854.4660,0.7110,1.8818,60.7641,0.3131

2855.4670,0.7116,1.8612,60.8015,0.3160

2856.4660,0.7088,1.8509,60.7279,0.3248

2857.4660,0.7126,1.9230,60.6428,0.3091

2858.4660,0.7092,1.8201,60.7643,0.3095

2859.4660,0.7084,1.8561,60.7886,0.3142

2860.4660,0.7110,1.9127,60.6759,0.3132

2861.4660,0.7071,1.7326,60.7082,0.2659

2862.4660,0.7067,1.8561,60.7323,0.3213

2863.4660,0.7086,1.8715,60.8918,0.3164

2864.4660,0.7080,1.8664,60.9312,0.3380

2865.4670,0.7069,1.8303,60.6941,0.3273

2866.4660,0.7071,1.8561,60.8740,0.3348

2867.4660,0.7045,1.8561,60.8559,0.3315

2868.4660,0.7057,1.8509,60.7899,0.3024

2869.4660,0.7047,1.8303,60.5347,0.3397

2870.4660,0.7021,1.8458,60.7356,0.3284

2871.4660,0.7057,1.8252,60.7083,0.3444

2872.4670,0.7051,1.8406,60.6374,0.2962

2873.4660,0.7039,1.8406,60.9505,0.3296

2874.4660,0.7025,1.8303,60.8510,0.3418

2875.4660,0.7023,1.8252,60.9123,0.3385

2876.4660,0.7021,1.8509,60.7267,0.3249

2877.4660,0.7017,1.8458,60.5806,0.3249

2878.4660,0.7019,1.8561,60.6957,0.3313

2879.4660,0.7011,1.8098,60.7426,0.3430

2880.4660,0.7017,1.8612,60.8373,0.3435

2881.4660,0.7025,1.8458,60.7621,0.3384

2882.4660,0.7025,1.8406,60.6650,0.3279

2883.4660,0.7039,1.8767,60.8501,0.3143

2884.4660,0.7057,1.8767,60.7141,0.3329

2885.4660,0.7071,1.8612,60.5337,0.3002

2886.4660,0.7073,1.8561,60.6101,0.3091

2887.4660,0.7075,1.8509,60.6611,0.3132

2888.4660,0.7069,1.8406,60.9900,0.3208

2889.4660,0.7094,1.8767,60.6080,0.3156

2890.4660,0.7084,1.8355,61.0359,0.3380

2891.4660,0.7082,1.8406,60.7068,0.2720

2892.4660,0.7092,1.8664,60.7544,0.3453

2893.4660,0.7075,1.8303,60.7972,0.3472

2894.4660,0.7057,1.8303,60.7701,0.3351

2895.4660,0.7059,1.8664,60.6703,0.2398

2896.4660,0.7067,1.8767,60.9113,0.3394

2897.4660,0.7051,1.8098,60.8459,0.3304

2898.4660,0.7078,1.9127,60.4901,0.3374

2899.4660,0.7071,1.8561,60.5559,0.3355

2900.4660,0.7073,1.8406,60.7579,0.3379

2901.4670,0.7086,1.8767,60.5951,0.3384

2902.4660,0.7078,1.8458,60.6614,0.3393

2903.4670,0.7078,1.8303,60.7176,0.3427

2904.4670,0.7090,1.8612,60.8821,0.3426

2905.4660,0.7088,1.8612,60.7812,0.3060

2906.4660,0.7080,1.8561,61.0815,0.2931

2907.4660,0.7108,1.8818,60.5981,0.3089

2908.4660,0.7082,1.8458,60.8319,0.3419

2909.4660,0.7073,1.8303,60.8001,0.3454

2910.4660,0.7082,1.8664,60.7272,0.3401

2911.4660,0.7082,1.8767,60.5800,0.2332

2912.4660,0.7092,1.8715,60.7029,0.3347

2913.4660,0.7102,1.8561,60.6263,0.3353

2914.4670,0.7112,1.8869,60.6446,0.3006

2915.4660,0.7108,1.8509,60.8352,0.3204

2916.4660,0.7108,1.8561,60.6619,0.3196

2917.4660,0.7094,1.8458,60.9328,0.3079

2918.4660,0.7116,1.9024,60.8470,0.3361

2919.4660,0.7132,1.8715,60.6384,0.3309

2920.4670,0.7116,1.8252,60.8701,0.3424

2921.4660,0.7104,1.8458,60.6645,0.3366

2922.4660,0.7104,1.8715,60.7950,0.2641

2923.4660,0.7118,1.8921,60.9120,0.3383

2924.4660,0.7110,1.8664,60.5215,0.2907

2925.4660,0.7134,1.9127,60.7207,0.3367

2926.4660,0.7136,1.8612,60.6993,0.3187

2927.4660,0.7156,1.8972,60.7236,0.3052

2928.4660,0.7134,1.8458,60.9521,0.3399

2929.4670,0.7132,1.8664,60.8366,0.3016

2930.4660,0.7152,1.8767,60.8741,0.2972

2931.4660,0.7150,1.8406,60.7118,0.3381

2932.4660,0.7140,1.8458,60.8848,0.2960

2933.4660,0.7142,1.8972,60.8247,0.3345

2934.4660,0.7126,1.8252,60.6674,0.3403

2935.4670,0.7084,1.8046,60.5013,0.2834

2936.4670,0.7078,1.8458,60.6969,0.3024

2937.4660,0.7065,1.8612,60.5783,0.3260

2938.4660,0.7077,1.8767,60.9098,0.3382

2939.4660,0.7077,1.8664,60.5728,0.3338

2940.4660,0.7063,1.8406,60.7225,0.3337

2941.4660,0.7077,1.8767,60.6693,0.2947

2942.4660,0.7090,1.8818,60.9816,0.3474

2943.4660,0.7071,1.8458,61.0705,0.3404

2944.4660,0.7088,1.8715,60.6603,0.3131

2945.4660,0.7110,1.8612,60.4833,0.2380

2946.4660,0.7114,1.8561,60.6101,0.3077

2947.4660,0.7104,1.8355,60.8837,0.3350

2948.4660,0.7102,1.8715,60.6927,0.3209

2949.4660,0.7096,1.8509,60.6143,0.2729

2950.4660,0.7102,1.8561,60.9023,0.3356

2951.4660,0.7088,1.8406,60.7544,0.3242

2952.4660,0.7080,1.8612,60.9205,0.3438

2953.4660,0.7100,1.8972,60.6089,0.3155

2954.4660,0.7078,1.8149,60.6902,0.3406

2955.4670,0.7073,1.8458,60.6915,0.2982

2956.4660,0.7067,1.8406,60.7083,0.3163

2957.4660,0.7075,1.8561,60.9941,0.3246

2958.4660,0.7065,1.8458,60.8174,0.2917

2959.4670,0.7090,1.9178,60.7749,0.3281

2960.4660,0.7075,1.8149,60.8465,0.3368

2961.4660,0.7086,1.8715,60.7018,0.3057

2962.4660,0.7096,1.8869,60.7903,0.3403

2963.4660,0.7088,1.8767,60.9153,0.3329

2964.4660,0.7110,1.8715,60.8810,0.3379

2965.4660,0.7120,1.8715,60.6918,0.3433

2966.4660,0.7110,1.8149,60.6708,0.3458

2967.4670,0.7120,1.8818,60.6205,0.2836

2968.4660,0.7124,1.8561,60.9095,0.3285

2969.4660,0.7086,1.8201,60.9791,0.3414

2970.4670,0.7094,1.8355,60.7696,0.3437

2971.4660,0.7096,1.8767,60.6386,0.2704

2972.4660,0.7077,1.8355,60.7537,0.3198

2973.4660,0.7086,1.9024,60.8462,0.3364

2974.4660,0.7084,1.8664,60.6822,0.3219

2975.4660,0.7073,1.8406,60.8524,0.3196

2976.4660,0.7104,1.8972,60.9045,0.3260

2977.4660,0.7096,1.8612,60.7492,0.3314

2978.4660,0.7096,1.8561,60.9664,0.3417

2979.4660,0.7114,1.8664,60.5815,0.2988

2980.4660,0.7138,1.8972,60.6821,0.3228

2981.4660,0.7134,1.8664,60.7828,0.3322

2982.4660,0.7144,1.8612,60.7683,0.3397

2983.4670,0.7126,1.8561,60.5909,0.3300

2984.4660,0.7112,1.8303,60.7273,0.3089

2985.4660,0.7124,1.8715,60.7679,0.2600

2986.4670,0.7086,1.7995,60.7104,0.3347

2987.4670,0.7092,1.8767,60.7939,0.3438

2988.4660,0.7104,1.8869,60.6311,0.3406

2989.4660,0.7104,1.8664,61.0195,0.3269

2990.4660,0.7094,1.8715,60.6747,0.3282

2991.4660,0.7094,1.8664,60.9406,0.3407

2992.4660,0.7086,1.8406,60.7321,0.3326

2993.4660,0.7088,1.8612,60.7902,0.3230

2994.4660,0.7092,1.8406,60.8641,0.3390

2995.4660,0.7078,1.8355,60.7685,0.3370

2996.4660,0.7098,1.8509,60.8789,0.3299

2997.4660,0.7077,1.8201,60.8749,0.3384

2998.4660,0.7049,1.8149,60.8047,0.3078

2999.4660,0.7047,1.8612,60.8738,0.3356

3000.4660,0.7047,1.8715,60.9749,0.3099

3001.4660,0.7059,1.8972,60.8426,0.3283

3002.4660,0.7055,1.8303,60.9220,0.3471

3003.4660,0.7049,1.8458,60.8057,0.3035

3004.4670,0.7063,1.8767,60.5284,0.2874

3005.4660,0.7057,1.8201,60.7653,0.3007

3006.4660,0.7057,1.8509,60.6408,0.3419

3007.4660,0.7069,1.8509,60.9856,0.2784

3008.4660,0.7077,1.8355,60.7707,0.3355

3009.4670,0.7078,1.8664,60.8034,0.3117

3010.4660,0.7067,1.8406,60.8558,0.3398

3011.4660,0.7055,1.8664,60.8985,0.3266

3012.4660,0.7073,1.8767,60.9756,0.3276

3013.4660,0.7084,1.8767,60.6643,0.3324

3014.4660,0.7077,1.8561,60.8087,0.3177

3015.4660,0.7096,1.8715,60.6047,0.3243

3016.4660,0.7096,1.8509,60.6625,0.3247

3017.4660,0.7098,1.8561,60.7392,0.3442

3018.4660,0.7108,1.8612,60.8129,0.3259

3019.4660,0.7104,1.8561,60.9538,0.3148

3020.4660,0.7090,1.8046,60.6235,0.3173

3021.4660,0.7084,1.8509,60.6163,0.3155

3022.4670,0.7080,1.8664,60.7391,0.3373

3023.4660,0.7073,1.8561,60.6794,0.2924

3024.4660,0.7077,1.8664,60.6704,0.3305

3025.4660,0.7067,1.8458,60.6777,0.3217

3026.4660,0.7075,1.8715,60.6862,0.3391

3027.4660,0.7082,1.8767,60.7365,0.3461

3028.4660,0.7084,1.8664,60.9106,0.3162

3029.4670,0.7096,1.8869,60.8241,0.3309

3030.4660,0.7128,1.8869,60.9926,0.3349

3031.4660,0.7134,1.8664,60.7913,0.3421

3032.4660,0.7144,1.8921,61.1062,0.3320

3033.4660,0.7134,1.8303,60.6650,0.3445

3034.4660,0.7130,1.8561,60.6632,0.3395

3035.4660,0.7144,1.8818,60.7633,0.3224

3036.4660,0.7130,1.8355,60.8099,0.3182

3037.4660,0.7120,1.8509,60.8699,0.3395

3038.4670,0.7134,1.9024,60.8544,0.3293

3039.4660,0.7120,1.8509,61.0515,0.3217

3040.4660,0.7104,1.8458,60.6317,0.2945

3041.4660,0.7084,1.8149,60.5920,0.2913

3042.4660,0.7078,1.8767,60.7519,0.3371

3043.4660,0.7078,1.8303,60.8142,0.3116

3044.4660,0.7073,1.8406,60.9730,0.3435

3045.4660,0.7065,1.8612,60.9909,0.3158

3046.4660,0.7073,1.8561,60.7566,0.3370

3047.4660,0.7090,1.8972,60.6469,0.3297

3048.4660,0.7057,1.8149,60.7411,0.3426

3049.4660,0.7077,1.9024,60.7817,0.3462

3050.4660,0.7078,1.8509,61.0596,0.3298

3051.4660,0.7104,1.8818,60.8407,0.3161

3052.4660,0.7094,1.8509,60.9060,0.3147

3053.4660,0.7110,1.8715,60.9965,0.3324

3054.4660,0.7116,1.8561,60.8310,0.3351

3055.4660,0.7136,1.9127,60.4851,0.3065

3056.4660,0.7152,1.8972,60.8680,0.3053

3057.4660,0.7134,1.8509,60.6959,0.3446

3058.4660,0.7146,1.8458,60.7181,0.2964

3059.4660,0.7138,1.8818,60.5939,0.3387

3060.4660,0.7160,1.9075,60.8324,0.3471

3061.4660,0.7138,1.8252,60.8442,0.3021

3062.4660,0.7146,1.8715,60.6535,0.3268

3063.4660,0.7142,1.8612,60.7302,0.3385

3064.4660,0.7132,1.8303,60.9432,0.3382

3065.4660,0.7118,1.8767,60.7076,0.3072

3066.4660,0.7110,1.8767,60.8633,0.3413

3067.4660,0.7112,1.8561,60.7713,0.3397

3068.4660,0.7124,1.8767,60.8262,0.3353

3069.4660,0.7114,1.8561,60.6852,0.3296

3070.4660,0.7100,1.8715,60.7736,0.3429

3071.4660,0.7112,1.8561,60.8281,0.3439

3072.4660,0.7106,1.8561,60.6590,0.3406

3073.4660,0.7104,1.8561,60.8552,0.3346

3074.4660,0.7122,1.8767,60.7965,0.3385

3075.4670,0.7118,1.8664,60.4450,0.2744

3076.4660,0.7124,1.8921,60.7238,0.3283

3077.4660,0.7124,1.8561,60.7505,0.3427

3078.4670,0.7114,1.8509,60.7513,0.3451

3079.4660,0.7118,1.8664,60.5615,0.2968

3080.4660,0.7108,1.8458,60.9157,0.3347

3081.4660,0.7114,1.8715,60.9151,0.3092

3082.4660,0.7120,1.8715,60.7039,0.2892

3083.4660,0.7120,1.8561,60.8663,0.3323

3084.4660,0.7118,1.8715,60.8075,0.3304

3085.4670,0.7116,1.8612,60.8254,0.3165

3086.4670,0.7120,1.9024,60.5443,0.3026

3087.4660,0.7132,1.8869,60.7756,0.3226

3088.4660,0.7148,1.8921,60.8103,0.3004

3089.4660,0.7142,1.8509,60.8461,0.3425

3090.4660,0.7144,1.8509,60.9656,0.3369

3091.4660,0.7152,1.8921,60.9449,0.3461

3092.4660,0.7158,1.8869,60.7781,0.3122

3093.4660,0.7168,1.8818,61.0733,0.3271

3094.4660,0.7170,1.8767,60.6290,0.2909

3095.4660,0.7190,1.9127,60.8765,0.3466

3096.4660,0.7174,1.8612,60.8152,0.3415

3097.4660,0.7166,1.8664,60.7696,0.3339

3098.4660,0.7160,1.8767,60.6028,0.3256

3099.4660,0.7166,1.8664,60.8170,0.3432

3100.4660,0.7176,1.8767,60.6318,0.2931

3101.4660,0.7158,1.8458,60.7167,0.3274

3102.4670,0.7148,1.8612,60.6890,0.3416

3103.4660,0.7136,1.8509,60.7539,0.3232

3104.4660,0.7132,1.8664,60.5808,0.3114

3105.4660,0.7108,1.8509,60.8017,0.3236

3106.4660,0.7088,1.8098,60.7106,0.3130

3107.4660,0.7078,1.8406,60.7356,0.2591

3108.4660,0.7065,1.8406,60.9014,0.3456

3109.4660,0.7067,1.8715,60.6471,0.3297

3110.4660,0.7057,1.8509,60.6099,0.3329

3111.4660,0.7059,1.8509,60.6520,0.3101

3112.4660,0.7045,1.8252,60.7876,0.3206

3113.4660,0.7043,1.8458,60.5293,0.2764

3114.4670,0.7043,1.8664,60.7633,0.3218

3115.4660,0.7049,1.8664,60.9467,0.3330

3116.4660,0.7063,1.8458,60.9180,0.2926

3117.4660,0.7073,1.8664,60.6762,0.3457

3118.4660,0.7069,1.8303,60.7796,0.3310

3119.4660,0.7071,1.8767,60.8088,0.2717

3120.4660,0.7069,1.8458,60.9882,0.3406

3121.4660,0.7092,1.9127,60.7147,0.3207

3122.4660,0.7110,1.8715,60.7095,0.3236

3123.4660,0.7096,1.8098,60.7764,0.3250

3124.4660,0.7090,1.8509,60.8722,0.3342

3125.4670,0.7102,1.8972,60.8517,0.3091

3126.4660,0.7110,1.8664,60.6823,0.3355

3127.4660,0.7104,1.8509,60.6872,0.3226

3128.4660,0.7086,1.7840,60.6286,0.3346

3129.4660,0.7102,1.9178,60.8964,0.3148

3130.4660,0.7120,1.8921,60.7101,0.3433

3131.4660,0.7086,1.8252,61.0745,0.3437

3132.4660,0.7078,1.8509,61.0570,0.3179

3133.4660,0.7114,1.9024,60.5982,0.3350

3134.4660,0.7116,1.8561,60.6143,0.3327

3135.4660,0.7116,1.8972,60.6850,0.3038

3136.4660,0.7118,1.8715,60.6162,0.2920

3137.4660,0.7138,1.9024,60.7637,0.3374

3138.4660,0.7164,1.8509,60.7928,0.3064

3139.4660,0.7138,1.8509,60.5919,0.3361

3140.4670,0.7130,1.8715,60.7321,0.3033

3141.4660,0.7148,1.8715,60.7703,0.3444

3142.4670,0.7150,1.8561,60.9608,0.3291

3143.4660,0.7136,1.8664,60.7110,0.3384

3144.4660,0.7126,1.8303,60.7045,0.3424

3145.4660,0.7108,1.8509,60.7632,0.3431

3146.4660,0.7100,1.8509,60.9584,0.2500

3147.4670,0.7104,1.9127,61.0361,0.3292

3148.4660,0.7114,1.8767,60.7225,0.3200

3149.4660,0.7110,1.8406,60.5090,0.3377

3150.4660,0.7106,1.8612,60.6701,0.3337

3151.4660,0.7098,1.8509,60.9248,0.3265

3152.4660,0.7092,1.8406,60.4108,0.2879

3153.4660,0.7082,1.8406,60.8336,0.3333

3154.4660,0.7090,1.8509,60.8908,0.3418

3155.4660,0.7098,1.8715,60.7108,0.3440

3156.4660,0.7096,1.8458,60.6489,0.3270

3157.4660,0.7061,1.8201,60.8491,0.3386

3158.4660,0.7051,1.8509,61.0235,0.2876

3159.4660,0.7055,1.8509,60.5929,0.3383

3160.4660,0.7065,1.8869,60.8216,0.3409

3161.4660,0.7073,1.8715,60.6871,0.3072

3162.4660,0.7065,1.8201,60.8687,0.3159

3163.4660,0.7073,1.8612,60.8052,0.3211

3164.4660,0.7088,1.8921,60.8035,0.3283

3165.7520,0.7065,1.8098,60.4886,0.3075

3166.4660,0.7094,1.9230,60.6301,0.3348

3167.4660,0.7108,1.8561,60.7848,0.3373

3168.4660,0.7104,1.8406,60.7491,0.3463

3169.4660,0.7082,1.7943,60.7358,0.3410

3170.4660,0.7077,1.8715,60.8036,0.3331

3171.4660,0.7049,1.7995,60.7259,0.2982

3172.4660,0.7063,1.8561,60.8088,0.3354

3173.4660,0.7061,1.8561,60.6767,0.3447

3174.4670,0.7043,1.8458,60.6462,0.2951

3175.4660,0.7071,1.8818,60.6826,0.3343

3176.4660,0.7053,1.8767,60.8321,0.3177

3177.4660,0.7051,1.8509,60.7545,0.3379

3178.4660,0.7043,1.8201,60.8487,0.3418

3179.4660,0.7065,1.8509,60.8982,0.3377

3180.4660,0.7055,1.8458,60.7170,0.3413

3181.4660,0.7071,1.8406,60.7022,0.3355

3182.4660,0.7071,1.8561,60.7539,0.3263

3183.4660,0.7069,1.8509,60.7971,0.3213

3184.4660,0.7088,1.8972,60.9628,0.3439

3185.4670,0.7084,1.8715,60.9678,0.3349

3186.4660,0.7086,1.8818,60.7173,0.3415

3187.4660,0.7082,1.8406,60.7873,0.3325

3188.4660,0.7086,1.8303,60.6986,0.3180

3189.4660,0.7098,1.8818,60.7199,0.3021

3190.4660,0.7106,1.8664,60.6491,0.3233

3191.4660,0.7112,1.8561,60.6545,0.3067

3192.4660,0.7106,1.8406,60.7201,0.2842

3193.4660,0.7112,1.8664,60.8512,0.3386

3194.4660,0.7096,1.8561,60.8112,0.3364

3195.4660,0.7094,1.8664,60.6674,0.3317

3196.4660,0.7098,1.8921,60.6900,0.3279

3197.4660,0.7092,1.8252,60.7271,0.3398

3198.4660,0.7102,1.8561,60.7962,0.3454

3199.4660,0.7094,1.8612,60.8291,0.3366

3200.4660,0.7094,1.8664,60.7909,0.3344

3201.4660,0.7092,1.8509,60.9081,0.2808

3202.4660,0.7094,1.8458,60.8720,0.3440

3203.4660,0.7084,1.8406,60.5214,0.3246

3204.4660,0.7124,1.9590,60.7506,0.3368

3205.4660,0.7116,1.8458,60.7944,0.3441

3206.4660,0.7104,1.8612,60.7989,0.3450

3207.4660,0.7116,1.8561,60.7875,0.3403

3208.4660,0.7112,1.8458,60.5895,0.3167

3209.4670,0.7106,1.8458,60.7445,0.3409

3210.4660,0.7100,1.8509,60.7186,0.3308

3211.4660,0.7092,1.8303,60.6283,0.3367

3212.4660,0.7096,1.8561,60.7632,0.3315

3213.4660,0.7096,1.8406,60.8604,0.3366

3214.4660,0.7061,1.8664,60.9409,0.3431

3215.4660,0.7061,1.8458,60.7260,0.3393

3216.4660,0.7067,1.8767,60.8542,0.2629

3217.4660,0.7061,1.8406,60.6638,0.3328

3218.4660,0.7065,1.8561,60.6636,0.3357

3219.4660,0.7069,1.8561,60.6358,0.3324

3220.4660,0.7063,1.8355,60.7659,0.3262

3221.4660,0.7057,1.8149,60.7159,0.3452

3222.4660,0.7057,1.8561,60.6709,0.2955

3223.4660,0.7063,1.8561,60.7625,0.3289

3224.4660,0.7053,1.8406,60.8626,0.3446

3225.4660,0.7047,1.8303,60.8072,0.2953

3226.4660,0.7043,1.8664,60.7585,0.3108

3227.4660,0.7063,1.8921,60.6770,0.3306

3228.4660,0.7080,1.9024,60.6992,0.2521

3229.4660,0.7082,1.8612,60.8207,0.3229

3230.4670,0.7084,1.8406,60.8930,0.3430

3231.4660,0.7108,1.8767,60.8117,0.3372

3232.4660,0.7116,1.8767,60.5876,0.3311

3233.4660,0.7120,1.8664,60.7069,0.3201

3234.4660,0.7134,1.8767,60.5883,0.3152

3235.4660,0.7148,1.8664,60.7993,0.3371

3236.4660,0.7148,1.8664,60.8608,0.3088

3237.4660,0.7152,1.9024,60.9521,0.2803

3238.4660,0.7160,1.9230,60.7462,0.3007

3239.4660,0.7158,1.8561,60.6263,0.3295

3240.4660,0.7150,1.8201,60.7822,0.3402

3241.4660,0.7142,1.8561,60.8085,0.3303

3242.4670,0.7140,1.8715,60.7845,0.3319

3243.4660,0.7136,1.8561,60.6690,0.3269

3244.4660,0.7128,1.8561,61.0052,0.3226

3245.4660,0.7124,1.8561,60.7395,0.3408

3246.4660,0.7124,1.8664,60.8174,0.3194

3247.4660,0.7110,1.8664,61.0409,0.3397

3248.4660,0.7094,1.8818,60.6441,0.3299

3249.4660,0.7090,1.8458,60.7838,0.3309

3250.4660,0.7112,1.8767,60.6263,0.3409

3251.4660,0.7110,1.8509,60.8716,0.3098

3252.4660,0.7114,1.8818,61.0172,0.3437

3253.4660,0.7122,1.8767,60.9233,0.3080

3254.4660,0.7124,1.8612,60.7177,0.3434

3255.4660,0.7116,1.8355,60.5692,0.3414

3256.4660,0.7112,1.8561,60.8365,0.3384

3257.4660,0.7114,1.8715,60.8007,0.3103

3258.4660,0.7098,1.8406,60.7790,0.3430

3259.4660,0.7100,1.8509,60.7063,0.3056

3260.4660,0.7108,1.8972,60.7819,0.3443

3261.4660,0.7102,1.8355,61.0000,0.3355

3262.4660,0.7094,1.8612,60.8290,0.2380

3263.4660,0.7096,1.8818,60.8515,0.3381

3264.4660,0.7102,1.8767,60.5729,0.3001

3265.4660,0.7114,1.8664,60.8094,0.3207

3266.4660,0.7106,1.8355,60.6564,0.3358

3267.4670,0.7096,1.8458,60.7446,0.3288

3268.4660,0.7114,1.8869,60.6861,0.3341

3269.4660,0.7118,1.8612,60.8854,0.3172

3270.4660,0.7102,1.8561,60.6685,0.3358

3271.4670,0.7108,1.8509,60.8277,0.3249

3272.4660,0.7078,1.7840,60.9412,0.3426

3273.4660,0.7065,1.8458,61.0065,0.3265

3274.4670,0.7037,1.8046,60.7063,0.3110

3275.4660,0.7033,1.8561,60.5780,0.3391

3276.4660,0.7043,1.8612,60.7407,0.3110

3277.4660,0.7051,1.8664,60.8544,0.3332

3278.4660,0.7027,1.8252,60.6395,0.2718

3279.4660,0.7019,1.8406,60.8598,0.3321

3280.4660,0.7025,1.8715,60.8679,0.3249

3281.4660,0.7027,1.8561,60.7322,0.3390

3282.4660,0.7063,1.8767,60.7643,0.3393

3283.4660,0.7077,1.8818,60.8258,0.3262

3284.4660,0.7092,1.8458,60.6605,0.3000

3285.4660,0.7098,1.8715,60.7439,0.3291

3286.4660,0.7092,1.8458,60.4812,0.2782

3287.4660,0.7069,1.8046,60.7476,0.3084

3288.4680,0.7078,1.8509,60.7245,0.3363

3289.4660,0.7082,1.8509,60.7050,0.3213

3290.4660,0.7086,1.8818,60.6108,0.3359

3291.4660,0.7094,1.8767,60.7422,0.3344

3292.4660,0.7086,1.8561,60.7102,0.3122

3293.4660,0.7077,1.8561,60.7347,0.3388

3294.4660,0.7082,1.8612,60.6918,0.3146

3295.4660,0.7084,1.8767,60.6907,0.3331

3296.4660,0.7082,1.8406,60.7672,0.3115

3297.4660,0.7106,1.8664,60.7562,0.3031

3298.4660,0.7102,1.8406,60.6509,0.3231

3299.4660,0.7094,1.8303,60.7225,0.3398

3300.4660,0.7084,1.8561,60.8345,0.3336

3301.4660,0.7069,1.8355,60.6175,0.3055

3302.4660,0.7071,1.8612,60.5046,0.3073

3303.4660,0.7057,1.8201,60.9132,0.3443

3304.4660,0.7067,1.8869,60.8040,0.3409

3305.4660,0.7057,1.8509,60.6981,0.3272

3306.4660,0.7059,1.8458,60.9124,0.3279

3307.4660,0.7043,1.8252,60.6949,0.3325

3308.4660,0.7053,1.8664,61.0267,0.2746

3309.4670,0.7051,1.8252,60.6709,0.3113

3310.4660,0.7033,1.8098,60.6047,0.3310

3311.4660,0.7035,1.8406,60.6967,0.3046

3312.4660,0.7035,1.8612,60.8496,0.3462

3313.4660,0.7051,1.8612,60.5528,0.2590

3314.4660,0.7033,1.8406,60.8823,0.2820

3315.4660,0.7035,1.8561,60.6736,0.3430

3316.4660,0.7045,1.8715,60.8410,0.3358

3317.4660,0.7059,1.8612,60.7893,0.3255

3318.4660,0.7055,1.8561,60.7478,0.3381

3319.4660,0.7063,1.8458,60.7571,0.3168

3320.4660,0.7077,1.8458,60.8799,0.3337

3321.4660,0.7067,1.8149,60.8977,0.3328

3322.4660,0.7055,1.8303,60.7529,0.3411

3323.4660,0.7035,1.8098,60.5882,0.3196

3324.4660,0.7035,1.8406,60.7640,0.3331

3325.4660,0.7053,1.9024,60.5280,0.3270

3326.4660,0.7051,1.8664,60.7180,0.3398

3327.4670,0.7047,1.8509,60.6741,0.3257

3328.4660,0.7057,1.8818,60.9331,0.3423

3329.4660,0.7061,1.8561,61.0236,0.3201

3330.4660,0.7071,1.8715,60.6218,0.3248

3331.4660,0.7080,1.8406,60.6058,0.3214

3332.4660,0.7082,1.8355,60.5406,0.2905

3333.4660,0.7106,1.8715,60.8931,0.3184

3334.4660,0.7108,1.8458,60.7728,0.3222

3335.4660,0.7104,1.8921,60.5309,0.2832

3336.4660,0.7096,1.8458,60.6980,0.3404

3337.4660,0.7110,1.8869,60.8539,0.2393

3338.4660,0.7110,1.8818,60.7728,0.2995

3339.4660,0.7116,1.8715,60.7014,0.3340

3340.4660,0.7110,1.8561,60.6739,0.3384

3341.4660,0.7122,1.8715,60.8702,0.3260

3342.4660,0.7124,1.8406,60.9131,0.3225

3343.4660,0.7110,1.8355,60.6258,0.3238

3344.4660,0.7128,1.8921,60.9155,0.3281

3345.4660,0.7112,1.8509,60.8068,0.3049

3346.4670,0.7132,1.8972,60.7791,0.2938

3347.4660,0.7124,1.8664,60.7742,0.3398

3348.4660,0.7114,1.8561,60.7000,0.3194

3349.4660,0.7112,1.8664,61.0481,0.3244

3350.4660,0.7104,1.8355,60.9056,0.3305

3351.4670,0.7118,1.9075,60.7812,0.3386

3352.4660,0.7122,1.8509,60.7739,0.3222

3353.4660,0.7132,1.8612,60.6985,0.3105

3354.4660,0.7118,1.8561,60.9729,0.3428

3355.4670,0.7132,1.8869,60.8360,0.3321

3356.4660,0.7122,1.8715,60.8664,0.3338

3357.4660,0.7134,1.8972,60.9793,0.3247

3358.4660,0.7142,1.8767,60.6310,0.3364

3359.4660,0.7148,1.8818,60.7234,0.3427

3360.4660,0.7146,1.8303,60.6693,0.2981

3361.4660,0.7132,1.8715,60.7887,0.3370

3362.4660,0.7138,1.8664,60.7385,0.3282

3363.4660,0.7148,1.8869,60.8376,0.3126

3364.4660,0.7192,1.9693,60.9146,0.3283

3365.4660,0.7168,1.8252,60.6145,0.3299

3366.4660,0.7150,1.8252,60.9703,0.2871

3367.4660,0.7138,1.8664,60.7609,0.2917

3368.4660,0.7124,1.8406,60.9443,0.3013

3369.4660,0.7114,1.8561,60.6775,0.3399

3370.4660,0.7120,1.8458,60.7450,0.3214

3371.4670,0.7102,1.8252,60.8899,0.3452

3372.4660,0.7102,1.8664,60.9440,0.3311

3373.4660,0.7096,1.8715,60.8471,0.3356

3374.4660,0.7051,1.8509,60.7398,0.3124

3375.4660,0.7061,1.8509,60.7637,0.3342

3376.4660,0.7053,1.8046,61.0161,0.3362

3377.4670,0.7047,1.8509,60.7167,0.3251

3378.4660,0.7055,1.8612,60.8827,0.3399

3379.4660,0.7065,1.8818,60.7718,0.3431

3380.4660,0.7073,1.8664,60.7401,0.3408

3381.4660,0.7090,1.8715,60.7209,0.3286

3382.4660,0.7092,1.8715,60.6796,0.3324

3383.4660,0.7086,1.8561,60.7046,0.3418

3384.4660,0.7098,1.8818,60.9259,0.3338

3385.4660,0.7104,1.8664,60.7280,0.3301

3386.4660,0.7140,1.8972,60.8113,0.3461

3387.4660,0.7148,1.8715,60.8190,0.3367

3388.4660,0.7150,1.8664,60.7511,0.3281

3389.4660,0.7138,1.8509,60.7239,0.3225

3390.4660,0.7128,1.8406,60.7317,0.3385

3391.4660,0.7134,1.8869,60.7313,0.3316

3392.4660,0.7108,1.8046,60.8497,0.3386

3393.4660,0.7144,1.9487,60.9394,0.3308

3394.4670,0.7142,1.8767,60.6775,0.3419

3395.4670,0.7144,1.8715,60.6796,0.3353

3396.4660,0.7136,1.8767,60.6103,0.3363

3397.4660,0.7136,1.8715,60.6965,0.2884

3398.4660,0.7090,1.7480,60.8706,0.3205

3399.4670,0.7065,1.7840,60.5451,0.3231

3400.4660,0.7059,1.8252,60.7267,0.3449

3401.4660,0.7051,1.8664,60.8146,0.3356

3402.4670,0.7071,1.8561,60.6301,0.3382

3403.4660,0.7039,1.8664,60.6717,0.3355

3404.4660,0.7029,1.8509,60.9852,0.3189

3405.4660,0.7025,1.8612,60.8419,0.3161

3406.4660,0.7027,1.8818,60.7474,0.3359

3407.4660,0.7029,1.8767,60.7758,0.3397

3408.4660,0.7059,1.8252,60.6614,0.3267

3409.4670,0.7080,1.8406,60.5055,0.3050

3410.4670,0.7100,1.8767,60.6858,0.2871

3411.4660,0.7108,1.8869,60.6088,0.3069

3412.4660,0.7098,1.8303,60.7277,0.2992

3413.4660,0.7098,1.8664,60.7506,0.3399

3414.4660,0.7096,1.8458,60.6449,0.3354

3415.4660,0.7092,1.8509,60.7600,0.3382

3416.4660,0.7077,1.8406,61.0036,0.3053

3417.4660,0.7069,1.8561,60.8385,0.3296

3418.4660,0.7077,1.8458,60.9295,0.3469

3419.4660,0.7080,1.8509,60.9509,0.3316

3420.4660,0.7073,1.8561,60.8161,0.3058

3421.4660,0.7065,1.8664,60.5231,0.3104

3422.4660,0.7073,1.8509,60.8315,0.3333

3423.4660,0.7071,1.8612,60.9046,0.3392

3424.4670,0.7069,1.8406,60.7885,0.3312

3425.4660,0.7078,1.8767,60.6438,0.3378

3426.4660,0.7102,1.9024,60.6921,0.3269

3427.4660,0.7082,1.8046,60.8901,0.3308

3428.4670,0.7094,1.8767,60.6811,0.3020

3429.4670,0.7096,1.8561,60.6637,0.3014

3430.4660,0.7098,1.8612,60.8332,0.3189

3431.4660,0.7104,1.8818,60.7257,0.3217

3432.4660,0.7100,1.8406,60.6640,0.3341

3433.4660,0.7080,1.8098,60.8360,0.3213

3434.4660,0.7078,1.8355,60.8556,0.3245

3435.4660,0.7039,1.7738,60.8323,0.2733

3436.4660,0.7027,1.8715,60.8088,0.2876

3437.4660,0.7039,1.8355,60.7692,0.3270

3438.4660,0.7037,1.8715,60.9200,0.3205

3439.4660,0.7043,1.8715,60.8400,0.3457

3440.4660,0.7047,1.8715,60.6428,0.3298

3441.4660,0.7029,1.8355,60.5792,0.3159

3442.4670,0.7045,1.8818,60.7297,0.2934

3443.4670,0.7080,1.9024,60.5311,0.2969

3444.4660,0.7096,1.8767,60.7470,0.3309

3445.4660,0.7114,1.8201,60.5755,0.3069

3446.4660,0.7104,1.8458,60.8287,0.3094

3447.4660,0.7116,1.8664,60.6162,0.3232

3448.4660,0.7128,1.9024,60.8209,0.3342

3449.4660,0.7126,1.8664,60.7417,0.3238

3450.4660,0.7118,1.8509,60.9418,0.3286

3451.4670,0.7134,1.8767,60.6637,0.3041

3452.4660,0.7116,1.8355,60.8334,0.3446

3453.4660,0.7090,1.8355,60.7914,0.3371

3454.4660,0.7080,1.8509,60.7040,0.3152

3455.4660,0.7116,1.9127,61.0197,0.3256

3456.4660,0.7114,1.8406,60.7378,0.3224

3457.4660,0.7106,1.8458,60.5117,0.3287

3458.4660,0.7071,1.8098,60.6816,0.3267

3459.4660,0.7069,1.8612,60.7990,0.3341

3460.4660,0.7071,1.8561,60.8428,0.3349

3461.4670,0.7057,1.8406,60.8155,0.3075

3462.4660,0.7053,1.8252,60.7036,0.3438

3463.4660,0.7053,1.8355,60.6972,0.3415

3464.4660,0.7059,1.8664,60.6879,0.3201

3465.4660,0.7031,1.8406,60.8469,0.3304

3466.4660,0.7031,1.8406,60.8811,0.3279

3467.4660,0.7019,1.8149,60.7498,0.3236

3468.4660,0.7031,1.8406,60.8160,0.3411

3469.4660,0.7047,1.9024,60.7838,0.3423

3470.4660,0.7047,1.8561,60.9969,0.3403

3471.4660,0.7057,1.8664,60.7137,0.3235

3472.4660,0.7065,1.8458,60.7729,0.3467

3473.4670,0.7080,1.8767,60.6658,0.3316

3474.4670,0.7082,1.8715,60.5995,0.2992

3475.4660,0.7078,1.8303,60.6910,0.3295

3476.4660,0.7088,1.8664,60.6816,0.2858

3477.4660,0.7104,1.8561,60.8545,0.3462

3478.4660,0.7108,1.8509,60.7458,0.3303

3479.4660,0.7082,1.8355,60.9320,0.3460

3480.4670,0.7086,1.8664,60.6283,0.3331

3481.4660,0.7080,1.8509,60.7561,0.3307

3482.4660,0.7086,1.8612,60.7944,0.3343

3483.4660,0.7080,1.8612,60.6977,0.3366

3484.4660,0.7065,1.8303,60.7526,0.3395

3485.4660,0.7084,1.8818,60.8477,0.3380

3486.4660,0.7090,1.8818,60.8063,0.2811

3487.4660,0.7090,1.8561,60.7033,0.3376

3488.4660,0.7092,1.8561,61.0029,0.3378

3489.4660,0.7104,1.8664,60.6474,0.2976

3490.4660,0.7108,1.8767,60.7462,0.3391

3491.4660,0.7100,1.8303,61.0149,0.3442

3492.4660,0.7124,1.9230,60.8675,0.3404

3493.4660,0.7116,1.8406,60.8359,0.3191

3494.4660,0.7128,1.8612,61.0200,0.3372

3495.4660,0.7126,1.8767,60.8003,0.3439

3496.4660,0.7112,1.8458,60.6683,0.3189

3497.4660,0.7116,1.8664,60.8103,0.3299

3498.4660,0.7120,1.8664,60.7129,0.3185

3499.4660,0.7130,1.8921,60.7385,0.3157

3500.4660,0.7120,1.8509,60.4992,0.2947

3501.4660,0.7144,1.8921,60.7968,0.2880

3502.4660,0.7112,1.8406,60.8842,0.3427

3503.4660,0.7114,1.8458,60.8277,0.3412

3504.4660,0.7102,1.8303,60.6458,0.3421

3505.4660,0.7106,1.8869,60.5195,0.3076

3506.4660,0.7116,1.8715,60.9309,0.3438

3507.4660,0.7114,1.8612,60.8523,0.3360

3508.4660,0.7100,1.8303,60.9868,0.3061

3509.4660,0.7082,1.8458,60.5001,0.3215

3510.4660,0.7080,1.8458,60.6533,0.2555

3511.4660,0.7067,1.8561,60.8500,0.3467

3512.4660,0.7078,1.8715,60.6802,0.3177

3513.4660,0.7096,1.8921,60.7935,0.3464

3514.4660,0.7120,1.8921,60.8769,0.3345

3515.4670,0.7098,1.8303,60.8657,0.3411

3516.4670,0.7098,1.8715,60.8305,0.3366

3517.4660,0.7084,1.8252,60.7549,0.3137

3518.4660,0.7098,1.8664,60.9281,0.3368

3519.4660,0.7120,1.9024,60.8648,0.3468

3520.4660,0.7134,1.8818,60.6435,0.3363

3521.4660,0.7130,1.8458,60.8968,0.3390

3522.4660,0.7128,1.8664,61.0339,0.3399

3523.4670,0.7120,1.8715,60.6721,0.3163

3524.4660,0.7106,1.8561,60.8299,0.3376

3525.4670,0.7100,1.8149,60.7992,0.3341

3526.4660,0.7092,1.8509,60.5638,0.3262

3527.4660,0.7098,1.8406,60.8080,0.3297

3528.4660,0.7077,1.8098,60.9041,0.3145

3529.4660,0.7065,1.8715,60.6298,0.3400

3530.4660,0.7047,1.8355,60.6844,0.2921

3531.4660,0.7055,1.8664,60.9405,0.3486

3532.4670,0.7045,1.8406,60.8266,0.3353

3533.4660,0.7029,1.8303,60.5995,0.2951

3534.4660,0.7025,1.8458,60.7308,0.3382

3535.4660,0.7045,1.8664,60.9747,0.3427

3536.4660,0.7045,1.8509,60.8753,0.3277

3537.4660,0.7055,1.8664,60.4887,0.3311

3538.4660,0.7055,1.8098,60.5671,0.3061

3539.4660,0.7029,1.8046,60.6819,0.3286

3540.4660,0.7033,1.8458,60.8357,0.3395

3541.4660,0.7031,1.8612,60.6054,0.2973

3542.4660,0.7035,1.8509,60.6856,0.3346

3543.4660,0.7047,1.8612,60.7282,0.3456

3544.4660,0.7055,1.8664,60.7206,0.3364

3545.4670,0.7055,1.8664,60.7193,0.3295

3546.4660,0.7047,1.8303,60.6512,0.3357

3547.4660,0.7084,1.9641,60.6990,0.3057

3548.4660,0.7098,1.8458,60.8239,0.3047

3549.4660,0.7138,1.9075,60.9225,0.3366

3550.4670,0.7148,1.8715,60.6803,0.3086

3551.4660,0.7148,1.8612,60.8870,0.3412

3552.4660,0.7146,1.8458,60.6232,0.3336

3553.4660,0.7140,1.8458,60.7173,0.3179

3554.4660,0.7144,1.8767,61.0090,0.3433

3555.4660,0.7142,1.8612,60.8258,0.3363

3556.4660,0.7152,1.8561,60.7968,0.3288

3557.4660,0.7106,1.8458,60.7965,0.3095

3558.4660,0.7114,1.8664,60.7587,0.3306

3559.4660,0.7092,1.8509,60.6825,0.3110

3560.4660,0.7086,1.8561,60.7510,0.3296

3561.4660,0.7092,1.8767,60.7662,0.3101

3562.4660,0.7100,1.8664,60.8660,0.3253

3563.4660,0.7106,1.8612,60.8593,0.3357

3564.4670,0.7110,1.8869,60.8373,0.3288

3565.4660,0.7106,1.8509,60.8773,0.3185

3566.4660,0.7090,1.8149,60.7485,0.3363

3567.4660,0.7086,1.8355,60.7643,0.2999

3568.4660,0.7080,1.8509,60.8199,0.3421

3569.4670,0.7077,1.8406,60.6970,0.3341

3570.4660,0.7086,1.8818,60.7900,0.3230

3571.4660,0.7082,1.8664,61.0315,0.3468

3572.4660,0.7092,1.8921,60.8183,0.3303

3573.4660,0.7096,1.8715,60.7292,0.3445

3574.4670,0.7082,1.8509,60.6818,0.3442

3575.4660,0.7075,1.8303,60.8724,0.2935

3576.4660,0.7084,1.8406,60.9909,0.3450

3577.4660,0.7112,1.9075,60.4033,0.2957

3578.4660,0.7120,1.8715,60.7027,0.3372

3579.4660,0.7120,1.8406,60.6597,0.2876

3580.4660,0.7075,1.7635,61.0071,0.3472

3581.4660,0.7082,1.8869,60.6986,0.3436

3582.4660,0.7080,1.8869,60.6738,0.3345

3583.4660,0.7065,1.8303,60.7022,0.3218

3584.4660,0.7071,1.8664,60.8443,0.3183

3585.4660,0.7075,1.8406,60.5940,0.2938

3586.4660,0.7082,1.8612,60.7412,0.3092

3587.4660,0.7065,1.8612,60.9676,0.3281

3588.4660,0.7055,1.8458,60.6383,0.3160

3589.4660,0.7065,1.8664,60.8336,0.3413

3590.4670,0.7098,1.8509,60.6851,0.3290

3591.4660,0.7086,1.8561,60.8021,0.3209

3592.4670,0.7077,1.8612,60.8611,0.3285

3593.4660,0.7082,1.8458,60.7138,0.3116

3594.4660,0.7086,1.8767,60.8053,0.2890

3595.4660,0.7092,1.8561,60.8082,0.3441

3596.4660,0.7100,1.8818,60.6893,0.3377

3597.4660,0.7102,1.8664,60.6809,0.3341

3598.4660,0.7104,1.8509,60.7247,0.3386

3599.4660,0.7092,1.8355,60.7985,0.3401

3600.4660,0.7120,1.9230,60.8536,0.3237

3601.4660,0.7126,1.8715,60.6653,0.3397

3602.4660,0.7092,1.7738,60.9411,0.3357

3603.4660,0.7104,1.8767,60.6441,0.3270

3604.4660,0.7092,1.8458,60.6865,0.3157

3605.4660,0.7088,1.8458,60.7032,0.3089

3606.4660,0.7078,1.8561,60.9800,0.2456

3607.4660,0.7057,1.8098,60.5580,0.2755

3608.4660,0.7094,1.9487,60.7882,0.3422

3609.4660,0.7086,1.8149,60.7507,0.3373

3610.4660,0.7059,1.8509,60.8501,0.3453

3611.4660,0.7065,1.8869,60.8300,0.3258

3612.4660,0.7100,1.8664,60.8072,0.3229

3613.4660,0.7110,1.9024,60.9728,0.3429

3614.4660,0.7132,1.9024,60.5352,0.3288

3615.4660,0.7142,1.8715,60.6402,0.3338

3616.4670,0.7130,1.8252,60.7346,0.3157

3617.4660,0.7132,1.8149,60.9446,0.3385

3618.4660,0.7110,1.8921,60.6369,0.2897

3619.4660,0.7118,1.8355,60.7767,0.3431

3620.4660,0.7126,1.8715,60.6744,0.2735

3621.4660,0.7114,1.8561,61.1909,0.3106

3622.4660,0.7104,1.8406,60.7815,0.3375

3623.4660,0.7077,1.8303,60.8045,0.3393

3624.4660,0.7073,1.8921,60.7019,0.3429

3625.4660,0.7065,1.8509,60.7250,0.3413

3626.4660,0.7077,1.8561,60.7989,0.3374

3627.4660,0.7088,1.8458,60.8504,0.3371

3628.4660,0.7080,1.8715,60.7506,0.3287

3629.4660,0.7080,1.8355,60.5930,0.2969

3630.4660,0.7090,1.8972,60.7966,0.3264

3631.4660,0.7086,1.8458,60.7912,0.3380

3632.4670,0.7112,1.9075,60.7430,0.3209

3633.4660,0.7128,1.8715,60.7087,0.3384

3634.4660,0.7114,1.8561,60.7496,0.3377

3635.4660,0.7108,1.8355,60.7445,0.3181

3636.4660,0.7118,1.8818,60.6398,0.3424

3637.4660,0.7120,1.8509,60.5899,0.3182

3638.4660,0.7112,1.8509,60.8090,0.3457

3639.4660,0.7140,1.9075,60.7584,0.3458

3640.4660,0.7126,1.8612,60.8971,0.3383

3641.4660,0.7132,1.8612,60.8652,0.3066

3642.4660,0.7102,1.8303,60.7739,0.3328

3643.4660,0.7102,1.8715,60.8980,0.3441

3644.4660,0.7100,1.8509,60.8265,0.3205

3645.4660,0.7098,1.8303,60.8297,0.3432

3646.4660,0.7084,1.8458,60.5945,0.2905

3647.4660,0.7082,1.8458,60.7972,0.3355

3648.4660,0.7084,1.8561,60.7099,0.3391

3649.4660,0.7059,1.8406,60.8044,0.3260

3650.4660,0.7059,1.8612,60.8886,0.3358

3651.4660,0.7039,1.8098,60.8876,0.2996

3652.4670,0.7051,1.8612,60.8677,0.3243

3653.4660,0.7067,1.9127,60.6853,0.3294

3654.4660,0.7065,1.8458,60.7170,0.3019

3655.4660,0.7080,1.8715,60.7392,0.2938

3656.4660,0.7096,1.8869,60.7437,0.3286

3657.4660,0.7106,1.8715,60.7428,0.3363

3658.4660,0.7096,1.8303,60.6356,0.3343

3659.4660,0.7106,1.8664,60.6493,0.3206

3660.4660,0.7104,1.8561,60.8055,0.3372

3661.4660,0.7126,1.8664,60.7336,0.3446

3662.4660,0.7114,1.8303,60.7205,0.3157

3663.4660,0.7104,1.8869,60.6671,0.3255

3664.4660,0.7092,1.8149,61.0186,0.3435

3665.4660,0.7069,1.8098,60.8274,0.3123

3666.4670,0.7071,1.8921,60.6279,0.3344

3667.4660,0.7077,1.8869,60.8609,0.3461

3668.4660,0.7078,1.8355,60.7237,0.3451

3669.4660,0.7078,1.8664,60.7941,0.3469

3670.4660,0.7080,1.8612,60.8310,0.3338

3671.4660,0.7073,1.8458,60.7793,0.2597

3672.4660,0.7078,1.8458,60.6908,0.3218

3673.4670,0.7057,1.8303,60.7010,0.3323

3674.4660,0.7065,1.8355,60.9115,0.3370

3675.4660,0.7071,1.8252,60.7457,0.2552

3676.4660,0.7055,1.8509,60.7773,0.3381

3677.4660,0.7039,1.8458,61.1257,0.3413

3678.4660,0.7051,1.8664,60.5683,0.3288

3679.4660,0.7033,1.8201,60.5789,0.3005

3680.4660,0.7029,1.8509,60.6936,0.2895

3681.4660,0.7031,1.8509,60.7368,0.3351

3682.4660,0.7035,1.8561,60.8527,0.3344

3683.4660,0.7041,1.8458,60.6929,0.3026

3684.4660,0.7041,1.8355,60.9156,0.3438

3685.4660,0.7049,1.8458,60.5681,0.3113

3686.4660,0.7055,1.8664,60.7781,0.3239

3687.4660,0.7067,1.8767,60.6884,0.2669

3688.4660,0.7061,1.8509,61.0077,0.3474

3689.4660,0.7090,1.8972,60.8203,0.3472

3690.4660,0.7088,1.8458,60.5680,0.3285

3691.4670,0.7080,1.8303,60.9855,0.2862

3692.4660,0.7082,1.8612,60.4807,0.2817

3693.4660,0.7088,1.8612,60.6369,0.3349

3694.4660,0.7100,1.8664,60.9408,0.3238

3695.4660,0.7098,1.8406,60.7544,0.3465

3696.4660,0.7098,1.8664,60.8250,0.3394

3697.4660,0.7102,1.8869,61.0136,0.3428

3698.4660,0.7090,1.8201,60.7438,0.3107

3699.4660,0.7078,1.8664,60.8208,0.3441

3700.4660,0.7088,1.8715,60.6088,0.3091

3701.4660,0.7100,1.8612,60.9157,0.2971

3702.4660,0.7096,1.8509,60.6857,0.3096

3703.4660,0.7132,1.9538,60.6657,0.3048

3704.4660,0.7122,1.8406,60.7112,0.3348

3705.4660,0.7108,1.8046,60.7702,0.3210

3706.4660,0.7106,1.8612,60.9853,0.3325

3707.4660,0.7106,1.8869,60.7581,0.3221

3708.4660,0.7118,1.8509,60.6906,0.3399

3709.4660,0.7112,1.8509,60.6472,0.3191

3710.4670,0.7118,1.8869,60.8484,0.2812

3711.4660,0.7122,1.8715,60.6560,0.3316

3712.4660,0.7136,1.8869,60.8250,0.3269

3713.4660,0.7104,1.8715,60.8323,0.3238

3714.4660,0.7114,1.8664,60.5758,0.2959

3715.4660,0.7140,1.8715,60.7277,0.3441

3716.4660,0.7128,1.8303,60.9174,0.3463

3717.4660,0.7132,1.8972,60.8707,0.3465

3718.4660,0.7126,1.8355,60.9006,0.3412

3719.4670,0.7144,1.8972,60.4943,0.3213

3720.4660,0.7146,1.8921,60.8639,0.3045

3721.4660,0.7148,1.8767,60.8173,0.3254

3722.4660,0.7142,1.8715,60.5643,0.3098

3723.4660,0.7128,1.8355,60.8075,0.3218

3724.4660,0.7128,1.8664,60.7048,0.3208

3725.4660,0.7138,1.8972,60.8610,0.3458

3726.4660,0.7152,1.8664,60.8686,0.3460

3727.4660,0.7120,1.8149,60.7505,0.3247

3728.4660,0.7118,1.8303,60.9703,0.3339

3729.4660,0.7098,1.8458,60.8424,0.3133

3730.4660,0.7094,1.8818,60.7856,0.3432

3731.4670,0.7100,1.8921,60.6390,0.3226

3732.4670,0.7104,1.8818,60.7110,0.3315

3733.4660,0.7110,1.8509,60.9479,0.3393

3734.4660,0.7116,1.8818,60.6030,0.3228

3735.4670,0.7100,1.8561,60.3313,0.2929

3736.4660,0.7100,1.8664,60.8263,0.3344

3737.4660,0.7114,1.8509,60.9136,0.3389

3738.4660,0.7098,1.7892,60.8554,0.3449

3739.4660,0.7108,1.8715,60.7310,0.3369

3740.4660,0.7100,1.8612,60.8326,0.3320

3741.4660,0.7086,1.8561,60.7360,0.3406

3742.4670,0.7090,1.8921,60.8455,0.3443

3743.4670,0.7100,1.8767,60.9718,0.3289

3744.4660,0.7092,1.8612,60.9760,0.3356

3745.4660,0.7098,1.8715,60.8522,0.3439

3746.4660,0.7110,1.8972,60.6707,0.3375

3747.4660,0.7090,1.7995,60.8324,0.3413

3748.4660,0.7122,1.8715,60.6208,0.3392

3749.4660,0.7100,1.8149,60.8063,0.3262

3750.4670,0.7106,1.8767,60.8449,0.3344

3751.4660,0.7100,1.8406,60.6849,0.3205

3752.4660,0.7065,1.7995,60.6811,0.3384

3753.4660,0.7084,1.9281,60.8361,0.3340

3754.4670,0.7084,1.8612,60.6521,0.3226

3755.4660,0.7061,1.8098,60.6963,0.3371

3756.4660,0.7071,1.9230,60.6455,0.3272

3757.4660,0.7096,1.8664,61.0203,0.3341

3758.4660,0.7094,1.8664,60.8894,0.3452

3759.4660,0.7108,1.8509,60.8266,0.3356

3760.4660,0.7112,1.8869,60.5853,0.3234

3761.4660,0.7122,1.8664,60.6426,0.3131

3762.4660,0.7154,1.8818,60.8651,0.3470

3763.4660,0.7118,1.8355,60.9525,0.3163

3764.4670,0.7128,1.8869,60.6804,0.3353

3765.4660,0.7144,1.8509,61.0054,0.3218

3766.4660,0.7118,1.8561,60.6539,0.3419

3767.4660,0.7100,1.8201,60.8552,0.3212

3768.4660,0.7094,1.8509,60.9077,0.3415

3769.4660,0.7094,1.8509,60.6291,0.3062

3770.4660,0.7077,1.8406,60.6888,0.3146

3771.4670,0.7061,1.8252,60.7928,0.3281

3772.4660,0.7049,1.8509,60.7699,0.3404

3773.4660,0.7065,1.8767,60.7347,0.3422

3774.4660,0.7063,1.8818,60.6785,0.3236

3775.4660,0.7069,1.8664,60.8887,0.2969

3776.4660,0.7061,1.8355,60.6632,0.3423

3777.4660,0.7080,1.8715,60.6326,0.3058

3778.4660,0.7080,1.8509,60.9132,0.3435

3779.4660,0.7088,1.8715,60.8981,0.3463

3780.4660,0.7096,1.8612,60.7457,0.3345

3781.4660,0.7106,1.8509,60.7833,0.3434

3782.4660,0.7108,1.8561,60.7336,0.3298

3783.4660,0.7126,1.9230,60.8342,0.3388

3784.4670,0.7120,1.8664,60.7169,0.3335

3785.4660,0.7130,1.8921,60.7627,0.3121

3786.4660,0.7148,1.8818,60.7976,0.3439

3787.4660,0.7128,1.8201,60.7074,0.3312

3788.4670,0.7134,1.8664,60.8360,0.3410

3789.4670,0.7134,1.8715,60.6958,0.3236

3790.4660,0.7148,1.8972,60.7247,0.3451

3791.4660,0.7152,1.8612,60.9965,0.3352

3792.4660,0.7148,1.8458,60.9208,0.3250

3793.4660,0.7134,1.8869,60.9404,0.3371

3794.4670,0.7132,1.8612,60.9768,0.2784

3795.4660,0.7112,1.8406,60.6694,0.3457

3796.4660,0.7088,1.8201,60.8193,0.3263

3797.4660,0.7124,1.9127,60.7005,0.3273

3798.4660,0.7104,1.8149,60.8009,0.3456

3799.4660,0.7150,1.9898,60.7734,0.3381

3800.4660,0.7128,1.8406,60.9631,0.3444

3801.4660,0.7114,1.8252,60.9234,0.3399

3802.4660,0.7116,1.8509,60.7865,0.3436

3803.4660,0.7100,1.8458,60.8684,0.3313

3804.4660,0.7084,1.8201,60.8291,0.3342

3805.4660,0.7104,1.8921,60.8880,0.3363

3806.4660,0.7122,1.8664,60.8596,0.2735

3807.4660,0.7102,1.8612,60.6856,0.3301

3808.4660,0.7132,1.8921,60.6345,0.3364

3809.4660,0.7086,1.8715,60.9071,0.3404

3810.4660,0.7092,1.8561,60.6699,0.3428

3811.4670,0.7096,1.8355,60.7180,0.2532

3812.4660,0.7090,1.8355,60.8386,0.3440

3813.4660,0.7094,1.8561,60.8732,0.3293

3814.4660,0.7114,1.8715,60.7017,0.3290

3815.4660,0.7102,1.8612,60.5886,0.3203

3816.4660,0.7104,1.8715,60.8402,0.3416

3817.4660,0.7116,1.8921,60.7257,0.3230

3818.4660,0.7128,1.9230,60.7975,0.3390

3819.4660,0.7118,1.8458,60.7155,0.3175

3820.4660,0.7120,1.8612,60.6664,0.3364

3821.4660,0.7146,1.9024,60.7869,0.3260

3822.4660,0.7152,1.8509,60.7458,0.3014

3823.4660,0.7146,1.8406,60.7651,0.3393

3824.4660,0.7142,1.8612,60.9077,0.3340

3825.4660,0.7138,1.8509,60.6435,0.2826

3826.4660,0.7130,1.8509,60.7158,0.2957

3827.4660,0.7124,1.8767,60.8103,0.3038

3828.4660,0.7090,1.8355,60.7295,0.3340

3829.4660,0.7088,1.8406,60.7988,0.3316

3830.4670,0.7082,1.8458,60.6917,0.3074

3831.4670,0.7061,1.8458,60.6247,0.3335

3832.4670,0.7065,1.8612,60.9717,0.3381

3833.4670,0.7071,1.8561,60.6948,0.2999

3834.4660,0.7065,1.8458,60.8359,0.2822

3835.4660,0.7067,1.8561,60.6276,0.3358

3836.4660,0.7073,1.8664,60.9424,0.3407

3837.4660,0.7067,1.8612,60.6347,0.3325

3838.4660,0.7071,1.8458,60.9126,0.3413

3839.4660,0.7075,1.8509,60.8887,0.3445

3840.4660,0.7088,1.8818,60.7040,0.3059

3841.4660,0.7100,1.8767,60.8894,0.2460

3842.4660,0.7104,1.8715,60.7621,0.3391

3843.4660,0.7102,1.8509,60.7764,0.3343

3844.4660,0.7124,1.9024,60.5703,0.3049

3845.4660,0.7132,1.8767,60.6827,0.3322

3846.4660,0.7116,1.8252,60.8035,0.3397

3847.4670,0.7106,1.8355,60.7574,0.3395

3848.4660,0.7098,1.8252,60.7796,0.3379

3849.4660,0.7108,1.8767,60.8322,0.3279

3850.4660,0.7124,1.9230,60.9066,0.3388

3851.4660,0.7118,1.8612,60.7786,0.3409

3852.4660,0.7106,1.8406,60.9429,0.3394

3853.4660,0.7110,1.8612,61.0960,0.3402

3854.4660,0.7102,1.8818,60.9007,0.3297

3855.4660,0.7051,1.7429,60.5965,0.3233

3856.4660,0.7071,1.8767,60.6717,0.3418

3857.4660,0.7075,1.8458,60.9048,0.3442

3858.4660,0.7082,1.8458,60.7408,0.3176

3859.4660,0.7073,1.8509,60.7111,0.3401

3860.4660,0.7045,1.8509,60.7949,0.3453

3861.4670,0.7043,1.8561,60.6214,0.3412

3862.4660,0.7055,1.8715,61.0275,0.3360

3863.4660,0.7053,1.8561,60.7588,0.3023

3864.4660,0.7051,1.8767,60.7680,0.3400

3865.4670,0.7104,1.8818,60.8507,0.3323

3866.4660,0.7106,1.8818,60.9079,0.3130

3867.4660,0.7108,1.8509,60.6132,0.3241

3868.4660,0.7124,1.8869,60.9027,0.3126

3869.4670,0.7138,1.8869,60.6066,0.3154

3870.4660,0.7146,1.8715,60.8367,0.3341

3871.4670,0.7170,1.9178,60.6664,0.3369

3872.4660,0.7164,1.8561,60.8177,0.3290

3873.4660,0.7158,1.8406,60.8149,0.3108

3874.4660,0.7152,1.8612,60.8017,0.3355

3875.4660,0.7140,1.8509,60.9481,0.3451

3876.4660,0.7128,1.8509,60.8021,0.3368

3877.4660,0.7138,1.8767,60.8477,0.3359

3878.4660,0.7128,1.8612,60.8446,0.3328

3879.4670,0.7134,1.9024,60.8429,0.3395

3880.4660,0.7128,1.8561,60.7452,0.3347

3881.4660,0.7108,1.8664,60.7498,0.2969

3882.4660,0.7152,1.9693,60.8298,0.3310

3883.4660,0.7168,1.8818,60.7569,0.3254

3884.4660,0.7172,1.8715,60.7028,0.3357

3885.4660,0.7174,1.8561,60.8330,0.3322

3886.4660,0.7176,1.8561,60.9012,0.3389

3887.4660,0.7160,1.8355,60.9385,0.3392

3888.4660,0.7162,1.8664,60.7293,0.3402

3889.4660,0.7156,1.8869,60.8010,0.3399

3890.4660,0.7156,1.8561,60.6299,0.3345

3891.4660,0.7158,1.8715,60.4732,0.3317

3892.4670,0.7130,1.8972,60.8638,0.3359

3893.4660,0.7138,1.9024,60.6650,0.3337

3894.4660,0.7146,1.8921,60.7523,0.3124

3895.4660,0.7142,1.8458,60.9475,0.3238

3896.4660,0.7128,1.8201,60.7546,0.3364

3897.4670,0.7138,1.8612,60.7463,0.3394

3898.4660,0.7160,1.9230,60.9091,0.3365

3899.4660,0.7148,1.8561,60.7529,0.3054

3900.4660,0.7140,1.8355,60.7518,0.3406

3901.4660,0.7128,1.8406,60.8754,0.3390

3902.4660,0.7130,1.9024,60.7815,0.3386

3903.4660,0.7106,1.8406,60.9889,0.3386

3904.4660,0.7041,1.7223,60.7993,0.3072

3905.4660,0.7047,1.8612,60.6905,0.3381

3906.4660,0.7059,1.8509,60.5344,0.2805

3907.4660,0.7047,1.8303,60.8912,0.2841

3908.4660,0.7019,1.8509,60.7770,0.3378

3909.4670,0.7019,1.8561,60.6159,0.3063

3910.4660,0.7031,1.8664,60.7815,0.3325

3911.4660,0.7039,1.8612,60.8033,0.3390

3912.4660,0.7015,1.8406,60.8919,0.3186

3913.4660,0.7019,1.8509,60.7831,0.3228

3914.4660,0.7067,1.8458,60.9817,0.3289

3915.4660,0.7069,1.8664,60.8363,0.3462

3916.4670,0.7071,1.8561,60.7384,0.3196

3917.4660,0.7073,1.8355,60.7737,0.3281

3918.4660,0.7077,1.8612,60.8406,0.3422

3919.4660,0.7063,1.8201,60.8097,0.3223

3920.4660,0.7075,1.8972,60.7897,0.3163

3921.4660,0.7069,1.8458,60.9231,0.3250

3922.4670,0.7077,1.8612,60.8060,0.3451

3923.4660,0.7063,1.8149,60.7080,0.3348

3924.4660,0.7077,1.8818,60.7907,0.3383

3925.4660,0.7069,1.8458,60.6062,0.3299

3926.4660,0.7077,1.8767,60.7002,0.3285

3927.4660,0.7094,1.8818,61.0352,0.3413

3928.4660,0.7092,1.8561,60.9128,0.3386

3929.4670,0.7088,1.8098,60.7578,0.3313

3930.4660,0.7075,1.8612,60.4259,0.2434

3931.4660,0.7077,1.8509,60.6320,0.3357

3932.4660,0.7077,1.8612,60.7545,0.3282

3933.4660,0.7090,1.8509,60.7337,0.3410

3934.4660,0.7080,1.8561,60.8828,0.3399

3935.4660,0.7082,1.8509,60.7102,0.3356

3936.4660,0.7080,1.8715,60.6331,0.3325

3937.4660,0.7069,1.8509,60.6476,0.3280

3938.4660,0.7069,1.8561,60.7516,0.3263

3939.4660,0.7094,1.8767,60.7718,0.3361

3940.4660,0.7098,1.8715,60.7676,0.3422

3941.4660,0.7084,1.8149,60.8044,0.3066

3942.4660,0.7078,1.8458,60.8136,0.3426

3943.4660,0.7075,1.8406,60.8168,0.3380

3944.4660,0.7075,1.8561,60.7116,0.3371

3945.4660,0.7075,1.8509,60.8613,0.3282

3946.4660,0.7075,1.8715,60.9479,0.3156

3947.4660,0.7078,1.8612,60.8274,0.3079

3948.4660,0.7077,1.8509,60.5864,0.3249

3949.4660,0.7055,1.8201,60.6865,0.3385

3950.4660,0.7047,1.8509,60.9055,0.3474

3951.4660,0.7055,1.8355,60.4858,0.2717

3952.4660,0.7063,1.8664,60.7620,0.3065

3953.4660,0.7065,1.8458,60.7804,0.3276

3954.4660,0.7075,1.8818,60.8934,0.3396

3955.4660,0.7080,1.8664,60.7703,0.2645

3956.4660,0.7069,1.8406,60.7931,0.3164

3957.4660,0.7071,1.8664,60.8267,0.3190

3958.4660,0.7078,1.8715,60.8344,0.3457

3959.4660,0.7094,1.8612,60.6913,0.3286

3960.4660,0.7096,1.8561,60.7172,0.3447

3961.4660,0.7102,1.8509,60.8566,0.3427

3962.4660,0.7108,1.8818,60.8733,0.3408

3963.4660,0.7110,1.8509,60.9916,0.3103

3964.4660,0.7100,1.8561,61.0417,0.3331

3965.4660,0.7100,1.8664,60.7370,0.3434

3966.4660,0.7106,1.8561,60.6670,0.3208

3967.4660,0.7114,1.8869,60.5563,0.2949

3968.4660,0.7108,1.8561,60.7230,0.3046

3969.4660,0.7108,1.8612,60.6256,0.2621

3970.4660,0.7112,1.8664,60.8531,0.3455

3971.4660,0.7102,1.8252,60.8157,0.3020

3972.4660,0.7108,1.8972,60.6528,0.3406

3973.4660,0.7102,1.8355,60.6218,0.3310

3974.4670,0.7106,1.8664,60.6089,0.2981

3975.4660,0.7098,1.8458,60.9146,0.2904

3976.4660,0.7090,1.8355,60.7828,0.3446

3977.4660,0.7078,1.8561,60.6982,0.2934

3978.4660,0.7092,1.8921,60.6782,0.3330

3979.4660,0.7092,1.8612,60.8626,0.3388

3980.4660,0.7100,1.8869,60.8862,0.3120

3981.4660,0.7102,1.8303,60.8335,0.3271

3982.4660,0.7094,1.8767,60.9751,0.3325

3983.4670,0.7102,1.8561,60.6318,0.3397

3984.4660,0.7106,1.8767,60.6988,0.3345

3985.4660,0.7112,1.8612,60.7511,0.3353

3986.4660,0.7112,1.8355,60.8045,0.3145

3987.4660,0.7116,1.8664,60.6954,0.3450

3988.4660,0.7128,1.9230,60.7289,0.3179

3989.4660,0.7124,1.8509,60.9390,0.3240

3990.4660,0.7114,1.8612,60.8583,0.3380

3991.4660,0.7140,1.8972,60.8478,0.3427

3992.4660,0.7134,1.8612,60.7535,0.3378

3993.4670,0.7138,1.8664,60.7449,0.3152

3994.4660,0.7140,1.8818,61.0195,0.3410

3995.4660,0.7126,1.8252,60.8384,0.3352

3996.4660,0.7126,1.8355,60.5724,0.3440

3997.4660,0.7126,1.8664,60.5124,0.3163

3998.4660,0.7114,1.8921,60.6718,0.2978

3999.4660,0.7104,1.8252,60.5904,0.3222

4000.4660,0.7100,1.8509,60.7483,0.3222

4001.4660,0.7090,1.8715,60.8674,0.3303

4002.4660,0.7084,1.8458,60.6065,0.3358

4003.4660,0.7080,1.8561,60.7391,0.3150

4004.4660,0.7063,1.8355,60.7358,0.3248

4005.4660,0.7077,1.8612,60.8141,0.3337

4006.4660,0.7094,1.8818,60.7556,0.3381

4007.4660,0.7077,1.8201,60.8433,0.3394

4008.4660,0.7063,1.8561,60.6993,0.3439

4009.4660,0.7071,1.8458,60.6406,0.2894

4010.4660,0.7077,1.8664,60.8003,0.3080

4011.4660,0.7069,1.8509,60.9395,0.3260

4012.4660,0.7073,1.8561,60.6673,0.3275

4013.4660,0.7071,1.8509,60.9818,0.3481

4014.4660,0.7080,1.8612,60.8062,0.3392

4015.4660,0.7096,1.9024,60.7729,0.2774

4016.4660,0.7073,1.8201,60.8098,0.2976

4017.4660,0.7092,1.8715,61.0065,0.3315

4018.4660,0.7082,1.8303,60.6826,0.3273

4019.4660,0.7108,1.9127,60.7023,0.3414

4020.4660,0.7100,1.8458,60.5178,0.2812

4021.4660,0.7086,1.8149,60.7924,0.3415

4022.4660,0.7094,1.8767,60.8301,0.3350

4023.4660,0.7104,1.8767,60.7355,0.3152

4024.4660,0.7104,1.8612,60.7458,0.3362

4025.4660,0.7090,1.8664,60.6699,0.3315

4026.4660,0.7112,1.8767,60.8831,0.3372

4027.4660,0.7106,1.8561,60.5820,0.3355

4028.4660,0.7112,1.8458,60.8233,0.3335

4029.4660,0.7090,1.8561,60.8815,0.3407

4030.4660,0.7084,1.8303,60.7431,0.3087

4031.4660,0.7102,1.8612,60.8113,0.3383

4032.4660,0.7100,1.8715,60.6721,0.3316

4033.4660,0.7088,1.8458,60.6909,0.3223

4034.4660,0.7092,1.8715,60.6987,0.3282

4035.4660,0.7080,1.8355,60.7457,0.3385

4036.4660,0.7075,1.8612,60.6201,0.3242

4037.4660,0.7061,1.8201,60.6571,0.3242

4038.4660,0.7065,1.8561,60.6529,0.3065

4039.4670,0.7061,1.8458,60.6658,0.3399

4040.4670,0.7067,1.8458,60.7793,0.3206

4041.4660,0.7075,1.8818,60.7128,0.3288

4042.4660,0.7067,1.8509,60.6988,0.3240

4043.4660,0.7071,1.8561,60.7768,0.3475

4044.4660,0.7080,1.8972,60.8177,0.3440

4045.4660,0.7096,1.8767,60.6125,0.3041

4046.4660,0.7077,1.8098,60.6790,0.2756

4047.4660,0.7080,1.8303,60.6958,0.3133

4048.4660,0.7080,1.8561,60.8023,0.3402

4049.4660,0.7077,1.8355,60.6845,0.3237

4050.4660,0.7073,1.8355,60.8622,0.3432

4051.4660,0.7063,1.8561,60.7075,0.3401

4052.4660,0.7051,1.8201,61.0183,0.3360

4053.4660,0.7055,1.8664,60.9912,0.3463

4054.4660,0.7043,1.8664,60.7930,0.3318

4055.4670,0.7029,1.8406,60.6455,0.3281

4056.4660,0.7059,1.8869,61.0839,0.3171

4057.4660,0.7080,1.8869,60.7202,0.3441

4058.4660,0.7084,1.8664,60.6953,0.3413

4059.4660,0.7112,1.9075,60.8324,0.3422

4060.4660,0.7110,1.8303,60.7368,0.2875

4061.4660,0.7110,1.8561,60.8516,0.2489

4062.4660,0.7128,1.8664,60.6981,0.3411

4063.4660,0.7116,1.8355,60.7750,0.3324

4064.4660,0.7136,1.9178,60.6805,0.3209

4065.4660,0.7142,1.8561,60.7228,0.3186

4066.4660,0.7142,1.8869,60.8541,0.3385

4067.4670,0.7164,1.9435,60.7228,0.3311

4068.4660,0.7148,1.8252,60.8104,0.3028

4069.4660,0.7132,1.8664,60.7713,0.3421

4070.4660,0.7134,1.8355,60.7364,0.3460

4071.4660,0.7120,1.8201,60.8121,0.3420

4072.4660,0.7116,1.8561,60.6923,0.3285

4073.4660,0.7118,1.8406,60.8344,0.2490

4074.4660,0.7108,1.8921,60.6846,0.3387

4075.4660,0.7114,1.8715,60.7430,0.3283

4076.4660,0.7120,1.9024,60.7360,0.3185

4077.4660,0.7078,1.8355,61.0144,0.2898

4078.4660,0.7094,1.8664,60.5810,0.3356

4079.4660,0.7084,1.8406,60.5830,0.2774

4080.4660,0.7094,1.8612,60.7608,0.3309

4081.4660,0.7094,1.8201,60.8875,0.3428

4082.4660,0.7100,1.8715,60.8286,0.3144

4083.4660,0.7094,1.8252,60.8144,0.3432

4084.4660,0.7086,1.8715,60.7999,0.3279

4085.4660,0.7078,1.8509,60.7620,0.3336

4086.4660,0.7055,1.8406,60.8105,0.3341

4087.4660,0.7078,1.8972,60.7199,0.3383

4088.4660,0.7088,1.8921,60.9117,0.3357

4089.4660,0.7088,1.8406,60.7591,0.3297

4090.4660,0.7088,1.8612,60.7069,0.3260

4091.4670,0.7096,1.8406,60.8155,0.3386

4092.4660,0.7077,1.8201,60.7575,0.3264

4093.4660,0.7086,1.8509,60.4917,0.2732

4094.4660,0.7075,1.8406,60.7523,0.3410

4095.4660,0.7084,1.8767,60.8877,0.3370

4096.4660,0.7088,1.8509,60.8588,0.3393

4097.4660,0.7090,1.9024,60.6799,0.3222

4098.4660,0.7098,1.9127,60.7699,0.3141

4099.4660,0.7110,1.8715,60.6955,0.3414

4100.4660,0.7130,1.9127,60.8253,0.3363

4101.4660,0.7146,1.8818,60.7388,0.3113

4102.4670,0.7172,1.8869,60.8563,0.3408

4103.4660,0.7172,1.8509,60.6508,0.3350

4104.4660,0.7180,1.8612,60.7418,0.3413

4105.4660,0.7168,1.8458,60.7859,0.3132

4106.4670,0.7152,1.8098,60.7091,0.3392

4107.4670,0.7112,1.7995,60.7591,0.3187

4108.4660,0.7084,1.8406,60.5874,0.3176

4109.4660,0.7082,1.8664,60.5435,0.2860

4110.4670,0.7067,1.8715,60.6259,0.3291

4111.4670,0.7049,1.8355,60.9339,0.3352

4112.4660,0.7045,1.8767,60.7498,0.3283

4113.4660,0.7037,1.8303,60.6705,0.3261

4114.4660,0.7021,1.8201,60.9036,0.3307

4115.4660,0.7025,1.8561,60.9370,0.3348

4116.4660,0.7033,1.8303,60.9168,0.3343

4117.4660,0.7057,1.8612,60.6408,0.3372

4118.4660,0.7063,1.8561,60.9051,0.3357

4119.4660,0.7057,1.8509,60.8355,0.3403

4120.4660,0.7061,1.8818,60.9849,0.3419

4121.4660,0.7078,1.8818,60.7471,0.2971

4122.4660,0.7075,1.8664,60.6391,0.3339

4123.4660,0.7084,1.8561,60.7347,0.3088

4124.4670,0.7106,1.8767,60.7956,0.3366

4125.4660,0.7106,1.8561,60.9777,0.3465

4126.4670,0.7118,1.8612,60.7937,0.3377

4127.4660,0.7116,1.8561,60.5635,0.3225

4128.4660,0.7112,1.8458,60.6380,0.3210

4129.4660,0.7118,1.8664,60.8223,0.3127

4130.4660,0.7108,1.8561,60.7014,0.3133

4131.4660,0.7086,1.8252,61.0216,0.3095

4132.4660,0.7088,1.8715,60.7279,0.3403

4133.4660,0.7090,1.8612,60.6665,0.3133

4134.4660,0.7080,1.8509,60.7693,0.3403

4135.4660,0.7082,1.8612,60.7755,0.3343

4136.4660,0.7073,1.8355,60.6928,0.3336

4137.4660,0.7067,1.8406,60.5063,0.2513

4138.4660,0.7073,1.8612,60.7456,0.3438

4139.4660,0.7075,1.8715,60.7912,0.3188

4140.4660,0.7075,1.8561,60.9415,0.3311

4141.4660,0.7086,1.8561,60.8449,0.3389

4142.4660,0.7090,1.8818,60.7958,0.3315

4143.4660,0.7088,1.8561,60.5970,0.2875

4144.4660,0.7075,1.8149,60.9467,0.3249

4145.4660,0.7069,1.8458,60.7672,0.3458

4146.4660,0.7102,1.9230,60.8611,0.3347

4147.4660,0.7108,1.8561,60.8569,0.3367

4148.4660,0.7104,1.8509,60.6612,0.3273

4149.4680,0.7078,1.8046,60.8242,0.3198

4150.4660,0.7090,1.8869,60.8092,0.2930

4151.4660,0.7092,1.8612,60.6894,0.3352

4152.4660,0.7078,1.8458,60.8005,0.3343

4153.4660,0.7077,1.8509,60.6202,0.3377

4154.4660,0.7100,1.8767,60.6479,0.3401

4155.4660,0.7108,1.8664,60.8659,0.3137

4156.4660,0.7077,1.8406,60.6735,0.3241

4157.4660,0.7075,1.8509,60.7148,0.2946

4158.4660,0.7077,1.8561,60.6354,0.3296

4159.4660,0.7094,1.8509,60.6941,0.3283

4160.4660,0.7082,1.8561,60.6591,0.2905

4161.4660,0.7075,1.8406,60.7254,0.3403

4162.4660,0.7084,1.8715,60.8750,0.3345

4163.4660,0.7096,1.8818,60.6786,0.2679

4164.4660,0.7084,1.8458,60.5364,0.3248

4165.4660,0.7078,1.8509,60.6979,0.3144

4166.4660,0.7104,1.9075,60.7140,0.3299

4167.4660,0.7116,1.8818,60.8516,0.3235

4168.4660,0.7126,1.8818,60.7398,0.3399

4169.4660,0.7124,1.8458,60.6453,0.2807

4170.4660,0.7118,1.8406,60.8580,0.3330

4171.4660,0.7118,1.8406,60.6937,0.3328

4172.4660,0.7122,1.8818,60.9841,0.3121

4173.4660,0.7112,1.8561,60.5496,0.3255

4174.4660,0.7114,1.8509,60.5887,0.3173

4175.4670,0.7118,1.8612,60.8679,0.3401

4176.4660,0.7100,1.8612,60.5322,0.3215

4177.4660,0.7077,1.8201,60.8604,0.3418

4178.4660,0.7069,1.8612,60.7904,0.3286

4179.4660,0.7069,1.8458,60.8748,0.3154

4180.4660,0.7067,1.8355,60.8713,0.2954

4181.4660,0.7069,1.8458,60.8653,0.3339

4182.4660,0.7055,1.8458,60.6803,0.3070

4183.4660,0.7055,1.8561,60.7728,0.3364

4184.4660,0.7061,1.8664,60.8689,0.3226

4185.4660,0.7063,1.8664,60.7708,0.3335

4186.4660,0.7057,1.8458,60.9486,0.3277

4187.4660,0.7073,1.8612,60.6783,0.3396

4188.4670,0.7080,1.8818,60.5211,0.3447

4189.4660,0.7090,1.8715,60.7129,0.3393

4190.4660,0.7096,1.8509,60.7339,0.3232

4191.4660,0.7104,1.8664,60.7701,0.3427

4192.4670,0.7090,1.8098,60.6722,0.3119

4193.4660,0.7106,1.8972,60.9850,0.3460

4194.4670,0.7090,1.8252,60.7375,0.2774

4195.4660,0.7098,1.8869,60.7958,0.3347

4196.4660,0.7100,1.8509,60.7582,0.2980

4197.4660,0.7084,1.8201,60.7114,0.3437

4198.4660,0.7078,1.8664,60.9261,0.3270

4199.4660,0.7059,1.8201,60.8188,0.3465

4200.4660,0.7061,1.8561,60.8373,0.3457

4201.4660,0.7077,1.9075,60.4513,0.3218

4202.4660,0.7112,1.9024,60.6456,0.3094

4203.4660,0.7088,1.8355,60.7243,0.3285

4204.4660,0.7110,1.8818,60.8477,0.2921

4205.4660,0.7108,1.8818,60.6583,0.2704

4206.4660,0.7104,1.8406,60.8895,0.3414

4207.4660,0.7116,1.8509,60.6387,0.3037

4208.4660,0.7108,1.8458,60.7034,0.3183

4209.4660,0.7132,1.8818,60.7374,0.3376

4210.4660,0.7120,1.8252,60.6739,0.3216

4211.4670,0.7098,1.8509,60.9173,0.2843

4212.4660,0.7075,1.8406,60.7267,0.3219

4213.4660,0.7092,1.8818,60.8107,0.3372

4214.4660,0.7086,1.8664,60.8048,0.3178

4215.4660,0.7075,1.8509,60.8551,0.3061

4216.4660,0.7063,1.8098,60.9467,0.3391

4217.4660,0.7059,1.8406,60.6536,0.3251

4218.4660,0.7073,1.8818,60.7240,0.3255

4219.4660,0.7069,1.8715,60.6190,0.3322

4220.4660,0.7078,1.8509,60.7031,0.3274

4221.4660,0.7088,1.8767,60.8603,0.3346

4222.4660,0.7082,1.8252,60.6232,0.3316

4223.4670,0.7057,1.8149,60.7046,0.3380

4224.4660,0.7055,1.8612,60.8227,0.3449

4225.4660,0.7063,1.8715,60.8014,0.3432

4226.4660,0.7078,1.8509,60.7635,0.3211

4227.4660,0.7094,1.8818,60.8443,0.3239

4228.4670,0.7078,1.8406,60.6703,0.3029

4229.4660,0.7078,1.8715,60.8658,0.3429

4230.4660,0.7075,1.8406,60.5185,0.3370

4231.4660,0.7075,1.8767,60.7920,0.3200

4232.4660,0.7084,1.8509,60.8650,0.3471

4233.4660,0.7110,1.8818,60.6989,0.3459

4234.4660,0.7114,1.8715,60.8037,0.3448

4235.4670,0.7108,1.8561,60.5354,0.3416

4236.4660,0.7106,1.8458,60.6792,0.3383

4237.4660,0.7130,1.9435,60.7901,0.3386

4238.4660,0.7148,1.8869,60.9731,0.3350

4239.4660,0.7122,1.8046,60.7127,0.3254

4240.4670,0.7130,1.8612,60.7791,0.3337

4241.4670,0.7118,1.8458,60.6242,0.3078

4242.4660,0.7112,1.8355,60.8412,0.3454

4243.4660,0.7102,1.8561,60.6286,0.3323

4244.4660,0.7096,1.8561,61.0898,0.3282

4245.4660,0.7090,1.8406,60.8139,0.2918

4246.4660,0.7098,1.8664,60.6078,0.3242

4247.4660,0.7077,1.8869,60.7628,0.3391

4248.4660,0.7061,1.8458,60.6426,0.3347

4249.4660,0.7071,1.8303,60.5768,0.2879

4250.4660,0.7073,1.8664,60.7560,0.3167

4251.4660,0.7071,1.8406,60.8899,0.3253

4252.4660,0.7088,1.8818,60.9263,0.3440

4253.4660,0.7086,1.8509,60.6670,0.3275

4254.4670,0.7092,1.8715,61.0975,0.3406

4255.4660,0.7116,1.9024,60.8087,0.3307

4256.4660,0.7110,1.8509,60.8185,0.3076

4257.4660,0.7092,1.8406,60.7053,0.3153

4258.4660,0.7134,1.9538,60.5841,0.2788

4259.4660,0.7154,1.8818,60.6745,0.3365

4260.4670,0.7148,1.8509,60.7685,0.3459

4261.4660,0.7142,1.8252,60.7115,0.3381

4262.4670,0.7132,1.8561,60.7248,0.3372

4263.4660,0.7146,1.8869,60.6520,0.2734

4264.4660,0.7144,1.8664,60.7117,0.3098

4265.4660,0.7128,1.8612,60.8651,0.3420

4266.4670,0.7140,1.8818,60.7118,0.3145

4267.4660,0.7150,1.8664,60.9908,0.3203

4268.4670,0.7118,1.8715,60.7708,0.3382

4269.4660,0.7104,1.8458,60.7529,0.3288

4270.4660,0.7108,1.8612,60.6756,0.3007

4271.4660,0.7116,1.8458,60.7892,0.3378

4272.4660,0.7120,1.8664,60.6130,0.2938

4273.4660,0.7112,1.8664,60.8650,0.3214

4274.4660,0.7116,1.8767,61.0319,0.3208

4275.4660,0.7122,1.8767,60.6345,0.3384

4276.4660,0.7120,1.8767,60.8381,0.3281

4277.4660,0.7120,1.8664,60.8322,0.3361

4278.4660,0.7122,1.8767,60.8772,0.3425

4279.4660,0.7122,1.8458,60.7599,0.3253

4280.4660,0.7150,1.9333,60.7819,0.3214

4281.4660,0.7160,1.8715,60.6689,0.3241

4282.4660,0.7160,1.8664,60.8750,0.3264

4283.4670,0.7152,1.8458,60.6924,0.3462

4284.4660,0.7148,1.8664,60.4695,0.3113

4285.4660,0.7144,1.8664,60.8467,0.3279

4286.4660,0.7134,1.8509,60.9119,0.3366

4287.4660,0.7134,1.8664,60.7005,0.3146

4288.4660,0.7132,1.8715,60.6171,0.3137

4289.4660,0.7128,1.8355,61.0218,0.3193

4290.4660,0.7102,1.8664,60.8928,0.3062

4291.4660,0.7088,1.8355,60.9727,0.3282

4292.4660,0.7071,1.8201,60.6407,0.3415

4293.4660,0.7078,1.8664,60.5151,0.3222

4294.4660,0.7067,1.8355,60.9023,0.3436

4295.4660,0.7059,1.8458,60.7387,0.3331

4296.4660,0.7061,1.8561,60.8637,0.3459

4297.4660,0.7055,1.8509,60.8118,0.3451

4298.4660,0.7055,1.8715,60.9734,0.3196

4299.4660,0.7063,1.8561,60.7834,0.3441

4300.4660,0.7039,1.8046,60.6971,0.3189

4301.4660,0.7055,1.8767,60.6545,0.3222

4302.4660,0.7057,1.8252,60.7902,0.3380

4303.4660,0.7047,1.8406,60.8954,0.3386

4304.4660,0.7047,1.8355,60.6309,0.2791

4305.4660,0.7043,1.8355,61.0136,0.3451

4306.4670,0.7047,1.8664,60.9316,0.3435

4307.4670,0.7055,1.8715,60.8612,0.3225

4308.4660,0.7061,1.8869,60.7834,0.3250

4309.4660,0.7059,1.8509,60.7931,0.3060

4310.4660,0.7061,1.8098,60.8310,0.3333

4311.4660,0.7061,1.8767,60.9600,0.3426

4312.4660,0.7075,1.8612,60.7161,0.3378

4313.4660,0.7063,1.8098,60.6190,0.3243

4314.4660,0.7075,1.8664,60.9896,0.3321

4315.4660,0.7090,1.8767,60.8327,0.3273

4316.4660,0.7096,1.8818,60.6322,0.3096

4317.4660,0.7088,1.8509,60.8179,0.2996

4318.4660,0.7080,1.8664,60.5771,0.3386

4319.4660,0.7092,1.8818,60.6456,0.2918

4320.4660,0.7118,1.8767,61.0119,0.3460

4321.4660,0.7106,1.8458,60.7998,0.3276

4322.4660,0.7112,1.8767,60.7386,0.3080

4323.4670,0.7130,1.8561,60.7894,0.3367

4324.4660,0.7122,1.8458,60.8549,0.3407

4325.4660,0.7124,1.8818,60.7642,0.3375

4326.4670,0.7112,1.8509,60.7956,0.3423

4327.4660,0.7112,1.8509,60.7574,0.3260

4328.4660,0.7112,1.8664,60.8417,0.3419

4329.4660,0.7100,1.8509,60.9489,0.3437

4330.4670,0.7086,1.8406,60.6575,0.3173

4331.4660,0.7080,1.8303,60.9980,0.3361

4332.4660,0.7067,1.8406,60.8871,0.3403

4333.4660,0.7078,1.8869,60.8009,0.3299

4334.4660,0.7102,1.9075,60.6715,0.3429

4335.4660,0.7080,1.8252,60.6924,0.3350

4336.4660,0.7088,1.8715,60.8070,0.3226

4337.4660,0.7096,1.8715,60.8020,0.3095

4338.4660,0.7090,1.8509,60.8131,0.3413

4339.4670,0.7096,1.8664,60.8050,0.3317

4340.4670,0.7108,1.8715,60.7801,0.2891

4341.4660,0.7110,1.8355,60.8050,0.3299

4342.4660,0.7126,1.8818,60.8987,0.3340

4343.4660,0.7130,1.8972,60.6520,0.2811

4344.4670,0.7104,1.8406,61.0336,0.3413

4345.4660,0.7144,1.9281,60.7683,0.3323

4346.4660,0.7142,1.8664,60.6006,0.3157

4347.4660,0.7142,1.8715,60.7063,0.3126

4348.4660,0.7152,1.8767,60.7775,0.3426

4349.4660,0.7156,1.8767,60.5903,0.3220

4350.4660,0.7152,1.8612,60.7974,0.3334

4351.4660,0.7152,1.8355,60.8578,0.3416

4352.4670,0.7116,1.7892,60.7097,0.3372

4353.4660,0.7092,1.8355,60.7820,0.3397

4354.4660,0.7098,1.8561,60.6975,0.3337

4355.4660,0.7063,1.8355,60.7618,0.3140

4356.4660,0.7059,1.8561,60.6355,0.2978

4357.4660,0.7043,1.8303,60.6786,0.3033

4358.4660,0.7031,1.8458,60.7265,0.3370

4359.4660,0.7033,1.8818,60.8575,0.3218

4360.4660,0.7027,1.8458,60.7200,0.3423

4361.4660,0.7037,1.8612,60.8188,0.2987

4362.4660,0.7069,1.8715,61.0702,0.3438

4363.4660,0.7075,1.8509,60.9278,0.3277

4364.4660,0.7078,1.8664,60.7492,0.3424

4365.4670,0.7086,1.8561,60.6814,0.3262

4366.4660,0.7086,1.8561,60.7229,0.3206

4367.4660,0.7116,1.9075,60.6498,0.3226

4368.4660,0.7102,1.8098,60.6926,0.3258

4369.4660,0.7090,1.8509,60.6807,0.3342

4370.4660,0.7086,1.8355,61.0436,0.3374

4371.4660,0.7071,1.8201,60.9321,0.3293

4372.4660,0.7065,1.8561,60.6130,0.2971

4373.4660,0.7073,1.8715,60.8022,0.3028

4374.4660,0.7073,1.8664,60.6662,0.3365

4375.4660,0.7049,1.7943,60.6699,0.3189

4376.4660,0.7053,1.8664,60.6970,0.2854

4377.4660,0.7009,1.7943,60.9956,0.2929

4378.4660,0.7033,1.8715,60.9960,0.3418

4379.4660,0.7043,1.8767,60.9319,0.3090

4380.4660,0.7047,1.8458,60.8260,0.3458

4381.4660,0.7067,1.8715,60.6869,0.3379

4382.4660,0.7055,1.8252,60.6224,0.2673

4383.4660,0.7047,1.8509,60.6025,0.3321

4384.4660,0.7039,1.8458,60.8935,0.3301

4385.4670,0.7065,1.8612,60.8366,0.3162

4386.4670,0.7069,1.8767,60.7162,0.2905

4387.4660,0.7096,1.8664,60.8168,0.3405

4388.4660,0.7080,1.8303,60.9423,0.3360

4389.4660,0.7075,1.8612,60.8300,0.2546

4390.4660,0.7078,1.8561,60.8011,0.3434

4391.4660,0.7094,1.9127,60.7535,0.3208

4392.4660,0.7110,1.8664,60.7125,0.3093

4393.4660,0.7114,1.8612,61.0344,0.3298

4394.4660,0.7116,1.8509,60.6343,0.3375

4395.4660,0.7108,1.8406,60.8659,0.3443

4396.4660,0.7100,1.8561,61.0032,0.3206

4397.4660,0.7090,1.8406,60.7989,0.3452

4398.4660,0.7106,1.8715,60.7055,0.3149

4399.4660,0.7104,1.8561,60.6911,0.3329

4400.4660,0.7100,1.8458,60.8134,0.2509

4401.4660,0.7082,1.8664,60.8076,0.3274

4402.4660,0.7075,1.8458,60.7619,0.3319

4403.4660,0.7075,1.8612,60.7185,0.3408

4404.4660,0.7075,1.8509,60.7642,0.3245

4405.4670,0.7100,1.9075,60.7049,0.3297

4406.4660,0.7092,1.8355,60.8626,0.3438

4407.4660,0.7098,1.8561,60.6368,0.3101

4408.4660,0.7075,1.8098,60.9196,0.3204

4409.4660,0.7061,1.8201,60.8336,0.3109

4410.4660,0.7051,1.8201,60.9736,0.3425

4411.4660,0.7047,1.8561,61.0004,0.3133

4412.4660,0.7047,1.8458,60.6394,0.3377

4413.4660,0.7045,1.8561,60.6739,0.2606

4414.4660,0.7045,1.8509,60.9167,0.3409

4415.4660,0.7031,1.8715,60.4583,0.3428

4416.4660,0.7035,1.8458,60.8541,0.2857

4417.4660,0.7039,1.8664,60.6451,0.3314

4418.4660,0.7037,1.8046,60.5355,0.3161

4419.4660,0.7045,1.8406,60.7124,0.3385

4420.4660,0.7055,1.8458,60.6810,0.3242

4421.4660,0.7063,1.8767,60.6956,0.3130

4422.4660,0.7073,1.8715,60.6887,0.3357

4423.4660,0.7096,1.9178,60.7548,0.3092

4424.4660,0.7096,1.8509,60.6854,0.3369

4425.4660,0.7080,1.8303,61.0792,0.3163

4426.4660,0.7086,1.8612,60.4621,0.2772

4427.4660,0.7082,1.8561,60.6118,0.3174

4428.4660,0.7096,1.8406,60.5885,0.3040

4429.4660,0.7094,1.8355,60.8619,0.3388

4430.4660,0.7090,1.8355,61.0203,0.3327

4431.4660,0.7092,1.8818,60.7949,0.3457

4432.4660,0.7086,1.8561,60.6740,0.2896

4433.4660,0.7063,1.8561,60.6684,0.3131

4434.4660,0.7065,1.8561,60.7438,0.3141

4435.4660,0.7080,1.8715,60.7352,0.2905

4436.4660,0.7086,1.8767,60.8317,0.3446

4437.4660,0.7084,1.8509,60.7376,0.3361

4438.4660,0.7080,1.8303,60.5552,0.3289

4439.4660,0.7086,1.8509,60.9786,0.3477

4440.4660,0.7096,1.8612,60.8242,0.3289

4441.4660,0.7086,1.8561,60.8715,0.3441

4442.4660,0.7086,1.8561,60.7363,0.3277

4443.4660,0.7090,1.8664,60.8058,0.3344

4444.4660,0.7086,1.8458,60.8421,0.3178

4445.4660,0.7082,1.8612,60.7222,0.3283

4446.4660,0.7075,1.8561,60.9588,0.3481

4447.4670,0.7067,1.8303,60.8654,0.3443

4448.4660,0.7061,1.8149,60.6058,0.3002

4449.4660,0.7063,1.8561,60.6510,0.3277

4450.4660,0.7071,1.8818,60.8440,0.3106

4451.4670,0.7082,1.8869,60.6761,0.3419

4452.4660,0.7096,1.8921,60.7848,0.2977

4453.4660,0.7098,1.8715,60.7950,0.3233

4454.4660,0.7112,1.8818,60.6862,0.2710

4455.4660,0.7118,1.8767,60.7883,0.3360

4456.4660,0.7116,1.8509,60.6910,0.3133

4457.4660,0.7120,1.8406,60.7031,0.3253

4458.4660,0.7122,1.8201,61.0395,0.3390

4459.4670,0.7128,1.8715,60.6262,0.3054

4460.4660,0.7102,1.8149,60.6248,0.3129

4461.4660,0.7082,1.8355,60.9656,0.3388

4462.4660,0.7077,1.8767,60.7042,0.3310

4463.4660,0.7069,1.8509,60.7889,0.3315

4464.4660,0.7059,1.8561,60.7764,0.3113

4465.4660,0.7051,1.8561,60.7789,0.3126

4466.4660,0.7063,1.8818,60.7260,0.3336

4467.4670,0.7094,1.9230,60.5984,0.3229

4468.4660,0.7114,1.8715,60.7079,0.3222

4469.4660,0.7100,1.8355,60.6597,0.3367

4470.4660,0.7116,1.8561,60.6635,0.3117

4471.4660,0.7120,1.8458,60.9061,0.3402

4472.4660,0.7116,1.8664,60.9510,0.3470

4473.4660,0.7110,1.8355,60.8720,0.3348

4474.4660,0.7120,1.8818,60.5589,0.3182

4475.4670,0.7124,1.8664,60.6458,0.3427

4476.4660,0.7114,1.8561,60.5060,0.3217

4477.4660,0.7092,1.8664,60.7416,0.3468

4478.4660,0.7078,1.8355,60.7557,0.3461

4479.4660,0.7086,1.8561,60.7921,0.3449

4480.4670,0.7088,1.8612,60.6107,0.3407

4481.4660,0.7088,1.8458,61.0193,0.3429

4482.4660,0.7088,1.8664,60.6549,0.3368

4483.4660,0.7096,1.8561,60.7496,0.3195

4484.4670,0.7124,1.9538,60.6812,0.3241

4485.4660,0.7116,1.8458,60.6536,0.3198

4486.4660,0.7114,1.8509,60.6528,0.3048

4487.4660,0.7124,1.8921,60.6726,0.2834

4488.4660,0.7132,1.8561,60.6902,0.3374

4489.4660,0.7134,1.8612,60.7273,0.3233

4490.4660,0.7130,1.8509,60.7577,0.3410

4491.4660,0.7136,1.8612,60.6466,0.3243

4492.4660,0.7112,1.8046,60.7509,0.3286

4493.4670,0.7106,1.8406,60.6888,0.3176

4494.4670,0.7077,1.8767,60.9435,0.3449

4495.4660,0.7082,1.8612,60.8735,0.3405

4496.4660,0.7073,1.8252,60.6535,0.3085

4497.4660,0.7047,1.8252,60.8323,0.3382

4498.4660,0.7063,1.8972,60.8496,0.3424

4499.4660,0.7063,1.8612,60.7994,0.3073

4500.4660,0.7063,1.8509,60.7410,0.3189

4501.4670,0.7053,1.8355,60.6464,0.3127

4502.4660,0.7073,1.8561,60.6850,0.3025

4503.4660,0.7078,1.8561,60.6331,0.3343

4504.4660,0.7075,1.8664,60.6470,0.2752

4505.4660,0.7077,1.8664,60.7809,0.3440

4506.4660,0.7080,1.8355,60.6755,0.3014

4507.4660,0.7088,1.8458,60.7568,0.3361

4508.4660,0.7063,1.8303,60.7456,0.2797

4509.4660,0.7051,1.8303,60.6023,0.3369

4510.4660,0.7051,1.8509,60.8752,0.3335

4511.4660,0.7059,1.8561,60.6843,0.3442

4512.4670,0.7065,1.8715,60.9315,0.3240

4513.4660,0.7063,1.8509,60.5907,0.2559

4514.4660,0.7069,1.8818,60.7143,0.3357

4515.4660,0.7069,1.8664,60.6662,0.3247

4516.4670,0.7067,1.8303,60.7313,0.3423

4517.4660,0.7073,1.8612,60.6963,0.3348

4518.4660,0.7084,1.8612,60.6972,0.3153

4519.4660,0.7092,1.8509,60.7993,0.3353

4520.4660,0.7090,1.8458,60.7474,0.3413

4521.4660,0.7092,1.8612,60.9809,0.3247

4522.4660,0.7096,1.8818,60.8572,0.3342

4523.4660,0.7102,1.8664,60.7234,0.3395

4524.4660,0.7128,1.9487,60.4942,0.3201

4525.4660,0.7114,1.8303,61.0078,0.3277

4526.4660,0.7122,1.8509,60.7970,0.3428

4527.4660,0.7132,1.8869,60.7048,0.3321

4528.4660,0.7114,1.8149,60.7908,0.3362

4529.4670,0.7102,1.8201,60.7755,0.3423

4530.4660,0.7116,1.8818,60.6716,0.2994

4531.4660,0.7126,1.8869,60.6586,0.3370

4532.4660,0.7104,1.8252,60.6008,0.3184

4533.4660,0.7096,1.8458,60.7772,0.3132

4534.4660,0.7065,1.8664,60.8623,0.3347

4535.4660,0.7077,1.8612,60.6734,0.3371

4536.4660,0.7084,1.8715,60.7675,0.3365

4537.4660,0.7075,1.8612,60.8881,0.3375

4538.4660,0.7090,1.8561,60.5278,0.2547

4539.4660,0.7098,1.8406,61.0124,0.3482

4540.4660,0.7094,1.8715,60.8531,0.3018

4541.4660,0.7090,1.8767,60.8286,0.3291

4542.4660,0.7100,1.8509,60.7754,0.3234

4543.4660,0.7104,1.8561,60.6912,0.2906

4544.4660,0.7063,1.7583,60.9897,0.3310

4545.4660,0.7057,1.8458,60.7846,0.3305

4546.4660,0.7059,1.8767,60.7500,0.3365

4547.4660,0.7096,1.9590,60.8431,0.3432

4548.4660,0.7112,1.8972,60.9055,0.3371

4549.4660,0.7132,1.8921,60.8052,0.2933

4550.4660,0.7120,1.8406,60.5745,0.2449

4551.4660,0.7108,1.8458,60.9687,0.2860

4552.4660,0.7114,1.8664,60.7843,0.3417

4553.4660,0.7122,1.8767,60.7284,0.3332

4554.4660,0.7166,1.8715,60.7580,0.3364

4555.4660,0.7172,1.8612,60.7330,0.3415

4556.4670,0.7142,1.7995,60.7829,0.2885

4557.4660,0.7098,1.8458,60.7015,0.3168

4558.4660,0.7094,1.8869,60.7438,0.2970

4559.4660,0.7084,1.8664,60.6002,0.3295

4560.4660,0.7096,1.8715,60.7097,0.3125

4561.4660,0.7100,1.8561,60.8040,0.3348

4562.4670,0.7102,1.8715,60.8356,0.3347

4563.4670,0.7084,1.8303,60.6427,0.3392

4564.4660,0.7077,1.8509,60.7464,0.3446

4565.4670,0.7075,1.8561,60.8253,0.3373

4566.4660,0.7106,1.8818,60.7199,0.3365

4567.4660,0.7100,1.8303,60.7843,0.3271

4568.4660,0.7084,1.8458,60.8191,0.3281

4569.4660,0.7077,1.8458,60.6738,0.3337

4570.4660,0.7055,1.8149,60.7485,0.3451

4571.4660,0.7039,1.8149,60.7625,0.3385

4572.4660,0.7029,1.8458,60.7026,0.3257

4573.4660,0.7043,1.8664,60.9501,0.3448

4574.4660,0.7051,1.8715,60.9194,0.3308

4575.4660,0.7047,1.8458,60.7134,0.3330

4576.4660,0.7039,1.8612,60.7726,0.3170

4577.4660,0.7055,1.8715,60.6899,0.3444

4578.4660,0.7059,1.8561,60.7899,0.3405

4579.4670,0.7080,1.9024,60.6687,0.3252

4580.4660,0.7094,1.8509,60.7022,0.3368

4581.4660,0.7100,1.8303,61.0194,0.3452

4582.4660,0.7098,1.8406,60.7918,0.3376

4583.4660,0.7090,1.8458,60.6727,0.3456

4584.4660,0.7090,1.8715,60.9439,0.3287

4585.4660,0.7094,1.8561,60.7194,0.3409

4586.4670,0.7086,1.8406,60.6439,0.3379

4587.4660,0.7073,1.8355,60.6087,0.3025

4588.4660,0.7073,1.8561,60.7899,0.3360

4589.4660,0.7057,1.8612,60.7538,0.3427

4590.4660,0.7061,1.8612,60.9324,0.3342

4591.4670,0.7065,1.8406,60.8572,0.3233

4592.4660,0.7071,1.8561,60.8780,0.3416

4593.4660,0.7055,1.8046,60.6461,0.3425

4594.4660,0.7043,1.8406,60.6674,0.3429

4595.4670,0.7043,1.8561,60.6867,0.3436

4596.4660,0.7051,1.8612,60.7526,0.3151

4597.4660,0.7063,1.8664,60.8923,0.3275

4598.4660,0.7063,1.8561,60.7739,0.3353

4599.4660,0.7075,1.8921,60.5391,0.3123

4600.4670,0.7033,1.7532,60.8400,0.3329

4601.4660,0.7047,1.8767,60.6482,0.3311

4602.4660,0.7047,1.8561,60.6664,0.3324

4603.4660,0.7051,1.8149,60.6823,0.3066

4604.4660,0.7055,1.8509,60.7197,0.3282

4605.4660,0.7057,1.8612,60.7174,0.3077

4606.4660,0.7045,1.8303,60.9900,0.2973

4607.4670,0.7039,1.8509,60.6544,0.3383

4608.4670,0.7039,1.8561,60.6132,0.3184

4609.4660,0.7031,1.8715,60.7630,0.3340

4610.4660,0.7078,1.8767,60.9230,0.3463

4611.4660,0.7071,1.8561,60.8402,0.3234

4612.4660,0.7073,1.8612,60.7470,0.3435

4613.4660,0.7090,1.8612,60.8277,0.3326

4614.4670,0.7088,1.8458,60.7229,0.3453

4615.4660,0.7078,1.8355,60.8746,0.2380

4616.4660,0.7092,1.8664,60.7725,0.3434

4617.4660,0.7102,1.8767,60.8686,0.3431

4618.4660,0.7110,1.8767,60.6603,0.3268

4619.4660,0.7106,1.8612,60.9810,0.2979

4620.4660,0.7108,1.8818,60.6901,0.3349

4621.4660,0.7144,1.9487,60.5960,0.3103

4622.4670,0.7136,1.8406,60.7889,0.3193

4623.4660,0.7144,1.8818,60.8418,0.3437

4624.4660,0.7150,1.8612,60.9355,0.3343

4625.4670,0.7170,1.8869,60.9557,0.3108

4626.4660,0.7160,1.8406,60.6324,0.3354

4627.4660,0.7158,1.8715,60.7915,0.2981

4628.4660,0.7150,1.8561,60.7467,0.3404

4629.4660,0.7144,1.8458,60.7280,0.3304

4630.4660,0.7128,1.8406,60.7068,0.3423

4631.4670,0.7092,1.8561,60.9869,0.3454

4632.4660,0.7102,1.8664,60.6103,0.2986

4633.4660,0.7096,1.8664,60.7966,0.3422

4634.4660,0.7102,1.8767,61.0173,0.3432

4635.4660,0.7092,1.8612,60.7129,0.3185

4636.4660,0.7090,1.8355,60.6927,0.3199

4637.4660,0.7094,1.8818,60.7547,0.3408

4638.4660,0.7082,1.8252,60.6980,0.3256

4639.4660,0.7077,1.8303,60.8930,0.3332

4640.4660,0.7084,1.8612,60.6579,0.3259

4641.4660,0.7102,1.9024,60.7626,0.3247

4642.4670,0.7094,1.8458,60.8340,0.2910

4643.4660,0.7096,1.8715,60.7836,0.3292

4644.4660,0.7094,1.8715,60.7171,0.3385

4645.4660,0.7098,1.8715,60.8772,0.3276

4646.4660,0.7118,1.8869,60.8910,0.3247

4647.4660,0.7120,1.8869,60.7787,0.3104

4648.4660,0.7132,1.8561,60.6172,0.3267

4649.4660,0.7140,1.8509,60.8419,0.3404

4650.4660,0.7132,1.8406,60.6149,0.3090

4651.4660,0.7128,1.8921,60.7211,0.3132

4652.4660,0.7136,1.8664,60.8658,0.3431

4653.4660,0.7124,1.8406,60.6958,0.3415

4654.4660,0.7106,1.8252,60.6974,0.3232

4655.4660,0.7118,1.9024,60.7741,0.3278

4656.4660,0.7094,1.8252,60.7648,0.3064

4657.4670,0.7071,1.8252,60.6843,0.3032

4658.4660,0.7069,1.8509,60.6513,0.2746

4659.4660,0.7073,1.8612,60.5855,0.3322

4660.4660,0.7078,1.8561,60.6726,0.3145

4661.4660,0.7067,1.8612,60.7995,0.2943

4662.4660,0.7063,1.8561,60.7833,0.3080

4663.4660,0.7071,1.8612,60.9919,0.3321

4664.4660,0.7069,1.8201,60.7991,0.3137

4665.4660,0.7049,1.8509,60.5027,0.2886

4666.4660,0.7069,1.8767,60.6479,0.3181

4667.4660,0.7088,1.8767,60.7298,0.2940

4668.4660,0.7088,1.8509,60.9259,0.3484

4669.4660,0.7092,1.8715,60.9225,0.3451

4670.4670,0.7090,1.8509,60.7161,0.3324

4671.4660,0.7078,1.8303,60.9777,0.3058

4672.4660,0.7082,1.8664,60.7911,0.3426

4673.4660,0.7088,1.8767,60.7559,0.3443

4674.4660,0.7092,1.8303,60.8682,0.3221

4675.4660,0.7090,1.8458,61.0215,0.3039

4676.4660,0.7088,1.8715,60.7570,0.3186

4677.4670,0.7077,1.8458,60.7265,0.3113

4678.4660,0.7078,1.8561,60.8239,0.2529

4679.4660,0.7071,1.8509,60.5976,0.3349

4680.4660,0.7073,1.8561,60.9413,0.3306

4681.4660,0.7092,1.8818,60.7341,0.3271

4682.4660,0.7104,1.8972,60.9357,0.3301

4683.4660,0.7098,1.8612,60.9672,0.3405

4684.4660,0.7106,1.8509,60.7062,0.3294

4685.4660,0.7106,1.8458,60.7932,0.3435

4686.4660,0.7100,1.8561,60.8186,0.3372

4687.4660,0.7112,1.8767,60.7199,0.3244

4688.4660,0.7122,1.8818,60.8722,0.3247

4689.4660,0.7126,1.8612,60.9570,0.3363

4690.4660,0.7134,1.8767,60.8062,0.3373

4691.4660,0.7114,1.8303,60.9151,0.3384

4692.4660,0.7100,1.8612,60.5320,0.3434

4693.4660,0.7098,1.8561,60.5922,0.2629

4694.4670,0.7102,1.8612,60.7513,0.3323

4695.4660,0.7100,1.8406,60.7020,0.3446

4696.4670,0.7104,1.8664,60.9663,0.3403

4697.4660,0.7096,1.8561,60.9722,0.3314

4698.4660,0.7106,1.9075,60.7582,0.3197

4699.4660,0.7088,1.8149,61.0811,0.3034

4700.4660,0.7092,1.8869,60.8900,0.3211

4701.4660,0.7084,1.8098,60.8628,0.3414

4702.4670,0.7096,1.8921,60.8552,0.3326

4703.4660,0.7096,1.8561,60.8629,0.3429

4704.4660,0.7094,1.8561,60.8371,0.3408

4705.4660,0.7096,1.8458,60.9464,0.3320

4706.4660,0.7106,1.8921,60.9850,0.3345

4707.4660,0.7110,1.8664,61.0044,0.3432

4708.4660,0.7090,1.8561,60.8874,0.3259

4709.4660,0.7104,1.8509,60.9471,0.2652

4710.4660,0.7108,1.8972,60.6166,0.3461

4711.4670,0.7144,1.9024,60.4656,0.3214

4712.4660,0.7128,1.8509,60.5522,0.3140

4713.4660,0.7124,1.8458,60.8607,0.3307

4714.4660,0.7128,1.8664,60.7273,0.3034

4715.4660,0.7136,1.8664,60.9646,0.3212

4716.4660,0.7114,1.8355,60.6074,0.3427

4717.4660,0.7102,1.8355,60.7364,0.3389

4718.4670,0.7104,1.8612,60.5537,0.3275

4719.4660,0.7114,1.8767,60.9113,0.3403

4720.4660,0.7082,1.8149,61.0064,0.3323

4721.4660,0.7073,1.8767,60.9828,0.3032

4722.4660,0.7075,1.8561,60.8663,0.3227

4723.4670,0.7080,1.8612,60.6071,0.3371

4724.4660,0.7071,1.8406,60.6871,0.3435

4725.4660,0.7078,1.8869,60.8012,0.3153

4726.4660,0.7075,1.8252,60.7152,0.3361

4727.4660,0.7082,1.8561,60.8387,0.3241

4728.4660,0.7078,1.8509,60.8172,0.3348

4729.4660,0.7063,1.8355,60.6321,0.2899

4730.4660,0.7120,1.9641,60.8264,0.3388

4731.4670,0.7108,1.8458,60.5368,0.2580

4732.4660,0.7130,1.9127,60.7020,0.3148

4733.4660,0.7128,1.8561,60.7561,0.3373

4734.4660,0.7148,1.8921,60.7327,0.3260

4735.4660,0.7144,1.8767,60.7769,0.3337

4736.4660,0.7164,1.8767,60.9333,0.3459

4737.4660,0.7150,1.8201,60.8804,0.3375

4738.4660,0.7128,1.7943,60.8496,0.3369

4739.4660,0.7126,1.8303,60.6718,0.3416

4740.4660,0.7092,1.8767,60.7437,0.3182

4741.4670,0.7088,1.8355,60.7841,0.3148

4742.4660,0.7075,1.8767,60.6281,0.2962

4743.4660,0.7077,1.8612,60.8825,0.3190

4744.4660,0.7067,1.8664,60.9471,0.3404

4745.4660,0.7098,1.9590,60.7865,0.3328

4746.4660,0.7094,1.8664,60.7816,0.3146

4747.4660,0.7112,1.8664,60.7371,0.2957

4748.4660,0.7136,1.8561,60.6702,0.3397

4749.4660,0.7142,1.8458,60.8012,0.3143

4750.4660,0.7134,1.8561,60.6568,0.3375

4751.4660,0.7154,1.8869,60.9217,0.3200

4752.4660,0.7152,1.8715,60.8242,0.3398

4753.4660,0.7150,1.8561,60.8321,0.3402

4754.4660,0.7154,1.8767,60.9368,0.3214

4755.4660,0.7122,1.8767,60.5982,0.3419

4756.4660,0.7138,1.9075,60.8954,0.3410

4757.4660,0.7132,1.8509,60.5987,0.3204

4758.4660,0.7142,1.8818,60.6464,0.3073

4759.4660,0.7156,1.8818,60.7791,0.3424

4760.4660,0.7154,1.8509,60.8008,0.3010

4761.4660,0.7142,1.8561,60.9633,0.3328

4762.4660,0.7142,1.8715,60.7942,0.3344

4763.4670,0.7134,1.8355,60.9180,0.3404

4764.4660,0.7130,1.8664,60.9376,0.3297

4765.4660,0.7132,1.8818,61.0306,0.3430

4766.4660,0.7114,1.8612,60.8039,0.3339

4767.4660,0.7116,1.8561,60.9606,0.3290

4768.4660,0.7106,1.8561,60.6189,0.3329

4769.4660,0.7108,1.8869,60.7597,0.3177

4770.4660,0.7110,1.8561,60.7346,0.3234

4771.4660,0.7106,1.8458,60.7339,0.3276

4772.4660,0.7122,1.9127,60.7061,0.3333

4773.4660,0.7126,1.8458,60.6755,0.3362

4774.4660,0.7104,1.8098,60.7169,0.3077

4775.4660,0.7098,1.8664,60.6925,0.3372

4776.4660,0.7094,1.8509,60.6432,0.3345

4777.4660,0.7098,1.8664,60.7156,0.3148

4778.4660,0.7084,1.8201,60.6383,0.3275

4779.4660,0.7063,1.8303,60.8844,0.3444

4780.4660,0.7084,1.9127,60.6881,0.3264

4781.4660,0.7082,1.8406,60.7304,0.2998

4782.4660,0.7075,1.8921,60.6505,0.3348

4783.4660,0.7082,1.8664,60.6969,0.3378

4784.4670,0.7114,1.8921,60.7701,0.3327

4785.4670,0.7112,1.8612,60.6661,0.2979

4786.4660,0.7110,1.8458,60.7838,0.3352

4787.4660,0.7100,1.8406,60.7755,0.3004

4788.4660,0.7120,1.8715,60.9460,0.3489

4789.4660,0.7126,1.8458,60.6939,0.3355

4790.4660,0.7104,1.8561,60.7257,0.2817

4791.4660,0.7130,1.9075,60.7842,0.3455

4792.4660,0.7118,1.8612,60.7773,0.3353

4793.4660,0.7130,1.8972,60.6568,0.3152

4794.4670,0.7108,1.8355,60.6408,0.3259

4795.4660,0.7110,1.8664,60.8633,0.3342

4796.4670,0.7116,1.8612,60.7627,0.3317

4797.4660,0.7124,1.8612,60.9247,0.3157

4798.4660,0.7122,1.8664,60.8890,0.3471

4799.4660,0.7114,1.8252,60.6380,0.3427

4800.4660,0.7112,1.8509,60.5126,0.2461

4801.4670,0.7092,1.8561,60.6448,0.3248

4802.4660,0.7092,1.8612,60.6710,0.3424

4803.4660,0.7073,1.8458,60.7733,0.3240

4804.4660,0.7080,1.8561,60.8882,0.3411

4805.4660,0.7071,1.8406,60.6637,0.3133

4806.4660,0.7077,1.8767,60.8033,0.3348

4807.4660,0.7078,1.8664,60.8072,0.3070

4808.4660,0.7092,1.9024,60.7281,0.3151

4809.4660,0.7106,1.8612,60.6772,0.3437

4810.4660,0.7104,1.8458,60.7757,0.2845

4811.4660,0.7114,1.8818,60.8062,0.3460

4812.4660,0.7120,1.8767,60.8305,0.3442

4813.4660,0.7124,1.8561,60.7913,0.3452

4814.4670,0.7118,1.8406,60.8387,0.2884

4815.4660,0.7136,1.8869,60.9794,0.3244

4816.4660,0.7142,1.8921,60.9115,0.3252

4817.4660,0.7128,1.8303,60.5343,0.3231

4818.4660,0.7100,1.8303,60.6244,0.3091

4819.4660,0.7100,1.8612,60.6142,0.3255

4820.4670,0.7102,1.8509,60.6966,0.3308

4821.4660,0.7096,1.8664,60.7726,0.3434

4822.4660,0.7082,1.8406,60.9631,0.3454

4823.4660,0.7080,1.8509,60.7460,0.3315

4824.4660,0.7106,1.9075,60.7542,0.3263

4825.4660,0.7090,1.8458,60.8227,0.3349

4826.4660,0.7092,1.8972,60.7155,0.3413

4827.4660,0.7104,1.8612,60.8689,0.3411

4828.4660,0.7132,1.9024,60.8304,0.3449

4829.4660,0.7144,1.8921,60.8345,0.3321

4830.4660,0.7142,1.8458,60.6973,0.3441

4831.4660,0.7136,1.8509,60.7927,0.3236

4832.4660,0.7150,1.8767,60.7919,0.3459

4833.4670,0.7144,1.8355,61.0147,0.3358

4834.4660,0.7122,1.8509,60.8452,0.3287

4835.4660,0.7134,1.8767,60.7072,0.3409

4836.4660,0.7144,1.9230,60.6834,0.3442

4837.4660,0.7162,1.9075,60.2028,0.2660

4838.4660,0.7150,1.8715,60.7424,0.3088

4839.4660,0.7136,1.8561,60.8604,0.2954

4840.4660,0.7134,1.8406,60.6441,0.3192

4841.4660,0.7120,1.8149,60.7719,0.3356

4842.4670,0.7112,1.8561,60.9823,0.3379

4843.4660,0.7120,1.8561,60.9820,0.3418

4844.4660,0.7136,1.8921,60.8536,0.3113

4845.4660,0.7128,1.8561,60.7514,0.2955

4846.4660,0.7100,1.8509,60.8368,0.3326

4847.4660,0.7086,1.8715,60.6309,0.3281

4848.4660,0.7071,1.8303,60.9293,0.3362

4849.4660,0.7049,1.7995,60.7948,0.2678

4850.4670,0.7082,1.9281,60.8471,0.3234

4851.4660,0.7094,1.8458,60.7125,0.3065

4852.4660,0.7094,1.8561,60.5912,0.2782

4853.4660,0.7096,1.8612,61.0177,0.3394

4854.4670,0.7078,1.8458,60.7683,0.3406

4855.4660,0.7077,1.8509,60.8002,0.3089

4856.4660,0.7090,1.8869,60.8848,0.3171

4857.4660,0.7092,1.8767,60.7415,0.3244

4858.4660,0.7088,1.8201,60.7379,0.3289

4859.4660,0.7106,1.8458,60.9152,0.3455

4860.4660,0.7080,1.8612,60.8692,0.3167

4861.4660,0.7075,1.8303,60.6913,0.3414

4862.4660,0.7084,1.8818,60.7089,0.3416

4863.4660,0.7088,1.8715,60.9021,0.3282

4864.4660,0.7080,1.8252,60.7055,0.3390

4865.4660,0.7098,1.8972,60.6558,0.3210

4866.4660,0.7078,1.8355,60.9681,0.3332

4867.4660,0.7071,1.8561,60.8272,0.3443

4868.4660,0.7088,1.8664,60.8501,0.3422

4869.4660,0.7100,1.8767,60.8579,0.3158

4870.4660,0.7090,1.8355,60.9526,0.3424

4871.4660,0.7090,1.8303,61.0272,0.3270

4872.4660,0.7077,1.8458,60.7683,0.3331

4873.4660,0.7069,1.8509,60.7017,0.3409

4874.4670,0.7088,1.8767,60.6222,0.3414

4875.4660,0.7067,1.8406,60.6588,0.3214

4876.4660,0.7084,1.8818,60.8238,0.3183

4877.4660,0.7080,1.8458,60.7747,0.3383

4878.4670,0.7071,1.8406,60.7094,0.3272

4879.4660,0.7061,1.8509,60.8531,0.3025

4880.4660,0.7069,1.8561,60.9210,0.3294

4881.4670,0.7075,1.8458,60.9881,0.3368

4882.4660,0.7082,1.8664,60.6922,0.3056

4883.4670,0.7084,1.8561,60.7385,0.3411

4884.4660,0.7080,1.8664,60.7052,0.3064

4885.4660,0.7096,1.8818,60.7089,0.3213

4886.4660,0.7118,1.9384,60.8903,0.3389

4887.4660,0.7120,1.8509,60.6563,0.3424

4888.4660,0.7132,1.8715,60.7567,0.3341

4889.4660,0.7144,1.8818,60.9621,0.3421

4890.4660,0.7144,1.8561,60.7904,0.3300

4891.4660,0.7150,1.8612,60.6145,0.2998

4892.4660,0.7136,1.8303,60.7122,0.3412

4893.4660,0.7128,1.8355,60.8229,0.3432

4894.4660,0.7138,1.8921,60.6823,0.3256

4895.4660,0.7146,1.9024,60.7811,0.3382

4896.4660,0.7112,1.8509,60.8715,0.2798

4897.4660,0.7124,1.8818,60.8957,0.3289

4898.4660,0.7132,1.8921,60.4129,0.3019

4899.4670,0.7114,1.8355,60.9668,0.3438

4900.4660,0.7124,1.8818,60.7938,0.2935

4901.4660,0.7128,1.8715,60.4877,0.2717

4902.4660,0.7132,1.8406,60.8871,0.3160

4903.4660,0.7138,1.8509,60.5868,0.3288

4904.4660,0.7132,1.8767,60.7362,0.3014

4905.4660,0.7110,1.8458,60.6035,0.3323

4906.4660,0.7110,1.8509,60.8207,0.3311

4907.4660,0.7112,1.8869,60.9309,0.3373

4908.4660,0.7100,1.8612,60.5856,0.3079

4909.4660,0.7106,1.8509,60.9384,0.3335

4910.4660,0.7088,1.8355,60.8766,0.3398

4911.4660,0.7080,1.8509,60.6897,0.3378

4912.4660,0.7090,1.8664,60.6070,0.3453

4913.4660,0.7098,1.8715,60.6866,0.3202

4914.4660,0.7094,1.8664,60.8608,0.3361

4915.4660,0.7102,1.8664,60.6183,0.3390

4916.4660,0.7114,1.8818,60.7688,0.3416

4917.4660,0.7098,1.8458,60.6349,0.2644

4918.4670,0.7102,1.8715,60.8772,0.3445

4919.4660,0.7090,1.8201,60.6363,0.3314

4920.4660,0.7110,1.8869,60.6944,0.3326

4921.4660,0.7118,1.8715,60.6989,0.3294

4922.4670,0.7118,1.8664,60.6418,0.3192

4923.4660,0.7108,1.8458,60.6971,0.3370

4924.4660,0.7108,1.8664,60.8488,0.3318

4925.4660,0.7108,1.8664,60.7299,0.3250

4926.4660,0.7098,1.8561,60.7782,0.3316

4927.4670,0.7106,1.8664,60.6562,0.3404

4928.4670,0.7106,1.8715,60.6654,0.3133

4929.4660,0.7082,1.7583,60.8184,0.3412

4930.4660,0.7065,1.8406,60.6952,0.3396

4931.4660,0.7057,1.8509,60.9300,0.3179

4932.4660,0.7053,1.8561,60.6349,0.3192

4933.4660,0.7051,1.8406,60.9420,0.3438

4934.4660,0.7031,1.8149,60.8173,0.3392

4935.4660,0.7023,1.8458,60.8214,0.2979

4936.4660,0.7007,1.8149,60.9888,0.2988

4937.4660,0.7007,1.8664,60.7118,0.3357

4938.4660,0.7011,1.8818,60.5776,0.3381

4939.4660,0.7075,1.9230,60.6826,0.3403

4940.4660,0.7086,1.8715,60.8475,0.3340

4941.4660,0.7100,1.8869,61.0868,0.3263

4942.4660,0.7102,1.8612,60.5850,0.2779

4943.4660,0.7106,1.8509,60.6027,0.2761

4944.4660,0.7130,1.8767,60.7572,0.3252

4945.4660,0.7130,1.8458,60.6876,0.2728

4946.4660,0.7140,1.8406,60.6948,0.3358

4947.4660,0.7128,1.8355,60.7874,0.3343

4948.4660,0.7132,1.8921,60.7518,0.3359

4949.4660,0.7106,1.8561,60.5564,0.2992

4950.4660,0.7098,1.8509,60.6652,0.3438

4951.4660,0.7086,1.8561,60.6450,0.3291

4952.4660,0.7094,1.8818,60.7098,0.3420

4953.4660,0.7084,1.8252,60.9010,0.3254

4954.4660,0.7080,1.8664,60.6908,0.3083

4955.4670,0.7088,1.8664,60.6487,0.3388

4956.4670,0.7102,1.8767,60.7357,0.3394

4957.4660,0.7104,1.8406,60.9956,0.3427

4958.4660,0.7088,1.8509,60.8547,0.3184

4959.4660,0.7090,1.8612,60.5322,0.3025

4960.4670,0.7114,1.9127,60.6479,0.3132

4961.4660,0.7118,1.8664,60.9945,0.3343

4962.4660,0.7120,1.8869,60.9268,0.3131

4963.4660,0.7130,1.8509,60.7613,0.3110

4964.4660,0.7126,1.8561,60.9207,0.3448

4965.4660,0.7124,1.8612,60.5586,0.3408

4966.4660,0.7114,1.8509,60.7148,0.3353

4967.4660,0.7120,1.8561,60.7872,0.3302

4968.4660,0.7132,1.8818,60.5959,0.2732

4969.4660,0.7138,1.8767,60.5697,0.3192

4970.4660,0.7116,1.8561,60.7924,0.3313

4971.4660,0.7106,1.8406,60.9007,0.3238

4972.4660,0.7106,1.8869,60.4775,0.2875

4973.4660,0.7100,1.8355,60.8567,0.3399

4974.4660,0.7106,1.8715,60.8177,0.3407

4975.4660,0.7100,1.8458,60.6987,0.3231

4976.4660,0.7100,1.8509,60.9062,0.3081

4977.4660,0.7096,1.8458,60.7028,0.3352

4978.4700,0.7094,1.8767,60.9435,0.3431

4979.4660,0.7110,1.9178,60.8795,0.3471

4980.4660,0.7114,1.8664,60.7166,0.3024

4981.4660,0.7132,1.8869,60.5782,0.3350

4982.4670,0.7112,1.8355,60.6972,0.3277

4983.4660,0.7130,1.8818,60.5921,0.3147

4984.4660,0.7118,1.8406,60.6726,0.3119

4985.4660,0.7120,1.8509,60.6433,0.3171

4986.4660,0.7118,1.8458,60.8315,0.3426

4987.4660,0.7126,1.8664,60.8256,0.3405

4988.4660,0.7112,1.8406,60.7721,0.3164

4989.4660,0.7073,1.8149,60.5768,0.3244

4990.4660,0.7059,1.8303,60.8599,0.3420

4991.4660,0.7041,1.8406,60.9303,0.3417

4992.4660,0.7049,1.8561,60.6534,0.3126

4993.4660,0.7043,1.8664,60.6841,0.3398

4994.4660,0.7047,1.8509,60.7074,0.3308

4995.4660,0.7045,1.8458,60.7125,0.3327

4996.4660,0.7051,1.8612,60.5366,0.3122

4997.4670,0.7090,1.9693,60.9630,0.3278

4998.4660,0.7106,1.8818,60.6743,0.3199

4999.4660,0.7120,1.8509,60.7071,0.3437

5000.4670,0.7124,1.8406,60.5694,0.2839

5001.4660,0.7132,1.8612,60.7154,0.3198

5002.4660,0.7138,1.8715,60.9637,0.3186

5003.4660,0.7140,1.8715,60.8120,0.3447

5004.4660,0.7148,1.8715,60.8136,0.3281

5005.4660,0.7164,1.8869,60.6253,0.3215

5006.4660,0.7160,1.8509,60.6364,0.3345

5007.4660,0.7120,1.8664,60.8639,0.3381

5008.4660,0.7140,1.9333,60.6782,0.3419

5009.4660,0.7146,1.8664,60.7886,0.3225

5010.4660,0.7176,1.9178,60.6330,0.3301

5011.4660,0.7164,1.8303,60.9127,0.3282

5012.4660,0.7156,1.8509,60.6873,0.3276

5013.4660,0.7166,1.8972,60.8139,0.3320

5014.4670,0.7166,1.8715,60.8174,0.3377

5015.4660,0.7162,1.8767,60.7725,0.3368

5016.4660,0.7160,1.8458,60.9186,0.3037

5017.4660,0.7164,1.8767,60.7697,0.3356

5018.4660,0.7140,1.8715,60.8465,0.3309

5019.4660,0.7132,1.8458,60.7521,0.3126

5020.4660,0.7098,1.8303,60.7452,0.3108

5021.4660,0.7114,1.8715,60.9666,0.3308

5022.4660,0.7114,1.8509,61.0267,0.3375

5023.4660,0.7088,1.8303,60.8389,0.3298

5024.4670,0.7084,1.8612,60.5830,0.3357

5025.4660,0.7098,1.9127,60.9161,0.3317

5026.4660,0.7102,1.8561,60.7278,0.3450

5027.4670,0.7078,1.8149,60.6809,0.3431

5028.4670,0.7073,1.8561,60.6054,0.3348

5029.4660,0.7082,1.8715,60.9329,0.2961

5030.4660,0.7112,1.9075,60.6170,0.2767

5031.4660,0.7100,1.8406,60.6670,0.3141

5032.4660,0.7110,1.8767,60.6623,0.3450

5033.4660,0.7154,1.9435,60.6497,0.3265

5034.4660,0.7144,1.8355,60.6524,0.3277

5035.4660,0.7128,1.8715,60.6358,0.2974

5036.4660,0.7134,1.8715,60.6395,0.3232

5037.4660,0.7158,1.8767,60.8063,0.3328

5038.4660,0.7188,1.9333,60.6565,0.3323

5039.4660,0.7170,1.8252,60.6824,0.3398

5040.4660,0.7156,1.8715,60.6216,0.3426

5041.4660,0.7158,1.8458,60.7465,0.3446

5042.4660,0.7128,1.7995,60.6574,0.3383

5043.4660,0.7092,1.8509,60.7514,0.3446

5044.4660,0.7116,1.8972,60.7065,0.3315

5045.4660,0.7108,1.8509,60.8969,0.3178

5046.4660,0.7098,1.8458,60.7250,0.3195

5047.4660,0.7092,1.8612,60.7002,0.3417

5048.4660,0.7063,1.8561,60.8704,0.3114

5049.4660,0.7086,1.8869,60.8694,0.3320

5050.4660,0.7078,1.8509,60.8076,0.3373

5051.4660,0.7086,1.8664,60.9412,0.3354

5052.4660,0.7112,1.8664,60.9569,0.3370

5053.4660,0.7114,1.8561,60.8149,0.3323

5054.4660,0.7102,1.8664,60.7276,0.3410

5055.4670,0.7106,1.8612,61.0170,0.3416

5056.4660,0.7096,1.8201,60.6260,0.3373

5057.4660,0.7086,1.8355,60.7817,0.3296

5058.4660,0.7082,1.8458,60.7473,0.3351

5059.4660,0.7057,1.8201,60.6662,0.2774

5060.4670,0.7063,1.8664,61.0583,0.3323

5061.4660,0.7069,1.8818,60.8138,0.3449

5062.4660,0.7053,1.8252,60.9962,0.3310

5063.4660,0.7047,1.8406,60.7947,0.3241

5064.4660,0.7037,1.8406,60.9305,0.3318

5065.4660,0.7043,1.8767,60.8785,0.3288

5066.4670,0.7047,1.8303,60.8381,0.3426

5067.4660,0.7047,1.8355,60.7861,0.3273

5068.4660,0.7039,1.8252,60.7419,0.3111

5069.4660,0.7061,1.8767,60.6204,0.3342

5070.4660,0.7053,1.8458,60.9041,0.3327

5071.4660,0.7045,1.8612,60.6049,0.3311

5072.4670,0.7053,1.8458,60.6446,0.3419

5073.4660,0.7055,1.8458,60.7349,0.3404

5074.4660,0.7065,1.8664,60.6136,0.2924

5075.4660,0.7063,1.8715,60.7847,0.3229

5076.4660,0.7067,1.8406,60.7408,0.3377

5077.4660,0.7096,1.9127,60.6683,0.3276

5078.4660,0.7122,1.8921,60.6790,0.3358

5079.4660,0.7114,1.8561,60.7745,0.3424

5080.4660,0.7112,1.8406,60.6469,0.2868

5081.4660,0.7094,1.8149,60.8895,0.3307

5082.4660,0.7080,1.8098,60.6241,0.3344

5083.4660,0.7092,1.8767,60.6939,0.3325

5084.4660,0.7084,1.8458,61.0440,0.3381

5085.4660,0.7096,1.9024,60.7683,0.3055

5086.4660,0.7104,1.8612,60.8085,0.3421

5087.4660,0.7090,1.8767,60.5847,0.3025

5088.4660,0.7073,1.8458,60.6284,0.2990

5089.4660,0.7098,1.9230,60.8371,0.3425

5090.4660,0.7108,1.8664,60.9765,0.3175

5091.4660,0.7122,1.8509,60.9361,0.3361

5092.4670,0.7124,1.8149,60.7951,0.3197

5093.4660,0.7110,1.8406,60.9241,0.3472

5094.4660,0.7104,1.8303,60.7750,0.3439

5095.4660,0.7090,1.8664,60.8306,0.3305

5096.4660,0.7090,1.8612,60.6824,0.3429

5097.4670,0.7090,1.8767,60.6875,0.3279

5098.4660,0.7090,1.8458,60.7141,0.3379

5099.4660,0.7067,1.8612,60.7819,0.3362

5100.4660,0.7065,1.8612,60.9520,0.3287

5101.4670,0.7067,1.8561,60.7714,0.3320

5102.4660,0.7080,1.8509,60.8215,0.2861

5103.4660,0.7080,1.8406,60.8898,0.3429

5104.4660,0.7092,1.8612,60.7659,0.3084

5105.4660,0.7061,1.7840,60.6912,0.3439

5106.4670,0.7067,1.8767,60.6339,0.3017

5107.4660,0.7061,1.8612,60.7619,0.3285

5108.4660,0.7049,1.8149,60.8263,0.3009

5109.4660,0.7047,1.8561,60.7297,0.2907

5110.4670,0.7045,1.8561,60.9668,0.3421

5111.4660,0.7047,1.8612,60.8439,0.3370

5112.4660,0.7037,1.8252,60.7575,0.3295

5113.4660,0.7043,1.8561,60.6459,0.3223

5114.4670,0.7033,1.8355,60.6611,0.3190

5115.4660,0.7084,1.9178,60.5851,0.3314

5116.4660,0.7080,1.8664,60.6445,0.2761

5117.4670,0.7071,1.8355,60.8105,0.3149

5118.4660,0.7120,1.9435,60.6672,0.3234

5119.4660,0.7130,1.8818,60.9803,0.3120

5120.4660,0.7132,1.8612,60.8506,0.3134

5121.4660,0.7130,1.8561,60.8264,0.3437

5122.4660,0.7158,1.8972,60.8908,0.3358

5123.4670,0.7158,1.8561,60.8481,0.3263

5124.4660,0.7168,1.8612,60.7887,0.3398

5125.4660,0.7132,1.8252,60.6854,0.3244

5126.4660,0.7120,1.8355,60.7510,0.3378

5127.4660,0.7132,1.8664,60.8524,0.3202

5128.4660,0.7082,1.8149,61.0032,0.3415

5129.4660,0.7077,1.8664,60.9901,0.3300

5130.4670,0.7071,1.8458,60.8572,0.3298

5131.4670,0.7065,1.8406,60.8243,0.3386

5132.4670,0.7071,1.9127,60.5524,0.3151

5133.4660,0.7057,1.8201,60.7068,0.3405

5134.4660,0.7047,1.8355,60.7586,0.3250

5135.4660,0.7069,1.8818,60.7073,0.3119

5136.4670,0.7078,1.8612,60.7034,0.3140

5137.4660,0.7075,1.8561,60.5597,0.3286

5138.4660,0.7069,1.7995,60.9107,0.3459

5139.4660,0.7067,1.8612,60.6859,0.3104

5140.4660,0.7061,1.8303,60.6795,0.3381

5141.4660,0.7077,1.8818,60.7761,0.3360

5142.4660,0.7041,1.8201,60.7287,0.3364

5143.4670,0.7049,1.8406,60.7414,0.2876

5144.4660,0.7069,1.8869,60.7558,0.3313

5145.4660,0.7061,1.8612,60.7519,0.3417

5146.4660,0.7080,1.9127,60.8023,0.3434

5147.4660,0.7092,1.8869,60.8860,0.3278

5148.4660,0.7110,1.8458,60.7821,0.3282

5149.4660,0.7102,1.8406,60.5892,0.3241

5150.4660,0.7110,1.8509,60.6512,0.3347

5151.4660,0.7116,1.8972,60.7003,0.3441

5152.4660,0.7160,1.9333,60.7341,0.3439

5153.4670,0.7162,1.8458,60.6551,0.3390

5154.4660,0.7144,1.8406,60.7119,0.3402

5155.4660,0.7142,1.8561,60.8216,0.3283

5156.4660,0.7122,1.8612,60.7364,0.3038

5157.4660,0.7094,1.8149,60.7994,0.3151

5158.4660,0.7096,1.8509,60.7974,0.3260

5159.4660,0.7102,1.8561,60.8029,0.3417

5160.4660,0.7108,1.8664,60.5663,0.3255

5161.4660,0.7098,1.8715,60.7452,0.3222

5162.4660,0.7073,1.8664,60.8926,0.3224

5163.4660,0.7077,1.8561,60.5436,0.3230

5164.4670,0.7077,1.8406,60.6546,0.3313

5165.4660,0.7071,1.8406,60.5839,0.3300

5166.4660,0.7071,1.8612,60.7548,0.3235

5167.4660,0.7102,1.8972,60.7282,0.3412

5168.4660,0.7096,1.8355,60.5508,0.3120

5169.4660,0.7098,1.8612,60.6336,0.3306

5170.4660,0.7112,1.9024,61.0350,0.3437

5171.4660,0.7100,1.8406,60.8637,0.3423

5172.4670,0.7094,1.8509,60.7226,0.3221

5173.4660,0.7078,1.8149,60.7496,0.3403

5174.4670,0.7082,1.8509,60.7366,0.2997

5175.4660,0.7090,1.8612,60.8271,0.3080

5176.4660,0.7078,1.8303,60.6553,0.3087

5177.4660,0.7065,1.8612,60.8749,0.3369

5178.4660,0.7075,1.8612,60.8689,0.3175

5179.4660,0.7069,1.8458,60.7354,0.3176

5180.4670,0.7041,1.8303,60.6904,0.3299

5181.4660,0.7049,1.8612,60.6921,0.3264

5182.4660,0.7029,1.7995,60.7380,0.3306

5183.4660,0.7049,1.8664,60.8258,0.3330

5184.4660,0.7065,1.8921,60.6803,0.3292

5185.4660,0.7077,1.8921,60.6479,0.3215

5186.4660,0.7082,1.8458,60.9732,0.3470

5187.4660,0.7075,1.8406,60.7813,0.3290

5188.4660,0.7077,1.8664,60.7665,0.3156

5189.4660,0.7092,1.8869,60.8469,0.3391

5190.4660,0.7104,1.8612,60.5011,0.2784

5191.4660,0.7102,1.8561,60.7349,0.3326

5192.4660,0.7132,1.8767,60.6992,0.3179

5193.4660,0.7130,1.8612,60.6302,0.3417

5194.4660,0.7118,1.8612,60.5231,0.3416

5195.4660,0.7106,1.8612,61.0566,0.3217

5196.4660,0.7114,1.8664,60.9355,0.3255

5197.4660,0.7130,1.8818,60.9193,0.3408

5198.4660,0.7120,1.8406,60.8586,0.3207

5199.4660,0.7098,1.8303,60.6163,0.3370

5200.4660,0.7092,1.8458,60.6846,0.2524

5201.4660,0.7086,1.8406,60.6923,0.3177

5202.4660,0.7082,1.8664,60.8733,0.3410

5203.4660,0.7075,1.8406,60.7160,0.3399

5204.4660,0.7086,1.8921,60.9171,0.3404

5205.4660,0.7075,1.8303,60.7559,0.3167

5206.4660,0.7069,1.8509,60.7445,0.3255

5207.4660,0.7061,1.8612,60.6350,0.3081

5208.4660,0.7063,1.8458,61.0178,0.3293

5209.4660,0.7078,1.8715,60.8548,0.3215

5210.4660,0.7086,1.8664,60.8016,0.3337

5211.4660,0.7092,1.8561,60.5699,0.3130

5212.4660,0.7080,1.8355,60.8024,0.3304

5213.4660,0.7090,1.8664,60.9127,0.3438

5214.4660,0.7075,1.8509,60.5078,0.3254

5215.4660,0.7084,1.8561,60.7995,0.3366

5216.4660,0.7090,1.8664,60.9645,0.3437

5217.4660,0.7078,1.8303,60.8099,0.3168

5218.4660,0.7094,1.8869,60.7411,0.3122

5219.4660,0.7080,1.8355,60.7819,0.3128

5220.4670,0.7073,1.8458,60.5696,0.3024

5221.4660,0.7067,1.8406,60.8911,0.3380

5222.4660,0.7080,1.8715,60.8620,0.3339

5223.4660,0.7088,1.8869,60.6715,0.3363

5224.4660,0.7104,1.8921,60.6466,0.3282

5225.4660,0.7106,1.8612,60.7034,0.3213

5226.4660,0.7108,1.8715,60.6126,0.2991

5227.4660,0.7108,1.8303,60.7941,0.3259

5228.4660,0.7102,1.8715,60.8735,0.2737

5229.4660,0.7112,1.8612,60.8176,0.3431

5230.4660,0.7130,1.8921,60.7221,0.3286

5231.4660,0.7124,1.8252,60.9180,0.3057

5232.4660,0.7128,1.8818,60.7778,0.3411

5233.4660,0.7128,1.8869,60.8178,0.3048

5234.4660,0.7110,1.8458,60.8470,0.3031

5235.4660,0.7118,1.8818,60.6966,0.3396

5236.4660,0.7104,1.8355,60.7306,0.3306

5237.4660,0.7106,1.8355,60.7394,0.3415

5238.4660,0.7108,1.8767,60.7735,0.3284

5239.4660,0.7055,1.7223,60.6763,0.3178

5240.4670,0.7039,1.8509,61.0465,0.3405

5241.4660,0.7039,1.8252,60.7828,0.3404

5242.4660,0.7027,1.8509,61.0947,0.2783

5243.4670,0.7009,1.8406,60.7456,0.3323

5244.4670,0.7003,1.8303,60.8358,0.3224

5245.4660,0.7001,1.8767,60.7551,0.2570

5246.4660,0.6997,1.8252,60.7557,0.3365

5247.4660,0.7003,1.8509,60.7070,0.3105

5248.4660,0.7001,1.8715,60.7111,0.3420

5249.4660,0.7049,1.8458,60.5649,0.3007

5250.4670,0.7049,1.8509,61.0345,0.3438

5251.4660,0.7065,1.8664,60.8283,0.3346

5252.4660,0.7065,1.8509,60.7154,0.3329

5253.4660,0.7078,1.8767,60.6906,0.3044

5254.4660,0.7084,1.8458,60.9726,0.3368

5255.4660,0.7075,1.8509,60.8823,0.3250

5256.4660,0.7118,1.9384,60.9526,0.3141

5257.4660,0.7124,1.8664,61.0961,0.3423

5258.4670,0.7108,1.8303,60.7264,0.3382

5259.4660,0.7098,1.8201,60.9203,0.3041

5260.4660,0.7114,1.8921,60.5794,0.3386

5261.4660,0.7118,1.8767,60.5653,0.2608

5262.4660,0.7132,1.8869,60.7733,0.3445

5263.4660,0.7128,1.8664,60.6886,0.3264

5264.4660,0.7132,1.8561,60.8174,0.3409

5265.4660,0.7134,1.8561,60.8014,0.3415

5266.4660,0.7112,1.8818,60.8261,0.3441

5267.4660,0.7094,1.8201,60.8222,0.3330

5268.4660,0.7104,1.8561,60.6371,0.3241

5269.4660,0.7098,1.8046,60.8951,0.2722

5270.4660,0.7088,1.8664,60.9762,0.2950

5271.4660,0.7078,1.8509,60.8232,0.3235

5272.4660,0.7067,1.8561,60.8649,0.3265

5273.4660,0.7067,1.8664,60.9106,0.3356

5274.4660,0.7088,1.9127,60.6721,0.3433

5275.4660,0.7084,1.8458,60.8419,0.3426

5276.4660,0.7075,1.8561,60.8488,0.3357

5277.4660,0.7092,1.8664,60.7907,0.3445

5278.4660,0.7096,1.8664,60.7175,0.3272

5279.4660,0.7116,1.8561,60.6276,0.3275

5280.4660,0.7108,1.8458,60.6252,0.3305

5281.4660,0.7116,1.8715,60.7270,0.3274

5282.4660,0.7116,1.8561,60.7924,0.3441

5283.4660,0.7130,1.9024,60.8524,0.3032

5284.4660,0.7110,1.8612,60.7460,0.3236

5285.4660,0.7110,1.8458,60.6290,0.2595

5286.4670,0.7108,1.8509,60.6724,0.3029

5287.4660,0.7124,1.9075,60.7481,0.3410

5288.4660,0.7128,1.8767,60.6663,0.3151

5289.4660,0.7152,1.9178,60.8351,0.3309

5290.4660,0.7150,1.8406,60.6730,0.2996

5291.4660,0.7130,1.8201,60.7865,0.3452

5292.4660,0.7122,1.8355,60.8704,0.3286

5293.4660,0.7108,1.8664,60.7512,0.3336

5294.4660,0.7098,1.8355,60.9196,0.3468

5295.4660,0.7116,1.8921,60.7219,0.3102

5296.4660,0.7120,1.8612,60.7229,0.3333

5297.4670,0.7100,1.8561,60.9084,0.3325

5298.4660,0.7094,1.8612,60.8262,0.3366

5299.4670,0.7069,1.8509,60.7972,0.3305

5300.4660,0.7071,1.8458,60.7250,0.3080

5301.4660,0.7088,1.8664,60.6238,0.3373

5302.4660,0.7114,1.9024,60.9436,0.3433

5303.4660,0.7100,1.8303,60.9103,0.3389

5304.4660,0.7106,1.8509,60.6266,0.2918

5305.4660,0.7090,1.8509,60.6981,0.3369

5306.4660,0.7086,1.8509,60.6744,0.3344

5307.4660,0.7075,1.8252,60.7700,0.3334

5308.4660,0.7063,1.8303,60.7492,0.3399

5309.4660,0.7102,1.9538,60.6337,0.3417

5310.4660,0.7102,1.8458,60.7524,0.3388

5311.4660,0.7096,1.8509,60.8645,0.3192

5312.4660,0.7092,1.8921,60.6390,0.3255

5313.4660,0.7106,1.8664,60.5341,0.2721

5314.4660,0.7102,1.8406,61.0274,0.3348

5315.4670,0.7112,1.8767,60.7686,0.3267

5316.4660,0.7110,1.8458,60.8074,0.3322

5317.4660,0.7116,1.8406,60.7661,0.3446

5318.4660,0.7134,1.8767,60.5413,0.3441

5319.4660,0.7104,1.8767,60.7009,0.3304

5320.4660,0.7104,1.8458,60.7100,0.3366

5321.4660,0.7100,1.8406,60.6715,0.3425

5322.4660,0.7084,1.8509,60.8028,0.3064

5323.4660,0.7071,1.8303,60.7711,0.3369

5324.4660,0.7082,1.8715,61.0156,0.3340

5325.4670,0.7069,1.8406,60.8451,0.3246

5326.4660,0.7080,1.8767,60.6171,0.3157

5327.4660,0.7092,1.8715,60.7262,0.3319

5328.4660,0.7092,1.8767,61.0394,0.3464

5329.4670,0.7082,1.8509,61.1109,0.3247

5330.4660,0.7088,1.8612,60.8107,0.3447

5331.4660,0.7094,1.8561,60.7766,0.3352

5332.4660,0.7112,1.8972,60.8359,0.3174

5333.4660,0.7120,1.8509,60.5971,0.3073

5334.4660,0.7100,1.8201,60.8563,0.3439

5335.4660,0.7094,1.8252,60.9774,0.3446

5336.4670,0.7086,1.8561,60.6304,0.2998

5337.4660,0.7080,1.8561,61.0122,0.3435

5338.4660,0.7075,1.8612,60.6205,0.2802

5339.4660,0.7120,1.9693,60.7894,0.3272

5340.4660,0.7122,1.8664,60.6669,0.3035

5341.4670,0.7116,1.8406,60.8785,0.3004

5342.4660,0.7104,1.8664,60.7928,0.3408

5343.4660,0.7110,1.8664,60.6320,0.3375

5344.4660,0.7124,1.8561,60.7941,0.3405

5345.4660,0.7128,1.8355,61.0076,0.3440

5346.4660,0.7128,1.8561,60.4860,0.3155

5347.4660,0.7138,1.8818,60.8911,0.3420

5348.4660,0.7134,1.8509,60.8304,0.3344

5349.4660,0.7088,1.8509,60.7106,0.3353

5350.4660,0.7061,1.7943,60.6890,0.3383

5351.4660,0.7065,1.8509,60.7917,0.3348

5352.4660,0.7063,1.8612,60.8628,0.2972

5353.4660,0.7053,1.8406,60.8195,0.3392

5354.4660,0.7055,1.8612,60.8510,0.3215

5355.4660,0.7073,1.8818,60.9958,0.3300

5356.4660,0.7084,1.8869,60.7694,0.3078

5357.4660,0.7067,1.8355,60.7664,0.2990

5358.4660,0.7065,1.8458,60.8101,0.3425

5359.4660,0.7065,1.8509,60.7651,0.3407

5360.4660,0.7084,1.8458,60.9035,0.3279

5361.4660,0.7084,1.8509,60.6857,0.3432

5362.4660,0.7100,1.9024,60.6656,0.3413

5363.4660,0.7106,1.8561,60.4387,0.2344

5364.4660,0.7110,1.8715,60.7185,0.3288

5365.4670,0.7094,1.8406,60.6515,0.3048

5366.4660,0.7077,1.8406,60.7060,0.3443

5367.4660,0.7096,1.8869,60.6858,0.2887

5368.4660,0.7102,1.8612,60.7240,0.3397

5369.4670,0.7110,1.8715,60.7386,0.3256

5370.4660,0.7098,1.8149,60.7415,0.3335

5371.4660,0.7108,1.8767,60.6720,0.3223

5372.4660,0.7094,1.8664,60.6335,0.3349

5373.4660,0.7102,1.8767,60.7425,0.3456

5374.4660,0.7055,1.7480,60.9466,0.3183

5375.4660,0.7049,1.8252,60.8985,0.3378

5376.4660,0.7055,1.8561,60.7280,0.3327

5377.4660,0.7043,1.8561,60.8426,0.3239

5378.4660,0.7051,1.8818,60.6987,0.2976

5379.4660,0.7015,1.7789,60.9629,0.3468

5380.4670,0.7017,1.8201,60.8584,0.3402

5381.4660,0.7013,1.8664,60.8823,0.3442

5382.4660,0.7005,1.8458,60.9690,0.3432

5383.4660,0.7005,1.8767,60.5426,0.3149

5384.4670,0.7027,1.8046,60.6738,0.3355

5385.4660,0.7063,1.9178,60.7503,0.3291

5386.4660,0.7061,1.8509,60.7964,0.3182

5387.4660,0.7075,1.8921,60.7017,0.3368

5388.4660,0.7067,1.8612,60.8108,0.3391

5389.4660,0.7092,1.8458,60.7940,0.3409

5390.4660,0.7124,1.9024,60.7502,0.3358

5391.4660,0.7116,1.8458,60.7502,0.2984

5392.4660,0.7116,1.8458,60.6485,0.3241

5393.4660,0.7108,1.8561,60.5492,0.3339

5394.4660,0.7104,1.7943,60.7264,0.3462

5395.4660,0.7092,1.8869,60.8153,0.3436

5396.4660,0.7031,1.6914,60.6665,0.3203

5397.4660,0.7011,1.8406,60.6601,0.3288

5398.4660,0.7017,1.8767,60.7030,0.3134

5399.4660,0.7013,1.8355,60.7846,0.3418

5400.4660,0.6993,1.8509,60.6896,0.3024

5401.4660,0.6997,1.8561,60.6891,0.3355

