Elapsed Time (s),T1 (deg C),T2 (deg C),T3 (deg C),T4 (deg C),T5 (deg C),T6 (deg C),T7 (deg C),T8 (deg C),Main Loop Avg Temp (deg C),HX Avg Temp (deg C),Overall Avg Temp (deg C)
1.8820,29.0804,28.0734,27.0616,26.3617,25.2586,29.2757,25.7865,29.5307,27.1672,29.4032,27.5536

2.4800,29.0727,28.0911,27.0817,26.3554,25.2221,29.2807,25.8090,29.5719,27.1646,29.4263,27.5606

3.4810,29.1033,28.0786,27.0815,26.3486,25.2481,29.2864,25.7903,29.5409,27.1720,29.4136,27.5597

4.4800,29.0894,28.0751,27.0647,26.3559,25.2497,29.2715,25.8085,29.5449,27.1670,29.4082,27.5575

5.4800,29.0932,28.1021,27.0838,26.3839,25.2530,29.2696,25.7949,29.5509,27.1832,29.4103,27.5664

6.4800,29.1076,28.0524,27.0642,26.3888,25.2551,29.2765,25.7956,29.5625,27.1736,29.4195,27.5628

7.4800,29.0800,28.0875,27.0489,26.3820,25.2402,29.2870,25.8058,29.5199,27.1677,29.4034,27.5564

8.4800,29.0956,28.0932,27.0782,26.3703,25.2516,29.2640,25.8031,29.5336,27.1778,29.3988,27.5612

9.4800,29.0944,28.0781,27.0734,26.3848,25.2500,29.2789,25.8138,29.5301,27.1761,29.4045,27.5629

10.4800,29.0864,28.0824,27.0584,26.3566,25.2779,29.2657,25.8158,29.5334,27.1724,29.3996,27.5596

11.4810,29.0882,28.0814,27.0706,26.3830,25.2641,29.2477,25.7789,29.5418,27.1775,29.3948,27.5570

12.4800,29.0858,28.0957,27.0853,26.3732,25.2418,29.2354,25.7951,29.5450,27.1764,29.3902,27.5572

13.4800,29.0907,28.0906,27.0506,26.3804,25.2604,29.2474,25.7924,29.5367,27.1745,29.3920,27.5562

14.4800,29.1147,28.1044,27.0705,26.3630,25.2647,29.2390,25.7915,29.5386,27.1834,29.3888,27.5608

15.4800,29.1074,28.0895,27.0560,26.3708,25.2498,29.2476,25.8059,29.5591,27.1747,29.4033,27.5608

16.4800,29.0960,28.0701,27.0541,26.3806,25.2530,29.2376,25.8120,29.5533,27.1707,29.3954,27.5571

17.4810,29.0792,28.0968,27.0648,26.3583,25.2323,29.2392,25.8076,29.5360,27.1663,29.3876,27.5518

18.4800,29.0818,28.0790,27.0870,26.3820,25.2595,29.2211,25.8082,29.5386,27.1779,29.3798,27.5571

19.4800,29.0966,28.0826,27.0657,26.3597,25.2522,29.2138,25.7995,29.5506,27.1714,29.3822,27.5526

20.4800,29.1066,28.0846,27.0563,26.3772,25.2371,29.2016,25.8185,29.5244,27.1724,29.3630,27.5508

21.4800,29.0842,28.0884,27.0814,26.3688,25.2407,29.2127,25.7992,29.5415,27.1727,29.3771,27.5521

22.4800,29.1058,28.0955,27.0804,26.3669,25.2552,29.2164,25.7963,29.5278,27.1808,29.3721,27.5555

23.4800,29.0911,28.0939,27.0632,26.3827,25.2769,29.2083,25.7881,29.5226,27.1816,29.3654,27.5534

24.4810,29.0746,28.0886,27.0759,26.3713,25.2646,29.2017,25.7998,29.5277,27.1750,29.3647,27.5505

25.4800,29.0946,28.0898,27.0696,26.3876,25.2548,29.2381,25.8072,29.5373,27.1793,29.3877,27.5599

26.4800,29.0852,28.0807,27.0779,26.3790,25.2667,29.1982,25.8070,29.5261,27.1779,29.3621,27.5526

27.4800,29.0646,28.0983,27.0573,26.3966,25.2597,29.2072,25.7968,29.5299,27.1753,29.3686,27.5513

28.4800,29.0832,28.0804,27.0423,26.3858,25.2382,29.1971,25.8077,29.5386,27.1660,29.3678,27.5467

29.4800,29.0639,28.0960,27.0668,26.3726,25.2709,29.1919,25.8039,29.5358,27.1740,29.3639,27.5502

30.4800,29.0744,28.0910,27.0699,26.3662,25.2851,29.2268,25.7810,29.5218,27.1773,29.3743,27.5520

31.4800,29.1004,28.0940,27.0652,26.3833,25.2692,29.2106,25.7896,29.5135,27.1824,29.3620,27.5532

32.4800,29.0660,28.0973,27.0718,26.3668,25.2639,29.2029,25.8010,29.5322,27.1731,29.3675,27.5502

33.4800,29.0838,28.0927,27.0842,26.3607,25.2686,29.2024,25.8053,29.5260,27.1780,29.3642,27.5530

34.4800,29.0830,28.0778,27.0354,26.3737,25.2659,29.2171,25.8013,29.5286,27.1672,29.3728,27.5478

35.4800,29.1050,28.0868,27.0604,26.3431,25.2615,29.2151,25.8013,29.5284,27.1713,29.3717,27.5502

36.4810,29.1033,28.0803,27.0554,26.3621,25.2744,29.2068,25.7878,29.5333,27.1751,29.3700,27.5504

37.4800,29.0873,28.0893,27.0728,26.3786,25.2466,29.2101,25.7982,29.5253,27.1749,29.3677,27.5510

38.4800,29.0880,28.0838,27.0744,26.3637,25.2846,29.2212,25.7870,29.5011,27.1789,29.3611,27.5505

39.4800,29.0902,28.0769,27.0505,26.3492,25.2614,29.2036,25.7862,29.5259,27.1656,29.3648,27.5430

40.4800,29.0843,28.0847,27.0762,26.3645,25.2573,29.2024,25.7803,29.5289,27.1734,29.3656,27.5473

41.4800,29.0727,28.0907,27.0615,26.3617,25.2787,29.2026,25.7935,29.5074,27.1731,29.3550,27.5461

42.4800,29.0966,28.1019,27.0671,26.3516,25.2927,29.1959,25.7773,29.5223,27.1820,29.3591,27.5507

43.4800,29.0916,28.0620,27.0563,26.3578,25.2650,29.2224,25.7859,29.5098,27.1665,29.3661,27.5439

44.4800,29.0967,28.0971,27.0636,26.3373,25.2758,29.2190,25.7923,29.5182,27.1741,29.3686,27.5500

45.4800,29.0590,28.0700,27.0531,26.3437,25.2786,29.2237,25.7718,29.5234,27.1609,29.3735,27.5404

46.4810,29.0811,28.0484,27.0531,26.3546,25.2631,29.2006,25.7727,29.5333,27.1601,29.3669,27.5384

47.4810,29.0688,28.0621,27.0507,26.3471,25.2370,29.1992,25.7685,29.5318,27.1531,29.3655,27.5331

48.4800,29.0793,28.0802,27.0505,26.3530,25.2584,29.1781,25.7829,29.5371,27.1643,29.3576,27.5400

49.4800,29.0981,28.0719,27.0559,26.3603,25.2556,29.1475,25.7623,29.5065,27.1684,29.3270,27.5323

50.4800,29.0826,28.0745,27.0495,26.3402,25.2537,29.0534,25.7564,29.5197,27.1601,29.2866,27.5162

51.4800,29.1011,28.0667,27.0512,26.3310,25.2515,28.9538,25.7760,29.5015,27.1603,29.2276,27.5041

52.4800,29.0773,28.0788,27.0496,26.3356,25.2635,28.8731,25.7787,29.5233,27.1610,29.1982,27.4975

53.4800,29.0748,28.0699,27.0393,26.3488,25.2823,28.7576,25.7863,29.5312,27.1630,29.1444,27.4863

54.4800,29.0982,28.0696,27.0338,26.3386,25.2655,28.6878,25.7794,29.5018,27.1611,29.0948,27.4718

55.4810,29.1125,28.0484,27.0427,26.3574,25.2582,28.6306,25.7642,29.5148,27.1639,29.0727,27.4661

56.4800,29.0830,28.0754,27.0424,26.3430,25.2551,28.5888,25.7578,29.5117,27.1598,29.0502,27.4571

57.4800,29.0718,28.0585,27.0443,26.3520,25.2688,28.5503,25.7574,29.5136,27.1591,29.0319,27.4521

58.4800,29.0856,28.0675,27.0595,26.3242,25.2643,28.5396,25.7820,29.5255,27.1602,29.0325,27.4560

59.4800,29.1033,28.0890,27.0447,26.3198,25.2523,28.5502,25.7643,29.5309,27.1618,29.0406,27.4568

60.4800,29.0922,28.0690,27.0370,26.3380,25.2449,28.5429,25.7566,29.5138,27.1562,29.0283,27.4493

61.4800,29.0871,28.0715,27.0550,26.3272,25.2728,28.5425,25.7590,29.5025,27.1627,29.0225,27.4522

62.4800,29.1104,28.0695,27.0280,26.3432,25.2551,28.5456,25.7585,29.5122,27.1613,29.0289,27.4528

63.4800,29.1105,28.0872,27.0415,26.3274,25.2552,28.5301,25.7644,29.4840,27.1644,29.0071,27.4501

64.4800,29.1082,28.0645,27.0230,26.3287,25.2539,28.5179,25.7643,29.4883,27.1556,29.0031,27.4436

65.4800,29.0986,28.0588,27.0498,26.3414,25.2603,28.5187,25.7671,29.4806,27.1618,28.9996,27.4469

66.4800,29.0974,28.0874,27.0285,26.3376,25.2411,28.5278,25.7496,29.4526,27.1584,28.9902,27.4402

67.4800,29.1051,28.0509,27.0198,26.3199,25.2635,28.5393,25.7649,29.4551,27.1518,28.9972,27.4398

68.4800,29.1051,28.0652,27.0431,26.3290,25.2645,28.5544,25.7462,29.4876,27.1614,29.0210,27.4494

69.4800,29.0896,28.0630,27.0447,26.3400,25.2607,28.5737,25.7544,29.4811,27.1596,29.0274,27.4509

70.4800,29.1106,28.0578,27.0380,26.3320,25.2582,28.6122,25.7557,29.4503,27.1593,29.0312,27.4518

71.4800,29.0959,28.0652,27.0426,26.3375,25.2840,28.6196,25.7348,29.4591,27.1650,29.0393,27.4548

72.4800,29.0893,28.0530,27.0502,26.3366,25.2595,28.6389,25.7576,29.4234,27.1577,29.0311,27.4511

73.4800,29.1307,28.0444,27.0340,26.3242,25.2765,28.6836,25.7512,29.4370,27.1619,29.0603,27.4602

74.4800,29.1129,28.0511,27.0308,26.3205,25.2680,28.7043,25.7457,29.4370,27.1566,29.0707,27.4588

75.4800,29.0968,28.0567,27.0388,26.3309,25.2821,28.7151,25.7471,29.4318,27.1611,29.0735,27.4624

76.4800,29.1021,28.0588,27.0588,26.3230,25.2728,28.7345,25.7506,29.4295,27.1631,29.0820,27.4663

77.4800,29.0957,28.0473,27.0318,26.3351,25.2531,28.7031,25.7519,29.4325,27.1526,29.0678,27.4563

78.4810,29.1088,28.0624,27.0445,26.3182,25.2474,28.7233,25.7547,29.4320,27.1563,29.0777,27.4614

79.4800,29.0994,28.0479,27.0446,26.3258,25.2706,28.7380,25.7505,29.4391,27.1577,29.0885,27.4645

80.4800,29.0824,28.0581,27.0454,26.3247,25.2483,28.7337,25.7348,29.4306,27.1518,29.0821,27.4573

81.4800,29.0967,28.0604,27.0274,26.3025,25.2730,28.7653,25.7550,29.4359,27.1520,29.1006,27.4645

82.4800,29.0858,28.0652,27.0289,26.3144,25.2697,28.7813,25.7386,29.4208,27.1528,29.1010,27.4631

83.4800,29.0994,28.0494,27.0225,26.2990,25.2626,28.7610,25.7629,29.4048,27.1466,29.0829,27.4577

84.4800,29.0793,28.0578,27.0149,26.2976,25.2792,28.7701,25.7581,29.4186,27.1458,29.0943,27.4595

85.4800,29.1041,28.0530,27.0440,26.3172,25.2701,28.7855,25.7561,29.4321,27.1577,29.1088,27.4703

86.4800,29.0793,28.0544,27.0289,26.3276,25.2636,28.8040,25.7358,29.3898,27.1508,29.0969,27.4604

87.4800,29.0949,28.0486,27.0462,26.3081,25.2703,28.8140,25.7559,29.4069,27.1536,29.1104,27.4681

88.4800,29.0826,28.0533,27.0406,26.3067,25.2782,28.8124,25.7564,29.4157,27.1523,29.1141,27.4682

89.4800,29.0830,28.0647,27.0256,26.3252,25.2711,28.8247,25.7485,29.4143,27.1539,29.1195,27.4696

90.4800,29.1158,28.0440,27.0431,26.3224,25.2663,28.8306,25.7382,29.3915,27.1583,29.1111,27.4690

91.4800,29.0857,28.0526,27.0082,26.3140,25.2615,28.8353,25.7495,29.3920,27.1444,29.1137,27.4623

92.4800,29.0941,28.0435,27.0421,26.3158,25.2713,28.8376,25.7367,29.4098,27.1534,29.1237,27.4689

93.4800,29.0865,28.0432,27.0243,26.3140,25.2751,28.8695,25.7491,29.3985,27.1486,29.1340,27.4700

94.4800,29.1109,28.0565,27.0310,26.3104,25.2807,28.8526,25.7327,29.3918,27.1579,29.1222,27.4708

95.4800,29.1008,28.0373,27.0307,26.3303,25.2785,28.8805,25.7225,29.4023,27.1555,29.1414,27.4729

96.4800,29.1022,28.0704,27.0148,26.3002,25.2427,28.8693,25.7504,29.3916,27.1460,29.1304,27.4677

97.4800,29.0875,28.0692,27.0273,26.3113,25.2482,28.8771,25.7459,29.3895,27.1487,29.1333,27.4695

98.4800,29.0974,28.0486,27.0331,26.3341,25.2610,28.9049,25.7531,29.3882,27.1548,29.1466,27.4776

99.4800,29.0951,28.0608,27.0249,26.3189,25.2629,28.8847,25.7554,29.3943,27.1525,29.1395,27.4746

100.4800,29.0882,28.0488,27.0083,26.3069,25.2707,28.9240,25.7359,29.3606,27.1446,29.1423,27.4679

101.4800,29.0772,28.0422,27.0215,26.3041,25.2823,28.9106,25.7236,29.3985,27.1454,29.1546,27.4700

102.4800,29.1077,28.0440,26.9955,26.3097,25.2779,28.9228,25.7363,29.4027,27.1470,29.1627,27.4746

103.4810,29.0980,28.0507,27.0290,26.3267,25.2711,28.9296,25.7194,29.3629,27.1551,29.1462,27.4734

104.4800,29.0826,28.0386,27.0230,26.3288,25.2480,28.9301,25.7365,29.3672,27.1442,29.1487,27.4693

105.4800,29.0881,28.0441,27.0186,26.3310,25.2857,28.9300,25.7505,29.3855,27.1535,29.1577,27.4792

106.4810,29.1041,28.0433,27.0173,26.3150,25.2607,28.9215,25.7237,29.3606,27.1481,29.1410,27.4683

107.4800,29.0826,28.0518,27.0093,26.3259,25.2626,28.9207,25.7299,29.3738,27.1464,29.1472,27.4696

108.4810,29.0810,28.0557,27.0312,26.2911,25.2635,28.9295,25.7149,29.3563,27.1445,29.1429,27.4654

109.4800,29.0644,28.0480,27.0079,26.3264,25.2723,28.9011,25.7449,29.3942,27.1438,29.1476,27.4699

110.4800,29.0871,28.0596,27.0072,26.3002,25.2771,28.9238,25.7117,29.3727,27.1463,29.1483,27.4674

111.4810,29.0851,28.0514,27.0108,26.3114,25.2931,28.9331,25.7257,29.3627,27.1504,29.1479,27.4717

112.4810,29.0781,28.0499,27.0287,26.3141,25.2515,28.9364,25.7332,29.3646,27.1445,29.1505,27.4696

113.4800,29.0797,28.0445,27.0398,26.3262,25.2564,28.9258,25.7330,29.3724,27.1493,29.1491,27.4722

114.4800,29.0707,28.0460,27.0295,26.3078,25.2549,28.9558,25.7217,29.3487,27.1418,29.1523,27.4669

115.4800,29.0617,28.0499,27.0206,26.3070,25.2795,28.9446,25.7407,29.3544,27.1438,29.1495,27.4698

116.4800,29.0806,28.0462,27.0316,26.3242,25.2706,28.9898,25.7173,29.3469,27.1506,29.1683,27.4759

117.4800,29.0680,28.0412,27.0068,26.3017,25.2702,28.9899,25.7165,29.3527,27.1376,29.1713,27.4684

118.4800,29.0750,28.0379,27.0195,26.3177,25.2550,28.9630,25.7217,29.3399,27.1410,29.1514,27.4662

119.4800,29.0908,28.0241,27.0024,26.3081,25.2473,28.9647,25.7111,29.3406,27.1345,29.1526,27.4611

120.4800,29.0995,28.0539,27.0129,26.3101,25.2574,28.9898,25.7344,29.3493,27.1468,29.1696,27.4759

121.4800,29.0877,28.0567,27.0171,26.3054,25.2588,28.9611,25.7169,29.3352,27.1452,29.1482,27.4674

122.4800,29.1021,28.0459,27.0100,26.3191,25.2643,28.9920,25.7306,29.3294,27.1483,29.1607,27.4742

123.4800,29.1152,28.0380,27.0144,26.3027,25.2850,28.9881,25.7038,29.3471,27.1510,29.1676,27.4743

124.4800,29.0786,28.0473,27.0148,26.3026,25.2677,28.9789,25.7169,29.3285,27.1422,29.1537,27.4669

125.4800,29.0985,28.0587,27.0341,26.3097,25.2711,28.9762,25.7132,29.3366,27.1544,29.1564,27.4747

126.4810,29.0929,28.0505,26.9920,26.2973,25.2744,28.9781,25.7262,29.3399,27.1414,29.1590,27.4689

127.4800,29.1036,28.0643,26.9884,26.2974,25.2648,29.0005,25.7075,29.3487,27.1437,29.1746,27.4719

128.4800,29.1045,28.0218,27.0124,26.3101,25.2686,28.9737,25.7169,29.3228,27.1435,29.1482,27.4663

129.4800,29.0995,28.0368,27.0014,26.2873,25.2688,28.9687,25.7252,29.3145,27.1387,29.1416,27.4628

130.4800,29.0827,28.0676,27.0416,26.2809,25.2718,29.0032,25.7041,29.3443,27.1489,29.1738,27.4745

131.4800,29.0779,28.0450,27.0092,26.3003,25.2844,28.9852,25.7047,29.3405,27.1434,29.1629,27.4684

132.4810,29.0740,28.0283,26.9986,26.2868,25.2748,28.9784,25.6945,29.3356,27.1325,29.1570,27.4589

133.4800,29.0915,28.0363,27.0094,26.3137,25.2721,28.9865,25.7153,29.3319,27.1446,29.1592,27.4696

134.4800,29.0812,28.0440,27.0044,26.2974,25.2575,28.9913,25.6985,29.3372,27.1369,29.1643,27.4639

135.4800,29.0886,28.0336,27.0081,26.2865,25.2658,28.9898,25.7145,29.3281,27.1365,29.1589,27.4644

136.4800,29.0917,28.0358,27.0042,26.3085,25.2845,28.9849,25.6978,29.3288,27.1449,29.1569,27.4670

137.4800,29.0869,28.0376,27.0140,26.2881,25.2732,28.9961,25.6930,29.3462,27.1399,29.1712,27.4669

138.4800,29.0714,28.0480,27.0263,26.2928,25.2784,28.9975,25.7067,29.3406,27.1434,29.1690,27.4702

139.4800,29.0688,28.0264,26.9991,26.2741,25.2762,29.0024,25.7177,29.3332,27.1289,29.1678,27.4623

140.4800,29.0944,28.0528,26.9977,26.2930,25.2674,29.0041,25.7130,29.3344,27.1411,29.1692,27.4696

141.4800,29.0871,28.0266,27.0096,26.2908,25.2610,29.0226,25.7136,29.3214,27.1350,29.1720,27.4666

142.4800,29.0863,28.0501,27.0067,26.2841,25.2706,29.0180,25.7116,29.3385,27.1395,29.1783,27.4707

143.4800,29.1001,28.0508,27.0056,26.2684,25.2632,29.0276,25.6982,29.3311,27.1376,29.1794,27.4681

144.4800,29.0753,28.0183,26.9933,26.2754,25.2704,29.0362,25.7110,29.3552,27.1266,29.1957,27.4669

145.4810,29.0631,28.0507,27.0083,26.2899,25.2516,29.0448,25.6977,29.3308,27.1327,29.1878,27.4671

146.4800,29.0784,28.0252,27.0068,26.2842,25.2792,29.0605,25.7098,29.3433,27.1348,29.2019,27.4734

147.4800,29.0913,28.0453,26.9976,26.2732,25.2686,29.0400,25.7012,29.3228,27.1352,29.1814,27.4675

148.4800,29.0856,28.0492,27.0124,26.2752,25.2680,29.0540,25.7023,29.3246,27.1381,29.1893,27.4714

149.4800,29.0818,28.0362,27.0262,26.2872,25.2835,29.0672,25.6864,29.3443,27.1430,29.2057,27.4766

150.4800,29.0826,28.0235,27.0211,26.2920,25.2637,29.0850,25.7124,29.3400,27.1366,29.2125,27.4775

151.4800,29.0710,28.0307,27.0085,26.2690,25.2671,29.0691,25.7107,29.3415,27.1293,29.2053,27.4709

152.4800,29.0930,28.0513,27.0103,26.2835,25.2755,29.0780,25.7143,29.3546,27.1427,29.2163,27.4826

153.4810,29.0904,28.0334,26.9942,26.2726,25.2790,29.0871,25.7096,29.3477,27.1339,29.2174,27.4767

154.4800,29.1067,28.0338,27.0159,26.2820,25.2783,29.0855,25.7058,29.3321,27.1434,29.2088,27.4800

155.4800,29.0735,28.0392,26.9930,26.2699,25.2569,29.0811,25.7168,29.3394,27.1265,29.2102,27.4712

156.4800,29.0815,28.0519,27.0222,26.2784,25.2791,29.0933,25.6969,29.3262,27.1426,29.2097,27.4787

157.4800,29.1063,28.0374,27.0256,26.2771,25.2921,29.0945,25.7127,29.3232,27.1477,29.2088,27.4836

158.4800,29.0920,28.0664,27.0112,26.2820,25.2617,29.0892,25.6916,29.3282,27.1427,29.2087,27.4778

159.4800,29.0778,28.0538,26.9859,26.3001,25.2979,29.0669,25.7187,29.3201,27.1431,29.1935,27.4776

160.4800,29.0777,28.0384,27.0299,26.2956,25.2629,29.0814,25.6938,29.3327,27.1409,29.2071,27.4766

161.4810,29.0789,28.0373,27.0203,26.2798,25.2679,29.1010,25.7026,29.3377,27.1368,29.2193,27.4782

162.4800,29.0802,28.0456,27.0135,26.2943,25.2702,29.0873,25.7034,29.3193,27.1408,29.2033,27.4767

163.4800,29.0737,28.0434,27.0062,26.3011,25.2637,29.0925,25.6932,29.3255,27.1376,29.2090,27.4749

164.4800,29.0720,28.0391,27.0117,26.2934,25.2553,29.0809,25.7143,29.3411,27.1343,29.2110,27.4760

165.4800,29.0645,28.0490,27.0132,26.2911,25.2648,29.0899,25.7059,29.3558,27.1365,29.2229,27.4793

166.4800,29.1192,28.0311,27.0136,26.2727,25.2626,29.1437,25.7011,29.3286,27.1399,29.2362,27.4841

167.4800,29.0892,28.0257,26.9893,26.2658,25.2556,29.1108,25.7089,29.3278,27.1251,29.2193,27.4716

168.4810,29.0881,28.0380,27.0149,26.2758,25.2346,29.1144,25.7180,29.3304,27.1303,29.2224,27.4768

169.4800,29.0951,28.0339,26.9887,26.2812,25.2610,29.1252,25.6983,29.3190,27.1320,29.2221,27.4753

170.4800,29.0955,28.0435,26.9968,26.2865,25.2605,29.1186,25.6980,29.3204,27.1366,29.2195,27.4775

171.4800,29.0716,28.0344,27.0004,26.3019,25.2601,29.1177,25.7110,29.3525,27.1337,29.2351,27.4812

172.4810,29.0676,28.0443,27.0146,26.2864,25.2636,29.1400,25.7219,29.3306,27.1353,29.2353,27.4836

173.4810,29.0940,28.0386,27.0098,26.2873,25.2661,29.1599,25.6945,29.3208,27.1392,29.2403,27.4839

174.4800,29.0786,28.0524,27.0099,26.2704,25.2492,29.1430,25.7154,29.3322,27.1321,29.2376,27.4814

175.4800,29.0664,28.0513,26.9914,26.2750,25.2942,29.1262,25.7290,29.3290,27.1357,29.2276,27.4828

176.4800,29.0646,28.0254,26.9971,26.2811,25.2583,29.1380,25.7223,29.3257,27.1253,29.2319,27.4766

177.4800,29.0785,28.0428,27.0023,26.3009,25.2642,29.1218,25.7087,29.3448,27.1377,29.2333,27.4830

178.4800,29.0745,28.0390,27.0022,26.2947,25.2942,29.1192,25.7024,29.3286,27.1409,29.2239,27.4819

179.4800,29.0703,28.0480,26.9914,26.2806,25.2706,29.1512,25.7275,29.3432,27.1322,29.2472,27.4854

180.4800,29.0827,28.0232,26.9996,26.2803,25.2594,29.1297,25.7031,29.3292,27.1290,29.2295,27.4759

181.4800,29.0667,28.0238,26.9931,26.2691,25.2699,29.1378,25.7301,29.3284,27.1245,29.2331,27.4774

182.4800,29.0801,28.0479,27.0121,26.2782,25.2563,29.1488,25.7043,29.3403,27.1349,29.2445,27.4835

183.4810,29.0908,28.0344,26.9895,26.2806,25.2610,29.1586,25.7374,29.3247,27.1313,29.2416,27.4846

184.4800,29.0857,28.0258,26.9758,26.2683,25.2823,29.1299,25.7129,29.3289,27.1276,29.2294,27.4762

185.4810,29.0797,28.0255,26.9915,26.2906,25.2569,29.1296,25.7309,29.3357,27.1289,29.2326,27.4801

186.4800,29.0633,28.0575,26.9924,26.2859,25.2749,29.1423,25.7163,29.3357,27.1348,29.2390,27.4835

187.4800,29.0835,28.0256,26.9897,26.2832,25.2645,29.1334,25.7244,29.3441,27.1293,29.2388,27.4811

188.4800,29.0728,28.0540,27.0220,26.2763,25.2925,29.1354,25.7071,29.3278,27.1435,29.2316,27.4860

189.4800,29.0632,28.0394,27.0159,26.2669,25.2899,29.1422,25.7288,29.3436,27.1350,29.2429,27.4862

190.4800,29.0997,28.0294,26.9855,26.2771,25.2733,29.1449,25.7348,29.3279,27.1330,29.2364,27.4841

191.4800,29.0918,28.0233,26.9950,26.2766,25.2823,29.1388,25.7127,29.3534,27.1338,29.2461,27.4842

192.4800,29.0753,28.0641,26.9986,26.2991,25.2733,29.1379,25.7304,29.3383,27.1421,29.2381,27.4896

193.4800,29.0943,28.0440,27.0138,26.2837,25.2683,29.1493,25.7259,29.3620,27.1408,29.2557,27.4927

194.4810,29.0727,28.0235,26.9985,26.2731,25.2645,29.1484,25.7143,29.3329,27.1265,29.2406,27.4785

195.4800,29.0694,28.0306,26.9981,26.2713,25.2646,29.1372,25.7210,29.3414,27.1268,29.2393,27.4792

196.4800,29.0767,28.0366,26.9904,26.2664,25.2742,29.1378,25.7152,29.3411,27.1289,29.2395,27.4798

197.4800,29.0959,28.0618,26.9868,26.2482,25.2912,29.1529,25.7324,29.3317,27.1368,29.2423,27.4876

198.4800,29.0843,28.0398,27.0049,26.2776,25.2969,29.1412,25.7174,29.3454,27.1407,29.2433,27.4884

199.4800,29.0722,28.0464,27.0012,26.2517,25.2976,29.1531,25.7349,29.3305,27.1338,29.2418,27.4860

200.4800,29.0861,28.0326,27.0019,26.2765,25.2657,29.1463,25.7153,29.3439,27.1325,29.2451,27.4835

201.4800,29.0835,28.0427,27.0027,26.2688,25.2796,29.1310,25.7378,29.3329,27.1355,29.2320,27.4849

202.4800,29.0849,28.0336,26.9954,26.2638,25.2655,29.1424,25.7244,29.3263,27.1287,29.2343,27.4795

203.4800,29.0671,28.0327,27.0034,26.2752,25.2528,29.1476,25.7282,29.3264,27.1263,29.2370,27.4792

204.4800,29.0796,28.0352,26.9843,26.2801,25.2847,29.1624,25.7449,29.3497,27.1328,29.2560,27.4901

205.4810,29.1106,28.0482,26.9930,26.2775,25.2903,29.1459,25.7390,29.3322,27.1439,29.2390,27.4921

206.4800,29.1078,28.0524,26.9920,26.2695,25.2629,29.1591,25.7664,29.3332,27.1369,29.2461,27.4929

207.4800,29.0784,28.0252,27.0138,26.3016,25.2740,29.1367,25.7202,29.3297,27.1386,29.2332,27.4850

208.4800,29.0912,28.0434,27.0062,26.2761,25.2534,29.1435,25.7220,29.3350,27.1341,29.2392,27.4838

209.4800,29.0801,28.0457,27.0013,26.2717,25.2715,29.1417,25.7374,29.3168,27.1341,29.2293,27.4833

210.4800,29.0933,28.0345,26.9962,26.2793,25.2687,29.1329,25.7210,29.3309,27.1344,29.2319,27.4821

211.4800,29.1082,28.0496,26.9727,26.2836,25.2690,29.1510,25.7343,29.3185,27.1366,29.2347,27.4858

212.4800,29.0834,28.0311,26.9839,26.2708,25.2677,29.1554,25.7238,29.3267,27.1274,29.2410,27.4804

213.4800,29.0749,28.0318,26.9907,26.2875,25.2450,29.1544,25.7499,29.3346,27.1260,29.2445,27.4836

214.4800,29.0960,28.0208,26.9784,26.2831,25.2837,29.1510,25.7211,29.3181,27.1324,29.2346,27.4815

215.4800,29.0825,28.0349,26.9967,26.2604,25.2772,29.1282,25.7319,29.3145,27.1304,29.2213,27.4783

216.4800,29.0848,28.0296,26.9890,26.2730,25.2795,29.1366,25.7374,29.3210,27.1312,29.2288,27.4814

217.4800,29.0778,28.0416,26.9855,26.2856,25.2673,29.1508,25.7334,29.3319,27.1316,29.2413,27.4842

218.4810,29.1024,28.0209,27.0110,26.2568,25.2627,29.1626,25.7542,29.3245,27.1307,29.2435,27.4869

219.4800,29.0972,28.0244,27.0008,26.2745,25.2730,29.1179,25.7313,29.3263,27.1340,29.2221,27.4807

220.4800,29.0916,28.0367,26.9891,26.2835,25.2873,29.1226,25.7261,29.3066,27.1376,29.2146,27.4804

221.4800,29.0882,28.0369,27.0086,26.2761,25.2673,29.1451,25.7400,29.3079,27.1354,29.2265,27.4838

222.4800,29.0751,28.0136,26.9976,26.2651,25.2806,29.0920,25.7351,29.3108,27.1264,29.2014,27.4712

223.4800,29.0809,28.0315,26.9909,26.2905,25.2633,29.1190,25.7331,29.3237,27.1314,29.2214,27.4791

224.4800,29.0914,28.0445,27.0045,26.2772,25.2885,29.1154,25.7042,29.3186,27.1412,29.2170,27.4805

225.4800,29.1000,28.0331,26.9798,26.2704,25.2613,29.1240,25.7305,29.3141,27.1289,29.2191,27.4767

226.4810,29.0807,28.0441,26.9969,26.2701,25.2343,29.1305,25.7273,29.3084,27.1252,29.2195,27.4740

227.4800,29.0877,28.0433,26.9910,26.2769,25.2956,29.1103,25.7233,29.3055,27.1389,29.2079,27.4792

228.4800,29.1098,28.0222,26.9934,26.2713,25.2696,29.1103,25.7262,29.2914,27.1333,29.2008,27.4743

229.4800,29.1034,28.0370,26.9941,26.2734,25.2680,29.0954,25.7094,29.3156,27.1352,29.2055,27.4745

230.4800,29.0931,28.0292,26.9990,26.2755,25.2657,29.1223,25.7238,29.3134,27.1325,29.2178,27.4778

231.4800,29.0830,28.0279,27.0052,26.2746,25.2465,29.1140,25.7498,29.2863,27.1275,29.2001,27.4734

232.4810,29.1016,28.0320,26.9891,26.2731,25.2652,29.1138,25.7195,29.2874,27.1322,29.2006,27.4727

233.4800,29.0904,28.0305,26.9947,26.2697,25.2616,29.1347,25.7218,29.2975,27.1294,29.2161,27.4751

234.4800,29.1097,28.0064,26.9832,26.2965,25.2705,29.1158,25.7547,29.2852,27.1332,29.2005,27.4777

235.4800,29.0952,28.0204,27.0067,26.2383,25.2650,29.1018,25.7083,29.2722,27.1251,29.1870,27.4635

236.4800,29.0853,28.0280,27.0021,26.2686,25.2701,29.1126,25.7184,29.2810,27.1308,29.1968,27.4708

237.4810,29.0860,28.0384,26.9884,26.2634,25.2590,29.1105,25.7032,29.2959,27.1270,29.2032,27.4681

238.4800,29.0843,28.0387,27.0043,26.2666,25.2748,29.1243,25.7111,29.2782,27.1338,29.2013,27.4728

239.4800,29.0726,28.0378,27.0091,26.2955,25.2682,29.1192,25.7117,29.2796,27.1366,29.1994,27.4742

240.4800,29.0612,28.0495,26.9938,26.2769,25.2417,29.1050,25.7049,29.2937,27.1246,29.1993,27.4658

241.4800,29.0900,28.0302,26.9920,26.2737,25.2682,29.1055,25.7177,29.2655,27.1308,29.1855,27.4678

242.4800,29.0663,28.0074,26.9965,26.2876,25.2812,29.1086,25.6982,29.2672,27.1278,29.1879,27.4641

243.4800,29.0616,28.0459,27.0011,26.2653,25.2690,29.1120,25.7174,29.2607,27.1286,29.1863,27.4666

244.4800,29.0588,28.0242,27.0091,26.2676,25.2676,29.1110,25.7306,29.2611,27.1255,29.1861,27.4662

245.4800,29.0690,28.0281,26.9846,26.2720,25.2641,29.1212,25.7099,29.2586,27.1236,29.1899,27.4634

246.4800,29.0838,28.0398,26.9889,26.2531,25.2719,29.0965,25.7179,29.2696,27.1275,29.1831,27.4652

247.4800,29.0634,28.0294,26.9893,26.2879,25.2694,29.1199,25.7112,29.2672,27.1279,29.1935,27.4672

248.4800,29.0745,28.0392,26.9897,26.2487,25.2800,29.1187,25.7201,29.2825,27.1264,29.2006,27.4692

249.4800,29.0885,28.0418,26.9833,26.2805,25.2431,29.0904,25.7071,29.2824,27.1274,29.1864,27.4646

250.4800,29.0589,28.0140,26.9993,26.2475,25.2640,29.1065,25.7099,29.2556,27.1167,29.1811,27.4570

251.4800,29.0634,28.0311,26.9703,26.2793,25.2708,29.0794,25.7120,29.2695,27.1230,29.1745,27.4595

252.4800,29.0700,28.0479,26.9956,26.2574,25.2567,29.0827,25.7034,29.2493,27.1255,29.1660,27.4579

253.4800,29.0415,28.0371,26.9801,26.2556,25.2597,29.0989,25.6996,29.2547,27.1148,29.1768,27.4534

254.4800,29.0503,28.0540,26.9903,26.2786,25.2836,29.1053,25.6868,29.2418,27.1314,29.1736,27.4613

255.4800,29.0618,28.0367,27.0009,26.2575,25.2720,29.1027,25.7030,29.2585,27.1258,29.1806,27.4616

256.4800,29.0701,28.0345,26.9784,26.2832,25.2747,29.1115,25.7201,29.2583,27.1282,29.1849,27.4663

257.4800,29.0416,28.0330,26.9877,26.2647,25.2532,29.1117,25.7181,29.2651,27.1160,29.1884,27.4594

258.4800,29.0490,28.0414,26.9900,26.2528,25.2790,29.1139,25.7016,29.2527,27.1224,29.1833,27.4600

259.4800,29.0481,28.0532,27.0055,26.2641,25.2710,29.0994,25.7020,29.2467,27.1284,29.1730,27.4612

260.4800,29.0537,28.0301,26.9905,26.2717,25.2492,29.1101,25.6897,29.2377,27.1190,29.1739,27.4541

261.4800,29.0370,28.0335,26.9802,26.2661,25.2713,29.0888,25.7191,29.2394,27.1176,29.1641,27.4544

262.4800,29.0442,28.0233,26.9954,26.2752,25.2704,29.1110,25.6994,29.2385,27.1217,29.1748,27.4572

263.4800,29.0501,28.0305,26.9871,26.2707,25.2797,29.0892,25.7076,29.2454,27.1236,29.1673,27.4576

264.4800,29.0432,28.0429,27.0000,26.2694,25.2860,29.1039,25.6969,29.2474,27.1283,29.1757,27.4612

265.4800,29.0502,28.0221,26.9872,26.2698,25.2674,29.1000,25.7247,29.2450,27.1193,29.1725,27.4583

266.4800,29.0494,28.0325,26.9886,26.2646,25.2756,29.1134,25.7105,29.2437,27.1221,29.1786,27.4598

267.4810,29.0314,28.0362,26.9852,26.2754,25.2699,29.1053,25.6902,29.2554,27.1196,29.1804,27.4561

268.4800,29.0217,28.0601,26.9856,26.2720,25.2908,29.1140,25.6920,29.2151,27.1261,29.1646,27.4564

269.4800,29.0245,28.0430,26.9883,26.2737,25.2931,29.1031,25.7130,29.2282,27.1245,29.1656,27.4583

270.4800,29.0424,28.0471,26.9858,26.2566,25.2681,29.1266,25.7025,29.2334,27.1200,29.1800,27.4578

271.4800,29.0394,28.0384,26.9926,26.2818,25.2770,29.1067,25.7046,29.2300,27.1258,29.1684,27.4588

272.4800,29.0569,28.0221,26.9943,26.2618,25.3016,29.1040,25.6954,29.2287,27.1273,29.1663,27.4581

273.4800,29.0346,28.0278,26.9745,26.2604,25.2919,29.0910,25.6955,29.2219,27.1179,29.1564,27.4497

274.4800,29.0674,28.0268,26.9933,26.2788,25.2771,29.1154,25.6959,29.2363,27.1287,29.1758,27.4614

275.4800,29.0374,28.0408,26.9908,26.2748,25.2763,29.1051,25.6981,29.2312,27.1240,29.1682,27.4568

276.4800,29.0439,28.0472,27.0015,26.2836,25.2730,29.1094,25.6979,29.2435,27.1298,29.1764,27.4625

277.4800,29.0176,28.0293,26.9973,26.2681,25.2664,29.0877,25.7201,29.2209,27.1157,29.1543,27.4509

278.4810,29.0133,28.0248,27.0012,26.2593,25.2550,29.1220,25.6991,29.2472,27.1107,29.1846,27.4528

279.4800,29.0121,28.0484,26.9894,26.2616,25.2609,29.0856,25.7019,29.2065,27.1145,29.1460,27.4458

280.4800,29.0439,28.0213,26.9887,26.2666,25.2659,29.1173,25.6993,29.2204,27.1173,29.1689,27.4529

281.4800,29.0287,28.0450,26.9808,26.2601,25.2719,29.0852,25.7282,29.2301,27.1173,29.1577,27.4538

282.4800,29.0473,28.0498,26.9975,26.2678,25.2693,29.0887,25.7232,29.2294,27.1263,29.1591,27.4591

283.4800,29.0305,28.0348,26.9933,26.2722,25.2765,29.0964,25.7280,29.2253,27.1215,29.1608,27.4571

284.4800,29.0274,28.0445,27.0114,26.2776,25.2691,29.1163,25.7310,29.2372,27.1260,29.1768,27.4643

285.4800,29.0203,28.0212,26.9905,26.2764,25.2682,29.1267,25.7408,29.2241,27.1153,29.1754,27.4585

286.4800,29.0215,28.0281,26.9711,26.2786,25.2467,29.1302,25.7222,29.2304,27.1092,29.1803,27.4536

287.4800,29.0368,28.0456,26.9918,26.2635,25.2862,29.1051,25.7369,29.2199,27.1248,29.1625,27.4607

288.4800,29.0173,28.0319,27.0031,26.2791,25.2435,29.0908,25.7274,29.2333,27.1150,29.1620,27.4533

289.4800,29.0328,28.0457,26.9891,26.2675,25.2514,29.1067,25.7191,29.2568,27.1173,29.1818,27.4586

290.4800,29.0300,28.0435,26.9643,26.2799,25.2614,29.1161,25.7310,29.2531,27.1158,29.1846,27.4599

291.4800,29.0222,28.0402,26.9916,26.2724,25.2497,29.1022,25.7235,29.2245,27.1152,29.1634,27.4533

292.4800,29.0237,28.0477,26.9793,26.2747,25.2796,29.1032,25.7277,29.2613,27.1210,29.1823,27.4622

293.4810,29.0290,28.0337,26.9922,26.2677,25.2887,29.1147,25.7118,29.2408,27.1223,29.1777,27.4598

294.4800,29.0413,28.0514,26.9784,26.2803,25.2553,29.1143,25.7140,29.2545,27.1213,29.1844,27.4612

295.4800,29.0408,28.0323,26.9903,26.2644,25.2741,29.1208,25.7208,29.2648,27.1204,29.1928,27.4635

296.4800,29.0487,28.0376,27.0042,26.2712,25.2621,29.1235,25.7016,29.2557,27.1248,29.1896,27.4631

297.4800,29.0374,28.0434,26.9831,26.2647,25.2920,29.1151,25.7272,29.2897,27.1241,29.2024,27.4691

298.4800,29.0396,28.0543,26.9930,26.2714,25.2923,29.1253,25.7121,29.2843,27.1301,29.2048,27.4715

299.4800,29.0500,28.0341,26.9846,26.2644,25.2659,29.1234,25.7183,29.2843,27.1198,29.2039,27.4656

300.4800,29.0154,28.0350,26.9874,26.2718,25.2495,29.1184,25.7216,29.3029,27.1118,29.2106,27.4627

301.4800,29.0268,28.0571,26.9788,26.2793,25.2567,29.1233,25.7210,29.2846,27.1197,29.2039,27.4659

302.4800,29.0276,28.0595,26.9897,26.2817,25.2731,29.1410,25.6984,29.3123,27.1263,29.2266,27.4729

303.4800,29.0232,28.0031,26.9724,26.2899,25.2659,29.1182,25.7188,29.2801,27.1109,29.1992,27.4589

304.4800,29.0341,28.0295,26.9978,26.2738,25.2499,29.1160,25.7141,29.2995,27.1170,29.2078,27.4644

305.4800,29.0292,28.0266,27.0011,26.2451,25.2860,29.1143,25.7259,29.3195,27.1176,29.2169,27.4685

306.4800,29.0090,28.0533,26.9836,26.2624,25.2511,29.1191,25.7229,29.3191,27.1119,29.2191,27.4651

307.4800,29.0308,28.0341,26.9869,26.2464,25.2796,29.1183,25.7301,29.3122,27.1156,29.2152,27.4673

308.4800,29.0297,28.0299,26.9808,26.2578,25.2644,29.1149,25.7070,29.3163,27.1125,29.2156,27.4626

309.4800,29.0198,28.0478,26.9865,26.2578,25.2577,29.1130,25.7023,29.3294,27.1139,29.2212,27.4643

310.4800,29.0213,28.0163,26.9715,26.2672,25.2800,29.1215,25.7108,29.3408,27.1113,29.2311,27.4662

311.4800,29.0059,28.0404,26.9923,26.2688,25.2457,29.1099,25.7280,29.3532,27.1106,29.2315,27.4680

312.4800,29.0350,28.0386,27.0018,26.2943,25.2588,29.1023,25.7299,29.3479,27.1257,29.2251,27.4761

313.4800,29.0240,28.0439,26.9751,26.2619,25.2624,29.1111,25.7078,29.3590,27.1135,29.2351,27.4682

314.4800,29.0031,28.0593,26.9961,26.2617,25.2622,29.1000,25.7185,29.3451,27.1165,29.2226,27.4683

315.4800,29.0134,28.0183,26.9923,26.2636,25.2560,29.1079,25.6977,29.3606,27.1087,29.2343,27.4637

316.4800,29.0170,28.0350,26.9733,26.2648,25.2511,29.1276,25.7159,29.3675,27.1082,29.2475,27.4690

317.4800,29.0215,28.0423,26.9682,26.2838,25.2717,29.1123,25.7133,29.3678,27.1175,29.2401,27.4726

318.4800,29.0197,28.0420,26.9774,26.2685,25.2718,29.0894,25.7092,29.3688,27.1159,29.2291,27.4684

319.4800,29.0299,28.0240,26.9848,26.2806,25.2778,29.1136,25.6959,29.3865,27.1194,29.2501,27.4741

320.4810,29.0249,28.0533,26.9802,26.2515,25.2940,29.0988,25.7036,29.3825,27.1208,29.2406,27.4736

321.4800,29.0274,28.0230,26.9777,26.2447,25.2649,29.1140,25.6864,29.3667,27.1075,29.2403,27.4631

322.4800,29.0157,28.0326,26.9788,26.2581,25.2470,29.1070,25.7135,29.3762,27.1064,29.2416,27.4661

323.4800,28.9989,28.0518,26.9900,26.2764,25.2806,29.0944,25.6996,29.3936,27.1195,29.2440,27.4732

324.4800,29.0327,28.0226,26.9839,26.2566,25.2565,29.0891,25.6978,29.3780,27.1105,29.2336,27.4647

325.4800,28.9955,28.0472,26.9765,26.2298,25.2768,29.0948,25.7097,29.3738,27.1052,29.2343,27.4630

326.4800,29.0120,28.0378,26.9831,26.2619,25.2651,29.0859,25.6994,29.4026,27.1120,29.2442,27.4685

327.4800,29.0132,28.0183,26.9777,26.2575,25.2700,29.0848,25.7142,29.4089,27.1073,29.2468,27.4681

328.4810,29.0214,28.0221,26.9735,26.2533,25.2608,29.0897,25.7200,29.4040,27.1062,29.2468,27.4681

329.4800,29.0167,28.0259,26.9801,26.2434,25.2683,29.0868,25.7053,29.3997,27.1069,29.2433,27.4658

330.4800,29.0176,28.0326,26.9850,26.2425,25.2494,29.0891,25.7135,29.4152,27.1054,29.2522,27.4681

331.4800,29.0096,28.0478,26.9771,26.2573,25.2555,29.0905,25.7080,29.4147,27.1095,29.2526,27.4701

332.4800,29.0325,28.0300,26.9720,26.2626,25.2473,29.0734,25.6976,29.3938,27.1089,29.2336,27.4637

333.4800,28.9907,28.0329,26.9772,26.2759,25.2498,29.0834,25.7039,29.4033,27.1053,29.2434,27.4646

334.4800,29.0108,28.0371,26.9994,26.2617,25.2657,29.0908,25.6930,29.4136,27.1149,29.2522,27.4715

335.4800,29.0114,28.0369,26.9657,26.2827,25.2700,29.0994,25.7121,29.4165,27.1133,29.2579,27.4743

336.4800,29.0095,28.0230,26.9721,26.2655,25.2838,29.0730,25.7138,29.4156,27.1108,29.2443,27.4695

337.4800,29.0279,28.0262,26.9847,26.2583,25.2904,29.0764,25.7151,29.4198,27.1175,29.2481,27.4748

338.4800,28.9991,28.0319,26.9805,26.2654,25.2559,29.0862,25.7137,29.4174,27.1066,29.2518,27.4688

339.4800,29.0112,28.0412,26.9784,26.2634,25.2770,29.0781,25.7150,29.4451,27.1143,29.2616,27.4762

340.4800,29.0174,28.0444,26.9704,26.2487,25.2666,29.0922,25.7083,29.4347,27.1095,29.2635,27.4728

341.4800,29.0063,28.0281,26.9696,26.2706,25.2839,29.0835,25.7165,29.4340,27.1117,29.2588,27.4741

342.4800,29.0171,28.0391,26.9740,26.2651,25.2626,29.1028,25.7214,29.4477,27.1116,29.2752,27.4787

343.4800,29.0084,28.0330,26.9693,26.2580,25.2940,29.0828,25.6988,29.4469,27.1125,29.2649,27.4739

344.4800,29.0156,28.0395,26.9858,26.2627,25.2498,29.0778,25.7049,29.4499,27.1107,29.2638,27.4732

345.4800,29.0139,28.0309,26.9653,26.2810,25.2745,29.0718,25.7137,29.4440,27.1131,29.2579,27.4744

346.4800,29.0274,28.0480,26.9772,26.2466,25.2682,29.0839,25.7209,29.4565,27.1135,29.2702,27.4786

347.4800,29.0122,28.0272,26.9946,26.2385,25.2742,29.0729,25.6986,29.4262,27.1093,29.2496,27.4681

348.4800,29.0159,28.0361,26.9762,26.2668,25.2784,29.0465,25.7274,29.4389,27.1147,29.2427,27.4733

349.4800,29.0008,28.0536,26.9876,26.2367,25.2670,29.0620,25.7157,29.4314,27.1092,29.2467,27.4694

350.4800,29.0233,28.0280,26.9822,26.2445,25.2721,29.0694,25.7136,29.4453,27.1100,29.2573,27.4723

351.4800,29.0004,28.0312,26.9675,26.2378,25.2661,29.0625,25.7295,29.4450,27.1006,29.2538,27.4675

352.4800,29.0105,28.0503,26.9904,26.2546,25.2763,29.0609,25.7189,29.4632,27.1164,29.2620,27.4781

353.4800,29.0126,28.0467,26.9655,26.2462,25.2642,29.0766,25.7026,29.4403,27.1070,29.2584,27.4693

354.4800,29.0029,28.0239,26.9960,26.2418,25.2672,29.0523,25.7099,29.4541,27.1064,29.2532,27.4685

355.4800,29.0132,28.0338,26.9602,26.2324,25.2516,29.0608,25.7137,29.4405,27.0983,29.2506,27.4633

356.4800,29.0269,28.0244,26.9815,26.2532,25.2705,29.0641,25.7176,29.4597,27.1113,29.2619,27.4747

357.4800,29.0250,28.0139,26.9785,26.2286,25.2687,29.0848,25.7236,29.4687,27.1029,29.2768,27.4740

358.4800,29.0154,28.0156,26.9845,26.2482,25.2604,29.0643,25.7092,29.4520,27.1048,29.2581,27.4687

359.4800,29.0141,28.0159,26.9725,26.2542,25.2610,29.0871,25.7435,29.4762,27.1035,29.2816,27.4781

360.4800,28.9966,28.0267,26.9724,26.2673,25.2547,29.0724,25.7189,29.4596,27.1035,29.2660,27.4711

361.4800,28.9948,28.0343,26.9522,26.2476,25.2538,29.0700,25.7124,29.4662,27.0965,29.2681,27.4664

362.4800,28.9905,28.0321,26.9788,26.2609,25.2572,29.0804,25.7220,29.4394,27.1039,29.2599,27.4702

363.4800,29.0096,28.0339,26.9825,26.2595,25.2753,29.0707,25.7077,29.4693,27.1122,29.2700,27.4761

364.4800,28.9871,28.0322,26.9737,26.2600,25.2750,29.0751,25.7130,29.4492,27.1056,29.2621,27.4707

365.4800,29.0112,28.0571,26.9746,26.2430,25.2548,29.0630,25.7177,29.4479,27.1081,29.2554,27.4711

366.4800,29.0043,28.0283,26.9764,26.2250,25.2705,29.0749,25.7304,29.4508,27.1009,29.2629,27.4701

367.4800,28.9919,28.0435,26.9859,26.2463,25.2727,29.0766,25.7192,29.4553,27.1081,29.2660,27.4739

368.4810,29.0044,28.0414,26.9716,26.2599,25.2900,29.0581,25.7171,29.4636,27.1135,29.2608,27.4758

369.4800,28.9943,28.0296,26.9697,26.2509,25.2803,29.0757,25.7214,29.4469,27.1050,29.2613,27.4711

370.4810,28.9849,28.0447,26.9772,26.2551,25.2851,29.0715,25.7218,29.4691,27.1094,29.2703,27.4762

371.4800,28.9937,28.0448,26.9595,26.2491,25.2845,29.0940,25.7258,29.4680,27.1063,29.2810,27.4774

372.4800,28.9979,28.0360,26.9685,26.2431,25.2773,29.0784,25.7221,29.4727,27.1046,29.2755,27.4745

373.4800,28.9810,28.0234,26.9876,26.2428,25.2774,29.0911,25.7241,29.4656,27.1024,29.2784,27.4741

374.4810,28.9754,28.0211,26.9721,26.2372,25.2618,29.0959,25.7077,29.4897,27.0935,29.2928,27.4701

375.4800,29.0029,28.0306,26.9703,26.2382,25.2630,29.0923,25.7384,29.4673,27.1010,29.2798,27.4754

376.4810,28.9623,28.0234,26.9686,26.2824,25.2822,29.0823,25.7160,29.4714,27.1038,29.2769,27.4736

377.4800,28.9928,28.0348,26.9565,26.2631,25.2556,29.0935,25.7157,29.5070,27.1006,29.3003,27.4774

378.4800,28.9996,28.0346,26.9587,26.2366,25.2767,29.1050,25.7330,29.4678,27.1012,29.2864,27.4765

379.4800,28.9984,28.0418,26.9649,26.2470,25.2532,29.0944,25.7260,29.4604,27.1011,29.2774,27.4733

380.4800,29.0040,28.0289,26.9714,26.2459,25.2801,29.1000,25.7320,29.4576,27.1061,29.2788,27.4775

381.4800,28.9900,28.0361,26.9828,26.2304,25.2982,29.0926,25.7340,29.4685,27.1075,29.2806,27.4791

382.4800,28.9758,28.0376,26.9645,26.2320,25.2825,29.0967,25.7058,29.4689,27.0985,29.2828,27.4705

383.4810,28.9897,28.0431,26.9752,26.2767,25.2677,29.0716,25.7226,29.4842,27.1105,29.2779,27.4789

384.4800,29.0010,28.0396,26.9675,26.2453,25.2889,29.0980,25.7205,29.4767,27.1085,29.2873,27.4797

385.4800,28.9913,28.0293,26.9694,26.2336,25.2655,29.1047,25.7272,29.5013,27.0978,29.3030,27.4778

386.4800,28.9822,28.0370,26.9771,26.2431,25.2866,29.0886,25.7315,29.5003,27.1052,29.2944,27.4808

387.4800,28.9787,28.0244,26.9985,26.2575,25.2580,29.0907,25.7417,29.4737,27.1034,29.2822,27.4779

388.4800,28.9935,28.0423,26.9692,26.2452,25.2700,29.0848,25.7228,29.4983,27.1040,29.2915,27.4783

389.4800,28.9922,28.0318,26.9639,26.2752,25.2683,29.1117,25.7415,29.5116,27.1063,29.3117,27.4870

390.4800,28.9601,28.0269,26.9670,26.2552,25.2597,29.1022,25.7347,29.4936,27.0938,29.2979,27.4749

391.4800,28.9851,28.0193,26.9717,26.2618,25.2744,29.1320,25.7394,29.4942,27.1025,29.3131,27.4847

392.4800,28.9871,28.0261,26.9591,26.2738,25.2599,29.1062,25.7325,29.4957,27.1012,29.3010,27.4800

393.4800,28.9818,28.0142,26.9793,26.2760,25.2607,29.1164,25.7281,29.4961,27.1024,29.3062,27.4816

394.4800,28.9721,28.0410,26.9712,26.2495,25.2835,29.1085,25.7323,29.4807,27.1034,29.2946,27.4798

395.4810,28.9853,28.0136,26.9786,26.2443,25.2755,29.1142,25.7388,29.4995,27.0994,29.3069,27.4812

396.4800,29.0054,28.0487,26.9770,26.2568,25.2580,29.1052,25.7272,29.5159,27.1092,29.3106,27.4868

397.4800,29.0014,28.0202,26.9806,26.2547,25.2563,29.1351,25.7294,29.5035,27.1026,29.3193,27.4851

398.4800,28.9946,28.0362,26.9608,26.2570,25.2815,29.1211,25.7464,29.5206,27.1060,29.3209,27.4898

399.4810,28.9761,28.0467,26.9792,26.2349,25.2711,29.1329,25.7191,29.4904,27.1016,29.3116,27.4813

400.4800,28.9680,28.0526,26.9635,26.2451,25.2771,29.0993,25.7354,29.5138,27.1013,29.3066,27.4819

401.4810,28.9653,28.0256,26.9718,26.2171,25.2555,29.1375,25.7428,29.5083,27.0871,29.3229,27.4780

402.4800,28.9713,28.0280,26.9903,26.2243,25.2548,29.1289,25.7519,29.5081,27.0937,29.3185,27.4822

403.4800,28.9786,28.0270,26.9694,26.2482,25.2390,29.1141,25.7385,29.4994,27.0924,29.3068,27.4768

404.4800,29.0026,28.0238,26.9719,26.2469,25.2645,29.1344,25.7311,29.5112,27.1019,29.3228,27.4858

405.4800,28.9864,28.0422,26.9757,26.2262,25.2809,29.1460,25.7382,29.4913,27.1023,29.3186,27.4859

406.4800,28.9835,28.0462,26.9609,26.2566,25.2666,29.1675,25.7285,29.4977,27.1028,29.3326,27.4884

407.4810,28.9686,28.0096,26.9902,26.2251,25.2810,29.1498,25.7404,29.5012,27.0949,29.3255,27.4833

408.4800,28.9912,28.0357,26.9579,26.2565,25.2597,29.1483,25.7426,29.4715,27.1002,29.3099,27.4829

409.4800,28.9792,28.0328,26.9691,26.2418,25.2547,29.1312,25.7415,29.5061,27.0955,29.3186,27.4820

410.4800,28.9716,28.0330,26.9782,26.2505,25.2887,29.1067,25.7417,29.4944,27.1044,29.3005,27.4831

411.4800,28.9877,28.0069,26.9776,26.2428,25.2907,29.1407,25.7269,29.5109,27.1011,29.3258,27.4855

412.4810,28.9718,28.0414,26.9768,26.2495,25.2998,29.1398,25.7375,29.4988,27.1079,29.3193,27.4894

413.4800,28.9704,28.0308,26.9544,26.2501,25.2582,29.1323,25.7574,29.4983,27.0928,29.3153,27.4815

414.4800,28.9602,28.0300,26.9776,26.2579,25.2915,29.1386,25.7335,29.4924,27.1034,29.3155,27.4852

415.4800,28.9804,28.0270,26.9794,26.2474,25.2583,29.1521,25.7429,29.5022,27.0985,29.3271,27.4862

416.4810,28.9624,28.0449,26.9874,26.2700,25.2809,29.1558,25.7329,29.4997,27.1091,29.3278,27.4917

417.4800,28.9675,28.0290,26.9630,26.2460,25.2577,29.1459,25.7387,29.4907,27.0926,29.3183,27.4798

418.4800,28.9934,28.0292,26.9783,26.2552,25.2601,29.1595,25.7582,29.4639,27.1032,29.3117,27.4872

419.4800,28.9713,28.0329,26.9631,26.2410,25.2880,29.1459,25.7535,29.4884,27.0993,29.3172,27.4855

420.4800,28.9742,28.0389,26.9488,26.2470,25.2728,29.1647,25.7439,29.4936,27.0964,29.3292,27.4855

421.4800,28.9486,28.0384,26.9837,26.2648,25.2670,29.1820,25.7438,29.5019,27.1005,29.3420,27.4913

422.4800,28.9876,28.0155,26.9806,26.2344,25.2910,29.1579,25.7587,29.5174,27.1018,29.3376,27.4929

423.4800,28.9733,28.0311,26.9617,26.2476,25.2744,29.1743,25.7455,29.5064,27.0976,29.3403,27.4893

424.4800,28.9645,28.0456,26.9796,26.2513,25.2835,29.1664,25.7284,29.5047,27.1049,29.3356,27.4905

425.4800,28.9588,28.0403,26.9913,26.2409,25.2598,29.1635,25.7472,29.5089,27.0982,29.3362,27.4888

426.4800,28.9509,28.0472,26.9869,26.2501,25.2732,29.1843,25.7433,29.5038,27.1017,29.3441,27.4925

427.4800,28.9706,28.0144,26.9691,26.2252,25.2461,29.2002,25.7132,29.5140,27.0851,29.3571,27.4816

428.4800,28.9765,28.0268,26.9947,26.2494,25.2742,29.1812,25.7586,29.5260,27.1043,29.3536,27.4984

429.4800,28.9489,28.0475,26.9730,26.2438,25.2678,29.1710,25.7384,29.5036,27.0962,29.3373,27.4868

430.4800,28.9903,28.0546,26.9787,26.2585,25.2480,29.1776,25.7497,29.5149,27.1060,29.3463,27.4965

431.4800,28.9715,28.0318,26.9884,26.2569,25.2720,29.1879,25.7349,29.5111,27.1041,29.3495,27.4943

432.4800,28.9835,28.0509,26.9773,26.2637,25.2694,29.1792,25.7450,29.5368,27.1090,29.3580,27.5007

433.4800,28.9680,28.0280,26.9714,26.2615,25.2662,29.1882,25.7197,29.5077,27.0990,29.3479,27.4888

434.4810,28.9644,28.0557,26.9812,26.2520,25.2631,29.1917,25.7390,29.5337,27.1033,29.3627,27.4976

435.4810,28.9489,28.0425,26.9656,26.2567,25.2730,29.1945,25.7579,29.5026,27.0973,29.3486,27.4927

436.4800,28.9643,28.0309,26.9634,26.2413,25.2564,29.1879,25.7301,29.5129,27.0912,29.3504,27.4859

437.4800,28.9550,28.0329,26.9692,26.2509,25.2716,29.1945,25.7355,29.5234,27.0959,29.3589,27.4916

438.4800,28.9686,28.0406,26.9750,26.2609,25.2351,29.1930,25.7545,29.5219,27.0960,29.3575,27.4937

439.4800,28.9757,28.0322,26.9700,26.2558,25.2649,29.1860,25.7273,29.5125,27.0997,29.3493,27.4905

440.4800,28.9626,28.0476,26.9745,26.2481,25.2589,29.2200,25.7550,29.5107,27.0983,29.3653,27.4972

441.4800,28.9782,28.0161,26.9732,26.2449,25.2713,29.1961,25.7465,29.5038,27.0967,29.3500,27.4913

442.4800,28.9620,28.0487,27.0011,26.2554,25.2814,29.1836,25.7424,29.5063,27.1097,29.3450,27.4976

443.4800,28.9621,28.0411,26.9972,26.2709,25.2796,29.2035,25.7305,29.5206,27.1102,29.3620,27.5007

444.4800,28.9603,28.0454,26.9874,26.2525,25.2821,29.1909,25.7471,29.5075,27.1055,29.3492,27.4966

445.4800,28.9439,28.0433,26.9731,26.2623,25.2779,29.1923,25.7474,29.5188,27.1001,29.3556,27.4949

446.4800,28.9722,28.0329,26.9631,26.2640,25.2883,29.2164,25.7558,29.5020,27.1041,29.3592,27.4993

447.4800,28.9408,28.0358,26.9905,26.2382,25.2634,29.2179,25.7427,29.4932,27.0937,29.3555,27.4903

448.4810,28.9603,28.0384,26.9662,26.2436,25.2849,29.2083,25.7419,29.5178,27.0987,29.3630,27.4952

449.4800,28.9688,28.0206,26.9333,26.2447,25.2835,29.2097,25.7392,29.5089,27.0902,29.3593,27.4886

450.4800,28.9417,28.0488,26.9795,26.2753,25.2753,29.2118,25.7637,29.4969,27.1041,29.3544,27.4991

451.4800,28.9494,28.0290,26.9922,26.2498,25.2773,29.2054,25.7429,29.5060,27.0995,29.3557,27.4940

452.4800,28.9741,28.0398,26.9516,26.2630,25.2568,29.2118,25.7429,29.5105,27.0970,29.3611,27.4938

453.4800,28.9529,28.0227,26.9779,26.2647,25.2841,29.2141,25.7451,29.5044,27.1005,29.3592,27.4957

454.4810,28.9374,28.0488,26.9913,26.2579,25.2789,29.2324,25.7307,29.5354,27.1029,29.3839,27.5016

455.4800,28.9432,28.0523,26.9542,26.2538,25.2493,29.2147,25.7323,29.5351,27.0906,29.3749,27.4919

456.4800,28.9612,28.0408,26.9752,26.2488,25.2622,29.2289,25.7660,29.4957,27.0976,29.3623,27.4974

457.4810,28.9430,28.0356,26.9729,26.2559,25.2699,29.2183,25.7500,29.5099,27.0955,29.3641,27.4944

458.4800,28.9545,28.0292,26.9697,26.2556,25.2763,29.2133,25.7256,29.5083,27.0971,29.3608,27.4916

459.4800,28.9449,28.0500,26.9741,26.2445,25.2851,29.2240,25.7503,29.5232,27.0997,29.3736,27.4995

460.4800,28.9410,28.0472,26.9576,26.2529,25.2674,29.2233,25.7474,29.4995,27.0932,29.3614,27.4920

461.4800,28.9488,28.0429,26.9774,26.2519,25.2502,29.2217,25.7271,29.5186,27.0942,29.3701,27.4923

462.4810,28.9556,28.0435,26.9704,26.2605,25.2481,29.2365,25.7352,29.5202,27.0956,29.3784,27.4962

463.4800,28.9449,28.0464,26.9795,26.2456,25.2609,29.2333,25.7420,29.5217,27.0954,29.3775,27.4968

464.4800,28.9554,28.0333,26.9682,26.2536,25.2554,29.2279,25.7279,29.5379,27.0932,29.3829,27.4950

465.4800,28.9710,28.0485,26.9726,26.2580,25.2550,29.2387,25.7370,29.5365,27.1010,29.3876,27.5022

466.4810,28.9625,28.0436,26.9714,26.2573,25.2546,29.2246,25.7467,29.5191,27.0979,29.3719,27.4975

467.4800,28.9493,28.0285,26.9586,26.2374,25.2876,29.2293,25.7452,29.5200,27.0923,29.3747,27.4945

468.4810,28.9741,28.0415,26.9571,26.2392,25.2544,29.2315,25.7621,29.5241,27.0933,29.3778,27.4980

469.4800,28.9488,28.0369,26.9666,26.2534,25.2691,29.2156,25.7381,29.5463,27.0950,29.3809,27.4968

470.4800,28.9358,28.0324,26.9937,26.2541,25.2594,29.2355,25.7355,29.5263,27.0951,29.3809,27.4966

471.4800,28.9487,28.0313,26.9648,26.2634,25.2515,29.2513,25.7438,29.5340,27.0919,29.3926,27.4986

472.4800,28.9320,28.0408,26.9583,26.2191,25.2580,29.2473,25.7425,29.5155,27.0816,29.3814,27.4892

473.4800,28.9609,28.0376,26.9824,26.2339,25.2581,29.2286,25.7572,29.5146,27.0946,29.3716,27.4967

474.4810,28.9556,28.0614,26.9718,26.2624,25.2769,29.2323,25.7338,29.5057,27.1056,29.3690,27.5000

475.4800,28.9467,28.0263,26.9612,26.2518,25.2524,29.2253,25.7369,29.5090,27.0877,29.3671,27.4887

476.4810,28.9524,28.0397,26.9836,26.2799,25.2817,29.2324,25.7433,29.5273,27.1074,29.3799,27.5050

477.4800,28.9520,28.0505,26.9746,26.2751,25.2530,29.2353,25.7513,29.5020,27.1010,29.3687,27.4992

478.4800,28.9603,28.0381,26.9858,26.2570,25.2524,29.2389,25.7308,29.5268,27.0987,29.3829,27.4988

479.4810,28.9616,28.0445,26.9790,26.2470,25.3013,29.2453,25.7170,29.5229,27.1067,29.3841,27.5023

480.4800,28.9436,28.0572,26.9884,26.2526,25.2686,29.2396,25.7311,29.5138,27.1021,29.3767,27.4993

481.4800,28.9456,28.0394,26.9880,26.2522,25.2754,29.2581,25.7180,29.5102,27.1001,29.3841,27.4984

482.4800,28.9550,28.0307,26.9784,26.2577,25.2711,29.2425,25.7465,29.5178,27.0986,29.3801,27.5000

483.4800,28.9528,28.0297,26.9961,26.2528,25.2906,29.2379,25.7374,29.5164,27.1044,29.3772,27.5017

484.4810,28.9549,28.0255,26.9609,26.2515,25.2781,29.2354,25.7342,29.5191,27.0942,29.3772,27.4949

485.4800,28.9287,28.0633,26.9770,26.2497,25.2735,29.2416,25.7438,29.5112,27.0984,29.3764,27.4986

486.4800,28.9339,28.0538,26.9737,26.2633,25.2844,29.2473,25.7428,29.5145,27.1018,29.3809,27.5017

487.4800,28.9435,28.0424,26.9788,26.2387,25.2893,29.2489,25.7262,29.5175,27.0985,29.3832,27.4982

488.4800,28.9275,28.0383,26.9718,26.2620,25.2808,29.2446,25.7513,29.5198,27.0961,29.3822,27.4995

489.4800,28.9425,28.0259,26.9848,26.2618,25.2897,29.2310,25.7379,29.5165,27.1009,29.3738,27.4988

490.4800,28.9383,28.0522,26.9815,26.2598,25.2837,29.2621,25.7421,29.4992,27.1031,29.3806,27.5024

491.4800,28.9302,28.0496,26.9732,26.2478,25.2589,29.2502,25.7499,29.5211,27.0920,29.3857,27.4976

492.4800,28.9265,28.0453,26.9628,26.2586,25.2831,29.2441,25.7309,29.5043,27.0952,29.3742,27.4944

493.4800,28.9238,28.0388,26.9992,26.2794,25.2818,29.2668,25.7358,29.5270,27.1046,29.3969,27.5066

494.4810,28.9451,28.0543,26.9813,26.2738,25.2744,29.2524,25.7362,29.5088,27.1058,29.3806,27.5033

495.4800,28.9352,28.0352,26.9852,26.2593,25.2791,29.2740,25.7378,29.5257,27.0988,29.3998,27.5039

496.4800,28.9532,28.0448,26.9778,26.2562,25.2736,29.2553,25.7394,29.5263,27.1011,29.3908,27.5033

497.4800,28.9335,28.0559,26.9715,26.2668,25.3076,29.2662,25.7448,29.5287,27.1071,29.3975,27.5094

498.4800,28.9466,28.0577,26.9587,26.2654,25.2853,29.2515,25.7481,29.5225,27.1027,29.3870,27.5045

499.4800,28.9464,28.0321,26.9886,26.2637,25.2808,29.2447,25.7148,29.5486,27.1023,29.3966,27.5025

500.4800,28.9452,28.0478,26.9625,26.2719,25.2783,29.2572,25.7249,29.5343,27.1011,29.3957,27.5028

501.4800,28.9228,28.0601,26.9818,26.2423,25.2964,29.2517,25.7340,29.5283,27.1007,29.3900,27.5022

502.4810,28.9388,28.0362,26.9758,26.2622,25.2691,29.2584,25.7308,29.5392,27.0964,29.3988,27.5013

503.4800,28.9367,28.0481,26.9952,26.2382,25.2830,29.2544,25.7455,29.5404,27.1003,29.3974,27.5052

504.4800,28.9397,28.0447,26.9872,26.2575,25.2869,29.2649,25.7351,29.5405,27.1032,29.4027,27.5071

505.4800,28.9410,28.0562,26.9708,26.2685,25.2872,29.2784,25.7310,29.5272,27.1047,29.4028,27.5075

506.4810,28.9389,28.0537,26.9782,26.2519,25.2587,29.2678,25.7445,29.5172,27.0963,29.3925,27.5014

507.4800,28.9428,28.0314,26.9738,26.2583,25.2768,29.2736,25.7411,29.5055,27.0966,29.3895,27.5004

508.4810,28.9561,28.0487,26.9728,26.2521,25.2953,29.2384,25.7372,29.5183,27.1050,29.3784,27.5024

509.4800,28.9843,28.0571,26.9788,26.2709,25.2589,29.2454,25.7432,29.5301,27.1100,29.3878,27.5086

510.4800,28.9195,28.0606,26.9753,26.2503,25.2889,29.2588,25.7349,29.5439,27.0989,29.4014,27.5040

511.4800,28.9417,28.0351,26.9644,26.2715,25.2757,29.2781,25.7373,29.5336,27.0977,29.4059,27.5047

512.4800,28.9398,28.0474,26.9573,26.2573,25.2667,29.2560,25.7472,29.5401,27.0937,29.3981,27.5015

513.4800,28.9231,28.0560,26.9999,26.2452,25.2702,29.2562,25.7360,29.5282,27.0989,29.3922,27.5018

514.4800,28.9459,28.0446,26.9903,26.2795,25.2785,29.2739,25.7444,29.5401,27.1078,29.4070,27.5121

515.4800,28.9324,28.0321,27.0024,26.2572,25.2957,29.2769,25.7357,29.5159,27.1040,29.3964,27.5060

516.4800,28.9553,28.0238,26.9860,26.2757,25.2671,29.2823,25.7485,29.5039,27.1016,29.3931,27.5053

517.4800,28.9306,28.0422,26.9790,26.2790,25.2608,29.2802,25.7486,29.5229,27.0983,29.4016,27.5054

518.4800,28.9478,28.0534,26.9958,26.2421,25.2993,29.2461,25.7164,29.5101,27.1077,29.3781,27.5014

519.4800,28.9448,28.0618,26.9746,26.2426,25.2850,29.2601,25.7263,29.5302,27.1018,29.3951,27.5032

520.4800,28.9594,28.0363,26.9943,26.2590,25.3076,29.2591,25.7342,29.5221,27.1113,29.3906,27.5090

521.4800,28.9340,28.0428,26.9904,26.2362,25.2982,29.2517,25.7308,29.5288,27.1004,29.3902,27.5016

522.4810,28.9176,28.0569,26.9810,26.2537,25.2860,29.2465,25.7534,29.5269,27.0990,29.3867,27.5028

523.4800,28.9473,28.0567,26.9992,26.2464,25.2624,29.2560,25.7339,29.5142,27.1024,29.3851,27.5020

524.4800,28.9167,28.0406,26.9849,26.2529,25.3021,29.2932,25.7493,29.5260,27.0994,29.4096,27.5082

525.4800,28.9242,28.0451,27.0018,26.2386,25.3153,29.2719,25.7303,29.5076,27.1050,29.3898,27.5043

526.4800,28.9345,28.0641,26.9731,26.2340,25.2836,29.2701,25.7474,29.5053,27.0979,29.3877,27.5015

527.4800,28.9432,28.0645,26.9881,26.2561,25.2904,29.2810,25.7171,29.5139,27.1085,29.3975,27.5068

528.4800,28.9453,28.0571,26.9783,26.2241,25.2916,29.2667,25.7210,29.5104,27.0993,29.3885,27.4993

529.4800,28.9715,28.0820,26.9882,26.2284,25.2830,29.2854,25.7390,29.5084,27.1106,29.3969,27.5107

530.4800,28.9502,28.0532,26.9782,26.2193,25.3027,29.2796,25.7379,29.5290,27.1007,29.4043,27.5062

531.4800,28.9477,28.0432,26.9876,26.2409,25.2883,29.2804,25.7157,29.5269,27.1016,29.4036,27.5038

532.4800,28.9383,28.0535,26.9724,26.2375,25.3049,29.2771,25.7349,29.5208,27.1013,29.3989,27.5049

533.4800,28.9521,28.0603,27.0085,26.2387,25.2673,29.2641,25.7498,29.5332,27.1054,29.3987,27.5093

534.4800,28.9457,28.0339,27.0159,26.2542,25.2793,29.2747,25.7266,29.5249,27.1058,29.3998,27.5069

535.4800,28.9494,28.0507,26.9894,26.2310,25.2759,29.2840,25.7288,29.5493,27.0993,29.4166,27.5073

536.4800,28.9397,28.0395,26.9848,26.2343,25.2851,29.2720,25.7227,29.5354,27.0967,29.4037,27.5017

537.4800,28.9721,28.0502,26.9988,26.2583,25.2773,29.2661,25.7292,29.5352,27.1113,29.4007,27.5109

538.4800,28.9586,28.0518,26.9929,26.2429,25.2676,29.2856,25.7228,29.5204,27.1028,29.4030,27.5053

539.4810,28.9650,28.0620,26.9828,26.2536,25.2835,29.2689,25.7472,29.5202,27.1094,29.3946,27.5104

540.4800,28.9588,28.0648,26.9926,26.2446,25.2622,29.2591,25.7245,29.5333,27.1046,29.3962,27.5050

541.4800,28.9540,28.0564,26.9810,26.2437,25.2724,29.2608,25.7326,29.5477,27.1015,29.4043,27.5061

542.4800,28.9641,28.0618,26.9830,26.2392,25.2802,29.2732,25.7229,29.5301,27.1056,29.4016,27.5068

543.4800,28.9623,28.0764,26.9849,26.2265,25.2789,29.2644,25.7219,29.5472,27.1058,29.4058,27.5078

544.4800,28.9644,28.0857,27.0028,26.2363,25.2682,29.2768,25.7285,29.5356,27.1115,29.4062,27.5123

545.4800,28.9652,28.0676,27.0087,26.2446,25.2837,29.2786,25.7387,29.5284,27.1140,29.4035,27.5144

546.4800,28.9463,28.0643,26.9931,26.2427,25.2870,29.2541,25.7278,29.5222,27.1067,29.3882,27.5047

547.4800,28.9687,28.0469,26.9922,26.2517,25.2759,29.2689,25.7377,29.5272,27.1071,29.3981,27.5086

548.4800,28.9850,28.0464,27.0030,26.2328,25.2814,29.2631,25.7316,29.5312,27.1097,29.3972,27.5093

549.4800,28.9899,28.0564,26.9918,26.2428,25.3009,29.2704,25.7293,29.5197,27.1163,29.3950,27.5126

550.4800,28.9838,28.0765,27.0110,26.2747,25.2825,29.2619,25.7188,29.5173,27.1257,29.3896,27.5158

551.4800,28.9657,28.0584,26.9806,26.2434,25.3206,29.2782,25.7063,29.5336,27.1137,29.4059,27.5108

552.4800,28.9646,28.0625,26.9946,26.2550,25.2953,29.2620,25.7232,29.5014,27.1144,29.3817,27.5073

553.4800,28.9628,28.0482,27.0057,26.2515,25.3059,29.2753,25.7281,29.5293,27.1148,29.4023,27.5134

554.4800,28.9596,28.0603,27.0127,26.2420,25.2871,29.2725,25.7450,29.5247,27.1123,29.3986,27.5130

555.4800,28.9554,28.0434,26.9957,26.2439,25.2927,29.2833,25.7337,29.5073,27.1062,29.3953,27.5069

556.4800,28.9825,28.0603,26.9830,26.2349,25.2893,29.2738,25.7365,29.5208,27.1100,29.3973,27.5101

557.4800,28.9732,28.0770,27.0068,26.2503,25.2700,29.2635,25.7198,29.5227,27.1155,29.3931,27.5104

558.4800,28.9277,28.0713,26.9770,26.2577,25.2763,29.2995,25.7456,29.5403,27.1020,29.4199,27.5119

559.4800,28.9573,28.0780,26.9965,26.2564,25.2880,29.2805,25.7316,29.5049,27.1152,29.3927,27.5117

560.4800,28.9583,28.0815,26.9830,26.2391,25.2721,29.2971,25.7403,29.5215,27.1068,29.4093,27.5116

561.4800,28.9731,28.0662,27.0063,26.2564,25.2859,29.2827,25.7372,29.5132,27.1176,29.3980,27.5151

562.4810,28.9835,28.0519,26.9859,26.2416,25.2898,29.2974,25.7305,29.5199,27.1105,29.4087,27.5126

563.4800,28.9751,28.0756,27.0077,26.2498,25.2861,29.2842,25.7481,29.5218,27.1189,29.4030,27.5186

564.4800,28.9619,28.0569,26.9852,26.2409,25.3116,29.2899,25.7430,29.5068,27.1113,29.3984,27.5120

565.4800,28.9555,28.0688,27.0051,26.2566,25.3004,29.2722,25.7356,29.5065,27.1173,29.3893,27.5126

566.4800,28.9694,28.0594,26.9972,26.2699,25.2983,29.2776,25.7404,29.4944,27.1188,29.3860,27.5133

567.4800,28.9925,28.0715,26.9994,26.2551,25.2855,29.2936,25.7458,29.5458,27.1208,29.4197,27.5236

568.4800,28.9656,28.0673,26.9970,26.2650,25.2775,29.2865,25.7364,29.5236,27.1145,29.4050,27.5149

569.4800,28.9661,28.0714,27.0158,26.2465,25.2855,29.2950,25.7122,29.5156,27.1170,29.4053,27.5135

570.4800,28.9661,28.0539,27.0049,26.2554,25.2671,29.3016,25.7226,29.5500,27.1095,29.4258,27.5152

571.4800,28.9547,28.0584,27.0212,26.2514,25.2840,29.2996,25.7403,29.5117,27.1140,29.4057,27.5152

572.4800,28.9539,28.0537,26.9948,26.2694,25.2757,29.2965,25.7299,29.5326,27.1095,29.4146,27.5133

573.4800,28.9862,28.0693,27.0000,26.2463,25.2972,29.3020,25.7300,29.5334,27.1198,29.4177,27.5206

574.4800,28.9898,28.0669,26.9896,26.2632,25.2937,29.3027,25.7266,29.5271,27.1206,29.4149,27.5200

575.4800,28.9734,28.0639,27.0002,26.2574,25.3099,29.2977,25.7543,29.5188,27.1210,29.4082,27.5219

576.4800,28.9937,28.0628,27.0148,26.2507,25.2788,29.2794,25.7367,29.5461,27.1202,29.4127,27.5204

577.4810,28.9792,28.0655,26.9986,26.2340,25.2807,29.2916,25.7252,29.5405,27.1116,29.4160,27.5144

578.4800,28.9856,28.0693,26.9995,26.2633,25.2909,29.2806,25.7342,29.5309,27.1217,29.4058,27.5193

579.4800,28.9631,28.0502,26.9866,26.2611,25.2967,29.2986,25.7392,29.5300,27.1115,29.4143,27.5157

580.4810,28.9812,28.0667,26.9927,26.2725,25.2865,29.2771,25.7368,29.5420,27.1199,29.4096,27.5194

581.4800,28.9571,28.0508,26.9852,26.2353,25.2973,29.2982,25.7454,29.5165,27.1051,29.4074,27.5107

582.4800,28.9869,28.0612,27.0018,26.2537,25.2752,29.2975,25.7379,29.5397,27.1158,29.4186,27.5192

583.4800,28.9790,28.0532,27.0089,26.2443,25.2843,29.2858,25.7403,29.5356,27.1140,29.4107,27.5164

584.4800,28.9467,28.0696,26.9984,26.2683,25.2930,29.2746,25.7393,29.5240,27.1152,29.3993,27.5142

585.4800,28.9737,28.0706,27.0164,26.2566,25.2828,29.3041,25.7521,29.5261,27.1200,29.4151,27.5228

586.4800,28.9763,28.0706,27.0136,26.2523,25.3048,29.3104,25.7610,29.5339,27.1235,29.4221,27.5279

587.4800,28.9814,28.0759,27.0179,26.2718,25.2905,29.3000,25.7526,29.5446,27.1275,29.4223,27.5293

588.4800,28.9689,28.0768,27.0037,26.2632,25.2926,29.3011,25.7592,29.5439,27.1211,29.4225,27.5262

589.4800,28.9657,28.0773,26.9972,26.2505,25.2823,29.2749,25.7470,29.5284,27.1146,29.4017,27.5154

590.4800,28.9815,28.0629,27.0063,26.2582,25.3095,29.3019,25.7580,29.5169,27.1237,29.4094,27.5244

591.4800,28.9768,28.0614,27.0124,26.2658,25.3015,29.2878,25.7532,29.5320,27.1236,29.4099,27.5239

592.4800,28.9924,28.0620,26.9842,26.2748,25.2840,29.2935,25.7566,29.5269,27.1195,29.4102,27.5218

593.4810,28.9908,28.0592,27.0059,26.2659,25.3028,29.3079,25.7477,29.5328,27.1249,29.4204,27.5266

594.4800,28.9811,28.0638,27.0101,26.2550,25.2916,29.2959,25.7533,29.5306,27.1203,29.4132,27.5227

595.4800,29.0133,28.0666,26.9765,26.2591,25.3037,29.2966,25.7631,29.5360,27.1238,29.4163,27.5269

596.4800,28.9764,28.0566,26.9996,26.2817,25.3072,29.2842,25.7602,29.5180,27.1243,29.4011,27.5230

597.4800,28.9894,28.0643,26.9889,26.2672,25.3057,29.2991,25.7694,29.5286,27.1231,29.4138,27.5266

598.4800,28.9725,28.0700,26.9993,26.2791,25.2886,29.2920,25.7736,29.5450,27.1219,29.4185,27.5275

599.4800,28.9801,28.0660,27.0019,26.2562,25.3076,29.2996,25.7772,29.5240,27.1224,29.4118,27.5266

600.4800,28.9822,28.0697,26.9688,26.2609,25.2762,29.2900,25.7526,29.5299,27.1116,29.4099,27.5163

601.4800,28.9827,28.0718,26.9888,26.2808,25.3168,29.2749,25.7508,29.5294,27.1282,29.4022,27.5245

602.4800,28.9520,28.0697,27.0155,26.2788,25.2992,29.2809,25.7809,29.5373,27.1231,29.4091,27.5268

603.4800,28.9644,28.0712,27.0042,26.2717,25.2834,29.2802,25.7602,29.5248,27.1190,29.4025,27.5200

604.4800,28.9723,28.0596,27.0119,26.2780,25.2913,29.3299,25.7542,29.5345,27.1226,29.4322,27.5290

605.4800,28.9692,28.0609,27.0086,26.2643,25.3089,29.3085,25.7716,29.5390,27.1224,29.4237,27.5289

606.4800,28.9810,28.0649,27.0103,26.2509,25.3104,29.2958,25.7577,29.5348,27.1235,29.4153,27.5257

607.4800,28.9694,28.0507,27.0068,26.2672,25.2926,29.3086,25.7755,29.5316,27.1173,29.4201,27.5253

608.4800,28.9782,28.0638,26.9968,26.2606,25.3014,29.2868,25.7811,29.5023,27.1202,29.3946,27.5214

609.4810,28.9821,28.0608,27.0018,26.2561,25.2869,29.3119,25.7686,29.5222,27.1175,29.4171,27.5238

610.4800,28.9462,28.0752,27.0059,26.2724,25.2802,29.3099,25.7783,29.5066,27.1160,29.4082,27.5218

611.4800,28.9529,28.0683,26.9905,26.2731,25.3082,29.3143,25.7729,29.5204,27.1186,29.4173,27.5251

612.4800,28.9749,28.0423,26.9975,26.2537,25.2972,29.2996,25.7987,29.5466,27.1131,29.4231,27.5263

613.4800,28.9593,28.0662,26.9875,26.2724,25.3089,29.3127,25.7873,29.5291,27.1189,29.4209,27.5279

614.4800,28.9744,28.0634,26.9950,26.2644,25.2977,29.2925,25.7642,29.5169,27.1190,29.4047,27.5210

615.4800,28.9689,28.0532,27.0151,26.2411,25.2945,29.3035,25.7686,29.5161,27.1146,29.4098,27.5201

616.4800,28.9598,28.0673,27.0089,26.2783,25.3052,29.3062,25.7813,29.5315,27.1239,29.4188,27.5298

617.4810,28.9650,28.0834,27.0033,26.2694,25.2844,29.3315,25.7894,29.5399,27.1211,29.4357,27.5333

618.4800,28.9603,28.0582,27.0044,26.2460,25.3099,29.3071,25.7585,29.5164,27.1158,29.4117,27.5201

619.4800,28.9386,28.0682,27.0196,26.2551,25.2981,29.2925,25.7860,29.5065,27.1159,29.3995,27.5206

620.4800,28.9797,28.0913,27.0060,26.2796,25.2935,29.2931,25.7690,29.5325,27.1300,29.4128,27.5306

621.4800,28.9618,28.0600,27.0119,26.2695,25.3318,29.3016,25.7622,29.5325,27.1270,29.4170,27.5289

622.4800,28.9796,28.0662,27.0125,26.2639,25.3312,29.3057,25.7878,29.5259,27.1307,29.4158,27.5341

623.4800,28.9530,28.0545,26.9961,26.2621,25.3210,29.3097,25.7846,29.5237,27.1174,29.4167,27.5256

624.4800,28.9523,28.0681,26.9945,26.2705,25.3043,29.3020,25.7623,29.5442,27.1180,29.4231,27.5248

625.4800,28.9650,28.0542,27.0174,26.2707,25.3194,29.3085,25.7511,29.5325,27.1253,29.4205,27.5274

626.4800,28.9642,28.0503,26.9947,26.2702,25.3016,29.2965,25.7633,29.5298,27.1162,29.4131,27.5213

627.4800,28.9907,28.0661,27.0095,26.2676,25.3131,29.3173,25.7612,29.5271,27.1294,29.4222,27.5316

628.4800,28.9779,28.0608,27.0004,26.2651,25.2931,29.3030,25.7672,29.5143,27.1195,29.4087,27.5227

629.4800,28.9709,28.0593,27.0150,26.2561,25.3036,29.3007,25.7762,29.5552,27.1210,29.4280,27.5296

630.4800,28.9729,28.0775,27.0035,26.2696,25.3051,29.3084,25.7670,29.5384,27.1257,29.4234,27.5303

631.4800,28.9875,28.0731,27.0208,26.2718,25.2829,29.2990,25.7748,29.5351,27.1272,29.4171,27.5306

632.4800,28.9663,28.0593,26.9980,26.2740,25.2867,29.3136,25.7610,29.5290,27.1169,29.4213,27.5235

633.4800,28.9887,28.0698,27.0014,26.2713,25.3069,29.3252,25.7654,29.5326,27.1276,29.4289,27.5327

634.4800,28.9788,28.0457,27.0169,26.2694,25.3001,29.2936,25.7734,29.5448,27.1222,29.4192,27.5278

635.4800,28.9755,28.0639,27.0093,26.2636,25.3134,29.3058,25.7803,29.5316,27.1251,29.4187,27.5304

636.4810,28.9807,28.0680,27.0081,26.2568,25.3006,29.3049,25.7811,29.5396,27.1228,29.4223,27.5300

637.4800,28.9876,28.0725,27.0051,26.2735,25.2968,29.3024,25.7719,29.5259,27.1271,29.4142,27.5295

638.4800,28.9979,28.0511,27.0303,26.2667,25.3075,29.3004,25.7877,29.5479,27.1307,29.4242,27.5362

639.4800,28.9785,28.0738,27.0102,26.2754,25.3131,29.3046,25.7751,29.5313,27.1302,29.4179,27.5327

640.4800,29.0045,28.0498,27.0172,26.2593,25.3180,29.3057,25.7524,29.5362,27.1297,29.4209,27.5304

641.4800,28.9886,28.0815,27.0070,26.2585,25.3082,29.3049,25.7898,29.5274,27.1288,29.4161,27.5332

642.4800,29.0026,28.0764,27.0109,26.2666,25.2910,29.2896,25.7701,29.5131,27.1295,29.4013,27.5275

643.4810,28.9866,28.0529,27.0095,26.2445,25.3090,29.2986,25.7640,29.5418,27.1205,29.4202,27.5259

644.4800,29.0142,28.0557,27.0147,26.2690,25.2832,29.3035,25.7796,29.5261,27.1274,29.4148,27.5308

645.4800,28.9894,28.0712,27.0123,26.2511,25.2721,29.3164,25.7494,29.5365,27.1192,29.4265,27.5248

646.4800,29.0116,28.0632,27.0038,26.2892,25.3161,29.3146,25.7758,29.5343,27.1368,29.4245,27.5386

647.4810,28.9865,28.0550,27.0286,26.2707,25.2899,29.3130,25.7468,29.5322,27.1261,29.4226,27.5278

648.4800,28.9993,28.0604,26.9892,26.2454,25.2990,29.2863,25.7758,29.5357,27.1187,29.4110,27.5239

649.4800,28.9980,28.0489,27.0149,26.2574,25.3062,29.3142,25.7520,29.5569,27.1251,29.4355,27.5311

650.4800,28.9918,28.0631,27.0245,26.2646,25.3099,29.2981,25.7842,29.5578,27.1308,29.4280,27.5368

651.4800,28.9925,28.0772,27.0225,26.2909,25.3040,29.3115,25.7666,29.5420,27.1374,29.4267,27.5384

652.4800,28.9986,28.0561,26.9966,26.2651,25.3016,29.3073,25.7757,29.5312,27.1236,29.4192,27.5290

653.4800,28.9839,28.0615,27.0172,26.2805,25.3104,29.3015,25.7694,29.5282,27.1307,29.4148,27.5316

654.4800,29.0070,28.0529,27.0218,26.2634,25.3001,29.3274,25.7749,29.5330,27.1290,29.4302,27.5351

655.4800,29.0346,28.0481,27.0240,26.2769,25.2943,29.3150,25.7715,29.5248,27.1356,29.4199,27.5362

656.4800,29.0271,28.0748,27.0102,26.2683,25.3099,29.3014,25.7851,29.5357,27.1381,29.4185,27.5391

657.4800,29.0167,28.0531,27.0088,26.2640,25.2981,29.2958,25.7902,29.5301,27.1282,29.4129,27.5321

658.4800,29.0161,28.0672,27.0049,26.2729,25.2918,29.3054,25.7930,29.5044,27.1306,29.4049,27.5320

659.4800,29.0237,28.0561,27.0335,26.2703,25.3164,29.3079,25.8031,29.5234,27.1400,29.4156,27.5418

660.4800,29.0173,28.0590,27.0047,26.2723,25.3067,29.2949,25.7616,29.5184,27.1320,29.4066,27.5294

661.4800,29.0085,28.0712,27.0156,26.2751,25.3115,29.3139,25.7720,29.5326,27.1364,29.4232,27.5376

662.4800,29.0277,28.0635,27.0051,26.2480,25.3171,29.2935,25.7714,29.5320,27.1323,29.4128,27.5323

663.4800,28.9932,28.0537,27.0231,26.2774,25.3109,29.3113,25.7941,29.5206,27.1317,29.4160,27.5355

664.4810,28.9960,28.0538,27.0298,26.2671,25.3363,29.3103,25.7834,29.5291,27.1366,29.4197,27.5382

665.4800,28.9917,28.0575,27.0288,26.2736,25.3235,29.2905,25.7885,29.5290,27.1350,29.4097,27.5354

666.4800,28.9870,28.0642,27.0143,26.2488,25.3108,29.3033,25.7749,29.5309,27.1250,29.4171,27.5293

667.4800,29.0088,28.0648,27.0167,26.2706,25.3128,29.3217,25.7760,29.5376,27.1347,29.4296,27.5386

668.4800,28.9982,28.0649,27.0130,26.2659,25.3017,29.2993,25.7860,29.5214,27.1287,29.4103,27.5313

669.4800,29.0137,28.0602,27.0239,26.2735,25.3055,29.3125,25.7756,29.5294,27.1353,29.4209,27.5368

670.4800,28.9813,28.0499,27.0173,26.2750,25.3197,29.3112,25.7841,29.5201,27.1286,29.4156,27.5323

671.4800,29.0092,28.0549,27.0167,26.2724,25.2915,29.3047,25.7910,29.5305,27.1289,29.4176,27.5338

672.4800,28.9871,28.0650,27.0014,26.2741,25.2944,29.2981,25.7861,29.5324,27.1244,29.4153,27.5298

673.4800,29.0033,28.0496,26.9963,26.2784,25.3182,29.3303,25.7725,29.5298,27.1292,29.4301,27.5348

674.4800,29.0045,28.0622,27.0080,26.2792,25.3170,29.3235,25.7766,29.5324,27.1342,29.4279,27.5379

675.4800,28.9934,28.0769,27.0317,26.2506,25.3064,29.2988,25.7820,29.5359,27.1318,29.4174,27.5345

676.4800,28.9831,28.0761,27.0191,26.2786,25.3290,29.3120,25.7557,29.5406,27.1372,29.4263,27.5368

677.4800,28.9941,28.0597,27.0243,26.2886,25.3382,29.2953,25.7888,29.5432,27.1410,29.4193,27.5415

678.4800,28.9887,28.0579,27.0126,26.2735,25.3158,29.3087,25.7813,29.5416,27.1297,29.4251,27.5350

679.4800,28.9873,28.0564,27.0116,26.2730,25.3276,29.3177,25.7746,29.5218,27.1312,29.4197,27.5338

680.4800,28.9961,28.0566,27.0161,26.2656,25.3209,29.3086,25.7626,29.5259,27.1311,29.4172,27.5315

681.4800,28.9973,28.0674,27.0207,26.2769,25.3215,29.3191,25.7719,29.5506,27.1367,29.4348,27.5407

682.4800,28.9910,28.0616,27.0395,26.2782,25.3086,29.3208,25.7690,29.5485,27.1358,29.4347,27.5397

683.4800,28.9974,28.0442,27.0046,26.2471,25.2976,29.3150,25.7831,29.5394,27.1182,29.4272,27.5286

684.4800,28.9802,28.0566,27.0213,26.2704,25.2945,29.3524,25.7786,29.5472,27.1246,29.4498,27.5377

685.4800,29.0178,28.0596,27.0101,26.2795,25.3114,29.3307,25.7840,29.5645,27.1357,29.4476,27.5447

686.4810,28.9920,28.0531,27.0196,26.2630,25.3116,29.3369,25.7642,29.5449,27.1279,29.4409,27.5357

687.4800,29.0044,28.0575,27.0217,26.2609,25.2961,29.3356,25.7791,29.5440,27.1281,29.4398,27.5374

688.4800,28.9936,28.0614,27.0374,26.2757,25.3098,29.3098,25.7641,29.5412,27.1356,29.4255,27.5366

689.4800,29.0095,28.0593,27.0240,26.2731,25.3140,29.3027,25.7596,29.5398,27.1360,29.4212,27.5353

690.4800,29.0110,28.0650,27.0075,26.2806,25.3183,29.2919,25.7780,29.5539,27.1365,29.4229,27.5383

691.4800,29.0164,28.0677,27.0074,26.2787,25.3199,29.2935,25.7652,29.5320,27.1380,29.4128,27.5351

692.4800,29.0337,28.0682,27.0140,26.2697,25.3118,29.3005,25.7666,29.5489,27.1395,29.4247,27.5392

693.4800,29.0274,28.0675,27.0152,26.2601,25.3098,29.3060,25.7702,29.5506,27.1360,29.4283,27.5384

694.4800,28.9989,28.0645,27.0306,26.2740,25.3312,29.3043,25.7549,29.5451,27.1398,29.4247,27.5379

695.4800,29.0141,28.0409,27.0201,26.2669,25.3040,29.2965,25.7765,29.5434,27.1292,29.4200,27.5328

696.4800,28.9905,28.0519,27.0292,26.2821,25.3100,29.3161,25.7540,29.5447,27.1327,29.4304,27.5348

697.4800,29.0157,28.0528,27.0235,26.2920,25.2980,29.3215,25.7493,29.5257,27.1364,29.4236,27.5348

698.4800,29.0047,28.0376,27.0206,26.2711,25.3181,29.2974,25.7525,29.5472,27.1304,29.4223,27.5311

699.4800,29.0134,28.0422,27.0116,26.2706,25.3094,29.3226,25.7670,29.5493,27.1294,29.4359,27.5358

700.4800,29.0355,28.0555,26.9998,26.2683,25.2999,29.3032,25.7359,29.5413,27.1318,29.4223,27.5299

701.4800,29.0098,28.0773,27.0212,26.2826,25.3001,29.3086,25.7583,29.5344,27.1382,29.4215,27.5365

702.4800,29.0016,28.0516,27.0223,26.2781,25.3084,29.3126,25.7618,29.5479,27.1324,29.4302,27.5355

703.4800,29.0038,28.0564,27.0140,26.2810,25.3181,29.3195,25.7685,29.5401,27.1347,29.4298,27.5377

704.4800,28.9956,28.0529,27.0242,26.2903,25.3199,29.3123,25.7636,29.5522,27.1366,29.4322,27.5389

705.4800,29.0213,28.0548,27.0038,26.2992,25.3031,29.3229,25.7513,29.5360,27.1364,29.4294,27.5365

706.4810,29.0191,28.0753,27.0159,26.2815,25.3127,29.2967,25.7487,29.5192,27.1409,29.4080,27.5337

707.4800,28.9935,28.0777,27.0207,26.2623,25.3164,29.3107,25.7724,29.5412,27.1341,29.4259,27.5368

708.4800,29.0046,28.0527,26.9975,26.2971,25.3166,29.3081,25.7417,29.5132,27.1337,29.4106,27.5289

709.4800,28.9964,28.0546,27.0164,26.2778,25.3301,29.3126,25.7724,29.5412,27.1351,29.4269,27.5377

710.4800,28.9925,28.0740,27.0132,26.2930,25.3054,29.3139,25.7545,29.5279,27.1356,29.4209,27.5343

711.4800,28.9839,28.0738,27.0186,26.2923,25.3081,29.3161,25.7774,29.5372,27.1354,29.4267,27.5384

712.4800,28.9959,28.0497,27.0153,26.2927,25.3136,29.3211,25.7604,29.5473,27.1334,29.4342,27.5370

713.4800,28.9965,28.0714,27.0158,26.2758,25.3222,29.3183,25.7373,29.5441,27.1363,29.4312,27.5352

714.4800,28.9914,28.0797,27.0114,26.2935,25.3417,29.3043,25.7565,29.5353,27.1435,29.4198,27.5392

715.4800,28.9970,28.0562,27.0133,26.2917,25.3137,29.3212,25.7759,29.5461,27.1344,29.4337,27.5394

716.4810,29.0090,28.0485,27.0273,26.3000,25.3267,29.3365,25.7596,29.5501,27.1423,29.4433,27.5447

717.4800,28.9744,28.0499,27.0339,26.2802,25.2859,29.3066,25.7483,29.5372,27.1248,29.4219,27.5270

718.4800,29.0109,28.0701,27.0202,26.2858,25.3069,29.3342,25.7487,29.5590,27.1388,29.4466,27.5420

719.4800,29.0055,28.0691,27.0187,26.2857,25.3095,29.2949,25.7548,29.5381,27.1377,29.4165,27.5345

720.4800,29.0009,28.0629,27.0327,26.2668,25.3072,29.3307,25.7457,29.5438,27.1341,29.4373,27.5363

721.4800,29.0119,28.0496,27.0147,26.3020,25.3107,29.3201,25.7272,29.5633,27.1378,29.4417,27.5374

722.4800,28.9918,28.0553,27.0124,26.2955,25.3226,29.3089,25.7485,29.5437,27.1355,29.4263,27.5349

723.4800,29.0025,28.0497,27.0204,26.2762,25.2985,29.3201,25.7509,29.5487,27.1295,29.4344,27.5334

724.4800,29.0150,28.0637,27.0284,26.2789,25.3105,29.3194,25.7470,29.5495,27.1393,29.4344,27.5390

725.4800,28.9908,28.0588,27.0140,26.2915,25.3174,29.3023,25.7383,29.5455,27.1345,29.4239,27.5323

726.4800,28.9859,28.0555,27.0187,26.2905,25.3068,29.3331,25.7515,29.5571,27.1315,29.4451,27.5374

727.4800,29.0064,28.0658,27.0073,26.2876,25.3047,29.3226,25.7373,29.5489,27.1344,29.4358,27.5351

728.4800,29.0042,28.0666,27.0082,26.2766,25.2964,29.3161,25.7480,29.5410,27.1304,29.4286,27.5321

729.4800,29.0119,28.0662,27.0271,26.2866,25.3008,29.3069,25.7387,29.5393,27.1385,29.4231,27.5347

730.4800,29.0005,28.0531,27.0087,26.3060,25.3102,29.3115,25.7510,29.5345,27.1357,29.4230,27.5344

731.4800,29.0188,28.0504,27.0287,26.2892,25.3228,29.3058,25.7535,29.5438,27.1420,29.4248,27.5391

732.4800,29.0118,28.0643,27.0185,26.2903,25.3049,29.3171,25.7565,29.5650,27.1380,29.4411,27.5411

733.4800,29.0168,28.0485,27.0410,26.2840,25.3393,29.3335,25.7478,29.5245,27.1459,29.4290,27.5419

734.4800,28.9902,28.0543,27.0199,26.2921,25.3196,29.3276,25.7513,29.5454,27.1352,29.4365,27.5375

735.4800,29.0269,28.0642,27.0190,26.2860,25.3154,29.3139,25.7428,29.5393,27.1423,29.4266,27.5384

736.4800,29.0214,28.0698,27.0453,26.3133,25.3118,29.3094,25.7456,29.5333,27.1523,29.4213,27.5437

737.4800,28.9982,28.0602,27.0381,26.2948,25.3116,29.3422,25.7695,29.5435,27.1406,29.4428,27.5448

738.4800,28.9620,28.0738,27.0271,26.2928,25.3055,29.3177,25.7468,29.5398,27.1323,29.4288,27.5332

739.4800,28.9976,28.0580,27.0250,26.3062,25.3365,29.3199,25.7413,29.5255,27.1447,29.4227,27.5388

740.4800,29.0156,28.0521,27.0209,26.3017,25.3121,29.3229,25.7594,29.5501,27.1405,29.4365,27.5418

741.4800,29.0125,28.0337,27.0186,26.3045,25.2939,29.3367,25.7547,29.5353,27.1327,29.4360,27.5363

742.4800,29.0033,28.0608,27.0165,26.2788,25.3366,29.3247,25.7536,29.5576,27.1392,29.4411,27.5415

743.4800,29.0115,28.0636,27.0141,26.2793,25.3245,29.2858,25.7356,29.5587,27.1386,29.4222,27.5341

744.4800,29.0292,28.0538,27.0345,26.2968,25.3281,29.3129,25.7446,29.5397,27.1485,29.4263,27.5424

745.4800,29.0086,28.0620,27.0238,26.2993,25.3376,29.3281,25.7538,29.5473,27.1463,29.4377,27.5451

746.4800,29.0039,28.0455,27.0186,26.3074,25.3069,29.3234,25.7359,29.5694,27.1365,29.4464,27.5389

747.4800,29.0038,28.0417,27.0101,26.2908,25.3054,29.3360,25.7524,29.5618,27.1304,29.4489,27.5377

748.4800,29.0199,28.0693,27.0391,26.3086,25.2980,29.3436,25.7621,29.5530,27.1470,29.4483,27.5492

749.4800,28.9969,28.0571,27.0250,26.2850,25.3126,29.3352,25.7442,29.5346,27.1353,29.4349,27.5363

750.4800,29.0251,28.0728,27.0068,26.2852,25.3339,29.3376,25.7552,29.5638,27.1448,29.4507,27.5476

751.4800,29.0100,28.0521,27.0285,26.2871,25.3286,29.3022,25.7132,29.5698,27.1413,29.4360,27.5364

752.4810,29.0229,28.0673,27.0254,26.3099,25.3057,29.3330,25.7431,29.5531,27.1462,29.4430,27.5451

753.4800,29.0160,28.0494,27.0399,26.2853,25.3158,29.3176,25.7473,29.5354,27.1413,29.4265,27.5383

754.4800,29.0281,28.0690,27.0275,26.2912,25.3232,29.3123,25.7372,29.5526,27.1478,29.4325,27.5426

755.4800,29.0203,28.0515,27.0236,26.3063,25.3041,29.3083,25.7418,29.5553,27.1411,29.4318,27.5389

756.4810,29.0247,28.0593,27.0221,26.2943,25.3071,29.3052,25.7582,29.5587,27.1415,29.4319,27.5412

757.4800,29.0291,28.0363,27.0032,26.2891,25.3280,29.3274,25.7526,29.5443,27.1371,29.4359,27.5388

758.4800,29.0209,28.0610,27.0265,26.3054,25.3084,29.3474,25.7584,29.5544,27.1444,29.4509,27.5478

759.4800,29.0174,28.0746,27.0331,26.2898,25.3191,29.3332,25.7679,29.5698,27.1468,29.4515,27.5506

760.4800,29.0233,28.0511,27.0379,26.2885,25.2962,29.3184,25.7585,29.5508,27.1394,29.4346,27.5406

761.4800,29.0220,28.0550,27.0253,26.2961,25.3195,29.3302,25.7746,29.5621,27.1436,29.4462,27.5481

762.4800,29.0273,28.0658,27.0300,26.3074,25.3106,29.3129,25.7704,29.5354,27.1482,29.4242,27.5450

763.4800,29.0155,28.0623,27.0242,26.3148,25.3181,29.2964,25.7546,29.5406,27.1470,29.4185,27.5408

764.4800,29.0215,28.0634,27.0073,26.3159,25.3066,29.3052,25.7703,29.5334,27.1429,29.4193,27.5405

765.4800,29.0163,28.0645,27.0277,26.3009,25.3118,29.3292,25.7535,29.5460,27.1442,29.4376,27.5437

766.4800,29.0208,28.0649,27.0144,26.2838,25.3211,29.3158,25.7761,29.5496,27.1410,29.4327,27.5433

767.4800,29.0410,28.0448,27.0207,26.3090,25.3333,29.3266,25.7578,29.5501,27.1498,29.4384,27.5479

768.4800,29.0132,28.0667,27.0308,26.3069,25.3144,29.3492,25.7840,29.5129,27.1464,29.4310,27.5473

769.4800,29.0269,28.0631,27.0291,26.3226,25.3225,29.3384,25.7629,29.5491,27.1528,29.4438,27.5518

770.4800,29.0204,28.0526,27.0107,26.2834,25.3202,29.3450,25.7586,29.5384,27.1374,29.4417,27.5412

771.4800,29.0188,28.0618,27.0335,26.2897,25.2921,29.3157,25.7546,29.5438,27.1392,29.4297,27.5388

772.4800,29.0076,28.0645,27.0310,26.2972,25.3263,29.3153,25.7516,29.5463,27.1453,29.4308,27.5425

773.4800,29.0265,28.0655,27.0127,26.3081,25.3160,29.3249,25.7569,29.5253,27.1458,29.4251,27.5420

774.4800,29.0363,28.0623,27.0138,26.3120,25.3131,29.3276,25.7839,29.5496,27.1475,29.4386,27.5498

775.4800,29.0137,28.0763,27.0296,26.3066,25.3423,29.3454,25.7384,29.5435,27.1537,29.4444,27.5495

776.4800,29.0311,28.0834,27.0363,26.3152,25.3239,29.3309,25.7522,29.5567,27.1580,29.4438,27.5537

777.4800,29.0137,28.0796,27.0376,26.3151,25.3366,29.3313,25.7506,29.5435,27.1565,29.4374,27.5510

778.4800,29.0227,28.0793,27.0355,26.3101,25.3324,29.3384,25.7457,29.5558,27.1560,29.4471,27.5525

779.4800,29.0413,28.0627,27.0410,26.3062,25.3218,29.3538,25.7531,29.5678,27.1546,29.4608,27.5560

780.4800,29.0300,28.0593,27.0089,26.3136,25.3346,29.3119,25.7653,29.5612,27.1493,29.4365,27.5481

781.4800,29.0205,28.0625,27.0215,26.3206,25.3095,29.3325,25.7680,29.5503,27.1469,29.4414,27.5482

782.4800,29.0162,28.0842,27.0097,26.3065,25.3240,29.3272,25.7590,29.5558,27.1481,29.4415,27.5478

783.4800,29.0301,28.0648,27.0441,26.2965,25.3191,29.3209,25.7618,29.5373,27.1509,29.4291,27.5468

784.4800,29.0336,28.0710,27.0267,26.3075,25.3009,29.3225,25.7525,29.5276,27.1479,29.4251,27.5428

785.4800,29.0316,28.0763,27.0297,26.3038,25.3083,29.3303,25.7663,29.5538,27.1499,29.4421,27.5500

786.4800,29.0343,28.0755,27.0590,26.3072,25.3143,29.3462,25.7683,29.5579,27.1581,29.4521,27.5578

787.4800,29.0197,28.0789,27.0417,26.3238,25.3194,29.3255,25.7646,29.5532,27.1567,29.4393,27.5533

788.4800,29.0365,28.0665,27.0203,26.3247,25.3236,29.3456,25.7659,29.5404,27.1543,29.4430,27.5529

789.4800,29.0532,28.0718,27.0345,26.3120,25.3191,29.3336,25.7702,29.5660,27.1581,29.4498,27.5575

790.4800,29.0486,28.0787,27.0287,26.3118,25.3329,29.3375,25.7823,29.5374,27.1601,29.4375,27.5572

791.4800,29.0429,28.0601,27.0106,26.3234,25.3102,29.3257,25.7694,29.5529,27.1495,29.4393,27.5494

792.4800,29.0413,28.1021,27.0366,26.2858,25.3076,29.3184,25.7591,29.5593,27.1547,29.4389,27.5513

793.4800,29.0375,28.0868,27.0222,26.3233,25.3147,29.3250,25.7645,29.5523,27.1569,29.4386,27.5533

794.4800,29.0284,28.0849,27.0349,26.3204,25.3126,29.3140,25.7706,29.5492,27.1562,29.4316,27.5519

795.4800,29.0472,28.0721,27.0273,26.3005,25.3183,29.3159,25.7819,29.5619,27.1531,29.4389,27.5532

796.4800,29.0331,28.0657,27.0232,26.3205,25.3197,29.3211,25.7495,29.5657,27.1524,29.4434,27.5498

797.4800,29.0311,28.0770,27.0417,26.3078,25.2889,29.3463,25.7627,29.5543,27.1493,29.4503,27.5512

798.4800,29.0344,28.0693,27.0288,26.3124,25.3055,29.3234,25.7612,29.5666,27.1501,29.4450,27.5502

799.4800,29.0469,28.0713,27.0548,26.3219,25.3359,29.3377,25.7655,29.5437,27.1662,29.4407,27.5597

800.4800,29.0379,28.0748,27.0196,26.2919,25.3288,29.3372,25.7699,29.5367,27.1506,29.4369,27.5496

801.4800,29.0427,28.0838,27.0117,26.3122,25.3209,29.3274,25.7605,29.5452,27.1542,29.4363,27.5505

802.4800,29.0447,28.0838,27.0437,26.3099,25.3162,29.3185,25.7615,29.5505,27.1597,29.4345,27.5536

803.4810,29.0426,28.0732,27.0667,26.3196,25.3274,29.3254,25.7637,29.5545,27.1659,29.4400,27.5591

804.4810,29.0399,28.0538,27.0316,26.3222,25.3232,29.3279,25.7663,29.5631,27.1541,29.4455,27.5535

805.4800,29.0562,28.0657,27.0416,26.3248,25.3415,29.3202,25.7797,29.5281,27.1660,29.4241,27.5572

806.4800,29.0389,28.0720,27.0277,26.3212,25.3284,29.3340,25.7710,29.5358,27.1577,29.4349,27.5536

807.4800,29.0343,28.0479,27.0498,26.3150,25.3243,29.3190,25.7789,29.5439,27.1542,29.4314,27.5516

808.4800,29.0163,28.0651,27.0193,26.2963,25.3472,29.3358,25.7413,29.5465,27.1488,29.4411,27.5460

809.4800,29.0445,28.0606,27.0450,26.3154,25.3505,29.3127,25.7618,29.5502,27.1632,29.4315,27.5551

810.4810,29.0147,28.0707,27.0278,26.3015,25.3522,29.3295,25.7611,29.5548,27.1534,29.4421,27.5516

811.4800,29.0407,28.0748,27.0069,26.2966,25.3359,29.3306,25.7520,29.5380,27.1510,29.4343,27.5469

812.4800,29.0446,28.0814,27.0201,26.3235,25.3332,29.3298,25.7577,29.5523,27.1606,29.4410,27.5553

813.4800,29.0332,28.0698,27.0312,26.3124,25.3463,29.3268,25.7418,29.5545,27.1586,29.4406,27.5520

814.4800,29.0416,28.0726,27.0235,26.2996,25.3174,29.3282,25.7526,29.5385,27.1509,29.4333,27.5467

815.4800,29.0333,28.0707,27.0330,26.3062,25.3105,29.3415,25.7649,29.5499,27.1508,29.4457,27.5513

816.4800,29.0474,28.0825,27.0491,26.3011,25.3383,29.3480,25.7546,29.5329,27.1637,29.4405,27.5567

817.4800,29.0139,28.0770,27.0417,26.2946,25.3553,29.3386,25.7599,29.5390,27.1565,29.4388,27.5525

818.4800,29.0513,28.0766,27.0361,26.3093,25.3238,29.3336,25.7430,29.5580,27.1594,29.4458,27.5540

819.4800,29.0395,28.0727,27.0265,26.3238,25.3237,29.3448,25.7589,29.5485,27.1572,29.4467,27.5548

820.4800,29.0334,28.0623,27.0463,26.3185,25.3262,29.3195,25.7499,29.5787,27.1573,29.4491,27.5544

821.4800,29.0322,28.0760,27.0327,26.3002,25.3150,29.3253,25.7523,29.5337,27.1512,29.4295,27.5459

822.4800,29.0111,28.0801,27.0330,26.3114,25.3085,29.3282,25.7597,29.5493,27.1488,29.4388,27.5476

823.4800,29.0469,28.0662,27.0224,26.3168,25.3208,29.3217,25.7288,29.5592,27.1546,29.4404,27.5478

824.4800,29.0183,28.0723,27.0355,26.3040,25.3233,29.3321,25.7457,29.5716,27.1507,29.4518,27.5504

825.4800,29.0363,28.0690,27.0388,26.3167,25.3135,29.3497,25.7344,29.5406,27.1549,29.4451,27.5499

826.4800,29.0549,28.0673,27.0390,26.3046,25.3208,29.3212,25.7228,29.5513,27.1573,29.4363,27.5477

827.4800,29.0230,28.0711,27.0344,26.3123,25.3361,29.3289,25.7535,29.5533,27.1554,29.4411,27.5516

828.4800,29.0321,28.0878,27.0581,26.3162,25.3220,29.3248,25.7541,29.5572,27.1632,29.4410,27.5565

829.4800,29.0564,28.0730,27.0320,26.2981,25.3289,29.3373,25.7356,29.5429,27.1577,29.4401,27.5505

830.4800,29.0488,28.0746,27.0501,26.3209,25.3227,29.3227,25.7329,29.5739,27.1634,29.4483,27.5558

831.4800,29.0415,28.0735,27.0335,26.3043,25.3008,29.3243,25.7455,29.5638,27.1507,29.4440,27.5484

832.4800,29.0414,28.0722,27.0265,26.3256,25.3252,29.3247,25.7612,29.5721,27.1582,29.4484,27.5561

833.4800,29.0274,28.0740,27.0311,26.3001,25.3192,29.3060,25.7319,29.5581,27.1504,29.4321,27.5435

834.4800,29.0373,28.0981,27.0406,26.3252,25.3244,29.3342,25.7291,29.5718,27.1651,29.4530,27.5576

835.4800,29.0377,28.0903,27.0337,26.3017,25.3196,29.3346,25.7373,29.5524,27.1566,29.4435,27.5509

836.4800,29.0350,28.0669,27.0287,26.3108,25.3245,29.3357,25.7464,29.5498,27.1532,29.4427,27.5497

837.4800,29.0373,28.0679,27.0349,26.3109,25.3272,29.3417,25.7465,29.5548,27.1556,29.4482,27.5526

838.4800,29.0269,28.0883,27.0280,26.3097,25.3211,29.3398,25.7519,29.5703,27.1548,29.4551,27.5545

839.4800,29.0137,28.0788,27.0449,26.2968,25.3153,29.3581,25.7536,29.5585,27.1499,29.4583,27.5525

840.4800,29.0458,28.0783,27.0326,26.3105,25.3296,29.3290,25.7447,29.5539,27.1594,29.4415,27.5531

841.4800,29.0502,28.0775,27.0388,26.3196,25.3316,29.3414,25.7429,29.5583,27.1635,29.4498,27.5575

842.4800,29.0472,28.0853,27.0226,26.3142,25.3140,29.3422,25.7394,29.5459,27.1567,29.4440,27.5513

843.4800,29.0545,28.0692,27.0334,26.3137,25.3219,29.3265,25.7148,29.5528,27.1586,29.4396,27.5484

844.4800,29.0572,28.0866,27.0550,26.2919,25.3307,29.3165,25.7261,29.5521,27.1643,29.4343,27.5520

845.4800,29.0349,28.0726,27.0429,26.3048,25.3362,29.3356,25.7475,29.5294,27.1583,29.4325,27.5505

846.4810,29.0489,28.0727,27.0350,26.3115,25.3313,29.3388,25.7508,29.5528,27.1599,29.4458,27.5552

847.4800,29.0574,28.0865,27.0573,26.3032,25.3276,29.3054,25.7194,29.5524,27.1664,29.4289,27.5512

848.4810,29.0379,28.0754,27.0462,26.3057,25.3118,29.3174,25.7437,29.5390,27.1554,29.4282,27.5472

849.4800,29.0493,28.0835,27.0326,26.3044,25.3417,29.3284,25.7362,29.5556,27.1623,29.4420,27.5540

850.4800,29.0321,28.0869,27.0416,26.3186,25.3343,29.3139,25.7306,29.5717,27.1627,29.4428,27.5537

851.4800,29.0393,28.0696,27.0399,26.2965,25.3297,29.3348,25.7368,29.5592,27.1550,29.4470,27.5507

852.4800,29.0248,28.0665,27.0213,26.2940,25.3161,29.3227,25.7347,29.5753,27.1445,29.4490,27.5444

853.4800,29.0361,28.0841,27.0436,26.3064,25.3444,29.3292,25.7359,29.5649,27.1629,29.4471,27.5556

854.4800,29.0569,28.0598,27.0447,26.3094,25.3266,29.3293,25.7171,29.5495,27.1595,29.4394,27.5491

855.4800,29.0292,28.0710,27.0314,26.3149,25.3196,29.3106,25.7345,29.5482,27.1532,29.4294,27.5449

856.4800,29.0569,28.0635,27.0503,26.3136,25.3171,29.3472,25.7327,29.5636,27.1603,29.4554,27.5556

857.4810,29.0379,28.0581,27.0482,26.3129,25.3331,29.3584,25.7173,29.5686,27.1580,29.4635,27.5543

858.4800,29.0123,28.0862,27.0481,26.3147,25.3305,29.3469,25.7403,29.5459,27.1584,29.4464,27.5531

859.4800,29.0309,28.0681,27.0299,26.3220,25.3364,29.3409,25.7458,29.5508,27.1575,29.4459,27.5531

860.4800,29.0429,28.0764,27.0137,26.3104,25.3187,29.3521,25.7318,29.5868,27.1524,29.4694,27.5541

861.4800,29.0320,28.0596,27.0559,26.2913,25.3313,29.3387,25.7236,29.5429,27.1540,29.4408,27.5469

862.4800,29.0251,28.0817,27.0450,26.2974,25.3202,29.3300,25.7297,29.5450,27.1539,29.4375,27.5468

863.4800,29.0334,28.0696,27.0474,26.2956,25.3181,29.3153,25.7288,29.5608,27.1528,29.4380,27.5461

864.4800,29.0460,28.0761,27.0393,26.3144,25.3374,29.3212,25.7268,29.5564,27.1626,29.4388,27.5522

865.4800,29.0272,28.0621,27.0579,26.3137,25.3138,29.3354,25.7313,29.5434,27.1550,29.4394,27.5481

866.4800,29.0519,28.0689,27.0331,26.3115,25.3357,29.3276,25.7164,29.5661,27.1602,29.4469,27.5514

867.4800,29.0542,28.0640,27.0574,26.3136,25.3281,29.3374,25.7412,29.5505,27.1635,29.4440,27.5558

868.4800,29.0347,28.0862,27.0311,26.3043,25.3247,29.3669,25.7219,29.5706,27.1562,29.4688,27.5551

869.4800,29.0544,28.0627,27.0349,26.3251,25.3364,29.3339,25.7395,29.5414,27.1627,29.4376,27.5535

870.4800,29.0379,28.0842,27.0286,26.2753,25.3363,29.3385,25.7444,29.5657,27.1525,29.4521,27.5514

871.4800,29.0476,28.0853,27.0193,26.2963,25.3319,29.3384,25.7224,29.5646,27.1561,29.4515,27.5507

872.4800,29.0310,28.0643,27.0535,26.2970,25.3379,29.3533,25.7302,29.5612,27.1567,29.4572,27.5535

873.4800,29.0456,28.0720,27.0371,26.3192,25.3346,29.3472,25.7322,29.5598,27.1617,29.4535,27.5560

874.4800,29.0515,28.0748,27.0597,26.3098,25.3306,29.3366,25.7307,29.5516,27.1653,29.4441,27.5557

875.4800,29.0388,28.0779,27.0426,26.3168,25.3146,29.3498,25.7278,29.5667,27.1581,29.4582,27.5544

876.4800,29.0580,28.0734,27.0319,26.3150,25.3187,29.3511,25.7464,29.5642,27.1594,29.4577,27.5573

877.4800,29.0509,28.0678,27.0428,26.3179,25.3541,29.3482,25.7388,29.5618,27.1667,29.4550,27.5603

878.4800,29.0622,28.0782,27.0452,26.2967,25.3234,29.3412,25.7290,29.5477,27.1611,29.4444,27.5529

879.4800,29.0531,28.0792,27.0420,26.3119,25.3317,29.3448,25.7432,29.5673,27.1636,29.4560,27.5591

880.4800,29.0548,28.0792,27.0467,26.2930,25.3504,29.3564,25.7413,29.5502,27.1648,29.4533,27.5590

881.4800,29.0574,28.0506,27.0407,26.3181,25.3370,29.3492,25.7273,29.5467,27.1608,29.4479,27.5534

882.4800,29.0711,28.0588,27.0234,26.2919,25.3343,29.3351,25.7340,29.5656,27.1559,29.4503,27.5518

883.4800,29.0175,28.0699,27.0464,26.3139,25.3178,29.3516,25.7259,29.5539,27.1531,29.4527,27.5496

884.4800,29.0595,28.0583,27.0258,26.3117,25.3396,29.3371,25.7449,29.5436,27.1590,29.4404,27.5526

885.4810,29.0727,28.0718,27.0586,26.3115,25.3430,29.3536,25.7495,29.5710,27.1715,29.4623,27.5665

886.4800,29.0624,28.0892,27.0431,26.3068,25.3345,29.3508,25.7599,29.5569,27.1672,29.4538,27.5629

887.4800,29.0307,28.0627,27.0415,26.3100,25.3339,29.3502,25.7639,29.5605,27.1557,29.4553,27.5567

888.4800,29.0615,28.0461,27.0296,26.3151,25.3340,29.3668,25.7738,29.5696,27.1573,29.4682,27.5621

889.4800,29.0410,28.0698,27.0557,26.3247,25.3300,29.3709,25.7654,29.5477,27.1643,29.4593,27.5632

890.4800,29.0575,28.0699,27.0487,26.3138,25.3333,29.3337,25.7730,29.5731,27.1646,29.4534,27.5629

891.4800,29.0416,28.0692,27.0442,26.3104,25.3471,29.3550,25.7606,29.5742,27.1625,29.4646,27.5628

892.4800,29.0504,28.0733,27.0427,26.3249,25.3329,29.3487,25.7897,29.5388,27.1648,29.4438,27.5627

893.4800,29.0564,28.0911,27.0299,26.3096,25.3436,29.3580,25.7702,29.5758,27.1661,29.4669,27.5668

894.4800,29.0530,28.0708,27.0415,26.3058,25.3344,29.3329,25.7706,29.5766,27.1611,29.4548,27.5607

895.4800,29.0526,28.0944,27.0582,26.2960,25.3327,29.3378,25.7797,29.5720,27.1668,29.4549,27.5654

896.4800,29.0478,28.0698,27.0194,26.3086,25.3373,29.3461,25.7692,29.5883,27.1566,29.4672,27.5608

897.4800,29.0392,28.0741,27.0302,26.3058,25.3330,29.3470,25.7787,29.5723,27.1565,29.4596,27.5600

898.4800,29.0475,28.0790,27.0413,26.3055,25.3162,29.3307,25.7921,29.5918,27.1579,29.4613,27.5630

899.4800,29.0558,28.0715,27.0399,26.3121,25.3302,29.3390,25.7874,29.5813,27.1619,29.4602,27.5646

900.4800,29.0641,28.0781,27.0334,26.2858,25.3462,29.3577,25.7827,29.5807,27.1615,29.4692,27.5661

901.4800,29.0483,28.0648,27.0266,26.3017,25.3289,29.3386,25.7883,29.5612,27.1541,29.4499,27.5573

902.4800,29.0460,28.0688,27.0485,26.3147,25.3322,29.3551,25.7922,29.5744,27.1620,29.4647,27.5665

903.4800,29.0418,28.0562,27.0237,26.2941,25.3516,29.3505,25.7905,29.5748,27.1535,29.4627,27.5604

904.4800,29.0417,28.0682,27.0446,26.3150,25.3208,29.3536,25.7940,29.5898,27.1581,29.4717,27.5660

905.4800,29.0652,28.0738,27.0573,26.3079,25.3288,29.3541,25.7746,29.5864,27.1666,29.4703,27.5685

906.4800,29.0608,28.0671,27.0304,26.3224,25.3286,29.3450,25.7944,29.5712,27.1619,29.4581,27.5650

907.4800,29.0577,28.0809,27.0323,26.3253,25.3123,29.3682,25.7755,29.5804,27.1617,29.4743,27.5666

908.4800,29.0511,28.0745,27.0340,26.3082,25.3279,29.3419,25.8004,29.5616,27.1592,29.4518,27.5625

909.4800,29.0672,28.0759,27.0467,26.3147,25.3322,29.3180,25.7937,29.5795,27.1673,29.4487,27.5660

910.4800,29.0816,28.0647,27.0463,26.2978,25.3367,29.3639,25.8014,29.5944,27.1654,29.4791,27.5734

911.4800,29.0507,28.0776,27.0234,26.2923,25.3421,29.3603,25.7883,29.5710,27.1572,29.4656,27.5632

912.4800,29.0740,28.0797,27.0218,26.3138,25.3258,29.3549,25.7706,29.5736,27.1630,29.4643,27.5643

913.4800,29.0654,28.0596,27.0497,26.3144,25.3309,29.3468,25.7887,29.5764,27.1640,29.4616,27.5665

914.4800,29.0563,28.0745,27.0533,26.3052,25.3321,29.3320,25.7899,29.5625,27.1643,29.4473,27.5632

915.4800,29.0630,28.0577,27.0483,26.3220,25.3299,29.3542,25.7769,29.5861,27.1642,29.4702,27.5673

916.4800,29.0938,28.0833,27.0286,26.3066,25.3245,29.3630,25.7799,29.5596,27.1674,29.4613,27.5674

917.4800,29.0591,28.0709,27.0648,26.2956,25.3388,29.3410,25.7972,29.5658,27.1658,29.4534,27.5667

918.4800,29.0533,28.0604,27.0552,26.2959,25.3428,29.3634,25.7923,29.5685,27.1615,29.4659,27.5665

919.4800,29.0691,28.0619,27.0313,26.3252,25.3615,29.3622,25.7858,29.5875,27.1698,29.4749,27.5731

920.4810,29.0543,28.0742,27.0370,26.3158,25.3424,29.3451,25.8057,29.5864,27.1647,29.4657,27.5701

921.4800,29.0659,28.0679,27.0476,26.3166,25.3408,29.3406,25.7989,29.6008,27.1678,29.4707,27.5724

922.4800,29.0404,28.0773,27.0467,26.2888,25.3332,29.3387,25.7819,29.5664,27.1573,29.4525,27.5592

923.4800,29.0513,28.0645,27.0320,26.3057,25.3272,29.3577,25.8059,29.5637,27.1561,29.4607,27.5635

924.4800,29.0527,28.0732,27.0483,26.3031,25.3219,29.3481,25.7981,29.5725,27.1598,29.4603,27.5647

925.4800,29.0445,28.0854,27.0491,26.2827,25.3326,29.3635,25.7947,29.5761,27.1588,29.4698,27.5661

926.4810,29.0385,28.0759,27.0269,26.2765,25.3332,29.3589,25.7706,29.5927,27.1502,29.4758,27.5591

927.4800,29.0401,28.0692,27.0291,26.3070,25.3499,29.3620,25.7841,29.5671,27.1591,29.4645,27.5636

928.4800,29.0536,28.0783,27.0340,26.3232,25.3317,29.3570,25.7970,29.5697,27.1641,29.4634,27.5681

929.4810,29.0460,28.0833,27.0470,26.2990,25.3355,29.3467,25.8082,29.5908,27.1621,29.4687,27.5695

930.4800,29.0695,28.0684,27.0335,26.2831,25.3459,29.3499,25.8032,29.5861,27.1601,29.4680,27.5675

931.4800,29.0517,28.0816,27.0368,26.3199,25.3393,29.3425,25.7928,29.6031,27.1659,29.4728,27.5710

932.4800,29.0852,28.0869,27.0393,26.3026,25.3375,29.3332,25.7929,29.5947,27.1703,29.4639,27.5715

933.4800,29.0509,28.0432,27.0375,26.2980,25.3258,29.3572,25.7968,29.5920,27.1511,29.4746,27.5627

934.4800,29.0438,28.0827,27.0468,26.2894,25.3389,29.3727,25.8000,29.5825,27.1603,29.4776,27.5696

935.4800,29.0678,28.0706,27.0442,26.3056,25.3196,29.3609,25.7940,29.5895,27.1616,29.4752,27.5690

936.4800,29.0498,28.0600,27.0445,26.3007,25.3143,29.3599,25.7929,29.5749,27.1539,29.4674,27.5621

937.4800,29.0505,28.0768,27.0424,26.3179,25.3240,29.3620,25.8073,29.5685,27.1623,29.4653,27.5687

938.4800,29.0676,28.0576,27.0176,26.2874,25.3420,29.3626,25.7910,29.5954,27.1544,29.4790,27.5652

939.4800,29.0838,28.0747,27.0445,26.3040,25.3479,29.3637,25.8189,29.5924,27.1710,29.4781,27.5787

940.4810,29.0600,28.0791,27.0357,26.3066,25.3259,29.3484,25.8035,29.5883,27.1615,29.4684,27.5684

941.4800,29.0611,28.0753,27.0423,26.2890,25.3143,29.3472,25.7907,29.5961,27.1564,29.4716,27.5645

942.4800,29.0482,28.0800,27.0498,26.3202,25.3415,29.3432,25.7916,29.5930,27.1679,29.4681,27.5709

943.4800,29.0598,28.0809,27.0545,26.2942,25.3370,29.3444,25.8157,29.5773,27.1653,29.4609,27.5705

944.4800,29.0662,28.0644,27.0300,26.2881,25.3293,29.3456,25.8054,29.5794,27.1556,29.4625,27.5636

945.4800,29.0837,28.0694,27.0355,26.3138,25.3195,29.3556,25.7829,29.5876,27.1644,29.4716,27.5685

946.4800,29.0720,28.0841,27.0337,26.3017,25.3356,29.3468,25.7859,29.6078,27.1654,29.4773,27.5710

947.4800,29.0756,28.0824,27.0352,26.3033,25.3246,29.3744,25.8077,29.5696,27.1642,29.4720,27.5716

948.4800,29.0745,28.0701,27.0508,26.3103,25.3207,29.3413,25.8035,29.5657,27.1653,29.4535,27.5671

949.4800,29.0865,28.0586,27.0247,26.2903,25.3341,29.3589,25.7877,29.5842,27.1588,29.4716,27.5656

950.4800,29.0845,28.0581,27.0638,26.3091,25.3453,29.3498,25.7915,29.5653,27.1722,29.4576,27.5709

951.4800,29.0680,28.0644,27.0451,26.3122,25.3345,29.3588,25.7888,29.5808,27.1648,29.4698,27.5691

952.4800,29.0720,28.0651,27.0575,26.2845,25.3346,29.3561,25.7937,29.5876,27.1627,29.4719,27.5689

953.4800,29.0567,28.0590,27.0614,26.2865,25.3392,29.3367,25.8079,29.5818,27.1606,29.4592,27.5661

954.4800,29.0556,28.0826,27.0444,26.3167,25.3527,29.3737,25.7712,29.5797,27.1704,29.4767,27.5721

955.4800,29.0789,28.0730,27.0429,26.3170,25.3453,29.3687,25.8007,29.5752,27.1714,29.4719,27.5752

956.4800,29.0745,28.0773,27.0519,26.3001,25.3565,29.3817,25.8070,29.5755,27.1721,29.4786,27.5781

957.4800,29.0584,28.0821,27.0180,26.2812,25.3252,29.3571,25.7715,29.5815,27.1530,29.4693,27.5594

958.4800,29.0848,28.0650,27.0570,26.3151,25.3764,29.3686,25.7667,29.5661,27.1797,29.4674,27.5750

959.4800,29.0686,28.0706,27.0508,26.3051,25.3341,29.3820,25.8087,29.5692,27.1658,29.4756,27.5736

960.4800,29.0556,28.0832,27.0328,26.3098,25.3508,29.3704,25.7831,29.5764,27.1665,29.4734,27.5703

961.4800,29.0556,28.0836,27.0492,26.2946,25.3433,29.3718,25.8081,29.5896,27.1653,29.4807,27.5745

962.4800,29.0635,28.0705,27.0549,26.3093,25.3568,29.3618,25.7963,29.5857,27.1710,29.4737,27.5748

963.4800,29.0631,28.0801,27.0325,26.3010,25.3451,29.3661,25.7932,29.5848,27.1643,29.4755,27.5707

964.4800,29.0584,28.0752,27.0573,26.3102,25.3508,29.3637,25.7609,29.5910,27.1704,29.4773,27.5709

965.4800,29.0768,28.0740,27.0571,26.3072,25.3366,29.3751,25.7913,29.5994,27.1703,29.4873,27.5772

966.4800,29.0692,28.0721,27.0391,26.3194,25.3451,29.3689,25.8135,29.5994,27.1690,29.4842,27.5784

967.4800,29.0662,28.0529,27.0477,26.3067,25.3303,29.3697,25.7819,29.6153,27.1608,29.4925,27.5713

968.4800,29.0832,28.0794,27.0384,26.3121,25.3658,29.3768,25.7859,29.5998,27.1758,29.4883,27.5802

969.4800,29.0717,28.0627,27.0453,26.3062,25.3254,29.3837,25.7880,29.5770,27.1623,29.4803,27.5700

970.4800,29.0814,28.0955,27.0441,26.3088,25.3300,29.3920,25.7907,29.5961,27.1720,29.4940,27.5798

971.4800,29.0772,28.0633,27.0492,26.3200,25.3219,29.3816,25.8004,29.6135,27.1663,29.4976,27.5784

972.4800,29.0906,28.0878,27.0388,26.3247,25.3439,29.3814,25.7924,29.5987,27.1772,29.4901,27.5823

973.4800,29.0619,28.0897,27.0473,26.3158,25.3519,29.3672,25.7811,29.6081,27.1733,29.4876,27.5778

974.4800,29.0762,28.0834,27.0476,26.3085,25.3540,29.3825,25.7715,29.5961,27.1739,29.4893,27.5775

975.4800,29.0601,28.0683,27.0433,26.3132,25.3133,29.3721,25.8092,29.5899,27.1596,29.4810,27.5712

976.4800,29.0674,28.0725,27.0216,26.3203,25.3240,29.3625,25.7903,29.6014,27.1612,29.4819,27.5700

977.4800,29.1077,28.0866,27.0405,26.3037,25.3327,29.3651,25.7719,29.6021,27.1742,29.4836,27.5763

978.4800,29.0712,28.0861,27.0399,26.3107,25.3386,29.3780,25.7874,29.6038,27.1693,29.4909,27.5770

979.4800,29.0916,28.0991,27.0572,26.3130,25.3425,29.3720,25.7976,29.5733,27.1807,29.4727,27.5808

980.4800,29.0819,28.0711,27.0499,26.2939,25.3111,29.3638,25.7842,29.5764,27.1616,29.4701,27.5665

981.4800,29.0864,28.0826,27.0548,26.3120,25.3511,29.3894,25.7754,29.5729,27.1774,29.4812,27.5781

982.4800,29.0938,28.0550,27.0338,26.3329,25.3315,29.3611,25.7822,29.5939,27.1694,29.4775,27.5730

983.4800,29.0812,28.0669,27.0627,26.3227,25.3435,29.3753,25.7795,29.5762,27.1754,29.4757,27.5760

984.4800,29.0856,28.0722,27.0614,26.3115,25.3233,29.3717,25.8056,29.5914,27.1708,29.4815,27.5778

985.4800,29.0757,28.0829,27.0400,26.3151,25.3558,29.3721,25.7875,29.5856,27.1739,29.4789,27.5768

986.4800,29.0842,28.0568,27.0445,26.3314,25.3403,29.3533,25.7854,29.5904,27.1714,29.4719,27.5733

987.4800,29.0774,28.0806,27.0514,26.3236,25.3448,29.3630,25.7772,29.5874,27.1756,29.4752,27.5757

988.4800,29.0634,28.0648,27.0243,26.3159,25.3459,29.3716,25.7901,29.5828,27.1628,29.4772,27.5699

989.4800,29.0722,28.0819,27.0513,26.3297,25.3538,29.3729,25.7917,29.5911,27.1778,29.4820,27.5806

990.4800,29.0800,28.0831,27.0506,26.3257,25.3399,29.3665,25.7717,29.5909,27.1758,29.4787,27.5760

991.4800,29.0821,28.0766,27.0370,26.3267,25.3349,29.3616,25.7741,29.5855,27.1715,29.4735,27.5723

992.4800,29.0816,28.0933,27.0405,26.3217,25.3410,29.3709,25.7710,29.5779,27.1756,29.4744,27.5747

993.4800,29.0756,28.0912,27.0370,26.3253,25.3642,29.3588,25.7826,29.5888,27.1787,29.4738,27.5780

994.4800,29.0976,28.0878,27.0496,26.3190,25.3514,29.3593,25.7721,29.5977,27.1811,29.4785,27.5793

995.4800,29.0791,28.0803,27.0638,26.3087,25.3432,29.3778,25.8056,29.5721,27.1750,29.4750,27.5788

996.4800,29.0821,28.0702,27.0513,26.3160,25.3453,29.3686,25.7823,29.5991,27.1730,29.4839,27.5769

997.4800,29.0673,28.0886,27.0688,26.3270,25.3503,29.3924,25.7890,29.6079,27.1804,29.5001,27.5864

998.4800,29.0452,28.0802,27.0322,26.3280,25.3427,29.3778,25.7848,29.5980,27.1656,29.4879,27.5736

999.4800,29.0728,28.0754,27.0476,26.3043,25.3440,29.3753,25.7937,29.5974,27.1688,29.4864,27.5763

1000.4810,29.0860,28.0972,27.0379,26.3115,25.3455,29.3768,25.7849,29.5956,27.1756,29.4862,27.5794

1001.4800,29.1046,28.0828,27.0644,26.3324,25.3344,29.3949,25.8015,29.5977,27.1837,29.4963,27.5891

1002.4800,29.0978,28.0857,27.0381,26.3250,25.3431,29.3702,25.7922,29.5969,27.1780,29.4836,27.5811

1003.4800,29.0812,28.0702,27.0452,26.3156,25.3401,29.3686,25.7795,29.5855,27.1704,29.4771,27.5732

1004.4810,29.0825,28.0777,27.0499,26.3151,25.3348,29.3732,25.7908,29.5812,27.1720,29.4772,27.5756

1005.4800,29.0604,28.0801,27.0551,26.3189,25.3372,29.3502,25.7932,29.6033,27.1704,29.4768,27.5748

1006.4810,29.0885,28.0808,27.0771,26.3277,25.3512,29.3623,25.8072,29.6229,27.1851,29.4926,27.5897

1007.4800,29.0660,28.0925,27.0676,26.3238,25.3215,29.3487,25.7830,29.6070,27.1743,29.4779,27.5763

1008.4800,29.0940,28.0736,27.0500,26.3133,25.3336,29.3721,25.7895,29.6016,27.1729,29.4869,27.5785

1009.4800,29.0877,28.0952,27.0466,26.3264,25.3433,29.3671,25.7861,29.6117,27.1798,29.4894,27.5830

1010.4800,29.0850,28.0898,27.0691,26.2998,25.3515,29.3748,25.7727,29.5978,27.1790,29.4863,27.5801

1011.4800,29.0761,28.0794,27.0535,26.3291,25.3265,29.3697,25.7882,29.5771,27.1729,29.4734,27.5750

1012.4800,29.0975,28.0704,27.0506,26.2866,25.3381,29.3558,25.7868,29.6019,27.1687,29.4789,27.5735

1013.4800,29.0893,28.0701,27.0630,26.3122,25.3332,29.3665,25.7846,29.6059,27.1736,29.4862,27.5781

1014.4800,29.0781,28.1018,27.0462,26.3005,25.3374,29.3679,25.7819,29.5895,27.1728,29.4787,27.5754

1015.4800,29.0930,28.0920,27.0444,26.3237,25.3085,29.3781,25.7900,29.5743,27.1723,29.4762,27.5755

1016.4800,29.0833,28.0995,27.0533,26.3020,25.3257,29.3712,25.7905,29.5895,27.1728,29.4804,27.5769

1017.4800,29.1141,28.0704,27.0440,26.3196,25.3599,29.3592,25.7948,29.5986,27.1816,29.4789,27.5826

1018.4800,29.1045,28.0774,27.0492,26.3035,25.3554,29.3712,25.7986,29.5829,27.1780,29.4771,27.5803

1019.4800,29.0576,28.1015,27.0374,26.3158,25.3434,29.3757,25.7905,29.5775,27.1711,29.4766,27.5749

1020.4800,29.1134,28.0948,27.0628,26.3143,25.3573,29.3675,25.7886,29.5942,27.1885,29.4808,27.5866

1021.4800,29.0726,28.1033,27.0591,26.3044,25.3409,29.3742,25.7999,29.5938,27.1761,29.4840,27.5810

1022.4800,29.0836,28.0870,27.0479,26.3150,25.3279,29.3673,25.8001,29.5893,27.1723,29.4783,27.5773

1023.4800,29.0658,28.0863,27.0750,26.3010,25.3601,29.3703,25.7814,29.5796,27.1776,29.4749,27.5774

1024.4800,29.0957,28.0690,27.0685,26.3271,25.3485,29.3775,25.7839,29.5737,27.1818,29.4756,27.5805

1025.4800,29.0872,28.0935,27.0488,26.3243,25.3457,29.3841,25.7953,29.5925,27.1799,29.4883,27.5839

1026.4800,29.0827,28.0976,27.0652,26.3346,25.3638,29.3838,25.7872,29.5696,27.1888,29.4767,27.5856

1027.4810,29.0743,28.0994,27.0556,26.3113,25.3927,29.4003,25.7880,29.5781,27.1866,29.4892,27.5874

1028.4800,29.0972,28.0945,27.0412,26.3253,25.3453,29.3659,25.7788,29.5916,27.1807,29.4787,27.5800

1029.4800,29.0908,28.0856,27.0427,26.3088,25.3748,29.3688,25.7996,29.6106,27.1805,29.4897,27.5852

1030.4800,29.0926,28.0884,27.0710,26.3399,25.3435,29.3928,25.7812,29.5837,27.1871,29.4882,27.5866

1031.4800,29.0778,28.1062,27.0756,26.3432,25.3514,29.4034,25.7910,29.5845,27.1908,29.4940,27.5916

1032.4800,29.1072,28.0893,27.0535,26.3276,25.3388,29.3711,25.8038,29.5936,27.1833,29.4824,27.5856

1033.4800,29.0862,28.0778,27.0651,26.3237,25.3527,29.3826,25.7801,29.5995,27.1811,29.4911,27.5835

1034.4800,29.0766,28.1116,27.0306,26.3326,25.3648,29.3956,25.7861,29.5950,27.1832,29.4953,27.5866

1035.4800,29.0864,28.1051,27.0551,26.3260,25.3647,29.3786,25.7748,29.5903,27.1874,29.4844,27.5851

1036.4800,29.0803,28.0810,27.0546,26.3132,25.3336,29.3688,25.7828,29.6058,27.1725,29.4873,27.5775

1037.4800,29.0860,28.0781,27.0414,26.3297,25.3558,29.3721,25.7738,29.6026,27.1782,29.4873,27.5799

1038.4800,29.0750,28.0881,27.0381,26.3231,25.3292,29.3658,25.7724,29.5902,27.1707,29.4780,27.5727

1039.4800,29.0832,28.1215,27.0476,26.3340,25.3591,29.3984,25.7913,29.5969,27.1891,29.4977,27.5915

1040.4800,29.0804,28.0907,27.0549,26.3253,25.3468,29.4045,25.7864,29.5819,27.1796,29.4932,27.5839

1041.4800,29.0976,28.0936,27.0616,26.3268,25.3443,29.4001,25.7741,29.5930,27.1848,29.4965,27.5864

1042.4800,29.1045,28.0986,27.0718,26.3299,25.3460,29.3915,25.7877,29.5858,27.1902,29.4886,27.5895

1043.4800,29.1028,28.0899,27.0645,26.3231,25.3339,29.3935,25.7714,29.5996,27.1828,29.4965,27.5848

1044.4800,29.1015,28.0864,27.0525,26.3266,25.3346,29.4088,25.7901,29.5941,27.1803,29.5014,27.5868

1045.4800,29.1197,28.0934,27.0449,26.3124,25.3447,29.3846,25.7943,29.5892,27.1830,29.4869,27.5854

1046.4800,29.1030,28.0944,27.0459,26.3285,25.3431,29.3872,25.7721,29.5819,27.1830,29.4845,27.5820

1047.4800,29.0987,28.0946,27.0626,26.3122,25.3421,29.3786,25.7993,29.5795,27.1820,29.4791,27.5834

1048.4800,29.1121,28.0945,27.0662,26.3234,25.3249,29.3883,25.7736,29.5892,27.1842,29.4888,27.5840

1049.4800,29.1098,28.1057,27.0284,26.3077,25.3358,29.3751,25.7796,29.5845,27.1775,29.4798,27.5783

1050.4800,29.1006,28.0872,27.0575,26.3543,25.3483,29.3862,25.7923,29.5904,27.1896,29.4883,27.5896

1051.4800,29.1075,28.0936,27.0757,26.3287,25.3405,29.3747,25.7789,29.5972,27.1892,29.4860,27.5871

1052.4800,29.0976,28.0900,27.0538,26.3237,25.3495,29.3691,25.7847,29.6043,27.1829,29.4867,27.5841

1053.4800,29.0829,28.1125,27.0658,26.3315,25.3291,29.3944,25.7737,29.5807,27.1844,29.4875,27.5838

1054.4800,29.1215,28.0943,27.0609,26.3030,25.3338,29.3718,25.7966,29.5863,27.1827,29.4790,27.5835

1055.4800,29.1182,28.0821,27.0567,26.3223,25.3423,29.3652,25.7896,29.6168,27.1843,29.4910,27.5866

1056.4800,29.0782,28.0848,27.0589,26.3402,25.3414,29.3836,25.7857,29.6098,27.1807,29.4967,27.5853

1057.4800,29.0993,28.0775,27.0596,26.3059,25.3446,29.3868,25.7684,29.6070,27.1774,29.4969,27.5811

1058.4800,29.0913,28.0992,27.0836,26.3366,25.3390,29.3689,25.7674,29.6126,27.1899,29.4908,27.5873

1059.4800,29.0941,28.1109,27.0793,26.3243,25.3493,29.3825,25.7735,29.6092,27.1916,29.4959,27.5904

1060.4810,29.0941,28.0943,27.0576,26.3417,25.3361,29.3891,25.7924,29.6050,27.1848,29.4971,27.5888

1061.4800,29.1180,28.0936,27.0550,26.3471,25.3586,29.3500,25.7921,29.6092,27.1945,29.4796,27.5904

1062.4810,29.0971,28.0880,27.0705,26.3155,25.3443,29.3879,25.7624,29.6160,27.1831,29.5019,27.5852

1063.4800,29.1034,28.0901,27.0737,26.3195,25.3388,29.3664,25.7773,29.6011,27.1851,29.4838,27.5838

1064.4800,29.1063,28.1050,27.0419,26.3340,25.3465,29.3825,25.7988,29.6172,27.1867,29.4999,27.5915

1065.4800,29.0986,28.1046,27.0759,26.3180,25.3449,29.3941,25.8017,29.5747,27.1884,29.4844,27.5891

1066.4800,29.0931,28.0790,27.0668,26.3136,25.3238,29.3754,25.7784,29.5833,27.1752,29.4794,27.5767

1067.4800,29.0974,28.1053,27.0487,26.3130,25.3342,29.3887,25.7896,29.5980,27.1797,29.4933,27.5844

1068.4800,29.0970,28.1010,27.0605,26.3347,25.3380,29.3793,25.7915,29.5961,27.1862,29.4877,27.5873

1069.4800,29.1000,28.0824,27.0489,26.3084,25.3307,29.3734,25.7846,29.5827,27.1741,29.4780,27.5764

1070.4810,29.1337,28.1149,27.0650,26.3165,25.3512,29.3807,25.7856,29.5797,27.1963,29.4802,27.5909

1071.4810,29.1091,28.1155,27.0675,26.3157,25.3369,29.3735,25.7829,29.5866,27.1890,29.4801,27.5860

1072.4800,29.0921,28.0968,27.0502,26.3394,25.3487,29.3800,25.7892,29.5880,27.1854,29.4840,27.5855

1073.4800,29.1244,28.0874,27.0789,26.3351,25.3344,29.3653,25.7764,29.6038,27.1920,29.4846,27.5882

1074.4800,29.1187,28.1002,27.0465,26.3263,25.3423,29.3948,25.7699,29.5750,27.1868,29.4849,27.5842

1075.4800,29.0899,28.0953,27.0647,26.3355,25.3403,29.3938,25.7763,29.5763,27.1851,29.4851,27.5840

1076.4800,29.0915,28.0895,27.0957,26.3269,25.3179,29.3964,25.7748,29.5996,27.1843,29.4980,27.5865

1077.4800,29.0989,28.0898,27.0870,26.3215,25.3489,29.3798,25.7722,29.5919,27.1892,29.4858,27.5862

1078.4800,29.1029,28.1047,27.0863,26.3095,25.3647,29.3908,25.7767,29.5654,27.1936,29.4781,27.5876

1079.4800,29.1073,28.0986,27.0613,26.3298,25.3583,29.3840,25.8150,29.5839,27.1911,29.4839,27.5923

1080.4800,29.1198,28.1045,27.0546,26.3368,25.3472,29.3466,25.7894,29.5940,27.1926,29.4703,27.5866

1081.4800,29.1218,28.0848,27.0703,26.3123,25.3435,29.3650,25.7961,29.5744,27.1866,29.4697,27.5835

1082.4800,29.1185,28.0846,27.0794,26.3371,25.3553,29.3772,25.7831,29.5583,27.1950,29.4678,27.5867

1083.4800,29.1034,28.0829,27.0787,26.3151,25.3572,29.3941,25.7705,29.5964,27.1874,29.4953,27.5873

1084.4800,29.0762,28.1077,27.0654,26.3291,25.3393,29.3538,25.7874,29.5890,27.1835,29.4714,27.5810

1085.4800,29.0996,28.0940,27.0516,26.3253,25.3714,29.3730,25.7778,29.5884,27.1884,29.4807,27.5851

1086.4800,29.1097,28.0840,27.0689,26.3318,25.3465,29.3713,25.7853,29.5825,27.1882,29.4769,27.5850

1087.4800,29.0872,28.0948,27.0731,26.3251,25.3311,29.3747,25.7734,29.5892,27.1822,29.4819,27.5811

1088.4800,29.0802,28.0862,27.0579,26.3240,25.3429,29.3663,25.7723,29.5761,27.1782,29.4712,27.5757

1089.4800,29.1056,28.1177,27.0688,26.3274,25.3590,29.3771,25.7941,29.5803,27.1957,29.4787,27.5912

1090.4800,29.0970,28.0980,27.0598,26.3425,25.3753,29.3783,25.7918,29.5867,27.1945,29.4825,27.5912

1091.4800,29.0901,28.0949,27.0629,26.3125,25.3490,29.3728,25.7816,29.6080,27.1819,29.4904,27.5840

1092.4810,29.0905,28.0954,27.0690,26.3257,25.3415,29.3855,25.7523,29.5808,27.1844,29.4832,27.5801

1093.4800,29.0638,28.1035,27.0724,26.3277,25.3576,29.4011,25.7902,29.5973,27.1850,29.4992,27.5892

1094.4800,29.0995,28.0922,27.0776,26.3296,25.3745,29.3662,25.7850,29.5831,27.1947,29.4747,27.5885

1095.4800,29.1042,28.0951,27.0791,26.3400,25.3472,29.3762,25.7742,29.5827,27.1931,29.4794,27.5873

1096.4800,29.0938,28.0984,27.0513,26.3345,25.3419,29.3794,25.7710,29.5784,27.1840,29.4789,27.5811

1097.4810,29.0920,28.0914,27.0617,26.3226,25.3661,29.4101,25.7884,29.5686,27.1868,29.4893,27.5876

1098.4800,29.0691,28.1056,27.0604,26.3279,25.3469,29.3740,25.7763,29.5588,27.1820,29.4664,27.5774

1099.4800,29.1008,28.1127,27.0557,26.3110,25.3678,29.3690,25.7735,29.5746,27.1896,29.4718,27.5831

1100.4800,29.0941,28.0983,27.0545,26.3249,25.3483,29.3943,25.7855,29.5815,27.1840,29.4879,27.5852

1101.4810,29.0871,28.0953,27.0661,26.3331,25.3744,29.3741,25.7928,29.5914,27.1912,29.4828,27.5893

1102.4800,29.1131,28.1070,27.0439,26.3246,25.3447,29.3765,25.7852,29.6033,27.1867,29.4899,27.5873

1103.4810,29.0829,28.1102,27.0815,26.3061,25.3654,29.3976,25.7828,29.5811,27.1892,29.4894,27.5885

1104.4810,29.0854,28.0961,27.0414,26.3264,25.3726,29.3851,25.7856,29.5770,27.1844,29.4810,27.5837

1105.4800,29.1216,28.0996,27.0643,26.3337,25.3485,29.3827,25.7882,29.5798,27.1935,29.4813,27.5898

1106.4800,29.0846,28.0959,27.0751,26.3267,25.3643,29.3909,25.7910,29.6119,27.1893,29.5014,27.5925

1107.4800,29.0874,28.0930,27.0667,26.3219,25.3586,29.3824,25.7741,29.5753,27.1855,29.4788,27.5824

1108.4800,29.0959,28.0996,27.0657,26.3351,25.3445,29.3744,25.8018,29.5838,27.1881,29.4791,27.5876

1109.4800,29.1021,28.0904,27.0692,26.3330,25.3530,29.3834,25.8040,29.5932,27.1896,29.4883,27.5911

1110.4800,29.0887,28.1079,27.0844,26.3468,25.3713,29.3781,25.8154,29.6024,27.1998,29.4903,27.5994

1111.4810,29.0969,28.0974,27.0663,26.3278,25.3687,29.3919,25.8091,29.5886,27.1914,29.4903,27.5933

1112.4810,29.0776,28.1105,27.0662,26.3258,25.3672,29.3891,25.7868,29.6003,27.1895,29.4947,27.5904

1113.4800,29.1063,28.0839,27.0707,26.3284,25.3747,29.3641,25.8013,29.5951,27.1928,29.4796,27.5906

1114.4800,29.0837,28.1029,27.0563,26.3295,25.3587,29.3736,25.7830,29.6111,27.1862,29.4923,27.5874

1115.4800,29.0949,28.1084,27.0736,26.3251,25.3671,29.3744,25.7961,29.5993,27.1938,29.4869,27.5924

1116.4800,29.0871,28.1061,27.0778,26.3383,25.3499,29.3835,25.7937,29.5976,27.1918,29.4906,27.5918

1117.4810,29.0775,28.1093,27.0655,26.3292,25.3473,29.3980,25.8002,29.5908,27.1858,29.4944,27.5897

1118.4800,29.0871,28.0782,27.0731,26.3147,25.3696,29.3892,25.7965,29.5848,27.1846,29.4870,27.5867

1119.4800,29.0830,28.0946,27.0701,26.3212,25.3599,29.3785,25.8228,29.5958,27.1858,29.4872,27.5907

1120.4800,29.0998,28.1034,27.0573,26.3272,25.3276,29.3939,25.8010,29.5679,27.1831,29.4809,27.5848

1121.4800,29.1084,28.1055,27.0443,26.3142,25.3519,29.3860,25.8026,29.5907,27.1849,29.4883,27.5880

1122.4800,29.1042,28.0971,27.0603,26.3241,25.3570,29.4025,25.7852,29.6052,27.1885,29.5038,27.5919

1123.4800,29.1155,28.1060,27.0679,26.3411,25.3571,29.3982,25.7998,29.5850,27.1975,29.4916,27.5963

1124.4810,29.1178,28.0883,27.0638,26.3389,25.3679,29.3605,25.8108,29.6221,27.1953,29.4913,27.5963

1125.4800,29.1038,28.1087,27.0550,26.3433,25.3580,29.3771,25.7991,29.6006,27.1937,29.4888,27.5932

1126.4800,29.1076,28.1124,27.0629,26.3239,25.3558,29.3895,25.7939,29.6007,27.1925,29.4951,27.5933

1127.4800,29.1146,28.1084,27.0820,26.3199,25.3444,29.3969,25.8045,29.5870,27.1938,29.4919,27.5947

1128.4800,29.1257,28.1115,27.0399,26.3178,25.3555,29.3888,25.8128,29.5901,27.1901,29.4894,27.5928

1129.4810,29.1115,28.0938,27.0712,26.3170,25.3639,29.3773,25.8083,29.6055,27.1915,29.4914,27.5936

1130.4800,29.1095,28.0962,27.0825,26.3265,25.3614,29.3678,25.8013,29.5912,27.1952,29.4795,27.5920

1131.4800,29.0973,28.0862,27.0527,26.3297,25.3478,29.3899,25.8021,29.5978,27.1827,29.4939,27.5879

1132.4800,29.1374,28.0937,27.0522,26.3103,25.3682,29.3929,25.7870,29.5759,27.1924,29.4844,27.5897

1133.4800,29.1286,28.1161,27.0676,26.3215,25.3603,29.3686,25.8146,29.5845,27.1988,29.4765,27.5952

1134.4800,29.1054,28.1080,27.0741,26.3337,25.3295,29.3853,25.7825,29.5923,27.1901,29.4888,27.5888

1135.4800,29.1238,28.1056,27.0585,26.3143,25.3767,29.3821,25.8145,29.5942,27.1958,29.4881,27.5962

