Elapsed Time (s), Rod voltage (V), Rod Current (A), Rod Power (W)
1.8750,NaN,NaN,NaN

2.8320,0.0014,-0.0496,-0.0001

3.8320,0.0015,-0.0494,-0.0001

4.8320,0.0015,-0.0500,-0.0001

5.8320,0.0014,-0.0527,-0.0001

6.8330,0.0014,-0.0401,-0.0001

7.8320,0.0015,-0.0455,-0.0001

8.8330,0.0015,-0.0553,-0.0001

9.8320,0.0015,-0.0433,-0.0001

10.8320,0.0015,-0.0534,-0.0001

11.8320,0.0015,-0.0452,-0.0001

12.8320,0.0015,-0.0496,-0.0001

13.8320,0.0015,-0.0436,-0.0001

14.8320,0.0015,-0.0590,-0.0001

15.8320,0.0015,-0.0434,-0.0001

16.8320,0.0015,-0.0450,-0.0001

17.8320,0.0015,-0.0480,-0.0001

18.8320,0.0015,-0.0491,-0.0001

19.8320,0.0014,-0.0552,-0.0001

20.8320,0.0015,-0.0510,-0.0001

21.8320,0.0015,-0.0413,-0.0001

22.8320,0.0015,-0.0369,-0.0001

23.8320,0.0015,-0.0508,-0.0001

24.8320,0.0015,-0.0373,-0.0001

25.8320,0.0015,-0.0551,-0.0001

26.8320,0.0015,-0.0499,-0.0001

27.8320,0.0015,-0.0494,-0.0001

28.8320,0.0015,-0.0432,-0.0001

29.8320,0.0015,-0.0428,-0.0001

30.8330,0.0015,-0.0424,-0.0001

31.8320,0.0015,-0.0548,-0.0001

32.8320,0.0015,-0.0509,-0.0001

33.8320,0.0014,-0.0450,-0.0001

34.8320,0.0014,-0.0374,-0.0001

35.8320,0.0015,-0.0416,-0.0001

36.8330,0.0014,-0.0614,-0.0001

37.8320,0.0015,-0.0441,-0.0001

38.8320,0.0014,-0.0413,-0.0001

39.8320,0.0014,-0.0467,-0.0001

40.8320,0.0014,-0.0561,-0.0001

41.8320,0.0014,-0.0494,-0.0001

42.8320,0.0014,-0.0395,-0.0001

43.8320,0.0014,-0.0484,-0.0001

44.8330,0.0014,-0.0547,-0.0001

45.8320,0.0014,-0.0484,-0.0001

46.8320,0.0014,-0.0534,-0.0001

47.8320,0.0014,-0.0500,-0.0001

48.8320,0.0015,-0.0466,-0.0001

49.8320,0.0015,-0.0588,-0.0001

50.8320,0.0015,-0.0571,-0.0001

51.8320,0.0014,-0.0492,-0.0001

52.8330,0.0015,-0.0451,-0.0001

53.8320,0.0014,-0.0537,-0.0001

54.8320,0.0015,-0.0616,-0.0001

55.8320,0.0015,-0.0445,-0.0001

56.8330,0.0015,-0.0553,-0.0001

57.8320,0.0015,-0.0387,-0.0001

58.8320,0.0015,-0.0400,-0.0001

59.8320,0.0015,-0.0641,-0.0001

60.8320,0.0014,-0.0445,-0.0001

61.8320,0.0014,-0.0585,-0.0001

62.8320,0.0014,-0.0476,-0.0001

63.8320,0.0014,-0.0422,-0.0001

64.8320,0.0014,-0.0402,-0.0001

65.8320,0.0014,-0.0328,-0.0000

66.8320,0.0014,-0.0589,-0.0001

67.8330,0.0014,-0.0422,-0.0001

68.8320,0.0014,-0.0447,-0.0001

69.8320,0.0014,-0.0493,-0.0001

70.8330,0.0014,-0.0450,-0.0001

71.8320,0.0014,-0.0505,-0.0001

72.8320,0.0014,-0.0389,-0.0001

73.8320,0.0014,-0.0448,-0.0001

74.8320,0.0014,-0.0382,-0.0001

75.8320,0.0015,-0.0416,-0.0001

76.8320,0.0015,-0.0496,-0.0001

77.8320,0.0015,-0.0538,-0.0001

78.8320,0.0015,-0.0528,-0.0001

79.8320,0.0015,-0.0534,-0.0001

80.8320,0.0015,-0.0539,-0.0001

81.8320,0.0014,-0.0413,-0.0001

82.8320,0.0014,-0.0621,-0.0001

83.8320,0.0015,-0.0459,-0.0001

84.8320,0.0015,-0.0391,-0.0001

85.8320,0.0015,-0.0450,-0.0001

86.8330,0.0015,-0.0495,-0.0001

87.8320,0.0015,-0.0525,-0.0001

88.8330,0.0015,-0.0343,-0.0000

89.8320,0.0014,-0.0494,-0.0001

90.8320,0.0014,-0.0534,-0.0001

91.8320,0.0014,-0.0458,-0.0001

92.8320,0.0014,-0.0411,-0.0001

93.8320,0.0014,-0.0480,-0.0001

94.8320,0.0014,-0.0494,-0.0001

95.8320,0.0015,-0.0420,-0.0001

96.8320,0.0015,-0.0537,-0.0001

97.8320,0.0014,-0.0579,-0.0001

98.8320,0.0014,-0.0458,-0.0001

99.8320,0.0014,-0.0453,-0.0001

100.8320,0.0014,-0.0541,-0.0001

101.8320,0.0014,-0.0526,-0.0001

102.8320,0.0015,-0.0569,-0.0001

103.8320,0.0015,-0.0575,-0.0001

104.8320,0.0015,-0.0509,-0.0001

105.8320,0.0015,-0.0479,-0.0001

106.8320,0.0015,-0.0468,-0.0001

107.8320,0.0014,-0.0465,-0.0001

108.8320,0.0015,-0.0439,-0.0001

109.8320,0.0015,-0.0468,-0.0001

110.8320,0.0014,-0.0435,-0.0001

111.8320,0.0014,-0.0402,-0.0001

112.8320,0.0015,-0.0395,-0.0001

113.8320,0.0015,-0.0546,-0.0001

114.8330,0.0015,-0.0437,-0.0001

115.8320,0.0015,-0.0545,-0.0001

116.8320,0.0014,-0.0392,-0.0001

117.8320,0.0014,-0.0396,-0.0001

118.8320,0.0014,-0.0514,-0.0001

119.8320,0.0014,-0.0451,-0.0001

120.8320,0.0010,-0.0898,-0.0001

121.8320,0.0002,-0.1297,-0.0000

122.8320,2.3370,151.2482,353.4642

123.8320,3.9162,252.8167,990.0737

124.8320,3.9641,255.5146,1012.8916

125.8320,3.9705,255.3895,1014.0214

126.8320,3.9726,255.0783,1013.3346

127.8320,3.9750,254.5607,1011.8833

128.8320,3.9785,253.5769,1008.8656

129.8320,3.9816,252.7559,1006.3656

130.8320,3.9852,251.7717,1003.3633

131.8320,3.9957,248.8162,994.1900

132.8320,3.9938,249.2198,995.3296

133.8330,3.9923,249.5999,996.4848

134.8320,3.9923,249.5965,996.4569

135.8320,3.9923,249.5692,996.3555

136.8320,3.9925,249.4570,995.9596

137.8330,3.9924,249.4415,995.8816

138.8320,3.9921,249.4904,995.9877

139.8320,3.9925,249.3603,995.5689

140.8320,3.9923,249.3478,995.4784

141.8330,3.9926,249.2560,995.1714

142.8320,3.9925,249.2278,995.0487

143.8320,3.9928,249.1251,994.7187

144.8320,3.9929,249.0718,994.5291

145.8320,3.9931,249.0205,994.3594

146.8320,3.9931,248.9664,994.1353

147.8320,3.9932,248.8931,993.8800

148.8320,3.9933,248.8590,993.7725

149.8320,3.9933,248.8011,993.5481

150.8320,3.9933,248.7862,993.4823

151.8320,3.9936,248.6822,993.1345

152.8320,3.9937,248.6476,993.0156

153.8320,3.9937,248.5890,992.7856

154.8320,3.9942,248.4695,992.4333

155.8320,3.9941,248.4512,992.3330

156.8320,3.9941,248.4127,992.1961

157.8320,3.9942,248.3609,992.0108

158.8320,3.9944,248.2997,991.8111

159.8320,3.9944,248.2551,991.6191

160.8320,3.9946,248.1711,991.3428

161.8320,3.9947,248.1271,991.1983

162.8330,3.9945,248.1600,991.2682

163.8320,3.9949,248.0575,990.9532

164.8320,3.9948,248.0299,990.8235

165.8320,3.9950,247.9727,990.6555

166.8320,3.9949,247.9329,990.4661

167.8320,3.9953,247.8296,990.1563

168.8320,3.9955,247.7299,989.7979

169.8320,3.9956,247.6822,989.6378

170.8320,3.9956,247.6743,989.6032

171.8320,3.9958,247.6164,989.4146

172.8330,3.9958,247.5687,989.2444

173.8330,3.9959,247.5406,989.1565

174.8320,3.9958,247.5503,989.1546

175.8330,3.9959,247.4541,988.8004

176.8330,3.9963,247.3567,988.5047

177.8320,3.9964,247.3089,988.3421

178.8320,3.9967,247.2010,987.9762

179.8320,3.9968,247.1404,987.7812

180.8320,3.9966,247.1634,987.8095

181.8320,3.9969,247.0806,987.5611

182.8320,3.9969,247.0668,987.4979

183.8320,3.9970,247.0012,987.2612

184.8320,3.9971,246.9723,987.1663

185.8320,3.9972,246.9407,987.0646

186.8320,3.9972,246.9163,986.9701

187.8320,3.9970,246.8977,986.8589

188.8320,3.9971,246.8736,986.7815

189.8320,3.9972,246.8338,986.6542

190.8330,3.9973,246.7996,986.5382

191.8320,3.9971,246.7954,986.4602

192.8320,3.9973,246.7740,986.4340

193.8320,3.9971,246.7777,986.3941

194.8320,3.9972,246.7297,986.2241

195.8320,3.9974,246.6612,985.9968

196.8320,3.9974,246.6292,985.8829

197.8320,3.9973,246.6359,985.8775

198.8330,3.9974,246.5810,985.6923

199.8320,3.9977,246.4784,985.3497

200.8320,3.9976,246.4865,985.3510

201.8320,3.9976,246.4985,985.3923

202.8320,3.9977,246.4217,985.1268

203.8330,3.9981,246.3078,984.7685

204.8320,3.9981,246.3030,984.7500

205.8320,3.9979,246.2985,984.6792

206.8320,3.9977,246.3442,984.8016

207.8320,3.9979,246.3150,984.7436

208.8320,3.9977,246.3137,984.6881

209.8320,3.9977,246.3044,984.6493

210.8320,3.9978,246.2299,984.3725

211.8320,3.9978,246.2410,984.4258

212.8320,3.9980,246.1725,984.1961

213.8320,3.9980,246.1645,984.1669

214.8320,3.9978,246.1584,984.0999

215.8320,3.9978,246.1381,984.0202

216.8320,3.9979,246.1452,984.0554

217.8320,3.9978,246.1037,983.8823

218.8330,3.9978,246.1554,984.0724

219.8320,3.9977,246.1180,983.9088

220.8320,3.9977,246.1086,983.8739

221.8320,3.9979,246.0295,983.5904

222.8320,3.9980,246.0186,983.5873

223.8320,3.9980,245.9467,983.2915

224.8320,3.9976,246.0448,983.5885

225.8330,3.9976,246.0180,983.4840

226.8320,3.9977,245.9923,983.4156

227.8320,3.9977,245.9651,983.2961

228.8320,3.9977,245.9702,983.3243

229.8320,3.9978,245.9013,983.0578

230.8320,3.9978,245.8825,982.9971

231.8330,3.9978,245.8584,982.9044

232.8320,3.9979,245.8292,982.7979

233.8320,3.9979,245.8015,982.6967

234.8320,3.9979,245.7944,982.6606

235.8320,3.9978,245.8215,982.7478

236.8320,3.9977,245.8136,982.6925

237.8320,3.9977,245.8068,982.6607

238.8330,3.9978,245.7554,982.4885

239.8330,3.9978,245.7316,982.3742

240.8320,3.9978,245.7183,982.3429

241.8320,3.9978,245.6795,982.1845

242.8320,3.9979,245.6706,982.1702

243.8320,3.9977,245.6827,982.1680

244.8330,3.9975,245.7501,982.3793

245.8320,3.9968,245.9062,982.8376

246.8320,3.9968,245.8896,982.7790

247.8320,3.9967,245.8926,982.7552

248.8320,3.9967,245.8904,982.7556

249.8320,3.9967,245.8490,982.5779

250.8320,3.9968,245.8346,982.5637

251.8320,3.9966,245.8490,982.5671

252.8320,3.9967,245.8128,982.4503

253.8320,3.9967,245.7741,982.2914

254.8320,3.9968,245.7476,982.2003

255.8330,3.9967,245.7542,982.2175

256.8320,3.9968,245.6923,981.9953

257.8320,3.9970,245.6674,981.9242

258.8320,3.9969,245.6741,981.9280

259.8320,3.9970,245.6147,981.7166

260.8320,3.9968,245.6408,981.7728

261.8320,3.9970,245.5906,981.6178

262.8320,3.9970,245.5874,981.6076

263.8330,3.9965,245.6591,981.7869

264.8320,3.9965,245.6810,981.8518

265.8320,3.9966,245.6419,981.7278

266.8320,3.9964,245.6840,981.8571

267.8320,3.9960,245.7297,981.9461

268.8320,3.9961,245.6988,981.8472

269.8320,3.9961,245.7114,981.8800

270.8320,3.9958,245.7908,982.1311

271.8330,3.9956,245.7776,982.0345

272.8320,3.9958,245.7728,982.0559

273.8320,3.9956,245.7697,981.9911

274.8320,3.9946,246.0299,982.7896

275.8330,3.9939,246.2054,983.3146

276.8320,3.9943,246.1182,983.0673

277.8320,3.9936,246.2430,983.3956

278.8320,3.9937,246.2393,983.3953

279.8320,3.9930,246.4092,983.9044

280.8320,3.9930,246.3707,983.7582

281.8320,3.9929,246.3833,983.7921

282.8320,3.9930,246.3723,983.7642

283.8320,3.9930,246.3175,983.5441

284.8320,3.9931,246.3090,983.5339

285.8320,3.9928,246.3504,983.6357

286.8320,3.9929,246.3358,983.5965

287.8320,3.9929,246.2927,983.4155

288.8320,3.9929,246.2627,983.3097

289.8320,3.9930,246.2464,983.2638

290.8320,3.9926,246.3262,983.4831

291.8320,3.9925,246.3121,983.4109

292.8320,3.9929,246.2431,983.2297

293.8320,3.9928,246.2263,983.1358

294.8320,3.9927,246.2270,983.1215

295.8330,3.9926,246.2235,983.0827

296.8320,3.9927,246.1804,982.9221

297.8320,3.9926,246.2689,983.2486

298.8320,3.9924,246.2326,983.0642

299.8320,3.9923,246.2690,983.1805

300.8320,3.9923,246.2148,982.9737

301.8320,3.9925,246.1901,982.9048

302.8330,3.9925,246.1410,982.7292

303.8320,3.9925,246.1588,982.7768

304.8320,3.9923,246.1948,982.8943

305.8320,3.9925,246.1147,982.6131

306.8320,3.9923,246.1320,982.6315

307.8320,3.9924,246.1430,982.6979

308.8320,3.9918,246.2127,982.8420

309.8320,3.9921,246.1924,982.8218

310.8320,3.9924,246.0901,982.4793

311.8320,3.9924,246.0633,982.3890

312.8320,3.9924,246.0156,982.1943

313.8320,3.9923,246.0526,982.3184

314.8320,3.9923,246.0219,982.1965

315.8320,3.9922,246.0332,982.2151

316.8320,3.9922,246.0225,982.1658

317.8320,3.9923,246.0023,982.1070

318.8320,3.9924,245.9290,981.8500

319.8320,3.9919,246.0612,982.2418

320.8320,3.9920,246.0077,982.0729

321.8320,3.9925,245.8512,981.5712

322.8320,3.9927,245.8089,981.4301

323.8320,3.9923,245.8613,981.5642

324.8320,3.9924,245.8468,981.5167

325.8320,3.9920,245.9604,981.8724

326.8330,3.9920,245.9140,981.6943

327.8320,3.9920,245.8868,981.5920

328.8320,3.9922,245.8506,981.4941

329.8320,3.9923,245.7838,981.2481

330.8320,3.9927,245.6966,980.9870

331.8320,3.9925,245.7492,981.1460

332.8320,3.9925,245.7253,981.0468

333.8320,3.9921,245.7860,981.2037

334.8320,3.9924,245.7111,980.9806

335.8320,3.9924,245.6798,980.8399

336.8320,3.9921,245.7474,981.0575

337.8320,3.9920,245.7457,981.0186

338.8320,3.9922,245.7059,980.9139

339.8320,3.9922,245.6813,980.8162

340.8320,3.9921,245.6707,980.7418

341.8320,3.9918,245.7340,980.9172

342.8320,3.9918,245.7420,980.9626

343.8320,3.9918,245.7234,980.8728

344.8330,3.9919,245.6729,980.7085

345.8320,3.9919,245.6555,980.6272

346.8320,3.9919,245.6264,980.5234

347.8320,3.9918,245.6601,980.6203

348.8330,3.9918,245.6346,980.5292

349.8320,3.9919,245.6255,980.5098

350.8320,3.9919,245.5871,980.3703

351.8320,3.9920,245.5414,980.1999

352.8320,3.9920,245.5287,980.1491

353.8320,3.9922,245.4895,980.0356

354.8320,3.9921,245.4681,979.9390

355.8320,3.9921,245.4596,979.8906

356.8320,3.9916,245.5996,980.3337

357.8320,3.9916,245.5413,980.1100

358.8320,3.9920,245.4515,979.8437

359.8320,3.9920,245.3744,979.5317

360.8330,3.9924,245.3393,979.4912

361.8320,3.9925,245.2787,979.2864

362.8320,3.9924,245.2619,979.1839

363.8320,3.9926,245.2163,979.0414

364.8320,3.9926,245.1886,978.9328

365.8320,3.9924,245.2170,979.0154

366.8320,3.9925,245.1973,978.9467

367.8330,3.9926,245.1323,978.7114

368.8320,3.9929,245.0835,978.5978

369.8330,3.9924,245.1319,978.6699

370.8320,3.9925,245.1500,978.7730

371.8320,3.9923,245.1310,978.6394

372.8320,3.9926,245.1027,978.6025

373.8320,3.9927,245.0123,978.2647

374.8320,3.9928,245.0124,978.2891

375.8320,3.9927,244.9893,978.1699

376.8320,3.9931,244.9169,977.9685

377.8320,3.9927,244.9708,978.0891

378.8320,3.9929,244.9095,977.8899

379.8320,3.9928,244.9444,978.0052

380.8320,3.9927,244.9490,978.0195

381.8330,3.9928,244.8944,977.8164

382.8320,3.9927,244.9100,977.8576

383.8320,3.9926,244.9194,977.8585

384.8330,3.9923,244.9834,978.0592

385.8330,3.9923,244.9775,978.0285

386.8320,3.9924,244.9520,977.9465

387.8320,3.9922,244.9655,977.9561

388.8320,3.9917,245.0968,978.3543

389.8320,3.9921,244.9922,978.0268

390.8320,3.9922,244.9363,977.8386

391.8320,3.9922,244.9133,977.7468

392.8320,3.9924,244.8797,977.6489

393.8320,3.9923,244.8707,977.6087

394.8320,3.9924,244.8060,977.3726

395.8320,3.9926,244.7589,977.2261

396.8320,3.9924,244.8129,977.3945

397.8320,3.9923,244.8511,977.5165

398.8320,3.9924,244.7526,977.1580

399.8320,3.9921,244.8670,977.5302

400.8320,3.9919,244.9036,977.6210

401.8320,3.9920,244.8494,977.4298

402.8320,3.9919,244.8694,977.4964

403.8320,3.9917,244.8873,977.5216

404.8320,3.9916,244.9180,977.6043

405.8320,3.9915,244.9229,977.6019

406.8320,3.9915,244.9187,977.6028

407.8320,3.9918,244.8323,977.3092

408.8320,3.9918,244.8028,977.2061

409.8320,3.9918,244.7876,977.1550

410.8320,3.9916,244.8188,977.2306

411.8320,3.9914,244.8522,977.3101

412.8330,3.9911,244.9514,977.6200

413.8320,3.9911,244.9276,977.5366

414.8320,3.9908,244.9867,977.7041

415.8320,3.9910,244.9430,977.5652

416.8330,3.9907,244.9496,977.5231

417.8320,3.9911,244.8822,977.3403

418.8320,3.9913,244.7937,977.0372

419.8320,3.9913,244.8376,977.2235

420.8320,3.9913,244.8422,977.2447

421.8320,3.9912,244.8280,977.1476

422.8320,3.9909,244.8832,977.3048

423.8320,3.9908,244.8953,977.3280

424.8320,3.9909,244.8656,977.2226

425.8330,3.9909,244.8415,977.1262

426.8320,3.9910,244.8000,976.9942

427.8320,3.9908,244.7975,976.9464

428.8320,3.9907,244.8449,977.0942

429.8330,3.9907,244.8160,976.9805

430.8320,3.9907,244.8243,977.0150

431.8320,3.9906,244.8258,976.9930

432.8320,3.9907,244.7827,976.8456

433.8320,3.9908,244.7191,976.6237

434.8320,3.9907,244.7660,976.7856

435.8320,3.9907,244.7474,976.7094

436.8330,3.9908,244.7000,976.5505

437.8320,3.9909,244.6752,976.4685

438.8320,3.9906,244.7067,976.5237

439.8320,3.9907,244.6932,976.4906

440.8320,3.9907,244.6386,976.2901

441.8320,3.9907,244.6370,976.2708

442.8320,3.9907,244.6732,976.4134

443.8320,3.9904,244.7153,976.5109

444.8320,3.9906,244.6322,976.2314

445.8320,3.9909,244.5576,975.9979

446.8320,3.9908,244.5680,976.0116

447.8320,3.9909,244.5437,975.9387

448.8320,3.9908,244.5401,975.9022

449.8320,3.9909,244.5105,975.8290

450.8320,3.9909,244.4903,975.7407

451.8320,3.9911,244.4072,975.4604

452.8320,3.9910,244.4337,975.5310

453.8320,3.9906,244.5196,975.7766

454.8320,3.9909,244.4387,975.5258

455.8320,3.9908,244.4340,975.4789

456.8320,3.9909,244.3986,975.3803

457.8320,3.9910,244.3602,975.2473

458.8320,3.9910,244.3493,975.2010

459.8320,3.9909,244.3502,975.1852

460.8320,3.9908,244.3828,975.2873

461.8320,3.9910,244.3133,975.0652

462.8320,3.9911,244.2823,974.9531

463.8320,3.9910,244.3103,975.0341

464.8320,3.9910,244.2865,974.9480

465.8320,3.9910,244.2646,974.8675

466.8320,3.9909,244.2525,974.7809

467.8320,3.9910,244.2274,974.7133

468.8320,3.9910,244.2527,974.8121

469.8320,3.9910,244.2491,974.7940

470.8320,3.9910,244.1956,974.5734

471.8320,3.9908,244.2565,974.7696

472.8320,3.9908,244.2117,974.5911

473.8320,3.9907,244.2618,974.7650

474.8320,3.9908,244.2219,974.6307

475.8320,3.9906,244.2350,974.6550

476.8320,3.9907,244.2197,974.6109

477.8320,3.9907,244.1800,974.4584

478.8320,3.9907,244.1813,974.4545

479.8320,3.9905,244.2298,974.5889

480.8320,3.9900,244.3411,974.9240

481.8320,3.9896,244.4597,975.2975

482.8320,3.9895,244.4095,975.0667

483.8330,3.9896,244.3800,974.9800

484.8320,3.9903,244.2987,974.8291

485.8320,3.9901,244.3120,974.8289

486.8320,3.9898,244.3642,974.9639

487.8320,3.9900,244.2786,974.6757

488.8320,3.9898,244.3277,974.8260

489.8320,3.9898,244.3322,974.8440

490.8320,3.9900,244.2691,974.6283

491.8320,3.9898,244.2391,974.4769

492.8320,3.9900,244.2166,974.4241

493.8320,3.9900,244.1933,974.3404

494.8320,3.9901,244.1601,974.2303

495.8320,3.9899,244.1995,974.3206

496.8320,3.9900,244.1930,974.3239

497.8320,3.9899,244.1604,974.1811

498.8330,3.9901,244.1067,974.0217

499.8320,3.9902,244.0823,973.9334

500.8320,3.9902,244.0491,973.8044

501.8330,3.9903,244.0157,973.7025

502.8320,3.9903,244.0080,973.6751

503.8330,3.9903,243.9762,973.5380

504.8320,3.9905,243.9227,973.3751

505.8320,3.9904,243.9378,973.4106

506.8320,3.9903,243.9349,973.3779

507.8320,3.9904,243.9269,973.3544

508.8320,3.9902,243.9498,973.4143

509.8320,3.9900,243.9976,973.5384

510.8320,3.9901,243.9664,973.4502

511.8320,3.9900,243.9562,973.3905

512.8320,3.9902,243.9225,973.3094

513.8320,3.9903,243.8428,973.0157

514.8320,3.9901,243.8957,973.1781

515.8320,3.9899,243.9621,973.3733

516.8320,3.9901,243.9104,973.2382

517.8320,3.9900,243.8987,973.1648

518.8320,3.9902,243.8668,973.0727

519.8320,3.9901,243.8530,972.9976

520.8320,3.9900,243.8577,973.0012

521.8320,3.9902,243.8369,972.9565

522.8330,3.9899,243.8999,973.1268

523.8320,3.9897,243.9076,973.1251

524.8320,3.9897,243.9063,973.1139

525.8330,3.9897,243.8815,973.0140

526.8320,3.9899,243.8554,972.9535

527.8320,3.9897,243.8858,973.0326

528.8320,3.9898,243.8312,972.8346

529.8320,3.9900,243.8194,972.8320

530.8320,3.9895,243.8685,972.9184

531.8320,3.9900,243.7770,972.6588

532.8320,3.9896,243.8308,972.7988

533.8320,3.9900,243.7561,972.5750

534.8320,3.9898,243.7700,972.6020

535.8320,3.9897,243.7927,972.6600

536.8320,3.9898,243.7626,972.5728

537.8320,3.9896,243.7458,972.4468

538.8320,3.9895,243.8102,972.6722

539.8320,3.9896,243.7521,972.4752

540.8320,3.9894,243.8323,972.7447

541.8320,3.9894,243.8180,972.6761

542.8320,3.9894,243.7769,972.5270

543.8320,3.9895,243.7708,972.5286

544.8330,3.9893,243.7751,972.5012

545.8320,3.9898,243.6809,972.2353

546.8320,3.9900,243.5595,971.8081

547.8320,3.9901,243.5518,971.8058

548.8320,3.9901,243.5198,971.6614

549.8330,3.9902,243.4891,971.5729

550.8320,3.9903,243.4625,971.4900

551.8320,3.9902,243.4647,971.4818

552.8320,3.9902,243.4720,971.4902

553.8320,3.9902,243.4438,971.4007

554.8320,3.9904,243.4071,971.2823

555.8320,3.9903,243.3849,971.1786

556.8320,3.9903,243.4013,971.2354

557.8320,3.9901,243.4209,971.2745

558.8320,3.9900,243.4572,971.3970

559.8320,3.9900,243.4243,971.2700

560.8320,3.9901,243.4022,971.1912

561.8320,3.9900,243.4158,971.2236

562.8330,3.9899,243.4377,971.2896

563.8320,3.9900,243.4063,971.1872

564.8320,3.9899,243.3922,971.1226

565.8320,3.9900,243.3897,971.1230

566.8320,3.9900,243.3695,971.0404

567.8320,3.9901,243.3580,971.0105

568.8330,3.9900,243.3367,970.9127

569.8320,3.9901,243.3067,970.8203

570.8320,3.9899,243.3381,970.9032

571.8320,3.9902,243.2677,970.6824

572.8320,3.9903,243.2049,970.4677

573.8320,3.9902,243.2344,970.5565

574.8320,3.9900,243.2741,970.6654

575.8320,3.9903,243.2008,970.4429

576.8330,3.9898,243.2885,970.6843

577.8320,3.9896,243.3615,970.9086

578.8320,3.9901,243.2003,970.3873

579.8320,3.9898,243.2640,970.5788

580.8320,3.9899,243.2511,970.5379

581.8320,3.9900,243.1781,970.2827

582.8320,3.9901,243.1632,970.2386

583.8320,3.9899,243.2019,970.3417

584.8330,3.9899,243.1863,970.2928

585.8320,3.9902,243.1227,970.1199

586.8320,3.9900,243.1377,970.1118

587.8320,3.9902,243.0759,969.9307

588.8320,3.9903,243.0727,969.9347

589.8320,3.9903,243.0358,969.7809

590.8320,3.9903,243.0287,969.7569

591.8320,3.9904,242.9993,969.6558

592.8320,3.9905,242.9420,969.4637

593.8320,3.9900,243.0673,969.8429

594.8320,3.9897,243.1644,970.1471

595.8320,3.9898,243.0989,969.9173

596.8320,3.9901,243.0440,969.7622

597.8330,3.9898,243.0432,969.6951

598.8320,3.9908,242.8737,969.2677

599.8320,3.9907,242.8322,969.0633

600.8320,3.9909,242.7138,968.6573

601.8320,3.9913,242.6499,968.5002

602.8320,3.9914,242.5796,968.2439

603.8320,3.9915,242.5680,968.2126

604.8320,3.9913,242.6342,968.4145

605.8320,3.9914,242.5772,968.2195

606.8320,3.9913,242.5940,968.2648

607.8320,3.9907,242.7510,968.7462

608.8330,3.9919,242.4138,967.6940

609.8320,3.9925,242.2428,967.1548

610.8320,3.9922,242.3066,967.3342

611.8320,3.9921,242.3335,967.4233

612.8320,3.9926,242.1943,966.9793

613.8320,3.9927,242.1349,966.7675

614.8320,3.9927,242.1351,966.7638

615.8330,3.9925,242.1687,966.8641

616.8320,3.9923,242.1720,966.8271

617.8330,3.9924,242.1837,966.8904

618.8320,3.9924,242.1637,966.8083

619.8320,3.9928,242.0665,966.5268

620.8320,3.9926,242.0865,966.5431

621.8320,3.9924,242.1609,966.7951

622.8320,3.9921,242.1964,966.8835

623.8320,3.9922,242.1631,966.7693

624.8330,3.9920,242.2062,966.8919

625.8320,3.9922,242.1515,966.7207

626.8320,3.9919,242.2110,966.8822

627.8320,3.9920,242.1812,966.7936

628.8320,3.9914,242.3109,967.1682

629.8320,3.9910,242.4630,967.6583

630.8320,3.9903,242.6279,968.1502

631.8320,3.9905,242.5645,967.9636

632.8320,3.9912,242.3891,967.4216

633.8320,3.9907,242.4645,967.6031

634.8320,3.9904,242.5679,967.9475

635.8320,3.9900,242.6616,968.2109

636.8320,3.9893,242.8368,968.7460

637.8330,3.9903,242.5741,967.9477

638.8330,3.9904,242.4973,967.6658

639.8330,3.9906,242.4796,967.6315

640.8320,3.9903,242.5321,967.7779

641.8330,3.9902,242.5606,967.8635

642.8320,3.9901,242.5359,967.7535

643.8320,3.9902,242.5264,967.7318

644.8320,3.9900,242.5632,967.8337

645.8320,3.9899,242.5672,967.8287

646.8320,3.9899,242.5618,967.8042

647.8320,3.9897,242.6132,967.9616

648.8320,3.9897,242.6260,967.9933

649.8320,3.9896,242.6408,968.0419

650.8330,3.9900,242.5262,967.6822

651.8320,3.9901,242.4402,967.3663

652.8320,3.9903,242.4177,967.3238

653.8320,3.9902,242.4243,967.3254

654.8320,3.9904,242.3595,967.1166

655.8320,3.9900,242.4553,967.3996

656.8330,3.9899,242.4870,967.4921

657.8320,3.9901,242.4377,967.3487

658.8320,3.9896,242.5268,967.5937

659.8320,3.9897,242.5183,967.5764

660.8320,3.9895,242.5365,967.5952

661.8330,3.9893,242.5644,967.6700

662.8320,3.9895,242.5400,967.6197

663.8320,3.9893,242.5612,967.6550

664.8320,3.9896,242.5122,967.5151

665.8330,3.9899,242.3997,967.1388

666.8330,3.9896,242.4674,967.3525

667.8320,3.9893,242.5342,967.5385

668.8320,3.9892,242.5739,967.6818

669.8330,3.9893,242.5029,967.4161

670.8320,3.9896,242.4273,967.1910

671.8320,3.9899,242.3418,966.9213

672.8320,3.9899,242.3280,966.8627

673.8320,3.9900,242.3145,966.8321

674.8320,3.9900,242.2871,966.7224

675.8320,3.9901,242.2268,966.5014

676.8320,3.9901,242.2422,966.5730

677.8320,3.9900,242.2643,966.6234

678.8320,3.9899,242.2950,966.7293

679.8320,3.9897,242.3063,966.7379

680.8320,3.9898,242.2493,966.5360

681.8320,3.9901,242.2256,966.5076

682.8320,3.9903,242.1287,966.1560

683.8320,3.9903,242.0866,965.9970

684.8330,3.9904,242.1296,966.1968

685.8320,3.9901,242.1823,966.3265

686.8320,3.9901,242.1383,966.1630

687.8330,3.9904,242.0508,965.8869

688.8320,3.9902,242.0947,966.0108

689.8320,3.9897,242.2415,966.4693

690.8320,3.9898,242.1777,966.2378

691.8320,3.9900,242.1621,966.2206

692.8320,3.9902,242.0832,965.9538

693.8320,3.9899,242.1204,966.0471

694.8320,3.9899,242.1612,966.2016

695.8320,3.9897,242.1711,966.1959

696.8320,3.9896,242.2192,966.3488

697.8320,3.9894,242.2465,966.4144

698.8320,3.9895,242.2216,966.3411

699.8320,3.9897,242.1566,966.1260

700.8320,3.9895,242.1904,966.2096

701.8320,3.9897,242.1079,965.9486

702.8320,3.9896,242.1545,966.1072

703.8330,3.9896,242.0836,965.8171

704.8320,3.9897,242.0558,965.7226

705.8320,3.9900,242.0735,965.8671

706.8320,3.9900,242.0594,965.8231

707.8320,3.9900,242.0497,965.7687

708.8320,3.9895,242.1122,965.9123

709.8320,3.9893,242.1708,966.1000

710.8320,3.9894,242.1468,966.0283

711.8320,3.9895,242.1263,965.9658

712.8320,3.9895,242.0681,965.7322

713.8320,3.9900,241.9687,965.4579

714.8320,3.9899,241.9665,965.4196

715.8320,3.9898,241.9730,965.4238

716.8320,3.9901,241.8755,965.1107

717.8330,3.9902,241.8563,965.0593

718.8320,3.9901,241.8411,964.9653

719.8320,3.9901,241.8668,965.0620

720.8320,3.9902,241.8040,964.8389

721.8320,3.9901,241.8315,964.9402

722.8320,3.9901,241.8498,965.0045

723.8320,3.9902,241.7816,964.7469

724.8320,3.9903,241.7354,964.5995

725.8320,3.9903,241.7555,964.6746

726.8320,3.9901,241.8019,964.8076

727.8320,3.9901,241.7745,964.7033

728.8320,3.9901,241.7594,964.6511

729.8320,3.9900,241.7763,964.6899

730.8320,3.9899,241.7712,964.6432

731.8320,3.9898,241.8302,964.8559

732.8320,3.9893,241.9275,965.1217

733.8320,3.9891,242.0049,965.3759

734.8320,3.9890,241.9978,965.3388

735.8320,3.9891,241.9800,965.2847

736.8320,3.9893,241.9280,965.1341

737.8320,3.9897,241.8154,964.7762

738.8330,3.9891,241.9400,965.1218

739.8320,3.9891,241.9649,965.2234

740.8320,3.9890,241.9719,965.2144

741.8320,3.9890,241.9533,965.1543

742.8320,3.9891,241.9487,965.1618

743.8320,3.9892,241.8856,964.9200

744.8320,3.9891,241.9024,964.9794

745.8320,3.9890,241.9329,965.0649

746.8320,3.9889,241.9357,965.0685

747.8320,3.9888,241.9596,965.1359

748.8320,3.9888,241.9466,965.0783

749.8320,3.9886,241.9827,965.1809

750.8320,3.9889,241.9301,965.0365

751.8320,3.9887,241.9585,965.0983

752.8320,3.9882,242.1030,965.5630

753.8320,3.9883,242.0567,965.3918

754.8320,3.9886,241.9759,965.1452

755.8320,3.9887,241.9177,964.9490

756.8320,3.9888,241.8849,964.8189

757.8320,3.9887,241.8846,964.8146

758.8320,3.9889,241.8455,964.6881

759.8320,3.9889,241.8299,964.6233

760.8320,3.9891,241.7765,964.4614

761.8320,3.9890,241.7987,964.5467

762.8330,3.9887,241.8699,964.7421

763.8320,3.9888,241.8326,964.6098

764.8320,3.9887,241.8471,964.6619

765.8320,3.9887,241.8342,964.6076

766.8320,3.9887,241.8118,964.5172

767.8320,3.9888,241.8261,964.5925

768.8330,3.9885,241.8449,964.5996

769.8330,3.9880,241.9887,965.0547

770.8340,3.9880,241.9848,965.0341

771.8320,3.9880,241.9774,965.0143

772.8320,3.9879,241.9739,964.9687

773.8320,3.9879,242.0068,965.0938

774.8320,3.9877,242.0212,965.1189

775.8320,3.9880,241.9511,964.9069

776.8320,3.9879,241.9745,964.9624

777.8320,3.9882,241.8734,964.6503

778.8320,3.9881,241.8948,964.7033

779.8320,3.9883,241.8209,964.4565

780.8320,3.9883,241.8239,964.4659

781.8320,3.9882,241.8745,964.6372

782.8330,3.9879,241.9210,964.7598

783.8320,3.9877,241.9863,964.9707

784.8320,3.9877,241.9531,964.8359

785.8320,3.9878,241.9056,964.6822

786.8330,3.9877,241.9454,964.8158

787.8320,3.9878,241.9350,964.7891

788.8320,3.9876,241.9114,964.6530

789.8320,3.9879,241.8987,964.6633

790.8320,3.9879,241.8305,964.3975

791.8320,3.9879,241.8464,964.4496

792.8320,3.9878,241.8696,964.5282

793.8320,3.9879,241.8158,964.3485

794.8320,3.9881,241.7792,964.2363

795.8320,3.9878,241.8478,964.4360

796.8320,3.9880,241.7944,964.2640

797.8320,3.9881,241.7459,964.1030

798.8330,3.9881,241.7487,964.1137

799.8320,3.9883,241.6622,963.8304

800.8320,3.9885,241.6049,963.6395

801.8320,3.9886,241.5811,963.5699

802.8320,3.9885,241.5892,963.5711

803.8320,3.9887,241.5320,963.3940

804.8320,3.9887,241.5560,963.4913

805.8320,3.9885,241.5369,963.3727

806.8330,3.9886,241.5498,963.4343

807.8320,3.9882,241.6049,963.5748

808.8320,3.9885,241.5373,963.3802

809.8320,3.9882,241.6034,963.5685

810.8320,3.9880,241.6455,963.6897

811.8320,3.9878,241.7044,963.8705

812.8330,3.9881,241.6078,963.5535

813.8330,3.9881,241.6170,963.5931

814.8320,3.9883,241.5547,963.4015

815.8320,3.9883,241.5521,963.3777

816.8330,3.9878,241.6344,963.5954

817.8320,3.9879,241.6399,963.6401

818.8320,3.9875,241.7279,963.8925

819.8320,3.9875,241.7440,963.9616

820.8320,3.9873,241.7703,964.0210

821.8330,3.9873,241.7650,964.0013

822.8320,3.9874,241.7725,964.0462

823.8320,3.9874,241.7239,963.8432

824.8330,3.9876,241.6897,963.7672

825.8320,3.9878,241.6401,963.6061

826.8320,3.9877,241.6111,963.4826

827.8330,3.9879,241.5672,963.3346

828.8320,3.9877,241.6157,963.4815

829.8320,3.9878,241.5792,963.3816

830.8330,3.9879,241.5522,963.2773

831.8320,3.9880,241.5128,963.1480

832.8320,3.9880,241.4783,963.0107

833.8320,3.9879,241.5141,963.1388

834.8320,3.9880,241.4856,963.0488

835.8320,3.9881,241.4662,962.9902

836.8320,3.9883,241.3744,962.6782

837.8320,3.9882,241.4164,962.8103

838.8320,3.9882,241.4182,962.8180

839.8330,3.9883,241.3648,962.6315

840.8320,3.9881,241.3725,962.6121

841.8320,3.9879,241.3918,962.6507

842.8330,3.9881,241.4206,962.8028

843.8320,3.9879,241.4651,962.9431

844.8320,3.9883,241.3926,962.7427

845.8320,3.9879,241.4236,962.7679

846.8320,3.9880,241.4370,962.8411

847.8320,3.9879,241.3971,962.6683

848.8320,3.9880,241.3825,962.6225

849.8320,3.9882,241.3303,962.4766

850.8320,3.9881,241.3097,962.3686

851.8320,3.9878,241.4051,962.6699

852.8320,3.9878,241.4040,962.6736

853.8320,3.9879,241.3709,962.5603

854.8320,3.9880,241.3394,962.4603

855.8320,3.9878,241.3628,962.5179

856.8320,3.9879,241.3357,962.4264

857.8320,3.9879,241.3355,962.4116

858.8320,3.9882,241.3100,962.3892

859.8320,3.9876,241.3949,962.5922

860.8320,3.9879,241.3234,962.3734

861.8320,3.9882,241.2479,962.1373

862.8320,3.9883,241.2350,962.1255

863.8320,3.9881,241.2090,961.9643

864.8320,3.9883,241.1831,961.9070

865.8320,3.9882,241.2034,961.9717

866.8320,3.9884,241.1459,961.7811

867.8330,3.9882,241.1684,961.8216

868.8320,3.9883,241.1531,961.7927

869.8320,3.9884,241.1326,961.7286

870.8320,3.9886,241.0622,961.4913

871.8320,3.9886,241.0603,961.4884

872.8320,3.9885,241.0373,961.3856

873.8320,3.9885,241.0671,961.5082

874.8320,3.9884,241.0835,961.5274

875.8320,3.9882,241.0798,961.4847

876.8320,3.9881,241.1081,961.5717

877.8320,3.9884,241.0756,961.5157

878.8330,3.9885,241.0212,961.3188

879.8320,3.9884,241.0453,961.3789

880.8320,3.9887,240.9687,961.1525

881.8320,3.9885,240.9945,961.2090

882.8320,3.9882,241.0779,961.4670

883.8320,3.9880,241.0940,961.4856

884.8320,3.9878,241.1469,961.6408

885.8320,3.9878,241.1510,961.6712

886.8320,3.9879,241.1427,961.6433

887.8320,3.9881,241.0770,961.4385

888.8320,3.9883,241.0062,961.1985

889.8320,3.9882,241.0200,961.2303

890.8320,3.9882,241.0249,961.2544

891.8320,3.9882,241.0174,961.2227

892.8320,3.9881,241.0498,961.3267

893.8320,3.9880,241.0512,961.3052

894.8320,3.9879,241.0745,961.3862

895.8320,3.9880,241.0505,961.3086

896.8320,3.9877,241.1039,961.4541

897.8320,3.9880,241.0352,961.2434

898.8320,3.9878,241.0703,961.3483

899.8320,3.9878,241.0771,961.3558

900.8320,3.9874,241.1722,961.6499

901.8320,3.9875,241.1433,961.5527

902.8320,3.9878,241.0513,961.2640

903.8320,3.9876,241.1131,961.4620

904.8320,3.9876,241.0939,961.3892

905.8320,3.9874,241.1135,961.4266

906.8330,3.9876,241.0885,961.3570

907.8320,3.9877,241.0480,961.2350

908.8320,3.9874,241.0931,961.3387

909.8320,3.9876,241.0430,961.1891

910.8320,3.9876,241.0515,961.2237

911.8330,3.9874,241.0902,961.3247

912.8320,3.9876,241.0302,961.1417

913.8320,3.9875,241.0449,961.1599

914.8320,3.9874,241.0729,961.2609

915.8320,3.9875,241.0320,961.1126

916.8320,3.9874,241.0590,961.2053

917.8320,3.9874,241.0473,961.1436

918.8330,3.9872,241.0876,961.2706

919.8320,3.9873,241.1115,961.3758

920.8320,3.9872,241.0792,961.2275

921.8320,3.9873,241.0149,961.0020

922.8330,3.9876,240.9698,960.8885

923.8320,3.9877,240.9542,960.8524

924.8320,3.9874,240.9541,960.7788

925.8320,3.9880,240.8640,960.5543

926.8320,3.9879,240.8757,960.5900

927.8320,3.9877,240.9054,960.6533

928.8320,3.9875,240.9149,960.6552

929.8320,3.9878,240.9253,960.7521

930.8330,3.9874,240.9495,960.7594

931.8320,3.9873,241.0282,961.0538

932.8320,3.9874,240.9286,960.6702

933.8320,3.9879,240.8271,960.3951

934.8320,3.9880,240.8032,960.3120

935.8330,3.9879,240.8180,960.3567

936.8320,3.9877,240.8571,960.4697

937.8320,3.9876,240.8467,960.4045

938.8320,3.9875,240.9142,960.6349

939.8320,3.9879,240.7888,960.2317

940.8320,3.9878,240.8025,960.2740

941.8330,3.9878,240.7901,960.2327

942.8330,3.9876,240.8263,960.3238

943.8330,3.9874,240.8736,960.4573

944.8330,3.9876,240.8386,960.3601

945.8320,3.9874,240.8784,960.4792

946.8320,3.9874,240.8464,960.3619

947.8320,3.9873,240.8710,960.4287

948.8320,3.9869,240.9930,960.8046

949.8320,3.9872,240.9063,960.5347

950.8320,3.9874,240.8466,960.3436

951.8320,3.9871,240.9217,960.5669

952.8320,3.9865,241.0357,960.9007

953.8320,3.9865,241.0506,960.9551

954.8320,3.9867,240.9987,960.7912

955.8320,3.9870,240.9236,960.5575

956.8320,3.9868,240.9256,960.5322

957.8320,3.9865,240.9990,960.7520

958.8320,3.9867,240.9798,960.7127

959.8320,3.9867,240.9651,960.6638

960.8320,3.9867,240.9664,960.6695

961.8320,3.9866,240.9852,960.7162

962.8320,3.9865,241.0190,960.8154

963.8320,3.9869,240.8936,960.4136

964.8320,3.9870,240.8673,960.3375

965.8330,3.9868,240.8915,960.3944

966.8320,3.9869,240.8655,960.2960

967.8320,3.9868,240.9137,960.4714

968.8320,3.9867,240.8837,960.3328

969.8320,3.9866,240.9099,960.4192

970.8320,3.9867,240.8826,960.3220

971.8320,3.9865,240.9504,960.5408

972.8320,3.9868,240.8304,960.1387

973.8320,3.9870,240.7659,959.9298

974.8320,3.9870,240.7486,959.8545

975.8320,3.9870,240.7473,959.8515

976.8320,3.9870,240.8031,960.0830

977.8320,3.9870,240.7916,960.0429

978.8320,3.9867,240.8448,960.1761

979.8330,3.9869,240.8267,960.1433

980.8320,3.9868,240.7901,959.9891

981.8320,3.9866,240.8939,960.3459

982.8320,3.9869,240.7855,959.9775

983.8320,3.9867,240.7785,959.9170

984.8320,3.9869,240.7567,959.8740

985.8320,3.9867,240.8136,960.0563

986.8320,3.9866,240.8112,960.0201

987.8320,3.9867,240.8322,960.1149

988.8320,3.9866,240.7999,959.9847

989.8320,3.9865,240.8284,960.0512

990.8320,3.9863,240.8886,960.2432

991.8320,3.9864,240.8540,960.1423

992.8320,3.9859,240.9401,960.3748

993.8330,3.9861,240.9103,960.3037

994.8320,3.9865,240.7933,959.9108

995.8320,3.9863,240.8620,960.1431

996.8320,3.9842,241.3787,961.7084

997.8320,3.9849,241.1726,961.0497

998.8320,3.9855,241.0943,960.8785

999.8320,3.9854,241.0579,960.7166

1000.8320,3.9856,240.9863,960.4835

1001.8320,3.9855,240.9995,960.4995

1002.8320,3.9857,240.9313,960.2785

1003.8320,3.9848,241.1756,961.0382

1004.8320,3.9852,241.0770,960.7434

1005.8320,3.9852,241.0755,960.7227

1006.8320,3.9856,240.9676,960.4007

1007.8330,3.9858,240.8730,960.0750

1008.8320,3.9854,240.9787,960.4068

1009.8320,3.9854,240.9858,960.4131

1010.8320,3.9857,240.9352,960.2924

1011.8330,3.9856,240.9392,960.2887

1012.8320,3.9857,240.8951,960.1296

1013.8320,3.9856,240.8935,960.1054

1014.8320,3.9857,240.8735,960.0492

1015.8320,3.9859,240.8260,959.8969

1016.8320,3.9859,240.8017,959.8153

1017.8320,3.9859,240.8458,959.9872

1018.8320,3.9857,240.8427,959.9218

1019.8320,3.9858,240.8054,959.7999

1020.8320,3.9854,240.9112,960.1330

1021.8320,3.9854,240.9031,960.0924

1022.8320,3.9856,240.8645,959.9890

1023.8320,3.9855,240.8840,960.0358

1024.8320,3.9854,240.9031,960.0985

1025.8320,3.9855,240.8749,959.9952

1026.8320,3.9858,240.8023,959.7812

1027.8320,3.9856,240.8248,959.8307

1028.8320,3.9856,240.8131,959.7901

1029.8320,3.9855,240.8439,959.8850

1030.8320,3.9854,240.8575,959.9201

1031.8320,3.9854,240.8762,959.9830

1032.8320,3.9858,240.7431,959.5539

1033.8320,3.9859,240.7219,959.4945

1034.8320,3.9858,240.7445,959.5558

1035.8320,3.9860,240.6800,959.3432

1036.8330,3.9860,240.6611,959.2723

1037.8320,3.9857,240.7356,959.4932

1038.8320,3.9855,240.7694,959.5962

1039.8320,3.9859,240.7163,959.4637

1040.8320,3.9858,240.6827,959.3017

1041.8320,3.9856,240.7385,959.4783

1042.8320,3.9857,240.7103,959.4097

1043.8320,3.9857,240.7110,959.4014

1044.8320,3.9857,240.6921,959.3270

1045.8320,3.9855,240.7077,959.3458

1046.8320,3.9859,240.6251,959.1192

1047.8320,3.9861,240.5893,959.0071

1048.8320,3.9861,240.5678,958.9159

1049.8320,3.9859,240.6402,959.1581

1050.8320,3.9855,240.7162,959.3664

1051.8320,3.9851,240.8219,959.7060

1052.8320,3.9855,240.7217,959.3900

1053.8320,3.9852,240.7702,959.5159

1054.8320,3.9853,240.7469,959.4479

1055.8320,3.9856,240.6301,959.0631

1056.8320,3.9859,240.6012,959.0230

1057.8320,3.9858,240.5837,958.9170

1058.8330,3.9855,240.6485,959.1031

1059.8320,3.9854,240.7011,959.2862

1060.8320,3.9855,240.6557,959.1419

1061.8320,3.9856,240.6226,959.0362

1062.8320,3.9855,240.6263,959.0113

1063.8320,3.9853,240.6863,959.1968

1064.8320,3.9853,240.6851,959.1997

1065.8320,3.9853,240.6499,959.0578

1066.8320,3.9856,240.6231,959.0265

1067.8320,3.9856,240.6076,958.9543

1068.8320,3.9857,240.5473,958.7409

1069.8320,3.9856,240.5935,958.9047

1070.8320,3.9852,240.6760,959.1343

1071.8320,3.9850,240.7217,959.2676

1072.8320,3.9851,240.6934,959.1757

1073.8320,3.9855,240.5720,958.7996

1074.8320,3.9856,240.5518,958.7402

1075.8320,3.9856,240.5444,958.7033

1076.8320,3.9855,240.5596,958.7483

1077.8320,3.9854,240.5911,958.8533

1078.8330,3.9854,240.5747,958.7953

1079.8330,3.9853,240.6001,958.8624

1080.8320,3.9850,240.6756,959.0874

1081.8320,3.9851,240.6485,959.0037

1082.8320,3.9851,240.6515,959.0126

1083.8320,3.9849,240.6981,959.1616

1084.8320,3.9851,240.6466,959.0076

1085.8320,3.9851,240.6093,958.8607

1086.8320,3.9855,240.5337,958.6465

1087.8320,3.9856,240.4991,958.5254

1088.8320,3.9854,240.5385,958.6455

1089.8320,3.9855,240.5105,958.5616

1090.8320,3.9856,240.4676,958.4089

1091.8320,3.9856,240.4769,958.4457

1092.8320,3.9855,240.4918,958.4874

1093.8320,3.9855,240.4494,958.3145

1094.8320,3.9857,240.4325,958.2884

1095.8320,3.9856,240.4354,958.2872

1096.8330,3.9856,240.4404,958.2941

1097.8320,3.9854,240.4787,958.3998

1098.8320,3.9849,240.5911,958.7323

1099.8320,3.9855,240.4777,958.4260

1100.8320,3.9852,240.5210,958.5289

1101.8320,3.9846,240.6757,959.0009

1102.8320,3.9844,240.7185,959.1280

1103.8320,3.9842,240.7847,959.3287

1104.8320,3.9841,240.8140,959.4172

1105.8320,3.9840,240.8239,959.4360

1106.8320,3.9842,240.7775,959.3019

1107.8320,3.9845,240.6878,959.0159

1108.8320,3.9849,240.5697,958.6436

1109.8320,3.9847,240.6141,958.7825

1110.8330,3.9845,240.6715,958.9553

1111.8320,3.9843,240.6704,958.9074

1112.8320,3.9846,240.6209,958.7805

1113.8320,3.9844,240.6443,958.8251

1114.8320,3.9845,240.6638,958.9170

1115.8320,3.9845,240.6270,958.7890

1116.8320,3.9842,240.6944,958.9849

1117.8320,3.9841,240.7218,959.0615

1118.8320,3.9844,240.6680,958.9177

1119.8320,3.9843,240.6769,958.9224

1120.8320,3.9842,240.6788,958.9164

1121.8320,3.9844,240.6454,958.8248

1122.8320,3.9842,240.6783,958.9123

1123.8320,3.9841,240.6903,958.9333

1124.8320,3.9841,240.6746,958.8706

1125.8320,3.9841,240.6798,958.8950

1126.8320,3.9841,240.6625,958.8339

1127.8320,3.9842,240.6517,958.7924

1128.8320,3.9842,240.6016,958.6073

1129.8320,3.9843,240.6154,958.6755

1130.8320,3.9844,240.5919,958.6029

1131.8320,3.9841,240.6523,958.7741

1132.8320,3.9836,240.7859,959.1872

1133.8320,3.9837,240.7528,959.0791

1134.8320,3.9840,240.6765,958.8588

1135.8320,3.9837,240.7137,958.9262

1136.8320,3.9837,240.7486,959.0587

1137.8320,3.9833,240.8080,959.2199

1138.8320,3.9835,240.7520,959.0430

1139.8320,3.9832,240.8305,959.2848

1140.8320,3.9831,240.8780,959.4325

1141.8320,3.9830,240.8889,959.4618

1142.8320,3.9833,240.8213,959.2582

1143.8320,3.9828,240.9181,959.5345

1144.8320,3.9828,240.9328,959.5965

1145.8320,3.9828,240.9136,959.5184

1146.8320,3.9829,240.8856,959.4282

1147.8320,3.9830,240.8768,959.4149

1148.8320,3.9829,240.8779,959.4014

1149.8320,3.9832,240.7909,959.1265

1150.8320,3.9833,240.7629,959.0365

1151.8320,3.9834,240.7543,959.0231

1152.8320,3.9833,240.7622,959.0197

1153.8320,3.9831,240.8054,959.1487

1154.8320,3.9828,240.8712,959.3433

1155.8320,3.9831,240.8019,959.1385

1156.8330,3.9831,240.7805,959.0582

1157.8320,3.9830,240.8040,959.1158

1158.8320,3.9829,240.8337,959.2273

1159.8320,3.9832,240.7723,959.0377

1160.8320,3.9831,240.7781,959.0331

1161.8320,3.9829,240.8090,959.1248

1162.8320,3.9830,240.7848,959.0418

1163.8320,3.9828,240.8571,959.2774

1164.8320,3.9823,240.9705,959.6132

1165.8320,3.9828,240.8159,959.1315

1166.8320,3.9829,240.7933,959.0564

1167.8320,3.9829,240.7866,959.0346

1168.8320,3.9831,240.7353,958.8637

1169.8320,3.9832,240.7068,958.7781

1170.8320,3.9831,240.7401,958.8808

1171.8320,3.9829,240.7430,958.8665

1172.8320,3.9830,240.7339,958.8529

1173.8320,3.9831,240.7105,958.7708

1174.8320,3.9831,240.7104,958.7765

1175.8320,3.9831,240.7055,958.7629

1176.8320,3.9831,240.6822,958.6610

1177.8320,3.9834,240.5970,958.4011

1178.8320,3.9833,240.6179,958.4503

1179.8320,3.9835,240.6020,958.4276

1180.8320,3.9830,240.6775,958.6201

1181.8330,3.9834,240.6492,958.5901

1182.8320,3.9832,240.5771,958.2760

1183.8320,3.9832,240.6546,958.5656

1184.8320,3.9834,240.5771,958.3068

1185.8330,3.9835,240.5347,958.1764

1186.8320,3.9834,240.5489,958.1916

1187.8320,3.9836,240.5568,958.2798

1188.8330,3.9831,240.6059,958.3672

1189.8320,3.9831,240.5932,958.3182

1190.8320,3.9832,240.6156,958.4082

1191.8320,3.9831,240.6237,958.4230

1192.8320,3.9827,240.6841,958.5812

1193.8320,3.9828,240.7192,958.7302

1194.8330,3.9830,240.6144,958.3790

1195.8320,3.9834,240.4951,957.9959

1196.8320,3.9832,240.5721,958.2411

1197.8330,3.9826,240.7152,958.6837

1198.8320,3.9826,240.7357,958.7435

1199.8320,3.9829,240.6191,958.3615

1200.8330,3.9829,240.6157,958.3497

1201.8320,3.9830,240.5918,958.2852

1202.8320,3.9829,240.5967,958.2780

1203.8320,3.9828,240.6278,958.3771

1204.8320,3.9830,240.5808,958.2402

1205.8320,3.9828,240.6220,958.3462

1206.8320,3.9826,240.6640,958.4726

1207.8320,3.9827,240.6335,958.3796

1208.8320,3.9828,240.6057,958.2873

1209.8320,3.9823,240.7489,958.7307

1210.8320,3.9826,240.6538,958.4363

1211.8320,3.9829,240.5499,958.0980

1212.8320,3.9830,240.5538,958.1208

1213.8320,3.9827,240.5922,958.2170

1214.8320,3.9828,240.5729,958.1451

1215.8320,3.9831,240.5147,957.9922

1216.8320,3.9831,240.4809,957.8627

1217.8320,3.9831,240.4746,957.8366

1218.8320,3.9828,240.5665,958.1243

1219.8330,3.9831,240.4875,957.8777

1220.8320,3.9831,240.4869,957.8787

1221.8320,3.9827,240.5562,958.0553

1222.8320,3.9824,240.6330,958.2853

1223.8320,3.9821,240.7518,958.6956

1224.8320,3.9820,240.7289,958.5925

1225.8330,3.9823,240.6604,958.3749

1226.8320,3.9827,240.5698,958.1227

1227.8320,3.9824,240.5910,958.1367

1228.8330,3.9819,240.7379,958.5912

1229.8320,3.9822,240.6729,958.4157

1230.8320,3.9827,240.5346,957.9768

1231.8320,3.9829,240.4975,957.8683

1232.8330,3.9830,240.4536,957.7160

1233.8320,3.9829,240.4927,957.8499

1234.8320,3.9828,240.4474,957.6602

1235.8330,3.9830,240.4229,957.6076

1236.8320,3.9830,240.4312,957.6378

1237.8320,3.9827,240.4682,957.7125

1238.8320,3.9826,240.5348,957.9595

1239.8320,3.9829,240.4450,957.6618

1240.8320,3.9828,240.4770,957.7625

1241.8320,3.9827,240.4661,957.7031

1242.8320,3.9826,240.5113,957.8560

1243.8320,3.9824,240.5137,957.8327

1244.8320,3.9825,240.5041,957.8193

1245.8320,3.9825,240.5211,957.8686

1246.8320,3.9825,240.5016,957.8090

1247.8320,3.9826,240.4696,957.6902

1248.8330,3.9825,240.4969,957.7736

1249.8330,3.9826,240.4415,957.5895

1250.8320,3.9827,240.4355,957.5875

1251.8320,3.9825,240.4454,957.5849

1252.8330,3.9822,240.5812,958.0519

1253.8320,3.9819,240.5790,957.9647

1254.8320,3.9822,240.5686,957.9977

1255.8320,3.9823,240.5146,957.8006

1256.8320,3.9823,240.4907,957.6946

1257.8320,3.9824,240.4870,957.7192

1258.8320,3.9822,240.5502,957.9125

1259.8320,3.9819,240.6244,958.1328

1260.8320,3.9818,240.5850,957.9695

1261.8320,3.9820,240.5623,957.9250

1262.8320,3.9819,240.5746,957.9498

1263.8320,3.9819,240.5839,957.9794

1264.8320,3.9820,240.5585,957.9058

1265.8320,3.9821,240.5187,957.7587

1266.8320,3.9820,240.5439,957.8430

1267.8330,3.9821,240.5135,957.7601

1268.8320,3.9823,240.4656,957.5965

1269.8330,3.9821,240.4967,957.6843

1270.8320,3.9821,240.5261,957.7997

1271.8320,3.9824,240.4320,957.4889

1272.8320,3.9823,240.4353,957.4821

1273.8320,3.9818,240.5654,957.8899

1274.8320,3.9823,240.4396,957.5066

1275.8320,3.9822,240.4464,957.5110

1276.8320,3.9825,240.3929,957.3650

1277.8320,3.9823,240.4011,957.3455

1278.8320,3.9822,240.4432,957.4922

1279.8320,3.9824,240.3853,957.3101

1280.8320,3.9824,240.3621,957.2231

1281.8320,3.9824,240.3987,957.3533

1282.8320,3.9824,240.3519,957.1702

1283.8320,3.9826,240.3557,957.2310

1284.8320,3.9825,240.3115,957.0317

1285.8320,3.9824,240.3528,957.1830

1286.8320,3.9822,240.4066,957.3437

1287.8320,3.9822,240.3951,957.3020

1288.8320,3.9822,240.4003,957.3301

1289.8320,3.9824,240.3532,957.1807

1290.8320,3.9818,240.4949,957.5942

1291.8320,3.9818,240.5098,957.6576

1292.8320,3.9818,240.4771,957.5408

1293.8330,3.9819,240.4492,957.4423

1294.8320,3.9819,240.4220,957.3353

1295.8320,3.9822,240.3437,957.0980

1296.8320,3.9822,240.3756,957.2158

1297.8320,3.9818,240.4355,957.3616

1298.8320,3.9817,240.4817,957.5215

1299.8320,3.9820,240.4010,957.2676

1300.8320,3.9819,240.3844,957.1776

1301.8320,3.9820,240.4026,957.2875

1302.8320,3.9817,240.4196,957.2791

1303.8320,3.9817,240.4518,957.4175

1304.8320,3.9817,240.4132,957.2555

1305.8320,3.9820,240.3688,957.1396

1306.8320,3.9818,240.3777,957.1417

1307.8320,3.9818,240.4080,957.2607

1308.8320,3.9816,240.4371,957.3351

1309.8320,3.9818,240.4239,957.3106

1310.8320,3.9818,240.3882,957.1729

1311.8320,3.9816,240.4345,957.3194

1312.8320,3.9814,240.4956,957.5069

1313.8320,3.9816,240.4447,957.3497

1314.8320,3.9815,240.4340,957.3000

1315.8320,3.9818,240.4048,957.2347

1316.8320,3.9818,240.3953,957.2086

1317.8320,3.9816,240.4305,957.2929

1318.8320,3.9815,240.4533,957.3564

1319.8320,3.9813,240.4978,957.4845

1320.8320,3.9813,240.5431,957.6736

1321.8320,3.9811,240.5272,957.5722

1322.8330,3.9813,240.4890,957.4496

1323.8320,3.9816,240.4222,957.2596

1324.8320,3.9818,240.3666,957.0826

1325.8320,3.9818,240.3364,956.9756

1326.8320,3.9815,240.3739,957.0605

1327.8320,3.9815,240.4064,957.1705

1328.8320,3.9815,240.4024,957.1528

1329.8320,3.9812,240.4558,957.3036

1330.8320,3.9808,240.5602,957.6236

1331.8320,3.9810,240.5149,957.4983

1332.8320,3.9812,240.4590,957.3132

1333.8320,3.9814,240.3985,957.1132

1334.8320,3.9811,240.4772,957.3629

1335.8320,3.9810,240.4901,957.3839

1336.8320,3.9811,240.4548,957.2786

1337.8320,3.9810,240.4738,957.3219

1338.8320,3.9799,240.7231,958.0652

1339.8320,3.9806,240.6031,957.7342

1340.8320,3.9808,240.5146,957.4288

1341.8320,3.9810,240.4601,957.2799

1342.8320,3.9808,240.5052,957.4062

1343.8320,3.9810,240.4499,957.2359

1344.8320,3.9810,240.4502,957.2316

1345.8320,3.9808,240.4839,957.3233

1346.8320,3.9808,240.4945,957.3672

1347.8320,3.9809,240.4479,957.2052

1348.8320,3.9807,240.4887,957.3214

1349.8320,3.9806,240.5352,957.4649

1350.8320,3.9809,240.4594,957.2347

1351.8320,3.9808,240.4575,957.2127

1352.8320,3.9807,240.4814,957.2948

1353.8320,3.9804,240.5490,957.4891

1354.8320,3.9803,240.5786,957.5862

1355.8320,3.9802,240.6011,957.6465

1356.8320,3.9804,240.5609,957.5317

1357.8320,3.9807,240.4738,957.2560

1358.8320,3.9803,240.5748,957.5714

1359.8320,3.9803,240.5825,957.5819

1360.8320,3.9804,240.5587,957.5125

1361.8320,3.9800,240.6366,957.7294

1362.8330,3.9799,240.6854,957.8967

1363.8320,3.9800,240.6517,957.8048

1364.8320,3.9800,240.6296,957.7056

1365.8320,3.9799,240.6783,957.8722

1366.8320,3.9798,240.6773,957.8521

1367.8320,3.9801,240.6315,957.7296

1368.8320,3.9801,240.5843,957.5590

1369.8320,3.9802,240.6204,957.7248

1370.8320,3.9801,240.5613,957.4468

1371.8320,3.9802,240.5778,957.5444

1372.8320,3.9801,240.5726,957.5067

1373.8320,3.9803,240.5358,957.4028

1374.8320,3.9804,240.4982,957.2841

1375.8320,3.9804,240.4747,957.1855

1376.8320,3.9803,240.4876,957.2155

1377.8320,3.9801,240.5279,957.3148

1378.8320,3.9799,240.6122,957.6171

1379.8320,3.9801,240.5735,957.4962

1380.8320,3.9800,240.5416,957.3673

1381.8320,3.9801,240.5314,957.3292

1382.8320,3.9802,240.5022,957.2486

1383.8330,3.9802,240.5060,957.2609

1384.8320,3.9799,240.5420,957.3396

1385.8320,3.9800,240.5595,957.4155

1386.8320,3.9800,240.5347,957.3304

1387.8320,3.9800,240.5485,957.3917

1388.8320,3.9799,240.5319,957.2923

1389.8330,3.9798,240.5889,957.4973

1390.8320,3.9798,240.5699,957.4130

1391.8320,3.9796,240.6468,957.6706

1392.8320,3.9796,240.6416,957.6475

1393.8320,3.9795,240.6456,957.6480

1394.8320,3.9795,240.6414,957.6367

1395.8320,3.9795,240.6468,957.6480

1396.8330,3.9794,240.6798,957.7693

1397.8330,3.9792,240.6932,957.7671

1398.8320,3.9792,240.7209,957.8720

1399.8320,3.9792,240.7059,957.8133

1400.8320,3.9795,240.6241,957.5565

1401.8320,3.9799,240.5236,957.2576

1402.8320,3.9791,240.7296,957.8775

1403.8320,3.9794,240.6286,957.5560

1404.8320,3.9794,240.6403,957.6025

1405.8320,3.9796,240.5690,957.3668

1406.8320,3.9798,240.5337,957.2712

1407.8330,3.9801,240.4347,956.9594

1408.8320,3.9801,240.4308,956.9449

1409.8320,3.9798,240.4948,957.1295

1410.8320,3.9795,240.5540,957.2956

1411.8320,3.9795,240.5815,957.4006

1412.8320,3.9796,240.5607,957.3433

1413.8320,3.9795,240.5516,957.2791

1414.8320,3.9793,240.6065,957.4499

1415.8320,3.9792,240.6376,957.5457

1416.8320,3.9792,240.6433,957.5696

1417.8320,3.9794,240.5901,957.4047

1418.8320,3.9793,240.5838,957.3533

1419.8330,3.9795,240.5633,957.3123

1420.8320,3.9793,240.5790,957.3405

1421.8320,3.9797,240.4923,957.0899

1422.8320,3.9797,240.4781,957.0343

1423.8320,3.9795,240.5250,957.1629

1424.8320,3.9796,240.4872,957.0421

1425.8320,3.9796,240.4802,957.0259

1426.8320,3.9795,240.5201,957.1446

1427.8320,3.9793,240.5467,957.2126

1428.8320,3.9794,240.5151,957.1084

1429.8320,3.9797,240.5045,957.1382

1430.8320,3.9795,240.4738,956.9729

1431.8320,3.9796,240.4817,957.0172

1432.8320,3.9787,240.6915,957.6354

1433.8320,3.9787,240.6880,957.6276

1434.8330,3.9790,240.6065,957.3843

1435.8320,3.9794,240.5059,957.0656

1436.8320,3.9791,240.5737,957.2571

1437.8320,3.9785,240.7469,957.8018

1438.8320,3.9787,240.6771,957.5758

1439.8320,3.9789,240.6271,957.4250

1440.8320,3.9787,240.6630,957.5366

1441.8320,3.9787,240.6771,957.5896

1442.8320,3.9786,240.6836,957.5745

1443.8320,3.9791,240.5815,957.2936

1444.8320,3.9788,240.5985,957.2920

1445.8320,3.9789,240.5942,957.2945

1446.8320,3.9789,240.6008,957.3354

1447.8320,3.9786,240.6322,957.3878

1448.8320,3.9787,240.6203,957.3638

1449.8320,3.9790,240.5605,957.1814

1450.8320,3.9791,240.5060,957.0029

1451.8320,3.9792,240.5079,957.0288

1452.8320,3.9790,240.5188,957.0292

1453.8320,3.9791,240.5080,956.9939

1454.8320,3.9793,240.4812,956.9418

1455.8320,3.9792,240.4568,956.8260

1456.8320,3.9788,240.5884,957.2460

1457.8320,3.9787,240.6015,957.2691

1458.8320,3.9786,240.6165,957.3256

1459.8320,3.9786,240.6091,957.2914

1460.8320,3.9787,240.5754,957.1854

1461.8320,3.9787,240.5768,957.1761

1462.8320,3.9784,240.6586,957.4295

1463.8320,3.9784,240.6465,957.3825

1464.8320,3.9785,240.6213,957.3106

1465.8320,3.9784,240.6274,957.3234

1466.8320,3.9785,240.6227,957.3071

1467.8320,3.9783,240.6660,957.4379

1468.8320,3.9784,240.6224,957.2909

1469.8320,3.9785,240.5947,957.2050

1470.8320,3.9786,240.5726,957.1391

1471.8320,3.9786,240.5820,957.1709

1472.8320,3.9786,240.5543,957.0673

1473.8330,3.9786,240.5872,957.1949

1474.8320,3.9787,240.5233,956.9725

1475.8320,3.9786,240.5460,957.0396

1476.8320,3.9787,240.5160,956.9342

1477.8320,3.9787,240.5250,956.9674

1478.8320,3.9778,240.7443,957.6323

1479.8320,3.9781,240.6646,957.3883

1480.8320,3.9783,240.6080,957.2161

1481.8320,3.9782,240.6376,957.2983

1482.8330,3.9784,240.5970,957.1805

1483.8320,3.9784,240.5585,957.0472

1484.8320,3.9787,240.5067,956.8991

1485.8320,3.9788,240.4945,956.8771

1486.8320,3.9785,240.5356,956.9665

1487.8320,3.9784,240.5652,957.0628

1488.8320,3.9787,240.4592,956.7179

1489.8320,3.9786,240.4952,956.8365

1490.8320,3.9787,240.4600,956.7086

1491.8320,3.9786,240.4936,956.8198

1492.8320,3.9784,240.5323,956.9225

1493.8320,3.9783,240.5570,957.0029

1494.8320,3.9782,240.5618,957.0142

1495.8320,3.9785,240.4939,956.8056

1496.8320,3.9785,240.4950,956.7986

1497.8320,3.9784,240.5144,956.8746

1498.8320,3.9783,240.5752,957.0715

1499.8330,3.9782,240.5662,957.0098

1500.8320,3.9784,240.4778,956.7261

1501.8320,3.9786,240.4601,956.6940

1502.8320,3.9785,240.4868,956.7735

1503.8320,3.9783,240.5030,956.7841

1504.8320,3.9785,240.4584,956.6589

1505.8320,3.9783,240.5264,956.8828

1506.8320,3.9780,240.5753,957.0141

1507.8320,3.9779,240.5939,957.0561

1508.8320,3.9780,240.5723,957.0005

1509.8320,3.9778,240.6100,957.1093

1510.8320,3.9778,240.6168,957.1248

1511.8320,3.9775,240.6883,957.3386

1512.8320,3.9772,240.7818,957.6349

1513.8320,3.9777,240.6447,957.2241

1514.8320,3.9777,240.6109,957.0820

1515.8320,3.9776,240.6646,957.2555

1516.8320,3.9777,240.6350,957.1847

1517.8320,3.9776,240.6381,957.1657

1518.8320,3.9777,240.6323,957.1582

1519.8320,3.9779,240.5733,956.9846

1520.8320,3.9778,240.5832,956.9888

1521.8330,3.9778,240.5967,957.0469

1522.8320,3.9778,240.5821,956.9761

1523.8320,3.9779,240.5753,956.9768

1524.8320,3.9779,240.5609,956.9177

1525.8320,3.9778,240.5748,956.9551

1526.8320,3.9778,240.5763,956.9598

1527.8320,3.9777,240.5709,956.9206

1528.8320,3.9777,240.5779,956.9456

1529.8320,3.9779,240.5681,956.9453

1530.8320,3.9778,240.5511,956.8542

1531.8320,3.9778,240.5807,956.9833

1532.8320,3.9779,240.5150,956.7466

1533.8320,3.9778,240.5490,956.8442

1534.8320,3.9776,240.5836,956.9535

1535.8320,3.9777,240.5878,956.9810

1536.8320,3.9770,240.7579,957.4976

1537.8320,3.9769,240.7504,957.4453

1538.8320,3.9773,240.6553,957.1604

1539.8320,3.9776,240.5961,956.9916

1540.8320,3.9777,240.5269,956.7380

1541.8320,3.9779,240.4887,956.6478

1542.8320,3.9780,240.4632,956.5553

1543.8330,3.9779,240.4868,956.6266

1544.8320,3.9777,240.4923,956.6129

1545.8320,3.9775,240.5796,956.8999

1546.8320,3.9772,240.6243,957.0174

1547.8320,3.9774,240.5855,956.9166

1548.8330,3.9775,240.5667,956.8537

1549.8320,3.9775,240.5439,956.7645

1550.8320,3.9775,240.5433,956.7712

1551.8320,3.9776,240.5220,956.7052

1552.8320,3.9776,240.5397,956.7622

1553.8320,3.9774,240.5551,956.7896

1554.8320,3.9774,240.5452,956.7538

1555.8320,3.9776,240.5225,956.7047

1556.8320,3.9777,240.4855,956.5792

1557.8320,3.9775,240.5075,956.6156

1558.8320,3.9775,240.5085,956.6230

1559.8320,3.9775,240.5382,956.7342

1560.8330,3.9770,240.7116,957.2982

1561.8320,3.9767,240.7071,957.2264

1562.8320,3.9770,240.6143,956.9329

1563.8320,3.9774,240.5290,956.6887

1564.8320,3.9774,240.5856,956.8978

1565.8320,3.9772,240.5624,956.7719

1566.8320,3.9772,240.5469,956.6994

1567.8320,3.9774,240.5732,956.8534

1568.8320,3.9774,240.4780,956.4880

1569.8320,3.9778,240.4110,956.3033

1570.8320,3.9778,240.3925,956.2255

1571.8320,3.9777,240.4572,956.4551

1572.8320,3.9775,240.4486,956.3880

1573.8320,3.9776,240.4753,956.5031

1574.8320,3.9776,240.4629,956.4561

1575.8320,3.9776,240.4462,956.3977

1576.8320,3.9777,240.4174,956.2986

1577.8320,3.9776,240.4383,956.3588

1578.8330,3.9774,240.4827,956.5069

1579.8320,3.9772,240.5226,956.6067

1580.8320,3.9775,240.4696,956.4622

1581.8320,3.9774,240.4586,956.4048

1582.8320,3.9775,240.4570,956.4158

1583.8320,3.9774,240.4635,956.4252

1584.8320,3.9774,240.4505,956.3595

1585.8320,3.9765,240.6942,957.1114

1586.8320,3.9761,240.7925,957.4057

1587.8320,3.9753,241.0200,958.1249

1588.8320,3.9758,240.8813,957.7016

1589.8320,3.9769,240.5713,956.7252

1590.8320,3.9774,240.4549,956.3804

1591.8320,3.9774,240.4186,956.2518

1592.8320,3.9774,240.4243,956.2737

1593.8320,3.9775,240.3948,956.1733

1594.8320,3.9776,240.3752,956.1078

1595.8320,3.9774,240.4185,956.2414

1596.8320,3.9775,240.3940,956.1603

1597.8320,3.9773,240.4251,956.2489

1598.8320,3.9773,240.4501,956.3472

1599.8320,3.9771,240.4791,956.4073

1600.8320,3.9773,240.4656,956.3928

1601.8320,3.9772,240.4685,956.3983

1602.8320,3.9769,240.5170,956.5228

1603.8320,3.9769,240.5401,956.6047

1604.8320,3.9769,240.5275,956.5477

1605.8330,3.9771,240.4793,956.4123

1606.8320,3.9770,240.4843,956.3991

1607.8320,3.9770,240.4896,956.4365

1608.8320,3.9771,240.4708,956.3657

1609.8320,3.9771,240.4538,956.3177

1610.8320,3.9769,240.4735,956.3370

1611.8320,3.9770,240.4685,956.3531

1612.8320,3.9766,240.5559,956.6054

1613.8330,3.9770,240.4661,956.3441

1614.8320,3.9767,240.5378,956.5354

1615.8320,3.9771,240.4319,956.2287

1616.8320,3.9766,240.5693,956.6527

1617.8320,3.9768,240.5562,956.6327

1618.8320,3.9766,240.5365,956.5100

1619.8330,3.9767,240.5428,956.5548

1620.8320,3.9763,240.6258,956.8008

1621.8320,3.9763,240.6514,956.9062

1622.8320,3.9759,240.7338,957.1291

1623.8320,3.9759,240.7062,957.0328

1624.8330,3.9761,240.6431,956.8213

1625.8320,3.9764,240.6336,956.8494

1626.8320,3.9764,240.6342,956.8684

1627.8320,3.9762,240.6504,956.8842

1628.8320,3.9763,240.6338,956.8258

1629.8320,3.9764,240.5892,956.6780

1630.8320,3.9765,240.5919,956.7073

1631.8330,3.9763,240.6019,956.7058

1632.8320,3.9764,240.5672,956.5945

1633.8320,3.9766,240.5584,956.5930

1634.8320,3.9761,240.6188,956.7343

1635.8320,3.9761,240.6401,956.8044

1636.8320,3.9762,240.6195,956.7449

1637.8330,3.9762,240.6236,956.7579

1638.8320,3.9761,240.6202,956.7398

1639.8320,3.9764,240.5407,956.4956

1640.8320,3.9763,240.5498,956.5034

1641.8320,3.9765,240.5304,956.4618

1642.8320,3.9758,240.7029,956.9886

1643.8320,3.9759,240.6664,956.8588

1644.8320,3.9762,240.5870,956.6208

1645.8320,3.9764,240.5212,956.4130

1646.8320,3.9765,240.4862,956.3046

1647.8320,3.9766,240.4736,956.2576

1648.8320,3.9765,240.4664,956.2193

1649.8320,3.9766,240.4736,956.2669

1650.8330,3.9766,240.4350,956.1174

1651.8330,3.9764,240.4985,956.3100

1652.8320,3.9766,240.4365,956.1239

1653.8320,3.9768,240.3954,955.9943

1654.8320,3.9763,240.4969,956.2902

1655.8320,3.9763,240.5158,956.3519

1656.8320,3.9765,240.4624,956.2010

1657.8320,3.9766,240.4151,956.0440

1658.8320,3.9766,240.4254,956.0818

1659.8320,3.9768,240.3897,955.9706

1660.8320,3.9766,240.4254,956.0683

1661.8320,3.9763,240.4956,956.2823

1662.8320,3.9763,240.4910,956.2614

1663.8320,3.9764,240.4593,956.1584

1664.8330,3.9762,240.5015,956.2846

1665.8320,3.9761,240.5195,956.3335

1666.8320,3.9761,240.5282,956.3722

1667.8320,3.9761,240.5181,956.3306

1668.8320,3.9763,240.4673,956.1670

1669.8320,3.9764,240.4447,956.1038

1670.8320,3.9762,240.4724,956.1699

1671.8320,3.9763,240.4722,956.1926

1672.8320,3.9758,240.5723,956.4608

1673.8320,3.9761,240.4804,956.1724

1674.8330,3.9763,240.4633,956.1568

1675.8320,3.9762,240.4518,956.0764

1676.8320,3.9764,240.4563,956.1451

1677.8320,3.9760,240.5100,956.2656

1678.8320,3.9764,240.4248,956.0316

1679.8330,3.9763,240.4308,956.0308

1680.8320,3.9763,240.4066,955.9273

1681.8320,3.9763,240.4484,956.0969

1682.8320,3.9761,240.4529,956.0723

1683.8320,3.9758,240.5615,956.4195

1684.8320,3.9749,240.7468,956.9528

1685.8320,3.9749,240.8015,957.1588

1686.8320,3.9751,240.7369,956.9419

1687.8320,3.9753,240.6964,956.8339

1688.8320,3.9753,240.6517,956.6721

1689.8320,3.9755,240.6227,956.5956

1690.8320,3.9755,240.6269,956.6163

1691.8320,3.9755,240.6079,956.5400

1692.8320,3.9756,240.5668,956.3982

1693.8320,3.9757,240.5453,956.3472

1694.8320,3.9757,240.5374,956.3156

1695.8320,3.9759,240.5005,956.1941

1696.8320,3.9762,240.4359,956.0191

1697.8320,3.9760,240.4520,956.0390

1698.8320,3.9759,240.4859,956.1469

1699.8320,3.9759,240.4691,956.0904

1700.8320,3.9758,240.4975,956.1810

1701.8320,3.9760,240.4524,956.0370

1702.8330,3.9760,240.4733,956.1134

1703.8320,3.9755,240.5460,956.3005

1704.8320,3.9755,240.5870,956.4450

1705.8330,3.9757,240.5265,956.2612

1706.8320,3.9759,240.4730,956.1001

1707.8320,3.9755,240.5838,956.4296

1708.8320,3.9754,240.5848,956.4172

1709.8320,3.9755,240.5694,956.3825

1710.8320,3.9754,240.5747,956.3889

1711.8330,3.9755,240.5612,956.3528

1712.8320,3.9755,240.5644,956.3675

1713.8320,3.9755,240.5653,956.3729

1714.8330,3.9753,240.6026,956.4713

1715.8320,3.9752,240.6193,956.5191

1716.8320,3.9754,240.5833,956.4105

1717.8320,3.9752,240.6357,956.5692

1718.8320,3.9752,240.6097,956.4828

1719.8320,3.9754,240.5988,956.4833

1720.8330,3.9753,240.5798,956.3857

1721.8320,3.9753,240.6145,956.5077

1722.8320,3.9753,240.5898,956.4073

1723.8320,3.9754,240.5775,956.3887

1724.8320,3.9754,240.5513,956.2808

1725.8320,3.9754,240.5714,956.3600

1726.8320,3.9752,240.5931,956.4075

1727.8320,3.9752,240.5936,956.3978

1728.8320,3.9755,240.5091,956.1375

1729.8320,3.9748,240.6666,956.6108

1730.8320,3.9750,240.6568,956.6036

1731.8320,3.9752,240.5651,956.2998

1732.8320,3.9754,240.5338,956.2243

1733.8320,3.9756,240.4635,955.9906

1734.8320,3.9757,240.4193,955.8375

1735.8320,3.9757,240.4009,955.7737

1736.8320,3.9759,240.4322,955.9269

1737.8320,3.9759,240.3937,955.7852

1738.8330,3.9760,240.3484,955.6152

1739.8320,3.9759,240.3666,955.6712

1740.8320,3.9759,240.3626,955.6517

1741.8320,3.9755,240.4563,955.9277

1742.8320,3.9752,240.5301,956.1646

1743.8320,3.9749,240.6494,956.5503

1744.8320,3.9749,240.6301,956.4792

1745.8320,3.9750,240.6055,956.4008

1746.8320,3.9749,240.6215,956.4578

1747.8320,3.9749,240.6027,956.3687

1748.8320,3.9751,240.5705,956.2885

1749.8320,3.9751,240.5541,956.2254

1750.8320,3.9753,240.5171,956.1183

1751.8320,3.9751,240.5605,956.2580

1752.8320,3.9751,240.5473,956.1966

1753.8320,3.9754,240.5062,956.0967

1754.8320,3.9752,240.4893,956.0045

1755.8320,3.9756,240.4479,955.9308

1756.8320,3.9751,240.5278,956.1263

1757.8320,3.9740,240.8198,957.0126

1758.8320,3.9741,240.7996,956.9692

1759.8320,3.9750,240.5812,956.3032

1760.8320,3.9752,240.5115,956.0792

1761.8320,3.9752,240.4841,955.9746

1762.8320,3.9754,240.4327,955.8263

1763.8320,3.9754,240.3982,955.6855

1764.8320,3.9749,240.5357,956.1119

1765.8330,3.9747,240.6097,956.3423

1766.8320,3.9749,240.5605,956.2041

1767.8320,3.9749,240.5609,956.2168

1768.8320,3.9738,240.8289,956.9948

1769.8320,3.9739,240.8123,956.9568

1770.8320,3.9741,240.7148,956.6296

1771.8320,3.9745,240.6413,956.4398

1772.8320,3.9748,240.5863,956.2802

1773.8320,3.9751,240.5275,956.1172

1774.8320,3.9750,240.5184,956.0725

1775.8320,3.9752,240.4770,955.9450

1776.8320,3.9752,240.4585,955.8790

1777.8320,3.9754,240.4612,955.9305

1778.8320,3.9754,240.4395,955.8318

1779.8320,3.9754,240.4274,955.7913

1780.8320,3.9755,240.3784,955.6268

1781.8330,3.9751,240.4485,955.8152

1782.8320,3.9751,240.5202,956.0915

1783.8320,3.9752,240.4645,955.8853

1784.8320,3.9750,240.4911,955.9619

1785.8320,3.9751,240.4754,955.9071

1786.8320,3.9753,240.4175,955.7236

1787.8320,3.9753,240.4034,955.6859

1788.8320,3.9751,240.4255,955.7229

1789.8320,3.9751,240.4214,955.6887

1790.8320,3.9750,240.4449,955.7790

1791.8320,3.9748,240.5293,956.0596

1792.8320,3.9748,240.5130,955.9921

1793.8320,3.9747,240.5004,955.9185

1794.8320,3.9747,240.5145,955.9744

1795.8320,3.9750,240.4580,955.8195

1796.8320,3.9751,240.4263,955.7164

1797.8320,3.9753,240.3674,955.5244

1798.8320,3.9752,240.3758,955.5443

1799.8320,3.9743,240.5878,956.1716

1800.8320,3.9746,240.5437,956.0627

1801.8320,3.9749,240.4649,955.8175

1802.8320,3.9749,240.4576,955.7928

1803.8320,3.9749,240.4420,955.7246

1804.8320,3.9751,240.4060,955.6397

1805.8320,3.9752,240.3566,955.4685

1806.8320,3.9751,240.3889,955.5785

1807.8320,3.9752,240.3578,955.4611

1808.8320,3.9751,240.3869,955.5540

1809.8320,3.9750,240.4010,955.5893

1810.8320,3.9747,240.4188,955.6035

1811.8320,3.9750,240.4430,955.7608

1812.8330,3.9751,240.4286,955.7356

1813.8320,3.9753,240.3357,955.4094

1814.8320,3.9754,240.3449,955.4652

1815.8320,3.9752,240.3437,955.4104

1816.8320,3.9753,240.3429,955.4423

1817.8320,3.9750,240.3707,955.4696

1818.8320,3.9752,240.3431,955.4044

1819.8320,3.9751,240.3739,955.5062

1820.8320,3.9751,240.3859,955.5532

1821.8330,3.9750,240.3400,955.3625

1822.8320,3.9750,240.3732,955.4775

1823.8320,3.9748,240.4059,955.5687

1824.8320,3.9749,240.4111,955.6018

1825.8320,3.9747,240.4606,955.7504

1826.8320,3.9746,240.4685,955.7745

1827.8320,3.9746,240.4461,955.6737

1828.8320,3.9746,240.4447,955.6809

1829.8320,3.9746,240.4602,955.7332

1830.8320,3.9746,240.4538,955.7167

1831.8320,3.9746,240.4316,955.6293

1832.8320,3.9747,240.4197,955.5930

1833.8320,3.9743,240.5248,955.9098

1834.8320,3.9739,240.5967,956.1046

1835.8320,3.9745,240.4794,955.7802

1836.8320,3.9745,240.4577,955.6956

1837.8320,3.9744,240.4670,955.7145

1838.8320,3.9745,240.4528,955.6853

1839.8320,3.9747,240.3829,955.4544

1840.8320,3.9750,240.3096,955.2194

1841.8330,3.9749,240.3420,955.3351

1842.8320,3.9746,240.4098,955.5275

1843.8320,3.9743,240.4827,955.7515

1844.8320,3.9746,240.4248,955.5857

1845.8320,3.9746,240.4209,955.5719

1846.8320,3.9747,240.3921,955.4802

1847.8320,3.9747,240.3829,955.4507

1848.8320,3.9745,240.4287,955.5951

1849.8330,3.9745,240.4235,955.5654

1850.8320,3.9746,240.3923,955.4673

1851.8320,3.9744,240.4347,955.5905

1852.8320,3.9746,240.4017,955.4996

1853.8320,3.9746,240.3701,955.3835

1854.8330,3.9748,240.3818,955.4577

1855.8320,3.9746,240.3900,955.4641

1856.8320,3.9746,240.3759,955.3871

1857.8320,3.9748,240.3631,955.3892

1858.8320,3.9748,240.3014,955.1566

1859.8320,3.9748,240.3518,955.3502

1860.8320,3.9748,240.3529,955.3467

1861.8320,3.9746,240.4011,955.4943

1862.8330,3.9747,240.3673,955.3912

1863.8320,3.9750,240.3186,955.2608

1864.8320,3.9748,240.2996,955.1438

1865.8320,3.9747,240.3263,955.2308

1866.8330,3.9746,240.3369,955.2519

1867.8320,3.9748,240.3378,955.2830

1868.8320,3.9745,240.3716,955.3653

1869.8320,3.9747,240.3602,955.3549

1870.8320,3.9742,240.4461,955.5859

1871.8320,3.9741,240.4878,955.7185

1872.8320,3.9743,240.4626,955.6607

1873.8320,3.9735,240.6163,956.0948

1874.8320,3.9732,240.7288,956.4570

1875.8320,3.9733,240.6809,956.3046

1876.8320,3.9734,240.6614,956.2328

1877.8320,3.9736,240.6129,956.0929

1878.8330,3.9737,240.5647,955.9254

1879.8320,3.9737,240.5383,955.8345

1880.8320,3.9739,240.5203,955.7997

1881.8320,3.9739,240.5268,955.8244

1882.8320,3.9738,240.5271,955.8082

1883.8320,3.9738,240.5309,955.8268

1884.8330,3.9742,240.4245,955.5040

1885.8320,3.9743,240.3794,955.3488

1886.8320,3.9740,240.4801,955.6795

1887.8320,3.9739,240.4800,955.6448

1888.8320,3.9741,240.4425,955.5420

1889.8320,3.9742,240.4120,955.4530

1890.8320,3.9743,240.3867,955.3635

1891.8330,3.9745,240.3296,955.1836

1892.8320,3.9742,240.4072,955.4316

1893.8320,3.9742,240.4165,955.4598

1894.8320,3.9742,240.4227,955.4786

1895.8320,3.9742,240.4109,955.4337

1896.8320,3.9741,240.4252,955.4748

1897.8320,3.9741,240.4176,955.4482

1898.8320,3.9741,240.4304,955.4897

1899.8320,3.9740,240.4247,955.4547

1900.8320,3.9741,240.4216,955.4699

1901.8320,3.9740,240.4696,955.6228

1902.8320,3.9739,240.4250,955.4319

1903.8320,3.9741,240.4298,955.5025

1904.8320,3.9742,240.4129,955.4506

1905.8320,3.9742,240.3560,955.2329

1906.8320,3.9743,240.3724,955.3036

1907.8320,3.9741,240.3886,955.3371

1908.8320,3.9740,240.4214,955.4280

1909.8320,3.9740,240.4134,955.3971

1910.8320,3.9728,240.7347,956.3890

1911.8320,3.9729,240.6880,956.2403

1912.8320,3.9734,240.5864,955.9351

1913.8320,3.9734,240.5822,955.9246

1914.8320,3.9738,240.4858,955.6397

1915.8320,3.9744,240.3142,955.0954

1916.8320,3.9745,240.2547,954.9023

1917.8320,3.9746,240.2460,954.8812

1918.8320,3.9746,240.2454,954.8790

1919.8320,3.9745,240.2718,954.9555

1920.8320,3.9742,240.3155,955.0586

1921.8320,3.9744,240.2875,955.0008

1922.8320,3.9742,240.3242,955.0914

1923.8320,3.9742,240.3321,955.1272

1924.8320,3.9743,240.2891,954.9698

1925.8320,3.9746,240.2334,954.8314

1926.8320,3.9744,240.2620,954.8870

1927.8320,3.9740,240.3361,955.0990

1928.8330,3.9744,240.2841,954.9890

1929.8320,3.9743,240.2861,954.9643

1930.8320,3.9742,240.2828,954.9402

1931.8320,3.9742,240.3259,955.1093

1932.8320,3.9740,240.3704,955.2289

1933.8320,3.9740,240.3617,955.1906

1934.8320,3.9738,240.3559,955.1327

1935.8320,3.9739,240.3732,955.2290

1936.8320,3.9738,240.4044,955.3196

1937.8320,3.9738,240.3627,955.1521

1938.8320,3.9742,240.2929,954.9826

1939.8320,3.9741,240.2903,954.9335

1940.8320,3.9744,240.2497,954.8453

1941.8320,3.9745,240.1844,954.6059

1942.8320,3.9743,240.2052,954.6487

1943.8330,3.9739,240.3996,955.3355

1944.8320,3.9740,240.3655,955.2188

1945.8320,3.9743,240.2801,954.9366

1946.8320,3.9742,240.3056,955.0171

1947.8320,3.9743,240.2708,954.9073

1948.8320,3.9743,240.2531,954.8331

1949.8320,3.9744,240.2407,954.8022

1950.8320,3.9744,240.2181,954.7302

1951.8320,3.9744,240.2180,954.7144

1952.8320,3.9742,240.2699,954.8852

1953.8320,3.9741,240.2868,954.9120

1954.8320,3.9743,240.2236,954.7159

1955.8320,3.9734,240.4264,955.3180

1956.8330,3.9728,240.6021,955.8682

1957.8320,3.9733,240.4904,955.5370

1958.8320,3.9734,240.4663,955.4615

1959.8320,3.9736,240.4145,955.3083

1960.8320,3.9737,240.4051,955.3070

1961.8320,3.9740,240.2807,954.8774

1962.8320,3.9742,240.2385,954.7566

1963.8320,3.9743,240.2089,954.6694

1964.8320,3.9743,240.2032,954.6509

1965.8320,3.9744,240.1797,954.5707

1966.8320,3.9744,240.1863,954.5981

1967.8320,3.9741,240.2419,954.7480

1968.8320,3.9742,240.2105,954.6523

1969.8320,3.9742,240.2392,954.7661

1970.8320,3.9743,240.1853,954.5633

1971.8320,3.9742,240.1944,954.5915

1972.8320,3.9739,240.2686,954.8131

1973.8320,3.9742,240.2332,954.7299

1974.8320,3.9742,240.2236,954.6977

1975.8320,3.9741,240.2322,954.7049

1976.8320,3.9742,240.2498,954.7980

1977.8320,3.9741,240.2245,954.6751

1978.8320,3.9738,240.3111,954.9443

1979.8320,3.9739,240.2934,954.9008

1980.8320,3.9741,240.2327,954.7117

1981.8320,3.9741,240.2582,954.8013

1982.8320,3.9740,240.2320,954.6886

1983.8320,3.9740,240.2365,954.7033

1984.8320,3.9741,240.2283,954.6879

1985.8320,3.9740,240.2761,954.8604

1986.8320,3.9739,240.2588,954.7706

1987.8320,3.9741,240.1780,954.5012

1988.8320,3.9745,240.1325,954.3962

1989.8320,3.9744,240.1346,954.3892

1990.8320,3.9743,240.1287,954.3546

1991.8320,3.9743,240.1456,954.4095

1992.8320,3.9744,240.1180,954.3346

1993.8320,3.9745,240.0744,954.1763

1994.8320,3.9745,240.1063,954.3107

1995.8320,3.9744,240.1037,954.2716

1996.8320,3.9743,240.1427,954.4083

1997.8320,3.9731,240.4647,955.3796

1998.8320,3.9729,240.5082,955.5081

1999.8320,3.9731,240.4472,955.3200

2000.8320,3.9731,240.4246,955.2388

2001.8320,3.9732,240.4337,955.2910

2002.8320,3.9733,240.3796,955.1055

2003.8320,3.9735,240.3393,954.9963

2004.8320,3.9732,240.3920,955.1282

2005.8320,3.9734,240.3641,955.0567

2006.8320,3.9734,240.3391,954.9650

2007.8320,3.9732,240.3889,955.1222

2008.8320,3.9734,240.3685,955.0763

2009.8320,3.9735,240.3143,954.8879

2010.8320,3.9734,240.3602,955.0362

2011.8320,3.9731,240.4047,955.1557

2012.8320,3.9732,240.4036,955.1754

2013.8320,3.9732,240.3648,955.0225

2014.8320,3.9731,240.4181,955.1989

2015.8320,3.9730,240.4296,955.2265

2016.8320,3.9730,240.4288,955.2231

2017.8330,3.9732,240.3961,955.1404

2018.8320,3.9731,240.3654,955.0037

2019.8330,3.9735,240.3148,954.8806

2020.8320,3.9733,240.3117,954.8329

2021.8320,3.9733,240.3387,954.9451

2022.8330,3.9737,240.2509,954.6871

2023.8320,3.9738,240.1912,954.4829

2024.8320,3.9742,240.0768,954.1160

2025.8320,3.9746,240.0290,954.0149

2026.8320,3.9740,240.1304,954.2808

2027.8320,3.9739,240.1581,954.3655

2028.8320,3.9736,240.2269,954.5765

2029.8320,3.9738,240.1963,954.4859

2030.8320,3.9738,240.1792,954.4293

2031.8320,3.9743,240.0611,954.0725

2032.8320,3.9743,240.0494,954.0220

2033.8320,3.9742,240.0628,954.0663

2034.8320,3.9740,240.1303,954.2771

2035.8320,3.9741,240.1098,954.2111

2036.8320,3.9739,240.1606,954.3725

2037.8320,3.9738,240.1715,954.3957

2038.8330,3.9738,240.1897,954.4630

2039.8320,3.9737,240.2259,954.5789

2040.8320,3.9737,240.2181,954.5427

2041.8320,3.9737,240.2100,954.5127

2042.8330,3.9736,240.2631,954.7039

2043.8320,3.9737,240.2333,954.6098

2044.8320,3.9736,240.2142,954.5076

2045.8320,3.9736,240.2477,954.6540

2046.8330,3.9735,240.2260,954.5391

2047.8320,3.9736,240.2206,954.5511

2048.8320,3.9737,240.1859,954.4271

2049.8320,3.9737,240.1867,954.4220

2050.8320,3.9737,240.1966,954.4708

2051.8320,3.9736,240.2138,954.5036

2052.8320,3.9735,240.2308,954.5478

2053.8320,3.9736,240.1944,954.4423

2054.8320,3.9736,240.1933,954.4352

2055.8320,3.9737,240.2040,954.4866

2056.8320,3.9736,240.1817,954.3773

2057.8320,3.9737,240.1860,954.4199

2058.8320,3.9726,240.4263,955.1087

2059.8320,3.9720,240.5847,955.6050

2060.8320,3.9721,240.5895,955.6476

2061.8320,3.9721,240.5396,955.4569

2062.8320,3.9721,240.5504,955.5009

2063.8320,3.9723,240.5208,955.4288

2064.8320,3.9723,240.5143,955.3911

2065.8330,3.9723,240.5227,955.4185

2066.8320,3.9721,240.5475,955.4877

2067.8320,3.9722,240.5255,955.4140

2068.8320,3.9723,240.5026,955.3416

2069.8320,3.9722,240.5538,955.5334

2070.8320,3.9722,240.5587,955.5373

2071.8320,3.9722,240.5285,955.4218

2072.8320,3.9723,240.5151,955.3962

2073.8320,3.9724,240.4964,955.3422

2074.8320,3.9724,240.4817,955.2782

2075.8320,3.9723,240.4787,955.2606

2076.8320,3.9725,240.4471,955.1727

2077.8330,3.9723,240.4362,955.0947

2078.8320,3.9726,240.4280,955.1300

2079.8320,3.9725,240.4321,955.1067

2080.8320,3.9726,240.4497,955.2039

2081.8320,3.9724,240.4136,955.0274

2082.8320,3.9728,240.3807,954.9832

2083.8320,3.9729,240.3302,954.8002

2084.8330,3.9729,240.3081,954.7289

2085.8320,3.9731,240.2843,954.6714

2086.8320,3.9731,240.2681,954.6073

2087.8320,3.9732,240.2331,954.4931

2088.8320,3.9734,240.1999,954.4067

2089.8320,3.9735,240.1624,954.2809

2090.8320,3.9734,240.1805,954.3276

2091.8320,3.9736,240.1566,954.2812

2092.8320,3.9734,240.1507,954.2054

2093.8320,3.9735,240.1874,954.3816

2094.8330,3.9734,240.1746,954.3152

2095.8320,3.9735,240.1690,954.3161

2096.8320,3.9733,240.1766,954.2968

2097.8330,3.9733,240.1537,954.2037

2098.8320,3.9735,240.1468,954.2295

2099.8320,3.9734,240.1348,954.1494

2100.8320,3.9737,240.1054,954.1101

2101.8320,3.9734,240.1428,954.1914

2102.8320,3.9735,240.1248,954.1439

2103.8320,3.9736,240.1060,954.0868

2104.8320,3.9735,240.1213,954.1332

2105.8320,3.9736,240.1141,954.1113

2106.8320,3.9735,240.1225,954.1386

2107.8320,3.9735,240.0946,954.0251

2108.8320,3.9736,240.0898,954.0260

2109.8320,3.9736,240.0840,953.9873

2110.8330,3.9733,240.1666,954.2634

2111.8320,3.9735,240.1362,954.1768

2112.8320,3.9736,240.0580,953.8829

2113.8330,3.9736,240.0441,953.8295

2114.8320,3.9739,240.0169,953.7994

2115.8320,3.9737,240.0587,953.9306

2116.8320,3.9738,240.1011,954.1124

2117.8320,3.9737,240.0520,953.9028

2118.8320,3.9739,240.0126,953.7841

2119.8320,3.9738,240.0214,953.7878

2120.8320,3.9736,240.0775,953.9705

2121.8320,3.9737,240.0413,953.8608

2122.8320,3.9738,240.0364,953.8503

2123.8320,3.9735,240.0842,953.9778

2124.8320,3.9736,240.0717,953.9406

2125.8320,3.9738,240.0244,953.8088

2126.8320,3.9737,240.0220,953.7856

2127.8320,3.9737,240.0387,953.8348

2128.8320,3.9738,239.9823,953.6360

2129.8320,3.9739,239.9757,953.6375

2130.8320,3.9728,240.2398,954.4224

2131.8320,3.9723,240.3835,954.8786

2132.8320,3.9720,240.4586,955.0950

2133.8330,3.9722,240.4600,955.1529

2134.8330,3.9725,240.3586,954.8130

2135.8320,3.9723,240.3716,954.8263

2136.8320,3.9723,240.3952,954.9219

2137.8320,3.9721,240.4071,954.9291

2138.8320,3.9721,240.4244,954.9902

2139.8330,3.9720,240.4610,955.1035

2140.8320,3.9719,240.4581,955.0744

2141.8320,3.9715,240.6034,955.5490

2142.8320,3.9717,240.5354,955.3453

2143.8320,3.9718,240.5026,955.2336

2144.8320,3.9724,240.3589,954.8027

2145.8320,3.9726,240.2860,954.5577

2146.8320,3.9725,240.3203,954.6802

2147.8320,3.9724,240.3308,954.6961

2148.8320,3.9725,240.3205,954.6789

2149.8320,3.9711,240.6929,955.8063

2150.8320,3.9713,240.5993,955.5015

2151.8320,3.9722,240.3769,954.8175

2152.8320,3.9727,240.2754,954.5347

2153.8320,3.9726,240.2594,954.4581

2154.8320,3.9725,240.2635,954.4577

2155.8320,3.9729,240.2362,954.4284

2156.8320,3.9729,240.1585,954.1359

2157.8320,3.9734,240.1085,954.0375

2158.8330,3.9731,240.1341,954.0749

2159.8320,3.9731,240.1266,954.0514

2160.8320,3.9733,240.0810,953.9103

2161.8320,3.9730,240.1249,954.0236

2162.8320,3.9730,240.1571,954.1511

2163.8320,3.9729,240.1610,954.1244

2164.8320,3.9729,240.1719,954.1904

2165.8320,3.9730,240.1463,954.1096

2166.8320,3.9727,240.1833,954.1755

2167.8320,3.9727,240.2294,954.3493

2168.8320,3.9728,240.2312,954.3855

2169.8320,3.9730,240.1910,954.2739

2170.8320,3.9728,240.1233,953.9685

2171.8320,3.9726,240.2094,954.2656

2172.8320,3.9725,240.2813,954.5197

2173.8330,3.9727,240.1901,954.2063

2174.8320,3.9729,240.1824,954.2127

2175.8320,3.9730,240.1306,954.0434

2176.8320,3.9730,240.1213,953.9989

2177.8320,3.9729,240.1344,954.0370

2178.8320,3.9731,240.1000,953.9408

2179.8320,3.9729,240.1478,954.0714

2180.8330,3.9725,240.2549,954.4161

2181.8320,3.9727,240.1992,954.2376

2182.8320,3.9725,240.2169,954.2699

2183.8320,3.9725,240.2417,954.3636

2184.8320,3.9722,240.3168,954.5827

2185.8320,3.9723,240.2850,954.4787

2186.8320,3.9725,240.2355,954.3365

2187.8320,3.9725,240.2615,954.4332

2188.8320,3.9722,240.3186,954.5943

2189.8320,3.9724,240.2437,954.3545

2190.8320,3.9723,240.2530,954.3684

2191.8320,3.9725,240.2185,954.2792

2192.8320,3.9725,240.1984,954.1968

2193.8320,3.9725,240.2157,954.2649

2194.8320,3.9721,240.3004,954.5018

2195.8330,3.9723,240.2703,954.4327

2196.8320,3.9726,240.1917,954.1822

2197.8320,3.9726,240.1689,954.1059

2198.8320,3.9727,240.1423,954.0219

2199.8320,3.9728,240.1221,953.9624

2200.8320,3.9729,240.1169,953.9517

2201.8330,3.9728,240.1242,953.9645

2202.8320,3.9728,240.1170,953.9410

2203.8320,3.9728,240.1264,953.9670

2204.8320,3.9729,240.1058,953.9074

2205.8330,3.9728,240.1169,953.9299

2206.8320,3.9729,240.1195,953.9680

2207.8320,3.9727,240.1194,953.9125

2208.8320,3.9729,240.1125,953.9312

2209.8320,3.9727,240.1085,953.8887

2210.8320,3.9729,240.1020,953.9003

2211.8320,3.9727,240.1146,953.9069

2212.8320,3.9726,240.1635,954.0700

2213.8330,3.9727,240.1403,953.9945

2214.8320,3.9726,240.1458,954.0137

2215.8320,3.9728,240.0931,953.8404

2216.8320,3.9730,240.0451,953.6972

2217.8330,3.9733,239.9806,953.5150

2218.8320,3.9731,240.0178,953.6071

2219.8320,3.9730,240.0289,953.6441

2220.8320,3.9728,240.0878,953.8294

2221.8330,3.9726,240.1439,953.9841

2222.8320,3.9725,240.1747,954.0893

2223.8320,3.9723,240.1980,954.1475

2224.8320,3.9726,240.1327,953.9438

2225.8320,3.9727,240.0893,953.8009

2226.8320,3.9726,240.1472,954.0013

2227.8320,3.9727,240.1047,953.8648

2228.8320,3.9726,240.0964,953.8068

2229.8320,3.9727,240.0888,953.7924

2230.8320,3.9729,240.0333,953.6264

2231.8320,3.9730,240.0147,953.5699

2232.8320,3.9728,240.0397,953.6382

2233.8320,3.9728,240.0792,953.7767

2234.8320,3.9726,240.0946,953.8097

2235.8330,3.9725,240.1170,953.8749

2236.8320,3.9727,240.0857,953.7822

2237.8320,3.9728,240.0644,953.7315

2238.8320,3.9725,240.1157,953.8665

2239.8320,3.9724,240.1620,954.0128

2240.8320,3.9725,240.1383,953.9484

2241.8320,3.9724,240.1486,953.9745

2242.8320,3.9724,240.1524,953.9899

2243.8320,3.9724,240.1607,954.0154

2244.8320,3.9724,240.1513,953.9785

2245.8320,3.9724,240.1533,953.9904

2246.8320,3.9725,240.1197,953.8781

2247.8320,3.9717,240.3326,954.5258

2248.8320,3.9710,240.5405,955.1943

2249.8320,3.9710,240.5071,955.0596

2250.8320,3.9711,240.5018,955.0599

2251.8320,3.9709,240.4901,954.9739

2252.8320,3.9712,240.4888,955.0248

2253.8320,3.9712,240.4686,954.9410

2254.8320,3.9711,240.4689,954.9374

2255.8320,3.9711,240.4608,954.9049

2256.8320,3.9711,240.4584,954.8787

2257.8320,3.9712,240.4882,955.0181

2258.8320,3.9711,240.4530,954.8617

2259.8320,3.9712,240.4360,954.8254

2260.8330,3.9712,240.4191,954.7632

2261.8330,3.9712,240.4320,954.8033

2262.8320,3.9712,240.4513,954.8745

2263.8320,3.9709,240.5008,955.0136

2264.8330,3.9711,240.4692,954.9182

2265.8320,3.9713,240.4158,954.7529

2266.8320,3.9714,240.3658,954.5970

2267.8320,3.9714,240.3409,954.4881

2268.8330,3.9714,240.3589,954.5699

2269.8320,3.9713,240.3958,954.6840

2270.8320,3.9715,240.3597,954.5766

2271.8320,3.9713,240.3869,954.6445

2272.8320,3.9713,240.4184,954.7621

2273.8320,3.9711,240.4315,954.7894

2274.8320,3.9710,240.4258,954.7410

2275.8320,3.9712,240.4104,954.7086

2276.8320,3.9711,240.4242,954.7512

2277.8320,3.9715,240.3205,954.4432

2278.8320,3.9715,240.3243,954.4551

2279.8320,3.9712,240.3819,954.6033

2280.8320,3.9713,240.3778,954.6160

2281.8330,3.9713,240.3712,954.5744

2282.8320,3.9710,240.4461,954.8143

2283.8320,3.9711,240.4480,954.8333

2284.8320,3.9711,240.4101,954.6844

2285.8320,3.9713,240.4400,954.8675

2286.8330,3.9709,240.4155,954.6678

2287.8320,3.9711,240.4192,954.7277

2288.8320,3.9710,240.4568,954.8497

2289.8320,3.9710,240.4223,954.7278

2290.8330,3.9712,240.4008,954.6684

2291.8320,3.9713,240.3778,954.6076

2292.8320,3.9713,240.3228,954.4020

2293.8320,3.9714,240.3598,954.5656

2294.8320,3.9710,240.3856,954.5763

2295.8320,3.9711,240.4004,954.6491

2296.8320,3.9714,240.3553,954.5421

2297.8320,3.9713,240.3405,954.4756

2298.8320,3.9713,240.3220,954.3987

2299.8320,3.9711,240.3587,954.5003

2300.8330,3.9714,240.3414,954.4946

2301.8320,3.9712,240.3608,954.5321

2302.8320,3.9706,240.5203,954.9984

2303.8320,3.9709,240.4805,954.9126

2304.8320,3.9708,240.4524,954.7955

2305.8320,3.9708,240.4962,954.9692

2306.8320,3.9709,240.4550,954.8248

2307.8320,3.9711,240.3610,954.4970

2308.8320,3.9713,240.3663,954.5557

2309.8320,3.9712,240.3505,954.4701

2310.8320,3.9715,240.3159,954.4029

2311.8320,3.9712,240.3328,954.4043

2312.8320,3.9714,240.3132,954.3692

2313.8320,3.9710,240.3881,954.5777

2314.8320,3.9712,240.3531,954.4898

2315.8320,3.9713,240.3223,954.3883

2316.8320,3.9713,240.3205,954.3806

2317.8320,3.9710,240.3706,954.5234

2318.8320,3.9709,240.4093,954.6468

2319.8320,3.9709,240.4232,954.6952

2320.8330,3.9709,240.3786,954.5267

2321.8330,3.9712,240.3436,954.4523

2322.8330,3.9710,240.3663,954.5003

2323.8320,3.9710,240.3747,954.5370

2324.8320,3.9710,240.3509,954.4414

2325.8330,3.9708,240.4074,954.6166

2326.8320,3.9705,240.4941,954.8879

2327.8320,3.9708,240.4283,954.7026

2328.8320,3.9712,240.3475,954.4566

2329.8330,3.9711,240.3389,954.4027

2330.8330,3.9710,240.3628,954.4917

2331.8320,3.9710,240.3566,954.4514

2332.8330,3.9712,240.3403,954.4358

2333.8320,3.9711,240.3247,954.3443

2334.8320,3.9712,240.3356,954.4274

2335.8320,3.9711,240.3513,954.4500

2336.8320,3.9708,240.4166,954.6354

2337.8330,3.9705,240.5083,954.9432

2338.8320,3.9707,240.4610,954.8035

2339.8320,3.9709,240.4005,954.6118

2340.8320,3.9710,240.3333,954.3600

2341.8320,3.9712,240.3188,954.3487

2342.8320,3.9711,240.3462,954.4315

2343.8330,3.9710,240.3699,954.5193

2344.8320,3.9710,240.3361,954.3760

2345.8320,3.9711,240.3616,954.5019

2346.8330,3.9709,240.3787,954.5151

2347.8320,3.9708,240.3982,954.5773

2348.8320,3.9708,240.4301,954.6905

2349.8330,3.9708,240.4111,954.6154

2350.8330,3.9708,240.3968,954.5748

2351.8320,3.9704,240.4734,954.7728

2352.8320,3.9706,240.4824,954.8510

2353.8320,3.9707,240.4382,954.7097

2354.8320,3.9705,240.4538,954.7178

2355.8330,3.9707,240.3909,954.5304

2356.8320,3.9710,240.3240,954.3214

2357.8320,3.9710,240.3334,954.3611

2358.8320,3.9710,240.3088,954.2780

2359.8320,3.9710,240.3484,954.4251

2360.8320,3.9711,240.3185,954.3189

2361.8320,3.9713,240.2270,954.0231

2362.8320,3.9713,240.2416,954.0823

2363.8320,3.9713,240.2501,954.0947

2364.8320,3.9712,240.2741,954.1724

2365.8320,3.9710,240.3161,954.2890

2366.8320,3.9715,240.1957,953.9281

2367.8320,3.9709,240.3167,954.2761

2368.8320,3.9712,240.2794,954.1945

2369.8320,3.9710,240.3080,954.2539

2370.8320,3.9708,240.3461,954.3782

2371.8320,3.9709,240.3381,954.3500

2372.8320,3.9710,240.3180,954.2917

2373.8320,3.9709,240.3342,954.3401

2374.8320,3.9709,240.3456,954.3899

2375.8330,3.9708,240.3568,954.4044

2376.8320,3.9696,240.6520,955.2970

2377.8320,3.9688,240.8810,956.0018

2378.8320,3.9698,240.6535,955.3373

2379.8320,3.9702,240.4987,954.8227

2380.8320,3.9701,240.5149,954.8714

2381.8320,3.9705,240.4794,954.8138

2382.8320,3.9706,240.3970,954.5276

2383.8320,3.9709,240.3396,954.3558

2384.8320,3.9711,240.2856,954.1925

2385.8330,3.9711,240.2698,954.1280

2386.8320,3.9709,240.3161,954.2753

2387.8320,3.9707,240.3343,954.2901

2388.8320,3.9707,240.3752,954.4491

2389.8320,3.9708,240.3241,954.2829

2390.8320,3.9707,240.3707,954.4363

2391.8320,3.9708,240.3377,954.3294

2392.8320,3.9708,240.3118,954.2198

2393.8320,3.9709,240.3028,954.2115

2394.8320,3.9710,240.2909,954.2042

2395.8320,3.9708,240.2911,954.1449

2396.8320,3.9709,240.2863,954.1509

2397.8320,3.9704,240.3563,954.3143

2398.8320,3.9708,240.3334,954.3148

2399.8330,3.9708,240.3082,954.2205

2400.8330,3.9711,240.3144,954.3165

2401.8330,3.9710,240.2841,954.1730

2402.8320,3.9709,240.2697,954.0934

2403.8320,3.9708,240.3224,954.2652

2404.8320,3.9708,240.3307,954.3025

2405.8320,3.9707,240.3168,954.2354

2406.8330,3.9709,240.3081,954.2393

2407.8320,3.9709,240.2806,954.1257

2408.8320,3.9709,240.2740,954.0986

2409.8320,3.9708,240.3131,954.2364

2410.8320,3.9705,240.3866,954.4542

2411.8320,3.9705,240.3529,954.3273

2412.8320,3.9706,240.3396,954.3015

2413.8320,3.9708,240.3200,954.2658

2414.8320,3.9707,240.2991,954.1466

2415.8320,3.9706,240.3130,954.1965

2416.8320,3.9708,240.3269,954.2862

2417.8320,3.9707,240.3057,954.1778

2418.8320,3.9707,240.3048,954.1704

2419.8320,3.9708,240.3089,954.2243

2420.8320,3.9707,240.3763,954.4563

2421.8330,3.9702,240.3833,954.3684

2422.8320,3.9703,240.3894,954.4261

2423.8320,3.9705,240.3453,954.2974

2424.8320,3.9705,240.3513,954.3056

2425.8320,3.9705,240.3273,954.2092

2426.8320,3.9707,240.3266,954.2610

2427.8320,3.9704,240.3919,954.4459

2428.8320,3.9704,240.3732,954.3829

2429.8320,3.9702,240.4115,954.4712

2430.8320,3.9703,240.4062,954.4928

2431.8320,3.9703,240.3895,954.4270

2432.8320,3.9703,240.4121,954.4986

2433.8320,3.9703,240.3833,954.4000

2434.8320,3.9704,240.3765,954.3936

2435.8320,3.9705,240.3309,954.2396

2436.8320,3.9707,240.2981,954.1422

2437.8320,3.9708,240.2831,954.1152

2438.8320,3.9706,240.3288,954.2408

2439.8320,3.9705,240.3360,954.2497

2440.8320,3.9703,240.4080,954.4929

2441.8320,3.9703,240.3879,954.4094

2442.8320,3.9704,240.3411,954.2454

2443.8320,3.9705,240.3670,954.3707

2444.8320,3.9704,240.3617,954.3254

2445.8320,3.9702,240.3916,954.4083

2446.8320,3.9703,240.3799,954.3860

2447.8320,3.9703,240.3688,954.3352

2448.8320,3.9704,240.3466,954.2642

2449.8320,3.9704,240.3523,954.2932

2450.8320,3.9703,240.3618,954.2969

2451.8320,3.9703,240.3727,954.3515

2452.8320,3.9703,240.3551,954.2854

2453.8320,3.9704,240.3497,954.2893

2454.8320,3.9702,240.3959,954.4254

2455.8320,3.9700,240.4421,954.5479

2456.8320,3.9700,240.4202,954.4785

2457.8320,3.9703,240.3946,954.4347

2458.8320,3.9702,240.3768,954.3439

2459.8320,3.9702,240.3809,954.3508

2460.8330,3.9703,240.3808,954.3725

2461.8330,3.9702,240.3572,954.2692

2462.8320,3.9702,240.3600,954.2696

2463.8320,3.9702,240.3529,954.2484

2464.8320,3.9703,240.3939,954.4359

2465.8330,3.9702,240.4088,954.4650

2466.8320,3.9702,240.4036,954.4623

2467.8320,3.9704,240.3591,954.3179

2468.8330,3.9704,240.3377,954.2301

2469.8320,3.9701,240.3664,954.2865

2470.8320,3.9703,240.3888,954.4166

2471.8320,3.9701,240.3873,954.3646

2472.8320,3.9701,240.3826,954.3467

2473.8320,3.9702,240.3613,954.2879

2474.8320,3.9703,240.3347,954.2077

2475.8320,3.9704,240.3259,954.1973

2476.8320,3.9702,240.3294,954.1650

2477.8320,3.9702,240.3530,954.2551

2478.8320,3.9704,240.3216,954.1630

2479.8320,3.9704,240.3212,954.1669

2480.8330,3.9704,240.3152,954.1355

2481.8320,3.9702,240.3284,954.1630

2482.8320,3.9704,240.2863,954.0328

2483.8320,3.9706,240.2658,953.9880

2484.8330,3.9709,240.1647,953.6632

2485.8320,3.9711,240.1323,953.5832

2486.8320,3.9710,240.1361,953.5880

2487.8320,3.9710,240.1408,953.5972

2488.8320,3.9708,240.1545,953.6138

2489.8320,3.9706,240.2286,953.8569

2490.8320,3.9703,240.3325,954.1876

2491.8320,3.9704,240.2969,954.0720

2492.8320,3.9705,240.2645,953.9754

2493.8320,3.9707,240.2319,953.8776

2494.8330,3.9706,240.2504,953.9379

2495.8320,3.9705,240.2504,953.9087

2496.8320,3.9705,240.2471,953.9105

2497.8320,3.9706,240.2211,953.8295

2498.8320,3.9705,240.2681,953.9788

2499.8320,3.9705,240.2487,953.9109

2500.8320,3.9706,240.2255,953.8375

2501.8320,3.9702,240.2986,954.0446

2502.8320,3.9700,240.3560,954.2244

2503.8320,3.9702,240.3345,954.1685

2504.8320,3.9700,240.3410,954.1649

2505.8320,3.9700,240.3669,954.2655

2506.8320,3.9700,240.3554,954.2212

2507.8320,3.9703,240.3023,954.0797

2508.8320,3.9704,240.2844,954.0293

2509.8320,3.9703,240.3070,954.0789

2510.8320,3.9703,240.2882,954.0150

2511.8320,3.9704,240.2648,953.9505

2512.8320,3.9704,240.2642,953.9471

2513.8320,3.9705,240.2580,953.9353

2514.8320,3.9704,240.2573,953.9256

2515.8320,3.9702,240.2940,954.0254

2516.8320,3.9703,240.3001,954.0596

2517.8320,3.9701,240.3079,954.0549

2518.8320,3.9703,240.2719,953.9567

2519.8320,3.9702,240.2851,953.9759

2520.8320,3.9706,240.2041,953.7545

2521.8320,3.9704,240.2412,953.8570

2522.8320,3.9703,240.2861,954.0115

2523.8320,3.9703,240.2900,954.0160

2524.8320,3.9701,240.3049,954.0447

2525.8320,3.9702,240.2883,953.9980

2526.8330,3.9698,240.3846,954.2772

2527.8320,3.9695,240.4587,954.5107

2528.8330,3.9694,240.4902,954.6020

2529.8320,3.9695,240.4820,954.5989

2530.8320,3.9695,240.4591,954.4950

2531.8320,3.9697,240.4342,954.4553

2532.8320,3.9697,240.4128,954.3705

2533.8320,3.9698,240.4037,954.3477

2534.8320,3.9698,240.3632,954.1925

2535.8320,3.9699,240.3633,954.2215

2536.8320,3.9700,240.3341,954.1222

2537.8320,3.9698,240.3677,954.2238

2538.8320,3.9698,240.3904,954.2976

2539.8320,3.9695,240.4497,954.4675

2540.8320,3.9695,240.4713,954.5577

2541.8320,3.9695,240.4459,954.4520

2542.8320,3.9696,240.4311,954.4095

2543.8320,3.9698,240.3701,954.2212

2544.8320,3.9701,240.3043,954.0361

2545.8320,3.9699,240.3467,954.1411

2546.8320,3.9698,240.3757,954.2325

2547.8320,3.9698,240.3498,954.1412

2548.8330,3.9699,240.3396,954.1318

2549.8320,3.9698,240.3358,954.0772

2550.8320,3.9686,240.6457,955.0354

2551.8320,3.9698,240.4275,954.4416

2552.8320,3.9701,240.3394,954.1706

2553.8320,3.9701,240.2960,953.9959

2554.8320,3.9702,240.2719,953.9228

2555.8320,3.9701,240.2857,953.9548

2556.8320,3.9700,240.2972,953.9868

2557.8320,3.9701,240.2832,953.9467

2558.8320,3.9701,240.2729,953.9176

2559.8320,3.9702,240.2716,953.9158

2560.8320,3.9701,240.2789,953.9289

2561.8320,3.9702,240.2599,953.8740

2562.8320,3.9700,240.2897,953.9572

2563.8320,3.9701,240.2708,953.8883

2564.8320,3.9701,240.2834,953.9497

2565.8320,3.9701,240.2896,953.9629

2566.8330,3.9701,240.2615,953.8730

2567.8320,3.9700,240.2926,953.9726

2568.8320,3.9700,240.2903,953.9564

2569.8320,3.9700,240.3100,954.0399

2570.8320,3.9696,240.3761,954.2060

2571.8330,3.9700,240.3129,954.0530

2572.8320,3.9700,240.3068,954.0158

2573.8320,3.9698,240.3499,954.1294

2574.8320,3.9697,240.3589,954.1629

2575.8320,3.9699,240.3287,954.0742

2576.8320,3.9699,240.3364,954.1038

2577.8320,3.9698,240.3224,954.0385

2578.8320,3.9696,240.3655,954.1569

2579.8320,3.9696,240.3666,954.1651

2580.8320,3.9697,240.3806,954.2420

2581.8320,3.9698,240.3469,954.1406

2582.8320,3.9699,240.3042,953.9782

2583.8330,3.9699,240.2981,953.9601

2584.8320,3.9699,240.3261,954.0612

2585.8320,3.9698,240.3157,954.0149

2586.8320,3.9699,240.2969,953.9497

2587.8320,3.9698,240.3074,953.9748

2588.8320,3.9702,240.2385,953.8064

2589.8320,3.9700,240.2785,953.9030

2590.8320,3.9700,240.2650,953.8436

2591.8320,3.9701,240.2644,953.8618

2592.8320,3.9700,240.2552,953.8073

2593.8320,3.9701,240.2489,953.8109

2594.8330,3.9701,240.2501,953.8225

2595.8320,3.9702,240.2045,953.6604

2596.8320,3.9700,240.2238,953.6996

2597.8320,3.9698,240.2724,953.8381

2598.8320,3.9700,240.2851,953.9243

2599.8320,3.9699,240.2736,953.8642

2600.8320,3.9700,240.2508,953.8008

2601.8320,3.9699,240.2799,953.8924

2602.8320,3.9699,240.2562,953.8008

2603.8320,3.9699,240.2568,953.8073

2604.8320,3.9701,240.2379,953.7664

2605.8320,3.9699,240.2398,953.7233

2606.8320,3.9699,240.2854,953.9172

2607.8320,3.9695,240.3121,953.9255

2608.8320,3.9697,240.3259,954.0258

2609.8320,3.9698,240.3028,953.9469

2610.8320,3.9697,240.2883,953.8839

2611.8330,3.9697,240.2910,953.8928

2612.8320,3.9697,240.3252,954.0134

2613.8320,3.9696,240.3386,954.0500

2614.8320,3.9695,240.3451,954.0513

2615.8320,3.9696,240.3257,953.9949

2616.8320,3.9695,240.3641,954.1313

2617.8320,3.9693,240.3795,954.1491

2618.8320,3.9697,240.3063,953.9456

2619.8330,3.9697,240.3127,953.9685

2620.8320,3.9697,240.2950,953.9104

2621.8320,3.9697,240.2973,953.9164

2622.8320,3.9698,240.2866,953.8913

2623.8320,3.9696,240.3199,953.9803

2624.8320,3.9697,240.2989,953.9117

2625.8320,3.9696,240.3070,953.9303

2626.8320,3.9696,240.3169,953.9586

2627.8320,3.9696,240.3323,954.0234

2628.8320,3.9696,240.3215,953.9725

2629.8320,3.9697,240.3202,953.9878

2630.8330,3.9695,240.3354,954.0171

2631.8320,3.9694,240.3630,954.0883

2632.8320,3.9694,240.3885,954.1967

2633.8330,3.9693,240.4208,954.3008

2634.8320,3.9689,240.4707,954.4156

2635.8330,3.9687,240.5642,954.7225

2636.8320,3.9688,240.5334,954.6233

2637.8320,3.9689,240.5407,954.6773

2638.8320,3.9687,240.5060,954.5058

2639.8320,3.9689,240.4919,954.4881

2640.8320,3.9685,240.5677,954.7018

2641.8320,3.9690,240.4735,954.4421

2642.8320,3.9691,240.4411,954.3379

2643.8320,3.9692,240.4178,954.2638

2644.8320,3.9693,240.3653,954.0899

2645.8320,3.9693,240.3713,954.1022

2646.8320,3.9694,240.3508,954.0403

2647.8330,3.9693,240.4013,954.2196

2648.8320,3.9691,240.3932,954.1466

2649.8320,3.9693,240.3903,954.1800

2650.8320,3.9691,240.4268,954.2712

2651.8320,3.9691,240.4173,954.2343

2652.8320,3.9693,240.3782,954.1232

2653.8320,3.9692,240.3775,954.1068

2654.8320,3.9691,240.4143,954.2310

2655.8330,3.9692,240.3882,954.1471

2656.8320,3.9692,240.3768,954.0930

2657.8320,3.9693,240.3872,954.1709

2658.8320,3.9692,240.3901,954.1515

2659.8320,3.9689,240.4798,954.4335

2660.8320,3.9688,240.4816,954.4340

2661.8320,3.9690,240.4332,954.2865

2662.8320,3.9691,240.4097,954.1996

2663.8320,3.9693,240.3669,954.0994

2664.8320,3.9693,240.3542,954.0462

2665.8320,3.9693,240.3384,953.9701

2666.8320,3.9692,240.4013,954.1925

2667.8320,3.9692,240.3724,954.0910

2668.8320,3.9693,240.3438,953.9932

2669.8330,3.9693,240.3518,954.0242

2670.8320,3.9693,240.3236,953.9188

2671.8330,3.9692,240.3781,954.1049

2672.8320,3.9691,240.3955,954.1489

2673.8330,3.9692,240.3921,954.1655

2674.8320,3.9692,240.3585,954.0274

2675.8330,3.9691,240.3875,954.1202

2676.8320,3.9691,240.4147,954.2200

2677.8320,3.9690,240.3983,954.1435

2678.8320,3.9691,240.3806,954.1032

2679.8330,3.9691,240.3833,954.0950

2680.8320,3.9691,240.3648,954.0399

2681.8320,3.9691,240.3675,954.0541

2682.8320,3.9688,240.4571,954.3341

2683.8320,3.9688,240.4490,954.3005

2684.8320,3.9691,240.3794,954.0911

2685.8320,3.9691,240.3744,954.0649

2686.8320,3.9692,240.3767,954.1000

2687.8330,3.9692,240.3632,954.0409

2688.8320,3.9691,240.3745,954.0692

2689.8320,3.9690,240.3783,954.0713

2690.8320,3.9692,240.3659,954.0500

2691.8320,3.9693,240.3384,953.9664

2692.8320,3.9692,240.3219,953.8943

2693.8320,3.9693,240.3122,953.8766

2694.8320,3.9694,240.2714,953.7241

2695.8320,3.9696,240.2477,953.6805

2696.8320,3.9692,240.3500,953.9864

2697.8320,3.9694,240.3095,953.8754

2698.8320,3.9692,240.3398,953.9580

2699.8320,3.9688,240.4323,954.2307

2700.8320,3.9689,240.4286,954.2295

2701.8330,3.9689,240.4251,954.2221

2702.8320,3.9690,240.4102,954.1939

2703.8320,3.9689,240.3752,954.0294

2704.8320,3.9690,240.4051,954.1583

2705.8320,3.9690,240.3809,954.0807

2706.8330,3.9689,240.4250,954.2167

2707.8320,3.9690,240.4135,954.1898

2708.8320,3.9688,240.4127,954.1497

2709.8320,3.9690,240.4073,954.1679

2710.8320,3.9690,240.4135,954.1920

2711.8320,3.9691,240.3595,954.0187

2712.8320,3.9690,240.3655,954.0010

2713.8320,3.9690,240.4122,954.1924

2714.8320,3.9688,240.3951,954.0885

2715.8330,3.9688,240.4474,954.2850

2716.8320,3.9686,240.4845,954.3892

2717.8320,3.9687,240.4435,954.2468

2718.8320,3.9687,240.3865,954.0147

2719.8320,3.9692,240.3943,954.1790

2720.8320,3.9689,240.3990,954.1086

2721.8320,3.9690,240.3350,953.8990

2722.8330,3.9690,240.3424,953.9176

2723.8330,3.9689,240.3875,954.0646

2724.8320,3.9691,240.3565,953.9983

2725.8320,3.9691,240.3507,953.9766

2726.8320,3.9689,240.3657,953.9815

2727.8320,3.9689,240.3708,954.0189

2728.8320,3.9688,240.4127,954.1555

2729.8330,3.9687,240.4498,954.2644

2730.8320,3.9686,240.4276,954.1539

2731.8320,3.9686,240.4551,954.2645

2732.8320,3.9686,240.4472,954.2287

2733.8320,3.9687,240.4267,954.1902

2734.8330,3.9686,240.4346,954.1922

2735.8330,3.9686,240.4306,954.1671

2736.8320,3.9687,240.4262,954.1759

2737.8320,3.9686,240.4458,954.2236

2738.8330,3.9686,240.4586,954.2788

2739.8320,3.9686,240.4450,954.2221

2740.8320,3.9686,240.4445,954.2298

2741.8320,3.9687,240.4173,954.1467

2742.8320,3.9686,240.4285,954.1692

2743.8320,3.9686,240.4283,954.1637

2744.8320,3.9687,240.4165,954.1345

2745.8320,3.9689,240.3882,954.0666

2746.8320,3.9691,240.3133,953.8161

2747.8320,3.9689,240.3655,953.9751

2748.8320,3.9687,240.4012,954.0722

2749.8330,3.9686,240.4278,954.1719

2750.8320,3.9688,240.3802,954.0134

2751.8320,3.9689,240.3445,953.9017

2752.8320,3.9690,240.3555,953.9733

2753.8330,3.9687,240.3870,954.0288

2754.8320,3.9691,240.3431,953.9346

2755.8320,3.9690,240.3481,953.9404

2756.8320,3.9690,240.3240,953.8354

2757.8320,3.9690,240.3395,953.9125

2758.8320,3.9687,240.3818,954.0037

2759.8320,3.9685,240.4445,954.1937

2760.8320,3.9687,240.4331,954.1975

2761.8320,3.9687,240.3888,954.0315

2762.8320,3.9688,240.3834,954.0223

2763.8320,3.9688,240.3875,954.0401

2764.8320,3.9688,240.3581,953.9411

2765.8330,3.9689,240.3283,953.8459

2766.8320,3.9690,240.3254,953.8400

2767.8320,3.9690,240.3226,953.8356

2768.8320,3.9688,240.3583,953.9279

2769.8320,3.9687,240.3734,953.9724

2770.8320,3.9688,240.3620,953.9476

2771.8320,3.9687,240.3572,953.9073

2772.8320,3.9686,240.4033,954.0711

2773.8320,3.9687,240.4011,954.0845

2774.8320,3.9688,240.3388,953.8511

2775.8320,3.9689,240.3458,953.9060

2776.8320,3.9687,240.3445,953.8450

2777.8330,3.9689,240.3475,953.9042

2778.8320,3.9686,240.4009,954.0569

2779.8320,3.9686,240.4121,954.0946

2780.8320,3.9685,240.4215,954.1092

2781.8320,3.9685,240.3871,953.9881

2782.8320,3.9686,240.3761,953.9493

2783.8320,3.9687,240.3992,954.0606

2784.8320,3.9687,240.3615,953.9274

2785.8320,3.9685,240.4106,954.0753

2786.8320,3.9686,240.4104,954.0978

2787.8320,3.9686,240.4142,954.1025

2788.8320,3.9686,240.3907,954.0256

2789.8320,3.9686,240.3960,954.0329

2790.8330,3.9685,240.4053,954.0598

2791.8320,3.9687,240.3913,954.0369

2792.8320,3.9685,240.4092,954.0699

2793.8320,3.9683,240.4504,954.1836

2794.8320,3.9683,240.4636,954.2323

2795.8330,3.9684,240.4629,954.2596

2796.8320,3.9684,240.4351,954.1455

2797.8320,3.9681,240.5100,954.3591

2798.8320,3.9681,240.5447,954.4937

2799.8320,3.9682,240.4889,954.2990

2800.8320,3.9684,240.4265,954.1022

2801.8320,3.9684,240.4245,954.1107

2802.8320,3.9686,240.3793,953.9598

2803.8320,3.9685,240.3976,954.0258

2804.8320,3.9685,240.3993,954.0273

2805.8320,3.9683,240.4224,954.0798

2806.8320,3.9684,240.4469,954.1780

2807.8320,3.9682,240.4621,954.2049

2808.8320,3.9685,240.4090,954.0669

2809.8320,3.9680,240.4996,954.2981

2810.8330,3.9679,240.5569,954.5084

2811.8330,3.9677,240.5812,954.5617

2812.8320,3.9676,240.6187,954.6782

2813.8320,3.9676,240.6146,954.6641

2814.8320,3.9675,240.6457,954.7590

2815.8320,3.9678,240.5729,954.5494

2816.8320,3.9680,240.5299,954.4141

2817.8320,3.9680,240.5307,954.4213

2818.8320,3.9680,240.5177,954.3789

2819.8320,3.9681,240.4815,954.2495

2820.8320,3.9681,240.4747,954.2313

2821.8320,3.9681,240.4674,954.2104

2822.8320,3.9681,240.4634,954.1934

2823.8320,3.9681,240.4959,954.3177

2824.8320,3.9682,240.4676,954.2164

2825.8320,3.9683,240.4358,954.1225

2826.8320,3.9683,240.4146,954.0452

2827.8320,3.9683,240.4361,954.1163

2828.8320,3.9682,240.4233,954.0593

2829.8320,3.9683,240.4161,954.0530

2830.8320,3.9684,240.4124,954.0490

2831.8320,3.9683,240.4208,954.0615

2832.8320,3.9681,240.4428,954.0929

2833.8320,3.9683,240.4166,954.0469

2834.8320,3.9683,240.4213,954.0674

2835.8320,3.9684,240.4009,953.9997

2836.8320,3.9684,240.3849,953.9462

2837.8330,3.9684,240.4331,954.1262

2838.8320,3.9683,240.4167,954.0375

2839.8320,3.9684,240.4050,954.0121

2840.8320,3.9682,240.4222,954.0473

2841.8320,3.9681,240.4395,954.0857

2842.8320,3.9681,240.4636,954.1766

2843.8330,3.9681,240.4624,954.1685

2844.8320,3.9682,240.4594,954.1959

2845.8320,3.9681,240.4609,954.1748

2846.8320,3.9681,240.4390,954.0752

2847.8330,3.9684,240.4225,954.0881

2848.8320,3.9682,240.4378,954.0989

2849.8320,3.9681,240.4662,954.2035

2850.8320,3.9678,240.4877,954.2063

2851.8320,3.9678,240.5089,954.2948

2852.8320,3.9681,240.4678,954.1898

2853.8320,3.9681,240.4257,954.0410

2854.8320,3.9681,240.4323,954.0707

2855.8330,3.9681,240.4343,954.0748

2856.8320,3.9682,240.4153,954.0100

2857.8320,3.9682,240.4089,953.9944

2858.8320,3.9682,240.4156,954.0259

2859.8320,3.9682,240.4161,954.0260

2860.8320,3.9683,240.3946,953.9472

2861.8330,3.9683,240.3813,953.9062

2862.8320,3.9681,240.3944,953.9073

2863.8320,3.9681,240.4463,954.1217

2864.8320,3.9681,240.4399,954.0791

2865.8330,3.9682,240.4024,953.9559

2866.8320,3.9683,240.3721,953.8681

2867.8330,3.9683,240.3819,953.9193

2868.8330,3.9682,240.3843,953.9000

2869.8320,3.9682,240.3961,953.9357

2870.8320,3.9680,240.4210,954.0020

2871.8320,3.9682,240.4197,954.0236

2872.8320,3.9682,240.4058,953.9705

2873.8320,3.9682,240.3923,953.9365

2874.8320,3.9681,240.4155,954.0033

2875.8330,3.9681,240.4365,954.0680

2876.8320,3.9682,240.4127,953.9981

2877.8320,3.9680,240.4534,954.1170

2878.8320,3.9681,240.4284,954.0407

2879.8320,3.9681,240.4148,953.9980

2880.8320,3.9681,240.4034,953.9465

2881.8330,3.9680,240.4437,954.0761

2882.8320,3.9680,240.4467,954.0995

2883.8320,3.9680,240.4490,954.0902

2884.8320,3.9680,240.4476,954.0960

2885.8320,3.9679,240.4575,954.1170

2886.8320,3.9679,240.4561,954.1155

2887.8320,3.9679,240.4360,954.0365

2888.8330,3.9681,240.4137,953.9948

2889.8320,3.9683,240.3896,953.9265

2890.8320,3.9679,240.4396,954.0431

2891.8330,3.9682,240.4119,954.0008

2892.8320,3.9682,240.4022,953.9746

2893.8330,3.9680,240.3883,953.8609

2894.8320,3.9682,240.4138,954.0091

2895.8320,3.9679,240.4501,954.0788

2896.8320,3.9677,240.5119,954.2752

2897.8320,3.9675,240.5527,954.4028

2898.8320,3.9676,240.5293,954.3330

2899.8320,3.9677,240.4600,954.0794

2900.8320,3.9680,240.4469,954.0860

2901.8320,3.9680,240.4146,953.9641

2902.8320,3.9678,240.4635,954.1172

2903.8320,3.9679,240.4440,954.0653

2904.8330,3.9679,240.4266,953.9891

2905.8320,3.9681,240.4213,954.0069

2906.8320,3.9678,240.4226,953.9406

2907.8320,3.9679,240.4377,954.0423

2908.8320,3.9679,240.4538,954.0916

2909.8320,3.9677,240.4571,954.0729

2910.8320,3.9678,240.4631,954.0986

2911.8320,3.9678,240.4438,954.0406

2912.8330,3.9678,240.4314,953.9922

2913.8330,3.9680,240.4030,953.9226

2914.8330,3.9678,240.4543,954.0781

2915.8320,3.9679,240.4103,953.9302

2916.8320,3.9679,240.4057,953.9090

2917.8330,3.9679,240.4321,953.9998

2918.8320,3.9679,240.4263,953.9878

2919.8320,3.9681,240.3802,953.8524

2920.8320,3.9680,240.4094,953.9402

2921.8320,3.9677,240.4513,954.0343

2922.8320,3.9678,240.4420,954.0317

2923.8320,3.9678,240.4097,953.9085

2924.8320,3.9680,240.3925,953.8741

2925.8320,3.9679,240.4268,953.9783

2926.8320,3.9677,240.4474,954.0324

2927.8320,3.9678,240.4243,953.9647

2928.8320,3.9677,240.4336,953.9694

2929.8320,3.9678,240.4364,954.0048

2930.8320,3.9679,240.4326,954.0133

2931.8320,3.9679,240.4211,953.9679

2932.8320,3.9679,240.4160,953.9378

2933.8320,3.9678,240.4215,953.9343

2934.8320,3.9676,240.4717,954.1073

2935.8320,3.9678,240.4600,954.1002

2936.8320,3.9677,240.4369,953.9865

2937.8320,3.9679,240.4054,953.9013

2938.8320,3.9677,240.4273,953.9375

2939.8320,3.9678,240.4469,954.0354

2940.8320,3.9679,240.4431,954.0591

2941.8320,3.9678,240.4214,953.9462

2942.8320,3.9677,240.4321,953.9682

2943.8320,3.9678,240.4457,954.0376

2944.8320,3.9678,240.4202,953.9401

2945.8320,3.9676,240.4671,954.0862

2946.8320,3.9676,240.4710,954.0941

2947.8320,3.9678,240.4377,953.9969

2948.8320,3.9678,240.4079,953.8922

2949.8320,3.9679,240.3946,953.8541

2950.8320,3.9679,240.3796,953.8005

2951.8320,3.9679,240.3724,953.7768

2952.8320,3.9677,240.4318,953.9695

2953.8320,3.9677,240.4536,954.0392

2954.8320,3.9676,240.4381,953.9704

2955.8320,3.9677,240.4423,953.9986

2956.8320,3.9676,240.4532,954.0139

2957.8320,3.9675,240.4636,954.0458

2958.8320,3.9677,240.4188,953.9177

2959.8320,3.9678,240.4051,953.8726

2960.8320,3.9678,240.3799,953.7838

2961.8320,3.9679,240.3818,953.8002

2962.8320,3.9680,240.3437,953.6873

2963.8320,3.9680,240.3567,953.7366

2964.8320,3.9678,240.3655,953.7237

2965.8330,3.9677,240.3807,953.7679

2966.8320,3.9677,240.3857,953.7887

2967.8320,3.9680,240.3912,953.8747

2968.8320,3.9680,240.3969,953.8896

2969.8320,3.9680,240.3880,953.8529

2970.8320,3.9677,240.4162,953.9095

2971.8320,3.9679,240.3752,953.7822

2972.8320,3.9679,240.3670,953.7496

2973.8330,3.9669,240.6389,954.5830

2974.8320,3.9673,240.5509,954.3485

2975.8320,3.9680,240.3344,953.6462

2976.8320,3.9682,240.2923,953.5194

2977.8320,3.9681,240.3010,953.5398

2978.8330,3.9684,240.2340,953.3481

2979.8320,3.9684,240.2214,953.2942

2980.8320,3.9684,240.2343,953.3392

2981.8320,3.9683,240.2504,953.3815

2982.8320,3.9682,240.2365,953.3121

2983.8320,3.9683,240.2339,953.3216

2984.8320,3.9685,240.2333,953.3671

2985.8320,3.9686,240.1873,953.1961

2986.8320,3.9686,240.1559,953.0844

2987.8320,3.9687,240.1607,953.1183

2988.8320,3.9686,240.1976,953.2495

2989.8320,3.9684,240.1958,953.1950

2990.8320,3.9685,240.1843,953.1678

2991.8320,3.9684,240.2211,953.2942

2992.8320,3.9686,240.1645,953.1066

2993.8320,3.9686,240.1577,953.0940

2994.8320,3.9686,240.1836,953.1842

2995.8330,3.9687,240.1365,953.0210

2996.8320,3.9686,240.1638,953.1094

2997.8330,3.9685,240.1617,953.0728

2998.8320,3.9687,240.1591,953.1129

2999.8320,3.9685,240.1611,953.0725

3000.8320,3.9685,240.1637,953.1007

3001.8320,3.9684,240.2379,953.3554

3002.8330,3.9679,240.2881,953.4477

3003.8320,3.9683,240.2374,953.3374

3004.8320,3.9685,240.1845,953.1624

3005.8320,3.9688,240.1076,952.9296

3006.8320,3.9685,240.1552,953.0663

3007.8320,3.9685,240.1548,953.0636

3008.8320,3.9685,240.1573,953.0652

3009.8320,3.9686,240.1361,953.0053

3010.8320,3.9688,240.1110,952.9425

3011.8320,3.9686,240.1258,952.9560

3012.8320,3.9684,240.1923,953.1754

3013.8320,3.9685,240.1607,953.0755

3014.8320,3.9684,240.1615,953.0667

3015.8320,3.9683,240.1806,953.1203

3016.8320,3.9683,240.2047,953.2002

3017.8320,3.9684,240.1648,953.0688

3018.8320,3.9684,240.1756,953.1068

3019.8320,3.9682,240.2251,953.2584

3020.8320,3.9682,240.2143,953.2129

3021.8320,3.9684,240.1771,953.1110

3022.8320,3.9682,240.1958,953.1435

3023.8320,3.9683,240.2024,953.1860

3024.8320,3.9684,240.1647,953.0634

3025.8320,3.9684,240.1442,952.9965

3026.8330,3.9683,240.1770,953.1031

3027.8320,3.9683,240.1630,953.0439

3028.8320,3.9682,240.2141,953.2219

3029.8330,3.9683,240.1704,953.0692

3030.8320,3.9684,240.1655,953.0643

3031.8320,3.9684,240.1774,953.1085

3032.8330,3.9683,240.1819,953.1239

3033.8320,3.9683,240.1836,953.1167

3034.8320,3.9684,240.1558,953.0373

3035.8320,3.9685,240.1527,953.0438

3036.8320,3.9684,240.1414,952.9756

3037.8320,3.9684,240.1587,953.0567

3038.8330,3.9684,240.1656,953.0617

3039.8320,3.9684,240.1563,953.0392

3040.8320,3.9685,240.1464,953.0185

3041.8330,3.9685,240.1097,952.8854

3042.8320,3.9686,240.1177,952.9282

3043.8320,3.9686,240.1147,952.9101

3044.8320,3.9685,240.1229,952.9380

3045.8320,3.9686,240.1144,952.9114

3046.8320,3.9686,240.0957,952.8429

3047.8320,3.9686,240.1020,952.8782

3048.8320,3.9686,240.0859,952.8052

3049.8320,3.9686,240.1242,952.9539

3050.8320,3.9684,240.1534,953.0226

3051.8320,3.9685,240.1442,953.0078

3052.8320,3.9685,240.1377,952.9744

3053.8320,3.9685,240.1107,952.8883

3054.8320,3.9686,240.0904,952.8284

3055.8320,3.9687,240.0846,952.8246

3056.8320,3.9687,240.0528,952.6975

3057.8320,3.9688,240.0489,952.7156

3058.8320,3.9688,240.0399,952.6754

3059.8320,3.9688,240.0448,952.6826

3060.8320,3.9686,240.0820,952.7986

3061.8330,3.9686,240.0876,952.8141

3062.8320,3.9686,240.0789,952.7836

3063.8320,3.9688,240.0500,952.7195

3064.8320,3.9688,240.0270,952.6225

3065.8320,3.9688,240.0515,952.7048

3066.8320,3.9686,240.1107,952.9064

3067.8320,3.9687,240.0617,952.7334

3068.8320,3.9687,240.0501,952.6952

3069.8320,3.9687,240.0564,952.7122

3070.8320,3.9687,240.0563,952.7107

3071.8330,3.9686,240.0634,952.7157

3072.8320,3.9685,240.0550,952.6675

3073.8320,3.9687,240.0645,952.7385

3074.8320,3.9687,240.0745,952.7906

3075.8320,3.9688,240.0733,952.8010

3076.8320,3.9686,240.1066,952.8786

3077.8320,3.9687,240.1052,952.8980

3078.8320,3.9687,240.0837,952.8222

3079.8320,3.9687,240.0840,952.8324

3080.8320,3.9684,240.1553,953.0238

3081.8320,3.9684,240.1636,953.0606

3082.8330,3.9684,240.1594,953.0422

3083.8320,3.9684,240.1489,953.0158

3084.8320,3.9684,240.1463,952.9906

3085.8330,3.9686,240.0860,952.7936

3086.8320,3.9687,240.0494,952.6859

3087.8320,3.9686,240.0698,952.7430

3088.8320,3.9686,240.0412,952.6392

3089.8320,3.9687,240.0560,952.7080

3090.8320,3.9687,240.0397,952.6421

3091.8320,3.9687,240.0375,952.6327

3092.8330,3.9688,240.0239,952.6112

3093.8320,3.9691,239.9599,952.4138

3094.8320,3.9687,239.9957,952.4720

3095.8320,3.9687,240.0549,952.7051

3096.8320,3.9687,240.0770,952.7831

3097.8320,3.9689,240.0041,952.5414

3098.8320,3.9689,239.9864,952.4776

3099.8320,3.9689,239.9760,952.4327

3100.8320,3.9689,239.9774,952.4418

3101.8320,3.9687,240.0058,952.5085

3102.8320,3.9686,240.0285,952.5880

3103.8320,3.9690,239.9886,952.5072

3104.8320,3.9689,240.0175,952.6058

3105.8320,3.9686,239.9963,952.4403

3106.8320,3.9687,240.0081,952.5276

3107.8320,3.9686,240.0422,952.6300

3108.8320,3.9685,240.0776,952.7365

3109.8320,3.9686,240.0754,952.7534

3110.8320,3.9685,240.0568,952.6765

3111.8330,3.9684,240.0749,952.7224

3112.8330,3.9686,240.0401,952.6114

3113.8320,3.9688,239.9998,952.5172

3114.8320,3.9688,240.0065,952.5451

3115.8320,3.9688,239.9823,952.4384

3116.8320,3.9689,239.9448,952.3145

3117.8320,3.9687,240.0380,952.6378

3118.8320,3.9685,240.0573,952.6755

3119.8320,3.9685,240.0875,952.7777

3120.8320,3.9684,240.0717,952.6997

3121.8320,3.9684,240.0591,952.6567

3122.8330,3.9685,240.0592,952.6763

3123.8320,3.9684,240.0678,952.6853

3124.8320,3.9686,240.0128,952.5227

3125.8320,3.9685,240.0668,952.7026

3126.8320,3.9683,240.0985,952.7871

3127.8320,3.9684,240.1013,952.8180

3128.8320,3.9687,240.0060,952.5135

3129.8320,3.9687,239.9748,952.3997

3130.8320,3.9689,239.9542,952.3460

3131.8320,3.9690,239.9203,952.2346

3132.8320,3.9688,239.9554,952.3289

3133.8320,3.9687,239.9892,952.4555

3134.8320,3.9686,239.9982,952.4601

3135.8330,3.9687,239.9950,952.4610

3136.8320,3.9687,240.0205,952.5610

3137.8320,3.9683,240.0548,952.6071

3138.8320,3.9684,240.0704,952.7057

3139.8320,3.9684,240.0523,952.6214

3140.8320,3.9683,240.0744,952.6990

3141.8320,3.9687,239.9861,952.4207

3142.8320,3.9687,239.9732,952.3773

3143.8320,3.9687,239.9810,952.4153

3144.8320,3.9687,239.9467,952.2817

3145.8330,3.9689,239.9470,952.3224

3146.8320,3.9688,239.9403,952.2758

3147.8320,3.9688,239.9358,952.2665

3148.8320,3.9685,239.9994,952.4316

3149.8320,3.9689,239.9429,952.3064

3150.8320,3.9690,239.8671,952.0369

3151.8320,3.9691,239.8998,952.1761

3152.8320,3.9689,239.9105,952.1710

3153.8320,3.9688,239.9541,952.3281

3154.8320,3.9689,239.9489,952.3226

3155.8330,3.9688,239.9495,952.3031

3156.8320,3.9687,239.9794,952.3969

3157.8320,3.9688,239.9563,952.3279

3158.8320,3.9686,239.9617,952.3238

3159.8320,3.9687,239.9583,952.3134

3160.8320,3.9686,239.9820,952.3924

3161.8330,3.9683,240.0816,952.7216

3162.8320,3.9684,240.0404,952.5784

3163.8320,3.9687,239.9823,952.4115

3164.8330,3.9687,239.9580,952.3315

3165.8320,3.9688,239.9512,952.3208

3166.8330,3.9687,239.9482,952.2909

3167.8330,3.9688,239.9276,952.2337

3168.8320,3.9688,239.9411,952.2863

3169.8320,3.9686,239.9881,952.4093

3170.8330,3.9685,240.0283,952.5471

3171.8320,3.9684,240.0302,952.5366

3172.8320,3.9686,240.0067,952.4802

3173.8320,3.9684,240.0151,952.4757

3174.8320,3.9686,239.9896,952.4116

3175.8320,3.9686,239.9873,952.4228

3176.8330,3.9686,239.9880,952.4059

3177.8320,3.9685,239.9922,952.4041

3178.8320,3.9688,239.9441,952.2893

3179.8320,3.9687,239.9242,952.1849

3180.8320,3.9688,239.9436,952.2786

3181.8320,3.9688,239.9249,952.2258

3182.8320,3.9689,239.9011,952.1443

3183.8320,3.9686,239.9508,952.2629

3184.8330,3.9686,239.9685,952.3503

3185.8320,3.9685,239.9783,952.3538

3186.8320,3.9686,239.9573,952.2911

3187.8320,3.9690,239.8564,951.9850

3188.8330,3.9689,239.8679,952.0012

3189.8320,3.9688,239.9062,952.1304

3190.8320,3.9688,239.9353,952.2483

3191.8320,3.9687,239.9066,952.1217

3192.8330,3.9689,239.9152,952.1888

3193.8320,3.9687,239.9130,952.1458

3194.8320,3.9687,239.9426,952.2605

3195.8320,3.9686,239.9495,952.2706

3196.8320,3.9687,239.9211,952.1778

3197.8320,3.9689,239.8654,952.0122

3198.8320,3.9689,239.8695,952.0158

3199.8320,3.9688,239.9053,952.1473

3200.8320,3.9687,239.9439,952.2636

3201.8320,3.9684,240.0238,952.5142

3202.8320,3.9682,240.0793,952.6764

3203.8320,3.9682,240.0644,952.6350

3204.8330,3.9681,240.0737,952.6262

3205.8330,3.9677,240.1799,952.9673

3206.8320,3.9676,240.2407,953.1698

3207.8320,3.9673,240.2547,953.1532

3208.8330,3.9675,240.2566,953.2221

3209.8330,3.9676,240.2281,953.1214

3210.8320,3.9677,240.1875,953.0037

3211.8320,3.9676,240.2042,953.0268

3212.8320,3.9677,240.1597,952.8874

3213.8320,3.9681,240.0865,952.6777

3214.8320,3.9682,240.0418,952.5324

3215.8320,3.9681,240.0614,952.5759

3216.8320,3.9681,240.0491,952.5505

3217.8320,3.9682,240.0285,952.4810

3218.8320,3.9683,239.9911,952.3636

3219.8320,3.9683,239.9869,952.3500

3220.8320,3.9683,239.9760,952.2897

3221.8330,3.9683,240.0036,952.4023

3222.8320,3.9682,239.9829,952.2960

3223.8320,3.9684,239.9950,952.3910

3224.8320,3.9683,239.9996,952.3852

3225.8330,3.9682,240.0065,952.4019

3226.8320,3.9683,239.9737,952.2968

3227.8320,3.9683,239.9852,952.3380

3228.8320,3.9683,239.9691,952.2805

3229.8320,3.9684,239.9756,952.3194

3230.8320,3.9682,239.9961,952.3562

3231.8320,3.9682,239.9987,952.3741

3232.8320,3.9683,239.9890,952.3532

3233.8320,3.9682,240.0128,952.4231

3234.8320,3.9683,239.9858,952.3445

3235.8320,3.9683,239.9806,952.3241

3236.8330,3.9683,240.0027,952.3932

3237.8320,3.9681,240.0401,952.5023

3238.8320,3.9681,240.0598,952.5715

3239.8320,3.9681,240.0490,952.5283

3240.8320,3.9680,240.0649,952.5784

3241.8320,3.9681,240.0339,952.4831

3242.8320,3.9682,240.0174,952.4408

3243.8320,3.9682,240.0087,952.4014

3244.8320,3.9683,240.0027,952.4059

3245.8320,3.9683,239.9906,952.3557

3246.8320,3.9681,240.0502,952.5325

3247.8320,3.9682,239.9973,952.3689

3248.8320,3.9681,240.0282,952.4658

3249.8320,3.9680,240.0540,952.5295

3250.8320,3.9680,240.0699,952.5914

3251.8320,3.9680,240.0563,952.5402

3252.8320,3.9681,240.0217,952.4341

3253.8320,3.9680,240.0603,952.5559

3254.8330,3.9681,240.0640,952.5969

3255.8320,3.9680,240.0441,952.4926

3256.8320,3.9680,240.0626,952.5704

3257.8320,3.9680,240.0603,952.5496

3258.8320,3.9677,240.1284,952.7525

3259.8330,3.9678,240.1451,952.8559

3260.8330,3.9679,240.1198,952.7602

3261.8320,3.9678,240.0985,952.6730

3262.8320,3.9678,240.0829,952.5924

3263.8320,3.9680,240.0719,952.6096

3264.8320,3.9681,240.0322,952.4757

3265.8320,3.9680,240.0391,952.4747

3266.8330,3.9679,240.0809,952.6230

3267.8320,3.9678,240.1164,952.7337

3268.8320,3.9678,240.0940,952.6469

3269.8320,3.9678,240.1174,952.7347

3270.8320,3.9678,240.0825,952.5944

3271.8320,3.9678,240.0944,952.6497

3272.8320,3.9679,240.0824,952.6194

3273.8320,3.9680,240.0392,952.4788

3274.8320,3.9680,240.0347,952.4560

3275.8320,3.9679,240.0936,952.6638

3276.8330,3.9678,240.0812,952.6011

3277.8320,3.9679,240.0448,952.4749

3278.8320,3.9679,240.0485,952.4810

3279.8320,3.9679,240.0643,952.5500

3280.8320,3.9679,240.0486,952.4940

3281.8320,3.9678,240.0897,952.6232

3282.8320,3.9678,240.0769,952.5877

3283.8320,3.9676,240.1139,952.6845

3284.8330,3.9676,240.1049,952.6513

3285.8320,3.9677,240.1004,952.6437

3286.8320,3.9676,240.1185,952.6944

3287.8320,3.9678,240.0755,952.5602

3288.8320,3.9679,240.0393,952.4429

3289.8320,3.9679,240.0578,952.5165

3290.8320,3.9677,240.0823,952.5811

3291.8320,3.9678,240.0660,952.5329

3292.8320,3.9678,240.0523,952.4823

3293.8320,3.9675,240.1458,952.7792

3294.8320,3.9675,240.1402,952.7554

3295.8320,3.9675,240.1367,952.7325

3296.8320,3.9675,240.1612,952.8276

3297.8320,3.9673,240.1866,952.8936

3298.8320,3.9674,240.1648,952.8304

3299.8320,3.9674,240.1647,952.8366

3300.8320,3.9673,240.1902,952.8950

3301.8320,3.9672,240.2194,952.9878

3302.8320,3.9671,240.2418,953.0636

3303.8320,3.9669,240.2934,953.2249

3304.8320,3.9672,240.2211,953.0071

3305.8320,3.9673,240.1988,952.9296

3306.8320,3.9673,240.1810,952.8819

3307.8320,3.9675,240.1594,952.8372

3308.8320,3.9672,240.1895,952.8805

3309.8330,3.9672,240.2326,953.0399

3310.8320,3.9671,240.2016,952.9026

3311.8320,3.9673,240.1881,952.9043

3312.8320,3.9673,240.1958,952.9289

3313.8320,3.9672,240.1951,952.9010

3314.8320,3.9673,240.1625,952.8079

3315.8320,3.9673,240.1683,952.8102

3316.8320,3.9673,240.1886,952.8968

3317.8320,3.9672,240.1830,952.8563

3318.8320,3.9673,240.1763,952.8540

3319.8330,3.9673,240.1683,952.8197

3320.8320,3.9674,240.1525,952.7722

3321.8320,3.9675,240.1245,952.6923

3322.8320,3.9674,240.1317,952.7065

3323.8330,3.9673,240.1851,952.8769

3324.8320,3.9672,240.1755,952.8237

3325.8320,3.9671,240.2154,952.9626

3326.8320,3.9672,240.1726,952.8215

3327.8320,3.9673,240.1629,952.8015

3328.8320,3.9673,240.1649,952.8000

3329.8330,3.9672,240.1887,952.8678

3330.8320,3.9672,240.1677,952.7937

3331.8320,3.9673,240.1780,952.8508

3332.8320,3.9672,240.2043,952.9360

3333.8320,3.9668,240.2822,953.1558

3334.8320,3.9669,240.2600,953.0964

3335.8320,3.9670,240.2471,953.0561

3336.8320,3.9669,240.2535,953.0595

3337.8320,3.9670,240.2580,953.0993

3338.8320,3.9668,240.2583,953.0649

3339.8320,3.9671,240.2344,953.0357

3340.8320,3.9671,240.2018,952.8933

3341.8320,3.9671,240.2074,952.9364

3342.8320,3.9671,240.2295,953.0134

3343.8320,3.9669,240.2326,952.9782

3344.8320,3.9670,240.2237,952.9691

3345.8320,3.9671,240.1891,952.8652

3346.8320,3.9672,240.1617,952.7608

3347.8320,3.9672,240.1653,952.7846

3348.8320,3.9672,240.1525,952.7423

3349.8320,3.9672,240.1424,952.7022

3350.8320,3.9672,240.1509,952.7306

3351.8320,3.9673,240.1135,952.6123

3352.8330,3.9675,240.0786,952.5070

3353.8320,3.9674,240.0907,952.5276

3354.8320,3.9675,240.0784,952.5203

3355.8320,3.9675,240.0814,952.5279

3356.8320,3.9674,240.1040,952.5826

3357.8320,3.9675,240.0799,952.5206

3358.8330,3.9675,240.0825,952.5231

3359.8320,3.9674,240.0850,952.5218

3360.8320,3.9675,240.0888,952.5415

3361.8330,3.9674,240.0934,952.5466

3362.8320,3.9674,240.0695,952.4570

3363.8320,3.9676,240.0694,952.4896

3364.8320,3.9675,240.0634,952.4415

3365.8320,3.9673,240.1179,952.6212

3366.8320,3.9674,240.1285,952.6759

3367.8320,3.9671,240.1686,952.7682

3368.8320,3.9673,240.1385,952.6938

3369.8320,3.9672,240.1212,952.6081

3370.8320,3.9673,240.1319,952.6845

3371.8320,3.9672,240.1402,952.6779

3372.8320,3.9671,240.1437,952.6717

3373.8330,3.9673,240.1216,952.6303

3374.8320,3.9672,240.1200,952.5924

3375.8320,3.9674,240.1182,952.6355

3376.8330,3.9674,240.0883,952.5178

3377.8320,3.9673,240.1152,952.5987

3378.8320,3.9673,240.1199,952.6273

3379.8320,3.9670,240.1776,952.7882

3380.8320,3.9673,240.1169,952.6197

3381.8320,3.9675,240.0485,952.3885

3382.8320,3.9677,240.0256,952.3405

3383.8320,3.9676,240.0253,952.3218

3384.8320,3.9674,240.0513,952.3871

3385.8320,3.9675,240.0655,952.4503

3386.8320,3.9675,240.0576,952.4179

3387.8320,3.9676,240.0483,952.4137

3388.8320,3.9676,240.0340,952.3483

3389.8320,3.9671,240.1329,952.6258

3390.8330,3.9672,240.1134,952.5829

3391.8330,3.9672,240.1197,952.6054

3392.8320,3.9671,240.1309,952.6344

3393.8320,3.9672,240.1246,952.6195

3394.8320,3.9672,240.1328,952.6508

3395.8320,3.9672,240.1219,952.6064

3396.8320,3.9673,240.0934,952.5251

3397.8320,3.9674,240.1057,952.5939

3398.8320,3.9667,240.2705,953.0715

3399.8320,3.9663,240.3656,953.3618

3400.8330,3.9672,240.1269,952.6286

3401.8320,3.9674,240.0882,952.5302

3402.8320,3.9672,240.0970,952.5235

3403.8320,3.9674,240.0638,952.4279

3404.8320,3.9674,240.0828,952.4993

3405.8320,3.9674,240.0575,952.3988

3406.8320,3.9676,240.0421,952.3793

3407.8320,3.9676,240.0099,952.2696

3408.8320,3.9678,239.9558,952.1025

3409.8320,3.9677,239.9665,952.1234

3410.8320,3.9677,239.9877,952.2106

3411.8320,3.9676,240.0024,952.2316

3412.8320,3.9677,240.0214,952.3244

3413.8320,3.9677,239.9877,952.1962

3414.8330,3.9676,240.0302,952.3366

3415.8320,3.9676,240.0272,952.3313

3416.8320,3.9676,239.9867,952.1750

3417.8320,3.9678,239.9826,952.1914

3418.8330,3.9677,239.9822,952.1760

3419.8320,3.9676,239.9970,952.2115

3420.8320,3.9678,239.9617,952.1097

3421.8320,3.9676,239.9814,952.1521

3422.8320,3.9678,239.9708,952.1445

3423.8320,3.9678,239.9525,952.0872

3424.8320,3.9677,239.9272,951.9706

3425.8320,3.9679,239.9491,952.0882

3426.8330,3.9677,239.9460,952.0336

3427.8330,3.9678,239.9392,952.0223

3428.8330,3.9678,239.9372,952.0176

3429.8320,3.9676,239.9786,952.1355

3430.8320,3.9677,239.9739,952.1545

3431.8320,3.9676,239.9945,952.1983

3432.8320,3.9677,239.9743,952.1406

3433.8330,3.9676,239.9973,952.2120

3434.8320,3.9676,239.9751,952.1355

3435.8330,3.9677,239.9574,952.0828

3436.8320,3.9677,239.9687,952.1287

3437.8320,3.9677,239.9493,952.0460

3438.8320,3.9678,239.9470,952.0597

3439.8320,3.9677,239.9732,952.1311

3440.8320,3.9674,240.0330,952.3147

3441.8320,3.9673,240.0674,952.4128

3442.8320,3.9675,240.0054,952.2261

3443.8320,3.9675,239.9955,952.1864

3444.8330,3.9676,240.0096,952.2529

3445.8320,3.9676,239.9895,952.1912

3446.8320,3.9675,239.9872,952.1465

3447.8320,3.9673,240.0693,952.4317

3448.8320,3.9675,240.0038,952.2236

3449.8320,3.9676,239.9957,952.1985

3450.8330,3.9675,239.9904,952.1695

3451.8320,3.9676,240.0133,952.2808

3452.8320,3.9672,240.0536,952.3463

3453.8330,3.9673,240.0624,952.3916

3454.8320,3.9673,240.0593,952.3915

3455.8320,3.9672,240.0774,952.4310

3456.8320,3.9673,240.0519,952.3543

3457.8320,3.9674,240.0194,952.2514

3458.8320,3.9671,240.0921,952.4776

3459.8320,3.9670,240.1054,952.5086

3460.8330,3.9671,240.0843,952.4439

3461.8320,3.9668,240.1479,952.6182

3462.8330,3.9666,240.2062,952.7966

3463.8320,3.9668,240.1875,952.7649

3464.8320,3.9668,240.1588,952.6567

3465.8320,3.9667,240.1791,952.7266

3466.8320,3.9667,240.1568,952.6420

3467.8320,3.9669,240.1226,952.5491

3468.8320,3.9671,240.0867,952.4380

3469.8320,3.9672,240.0682,952.3925

3470.8320,3.9670,240.0747,952.3864

3471.8320,3.9671,240.0846,952.4353

3472.8330,3.9671,240.0734,952.4003

3473.8320,3.9671,240.0723,952.3905

3474.8320,3.9671,240.0857,952.4482

3475.8320,3.9672,240.0656,952.3876

3476.8330,3.9673,240.0243,952.2590

3477.8330,3.9673,240.0248,952.2497

3478.8320,3.9670,240.0857,952.4241

3479.8320,3.9671,240.0656,952.3743

3480.8320,3.9670,240.0961,952.4595

3481.8320,3.9671,240.0957,952.4818

3482.8320,3.9671,240.0822,952.4203

3483.8320,3.9671,240.0848,952.4397

3484.8320,3.9671,240.0621,952.3477

3485.8320,3.9673,240.0604,952.3828

3486.8320,3.9672,240.0658,952.3826

3487.8320,3.9673,240.0211,952.2306

3488.8320,3.9672,240.0184,952.2085

3489.8320,3.9673,240.0347,952.2912

3490.8320,3.9672,240.0605,952.3671

3491.8320,3.9671,240.0545,952.3212

3492.8320,3.9672,240.0541,952.3369

3493.8330,3.9670,240.0828,952.4206

3494.8320,3.9671,240.0420,952.2757

3495.8320,3.9672,240.0425,952.3031

3496.8320,3.9672,240.0210,952.2097

3497.8320,3.9670,240.0626,952.3314

3498.8320,3.9671,240.0617,952.3413

3499.8320,3.9670,240.0669,952.3382

3500.8320,3.9670,240.0825,952.4055

3501.8330,3.9669,240.0969,952.4327

3502.8320,3.9672,240.0276,952.2423

3503.8320,3.9672,240.0216,952.2197

3504.8320,3.9671,240.0327,952.2453

3505.8320,3.9672,240.0340,952.2583

3506.8330,3.9671,240.0510,952.3051

3507.8320,3.9669,240.0914,952.4096

3508.8320,3.9669,240.1030,952.4589

3509.8320,3.9670,240.0743,952.3651

3510.8320,3.9668,240.1189,952.5009

3511.8320,3.9666,240.1637,952.6374

3512.8320,3.9667,240.1587,952.6284

3513.8320,3.9669,240.1236,952.5365

3514.8320,3.9667,240.1421,952.5816

3515.8330,3.9668,240.1493,952.6128

3516.8320,3.9668,240.1154,952.4960

3517.8320,3.9666,240.1989,952.7685

3518.8320,3.9665,240.1709,952.6484

3519.8320,3.9664,240.2337,952.8697

3520.8330,3.9665,240.1866,952.7035

3521.8320,3.9664,240.2222,952.8249

3522.8320,3.9664,240.2095,952.7688

3523.8320,3.9664,240.1743,952.6332

3524.8320,3.9666,240.1692,952.6505

3525.8320,3.9665,240.1736,952.6571

3526.8330,3.9666,240.1741,952.6655

3527.8320,3.9666,240.1473,952.5722

3528.8320,3.9666,240.1447,952.5674

3529.8320,3.9666,240.1509,952.5751

3530.8320,3.9667,240.1446,952.5697

3531.8320,3.9665,240.1880,952.7038

3532.8320,3.9664,240.1912,952.7001

3533.8320,3.9665,240.1652,952.6186

3534.8320,3.9666,240.1439,952.5492

3535.8320,3.9667,240.1241,952.5019

3536.8320,3.9668,240.1053,952.4383

3537.8330,3.9667,240.1386,952.5551

3538.8320,3.9665,240.1440,952.5393

3539.8320,3.9666,240.1541,952.6015

3540.8330,3.9665,240.1861,952.6935

3541.8320,3.9664,240.1534,952.5419

3542.8320,3.9666,240.1678,952.6519

3543.8320,3.9665,240.1545,952.5656

3544.8320,3.9667,240.1295,952.5261

3545.8320,3.9668,240.0966,952.4039

3546.8320,3.9667,240.1239,952.4901

3547.8320,3.9667,240.1195,952.4865

3548.8320,3.9668,240.0825,952.3566

3549.8320,3.9669,240.1027,952.4525

3550.8320,3.9669,240.0546,952.2776

3551.8320,3.9666,240.1346,952.5208

3552.8320,3.9667,240.1218,952.5003

3553.8320,3.9669,240.0820,952.3732

3554.8320,3.9668,240.0835,952.3739

3555.8320,3.9669,240.0732,952.3347

3556.8320,3.9669,240.0887,952.3993

3557.8320,3.9667,240.1170,952.4800

3558.8330,3.9668,240.0704,952.3199

3559.8320,3.9667,240.1299,952.5261

3560.8320,3.9666,240.1360,952.5320

3561.8320,3.9667,240.1092,952.4470

3562.8320,3.9667,240.1014,952.4199

3563.8330,3.9668,240.0626,952.2860

3564.8320,3.9669,240.0939,952.4289

3565.8330,3.9666,240.1060,952.4148

3566.8320,3.9667,240.1575,952.6308

3567.8330,3.9666,240.1385,952.5297

3568.8320,3.9667,240.1022,952.4188

3569.8320,3.9669,240.0553,952.2770

3570.8320,3.9670,240.0502,952.2710

3571.8320,3.9667,240.0792,952.3262

3572.8330,3.9669,240.0665,952.3305

3573.8320,3.9669,240.0511,952.2534

3574.8320,3.9668,240.0738,952.3225

3575.8320,3.9669,240.0444,952.2377

3576.8320,3.9671,239.9838,952.0337

3577.8320,3.9670,240.0207,952.1551

3578.8320,3.9669,240.0269,952.1583

3579.8320,3.9670,240.0483,952.2595

3580.8320,3.9670,240.0228,952.1605

3581.8320,3.9669,240.0297,952.1736

3582.8320,3.9670,240.0264,952.1862

3583.8320,3.9670,240.0043,952.1069

3584.8320,3.9669,240.0063,952.0922

3585.8320,3.9669,240.0214,952.1499

3586.8330,3.9666,240.1174,952.4519

3587.8320,3.9666,240.1242,952.4646

3588.8320,3.9666,240.1162,952.4357

3589.8330,3.9667,240.1124,952.4453

3590.8320,3.9664,240.1332,952.4726

3591.8320,3.9666,240.0922,952.3398

3592.8320,3.9667,240.1000,952.4030

3593.8320,3.9665,240.1243,952.4422

3594.8320,3.9667,240.0857,952.3503

3595.8320,3.9668,240.0423,952.2005

3596.8320,3.9669,240.0404,952.2119

3597.8320,3.9668,240.0426,952.2100

3598.8320,3.9667,240.0485,952.2056

3599.8320,3.9668,240.0446,952.2145

3600.8320,3.9667,240.0955,952.3864

3601.8320,3.9668,240.0780,952.3352

3602.8320,3.9666,240.1041,952.4023

3603.8320,3.9668,240.0893,952.3770

3604.8320,3.9667,240.0762,952.3016

3605.8320,3.9669,240.0752,952.3473

3606.8320,3.9669,240.0367,952.1970

3607.8320,3.9668,240.0436,952.2139

3608.8320,3.9669,240.0308,952.1829

3609.8320,3.9667,240.0602,952.2439

3610.8320,3.9667,240.0954,952.3820

3611.8320,3.9667,240.0801,952.3225

3612.8330,3.9667,240.0735,952.2922

3613.8320,3.9667,240.0683,952.2719

3614.8320,3.9668,240.0529,952.2383

3615.8320,3.9668,240.0284,952.1509

3616.8320,3.9667,240.0595,952.2418

3617.8330,3.9666,240.0810,952.3149

3618.8320,3.9665,240.0971,952.3353

3619.8320,3.9666,240.1001,952.3771

3620.8320,3.9664,240.1347,952.4619

3621.8320,3.9665,240.1091,952.3871

3622.8320,3.9665,240.0971,952.3386

3623.8320,3.9666,240.0992,952.3815

3624.8320,3.9665,240.1118,952.3921

3625.8320,3.9665,240.1291,952.4751

3626.8320,3.9666,240.0726,952.2732

3627.8320,3.9667,240.0585,952.2431

3628.8320,3.9668,240.0368,952.1722

3629.8320,3.9670,239.9799,951.9897

3630.8320,3.9668,240.0139,952.0872

3631.8320,3.9668,240.0344,952.1643

3632.8320,3.9667,240.0285,952.1268

3633.8320,3.9668,240.0317,952.1594

3634.8320,3.9668,240.0165,952.0929

3635.8320,3.9667,240.0495,952.2077

3636.8330,3.9666,240.0786,952.2928

3637.8320,3.9665,240.0845,952.2998

3638.8320,3.9665,240.0789,952.2755

3639.8320,3.9667,240.0585,952.2402

3640.8320,3.9667,240.0576,952.2379

3641.8320,3.9664,240.0923,952.3121

3642.8330,3.9666,240.0764,952.2925

3643.8320,3.9668,240.0615,952.2670

3644.8320,3.9666,240.0260,952.0903

3645.8320,3.9668,240.0269,952.1363

3646.8320,3.9667,240.0013,952.0098

3647.8320,3.9668,240.0255,952.1318

3648.8320,3.9667,240.0357,952.1384

3649.8330,3.9665,240.0970,952.3503

3650.8320,3.9666,240.1031,952.3821

3651.8320,3.9664,240.0917,952.2904

3652.8320,3.9664,240.1177,952.4041

3653.8330,3.9664,240.1227,952.4109

3654.8320,3.9664,240.1340,952.4667

3655.8320,3.9665,240.0692,952.2273

3656.8320,3.9665,240.0931,952.3247

3657.8320,3.9664,240.0941,952.3178

3658.8320,3.9666,240.0439,952.1674

3659.8320,3.9666,240.0183,952.0676

3660.8330,3.9667,240.0026,952.0154

3661.8320,3.9667,240.0015,952.0130

3662.8330,3.9666,240.0728,952.2658

3663.8320,3.9662,240.0852,952.2312

3664.8320,3.9665,240.0820,952.2905

3665.8320,3.9667,240.0355,952.1372

3666.8330,3.9667,240.0092,952.0421

3667.8320,3.9665,240.0323,952.0810

3668.8330,3.9666,240.0612,952.2222

3669.8320,3.9664,240.0434,952.1164

3670.8320,3.9665,240.0710,952.2512

3671.8320,3.9666,240.0339,952.1261

3672.8320,3.9666,240.0401,952.1346

3673.8320,3.9663,240.1141,952.3605

3674.8320,3.9664,240.1037,952.3481

3675.8320,3.9663,240.1100,952.3508

3676.8320,3.9663,240.1246,952.3961

3677.8320,3.9663,240.1304,952.4297

3678.8320,3.9664,240.0863,952.2820

3679.8320,3.9665,240.0716,952.2395

3680.8320,3.9664,240.0790,952.2493

3681.8320,3.9664,240.0711,952.2241

3682.8320,3.9665,240.0666,952.2191

3683.8330,3.9666,240.0436,952.1569

3684.8320,3.9666,240.0220,952.0712

3685.8320,3.9667,240.0104,952.0398

3686.8320,3.9667,240.0233,952.1042

3687.8320,3.9666,240.0291,952.1083

3688.8320,3.9667,240.0223,952.0965

3689.8320,3.9668,240.0063,952.0552

3690.8320,3.9668,239.9901,951.9813

3691.8320,3.9667,240.0194,952.0950

3692.8320,3.9667,240.0264,952.1021

3693.8320,3.9667,239.9941,951.9833

3694.8320,3.9666,240.0595,952.2115

3695.8320,3.9665,240.0405,952.1327

3696.8320,3.9665,240.0499,952.1633

3697.8320,3.9665,240.0612,952.2046

3698.8320,3.9665,240.0517,952.1768

3699.8320,3.9665,240.0381,952.1225

3700.8320,3.9666,240.0470,952.1593

3701.8320,3.9664,240.0433,952.1152

3702.8330,3.9666,240.0083,952.0281

3703.8320,3.9665,240.0192,952.0461

3704.8330,3.9664,240.0750,952.2249

3705.8320,3.9665,240.0320,952.0902

3706.8320,3.9665,240.0462,952.1314

3707.8320,3.9664,240.0467,952.1264

3708.8320,3.9664,240.0655,952.1963

3709.8320,3.9660,240.1591,952.4709

3710.8320,3.9660,240.1658,952.4868

3711.8320,3.9661,240.1379,952.4111

3712.8320,3.9661,240.1352,952.3978

3713.8320,3.9662,240.0980,952.2731

3714.8320,3.9663,240.0647,952.1792

3715.8320,3.9663,240.0705,952.1898

3716.8320,3.9662,240.1103,952.3282

3717.8330,3.9663,240.1066,952.3282

3718.8330,3.9662,240.1186,952.3490

3719.8320,3.9662,240.1204,952.3562

3720.8330,3.9662,240.0811,952.2204

3721.8320,3.9663,240.0838,952.2510

3722.8330,3.9662,240.1121,952.3222

3723.8320,3.9664,240.0893,952.2848

3724.8320,3.9662,240.1045,952.3107

3725.8330,3.9662,240.1206,952.3691

3726.8320,3.9664,240.0876,952.2882

3727.8320,3.9664,240.0638,952.1773

3728.8320,3.9662,240.1107,952.3264

3729.8330,3.9662,240.0882,952.2417

3730.8330,3.9663,240.1028,952.3109

3731.8320,3.9664,240.0780,952.2399

3732.8320,3.9663,240.0231,952.0150

3733.8320,3.9667,240.0142,952.0544

3734.8320,3.9665,240.0140,952.0230

3735.8330,3.9665,240.0086,952.0008

3736.8320,3.9666,240.0195,952.0694

3737.8320,3.9666,239.9982,951.9732

3738.8320,3.9666,239.9967,951.9694

3739.8320,3.9664,240.0162,952.0078

3740.8320,3.9665,240.0207,952.0537

3741.8320,3.9666,240.0034,951.9939

3742.8320,3.9664,240.0304,952.0658

3743.8320,3.9664,240.0234,952.0315

3744.8320,3.9663,240.0643,952.1665

3745.8320,3.9664,240.0461,952.1160

3746.8320,3.9664,240.0530,952.1412

3747.8320,3.9664,240.0198,952.0241

3748.8320,3.9665,240.0280,952.0602

3749.8320,3.9664,240.0236,952.0308

3750.8320,3.9663,240.0463,952.1030

3751.8320,3.9664,240.0234,952.0355

3752.8320,3.9664,240.0281,952.0538

3753.8320,3.9664,240.0379,952.0815

3754.8320,3.9665,240.0002,951.9562

3755.8320,3.9665,240.0235,952.0480

3756.8320,3.9665,240.0260,952.0523

3757.8320,3.9664,240.0405,952.0948

3758.8330,3.9664,240.0383,952.0837

3759.8320,3.9666,240.0094,952.0220

3760.8320,3.9663,240.0313,952.0465

3761.8320,3.9664,240.0275,952.0531

3762.8330,3.9664,240.0262,952.0505

3763.8320,3.9663,240.0195,952.0001

3764.8320,3.9665,240.0219,952.0395

3765.8330,3.9665,239.9955,951.9411

3766.8320,3.9666,239.9773,951.8875

3767.8320,3.9665,239.9924,951.9320

3768.8320,3.9665,239.9975,951.9423

3769.8320,3.9664,240.0183,952.0157

3770.8320,3.9666,240.0100,952.0136

3771.8320,3.9665,239.9890,951.9229

3772.8320,3.9665,239.9997,951.9474

3773.8320,3.9665,239.9956,951.9496

3774.8320,3.9665,239.9831,951.8951

3775.8320,3.9666,239.9537,951.7921

3776.8320,3.9664,240.0164,951.9898

3777.8320,3.9663,240.0293,952.0387

3778.8320,3.9664,240.0266,952.0368

3779.8320,3.9663,240.0211,951.9863

3780.8330,3.9663,240.0532,952.1182

3781.8320,3.9663,240.0413,952.0678

3782.8320,3.9663,240.0372,952.0540

3783.8320,3.9664,239.9965,951.9325

3784.8320,3.9664,239.9949,951.9152

3785.8320,3.9665,239.9768,951.8733

3786.8320,3.9664,239.9971,951.9318

3787.8320,3.9665,239.9721,951.8478

3788.8320,3.9664,239.9932,951.8985

3789.8320,3.9664,240.0024,951.9405

3790.8320,3.9664,239.9859,951.8845

3791.8320,3.9663,240.0247,952.0055

3792.8320,3.9662,240.0503,952.0894

3793.8320,3.9663,240.0232,952.0046

3794.8320,3.9664,240.0084,951.9667

3795.8320,3.9664,240.0034,951.9554

3796.8320,3.9663,240.0204,952.0032

3797.8320,3.9664,240.0086,951.9706

3798.8320,3.9665,239.9854,951.8995

3799.8320,3.9665,239.9746,951.8571

3800.8320,3.9665,239.9756,951.8666

3801.8320,3.9665,239.9929,951.9274

3802.8320,3.9663,240.0098,951.9554

3803.8320,3.9664,240.0150,951.9998

3804.8320,3.9664,240.0071,951.9680

3805.8320,3.9663,240.0064,951.9286

3806.8320,3.9663,240.0253,952.0172

3807.8320,3.9663,240.0263,952.0187

3808.8320,3.9663,240.0059,951.9472

3809.8320,3.9663,240.0378,952.0610

3810.8320,3.9661,240.0545,952.0819

3811.8320,3.9663,240.0396,952.0583

3812.8320,3.9663,240.0211,951.9967

3813.8320,3.9664,239.9972,951.9180

3814.8320,3.9663,240.0059,951.9400

3815.8320,3.9662,240.0248,951.9981

3816.8320,3.9663,240.0236,951.9994

3817.8320,3.9663,240.0132,951.9612

3818.8320,3.9660,240.0350,951.9881

3819.8320,3.9661,240.0519,952.0734

3820.8320,3.9661,240.0732,952.1436

3821.8320,3.9663,240.0102,951.9435

3822.8320,3.9663,239.9952,951.9019

3823.8320,3.9665,239.9629,951.8181

3824.8320,3.9664,239.9591,951.7664

3825.8320,3.9664,239.9781,951.8460

3826.8320,3.9664,239.9676,951.7989

3827.8320,3.9663,239.9890,951.8771

3828.8320,3.9665,239.9669,951.8211

3829.8320,3.9664,239.9780,951.8414

3830.8330,3.9664,239.9780,951.8391

3831.8320,3.9665,239.9596,951.8039

3832.8320,3.9665,239.9289,951.6835

3833.8320,3.9666,239.9218,951.6856

3834.8320,3.9666,239.9351,951.7268

3835.8320,3.9667,239.9161,951.6663

3836.8320,3.9665,239.9342,951.7060

3837.8320,3.9666,239.9468,951.7710

3838.8320,3.9665,239.9737,951.8513

3839.8320,3.9663,239.9735,951.8073

3840.8320,3.9665,239.9596,951.7953

3841.8320,3.9665,239.9406,951.7199

3842.8320,3.9664,239.9515,951.7491

3843.8320,3.9664,239.9738,951.8278

3844.8320,3.9663,240.0246,952.0202

3845.8320,3.9661,240.0398,952.0175

3846.8320,3.9661,240.0672,952.1401

3847.8320,3.9661,240.0548,952.0912

3848.8320,3.9660,240.0622,952.0755

3849.8330,3.9661,240.0689,952.1371

3850.8320,3.9661,240.0371,952.0197

3851.8320,3.9663,239.9844,951.8523

3852.8320,3.9664,239.9664,951.7987

3853.8320,3.9664,239.9781,951.8534

3854.8320,3.9664,239.9586,951.7652

3855.8320,3.9665,239.9445,951.7376

3856.8320,3.9665,239.9398,951.7117

3857.8320,3.9664,239.9618,951.7790

3858.8320,3.9662,239.9957,951.8737

3859.8320,3.9665,239.9208,951.6433

3860.8320,3.9664,239.9357,951.6911

3861.8320,3.9666,239.9133,951.6515

3862.8320,3.9665,239.9174,951.6392

3863.8320,3.9663,239.9628,951.7585

3864.8320,3.9665,239.9278,951.6747

3865.8330,3.9665,239.8979,951.5604

3866.8320,3.9666,239.8900,951.5572

3867.8330,3.9663,239.9485,951.7101

3868.8320,3.9662,240.0030,951.9117

3869.8320,3.9659,240.0180,951.8988

3870.8330,3.9662,240.0085,951.9272

3871.8320,3.9663,240.0010,951.9092

3872.8320,3.9662,239.9698,951.7777

3873.8320,3.9663,239.9507,951.7232

3874.8320,3.9665,239.9456,951.7369

3875.8330,3.9664,239.9305,951.6652

3876.8320,3.9664,239.9634,951.7897

3877.8320,3.9664,239.9602,951.7662

3878.8320,3.9662,239.9889,951.8390

3879.8320,3.9661,240.0082,951.8937

3880.8320,3.9662,240.0040,951.9083

3881.8330,3.9662,239.9979,951.8894

3882.8320,3.9657,240.1115,952.2082

3883.8320,3.9658,240.1155,952.2430

3884.8320,3.9658,240.0924,952.1611

3885.8320,3.9658,240.1033,952.1962

3886.8320,3.9660,240.0554,952.0532

3887.8320,3.9659,240.0426,951.9942

3888.8320,3.9660,240.0352,951.9877

3889.8320,3.9659,240.0508,952.0240

3890.8320,3.9658,240.0732,952.0737

3891.8320,3.9661,240.0228,951.9476

3892.8320,3.9653,240.2052,952.4824

3893.8320,3.9636,240.6670,953.9064

3894.8320,3.9645,240.4366,953.2212

3895.8330,3.9650,240.2985,952.7933

3896.8320,3.9651,240.2587,952.6615

3897.8320,3.9652,240.2234,952.5366

3898.8320,3.9654,240.1955,952.4806

3899.8320,3.9655,240.1772,952.4124

3900.8320,3.9655,240.1565,952.3507

3901.8320,3.9657,240.1403,952.3157

3902.8320,3.9657,240.1167,952.2287

3903.8320,3.9657,240.1152,952.2147

3904.8320,3.9658,240.1009,952.1847

3905.8320,3.9658,240.1025,952.1914

3906.8330,3.9656,240.1197,952.2288

3907.8320,3.9656,240.1016,952.1498

3908.8320,3.9658,240.0770,952.1006

3909.8320,3.9659,240.0497,952.0198

3910.8320,3.9656,240.1022,952.1601

3911.8320,3.9656,240.1089,952.1819

3912.8320,3.9657,240.1088,952.1929

3913.8320,3.9658,240.0654,952.0577

3914.8320,3.9658,240.0668,952.0636

3915.8320,3.9659,240.0533,952.0277

3916.8320,3.9659,240.0319,951.9505

3917.8320,3.9659,240.0584,952.0451

3918.8320,3.9659,240.0717,952.0902

3919.8320,3.9658,240.0512,951.9982

3920.8320,3.9658,240.0532,952.0116

3921.8320,3.9659,240.0548,952.0319

3922.8320,3.9660,239.9942,951.8105

3923.8320,3.9662,240.0110,951.9202

3924.8320,3.9659,240.0157,951.8830

3925.8320,3.9656,240.0747,952.0522

3926.8320,3.9658,240.0821,952.1242

3927.8320,3.9655,240.1439,952.2869

3928.8330,3.9656,240.1190,952.2239

3929.8330,3.9655,240.1409,952.2882

3930.8320,3.9656,240.1043,952.1665

3931.8320,3.9659,240.0214,951.9042

3932.8320,3.9658,240.0612,952.0334

3933.8320,3.9658,240.0620,952.0300

3934.8320,3.9658,240.0555,952.0121

3935.8320,3.9658,240.0675,952.0547

3936.8320,3.9660,240.0200,951.9135

3937.8320,3.9661,239.9915,951.8182

3938.8320,3.9661,239.9894,951.8158

3939.8320,3.9661,239.9685,951.7358

3940.8320,3.9662,239.9717,951.7756

3941.8320,3.9659,240.0157,951.8833

3942.8320,3.9661,239.9827,951.8026

3943.8320,3.9662,239.9814,951.8180

3944.8320,3.9659,240.0161,951.8871

3945.8320,3.9658,240.0649,952.0581

3946.8320,3.9661,239.9895,951.8180

3947.8320,3.9661,239.9801,951.7790

3948.8320,3.9660,240.0103,951.8787

3949.8320,3.9659,240.0190,951.8972

3950.8320,3.9660,240.0029,951.8563

3951.8330,3.9659,240.0303,951.9313

3952.8320,3.9658,240.0472,951.9725

3953.8320,3.9659,240.0301,951.9355

3954.8320,3.9660,240.0051,951.8706

3955.8320,3.9658,240.0344,951.9291

3956.8320,3.9658,240.0633,952.0333

3957.8320,3.9659,240.0421,951.9732

3958.8320,3.9660,239.9997,951.8351

3959.8330,3.9659,239.9825,951.7580

3960.8320,3.9658,240.0108,951.8372

3961.8330,3.9660,240.0156,951.9046

3962.8320,3.9660,240.0020,951.8360

3963.8320,3.9659,240.0264,951.9204

3964.8330,3.9659,240.0372,951.9548

3965.8320,3.9659,240.0161,951.8825

3966.8320,3.9661,239.9750,951.7554

3967.8320,3.9661,239.9469,951.6633

3968.8330,3.9662,239.9347,951.6227

3969.8320,3.9659,239.9993,951.8047

3970.8320,3.9660,239.9878,951.7998

3971.8320,3.9661,239.9967,951.8419

3972.8320,3.9659,239.9826,951.7474

3973.8320,3.9653,240.1766,952.3669

3974.8330,3.9660,240.0008,951.8336

3975.8320,3.9663,239.9056,951.5352

3976.8330,3.9663,239.9080,951.5438

3977.8320,3.9662,239.9271,951.6099

3978.8320,3.9662,239.9269,951.6009

3979.8320,3.9662,239.9069,951.5257

3980.8320,3.9663,239.8989,951.5125

3981.8320,3.9663,239.9005,951.5185

3982.8320,3.9665,239.8481,951.3457

3983.8330,3.9665,239.8389,951.3266

3984.8320,3.9665,239.8565,951.3903

3985.8320,3.9663,239.8839,951.4595

3986.8320,3.9663,239.8906,951.4806

3987.8320,3.9664,239.8705,951.4217

3988.8320,3.9664,239.8880,951.4956

3989.8330,3.9663,239.8819,951.4413

3990.8320,3.9661,239.9715,951.7608

3991.8320,3.9657,240.0420,951.9312

3992.8320,3.9661,239.9629,951.7240

3993.8320,3.9663,239.8925,951.4872

3994.8330,3.9663,239.8966,951.4917

3995.8320,3.9664,239.8613,951.3886

3996.8320,3.9664,239.8335,951.2823

3997.8320,3.9665,239.8474,951.3506

3998.8320,3.9663,239.8855,951.4567

3999.8320,3.9663,239.9077,951.5503

4000.8330,3.9663,239.8686,951.3962

4001.8320,3.9663,239.8707,951.4080

4002.8320,3.9664,239.8816,951.4543

4003.8320,3.9664,239.8775,951.4410

4004.8320,3.9664,239.8611,951.3882

4005.8330,3.9665,239.8479,951.3500

4006.8320,3.9663,239.8817,951.4407

4007.8320,3.9663,239.8928,951.4819

4008.8330,3.9663,239.8700,951.4005

4009.8320,3.9662,239.8841,951.4369

4010.8320,3.9665,239.8829,951.4867

4011.8320,3.9662,239.9006,951.4984

4012.8320,3.9663,239.8842,951.4576

4013.8320,3.9662,239.9049,951.5088

4014.8320,3.9662,239.9062,951.5211

4015.8320,3.9662,239.8982,951.4889

4016.8320,3.9662,239.9156,951.5619

4017.8320,3.9663,239.8764,951.4327

4018.8330,3.9664,239.8611,951.3924

4019.8320,3.9661,239.9143,951.5278

4020.8330,3.9662,239.9068,951.5287

4021.8320,3.9662,239.8945,951.4636

4022.8320,3.9664,239.8681,951.4179

4023.8320,3.9664,239.8720,951.4208

4024.8330,3.9662,239.9098,951.5392

4025.8320,3.9662,239.8999,951.4967

4026.8320,3.9662,239.9132,951.5503

4027.8320,3.9659,240.0146,951.8660

4028.8320,3.9657,240.0585,952.0016

4029.8320,3.9656,240.0570,951.9712

4030.8320,3.9656,240.0630,951.9965

4031.8320,3.9657,240.0437,951.9394

4032.8320,3.9658,239.9985,951.7980

4033.8320,3.9660,239.9754,951.7361

4034.8320,3.9660,239.9607,951.6933

4035.8320,3.9660,239.9639,951.6903

4036.8320,3.9659,240.0064,951.8385

4037.8320,3.9659,240.0033,951.8291

4038.8320,3.9660,239.9790,951.7552

4039.8320,3.9660,239.9763,951.7461

4040.8320,3.9662,239.9282,951.5969

4041.8320,3.9662,239.9251,951.5854

4042.8320,3.9662,239.9067,951.5261

4043.8320,3.9663,239.8815,951.4488

4044.8320,3.9663,239.8744,951.4157

4045.8320,3.9661,239.9212,951.5528

4046.8320,3.9663,239.9081,951.5360

4047.8320,3.9662,239.9095,951.5220

4048.8330,3.9660,239.9243,951.5460

4049.8320,3.9662,239.9040,951.5174

4050.8320,3.9661,239.8831,951.4120

4051.8320,3.9664,239.8841,951.4832

4052.8320,3.9662,239.8992,951.4999

4053.8320,3.9664,239.8644,951.4031

4054.8320,3.9666,239.8447,951.3622

4055.8320,3.9666,239.8101,951.2271

4056.8320,3.9664,239.8510,951.3493

4057.8320,3.9662,239.9022,951.5080

4058.8320,3.9662,239.8918,951.4575

4059.8320,3.9665,239.8576,951.3929

4060.8320,3.9664,239.8443,951.3099

4061.8320,3.9663,239.8627,951.3723

4062.8320,3.9664,239.8628,951.3932

4063.8320,3.9662,239.8522,951.3052

4064.8320,3.9665,239.8543,951.3723

4065.8320,3.9665,239.8220,951.2499

4066.8320,3.9665,239.8268,951.2765

4067.8320,3.9665,239.8307,951.2803

4068.8320,3.9664,239.8467,951.3309

4069.8320,3.9664,239.8493,951.3307

4070.8320,3.9665,239.8219,951.2631

4071.8320,3.9665,239.8060,951.1880

4072.8320,3.9665,239.8480,951.3494

4073.8320,3.9664,239.8175,951.2236

4074.8320,3.9665,239.8130,951.2199

4075.8320,3.9664,239.8561,951.3712

4076.8320,3.9662,239.9045,951.5054

4077.8330,3.9661,239.9260,951.5745

4078.8320,3.9659,239.9622,951.6692

4079.8320,3.9655,240.0623,951.9735

4080.8320,3.9657,240.0400,951.9329

4081.8320,3.9656,240.0399,951.9000

4082.8330,3.9657,240.0329,951.9021

4083.8320,3.9659,239.9588,951.6556

4084.8320,3.9661,239.9174,951.5366

4085.8330,3.9663,239.8738,951.4159

4086.8320,3.9664,239.8642,951.3858

4087.8320,3.9669,239.7480,951.0494

4088.8320,3.9670,239.6818,950.8155

4089.8320,3.9669,239.7040,950.8909

4090.8320,3.9669,239.7218,950.9435

4091.8320,3.9668,239.7213,950.9369

4092.8320,3.9668,239.7398,950.9935

4093.8330,3.9669,239.7333,950.9907

4094.8320,3.9669,239.7157,950.9360

4095.8320,3.9668,239.7125,950.8975

4096.8320,3.9669,239.7325,951.0060

4097.8320,3.9669,239.6885,950.8273

4098.8320,3.9673,239.6294,950.6789

4099.8320,3.9670,239.6720,950.7887

4100.8320,3.9673,239.6357,950.6979

4101.8320,3.9672,239.6216,950.6247

4102.8320,3.9673,239.6147,950.6237

4103.8320,3.9673,239.6296,950.6786

4104.8320,3.9671,239.6706,950.7892

4105.8320,3.9668,239.7244,950.9368

4106.8320,3.9665,239.8159,951.2412

4107.8320,3.9667,239.7826,951.1360

4108.8330,3.9667,239.7511,951.0206

4109.8320,3.9667,239.7443,950.9981

4110.8320,3.9669,239.7290,950.9781

4111.8320,3.9668,239.7237,950.9332

4112.8320,3.9668,239.7285,950.9519

4113.8320,3.9667,239.7546,951.0374

4114.8330,3.9668,239.7332,950.9749

4115.8330,3.9667,239.7324,950.9572

4116.8320,3.9669,239.7064,950.8948

4117.8320,3.9670,239.6997,950.8893

4118.8320,3.9672,239.6446,950.7177

4119.8320,3.9671,239.6276,950.6307

4120.8320,3.9670,239.6722,950.7868

4121.8320,3.9668,239.7057,950.8689

4122.8320,3.9670,239.6979,950.8698

4123.8320,3.9667,239.7589,951.0478

4124.8320,3.9668,239.7058,950.8687

4125.8320,3.9669,239.7099,950.8965

4126.8330,3.9667,239.7361,950.9698

4127.8320,3.9668,239.7220,950.9182

4128.8320,3.9666,239.7451,950.9844

4129.8320,3.9664,239.8037,951.1593

4130.8320,3.9665,239.8334,951.2885

4131.8320,3.9666,239.7378,950.9505

4132.8320,3.9666,239.7600,951.0343

4133.8320,3.9669,239.7154,950.9194

4134.8320,3.9666,239.7615,951.0427

4135.8320,3.9665,239.7871,951.1254

4136.8320,3.9667,239.7587,951.0497

4137.8320,3.9667,239.7652,951.0775

4138.8330,3.9667,239.7480,951.0024

4139.8320,3.9668,239.7290,950.9524

4140.8320,3.9668,239.7299,950.9508

4141.8320,3.9667,239.7452,950.9992

4142.8320,3.9668,239.7237,950.9388

4143.8320,3.9666,239.7400,950.9610

4144.8320,3.9666,239.7903,951.1486

4145.8320,3.9664,239.7955,951.1277

4146.8320,3.9666,239.7778,951.1030

4147.8330,3.9667,239.7428,950.9771

4148.8330,3.9667,239.7338,950.9608

4149.8320,3.9668,239.7183,950.9125

4150.8330,3.9666,239.7678,951.0680

4151.8320,3.9666,239.7638,951.0549

4152.8320,3.9666,239.7888,951.1523

4153.8320,3.9665,239.7941,951.1341

4154.8330,3.9666,239.7606,951.0344

4155.8320,3.9666,239.7697,951.0756

4156.8320,3.9666,239.7764,951.0863

4157.8320,3.9663,239.8419,951.2847

4158.8320,3.9662,239.8643,951.3575

4159.8320,3.9662,239.8668,951.3642

4160.8320,3.9662,239.8692,951.3656

4161.8320,3.9662,239.8855,951.4321

4162.8320,3.9662,239.8740,951.3987

4163.8330,3.9660,239.9067,951.4711

4164.8320,3.9660,239.9370,951.5946

4165.8320,3.9657,239.9592,951.6040

4166.8320,3.9659,239.9553,951.6388

4167.8320,3.9659,239.9570,951.6346

4168.8320,3.9661,239.8941,951.4420

4169.8320,3.9663,239.8724,951.3970

4170.8320,3.9661,239.9079,951.5031

4171.8320,3.9659,239.9480,951.5987

4172.8320,3.9659,239.9363,951.5740

4173.8320,3.9660,239.9304,951.5742

4174.8330,3.9660,239.9261,951.5483

4175.8320,3.9664,239.8358,951.2819

4176.8320,3.9664,239.8183,951.2057

4177.8320,3.9664,239.7890,951.1060

4178.8320,3.9665,239.8120,951.2150

4179.8330,3.9665,239.7953,951.1480

4180.8330,3.9666,239.7798,951.1212

4181.8320,3.9665,239.7808,951.1018

4182.8320,3.9666,239.7461,950.9815

4183.8320,3.9669,239.6931,950.8366

4184.8320,3.9670,239.6872,950.8295

4185.8320,3.9662,239.8479,951.2893

4186.8330,3.9664,239.8193,951.2217

4187.8330,3.9666,239.7821,951.1140

4188.8320,3.9664,239.7964,951.1372

4189.8320,3.9664,239.8160,951.2061

4190.8320,3.9665,239.7873,951.1157

4191.8320,3.9663,239.8408,951.2915

4192.8330,3.9662,239.8749,951.3916

4193.8320,3.9662,239.8782,951.3978

4194.8320,3.9665,239.7865,951.1042

4195.8320,3.9665,239.7912,951.1395

4196.8320,3.9663,239.8519,951.3184

4197.8320,3.9661,239.8555,951.2889

4198.8320,3.9664,239.8248,951.2359

4199.8320,3.9667,239.7724,951.0940

4200.8320,3.9667,239.7847,951.1431

4201.8320,3.9665,239.7826,951.0886

4202.8320,3.9666,239.7476,950.9859

4203.8320,3.9666,239.7485,950.9870

4204.8320,3.9665,239.7999,951.1557

4205.8320,3.9664,239.8168,951.2102

4206.8320,3.9666,239.7596,951.0285

4207.8320,3.9662,239.8432,951.2760

4208.8320,3.9657,239.9840,951.7134

4209.8320,3.9659,239.9464,951.5965

4210.8320,3.9660,239.9155,951.5072

4211.8320,3.9663,239.8648,951.3659

4212.8320,3.9661,239.8973,951.4458

4213.8320,3.9663,239.8395,951.2868

4214.8320,3.9663,239.8309,951.2503

4215.8320,3.9662,239.8656,951.3486

4216.8320,3.9665,239.7882,951.1308

4217.8320,3.9666,239.7665,951.0519

4218.8320,3.9666,239.7588,951.0350

4219.8320,3.9666,239.7664,951.0609

4220.8330,3.9665,239.7697,951.0420

4221.8320,3.9668,239.7280,950.9448

4222.8320,3.9669,239.7148,950.9142

4223.8320,3.9668,239.6974,950.8256

4224.8320,3.9669,239.6780,950.7786

4225.8320,3.9668,239.6879,950.8011

4226.8320,3.9668,239.7083,950.8791

4227.8320,3.9668,239.6970,950.8412

4228.8320,3.9668,239.6852,950.7877

4229.8320,3.9669,239.6949,950.8443

4230.8320,3.9667,239.7303,950.9310

4231.8320,3.9667,239.7148,950.8855

4232.8320,3.9668,239.7296,950.9489

4233.8320,3.9667,239.7203,950.9036

4234.8330,3.9667,239.7470,951.0030

4235.8320,3.9667,239.7284,950.9270

4236.8330,3.9668,239.7010,950.8578

4237.8320,3.9668,239.6977,950.8441

4238.8320,3.9668,239.7131,950.8896

4239.8320,3.9666,239.7391,950.9458

4240.8320,3.9664,239.8003,951.1499

4241.8320,3.9664,239.7989,951.1464

4242.8320,3.9667,239.7419,950.9831

4243.8320,3.9666,239.7498,950.9901

4244.8320,3.9664,239.7835,951.0814

4245.8320,3.9666,239.7679,951.0521

4246.8320,3.9667,239.7491,951.0014

4247.8320,3.9667,239.7331,950.9433

4248.8320,3.9667,239.7476,950.9954

4249.8320,3.9664,239.7941,951.1310

4250.8320,3.9665,239.7792,951.0932

4251.8330,3.9666,239.7622,951.0442

4252.8320,3.9666,239.7499,950.9943

4253.8320,3.9667,239.7569,951.0399

4254.8320,3.9667,239.7380,950.9584

4255.8320,3.9668,239.7151,950.8922

4256.8320,3.9667,239.7284,950.9358

4257.8320,3.9667,239.6910,950.7909

4258.8320,3.9668,239.7367,950.9772

4259.8320,3.9665,239.7710,951.0509

4260.8320,3.9665,239.7773,951.0760

4261.8320,3.9664,239.8113,951.1934

4262.8320,3.9663,239.8345,951.2442

4263.8320,3.9664,239.7853,951.0943

4264.8320,3.9665,239.7936,951.1506

4265.8320,3.9664,239.8148,951.1990

4266.8320,3.9664,239.7850,951.0758

4267.8320,3.9666,239.7846,951.1195

4268.8320,3.9666,239.7733,951.0874

4269.8320,3.9668,239.7153,950.8971

4270.8320,3.9668,239.6878,950.7921

4271.8320,3.9668,239.6969,950.8218

4272.8320,3.9668,239.7263,950.9386

4273.8320,3.9667,239.7528,951.0372

4274.8320,3.9667,239.7175,950.8908

4275.8320,3.9668,239.7110,950.8760

4276.8320,3.9667,239.7105,950.8708

4277.8320,3.9668,239.7283,950.9595

4278.8320,3.9668,239.7037,950.8592

4279.8320,3.9668,239.7012,950.8457

4280.8320,3.9669,239.6782,950.7893

4281.8320,3.9671,239.6272,950.6230

4282.8320,3.9670,239.6447,950.6768

4283.8320,3.9671,239.6520,950.7280

4284.8320,3.9671,239.6163,950.5830

4285.8320,3.9672,239.6120,950.5940

4286.8320,3.9670,239.6354,950.6447

4287.8320,3.9672,239.6286,950.6492

4288.8320,3.9671,239.6269,950.6257

4289.8320,3.9672,239.6062,950.5741

4290.8320,3.9672,239.6193,950.6080

4291.8320,3.9672,239.6212,950.6159

4292.8320,3.9670,239.6612,950.7412

4293.8320,3.9671,239.6468,950.6987

4294.8320,3.9671,239.6469,950.7107

4295.8320,3.9670,239.6779,950.7907

4296.8330,3.9671,239.6634,950.7677

4297.8320,3.9671,239.6191,950.6028

4298.8320,3.9672,239.6122,950.5826

4299.8320,3.9672,239.6289,950.6573

4300.8320,3.9672,239.6092,950.5849

4301.8320,3.9673,239.6085,950.5908

4302.8320,3.9672,239.5989,950.5475

4303.8320,3.9671,239.6388,950.6816

4304.8330,3.9670,239.6706,950.7717

4305.8330,3.9667,239.7219,950.9160

4306.8320,3.9666,239.7624,951.0535

4307.8320,3.9665,239.7994,951.1715

4308.8320,3.9664,239.7822,951.0703

4309.8320,3.9666,239.7891,951.1362

4310.8320,3.9664,239.8379,951.2925

4311.8330,3.9661,239.8771,951.3764

4312.8320,3.9663,239.8566,951.3358

4313.8320,3.9664,239.8178,951.2200

4314.8320,3.9666,239.7715,951.0812

4315.8320,3.9667,239.7296,950.9447

4316.8320,3.9665,239.7881,951.1281

4317.8320,3.9667,239.7586,951.0444

4318.8320,3.9668,239.7045,950.8569

4319.8320,3.9672,239.6306,950.6552

4320.8320,3.9672,239.6026,950.5619

4321.8320,3.9671,239.6253,950.6283

4322.8320,3.9670,239.6499,950.7007

4323.8320,3.9671,239.6655,950.7677

4324.8320,3.9672,239.6152,950.5922

4325.8320,3.9672,239.6233,950.6226

4326.8320,3.9672,239.6257,950.6314

4327.8320,3.9673,239.6224,950.6486

4328.8330,3.9672,239.6408,950.6939

4329.8320,3.9672,239.6281,950.6471

4330.8320,3.9670,239.6459,950.6745

4331.8320,3.9669,239.6789,950.7754

4332.8320,3.9669,239.7350,951.0044

4333.8320,3.9670,239.6634,950.7552

4334.8330,3.9671,239.6103,950.5626

4335.8320,3.9672,239.6552,950.7559

4336.8320,3.9672,239.6279,950.6603

4337.8320,3.9672,239.6198,950.6135

4338.8320,3.9671,239.6422,950.6938

4339.8320,3.9673,239.6021,950.5768

4340.8330,3.9673,239.5921,950.5432

4341.8320,3.9673,239.5703,950.4507

4342.8320,3.9673,239.5699,950.4550

4343.8320,3.9673,239.5754,950.4782

4344.8320,3.9672,239.5986,950.5409

4345.8320,3.9672,239.5997,950.5474

4346.8320,3.9670,239.6635,950.7482

4347.8320,3.9670,239.6527,950.6976

4348.8320,3.9672,239.6180,950.6029

4349.8330,3.9671,239.6435,950.6818

4350.8320,3.9671,239.6175,950.5950

4351.8320,3.9673,239.6196,950.6385

4352.8330,3.9673,239.5758,950.4625

4353.8320,3.9673,239.5799,950.4880

4354.8320,3.9673,239.6014,950.5659

4355.8320,3.9671,239.6154,950.5831

4356.8320,3.9673,239.5879,950.5175

4357.8320,3.9673,239.5923,950.5229

4358.8320,3.9672,239.5975,950.5366

4359.8320,3.9672,239.5785,950.4593

4360.8320,3.9672,239.5921,950.5132

4361.8320,3.9668,239.7045,950.8692

4362.8320,3.9667,239.7308,950.9286

4363.8320,3.9666,239.7633,951.0500

4364.8320,3.9666,239.7561,951.0189

4365.8320,3.9665,239.7960,951.1453

4366.8330,3.9665,239.7753,951.0779

4367.8320,3.9665,239.7823,951.1049

4368.8320,3.9664,239.8153,951.1945

4369.8330,3.9663,239.8339,951.2622

4370.8320,3.9663,239.8314,951.2488

4371.8320,3.9663,239.8174,951.1974

4372.8320,3.9667,239.7448,950.9999

4373.8320,3.9669,239.7049,950.8953

4374.8320,3.9666,239.7277,950.9155

4375.8320,3.9668,239.7331,950.9655

4376.8320,3.9666,239.7357,950.9375

4377.8320,3.9669,239.6898,950.8176

4378.8320,3.9668,239.7117,950.8977

4379.8320,3.9670,239.6887,950.8520

4380.8320,3.9669,239.6610,950.7198

4381.8320,3.9669,239.6905,950.8393

4382.8320,3.9669,239.6763,950.7649

4383.8320,3.9671,239.6419,950.6860

4384.8320,3.9673,239.5919,950.5323

4385.8320,3.9671,239.6388,950.6626

4386.8320,3.9671,239.6326,950.6502

4387.8330,3.9669,239.6811,950.7910

4388.8320,3.9667,239.7448,950.9888

4389.8320,3.9668,239.7094,950.8760

4390.8320,3.9669,239.6872,950.8089

4391.8320,3.9661,239.8614,951.3226

4392.8320,3.9669,239.6961,950.8577

4393.8320,3.9671,239.6145,950.5713

4394.8330,3.9672,239.5949,950.5207

4395.8320,3.9672,239.5745,950.4412

4396.8320,3.9673,239.6102,950.5974

4397.8320,3.9671,239.6159,950.5891

4398.8320,3.9671,239.6148,950.5813

4399.8320,3.9672,239.6049,950.5561

4400.8320,3.9673,239.5883,950.5097

4401.8320,3.9672,239.6260,950.6467

4402.8320,3.9672,239.5996,950.5307

4403.8320,3.9666,239.7375,950.9472

4404.8320,3.9668,239.7248,950.9330

4405.8320,3.9668,239.7035,950.8642

4406.8320,3.9670,239.6702,950.7610

4407.8330,3.9668,239.6950,950.8340

4408.8320,3.9670,239.6704,950.7671

4409.8320,3.9670,239.6563,950.7177

4410.8330,3.9671,239.6398,950.6706

4411.8320,3.9672,239.6295,950.6557

4412.8320,3.9671,239.6385,950.6588

4413.8320,3.9673,239.6071,950.5857

4414.8320,3.9672,239.6171,950.5980

4415.8320,3.9671,239.6264,950.6159

4416.8320,3.9672,239.6428,950.7054

4417.8320,3.9670,239.6490,950.6847

4418.8320,3.9671,239.6448,950.6942

4419.8320,3.9671,239.6460,950.6976

4420.8320,3.9672,239.6217,950.6179

4421.8320,3.9673,239.6083,950.5884

4422.8320,3.9670,239.6496,950.6867

4423.8320,3.9670,239.6685,950.7697

4424.8320,3.9670,239.6581,950.7196

4425.8320,3.9670,239.6528,950.7045

4426.8330,3.9670,239.6521,950.7004

4427.8320,3.9671,239.6077,950.5544

4428.8320,3.9671,239.6257,950.6229

4429.8320,3.9670,239.6632,950.7354

4430.8320,3.9669,239.6850,950.7963

4431.8320,3.9670,239.6480,950.6785

4432.8320,3.9670,239.6528,950.7078

4433.8320,3.9671,239.6161,950.5854

4434.8320,3.9671,239.5960,950.4946

4435.8320,3.9673,239.5843,950.4943

4436.8320,3.9673,239.5721,950.4462

4437.8320,3.9672,239.5705,950.4356

4438.8320,3.9672,239.6121,950.5799

4439.8320,3.9669,239.6458,950.6569

4440.8320,3.9669,239.6808,950.8008

4441.8320,3.9669,239.6639,950.7225

4442.8320,3.9671,239.6381,950.6700

4443.8320,3.9668,239.7085,950.8744

4444.8320,3.9667,239.7140,950.8816

4445.8320,3.9669,239.7068,950.8843

4446.8320,3.9669,239.6809,950.7893

4447.8320,3.9670,239.6491,950.6782

4448.8320,3.9669,239.6890,950.8138

4449.8320,3.9668,239.7080,950.8670

4450.8320,3.9670,239.6606,950.7418

4451.8320,3.9669,239.6813,950.7894

4452.8320,3.9670,239.6686,950.7683

4453.8320,3.9669,239.6795,950.7883

4454.8320,3.9669,239.6888,950.8313

4455.8320,3.9669,239.6620,950.7149

4456.8320,3.9670,239.6621,950.7450

4457.8320,3.9670,239.6468,950.6860

4458.8320,3.9671,239.6756,950.8080

4459.8320,3.9670,239.6887,950.8356

4460.8320,3.9670,239.6487,950.6939

4461.8320,3.9671,239.6541,950.7366

4462.8320,3.9670,239.6476,950.6767

4463.8320,3.9671,239.6537,950.7329

4464.8330,3.9669,239.6852,950.7996

4465.8320,3.9670,239.6833,950.8194

4466.8320,3.9669,239.6982,950.8520

4467.8320,3.9667,239.7306,950.9429

4468.8320,3.9667,239.7297,950.9346

4469.8320,3.9669,239.6812,950.7964

4470.8320,3.9671,239.6465,950.7017

4471.8320,3.9670,239.6351,950.6388

4472.8320,3.9668,239.6726,950.7387

4473.8320,3.9669,239.7150,950.9149

4474.8320,3.9668,239.6737,950.7465

4475.8320,3.9668,239.7044,950.8531

4476.8330,3.9668,239.6733,950.7477

4477.8320,3.9669,239.6695,950.7422

4478.8320,3.9666,239.7484,950.9978

4479.8320,3.9667,239.7212,950.9042

4480.8320,3.9669,239.6689,950.7426

4481.8320,3.9669,239.6668,950.7274

4482.8320,3.9669,239.6754,950.7741

4483.8320,3.9669,239.6761,950.7722

4484.8320,3.9669,239.6742,950.7579

4485.8320,3.9669,239.6937,950.8362

4486.8330,3.9669,239.6992,950.8673

4487.8320,3.9668,239.7083,950.8790

4488.8320,3.9667,239.7370,950.9597

4489.8320,3.9664,239.8431,951.3049

4490.8320,3.9666,239.7690,951.0710

4491.8330,3.9668,239.7122,950.8844

4492.8320,3.9668,239.7386,950.9925

4493.8330,3.9668,239.7427,951.0013

4494.8320,3.9667,239.7595,951.0485

4495.8320,3.9667,239.7287,950.9317

4496.8330,3.9667,239.7298,950.9424

4497.8320,3.9665,239.7818,951.0919

4498.8320,3.9666,239.7629,951.0332

4499.8330,3.9666,239.7521,951.0090

4500.8320,3.9666,239.7579,951.0169

4501.8320,3.9666,239.7562,951.0109

4502.8320,3.9666,239.7605,951.0372

4503.8320,3.9666,239.7278,950.9012

4504.8320,3.9666,239.7574,951.0266

4505.8320,3.9667,239.7403,950.9699

4506.8330,3.9666,239.7250,950.8876

4507.8320,3.9666,239.7563,951.0143

4508.8320,3.9667,239.7498,951.0087

4509.8320,3.9666,239.7459,950.9718

4510.8320,3.9666,239.7556,951.0150

4511.8320,3.9668,239.7139,950.8957

4512.8330,3.9668,239.7158,950.9047

4513.8320,3.9669,239.7042,950.8769

4514.8320,3.9668,239.6984,950.8427

4515.8320,3.9669,239.6961,950.8531

4516.8320,3.9669,239.6855,950.8000

4517.8320,3.9670,239.6720,950.7688

4518.8320,3.9670,239.6523,950.7038

4519.8320,3.9669,239.6897,950.8272

4520.8320,3.9670,239.6810,950.8180

4521.8320,3.9670,239.6691,950.7790

4522.8320,3.9670,239.6638,950.7498

4523.8320,3.9669,239.6827,950.7882

4524.8320,3.9671,239.6487,950.7059

4525.8320,3.9672,239.6375,950.6951

4526.8320,3.9671,239.6710,950.8056

4527.8320,3.9667,239.7160,950.8878

4528.8320,3.9670,239.6943,950.8563

4529.8320,3.9670,239.6838,950.8154

4530.8320,3.9670,239.6930,950.8506

4531.8320,3.9669,239.6974,950.8568

4532.8320,3.9669,239.7016,950.8603

4533.8320,3.9668,239.6897,950.8062

4534.8320,3.9668,239.7155,950.9023

4535.8330,3.9668,239.7264,950.9546

4536.8320,3.9667,239.7107,950.8641

4537.8320,3.9669,239.7073,950.8944

4538.8330,3.9668,239.7062,950.8609

4539.8320,3.9668,239.7159,950.9029

4540.8320,3.9670,239.6551,950.7162

4541.8320,3.9667,239.7262,950.9174

4542.8320,3.9668,239.7215,950.9172

4543.8320,3.9670,239.6943,950.8582

4544.8320,3.9668,239.7016,950.8465

4545.8320,3.9669,239.6979,950.8570

4546.8320,3.9665,239.7717,951.0569

4547.8320,3.9666,239.7588,951.0321

4548.8320,3.9667,239.7379,950.9750

4549.8320,3.9667,239.7383,950.9642

4550.8320,3.9667,239.7401,950.9760

4551.8320,3.9668,239.7253,950.9347

4552.8320,3.9668,239.7144,950.8936

4553.8320,3.9670,239.6806,950.8033

4554.8320,3.9669,239.6789,950.7911

4555.8320,3.9670,239.6680,950.7652

4556.8320,3.9669,239.7127,950.9063

4557.8320,3.9668,239.7150,950.8993

4558.8320,3.9668,239.7118,950.8983

4559.8320,3.9668,239.7172,950.9204

4560.8320,3.9670,239.6932,950.8717

4561.8320,3.9668,239.6869,950.7978

4562.8320,3.9672,239.6464,950.7228

4563.8320,3.9671,239.6549,950.7322

4564.8320,3.9671,239.6423,950.6951

4565.8320,3.9668,239.7152,950.9072

4566.8320,3.9667,239.7489,951.0103

4567.8320,3.9666,239.7642,951.0503

4568.8320,3.9658,239.9644,951.6566

4569.8320,3.9662,239.8503,951.3003

4570.8320,3.9664,239.8212,951.2346

4571.8320,3.9663,239.8406,951.2822

4572.8320,3.9662,239.8498,951.3017

4573.8320,3.9663,239.8451,951.3051

4574.8320,3.9660,239.8901,951.4044

4575.8320,3.9660,239.9379,951.5874

4576.8320,3.9664,239.8255,951.2367

4577.8320,3.9664,239.8043,951.1662

4578.8320,3.9664,239.8365,951.2959

4579.8320,3.9665,239.8047,951.1816

4580.8320,3.9660,239.9117,951.4925

4581.8320,3.9659,239.9384,951.5705

4582.8320,3.9663,239.8648,951.3658

4583.8320,3.9665,239.8022,951.1704

4584.8320,3.9665,239.8128,951.2091

4585.8320,3.9660,239.9204,951.5270

4586.8320,3.9661,239.8999,951.4764

4587.8320,3.9662,239.8661,951.3603

4588.8320,3.9659,239.9397,951.5871

4589.8320,3.9660,239.9334,951.5806

4590.8320,3.9664,239.8059,951.1603

4591.8320,3.9665,239.8102,951.2027

4592.8320,3.9664,239.8278,951.2606

4593.8320,3.9659,239.9849,951.7446

4594.8330,3.9663,239.8657,951.3733

4595.8320,3.9664,239.8378,951.2826

4596.8320,3.9665,239.8093,951.1996

4597.8320,3.9660,239.9271,951.5487

4598.8330,3.9660,239.9499,951.6450

4599.8320,3.9661,239.9311,951.5865

4600.8320,3.9660,239.9050,951.4722

4601.8320,3.9663,239.8594,951.3648

4602.8320,3.9667,239.7781,951.1225

4603.8320,3.9665,239.7965,951.1478

4604.8320,3.9665,239.8064,951.1863

4605.8320,3.9666,239.7688,951.0638

4606.8320,3.9666,239.7709,951.0819

4607.8320,3.9666,239.7657,951.0517

4608.8320,3.9667,239.7545,951.0316

4609.8320,3.9667,239.7488,951.0092

4610.8320,3.9667,239.7371,950.9644

4611.8320,3.9667,239.7325,950.9573

4612.8320,3.9668,239.7104,950.8906

4613.8320,3.9669,239.6857,950.8060

4614.8320,3.9670,239.6630,950.7359

4615.8320,3.9670,239.6816,950.8084

4616.8330,3.9669,239.6985,950.8524

4617.8320,3.9671,239.6548,950.7324

4618.8320,3.9673,239.5976,950.5496

4619.8320,3.9673,239.5897,950.5200

4620.8320,3.9672,239.5833,950.4796

4621.8320,3.9670,239.6529,950.6971

4622.8320,3.9671,239.6541,950.7365

4623.8320,3.9669,239.6787,950.7804

4624.8330,3.9668,239.7030,950.8477

4625.8320,3.9669,239.6822,950.7874

4626.8320,3.9669,239.6996,950.8762

4627.8320,3.9667,239.7440,950.9856

4628.8320,3.9668,239.6968,950.8384

4629.8320,3.9669,239.6991,950.8573

4630.8320,3.9670,239.6594,950.7284

4631.8320,3.9670,239.6621,950.7499

4632.8330,3.9670,239.6641,950.7529

4633.8320,3.9669,239.6600,950.7153

4634.8320,3.9669,239.6718,950.7642

4635.8320,3.9669,239.6899,950.8257

4636.8320,3.9669,239.6830,950.7907

4637.8320,3.9668,239.7157,950.9084

4638.8330,3.9666,239.7389,950.9485

4639.8320,3.9666,239.7640,951.0424

4640.8320,3.9669,239.7326,950.9843

4641.8320,3.9667,239.7114,950.8663

4642.8320,3.9668,239.7228,950.9268

4643.8320,3.9666,239.7484,950.9939

4644.8320,3.9662,239.8700,951.3645

4645.8320,3.9664,239.8211,951.2249

4646.8320,3.9664,239.8061,951.1742

4647.8320,3.9666,239.7565,951.0241

4648.8320,3.9666,239.7455,950.9712

4649.8320,3.9668,239.7069,950.8773

4650.8320,3.9669,239.6893,950.8177

4651.8320,3.9667,239.7200,950.9058

4652.8320,3.9667,239.7376,950.9648

4653.8320,3.9667,239.7339,950.9485

4654.8320,3.9667,239.7358,950.9495

4655.8320,3.9663,239.8514,951.3198

4656.8330,3.9667,239.7368,950.9589

4657.8320,3.9668,239.7384,951.0016

4658.8320,3.9667,239.7082,950.8606

4659.8320,3.9667,239.7272,950.9323

4660.8320,3.9666,239.7625,951.0308

4661.8330,3.9664,239.8117,951.1815

4662.8320,3.9668,239.7151,950.9061

4663.8320,3.9667,239.7231,950.9006

4664.8320,3.9667,239.7334,950.9612

4665.8320,3.9665,239.7390,950.9364

4666.8320,3.9667,239.7320,950.9422

4667.8320,3.9668,239.7350,950.9704

4668.8320,3.9668,239.7228,950.9280

4669.8320,3.9668,239.7283,950.9433

4670.8330,3.9667,239.7189,950.8937

4671.8320,3.9669,239.6952,950.8449

4672.8320,3.9668,239.7033,950.8503

4673.8320,3.9668,239.7348,950.9692

4674.8320,3.9668,239.7101,950.8827

4675.8320,3.9669,239.6812,950.7964

4676.8320,3.9671,239.6330,950.6445

4677.8330,3.9664,239.7996,951.1418

4678.8320,3.9663,239.8337,951.2535

4679.8320,3.9664,239.8110,951.1761

4680.8330,3.9663,239.8119,951.1767

4681.8320,3.9663,239.8426,951.2792

4682.8320,3.9664,239.8094,951.1729

4683.8320,3.9665,239.7920,951.1329

4684.8320,3.9666,239.7518,951.0113

4685.8320,3.9666,239.7206,950.8836

4686.8320,3.9668,239.7214,950.9191

4687.8320,3.9667,239.7293,950.9272

4688.8320,3.9668,239.7237,950.9378

4689.8320,3.9668,239.7079,950.8626

4690.8320,3.9668,239.6898,950.7969

4691.8320,3.9671,239.6311,950.6521

4692.8320,3.9672,239.5922,950.5147

4693.8320,3.9669,239.6501,950.6794

4694.8320,3.9669,239.7026,950.8749

4695.8330,3.9669,239.6762,950.7639

4696.8320,3.9671,239.6238,950.6163

4697.8320,3.9669,239.6873,950.8128

4698.8320,3.9665,239.7859,951.1079

4699.8320,3.9666,239.7564,951.0268

4700.8320,3.9666,239.7336,950.9323

4701.8320,3.9669,239.7357,951.0009

4702.8320,3.9668,239.6898,950.8095

4703.8320,3.9668,239.7084,950.8669

4704.8320,3.9669,239.7065,950.8823

4705.8320,3.9669,239.6794,950.7804

4706.8320,3.9668,239.7059,950.8724

4707.8320,3.9669,239.7017,950.8668

4708.8320,3.9671,239.6394,950.6738

4709.8320,3.9669,239.6830,950.8040

4710.8320,3.9670,239.6750,950.7810

4711.8320,3.9669,239.6834,950.8007

4712.8320,3.9670,239.6412,950.6674

4713.8320,3.9673,239.5830,950.4955

4714.8320,3.9670,239.6504,950.7010

4715.8320,3.9669,239.6637,950.7283

4716.8320,3.9670,239.6682,950.7584

4717.8320,3.9670,239.6595,950.7181

4718.8320,3.9668,239.7093,950.8682

4719.8330,3.9667,239.7216,950.9126

4720.8320,3.9666,239.7602,951.0402

4721.8320,3.9667,239.7281,950.9238

4722.8320,3.9667,239.7329,950.9578

4723.8330,3.9667,239.7249,950.9265

4724.8320,3.9667,239.7219,950.9117

4725.8320,3.9667,239.7206,950.8907

4726.8330,3.9669,239.6692,950.7421

4727.8320,3.9671,239.6773,950.8122

4728.8320,3.9669,239.6556,950.6988

4729.8320,3.9668,239.6932,950.8184

4730.8320,3.9667,239.7225,950.9010

4731.8320,3.9667,239.7411,950.9814

4732.8320,3.9666,239.7512,951.0042

4733.8320,3.9665,239.7852,951.1091

4734.8320,3.9667,239.7335,950.9421

4735.8320,3.9668,239.6971,950.8307

4736.8330,3.9669,239.6917,950.8381

4737.8320,3.9667,239.7220,950.9095

4738.8320,3.9669,239.6754,950.7715

4739.8320,3.9671,239.6342,950.6451

4740.8320,3.9672,239.6304,950.6521

4741.8320,3.9672,239.6059,950.5727

4742.8320,3.9671,239.6008,950.5220

4743.8320,3.9671,239.6542,950.7242

4744.8320,3.9669,239.6835,950.7977

4745.8330,3.9669,239.6833,950.8016

4746.8320,3.9669,239.6595,950.7152

4747.8320,3.9670,239.6617,950.7279

4748.8320,3.9666,239.7607,951.0262

4749.8330,3.9666,239.7331,950.9271

4750.8320,3.9668,239.7446,951.0206

4751.8320,3.9664,239.7840,951.0693

4752.8320,3.9664,239.8153,951.1964

4753.8320,3.9664,239.8098,951.1887

4754.8320,3.9661,239.8464,951.2630

4755.8320,3.9665,239.7737,951.0647

4756.8330,3.9668,239.7367,950.9790

4757.8320,3.9668,239.7150,950.8949

4758.8320,3.9666,239.7199,950.8741

4759.8320,3.9667,239.7219,950.9124

4760.8320,3.9670,239.6659,950.7484

4761.8320,3.9670,239.6355,950.6389

4762.8320,3.9668,239.6994,950.8455

4763.8320,3.9665,239.7226,950.8713

4764.8330,3.9668,239.7103,950.8920

4765.8320,3.9669,239.6718,950.7638

4766.8320,3.9670,239.6346,950.6278

4767.8320,3.9669,239.6827,950.7910

4768.8320,3.9667,239.7002,950.8108

4769.8320,3.9667,239.7291,950.9298

4770.8330,3.9668,239.7151,950.8920

4771.8320,3.9668,239.6949,950.8273

4772.8320,3.9669,239.6925,950.8260

4773.8330,3.9669,239.6723,950.7635

4774.8320,3.9670,239.6454,950.6685

4775.8320,3.9672,239.5841,950.4753

4776.8320,3.9672,239.5955,950.5311

4777.8320,3.9671,239.6104,950.5575

4778.8320,3.9670,239.6480,950.6913

4779.8320,3.9668,239.6966,950.8259

4780.8330,3.9669,239.6836,950.7986

4781.8320,3.9665,239.7128,950.8257

4782.8320,3.9667,239.7389,950.9657

4783.8330,3.9666,239.7288,950.9035

4784.8320,3.9667,239.7257,950.9134

4785.8320,3.9668,239.6911,950.7987

4786.8320,3.9665,239.7764,951.0829

4787.8320,3.9660,239.8670,951.3238

4788.8330,3.9664,239.8024,951.1491

4789.8320,3.9665,239.7571,950.9977

4790.8320,3.9665,239.7650,951.0367

4791.8330,3.9665,239.7652,951.0218

4792.8320,3.9666,239.7651,951.0481

4793.8320,3.9663,239.8195,951.1862

4794.8320,3.9665,239.7798,951.0827

4795.8320,3.9666,239.7321,950.9138

4796.8320,3.9668,239.7046,950.8719

4797.8320,3.9668,239.6674,950.7076

4798.8320,3.9668,239.7061,950.8583

4799.8320,3.9670,239.6807,950.8017

4800.8320,3.9668,239.6923,950.8200

4801.8320,3.9667,239.7040,950.8302

4802.8320,3.9667,239.7070,950.8448

4803.8320,3.9669,239.6951,950.8424

4804.8320,3.9668,239.6896,950.8085

4805.8320,3.9667,239.7038,950.8344

4806.8320,3.9668,239.6874,950.8038

4807.8320,3.9667,239.7206,950.8949

4808.8320,3.9666,239.7430,950.9712

4809.8320,3.9666,239.7401,950.9595

4810.8320,3.9666,239.7470,950.9848

4811.8320,3.9668,239.7090,950.8714

4812.8320,3.9669,239.6548,950.6858

4813.8320,3.9670,239.6136,950.5513

4814.8320,3.9671,239.6192,950.5976

4815.8320,3.9671,239.6122,950.5720

4816.8320,3.9672,239.5861,950.4861

4817.8320,3.9670,239.6134,950.5573

4818.8320,3.9669,239.6369,950.6212

4819.8320,3.9672,239.6111,950.5784

4820.8330,3.9671,239.6171,950.5781

4821.8320,3.9671,239.5994,950.5132

4822.8320,3.9671,239.6145,950.5762

4823.8320,3.9671,239.6234,950.6176

4824.8320,3.9668,239.6765,950.7589

4825.8320,3.9669,239.6811,950.7910

4826.8320,3.9670,239.6376,950.6310

4827.8320,3.9671,239.6041,950.5445

4828.8320,3.9670,239.6373,950.6371

4829.8320,3.9669,239.6631,950.7157

4830.8320,3.9670,239.6304,950.6060

4831.8320,3.9668,239.6806,950.7702

4832.8320,3.9669,239.6605,950.7124

4833.8320,3.9670,239.6417,950.6525

4834.8320,3.9669,239.6677,950.7368

4835.8320,3.9668,239.6937,950.8257

4836.8320,3.9670,239.6573,950.7106

4837.8320,3.9670,239.6175,950.5737

4838.8320,3.9670,239.6327,950.6326

4839.8330,3.9669,239.6614,950.7167

4840.8320,3.9669,239.6684,950.7387

4841.8320,3.9669,239.6554,950.6986

4842.8320,3.9668,239.6928,950.8161

4843.8320,3.9667,239.7364,950.9506

4844.8320,3.9667,239.7178,950.8842

4845.8320,3.9666,239.7252,950.9010

4846.8330,3.9666,239.7608,951.0286

4847.8320,3.9668,239.7191,950.9136

4848.8320,3.9668,239.6967,950.8191

4849.8320,3.9668,239.6954,950.8268

4850.8320,3.9668,239.6651,950.7154

4851.8320,3.9669,239.6667,950.7339

4852.8320,3.9670,239.6932,950.8516

4853.8330,3.9669,239.6868,950.8041

4854.8320,3.9670,239.6498,950.6795

4855.8320,3.9669,239.6546,950.6785

4856.8320,3.9669,239.6576,950.7032

4857.8320,3.9668,239.6725,950.7374

4858.8320,3.9669,239.6775,950.7741

4859.8320,3.9669,239.6623,950.7126

4860.8330,3.9670,239.6692,950.7591

4861.8320,3.9667,239.7328,950.9545

4862.8320,3.9667,239.7159,950.8785

4863.8320,3.9667,239.7189,950.8986

4864.8320,3.9667,239.6940,950.8043

4865.8320,3.9668,239.6966,950.8340

4866.8320,3.9669,239.6670,950.7380

4867.8320,3.9669,239.6737,950.7556

4868.8320,3.9668,239.6610,950.6993

4869.8320,3.9669,239.6667,950.7324

4870.8320,3.9670,239.6519,950.7052

4871.8320,3.9666,239.7182,950.8755

4872.8320,3.9667,239.7320,950.9456

4873.8320,3.9667,239.7149,950.8700

4874.8330,3.9668,239.6688,950.7119

4875.8320,3.9671,239.6534,950.7238

4876.8330,3.9669,239.6486,950.6594

4877.8320,3.9668,239.6783,950.7659

4878.8320,3.9668,239.6667,950.7203

4879.8320,3.9668,239.6870,950.7895

4880.8320,3.9668,239.6864,950.7931

4881.8320,3.9667,239.6975,950.8026

4882.8330,3.9667,239.6987,950.8084

4883.8320,3.9669,239.6394,950.6321

4884.8320,3.9669,239.6371,950.6282

4885.8320,3.9670,239.6085,950.5228

4886.8320,3.9671,239.6107,950.5582

4887.8320,3.9670,239.6239,950.5871

4888.8320,3.9666,239.7305,950.9147

4889.8320,3.9667,239.7028,950.8381

4890.8330,3.9667,239.6926,950.8000

4891.8320,3.9667,239.7042,950.8426

4892.8320,3.9667,239.7099,950.8595

4893.8320,3.9665,239.7619,951.0118

4894.8320,3.9667,239.7249,950.9064

4895.8320,3.9667,239.6990,950.8196

4896.8320,3.9667,239.7178,950.8859

4897.8320,3.9668,239.6798,950.7643

4898.8330,3.9667,239.7167,950.8731

4899.8320,3.9666,239.7393,950.9414

4900.8320,3.9667,239.7041,950.8428

4901.8320,3.9669,239.6723,950.7467

4902.8320,3.9670,239.6248,950.5845

4903.8320,3.9668,239.6765,950.7551

4904.8320,3.9668,239.6886,950.7887

4905.8320,3.9668,239.6784,950.7540

4906.8320,3.9666,239.7337,950.9177

4907.8320,3.9667,239.6981,950.8225

4908.8320,3.9668,239.6805,950.7600

4909.8330,3.9668,239.6830,950.7669

4910.8320,3.9668,239.6783,950.7600

4911.8320,3.9669,239.6549,950.6752

4912.8320,3.9669,239.6615,950.7055

4913.8320,3.9669,239.6752,950.7685

4914.8320,3.9667,239.6944,950.7994

4915.8320,3.9667,239.7063,950.8385

4916.8320,3.9666,239.7326,950.9278

4917.8320,3.9665,239.7883,951.1137

4918.8320,3.9666,239.7311,950.9207

4919.8320,3.9667,239.7160,950.8753

4920.8320,3.9668,239.7010,950.8395

4921.8320,3.9667,239.7175,950.8917

4922.8320,3.9669,239.7027,950.8727

4923.8320,3.9666,239.7330,950.9299

4924.8320,3.9665,239.7674,951.0408

4925.8320,3.9664,239.8073,951.1659

4926.8320,3.9665,239.7638,951.0184

4927.8330,3.9667,239.7314,950.9454

4928.8320,3.9667,239.7016,950.8298

4929.8320,3.9668,239.6771,950.7475

4930.8320,3.9667,239.7088,950.8479

4931.8320,3.9668,239.7072,950.8679

4932.8320,3.9669,239.6543,950.6844

4933.8320,3.9668,239.6959,950.8277

4934.8320,3.9666,239.6947,950.7832

4935.8320,3.9669,239.6637,950.7169

4936.8330,3.9670,239.6427,950.6711

4937.8320,3.9669,239.6327,950.5933

4938.8320,3.9668,239.6662,950.7106

4939.8320,3.9668,239.7075,950.8603

4940.8320,3.9667,239.7102,950.8531

4941.8320,3.9668,239.6686,950.7214

4942.8320,3.9669,239.6418,950.6337

4943.8320,3.9668,239.6646,950.6906

4944.8320,3.9667,239.6968,950.8147

4945.8330,3.9670,239.6409,950.6457

4946.8320,3.9668,239.6658,950.7074

4947.8320,3.9665,239.7682,951.0421

4948.8320,3.9661,239.8559,951.2991

4949.8320,3.9669,239.6533,950.6815

4950.8330,3.9669,239.6381,950.6280

4951.8320,3.9667,239.6780,950.7389

4952.8330,3.9669,239.6745,950.7716

4953.8330,3.9669,239.6468,950.6481

4954.8330,3.9669,239.6604,950.7072

4955.8330,3.9667,239.6738,950.7190

4956.8320,3.9668,239.6626,950.7039

4957.8320,3.9668,239.6863,950.7966

4958.8320,3.9668,239.6606,950.6884

4959.8320,3.9669,239.6549,950.6952

4960.8320,3.9670,239.6189,950.5755

4961.8320,3.9669,239.6521,950.6804

4962.8320,3.9669,239.6522,950.6735

4963.8320,3.9669,239.6334,950.6120

4964.8320,3.9670,239.6133,950.5426

4965.8320,3.9670,239.6122,950.5454

4966.8320,3.9672,239.5898,950.4894

4967.8320,3.9670,239.6266,950.5869

4968.8320,3.9672,239.5899,950.4906

4969.8320,3.9671,239.6047,950.5290

4970.8320,3.9671,239.6067,950.5471

4971.8320,3.9667,239.6804,950.7489

4972.8320,3.9662,239.8305,951.2115

4973.8320,3.9664,239.7981,951.1316

4974.8320,3.9665,239.7559,950.9899

4975.8320,3.9666,239.7573,951.0191

4976.8320,3.9664,239.7830,951.0740

4977.8330,3.9663,239.7891,951.0650

4978.8320,3.9666,239.7724,951.0890

4979.8320,3.9665,239.7547,950.9820

4980.8320,3.9666,239.7201,950.8845

4981.8320,3.9668,239.7142,950.8973

4982.8330,3.9664,239.7428,950.9266

4983.8320,3.9667,239.7475,950.9988

4984.8320,3.9666,239.7267,950.8940

4985.8320,3.9668,239.7018,950.8480

4986.8320,3.9668,239.6832,950.7655

4987.8320,3.9669,239.6610,950.6999

4988.8320,3.9670,239.6453,950.6643

4989.8320,3.9670,239.6247,950.5876

4990.8330,3.9669,239.6365,950.6243

4991.8320,3.9668,239.6551,950.6632

4992.8320,3.9670,239.6440,950.6586

4993.8320,3.9672,239.5870,950.4976

4994.8320,3.9673,239.5371,950.3095

4995.8320,3.9674,239.5392,950.3385

4996.8320,3.9674,239.5415,950.3546

4997.8320,3.9673,239.5590,950.3942

4998.8320,3.9673,239.5497,950.3746

4999.8320,3.9673,239.5286,950.2848

5000.8320,3.9674,239.5483,950.3738

5001.8320,3.9672,239.5450,950.3349

5002.8330,3.9672,239.5705,950.4279

5003.8320,3.9674,239.5193,950.2695

5004.8320,3.9676,239.4927,950.2050

5005.8320,3.9671,239.6044,950.5322

5006.8320,3.9669,239.6301,950.5872

5007.8320,3.9670,239.6329,950.6148

5008.8320,3.9670,239.6357,950.6359

5009.8320,3.9669,239.6442,950.6550

5010.8320,3.9669,239.6657,950.7379

5011.8320,3.9670,239.6240,950.5979

5012.8320,3.9669,239.6583,950.7089

5013.8320,3.9669,239.6399,950.6317

5014.8320,3.9670,239.6374,950.6369

5015.8320,3.9671,239.6047,950.5316

5016.8320,3.9671,239.6223,950.5997

5017.8320,3.9668,239.6840,950.7808

5018.8320,3.9667,239.7064,950.8478

5019.8320,3.9666,239.7140,950.8596

5020.8320,3.9668,239.6958,950.8182

5021.8320,3.9668,239.6851,950.7850

5022.8320,3.9667,239.6909,950.7727

5023.8320,3.9668,239.7133,950.8958

5024.8320,3.9665,239.7430,950.9393

5025.8320,3.9665,239.7625,951.0207

5026.8320,3.9662,239.8050,951.1245

5027.8320,3.9663,239.8254,951.2100

5028.8330,3.9663,239.7970,951.1114

5029.8320,3.9665,239.7796,951.0888

5030.8320,3.9664,239.7603,950.9918

5031.8320,3.9666,239.7341,950.9246

5032.8330,3.9667,239.7037,950.8405

5033.8320,3.9669,239.6599,950.7020

5034.8320,3.9669,239.6515,950.6665

5035.8320,3.9668,239.6728,950.7257

5036.8320,3.9666,239.6943,950.7781

5037.8330,3.9668,239.6915,950.8034

5038.8320,3.9668,239.6626,950.7041

5039.8320,3.9669,239.6390,950.6222

5040.8320,3.9670,239.6343,950.6269

5041.8320,3.9670,239.5974,950.4815

5042.8320,3.9671,239.5894,950.4827

5043.8320,3.9671,239.5780,950.4332

5044.8320,3.9674,239.5233,950.2840

5045.8320,3.9674,239.5117,950.2410

5046.8320,3.9675,239.4839,950.1534

5047.8320,3.9675,239.4677,950.0964

5048.8320,3.9677,239.4566,950.0883

5049.8320,3.9673,239.5027,950.1838

5050.8320,3.9671,239.5915,950.4745

5051.8320,3.9670,239.6584,950.7146

5052.8320,3.9669,239.6096,950.5028

5053.8320,3.9671,239.6074,950.5410

5054.8320,3.9672,239.5934,950.5096

5055.8320,3.9671,239.6024,950.5224

5056.8320,3.9670,239.5854,950.4379

5057.8320,3.9674,239.5282,950.3000

5058.8330,3.9676,239.4608,950.0946

5059.8320,3.9676,239.4069,949.8784

5060.8320,3.9678,239.4282,950.0002

5061.8330,3.9675,239.4573,950.0397

5062.8320,3.9676,239.4606,950.0726

5063.8320,3.9675,239.4758,950.1313

5064.8320,3.9676,239.4666,950.1145

5065.8320,3.9675,239.5028,950.2339

5066.8320,3.9676,239.4572,950.0640

5067.8320,3.9674,239.4974,950.1873

5068.8320,3.9674,239.4993,950.2001

5069.8320,3.9676,239.4880,950.1817

5070.8330,3.9675,239.4861,950.1504

5071.8320,3.9676,239.4608,950.0891

5072.8320,3.9676,239.4664,950.1148

5073.8320,3.9676,239.4318,949.9693

5074.8330,3.9677,239.4291,949.9768

5075.8320,3.9676,239.4475,950.0405

5076.8320,3.9677,239.4297,949.9876

5077.8320,3.9677,239.4195,949.9398

5078.8330,3.9677,239.4270,949.9805

5079.8330,3.9676,239.4495,950.0474

5080.8330,3.9676,239.4453,950.0159

5081.8320,3.9676,239.4615,950.0913

5082.8330,3.9676,239.4554,950.0600

5083.8320,3.9677,239.4482,950.0529

5084.8330,3.9678,239.4081,949.9235

5085.8320,3.9677,239.4253,949.9663

5086.8320,3.9674,239.4921,950.1637

5087.8320,3.9672,239.5564,950.3708

5088.8330,3.9673,239.5244,950.2723

5089.8320,3.9675,239.4972,950.1947

5090.8320,3.9673,239.5255,950.2613

5091.8320,3.9671,239.5667,950.3943

5092.8320,3.9672,239.5573,950.3669

5093.8320,3.9670,239.5944,950.4795

5094.8330,3.9672,239.6053,950.5532

5095.8320,3.9671,239.5825,950.4539

5096.8330,3.9672,239.5540,950.3622

5097.8330,3.9672,239.5740,950.4434

5098.8320,3.9672,239.5507,950.3525

5099.8320,3.9674,239.5188,950.2587

5100.8330,3.9672,239.5507,950.3424

5101.8320,3.9673,239.5780,950.4685

5102.8320,3.9672,239.5384,950.3008

5103.8320,3.9674,239.5260,950.3019

5104.8320,3.9673,239.5427,950.3343

5105.8320,3.9672,239.5583,950.3823

5106.8320,3.9673,239.5434,950.3395

5107.8320,3.9673,239.5218,950.2581

5108.8320,3.9674,239.5258,950.2936

5109.8320,3.9672,239.5189,950.2198

5110.8320,3.9674,239.5391,950.3424

5111.8320,3.9675,239.5181,950.2848

5112.8320,3.9673,239.5279,950.2772

5113.8320,3.9675,239.5211,950.2938

5114.8320,3.9675,239.4948,950.2021

5115.8320,3.9674,239.4912,950.1617

5116.8320,3.9674,239.5196,950.2778

5117.8320,3.9674,239.5221,950.2739

5118.8320,3.9671,239.5606,950.3650

5119.8320,3.9674,239.5369,950.3334

5120.8320,3.9674,239.5408,950.3491

5121.8320,3.9673,239.5237,950.2734

5122.8320,3.9674,239.5160,950.2496

5123.8330,3.9674,239.5142,950.2513

5124.8330,3.9675,239.4864,950.1617

5125.8320,3.9674,239.5446,950.3576

5126.8320,3.9671,239.5674,950.3789

5127.8320,3.9672,239.5848,950.4722

5128.8320,3.9673,239.5547,950.3804

5129.8320,3.9671,239.5658,950.3764

5130.8320,3.9672,239.5742,950.4439

5131.8320,3.9671,239.6002,950.5107

5132.8320,3.9671,239.5884,950.4823

5133.8320,3.9670,239.5777,950.4088

5134.8320,3.9671,239.5910,950.4812

5135.8320,3.9669,239.6289,950.5881

5136.8320,3.9670,239.6326,950.6122

5137.8320,3.9669,239.6015,950.4849

5138.8320,3.9670,239.6011,950.5046

5139.8320,3.9670,239.5996,950.4994

5140.8320,3.9670,239.6052,950.5140

5141.8320,3.9669,239.6223,950.5611

5142.8320,3.9669,239.6196,950.5580

5143.8320,3.9668,239.6416,950.6147

5144.8330,3.9668,239.6529,950.6634

5145.8320,3.9670,239.6367,950.6315

5146.8320,3.9669,239.6304,950.5850

5147.8330,3.9669,239.6561,950.6838

5148.8320,3.9669,239.6355,950.6032

5149.8320,3.9668,239.6533,950.6677

5150.8320,3.9667,239.6781,950.7339

5151.8320,3.9668,239.6566,950.6787

5152.8320,3.9668,239.6675,950.7131

5153.8320,3.9668,239.6634,950.6874

5154.8320,3.9669,239.6259,950.5826

5155.8320,3.9669,239.6298,950.5947

5156.8320,3.9669,239.6376,950.6154

5157.8320,3.9668,239.6923,950.8003

5158.8320,3.9668,239.6628,950.6976

5159.8320,3.9667,239.6773,950.7298

5160.8320,3.9667,239.6878,950.7702

5161.8320,3.9667,239.7031,950.8374

5162.8320,3.9666,239.6945,950.7811

5163.8320,3.9667,239.6933,950.7932

5164.8320,3.9669,239.6551,950.6876

5165.8320,3.9666,239.7099,950.8391

5166.8330,3.9667,239.7102,950.8541

5167.8320,3.9669,239.6828,950.7860

5168.8320,3.9668,239.6523,950.6580

5169.8320,3.9670,239.6307,950.6182

5170.8320,3.9670,239.6351,950.6257

5171.8320,3.9669,239.6299,950.5985

5172.8320,3.9670,239.6272,950.6069

5173.8320,3.9669,239.6208,950.5404

5174.8320,3.9670,239.6290,950.6176

5175.8320,3.9670,239.6212,950.5661

5176.8320,3.9669,239.6530,950.6745

5177.8320,3.9668,239.6673,950.7136

5178.8320,3.9668,239.6486,950.6446

5179.8320,3.9671,239.5927,950.4776

5180.8320,3.9669,239.6310,950.5966

5181.8320,3.9667,239.6733,950.7214

5182.8320,3.9668,239.6649,950.7070

5183.8320,3.9670,239.6129,950.5412

5184.8320,3.9671,239.5920,950.4786

5185.8320,3.9671,239.5749,950.4290

5186.8320,3.9671,239.5514,950.3345

5187.8320,3.9672,239.5711,950.4273

5188.8320,3.9673,239.5459,950.3398

5189.8320,3.9670,239.5993,950.4989

5190.8320,3.9669,239.6324,950.5993

5191.8330,3.9670,239.5955,950.4790

5192.8320,3.9669,239.6154,950.5337

5193.8330,3.9671,239.5923,950.4853

5194.8330,3.9671,239.5609,950.3662

5195.8320,3.9672,239.5714,950.4255

5196.8320,3.9673,239.5193,950.2561

5197.8330,3.9674,239.5213,950.2709

5198.8320,3.9674,239.4799,950.1127

5199.8320,3.9673,239.5501,950.3690

5200.8320,3.9672,239.5715,950.4186

5201.8320,3.9670,239.5789,950.4188

5202.8320,3.9671,239.5795,950.4447

5203.8320,3.9670,239.6249,950.5846

5204.8320,3.9669,239.6332,950.5935

5205.8320,3.9668,239.6636,950.7051

5206.8320,3.9669,239.6208,950.5554

5207.8320,3.9669,239.6251,950.5719

5208.8320,3.9671,239.5935,950.4961

5209.8320,3.9670,239.5857,950.4430

5210.8320,3.9669,239.6501,950.6626

5211.8320,3.9670,239.6195,950.5613

5212.8320,3.9670,239.6213,950.5760

5213.8320,3.9670,239.6111,950.5307

5214.8320,3.9669,239.6474,950.6478

5215.8320,3.9671,239.5898,950.4757

5216.8320,3.9672,239.5460,950.3307

5217.8320,3.9672,239.5384,950.3078

5218.8320,3.9672,239.5536,950.3582

5219.8320,3.9673,239.5256,950.2649

5220.8320,3.9674,239.4881,950.1507

5221.8320,3.9673,239.5333,950.2931

5222.8320,3.9672,239.5643,950.3879

5223.8320,3.9670,239.5946,950.4816

5224.8320,3.9669,239.6198,950.5433

5225.8320,3.9670,239.6188,950.5739

5226.8320,3.9671,239.6074,950.5387

5227.8320,3.9669,239.6389,950.6272

5228.8320,3.9670,239.6291,950.6004

5229.8320,3.9670,239.6033,950.5038

5230.8320,3.9670,239.6347,950.6344

5231.8320,3.9668,239.6669,950.7058

5232.8320,3.9669,239.6390,950.6175

5233.8320,3.9670,239.6107,950.5415

5234.8320,3.9671,239.6104,950.5486

5235.8320,3.9671,239.6002,950.5095

5236.8320,3.9669,239.6298,950.5945

5237.8320,3.9669,239.6121,950.5239

5238.8320,3.9671,239.5937,950.4974

5239.8330,3.9671,239.5710,950.4066

5240.8320,3.9671,239.5833,950.4500

5241.8330,3.9671,239.5861,950.4682

5242.8320,3.9670,239.5689,950.3768

5243.8330,3.9671,239.6025,950.5310

5244.8320,3.9670,239.5867,950.4402

5245.8330,3.9671,239.5888,950.4770

5246.8320,3.9671,239.5687,950.3928

5247.8320,3.9671,239.5785,950.4437

5248.8320,3.9671,239.5714,950.4103

5249.8320,3.9670,239.5814,950.4174

5250.8320,3.9670,239.6012,950.5042

5251.8320,3.9670,239.6029,950.5061

5252.8320,3.9670,239.5930,950.4753

5253.8320,3.9670,239.6080,950.5189

5254.8320,3.9671,239.5928,950.4809

5255.8320,3.9671,239.5780,950.4368

5256.8320,3.9672,239.5414,950.3136

5257.8330,3.9672,239.5512,950.3436

5258.8340,3.9671,239.5936,950.4863

5259.8320,3.9670,239.5967,950.4820

5260.8320,3.9670,239.6076,950.5177

5261.8320,3.9671,239.5758,950.4304

5262.8320,3.9671,239.5722,950.4048

5263.8320,3.9670,239.6088,950.5303

5264.8320,3.9671,239.5878,950.4589

5265.8330,3.9670,239.6097,950.5274

5266.8320,3.9670,239.6061,950.5275

5267.8320,3.9669,239.6119,950.5269

5268.8320,3.9668,239.6804,950.7529

5269.8320,3.9665,239.7409,950.9336

5270.8320,3.9665,239.7348,950.9199

5271.8320,3.9666,239.7252,950.8927

5272.8330,3.9664,239.7542,950.9675

5273.8320,3.9665,239.7295,950.8897

5274.8320,3.9666,239.7025,950.8137

5275.8320,3.9667,239.6884,950.7690

5276.8320,3.9667,239.6975,950.8035

5277.8320,3.9667,239.6892,950.7842

5278.8320,3.9667,239.6893,950.7747

5279.8320,3.9668,239.6797,950.7607

5280.8320,3.9668,239.6699,950.7199

5281.8320,3.9669,239.6275,950.5896

5282.8320,3.9669,239.6492,950.6591

5283.8320,3.9669,239.6397,950.6211

5284.8320,3.9669,239.6411,950.6296

5285.8320,3.9669,239.6213,950.5609

5286.8320,3.9670,239.5945,950.4747

5287.8320,3.9671,239.5923,950.4759

5288.8320,3.9669,239.6253,950.5680

5289.8330,3.9669,239.6299,950.5973

5290.8320,3.9670,239.6136,950.5526

5291.8320,3.9671,239.5977,950.5009

5292.8320,3.9670,239.5886,950.4554

5293.8320,3.9671,239.5703,950.3960

5294.8320,3.9671,239.5804,950.4396

5295.8320,3.9671,239.6010,950.5113

5296.8320,3.9670,239.6159,950.5518

5297.8320,3.9669,239.6160,950.5351

5298.8320,3.9670,239.6271,950.5963

5299.8320,3.9670,239.6181,950.5556

5300.8320,3.9670,239.6045,950.5121

5301.8320,3.9670,239.5963,950.4756

5302.8320,3.9670,239.6128,950.5457

5303.8330,3.9671,239.5707,950.4037

5304.8320,3.9671,239.5796,950.4356

5305.8320,3.9670,239.6094,950.5400

5306.8320,3.9671,239.5759,950.4113

5307.8320,3.9674,239.5125,950.2458

5308.8320,3.9674,239.4728,950.0935

5309.8330,3.9675,239.4782,950.1341

5310.8320,3.9675,239.4849,950.1459

5311.8320,3.9675,239.4934,950.1846

5312.8320,3.9673,239.5356,950.3143

5313.8330,3.9673,239.5507,950.3588

5314.8320,3.9673,239.5272,950.2649

5315.8330,3.9674,239.5375,950.3370

5316.8320,3.9671,239.5632,950.3671

5317.8320,3.9673,239.5780,950.4752

5318.8320,3.9673,239.5561,950.3802

5319.8320,3.9667,239.6744,950.7211

5320.8320,3.9661,239.8465,951.2483

5321.8320,3.9661,239.8559,951.2918

5322.8320,3.9660,239.8508,951.2581

5323.8320,3.9662,239.8276,951.2008

5324.8320,3.9662,239.8089,951.1352

5325.8320,3.9662,239.8238,951.1780

5326.8320,3.9663,239.7956,951.0904

5327.8320,3.9663,239.8034,951.1216

5328.8320,3.9662,239.8070,951.1282

5329.8320,3.9663,239.7959,951.0977

5330.8320,3.9662,239.7954,951.0835

5331.8320,3.9663,239.8020,951.1173

5332.8320,3.9664,239.7648,950.9977

5333.8330,3.9665,239.7435,950.9346

5334.8330,3.9665,239.7488,950.9526

5335.8330,3.9664,239.7543,950.9578

5336.8320,3.9664,239.7611,950.9926

5337.8320,3.9662,239.7594,950.9272

5338.8320,3.9664,239.7466,950.9265

5339.8320,3.9664,239.7630,950.9861

5340.8320,3.9665,239.7419,950.9325

5341.8320,3.9665,239.7440,950.9358

5342.8320,3.9664,239.7450,950.9263

5343.8320,3.9665,239.7474,950.9479

5344.8320,3.9664,239.7287,950.8709

5345.8320,3.9664,239.7542,950.9648

5346.8320,3.9663,239.8032,951.1372

5347.8320,3.9662,239.7930,951.0671

5348.8320,3.9662,239.8033,951.1078

5349.8320,3.9662,239.8190,951.1625

5350.8320,3.9663,239.7687,951.0048

5351.8320,3.9664,239.7859,951.0819

5352.8320,3.9662,239.8021,951.1117

5353.8320,3.9663,239.7951,951.0916

5354.8320,3.9662,239.7813,951.0281

5355.8320,3.9664,239.7693,951.0124

5356.8320,3.9664,239.7627,950.9891

5357.8320,3.9663,239.7836,951.0591

5358.8320,3.9664,239.7531,950.9641

5359.8320,3.9664,239.7779,951.0496

5360.8320,3.9663,239.7692,951.0070

5361.8320,3.9663,239.7854,951.0544

5362.8320,3.9664,239.7607,950.9955

5363.8320,3.9663,239.7654,950.9822

5364.8320,3.9664,239.7539,950.9627

5365.8320,3.9665,239.7333,950.8921

5366.8320,3.9664,239.7342,950.8840

5367.8330,3.9664,239.7656,951.0020

5368.8320,3.9662,239.7618,950.9523

5369.8320,3.9663,239.7868,951.0778

5370.8320,3.9662,239.7996,951.0992

5371.8320,3.9663,239.7836,951.0467

5372.8320,3.9663,239.7905,951.0813

5373.8320,3.9664,239.7769,951.0465

5374.8320,3.9663,239.7684,950.9941

5375.8320,3.9663,239.7700,950.9923

5376.8320,3.9665,239.7420,950.9314

5377.8320,3.9664,239.7374,950.8962

5378.8320,3.9665,239.7260,950.8804

5379.8320,3.9664,239.7086,950.7829

5380.8320,3.9666,239.7208,950.8742

5381.8320,3.9664,239.7467,950.9294

5382.8320,3.9662,239.7916,951.0719

5383.8330,3.9663,239.7785,951.0408

5384.8320,3.9663,239.7592,950.9677

5385.8320,3.9663,239.7534,950.9415

5386.8320,3.9664,239.7629,951.0026

5387.8330,3.9664,239.7703,951.0198

5388.8320,3.9663,239.7752,951.0284

5389.8320,3.9661,239.8071,951.1038

5390.8320,3.9661,239.8110,951.1154

5391.8330,3.9662,239.8293,951.2119

5392.8320,3.9661,239.8131,951.1285

5393.8320,3.9662,239.7891,951.0463

5394.8320,3.9663,239.7959,951.1105

5395.8320,3.9662,239.8020,951.1072

5396.8320,3.9662,239.7889,951.0588

5397.8320,3.9661,239.8082,951.1057

5398.8320,3.9662,239.7970,951.0813

5399.8320,3.9664,239.7667,951.0001

5400.8320,3.9663,239.7877,951.0741

5401.8320,3.9664,239.7624,950.9867

5402.8320,3.9665,239.7516,950.9657

5403.8320,3.9663,239.7513,950.9312

5404.8320,3.9663,239.7756,951.0287

5405.8320,3.9664,239.7683,951.0203

5406.8320,3.9664,239.7460,950.9314

5407.8320,3.9665,239.7387,950.9142

5408.8320,3.9665,239.7267,950.8815

5409.8330,3.9665,239.7248,950.8755

5410.8330,3.9665,239.7292,950.8858

5411.8320,3.9665,239.7222,950.8679

5412.8320,3.9666,239.7204,950.8731

5413.8320,3.9666,239.7137,950.8427

5414.8320,3.9665,239.7141,950.8373

5415.8320,3.9665,239.7499,950.9581

5416.8330,3.9664,239.7533,950.9645

5417.8320,3.9664,239.7712,951.0314

5418.8320,3.9664,239.7544,950.9596

5419.8320,3.9664,239.7543,950.9578

5420.8320,3.9665,239.7216,950.8670

5421.8320,3.9666,239.7202,950.8653

5422.8330,3.9666,239.7031,950.8102

5423.8320,3.9667,239.6794,950.7414

5424.8330,3.9668,239.6647,950.7001

5425.8320,3.9667,239.6591,950.6572

5426.8320,3.9666,239.7155,950.8441

5427.8320,3.9667,239.6975,950.8078

5428.8320,3.9668,239.6602,950.6727

5429.8320,3.9668,239.6445,950.6173

5430.8330,3.9668,239.6552,950.6637

5431.8320,3.9668,239.6545,950.6597

5432.8320,3.9670,239.6183,950.5569

5433.8320,3.9669,239.6205,950.5516

5434.8320,3.9671,239.5888,950.4688

5435.8320,3.9669,239.6491,950.6526

5436.8320,3.9669,239.6282,950.5849

5437.8330,3.9669,239.6477,950.6498

5438.8320,3.9669,239.6314,950.5888

5439.8320,3.9668,239.6124,950.5008

5440.8330,3.9669,239.6467,950.6564

5441.8320,3.9669,239.6317,950.5985

5442.8320,3.9669,239.6103,950.5198

5443.8320,3.9671,239.5874,950.4698

5444.8320,3.9671,239.5824,950.4573

5445.8320,3.9674,239.5173,950.2636

5446.8320,3.9674,239.4426,949.9649

5447.8320,3.9676,239.4751,950.1336

5448.8320,3.9676,239.4993,950.2277

5449.8320,3.9674,239.5279,950.3015

5450.8330,3.9673,239.4817,950.0895

5451.8320,3.9675,239.4881,950.1576

5452.8320,3.9676,239.4534,950.0546

5453.8320,3.9676,239.4458,950.0208

5454.8320,3.9677,239.4182,949.9335

5455.8320,3.9679,239.3881,949.8729

5456.8320,3.9678,239.4081,949.9219

5457.8320,3.9675,239.4231,949.9175

5458.8320,3.9678,239.4206,949.9656

5459.8320,3.9675,239.4466,950.0072

5460.8330,3.9676,239.4760,950.1451

5461.8320,3.9675,239.4884,950.1706

5462.8320,3.9672,239.4892,950.1085

5463.8320,3.9673,239.5422,950.3321

5464.8320,3.9671,239.5274,950.2291

5465.8320,3.9674,239.5637,950.4352

5466.8320,3.9674,239.5620,950.4465

5467.8320,3.9672,239.5349,950.2907

5468.8320,3.9674,239.4989,950.1861

5469.8320,3.9675,239.4938,950.1978

5470.8320,3.9674,239.4750,950.0956

5471.8320,3.9673,239.5157,950.2387

5472.8320,3.9673,239.5264,950.2814

5473.8320,3.9675,239.4949,950.1896

5474.8320,3.9674,239.4888,950.1568

5475.8320,3.9674,239.4684,950.0760

5476.8320,3.9673,239.5154,950.2387

5477.8320,3.9672,239.5053,950.1751

5478.8320,3.9675,239.4923,950.1741

5479.8320,3.9676,239.4390,950.0046

5480.8320,3.9675,239.4618,950.0660

5481.8320,3.9676,239.4451,950.0157

5482.8320,3.9676,239.4525,950.0453

5483.8320,3.9674,239.4960,950.1848

5484.8320,3.9674,239.4958,950.1750

5485.8320,3.9673,239.5064,950.2013

5486.8320,3.9676,239.4531,950.0593

5487.8320,3.9674,239.4898,950.1505

5488.8330,3.9674,239.4915,950.1687

5489.8320,3.9674,239.4992,950.1889

5490.8320,3.9676,239.4544,950.0484

5491.8320,3.9676,239.4190,949.9083

5492.8320,3.9677,239.4313,949.9928

5493.8320,3.9677,239.4177,949.9299

5494.8320,3.9677,239.4023,949.8766

5495.8320,3.9676,239.4198,949.9312

5496.8320,3.9675,239.4312,949.9531

5497.8320,3.9677,239.4438,950.0316

5498.8320,3.9674,239.4519,949.9951

5499.8320,3.9676,239.4608,950.0734

5500.8320,3.9675,239.4524,950.0325

5501.8320,3.9674,239.4755,950.1006

5502.8320,3.9674,239.4834,950.1222

5503.8320,3.9676,239.4439,950.0066

5504.8320,3.9675,239.4665,950.0846

5505.8320,3.9674,239.4755,950.0956

5506.8320,3.9673,239.4961,950.1616

5507.8320,3.9673,239.5059,950.2005

5508.8320,3.9672,239.5320,950.2673

5509.8320,3.9672,239.5430,950.3080

5510.8320,3.9672,239.5394,950.2940

5511.8320,3.9672,239.5349,950.2825

5512.8320,3.9674,239.4946,950.1599

5513.8320,3.9675,239.4564,950.0458

5514.8320,3.9675,239.4705,950.0903

5515.8320,3.9675,239.4647,950.0655

5516.8330,3.9673,239.4927,950.1480

5517.8320,3.9674,239.5038,950.1996

5518.8320,3.9672,239.5181,950.2250

5519.8320,3.9672,239.5327,950.2770

5520.8320,3.9672,239.5236,950.2425

5521.8320,3.9673,239.5036,950.1829

5522.8320,3.9672,239.5366,950.2865

5523.8320,3.9673,239.5034,950.1819

5524.8320,3.9674,239.4753,950.1054

5525.8330,3.9674,239.4589,950.0411

5526.8320,3.9673,239.4395,949.9353

5527.8320,3.9678,239.4342,950.0336

5528.8320,3.9676,239.4377,949.9865

5529.8320,3.9675,239.4576,950.0374

5530.8320,3.9675,239.4511,950.0309

5531.8320,3.9674,239.4878,950.1414

5532.8330,3.9673,239.4881,950.1280

5533.8330,3.9675,239.4609,950.0528

5534.8320,3.9675,239.4447,949.9903

5535.8320,3.9675,239.4765,950.1114

5536.8320,3.9675,239.4747,950.1079

5537.8320,3.9675,239.4344,949.9588

5538.8320,3.9676,239.4217,949.9313

5539.8330,3.9677,239.4121,949.9193

5540.8320,3.9676,239.4186,949.9213

5541.8320,3.9677,239.4080,949.9047

5542.8320,3.9677,239.4039,949.8788

5543.8320,3.9677,239.4028,949.8779

5544.8320,3.9676,239.4335,949.9732

5545.8320,3.9677,239.3791,949.7947

5546.8330,3.9678,239.3650,949.7607

5547.8320,3.9677,239.3997,949.8655

5548.8330,3.9677,239.4125,949.9092

5549.8320,3.9677,239.4009,949.8673

5550.8320,3.9677,239.4080,949.8960

5551.8320,3.9676,239.4271,949.9465

5552.8320,3.9677,239.3881,949.8218

5553.8320,3.9678,239.3892,949.8421

5554.8320,3.9677,239.4015,949.8810

5555.8320,3.9678,239.3720,949.7741

5556.8320,3.9678,239.3552,949.7110

5557.8320,3.9679,239.3560,949.7377

5558.8320,3.9677,239.3759,949.7801

5559.8320,3.9679,239.3427,949.6867

5560.8320,3.9678,239.3680,949.7578

5561.8330,3.9676,239.4235,949.9386

5562.8320,3.9676,239.4296,949.9577

5563.8330,3.9675,239.4266,949.9280

5564.8320,3.9675,239.4404,949.9874

5565.8320,3.9676,239.4400,949.9936

5566.8320,3.9674,239.4842,950.1198

5567.8320,3.9675,239.4783,950.1267

5568.8320,3.9670,239.5270,950.2111

5569.8320,3.9672,239.5448,950.3291

5570.8320,3.9671,239.5352,950.2484

5571.8320,3.9673,239.5097,950.2027

5572.8320,3.9673,239.5129,950.2103

5573.8320,3.9671,239.5445,950.2897

5574.8330,3.9673,239.5036,950.1754

5575.8320,3.9674,239.4827,950.1281

5576.8320,3.9672,239.5118,950.1854

5577.8320,3.9673,239.4951,950.1454

5578.8320,3.9676,239.4455,950.0141

5579.8320,3.9675,239.4393,949.9775

5580.8320,3.9675,239.4433,949.9902

5581.8320,3.9675,239.4524,950.0304

5582.8320,3.9674,239.4782,950.1035

5583.8320,3.9674,239.4644,950.0525

5584.8320,3.9673,239.4977,950.1680

5585.8330,3.9673,239.5038,950.1873

5586.8320,3.9673,239.5055,950.1812

5587.8320,3.9673,239.5002,950.1699

5588.8320,3.9670,239.5899,950.4420

5589.8330,3.9669,239.6050,950.4981

5590.8320,3.9669,239.6253,950.5689

5591.8330,3.9671,239.5735,950.4071

5592.8320,3.9672,239.5387,950.2871

5593.8320,3.9672,239.5198,950.2317

5594.8320,3.9672,239.5302,950.2718

5595.8320,3.9673,239.5307,950.2927

5596.8320,3.9672,239.5118,950.2003

5597.8320,3.9673,239.4955,950.1390

5598.8320,3.9676,239.4617,950.0844

5599.8320,3.9675,239.4357,949.9628

5600.8320,3.9676,239.4219,949.9383

5601.8320,3.9673,239.4978,950.1532

5602.8320,3.9676,239.4547,950.0692

5603.8320,3.9674,239.4533,950.0167

5604.8320,3.9672,239.5385,950.3022

5605.8320,3.9674,239.5133,950.2337

5606.8320,3.9670,239.5208,950.1845

5607.8320,3.9672,239.5466,950.3188

5608.8320,3.9673,239.5306,950.2874

5609.8320,3.9673,239.5223,950.2503

5610.8320,3.9671,239.5156,950.1885

5611.8320,3.9673,239.5053,950.1918

5612.8320,3.9673,239.4796,950.0942

5613.8320,3.9673,239.5088,950.2125

5614.8320,3.9672,239.4969,950.1396

5615.8320,3.9674,239.4827,950.1272

5616.8320,3.9674,239.4247,949.9033

5617.8320,3.9675,239.4822,950.1451

5618.8320,3.9676,239.4523,950.0499

5619.8320,3.9679,239.3427,949.6807

5620.8320,3.9679,239.3616,949.7668

5621.8320,3.9675,239.4339,949.9632

5622.8320,3.9675,239.4565,950.0392

5623.8320,3.9674,239.4837,950.1232

5624.8320,3.9673,239.4976,950.1547

5625.8320,3.9674,239.4894,950.1462

5626.8320,3.9674,239.4895,950.1464

5627.8320,3.9674,239.4905,950.1518

5628.8320,3.9675,239.4488,950.0159

5629.8320,3.9677,239.4201,949.9361

5630.8320,3.9676,239.4075,949.8837

5631.8320,3.9676,239.4168,949.9013

5632.8330,3.9674,239.4835,950.1257

5633.8320,3.9675,239.4367,949.9683

5634.8320,3.9677,239.3977,949.8679

5635.8320,3.9676,239.4288,949.9587

5636.8320,3.9675,239.4228,949.9127

5637.8320,3.9675,239.4287,949.9445

5638.8320,3.9677,239.4037,949.8785

5639.8320,3.9675,239.4080,949.8615

5640.8320,3.9677,239.3945,949.8480

5641.8320,3.9676,239.4245,949.9385

5642.8320,3.9675,239.4245,949.9246

5643.8320,3.9676,239.4417,950.0037

5644.8320,3.9674,239.4206,949.8882

5645.8330,3.9676,239.3843,949.7919

5646.8320,3.9677,239.3841,949.8149

5647.8320,3.9678,239.3367,949.6414

5648.8320,3.9679,239.3006,949.5222

5649.8320,3.9682,239.2606,949.4358

5650.8320,3.9678,239.3343,949.6332

5651.8330,3.9681,239.2870,949.5044

5652.8320,3.9678,239.3514,949.7002

5653.8320,3.9676,239.4137,949.9072

5654.8320,3.9675,239.4211,949.9106

5655.8320,3.9676,239.4110,949.8962

5656.8320,3.9677,239.3881,949.8278

5657.8320,3.9677,239.3866,949.8112

5658.8320,3.9677,239.4108,949.9005

5659.8320,3.9677,239.4088,949.8985

5660.8320,3.9678,239.3549,949.7106

5661.8320,3.9680,239.3523,949.7432

5662.8320,3.9682,239.2753,949.4882

5663.8320,3.9681,239.2827,949.5052

5664.8320,3.9679,239.3175,949.5949

5665.8320,3.9680,239.3342,949.6671

5666.8320,3.9680,239.3074,949.5623

5667.8320,3.9679,239.3265,949.6311

5668.8320,3.9678,239.3789,949.7979

5669.8320,3.9677,239.3708,949.7399

5670.8330,3.9677,239.3729,949.7653

5671.8320,3.9677,239.3771,949.7786

5672.8320,3.9679,239.3815,949.8321

5673.8320,3.9676,239.3665,949.7189

5674.8320,3.9677,239.3583,949.7091

5675.8320,3.9676,239.4047,949.8699

5676.8320,3.9678,239.4133,949.9411

5677.8330,3.9672,239.4283,949.8663

5678.8320,3.9672,239.4958,950.1341

5679.8330,3.9672,239.5219,950.2288

5680.8320,3.9672,239.4974,950.1306

5681.8320,3.9674,239.4796,950.1078

5682.8320,3.9674,239.4608,950.0376

5683.8320,3.9676,239.4335,949.9753

5684.8330,3.9676,239.4046,949.8556

5685.8320,3.9674,239.4868,950.1454

5686.8320,3.9674,239.4826,950.1166

5687.8320,3.9672,239.5056,950.1623

5688.8330,3.9674,239.4871,950.1470

5689.8320,3.9674,239.4724,950.0790

5690.8320,3.9675,239.4773,950.1177

5691.8320,3.9675,239.4645,950.0642

5692.8320,3.9674,239.4644,950.0530

5693.8330,3.9674,239.4721,950.0804

5694.8320,3.9673,239.4803,950.0948

5695.8320,3.9674,239.4751,950.0832

5696.8320,3.9673,239.4824,950.1027

5697.8320,3.9672,239.4717,950.0324

5698.8320,3.9671,239.5224,950.2194

5699.8320,3.9669,239.5601,950.3158

5700.8320,3.9672,239.5334,950.2781

5701.8320,3.9671,239.5242,950.2118

5702.8320,3.9670,239.5378,950.2483

5703.8320,3.9673,239.5036,950.1734

5704.8320,3.9672,239.4890,950.1040

5705.8320,3.9674,239.4546,950.0143

5706.8320,3.9675,239.4477,949.9993

5707.8330,3.9675,239.4298,949.9352

5708.8320,3.9676,239.4216,949.9263

5709.8320,3.9675,239.4317,949.9508

5710.8320,3.9675,239.4196,949.9084

5711.8320,3.9675,239.4340,949.9539

5712.8320,3.9674,239.4807,950.1122

5713.8320,3.9674,239.4669,950.0545

5714.8330,3.9674,239.4569,950.0153

5715.8320,3.9674,239.4683,950.0625

5716.8320,3.9675,239.4623,950.0674

5717.8330,3.9674,239.4685,950.0754

5718.8320,3.9674,239.4447,949.9792

5719.8320,3.9675,239.4606,950.0623

5720.8320,3.9676,239.4203,949.9323

5721.8320,3.9676,239.3865,949.7923

5722.8320,3.9677,239.4031,949.8749

5723.8320,3.9676,239.3921,949.8185

5724.8320,3.9677,239.4034,949.8764

5725.8320,3.9676,239.4015,949.8498

5726.8320,3.9677,239.3772,949.7785

5727.8320,3.9677,239.3795,949.7758

5728.8320,3.9674,239.4357,949.9451

5729.8320,3.9675,239.3993,949.8254

5730.8320,3.9677,239.4209,949.9455

5731.8320,3.9672,239.4371,949.9060

5732.8320,3.9675,239.4369,949.9671

5733.8320,3.9676,239.3991,949.8403

5734.8320,3.9677,239.3636,949.7255

5735.8320,3.9678,239.3460,949.6832

5736.8320,3.9678,239.3598,949.7213

5737.8320,3.9677,239.3856,949.8029

5738.8320,3.9678,239.3522,949.6906

5739.8320,3.9677,239.3661,949.7439

5740.8320,3.9675,239.4302,949.9496

5741.8320,3.9674,239.4510,949.9895

5742.8320,3.9675,239.4370,949.9683

5743.8330,3.9676,239.4069,949.8713

5744.8320,3.9678,239.3578,949.7273

5745.8320,3.9679,239.3217,949.6063

5746.8330,3.9677,239.3740,949.7596

5747.8330,3.9676,239.4022,949.8601

5748.8320,3.9677,239.3899,949.8316

5749.8320,3.9678,239.3663,949.7538

5750.8320,3.9679,239.3581,949.7473

5751.8320,3.9678,239.3607,949.7281

5752.8320,3.9678,239.3407,949.6666

5753.8320,3.9678,239.3562,949.7290

5754.8320,3.9679,239.3482,949.6980

5755.8320,3.9678,239.3530,949.7101

5756.8320,3.9679,239.3656,949.7759

5757.8320,3.9678,239.3645,949.7488

5758.8320,3.9677,239.3781,949.7836

5759.8320,3.9677,239.3968,949.8431

5760.8330,3.9678,239.3700,949.7661

5761.8320,3.9676,239.3925,949.8099

5762.8320,3.9674,239.4503,950.0045

5763.8320,3.9675,239.4286,949.9361

5764.8320,3.9674,239.4406,949.9549

5765.8320,3.9675,239.4257,949.9327

5766.8320,3.9675,239.4172,949.8985

5767.8320,3.9676,239.4037,949.8470

5768.8320,3.9677,239.4014,949.8831

5769.8320,3.9676,239.3911,949.8049

5770.8320,3.9678,239.4021,949.8881

5771.8320,3.9677,239.3727,949.7562

5772.8320,3.9677,239.3695,949.7357

5773.8320,3.9677,239.4113,949.9022

5774.8320,3.9674,239.4147,949.8516

5775.8320,3.9679,239.4069,949.9326

5776.8320,3.9677,239.3534,949.6893

5777.8320,3.9679,239.3665,949.7733

5778.8320,3.9677,239.3727,949.7679

5779.8320,3.9677,239.3662,949.7415

5780.8320,3.9678,239.3605,949.7361

5781.8320,3.9677,239.3773,949.7715

5782.8320,3.9671,239.5259,950.2284

5783.8320,3.9670,239.5678,950.3590

5784.8320,3.9669,239.5891,950.4218

5785.8320,3.9669,239.5679,950.3373

5786.8320,3.9670,239.5558,950.3199

5787.8320,3.9672,239.5278,950.2503

5788.8320,3.9670,239.5488,950.2954

5789.8330,3.9671,239.5405,950.2732

5790.8320,3.9672,239.5236,950.2310

5791.8320,3.9670,239.5533,950.3098

5792.8320,3.9670,239.5561,950.3121

5793.8320,3.9667,239.6505,950.6280

5794.8320,3.9667,239.6423,950.5988

5795.8320,3.9667,239.6233,950.5239

5796.8320,3.9670,239.5549,950.3249

5797.8320,3.9670,239.5540,950.3215

5798.8320,3.9670,239.5404,950.2545

5799.8320,3.9673,239.5181,950.2341

5800.8330,3.9674,239.4675,950.0538

5801.8320,3.9675,239.4543,950.0351

5802.8320,3.9675,239.4078,949.8527

5803.8320,3.9674,239.4583,950.0202

5804.8320,3.9671,239.4972,950.1208

5805.8320,3.9674,239.4790,950.0977

5806.8320,3.9673,239.4651,950.0185

5807.8320,3.9675,239.4360,949.9707

5808.8320,3.9674,239.4319,949.9261

5809.8320,3.9675,239.4235,949.9186

5810.8330,3.9676,239.4296,949.9505

5811.8320,3.9677,239.4149,949.9155

5812.8330,3.9669,239.5369,950.2289

5813.8320,3.9672,239.5207,950.2365

5814.8330,3.9676,239.3782,949.7662

5815.8320,3.9680,239.3077,949.5741

5816.8320,3.9680,239.2934,949.5141

5817.8330,3.9680,239.2785,949.4647

5818.8320,3.9680,239.3052,949.5597

5819.8320,3.9679,239.2962,949.5085

5820.8320,3.9680,239.2958,949.5249

5821.8320,3.9680,239.3284,949.6449

5822.8320,3.9679,239.3137,949.5623

5823.8320,3.9681,239.2900,949.5189

5824.8330,3.9679,239.2975,949.5062

5825.8320,3.9679,239.3588,949.7579

5826.8320,3.9678,239.3331,949.6221

5827.8320,3.9679,239.3387,949.6604

5828.8320,3.9676,239.3783,949.7557

5829.8320,3.9677,239.3733,949.7679

5830.8320,3.9677,239.3694,949.7488

5831.8320,3.9679,239.3531,949.7214

5832.8320,3.9679,239.3183,949.5891

5833.8320,3.9679,239.3205,949.6094

5834.8320,3.9679,239.3131,949.5780

5835.8320,3.9679,239.3122,949.5757

5836.8320,3.9679,239.2929,949.4963

5837.8320,3.9681,239.2980,949.5514

5838.8320,3.9680,239.2748,949.4515

5839.8320,3.9681,239.2577,949.3966

5840.8320,3.9682,239.2455,949.3729

5841.8320,3.9682,239.2545,949.4120

5842.8320,3.9682,239.2586,949.4174

5843.8320,3.9683,239.2341,949.3472

5844.8320,3.9683,239.2066,949.2456

5845.8330,3.9684,239.2051,949.2545

5846.8320,3.9682,239.2417,949.3561

5847.8330,3.9682,239.2471,949.3705

5848.8320,3.9682,239.2242,949.3014

5849.8320,3.9683,239.2113,949.2736

5850.8340,3.9685,239.1843,949.1910

5851.8330,3.9684,239.1836,949.1740

5852.8320,3.9684,239.1772,949.1509

5853.8320,3.9686,239.1741,949.1749

5854.8320,3.9685,239.1398,949.0365

5855.8330,3.9686,239.1590,949.1179

5856.8320,3.9686,239.1082,948.9228

5857.8320,3.9688,239.1064,948.9576

5858.8320,3.9684,239.1667,949.1181

5859.8320,3.9683,239.2066,949.2380

5860.8320,3.9680,239.3152,949.6056

5861.8320,3.9682,239.2534,949.4049

5862.8320,3.9682,239.2337,949.3239

5863.8320,3.9683,239.2343,949.3627

5864.8320,3.9682,239.2431,949.3632

5865.8330,3.9682,239.2257,949.3048

5866.8320,3.9683,239.1890,949.1808

5867.8320,3.9682,239.2825,949.5148

5868.8320,3.9679,239.3085,949.5613

5869.8320,3.9679,239.3103,949.5554

5870.8320,3.9679,239.3233,949.6001

5871.8320,3.9678,239.3348,949.6407

5872.8320,3.9680,239.3117,949.5845

5873.8320,3.9681,239.2721,949.4521

5874.8320,3.9680,239.2881,949.5010

5875.8320,3.9680,239.3040,949.5487

5876.8320,3.9680,239.2901,949.5096

5877.8320,3.9680,239.2798,949.4635

5878.8320,3.9679,239.3023,949.5387

5879.8320,3.9678,239.3236,949.5979

5880.8320,3.9680,239.2836,949.4848

5881.8320,3.9679,239.2827,949.4589

5882.8320,3.9681,239.2928,949.5287

5883.8320,3.9681,239.2713,949.4507

5884.8320,3.9682,239.2355,949.3345

5885.8320,3.9682,239.2792,949.4958

5886.8320,3.9681,239.2285,949.2901

5887.8330,3.9682,239.2233,949.2964

5888.8320,3.9682,239.2650,949.4483

5889.8320,3.9682,239.2338,949.3338

5890.8320,3.9681,239.2149,949.2399

5891.8320,3.9682,239.2572,949.4166

5892.8320,3.9682,239.2229,949.2842

5893.8320,3.9683,239.1912,949.1855

5894.8330,3.9685,239.1650,949.1201

5895.8320,3.9685,239.1713,949.1533

5896.8330,3.9684,239.1540,949.0627

5897.8320,3.9686,239.1506,949.0940

5898.8320,3.9684,239.1423,949.0143

5899.8320,3.9685,239.1634,949.1166

5900.8320,3.9685,239.1482,949.0579

5901.8320,3.9684,239.1825,949.1753

5902.8320,3.9683,239.2025,949.2350

5903.8320,3.9682,239.2254,949.3044

5904.8320,3.9683,239.2051,949.2464

5905.8330,3.9684,239.1900,949.2047

5906.8330,3.9683,239.2061,949.2487

5907.8320,3.9685,239.1664,949.1311

5908.8320,3.9683,239.1949,949.2061

5909.8320,3.9685,239.1886,949.2081

5910.8320,3.9684,239.1774,949.1457

5911.8320,3.9683,239.1939,949.1961

5912.8320,3.9684,239.2077,949.2697

5913.8330,3.9683,239.1724,949.1190

5914.8320,3.9685,239.1609,949.0988

5915.8320,3.9685,239.1575,949.1080

5916.8320,3.9686,239.1136,948.9462

5917.8320,3.9688,239.0936,948.9043

5918.8320,3.9685,239.1560,949.0839

5919.8320,3.9685,239.1541,949.0851

5920.8320,3.9682,239.2301,949.3197

5921.8330,3.9682,239.2471,949.3690

5922.8320,3.9681,239.2583,949.4006

5923.8320,3.9682,239.2470,949.3711

5924.8320,3.9683,239.2209,949.2921

5925.8330,3.9683,239.2162,949.2791

5926.8330,3.9684,239.1770,949.1589

5927.8320,3.9685,239.1415,949.0377

5928.8320,3.9686,239.1227,948.9839

5929.8320,3.9685,239.1411,949.0394

5930.8320,3.9685,239.1493,949.0541

5931.8320,3.9683,239.2052,949.2430

5932.8320,3.9682,239.2254,949.2885

5933.8320,3.9683,239.1609,949.0538

5934.8320,3.9686,239.1669,949.1523

5935.8320,3.9682,239.1924,949.1708

5936.8320,3.9685,239.1682,949.1454

5937.8320,3.9685,239.1189,948.9466

5938.8320,3.9686,239.1216,948.9724

5939.8330,3.9686,239.1357,949.0314

5940.8330,3.9686,239.1186,948.9602

5941.8320,3.9686,239.1183,948.9682

5942.8320,3.9686,239.1287,949.0041

5943.8320,3.9685,239.1445,949.0344

5944.8320,3.9686,239.1365,949.0307

5945.8320,3.9687,239.1004,948.9176

5946.8320,3.9681,239.2333,949.3092

5947.8320,3.9681,239.2659,949.4327

5948.8320,3.9682,239.2390,949.3377

5949.8320,3.9683,239.1950,949.1968

5950.8320,3.9685,239.1790,949.1703

5951.8320,3.9685,239.1491,949.0568

5952.8320,3.9686,239.1514,949.0897

5953.8320,3.9684,239.1603,949.0900

5954.8320,3.9685,239.1702,949.1438

5955.8320,3.9685,239.1760,949.1738

5956.8330,3.9682,239.2225,949.2856

5957.8320,3.9683,239.2069,949.2363

5958.8320,3.9683,239.2097,949.2524

5959.8320,3.9685,239.1732,949.1583

5960.8320,3.9686,239.1529,949.0920

5961.8320,3.9686,239.1481,949.0765

5962.8320,3.9684,239.1617,949.0954

5963.8320,3.9684,239.2070,949.2662

5964.8330,3.9685,239.1573,949.0953

5965.8320,3.9685,239.1282,948.9919

5966.8320,3.9687,239.1203,948.9915

5967.8320,3.9686,239.1406,949.0491

5968.8320,3.9686,239.1285,948.9947

5969.8320,3.9685,239.1406,949.0404

5970.8320,3.9686,239.1224,948.9809

5971.8320,3.9684,239.1547,949.0730

5972.8320,3.9687,239.1017,948.9183

5973.8320,3.9686,239.1408,949.0450

5974.8320,3.9685,239.1410,949.0356

5975.8320,3.9687,239.1091,948.9601

5976.8320,3.9687,239.0918,948.8877

5977.8320,3.9687,239.0884,948.8629

5978.8320,3.9686,239.1012,948.9064

5979.8320,3.9687,239.0962,948.9068

5980.8330,3.9686,239.1247,948.9935

5981.8330,3.9686,239.0980,948.8918

5982.8320,3.9686,239.1003,948.8969

5983.8320,3.9686,239.0862,948.8401

5984.8320,3.9687,239.0693,948.7888

5985.8320,3.9688,239.1004,948.9328

5986.8320,3.9683,239.1745,949.1164

5987.8320,3.9680,239.2712,949.4296

5988.8320,3.9682,239.2432,949.3534

5989.8320,3.9680,239.2849,949.4745

5990.8320,3.9680,239.2905,949.5000

5991.8320,3.9680,239.2842,949.4720

5992.8320,3.9681,239.2808,949.4829

5993.8320,3.9680,239.2957,949.5135

5994.8320,3.9679,239.3045,949.5456

5995.8320,3.9678,239.3283,949.6064

5996.8320,3.9678,239.3454,949.6758

5997.8320,3.9681,239.2814,949.4818

5998.8320,3.9681,239.2543,949.3950

5999.8320,3.9682,239.2239,949.2817

6000.8320,3.9682,239.2078,949.2338

6001.8330,3.9682,239.2048,949.2210

6002.8320,3.9686,239.1356,949.0233

6003.8320,3.9688,239.0950,948.9299

6004.8320,3.9690,239.0447,948.7590

6005.8320,3.9686,239.1250,948.9988

6006.8320,3.9685,239.1590,949.1051

6007.8320,3.9683,239.2140,949.2629

6008.8330,3.9682,239.1997,949.1847

6009.8320,3.9683,239.1855,949.1615

6010.8320,3.9683,239.2082,949.2553

6011.8320,3.9682,239.1959,949.1791

6012.8320,3.9685,239.1613,949.1225

6013.8320,3.9687,239.1211,948.9939

6014.8320,3.9687,239.1091,948.9431

6015.8320,3.9688,239.0936,948.9029

6016.8320,3.9686,239.1045,948.9217

6017.8320,3.9688,239.0792,948.8485

6018.8320,3.9688,239.0580,948.7676

6019.8320,3.9689,239.0407,948.7220

6020.8330,3.9690,239.0287,948.7021

6021.8320,3.9689,239.0384,948.7130

6022.8320,3.9679,239.3096,949.5669

6023.8320,3.9689,239.0429,948.7377

6024.8320,3.9688,239.0884,948.8867

6025.8320,3.9686,239.0958,948.8801

6026.8320,3.9687,239.1052,948.9314

6027.8330,3.9686,239.1116,948.9351

6028.8320,3.9688,239.0417,948.7148

6029.8330,3.9688,239.0502,948.7542

6030.8320,3.9688,239.0494,948.7365

6031.8320,3.9690,239.0106,948.6341

6032.8320,3.9690,239.0006,948.6040

6033.8320,3.9688,239.0570,948.7575

6034.8320,3.9688,239.0530,948.7552

6035.8320,3.9689,239.0349,948.7016

6036.8320,3.9688,239.0452,948.7154

6037.8320,3.9689,239.0251,948.6779

6038.8320,3.9691,238.9804,948.5374

6039.8320,3.9691,238.9704,948.4978

6040.8320,3.9690,238.9809,948.5268

6041.8330,3.9693,238.9498,948.4599

6042.8320,3.9693,238.9019,948.2677

6043.8320,3.9693,238.9221,948.3636

6044.8320,3.9694,238.9010,948.3012

6045.8320,3.9695,238.8573,948.1418

6046.8320,3.9696,238.8415,948.1097

6047.8320,3.9698,238.8090,948.0175

6048.8320,3.9698,238.7753,947.8971

6049.8320,3.9698,238.7947,947.9612

6050.8320,3.9698,238.8096,948.0173

6051.8320,3.9697,238.8172,948.0289

6052.8320,3.9694,238.8921,948.2570

6053.8320,3.9696,238.8525,948.1456

6054.8320,3.9695,238.8733,948.1971

6055.8330,3.9696,238.8320,948.0772

6056.8320,3.9698,238.7992,947.9872

6057.8330,3.9694,238.8791,948.2155

6058.8320,3.9697,238.8137,948.0194

6059.8320,3.9696,238.8248,948.0498

6060.8320,3.9695,238.8521,948.1324

6061.8320,3.9695,238.8850,948.2436

6062.8330,3.9696,238.8331,948.0721

6063.8320,3.9698,238.7953,947.9776

6064.8320,3.9699,238.7269,947.7315

6065.8320,3.9700,238.7289,947.7652

6066.8320,3.9699,238.7539,947.8206

6067.8320,3.9700,238.7417,947.8030

6068.8320,3.9700,238.7370,947.7974

6069.8320,3.9701,238.6876,947.6170

6070.8330,3.9702,238.6892,947.6334

6071.8320,3.9704,238.6489,947.5235

6072.8320,3.9703,238.6392,947.4758

6073.8320,3.9705,238.6064,947.3920

6074.8320,3.9706,238.5606,947.2360

6075.8320,3.9709,238.5256,947.1646

6076.8320,3.9711,238.4379,946.8699

6077.8320,3.9714,238.3543,946.5917

6078.8320,3.9715,238.3640,946.6513

6079.8320,3.9716,238.3224,946.5199

6080.8320,3.9715,238.2993,946.4172

6081.8320,3.9720,238.2245,946.2360

6082.8330,3.9718,238.2207,946.1758

6083.8320,3.9720,238.2316,946.2661

6084.8320,3.9717,238.2593,946.3032

6085.8320,3.9714,238.3546,946.5915

6086.8320,3.9711,238.4453,946.8858

6087.8320,3.9709,238.4513,946.8703

6088.8320,3.9714,238.3705,946.6534

6089.8330,3.9718,238.2699,946.3582

6090.8320,3.9721,238.2151,946.2087

6091.8320,3.9718,238.2376,946.2216

6092.8320,3.9709,238.4776,946.9717

6093.8320,3.9719,238.2376,946.2588

6094.8330,3.9724,238.1297,945.9396

6095.8320,3.9724,238.0818,945.7580

6096.8330,3.9718,238.2426,946.2521

6097.8320,3.9719,238.2423,946.2697

6098.8320,3.9716,238.2787,946.3476

6099.8320,3.9716,238.2865,946.3860

6100.8320,3.9719,238.2554,946.3253

6101.8320,3.9719,238.1871,946.0534

6102.8330,3.9722,238.1768,946.0787

6103.8320,3.9724,238.1152,945.8911

6104.8320,3.9724,238.0672,945.6913

6105.8320,3.9727,238.0219,945.5864

6106.8320,3.9725,238.0796,945.7653

6107.8320,3.9708,238.4894,947.0048

6108.8320,3.9708,238.5157,947.0878

6109.8320,3.9712,238.4258,946.8325

6110.8320,3.9715,238.3314,946.5434

6111.8320,3.9718,238.2499,946.2914

6112.8330,3.9718,238.2343,946.2192

6113.8320,3.9718,238.2457,946.2639

6114.8320,3.9718,238.2476,946.2612

6115.8320,3.9716,238.2998,946.4284

6116.8330,3.9718,238.2375,946.2305

6117.8320,3.9718,238.2415,946.2394

6118.8320,3.9718,238.2513,946.2747

6119.8320,3.9719,238.2017,946.1162

6120.8320,3.9719,238.1922,946.0840

6121.8320,3.9722,238.1251,945.8816

6122.8320,3.9722,238.1234,945.8708

6123.8320,3.9720,238.1636,945.9930

6124.8320,3.9713,238.3667,946.6271

6125.8320,3.9720,238.1921,946.0923

6126.8330,3.9721,238.1623,945.9928

6127.8320,3.9722,238.1332,945.9149

6128.8320,3.9724,238.0859,945.7623

6129.8320,3.9725,238.0406,945.6281

6130.8320,3.9725,238.0531,945.6687

6131.8320,3.9725,238.0495,945.6585

6132.8320,3.9727,238.0021,945.5007

6133.8320,3.9730,237.9395,945.3283

6134.8330,3.9730,237.9067,945.1955

6135.8330,3.9732,237.8742,945.1200

6136.8320,3.9733,237.8551,945.0661

6137.8320,3.9733,237.8593,945.0773

6138.8320,3.9730,237.9092,945.2194

6139.8320,3.9729,237.9446,945.3280

6140.8320,3.9732,237.8776,945.1301

6141.8320,3.9733,237.8237,944.9493

6142.8320,3.9735,237.7863,944.8509

6143.8320,3.9737,237.7386,944.7075

6144.8320,3.9736,237.7657,944.7820

6145.8320,3.9734,237.8101,944.9212

6146.8320,3.9731,237.8612,945.0553

6147.8330,3.9729,237.9412,945.3167

6148.8330,3.9730,237.9247,945.2651

6149.8320,3.9732,237.8622,945.0640

6150.8320,3.9732,237.8681,945.0961

6151.8320,3.9733,237.8262,944.9667

6152.8320,3.9734,237.8046,944.8859

6153.8330,3.9734,237.7932,944.8581

6154.8320,3.9735,237.7972,944.8794

6155.8320,3.9734,237.8184,944.9411

6156.8330,3.9730,237.9032,945.1888

6157.8320,3.9730,237.8781,945.0978

6158.8320,3.9731,237.8943,945.1876

6159.8320,3.9730,237.9223,945.2602

6160.8320,3.9728,237.9449,945.3170

6161.8320,3.9730,237.9228,945.2600

6162.8320,3.9729,237.9214,945.2449

6163.8320,3.9721,238.1639,945.9993

6164.8320,3.9723,238.0846,945.7515

6165.8320,3.9728,237.9713,945.4067

6166.8320,3.9730,237.9004,945.1731

6167.8320,3.9731,237.8916,945.1566

6168.8320,3.9731,237.8767,945.1146

6169.8320,3.9730,237.9071,945.2111

6170.8320,3.9731,237.8886,945.1554

6171.8320,3.9725,238.0314,945.5887

6172.8320,3.9731,237.9051,945.2127

6173.8320,3.9729,237.9586,945.3817

6174.8320,3.9729,237.9408,945.3098

6175.8320,3.9731,237.9012,945.2093

6176.8320,3.9730,237.8973,945.1749

6177.8320,3.9733,237.8687,945.1144

6178.8320,3.9732,237.8528,945.0468

6179.8320,3.9733,237.8127,944.9089

6180.8320,3.9734,237.7966,944.8634

6181.8320,3.9732,237.8458,945.0104

6182.8320,3.9734,237.8144,944.9310

6183.8320,3.9735,237.7725,944.7890

6184.8330,3.9734,237.8254,944.9678

6185.8320,3.9734,237.7906,944.8440

6186.8320,3.9731,237.8892,945.1470

6187.8320,3.9728,237.9626,945.3786

6188.8320,3.9729,237.9421,945.3150

6189.8320,3.9727,237.9931,945.4730

6190.8320,3.9726,238.0099,945.5278

6191.8320,3.9728,237.9667,945.3823

6192.8320,3.9729,237.9551,945.3611

6193.8320,3.9727,237.9991,945.4882

6194.8330,3.9729,237.9619,945.3952

6195.8320,3.9729,237.9174,945.2293

6196.8320,3.9730,237.9205,945.2504

6197.8330,3.9730,237.9188,945.2592

6198.8320,3.9728,237.9267,945.2364

6199.8320,3.9733,237.8588,945.0766

6200.8320,3.9734,237.8365,945.0189

6201.8320,3.9730,237.9068,945.1935

6202.8320,3.9734,237.8068,944.8991

6203.8320,3.9735,237.7956,944.8718

6204.8320,3.9735,237.7802,944.8180

6205.8320,3.9732,237.8402,944.9895

6206.8320,3.9731,237.8802,945.1107

6207.8320,3.9735,237.7856,944.8396

6208.8320,3.9733,237.8260,944.9632

6209.8320,3.9732,237.8638,945.0706

6210.8320,3.9736,237.7555,944.7469

6211.8320,3.9735,237.7709,944.7839

6212.8320,3.9731,237.8610,945.0458

6213.8320,3.9730,237.8923,945.1518

6214.8320,3.9731,237.8570,945.0328

6215.8320,3.9732,237.8432,944.9876

6216.8320,3.9732,237.8452,944.9975

6217.8330,3.9733,237.8495,945.0374

6218.8320,3.9732,237.8402,944.9918

6219.8320,3.9729,237.8898,945.1094

6220.8320,3.9726,238.0036,945.4983

6221.8320,3.9727,237.9666,945.3818

6222.8320,3.9728,237.9235,945.2328

6223.8320,3.9728,237.9372,945.2835

6224.8330,3.9728,237.9476,945.3095

6225.8320,3.9730,237.9049,945.1858

6226.8320,3.9727,237.9615,945.3491

6227.8320,3.9727,237.9679,945.3803

6228.8330,3.9728,237.9316,945.2596

6229.8330,3.9728,237.9501,945.3259

6230.8320,3.9729,237.9178,945.2300

6231.8320,3.9731,237.8625,945.0459

6232.8320,3.9731,237.8683,945.0723

6233.8320,3.9732,237.8588,945.0538

6234.8320,3.9731,237.8585,945.0428

6235.8320,3.9727,237.9809,945.4380

6236.8320,3.9725,238.0109,945.5024

6237.8320,3.9727,237.9704,945.3911

6238.8320,3.9732,237.8792,945.1347

6239.8320,3.9730,237.9003,945.1780

6240.8320,3.9728,237.9131,945.1879

6241.8320,3.9730,237.8675,945.0475

6242.8320,3.9730,237.8976,945.1750

6243.8330,3.9730,237.8855,945.1278

6244.8320,3.9732,237.8334,944.9536

6245.8320,3.9731,237.8552,945.0323

6246.8320,3.9732,237.8364,944.9826

6247.8320,3.9730,237.8689,945.0582

6248.8320,3.9729,237.9212,945.2347

6249.8320,3.9729,237.9071,945.1909

6250.8320,3.9728,237.9526,945.3271

6251.8320,3.9727,237.9513,945.3186

6252.8320,3.9727,237.9531,945.3071

6253.8320,3.9729,237.9313,945.2763

6254.8320,3.9727,237.9406,945.2771

6255.8320,3.9726,237.9877,945.4329

6256.8320,3.9726,237.9893,945.4436

6257.8320,3.9728,237.9379,945.2833

6258.8320,3.9729,237.9141,945.1993

6259.8320,3.9726,237.9928,945.4448

6260.8330,3.9725,238.0219,945.5386

6261.8320,3.9730,237.9002,945.1670

6262.8320,3.9729,237.9170,945.2106

6263.8320,3.9727,237.9801,945.4127

6264.8320,3.9727,237.9479,945.3022

6265.8320,3.9731,237.8648,945.0526

6266.8320,3.9727,237.9514,945.3107

6267.8320,3.9727,237.9578,945.3309

6268.8320,3.9728,237.9464,945.3150

6269.8320,3.9728,237.9387,945.2824

6270.8320,3.9728,237.9298,945.2439

6271.8320,3.9730,237.8933,945.1390

6272.8320,3.9730,237.8851,945.1074

6273.8320,3.9728,237.9160,945.1970

6274.8320,3.9728,237.9296,945.2379

6275.8320,3.9728,237.9191,945.2138

6276.8320,3.9730,237.8857,945.1118

6277.8320,3.9724,238.0170,945.5022

6278.8320,3.9723,238.0409,945.5581

6279.8330,3.9723,238.0611,945.6547

6280.8320,3.9726,237.9853,945.4303

6281.8320,3.9726,237.9533,945.2958

6282.8330,3.9726,237.9704,945.3628

6283.8320,3.9727,237.9515,945.3014

6284.8330,3.9728,237.9275,945.2290

6285.8320,3.9727,237.9377,945.2561

6286.8320,3.9727,237.9395,945.2579

6287.8320,3.9724,237.9933,945.4159

6288.8320,3.9729,237.8867,945.1019

6289.8320,3.9730,237.8571,945.0039

6290.8320,3.9733,237.7971,944.8399

6291.8320,3.9733,237.7770,944.7660

6292.8320,3.9727,237.9151,945.1746

6293.8320,3.9725,237.9914,945.4113

6294.8320,3.9724,238.0152,945.4933

6295.8320,3.9725,237.9823,945.3916

6296.8320,3.9724,238.0092,945.4669

6297.8320,3.9723,238.0434,945.5822

6298.8320,3.9724,237.9998,945.4266

6299.8320,3.9723,238.0520,945.6053

6300.8320,3.9722,238.0221,945.4813

6301.8320,3.9723,238.0399,945.5601

6302.8320,3.9722,238.0238,945.4881

6303.8320,3.9723,238.0632,945.6484

6304.8320,3.9719,238.1076,945.7368

6305.8320,3.9722,238.0669,945.6591

6306.8320,3.9720,238.0838,945.6737

6307.8320,3.9720,238.0821,945.6671

6308.8320,3.9722,238.0577,945.6180

6309.8320,NaN,NaN,NaN

6310.8320,3.9725,237.9927,945.4168

6311.8320,3.9730,237.8386,944.9283

6312.8330,3.9730,237.8475,944.9645

6313.8320,3.9730,237.8329,944.9149

6314.8320,3.9728,237.8947,945.1031

6315.8320,3.9725,237.9823,945.3872

6316.8330,3.9725,237.9723,945.3477

6317.8320,3.9722,238.0408,945.5340

6318.8320,3.9725,238.0007,945.4521

6319.8320,3.9728,237.8924,945.0918

6320.8330,3.9729,237.8698,945.0341

6321.8320,3.9727,237.9340,945.2362

6322.8320,3.9728,237.8995,945.1253

6323.8320,3.9727,237.9448,945.2880

6324.8320,3.9724,237.9743,945.3331

6325.8320,3.9727,237.9588,945.3292

6326.8320,3.9723,238.0205,945.4782

6327.8320,3.9721,238.0740,945.6541

6328.8330,3.9719,238.1350,945.8452

6329.8320,3.9724,238.0172,945.4973

6330.8320,3.9724,237.9923,945.3906

6331.8320,3.9723,238.0296,945.5252

6332.8320,3.9720,238.0853,945.6840

6333.8320,3.9720,238.1146,945.7813

6334.8330,3.9722,238.0634,945.6263

6335.8320,3.9721,238.0638,945.6126

6336.8330,3.9721,238.0843,945.6854

6337.8330,3.9720,238.0999,945.7313

6338.8320,3.9720,238.0827,945.6599

6339.8330,3.9723,237.9973,945.4072

6340.8330,3.9726,237.9555,945.2967

6341.8320,3.9720,238.0968,945.7182

6342.8320,3.9717,238.1393,945.8250

6343.8320,3.9720,238.0641,945.6000

6344.8320,3.9723,238.0316,945.5362

6345.8320,3.9722,238.0229,945.4767

6346.8320,3.9718,238.1302,945.7990

6347.8320,3.9718,238.1280,945.7875

6348.8320,3.9719,238.1144,945.7589

6349.8320,3.9719,238.1199,945.7836

6350.8330,3.9721,238.0580,945.5991

6351.8320,3.9722,238.0542,945.5944

6352.8320,3.9718,238.0909,945.6545

6353.8320,3.9717,238.1467,945.8565

6354.8320,3.9719,238.1099,945.7454

6355.8320,3.9719,238.1001,945.7076

6356.8330,3.9723,238.0108,945.4461

6357.8320,3.9723,238.0282,945.5246

6358.8320,3.9722,237.9839,945.3276

6359.8320,3.9725,237.9639,945.3098

6360.8320,3.9725,237.9651,945.3140

6361.8320,3.9723,237.9735,945.3033

6362.8320,3.9724,237.9848,945.3629

6363.8320,3.9722,238.0300,945.4955

6364.8320,3.9721,238.0252,945.4668

6365.8320,3.9722,238.0200,945.4740

6366.8330,3.9723,238.0113,945.4449

6367.8320,3.9720,238.0839,945.6589

6368.8320,3.9721,238.0396,945.5133

6369.8320,3.9723,238.0184,945.4685

6370.8330,3.9722,238.0139,945.4409

6371.8320,3.9723,237.9905,945.3657

6372.8320,3.9722,238.0173,945.4467

6373.8320,3.9723,238.0137,945.4525

6374.8320,3.9722,238.0149,945.4501

6375.8320,3.9721,238.0276,945.4689

6376.8320,3.9721,238.0484,945.5520

6377.8320,3.9723,238.0098,945.4418

6378.8320,3.9725,237.9519,945.2594

6379.8320,3.9724,237.9529,945.2497

6380.8320,3.9722,238.0049,945.4066

6381.8320,3.9722,238.0387,945.5265

6382.8320,3.9719,238.0997,945.7019

6383.8330,3.9719,238.0974,945.6978

6384.8320,3.9720,238.0498,945.5380

6385.8320,3.9720,238.0872,945.6739

6386.8320,3.9722,238.0231,945.4701

6387.8320,3.9723,237.9779,945.3196

6388.8320,3.9725,237.9177,945.1266

6389.8320,3.9726,237.9453,945.2521

6390.8320,3.9721,238.0017,945.3714

6391.8320,3.9718,238.1229,945.7845

6392.8330,3.9722,238.0011,945.3973

6393.8320,3.9722,238.0140,945.4453

6394.8320,3.9724,237.9570,945.2601

6395.8320,3.9723,237.9567,945.2444

6396.8320,3.9722,237.9811,945.3143

6397.8320,3.9723,237.9970,945.3962

6398.8320,3.9720,238.0346,945.4730

6399.8320,3.9722,237.9944,945.3576

6400.8320,3.9724,237.9641,945.2813

6401.8320,3.9722,237.9942,945.3675

6402.8320,3.9723,237.9826,945.3361

6403.8320,3.9724,237.9549,945.2572

6404.8320,3.9724,237.9639,945.2776

6405.8320,3.9722,237.9947,945.3597

6406.8330,3.9723,237.9658,945.2747

6407.8320,3.9723,237.9908,945.3760

6408.8320,3.9722,237.9836,945.3272

6409.8320,3.9721,238.0178,945.4413

6410.8320,3.9722,237.9841,945.3302

6411.8320,3.9723,237.9823,945.3348

6412.8320,3.9722,238.0035,945.4010

6413.8320,3.9722,238.0032,945.3875

6414.8320,3.9721,237.9994,945.3694

6415.8320,3.9723,237.9659,945.2816

6416.8320,3.9725,237.9155,945.1265

6417.8320,3.9727,237.8650,944.9735

6418.8320,3.9726,237.8840,945.0114

6419.8320,3.9728,237.8956,945.0998

6420.8320,3.9725,237.9302,945.1757

6421.8320,3.9724,237.9289,945.1581

6422.8320,3.9724,237.9358,945.1775

6423.8320,3.9724,237.9519,945.2397

6424.8320,3.9723,237.9723,945.2974

6425.8330,3.9725,237.9422,945.2262

6426.8330,3.9726,237.9155,945.1355

6427.8320,3.9729,237.8450,944.9257

6428.8320,3.9727,237.8444,944.8858

6429.8330,3.9727,237.8599,944.9561

6430.8320,3.9726,237.9061,945.1133

6431.8330,3.9720,238.0256,945.4449

6432.8320,3.9723,237.9687,945.2750

6433.8320,3.9719,238.0618,945.5599

6434.8320,3.9722,237.9882,945.3455

6435.8320,3.9724,237.9195,945.1157

6436.8320,3.9725,237.9433,945.2233

6437.8320,3.9723,237.9346,945.1435

6438.8320,3.9724,237.9405,945.1969

6439.8320,3.9719,238.0304,945.4429

6440.8320,3.9720,238.0385,945.4860

6441.8320,3.9718,238.0819,945.6215

6442.8320,3.9719,238.0538,945.5357

6443.8320,3.9717,238.1057,945.6896

6444.8320,3.9714,238.1680,945.8648

6445.8330,3.9716,238.1550,945.8521

6446.8320,3.9720,238.0423,945.4990

6447.8320,3.9724,237.9143,945.1012

6448.8320,3.9721,237.9985,945.3579

6449.8320,3.9720,238.0244,945.4310

6450.8320,3.9721,238.0057,945.3921

6451.8330,3.9723,237.9639,945.2607

6452.8320,3.9719,238.0378,945.4653

6453.8320,3.9719,238.0563,945.5343

6454.8330,3.9718,238.1030,945.6927

6455.8320,3.9716,238.0979,945.6405

6456.8320,3.9718,238.1025,945.6913

6457.8320,3.9719,238.0730,945.6068

6458.8320,3.9718,238.0692,945.5551

6459.8320,3.9715,238.1274,945.7314

6460.8320,3.9711,238.2382,946.0758

6461.8320,3.9718,238.0851,945.6346

6462.8320,3.9724,237.9089,945.0763

6463.8330,3.9727,237.8433,944.8770

6464.8320,3.9725,237.8808,944.9762

6465.8320,3.9727,237.8469,944.8867

6466.8320,3.9726,237.9032,945.0987

6467.8320,3.9723,237.9049,945.0347

6468.8320,3.9724,237.9080,945.0653

6469.8320,3.9726,237.8684,944.9456

6470.8320,3.9727,237.8101,944.7562

6471.8320,3.9728,237.8109,944.7697

6472.8320,3.9727,237.8320,944.8401

6473.8320,3.9724,237.8910,945.0097

6474.8320,3.9725,237.8899,945.0175

6475.8320,3.9724,237.8920,944.9950

6476.8320,3.9728,237.8436,944.8965

6477.8330,3.9727,237.8409,944.8703

6478.8320,3.9726,237.8108,944.7381

6479.8320,3.9728,237.8233,944.8357

6480.8320,3.9726,237.8474,944.8747

6481.8320,3.9725,237.8769,944.9664

6482.8320,3.9726,237.8587,944.9260

6483.8330,3.9727,237.8421,944.8757

6484.8320,3.9726,237.8278,944.7942

6485.8320,3.9729,237.8191,944.8255

6486.8320,3.9727,237.8311,944.8311

6487.8320,3.9727,237.8732,944.9987

6488.8320,3.9726,237.8458,944.8553

6489.8320,3.9726,237.8560,944.9071

6490.8320,3.9727,237.8589,944.9365

6491.8320,3.9726,237.8797,944.9963

6492.8320,3.9726,237.8663,944.9400

6493.8320,3.9725,237.8755,944.9525

6494.8320,3.9726,237.8609,944.9271

6495.8330,3.9725,237.8728,944.9609

6496.8320,3.9726,237.8386,944.8336

6497.8320,3.9725,237.8994,945.0440

6498.8320,3.9725,237.8890,945.0127

6499.8320,3.9725,237.8917,945.0156

6500.8330,3.9723,237.8988,945.0172

6501.8320,3.9724,237.8839,944.9794

6502.8320,3.9727,237.8481,944.8930

6503.8320,3.9725,237.8771,944.9703

6504.8320,3.9723,237.9266,945.1128

6505.8320,3.9723,237.9358,945.1492

6506.8320,3.9723,237.9210,945.1053

6507.8320,3.9722,237.9479,945.1713

6508.8320,3.9723,237.9502,945.1985

6509.8320,3.9722,237.9667,945.2458

6510.8330,3.9722,237.9558,945.2165

6511.8320,3.9723,237.9073,945.0330

6512.8330,3.9720,238.0186,945.4100

6513.8320,3.9721,237.9876,945.3038

6514.8320,3.9722,237.9532,945.1871

6515.8320,3.9724,237.8990,945.0307

6516.8320,3.9722,237.9567,945.2020

6517.8320,3.9721,237.9725,945.2566

6518.8320,3.9723,237.9263,945.1115

6519.8320,3.9724,237.9039,945.0436

6520.8320,3.9723,237.9052,945.0383

6521.8320,3.9723,237.9203,945.0932

6522.8320,3.9722,237.9284,945.1099

6523.8320,3.9725,237.8747,944.9630

6524.8320,3.9725,237.8654,944.9166

6525.8320,3.9726,237.8245,944.7832

6526.8320,3.9727,237.8263,944.8033

6527.8330,3.9726,237.8358,944.8220

6528.8320,3.9727,237.8184,944.7812

6529.8320,3.9726,237.8362,944.8350

6530.8320,3.9724,237.8610,944.8864

6531.8320,3.9726,237.8538,944.8945

6532.8320,3.9727,237.8079,944.7280

6533.8320,3.9728,237.7766,944.6436

6534.8320,3.9724,237.8614,944.8881

6535.8320,3.9726,237.8413,944.8410

6536.8320,3.9726,237.8664,944.9430

6537.8330,3.9725,237.8370,944.7960

6538.8320,3.9725,237.8444,944.8392

6539.8320,3.9724,237.8885,944.9855

6540.8320,3.9721,237.9659,945.2184

6541.8320,3.9719,238.0078,945.3479

6542.8320,3.9721,237.9496,945.1601

6543.8330,3.9723,237.9280,945.1119

6544.8320,3.9720,237.9738,945.2416

6545.8320,3.9721,237.9584,945.1918

6546.8320,3.9723,237.9065,945.0334

6547.8330,3.9724,237.8765,944.9465

6548.8320,3.9722,237.9368,945.1348

6549.8320,3.9721,237.9371,945.1149

6550.8320,3.9723,237.9098,945.0462

6551.8320,3.9723,237.8889,944.9749

6552.8320,3.9723,237.8935,944.9903

6553.8320,3.9723,237.9117,945.0526

6554.8320,3.9722,237.9176,945.0596

6555.8320,3.9721,237.9629,945.2109

6556.8320,3.9722,237.9209,945.0759

6557.8320,3.9723,237.8986,945.0146

6558.8320,3.9725,237.8264,944.7648

6559.8320,3.9725,237.8386,944.8244

6560.8320,3.9725,237.8485,944.8458

6561.8320,3.9722,237.9195,945.0586

6562.8330,3.9719,237.9953,945.2884

6563.8320,3.9719,237.9863,945.2601

6564.8320,3.9721,237.9557,945.1848

6565.8320,3.9723,237.9059,945.0308

6566.8320,3.9721,237.9330,945.0957

6567.8320,3.9723,237.8882,944.9640

6568.8320,3.9723,237.8937,944.9888

6569.8320,3.9723,237.8873,944.9604

6570.8320,3.9720,237.9535,945.1506

6571.8320,3.9724,237.8551,944.8488

6572.8320,3.9725,237.8249,944.7655

6573.8320,3.9724,237.8741,944.9209

6574.8320,3.9723,237.8509,944.8158

6575.8320,3.9724,237.8465,944.8149

6576.8320,3.9724,237.8496,944.8296

6577.8320,3.9722,237.9047,945.0088

6578.8320,3.9722,237.9015,944.9816

6579.8320,3.9724,237.8652,944.8841

6580.8320,3.9725,237.8198,944.7443

6581.8330,3.9724,237.8469,944.8168

6582.8320,3.9723,237.8469,944.8020

6583.8320,3.9721,237.9302,945.0746

6584.8320,3.9720,237.9538,945.1442

6585.8320,3.9723,237.8619,944.8624

6586.8320,3.9723,237.8831,944.9444

6587.8320,3.9723,237.8864,944.9500

6588.8320,3.9722,237.8912,944.9420

6589.8320,3.9721,237.9252,945.0511

6590.8320,3.9719,237.9747,945.2088

6591.8320,3.9720,237.9566,945.1712

6592.8320,3.9720,237.9334,945.0774

6593.8320,3.9722,237.9119,945.0385

6594.8330,3.9720,237.9324,945.0601

6595.8320,3.9721,237.9352,945.0995

6596.8320,3.9722,237.8901,944.9364

6597.8320,3.9722,237.8871,944.9346

6598.8320,3.9723,237.8822,944.9446

6599.8320,3.9724,237.8451,944.8125

6600.8320,3.9724,237.8691,944.9053

6601.8320,3.9723,237.8854,944.9612

6602.8320,3.9724,237.8640,944.9018

6603.8320,3.9724,237.8490,944.8312

6604.8320,3.9725,237.8383,944.8050

6605.8320,3.9725,237.7969,944.6549

6606.8320,3.9725,237.7959,944.6555

6607.8320,3.9722,237.8849,944.9357

6608.8330,3.9720,237.9401,945.0905

6609.8320,3.9719,237.9643,945.1814

6610.8320,3.9720,237.9360,945.0743

6611.8320,3.9721,237.9246,945.0545

6612.8320,3.9724,237.8383,944.7965

6613.8320,3.9727,237.7476,944.5100

6614.8320,3.9723,237.8433,944.7881

6615.8320,3.9717,237.9954,945.2575

6616.8320,3.9718,238.0039,945.2961

6617.8320,3.9719,237.9458,945.1063

6618.8320,3.9718,237.9805,945.2092

6619.8320,3.9723,237.8743,944.9080

6620.8320,3.9723,237.8451,944.8019

6621.8320,3.9722,237.9038,944.9973

6622.8320,3.9722,237.8725,944.8726

6623.8330,3.9719,237.9663,945.1725

6624.8320,3.9716,238.0207,945.3185

6625.8320,3.9716,238.0554,945.4526

6626.8330,3.9715,238.0548,945.4308

6627.8320,3.9720,237.9523,945.1355

6628.8320,3.9720,237.9025,944.9424

6629.8320,3.9718,237.9678,945.1652

6630.8330,3.9717,237.9996,945.2647

6631.8320,3.9719,237.9702,945.1858

6632.8320,3.9718,237.9346,945.0393

6633.8320,3.9720,237.9182,945.0226

6634.8320,3.9719,237.9476,945.1049

6635.8320,3.9719,237.9370,945.0577

6636.8320,3.9719,237.9587,945.1590

6637.8320,3.9720,237.9203,945.0272

6638.8320,3.9719,237.9265,945.0215

6639.8320,3.9722,237.8824,944.9080

6640.8320,3.9722,237.8743,944.8774

6641.8320,3.9719,237.9209,944.9956

6642.8330,3.9716,238.0259,945.3530

6643.8320,3.9717,238.0015,945.2788

6644.8320,3.9718,237.9600,945.1214

6645.8320,3.9717,237.9814,945.1960

6646.8320,3.9716,238.0088,945.2826

6647.8320,3.9715,238.0520,945.4235

6648.8320,3.9716,238.0267,945.3430

6649.8320,3.9716,238.0230,945.3264

6650.8320,3.9716,238.0038,945.2651

6651.8320,3.9718,237.9598,945.1379

6652.8320,3.9717,238.0039,945.2860

6653.8330,3.9718,237.9650,945.1483

6654.8330,3.9720,237.9009,944.9490

6655.8330,3.9720,237.9190,945.0143

6656.8320,3.9720,237.9082,944.9740

6657.8320,3.9720,237.9290,945.0514

6658.8320,3.9718,238.0013,945.2971

6659.8320,3.9720,237.9338,945.0779

6660.8320,3.9720,237.8959,944.9245

6661.8330,3.9719,237.9216,944.9972

6662.8320,3.9718,237.9627,945.1427

6663.8330,3.9721,237.9442,945.1281

6664.8320,3.9721,237.8865,944.9038

6665.8320,3.9721,237.8914,944.9314

6666.8320,3.9723,237.8447,944.7798

6667.8320,3.9724,237.8141,944.6941

6668.8320,3.9726,237.7583,944.5303

6669.8320,3.9726,237.7681,944.5473

6670.8320,3.9726,237.7535,944.4982

6671.8320,3.9726,237.7577,944.5043

6672.8320,3.9725,237.7906,944.6174

6673.8320,3.9727,237.7148,944.3624

6674.8320,3.9729,237.6768,944.2561

6675.8320,3.9729,237.6592,944.2028

6676.8320,3.9726,237.7336,944.4206

6677.8330,3.9725,237.7650,944.5213

6678.8320,3.9726,237.7530,944.4978

6679.8320,3.9724,237.7634,944.4993

6680.8320,3.9726,237.7301,944.4148

6681.8320,3.9729,237.6620,944.2043

6682.8320,3.9728,237.6680,944.2130

6683.8320,3.9728,237.7071,944.3593

6684.8320,3.9728,237.6720,944.2197

6685.8320,3.9726,237.7124,944.3470

6686.8320,3.9725,237.7685,944.5420

6687.8320,3.9727,237.7106,944.3425

6688.8320,3.9726,237.7390,944.4464

6689.8330,3.9727,237.7004,944.3196

6690.8320,3.9728,237.7069,944.3576

6691.8320,3.9728,237.7222,944.4137

6692.8320,3.9727,237.6945,944.2860

6693.8320,3.9726,237.7160,944.3616

6694.8320,3.9726,237.7278,944.3980

6695.8320,3.9727,237.7241,944.4075

6696.8320,3.9728,237.6922,944.3058

6697.8320,3.9728,237.6782,944.2514

6698.8320,3.9729,237.6611,944.2111

6699.8320,3.9730,237.6439,944.1498

6700.8320,3.9727,237.6834,944.2526

6701.8320,3.9727,237.6902,944.2791

6702.8320,3.9728,237.6878,944.2933

6703.8330,3.9728,237.6674,944.2142

6704.8320,3.9731,237.6026,944.0212

6705.8320,3.9732,237.5609,943.8851

6706.8320,3.9733,237.5373,943.8080

6707.8320,3.9728,237.6420,944.1113

6708.8320,3.9726,237.7264,944.4022

6709.8330,3.9726,237.7230,944.3855

6710.8320,3.9730,237.5927,943.9584

6711.8320,3.9733,237.5775,943.9607

6712.8320,3.9731,237.5613,943.8629

6713.8320,3.9732,237.5787,943.9421

6714.8320,3.9733,237.5493,943.8428

6715.8320,3.9734,237.5364,943.8190

6716.8320,3.9731,237.5872,943.9549

6717.8320,3.9731,237.6243,944.1041

6718.8320,3.9731,237.5872,943.9565

6719.8330,3.9732,237.5666,943.8927

6720.8320,3.9731,237.5688,943.8921

6721.8320,3.9733,237.5588,943.8849

6722.8320,3.9734,237.4993,943.6865

6723.8320,3.9731,237.5835,943.9473

6724.8330,3.9731,237.5747,943.9152

6725.8320,3.9733,237.5582,943.8796

6726.8330,3.9733,237.5427,943.8199

6727.8320,3.9731,237.5600,943.8559

6728.8320,3.9732,237.5415,943.8076

6729.8320,3.9734,237.5044,943.6914

6730.8320,3.9737,237.4385,943.5019

6731.8320,3.9738,237.3913,943.3565

6732.8320,3.9740,237.3636,943.2740

6733.8320,3.9736,237.4405,943.4922

6734.8320,3.9737,237.4510,943.5492

6735.8320,3.9736,237.4445,943.5151

6736.8320,3.9739,237.3590,943.2460

6737.8320,3.9740,237.3301,943.1471

6738.8320,3.9741,237.3148,943.1243

6739.8320,3.9739,237.3417,943.1821

6740.8320,3.9739,237.3660,943.2743

6741.8320,3.9741,237.3236,943.1389

6742.8320,3.9741,237.2913,943.0177

6743.8320,3.9741,237.3278,943.1529

6744.8330,3.9737,237.4264,943.4585

6745.8320,3.9737,237.4176,943.4281

6746.8320,3.9740,237.3721,943.3210

6747.8330,3.9740,237.3383,943.1760

6748.8320,3.9740,237.3335,943.1731

6749.8320,3.9740,237.3306,943.1442

6750.8320,3.9741,237.3340,943.1779

6751.8320,3.9741,237.2777,942.9685

6752.8320,3.9740,237.3419,943.1868

6753.8320,3.9739,237.3456,943.1951

6754.8320,3.9737,237.3931,943.3372

6755.8320,3.9734,237.4839,943.6237

6756.8320,3.9736,237.4230,943.4292

6757.8320,3.9734,237.4776,943.5910

6758.8320,3.9734,237.4870,943.6411

6759.8330,3.9736,237.4464,943.5060

6760.8320,3.9736,237.4139,943.3862

6761.8330,3.9736,237.4335,943.4663

6762.8330,3.9736,237.4154,943.3952

6763.8320,3.9736,237.4131,943.3832

6764.8320,3.9738,237.3670,943.2582

6765.8320,3.9739,237.3566,943.2280

6766.8320,3.9738,237.3692,943.2648

6767.8320,3.9738,237.3589,943.2171

6768.8320,3.9739,237.3969,943.3856

6769.8320,3.9736,237.4105,943.3785

6770.8330,3.9738,237.3555,943.2078

6771.8320,3.9739,237.3612,943.2548

6772.8320,3.9737,237.3736,943.2615

6773.8320,3.9740,237.3433,943.1927

6774.8320,3.9737,237.4144,943.4068

6775.8320,3.9739,237.3471,943.2019

6776.8320,3.9739,237.3507,943.2096

6777.8320,3.9738,237.3329,943.1172

6778.8330,3.9740,237.3395,943.1845

6779.8320,3.9740,237.3349,943.1598

6780.8320,3.9739,237.3244,943.1151

6781.8330,3.9736,237.4247,943.4245

6782.8320,3.9736,237.4292,943.4463

6783.8320,3.9739,237.3512,943.1984

6784.8320,3.9738,237.3572,943.2182

6785.8320,3.9736,237.4025,943.3499

6786.8320,3.9738,237.3720,943.2706

6787.8320,3.9738,237.3658,943.2367

6788.8320,3.9736,237.4060,943.3591

6789.8320,3.9735,237.4230,943.4086

6790.8330,3.9735,237.4539,943.5207

6791.8320,3.9734,237.4646,943.5519

6792.8320,3.9735,237.4460,943.4841

6793.8320,3.9737,237.4038,943.3699

6794.8320,3.9736,237.4046,943.3471

6795.8320,3.9735,237.4154,943.3639

6796.8320,3.9735,237.4288,943.4267

6797.8320,3.9736,237.4137,943.3985

6798.8320,3.9733,237.4735,943.5483

6799.8330,3.9734,237.4576,943.5122

6800.8320,3.9734,237.4400,943.4550

6801.8320,3.9736,237.4014,943.3387

6802.8320,3.9736,237.4093,943.3664

6803.8320,3.9736,237.4131,943.3936

6804.8320,3.9733,237.5109,943.7126

6805.8320,3.9734,237.4358,943.4234

6806.8320,3.9737,237.3896,943.3162

6807.8320,3.9736,237.3834,943.2763

6808.8320,3.9735,237.4241,943.4142

6809.8320,3.9736,237.3927,943.3127

6810.8320,3.9740,237.3289,943.1387

6811.8320,3.9737,237.3900,943.3255

6812.8320,3.9736,237.3948,943.3131

6813.8320,3.9737,237.3951,943.3292

6814.8330,3.9735,237.4174,943.3801

6815.8320,3.9734,237.4540,943.5082

6816.8320,3.9735,237.4119,943.3612

6817.8320,3.9735,237.4164,943.3824

6818.8320,3.9735,237.4180,943.3842

6819.8320,3.9734,237.4609,943.5266

6820.8320,3.9733,237.4843,943.5940

6821.8320,3.9730,237.5593,943.8154

6822.8330,3.9735,237.4554,943.5292

6823.8320,3.9736,237.4170,943.3933

6824.8320,3.9735,237.4159,943.3745

6825.8320,3.9737,237.3510,943.1724

6826.8320,3.9737,237.3615,943.2100

6827.8320,3.9732,237.4862,943.5841

6828.8320,3.9730,237.5397,943.7548

6829.8330,3.9729,237.5752,943.8602

6830.8320,3.9727,237.6494,944.0980

6831.8320,3.9724,237.6790,944.1654

6832.8320,3.9726,237.6325,944.0194

6833.8320,3.9728,237.6147,943.9954

6834.8320,3.9727,237.5909,943.8835

6835.8320,3.9730,237.5651,943.8352

6836.8320,3.9730,237.5553,943.7961

6837.8320,3.9732,237.5008,943.6317

6838.8320,3.9728,237.5536,943.7631

6839.8320,3.9726,237.6340,944.0344

6840.8320,3.9731,237.5311,943.7440

6841.8320,3.9729,237.5441,943.7426

6842.8320,3.9729,237.5790,943.8813

6843.8330,3.9729,237.5811,943.8866

6844.8330,3.9728,237.6180,944.0063

6845.8320,3.9727,237.6027,943.9352

6846.8320,3.9731,237.5224,943.6886

6847.8320,3.9734,237.4390,943.4333

6848.8320,3.9734,237.4562,943.5156

6849.8320,3.9732,237.4727,943.5303

6850.8320,3.9733,237.4661,943.5201

6851.8320,3.9733,237.4704,943.5308

6852.8320,3.9732,237.5009,943.6341

6853.8320,3.9732,237.4745,943.5374

6854.8320,3.9733,237.4569,943.4968

6855.8320,3.9734,237.4387,943.4334

6856.8320,3.9733,237.4571,943.4917

6857.8320,3.9734,237.4399,943.4374

6858.8320,3.9737,237.3485,943.1521

6859.8330,3.9737,237.3666,943.2181

6860.8320,3.9735,237.3790,943.2273

6861.8320,3.9735,237.3938,943.2878

6862.8320,3.9737,237.3293,943.0838

6863.8320,3.9735,237.3970,943.2858

6864.8320,3.9733,237.4519,943.4746

6865.8320,3.9734,237.4152,943.3382

6866.8320,3.9736,237.3887,943.2781

6867.8320,3.9734,237.4023,943.3005

6868.8320,3.9732,237.4842,943.5798

6869.8320,3.9731,237.4731,943.5076

6870.8320,3.9732,237.4607,943.4800

6871.8320,3.9732,237.4918,943.5937

6872.8320,3.9734,237.3827,943.2268

6873.8320,3.9737,237.3545,943.1770

6874.8320,3.9738,237.3386,943.1338

6875.8320,3.9736,237.3556,943.1464

6876.8330,3.9734,237.4226,943.3722

6877.8320,3.9735,237.4108,943.3463

6878.8320,3.9734,237.4095,943.3302

6879.8320,3.9736,237.3477,943.1357

6880.8320,3.9737,237.3446,943.1292

6881.8320,3.9739,237.2923,942.9872

6882.8320,3.9737,237.3278,943.0689

6883.8320,3.9737,237.3469,943.1420

6884.8320,3.9737,237.3300,943.0770

6885.8330,3.9737,237.3309,943.0935

6886.8320,3.9739,237.2692,942.8912

6887.8320,3.9741,237.2373,942.8066

6888.8320,3.9739,237.2630,942.8657

6889.8320,3.9737,237.3409,943.1213

6890.8320,3.9730,237.5160,943.6399

6891.8320,3.9732,237.4449,943.4278

6892.8320,3.9732,237.4629,943.4847

6893.8320,3.9731,237.4678,943.4927

6894.8320,3.9735,237.4099,943.3437

6895.8320,3.9734,237.4054,943.3052

6896.8320,3.9735,237.3952,943.2867

6897.8320,3.9734,237.4208,943.3772

6898.8320,3.9734,237.4037,943.2947

6899.8330,3.9727,237.5717,943.8120

6900.8330,3.9729,237.5280,943.6637

6901.8330,3.9730,237.5018,943.5918

6902.8320,3.9732,237.4505,943.4444

6903.8320,3.9734,237.4374,943.4305

6904.8320,3.9733,237.4415,943.4170

6905.8320,3.9734,237.4388,943.4305

6906.8320,3.9731,237.4704,943.4875

6907.8320,3.9731,237.4937,943.5937

6908.8320,3.9729,237.5268,943.6779

6909.8320,3.9729,237.5318,943.6870

6910.8320,3.9731,237.5052,943.6298

6911.8320,3.9729,237.5234,943.6585

6912.8320,3.9727,237.5718,943.8135

6913.8320,3.9725,237.6019,943.8827

6914.8320,3.9727,237.5922,943.8760

6915.8320,3.9725,237.6319,943.9856

6916.8320,3.9726,237.5980,943.8924

6917.8320,3.9724,237.6509,944.0415

6918.8320,3.9725,237.6400,944.0162

6919.8320,3.9723,237.6721,944.1152

6920.8320,3.9724,237.6529,944.0614

6921.8320,3.9722,237.6793,944.1185

6922.8320,3.9724,237.6584,944.0727

6923.8320,3.9722,237.6885,944.1553

6924.8320,3.9718,237.7806,944.4265

6925.8320,3.9719,237.8015,944.5128

6926.8330,3.9724,237.6700,944.1163

6927.8320,3.9724,237.6811,944.1599

6928.8320,3.9719,237.7275,944.2247

6929.8320,3.9723,237.7258,944.3069

6930.8320,3.9721,237.7056,944.1969

6931.8320,3.9722,237.7119,944.2412

6932.8320,3.9724,237.6291,943.9615

6933.8320,3.9726,237.6079,943.9201

6934.8320,3.9725,237.6474,944.0465

6935.8320,3.9724,237.6328,943.9712

6936.8320,3.9724,237.6497,944.0502

6937.8320,3.9723,237.6753,944.1245

6938.8320,3.9723,237.6899,944.1777

6939.8320,3.9725,237.6340,943.9918

6940.8320,3.9723,237.6818,944.1495

6941.8320,3.9723,237.6806,944.1426

6942.8320,3.9723,237.6706,944.1080

6943.8320,3.9725,237.6467,944.0399

6944.8320,3.9725,237.6307,943.9832

6945.8320,3.9725,237.6276,943.9833

6946.8320,3.9726,237.5987,943.8908

6947.8320,3.9724,237.6586,944.0744

6948.8330,3.9724,237.6426,944.0218

6949.8320,3.9725,237.6345,943.9954

6950.8320,3.9727,237.6001,943.9139

6951.8320,3.9728,237.5750,943.8327

6952.8320,3.9728,237.5636,943.7855

6953.8320,3.9727,237.5721,943.7950

6954.8320,3.9726,237.6113,943.9261

6955.8320,3.9727,237.5741,943.8029

6956.8320,3.9729,237.5572,943.7883

6957.8320,3.9726,237.6168,943.9453

6958.8320,3.9727,237.5696,943.8010

6959.8320,3.9727,237.5970,943.8970

6960.8320,3.9726,237.5853,943.8243

6961.8320,3.9724,237.6426,944.0039

6962.8320,3.9727,237.5861,943.8624

6963.8320,3.9724,237.6303,943.9670

6964.8320,3.9725,237.6435,944.0278

6965.8320,3.9725,237.6031,943.8837

6966.8320,3.9722,237.6699,944.0737

6967.8320,3.9721,237.7098,944.2124

6968.8320,3.9723,237.6801,944.1350

6969.8320,3.9723,237.6684,944.0798

6970.8330,3.9724,237.6234,943.9377

6971.8320,3.9726,237.5894,943.8396

6972.8320,3.9727,237.5285,943.6358

6973.8320,3.9729,237.4877,943.5233

6974.8320,3.9725,237.6053,943.8968

6975.8320,3.9725,237.5722,943.7651

6976.8320,3.9728,237.5300,943.6647

6977.8320,3.9729,237.4909,943.5260

6978.8320,3.9729,237.4955,943.5380

6979.8320,3.9725,237.5766,943.7782

6980.8320,3.9726,237.5844,943.8350

6981.8320,3.9726,237.5615,943.7465

6982.8320,3.9727,237.5445,943.6968

6983.8320,3.9725,237.5925,943.8419

6984.8320,3.9726,237.5960,943.8674

6985.8320,3.9726,237.5766,943.7956

6986.8320,3.9726,237.5724,943.7849

6987.8320,3.9727,237.5418,943.6850

6988.8330,3.9727,237.5481,943.7187

6989.8320,3.9728,237.5374,943.6988

6990.8320,3.9724,237.5852,943.7934

6991.8320,3.9726,237.5923,943.8607

6992.8320,3.9726,237.5637,943.7487

6993.8320,3.9727,237.5381,943.6725

6994.8320,3.9729,237.4950,943.5485

6995.8320,3.9730,237.4641,943.4542

6996.8320,3.9735,237.3783,943.2162

6997.8320,3.9731,237.4192,943.3013

6998.8320,3.9732,237.4248,943.3325

6999.8330,3.9730,237.4686,943.4700

7000.8320,3.9733,237.4302,943.3855

7001.8320,3.9730,237.4527,943.3960

7002.8320,3.9731,237.4618,943.4527

7003.8330,3.9733,237.3922,943.2321

7004.8320,3.9728,237.5129,943.6001

7005.8320,3.9729,237.4986,943.5466

7006.8320,3.9729,237.4938,943.5476

7007.8320,3.9728,237.5306,943.6583

7008.8320,3.9729,237.5125,943.6128

7009.8330,3.9732,237.4323,943.3564

7010.8320,3.9728,237.5352,943.6748

7011.8320,3.9728,237.5075,943.5659

7012.8320,3.9729,237.4998,943.5604

7013.8320,3.9731,237.4830,943.5399

7014.8320,3.9729,237.4821,943.4866

7015.8320,3.9729,237.5055,943.5830

7016.8320,3.9721,237.6976,944.1590

7017.8320,3.9728,237.5336,943.6812

7018.8320,3.9729,237.4729,943.4661

7019.8320,3.9733,237.3797,943.1877

7020.8320,3.9735,237.3561,943.1244

7021.8320,3.9733,237.3892,943.2185

7022.8320,3.9730,237.4736,943.4736

7023.8320,3.9732,237.4359,943.3730

7024.8320,3.9730,237.4641,943.4561

7025.8320,3.9730,237.4395,943.3511

7026.8320,3.9729,237.5151,943.6123

7027.8320,3.9730,237.4587,943.4224

7028.8320,3.9731,237.4144,943.2758

7029.8320,3.9730,237.4464,943.3833

7030.8320,3.9730,237.4532,943.4028

7031.8320,3.9730,237.4399,943.3504

7032.8320,3.9733,237.3801,943.1773

7033.8320,3.9731,237.4444,943.3817

7034.8320,3.9731,237.4207,943.2884

7035.8320,3.9730,237.4361,943.3432

7036.8320,3.9727,237.5410,943.6854

7037.8320,3.9727,237.5121,943.5707

7038.8320,3.9729,237.4794,943.4845

7039.8320,3.9730,237.4728,943.4702

7040.8320,3.9728,237.4701,943.4274

7041.8320,3.9724,237.6179,943.9136

7042.8320,3.9728,237.4977,943.5402

7043.8320,3.9728,237.4917,943.5123

7044.8320,3.9728,237.4718,943.4356

7045.8320,3.9732,237.3998,943.2416

7046.8320,3.9734,237.3773,943.1964

7047.8320,3.9732,237.3771,943.1455

7048.8320,3.9731,237.4211,943.3059

7049.8320,3.9728,237.4806,943.4720

7050.8320,3.9730,237.4551,943.4031

7051.8320,3.9727,237.5169,943.5937

7052.8320,3.9727,237.5208,943.5983

7053.8320,3.9724,237.6240,943.9381

7054.8320,3.9724,237.6186,943.9114

7055.8320,3.9721,237.6634,944.0169

7056.8330,3.9725,237.5974,943.8613

7057.8320,3.9725,237.5794,943.7956

7058.8320,3.9721,237.6605,944.0204

7059.8320,3.9725,237.5959,943.8383

7060.8320,3.9724,237.6029,943.8653

7061.8320,3.9723,237.6420,943.9776

7062.8320,3.9723,237.6220,943.9133

7063.8320,3.9724,237.6051,943.8711

7064.8330,3.9724,237.6069,943.8697

7065.8330,3.9723,237.6420,943.9747

7066.8320,3.9726,237.5661,943.7484

7067.8320,3.9726,237.5547,943.7038

7068.8330,3.9725,237.5688,943.7398

7069.8320,3.9724,237.5991,943.8436

7070.8320,3.9724,237.5941,943.8232

7071.8320,3.9725,237.5747,943.7676

7072.8320,3.9722,237.6662,944.0548

7073.8320,3.9720,237.6921,944.1210

7074.8320,3.9725,237.5855,943.8099

7075.8320,3.9723,237.6332,943.9429

7076.8320,3.9724,237.6097,943.8714

7077.8320,3.9722,237.6526,944.0123

7078.8320,3.9723,237.6276,943.9194

7079.8330,3.9723,237.6113,943.8611

7080.8320,3.9720,237.6718,944.0393

7081.8320,3.9722,237.6575,944.0113

7082.8320,3.9721,237.6850,944.1009

7083.8320,3.9723,237.6285,943.9325

7084.8320,3.9721,237.6592,944.0022

7085.8320,3.9723,237.6285,943.9244

7086.8320,3.9725,237.5733,943.7662

7087.8320,3.9729,237.4711,943.4452

7088.8320,3.9728,237.4866,943.4865

7089.8320,3.9726,237.5375,943.6438

7090.8320,3.9715,237.7711,944.3178

7091.8320,3.9722,237.6656,944.0592

7092.8320,3.9725,237.5523,943.6846

7093.8320,3.9722,237.6182,943.8584

7094.8320,3.9722,237.6635,944.0519

7095.8320,3.9720,237.6673,944.0088

7096.8320,3.9722,237.6608,944.0338

7097.8320,3.9723,237.6134,943.8734

7098.8320,3.9721,237.6747,944.0587

7099.8320,3.9720,237.6513,943.9596

7100.8320,3.9724,237.6070,943.8685

7101.8320,3.9721,237.6550,943.9857

7102.8320,3.9725,237.5987,943.8528

7103.8320,3.9724,237.5950,943.8181

7104.8320,3.9723,237.5989,943.8231

7105.8320,3.9723,237.6106,943.8665

7106.8330,3.9724,237.5953,943.8181

7107.8320,3.9719,237.7094,944.1676

7108.8320,3.9706,238.0239,945.1055

7109.8320,3.9706,238.0713,945.2763

7110.8320,3.9709,237.9852,945.0043

7111.8320,3.9711,237.9410,944.8816

7112.8320,3.9712,237.8809,944.6799

7113.8330,3.9716,237.8137,944.4937

7114.8320,3.9720,237.6896,944.1093

7115.8320,3.9722,237.6371,943.9505

7116.8320,3.9721,237.6386,943.9294

7117.8320,3.9717,237.7472,944.2639

7118.8320,3.9721,237.6917,944.1371

7119.8320,3.9721,237.6822,944.0940

7120.8320,3.9721,237.6705,944.0461

7121.8320,3.9722,237.6180,943.8612

7122.8320,3.9720,237.6930,944.1112

7123.8320,3.9719,237.7180,944.1897

7124.8320,3.9718,237.7613,944.3394

7125.8320,3.9718,237.7371,944.2511

7126.8320,3.9719,237.7358,944.2537

7127.8320,3.9718,237.7240,944.1962

7128.8320,3.9722,237.6405,943.9461

7129.8320,3.9726,237.5462,943.6733

7130.8330,3.9726,237.5329,943.6304

7131.8320,3.9723,237.5736,943.7246

7132.8320,3.9724,237.5737,943.7461

7133.8320,3.9723,237.5792,943.7450

7134.8320,3.9721,237.6568,943.9972

7135.8320,3.9723,237.5825,943.7557

7136.8320,3.9720,237.6661,943.9993

7137.8320,3.9720,237.6731,944.0443

7138.8320,3.9720,237.6762,944.0447

7139.8330,3.9717,237.7354,944.2230

7140.8320,3.9715,237.7934,944.3908

7141.8320,3.9713,237.8591,944.6023

7142.8320,3.9710,237.9162,944.7691

7143.8320,3.9714,237.8561,944.6120

7144.8320,3.9712,237.8644,944.6067

7145.8320,3.9713,237.8507,944.5807

7146.8320,3.9714,237.8253,944.5041

7147.8320,3.9714,237.8027,944.4139

7148.8330,3.9715,237.7972,944.4052

7149.8320,3.9704,238.0641,945.2134

7150.8320,3.9709,237.9788,944.9834

7151.8320,3.9714,237.8350,944.5386

7152.8320,3.9715,237.7698,944.3123

7153.8330,3.9717,237.7606,944.3087

7154.8320,3.9719,237.7087,944.1517

7155.8320,3.9717,237.7452,944.2638

7156.8320,3.9716,237.7440,944.2306

7157.8320,3.9717,237.7444,944.2606

7158.8320,3.9717,237.7206,944.1641

7159.8320,3.9719,237.6868,944.0784

7160.8320,3.9715,237.7714,944.3130

7161.8320,3.9719,237.7062,944.1404

7162.8320,3.9719,237.6744,944.0234

7163.8320,3.9721,237.6573,943.9883

7164.8320,3.9719,237.6688,944.0037

7165.8320,3.9719,237.6706,944.0059

7166.8320,3.9717,237.7444,944.2493

7167.8320,3.9718,237.7137,944.1607

7168.8320,3.9718,237.6660,943.9734

7169.8320,3.9721,237.6347,943.9072

7170.8320,3.9720,237.6530,943.9609

7171.8320,3.9718,237.7083,944.1248

7172.8320,3.9716,237.7439,944.2273

7173.8330,3.9719,237.6913,944.0745

7174.8320,3.9717,237.7094,944.1094

7175.8320,3.9719,237.7233,944.2141

7176.8330,3.9718,237.6908,944.0626

7177.8320,3.9719,237.6862,944.0569

7178.8320,3.9720,237.6494,943.9551

7179.8320,3.9719,237.6660,943.9914

7180.8320,3.9720,237.6734,944.0381

7181.8320,3.9719,237.6639,943.9812

7182.8320,3.9717,237.7309,944.1994

7183.8320,3.9717,237.7256,944.1817

7184.8320,3.9715,237.7849,944.3657

7185.8330,3.9716,237.7762,944.3428

7186.8320,3.9716,237.7613,944.2830

7187.8320,3.9716,237.7731,944.3449

7188.8320,3.9717,237.7232,944.1605

7189.8320,3.9713,237.8319,944.5125

7190.8320,3.9716,237.7560,944.2616

7191.8320,3.9717,237.7485,944.2619

7192.8320,3.9718,237.7046,944.1113

7193.8320,3.9715,237.8034,944.4294

7194.8320,3.9707,237.9715,944.9170

7195.8320,3.9711,237.8912,944.6895

7196.8330,3.9710,237.8937,944.6768

7197.8320,3.9710,237.9232,944.7886

7198.8330,3.9710,237.8923,944.6657

7199.8330,3.9708,237.9461,944.8326

7200.8320,3.9707,238.0199,945.0983

7201.8320,3.9705,238.0142,945.0266

7202.8320,3.9706,238.0005,945.0029

7203.8320,3.9709,237.9586,944.9094

7204.8320,3.9711,237.9013,944.7232

7205.8320,3.9710,237.8894,944.6555

7206.8320,3.9711,237.8882,944.6751

7207.8320,3.9713,237.8266,944.4707

7208.8320,3.9713,237.8474,944.5719

7209.8320,3.9714,237.7642,944.2639

7210.8320,3.9713,237.8303,944.4871

7211.8320,3.9709,237.9374,944.8259

7212.8330,3.9712,237.8260,944.4532

7213.8320,3.9712,237.8471,944.5389

7214.8320,3.9712,237.8408,944.5179

7215.8320,3.9714,237.8095,944.4430

7216.8320,3.9713,237.8052,944.3880

7217.8320,3.9712,237.8522,944.5582

7218.8320,3.9715,237.7813,944.3382

7219.8320,3.9711,237.8848,944.6624

7220.8320,3.9713,237.7812,944.3120

7221.8330,3.9715,237.7847,944.3637

7222.8320,3.9711,237.8519,944.5320

7223.8320,3.9712,237.8711,944.6288

7224.8320,3.9714,237.8023,944.4077

7225.8320,3.9713,237.8194,944.4495

7226.8320,3.9716,237.7576,944.2793

7227.8320,3.9715,237.7646,944.2722

7228.8320,3.9716,237.7433,944.2172

7229.8320,3.9719,237.6618,943.9617

7230.8320,3.9719,237.6506,943.9282

7231.8320,3.9714,237.7701,944.2875

7232.8320,3.9705,238.0104,945.0286

7233.8320,3.9712,237.8461,944.5267

7234.8320,3.9713,237.7798,944.3038

7235.8320,3.9711,237.8801,944.6384

7236.8320,3.9712,237.8245,944.4465

7237.8320,3.9713,237.8248,944.4625

7238.8320,3.9714,237.7926,944.3812

7239.8320,3.9716,237.7052,944.0806

7240.8320,3.9716,237.7220,944.1375

7241.8320,3.9713,237.7896,944.3365

7242.8330,3.9714,237.8231,944.4865

7243.8320,3.9711,237.8185,944.4062

7244.8330,3.9715,237.7652,944.2792

7245.8320,3.9713,237.8117,944.4142

7246.8320,3.9714,237.8049,944.4162

7247.8330,3.9714,237.7995,944.3915

7248.8330,3.9715,237.7565,944.2527

7249.8320,3.9714,237.7664,944.2645

7250.8320,3.9720,237.6319,943.8641

7251.8320,3.9719,237.6631,943.9655

7252.8320,3.9715,237.7546,944.2372

7253.8320,3.9717,237.7193,944.1433

7254.8320,3.9708,237.9232,944.7403

7255.8320,3.9709,237.9216,944.7746

7256.8320,3.9712,237.8140,944.4139

7257.8320,3.9713,237.7978,944.3718

7258.8320,3.9714,237.7687,944.2756

7259.8330,3.9713,237.8123,944.4136

7260.8320,3.9716,237.7402,944.1971

7261.8320,3.9714,237.7720,944.2939

7262.8320,3.9714,237.7717,944.2780

7263.8320,3.9718,237.6775,943.9970

7264.8320,3.9718,237.6884,944.0474

7265.8320,3.9718,237.6504,943.9105

7266.8320,3.9713,237.8290,944.4815

7267.8320,3.9715,237.7669,944.2820

7268.8320,3.9719,237.6350,943.8615

7269.8320,3.9717,237.6811,944.0024

7270.8320,3.9721,237.6130,943.8283

7271.8320,3.9723,237.5376,943.5786

7272.8320,3.9702,238.0714,945.1895

7273.8320,3.9706,237.9951,944.9797

7274.8320,3.9712,237.8207,944.4328

7275.8320,3.9717,237.7015,944.0808

7276.8320,3.9716,237.7136,944.1118

7277.8330,3.9713,237.8099,944.4029

7278.8330,3.9717,237.7222,944.1571

7279.8320,3.9717,237.7041,944.0853

7280.8320,3.9718,237.6496,943.8874

7281.8320,3.9718,237.6973,944.0806

7282.8320,3.9719,237.6342,943.8660

7283.8320,3.9721,237.5798,943.6833

7284.8330,3.9723,237.5291,943.5349

7285.8320,3.9724,237.5366,943.5798

7286.8320,3.9721,237.5635,943.6354

7287.8320,3.9722,237.5578,943.6301

7288.8320,3.9723,237.5439,943.5944

7289.8320,3.9722,237.5560,943.6279

7290.8320,3.9719,237.6249,943.8234

7291.8320,3.9721,237.5956,943.7555

7292.8320,3.9722,237.5549,943.6275

7293.8320,3.9721,237.5750,943.6609

7294.8320,3.9722,237.5388,943.5578

7295.8320,3.9724,237.4950,943.4220

7296.8320,3.9722,237.5404,943.5672

7297.8320,3.9724,237.4975,943.4391

7298.8320,3.9724,237.4820,943.3620

7299.8320,3.9720,237.5877,943.7044

7300.8320,3.9719,237.5823,943.6602

7301.8330,3.9719,237.6339,943.8589

7302.8320,3.9718,237.6559,943.9292

7303.8320,3.9717,237.6576,943.9162

7304.8320,3.9717,237.6718,943.9717

7305.8320,3.9719,237.6247,943.8214

7306.8320,3.9718,237.6557,943.9268

7307.8320,3.9720,237.5731,943.6513

7308.8320,3.9720,237.5978,943.7375

7309.8320,3.9719,237.6244,943.8262

7310.8320,3.9717,237.6736,943.9800

7311.8320,3.9721,237.5829,943.7029

7312.8320,3.9720,237.5954,943.7321

7313.8320,3.9722,237.5231,943.4955

7314.8320,3.9723,237.5085,943.4578

7315.8320,3.9721,237.5679,943.6444

7316.8320,3.9719,237.6137,943.7874

7317.8320,3.9719,237.6183,943.7903

7318.8320,3.9719,237.6336,943.8573

7319.8320,3.9720,237.5922,943.7113

7320.8320,3.9719,237.6148,943.7823

7321.8320,3.9717,237.6601,943.9245

7322.8320,3.9714,237.7291,944.1148

7323.8320,3.9720,237.6006,943.7532

7324.8320,3.9721,237.5549,943.5999

7325.8320,3.9722,237.5436,943.5794

7326.8320,3.9722,237.5384,943.5584

7327.8320,3.9724,237.5020,943.4524

7328.8320,3.9724,237.4940,943.4103

7329.8320,3.9723,237.5054,943.4400

7330.8320,3.9723,237.4945,943.4109

7331.8320,3.9726,237.4254,943.1920

7332.8320,3.9728,237.3913,943.1137

7333.8320,3.9726,237.4245,943.1964

7334.8320,3.9730,237.3160,942.8668

7335.8320,3.9728,237.3825,943.0738

7336.8320,3.9725,237.4676,943.3346

7337.8320,3.9719,237.6193,943.8029

7338.8330,3.9723,237.5131,943.4623

7339.8320,3.9725,237.4810,943.3815

7340.8320,3.9726,237.4366,943.2383

7341.8320,3.9728,237.3909,943.0955

7342.8330,3.9726,237.4359,943.2305

7343.8320,3.9725,237.4556,943.2903

7344.8320,3.9723,237.5204,943.4912

7345.8320,3.9720,237.5591,943.5958

7346.8320,3.9719,237.5946,943.7079

7347.8320,3.9714,237.7351,944.1330

7348.8320,3.9715,237.7214,944.1076

7349.8320,3.9716,237.7061,944.0695

7350.8320,3.9720,237.5847,943.6855

7351.8330,3.9723,237.5217,943.4984

7352.8320,3.9723,237.5129,943.4683

7353.8320,3.9721,237.5710,943.6448

7354.8320,3.9721,237.5695,943.6571

7355.8330,3.9723,237.5206,943.5009

7356.8320,3.9723,237.5044,943.4425

7357.8320,3.9717,237.6336,943.8194

7358.8320,3.9722,237.5343,943.5367

7359.8320,3.9722,237.5228,943.4914

7360.8320,3.9721,237.5383,943.5303

7361.8320,3.9725,237.4713,943.3633

7362.8320,3.9723,237.4685,943.2984

7363.8320,3.9723,237.5295,943.5451

7364.8330,3.9725,237.4734,943.3526

7365.8320,3.9722,237.5124,943.4424

7366.8320,3.9719,237.6252,943.8228

7367.8320,3.9719,237.6016,943.7198

7368.8320,3.9717,237.6552,943.8989

7369.8320,3.9718,237.6196,943.7711

7370.8320,3.9718,237.6358,943.8355

7371.8330,3.9717,237.6395,943.8302

7372.8320,3.9718,237.6154,943.7707

7373.8320,3.9721,237.5499,943.5747

7374.8330,3.9721,237.5235,943.4681

7375.8320,3.9720,237.5318,943.4813

7376.8320,3.9723,237.5076,943.4586

7377.8320,3.9721,237.5310,943.5044

7378.8330,3.9722,237.5343,943.5273

7379.8320,3.9720,237.5346,943.4957

7380.8320,3.9722,237.5543,943.6031

7381.8320,3.9720,237.5536,943.5650

7382.8320,3.9722,237.5481,943.5849

7383.8320,3.9721,237.5124,943.4277

7384.8320,3.9721,237.5398,943.5405

7385.8320,3.9719,237.6074,943.7435

7386.8320,3.9722,237.5098,943.4475

7387.8330,3.9724,237.4683,943.3173

7388.8320,3.9724,237.4570,943.2737

7389.8320,3.9724,237.4655,943.3092

7390.8330,3.9726,237.4037,943.1073

7391.8320,3.9725,237.4204,943.1545

7392.8320,3.9725,237.4243,943.1737

7393.8320,3.9724,237.4272,943.1654

7394.8320,3.9725,237.4276,943.1771

7395.8320,3.9724,237.4374,943.2005

7396.8320,3.9727,237.3969,943.1012

7397.8320,3.9727,237.3796,943.0290

7398.8320,3.9728,237.3689,943.0191

7399.8320,3.9729,237.3232,942.8564

7400.8320,3.9731,237.2826,942.7428

7401.8320,3.9729,237.3368,942.9051

7402.8320,3.9724,237.4390,943.2003

7403.8330,3.9724,237.4770,943.3537

7404.8320,3.9724,237.4676,943.3074

7405.8330,3.9721,237.5357,943.5204

7406.8320,3.9722,237.4900,943.3527

7407.8320,3.9722,237.5278,943.4965

7408.8320,3.9723,237.4791,943.3459

7409.8320,3.9723,237.4724,943.3159

7410.8320,3.9721,237.5042,943.3844

7411.8330,3.9724,237.4754,943.3443

7412.8320,3.9722,237.5269,943.5137

7413.8320,3.9711,237.8137,944.3809

7414.8320,3.9718,237.5746,943.5901

7415.8320,3.9720,237.5414,943.5124

7416.8320,3.9722,237.4910,943.3625

7417.8320,3.9704,237.9390,944.7220

7418.8320,3.9709,237.8535,944.4862

7419.8330,3.9715,237.6771,943.9339

7420.8320,3.9715,237.6757,943.9249

7421.8320,3.9716,237.6662,943.9104

7422.8320,3.9714,237.6822,943.9384

7423.8320,3.9716,237.6772,943.9516

7424.8320,3.9719,237.5838,943.6623

7425.8320,3.9717,237.6475,943.8573

7426.8320,3.9717,237.6038,943.6980

7427.8330,3.9719,237.5564,943.5488

7428.8320,3.9719,237.5708,943.5971

7429.8330,3.9719,237.6087,943.7634

7430.8320,3.9722,237.5662,943.6637

7431.8320,3.9721,237.5374,943.5290

7432.8320,3.9720,237.5427,943.5226

7433.8330,3.9722,237.5303,943.5062

7434.8320,3.9721,237.5304,943.4862

7435.8320,3.9722,237.5244,943.4916

7436.8320,3.9720,237.5512,943.5623

7437.8320,3.9720,237.5353,943.4971

7438.8320,3.9720,237.5455,943.5251

7439.8320,3.9713,237.7050,944.0059

7440.8320,3.9707,237.8911,944.5930

7441.8330,3.9715,237.6983,944.0204

7442.8320,3.9717,237.6490,943.8620

7443.8320,3.9719,237.5570,943.5639

7444.8320,3.9723,237.4822,943.3554

7445.8330,3.9719,237.5697,943.6111

7446.8320,3.9717,237.6346,943.8017

7447.8320,3.9715,237.6736,943.9103

7448.8320,3.9716,237.6373,943.8103

7449.8320,3.9719,237.5976,943.7205

7450.8320,3.9718,237.6356,943.8367

7451.8330,3.9715,237.6474,943.8204

7452.8320,3.9718,237.6018,943.7036

7453.8320,3.9719,237.5697,943.6020

7454.8330,3.9720,237.5319,943.4852

7455.8320,3.9720,237.5484,943.5337

7456.8320,3.9720,237.5464,943.5391

7457.8320,3.9720,237.5502,943.5517

7458.8320,3.9715,237.6679,943.8899

7459.8320,3.9713,237.7361,944.1106

7460.8320,3.9716,237.6443,943.8179

7461.8320,3.9719,237.5739,943.6187

7462.8320,3.9718,237.5837,943.6428

7463.8320,3.9718,237.6039,943.7097

7464.8320,3.9718,237.6032,943.7030

7465.8320,3.9719,237.5765,943.6260

7466.8320,3.9719,237.5730,943.6079

7467.8320,3.9721,237.5325,943.5021

7468.8320,3.9720,237.5446,943.5210

7469.8320,3.9720,237.5410,943.5147

7470.8320,3.9720,237.5256,943.4514

7471.8320,3.9719,237.5844,943.6571

7472.8320,3.9716,237.6118,943.7096

7473.8320,3.9716,237.6713,943.9301

7474.8320,3.9712,237.7308,944.0882

7475.8320,3.9714,237.7145,944.0550

7476.8320,3.9712,237.7291,944.0598

7477.8320,3.9712,237.7500,944.1577

7478.8320,3.9715,237.6848,943.9620

7479.8320,3.9713,237.7219,944.0605

7480.8330,3.9714,237.6790,943.9165

7481.8320,3.9716,237.6307,943.7805

7482.8320,3.9717,237.6366,943.8190

7483.8320,3.9717,237.6019,943.6857

7484.8330,3.9716,237.5936,943.6260

7485.8320,3.9718,237.5577,943.5357

7486.8320,3.9721,237.5175,943.4526

7487.8320,3.9727,237.4141,943.1717

7488.8320,3.9725,237.4045,943.0842

7489.8320,3.9722,237.4856,943.3354

7490.8320,3.9719,237.5467,943.5137

7491.8320,3.9714,237.6893,943.9479

7492.8330,3.9709,237.7948,944.2507

7493.8320,3.9713,237.7409,944.1325

7494.8320,3.9714,237.6886,943.9495

7495.8320,3.9714,237.6819,943.9186

7496.8320,3.9715,237.6325,943.7571

7497.8320,3.9716,237.5926,943.6259

7498.8320,3.9716,237.6019,943.6643

7499.8330,3.9718,237.5738,943.5920

7500.8320,3.9716,237.6214,943.7471

7501.8320,3.9714,237.6597,943.8376

7502.8320,3.9717,237.6074,943.7052

7503.8320,3.9715,237.6346,943.7745

7504.8320,3.9716,237.5944,943.6327

7505.8320,3.9716,237.6417,943.8290

7506.8330,3.9713,237.7230,944.0628

7507.8320,3.9711,237.7474,944.1161

7508.8330,3.9712,237.6961,943.9501

7509.8320,3.9715,237.6381,943.7802

7510.8320,3.9713,237.6977,943.9749

7511.8320,3.9714,237.6943,943.9708

7512.8330,3.9713,237.7087,944.0045

7513.8320,3.9713,237.7167,944.0384

7514.8330,3.9711,237.7666,944.2012

7515.8320,3.9711,237.7613,944.1792

7516.8320,3.9711,237.7600,944.1654

7517.8320,3.9712,237.7478,944.1404

7518.8320,3.9709,237.8084,944.3108

7519.8320,3.9710,237.7967,944.2950

7520.8320,3.9709,237.7934,944.2618

7521.8320,3.9711,237.7580,944.1575

7522.8320,3.9711,237.7564,944.1474

7523.8320,3.9697,238.1136,945.2370

7524.8320,3.9696,238.1275,945.2794

7525.8320,3.9698,238.1190,945.2803

7526.8330,3.9702,238.0049,944.9228

7527.8330,3.9703,237.9623,944.7835

7528.8320,3.9705,237.9131,944.6275

7529.8320,3.9705,237.8793,944.5003

7530.8320,3.9706,237.9024,944.6184

7531.8320,3.9703,237.9528,944.7342

7532.8320,3.9702,237.9647,944.7661

7533.8320,3.9702,237.9367,944.6627

7534.8320,3.9702,237.9803,944.8287

7535.8320,3.9702,237.9717,944.7860

7536.8320,3.9702,237.9796,944.8290

7537.8320,3.9702,237.9512,944.7249

7538.8320,3.9702,237.9579,944.7421

7539.8330,3.9701,237.9761,944.8005

7540.8320,3.9703,237.9726,944.8114

7541.8320,3.9704,237.9273,944.6740

7542.8320,3.9708,237.8427,944.4206

7543.8320,3.9707,237.8514,944.4416

7544.8320,3.9707,237.8457,944.4028

7545.8320,3.9709,237.8039,944.2873

7546.8320,3.9708,237.7986,944.2578

7547.8330,3.9710,237.7737,944.1971

7548.8320,3.9709,237.7794,944.1905

7549.8320,3.9709,237.7910,944.2440

7550.8320,3.9708,237.8749,944.5422

7551.8320,3.9707,237.8314,944.3534

7552.8320,3.9709,237.8082,944.3056

7553.8320,3.9710,237.7613,944.1517

7554.8330,3.9709,237.7776,944.1845

7555.8320,3.9706,237.8639,944.4534

7556.8320,3.9705,237.9108,944.6225

7557.8320,3.9707,237.8310,944.3609

7558.8320,3.9706,237.8495,944.3991

7559.8320,3.9709,237.8184,944.3454

7560.8320,3.9708,237.8113,944.2951

7561.8320,3.9707,237.8082,944.2769

7562.8320,3.9707,237.8202,944.3232

7563.8320,3.9709,237.8028,944.2840

7564.8320,3.9707,237.8207,944.3204

7565.8320,3.9708,237.8084,944.2958

7566.8320,3.9711,237.7239,944.0225

7567.8330,3.9708,237.8118,944.2996

7568.8320,3.9706,237.8469,944.3974

7569.8320,3.9703,237.9253,944.6297

7570.8320,3.9702,237.9470,944.7075

7571.8320,3.9705,237.8614,944.4187

7572.8320,3.9707,237.8313,944.3584

7573.8320,3.9707,237.8220,944.3130

7574.8320,3.9707,237.8357,944.3776

7575.8320,3.9707,237.8308,944.3460

7576.8320,3.9711,237.7597,944.1561

7577.8320,3.9709,237.7464,944.0736

7578.8320,3.9710,237.7529,944.1174

7579.8320,3.9710,237.7464,944.0945

7580.8320,3.9710,237.7179,943.9737

7581.8330,3.9710,237.7785,944.2091

7582.8320,3.9709,237.7813,944.2123

7583.8320,3.9711,237.7197,944.0007

7584.8320,3.9711,237.7274,944.0395

7585.8320,3.9710,237.7344,944.0545

7586.8320,3.9712,237.7110,943.9961

7587.8320,3.9709,237.7449,944.0658

7588.8320,3.9708,237.7906,944.2248

7589.8320,3.9709,237.7867,944.2183

7590.8320,3.9708,237.7833,944.1900

7591.8320,3.9709,237.7780,944.1963

7592.8330,3.9708,237.7828,944.1806

7593.8320,3.9709,237.7486,944.0698

7594.8320,3.9708,237.7774,944.1723

7595.8320,3.9712,237.7350,944.0982

7596.8320,3.9706,237.9078,944.6310

7597.8320,3.9703,237.9385,944.6881

7598.8330,3.9702,237.9419,944.6842

7599.8320,3.9703,237.9636,944.7763

7600.8320,3.9704,237.8938,944.5227

7601.8330,3.9707,237.8598,944.4586

7602.8320,3.9707,237.8423,944.4007

7603.8320,3.9708,237.7791,944.1837

7604.8320,3.9709,237.7896,944.2336

7605.8320,3.9709,237.7478,944.0780

7606.8330,3.9712,237.6890,943.9157

7607.8320,3.9713,237.7072,944.0135

7608.8320,3.9710,237.7043,943.9120

7609.8320,3.9709,237.7644,944.1488

7610.8320,3.9697,238.0690,945.0551

7611.8330,3.9691,238.2384,945.5889

7612.8320,3.9694,238.1669,945.3860

7613.8320,3.9698,238.0586,945.0414

7614.8320,3.9700,238.0074,944.8847

7615.8320,3.9703,237.9323,944.6531

7616.8320,3.9703,237.9101,944.5803

7617.8330,3.9704,237.8650,944.4282

7618.8330,3.9708,237.7795,944.1681

7619.8320,3.9709,237.7579,944.1207

7620.8320,3.9708,237.8027,944.2569

7621.8320,3.9705,237.8379,944.3442

7622.8320,3.9706,237.8318,944.3284

7623.8320,3.9702,237.9388,944.6681

7624.8320,3.9702,237.9181,944.5926

7625.8320,3.9703,237.9200,944.6181

7626.8320,3.9700,237.9825,944.7800

7627.8320,3.9700,237.9788,944.7762

7628.8320,3.9700,237.9777,944.7785

7629.8320,3.9699,237.9981,944.8334

7630.8320,3.9702,237.9357,944.6467

7631.8320,3.9708,237.7965,944.2355

7632.8320,3.9709,237.7516,944.0833

7633.8320,3.9710,237.7344,944.0316

7634.8320,3.9709,237.7663,944.1382

7635.8330,3.9706,237.8337,944.3515

7636.8320,3.9706,237.8123,944.2527

7637.8320,3.9707,237.8334,944.3631

7638.8320,3.9708,237.7766,944.1672

7639.8320,3.9708,237.7553,944.0871

7640.8320,3.9710,237.7293,944.0232

7641.8320,3.9709,237.7407,944.0494

7642.8320,3.9710,237.7288,944.0196

7643.8320,3.9710,237.7362,944.0496

7644.8320,3.9710,237.7378,944.0515

7645.8320,3.9713,237.6383,943.7398

7646.8330,3.9711,237.6841,943.8761

7647.8320,3.9711,237.7157,943.9835

7648.8320,3.9712,237.6660,943.8214

7649.8320,3.9710,237.7250,944.0001

7650.8330,3.9714,237.6366,943.7494

7651.8320,3.9710,237.7222,943.9888

7652.8320,3.9712,237.6686,943.8353

7653.8330,3.9712,237.6976,943.9371

7654.8320,3.9709,237.7463,944.0667

7655.8320,3.9706,237.8172,944.2840

7656.8320,3.9707,237.7852,944.1825

7657.8320,3.9708,237.7290,943.9827

7658.8320,3.9707,237.7868,944.1753

7659.8320,3.9702,237.9166,944.5725

7660.8320,3.9704,237.8902,944.5139

7661.8320,3.9701,237.9460,944.6797

7662.8330,3.9706,237.8235,944.2959

7663.8320,3.9707,237.7596,944.0837

7664.8320,3.9708,237.7893,944.2157

7665.8320,3.9710,237.7444,944.0819

7666.8320,3.9710,237.6941,943.8895

7667.8320,3.9710,237.7087,943.9482

7668.8320,3.9712,237.6570,943.7941

7669.8320,3.9712,237.6511,943.7662

7670.8320,3.9713,237.6216,943.6653

7671.8330,3.9713,237.6252,943.6907

7672.8320,3.9713,237.6604,943.8106

7673.8320,3.9711,237.6660,943.8051

7674.8320,3.9714,237.6181,943.6750

7675.8320,3.9712,237.6453,943.7413

7676.8320,3.9710,237.7135,943.9717

7677.8320,3.9712,237.6509,943.7705

7678.8320,3.9714,237.6049,943.6171

7679.8320,3.9713,237.6346,943.7153

7680.8320,3.9713,237.6171,943.6569

7681.8320,3.9716,237.5795,943.5624

7682.8320,3.9715,237.5673,943.5105

7683.8320,3.9715,237.5767,943.5378

7684.8320,3.9713,237.6163,943.6467

7685.8320,3.9711,237.6780,943.8540

7686.8330,3.9710,237.6976,943.8974

7687.8320,3.9711,237.7055,943.9423

7688.8320,3.9710,237.6989,943.9052

7689.8320,3.9709,237.7557,944.1006

7690.8320,3.9709,237.7518,944.0891

7691.8320,3.9710,237.6969,943.8949

7692.8320,3.9711,237.6884,943.8899

7693.8320,3.9711,237.6723,943.8198

7694.8320,3.9712,237.6607,943.8025

7695.8320,3.9711,237.6809,943.8437

7696.8320,3.9712,237.6753,943.8479

7697.8320,3.9711,237.6629,943.7746

7698.8320,3.9711,237.6891,943.8902

7699.8320,3.9710,237.6974,943.8921

7700.8320,3.9710,237.6849,943.8437

7701.8320,3.9710,237.7164,943.9790

7702.8320,3.9711,237.6789,943.8416

7703.8320,3.9709,237.7634,944.1248

7704.8320,3.9711,237.6758,943.8436

7705.8320,3.9714,237.6145,943.6590

7706.8320,3.9715,237.6004,943.6240

7707.8330,3.9713,237.6154,943.6420

7708.8320,3.9713,237.6295,943.7070

7709.8320,3.9713,237.6099,943.6285

7710.8320,3.9715,237.5795,943.5462

7711.8330,3.9715,237.5618,943.4727

7712.8320,3.9717,237.5411,943.4320

7713.8320,3.9715,237.5661,943.5041

7714.8320,3.9715,237.5766,943.5244

7715.8320,3.9714,237.5918,943.5625

7716.8320,3.9712,237.6134,943.6170

7717.8320,3.9713,237.5902,943.5488

7718.8320,3.9715,237.5732,943.5270

7719.8320,3.9713,237.5607,943.4296

7720.8320,3.9714,237.5824,943.5410

7721.8320,3.9713,237.5969,943.5673

7722.8320,3.9711,237.6267,943.6456

7723.8320,3.9715,237.5721,943.5074

7724.8320,3.9715,237.5446,943.4194

7725.8320,3.9715,237.5170,943.2902

7726.8320,3.9715,237.5423,943.3992

7727.8320,3.9715,237.5346,943.3726

7728.8330,3.9715,237.5828,943.5498

7729.8320,3.9713,237.6041,943.5928

7730.8320,3.9709,237.6845,943.8191

7731.8320,3.9709,237.7363,944.0166

7732.8320,3.9709,237.7211,943.9784

7733.8320,3.9710,237.6961,943.8885

7734.8320,3.9710,237.6960,943.8790

7735.8330,3.9709,237.7375,944.0202

7736.8320,3.9703,237.8428,944.3087

7737.8320,3.9706,237.8063,944.2387

7738.8320,3.9707,237.7969,944.2092

7739.8320,3.9699,237.9753,944.7386

7740.8320,3.9687,238.2786,945.6520

7741.8320,3.9690,238.2213,945.5083

7742.8320,3.9695,238.0741,945.0338

7743.8320,3.9701,237.9514,944.6981

7744.8320,3.9700,237.9382,944.6164

7745.8330,3.9702,237.8994,944.5194

7746.8320,3.9702,237.8986,944.5134

7747.8320,3.9702,237.9000,944.5002

7748.8330,3.9704,237.8859,944.4940

7749.8320,3.9704,237.8679,944.4310

7750.8320,3.9705,237.8005,944.1971

7751.8320,3.9706,237.8200,944.2832

7752.8330,3.9705,237.7890,944.1478

7753.8320,3.9706,237.8391,944.3566

7754.8330,3.9706,237.8073,944.2272

7755.8320,3.9707,237.8016,944.2291

7756.8320,3.9708,237.7715,944.1352

7757.8320,3.9705,237.8025,944.2059

7758.8320,3.9709,237.7331,944.0043

7759.8330,3.9707,237.7772,944.1339

7760.8320,3.9707,237.7900,944.2041

7761.8320,3.9708,237.7250,943.9659

7762.8320,3.9708,237.7487,944.0436

7763.8320,3.9708,237.7465,944.0533

7764.8330,3.9709,237.7203,943.9622

7765.8320,3.9708,237.7720,944.1360

7766.8320,3.9706,237.7842,944.1531

7767.8330,3.9707,237.7618,944.0925

7768.8320,3.9706,237.7942,944.1738

7769.8330,3.9706,237.7995,944.2032

7770.8320,3.9706,237.7988,944.2035

7771.8320,3.9706,237.7948,944.1843

7772.8320,3.9705,237.8211,944.2793

7773.8320,3.9706,237.7840,944.1533

7774.8320,3.9705,237.8403,944.3394

7775.8320,3.9709,237.7467,944.0651

7776.8320,3.9709,237.7077,943.9188

7777.8320,3.9710,237.7074,943.9390

7778.8320,3.9709,237.7142,943.9406

7779.8320,3.9711,237.6846,943.8598

7780.8320,3.9709,237.7403,944.0323

7781.8330,3.9711,237.6888,943.8866

7782.8320,3.9711,237.6456,943.7132

7783.8320,3.9713,237.6420,943.7390

7784.8320,3.9713,237.5992,943.5752

7785.8320,3.9713,237.6181,943.6614

7786.8330,3.9714,237.6098,943.6555

7787.8320,3.9713,237.5632,943.4380

7788.8320,3.9717,237.5269,943.3926

7789.8320,3.9716,237.5643,943.5059

7790.8320,3.9716,237.5351,943.3951

7791.8320,3.9717,237.5221,943.3629

7792.8320,3.9716,237.5120,943.2999

7793.8320,3.9718,237.5032,943.3135

7794.8320,3.9718,237.4888,943.2571

7795.8320,3.9721,237.4130,943.0182

7796.8320,3.9720,237.4398,943.1156

7797.8320,3.9717,237.5079,943.3088

7798.8320,3.9717,237.5351,943.4236

7799.8320,3.9720,237.4365,943.1028

7800.8320,3.9722,237.3854,942.9524

7801.8320,3.9722,237.3874,942.9612

7802.8320,3.9722,237.3746,942.9082

7803.8320,3.9720,237.4429,943.1291

7804.8320,3.9721,237.4350,943.1059

7805.8320,3.9723,237.3608,942.8757

7806.8320,3.9720,237.4491,943.1398

7807.8320,3.9720,237.4432,943.1327

7808.8330,3.9719,237.4636,943.1729

7809.8320,3.9719,237.4704,943.2203

7810.8320,3.9720,237.4452,943.1299

7811.8320,3.9722,237.3971,942.9829

7812.8320,3.9721,237.3943,942.9657

7813.8320,3.9721,237.4271,943.0923

7814.8330,3.9718,237.4841,943.2513

7815.8320,3.9716,237.5485,943.4566

7816.8320,3.9720,237.4628,943.1938

7817.8320,3.9718,237.5123,943.3465

7818.8320,3.9718,237.5101,943.3498

7819.8320,3.9720,237.4910,943.3042

7820.8320,3.9719,237.4885,943.2797

7821.8330,3.9717,237.5411,943.4504

7822.8320,3.9717,237.5529,943.4824

7823.8320,3.9713,237.6476,943.7788

7824.8320,3.9713,237.6553,943.8033

7825.8320,3.9710,237.7167,943.9787

7826.8320,3.9710,237.7348,944.0424

7827.8320,3.9715,237.6059,943.6454

7828.8320,3.9715,237.6149,943.6861

7829.8320,3.9715,237.6140,943.6742

7830.8320,3.9714,237.6261,943.6987

7831.8320,3.9715,237.5943,943.6026

7832.8320,3.9716,237.5574,943.4785

7833.8320,3.9716,237.5564,943.4866

7834.8320,3.9717,237.5343,943.4251

7835.8320,3.9717,237.5325,943.4129

7836.8320,3.9717,237.5214,943.3721

7837.8320,3.9719,237.4862,943.2785

7838.8320,3.9719,237.5008,943.3261

7839.8320,3.9719,237.4888,943.2881

7840.8320,3.9719,237.4658,943.1941

7841.8320,3.9719,237.4895,943.2787

7842.8320,3.9717,237.5239,943.3732

7843.8320,3.9717,237.5376,943.4327

7844.8320,3.9720,237.4785,943.2577

7845.8320,3.9720,237.4619,943.1908

7846.8320,3.9716,237.5624,943.5028

7847.8320,3.9713,237.6451,943.7649

7848.8320,3.9710,237.6994,943.9044

7849.8320,3.9709,237.7464,944.0592

7850.8330,3.9709,237.7377,944.0287

7851.8320,3.9706,237.8241,944.3110

7852.8320,3.9705,237.8473,944.3742

7853.8330,3.9709,237.7428,944.0458

7854.8330,3.9707,237.8273,944.3382

7855.8320,3.9711,237.7087,943.9538

7856.8320,3.9713,237.6496,943.7679

7857.8320,3.9715,237.6002,943.6257

7858.8330,3.9713,237.6278,943.6916

7859.8320,3.9712,237.6807,943.8778

7860.8330,3.9711,237.7034,943.9392

7861.8320,3.9711,237.7105,943.9628

7862.8320,3.9708,237.7836,944.1803

7863.8320,3.9690,238.2332,945.5385

7864.8320,3.9689,238.2646,945.6520

7865.8320,3.9696,238.1029,945.1776

7866.8320,3.9702,237.9672,944.7751

7867.8320,3.9699,237.9797,944.7673

7868.8320,3.9702,237.9401,944.6636

7869.8320,3.9703,237.9218,944.6213

7870.8320,3.9705,237.8702,944.4566

7871.8320,3.9706,237.8590,944.4390

7872.8320,3.9704,237.8718,944.4509

7873.8320,3.9704,237.9070,944.5806

7874.8320,3.9703,237.9214,944.6088

7875.8320,3.9702,237.9448,944.6824

7876.8320,3.9703,237.9162,944.6030

7877.8320,3.9706,237.8325,944.3462

7878.8320,3.9706,237.8166,944.2842

7879.8320,3.9705,237.8803,944.5085

7880.8320,3.9707,237.7989,944.2384

7881.8320,3.9713,237.6554,943.7930

7882.8320,3.9713,237.6683,943.8532

7883.8330,3.9713,237.6729,943.8758

7884.8320,3.9714,237.6049,943.6340

7885.8320,3.9716,237.5845,943.5965

7886.8320,3.9714,237.6359,943.7392

7887.8320,3.9710,237.6991,943.9139

7888.8320,3.9707,237.8196,944.3150

7889.8320,3.9709,237.7677,944.1399

7890.8320,3.9712,237.6796,943.8641

7891.8330,3.9711,237.7132,943.9765

7892.8320,3.9710,237.7248,944.0135

7893.8320,3.9711,237.6930,943.9073

7894.8320,3.9709,237.7389,944.0482

7895.8320,3.9708,237.7775,944.1566

7896.8330,3.9709,237.7639,944.1308

7897.8320,3.9710,237.7322,944.0379

7898.8320,3.9713,237.6567,943.8023

7899.8320,3.9709,237.7492,944.0779

7900.8330,3.9694,238.1073,945.1510

7901.8320,3.9696,238.0913,945.1263

7902.8320,3.9697,238.0844,945.1132

7903.8320,3.9696,238.0927,945.1395

7904.8320,3.9696,238.0801,945.0916

7905.8320,3.9698,238.0513,945.0254

7906.8320,3.9697,238.0640,945.0435

7907.8320,3.9696,238.0905,945.1318

7908.8320,3.9696,238.0943,945.1441

7909.8320,3.9697,238.0732,945.0839

7910.8320,3.9698,238.0487,945.0163

7911.8320,3.9698,238.0466,945.0004

7912.8330,3.9698,238.0376,944.9726

7913.8320,3.9698,238.0492,945.0133

7914.8320,3.9697,238.1043,945.1992

7915.8320,3.9698,238.0591,945.0363

7916.8320,3.9698,238.0611,945.0486

7917.8320,3.9700,238.0333,944.9819

7918.8320,3.9699,238.0365,944.9826

7919.8320,3.9700,237.9899,944.8227

7920.8320,3.9703,237.9558,944.7479

7921.8330,3.9704,237.9004,944.5676

7922.8320,3.9707,237.8138,944.2955

7923.8320,3.9709,237.7838,944.2137

7924.8320,3.9708,237.7776,944.1756

7925.8320,3.9710,237.7830,944.2270

7926.8330,3.9709,237.7797,944.1911

7927.8330,3.9708,237.7797,944.1788

7928.8320,3.9710,237.7661,944.1596

7929.8320,3.9708,237.8011,944.2610

7930.8320,3.9710,237.7786,944.2240

7931.8320,3.9710,237.7494,944.1013

7932.8320,3.9711,237.7358,944.0692

7933.8320,3.9711,237.7653,944.1792

7934.8320,3.9708,237.8061,944.2898

7935.8320,3.9708,237.8093,944.2921

7936.8320,3.9709,237.7947,944.2585

7937.8320,3.9711,237.7288,944.0484

7938.8320,3.9711,237.7261,944.0360

7939.8320,3.9714,237.6675,943.8615

7940.8320,3.9713,237.6753,943.8727

7941.8320,3.9713,237.6699,943.8540

7942.8320,3.9712,237.7068,943.9777

7943.8320,3.9711,237.7258,944.0217

7944.8320,3.9710,237.7661,944.1661

7945.8320,3.9708,237.8321,944.3736

7946.8320,3.9706,237.8661,944.4614

7947.8320,3.9705,237.8468,944.3793

7948.8320,3.9710,237.7763,944.1989

7949.8320,3.9704,237.8884,944.5072

7950.8320,3.9705,237.9110,944.6290

7951.8320,3.9704,237.8822,944.4941

7952.8320,3.9704,237.9132,944.6198

7953.8330,3.9707,237.8652,944.4903

7954.8320,3.9707,237.8733,944.5118

7955.8320,3.9705,237.8474,944.3833

7956.8330,3.9707,237.8367,944.3761

7957.8320,3.9708,237.8157,944.3281

7958.8320,3.9707,237.8370,944.3792

7959.8320,3.9707,237.8007,944.2427

7960.8320,3.9709,237.7988,944.2791

7961.8320,3.9708,237.8115,944.3070

7962.8320,3.9707,237.8299,944.3504

7963.8320,3.9707,237.8351,944.3807

7964.8320,3.9705,237.8774,944.4866

7965.8320,3.9708,237.8182,944.3252

7966.8320,3.9710,237.7813,944.2323

7967.8320,3.9709,237.7673,944.1608

7968.8320,3.9708,237.8228,944.3544

7969.8330,3.9708,237.8061,944.2776

7970.8330,3.9710,237.7617,944.1584

7971.8320,3.9711,237.7568,944.1588

7972.8320,3.9705,237.8758,944.4814

7973.8320,3.9694,238.1890,945.4625

7974.8320,3.9700,238.0289,944.9741

7975.8320,3.9702,238.0036,944.9108

7976.8320,3.9708,237.8352,944.3989

7977.8320,3.9707,237.8502,944.4240

7978.8320,3.9710,237.7697,944.1938

7979.8320,3.9713,237.7133,944.0204

7980.8320,3.9714,237.7058,944.0152

7981.8320,3.9712,237.7370,944.0975

7982.8320,3.9711,237.7462,944.1214

7983.8320,3.9714,237.6905,943.9651

7984.8330,3.9713,237.7092,944.0079

7985.8320,3.9714,237.6586,943.8431

7986.8320,3.9714,237.6967,943.9864

7987.8320,3.9713,237.6945,943.9502

7988.8320,3.9714,237.6772,943.9085

7989.8320,3.9715,237.6281,943.7493

7990.8320,3.9716,237.6420,943.8093

7991.8320,3.9718,237.5961,943.6793

7992.8330,3.9715,237.6415,943.7922

7993.8320,3.9714,237.6573,943.8424

7994.8320,3.9717,237.6345,943.8042

7995.8330,3.9714,237.6338,943.7497

7996.8330,3.9716,237.6317,943.7757

7997.8320,3.9713,237.7037,943.9879

7998.8320,3.9710,237.7859,944.2454

7999.8330,3.9710,237.7911,944.2741

8000.8320,3.9712,237.7284,944.0698

8001.8320,3.9715,237.6712,943.9225

8002.8320,3.9716,237.6290,943.7669

8003.8320,3.9713,237.6842,943.9194

8004.8320,3.9715,237.6616,943.8643

8005.8320,3.9717,237.6100,943.7101

8006.8320,3.9718,237.5676,943.5704

8007.8320,3.9714,237.6792,943.9148

8008.8320,3.9707,237.8605,944.4701

8009.8320,3.9712,237.7372,944.0983

8010.8320,3.9712,237.7104,944.0015

8011.8320,3.9717,237.6159,943.7385

8012.8320,3.9716,237.6182,943.7292

8013.8320,3.9717,237.6070,943.7090

8014.8320,3.9718,237.5774,943.6025

8015.8320,3.9717,237.6146,943.7306

8016.8320,3.9715,237.6671,943.8932

8017.8320,3.9712,237.7415,944.1240

8018.8320,3.9710,237.7885,944.2568

8019.8330,3.9706,237.8833,944.5457

8020.8320,3.9707,237.8771,944.5465

8021.8320,3.9707,237.8695,944.5094

8022.8320,3.9710,237.8239,944.3962

8023.8320,3.9714,237.6821,943.9351

8024.8320,3.9713,237.7320,944.1150

8025.8320,3.9714,237.7148,944.0559

8026.8320,3.9711,237.7566,944.1653

8027.8320,3.9714,237.6969,944.0009

8028.8320,3.9709,237.8466,944.4754

8029.8320,3.9706,237.8917,944.5741

8030.8320,3.9712,237.7152,944.0098

8031.8330,3.9714,237.7161,944.0692

8032.8320,3.9715,237.7486,944.2243

8033.8320,3.9716,237.6525,943.8697

8034.8320,3.9712,237.7634,944.2038

8035.8320,3.9716,237.6642,943.9069

8036.8320,3.9717,237.6280,943.7962

8037.8320,3.9710,237.7872,944.2502

8038.8320,3.9711,237.7950,944.3081

8039.8320,3.9710,237.8165,944.3624

8040.8320,3.9710,237.8144,944.3587

8041.8320,3.9708,237.8526,944.4700

8042.8320,3.9709,237.8270,944.3873

8043.8320,3.9710,237.8021,944.3092

8044.8320,3.9710,237.8257,944.3963

8045.8320,3.9708,237.8401,944.4234

8046.8320,3.9711,237.7722,944.2111

8047.8320,3.9711,237.7624,944.1864

8048.8330,3.9712,237.7821,944.2756

8049.8320,3.9712,237.7410,944.1124

8050.8320,3.9717,237.6348,943.8149

8051.8320,3.9717,237.6004,943.6880

8052.8330,3.9719,237.5728,943.6035

8053.8330,3.9718,237.5732,943.5991

8054.8320,3.9715,237.6679,943.9097

8055.8320,3.9716,237.6739,943.9380

8056.8320,3.9716,237.6623,943.9003

8057.8320,3.9717,237.6245,943.7629

8058.8320,3.9715,237.6643,943.8898

8059.8320,3.9714,237.7133,944.0629

8060.8320,3.9713,237.7048,944.0016

8061.8320,3.9713,237.7247,944.0753

8062.8320,3.9713,237.7340,944.1194

8063.8320,3.9713,237.7275,944.0880

8064.8320,3.9714,237.7209,944.0758

8065.8320,3.9715,237.6917,943.9813

8066.8320,3.9708,237.8505,944.4635

8067.8320,3.9702,238.0202,944.9805

8068.8320,3.9701,238.0620,945.1277

8069.8320,3.9705,237.9450,944.7598

8070.8320,3.9706,237.9128,944.6558

8071.8320,3.9703,238.0010,944.9256

8072.8320,3.9701,238.0671,945.1390

8073.8320,3.9700,238.0792,945.1657

8074.8320,3.9700,238.0843,945.1990

8075.8320,3.9699,238.0961,945.2280

8076.8320,3.9702,238.0529,945.1056

8077.8320,3.9703,237.9889,944.8942

8078.8320,3.9705,237.9578,944.8045

8079.8320,3.9709,237.8619,944.5149

8080.8320,3.9707,237.9002,944.6329

8081.8330,3.9702,238.0205,945.0004

8082.8320,3.9703,237.9997,944.9330

8083.8320,3.9705,237.9478,944.7742

8084.8320,3.9709,237.8355,944.4289

8085.8320,3.9707,237.9136,944.6827

8086.8320,3.9708,237.8639,944.5071

8087.8320,3.9704,237.9672,944.8334

8088.8320,3.9700,238.0808,945.1862

8089.8320,3.9701,238.0752,945.1771

8090.8320,3.9701,238.0590,945.1278

8091.8320,3.9702,238.0445,945.0726

8092.8320,3.9702,238.0445,945.0782

8093.8320,3.9709,237.8811,944.5918

8094.8320,3.9711,237.8091,944.3530

8095.8320,3.9709,237.8721,944.5565

8096.8320,3.9709,237.8695,944.5533

8097.8320,3.9711,237.7927,944.3020

8098.8320,3.9711,237.8086,944.3589

8099.8320,3.9712,237.7917,944.3075

8100.8320,3.9708,237.8616,944.5106

8101.8320,3.9707,237.8662,944.5039

8102.8330,3.9711,237.8100,944.3646

8103.8320,3.9712,237.7732,944.2461

8104.8320,3.9711,237.7942,944.3076

8105.8320,3.9712,237.7751,944.2532

8106.8320,3.9713,237.7428,944.1556

8107.8320,3.9713,237.7526,944.1971

8108.8320,3.9714,237.6987,944.0067

8109.8330,3.9714,237.7111,944.0542

8110.8320,3.9712,237.7660,944.2168

8111.8330,3.9715,237.7117,944.0675

8112.8320,3.9709,237.8344,944.4259

8113.8320,3.9712,237.7599,944.2021

8114.8320,3.9718,237.6238,943.7971

8115.8320,3.9717,237.6426,943.8338

8116.8320,3.9716,237.6653,943.9025

8117.8320,3.9715,237.6956,944.0081

8118.8320,3.9712,237.7691,944.2175

8119.8320,3.9708,237.8966,944.6400

8120.8320,3.9707,237.8817,944.5605

8121.8320,3.9714,237.7171,944.0795

8122.8320,3.9718,237.6310,943.8149

8123.8320,3.9718,237.6350,943.8311

8124.8330,3.9718,237.6121,943.7457

8125.8320,3.9718,237.6350,943.8318

8126.8320,3.9715,237.7017,944.0377

8127.8320,3.9712,237.7950,944.3326

8128.8320,3.9714,237.7583,944.2246

8129.8320,3.9715,237.7087,944.0665

8130.8320,3.9719,237.5994,943.7274

8131.8320,3.9724,237.4723,943.3440

8132.8320,3.9725,237.4406,943.2288

8133.8320,3.9726,237.4247,943.1817

8134.8320,3.9725,237.4421,943.2471

8135.8320,3.9725,237.4359,943.2250

8136.8320,3.9725,237.4693,943.3440

8137.8320,3.9722,237.5402,943.5531

8138.8320,3.9725,237.4414,943.2435

8139.8320,3.9724,237.4650,943.3175

8140.8320,3.9725,237.4789,943.3877

8141.8320,3.9721,237.5503,943.5659

8142.8320,3.9722,237.5496,943.5895

8143.8320,3.9719,237.5873,943.6744

8144.8320,3.9714,237.7414,944.1777

8145.8320,3.9712,237.7576,944.1834

8146.8320,3.9712,237.7922,944.3270

8147.8320,3.9707,237.9243,944.7316

8148.8320,3.9711,237.8238,944.4209

8149.8330,3.9713,237.7576,944.2049

8150.8320,3.9712,237.7798,944.2707

8151.8320,3.9712,237.8290,944.4604

8152.8320,3.9711,237.8106,944.3684

8153.8320,3.9711,237.8351,944.4614

8154.8330,3.9710,237.8326,944.4415

8155.8320,3.9711,237.8104,944.3801

8156.8320,3.9714,237.7489,944.1947

8157.8320,3.9718,237.6469,943.8757

8158.8320,3.9719,237.6238,943.8165

8159.8320,3.9718,237.6241,943.7956

8160.8320,3.9720,237.5912,943.7167

8161.8320,3.9719,237.6114,943.7773

8162.8320,3.9719,237.6054,943.7538

8163.8320,3.9719,237.6112,943.7787

8164.8320,3.9718,237.6486,943.8931

8165.8320,3.9718,237.6392,943.8532

8166.8320,3.9708,237.8699,944.5435

8167.8320,3.9697,238.1740,945.4739

8168.8330,3.9698,238.1623,945.4541

8169.8320,3.9700,238.0991,945.2628

8170.8320,3.9704,238.0090,944.9825

8171.8320,3.9705,237.9668,944.8421

8172.8330,3.9706,237.9395,944.7721

8173.8330,3.9708,237.9252,944.7475

8174.8320,3.9708,237.9004,944.6551

8175.8320,3.9708,237.9190,944.7175

8176.8320,3.9709,237.8887,944.6322

8177.8320,3.9711,237.8180,944.4020

8178.8330,3.9714,237.7674,944.2581

8179.8320,3.9713,237.7628,944.2300

8180.8320,3.9715,237.7339,944.1664

8181.8320,3.9715,237.7094,944.0737

8182.8320,3.9716,237.7015,944.0548

8183.8320,3.9718,237.6604,943.9326

8184.8320,3.9720,237.5651,943.6200

8185.8320,3.9718,237.6448,943.8798

8186.8320,3.9718,237.6367,943.8530

8187.8320,3.9717,237.6781,943.9868

8188.8320,3.9717,237.6838,943.9973

8189.8320,3.9716,237.6995,944.0482

8190.8320,3.9715,237.7325,944.1578

8191.8320,3.9714,237.7555,944.2285

8192.8320,3.9713,237.7729,944.2725

8193.8320,3.9710,237.8578,944.5382

8194.8320,3.9710,237.8623,944.5536

8195.8320,3.9713,237.8027,944.3862

8196.8320,3.9713,237.7693,944.2518

8197.8320,3.9715,237.7571,944.2512

8198.8320,3.9714,237.7546,944.2180

8199.8320,3.9715,237.7394,944.1872

8200.8320,3.9714,237.7876,944.3431

8201.8320,3.9711,237.8358,944.4717

8202.8320,3.9709,237.8816,944.6149

8203.8320,3.9710,237.8895,944.6587

8204.8320,3.9711,237.8520,944.5269

8205.8320,3.9711,237.8426,944.4876

8206.8320,3.9711,237.8450,944.5112

8207.8320,3.9711,237.8054,944.3608

8208.8320,3.9713,237.8055,944.4058

8209.8320,3.9717,237.6773,943.9933

8210.8320,3.9718,237.6565,943.9306

8211.8320,3.9718,237.6490,943.8868

8212.8320,3.9719,237.6364,943.8614

8213.8320,3.9718,237.6511,943.8946

8214.8320,3.9718,237.6685,943.9674

8215.8320,3.9717,237.6903,944.0440

8216.8330,3.9717,237.6824,944.0146

8217.8320,3.9716,237.7224,944.1299

8218.8320,3.9714,237.7724,944.2978

8219.8320,3.9711,237.8518,944.5327

8220.8320,3.9709,237.9115,944.7172

8221.8320,3.9708,237.9187,944.7289

8222.8320,3.9710,237.8913,944.6618

8223.8330,3.9710,237.8844,944.6311

8224.8330,3.9709,237.8980,944.6807

8225.8320,3.9709,237.9131,944.7248

8226.8320,3.9710,237.8950,944.6924

8227.8330,3.9710,237.9015,944.7066

8228.8320,3.9706,237.9833,944.9359

8229.8320,3.9711,237.8543,944.5506

8230.8320,3.9709,237.9051,944.6950

8231.8320,3.9709,237.9141,944.7420

8232.8330,3.9710,237.9101,944.7365

8233.8320,3.9709,237.8920,944.6511

8234.8320,3.9706,237.9980,944.9930

8235.8320,3.9704,238.0385,945.1070

8236.8320,3.9702,238.1121,945.3411

8237.8330,3.9708,237.9390,944.8175

8238.8320,3.9706,237.9998,945.0035

8239.8330,3.9709,237.9401,944.8271

8240.8320,3.9708,237.8733,944.5587

8241.8320,3.9713,237.8499,944.5729

8242.8320,3.9710,237.8817,944.6315

8243.8320,3.9709,237.9128,944.7296

8244.8320,3.9707,237.9576,944.8603

8245.8320,3.9707,237.9614,944.8816

8246.8320,3.9705,237.9835,944.9227

8247.8320,3.9706,238.0075,945.0335

8248.8320,3.9707,237.9811,944.9613

8249.8320,3.9706,237.9798,944.9326

8250.8320,3.9708,237.9178,944.7339

8251.8330,3.9712,237.8399,944.4998

8252.8320,3.9713,237.8136,944.4211

8253.8320,3.9711,237.8732,944.6191

8254.8320,3.9711,237.8628,944.5702

8255.8320,3.9707,237.9714,944.9089

8256.8320,3.9710,237.8895,944.6659

8257.8320,3.9709,237.8875,944.6368

8258.8320,3.9709,237.9194,944.7595

8259.8320,3.9711,237.8713,944.6027

8260.8320,3.9710,237.8959,944.6799

8261.8320,3.9709,237.9326,944.8022

8262.8320,3.9708,237.9507,944.8482

8263.8320,3.9709,237.9128,944.7169

8264.8320,3.9709,237.9122,944.7365

8265.8330,3.9709,237.9095,944.7265

8266.8330,3.9709,237.9143,944.7262

8267.8320,3.9709,237.9386,944.8243

8268.8320,3.9709,237.9048,944.6931

8269.8320,3.9711,237.8857,944.6646

8270.8320,3.9708,237.9252,944.7587

8271.8320,3.9710,237.9094,944.7301

8272.8330,3.9708,237.9409,944.8076

8273.8320,3.9709,237.9515,944.8742

8274.8320,3.9704,238.0102,945.0076

8275.8320,3.9707,237.9766,944.9301

8276.8320,3.9708,237.9486,944.8434

8277.8320,3.9706,237.9334,944.7439

8278.8320,3.9711,237.9183,944.7874

8279.8330,3.9709,237.8856,944.6111

8280.8320,3.9711,237.9037,944.7410

8281.8320,3.9710,237.8860,944.6528

8282.8320,3.9708,237.9153,944.7238

8283.8320,3.9710,237.9114,944.7540

8284.8320,3.9708,237.9351,944.7995

8285.8320,3.9708,237.9311,944.7829

8286.8320,3.9705,238.0482,945.1598

8287.8320,3.9707,237.9806,944.9499

8288.8320,3.9703,238.0534,945.1363

8289.8320,3.9704,238.0496,945.1458

8290.8320,3.9705,238.0198,945.0610

8291.8320,3.9708,237.9675,944.9235

8292.8320,3.9709,237.9232,944.7744

8293.8320,3.9708,237.9433,944.8223

8294.8320,3.9707,237.9509,944.8422

8295.8320,3.9710,237.9310,944.8183

8296.8320,3.9710,237.8934,944.6818

8297.8320,3.9711,237.8468,944.5236

8298.8320,3.9702,238.1055,945.3260

8299.8320,3.9702,238.0921,945.2834

8300.8320,3.9709,237.9348,944.8209

8301.8320,3.9711,237.8603,944.5615

8302.8320,3.9712,237.8560,944.5806

8303.8320,3.9711,237.8686,944.6026

8304.8320,3.9711,237.8814,944.6396

8305.8320,3.9710,237.9158,944.7611

8306.8320,3.9710,237.8956,944.6770

8307.8320,3.9708,237.9323,944.7823

8308.8320,3.9708,237.9622,944.9017

8309.8320,3.9710,237.8931,944.6675

8310.8320,3.9712,237.8357,944.4967

8311.8320,3.9709,237.9068,944.7057

8312.8320,3.9709,237.9125,944.7272

8313.8320,3.9708,237.9371,944.8015

8314.8320,3.9705,238.0229,945.0748

8315.8320,3.9704,238.0658,945.2107

8316.8320,3.9703,238.0483,945.1303

8317.8320,3.9705,238.0354,945.1123

8318.8330,3.9705,238.0248,945.0806

8319.8320,3.9701,238.1042,945.3095

8320.8320,3.9708,237.9666,944.9281

8321.8320,3.9710,237.9028,944.7131

8322.8320,3.9710,237.8914,944.6734

8323.8320,3.9710,237.8986,944.6957

8324.8320,3.9711,237.8815,944.6427

8325.8320,3.9712,237.8676,944.6094

8326.8320,3.9711,237.8317,944.4568

8327.8320,3.9712,237.8548,944.5786

8328.8320,3.9711,237.8670,944.6012

8329.8320,3.9709,237.9302,944.8066

8330.8320,3.9711,237.8820,944.6477

8331.8320,3.9709,237.9448,944.8455

8332.8320,3.9709,237.9421,944.8501

8333.8320,3.9709,237.9318,944.7933

8334.8320,3.9709,237.9176,944.7587

8335.8320,3.9713,237.8459,944.5537

8336.8320,3.9708,237.9314,944.7831

8337.8320,3.9708,237.9611,944.9066

8338.8320,3.9710,237.9129,944.7507

8339.8320,3.9710,237.9166,944.7648

8340.8320,3.9710,237.8914,944.6670

8341.8320,3.9713,237.8424,944.5445

8342.8330,3.9717,237.7377,944.2130

8343.8320,3.9716,237.7414,944.2254

8344.8330,3.9711,237.8728,944.6244

8345.8320,3.9711,237.8952,944.6976

8346.8320,3.9710,237.8861,944.6557

8347.8320,3.9711,237.8987,944.7099

8348.8320,3.9709,237.9135,944.7381

8349.8320,3.9710,237.9056,944.7194

8350.8320,3.9706,238.0092,945.0363

8351.8320,3.9710,237.9230,944.7879

8352.8320,3.9708,237.9910,945.0104

8353.8320,3.9707,237.9928,944.9874

8354.8320,3.9708,238.0053,945.0662

8355.8320,3.9708,237.9859,944.9922

8356.8320,3.9708,237.9765,944.9563

8357.8320,3.9707,237.9978,945.0269

8358.8320,3.9708,237.9951,945.0249

8359.8320,3.9709,237.9623,944.9301

8360.8320,3.9709,237.9438,944.8562

8361.8320,3.9711,237.9140,944.7838

8362.8330,3.9710,237.9387,944.8466

8363.8320,3.9710,237.9159,944.7602

8364.8320,3.9710,237.8995,944.7045

8365.8320,3.9710,237.8998,944.7062

8366.8320,3.9713,237.8644,944.6214

8367.8320,3.9713,237.8499,944.5652

8368.8320,3.9713,237.8439,944.5529

8369.8320,3.9712,237.8814,944.6789

8370.8320,3.9710,237.8935,944.6804

8371.8320,3.9710,237.9175,944.7624

8372.8320,3.9710,237.9229,944.7829

8373.8320,3.9709,237.9175,944.7531

8374.8320,3.9710,237.9332,944.8257

8375.8320,3.9712,237.8876,944.6902

8376.8320,3.9713,237.8353,944.5052

8377.8320,3.9714,237.8043,944.4205

8378.8320,3.9714,237.7985,944.3915

8379.8320,3.9713,237.8393,944.5342

8380.8320,3.9712,237.8551,944.5799

8381.8320,3.9711,237.8629,944.5806

8382.8320,3.9713,237.8642,944.6239

8383.8320,3.9712,237.8731,944.6301

8384.8320,3.9712,237.8846,944.6760

8385.8320,3.9713,237.8613,944.6096

8386.8320,3.9712,237.8640,944.6028

8387.8320,3.9710,237.8908,944.6718

8388.8320,3.9711,237.8993,944.7164

8389.8330,3.9711,237.9074,944.7434

8390.8320,3.9712,237.8985,944.7334

8391.8320,3.9711,237.8830,944.6631

8392.8320,3.9711,237.8662,944.5984

8393.8330,3.9712,237.8424,944.5277

8394.8320,3.9714,237.8060,944.4224

8395.8320,3.9716,237.7707,944.3238

8396.8320,3.9717,237.7469,944.2510

8397.8320,3.9719,237.6903,944.0921

8398.8330,3.9719,237.6837,944.0584

8399.8320,3.9720,237.6609,943.9998

8400.8330,3.9719,237.6824,944.0551

8401.8330,3.9719,237.6968,944.0967

8402.8320,3.9713,237.8268,944.4922

8403.8320,3.9710,237.9249,944.8021

8404.8320,3.9712,237.8843,944.6836

8405.8320,3.9712,237.8698,944.6335

8406.8330,3.9710,237.9455,944.8715

8407.8320,3.9705,238.0307,945.1042

8408.8320,3.9703,238.1235,945.4261

8409.8320,3.9701,238.1571,945.5163

8410.8320,3.9702,238.1425,945.4650

8411.8320,3.9702,238.1177,945.3840

8412.8320,3.9696,238.2161,945.6324

8413.8320,3.9678,238.7925,947.4701

8414.8330,3.9679,238.7765,947.4440

8415.8320,3.9681,238.6933,947.1642

8416.8320,3.9685,238.6233,946.9721

8417.8320,3.9686,238.5780,946.8308

8418.8320,3.9687,238.4946,946.5187

8419.8320,3.9691,238.4463,946.4215

8420.8320,3.9691,238.4327,946.3582

8421.8320,3.9693,238.4002,946.2772

8422.8330,3.9695,238.3356,946.0805

8423.8330,3.9696,238.2865,945.9006

8424.8320,3.9699,238.2128,945.6843

8425.8320,3.9700,238.2235,945.7520

8426.8320,3.9700,238.1930,945.6306

8427.8320,3.9698,238.2664,945.8718

8428.8330,3.9695,238.3095,945.9785

8429.8320,3.9695,238.3235,946.0217

8430.8320,3.9696,238.3205,946.0439

8431.8320,3.9697,238.2928,945.9444

8432.8320,3.9698,238.2690,945.8855

8433.8330,3.9702,238.1546,945.5210

8434.8320,3.9704,238.0891,945.3121

8435.8320,3.9704,238.1351,945.4873

8436.8320,3.9699,238.2240,945.7245

8437.8320,3.9700,238.2197,945.7342

8438.8320,3.9700,238.1882,945.6183

8439.8320,3.9701,238.1933,945.6403

8440.8320,3.9701,238.1845,945.6218

8441.8320,3.9701,238.1852,945.6298

8442.8320,3.9701,238.1811,945.6041

8443.8320,3.9702,238.1689,945.5829

8444.8320,3.9702,238.1375,945.4621

8445.8320,3.9702,238.1652,945.5563

8446.8330,3.9702,238.1577,945.5371

8447.8330,3.9704,238.1153,945.4013

8448.8320,3.9705,238.0917,945.3467

8449.8320,3.9704,238.0918,945.3169

8450.8320,3.9706,238.0548,945.2219

8451.8320,3.9706,238.0581,945.2325

8452.8320,3.9707,238.0564,945.2426

8453.8320,3.9705,238.0803,945.2868

8454.8320,3.9704,238.1196,945.4256

8455.8320,3.9704,238.1231,945.4440

8456.8320,3.9705,238.0827,945.3065

8457.8320,3.9706,238.0725,945.2983

8458.8320,3.9707,238.0204,945.1050

8459.8330,3.9709,238.0151,945.1291

8460.8320,3.9707,238.0101,945.0650

8461.8320,3.9709,237.9935,945.0593

8462.8320,3.9708,237.9825,944.9781

8463.8320,3.9709,237.9696,944.9626

8464.8320,3.9709,237.9939,945.0385

8465.8320,3.9710,237.9600,944.9370

8466.8320,3.9709,237.9690,944.9565

8467.8320,3.9709,237.9758,944.9885

8468.8320,3.9711,237.9611,944.9555

8469.8320,3.9712,237.9132,944.7995

8470.8320,3.9713,237.8833,944.6967

8471.8330,3.9712,237.9193,944.8241

8472.8320,3.9714,237.8521,944.6146

8473.8320,3.9715,237.8317,944.5512

8474.8320,3.9716,237.8093,944.4867

8475.8320,3.9716,237.8187,944.5090

8476.8320,3.9716,237.8083,944.4817

8477.8330,3.9715,237.8119,944.4797

8478.8320,3.9711,237.9293,944.8347

8479.8320,3.9711,237.9359,944.8681

8480.8320,3.9712,237.9173,944.8136

8481.8320,3.9707,238.0171,945.0937

8482.8320,3.9706,238.0624,945.2614

8483.8320,3.9707,238.0301,945.1357

8484.8320,3.9706,238.0746,945.3079

8485.8320,3.9707,238.0327,945.1482

8486.8330,3.9708,238.0335,945.1862

8487.8320,3.9706,238.0414,945.1758

8488.8320,3.9708,238.0429,945.2140

8489.8320,3.9707,238.0479,945.2063

8490.8320,3.9708,238.0662,945.3040

8491.8330,3.9706,238.0709,945.2755

8492.8320,3.9705,238.0859,945.3302

8493.8320,3.9706,238.0785,945.3262

8494.8320,3.9706,238.0577,945.2313

8495.8320,3.9705,238.1178,945.4449

8496.8330,3.9706,238.0711,945.2902

8497.8330,3.9707,238.0450,945.2096

8498.8320,3.9706,238.0783,945.3102

8499.8330,3.9709,238.0354,945.2073

8500.8320,3.9707,238.0089,945.0709

8501.8330,3.9710,238.0057,945.1188

8502.8330,3.9707,238.0347,945.1536

8503.8320,3.9707,238.0176,945.1055

8504.8320,3.9708,238.0421,945.2248

8505.8320,3.9708,238.0213,945.1234

8506.8320,3.9710,237.9706,944.9922

8507.8320,3.9709,237.9807,944.9906

8508.8320,3.9710,237.9615,944.9489

8509.8320,3.9708,238.0270,945.1467

8510.8320,3.9710,238.0005,945.0890

8511.8320,3.9709,237.9907,945.0261

8512.8320,3.9710,237.9682,944.9640

8513.8320,3.9712,237.9256,944.8536

8514.8320,3.9712,237.9088,944.7881

8515.8320,3.9711,237.9502,944.9287

8516.8330,3.9713,237.9398,944.9193

8517.8320,3.9712,237.9211,944.8443

8518.8330,3.9712,237.9580,944.9685

8519.8330,3.9709,238.0093,945.1007

8520.8320,3.9711,237.9534,944.9398

8521.8330,3.9711,237.9617,944.9709

8522.8320,3.9712,237.9406,944.9164

8523.8320,3.9711,237.9486,944.9264

8524.8320,3.9710,237.9628,944.9522

8525.8320,3.9711,237.9719,945.0219

8526.8320,3.9709,238.0177,945.1392

8527.8320,3.9711,237.9746,945.0260

8528.8320,3.9710,237.9403,944.8539

8529.8320,3.9713,237.9590,944.9973

8530.8320,3.9713,237.8878,944.7265

8531.8320,3.9714,237.8588,944.6392

8532.8320,3.9713,237.8685,944.6510

8533.8320,3.9716,237.8260,944.5506

8534.8320,3.9713,237.8466,944.5608

8535.8330,3.9716,237.8318,944.5789

8536.8320,3.9717,237.7940,944.4510

8537.8320,3.9717,237.7817,944.3959

8538.8320,3.9717,237.7710,944.3609

8539.8320,3.9717,237.7832,944.4077

8540.8320,3.9719,237.7334,944.2451

8541.8320,3.9718,237.7370,944.2488

8542.8320,3.9720,237.7663,944.4019

8543.8320,3.9721,237.7152,944.2369

8544.8320,3.9719,237.6897,944.0727

8545.8320,3.9717,237.7707,944.3624

8546.8320,3.9717,237.7736,944.3594

8547.8330,3.9720,237.7261,944.2417

8548.8320,3.9721,237.6884,944.1167

8549.8320,3.9723,237.6421,943.9918

8550.8320,3.9721,237.6738,944.0736

8551.8320,3.9718,237.7758,944.3959

8552.8320,3.9719,237.7290,944.2274

8553.8540,3.9722,237.6697,944.0831

8554.8420,3.9722,237.6738,944.0821

8555.8320,3.9718,237.7678,944.3665

8556.8360,3.9718,237.8094,944.5204

8557.8330,3.9713,237.9674,945.0463

8558.8320,3.9708,237.9258,944.7629

8559.8320,3.9712,237.9264,944.8621

8560.8320,3.9711,237.9550,944.9430

8561.8320,3.9710,237.9836,945.0276

8562.8320,3.9715,237.8569,944.6498

8563.8320,3.9716,237.8240,944.5527

8564.8320,3.9718,237.7754,944.3844

8565.8320,3.9718,237.7861,944.4321

8566.8320,3.9718,237.7736,944.3891

8567.8320,3.9717,237.8133,944.5157

8568.8320,3.9718,237.7665,944.3673

8569.8320,3.9716,237.8152,944.5187

8570.8320,3.9713,237.8850,944.7216

8571.8320,3.9716,237.8243,944.5486

8572.8320,3.9720,237.7411,944.3147

8573.8320,3.9720,237.7293,944.2681

8574.8320,3.9721,237.6987,944.1741

8575.8320,3.9716,237.8222,944.5323

8576.8330,3.9716,237.8362,944.5847

8577.8320,3.9720,237.7464,944.3392

8578.8320,3.9717,237.7718,944.3566

8579.8320,3.9716,237.8056,944.4750

8580.8320,3.9716,237.8274,944.5654

8581.8320,3.9718,237.8096,944.5214

8582.8320,3.9717,237.7885,944.4338

8583.8320,3.9717,237.8056,944.4856

8584.8320,3.9715,237.8320,944.5607

8585.8320,3.9716,237.8328,944.5869

8586.8320,3.9715,237.8293,944.5452

8587.8320,3.9716,237.8265,944.5480

8588.8320,3.9716,237.8276,944.5485

8589.8330,3.9714,237.8739,944.6915

8590.8320,3.9715,237.8736,944.7263

8591.8320,3.9713,237.8651,944.6340

8592.8320,3.9716,237.8573,944.6711

8593.8320,3.9715,237.8720,944.7099

8594.8320,3.9714,237.8507,944.6118

8595.8320,3.9717,237.8395,944.6169

8596.8320,3.9714,237.8676,944.6685

8597.8320,3.9714,237.8789,944.7021

8598.8320,3.9714,237.8888,944.7597

8599.8320,3.9710,237.9558,944.9341

8600.8320,3.9711,237.9600,944.9748

8601.8320,3.9712,237.9508,944.9385

8602.8320,3.9711,237.9485,944.9089

8603.8320,3.9713,237.9080,944.8081

8604.8320,3.9713,237.8928,944.7516

8605.8320,3.9714,237.8769,944.7157

8606.8320,3.9714,237.8744,944.7022

8607.8320,3.9715,237.8798,944.7329

8608.8320,3.9714,237.8875,944.7432

8609.8320,3.9714,237.8754,944.6979

8610.8320,3.9714,237.8887,944.7425

8611.8320,3.9713,237.9162,944.8360

8612.8320,3.9713,237.9050,944.7977

8613.8320,3.9714,237.8809,944.7111

8614.8320,3.9715,237.8868,944.7564

8615.8320,3.9715,237.8580,944.6543

8616.8320,3.9713,237.9241,944.8644

8617.8320,3.9715,237.8482,944.6206

8618.8320,3.9719,237.7531,944.3332

8619.8320,3.9720,237.7352,944.2876

8620.8320,3.9718,237.7860,944.4298

8621.8320,3.9715,237.8633,944.6721

8622.8320,3.9714,237.8778,944.7137

8623.8330,3.9715,237.8607,944.6582

8624.8320,3.9716,237.8321,944.5691

8625.8320,3.9714,237.8864,944.7322

8626.8320,3.9713,237.8997,944.7809

8627.8320,3.9716,237.8198,944.5292

8628.8330,3.9716,237.8309,944.5621

8629.8320,3.9716,237.8286,944.5661

8630.8320,3.9716,237.8313,944.5652

8631.8320,3.9714,237.8523,944.6138

8632.8320,3.9715,237.8621,944.6760

8633.8320,3.9717,237.8004,944.4634

8634.8320,3.9718,237.8130,944.5338

8635.8320,3.9716,237.8231,944.5356

8636.8320,3.9717,237.8182,944.5401

8637.8320,3.9717,237.8173,944.5348

8638.8320,3.9716,237.8608,944.6768

8639.8320,3.9715,237.8432,944.5957

8640.8320,3.9712,237.9142,944.8012

8641.8320,3.9710,237.9941,945.0800

8642.8320,3.9703,238.1726,945.6114

8643.8320,3.9700,238.2306,945.7836

8644.8320,3.9703,238.1708,945.6062

8645.8330,3.9705,238.1326,945.4973

8646.8320,3.9708,238.0305,945.1723

8647.8320,3.9709,238.0134,945.1374

8648.8320,3.9713,237.9177,944.8444

8649.8320,3.9715,237.8386,944.5840

8650.8330,3.9716,237.8431,944.6250

8651.8320,3.9716,237.8380,944.5883

8652.8330,3.9714,237.8869,944.7440

8653.8320,3.9715,237.8749,944.7092

8654.8320,3.9716,237.8474,944.6235

8655.8320,3.9716,237.8322,944.5788

8656.8320,3.9715,237.8565,944.6556

8657.8330,3.9714,237.8769,944.7136

8658.8320,3.9713,237.8969,944.7551

8659.8320,3.9713,237.9202,944.8631

8660.8320,3.9717,237.8106,944.5116

8661.8320,3.9715,237.8544,944.6420

8662.8320,3.9713,237.9123,944.8308

8663.8320,3.9707,238.0396,945.1868

8664.8330,3.9709,238.0381,945.2160

8665.8320,3.9710,237.9903,945.0490

8666.8320,3.9710,237.9996,945.0912

8667.8320,3.9712,237.9515,944.9551

8668.8320,3.9712,237.9260,944.8574

8669.8320,3.9712,237.9491,944.9461

8670.8320,3.9709,237.9852,945.0269

8671.8320,3.9710,238.0238,945.1909

8672.8320,3.9707,238.0505,945.2370

8673.8320,3.9707,238.0737,945.3192

8674.8320,3.9709,238.0333,945.2039

8675.8320,3.9710,237.9929,945.0675

8676.8320,3.9712,237.9341,944.8914

8677.8330,3.9713,237.9354,944.9029

8678.8320,3.9712,237.9432,944.9185

8679.8320,3.9714,237.8848,944.7459

8680.8320,3.9714,237.8999,944.7889

8681.8330,3.9715,237.8777,944.7408

8682.8320,3.9717,237.8243,944.5582

8683.8320,3.9715,237.8585,944.6633

8684.8320,3.9716,237.8438,944.6265

8685.8320,3.9719,237.7659,944.3834

8686.8320,3.9716,237.8569,944.6709

8687.8320,3.9713,237.9260,944.8675

8688.8320,3.9702,238.2188,945.7827

8689.8320,3.9701,238.2337,945.8076

8690.8320,3.9699,238.2913,945.9846

8691.8320,3.9703,238.1895,945.6931

8692.8320,3.9705,238.1234,945.4762

8693.8320,3.9705,238.1358,945.5294

8694.8320,3.9706,238.1057,945.4210

8695.8320,3.9707,238.1113,945.4621

8696.8320,3.9704,238.1521,945.5511

8697.8320,3.9704,238.1484,945.5446

8698.8320,3.9705,238.1426,945.5550

8699.8320,3.9707,238.0668,945.2897

8700.8320,3.9708,238.0908,945.4048

8701.8320,3.9704,238.1381,945.5122

8702.8330,3.9707,238.0954,945.4043

8703.8320,3.9706,238.1089,945.4330

8704.8320,3.9708,238.0387,945.2066

8705.8320,3.9705,238.1186,945.4418

8706.8330,3.9709,238.0271,945.1928

8707.8320,3.9709,238.0168,945.1411

8708.8320,3.9710,237.9979,945.0905

8709.8320,3.9712,237.9414,944.9248

8710.8320,3.9713,237.9261,944.8661

8711.8320,3.9712,237.9344,944.8906

8712.8330,3.9713,237.9290,944.8924

8713.8320,3.9712,237.9372,944.9055

8714.8320,3.9712,237.9470,944.9297

8715.8320,3.9711,237.9795,945.0439

8716.8320,3.9710,237.9959,945.0793

8717.8320,3.9709,238.0232,945.1623

8718.8320,3.9710,238.0216,945.1731

8720.2420,3.9702,238.1906,945.6553

8720.8550,3.9704,238.1417,945.5265

8721.8450,3.9704,237.9958,944.9423

8722.8330,3.9714,237.9712,945.0776

8723.8320,3.9713,237.9619,945.0076

8724.8320,3.9712,237.9478,944.9391

8725.8320,3.9712,237.9593,944.9732

8726.8320,3.9710,237.9953,945.0734

8727.8330,3.9710,238.0107,945.1352

8728.8320,3.9707,238.0906,945.3813

8729.8320,3.9707,238.0549,945.2503

8730.8320,3.9709,238.0508,945.2853

8731.8320,3.9710,238.0135,945.1523

8732.8320,3.9709,237.9831,945.0160

8733.8320,3.9713,237.9096,944.8063

8734.8320,3.9714,237.9141,944.8607

8735.8330,3.9713,237.9131,944.8180

8736.8320,3.9713,237.9367,944.9109

8737.8320,3.9713,237.9393,944.9300

8738.8320,3.9713,237.9437,944.9418

8739.8320,3.9712,237.9343,944.8918

8740.8320,3.9712,237.9611,944.9837

8741.8320,3.9711,237.9495,944.9216

8742.8330,3.9712,237.9419,944.9170

8743.8320,3.9714,237.8972,944.7747

8744.8320,3.9716,237.8881,944.7849

8745.8330,3.9717,237.8226,944.5574

8746.8320,3.9717,237.8027,944.4905

8747.8320,3.9717,237.8427,944.6356

8748.8320,3.9719,237.7823,944.4429

8749.8320,3.9718,237.8013,944.4895

8750.8320,3.9719,237.7671,944.3879

8751.8320,3.9718,237.7777,944.4163

8752.8320,3.9719,237.7798,944.4371

8753.8320,3.9720,237.7417,944.3051

8754.8320,3.9720,237.7677,944.4063

8755.8320,3.9718,237.7966,944.4759

8756.8330,3.9717,237.8218,944.5619

8757.8320,3.9718,237.8047,944.5221

8758.8320,3.9719,237.7900,944.4735

8759.8330,3.9718,237.8061,944.5159

8760.8330,3.9717,237.8090,944.5146

8761.8320,3.9719,237.7831,944.4607

8762.8320,3.9720,237.7788,944.4497

8763.8320,3.9719,237.7786,944.4426

8764.8320,3.9710,237.9744,945.0015

8765.8320,3.9711,238.0135,945.1660

8766.8320,3.9708,238.0691,945.3292

8767.8320,3.9709,238.0566,945.2894

8768.8320,3.9711,237.9838,945.0578

8769.8320,3.9711,237.9724,945.0107

8770.8320,3.9709,238.0464,945.2654

8771.8320,3.9710,238.0202,945.1815

8772.8320,3.9708,238.0715,945.3441

8773.8320,3.9707,238.0772,945.3353

8774.8330,3.9710,238.0486,945.2848

8775.8320,3.9709,238.0385,945.2174

8776.8320,3.9710,238.0325,945.2303

8777.8320,3.9711,237.9743,945.0175

8778.8330,3.9711,238.0232,945.2078

8779.8320,3.9711,237.9729,945.0136

8780.8320,3.9713,237.9432,944.9413

8781.8320,3.9713,237.9329,944.9058

8782.8320,3.9712,237.9481,944.9384

8783.8320,3.9711,237.9850,945.0681

8784.8320,3.9714,237.9112,944.8405

8785.8320,3.9715,237.8813,944.7534

8786.8320,3.9715,237.8846,944.7582

8787.8320,3.9712,237.9718,945.0275

8788.8320,3.9720,237.7539,944.3698

8789.8320,3.9720,237.7557,944.3571

8790.8320,3.9721,237.7309,944.2845

8791.8320,3.9720,237.7387,944.3037

8792.8320,3.9720,237.7584,944.3822

8793.8330,3.9720,237.7533,944.3590

8794.8320,3.9720,237.7617,944.3868

8795.8320,3.9721,237.7343,944.2988

8796.8320,3.9717,237.8274,944.5787

8797.8320,3.9714,237.9143,944.8571

8798.8320,3.9717,237.8566,944.6873

8799.8320,3.9717,237.8350,944.6116

8800.8320,3.9714,237.9019,944.7997

8801.8320,3.9713,237.9353,944.9244

8802.8320,3.9712,237.9528,944.9607

8803.8320,3.9714,237.9406,944.9470

8804.8330,3.9715,237.9031,944.8300

8805.8320,3.9717,237.8465,944.6659

8806.8320,3.9716,237.8695,944.7253

8807.8320,3.9715,237.8866,944.7694

8808.8330,3.9715,237.8830,944.7517

8809.8330,3.9715,237.9071,944.8483

8810.8320,3.9715,237.8786,944.7352

8811.8320,3.9715,237.8715,944.6958

8812.8320,3.9713,237.9790,945.0747

8813.8320,3.9712,237.9640,945.0006

8814.8330,3.9714,237.9412,944.9610

8815.8320,3.9716,237.8803,944.7620

8816.8320,3.9715,237.8908,944.7814

8817.8320,3.9717,237.8309,944.5995

8818.8320,3.9717,237.8247,944.5611

8819.8320,3.9716,237.8454,944.6366

8820.8320,3.9716,237.8766,944.7525

8821.8330,3.9716,237.8809,944.7599

8822.8320,3.9716,237.8480,944.6433

8823.8320,3.9716,237.8667,944.7156

8824.8330,3.9716,237.8508,944.6515

8825.8320,3.9719,237.8269,944.6278

8826.8320,3.9716,237.8157,944.5152

8827.8320,3.9715,237.8869,944.7758

8828.8320,3.9712,237.9469,944.9431

8829.8320,3.9713,237.9368,944.9269

8830.8320,3.9713,237.9452,944.9515

8831.8320,3.9715,237.8948,944.7977

8832.8320,3.9714,237.9123,944.8464

8833.8320,3.9715,237.9075,944.8486

8834.8320,3.9713,237.9151,944.8428

8835.8320,3.9713,237.9555,944.9835

8836.8320,3.9712,237.9716,945.0362

8837.8320,3.9715,237.8927,944.7991

8838.8320,3.9714,237.9276,944.9019

8839.8320,3.9714,237.9123,944.8417

8840.8320,3.9714,237.9164,944.8584

8841.8320,3.9714,237.9419,944.9619

8842.8320,3.9717,237.8654,944.7257

8843.8320,3.9716,237.8553,944.6779

8844.8330,3.9715,237.8887,944.7792

8845.8330,3.9715,237.8821,944.7585

8846.8320,3.9715,237.9051,944.8340

8847.8320,3.9715,237.8922,944.7877

8848.8320,3.9716,237.8787,944.7519

8849.8320,3.9715,237.8857,944.7625

8850.8320,3.9712,237.9577,944.9872

8851.8320,3.9712,237.9717,945.0215

8852.8320,3.9712,237.9885,945.0886

8853.8320,3.9715,237.8626,944.6801

8854.8320,3.9714,237.9349,944.9330

8855.8330,3.9713,237.9347,944.9174

8856.8320,3.9714,237.9413,944.9719

8857.8320,3.9715,237.8979,944.8226

8858.8320,3.9716,237.8566,944.6828

8859.8320,3.9715,237.8783,944.7445

8860.8320,3.9712,238.0056,945.1578

8861.8320,3.9712,237.9744,945.0500

8862.8320,3.9714,237.9335,944.9270

8863.8330,3.9713,237.9631,945.0158

8864.8320,3.9714,237.9382,944.9462

8865.8320,3.9712,237.9854,945.0787

8866.8320,3.9712,237.9673,945.0107

8867.8320,3.9716,237.8944,944.8099

8868.8320,3.9718,237.8261,944.5916

8869.8320,3.9717,237.8496,944.6643

8870.8320,3.9717,237.8421,944.6349

8871.8320,3.9716,237.8812,944.7595

8872.8320,3.9715,237.8824,944.7470

8873.8320,3.9715,237.8731,944.7023

8874.8320,3.9717,237.8475,944.6547

8875.8320,3.9718,237.8218,944.5715

8876.8320,3.9719,237.7763,944.4309

8877.8330,3.9721,237.7596,944.3974

8878.8320,3.9718,237.8209,944.5738

8879.8320,3.9722,237.7369,944.3294

8880.8320,3.9721,237.7566,944.3866

8881.8320,3.9718,237.8016,944.5019

8882.8320,3.9718,237.8279,944.6079

8883.8330,3.9717,237.8590,944.7033

8884.8330,3.9712,237.9607,944.9833

8885.8320,3.9714,237.9225,944.8888

8886.8320,3.9712,237.9814,945.0679

8887.8320,3.9711,238.0072,945.1546

8888.8320,3.9710,238.0208,945.1920

8889.8320,3.9710,238.0268,945.2039

8890.8320,3.9711,238.0047,945.1418

8891.8320,3.9710,238.0221,945.1843

8892.8320,3.9711,238.0225,945.2113

8893.8320,3.9711,238.0125,945.1613

8894.8320,3.9709,238.0424,945.2538

8895.8320,3.9712,238.0017,945.1467

8896.8320,3.9712,237.9648,945.0128

8897.8320,3.9714,237.9391,944.9484

8898.8320,3.9715,237.9063,944.8388

8899.8320,3.9713,237.9597,944.9995

8900.8320,3.9714,237.9473,944.9721

8901.8320,3.9712,237.9723,945.0461

8902.8320,3.9713,237.9378,944.9304

8903.8320,3.9715,237.9059,944.8389

8904.8320,3.9714,237.9416,944.9504

8905.8320,3.9712,237.9769,945.0438

8906.8320,3.9708,238.0777,945.3603

8907.8320,3.9710,238.0321,945.2218

8908.8320,3.9711,238.0028,945.1348

8909.8320,3.9712,237.9728,945.0484

8910.8320,3.9713,237.9396,944.9408

8911.8320,3.9715,237.8654,944.6908

8912.8330,3.9717,237.8505,944.6764

8913.8320,3.9715,237.8750,944.7299

8914.8320,3.9715,237.8906,944.7862

8915.8320,3.9715,237.8863,944.7665

8916.8320,3.9716,237.8789,944.7623

8917.8320,3.9716,237.8771,944.7597

8918.8320,3.9716,237.8728,944.7328

8919.8320,3.9717,237.8363,944.6222

8920.8320,3.9720,237.7801,944.4527

8921.8320,3.9720,237.7678,944.4088

8922.8320,3.9720,237.7738,944.4430

8923.8320,3.9721,237.7490,944.3632

8924.8320,3.9721,237.7458,944.3553

8925.8320,3.9721,237.7295,944.2881

8926.8320,3.9721,237.7320,944.3001

8927.8320,3.9722,237.7192,944.2689

8928.8320,3.9721,237.7547,944.3845

8929.8320,3.9721,237.7417,944.3383

8930.8330,3.9722,237.7166,944.2550

8931.8320,3.9722,237.7382,944.3327

8932.8330,3.9722,237.7031,944.2111

8933.8320,3.9722,237.7434,944.3611

8934.8320,3.9722,237.7083,944.2241

8935.8320,3.9725,237.6458,944.0488

8936.8320,3.9723,237.6907,944.1698

8937.8320,3.9721,237.7251,944.2670

8938.8320,3.9721,237.7460,944.3520

8939.8320,3.9721,237.7612,944.4011

8940.8320,3.9721,237.7591,944.4094

8941.8320,3.9720,237.7505,944.3499

8942.8320,3.9722,237.7201,944.2615

8943.8320,3.9723,237.7073,944.2361

8944.8320,3.9723,237.7039,944.2234

8945.8320,3.9723,237.6917,944.1732

8946.8320,3.9722,237.7355,944.3419

8947.8320,3.9724,237.6693,944.1284

8948.8330,3.9722,237.6973,944.1811

8949.8320,3.9722,237.7296,944.3152

8950.8320,3.9721,237.7089,944.1995

8951.8320,3.9724,237.6889,944.1893

8952.8320,3.9725,237.6403,944.0244

8953.8320,3.9725,237.6416,944.0308

8954.8320,3.9724,237.6753,944.1427

8955.8320,3.9721,237.7506,944.3724

8956.8330,3.9720,237.7662,944.4089

8957.8320,3.9720,237.7751,944.4414

8958.8330,3.9719,237.7767,944.4182

8959.8330,3.9712,237.9790,945.0722

8960.8320,3.9697,238.3733,946.2680

8961.8320,3.9699,238.3279,946.1354

8962.8320,3.9700,238.2862,946.0000

8963.8330,3.9704,238.2088,945.7879

8964.8320,3.9705,238.1578,945.6145

8965.8320,3.9707,238.1172,945.4901

8966.8320,3.9709,238.0665,945.3406

8967.8320,3.9709,238.0440,945.2605

8968.8330,3.9711,238.0179,945.1842

8969.8320,3.9713,237.9616,945.0159

8970.8320,3.9714,237.9234,944.8959

8971.8320,3.9713,237.9490,944.9616

8972.8320,3.9714,237.9640,945.0410

8973.8320,3.9715,237.8937,944.8030

8974.8320,3.9716,237.8794,944.7593

8975.8320,3.9715,237.9222,944.8973

8976.8320,3.9713,237.9529,944.9736

8977.8320,3.9713,237.9550,944.9903

8978.8330,3.9714,237.9440,944.9651

8979.8320,3.9712,237.9665,945.0035

8980.8320,3.9713,237.9657,945.0429

8981.8320,3.9714,237.9367,944.9489

8982.8330,3.9715,237.9223,944.9012

8983.8320,3.9715,237.8929,944.7975

8984.8320,3.9716,237.8765,944.7550

8985.8320,3.9717,237.8470,944.6521

8986.8320,3.9717,237.8519,944.6788

8987.8320,3.9715,237.8801,944.7462

8988.8320,3.9716,237.8913,944.7989

8989.8320,3.9718,237.8226,944.5908

8990.8320,3.9719,237.8039,944.5340

8991.8330,3.9719,237.8000,944.5215

8992.8320,3.9720,237.7817,944.4709

8993.8320,3.9723,237.7027,944.2254

8994.8320,3.9721,237.7718,944.4419

8995.8320,3.9721,237.7573,944.3857

8996.8320,3.9718,237.8225,944.5809

8997.8320,3.9719,237.8025,944.5263

8998.8320,3.9722,237.7297,944.3034

8999.8320,3.9718,237.8247,944.6004

9000.8320,3.9717,237.8485,944.6648

9001.8320,3.9715,237.8792,944.7443

9002.8320,3.9717,237.8781,944.7890

9003.8320,3.9714,237.9290,944.9157

9004.8320,3.9714,237.9524,944.9947

9005.8320,3.9715,237.9249,944.9091

9006.8320,3.9715,237.9200,944.8889

9007.8320,3.9714,237.9442,944.9709

9008.8320,3.9710,238.0410,945.2521

9009.8320,3.9708,238.0855,945.4003

9010.8320,3.9709,238.0777,945.3734

9011.8320,3.9710,238.0241,945.1921

9012.8320,3.9712,237.9940,945.1201

9013.8320,3.9711,237.9803,945.0535

9014.8320,3.9715,237.9170,944.8840

9015.8330,3.9715,237.8986,944.8210

9016.8330,3.9714,237.9306,944.9155

9017.8320,3.9713,237.9404,944.9425

9018.8320,3.9715,237.9359,944.9561

9019.8330,3.9714,237.9212,944.8917

9020.8330,3.9709,238.0589,945.2996

9021.8320,3.9712,237.9933,945.1200

9022.8330,3.9714,237.9322,944.9335

9023.8320,3.9713,237.9440,944.9560

9024.8320,3.9713,237.9566,945.0068

9025.8320,3.9714,237.9318,944.9293

9026.8330,3.9710,238.0152,945.1608

9027.8320,3.9686,238.6428,947.0710

9028.8320,3.9694,238.4814,946.6180

9029.8320,3.9705,238.2045,945.7953

9030.8320,3.9706,238.1472,945.5766

9031.8330,3.9708,238.1029,945.4502

9032.8320,3.9708,238.0777,945.3605

9033.8320,3.9709,238.0692,945.3599

9034.8320,3.9711,238.0293,945.2307

9035.8320,3.9710,238.0373,945.2386

9036.8320,3.9710,238.0429,945.2673

9037.8320,3.9713,237.9830,945.0926

9038.8320,3.9713,237.9723,945.0569

9039.8330,3.9714,237.9390,944.9538

9040.8320,3.9713,237.9644,945.0177

9041.8320,3.9713,237.9834,945.1019

9042.8320,3.9714,237.9392,944.9583

9043.8320,3.9715,237.9217,944.9126

9044.8320,3.9713,237.9822,945.0949

9045.8320,3.9709,238.0435,945.2533

9046.8320,3.9711,238.0256,945.2315

9047.8320,3.9712,237.9915,945.1105

9048.8320,3.9712,238.0062,945.1630

9049.8320,3.9710,238.0560,945.3092

9050.8320,3.9708,238.1040,945.4566

9051.8320,3.9709,238.0900,945.4278

9052.8320,3.9709,238.0824,945.4018

9053.8320,3.9707,238.1382,945.5693

9054.8320,3.9711,238.0272,945.2324

9055.8320,3.9711,238.0271,945.2246

9056.8320,3.9710,238.0742,945.3864

9057.8320,3.9705,238.1650,945.6453

9058.8320,3.9705,238.1704,945.6600

9059.8330,3.9705,238.1725,945.6739

9060.8320,3.9706,238.1198,945.4829

9061.8320,3.9706,238.1578,945.6322

9062.8330,3.9707,238.1191,945.5078

9063.8320,3.9710,238.0670,945.3644

9064.8320,3.9708,238.0952,945.4330

9065.8330,3.9708,238.1096,945.4814

9066.8330,3.9707,238.1256,945.5163

9067.8320,3.9707,238.1377,945.5699

9068.8320,3.9708,238.1338,945.5700

9069.8320,3.9707,238.1317,945.5437

9070.8320,3.9707,238.1218,945.5162

9071.8320,3.9708,238.1094,945.4801

9072.8320,3.9708,238.1157,945.4989

9073.8320,3.9708,238.1078,945.4878

9074.8320,3.9710,238.0588,945.3340

9075.8320,3.9710,238.0468,945.2869

9076.8320,3.9710,238.0591,945.3362

9077.8320,3.9709,238.0781,945.3900

9078.8320,3.9711,238.0213,945.2052

9079.8320,3.9712,238.0028,945.1520

9080.8320,3.9713,237.9828,945.0998

9081.8320,3.9712,238.0059,945.1723

9082.8320,3.9712,237.9888,945.0986

9083.8320,3.9713,237.9869,945.1088

9084.8320,3.9714,237.9641,945.0467

9085.8320,3.9714,237.9639,945.0511

9086.8320,3.9714,237.9355,944.9407

9087.8320,3.9716,237.9179,944.9056

9088.8320,3.9715,237.9140,944.8802

9089.8320,3.9715,237.9129,944.8812

9090.8320,3.9715,237.9202,944.9089

9091.8320,3.9716,237.8843,944.7870

9092.8320,3.9717,237.8832,944.7971

9093.8320,3.9717,237.8816,944.7870

9094.8320,3.9721,237.7992,944.5512

9095.8330,3.9723,237.7352,944.3467

9096.8320,3.9720,237.8194,944.6075

9097.8320,3.9717,237.8559,944.6939

9098.8320,3.9716,237.9031,944.8621

9099.8320,3.9715,237.9360,944.9598

9100.8320,3.9714,237.9570,945.0143

9101.8320,3.9716,237.9225,944.9378

9102.8320,3.9716,237.9102,944.8762

9103.8320,3.9716,237.9061,944.8738

9104.8320,3.9717,237.9205,944.9406

9105.8330,3.9715,237.8901,944.7918

9106.8330,3.9718,237.8941,944.8688

9107.8330,3.9715,237.9070,944.8568

9108.8320,3.9717,237.8872,944.8133

9109.8320,3.9716,237.8933,944.8080

9110.8320,3.9715,237.9319,944.9403

9111.8320,3.9716,237.9155,944.8963

9112.8320,3.9717,237.8966,944.8434

9113.8320,3.9717,237.8751,944.7708

9114.8320,3.9717,237.8812,944.8043

9115.8320,3.9718,237.8554,944.7041

9116.8320,3.9716,237.9021,944.8540

9117.8320,3.9714,237.9117,944.8520

9118.8330,3.9717,237.8751,944.7798

9119.8330,3.9717,237.8773,944.7872

9120.8320,3.9719,237.8533,944.7306

9121.8320,3.9718,237.8433,944.6705

9122.8320,3.9718,237.8643,944.7388

9123.8320,3.9717,237.8841,944.7959

9124.8320,3.9716,237.8793,944.7713

9125.8320,3.9716,237.8919,944.8228

9126.8320,3.9716,237.9188,944.9208

9127.8320,3.9716,237.8977,944.8370

9128.8330,3.9717,237.8806,944.7888

9129.8320,3.9716,237.8956,944.8231

9130.8320,3.9717,237.9257,944.9586

9131.8320,3.9715,237.9567,945.0353

9132.8320,3.9716,237.9202,944.9190

9133.8320,3.9717,237.8746,944.7720

9134.8330,3.9719,237.8175,944.5822

9135.8320,3.9719,237.8510,944.7151

9136.8320,3.9718,237.8639,944.7497

9137.8330,3.9717,237.8776,944.7743

9138.8320,3.9716,237.8893,944.8120

9139.8320,3.9718,237.8849,944.8381

9140.8320,3.9717,237.8835,944.8064

9141.8320,3.9717,237.8901,944.8389

9142.8320,3.9717,237.8753,944.7795

9143.8320,3.9718,237.8874,944.8394

9144.8320,3.9716,237.8918,944.8151

9145.8320,3.9719,237.8222,944.6112

9146.8320,3.9720,237.8139,944.6049

9147.8320,3.9719,237.8382,944.6586

9148.8320,3.9720,237.8247,944.6465

9149.8320,3.9719,237.7969,944.5171

9150.8330,3.9722,237.7683,944.4686

9151.8320,3.9717,237.8496,944.6694

9152.8330,3.9721,237.8215,944.6446

9153.8320,3.9719,237.8184,944.5974

9154.8320,3.9721,237.7936,944.5308

9155.8320,3.9722,237.7624,944.4311

9156.8330,3.9722,237.7752,944.4801

9157.8320,3.9719,237.8323,944.6500

9158.8320,3.9721,237.8114,944.6081

9159.8320,3.9722,237.7863,944.5282

9160.8320,3.9721,237.7821,944.5037

9161.8320,3.9721,237.7901,944.5184

9162.8320,3.9721,237.7930,944.5395

9163.8320,3.9721,237.7799,944.4916

9164.8320,3.9724,237.7222,944.3281

9165.8320,3.9724,237.7142,944.3017

9166.8330,3.9724,237.7252,944.3380

9167.8320,3.9723,237.7523,944.4237

9168.8320,3.9723,237.7499,944.4151

9169.8320,3.9724,237.7297,944.3573

9170.8320,3.9723,237.7519,944.4282

9171.8320,3.9723,237.7591,944.4544

9172.8320,3.9725,237.7232,944.3508

9173.8320,3.9725,237.7196,944.3433

9174.8320,3.9725,237.7086,944.2916

9175.8320,3.9726,237.6839,944.2216

9176.8320,3.9727,237.6456,944.0955

9177.8320,3.9726,237.6566,944.1260

9178.8320,3.9726,237.6884,944.2371

9179.8320,3.9727,237.6564,944.1361

9180.8330,3.9728,237.6438,944.1219

9181.8320,3.9729,237.6173,944.0196

9182.8320,3.9725,237.6952,944.2378

9183.8320,3.9725,237.7050,944.2777

9184.8320,3.9725,237.7089,944.2975

9185.8320,3.9727,237.6267,944.0281

9186.8320,3.9727,237.6108,943.9634

9187.8320,3.9726,237.6833,944.2196

9188.8320,3.9724,237.7212,944.3133

9189.8320,3.9721,237.7639,944.4312

9190.8320,3.9725,237.7102,944.2962

9191.8330,3.9726,237.6765,944.1848

9192.8320,3.9723,237.7334,944.3438

9193.8320,3.9721,237.8098,944.6108

9194.8320,3.9721,237.7935,944.5330

9195.8320,3.9720,237.8348,944.6873

9196.8320,3.9718,237.8709,944.7713

9197.8320,3.9707,238.1602,945.6719

9198.8330,3.9713,238.0050,945.2002

9199.8320,3.9716,237.9293,944.9520

9200.8320,3.9719,237.8712,944.8011

9201.8320,3.9719,237.8306,944.6458

9202.8320,3.9718,237.8886,944.8543

9203.8320,3.9718,237.8676,944.7698

9204.8330,3.9717,237.8984,944.8706

9205.8320,3.9718,237.8765,944.8075

9206.8320,3.9720,237.8358,944.6889

9207.8330,3.9721,237.8207,944.6368

9208.8320,3.9718,237.8807,944.8056

9209.8320,3.9718,237.8908,944.8511

9210.8320,3.9720,237.8392,944.6889

9211.8320,3.9715,237.9470,945.0176

9212.8320,3.9720,237.8402,944.7040

9213.8320,3.9724,237.7480,944.4223

9214.8320,3.9724,237.7379,944.3905

9215.8320,3.9727,237.6777,944.2193

9216.8320,3.9726,237.6788,944.2123

9217.8320,3.9727,237.6531,944.1308

9218.8320,3.9727,237.6493,944.1058

9219.8320,3.9725,237.6669,944.1434

9220.8330,3.9728,237.6587,944.1630

9221.8320,3.9728,237.6283,944.0518

9222.8320,3.9726,237.6686,944.1554

9223.8320,3.9726,237.6845,944.2291

9224.8320,3.9723,237.7515,944.4221

9225.8320,3.9723,237.7353,944.3630

9226.8320,3.9728,237.6514,944.1346

9227.8330,3.9726,237.6663,944.1495

9228.8320,3.9728,237.6521,944.1422

9229.8320,3.9726,237.6723,944.1831

9230.8330,3.9727,237.6509,944.1170

9231.8320,3.9728,237.6474,944.1347

9232.8320,3.9727,237.6441,944.0816

9233.8320,3.9729,237.5948,943.9350

9234.8320,3.9727,237.6695,944.1882

9235.8320,3.9726,237.6934,944.2531

9236.8320,3.9720,237.8395,944.6949

9237.8320,3.9723,237.7698,944.4849

9238.8320,3.9724,237.7123,944.2944

9239.8320,3.9723,237.7736,944.5075

9240.8330,3.9725,237.7213,944.3492

9241.8320,3.9724,237.7358,944.3775

9242.8320,3.9722,237.7640,944.4393

9243.8320,3.9723,237.7898,944.5680

9244.8330,3.9720,237.8247,944.6373

9245.8320,3.9718,237.8775,944.8137

9246.8320,3.9719,237.8506,944.7240

9247.8320,3.9720,237.8295,944.6597

9248.8320,3.9719,237.8611,944.7682

9249.8320,3.9720,237.8303,944.6653

9250.8320,3.9724,237.7591,944.4661

9251.8320,3.9726,237.6603,944.1374

9252.8320,3.9726,237.6841,944.2225

9253.8320,3.9726,237.6772,944.1871

9254.8320,3.9724,237.7265,944.3553

9255.8320,3.9725,237.6955,944.2431

9256.8320,3.9723,237.7300,944.3454

9257.8320,3.9722,237.7871,944.5270

9258.8320,3.9720,237.8311,944.6641

9259.8320,3.9722,237.7781,944.5020

9260.8320,3.9723,237.7538,944.4269

9261.8320,3.9723,237.7403,944.3834

9262.8320,3.9721,237.7983,944.5555

9263.8330,3.9721,237.7870,944.5225

9264.8320,3.9726,237.6301,944.0089

9265.8320,3.9729,237.6178,944.0270

9266.8320,3.9726,237.6538,944.1000

9267.8320,3.9726,237.6714,944.1805

9268.8320,3.9727,237.6404,944.0729

9269.8320,3.9726,237.6781,944.2035

9270.8320,3.9723,237.7476,944.4079

9271.8320,3.9726,237.6786,944.1995

9272.8320,3.9727,237.6543,944.1184

9273.8320,3.9727,237.6581,944.1339

9274.8320,3.9728,237.6481,944.1186

9275.8320,3.9727,237.6463,944.0967

9276.8320,3.9725,237.7017,944.2597

9277.8320,3.9722,237.7915,944.5488

9278.8320,3.9718,237.8945,944.8596

9279.8330,3.9717,237.9134,944.9208

9280.8330,3.9715,237.9439,945.0041

9281.8320,3.9714,237.9755,945.1078

9282.8320,3.9714,237.9871,945.1478

9283.8320,3.9714,238.0005,945.1953

9284.8320,3.9716,237.9446,945.0217

9285.8320,3.9715,237.9492,945.0148

9286.8320,3.9717,237.9295,944.9743

9287.8320,3.9720,237.8248,944.6333

9288.8320,3.9722,237.7852,944.5279

9289.8320,3.9722,237.7614,944.4363

9290.8320,3.9720,237.8244,944.6400

9291.8320,3.9722,237.8124,944.6318

9292.8330,3.9704,238.2101,945.7986

9293.8320,3.9704,238.2759,946.0458

9294.8320,3.9705,238.1977,945.7714

9295.8320,3.9705,238.2547,945.9837

9296.8320,3.9708,238.1621,945.6912

9297.8320,3.9713,238.0044,945.1962

9298.8320,3.9718,237.9004,944.8953

9299.8320,3.9715,237.9561,945.0476

9300.8330,3.9714,238.0118,945.2427

9301.8320,3.9714,237.9997,945.1962

9302.8320,3.9715,237.9743,945.1030

9303.8320,3.9715,237.9721,945.0973

9304.8320,3.9717,237.9280,944.9812

9305.8320,3.9714,238.0093,945.2236

9306.8320,3.9716,237.9464,945.0275

9307.8320,3.9716,237.9298,944.9711

9308.8320,3.9715,237.9621,945.0666

9309.8320,3.9714,237.9804,945.1099

9310.8320,3.9712,238.0200,945.2323

9311.8320,3.9716,237.9452,945.0279

9312.8320,3.9716,237.9239,944.9413

9313.8320,3.9716,237.9417,945.0039

9314.8320,3.9713,238.0115,945.2222

9315.8320,3.9712,238.0549,945.3592

9316.8320,3.9711,238.0664,945.3907

9317.8320,3.9712,238.0480,945.3299

9318.8320,3.9711,238.0589,945.3660

9319.8320,3.9712,238.0506,945.3448

9320.8320,3.9712,238.0679,945.4034

9321.8320,3.9712,238.0410,945.3161

9322.8320,3.9713,238.0121,945.2134

9323.8320,3.9714,237.9987,945.1766

9324.8320,3.9716,237.9439,945.0203

9325.8330,3.9716,237.9534,945.0465

9326.8330,3.9715,237.9537,945.0232

9327.8320,3.9714,237.9965,945.1853

9328.8320,3.9712,238.0340,945.2813

9329.8320,3.9712,238.0465,945.3314

9330.8320,3.9713,238.0071,945.2089

9331.8320,3.9714,238.0068,945.2148

9332.8320,3.9715,237.9637,945.0782

9333.8320,3.9717,237.9029,944.8851

9334.8320,3.9715,237.9618,945.0690

9335.8320,3.9714,237.9708,945.0762

9336.8320,3.9719,237.8867,944.8524

9337.8320,3.9713,238.0046,945.1953

9338.8320,3.9711,238.0581,945.3491

9339.8320,3.9714,237.9909,945.1541

9340.8320,3.9714,237.9856,945.1452

9341.8320,3.9714,237.9783,945.1115

9342.8320,3.9719,237.8651,944.7719

9343.8320,3.9715,237.9563,945.0545

9344.8320,3.9714,237.9910,945.1470

9345.8320,3.9705,238.2169,945.8328

9346.8320,3.9685,238.7468,947.4551

9347.8320,3.9688,238.6825,947.2792

9348.8320,3.9689,238.6296,947.1072

9349.8320,3.9691,238.5739,946.9311

9350.8320,3.9694,238.5105,946.7521

9351.8320,3.9694,238.4995,946.7076

9352.8320,3.9696,238.4590,946.5942

9353.8320,3.9699,238.3450,946.2132

9354.8320,3.9701,238.3293,946.2008

9355.8320,3.9698,238.3933,946.3749

9356.8320,3.9698,238.4178,946.4778

9357.8330,3.9699,238.3728,946.3248

9358.8320,3.9699,238.3580,946.2542

9359.8320,3.9698,238.4235,946.4923

9360.8320,3.9698,238.3933,946.3844

9361.8320,3.9702,238.3018,946.1058

9362.8320,3.9702,238.2926,946.0714

9363.8320,3.9701,238.3552,946.2947

9364.8320,3.9702,238.3368,946.2464

9365.8320,3.9698,238.4248,946.5016

9366.8320,3.9703,238.3091,946.1614

9367.8330,3.9704,238.2671,946.0268

9368.8330,3.9706,238.2345,945.9279

9369.8320,3.9706,238.2228,945.8965

9370.8320,3.9707,238.2041,945.8282

9371.8320,3.9707,238.1869,945.7613

9372.8320,3.9708,238.1899,945.7932

9373.8320,3.9711,238.1018,945.5169

9374.8320,3.9709,238.1111,945.5268

9375.8320,3.9711,238.0828,945.4489

9376.8320,3.9711,238.0784,945.4216

9377.8320,3.9708,238.1561,945.6668

9378.8320,3.9706,238.1859,945.7497

9379.8330,3.9708,238.1728,945.7405

9380.8320,3.9708,238.1383,945.5999

9381.8320,3.9709,238.1360,945.6124

9382.8320,3.9711,238.0736,945.4239

9383.8320,3.9711,238.0758,945.4114

9384.8320,3.9713,238.0358,945.3165

9385.8320,3.9711,238.1066,945.5389

9386.8320,3.9706,238.2251,945.8981

9387.8320,3.9707,238.1986,945.8232

9388.8320,3.9708,238.1552,945.6637

9389.8320,3.9709,238.2007,945.8661

9390.8320,3.9704,238.2150,945.7990

9391.8320,3.9708,238.1687,945.7103

9392.8320,3.9707,238.1826,945.7441

9393.8320,3.9709,238.1469,945.6553

9394.8320,3.9711,238.0701,945.3966

9395.8320,3.9710,238.1200,945.5643

9396.8320,3.9712,238.0487,945.3443

9397.8320,3.9710,238.1122,945.5367

9398.8320,3.9706,238.2021,945.8009

9399.8320,3.9707,238.1903,945.7906

9400.8320,3.9705,238.2374,945.9198

9401.8320,3.9708,238.1631,945.6880

9402.8320,3.9709,238.1369,945.6097

9403.8320,3.9709,238.1385,945.6326

9404.8320,3.9709,238.1403,945.6223

9405.8320,3.9709,238.1305,945.5938

9406.8320,3.9708,238.1388,945.6116

9407.8320,3.9709,238.1445,945.6477

9408.8320,3.9710,238.0981,945.4808

9409.8320,3.9709,238.1134,945.5265

9410.8320,3.9709,238.1303,945.5911

9411.8320,3.9708,238.1587,945.6853

9412.8320,3.9712,238.0646,945.3983

9413.8320,3.9713,238.0412,945.3272

9414.8330,3.9711,238.0426,945.2987

9415.8330,3.9711,238.0790,945.4463

9416.8320,3.9711,238.0927,945.4781

9417.8320,3.9712,238.0838,945.4815

9418.8320,3.9712,238.0262,945.2552

9419.8320,3.9712,238.0627,945.4059

9420.8320,3.9712,238.0462,945.3330

9421.8320,3.9711,238.0722,945.4078

9422.8330,3.9709,238.1358,945.6184

9423.8320,3.9710,238.1182,945.5635

9424.8320,3.9711,238.0987,945.5028

9425.8320,3.9707,238.1607,945.6717

9426.8320,3.9707,238.1337,945.5612

9427.8320,3.9712,238.1222,945.6304

9428.8320,3.9712,238.1161,945.6009

9429.8320,3.9707,238.2039,945.8332

9430.8320,3.9709,238.1407,945.6412

9431.8320,3.9711,238.1138,945.5618

9432.8320,3.9711,238.1058,945.5333

9433.8320,3.9710,238.1275,945.6035

9434.8320,3.9712,238.0890,945.4880

9435.8320,3.9711,238.0866,945.4622

9436.8330,3.9711,238.0816,945.4522

9437.8320,3.9712,238.0609,945.3932

9438.8320,3.9715,237.9736,945.1168

9439.8320,3.9713,238.0178,945.2502

9440.8320,3.9716,237.9482,945.0336

9441.8320,3.9717,237.9360,945.0157

9442.8320,3.9716,237.9393,945.0018

9443.8320,3.9717,237.9343,945.0076

9444.8330,3.9716,237.9688,945.1131

9445.8320,3.9718,237.9060,944.9226

9446.8320,3.9721,237.8405,944.7218

9447.8320,3.9721,237.8368,944.7147

9448.8320,3.9722,237.8076,944.6175

9449.8320,3.9721,237.8136,944.6286

9450.8320,3.9721,237.8344,944.6980

9451.8320,3.9722,237.8049,944.6060

9452.8320,3.9721,237.8053,944.5935

9453.8330,3.9721,237.8355,944.7143

9454.8320,3.9721,237.8131,944.6276

9455.8320,3.9721,237.8070,944.5993

9456.8320,3.9723,237.7794,944.5286

9457.8320,3.9723,237.7750,944.5107

9458.8320,3.9724,237.7718,944.5138

9459.8320,3.9722,237.8135,944.6451

9460.8320,3.9722,237.7930,944.5643

9461.8320,3.9722,237.8155,944.6478

9462.8320,3.9722,237.8021,944.5963

9463.8320,3.9721,237.8294,944.6735

9464.8320,3.9719,237.8853,944.8569

9465.8320,3.9718,237.9193,944.9615

9466.8320,3.9718,237.9279,944.9914

9467.8330,3.9719,237.8864,944.8527

9468.8320,3.9720,237.8688,944.8121

9469.8320,3.9720,237.8512,944.7552

9470.8320,3.9722,237.8111,944.6444

9471.8320,3.9721,237.8248,944.6738

9472.8320,3.9722,237.8127,944.6305

9473.8320,3.9723,237.7886,944.5732

9474.8320,3.9724,237.7543,944.4583

9475.8320,3.9725,237.7417,944.4285

9476.8320,3.9725,237.7440,944.4458

9477.8320,3.9725,237.7467,944.4451

9478.8320,3.9728,237.6820,944.2519

9479.8320,3.9725,237.7296,944.3811

9480.8320,3.9726,237.7224,944.3730

9481.8320,3.9725,237.7430,944.4273

9482.8320,3.9727,237.6953,944.2891

9483.8320,3.9726,237.7118,944.3299

9484.8320,3.9728,237.6700,944.2075

9485.8320,3.9724,237.7593,944.4778

9486.8320,3.9724,237.7759,944.5463

9487.8320,3.9723,237.7683,944.4927

9488.8320,3.9725,237.7226,944.3603

9489.8320,3.9724,237.7593,944.4739

9490.8320,3.9725,237.7685,944.5240

9491.8320,3.9724,237.7668,944.5052

9492.8320,3.9724,237.7453,944.4264

9493.8330,3.9724,237.7433,944.4210

9494.8320,3.9727,237.6804,944.2319

9495.8320,3.9725,237.7295,944.3881

9496.8320,3.9726,237.7233,944.3913

9497.8320,3.9728,237.6440,944.1108

9498.8320,3.9721,237.8240,944.6611

9499.8320,3.9719,237.8593,944.7615

9500.8320,3.9720,237.8514,944.7422

9501.8320,3.9721,237.8265,944.6758

9502.8330,3.9722,237.8240,944.6859

9503.8320,3.9723,237.7790,944.5345

9504.8320,3.9724,237.7729,944.5315

9505.8320,3.9723,237.7779,944.5159

9506.8320,3.9724,237.7603,944.4777

9507.8320,3.9724,237.7470,944.4345

9508.8320,3.9723,237.7673,944.4849

9509.8320,3.9724,237.7519,944.4526

9510.8320,3.9724,237.7528,944.4419

9511.8320,3.9724,237.7646,944.4964

9512.8320,3.9726,237.7463,944.4622

9513.8320,3.9725,237.7397,944.4224

9514.8320,3.9724,237.7665,944.5109

9515.8320,3.9726,237.7367,944.4225

9516.8320,3.9725,237.7293,944.3867

9517.8320,3.9726,237.7177,944.3492

9518.8320,3.9727,237.7030,944.3266

9519.8320,3.9726,237.6970,944.2852

9520.8320,3.9725,237.7520,944.4644

9521.8320,3.9725,237.7445,944.4507

9522.8320,3.9725,237.7342,944.4049

9523.8320,3.9725,237.7327,944.3863

9524.8320,3.9727,237.6985,944.2975

9525.8320,3.9726,237.6836,944.2332

9526.8320,3.9727,237.6783,944.2278

9527.8320,3.9727,237.6864,944.2524

9528.8320,3.9727,237.6870,944.2474

9529.8320,3.9727,237.6645,944.1752

9530.8320,3.9728,237.6649,944.1996

9531.8320,3.9727,237.6717,944.1923

9532.8320,3.9725,237.7001,944.2721

9533.8320,3.9727,237.7072,944.3426

9534.8330,3.9726,237.6674,944.1546

9535.8330,3.9729,237.6454,944.1409

9536.8320,3.9726,237.6782,944.2117

9537.8320,3.9728,237.6793,944.2426

9538.8320,3.9728,237.6611,944.1883

9539.8320,3.9728,237.6367,944.0830

9540.8320,3.9727,237.6414,944.0878

9541.8320,3.9728,237.6406,944.0933

9542.8320,3.9727,237.6887,944.2736

9543.8330,3.9726,237.6730,944.1786

9544.8320,3.9725,237.7375,944.4143

9545.8320,3.9725,237.7325,944.3876

9546.8320,3.9725,237.6917,944.2403

9547.8320,3.9725,237.7100,944.2924

9548.8320,3.9721,237.8085,944.6110

9549.8320,3.9714,237.9998,945.1928

9550.8320,3.9714,238.0044,945.2111

9551.8320,3.9714,238.0053,945.2251

9552.8320,3.9720,237.8691,944.8050

9553.8320,3.9720,237.8645,944.7954

9554.8330,3.9721,237.8474,944.7423

9555.8320,3.9720,237.8570,944.7767

9556.8330,3.9718,237.8903,944.8584

9557.8330,3.9720,237.8844,944.8653

9558.8320,3.9721,237.8313,944.6791

9559.8320,3.9724,237.7494,944.4368

9560.8320,3.9720,237.8473,944.7327

9561.8330,3.9718,237.9057,944.9102

9562.8320,3.9720,237.8591,944.7767

9563.8320,3.9717,237.9211,944.9397

9564.8320,3.9717,237.9339,945.0130

9565.8320,3.9716,237.9962,945.2273

9566.8320,3.9715,237.9841,945.1471

9567.8320,3.9713,238.0174,945.2478

9568.8320,3.9716,237.9682,945.1136

9569.8320,3.9717,237.9657,945.1240

9570.8320,3.9710,238.0901,945.4625

9571.8320,3.9701,238.3491,946.2765

9572.8320,3.9707,238.2263,945.9229

9573.8320,3.9706,238.2079,945.8373

9574.8320,3.9709,238.1411,945.6400

9575.8320,3.9710,238.1174,945.5631

9576.8320,3.9709,238.1503,945.6624

9577.8320,3.9710,238.1383,945.6472

9578.8320,3.9709,238.1455,945.6474

9579.8320,3.9709,238.1547,945.6859

9580.8320,3.9710,238.1190,945.5744

9581.8320,3.9711,238.0927,945.4864

9582.8320,3.9711,238.0630,945.3765

9583.8320,3.9715,237.9960,945.1943

9584.8320,3.9714,238.0105,945.2436

9585.8320,3.9711,238.0694,945.4091

9586.8320,3.9713,238.0520,945.3745

9587.8330,3.9714,238.0217,945.2721

9588.8320,3.9715,238.0173,945.2863

9589.8320,3.9713,237.9955,945.1613

9590.8320,3.9716,237.9705,945.1225

9591.8320,3.9714,237.9866,945.1491

9592.8320,3.9715,238.0066,945.2507

9593.8320,3.9715,237.9763,945.1228

9594.8320,3.9717,237.9553,945.0816

9595.8320,3.9715,237.9705,945.0918

9596.8320,3.9714,237.9772,945.1038

9597.8320,3.9718,237.9486,945.0725

9598.8320,3.9716,238.0037,945.2633

9599.8320,3.9716,237.9896,945.1999

9600.8320,3.9719,237.9207,944.9963

9601.8320,3.9717,237.9347,945.0140

9602.8320,3.9716,237.9483,945.0435

9603.8320,3.9718,237.9284,945.0058

9604.8320,3.9720,237.8978,944.9191

9605.8320,3.9719,237.8812,944.8438

9606.8330,3.9718,237.9131,944.9446

9607.8320,3.9714,238.0134,945.2489

9608.8320,3.9697,238.4297,946.5015

9609.8320,3.9704,238.2986,946.1302

9610.8320,3.9710,238.1412,945.6506

9611.8320,3.9712,238.1013,945.5423

9612.8330,3.9712,238.0438,945.3245

9613.8320,3.9713,238.0552,945.3898

9614.8320,3.9713,238.0581,945.3930

9615.8320,3.9712,238.0832,945.4694

9616.8320,3.9710,238.1276,945.6156

9617.8320,3.9710,238.1178,945.5649

9618.8320,3.9710,238.1643,945.7398

9619.8320,3.9708,238.1904,945.8041

9620.8320,3.9706,238.2418,945.9617

9621.8320,3.9706,238.2282,945.9171

9622.8320,3.9709,238.1528,945.6807

9623.8320,3.9709,238.1743,945.7562

9624.8320,3.9710,238.1279,945.6041

9625.8320,3.9713,238.0794,945.4782

9626.8320,3.9714,238.0434,945.3625

9627.8320,3.9714,238.0299,945.3152

9628.8320,3.9718,237.9442,945.0573

9629.8320,3.9719,237.8936,944.8931

9630.8320,3.9718,237.9203,944.9796

9631.8320,3.9717,237.9179,944.9483

9632.8320,3.9716,237.9924,945.2084

9633.8320,3.9715,237.9975,945.2003

9634.8320,3.9716,237.9944,945.2075

9635.8320,3.9714,238.0195,945.2703

9636.8320,3.9714,238.0163,945.2598

9637.8320,3.9714,238.0099,945.2340

9638.8320,3.9713,238.0531,945.3778

9639.8320,3.9710,238.0920,945.4736

9640.8320,3.9713,238.0502,945.3750

9641.8320,3.9710,238.1046,945.5207

9642.8320,3.9711,238.1162,945.5800

9643.8320,3.9711,238.0754,945.4315

9644.8330,3.9711,238.1024,945.5272

9645.8330,3.9706,238.2228,945.8940

9646.8330,3.9706,238.2219,945.8882

9647.8320,3.9707,238.2339,945.9472

9648.8320,3.9706,238.2188,945.8759

9649.8320,3.9712,238.0788,945.4636

9650.8320,3.9713,238.0453,945.3442

9651.8320,3.9713,238.0685,945.4451

9652.8320,3.9713,238.0545,945.3924

9653.8320,3.9714,238.0302,945.3042

9654.8320,3.9714,238.0370,945.3411

9655.8320,3.9715,238.0168,945.2789

9656.8320,3.9714,238.0029,945.2125

9657.8320,3.9714,238.0166,945.2671

9658.8320,3.9713,238.0301,945.2991

9659.8330,3.9714,238.0274,945.2967

9660.8320,3.9712,238.0644,945.4129

9661.8320,3.9713,238.0576,945.3981

9662.8320,3.9712,238.0616,945.3931

9663.8320,3.9714,238.0295,945.3046

9664.8320,3.9713,238.0365,945.3214

9665.8320,3.9712,238.0749,945.4410

9666.8320,3.9713,238.0533,945.3733

9667.8320,3.9714,238.0368,945.3293

9668.8330,3.9714,238.0348,945.3243

9669.8320,3.9712,238.0605,945.3951

9670.8320,3.9714,238.0394,945.3509

9671.8320,3.9715,237.9936,945.1864

9672.8320,3.9715,238.0053,945.2298

9673.8320,3.9716,237.9982,945.2231

9674.8320,3.9716,237.9707,945.1257

9675.8320,3.9715,237.9822,945.1408

9676.8320,3.9716,237.9779,945.1545

9677.8320,3.9715,237.9866,945.1714

9678.8320,3.9716,237.9473,945.0435

9679.8320,3.9714,238.0110,945.2487

9680.8320,3.9715,237.9879,945.1747

9681.8320,3.9716,237.9718,945.1257

9682.8320,3.9716,237.9587,945.0862

9683.8320,3.9714,237.9992,945.1993

9684.8320,3.9715,237.9930,945.1916

9685.8320,3.9715,237.9853,945.1667

9686.8320,3.9716,237.9513,945.0497

9687.8320,3.9717,237.9649,945.1245

9688.8320,3.9716,237.9466,945.0250

9689.8320,3.9716,237.9501,945.0505

9690.8320,3.9718,237.9368,945.0418

9691.8320,3.9718,237.9227,944.9779

9692.8320,3.9718,237.9125,944.9475

9693.8320,3.9717,237.9346,944.9976

9694.8320,3.9717,237.9220,944.9528

9695.8320,3.9718,237.9385,945.0362

9696.8320,3.9717,237.9184,944.9472

9697.8320,3.9717,237.9298,944.9966

9698.8330,3.9717,237.9556,945.0858

9699.8330,3.9716,237.9453,945.0304

9700.8320,3.9719,237.8928,944.8820

9701.8320,3.9718,237.9067,944.9201

9702.8320,3.9717,237.9363,945.0174

9703.8320,3.9717,237.9536,945.0697

9704.8320,3.9718,237.9108,944.9375

9705.8320,3.9719,237.8999,944.9133

9706.8320,3.9717,237.9266,944.9729

9707.8320,3.9717,237.9317,944.9929

9708.8320,3.9716,237.9495,945.0368

9709.8320,3.9715,237.9719,945.1168

9710.8320,3.9716,237.9801,945.1710

9711.8320,3.9717,237.9267,944.9712

9712.8320,3.9715,237.9875,945.1594

9713.8320,3.9713,238.0040,945.1795

9714.8320,3.9717,237.9896,945.2120

9715.8320,3.9714,238.0083,945.2172

9716.8320,3.9717,237.9766,945.1599

9717.8340,3.9715,237.9485,945.0228

9718.8330,3.9719,237.9247,945.0098

9719.8320,3.9714,237.9967,945.1768

9720.8330,3.9714,238.0312,945.3159

9721.8320,3.9713,238.0438,945.3539

9722.8320,3.9714,238.0076,945.2252

9723.8320,3.9714,238.0214,945.2674

9724.8320,3.9712,238.0810,945.4780

9725.8320,3.9711,238.0877,945.4659

9726.8320,3.9711,238.1162,945.5792

9727.8320,3.9711,238.0820,945.4592

9728.8320,3.9712,238.0631,945.4034

9729.8330,3.9713,238.0512,945.3615

9730.8320,3.9713,238.0567,945.4048

9731.8320,3.9714,238.0180,945.2547

9732.8320,3.9713,238.0404,945.3396

9733.8320,3.9712,238.0664,945.4168

9734.8320,3.9715,238.0097,945.2591

9735.8320,3.9715,237.9832,945.1565

9736.8320,3.9716,237.9746,945.1416

9737.8320,3.9715,238.0061,945.2443

9738.8320,3.9716,237.9694,945.1227

9739.8330,3.9716,237.9942,945.2100

9740.8320,3.9717,237.9595,945.0981

9741.8320,3.9717,237.9643,945.1150

9742.8330,3.9716,237.9798,945.1611

9743.8320,3.9715,237.9842,945.1530

9744.8320,3.9716,237.9853,945.1940

9745.8320,3.9715,237.9890,945.1826

9746.8320,3.9715,238.0174,945.2961

9747.8320,3.9714,238.0004,945.2047

9748.8320,3.9716,237.9792,945.1637

9749.8320,3.9715,238.0002,945.2231

9750.8320,3.9716,237.9918,945.2088

9751.8320,3.9714,238.0273,945.3114

9752.8320,3.9713,238.0568,945.3934

9753.8320,3.9713,238.0727,945.4575

9754.8320,3.9713,238.0616,945.4131

9755.8320,3.9713,238.0590,945.4006

9756.8320,3.9715,238.0286,945.3237

9757.8320,3.9713,238.0544,945.3896

9758.8320,3.9715,238.0454,945.3993

9759.8320,3.9715,237.9882,945.1715

9760.8320,3.9718,237.9528,945.0936

9761.8320,3.9719,237.9213,944.9947

9762.8320,3.9719,237.9332,945.0381

9763.8320,3.9717,237.9617,945.1127

9764.8330,3.9716,237.9700,945.1323

9765.8320,3.9718,237.9215,944.9706

9766.8320,3.9720,237.9111,944.9830

9767.8320,3.9720,237.8976,944.9285

9768.8330,3.9722,237.8240,944.6830

9769.8320,3.9723,237.8101,944.6456

9770.8320,3.9718,237.9504,945.0824

9771.8320,3.9718,237.9396,945.0440

9772.8320,3.9720,237.8872,944.8786

9773.8320,3.9720,237.8928,944.9064

9774.8320,3.9719,237.9026,944.9307

9775.8320,3.9717,237.9538,945.0794

9776.8320,3.9697,238.4516,946.5760

9777.8320,3.9699,238.4442,946.5889

9778.8330,3.9703,238.3295,946.2316

9779.8320,3.9705,238.2613,946.0092

9780.8320,3.9707,238.2101,945.8645

9781.8320,3.9709,238.1795,945.7962

9782.8320,3.9710,238.1176,945.5644

9783.8320,3.9712,238.1014,945.5489

9784.8320,3.9709,238.1376,945.6303

9785.8320,3.9711,238.1184,945.6028

9786.8320,3.9712,238.0730,945.4311

9787.8320,3.9714,238.0466,945.3664

9788.8320,3.9712,238.0715,945.4366

9789.8320,3.9711,238.1077,945.5570

9790.8320,3.9712,238.0685,945.4202

9791.8320,3.9712,238.0722,945.4361

9792.8330,3.9712,238.0990,945.5309

9793.8320,3.9713,238.0794,945.4794

9794.8320,3.9712,238.0965,945.5365

9795.8320,3.9713,238.0519,945.3760

9796.8320,3.9713,238.0634,945.4284

9797.8330,3.9714,238.0317,945.3183

9798.8320,3.9709,238.1521,945.6860

9799.8320,3.9709,238.1759,945.7627

9800.8330,3.9709,238.1731,945.7598

9801.8330,3.9708,238.1920,945.8030

9802.8330,3.9710,238.1329,945.6220

9803.8320,3.9708,238.1756,945.7582

9804.8320,3.9711,238.1232,945.6161

9805.8320,3.9710,238.1225,945.5773

9806.8320,3.9709,238.1486,945.6654

9807.8320,3.9711,238.1303,945.6351

9808.8320,3.9711,238.1216,945.6004

9809.8320,3.9712,238.1041,945.5515

9810.8320,3.9713,238.0827,945.4879

9811.8320,3.9711,238.1155,945.5754

9812.8320,3.9712,238.0980,945.5345

9813.8320,3.9714,238.0554,945.4034

9814.8320,3.9714,238.0399,945.3488

9815.8320,3.9713,238.0519,945.3641

9816.8320,3.9712,238.0858,945.4800

9817.8320,3.9712,238.0876,945.4985

9818.8320,3.9713,238.0713,945.4555

9819.8320,3.9715,238.0045,945.2448

9820.8330,3.9715,238.0017,945.2281

9821.8320,3.9713,238.0700,945.4495

9822.8330,3.9712,238.0760,945.4400

9823.8320,3.9712,238.0948,945.5337

9824.8320,3.9713,238.0376,945.3219

9825.8320,3.9717,237.9657,945.1397

9826.8320,3.9714,238.0444,945.3623

9827.8330,3.9711,238.0973,945.5134

9828.8330,3.9715,238.0480,945.4012

9829.8320,3.9714,238.0358,945.3432

9830.8320,3.9709,238.1427,945.6443

9831.8320,3.9710,238.1627,945.7331

9832.8320,3.9711,238.1381,945.6592

9833.8320,3.9713,238.0626,945.4277

9834.8320,3.9712,238.0816,945.4636

9835.8320,3.9713,238.0864,945.5147

9836.8330,3.9712,238.0679,945.4200

9837.8320,3.9712,238.0809,945.4630

9838.8330,3.9712,238.0743,945.4463

9839.8320,3.9714,238.0879,945.5466

9840.8320,3.9711,238.0890,945.4855

9841.8320,3.9711,238.1380,945.6709

9842.8320,3.9711,238.0764,945.4289

9843.8330,3.9712,238.0944,945.5295

9844.8320,3.9717,238.0173,945.3242

9845.8320,3.9711,238.0799,945.4478

9846.8320,3.9711,238.1482,945.7000

9847.8320,3.9708,238.1600,945.6871

9848.8330,3.9709,238.1913,945.8232

9849.8320,3.9710,238.1627,945.7349

9850.8320,3.9709,238.1555,945.6976

9851.8320,3.9708,238.1759,945.7604

9852.8320,3.9709,238.1689,945.7410

9853.8320,3.9709,238.1551,945.6917

9854.8320,3.9709,238.1470,945.6684

9855.8320,3.9711,238.1296,945.6392

9856.8320,3.9711,238.1137,945.5652

9857.8320,3.9710,238.1640,945.7428

9858.8320,3.9711,238.1165,945.5790

9859.8320,3.9711,238.1077,945.5443

9860.8320,3.9709,238.1503,945.6781

9861.8320,3.9707,238.1878,945.7814

9862.8320,3.9710,238.1624,945.7363

9863.8330,3.9710,238.1278,945.6110

9864.8320,3.9712,238.1103,945.5859

9865.8320,3.9711,238.0917,945.4755

9866.8320,3.9711,238.1143,945.5700

9867.8320,3.9712,238.0889,945.4948

9868.8320,3.9712,238.0855,945.4757

9869.8320,3.9710,238.1454,945.6815

9870.8320,3.9709,238.1656,945.7375

9871.8320,3.9710,238.1337,945.6300

9872.8320,3.9711,238.1116,945.5638

9873.8330,3.9711,238.1188,945.5978

9874.8320,3.9711,238.1080,945.5550

9875.8320,3.9712,238.1008,945.5577

9876.8320,3.9711,238.0860,945.4727

9877.8320,3.9712,238.1048,945.5529

9878.8320,3.9710,238.1284,945.6140

9879.8320,3.9711,238.1220,945.6099

9880.8320,3.9710,238.1367,945.6521

9881.8320,3.9707,238.1933,945.8052

9882.8320,3.9706,238.2423,945.9626

9883.8320,3.9707,238.2145,945.8675

9884.8320,3.9706,238.2362,945.9481

9885.8320,3.9707,238.2256,945.9181

9886.8330,3.9708,238.1982,945.8332

9887.8320,3.9709,238.1641,945.7263

9888.8320,3.9711,238.1082,945.5473

9889.8320,3.9713,238.0814,945.4817

9890.8320,3.9712,238.0832,945.4786

9891.8330,3.9713,238.0817,945.4847

9892.8320,3.9713,238.0652,945.4287

9893.8320,3.9714,238.0428,945.3514

9894.8320,3.9715,238.0143,945.2854

9895.8320,3.9714,238.0407,945.3535

9896.8320,3.9716,238.0003,945.2328

9897.8320,3.9717,237.9527,945.0827

9898.8320,3.9718,237.9542,945.0974

9899.8320,3.9714,238.0334,945.3208

9900.8320,3.9718,237.9341,945.0215

9901.8320,3.9718,237.9554,945.1075

9902.8320,3.9713,238.0204,945.2602

9903.8320,3.9713,238.0558,945.3995

9904.8320,3.9713,238.0850,945.4961

9905.8320,3.9712,238.0769,945.4562

9906.8320,3.9713,238.0655,945.4270

9907.8320,3.9713,238.0698,945.4379

9908.8320,3.9711,238.1170,945.5926

9909.8320,3.9713,238.0553,945.3791

9910.8320,3.9714,238.0476,945.3899

9911.8330,3.9713,238.0802,945.4854

9912.8320,3.9713,238.0556,945.3974

9913.8320,3.9712,238.0759,945.4372

9914.8320,3.9713,238.0821,945.4870

9915.8320,3.9712,238.1211,945.6283

9916.8320,3.9712,238.0916,945.5103

9917.8320,3.9713,238.0560,945.3958

9918.8330,3.9711,238.1002,945.5276

9919.8320,3.9710,238.1320,945.6262

9920.8320,3.9710,238.1175,945.5694

9921.8320,3.9712,238.1152,945.5970

9922.8320,3.9711,238.1263,945.6296

9923.8320,3.9710,238.1347,945.6297

9924.8320,3.9712,238.0838,945.4748

9925.8320,3.9714,238.0434,945.3548

9926.8320,3.9715,238.0081,945.2416

9927.8320,3.9713,238.0572,945.4060

9928.8320,3.9710,238.1332,945.6323

9929.8330,3.9706,238.2549,946.0146

9930.8320,3.9706,238.2439,945.9702

9931.8320,3.9705,238.2635,946.0255

9932.8320,3.9706,238.2769,946.0951

9933.8320,3.9705,238.2574,946.0072

9934.8320,3.9707,238.2457,945.9903

9935.8320,3.9706,238.2403,945.9584

9936.8320,3.9707,238.2372,945.9749

9937.8320,3.9708,238.1897,945.8007

9938.8320,3.9712,238.1044,945.5666

9939.8320,3.9711,238.1120,945.5672

9940.8320,3.9714,238.0301,945.3043

9941.8320,3.9715,238.0208,945.3067

9942.8320,3.9715,238.0059,945.2372

9943.8320,3.9714,238.0158,945.2604

9944.8320,3.9715,238.0174,945.2793

9945.8320,3.9715,238.0174,945.2817

9946.8320,3.9713,238.0707,945.4424

9947.8330,3.9713,238.0517,945.3843

9948.8320,3.9714,238.0296,945.3051

9949.8320,3.9716,237.9931,945.2141

9950.8320,3.9716,237.9923,945.2120

9951.8320,3.9716,237.9892,945.2009

9952.8320,3.9716,237.9833,945.1670

9953.8320,3.9715,238.0083,945.2575

9954.8320,3.9715,237.9880,945.1780

9955.8320,3.9713,238.0661,945.4251

9956.8320,3.9712,238.0677,945.4097

9957.8320,3.9710,238.1665,945.7536

9958.8320,3.9712,238.0944,945.5137

9959.8320,3.9709,238.1927,945.8281

9960.8330,3.9707,238.2263,945.9271

9961.8320,3.9705,238.2452,945.9571

9962.8320,3.9707,238.2229,945.9165

9963.8320,3.9707,238.2157,945.8775

9964.8320,3.9708,238.2114,945.8822

9965.8320,3.9708,238.2056,945.8728

9966.8320,3.9711,238.1340,945.6538

9967.8320,3.9717,237.9863,945.2001

9968.8320,3.9717,237.9899,945.2213

9969.8320,3.9721,237.8632,944.8246

9970.8320,3.9718,237.9484,945.0739

9971.8320,3.9716,238.0025,945.2438

9972.8320,3.9717,237.9858,945.2010

9973.8330,3.9717,237.9734,945.1607

9974.8320,3.9721,237.8627,944.8198

9975.8320,3.9720,237.8842,944.8759

9976.8320,3.9718,237.9441,945.0695

9977.8320,3.9717,237.9778,945.1681

9978.8320,3.9715,238.0204,945.2924

9979.8320,3.9712,238.0986,945.5419

9980.8320,3.9709,238.1550,945.6951

9981.8320,3.9714,238.0594,945.4226

9982.8320,3.9710,238.1516,945.6987

9983.8320,3.9706,238.2392,945.9508

9984.8320,3.9706,238.2662,946.0600

9985.8320,3.9707,238.2438,945.9923

9986.8320,3.9712,238.1073,945.5653

9987.8320,3.9716,238.0112,945.2842

9988.8320,3.9716,238.0040,945.2573

9989.8320,3.9716,237.9888,945.1903

9990.8320,3.9717,237.9706,945.1550

9991.8320,3.9716,237.9883,945.1924

9992.8320,3.9716,237.9789,945.1678

9993.8320,3.9716,238.0001,945.2493

9994.8320,3.9719,237.9108,944.9604

9995.8320,3.9721,237.8735,944.8545

9996.8320,3.9719,237.9111,944.9491

9997.8320,3.9716,237.9784,945.1646

9998.8320,3.9716,237.9800,945.1718

9999.8320,3.9718,237.9532,945.0938

10000.8320,3.9717,237.9618,945.1071

10001.8320,3.9715,237.9924,945.1936

10002.8320,3.9715,238.0067,945.2492

10003.8320,3.9716,237.9883,945.1854

10004.8330,3.9715,237.9848,945.1669

10005.8320,3.9711,238.0880,945.4755

10006.8320,3.9715,238.0238,945.3061

10007.8320,3.9715,237.9998,945.2231

10008.8320,3.9716,237.9964,945.2186

10009.8320,3.9715,238.0059,945.2435

10010.8320,3.9715,238.0050,945.2332

10011.8320,3.9715,237.9983,945.2064

10012.8320,3.9714,238.0278,945.3064

10013.8320,3.9713,238.0401,945.3393

10014.8320,3.9712,238.0810,945.4762

10015.8320,3.9712,238.0873,945.5013

10016.8330,3.9713,238.0712,945.4583

10017.8320,3.9714,238.0469,945.3766

10018.8320,3.9715,238.0245,945.3185

10019.8330,3.9714,238.0429,945.3581

10020.8320,3.9714,238.0586,945.4284

10021.8320,3.9713,238.0402,945.3386

10022.8320,3.9715,238.0037,945.2345

10023.8320,3.9716,237.9937,945.2159

10024.8330,3.9716,238.0065,945.2746

10025.8320,3.9716,238.0102,945.2884

10026.8320,3.9712,238.0564,945.3774

10027.8320,3.9713,238.0825,945.4949

10028.8320,3.9713,238.0741,945.4734

10029.8320,3.9714,238.0485,945.3857

10030.8320,3.9715,238.0258,945.3242

10031.8320,3.9717,237.9816,945.1822

10032.8320,3.9717,237.9849,945.2069

10033.8320,3.9716,237.9697,945.1215

10034.8320,3.9721,237.8995,944.9532

10035.8320,3.9721,237.8716,944.8568

10036.8320,3.9719,237.9101,944.9661

10037.8320,3.9716,238.0009,945.2366

10038.8320,3.9718,237.9391,945.0540

10039.8330,3.9719,237.9048,944.9414

10040.8320,3.9717,237.9547,945.0933

10041.8320,3.9715,238.0105,945.2645

10042.8320,3.9715,238.0232,945.3159

10043.8320,3.9715,238.0108,945.2540

10044.8320,3.9715,238.0439,945.3854

10045.8320,3.9706,238.2160,945.8544

10046.8320,3.9704,238.3293,946.2721

10047.8320,3.9702,238.3412,946.2585

10048.8320,3.9705,238.3037,946.1895

10049.8320,3.9705,238.2719,946.0561

10050.8320,3.9707,238.2076,945.8497

10051.8320,3.9714,238.0654,945.4449

10052.8330,3.9715,237.9997,945.2265

10053.8320,3.9715,238.0094,945.2553

10054.8330,3.9713,238.0247,945.2623

10055.8320,3.9717,238.0324,945.3833

10056.8320,3.9715,237.9903,945.1859

10057.8320,3.9716,237.9899,945.2026

10058.8320,3.9716,237.9785,945.1438

10059.8320,3.9715,238.0171,945.2895

10060.8320,3.9716,237.9841,945.1863

10061.8320,3.9715,238.0216,945.3039

10062.8320,3.9715,237.9939,945.1953

10063.8320,3.9715,238.0280,945.3338

10064.8320,3.9717,237.9748,945.1586

10065.8320,3.9717,237.9844,945.2008

10066.8320,3.9714,238.0343,945.3376

10067.8320,3.9712,238.0841,945.4858

10068.8330,3.9711,238.1269,945.6363

10069.8320,3.9712,238.1023,945.5611

10070.8320,3.9712,238.0759,945.4530

10071.8320,3.9713,238.0728,945.4651

10072.8320,3.9714,238.0486,945.3965

10073.8320,3.9714,238.0474,945.3926

10074.8320,3.9715,238.0277,945.3255

10075.8320,3.9714,238.0369,945.3466

10076.8320,3.9715,238.0352,945.3527

10077.8320,3.9714,238.0388,945.3448

10078.8320,3.9715,238.0210,945.3007

10079.8320,3.9717,237.9984,945.2498

10080.8410,3.9716,237.9847,945.1914

10081.8320,3.9716,238.0912,945.6015

10082.8320,3.9713,237.9896,945.1292

10083.8320,3.9718,237.9495,945.0888

10084.8330,3.9718,237.9456,945.0698

10085.8320,3.9718,237.9455,945.0713

10086.8320,3.9716,238.0058,945.2707

10087.8320,3.9716,238.0087,945.2795

10088.8320,3.9717,237.9975,945.2434

10089.8320,3.9713,238.0914,945.5241

10090.8320,3.9716,238.0307,945.3577

10091.8320,3.9714,238.0672,945.4646

10092.8330,3.9702,238.4016,946.4947

10093.8320,3.9703,238.3269,946.2202

10094.8320,3.9703,238.3507,946.3281

10095.8320,3.9707,238.2526,946.0253

10096.8320,3.9713,238.0980,945.5484

10097.8330,3.9712,238.1299,945.6545

10098.8320,3.9710,238.1350,945.6432

10099.8320,3.9716,238.0466,945.4197

10100.8320,3.9717,237.9816,945.1916

10101.8320,3.9711,238.1483,945.7030

10102.8320,3.9713,238.0630,945.4285

10103.8320,3.9716,238.0385,945.3944

10104.8320,3.9715,238.0272,945.3201

10105.8320,3.9711,238.0947,945.5086

10106.8320,3.9712,238.1585,945.7634

10107.8320,3.9715,238.0190,945.2875

10108.8320,3.9717,237.9966,945.2395

10109.8320,3.9714,238.0534,945.4050

10110.8330,3.9712,238.1106,945.5833

10111.8320,3.9709,238.1612,945.7257

10112.8320,3.9714,238.0814,945.5123

10113.8320,3.9716,238.0051,945.2509

10114.8320,3.9717,238.0001,945.2592

10115.8320,3.9718,237.9268,945.0057

10116.8320,3.9716,237.9938,945.2224

10117.8320,3.9713,238.0632,945.4178

10118.8320,3.9716,238.0063,945.2685

10119.8320,3.9713,238.0431,945.3513

10120.8320,3.9713,238.0772,945.4744

10121.8320,3.9714,238.0407,945.3661

10122.8320,3.9714,238.0355,945.3318

10123.8320,3.9696,238.4936,946.7137

10124.8320,3.9703,238.3463,946.2950

10125.8330,3.9705,238.3003,946.1663

10126.8320,3.9704,238.3023,946.1574

10127.8320,3.9706,238.2494,945.9883

10128.8320,3.9706,238.2367,945.9461

10129.8320,3.9710,238.1736,945.7760

10130.8320,3.9711,238.1189,945.5897

10131.8320,3.9712,238.1175,945.6022

10132.8320,3.9710,238.1320,945.6312

10133.8320,3.9713,238.0727,945.4682

10134.8320,3.9712,238.1019,945.5419

10135.8320,3.9713,238.0880,945.5086

10136.8330,3.9710,238.1219,945.5907

10137.8320,3.9711,238.1478,945.7010

10138.8320,3.9710,238.1349,945.6269

10139.8320,3.9710,238.1735,945.7950

10140.8320,3.9706,238.2573,946.0219

10141.8320,3.9704,238.3294,946.2571

10142.8330,3.9704,238.2964,946.1322

10143.8320,3.9705,238.3011,946.1675

10144.8330,3.9707,238.2261,945.9310

10145.8320,3.9708,238.2012,945.8548

10146.8320,3.9709,238.1416,945.6401

10147.8320,3.9710,238.1528,945.6973

10148.8320,3.9710,238.1439,945.6734

10149.8320,3.9712,238.1182,945.6096

10150.8320,3.9703,238.3126,946.1814

10151.8320,3.9693,238.6105,947.1058

10152.8320,3.9693,238.6018,947.0898

10153.8320,3.9694,238.5708,946.9783

10154.8320,3.9694,238.5847,947.0287

10155.8320,3.9695,238.5800,947.0474

10156.8320,3.9696,238.5014,946.7559

10157.8320,3.9695,238.5508,946.9333

10158.8330,3.9697,238.4923,946.7500

10159.8320,3.9698,238.4680,946.6752

10160.8320,3.9701,238.4092,946.5118

10161.8320,3.9701,238.4168,946.5273

10162.8320,3.9701,238.3919,946.4317

10163.8320,3.9701,238.3969,946.4605

10164.8320,3.9699,238.4540,946.6381

10165.8330,3.9698,238.4543,946.6223

10166.8320,3.9700,238.4318,946.5655

10167.8320,3.9701,238.3926,946.4486

10168.8320,3.9702,238.3595,946.3379

10169.8350,3.9702,238.3547,946.3147

10170.8320,3.9700,238.3845,946.3963

10171.8320,3.9701,238.4280,946.5913

10172.8320,3.9692,238.5835,946.9905

10173.8320,3.9699,238.4502,946.6219

10174.8320,3.9699,238.4447,946.6000

10175.8320,3.9699,238.4639,946.6667

10176.8320,3.9697,238.4926,946.7480

10177.8320,3.9697,238.4886,946.7173

10178.8320,3.9696,238.5165,946.8049

10179.8320,3.9696,238.4995,946.7498

10180.8320,3.9698,238.4657,946.6691

10181.8320,3.9698,238.4418,946.5713

10182.8320,3.9700,238.4142,946.5022

10183.8320,3.9701,238.3778,946.3841

10184.8320,3.9703,238.3380,946.2645

10185.8320,3.9702,238.3704,946.3801

10186.8320,3.9702,238.3333,946.2426

10187.8330,3.9701,238.3677,946.3550

10188.8320,3.9701,238.3583,946.3095

10189.8320,3.9701,238.3779,946.3943

10190.8320,3.9701,238.3879,946.4154

10191.8320,3.9701,238.3996,946.4602

10192.8320,3.9701,238.3738,946.3798

10193.8320,3.9702,238.3551,946.3105

10194.8320,3.9703,238.3311,946.2556

10195.8320,3.9703,238.3256,946.2307

10196.8320,3.9701,238.3783,946.3890

10197.8320,3.9700,238.3692,946.3273

10198.8320,3.9701,238.3768,946.3863

10199.8320,3.9703,238.3413,946.2864

10200.8320,3.9704,238.2918,946.1088

10201.8320,3.9705,238.2939,946.1371

10202.8320,3.9704,238.3188,946.2120

10203.8320,3.9702,238.3736,946.4022

10204.8320,3.9705,238.2972,946.1517

10205.8320,3.9704,238.2789,946.0682

10206.8320,3.9705,238.2964,946.1448

10207.8320,3.9704,238.3035,946.1646

10208.8320,3.9704,238.3097,946.1817

10209.8320,3.9701,238.3703,946.3624

10210.8320,3.9702,238.3369,946.2465

10211.8320,3.9704,238.3091,946.1873

10212.8320,3.9705,238.2957,946.1552

10213.8320,3.9705,238.2577,946.0014

10214.8320,3.9704,238.3115,946.1813

10215.8330,3.9704,238.2828,946.0842

10216.8320,3.9704,238.3165,946.2191

10217.8320,3.9703,238.3227,946.2236

10218.8320,3.9694,238.5395,946.8651

10219.8320,3.9701,238.3943,946.4407

10220.8320,3.9704,238.3123,946.1936

10221.8320,3.9703,238.3286,946.2272

10222.8320,3.9704,238.3159,946.1995

10223.8320,3.9702,238.3530,946.2996

10224.8330,3.9702,238.3600,946.3279

10225.8330,3.9700,238.4046,946.4573

10226.8320,3.9699,238.4365,946.5575

10227.8320,3.9699,238.4316,946.5516

10228.8320,3.9698,238.4531,946.6126

10229.8320,3.9699,238.4468,946.6202

10230.8330,3.9700,238.4369,946.5829

10231.8320,3.9700,238.3960,946.4290

10232.8320,3.9703,238.3362,946.2589

10233.8320,3.9702,238.3572,946.3334

10234.8320,3.9700,238.4068,946.4737

10235.8330,3.9700,238.4379,946.5948

10236.8330,3.9697,238.4819,946.6958

10237.8330,3.9699,238.4343,946.5606

10238.8330,3.9701,238.3767,946.3893

10239.8320,3.9699,238.3895,946.3756

10240.8320,3.9702,238.4134,946.5467

10241.8320,3.9703,238.3394,946.2827

10242.8320,3.9703,238.3174,946.1975

10243.8320,3.9702,238.3579,946.3213

10244.8330,3.9704,238.3185,946.2308

10245.8320,3.9705,238.2695,946.0440

10246.8320,3.9706,238.2814,946.1204

10247.8330,3.9703,238.3293,946.2302

10248.8330,3.9704,238.3125,946.2001

10249.8330,3.9705,238.2775,946.0857

10250.8320,3.9706,238.2405,945.9551

10251.8320,3.9708,238.2011,945.8597

10252.8320,3.9710,238.1732,945.7769

10253.8330,3.9714,238.0686,945.4631

10254.8320,3.9707,238.2114,945.8630

10255.8320,3.9708,238.2328,945.9774

10256.8320,3.9708,238.2136,945.8962

10257.8320,3.9709,238.1969,945.8577

10258.8320,3.9708,238.2051,945.8642

10259.8320,3.9706,238.2733,946.0912

10260.8330,3.9705,238.2829,946.0945

10261.8330,3.9702,238.3268,946.2149

10262.8330,3.9705,238.3026,946.1699

10263.8320,3.9698,238.4795,946.7115

10264.8320,3.9692,238.6234,947.1416

10265.8330,3.9694,238.5852,947.0383

10266.8320,3.9695,238.5522,946.9318

10267.8320,3.9697,238.4961,946.7627

10268.8320,3.9697,238.4918,946.7307

10269.8320,3.9697,238.4756,946.6825

10270.8320,3.9699,238.4415,946.5878

10271.8320,3.9700,238.4044,946.4698

10272.8320,3.9701,238.4064,946.4986

10273.8320,3.9701,238.4034,946.4827

10274.8320,3.9701,238.4021,946.4760

10275.8320,3.9700,238.3967,946.4365

10276.8320,3.9701,238.4082,946.5023

10277.8320,3.9701,238.4060,946.4853

10278.8320,3.9699,238.4126,946.4823

10279.8320,3.9698,238.4664,946.6727

10280.8320,3.9701,238.3899,946.4231

10281.8320,3.9703,238.3447,946.2924

10282.8320,3.9702,238.3385,946.2593

10283.8320,3.9703,238.3434,946.2865

10284.8330,3.9702,238.3532,946.3035

10285.8320,3.9706,238.2683,946.0607

10286.8320,3.9706,238.2480,945.9836

10287.8320,3.9703,238.3227,946.2042

10288.8320,3.9703,238.3454,946.2923

10289.8320,3.9704,238.2763,946.0611

10290.8320,3.9706,238.2475,945.9913

10291.8320,3.9705,238.2698,946.0403

10292.8320,3.9702,238.3173,946.1704

10293.8330,3.9703,238.3358,946.2680

10294.8320,3.9703,238.3246,946.2268

10295.8320,3.9701,238.3780,946.3748

10296.8320,3.9701,238.3820,946.3927

10297.8320,3.9701,238.3931,946.4392

10298.8320,3.9690,238.6457,947.1804

10299.8320,3.9697,238.4711,946.6596

10300.8320,3.9699,238.4491,946.6135

10301.8320,3.9698,238.4590,946.6354

10302.8320,3.9697,238.4561,946.6065

10303.8320,3.9696,238.5015,946.7445

10304.8320,3.9697,238.5039,946.7789

10305.8320,3.9697,238.4676,946.6491

10306.8320,3.9699,238.4284,946.5286

10307.8320,3.9700,238.4052,946.4768

10308.8320,3.9700,238.4032,946.4525

10309.8320,3.9700,238.4110,946.4811

10310.8320,3.9697,238.4503,946.5684

10311.8320,3.9699,238.4456,946.6022

10312.8320,3.9698,238.4275,946.5158

10313.8320,3.9698,238.4482,946.5982

10314.8320,3.9698,238.4390,946.5655

10315.8320,3.9700,238.4057,946.4656

10316.8320,3.9700,238.4110,946.4861

10317.8320,3.9701,238.3974,946.4597

10318.8320,3.9700,238.3945,946.4299

10319.8320,3.9700,238.4189,946.5165

10320.8320,3.9698,238.4518,946.6174

10321.8320,3.9697,238.4939,946.7400

10322.8320,3.9698,238.4556,946.6232

10323.8330,3.9699,238.4220,946.5172

10324.8320,3.9701,238.3810,946.3922

10325.8330,3.9702,238.3845,946.4250

10326.8320,3.9701,238.3768,946.3692

10327.8320,3.9703,238.3530,946.3296

10328.8320,3.9702,238.3464,946.2830

10329.8320,3.9701,238.3937,946.4410

10330.8320,3.9700,238.3884,946.4012

10331.8320,3.9701,238.3898,946.4365

10332.8320,3.9702,238.3675,946.3548

10333.8320,3.9702,238.3776,946.4136

10334.8320,3.9701,238.3769,946.3865

10335.8320,3.9702,238.3774,946.4037

10336.8320,3.9702,238.3367,946.2390

10337.8320,3.9702,238.3643,946.3442

10338.8320,3.9700,238.3946,946.4353

10339.8320,3.9702,238.3607,946.3424

10340.8320,3.9702,238.3316,946.2292

10341.8320,3.9704,238.2994,946.1530

10342.8320,3.9704,238.3114,946.1907

10343.8320,3.9703,238.3125,946.1790

10344.8330,3.9701,238.3490,946.2592

10345.8330,3.9704,238.3303,946.2684

10346.8330,3.9703,238.3203,946.2063

10347.8320,3.9700,238.3902,946.4076

10348.8320,3.9697,238.4677,946.6506

10349.8320,3.9698,238.4301,946.5244

10350.8320,3.9699,238.4034,946.4429

10351.8320,3.9702,238.3609,946.3413

10352.8320,3.9702,238.3476,946.2928

10353.8320,3.9702,238.3554,946.3191

10354.8320,3.9701,238.3628,946.3355

10355.8320,3.9703,238.3058,946.1420

10356.8320,3.9705,238.2844,946.1142

10357.8320,3.9706,238.2475,945.9911

10358.8320,3.9705,238.2427,945.9541

10359.8320,3.9706,238.2460,945.9759

10360.8320,3.9705,238.2702,946.0526

10361.8320,3.9706,238.2461,945.9891

10362.8320,3.9705,238.2625,946.0265

10363.8320,3.9705,238.2741,946.0627

10364.8320,3.9706,238.2565,946.0167

10365.8330,3.9707,238.2216,945.9018

10366.8320,3.9706,238.2234,945.8986

10367.8320,3.9707,238.2304,945.9365

10368.8320,3.9709,238.1850,945.8029

10369.8320,3.9706,238.2377,945.9445

10370.8330,3.9707,238.2227,945.9067

10371.8320,3.9709,238.1754,945.7635

10372.8320,3.9708,238.2104,945.8758

10373.8320,3.9707,238.2319,945.9426

10374.8320,3.9706,238.2418,945.9713

10375.8320,3.9705,238.2815,946.1061

10376.8320,3.9705,238.2312,945.9063

10377.8320,3.9707,238.2448,945.9963

10378.8320,3.9704,238.2900,946.1187

10379.8320,3.9703,238.3050,946.1386

10380.8320,3.9705,238.2468,945.9699

10381.8320,3.9706,238.2645,946.0463

10382.8320,3.9705,238.2483,945.9766

10383.8320,3.9705,238.2493,945.9802

10384.8320,3.9705,238.2514,945.9772

10385.8320,3.9705,238.2707,946.0493

10386.8320,3.9705,238.2713,946.0634

10387.8320,3.9705,238.2793,946.0938

10388.8320,3.9705,238.2668,946.0291

10389.8320,3.9706,238.2516,945.9919

10390.8320,3.9706,238.2465,945.9708

10391.8320,3.9707,238.2260,945.9238

10392.8320,3.9708,238.1726,945.7470

10393.8320,3.9708,238.2067,945.8643

10394.8330,3.9707,238.2300,945.9290

10395.8320,3.9707,238.2138,945.8834

10396.8320,3.9708,238.2104,945.8860

10397.8320,3.9707,238.2132,945.8770

10398.8320,3.9706,238.2468,945.9821

10399.8320,3.9707,238.2065,945.8440

10400.8320,3.9708,238.1930,945.8086

10401.8320,3.9707,238.2107,945.8712

10402.8330,3.9707,238.2079,945.8503

10403.8320,3.9707,238.2155,945.8776

10404.8320,3.9707,238.1898,945.7769

10405.8320,3.9707,238.2016,945.8365

10406.8320,3.9707,238.1984,945.8081

10407.8320,3.9708,238.1684,945.7242

10408.8320,3.9708,238.1921,945.8050

10409.8330,3.9704,238.2695,946.0217

10410.8320,3.9707,238.2427,945.9921

10411.8320,3.9703,238.2205,945.8185

10412.8320,3.9708,238.2518,946.0502

10413.8320,3.9706,238.2030,945.8153

10414.8320,3.9709,238.1745,945.7630

10415.8330,3.9709,238.1554,945.6895

10416.8320,3.9708,238.1791,945.7671

10417.8320,3.9704,238.2535,945.9735

10418.8320,3.9704,238.2870,946.0944

10419.8320,3.9702,238.3363,946.2479

10420.8320,3.9701,238.3397,946.2436

10421.8320,3.9702,238.3359,946.2483

10422.8320,3.9702,238.3435,946.2746

10423.8320,3.9701,238.3631,946.3368

10424.8330,3.9701,238.3618,946.3109

10425.8320,3.9702,238.3682,946.3674

10426.8320,3.9702,238.3377,946.2385

10427.8320,3.9702,238.3382,946.2560

10428.8320,3.9701,238.3474,946.2721

10429.8320,3.9703,238.3415,946.2777

10430.8320,3.9701,238.3616,946.3247

10431.8320,3.9701,238.3748,946.3731

10432.8320,3.9699,238.4211,946.5152

10433.8320,3.9701,238.3806,946.3868

10434.8320,3.9701,238.3867,946.4076

10435.8320,3.9699,238.4366,946.5700

10436.8320,3.9700,238.4043,946.4566

10437.8320,3.9701,238.3777,946.3882

10438.8320,3.9701,238.3842,946.4017

10439.8320,3.9702,238.3628,946.3524

10440.8330,3.9702,238.3370,946.2448

10441.8320,3.9703,238.3097,946.1576

10442.8330,3.9705,238.2932,946.1339

10443.8320,3.9703,238.3050,946.1403

10444.8320,3.9703,238.3823,946.4389

10445.8320,3.9701,238.3491,946.2789

10446.8330,3.9702,238.3522,946.3068

10447.8320,3.9704,238.3158,946.2052

10448.8320,3.9705,238.2755,946.0779

10449.8320,3.9704,238.2926,946.1280

10450.8320,3.9704,238.2744,946.0514

10451.8320,3.9702,238.3168,946.1737

10452.8320,3.9700,238.3805,946.3795

10453.8320,3.9698,238.4438,946.5770

10454.8320,3.9700,238.4097,946.4863

10455.8320,3.9701,238.3676,946.3434

10456.8320,3.9703,238.3132,946.1744

10457.8320,3.9705,238.2807,946.0977

10458.8320,3.9705,238.2735,946.0563

10459.8320,3.9703,238.3129,946.1728

10460.8330,3.9704,238.2998,946.1464

10461.8320,3.9705,238.2624,946.0099

10462.8320,3.9706,238.2398,945.9613

10463.8320,3.9706,238.2339,945.9383

10464.8320,3.9706,238.2368,945.9402

10465.8320,3.9706,238.2391,945.9558

10466.8320,3.9705,238.2583,946.0004

10467.8330,3.9706,238.2423,945.9567

10468.8320,3.9707,238.2139,945.8734

10469.8320,3.9702,238.3156,946.1655

10470.8320,3.9702,238.3338,946.2271

10471.8320,3.9705,238.2981,946.1528

10472.8320,3.9706,238.2167,945.8745

10473.8320,3.9709,238.1506,945.6630

10474.8320,3.9710,238.1665,945.7656

10475.8320,3.9711,238.1051,945.5349

10476.8320,3.9712,238.0679,945.4268

10477.8320,3.9712,238.0711,945.4235

10478.8320,3.9713,238.0423,945.3381

10479.8320,3.9713,238.0282,945.2902

10480.8320,3.9714,238.0301,945.3208

10481.8320,3.9714,238.0100,945.2321

10482.8320,3.9715,238.0107,945.2551

10483.8320,3.9715,237.9902,945.1872

10484.8320,3.9715,238.0142,945.2685

10485.8320,3.9715,238.0014,945.2208

10486.8320,3.9718,237.9376,945.0391

10487.8320,3.9718,237.9151,944.9461

10488.8320,3.9719,237.9058,944.9350

10489.8320,3.9718,237.9115,944.9320

10490.8320,3.9717,237.9654,945.1233

10491.8320,3.9716,237.9885,945.1964

10492.8320,3.9718,237.9333,945.0187

10493.8320,3.9718,237.9364,945.0307

10494.8320,3.9717,237.9555,945.0892

10495.8320,3.9717,237.9660,945.1193

10496.8320,3.9719,237.8962,944.9085

10497.8320,3.9719,237.8787,944.8408

10498.8320,3.9720,237.8860,944.8787

10499.8320,3.9713,238.0548,945.3946

10500.8320,3.9713,238.0716,945.4559

10501.8320,3.9715,238.0006,945.2185

10502.8320,3.9714,238.0068,945.2303

10503.8330,3.9717,237.9802,945.1903

10504.8320,3.9718,237.9201,944.9740

10505.8330,3.9716,237.9771,945.1539

10506.8320,3.9718,237.9365,945.0377

10507.8320,3.9714,237.9816,945.1256

10508.8320,3.9714,238.0160,945.2669

10509.8320,3.9712,238.0960,945.5318

10510.8320,3.9710,238.1187,945.5662

10511.8320,3.9711,238.0984,945.5216

10512.8320,3.9712,238.0954,945.5190

10513.8320,3.9711,238.0970,945.5126

10514.8320,3.9712,238.0709,945.4307

10515.8320,3.9710,238.1334,945.6245

10516.8320,3.9713,238.0486,945.3651

10517.8330,3.9711,238.0855,945.4732

10518.8320,3.9708,238.1560,945.6782

10519.8320,3.9709,238.1494,945.6746

10520.8320,3.9710,238.1372,945.6403

10521.8320,3.9711,238.1040,945.5234

10522.8320,3.9710,238.1051,945.5104

10523.8320,3.9709,238.1572,945.6965

10524.8320,3.9709,238.1480,945.6647

10525.8320,3.9710,238.1218,945.5737

10526.8330,3.9709,238.1340,945.6102

10527.8320,3.9710,238.1103,945.5349

10528.8320,3.9711,238.1217,945.6108

10529.8320,3.9710,238.1090,945.5354

10530.8330,3.9711,238.0949,945.5069

10531.8320,3.9712,238.0522,945.3528

10532.8320,3.9714,238.0402,945.3633

10533.8320,3.9715,238.0319,945.3339

10534.8320,3.9713,238.0411,945.3256

10535.8320,3.9716,237.9768,945.1394

10536.8330,3.9713,238.0407,945.3286

10537.8330,3.9712,238.0709,945.4158

10538.8320,3.9713,238.0402,945.3375

10539.8330,3.9711,238.1115,945.5612

10540.8320,3.9710,238.1003,945.5057

10541.8320,3.9711,238.1128,945.5684

10542.8320,3.9710,238.1254,945.5971

10543.8320,3.9711,238.1176,945.5791

10544.8320,3.9711,238.0889,945.4844

10545.8320,3.9707,238.1808,945.7470

10546.8320,3.9708,238.1771,945.7590

10547.8320,3.9710,238.1448,945.6722

10548.8320,3.9711,238.1002,945.5310

10549.8320,3.9710,238.0909,945.4600

10550.8320,3.9712,238.0848,945.4730

10551.8320,3.9712,238.0668,945.4132

10552.8320,3.9712,238.0728,945.4318

10553.8320,3.9712,238.0704,945.4371

10554.8330,3.9712,238.0721,945.4278

10555.8320,3.9710,238.1174,945.5550

10556.8320,3.9708,238.1682,945.7254

10557.8320,3.9708,238.1841,945.7743

10558.8320,3.9709,238.1456,945.6609

10559.8320,3.9708,238.1822,945.7730

10560.8320,3.9706,238.2281,945.9062

10561.8320,3.9706,238.2469,945.9719

10562.8320,3.9706,238.2132,945.8524

10563.8320,3.9706,238.2372,945.9509

10564.8320,3.9705,238.2644,946.0249

10565.8320,3.9708,238.2004,945.8390

10566.8320,3.9709,238.1670,945.7315

10567.8320,3.9712,238.1138,945.5876

10568.8320,3.9698,238.4309,946.5290

10569.8320,3.9694,238.5224,946.7922

10570.8320,3.9695,238.5318,946.8615

10571.8320,3.9698,238.4482,946.6014

10572.8320,3.9701,238.3613,946.3205

10573.8320,3.9705,238.3030,946.1703

10574.8320,3.9705,238.2709,946.0593

10575.8320,3.9704,238.2654,946.0025

10576.8320,3.9706,238.2853,946.1271

10577.8320,3.9701,238.3250,946.1697

10578.8320,3.9700,238.3458,946.2369

10579.8320,3.9702,238.3844,946.4246

10580.8320,3.9701,238.3996,946.4646

10581.8320,3.9701,238.3866,946.4072

10582.8320,3.9700,238.3592,946.2922

10583.8320,3.9702,238.3376,946.2418

10584.8320,3.9703,238.3395,946.2689

10585.8320,3.9702,238.3210,946.1799

10586.8320,3.9702,238.3390,946.2481

10587.8320,3.9703,238.3210,946.2026

10588.8320,3.9702,238.3415,946.2523

10589.8320,3.9700,238.4033,946.4548

10590.8320,3.9700,238.3906,946.4070

10591.8320,3.9700,238.3683,946.3283

10592.8320,3.9701,238.3543,946.2904

10593.8320,3.9701,238.3488,946.2782

10594.8320,3.9703,238.2882,946.0774

10595.8320,3.9707,238.2175,945.8843

10596.8320,3.9708,238.1817,945.7747

10597.8320,3.9708,238.1757,945.7369

10598.8320,3.9708,238.1646,945.7137

10599.8320,3.9708,238.1482,945.6505

10600.8320,3.9708,238.1492,945.6530

10601.8320,3.9710,238.1379,945.6427

10602.8320,3.9709,238.1322,945.6014

10603.8320,3.9711,238.1300,945.6287

10604.8320,3.9707,238.1659,945.6966

10605.8320,3.9712,238.0694,945.4093

10606.8320,3.9712,238.0640,945.3985

10607.8330,3.9712,238.0433,945.3138

10608.8320,3.9711,238.0783,945.4344

10609.8320,3.9710,238.1141,945.5613

10610.8320,3.9710,238.1155,945.5452

10611.8330,3.9708,238.1684,945.7127

10612.8320,3.9707,238.1626,945.6791

10613.8320,3.9707,238.1931,945.7863

10614.8320,3.9707,238.1917,945.7894

10615.8330,3.9710,238.1154,945.5629

10616.8320,3.9710,238.0938,945.4755

10617.8320,3.9711,238.1214,945.5962

10618.8320,3.9707,238.1715,945.7087

10619.8320,3.9707,238.2060,945.8341

10620.8320,3.9708,238.1765,945.7466

10621.8330,3.9705,238.2252,945.8780

10622.8320,3.9702,238.3170,946.1690

10623.8320,3.9704,238.2650,946.0108

10624.8330,3.9705,238.2575,945.9975

10625.8320,3.9703,238.2967,946.1096

10626.8320,3.9703,238.3016,946.1379

10627.8320,3.9701,238.3594,946.3043

10628.8320,3.9702,238.3265,946.2156

10629.8320,3.9704,238.2735,946.0513

10630.8330,3.9707,238.2105,945.8613

10631.8330,3.9706,238.2160,945.8639

10632.8320,3.9706,238.2544,946.0059

10633.8320,3.9704,238.2600,945.9895

10634.8320,3.9706,238.2255,945.8952

10635.8320,3.9705,238.2693,946.0426

10636.8330,3.9703,238.2875,946.0845

10637.8320,3.9705,238.2842,946.1125

10638.8330,3.9704,238.2638,945.9972

10639.8320,3.9704,238.2953,946.1267

10640.8320,3.9702,238.3385,946.2537

10641.8330,3.9702,238.3471,946.2861

10642.8330,3.9702,238.3529,946.3172

10643.8320,3.9700,238.3627,946.3099

10644.8330,3.9702,238.3275,946.2186

10645.8320,3.9706,238.2487,945.9842

10646.8320,3.9709,238.1488,945.6549

10647.8330,3.9708,238.1648,945.7150

10648.8320,3.9713,238.0400,945.3276

10649.8320,3.9711,238.0951,945.5039

10650.8320,3.9708,238.1672,945.7053

10651.8330,3.9708,238.1522,945.6650

10652.8320,3.9707,238.1617,945.6638

10653.8320,3.9707,238.2226,945.8994

10654.8320,3.9711,238.1193,945.5946

10655.8320,3.9705,238.2128,945.8202

10656.8320,3.9710,238.1506,945.6896

10657.8320,3.9706,238.1978,945.7913

10658.8320,3.9708,238.1679,945.7169

10659.8320,3.9703,238.2961,946.1093

10660.8320,3.9703,238.3125,946.1665

10661.8320,3.9700,238.3693,946.3331

10662.8330,3.9700,238.3928,946.4147

10663.8320,3.9701,238.3500,946.2719

10664.8330,3.9701,238.3569,946.3074

10665.8320,3.9698,238.4196,946.4839

10666.8320,3.9698,238.4267,946.5177

10667.8320,3.9696,238.4721,946.6434

10668.8320,3.9696,238.4914,946.7172

10669.8320,3.9695,238.4976,946.7238

10670.8320,3.9697,238.4909,946.7266

10671.8320,3.9698,238.4518,946.5944

10672.8320,3.9698,238.4709,946.6701

10673.8320,3.9697,238.4650,946.6409

10674.8320,3.9697,238.4799,946.6985

10675.8320,3.9697,238.4660,946.6433

10676.8320,3.9703,238.3625,946.3620

10677.8320,3.9699,238.4070,946.4400

10678.8320,3.9700,238.3946,946.4334

10679.8320,3.9700,238.3897,946.4112

10680.8320,3.9696,238.5165,946.8168

10681.8320,3.9696,238.4794,946.6620

10682.8320,3.9699,238.4322,946.5565

10683.8330,3.9699,238.4254,946.5275

10684.8320,3.9700,238.3897,946.4121

10685.8330,3.9699,238.4242,946.5114

10686.8320,3.9698,238.4341,946.5347

10687.8330,3.9699,238.4278,946.5250

10688.8320,3.9698,238.4157,946.4747

10689.8320,3.9699,238.4364,946.5755

10690.8320,3.9699,238.4063,946.4490

10691.8320,3.9702,238.3418,946.2652

10692.8320,3.9705,238.2423,945.9450

10693.8320,3.9705,238.2372,945.9311

10694.8320,3.9705,238.2449,945.9411

10695.8320,3.9706,238.2143,945.8627

10696.8320,3.9707,238.2120,945.8786

10697.8320,3.9708,238.1881,945.8049

10698.8320,3.9706,238.2029,945.8008

10699.8320,3.9703,238.3227,946.2176

10700.8320,3.9700,238.3946,946.4174

10701.8320,3.9702,238.3542,946.3086

10702.8320,3.9701,238.3352,946.2164

10703.8320,3.9701,238.3590,946.3033

10704.8320,3.9701,238.3766,946.3779

10705.8320,3.9702,238.3261,946.2010

10706.8320,3.9703,238.3120,946.1677

10707.8320,3.9703,238.3175,946.1989

10708.8320,3.9705,238.2655,946.0311

10709.8320,3.9708,238.1873,945.7827

10710.8320,3.9706,238.2256,945.9077

10711.8320,3.9705,238.2895,946.1197

10712.8320,3.9702,238.3318,946.2159

10713.8320,3.9704,238.3120,946.1823

10714.8320,3.9703,238.3055,946.1552

10715.8320,3.9702,238.3588,946.3388

10716.8320,3.9700,238.3915,946.4239

10717.8320,3.9700,238.4041,946.4747

10718.8320,3.9701,238.3771,946.3710

10719.8330,3.9700,238.3967,946.4265

10720.8320,3.9702,238.3564,946.3241

10721.8320,3.9704,238.2965,946.1231

10722.8320,3.9704,238.2878,946.0972

10723.8320,3.9702,238.3207,946.1857

10724.8320,3.9702,238.3325,946.2272

10725.8320,3.9703,238.3175,946.1916

10726.8320,3.9702,238.3005,946.1123

10727.8330,3.9704,238.3070,946.1648

10728.8320,3.9703,238.2668,945.9996

10729.8320,3.9707,238.2187,945.8985

10730.8320,3.9710,238.1529,945.7073

10731.8330,3.9710,238.1157,945.5601

10732.8320,3.9707,238.1643,945.6838

10733.8320,3.9704,238.2677,946.0215

10734.8320,3.9704,238.2926,946.1078

10735.8320,3.9704,238.2818,946.0817

10736.8320,3.9705,238.2610,946.0079

10737.8320,3.9706,238.2474,945.9805

10738.8320,3.9706,238.2204,945.8715

10739.8320,3.9706,238.2425,945.9559

10740.8330,3.9705,238.2442,945.9530

10741.8320,3.9707,238.2157,945.8920

10742.8320,3.9707,238.2052,945.8418

10743.8320,3.9707,238.2260,945.9223

10744.8320,3.9704,238.2817,946.0767

10745.8320,3.9703,238.3226,946.2122

10746.8320,3.9706,238.2696,946.0684

10747.8320,3.9705,238.2784,946.0748

10748.8320,3.9708,238.1856,945.7885

10749.8320,3.9709,238.1538,945.6913

10750.8320,3.9710,238.1604,945.7233

10751.8320,3.9708,238.1835,945.7825

10752.8320,3.9703,238.3030,946.1415

10753.8320,3.9707,238.2330,945.9444

10754.8320,3.9704,238.2781,946.0635

10755.8320,3.9703,238.3072,946.1595

10756.8320,3.9698,238.4282,946.5208

10757.8320,3.9695,238.4889,946.6881

10758.8320,3.9694,238.5446,946.8718

10759.8320,3.9695,238.5009,946.7270

10760.8330,3.9699,238.4125,946.4788

10761.8320,3.9703,238.3013,946.1366

10762.8320,3.9705,238.2714,946.0454

10763.8320,3.9705,238.2687,946.0494

10764.8320,3.9704,238.2699,946.0210

10765.8320,3.9703,238.3370,946.2590

10766.8330,3.9700,238.3884,946.4004

10767.8320,3.9699,238.4174,946.4938

10768.8330,3.9697,238.4585,946.6147

10769.8320,3.9698,238.4693,946.6674

10770.8330,3.9696,238.4990,946.7458

10771.8320,3.9696,238.5324,946.8753

10772.8320,3.9693,238.5722,946.9577

10773.8320,3.9688,238.6900,947.3209

10774.8320,3.9690,238.6721,947.2939

10775.8320,3.9692,238.6475,947.2399

10776.8320,3.9693,238.6123,947.1202

10777.8320,3.9691,238.6273,947.1458

10778.8320,3.9690,238.6422,947.1815

10779.8320,3.9691,238.6614,947.2742

10780.8320,3.9691,238.6647,947.2867

10781.8320,3.9684,238.7914,947.6299

10782.8320,3.9686,238.7630,947.5637

10783.8320,3.9685,238.8003,947.6721

10784.8320,3.9676,239.0327,948.3807

10785.8320,3.9680,238.9255,948.0532

10786.8320,3.9680,238.9347,948.0901

10787.8320,3.9678,238.9766,948.2043

10788.8320,3.9678,238.9556,948.1312

10789.8320,3.9679,238.9315,948.0492

10790.8320,3.9680,238.9399,948.1194

10791.8320,3.9679,238.9225,948.0286

10792.8320,3.9679,238.9410,948.0963

10793.8330,3.9680,238.8978,947.9530

10794.8320,3.9680,238.8874,947.9144

10795.8320,3.9684,238.8291,947.7761

10796.8320,3.9686,238.7717,947.5841

10797.8320,3.9687,238.7430,947.5087

10798.8320,3.9686,238.7392,947.4722

10799.8320,3.9687,238.7307,947.4608

10800.8320,3.9689,238.6743,947.2803

10801.8320,3.9690,238.6551,947.2131

10802.8320,3.9690,238.6442,947.1855

10803.8320,3.9686,238.6046,946.9351

10804.8320,3.9697,238.6477,947.3527

10805.8320,3.9692,238.6026,947.0596

10806.8320,3.9696,238.5066,946.7876

10807.8320,3.9697,238.4760,946.6878

10808.8320,3.9699,238.3964,946.3992

10809.8330,3.9701,238.4104,946.5143

10810.8320,3.9700,238.4385,946.5986

10811.8320,3.9700,238.4197,946.5154

10812.8320,3.9701,238.3912,946.4460

10813.8320,3.9702,238.4001,946.4922

10814.8320,3.9702,238.3787,946.4156

10815.8320,3.9702,238.3669,946.3731

10816.8320,3.9702,238.3526,946.3149

10817.8330,3.9704,238.3429,946.3159

10818.8320,3.9703,238.3331,946.2535

10819.8320,3.9704,238.3219,946.2217

10820.8320,3.9703,238.3280,946.2427

10821.8320,3.9705,238.2937,946.1403

10822.8320,3.9704,238.3052,946.1755

10823.8320,3.9703,238.3352,946.2540

10824.8320,3.9703,238.3349,946.2700

10825.8320,3.9702,238.3547,946.3225

10826.8320,3.9701,238.3693,946.3598

10827.8320,3.9700,238.4261,946.5399

10828.8320,3.9701,238.3826,946.4083

10829.8320,3.9701,238.3951,946.4501

10830.8320,3.9700,238.4226,946.5484

10831.8320,3.9695,238.5177,946.7933

10832.8320,3.9697,238.5056,946.7947

10833.8320,3.9700,238.4192,946.5284

10834.8320,3.9698,238.4543,946.6157

10835.8320,3.9699,238.4587,946.6466

10836.8320,3.9694,238.5795,947.0177

10837.8320,3.9692,238.6373,947.2029

10838.8330,3.9691,238.6409,947.1959

10839.8330,3.9692,238.6092,947.0915

10840.8320,3.9693,238.6120,947.1220

10841.8320,3.9692,238.6211,947.1276

10842.8320,3.9693,238.6074,947.1046

10843.8320,3.9693,238.6046,947.1034

10844.8320,3.9695,238.5641,946.9722

10845.8330,3.9699,238.4502,946.6180

10846.8320,3.9705,238.3018,946.1795

10847.8330,3.9705,238.2746,946.0765

10848.8320,3.9706,238.2916,946.1612

10849.8320,3.9702,238.3272,946.2179

10850.8320,3.9704,238.3117,946.1936

10851.8320,3.9705,238.2863,946.1245

10852.8320,3.9704,238.2880,946.1022

10853.8320,3.9706,238.2661,946.0553

10854.8320,3.9704,238.2623,946.0076

10855.8320,3.9706,238.2856,946.1409

10856.8320,3.9704,238.3189,946.2103

10857.8320,3.9705,238.2785,946.0829

10858.8320,3.9704,238.2847,946.0928

10859.8320,3.9705,238.2844,946.1193

10860.8330,3.9706,238.2927,946.1625

10861.8320,3.9705,238.2891,946.1255

10862.8320,3.9704,238.2978,946.1438

10863.8320,3.9705,238.2893,946.1224

10864.8320,3.9704,238.3118,946.1991

10865.8320,3.9704,238.3313,946.2596

10866.8320,3.9703,238.3416,946.2874

10867.8320,3.9703,238.3157,946.1950

10868.8330,3.9704,238.3109,946.1937

10869.8320,3.9704,238.3108,946.1945

10870.8330,3.9700,238.4094,946.4839

10871.8330,3.9701,238.4030,946.4845

10872.8320,3.9706,238.2444,945.9766

10873.8320,3.9707,238.2455,946.0069

10874.8320,3.9705,238.2717,946.0673

10875.8320,3.9705,238.2970,946.1500

10876.8320,3.9705,238.3039,946.1793

10877.8320,3.9703,238.3334,946.2495

10878.8320,3.9703,238.3323,946.2582

10879.8320,3.9703,238.3296,946.2462

10880.8320,3.9703,238.3245,946.2264

10881.8320,3.9705,238.3217,946.2529

10882.8320,3.9703,238.3212,946.2039

10883.8320,3.9704,238.3313,946.2705

10884.8320,3.9702,238.3314,946.2241

10885.8320,3.9703,238.3291,946.2460

10886.8320,3.9706,238.2890,946.1438

10887.8330,3.9705,238.2736,946.0574

10888.8320,3.9705,238.2671,946.0514

10889.8320,3.9706,238.2753,946.0950

10890.8320,3.9705,238.2704,946.0582

10891.8320,3.9706,238.2847,946.1216

10892.8320,3.9704,238.2859,946.1002

10893.8320,3.9706,238.2912,946.1511

10894.8320,3.9705,238.2871,946.1180

10895.8320,3.9706,238.2720,946.0882

10896.8320,3.9705,238.3009,946.1841

10897.8320,3.9703,238.3246,946.2200

10898.8320,3.9704,238.3210,946.2343

10899.8320,3.9704,238.3222,946.2395

10900.8320,3.9702,238.3442,946.2742

10901.8320,3.9702,238.3707,946.3886

10902.8320,3.9703,238.3367,946.2637

10903.8320,3.9704,238.3304,946.2731

10904.8320,3.9704,238.3130,946.2062

10905.8320,3.9703,238.3288,946.2467

10906.8330,3.9706,238.2762,946.0950

10907.8320,3.9706,238.2869,946.1478

10908.8330,3.9705,238.2775,946.0913

10909.8320,3.9707,238.2787,946.1274

10910.8320,3.9704,238.2870,946.0995

10911.8320,3.9706,238.2800,946.1155

10912.8320,3.9707,238.2528,946.0228

10913.8320,3.9706,238.2554,946.0246

10914.8320,3.9707,238.2636,946.0677

10915.8320,3.9706,238.2732,946.0785

10916.8330,3.9707,238.2644,946.0719

10917.8320,3.9706,238.2807,946.1058

10918.8320,3.9705,238.2910,946.1316

10919.8320,3.9705,238.3097,946.1969

10920.8320,3.9704,238.3182,946.2177

10921.8320,3.9706,238.3196,946.2665

10922.8320,3.9704,238.3199,946.2324

10923.8320,3.9704,238.3095,946.1952

10924.8320,3.9702,238.3756,946.4072

10925.8320,3.9701,238.4085,946.5134

10926.8320,3.9697,238.4907,946.7281

10927.8320,3.9692,238.6301,947.1752

10928.8320,3.9695,238.5821,947.0571

10929.8320,3.9704,238.3164,946.2208

10930.8320,3.9705,238.3033,946.1757

10931.8320,3.9704,238.3211,946.2246

10932.8320,3.9705,238.3011,946.1711

10933.8320,3.9704,238.3049,946.1621

10934.8320,3.9705,238.2988,946.1703

10935.8320,3.9705,238.3122,946.2195

10936.8320,3.9705,238.3255,946.2747

10937.8320,3.9703,238.3261,946.2369

10938.8320,3.9703,238.3471,946.3065

10939.8320,3.9702,238.3818,946.4316

10940.8320,3.9700,238.4094,946.4888

10941.8320,3.9702,238.3918,946.4738

10942.8320,3.9702,238.3906,946.4512

10943.8320,3.9703,238.3542,946.3474

10944.8320,3.9702,238.3805,946.4251

10945.8320,3.9702,238.3700,946.3885

10946.8330,3.9702,238.3954,946.4759

10947.8320,3.9702,238.3955,946.4858

10948.8320,3.9701,238.4002,946.4748

10949.8320,3.9700,238.4644,946.7113

10950.8320,3.9698,238.4878,946.7486

10951.8330,3.9699,238.4803,946.7374

10952.8320,3.9698,238.4866,946.7483

10953.8320,3.9698,238.4900,946.7524

10954.8320,3.9698,238.4774,946.7107

10955.8320,3.9697,238.4941,946.7601

10956.8320,3.9695,238.5525,946.9430

10957.8320,3.9692,238.6248,947.1442

10958.8320,3.9692,238.6566,947.2853

10959.8320,3.9692,238.6260,947.1526

10960.8320,3.9693,238.6218,947.1518

10961.8320,3.9692,238.6476,947.2489

10962.8320,3.9687,238.7730,947.6122

10963.8320,3.9686,238.8001,947.7023

10964.8320,3.9687,238.7975,947.7062

10965.8320,3.9687,238.8034,947.7277

10966.8320,3.9686,238.8015,947.7044

10967.8320,3.9686,238.8128,947.7439

10968.8320,3.9686,238.7976,947.6809

10969.8320,3.9688,238.7895,947.7066

10970.8330,3.9687,238.7716,947.6180

10971.8320,3.9687,238.7732,947.6295

10972.8320,3.9687,238.7585,947.5589

10973.8320,3.9688,238.7835,947.6746

10974.8320,3.9686,238.8195,947.7699

10975.8320,3.9686,238.7956,947.6831

10976.8320,3.9687,238.7868,947.6721

10977.8320,3.9686,238.8027,947.7017

10978.8320,3.9687,238.7873,947.6736

10979.8320,3.9688,238.7738,947.6367

10980.8320,3.9688,238.7615,947.5981

10981.8320,3.9688,238.7688,947.6138

10982.8320,3.9689,238.7266,947.4774

10983.8320,3.9691,238.6831,947.3541

10984.8320,3.9691,238.6760,947.3200

10985.8320,3.9692,238.6504,947.2404

10986.8320,3.9692,238.6464,947.2364

10987.8320,3.9692,238.6440,947.2294

10988.8320,3.9692,238.6443,947.2285

10989.8320,3.9691,238.6527,947.2468

10990.8320,3.9691,238.6577,947.2635

10991.8320,3.9690,238.6901,947.3634

10992.8320,3.9691,238.6789,947.3350

10993.8320,3.9692,238.6114,947.1054

10994.8320,3.9695,238.5647,946.9884

10995.8320,3.9699,238.4929,946.7847

10996.8320,3.9698,238.4834,946.7422

10997.8330,3.9698,238.4779,946.7119

10998.8320,3.9699,238.4538,946.6354

10999.8320,3.9700,238.4742,946.7311

11000.8320,3.9700,238.4404,946.6015

11001.8320,3.9702,238.4264,946.5893

11002.8320,3.9701,238.3967,946.4541

11003.8320,3.9701,238.3991,946.4711

11004.8320,3.9702,238.4008,946.4987

11005.8330,3.9701,238.4163,946.5329

11006.8320,3.9701,238.4006,946.4859

11007.8320,3.9702,238.3940,946.4604

11008.8320,3.9701,238.4131,946.5235

11009.8320,3.9701,238.4161,946.5324

11010.8320,3.9702,238.4042,946.5046

11011.8320,3.9702,238.3769,946.3998

11012.8320,3.9703,238.3526,946.3376

11013.8320,3.9703,238.3574,946.3573

11014.8320,3.9703,238.3798,946.4341

11015.8320,3.9700,238.4250,946.5457

11016.8320,3.9699,238.4765,946.7263

11017.8320,3.9699,238.4426,946.6042

11018.8320,3.9700,238.4637,946.7057

11019.8320,3.9700,238.4438,946.6150

11020.8320,3.9701,238.4137,946.5255

11021.8320,3.9702,238.4048,946.5103

11022.8320,3.9701,238.4418,946.6268

11023.8320,3.9700,238.4379,946.5892

11024.8320,3.9701,238.4095,946.5014

11025.8320,3.9701,238.4280,946.5774

11026.8320,3.9701,238.4114,946.5154

11027.8320,3.9702,238.4073,946.5178

11028.8320,3.9702,238.4001,946.4942

11029.8320,3.9701,238.3970,946.4690

11030.8320,3.9701,238.4107,946.5164

11031.8320,3.9702,238.4054,946.5080

11032.8320,3.9702,238.3876,946.4443

11033.8320,3.9702,238.3903,946.4517

11034.8320,3.9701,238.3932,946.4556

11035.8320,3.9702,238.4011,946.4968

11036.8320,3.9702,238.4060,946.5076

11037.8320,3.9702,238.3817,946.4249

11038.8320,3.9703,238.3756,946.4153

11039.8330,3.9701,238.3931,946.4552

11040.8320,3.9703,238.4074,946.5384

11041.8320,3.9702,238.3518,946.3164

11042.8320,3.9704,238.3480,946.3276

11043.8330,3.9704,238.3366,946.2805

11044.8320,3.9703,238.3759,946.4299

11045.8320,3.9701,238.3787,946.3870

11046.8320,3.9703,238.3796,946.4478

11047.8320,3.9703,238.3601,946.3581

11048.8320,3.9705,238.3340,946.2994

11049.8320,3.9704,238.3463,946.3390

11050.8320,3.9703,238.3364,946.2682

11051.8320,3.9704,238.3547,946.3619

11052.8320,3.9703,238.3763,946.4340

11053.8320,3.9702,238.3657,946.3654

11054.8330,3.9704,238.3634,946.4043

11055.8320,3.9704,238.3367,946.2947

11056.8320,3.9705,238.3292,946.2852

11057.8320,3.9704,238.3346,946.2819

11058.8320,3.9705,238.3290,946.2787

11059.8320,3.9705,238.3345,946.3004

11060.8320,3.9704,238.3401,946.3057

11061.8320,3.9704,238.3570,946.3721

11062.8320,3.9703,238.3791,946.4383

11063.8320,3.9701,238.4071,946.5025

11064.8320,3.9702,238.3928,946.4753

11065.8320,3.9702,238.3938,946.4730

11066.8320,3.9702,238.4024,946.5110

11067.8320,3.9701,238.4324,946.6003

11068.8330,3.9701,238.4322,946.5984

11069.8320,3.9701,238.4120,946.5252

11070.8320,3.9701,238.4225,946.5657

11071.8320,3.9702,238.3907,946.4623

11072.8320,3.9703,238.3570,946.3506

11073.8320,3.9704,238.3274,946.2631

11074.8320,3.9704,238.3400,946.3112

11075.8320,3.9705,238.3278,946.2727

11076.8320,3.9705,238.3163,946.2316

11077.8330,3.9706,238.3208,946.2664

11078.8320,3.9705,238.3000,946.1744

11079.8320,3.9704,238.3220,946.2413

11080.8320,3.9705,238.3213,946.2579

11081.8320,3.9704,238.3337,946.2870

11082.8320,3.9703,238.3534,946.3445

11083.8320,3.9702,238.3820,946.4328

11084.8320,3.9700,238.4350,946.5813

11085.8320,3.9701,238.4271,946.5761

11086.8320,3.9701,238.4167,946.5335

11087.8330,3.9702,238.4134,946.5398

11088.8320,3.9700,238.4188,946.5347

11089.8320,3.9702,238.4124,946.5364

11090.8320,3.9700,238.4314,946.5800

11091.8320,3.9701,238.3854,946.4241

11092.8320,3.9703,238.3748,946.4260

11093.8320,3.9703,238.3708,946.3966

11094.8320,3.9703,238.3603,946.3624

11095.8320,3.9703,238.3622,946.3676

11096.8320,3.9703,238.3510,946.3204

11097.8320,3.9704,238.3500,946.3335

11098.8320,3.9704,238.3452,946.3161

11099.8320,3.9703,238.3771,946.4321

11100.8320,3.9702,238.3811,946.4274

11101.8320,3.9704,238.3692,946.4147

11102.8320,3.9704,238.3460,946.3197

11103.8320,3.9704,238.3414,946.3218

11104.8320,3.9704,238.3528,946.3529

11105.8320,3.9703,238.3701,946.3970

11106.8320,3.9702,238.3890,946.4518

11107.8320,3.9702,238.4067,946.5290

11108.8320,3.9702,238.3976,946.4809

11109.8320,3.9701,238.4183,946.5519

11110.8320,3.9701,238.4359,946.6057

11111.8320,3.9701,238.4221,946.5535

11112.8320,3.9701,238.4191,946.5521

11113.8320,3.9701,238.4045,946.4876

11114.8320,3.9701,238.4189,946.5563

11115.8320,3.9701,238.4140,946.5197

11116.8320,3.9702,238.4264,946.6056

11117.8320,3.9701,238.4388,946.6238

11118.8320,3.9701,238.4448,946.6472

11119.8320,3.9700,238.4193,946.5126

11120.8330,3.9700,238.4242,946.5431

11121.8320,3.9700,238.3832,946.3733

11122.8320,3.9701,238.4058,946.4952

11123.8320,3.9700,238.4196,946.5218

11124.8320,3.9700,238.4147,946.5026

11125.8320,3.9698,238.4684,946.6782

11126.8320,3.9699,238.4537,946.6412

11127.8320,3.9699,238.4366,946.5808

11128.8320,3.9698,238.4528,946.6163

11129.8320,3.9697,238.4803,946.7040

11130.8330,3.9697,238.4792,946.7013

11131.8320,3.9697,238.4774,946.6862

11132.8320,3.9697,238.4926,946.7454

11133.8320,3.9699,238.4481,946.6166

11134.8320,3.9697,238.4613,946.6248

11135.8320,3.9697,238.4838,946.7064

11136.8320,3.9695,238.5272,946.8380

11137.8330,3.9697,238.4993,946.7810

11138.8320,3.9699,238.4437,946.6029

11139.8320,3.9700,238.4160,946.5221

11140.8320,3.9700,238.4191,946.5169

11141.8320,3.9699,238.4495,946.6105

11142.8320,3.9699,238.4505,946.6186

11143.8320,3.9700,238.4308,946.5643

11144.8320,3.9699,238.4347,946.5520

11145.8320,3.9701,238.3960,946.4448

11146.8320,3.9699,238.4406,946.5872

11147.8320,3.9699,238.4357,946.5615

11148.8320,3.9700,238.4132,946.5092

11149.8320,3.9700,238.4074,946.4771

11150.8320,3.9700,238.4013,946.4649

11151.8320,3.9700,238.4246,946.5411

11152.8320,3.9699,238.4221,946.5210

11153.8320,3.9700,238.4423,946.6091

11154.8320,3.9698,238.4585,946.6358

11155.8320,3.9700,238.3960,946.4364

11156.8320,3.9697,238.4655,946.6431

11157.8320,3.9697,238.5201,946.8589

11158.8320,3.9696,238.5361,946.8864

11159.8320,3.9686,238.7435,947.4851

11160.8320,3.9683,238.8387,947.7855

11161.8320,3.9685,238.8421,947.8378

11162.8320,3.9684,238.8358,947.7867

11163.8320,3.9684,238.8328,947.7794

11164.8320,3.9685,238.8141,947.7395

11165.8320,3.9684,238.8524,947.8696

11166.8330,3.9684,238.8280,947.7556

11167.8320,3.9684,238.8128,947.7156

11168.8320,3.9678,238.9866,948.2617

11169.8330,3.9682,238.8912,947.9641

11170.8320,3.9680,238.9295,948.0668

11171.8320,3.9680,238.9792,948.2731

11172.8320,3.9685,238.8024,947.6945

11173.8320,3.9685,238.7919,947.6421

11174.8320,3.9687,238.7675,947.5855

11175.8320,3.9687,238.7481,947.5175

11176.8320,3.9687,238.7589,947.5640

11177.8320,3.9688,238.7346,947.4783

11178.8320,3.9689,238.6810,947.3105

11179.8320,3.9691,238.6653,947.2827

11180.8320,3.9691,238.6391,947.1807

11181.8320,3.9692,238.6069,947.0898

11182.8320,3.9695,238.5612,946.9618

11183.8320,3.9695,238.5268,946.8432

11184.8320,3.9692,238.6048,947.0644

11185.8320,3.9692,238.6362,947.1919

11186.8320,3.9691,238.6512,947.2213

11187.8330,3.9689,238.6777,947.2888

11188.8320,3.9684,238.8297,947.7729

11189.8320,3.9685,238.7871,947.6279

11190.8320,3.9688,238.7265,947.4656

11191.8320,3.9693,238.5950,947.0538

11192.8320,3.9694,238.5603,946.9471

11193.8330,3.9693,238.6030,947.0899

11194.8320,3.9693,238.5815,947.0121

11195.8320,3.9693,238.5958,947.0474

11196.8320,3.9693,238.5618,946.9336

11197.8330,3.9695,238.5473,946.9033

11198.8320,3.9694,238.5570,946.9202

11199.8320,3.9693,238.6186,947.1384

11200.8320,3.9688,238.6934,947.3275

11201.8320,3.9690,238.6788,947.3102

11202.8320,3.9691,238.6478,947.2220

11203.8320,3.9695,238.5319,946.8436

11204.8320,3.9698,238.4763,946.7048

11205.8330,3.9695,238.5409,946.8884

11206.8320,3.9693,238.5860,947.0174

11207.8320,3.9694,238.5827,947.0193

11208.8320,3.9696,238.5045,946.7739

11209.8320,3.9697,238.4763,946.6875

11210.8320,3.9697,238.4833,946.7127

11211.8330,3.9696,238.5070,946.7761

11212.8320,3.9694,238.5683,946.9791

11213.8320,3.9693,238.5864,947.0127

11214.8320,3.9694,238.5827,947.0235

11215.8330,3.9696,238.4927,946.7285

11216.8320,3.9695,238.5112,946.7783

11217.8320,3.9697,238.5426,946.9426

11218.8320,3.9695,238.5343,946.8662

11219.8320,3.9696,238.5201,946.8399

11220.8320,3.9694,238.5516,946.8968

11221.8320,3.9694,238.5640,946.9552

11222.8320,3.9694,238.5589,946.9294

11223.8320,3.9693,238.5901,947.0293

11224.8320,3.9693,238.5914,947.0479

11225.8320,3.9693,238.5914,947.0373

11226.8320,3.9694,238.5692,946.9682

11227.8320,3.9694,238.5398,946.8693

11228.8320,3.9695,238.5422,946.8844

11229.8320,3.9695,238.5454,946.8945

11230.8320,3.9696,238.5031,946.7709

11231.8320,3.9699,238.4357,946.5548

11232.8320,3.9700,238.4010,946.4511

11233.8320,3.9691,238.6380,947.1804

11234.8320,3.9691,238.6386,947.1873

11235.8320,3.9690,238.6737,947.2885

11236.8320,3.9689,238.7094,947.4213

11237.8320,3.9692,238.6376,947.1944

11238.8320,3.9692,238.6155,947.1214

11239.8320,3.9693,238.6026,947.0830

11240.8320,3.9694,238.5624,946.9392

11241.8320,3.9695,238.5337,946.8705

11242.8320,3.9695,238.5643,946.9856

11243.8320,3.9695,238.5450,946.9129

11244.8320,3.9691,238.6563,947.2403

11245.8320,3.9691,238.6675,947.2954

11246.8330,3.9689,238.6608,947.2307

11247.8320,3.9691,238.6764,947.3384

11248.8320,3.9690,238.6641,947.2633

11249.8320,3.9692,238.6319,947.1750

11250.8320,3.9693,238.6033,947.0887

11251.8320,3.9694,238.5607,946.9501

11252.8320,3.9695,238.5544,946.9351

11253.8320,3.9697,238.5041,946.7795

11254.8320,3.9696,238.5236,946.8506

11255.8320,3.9696,238.5200,946.8172

11256.8320,3.9693,238.5799,946.9920

11257.8320,3.9693,238.5837,947.0166

11258.8320,3.9693,238.5913,947.0286

11259.8320,3.9690,238.6656,947.2598

11260.8320,3.9687,238.7520,947.5272

11261.8320,3.9685,238.7754,947.5853

11262.8320,3.9688,238.6942,947.3361

11263.8320,3.9690,238.6735,947.3010

11264.8320,3.9689,238.6951,947.3590

11265.8330,3.9688,238.7267,947.4521

11266.8320,3.9689,238.7239,947.4595

11267.8320,3.9686,238.7652,947.5709

11268.8320,3.9685,238.7798,947.5970

11269.8320,3.9684,238.8352,947.8054

11270.8320,3.9686,238.7850,947.6377

11271.8320,3.9686,238.7773,947.6058

11272.8320,3.9683,238.8603,947.8601

11273.8320,3.9676,239.0322,948.3816

11274.8320,3.9676,239.0429,948.4155

11275.8320,3.9679,238.9633,948.1874

11276.8320,3.9682,238.8831,947.9441

11277.8320,3.9682,238.8753,947.9115

11278.8320,3.9683,238.8694,947.8956

11279.8320,3.9679,238.9388,948.0974

11280.8320,3.9681,238.8987,947.9683

11281.8320,3.9682,238.9013,948.0016

11282.8320,3.9680,238.9151,948.0220

11283.8320,3.9678,238.9844,948.2466

11284.8320,3.9679,238.9880,948.2704

11285.8320,3.9680,238.9396,948.1020

11286.8320,3.9678,238.9800,948.2198

11287.8320,3.9678,239.0123,948.3572

11288.8320,3.9679,238.9534,948.1451

11289.8320,3.9681,238.8991,947.9768

11290.8320,3.9680,238.9468,948.1364

11291.8320,3.9679,238.9547,948.1478

11292.8320,3.9678,238.9721,948.1982

11293.8320,3.9680,238.9548,948.1741

11294.8320,3.9681,238.9105,948.0312

11295.8320,3.9680,238.9147,948.0088

11296.8320,3.9680,238.9258,948.0689

11297.8320,3.9681,238.9193,948.0543

11298.8320,3.9682,238.9113,948.0403

11299.8320,3.9683,238.8922,947.9940

11300.8320,3.9681,238.8940,947.9636

11301.8320,3.9680,238.9317,948.0839

11302.8320,3.9679,238.9538,948.1443

11303.8320,3.9677,239.0100,948.3156

11304.8320,3.9677,239.0148,948.3346

11305.8320,3.9678,238.9775,948.2217

11306.8320,3.9679,238.9764,948.2235

11307.8320,3.9678,238.9715,948.1958

11308.8320,3.9679,238.9648,948.1808

11309.8320,3.9680,238.9179,948.0203

11310.8330,3.9682,238.8650,947.8669

11311.8320,3.9683,238.8336,947.7674

11312.8320,3.9681,238.9164,948.0366

11313.8320,3.9683,238.8509,947.8233

11314.8320,3.9684,238.8095,947.6878

11315.8320,3.9683,238.8580,947.8622

11316.8320,3.9684,238.7973,947.6386

11317.8320,3.9685,238.8157,947.7297

11318.8320,3.9687,238.7370,947.4726

11319.8320,3.9686,238.7746,947.5953

11320.8330,3.9685,238.7860,947.6237

11321.8320,3.9684,238.8091,947.6981

11322.8320,3.9685,238.8026,947.6811

11323.8320,3.9687,238.7426,947.5083

11324.8320,3.9690,238.6625,947.2470

11325.8320,3.9690,238.6716,947.2867

11326.8320,3.9691,238.6272,947.1380

11327.8330,3.9689,238.6869,947.3280

11328.8320,3.9690,238.6774,947.3019

11329.8320,3.9689,238.6890,947.3276

11330.8320,3.9689,238.6914,947.3543

11331.8330,3.9687,238.7249,947.4331

11332.8320,3.9686,238.7654,947.5577

11333.8330,3.9687,238.7577,947.5583

11334.8320,3.9687,238.7557,947.5412

11335.8320,3.9686,238.7604,947.5462

11336.8320,3.9688,238.7257,947.4608

11337.8320,3.9690,238.6883,947.3577

11338.8320,3.9690,238.6878,947.3581

11339.8320,3.9690,238.6725,947.3021

11340.8320,3.9689,238.6948,947.3456

11341.8320,3.9689,238.6970,947.3692

11342.8320,3.9690,238.7003,947.3954

11343.8320,3.9687,238.7413,947.5013

11344.8320,3.9688,238.7290,947.4621

11345.8320,3.9688,238.7236,947.4494

11346.8320,3.9689,238.7219,947.4573

11347.8320,3.9687,238.7600,947.5593

11348.8320,3.9684,238.7964,947.6420

11349.8320,3.9685,238.8112,947.7229

11350.8320,3.9686,238.7884,947.6477

11351.8320,3.9686,238.7566,947.5291

11352.8320,3.9689,238.7288,947.4830

11353.8320,3.9688,238.7310,947.4712

11354.8320,3.9689,238.6972,947.3655

11355.8320,3.9688,238.7067,947.3880

11356.8320,3.9689,238.7104,947.4167

11357.8320,3.9690,238.6527,947.2233

11358.8320,3.9691,238.6408,947.1869

11359.8320,3.9691,238.6601,947.2668

11360.8320,3.9691,238.6519,947.2258

11361.8320,3.9692,238.6181,947.1345

11362.8320,3.9693,238.5907,947.0338

11363.8320,3.9695,238.5716,947.0054

11364.8320,3.9695,238.5396,946.8888

11365.8320,3.9695,238.5180,946.8029

11366.8320,3.9696,238.5313,946.8648

11367.8330,3.9693,238.5988,947.0652

11368.8320,3.9697,238.5021,946.7837

11369.8320,3.9696,238.5086,946.7818

11370.8320,3.9696,238.5150,946.8047

11371.8320,3.9697,238.4900,946.7341

11372.8320,3.9697,238.4867,946.7158

11373.8320,3.9695,238.5088,946.7660

11374.8320,3.9696,238.5196,946.8257

11375.8320,3.9697,238.4755,946.6863

11376.8330,3.9699,238.4495,946.6113

11377.8320,3.9699,238.4244,946.5165

11378.8320,3.9697,238.4582,946.6191

11379.8330,3.9696,238.5109,946.7937

11380.8330,3.9699,238.4385,946.5683

11381.8330,3.9699,238.4476,946.6077

11382.8320,3.9699,238.4371,946.5792

11383.8320,3.9697,238.4822,946.7046

11384.8320,3.9698,238.4620,946.6360

11385.8320,3.9699,238.4548,946.6337

11386.8320,3.9699,238.4329,946.5518

11387.8320,3.9700,238.4155,946.5066

11388.8320,3.9699,238.4248,946.5263

11389.8320,3.9700,238.3925,946.4243

11390.8320,3.9702,238.3567,946.3185

11391.8320,3.9702,238.3710,946.3687

11392.8320,3.9704,238.2985,946.1353

11393.8320,3.9704,238.3055,946.1747

11394.8320,3.9703,238.3080,946.1577

11395.8320,3.9703,238.3419,946.2830

11396.8320,3.9701,238.3670,946.3373

11397.8320,3.9701,238.3845,946.4037

11398.8320,3.9700,238.3966,946.4443

11399.8320,3.9700,238.3995,946.4555

11400.8320,3.9701,238.3822,946.4117

11401.8320,3.9700,238.3824,946.3883

11402.8320,3.9703,238.3547,946.3419

11403.8320,3.9702,238.3253,946.2060

11404.8320,3.9703,238.3156,946.1907

11405.8320,3.9705,238.2897,946.1237

11406.8320,3.9704,238.2960,946.1415

11407.8320,3.9704,238.2919,946.1261

11408.8320,3.9703,238.3408,946.2750

11409.8330,3.9704,238.2923,946.1077

11410.8320,3.9706,238.2697,946.0741

11411.8320,3.9705,238.2692,946.0402

11412.8320,3.9703,238.3323,946.2513

11413.8320,3.9704,238.3089,946.1717

11414.8330,3.9703,238.3167,946.2008

11415.8320,3.9703,238.3371,946.2807

11416.8320,3.9702,238.3252,946.2040

11417.8320,3.9703,238.3251,946.2257

11418.8320,3.9704,238.3156,946.2116

11419.8330,3.9706,238.2709,946.0820

11420.8320,3.9708,238.1926,945.8149

11421.8320,3.9709,238.1569,945.6969

11422.8320,3.9708,238.2087,945.8764

11423.8320,3.9709,238.1809,945.8039

11424.8320,3.9709,238.1654,945.7262

11425.8320,3.9708,238.2125,945.8912

11426.8330,3.9710,238.1628,945.7346

11427.8320,3.9709,238.1936,945.8529

11428.8320,3.9707,238.1943,945.8078

11429.8330,3.9706,238.2564,946.0190

11430.8320,3.9708,238.2436,946.0088

11431.8320,3.9706,238.2426,945.9730

11432.8320,3.9708,238.2134,945.8917

11433.8330,3.9707,238.2290,945.9453

11434.8320,3.9707,238.2563,946.0489

11435.8330,3.9704,238.2735,946.0513

11436.8320,3.9705,238.3046,946.1871

11437.8320,3.9704,238.3259,946.2373

11438.8320,3.9704,238.3246,946.2372

11439.8320,3.9703,238.3285,946.2447

11440.8320,3.9704,238.3007,946.1380

11441.8320,3.9705,238.3302,946.2845

11442.8320,3.9704,238.3131,946.1936

11443.8320,3.9704,238.3131,946.2087

11444.8320,3.9705,238.2985,946.1547

11445.8320,3.9704,238.3129,946.1951

11446.8320,3.9703,238.3129,946.1852

11447.8320,3.9704,238.3293,946.2533

11448.8320,3.9703,238.3288,946.2455

11449.8320,3.9705,238.3023,946.1749

11450.8320,3.9704,238.3073,946.1829

11451.8330,3.9704,238.3019,946.1596

11452.8320,3.9705,238.2813,946.0908

11453.8320,3.9704,238.3074,946.1839

11454.8320,3.9704,238.3069,946.1770

11455.8330,3.9705,238.3127,946.2234

11456.8320,3.9704,238.3162,946.2031

11457.8320,3.9704,238.3141,946.2012

11458.8320,3.9704,238.2986,946.1406

11459.8320,3.9703,238.3327,946.2556

11460.8320,3.9704,238.3171,946.2136

11461.8320,3.9703,238.3187,946.2079

11462.8320,3.9703,238.3232,946.2246

11463.8320,3.9702,238.3482,946.2834

11464.8320,3.9703,238.3671,946.3909

11465.8320,3.9701,238.3584,946.3137

11466.8320,3.9703,238.3592,946.3471

11467.8320,3.9702,238.3286,946.2144

11468.8320,3.9704,238.3256,946.2424

11469.8320,3.9706,238.2709,946.0716

11470.8330,3.9705,238.2695,946.0491

11471.8320,3.9705,238.2549,945.9923

11472.8320,3.9706,238.2683,946.0634

11473.8330,3.9705,238.2801,946.0876

11474.8320,3.9706,238.2262,945.9100

11475.8320,3.9709,238.1587,945.7156

11476.8330,3.9709,238.1803,945.7938

11477.8320,3.9707,238.2185,945.8916

11478.8320,3.9707,238.2306,945.9466

11479.8320,3.9708,238.2152,945.8940

11480.8320,3.9707,238.2299,945.9366

11481.8320,3.9707,238.2332,945.9440

11482.8320,3.9707,238.2185,945.8965

11483.8320,3.9708,238.2057,945.8669

11484.8320,3.9707,238.2260,945.9161

11485.8320,3.9707,238.2251,945.9153

11486.8320,3.9708,238.2132,945.8946

11487.8320,3.9708,238.2033,945.8524

11488.8320,3.9707,238.2226,945.9157

11489.8320,3.9706,238.2311,945.9278

11490.8320,3.9706,238.2332,945.9325

11491.8320,3.9706,238.2511,946.0033

11492.8320,3.9706,238.2411,945.9650

11493.8320,3.9706,238.2410,945.9676

11494.8320,3.9707,238.2407,945.9740

11495.8320,3.9706,238.2615,946.0355

11496.8320,3.9706,238.2559,946.0168

11497.8320,3.9705,238.2649,946.0366

11498.8320,3.9706,238.2627,946.0521

11499.8330,3.9707,238.2273,945.9388

11500.8320,3.9709,238.1725,945.7507

11501.8320,3.9712,238.1237,945.6306

11502.8320,3.9710,238.1639,945.7386

11503.8320,3.9708,238.2107,945.8859

11504.8320,3.9709,238.1676,945.7456

11505.8330,3.9708,238.2060,945.8636

11506.8320,3.9707,238.1961,945.8157

11507.8320,3.9708,238.2057,945.8642

11508.8330,3.9707,238.2125,945.8655

11509.8320,3.9707,238.2182,945.8949

11510.8320,3.9707,238.2365,945.9685

11511.8330,3.9708,238.2123,945.8910

11512.8320,3.9707,238.2262,945.9160

11513.8320,3.9705,238.2804,946.0977

11514.8320,3.9704,238.3042,946.1707

11515.8330,3.9705,238.2768,946.0681

11516.8320,3.9705,238.2656,946.0271

11517.8320,3.9706,238.2761,946.1039

11518.8330,3.9707,238.2496,946.0122

11519.8320,3.9707,238.2271,945.9207

11520.8320,3.9707,238.2247,945.9212

11521.8330,3.9705,238.2507,945.9825

11522.8320,3.9703,238.3512,946.3160

11523.8320,3.9707,238.2361,945.9590

11524.8320,3.9705,238.2805,946.0945

11525.8320,3.9704,238.3179,946.2113

11526.8320,3.9704,238.2994,946.1385

11527.8320,3.9704,238.2861,946.0967

11528.8320,3.9705,238.2696,946.0581

11529.8320,3.9706,238.2486,945.9898

11530.8320,3.9707,238.2181,945.8875

11531.8320,3.9706,238.2306,945.9177

11532.8320,3.9708,238.1920,945.8232

11533.8320,3.9708,238.1710,945.7384

11534.8320,3.9705,238.2549,945.9824

11535.8320,3.9705,238.2485,945.9751

11536.8320,3.9705,238.2755,946.0718

11537.8320,3.9704,238.2872,946.1015

11538.8320,3.9703,238.3051,946.1479

11539.8320,3.9703,238.3157,946.1945

11540.8320,3.9704,238.2893,946.1027

11541.8330,3.9704,238.3130,946.1952

11542.8320,3.9703,238.3216,946.2172

11543.8320,3.9705,238.2874,946.1087

11544.8320,3.9705,238.2856,946.1058

11545.8320,3.9704,238.3164,946.2011

11546.8320,3.9704,238.3081,946.1714

11547.8320,3.9704,238.3207,946.2213

11548.8320,3.9703,238.3222,946.2160

11549.8320,3.9704,238.2895,946.1087

11550.8320,3.9705,238.2819,946.0901

11551.8320,3.9705,238.2655,946.0442

11552.8320,3.9705,238.2633,946.0272

11553.8320,3.9706,238.2714,946.0722

11554.8320,3.9706,238.2490,945.9892

11555.8320,3.9705,238.2766,946.0664

11556.8320,3.9704,238.3023,946.1528

11557.8320,3.9705,238.2778,946.0733

11558.8320,3.9704,238.3108,946.1867

11559.8320,3.9702,238.3550,946.3223

11560.8320,3.9704,238.2861,946.0994

11561.8320,3.9706,238.2655,946.0588

11562.8320,3.9705,238.2774,946.0880

11563.8320,3.9704,238.3090,946.1711

11564.8330,3.9705,238.2741,946.0591

11565.8320,3.9704,238.2786,946.0710

11566.8320,3.9705,238.2820,946.1005

11567.8320,3.9704,238.2890,946.1100

11568.8320,3.9704,238.3102,946.1838

11569.8320,3.9705,238.2906,946.1316

11570.8320,3.9704,238.3057,946.1621

11571.8320,3.9704,238.2877,946.1004

11572.8320,3.9704,238.2987,946.1444

11573.8330,3.9706,238.2634,946.0410

11574.8320,3.9705,238.2609,946.0240

11575.8320,3.9706,238.2614,946.0342

11576.8320,3.9706,238.2422,945.9702

11577.8320,3.9704,238.2870,946.0938

11578.8320,3.9705,238.2876,946.1121

11579.8320,3.9705,238.2756,946.0827

11580.8330,3.9705,238.2831,946.1092

11581.8320,3.9708,238.2532,946.0463

11582.8320,3.9704,238.2753,946.0544

11583.8320,3.9705,238.2926,946.1403

11584.8330,3.9706,238.2643,946.0441

11585.8320,3.9706,238.2703,946.0756

11586.8320,3.9705,238.2818,946.0976

11587.8320,3.9703,238.3361,946.2568

11588.8320,3.9704,238.3232,946.2463

11589.8320,3.9703,238.3352,946.2630

11590.8320,3.9703,238.3469,946.3009

11591.8320,3.9704,238.3157,946.2118

11592.8320,3.9704,238.3028,946.1588

11593.8320,3.9706,238.2667,946.0635

11594.8320,3.9707,238.2441,945.9900

11595.8320,3.9705,238.2533,945.9940

11596.8320,3.9708,238.2389,945.9998

11597.8320,3.9710,238.1495,945.6895

11598.8320,3.9705,238.2895,946.1272

11599.8320,3.9707,238.2595,946.0487

11600.8320,3.9707,238.2384,945.9688

11601.8320,3.9706,238.2337,945.9294

11602.8320,3.9703,238.3436,946.2996

11603.8320,3.9703,238.3318,946.2489

11604.8320,3.9706,238.2792,946.1071

11605.8320,3.9706,238.2636,946.0401

11606.8320,3.9704,238.3052,946.1747

11607.8320,3.9704,238.3224,946.2352

11608.8320,3.9703,238.3215,946.2074

11609.8320,3.9704,238.3192,946.2169

11610.8320,3.9700,238.3996,946.4551

11611.8330,3.9695,238.5289,946.8522

11612.8320,3.9695,238.5428,946.8842

11613.8320,3.9702,238.3679,946.3599

11614.8320,3.9702,238.3638,946.3594

11615.8320,3.9703,238.3346,946.2509

11616.8320,3.9701,238.4060,946.5068

11617.8320,3.9704,238.2957,946.1378

11618.8330,3.9706,238.2575,946.0221

11619.8320,3.9704,238.3023,946.1671

11620.8330,3.9704,238.3282,946.2495

11621.8320,3.9704,238.3064,946.1805

11622.8330,3.9704,238.2981,946.1441

11623.8320,3.9704,238.2956,946.1395

11624.8320,3.9706,238.2659,946.0523

11625.8320,3.9707,238.2407,945.9832

11626.8320,3.9705,238.2930,946.1401

11627.8320,3.9701,238.3835,946.4091

11628.8320,3.9703,238.3523,946.3283

11629.8320,3.9701,238.4052,946.4878

11630.8320,3.9702,238.3746,946.3918

11631.8320,3.9698,238.4768,946.7003

11632.8320,3.9701,238.3748,946.3758

11633.8320,3.9701,238.4147,946.5223

11634.8320,3.9698,238.4592,946.6390

11635.8320,3.9700,238.4063,946.4768

11636.8320,3.9700,238.3993,946.4510

11637.8320,3.9702,238.3782,946.4100

11638.8320,3.9695,238.5403,946.8852

11639.8320,3.9690,238.6687,947.2732

11640.8320,3.9692,238.6157,947.1099

11641.8320,3.9693,238.5971,947.0684

11642.8320,3.9692,238.6127,947.0922

11643.8320,3.9688,238.7121,947.4054

11644.8320,3.9689,238.7342,947.5025

11645.8320,3.9689,238.6729,947.2786

11646.8330,3.9689,238.7199,947.4515

11647.8320,3.9692,238.5885,946.9981

11648.8320,3.9693,238.6136,947.1310

11649.8320,3.9691,238.6225,947.1159

11650.8320,3.9690,238.6646,947.2649

11651.8320,3.9690,238.6808,947.3186

11652.8320,3.9689,238.6959,947.3689

11653.8330,3.9688,238.7004,947.3564

11654.8320,3.9689,238.6752,947.2896

11655.8320,3.9690,238.6854,947.3371

11656.8320,3.9674,238.6036,946.6305

11657.8320,3.9705,238.7407,947.9254

11658.8320,3.9693,238.5919,947.0473

11659.8320,3.9694,238.5853,947.0333

11660.8320,3.9692,238.5734,946.9410

11661.8330,3.9696,238.5431,946.9170

11662.8320,3.9696,238.5348,946.8796

11663.8320,3.9698,238.4923,946.7676

11664.8320,3.9706,238.2915,946.1604

11665.8320,3.9707,238.2481,946.0223

11666.8320,3.9707,238.2304,945.9486

11667.8320,3.9708,238.2530,946.0431

11668.8320,3.9707,238.2396,945.9850

11669.8320,3.9706,238.2550,946.0210

11670.8320,3.9706,238.2844,946.1434

11671.8320,3.9705,238.2959,946.1617

11672.8330,3.9706,238.2585,946.0333

11673.8320,3.9709,238.2125,945.9148

11674.8320,3.9708,238.2161,945.9162

11675.8320,3.9709,238.2221,945.9517

11676.8320,3.9709,238.2020,945.8766

11677.8320,3.9709,238.1752,945.7733

11678.8320,3.9710,238.1840,945.8257

11679.8320,3.9708,238.2480,946.0244

11680.8320,3.9707,238.2639,946.0691

11681.8320,3.9707,238.2367,945.9763

11682.8320,3.9705,238.3067,946.1911

11683.8320,3.9704,238.3172,946.2096

11684.8320,3.9705,238.2965,946.1496

11685.8320,3.9705,238.2635,946.0350

11686.8330,3.9706,238.2818,946.1160

11687.8330,3.9705,238.2714,946.0672

11688.8320,3.9708,238.2417,946.0061

11689.8320,3.9709,238.2055,945.8808

11690.8330,3.9707,238.2497,946.0248

11691.8320,3.9708,238.2390,945.9888

11692.8330,3.9708,238.2390,945.9908

11693.8330,3.9707,238.2423,945.9855

11694.8320,3.9705,238.2780,946.0841

11695.8320,3.9705,238.3135,946.2349

11696.8320,3.9704,238.3217,946.2420

11697.8320,3.9704,238.3027,946.1686

11698.8320,3.9704,238.3420,946.3105

11699.8320,3.9702,238.3661,946.3642

11700.8320,3.9702,238.3748,946.4006

11701.8320,3.9702,238.3774,946.4068

11702.8330,3.9703,238.3598,946.3690

11703.8330,3.9703,238.3607,946.3663

11704.8320,3.9703,238.3548,946.3398

11705.8320,3.9703,238.3635,946.3788

11706.8320,3.9702,238.3699,946.3774

11707.8320,3.9702,238.3715,946.3910

11708.8320,3.9702,238.3831,946.4255

11709.8320,3.9702,238.3733,946.3924

11710.8320,3.9703,238.3769,946.4166

11711.8320,3.9703,238.3664,946.3859

11712.8330,3.9704,238.3530,946.3494

11713.8320,3.9702,238.3743,946.3867

11714.8320,3.9700,238.4290,946.5633

11715.8320,3.9700,238.4480,946.6342

11716.8320,3.9700,238.4324,946.5811

11717.8330,3.9700,238.4422,946.6079

11718.8320,3.9700,238.4401,946.6055

11719.8320,3.9699,238.4416,946.5962

11720.8320,3.9700,238.4359,946.5866

11721.8320,3.9701,238.3975,946.4722

11722.8330,3.9702,238.3988,946.4960

11723.8320,3.9703,238.3722,946.4076

11724.8320,3.9703,238.3413,946.2920

11725.8320,3.9704,238.3104,946.1977

11726.8320,3.9705,238.3064,946.1891

11727.8320,3.9703,238.3359,946.2741

11728.8320,3.9705,238.3148,946.2197

11729.8330,3.9705,238.2830,946.0998

11730.8320,3.9705,238.3011,946.1632

11731.8320,3.9705,238.3117,946.2056

11732.8330,3.9704,238.3262,946.2612

11733.8320,3.9703,238.3227,946.2158

11734.8320,3.9706,238.3115,946.2402

11735.8330,3.9703,238.3048,946.1515

11736.8320,3.9703,238.3376,946.2808

11737.8320,3.9705,238.2928,946.1388

11738.8330,3.9705,238.2925,946.1414

11739.8320,3.9703,238.3079,946.1658

11740.8330,3.9704,238.3209,946.2393

11741.8320,3.9705,238.2998,946.1593

11742.8320,3.9705,238.2930,946.1368

11743.8320,3.9706,238.2757,946.0881

11744.8320,3.9706,238.2698,946.0717

11745.8320,3.9707,238.2424,945.9957

11746.8320,3.9707,238.2588,946.0436

11747.8330,3.9705,238.2986,946.1563

11748.8320,3.9705,238.2758,946.0747

11749.8320,3.9706,238.2633,946.0560

11750.8320,3.9707,238.2572,946.0414

11751.8320,3.9707,238.2376,945.9653

11752.8320,3.9707,238.2384,945.9774

11753.8330,3.9707,238.2294,945.9428

11754.8320,3.9707,238.2703,946.1034

11755.8320,3.9705,238.2661,946.0467

11756.8320,3.9706,238.2564,946.0304

11757.8320,3.9706,238.2557,946.0205

11758.8320,3.9707,238.2568,946.0345

11759.8320,3.9706,238.2832,946.1199

11760.8320,3.9705,238.2730,946.0680

11761.8320,3.9704,238.3555,946.3587

11762.8320,3.9704,238.3220,946.2371

11763.8320,3.9705,238.3302,946.2809

11764.8320,3.9704,238.3131,946.2084

11765.8320,3.9704,238.3087,946.1884

11766.8320,3.9706,238.2969,946.1775

11767.8320,3.9705,238.2826,946.1061

11768.8320,3.9707,238.2796,946.1280

11769.8320,3.9706,238.2621,946.0370

11770.8320,3.9706,238.2569,946.0295

11771.8320,3.9708,238.2483,946.0263

11772.8320,3.9709,238.2151,945.9185

11773.8320,3.9710,238.1936,945.8572

11774.8320,3.9708,238.1853,945.7891

11775.8330,3.9710,238.1761,945.8017

11776.8320,3.9710,238.1693,945.7754

11777.8320,3.9710,238.1308,945.6122

11778.8320,3.9711,238.1395,945.6872

11779.8320,3.9713,238.1245,945.6537

11780.8320,3.9714,238.0917,945.5534

11781.8320,3.9711,238.1209,945.5903

11782.8320,3.9716,238.0484,945.4273

11783.8320,3.9711,238.1176,945.5967

11784.8320,3.9712,238.1326,945.6661

11785.8320,3.9711,238.1523,945.7319

11786.8320,3.9709,238.2087,945.8999

11787.8320,3.9706,238.2739,946.0894

11788.8320,3.9704,238.3068,946.1795

11789.8320,3.9705,238.3135,946.2331

11790.8320,3.9706,238.2989,946.1811

11791.8320,3.9706,238.2596,946.0394

11792.8320,3.9707,238.2446,945.9884

11793.8320,3.9706,238.2824,946.1270

11794.8320,3.9707,238.2571,946.0428

11795.8320,3.9708,238.2484,946.0279

11796.8320,3.9706,238.2511,946.0043

11797.8320,3.9708,238.2366,945.9911

11798.8320,3.9708,238.2136,945.9027

11799.8320,3.9710,238.1873,945.8387

11800.8330,3.9708,238.2269,945.9487

11801.8320,3.9709,238.2263,945.9736

11802.8320,3.9707,238.2247,945.9184

11803.8320,3.9708,238.2387,946.0001

11804.8320,3.9708,238.2328,945.9650

11805.8320,3.9708,238.2254,945.9468

11806.8320,3.9709,238.2047,945.8945

11807.8320,3.9709,238.1985,945.8635

11808.8320,3.9709,238.2123,945.9153

11809.8320,3.9710,238.1781,945.8004

11810.8320,3.9709,238.1807,945.7996

11811.8320,3.9710,238.1950,945.8623

11812.8320,3.9710,238.1850,945.8295

11813.8320,3.9710,238.1769,945.7958

11814.8320,3.9710,238.1993,945.8807

11815.8320,3.9713,238.0899,945.5208

11816.8320,3.9708,238.2381,945.9853

11817.8320,3.9707,238.2147,945.8806

11818.8330,3.9709,238.2226,945.9526

11819.8320,3.9708,238.2496,946.0390

11820.8320,3.9707,238.2346,945.9678

11821.8320,3.9709,238.2072,945.8960

11822.8320,3.9707,238.2359,945.9646

11823.8330,3.9709,238.1985,945.8523

11824.8320,3.9709,238.2171,945.9432

11825.8320,3.9705,238.2209,945.8667

11826.8320,3.9708,238.2625,946.0852

11827.8320,3.9706,238.2692,946.0761

11828.8320,3.9707,238.2466,946.0086

11829.8320,3.9708,238.2379,946.0014

11830.8320,3.9707,238.2490,946.0154

11831.8320,3.9707,238.2348,945.9567

11832.8320,3.9708,238.2293,945.9701

11833.8330,3.9710,238.1940,945.8734

11834.8320,3.9711,238.1821,945.8444

11835.8320,3.9709,238.1798,945.7841

11836.8320,3.9708,238.2207,945.9314

11837.8320,3.9707,238.2578,946.0412

11838.8320,3.9707,238.2589,946.0636

11839.8320,3.9707,238.2391,945.9768

11840.8320,3.9707,238.2536,946.0349

11841.8320,3.9709,238.2170,945.9337

11842.8320,3.9709,238.2002,945.8641

11843.8320,3.9701,238.4336,946.6003

11844.8330,3.9708,238.2485,946.0354

11845.8320,3.9708,238.2231,945.9454

11846.8320,3.9708,238.2115,945.8927

11847.8320,3.9708,238.2167,945.9194

11848.8320,3.9707,238.2506,946.0296

11849.8320,3.9707,238.2612,946.0521

11850.8320,3.9706,238.2735,946.0890

11851.8320,3.9707,238.2606,946.0652

11852.8320,3.9708,238.2477,946.0378

11853.8320,3.9706,238.2703,946.0823

11854.8320,3.9708,238.2410,946.0082

11855.8320,3.9707,238.2675,946.0885

11856.8330,3.9708,238.2642,946.0944

11857.8320,3.9707,238.2564,946.0495

11858.8320,3.9708,238.2345,945.9720

11859.8320,3.9712,238.1460,945.7335

11860.8320,3.9713,238.1313,945.6800

11861.8320,3.9710,238.1623,945.7431

11862.8330,3.9711,238.1580,945.7401

11863.8320,3.9711,238.1809,945.8464

11864.8320,3.9709,238.1898,945.8333

11865.8320,3.9710,238.1782,945.8118

11866.8320,3.9712,238.0998,945.5456

11867.8330,3.9708,238.2377,946.0042

11868.8320,3.9711,238.1609,945.7520

11869.8320,3.9713,238.1269,945.6666

11870.8320,3.9713,238.0863,945.5224

11871.8330,3.9715,238.0436,945.3848

11872.8320,3.9713,238.0869,945.5141

11873.8320,3.9712,238.1189,945.6263

11874.8320,3.9713,238.0847,945.5148

11875.8320,3.9713,238.0835,945.5062

11876.8320,3.9711,238.1300,945.6439

11877.8320,3.9710,238.2045,945.9040

11878.8320,3.9707,238.2419,945.9792

11879.8330,3.9705,238.3059,946.1822

11880.8320,3.9712,238.1288,945.6492

11881.8320,3.9715,238.0692,945.4856

11882.8320,3.9712,238.1197,945.6303

11883.8320,3.9714,238.0621,945.4308

11884.8320,3.9713,238.1191,945.6344

11885.8320,3.9710,238.1566,945.7168

11886.8320,3.9710,238.2099,945.9280

11887.8330,3.9707,238.2239,945.9227

11888.8320,3.9706,238.2594,946.0403

11889.8320,3.9707,238.2763,946.1233

11890.8320,3.9705,238.3044,946.1931

11891.8320,3.9705,238.3121,946.2177

11892.8320,3.9703,238.3618,946.3566

11893.8320,3.9696,238.5125,946.8103

11894.8320,3.9697,238.5148,946.8296

11895.8320,3.9693,238.6290,947.1801

11896.8320,3.9690,238.6951,947.3852

11897.8330,3.9694,238.6118,947.1340

11898.8320,3.9694,238.5693,946.9879

11899.8320,3.9695,238.5950,947.0911

11900.8320,3.9694,238.5798,947.0222

11901.8320,3.9695,238.5944,947.0985

11902.8320,3.9693,238.6144,947.1362

11903.8320,3.9695,238.5696,946.9974

11904.8320,3.9696,238.5432,946.9288

11905.8330,3.9696,238.5398,946.9054

11906.8320,3.9694,238.5967,947.0915

11907.8320,3.9696,238.5431,946.9315

11908.8320,3.9697,238.5172,946.8450

11909.8320,3.9694,238.5978,947.0824

11910.8320,3.9694,238.6109,947.1352

11911.8320,3.9694,238.6012,947.1108

11912.8320,3.9693,238.6202,947.1631

11913.8320,3.9693,238.6201,947.1599

11914.8320,3.9695,238.5844,947.0508

11915.8320,3.9697,238.5322,946.9084

11916.8320,3.9695,238.6057,947.1513

11917.8320,3.9695,238.5998,947.1131

11918.8320,3.9697,238.5676,947.0343

11919.8320,3.9695,238.5840,947.0556

11920.8320,3.9695,238.5772,947.0322

11921.8320,3.9696,238.5659,946.9999

11922.8320,3.9696,238.5803,947.0633

11923.8320,3.9694,238.5787,947.0262

11924.8320,3.9695,238.5876,947.0725

11925.8330,3.9694,238.6358,947.2346

11926.8320,3.9690,238.6891,947.3647

11927.8320,3.9690,238.7107,947.4482

11928.8320,3.9692,238.6676,947.3107

11929.8330,3.9692,238.6528,947.2610

11930.8320,3.9690,238.6753,947.3123

11931.8320,3.9692,238.6680,947.3206

11932.8320,3.9691,238.6833,947.3576

11933.8320,3.9692,238.6441,947.2215

11934.8320,3.9692,238.6461,947.2413

11935.8320,3.9693,238.5810,947.0082

11936.8320,3.9695,238.5462,946.9165

11937.8320,3.9697,238.5464,946.9673

11938.8320,3.9697,238.5216,946.8514

11939.8320,3.9699,238.4911,946.7775

11940.8320,3.9699,238.4717,946.6986

11941.8320,3.9702,238.3954,946.4681

11942.8320,3.9701,238.4009,946.4797

11943.8320,3.9702,238.3864,946.4428

11944.8320,3.9703,238.3612,946.3700

11945.8320,3.9704,238.3577,946.3700

11946.8320,3.9703,238.3695,946.3952

11947.8320,3.9702,238.3698,946.3840

11948.8320,3.9702,238.3988,946.4910

11949.8320,3.9702,238.3887,946.4594

11950.8320,3.9703,238.3563,946.3517

11951.8320,3.9703,238.3539,946.3411

11952.8320,3.9703,238.3570,946.3406

11953.8320,3.9702,238.3953,946.4770

11954.8320,3.9701,238.3989,946.4651

11955.8320,3.9701,238.4186,946.5558

11956.8320,3.9702,238.3791,946.4116

11957.8320,3.9703,238.3775,946.4202

11958.8320,3.9702,238.3742,946.3907

11959.8320,3.9703,238.3792,946.4255

11960.8320,3.9702,238.3701,946.3861

11961.8320,3.9703,238.3727,946.4054

11962.8320,3.9703,238.3508,946.3340

11963.8320,3.9703,238.3680,946.3919

11964.8320,3.9703,238.3798,946.4293

11965.8320,3.9704,238.3435,946.3305

11966.8330,3.9705,238.3303,946.2906

11967.8330,3.9703,238.3445,946.3038

11968.8320,3.9703,238.3720,946.4177

11969.8320,3.9702,238.4049,946.5197

11970.8320,3.9701,238.4158,946.5265

11971.8320,3.9700,238.4652,946.7133

11972.8320,3.9701,238.4139,946.5295

11973.8320,3.9701,238.4217,946.5611

11974.8320,3.9700,238.4479,946.6287

11975.8320,3.9701,238.4333,946.6041

11976.8320,3.9702,238.4128,946.5513

11977.8320,3.9703,238.4020,946.5224

11978.8320,3.9702,238.4038,946.5005

11979.8320,3.9701,238.4115,946.5232

11980.8320,3.9702,238.4144,946.5556

11981.8320,3.9701,238.4143,946.5348

11982.8320,3.9703,238.3906,946.4821

11983.8320,3.9704,238.3567,946.3598

11984.8320,3.9704,238.3542,946.3573

11985.8320,3.9703,238.3576,946.3521

11986.8320,3.9704,238.3627,946.3964

11987.8320,3.9704,238.3220,946.2335

11988.8320,3.9703,238.3541,946.3468

11989.8320,3.9703,238.3646,946.3842

11990.8320,3.9704,238.3531,946.3613

11991.8320,3.9704,238.3300,946.2687

11992.8320,3.9705,238.3054,946.1934

11993.8320,3.9705,238.2954,946.1629

11994.8320,3.9708,238.2666,946.1081

11995.8320,3.9704,238.3149,946.2116

11996.8320,3.9708,238.2572,946.0635

11997.8320,3.9702,238.3553,946.3286

11998.8320,3.9702,238.3956,946.4741

11999.8320,3.9702,238.3893,946.4560

12000.8320,3.9703,238.3873,946.4663

12001.8320,3.9703,238.3731,946.4022

12002.8320,3.9704,238.3589,946.3751

12003.8320,3.9705,238.3176,946.2400

12004.8330,3.9704,238.3355,946.2921

12005.8320,3.9704,238.3413,946.3026

12006.8330,3.9703,238.3635,946.3858

12007.8320,3.9704,238.3350,946.2835

12008.8320,3.9703,238.3775,946.4337

12009.8330,3.9703,238.3790,946.4346

12010.8320,3.9706,238.2925,946.1726

12011.8320,3.9706,238.3142,946.2413

12012.8330,3.9706,238.2992,946.2017

12013.8320,3.9705,238.3152,946.2247

12014.8320,3.9707,238.2918,946.1831

12015.8320,3.9707,238.2612,946.0747

12016.8320,3.9708,238.2444,946.0210

12017.8320,3.9708,238.2933,946.2068

12018.8320,3.9706,238.2621,946.0412

12019.8320,3.9706,238.2908,946.1669

12020.8320,3.9704,238.3523,946.3492

12021.8320,3.9703,238.3734,946.4192

12022.8330,3.9702,238.3675,946.3767

12023.8320,3.9705,238.3181,946.2437

12024.8320,3.9706,238.2982,946.1853

12025.8320,3.9707,238.2750,946.1090

12026.8320,3.9706,238.2660,946.0659

12027.8320,3.9708,238.2374,945.9941

12028.8320,3.9705,238.3105,946.2207

12029.8320,3.9702,238.3608,946.3477

12030.8320,3.9702,238.3835,946.4319

12031.8330,3.9701,238.4178,946.5442

12032.8320,3.9701,238.4261,946.5855

12033.8330,3.9699,238.4381,946.5721

12034.8320,3.9701,238.4419,946.6405

12035.8320,3.9700,238.4260,946.5452

12036.8320,3.9700,238.4097,946.4957

12037.8320,3.9701,238.4195,946.5544

12038.8320,3.9700,238.4551,946.6622

12039.8320,3.9700,238.4281,946.5595

12040.8320,3.9701,238.4526,946.6740

12041.8320,3.9701,238.4173,946.5364

12042.8320,3.9702,238.4142,946.5531

12043.8320,3.9701,238.4149,946.5288

12044.8320,3.9695,238.5642,946.9852

12045.8320,3.9696,238.5457,946.9337

12046.8320,3.9698,238.5164,946.8574

12047.8320,3.9699,238.4798,946.7360

12048.8320,3.9698,238.5105,946.8354

12049.8320,3.9698,238.5082,946.8284

12050.8320,3.9697,238.5083,946.8173

12051.8320,3.9697,238.5037,946.7980

12052.8320,3.9699,238.4861,946.7699

12053.8320,3.9698,238.4812,946.7301

12054.8320,3.9698,238.5087,946.8284

12055.8320,3.9694,238.5912,947.0680

12056.8320,3.9700,238.4790,946.7521

12057.8320,3.9702,238.4093,946.5323

12058.8330,3.9699,238.4444,946.6002

12059.8320,3.9700,238.4684,946.7216

12060.8320,3.9694,238.5847,947.0443

12061.8320,3.9699,238.4883,946.7709

12062.8320,3.9701,238.4589,946.6941

12063.8320,3.9700,238.4303,946.5639

12064.8320,3.9701,238.4249,946.5633

12065.8320,3.9701,238.4180,946.5537

12066.8350,3.9701,238.4340,946.6061

12067.8320,3.9699,238.4574,946.6618

12068.8320,3.9702,238.4432,946.6762

12069.8320,3.9699,238.4856,946.7758

12070.8320,3.9699,238.4712,946.7038

12071.8320,3.9700,238.4473,946.6435

12072.8320,3.9702,238.4204,946.5881

12073.8320,3.9701,238.4044,946.4992

12074.8320,3.9705,238.3704,946.4413

12075.8320,3.9704,238.3545,946.3518

12076.8330,3.9702,238.4005,946.5081

12077.8320,3.9704,238.3322,946.2678

12078.8320,3.9703,238.3835,946.4649

12079.8320,3.9701,238.4028,946.4892

12080.8320,3.9701,238.4283,946.5761

12081.8320,3.9703,238.3689,946.3997

12082.8320,3.9704,238.4073,946.5826

12083.8320,3.9703,238.4080,946.5502

12084.8320,3.9699,238.4425,946.6006

12085.8320,3.9703,238.3720,946.4035

12086.8320,3.9705,238.3248,946.2730

12087.8320,3.9706,238.2818,946.1219

12088.8320,3.9704,238.3606,946.3815

12089.8320,3.9704,238.3531,946.3656

12090.8320,3.9706,238.3193,946.2639

12091.8320,3.9707,238.2943,946.1909

12092.8320,3.9707,238.2782,946.1338

12093.8330,3.9709,238.2586,946.0893

12094.8320,3.9708,238.2227,945.9422

12095.8320,3.9711,238.2017,945.9230

12096.8320,3.9711,238.1853,945.8543

12097.8320,3.9711,238.1899,945.8750

12098.8320,3.9711,238.1728,945.8064

12099.8320,3.9710,238.2113,945.9274

12100.8320,3.9709,238.2243,945.9748

12101.8330,3.9710,238.2060,945.9065

12102.8320,3.9711,238.1745,945.8202

12103.8320,3.9711,238.1807,945.8327

12104.8330,3.9710,238.2069,945.9254

12105.8330,3.9711,238.1904,945.8753

12106.8320,3.9705,238.3353,946.3125

12107.8320,3.9709,238.2342,946.0071

12108.8320,3.9711,238.1877,945.8589

12109.8320,3.9711,238.1413,945.6888

12110.8330,3.9712,238.1369,945.6909

12111.8320,3.9713,238.1476,945.7453

12112.8320,3.9711,238.1807,945.8289

12113.8320,3.9708,238.2583,946.0753

12114.8320,3.9713,238.1173,945.6434

12115.8320,3.9713,238.1063,945.6027

12116.8320,3.9714,238.0899,945.5497

12117.8320,3.9714,238.0754,945.4977

12118.8320,3.9714,238.0989,945.5973

12119.8330,3.9713,238.1003,945.5608

12120.8320,3.9715,238.1303,945.7290

12121.8320,3.9714,238.0923,945.5573

12122.8320,3.9714,238.0900,945.5390

12123.8320,3.9712,238.1352,945.6935

12124.8320,3.9713,238.1113,945.6135

12125.8320,3.9712,238.1486,945.7243

12126.8320,3.9712,238.1232,945.6349

12127.8320,3.9714,238.0943,945.5695

12128.8320,3.9713,238.1125,945.6108

12129.8320,3.9712,238.1541,945.7491

12130.8320,3.9709,238.1882,945.8313

12131.8320,3.9710,238.1995,945.8833

12132.8320,3.9709,238.2066,945.9059

12133.8320,3.9710,238.1937,945.8674

12134.8320,3.9709,238.2057,945.8946

12135.8320,3.9710,238.1954,945.8734

12136.8320,3.9712,238.1419,945.7151

12137.8320,3.9712,238.1447,945.7131

12138.8320,3.9713,238.1315,945.6820

12139.8320,3.9712,238.1264,945.6569

12140.8320,3.9712,238.1456,945.7248

12141.8320,3.9713,238.1331,945.6921

12142.8320,3.9711,238.1450,945.7086

12143.8320,3.9713,238.1127,945.6210

12144.8320,3.9713,238.1160,945.6236

12145.8320,3.9713,238.1234,945.6633

12146.8320,3.9714,238.0977,945.5838

12147.8320,3.9714,238.1012,945.5895

12148.8320,3.9713,238.1179,945.6444

12149.8330,3.9714,238.1298,945.7009

12150.8320,3.9713,238.1110,945.6197

12151.8320,3.9719,237.9624,945.1648

12152.8320,3.9720,237.9404,945.1023

12153.8320,3.9720,237.9509,945.1313

12154.8320,3.9717,238.0421,945.4263

12155.8320,3.9718,238.0073,945.3289

12156.8320,3.9716,238.0295,945.3677

12157.8320,3.9716,238.0361,945.3875

12158.8320,3.9716,238.0771,945.5564

12159.8320,3.9713,238.1282,945.6769

12160.8320,3.9713,238.1193,945.6507

12161.8330,3.9715,238.0571,945.4437

12162.8320,3.9716,238.0471,945.4327

12163.8320,3.9714,238.0797,945.5052

12164.8320,3.9713,238.1172,945.6450

12165.8320,3.9714,238.1013,945.5923

12166.8320,3.9713,238.1238,945.6672

12167.8320,3.9713,238.1380,945.7076

12168.8320,3.9713,238.1154,945.6374

12169.8320,3.9714,238.1021,945.6024

12170.8320,3.9714,238.0757,945.5046

12171.8320,3.9715,238.0649,945.4747

12172.8320,3.9716,238.0518,945.4478

12173.8320,3.9712,238.1268,945.6572

12174.8320,3.9713,238.1253,945.6648

12175.8320,3.9714,238.0969,945.5868

12176.8320,3.9711,238.1706,945.8093

12177.8320,3.9711,238.1799,945.8355

12178.8320,3.9710,238.1962,945.8888

12179.8320,3.9710,238.1835,945.8251

12180.8320,3.9712,238.1662,945.8006

12181.8320,3.9710,238.1852,945.8432

12182.8320,3.9711,238.1828,945.8393

12183.8320,3.9711,238.1813,945.8490

12184.8320,3.9713,238.1528,945.7764

12185.8320,3.9715,238.0884,945.5610

12186.8330,3.9715,238.0616,945.4526

12187.8330,3.9715,238.1126,945.6673

12188.8320,3.9708,238.2424,946.0227

12189.8320,3.9704,238.3505,946.3387

12190.8320,3.9715,238.0906,945.5728

12191.8320,3.9714,238.0846,945.5299

12192.8320,3.9715,238.1109,945.6692

12193.8330,3.9714,238.0780,945.5146

12194.8320,3.9715,238.1101,945.6518

12195.8320,3.9712,238.1249,945.6443

12196.8330,3.9711,238.1841,945.8465

12197.8330,3.9709,238.2364,946.0194

12198.8320,3.9713,238.1311,945.6790

12199.8320,3.9711,238.1498,945.7168

12200.8320,3.9711,238.1652,945.7764

12201.8320,3.9714,238.1249,945.6783

12202.8320,3.9712,238.1503,945.7319

12203.8320,3.9710,238.1689,945.7773

12204.8320,3.9710,238.2030,945.8927

12205.8320,3.9710,238.2168,945.9600

12206.8320,3.9708,238.2425,946.0127

12207.8320,3.9709,238.2162,945.9346

12208.8320,3.9713,238.1840,945.8913

12209.8320,3.9709,238.1912,945.8310

12210.8320,3.9710,238.1965,945.8865

12211.8320,3.9709,238.2206,945.9427

12212.8330,3.9710,238.2074,945.9275

12213.8320,3.9708,238.2581,946.0809

12214.8320,3.9706,238.2994,946.1804

12215.8320,3.9704,238.3521,946.3626

12216.8320,3.9705,238.3265,946.2794

12217.8320,3.9704,238.3598,946.3954

12218.8330,3.9702,238.4047,946.5162

12219.8320,3.9694,238.5939,947.0808

12220.8320,3.9696,238.5999,947.1405

12221.8320,3.9697,238.5685,947.0337

12222.8320,3.9694,238.6270,947.2073

12223.8320,3.9695,238.6036,947.1415

12224.8320,3.9696,238.5766,947.0516

12225.8320,3.9699,238.5046,946.8310

12226.8320,3.9701,238.4400,946.6339

12227.8320,3.9704,238.3491,946.3529

12228.8320,3.9707,238.2859,946.1673

12229.8320,3.9708,238.2565,946.0657

12230.8320,3.9710,238.2324,946.0099

12231.8320,3.9709,238.2005,945.8785

12232.8320,3.9710,238.2069,945.9182

12233.8320,3.9710,238.2141,945.9465

12234.8320,3.9709,238.2251,945.9568

12235.8320,3.9708,238.2539,946.0548

12236.8320,3.9710,238.2091,945.9217

12237.8320,3.9710,238.2040,945.9183

12238.8320,3.9710,238.1682,945.7723

12239.8320,3.9711,238.1756,945.8249

12240.8320,3.9710,238.2037,945.8965

12241.8320,3.9710,238.1895,945.8563

12242.8320,3.9711,238.1781,945.8195

12243.8320,3.9711,238.1692,945.7954

12244.8320,3.9712,238.1576,945.7790

12245.8320,3.9715,238.0489,945.4199

12246.8320,3.9715,238.0689,945.4996

12247.8320,3.9713,238.1373,945.7126

12248.8320,3.9713,238.1333,945.6967

12249.8330,3.9713,238.1439,945.7335

12250.8330,3.9714,238.1229,945.6867

12251.8320,3.9712,238.1397,945.6940

12252.8330,3.9709,238.1820,945.7997

12253.8320,3.9710,238.1761,945.8043

12254.8320,3.9712,238.1853,945.8787

12255.8320,3.9711,238.1908,945.8829

12256.8320,3.9711,238.2209,945.9987

12257.8320,3.9711,238.2157,945.9784

12258.8320,3.9711,238.1857,945.8550

12259.8320,3.9711,238.2198,946.0001

12260.8320,3.9710,238.2039,945.9001

12261.8320,3.9711,238.1907,945.8681

12262.8320,3.9712,238.2065,945.9662

12263.8320,3.9712,238.1843,945.8669

12264.8330,3.9712,238.1666,945.8068

12265.8330,3.9711,238.1840,945.8487

12266.8320,3.9711,238.1809,945.8497

12267.8320,3.9710,238.1869,945.8418

12268.8320,3.9712,238.1703,945.8187

12269.8320,3.9712,238.1544,945.7667

12270.8320,3.9711,238.1917,945.8837

12271.8320,3.9710,238.1838,945.8264

12272.8320,3.9709,238.2732,946.1518

12273.8320,3.9707,238.2547,946.0395

12274.8320,3.9710,238.2364,946.0317

12275.8320,3.9709,238.2444,946.0528

12276.8320,3.9708,238.2582,946.0834

12277.8320,3.9707,238.2505,946.0299

12278.8320,3.9707,238.2810,946.1438

12279.8330,3.9706,238.3089,946.2339

12280.8320,3.9707,238.2682,946.0862

12281.8320,3.9708,238.2824,946.1636

12282.8320,3.9708,238.2685,946.1176

12283.8320,3.9708,238.2543,946.0644

12284.8320,3.9708,238.2454,946.0194

12285.8330,3.9708,238.2669,946.1027

12286.8320,3.9708,238.2377,946.0016

12287.8320,3.9708,238.2681,946.1191

12288.8320,3.9709,238.2241,945.9738

12289.8320,3.9709,238.2565,946.0826

12290.8320,3.9708,238.2297,945.9607

12291.8320,3.9705,238.3285,946.2914

12292.8320,3.9706,238.3072,946.2224

12293.8320,3.9709,238.2566,946.0968

12294.8320,3.9710,238.2035,945.9125

12295.8320,3.9708,238.2286,945.9657

12296.8320,3.9709,238.2408,946.0391

12297.8320,3.9713,238.1561,945.7806

12298.8320,3.9714,238.1035,945.5966

12299.8330,3.9710,238.1867,945.8504

12300.8320,3.9709,238.2188,945.9434

12301.8320,3.9713,238.1328,945.6943

12302.8320,3.9713,238.1358,945.7025

12303.8320,3.9714,238.1227,945.6729

12304.8320,3.9714,238.1006,945.5995

12305.8320,3.9714,238.0995,945.6004

12306.8330,3.9711,238.1763,945.8302

12307.8320,3.9705,238.3189,946.2487

12308.8320,3.9697,238.5825,947.1009

12309.8320,3.9698,238.5022,946.8138

12310.8320,3.9707,238.3154,946.2700

12311.8320,3.9712,238.1611,945.7874

12312.8320,3.9709,238.2386,946.0122

12313.8330,3.9707,238.2554,946.0517

12314.8320,3.9707,238.2987,946.2067

12315.8320,3.9707,238.3034,946.2197

12316.8330,3.9704,238.3555,946.3765

12317.8330,3.9698,238.5106,946.8383

12318.8320,3.9700,238.5084,946.8879

12319.8320,3.9698,238.5768,947.1029

12320.8320,3.9695,238.5615,946.9649

12321.8330,3.9694,238.6000,947.1041

12322.8320,3.9693,238.6196,947.1543

12323.8330,3.9692,238.6427,947.2106

12324.8320,3.9691,238.6799,947.3461

12325.8320,3.9690,238.6844,947.3294

12326.8320,3.9690,238.7096,947.4314

12327.8320,3.9690,238.6973,947.3829

12328.8320,3.9691,238.6736,947.3249

12329.8320,3.9692,238.6341,947.1816

12330.8320,3.9697,238.5313,946.8941

12331.8320,3.9694,238.5993,947.0922

12332.8320,3.9697,238.5099,946.8132

12333.8330,3.9697,238.5408,946.9417

12334.8320,3.9696,238.5536,946.9643

12335.8320,3.9694,238.5918,947.0546

12336.8320,3.9697,238.5451,946.9456

12337.8320,3.9695,238.5656,946.9803

12338.8320,3.9695,238.5765,947.0199

12339.8320,3.9692,238.6201,947.1358

12340.8320,3.9695,238.5816,947.0380

12341.8320,3.9696,238.5580,946.9680

12342.8320,3.9696,238.5536,946.9572

12343.8320,3.9695,238.5474,946.9192

12344.8320,3.9694,238.5805,947.0285

12345.8320,3.9695,238.5765,947.0273

12346.8320,3.9694,238.5758,947.0129

12347.8320,3.9695,238.5753,947.0264

12348.8330,3.9694,238.5813,947.0327

12349.8320,3.9695,238.5678,946.9846

12350.8320,3.9680,238.4842,946.3008

12351.8320,3.9711,238.6413,947.6602

12352.8320,3.9696,238.5556,946.9649

12353.8320,3.9696,238.5293,946.8560

12354.8320,3.9696,238.5273,946.8566

12355.8320,3.9698,238.5343,946.9273

12356.8320,3.9697,238.5324,946.8956

12357.8320,3.9698,238.5498,946.9923

12358.8320,3.9697,238.5106,946.8159

12359.8320,3.9698,238.5306,946.9301

12360.8320,3.9697,238.5174,946.8311

12361.8320,3.9698,238.5248,946.8948

12362.8320,3.9698,238.5320,946.9196

12363.8330,3.9697,238.5407,946.9266

12364.8320,3.9697,238.5306,946.8921

12365.8330,3.9697,238.5790,947.0884

12366.8320,3.9695,238.5643,946.9912

12367.8320,3.9696,238.5592,946.9862

12368.8320,3.9697,238.5511,946.9729

12369.8320,3.9697,238.5361,946.9188

12370.8320,3.9697,238.5181,946.8525

12371.8320,3.9696,238.5269,946.8563

12372.8320,3.9698,238.5348,946.9272

12373.8320,3.9697,238.5213,946.8674

12374.8320,3.9698,238.5336,946.9301

12375.8320,3.9697,238.5319,946.8913

12376.8320,3.9697,238.5507,946.9702

12377.8320,3.9697,238.5225,946.8671

12378.8320,3.9698,238.5154,946.8627

12379.8320,3.9697,238.5177,946.8531

12380.8320,3.9698,238.5151,946.8463

12381.8320,3.9698,238.5201,946.8748

12382.8320,3.9697,238.5385,946.9211

12383.8320,3.9697,238.5145,946.8399

12384.8320,3.9697,238.5095,946.8212

12385.8320,3.9699,238.4850,946.7614

12386.8320,3.9699,238.5035,946.8366

12387.8330,3.9696,238.5043,946.7768

12388.8320,3.9699,238.5284,946.9295

12389.8320,3.9698,238.5079,946.8198

12390.8320,3.9698,238.5149,946.8593

12391.8320,3.9696,238.5404,946.9165

12392.8330,3.9695,238.5833,947.0647

12393.8320,3.9697,238.5589,947.0150

12394.8320,3.9696,238.5465,946.9372

12395.8320,3.9697,238.5188,946.8537

12396.8320,3.9699,238.5086,946.8572

12397.8320,3.9698,238.5095,946.8311

12398.8320,3.9696,238.5535,946.9698

12399.8320,3.9696,238.5562,946.9760

12400.8320,3.9695,238.5606,946.9767

12401.8330,3.9696,238.5788,947.0645

12402.8320,3.9696,238.5687,947.0116

12403.8320,3.9696,238.5569,946.9789

12404.8320,3.9696,238.5634,947.0038

12405.8320,3.9697,238.5581,947.0007

12406.8320,3.9697,238.5539,946.9887

12407.8320,3.9696,238.5466,946.9319

12408.8320,3.9695,238.5695,947.0132

12409.8320,3.9696,238.5661,947.0201

12410.8320,3.9696,238.5532,946.9592

12411.8320,3.9695,238.5598,946.9671

12412.8330,3.9697,238.5372,946.9102

12413.8320,3.9698,238.5158,946.8573

12414.8320,3.9698,238.4985,946.7995

12415.8320,3.9699,238.5006,946.8120

12416.8320,3.9699,238.5002,946.8185

12417.8320,3.9698,238.4934,946.7806

12418.8330,3.9698,238.5086,946.8425

12419.8320,3.9697,238.5189,946.8564

12420.8330,3.9697,238.5414,946.9312

12421.8320,3.9697,238.5473,946.9533

12422.8320,3.9697,238.5287,946.8860

12423.8320,3.9699,238.4810,946.7528

12424.8320,3.9699,238.4724,946.7065

12425.8320,3.9698,238.4929,946.7642

12426.8320,3.9699,238.4982,946.8137

12427.8320,3.9699,238.4937,946.8053

12428.8320,3.9700,238.4149,946.5173

12429.8320,3.9703,238.3908,946.4794

12430.8320,3.9703,238.3896,946.4768

12431.8320,3.9701,238.4227,946.5651

12432.8320,3.9702,238.4070,946.5304

12433.8320,3.9699,238.4822,946.7436

12434.8320,3.9696,238.5524,946.9476

12435.8320,3.9696,238.5408,946.9154

12436.8320,3.9696,238.5348,946.8987

12437.8320,3.9697,238.5428,946.9392

12438.8330,3.9698,238.5068,946.8202

12439.8320,3.9698,238.5093,946.8400

12440.8320,3.9699,238.4949,946.7939

12441.8320,3.9698,238.4946,946.7837

12442.8320,3.9698,238.4998,946.7998

12443.8320,3.9699,238.4931,946.7927

12444.8320,3.9698,238.5078,946.8342

12445.8320,3.9699,238.4804,946.7464

12446.8320,3.9700,238.4703,946.7180

12447.8320,3.9699,238.4718,946.7093

12448.8330,3.9700,238.4711,946.7275

12449.8320,3.9699,238.4802,946.7427

12450.8320,3.9696,238.5352,946.8924

12451.8320,3.9695,238.5941,947.0909

12452.8320,3.9694,238.6220,947.1844

12453.8330,3.9694,238.5926,947.0754

12454.8320,3.9695,238.5671,946.9926

12455.8330,3.9695,238.5790,947.0394

12456.8320,3.9696,238.5429,946.9311

12457.8320,3.9699,238.4735,946.7094

12458.8320,3.9700,238.4508,946.6585

12459.8320,3.9700,238.4656,946.7089

12460.8320,3.9699,238.4620,946.6773

12461.8320,3.9700,238.4498,946.6550

12462.8320,3.9697,238.4894,946.7395

12463.8320,3.9700,238.4521,946.6587

12464.8320,3.9703,238.3727,946.4128

12465.8320,3.9705,238.3322,946.2886

12466.8320,3.9704,238.3223,946.2464

12467.8320,3.9705,238.3270,946.2874

12468.8320,3.9706,238.2852,946.1306

12469.8320,3.9706,238.2812,946.1310

12470.8330,3.9706,238.2835,946.1402

12471.8320,3.9706,238.3007,946.1905

12472.8320,3.9704,238.3040,946.1740

12473.8320,3.9706,238.2900,946.1531

12474.8320,3.9707,238.2807,946.1388

12475.8320,3.9707,238.2499,946.0117

12476.8320,3.9708,238.2487,946.0479

12477.8320,3.9708,238.2428,946.0058

12478.8320,3.9708,238.2358,945.9908

12479.8320,3.9709,238.2224,945.9596

12480.8320,3.9707,238.2542,946.0327

12481.8320,3.9708,238.2512,946.0440

12482.8320,3.9706,238.2865,946.1311

12483.8320,3.9703,238.3837,946.4521

12484.8320,3.9704,238.3276,946.2608

12485.8320,3.9704,238.3653,946.3946

12486.8320,3.9705,238.3199,946.2465

12487.8320,3.9696,238.5222,946.8461

12488.8320,3.9692,238.6730,947.3488

12489.8320,3.9695,238.5749,947.0208

12490.8320,3.9697,238.5182,946.8467

12491.8320,3.9698,238.4981,946.7844

12492.8320,3.9699,238.4772,946.7318

12493.8320,3.9700,238.4379,946.6034

12494.8320,3.9700,238.4541,946.6533

12495.8320,3.9698,238.4917,946.7675

12496.8320,3.9699,238.4701,946.7082

12497.8320,3.9701,238.4290,946.5850

12498.8320,3.9701,238.4188,946.5396

12499.8320,3.9703,238.3832,946.4607

12500.8320,3.9701,238.4147,946.5356

12501.8320,3.9700,238.4512,946.6428

12502.8320,3.9701,238.4438,946.6534

12503.8320,3.9702,238.4049,946.5052

12504.8320,3.9701,238.4155,946.5423

12505.8320,3.9701,238.4235,946.5759

12506.8320,3.9699,238.4600,946.6733

12507.8330,3.9700,238.4380,946.6078

12508.8320,3.9699,238.4682,946.6908

12509.8320,3.9700,238.4605,946.6953

12510.8320,3.9699,238.4894,946.7708

12511.8320,3.9699,238.4591,946.6599

12512.8320,3.9699,238.4651,946.6942

12513.8320,3.9700,238.4590,946.6813

12514.8320,3.9699,238.4520,946.6373

12515.8320,3.9700,238.4719,946.7295

12516.8320,3.9694,238.5995,947.0965

12517.8320,3.9694,238.6089,947.1387

12518.8320,3.9695,238.5836,947.0501

12519.8320,3.9701,238.4252,946.5728

12520.8320,3.9700,238.4319,946.5690

12521.8320,3.9700,238.4562,946.6721

12522.8320,3.9699,238.4418,946.5977

12523.8320,3.9701,238.4470,946.6505

12524.8330,3.9701,238.4342,946.5974

12525.8320,3.9701,238.4149,946.5198

12526.8320,3.9699,238.4792,946.7350

12527.8320,3.9698,238.5094,946.8370

12528.8320,3.9697,238.4653,946.6346

12529.8320,3.9699,238.5104,946.8573

12530.8320,3.9694,238.5733,947.0035

12531.8320,3.9695,238.5845,947.0532

12532.8320,3.9694,238.5941,947.0798

12533.8330,3.9693,238.5902,947.0353

12534.8320,3.9695,238.5948,947.0930

12535.8320,3.9695,238.5697,947.0139

12536.8320,3.9694,238.5692,946.9834

12537.8320,3.9695,238.5753,947.0326

12538.8320,3.9693,238.6171,947.1433

12539.8320,3.9695,238.5772,947.0246

12540.8320,3.9694,238.5773,947.0119

12541.8320,3.9694,238.5954,947.0706

12542.8320,3.9694,238.5786,947.0070

12543.8320,3.9694,238.6045,947.1115

12544.8320,3.9692,238.6313,947.1798

12545.8320,3.9693,238.6134,947.1269

12546.8320,3.9693,238.5932,947.0584

12547.8320,3.9695,238.5780,947.0254

12548.8320,3.9695,238.5464,946.9079

12549.8320,3.9696,238.5326,946.8781

12550.8320,3.9693,238.5694,946.9548

12551.8320,3.9695,238.5518,946.9285

12552.8320,3.9695,238.5791,947.0283

12553.8320,3.9694,238.5757,946.9946

12554.8320,3.9694,238.5726,947.0002

12555.8320,3.9695,238.5592,946.9712

12556.8320,3.9695,238.5304,946.8503

12557.8320,3.9697,238.5130,946.8155

12558.8320,3.9695,238.5406,946.8923

12559.8330,3.9695,238.5456,946.9046

12560.8330,3.9696,238.5147,946.7966

12561.8320,3.9698,238.4962,946.7850

12562.8320,3.9697,238.4952,946.7619

12563.8330,3.9698,238.4707,946.6758

12564.8320,3.9698,238.4912,946.7549

12565.8320,3.9697,238.5068,946.8017

12566.8320,3.9697,238.5007,946.7801

12567.8320,3.9684,238.8379,947.8039

12568.8320,3.9687,238.7722,947.6108

12569.8320,3.9695,238.5681,947.0029

12570.8320,3.9696,238.5089,946.7887

12571.8320,3.9695,238.5398,946.8944

12572.8320,3.9694,238.5861,947.0489

12573.8320,3.9695,238.5621,946.9788

12574.8320,3.9694,238.5597,946.9467

12575.8320,3.9695,238.5690,946.9967

12576.8320,3.9694,238.5671,946.9693

12577.8320,3.9694,238.5722,946.9840

12578.8320,3.9695,238.5661,946.9859

12579.8330,3.9695,238.5675,946.9886

12580.8330,3.9694,238.5606,946.9446

12581.8320,3.9695,238.5709,947.0185

12582.8320,3.9694,238.5576,946.9378

12583.8320,3.9694,238.5694,946.9822

12584.8320,3.9695,238.5607,946.9734

12585.8320,3.9691,238.5389,946.7881

12586.8320,3.9697,238.5477,946.9664

12587.8320,3.9696,238.5662,947.0006

12588.8320,3.9694,238.5729,946.9997

12589.8320,3.9694,238.5786,947.0171

12590.8320,3.9694,238.5728,946.9886

12591.8320,3.9694,238.5590,946.9382

12592.8320,3.9694,238.5604,946.9493

12593.8320,3.9693,238.5869,947.0228

12594.8320,3.9691,238.6519,947.2267

12595.8330,3.9694,238.5403,946.8721

12596.8320,3.9694,238.5459,946.8947

12597.8320,3.9695,238.5389,946.8851

12598.8320,3.9695,238.5441,946.8931

12599.8330,3.9694,238.5633,946.9497

12600.8320,3.9693,238.5624,946.9255

12601.8320,3.9694,238.5562,946.9334

12602.8320,3.9694,238.5542,946.9253

12603.8320,3.9694,238.5639,946.9462

12604.8320,3.9694,238.5372,946.8577

12605.8320,3.9694,238.5768,947.0130

12606.8320,3.9692,238.5794,946.9813

12607.8320,3.9694,238.5433,946.8786

12608.8320,3.9696,238.5054,946.7613

12609.8320,3.9696,238.4869,946.6948

12610.8320,3.9694,238.5258,946.8101

12611.8320,3.9695,238.5370,946.8775

12612.8320,3.9695,238.5362,946.8589

12613.8320,3.9694,238.5460,946.8801

12614.8320,3.9691,238.6098,947.0604

12615.8330,3.9692,238.5513,946.8630

12616.8330,3.9692,238.6173,947.1271

12617.8320,3.9694,238.5459,946.8775

12618.8320,3.9694,238.5435,946.8718

12619.8320,3.9693,238.5642,946.9385

12620.8320,3.9694,238.5515,946.9012

12621.8330,3.9694,238.5514,946.9031

12622.8320,3.9692,238.5718,946.9487

12623.8320,3.9682,238.8377,947.7590

12624.8320,3.9684,238.8155,947.7176

12625.8320,3.9689,238.6869,947.3133

12626.8320,3.9689,238.6677,947.2394

12627.8320,3.9688,238.6893,947.3116

12628.8320,3.9687,238.6847,947.2769

12629.8320,3.9688,238.6906,947.3189

12630.8320,3.9689,238.6842,947.3075

12631.8330,3.9688,238.6984,947.3370

12632.8320,3.9685,238.7829,947.6023

12633.8320,3.9684,238.8023,947.6600

12634.8320,3.9681,238.8726,947.8642

12635.8320,3.9681,238.8698,947.8589

12636.8320,3.9682,238.8552,947.8200

12637.8320,3.9681,238.8674,947.8584

12638.8320,3.9682,238.8583,947.8319

12639.8320,3.9681,238.8511,947.7907

12640.8320,3.9682,238.8388,947.7637

12641.8320,3.9682,238.8167,947.6839

12642.8330,3.9682,238.7958,947.6003

12643.8320,3.9686,238.7937,947.6731

12644.8320,3.9685,238.7420,947.4438

12645.8320,3.9687,238.7176,947.4060

12646.8320,3.9688,238.6811,947.2730

12647.8320,3.9687,238.7187,947.4079

12648.8320,3.9687,238.7169,947.3866

12649.8320,3.9686,238.7317,947.4355

12650.8320,3.9687,238.7021,947.3434

12651.8320,3.9684,238.7835,947.5940

12652.8320,3.9685,238.7575,947.5114

12653.8320,3.9685,238.7481,947.4634

12654.8330,3.9688,238.7070,947.3767

12655.8320,3.9689,238.6875,947.3241

12656.8320,3.9682,238.8082,947.6417

12657.8320,3.9685,238.7116,947.3318

12658.8320,3.9686,238.7473,947.4864

12659.8320,3.9687,238.7006,947.3353

12660.8330,3.9686,238.6990,947.3069

12661.8320,3.9689,238.6862,947.3098

12662.8320,3.9681,238.8294,947.7025

12663.8320,3.9686,238.7098,947.3547

12664.8320,3.9687,238.6978,947.3126

12665.8320,3.9687,238.7189,947.4012

12666.8320,3.9687,238.6785,947.2450

12667.8320,3.9683,238.7909,947.6040

12668.8320,3.9686,238.7311,947.4239

12669.8320,3.9687,238.6734,947.2337

12670.8320,3.9687,238.6717,947.2223

12671.8320,3.9690,238.6475,947.1811

12672.8320,3.9688,238.6442,947.1388

12673.8320,3.9687,238.6849,947.2691

12674.8320,3.9687,238.6869,947.2681

12675.8330,3.9688,238.6827,947.2747

12676.8320,3.9683,238.7940,947.6083

12677.8320,3.9682,238.8029,947.6227

12678.8320,3.9676,238.9805,948.1695

12679.8320,3.9674,239.0111,948.2622

12680.8320,3.9674,239.0225,948.3059

12681.8320,3.9672,239.0731,948.4469

12682.8320,3.9675,239.0166,948.2900

12683.8320,3.9675,238.9749,948.1392

12684.8320,3.9674,239.0186,948.2711

12685.8320,3.9673,239.0533,948.4057

12686.8320,3.9673,239.0158,948.2583

12687.8320,3.9673,239.0360,948.3391

12688.8320,3.9673,239.0390,948.3438

12689.8320,3.9673,239.0513,948.3826

12690.8330,3.9673,239.0409,948.3450

12691.8320,3.9676,238.9783,948.1622

12692.8320,3.9676,238.9537,948.0834

12693.8320,3.9677,238.9517,948.0892

12694.8320,3.9675,238.9823,948.1743

12695.8320,3.9676,238.9860,948.1942

12696.8320,3.9679,238.9098,947.9588

12697.8320,3.9677,238.9469,948.0667

12698.8320,3.9676,238.9653,948.1076

12699.8320,3.9676,238.9477,948.0576

12700.8320,3.9679,238.8785,947.8519

12701.8320,3.9679,238.8943,947.9045

12702.8320,3.9679,238.8868,947.8685

12703.8320,3.9679,238.8787,947.8526

12704.8320,3.9678,238.9055,947.9243

12705.8320,3.9676,238.9232,947.9624

12706.8320,3.9678,238.9148,947.9544

12707.8320,3.9677,238.9202,947.9581

12708.8320,3.9678,238.8974,947.9049

12709.8320,3.9677,238.8834,947.8251

12710.8320,3.9680,238.8625,947.7957

12711.8320,3.9679,238.8914,947.8977

12712.8320,3.9679,238.8808,947.8486

12713.8330,3.9677,238.9174,947.9635

12714.8320,3.9676,238.9039,947.8762

12715.8320,3.9683,238.8038,947.6420

12716.8320,3.9690,238.5998,947.0013

12717.8320,3.9693,238.5371,946.8194

12718.8320,3.9691,238.5379,946.7880

12719.8320,3.9691,238.5643,946.8747

12720.8320,3.9689,238.5773,946.8947

12721.8320,3.9690,238.6112,947.0391

12722.8320,3.9689,238.5928,946.9596

12723.8320,3.9688,238.5931,946.9187

12724.8320,3.9685,238.7754,947.5711

12725.8320,3.9684,238.7143,947.3068

12726.8320,3.9684,238.7318,947.3948

12727.8320,3.9682,238.8106,947.6519

12728.8320,3.9681,238.8010,947.5927

12729.8320,3.9682,238.7948,947.5824

12730.8320,3.9682,238.7729,947.5020

12731.8320,3.9681,238.7922,947.5557

12732.8320,3.9683,238.7611,947.4784

12733.8320,3.9681,238.7863,947.5332

12734.8320,3.9682,238.7754,947.5156

12735.8320,3.9683,238.7481,947.4248

12736.8320,3.9685,238.7250,947.3759

12737.8320,3.9684,238.7279,947.3786

12738.8320,3.9684,238.7283,947.3740

12739.8320,3.9683,238.7487,947.4156

12740.8320,3.9684,238.7430,947.4179

12741.8320,3.9683,238.7497,947.4305

12742.8320,3.9682,238.7616,947.4530

12743.8320,3.9682,238.7785,947.5298

12744.8320,3.9683,238.7461,947.4144

12745.8320,3.9683,238.7703,947.5056

12746.8320,3.9683,238.7651,947.4865

12747.8320,3.9682,238.7823,947.5249

12748.8320,3.9681,238.7861,947.5381

12749.8320,3.9681,238.7589,947.4312

12750.8320,3.9683,238.7431,947.3947

12751.8320,3.9683,238.7563,947.4672

12752.8320,3.9677,238.8977,947.8817

12753.8320,3.9676,238.9129,947.9041

12754.8320,3.9683,238.7491,947.4236

12755.8320,3.9683,238.7340,947.3603

12756.8320,3.9682,238.7658,947.4714

12757.8320,3.9682,238.7291,947.3314

12758.8320,3.9684,238.7174,947.3340

12759.8320,3.9680,238.8199,947.6418

12760.8320,3.9684,238.7272,947.3569

12761.8320,3.9684,238.7073,947.2772

12762.8320,3.9685,238.6907,947.2447

12763.8320,3.9683,238.7025,947.2506

12764.8320,3.9684,238.7033,947.2685

12765.8320,3.9684,238.7166,947.3132

12766.8330,3.9684,238.7237,947.3445

12767.8320,3.9685,238.6768,947.1879

12768.8320,3.9682,238.7330,947.3500

12769.8330,3.9684,238.6701,947.1487

12770.8320,3.9684,238.6890,947.2193

12771.8330,3.9684,238.7081,947.2791

12772.8320,3.9684,238.6797,947.1665

12773.8330,3.9686,238.6728,947.1860

12774.8320,3.9686,238.6288,947.0211

12775.8320,3.9687,238.6492,947.1344

12776.8320,3.9685,238.6657,947.1391

12777.8320,3.9686,238.6335,947.0431

12778.8320,3.9687,238.6204,947.0152

12779.8320,3.9687,238.6320,947.0677

12780.8320,3.9686,238.6341,947.0513

12781.8330,3.9687,238.6212,947.0097

12782.8320,3.9687,238.6233,947.0170

12783.8320,3.9686,238.6403,947.0686

12784.8320,3.9688,238.6282,947.0559

12785.8320,3.9688,238.6018,946.9543

12786.8320,3.9688,238.5773,946.8628

12787.8320,3.9688,238.6059,946.9749

12788.8320,3.9687,238.5991,946.9391

12789.8320,3.9687,238.6055,946.9603

12790.8320,3.9687,238.5914,946.9084

12791.8320,3.9688,238.5856,946.8992

12792.8320,3.9688,238.6105,946.9903

12793.8320,3.9687,238.6005,946.9370

12794.8330,3.9688,238.5748,946.8546

12795.8320,3.9690,238.5371,946.7434

12796.8320,3.9691,238.4921,946.6054

12797.8320,3.9691,238.5079,946.6601

12798.8320,3.9690,238.5004,946.6192

12799.8320,3.9690,238.4964,946.5943

12800.8320,3.9690,238.4956,946.5984

12801.8320,3.9693,238.4682,946.5406

12802.8320,3.9683,238.7056,947.2484

12803.8320,3.9691,238.4885,946.5955

12804.8320,3.9691,238.4999,946.6357

12805.8320,3.9689,238.5409,946.7336

12806.8320,3.9688,238.5604,946.8017

12807.8320,3.9693,238.4258,946.3726

12808.8320,3.9691,238.4844,946.5712

12809.8320,3.9691,238.4669,946.5100

12810.8320,3.9692,238.4767,946.5503

12811.8320,3.9692,238.4311,946.3699

12812.8320,3.9692,238.4481,946.4558

12813.8320,3.9693,238.4317,946.4045

12814.8330,3.9692,238.4460,946.4430

12815.8320,3.9694,238.4103,946.3387

12816.8320,3.9694,238.4261,946.3968

12817.8320,3.9692,238.4321,946.3884

12818.8320,3.9693,238.4285,946.3975

12819.8320,3.9693,238.4279,946.3914

12820.8320,3.9692,238.4333,946.3852

12821.8320,3.9692,238.4500,946.4506

12822.8320,3.9692,238.4429,946.4175

12823.8320,3.9693,238.4062,946.3139

12824.8330,3.9694,238.3997,946.2962

12825.8330,3.9694,238.3745,946.2060

12826.8320,3.9683,238.6621,947.0857

12827.8320,3.9682,238.6975,947.1984

12828.8320,3.9690,238.5066,946.6334

12829.8320,3.9695,238.3520,946.1357

12830.8320,3.9695,238.3693,946.2136

12831.8320,3.9695,238.3640,946.1751

12832.8320,3.9695,238.3500,946.1261

12833.8320,3.9695,238.3437,946.1102

12834.8320,3.9695,238.3551,946.1522

12835.8320,3.9695,238.3382,946.0945

12836.8320,3.9696,238.3212,946.0418

12837.8320,3.9696,238.3312,946.0888

12838.8320,3.9695,238.3444,946.0976

12839.8320,3.9694,238.3787,946.2247

12840.8320,3.9694,238.3840,946.2433

12841.8320,3.9693,238.3881,946.2423

12842.8320,3.9694,238.3957,946.2869

12843.8320,3.9694,238.3898,946.2559

12844.8320,3.9696,238.3405,946.1179

12845.8320,3.9695,238.3426,946.0973

12846.8320,3.9695,238.3529,946.1526

12847.8320,3.9696,238.3334,946.0763

12848.8330,3.9695,238.3560,946.1571

12849.8320,3.9695,238.3486,946.1320

12850.8320,3.9695,238.3442,946.0994

12851.8320,3.9697,238.3471,946.1580

12852.8320,3.9696,238.3207,946.0288

12853.8320,3.9695,238.3336,946.0695

12854.8320,3.9697,238.3341,946.1044

12855.8320,3.9697,238.2943,945.9509

12856.8320,3.9697,238.2811,945.9061

12857.8320,3.9697,238.2773,945.8960

12858.8320,3.9698,238.2758,945.8993

12859.8320,3.9697,238.2778,945.8873

12860.8320,3.9697,238.2971,945.9752

12861.8320,3.9697,238.2747,945.8808

12862.8320,3.9696,238.3091,945.9993

12863.8320,3.9697,238.2793,945.9062

12864.8320,3.9698,238.2468,945.7963

12865.8320,3.9697,238.2870,945.9386

12866.8320,3.9694,238.3741,946.1934

12867.8320,3.9695,238.3271,946.0299

12868.8320,3.9695,238.3370,946.0869

12869.8320,3.9692,238.3870,946.2066

12870.8320,3.9691,238.4292,946.3536

12871.8320,3.9693,238.3470,946.0700

12872.8320,3.9692,238.4045,946.2837

12873.8320,3.9691,238.4172,946.2958

12874.8320,3.9690,238.4294,946.3275

12875.8320,3.9691,238.4222,946.3261

12876.8320,3.9692,238.4210,946.3363

12877.8320,3.9691,238.4339,946.3627

12878.8320,3.9691,238.4184,946.3066

12879.8320,3.9692,238.4051,946.2763

12880.8320,3.9694,238.3742,946.1931

12881.8320,3.9693,238.3483,946.0774

12882.8320,3.9694,238.3519,946.1084

12883.8320,3.9694,238.3419,946.0639

12884.8320,3.9695,238.3322,946.0539

12885.8320,3.9696,238.3096,945.9845

12886.8320,3.9697,238.2793,945.8896

12887.8320,3.9697,238.2833,945.9015

12888.8320,3.9695,238.2910,945.9047

12889.8320,3.9695,238.3133,945.9961

12890.8330,3.9695,238.3219,946.0224

12891.8320,3.9694,238.3261,946.0133

12892.8320,3.9695,238.3292,946.0470

12893.8320,3.9696,238.3007,945.9560

12894.8320,3.9696,238.2680,945.8338

12895.8320,3.9696,238.2797,945.8805

12896.8320,3.9698,238.2318,945.7381

12897.8330,3.9701,238.1661,945.5348

12898.8320,3.9702,238.1403,945.4686

12899.8320,3.9700,238.1657,945.5249

12900.8320,3.9698,238.2310,945.7270

12901.8320,3.9701,238.1304,945.4114

12902.8320,3.9702,238.1258,945.4123

12903.8320,3.9701,238.1707,945.5539

12904.8330,3.9700,238.1693,945.5391

12905.8320,3.9697,238.2572,945.8165

12906.8320,3.9697,238.2628,945.8237

12907.8320,3.9697,238.2640,945.8302

12908.8320,3.9695,238.2829,945.8732

12909.8330,3.9696,238.2809,945.8841

12910.8320,3.9696,238.2852,945.8985

12911.8320,3.9696,238.2683,945.8335

12912.8320,3.9699,238.2377,945.7701

12913.8320,3.9697,238.2273,945.6926

12914.8320,3.9698,238.1909,945.5779

12915.8320,3.9698,238.2262,945.7011

12916.8320,3.9699,238.1966,945.6252

12917.8320,3.9698,238.2159,945.6693

12918.8320,3.9698,238.2192,945.6774

12919.8320,3.9698,238.2283,945.7293

12920.8320,3.9699,238.1881,945.5870

12921.8320,3.9699,238.1902,945.5891

12922.8320,3.9700,238.1784,945.5731

12923.8320,3.9700,238.1747,945.5464

12924.8320,3.9701,238.1469,945.4555

12925.8320,3.9699,238.1701,945.5171

12926.8320,3.9697,238.2453,945.7585

12927.8320,3.9695,238.2667,945.8014

12928.8320,3.9696,238.2812,945.8870

12929.8320,3.9693,238.3187,945.9695

12930.8320,3.9693,238.3264,945.9998

12931.8320,3.9693,238.3416,946.0603

12932.8330,3.9692,238.3286,945.9792

12933.8320,3.9694,238.3132,945.9585

12934.8320,3.9693,238.3380,946.0267

12935.8330,3.9693,238.3612,946.1236

12936.8320,3.9691,238.3721,946.1323

12937.8320,3.9693,238.3474,946.0750

12938.8320,3.9692,238.3518,946.0565

12939.8320,3.9693,238.3683,946.1466

12940.8320,3.9692,238.3579,946.0888

12941.8320,3.9692,238.3488,946.0607

12942.8320,3.9691,238.3910,946.1969

12943.8320,3.9692,238.3576,946.0853

12944.8320,3.9694,238.3034,945.9148

12945.8320,3.9694,238.2911,945.8748

12946.8320,3.9695,238.2617,945.7906

12947.8320,3.9694,238.2846,945.8439

12948.8320,3.9696,238.2902,945.9136

12949.8320,3.9695,238.2692,945.8009

12950.8330,3.9694,238.2785,945.8185

12951.8320,3.9694,238.2778,945.8306

12952.8320,3.9694,238.2793,945.8275

12953.8320,3.9695,238.2733,945.8184

12954.8320,3.9695,238.2934,945.8977

12955.8320,3.9694,238.2886,945.8720

12956.8320,3.9694,238.2811,945.8422

12957.8320,3.9694,238.2840,945.8475

12958.8330,3.9695,238.2732,945.8149

12959.8320,3.9694,238.2736,945.7983

12960.8320,3.9694,238.3246,946.0002

12961.8320,3.9692,238.3180,945.9238

12962.8320,3.9692,238.3159,945.9286

12963.8320,3.9693,238.3023,945.8968

12964.8320,3.9696,238.2864,945.8918

12965.8320,3.9695,238.3098,945.9760

12966.8320,3.9695,238.3165,945.9943

12967.8320,3.9694,238.2933,945.8866

12968.8320,3.9695,238.3076,945.9523

12969.8320,3.9692,238.3063,945.8908

12970.8320,3.9693,238.3468,946.0594

12971.8320,3.9693,238.3409,946.0362

12972.8320,3.9692,238.3411,946.0121

12973.8320,3.9692,238.3462,946.0427

12974.8330,3.9693,238.3259,945.9777

12975.8330,3.9692,238.3305,945.9903

12976.8330,3.9692,238.3260,945.9699

12977.8320,3.9692,238.3362,946.0108

12978.8330,3.9692,238.3382,946.0023

12979.8320,3.9693,238.2927,945.8558

12980.8320,3.9693,238.2545,945.7009

12981.8320,3.9695,238.2585,945.7758

12982.8320,3.9695,238.2715,945.8245

12983.8320,3.9694,238.3014,945.9182

12984.8320,3.9695,238.2768,945.8328

12985.8320,3.9694,238.2581,945.7438

12986.8320,3.9689,238.4096,946.2208

12987.8320,3.9692,238.3233,945.9590

12988.8330,3.9693,238.3140,945.9329

12989.8320,3.9693,238.3102,945.9362

12990.8320,3.9693,238.3027,945.8862

12991.8320,3.9693,238.3018,945.8902

12992.8320,3.9692,238.3201,945.9335

12993.8320,3.9689,238.3959,946.1722

12994.8320,3.9690,238.3820,946.1293

12995.8320,3.9690,238.3636,946.0596

12996.8320,3.9690,238.3461,945.9989

12997.8330,3.9691,238.3377,945.9827

12998.8320,3.9691,238.3375,945.9810

12999.8320,3.9691,238.3433,946.0069

13000.8320,3.9691,238.3318,945.9657

13001.8320,3.9692,238.3367,946.0130

13002.8320,3.9691,238.3254,945.9305

13003.8320,3.9691,238.3522,946.0427

13004.8320,3.9690,238.3386,945.9763

13005.8320,3.9693,238.3056,945.9026

13006.8330,3.9690,238.3334,945.9490

13007.8320,3.9692,238.2959,945.8552

13008.8320,3.9694,238.2688,945.7828

13009.8320,3.9694,238.2635,945.7558

13010.8320,3.9693,238.2700,945.7747

13011.8320,3.9695,238.2303,945.6544

13012.8320,3.9694,238.2483,945.6970

13013.8330,3.9696,238.2038,945.5845

13014.8320,3.9694,238.2200,945.6002

13015.8320,3.9697,238.1937,945.5467

13016.8320,3.9697,238.1737,945.4817

13017.8320,3.9698,238.1613,945.4435

13018.8320,3.9696,238.1742,945.4669

13019.8320,3.9697,238.1816,945.5019

13020.8320,3.9697,238.1644,945.4358

13021.8320,3.9697,238.1689,945.4498

13022.8320,3.9695,238.2073,945.5744

13023.8330,3.9696,238.1917,945.5342

13024.8320,3.9698,238.1081,945.2531

13025.8320,3.9697,238.1933,945.5475

13026.8320,3.9696,238.1749,945.4711

13027.8320,3.9697,238.1488,945.3763

13028.8320,3.9700,238.0876,945.2030

13029.8320,3.9699,238.1041,945.2410

13030.8320,3.9699,238.1343,945.3624

13031.8320,3.9699,238.0926,945.2132

13032.8320,3.9700,238.0810,945.1735

13033.8320,3.9699,238.1084,945.2655

13034.8320,3.9697,238.1533,945.4001

13035.8320,3.9698,238.1375,945.3515

13036.8320,3.9698,238.1098,945.2594

13037.8320,3.9702,238.0261,945.0190

13038.8320,3.9701,238.0606,945.1172

13039.8330,3.9701,238.0377,945.0434

13040.8330,3.9701,238.0296,945.0057

13041.8320,3.9698,238.0977,945.2021

13042.8330,3.9696,238.1420,945.3381

13043.8320,3.9696,238.1487,945.3611

13044.8320,3.9698,238.1508,945.4017

13045.8320,3.9697,238.1708,945.4731

13046.8320,3.9695,238.1372,945.2816

13047.8320,3.9696,238.1339,945.3073

13048.8320,3.9697,238.1104,945.2340

13049.8320,3.9699,238.0949,945.2082

13050.8320,3.9699,238.0997,945.2254

13051.8330,3.9697,238.1140,945.2530

13052.8320,3.9699,238.1018,945.2298

13053.8320,3.9698,238.0989,945.1968

13054.8320,3.9698,238.1024,945.2240

13055.8320,3.9697,238.0920,945.1637

13056.8320,3.9698,238.0912,945.1860

13057.8320,3.9698,238.0983,945.1933

13058.8320,3.9697,238.0963,945.1657

13059.8320,3.9698,238.1454,945.3864

13060.8320,3.9700,238.1000,945.2467

13061.8320,3.9700,238.0845,945.2067

13062.8320,3.9696,238.0724,945.0640

13063.8320,3.9699,238.0849,945.1754

13064.8320,3.9699,238.0681,945.1104

13065.8320,3.9699,238.0703,945.1199

13066.8320,3.9699,238.0878,945.1782

13067.8320,3.9698,238.0795,945.1399

13068.8320,3.9699,238.0659,945.1018

13069.8320,3.9699,238.0655,945.1018

13070.8320,3.9700,238.0774,945.1667

13071.8320,3.9697,238.1013,945.1983

13072.8320,3.9697,238.1315,945.3162

13073.8320,3.9700,238.0766,945.1560

13074.8320,3.9699,238.0631,945.0802

13075.8320,3.9699,238.0975,945.2205

13076.8320,3.9699,238.0799,945.1534

13077.8320,3.9699,238.0485,945.0285

13078.8320,3.9700,238.0513,945.0698

13079.8320,3.9700,238.0416,945.0320

13080.8320,3.9699,238.0652,945.0859

13081.8320,3.9697,238.1287,945.3024

13082.8320,3.9694,238.2004,945.5215

13083.8320,3.9693,238.2394,945.6340

13084.8320,3.9694,238.1948,945.4846

13085.8320,3.9697,238.1085,945.2228

13086.8320,3.9699,238.1042,945.2399

13087.8320,3.9695,238.1779,945.4419

13088.8320,3.9697,238.1433,945.3487

13089.8320,3.9697,238.1132,945.2472

13090.8320,3.9698,238.0959,945.1862

13091.8320,3.9695,238.1578,945.3779

13092.8320,3.9691,238.2829,945.7653

13093.8320,3.9694,238.1948,945.4908

13094.8320,3.9693,238.2105,945.5349

13095.8320,3.9685,238.4103,946.1339

13096.8320,3.9690,238.3066,945.8332

13097.8320,3.9691,238.2629,945.6948

13098.8320,3.9694,238.2022,945.5187

13099.8320,3.9694,238.1743,945.4092

13100.8320,3.9695,238.1593,945.3698

13101.8320,3.9695,238.1580,945.3596

13102.8320,3.9695,238.1634,945.3921

13103.8320,3.9695,238.1436,945.3222

13104.8320,3.9695,238.1519,945.3410

13105.8320,3.9696,238.1536,945.3746

13106.8320,3.9695,238.1373,945.2964

13107.8320,3.9695,238.1578,945.3605

13108.8320,3.9694,238.1635,945.3627

13109.8320,3.9695,238.1533,945.3483

13110.8320,3.9684,238.4160,946.1341

13111.8320,3.9684,238.4185,946.1504

13112.8320,3.9685,238.4163,946.1523

13113.8320,3.9682,238.4856,946.3642

13114.8320,3.9680,238.5302,946.4962

13115.8330,3.9680,238.5489,946.5524

13116.8330,3.9679,238.5569,946.5702

13117.8330,3.9679,238.5665,946.6080

13118.8320,3.9679,238.5669,946.6051

13119.8320,3.9678,238.5847,946.6599

13120.8320,3.9678,238.5954,946.6910

13121.8320,3.9677,238.6255,946.7884

13122.8320,3.9678,238.6031,946.7190

13123.8320,3.9678,238.5928,946.6838

13124.8320,3.9678,238.5858,946.6662

13125.8320,3.9679,238.5598,946.5709

13126.8320,3.9678,238.5779,946.6411

13127.8320,3.9677,238.6018,946.7102

13128.8320,3.9677,238.5901,946.6609

13129.8320,3.9677,238.6157,946.7546

13130.8320,3.9678,238.6017,946.7125

13131.8320,3.9677,238.6066,946.7194

13132.8320,3.9678,238.6063,946.7369

13133.8320,3.9678,238.5904,946.6811

13134.8320,3.9681,238.4817,946.3220

13135.8320,3.9682,238.4846,946.3444

13136.8320,3.9679,238.5204,946.4361

13137.8320,3.9681,238.5327,946.5182

13138.8320,3.9681,238.4747,946.2932

13139.8320,3.9681,238.4907,946.3496

13140.8320,3.9681,238.4867,946.3338

13141.8330,3.9681,238.4933,946.3615

13142.8320,3.9681,238.4834,946.3158

13143.8320,3.9682,238.4822,946.3450

13144.8320,3.9681,238.4810,946.3199

13145.8320,3.9681,238.4980,946.3886

13146.8320,3.9680,238.5050,946.3959

13147.8320,3.9682,238.4686,946.2863

13148.8320,3.9681,238.5044,946.4131

13149.8320,3.9680,238.5112,946.4009

13150.8320,3.9680,238.5154,946.4278

13151.8320,3.9680,238.5275,946.4670

13152.8320,3.9679,238.5391,946.5007

13153.8320,3.9680,238.5045,946.3856

13154.8320,3.9680,238.4963,946.3539

13155.8320,3.9681,238.4933,946.3612

13156.8320,3.9679,238.5164,946.4171

13157.8320,3.9679,238.5314,946.4604

13158.8320,3.9679,238.5241,946.4349

13159.8320,3.9680,238.5231,946.4531

13160.8320,3.9680,238.4830,946.3084

13161.8320,3.9681,238.4662,946.2675

13162.8320,3.9682,238.4385,946.1733

13163.8320,3.9679,238.5026,946.3620

13164.8320,3.9681,238.4827,946.3189

13165.8320,3.9683,238.4067,946.0771

13166.8320,3.9679,238.4990,946.3503

13167.8320,3.9681,238.5009,946.3928

13168.8320,3.9681,238.4606,946.2407

13169.8320,3.9680,238.5114,946.4042

13170.8320,3.9680,238.5206,946.4448

13171.8320,3.9679,238.5091,946.3825

13172.8320,3.9679,238.5081,946.3827

13173.8320,3.9680,238.4976,946.3597

13174.8320,3.9680,238.4967,946.3502

13175.8320,3.9680,238.5064,946.3869

13176.8320,3.9680,238.4858,946.3135

13177.8320,3.9681,238.4748,946.2885

13178.8320,3.9681,238.4702,946.2644

13179.8320,3.9682,238.4616,946.2548

13180.8320,3.9680,238.5082,946.3902

13181.8320,3.9679,238.5213,946.4246

13182.8320,3.9680,238.5017,946.3664

13183.8320,3.9679,238.5182,946.4273

13184.8320,3.9679,238.5174,946.4100

13185.8320,3.9679,238.5223,946.4303

13186.8320,3.9680,238.4786,946.2749

13187.8320,3.9681,238.4747,946.2859

13188.8320,3.9680,238.4741,946.2623

13189.8320,3.9680,238.4909,946.3385

13190.8320,3.9680,238.4922,946.3296

13191.8320,3.9679,238.5031,946.3617

13192.8320,3.9680,238.4960,946.3482

13193.8320,3.9683,238.3932,946.0270

13194.8320,3.9682,238.4239,946.1100

13195.8320,3.9679,238.4963,946.3402

13196.8320,3.9681,238.4812,946.3064

13197.8320,3.9680,238.4773,946.2837

13198.8320,3.9678,238.5461,946.4933

13199.8320,3.9677,238.5355,946.4435

13200.8320,3.9677,238.5544,946.5200

13201.8330,3.9678,238.5531,946.5321

13202.8320,3.9678,238.5324,946.4558

13203.8330,3.9679,238.5045,946.3632

13204.8330,3.9679,238.4983,946.3404

13205.8320,3.9680,238.4923,946.3291

13206.8330,3.9679,238.4932,946.3193

13207.8320,3.9680,238.5066,946.3859

13208.8320,3.9679,238.4823,946.2828

13209.8320,3.9679,238.4953,946.3136

13210.8320,3.9680,238.4832,946.2988

13211.8320,3.9680,238.4432,946.1377

13212.8320,3.9680,238.4641,946.2234

13213.8330,3.9676,238.5612,946.5244

13214.8320,3.9676,238.5378,946.4338

13215.8320,3.9677,238.5127,946.3517

13216.8320,3.9677,238.5432,946.4684

13217.8320,3.9678,238.5147,946.3785

13218.8320,3.9677,238.5529,946.5015

13219.8330,3.9679,238.4983,946.3307

13220.8330,3.9678,238.5182,946.4013

13221.8320,3.9679,238.4955,946.3158

13222.8320,3.9679,238.4676,946.2127

13223.8320,3.9678,238.5158,946.3938

13224.8320,3.9680,238.4776,946.2719

13225.8320,3.9678,238.5157,946.3810

13226.8320,3.9679,238.5028,946.3475

13227.8330,3.9679,238.4775,946.2516

13228.8320,3.9679,238.4989,946.3332

13229.8320,3.9677,238.5380,946.4559

13230.8320,3.9677,238.5319,946.4149

13231.8320,3.9677,238.5458,946.4699

13232.8330,3.9678,238.5432,946.4850

13233.8320,3.9678,238.5171,946.3783

13234.8320,3.9679,238.4940,946.3093

13235.8320,3.9680,238.4898,946.3156

13236.8320,3.9679,238.4917,946.2991

13237.8320,3.9679,238.4907,946.3065

13238.8320,3.9679,238.4719,946.2343

13239.8320,3.9679,238.4802,946.2659

13240.8320,3.9678,238.4881,946.2838

13241.8320,3.9681,238.4524,946.2004

13242.8320,3.9681,238.4452,946.1683

13243.8320,3.9682,238.4354,946.1505

13244.8320,3.9681,238.4211,946.0822

13245.8320,3.9680,238.4554,946.1945

13246.8320,3.9680,238.4675,946.2495

13247.8320,3.9679,238.4681,946.2208

13248.8320,3.9681,238.4635,946.2403

13249.8320,3.9678,238.5077,946.3597

13250.8320,3.9679,238.4823,946.2713

13251.8320,3.9679,238.4813,946.2717

13252.8320,3.9678,238.4728,946.2211

13253.8330,3.9678,238.5116,946.3583

13254.8320,3.9679,238.4860,946.2897

13255.8320,3.9679,238.4789,946.2492

13256.8320,3.9680,238.4633,946.2117

13257.8320,3.9679,238.4658,946.1986

13258.8320,3.9680,238.4650,946.2208

13259.8330,3.9679,238.4714,946.2238

13260.8320,3.9680,238.4748,946.2795

13261.8320,3.9679,238.4754,946.2470

13262.8320,3.9678,238.4966,946.3086

13263.8320,3.9678,238.5024,946.3240

13264.8320,3.9679,238.4602,946.1815

13265.8320,3.9679,238.4980,946.3319

13266.8320,3.9677,238.4984,946.2936

13267.8320,3.9679,238.4797,946.2561

13268.8320,3.9679,238.4580,946.1883

13269.8320,3.9679,238.4434,946.1175

13270.8320,3.9679,238.4504,946.1583

13271.8320,3.9679,238.4622,946.2029

13272.8320,3.9674,238.5863,946.5751

13273.8320,3.9675,238.5520,946.4636

13274.8320,3.9676,238.5323,946.4022

13275.8320,3.9676,238.5517,946.4878

13276.8320,3.9675,238.5503,946.4509

13277.8320,3.9677,238.5097,946.3444

13278.8320,3.9677,238.4931,946.2787

13279.8320,3.9677,238.5058,946.3281

13280.8320,3.9673,238.6213,946.6875

13281.8320,3.9678,238.4844,946.2550

13282.8320,3.9678,238.5016,946.3251

13283.8320,3.9677,238.5055,946.3262

13284.8320,3.9678,238.4801,946.2438

13285.8320,3.9677,238.4922,946.2730

13286.8320,3.9677,238.4940,946.2769

13287.8320,3.9677,238.5002,946.2880

13288.8320,3.9676,238.5179,946.3533

13289.8320,3.9676,238.5007,946.2767

13290.8320,3.9676,238.5248,946.3779

13291.8320,3.9675,238.5312,946.3838

13292.8330,3.9676,238.5371,946.4222

13293.8320,3.9677,238.5041,946.3044

13294.8320,3.9676,238.5220,946.3627

13295.8320,3.9677,238.5166,946.3547

13296.8320,3.9676,238.5195,946.3539

13297.8330,3.9677,238.5071,946.3233

13298.8320,3.9677,238.5092,946.3229

13299.8320,3.9677,238.4931,946.2724

13300.8320,3.9676,238.5190,946.3494

13301.8320,3.9678,238.4829,946.2414

13302.8320,3.9676,238.5114,946.3272

13303.8320,3.9675,238.5478,946.4310

13304.8320,3.9675,238.5439,946.4311

13305.8320,3.9674,238.5656,946.4912

13306.8320,3.9674,238.5475,946.4220

13307.8320,3.9676,238.5492,946.4577

13308.8320,3.9675,238.5261,946.3611

13309.8320,3.9675,238.5325,946.3843

13310.8320,3.9675,238.5486,946.4362

13311.8320,3.9675,238.5617,946.4875

13312.8320,3.9674,238.5827,946.5426

13313.8320,3.9673,238.5886,946.5619

13314.8320,3.9674,238.5887,946.5808

13315.8320,3.9675,238.5488,946.4452

13316.8320,3.9675,238.5452,946.4301

13317.8320,3.9675,238.5518,946.4497

13318.8320,3.9674,238.5492,946.4262

13319.8320,3.9675,238.5459,946.4243

13320.8320,3.9675,238.5491,946.4437

13321.8320,3.9676,238.5391,946.4176

13322.8320,3.9675,238.5474,946.4300

13323.8320,3.9676,238.5374,946.4198

13324.8320,3.9675,238.5143,946.2954

13325.8320,3.9676,238.4976,946.2711

13326.8320,3.9678,238.5111,946.3566

13327.8320,3.9675,238.5213,946.3358

13328.8320,3.9677,238.5128,946.3446

13329.8320,3.9676,238.5187,946.3400

13330.8320,3.9675,238.5178,946.3235

13331.8320,3.9676,238.5311,946.3962

13332.8320,3.9673,238.5849,946.5431

13333.8320,3.9673,238.5931,946.5587

13334.8320,3.9664,238.8055,947.1950

13335.8320,3.9664,238.8262,947.2777

13336.8320,3.9663,238.8246,947.2437

13337.8320,3.9666,238.8046,947.2406

13338.8320,3.9665,238.7900,947.1668

13339.8320,3.9665,238.7826,947.1427

13340.8320,3.9665,238.7742,947.0998

13341.8320,3.9666,238.7615,947.0709

13342.8320,3.9666,238.7664,947.0842

13343.8320,3.9664,238.7698,947.0565

13344.8320,3.9667,238.7612,947.0876

13345.8330,3.9666,238.7389,946.9701

13346.8320,3.9666,238.7693,947.1060

13347.8320,3.9664,238.7633,947.0399

13348.8320,3.9667,238.7298,946.9772

13349.8320,3.9667,238.7144,946.9165

13350.8320,3.9667,238.7023,946.8543

13351.8320,3.9669,238.6612,946.7567

13352.8320,3.9670,238.6486,946.7087

13353.8320,3.9670,238.6444,946.7104

13354.8320,3.9669,238.6367,946.6534

13355.8330,3.9668,238.6498,946.6773

13356.8320,3.9670,238.6672,946.7856

13357.8320,3.9668,238.6793,946.8027

13358.8320,3.9669,238.6461,946.6773

13359.8320,3.9670,238.6334,946.6515

13360.8320,3.9671,238.6146,946.6011

13361.8320,3.9669,238.6277,946.6149

13362.8320,3.9671,238.6069,946.5886

13363.8320,3.9668,238.6828,946.8006

13364.8320,3.9667,238.6952,946.8416

13365.8320,3.9667,238.6968,946.8482

13366.8320,3.9664,238.7951,947.1624

13367.8320,3.9666,238.7356,946.9779

13368.8320,3.9667,238.6959,946.8455

13369.8320,3.9665,238.7639,947.0492

13370.8330,3.9666,238.7247,946.9287

13371.8320,3.9668,238.6911,946.8434

13372.8320,3.9667,238.7119,946.9072

13373.8320,3.9666,238.7312,946.9600

13374.8320,3.9669,238.6664,946.7665

13375.8320,3.9670,238.6452,946.6944

13376.8320,3.9670,238.6470,946.7024

13377.8320,3.9659,238.9251,947.5547

13378.8320,3.9653,239.0638,947.9501

13379.8320,3.9654,239.0611,947.9648

13380.8320,3.9654,239.0328,947.8592

13381.8320,3.9656,238.9936,947.7567

13382.8320,3.9655,239.0175,947.8149

13383.8320,3.9658,238.9591,947.6556

13384.8320,3.9659,238.9037,947.4566

13385.8320,3.9659,238.9265,947.5477

13386.8320,3.9660,238.9114,947.5262

13387.8320,3.9661,238.8494,947.2979

13388.8320,3.9661,238.8412,947.2782

13389.8330,3.9662,238.8260,947.2405

13390.8320,3.9663,238.8026,947.1521

13391.8320,3.9664,238.7964,947.1547

13392.8320,3.9665,238.7673,947.0715

13393.8320,3.9665,238.7313,946.9323

13394.8320,3.9666,238.7433,946.9937

13395.8320,3.9665,238.7394,946.9562

13396.8320,3.9667,238.6942,946.8313

13397.8320,3.9668,238.6876,946.8206

13398.8320,3.9669,238.6602,946.7303

13399.8320,3.9668,238.6680,946.7402

13400.8320,3.9668,238.6595,946.7138

13401.8320,3.9669,238.6578,946.7212

13402.8320,3.9668,238.6541,946.7026

13403.8320,3.9668,238.6553,946.7082

13404.8320,3.9668,238.6549,946.7010

13405.8320,3.9668,238.6591,946.7072

13406.8320,3.9669,238.6512,946.7037

13407.8320,3.9667,238.6560,946.6760

13408.8320,3.9669,238.6624,946.7475

13409.8320,3.9670,238.6266,946.6202

13410.8320,3.9669,238.6126,946.5456

13411.8330,3.9670,238.6072,946.5516

13412.8320,3.9669,238.6250,946.6131

13413.8320,3.9670,238.6263,946.6193

13414.8320,3.9670,238.6080,946.5493

13415.8330,3.9670,238.5925,946.5078

13416.8320,3.9670,238.5917,946.4890

13417.8320,3.9672,238.5720,946.4549

13418.8320,3.9672,238.5480,946.3752

13419.8320,3.9672,238.5518,946.3717

13420.8330,3.9672,238.5477,946.3609

13421.8320,3.9671,238.5634,946.4099

13422.8320,3.9672,238.5495,946.3765

13423.8320,3.9673,238.5042,946.2135

13424.8320,3.9672,238.5126,946.2301

13425.8320,3.9674,238.5044,946.2459

13426.8320,3.9673,238.5798,946.5094

13427.8320,3.9673,238.5866,946.5394

13428.8320,3.9670,238.6196,946.6033

13429.8320,3.9671,238.5903,946.5150

13430.8320,3.9671,238.5706,946.4323

13431.8320,3.9671,238.5718,946.4264

13432.8330,3.9671,238.6087,946.5732

13433.8330,3.9670,238.6253,946.6258

13434.8320,3.9669,238.6124,946.5549

13435.8320,3.9669,238.6117,946.5441

13436.8330,3.9670,238.5970,946.5180

13437.8320,3.9670,238.6030,946.5296

13438.8320,3.9668,238.6158,946.5438

13439.8320,3.9669,238.6037,946.5253

13440.8320,3.9670,238.6061,946.5483

13441.8330,3.9670,238.5825,946.4572

13442.8320,3.9671,238.5631,946.4100

13443.8320,3.9671,238.5522,946.3585

13444.8320,3.9671,238.5437,946.3292

13445.8320,3.9673,238.5372,946.3487

13446.8320,3.9674,238.5287,946.3358

13447.8330,3.9673,238.5016,946.2180

13448.8320,3.9672,238.5137,946.2393

13449.8320,3.9672,238.5104,946.2286

13450.8320,3.9672,238.5183,946.2604

13451.8320,3.9672,238.5288,946.2896

13452.8320,3.9672,238.5351,946.3056

13453.8320,3.9672,238.5581,946.3976

13454.8320,3.9672,238.5273,946.2918

13455.8320,3.9672,238.5289,946.2864

13456.8320,3.9672,238.5345,946.3022

13457.8320,3.9672,238.5330,946.3076

13458.8320,3.9673,238.5134,946.2540

13459.8320,3.9672,238.5179,946.2469

13460.8320,3.9672,238.5231,946.2730

13461.8320,3.9671,238.5400,946.3078

13462.8320,3.9672,238.5324,946.3015

13463.8320,3.9672,238.5207,946.2524

13464.8320,3.9672,238.5444,946.3515

13465.8320,3.9671,238.5439,946.3390

13466.8320,3.9670,238.5417,946.3021

13467.8320,3.9673,238.5176,946.2728

13468.8330,3.9673,238.5024,946.2067

13469.8320,3.9673,238.5102,946.2311

13470.8320,3.9672,238.4837,946.1148

13471.8320,3.9674,238.4799,946.1562

13472.8320,3.9672,238.4859,946.1280

13473.8320,3.9674,238.4775,946.1415

13474.8320,3.9674,238.4746,946.1233

13475.8320,3.9674,238.4544,946.0429

13476.8320,3.9674,238.4525,946.0452

13477.8320,3.9676,238.4394,946.0203

13478.8330,3.9675,238.4224,945.9430

13479.8320,3.9676,238.4638,946.1251

13480.8330,3.9674,238.4477,946.0087

13481.8320,3.9676,238.4289,945.9927

13482.8320,3.9674,238.4541,946.0374

13483.8320,3.9673,238.4968,946.1824

13484.8320,3.9673,238.4865,946.1571

13485.8320,3.9674,238.4636,946.0722

13486.8320,3.9674,238.4565,946.0578

13487.8320,3.9675,238.4344,945.9799

13488.8320,3.9675,238.4165,945.9243

13489.8320,3.9675,238.4250,945.9431

13490.8320,3.9675,238.4282,945.9664

13491.8320,3.9674,238.4539,946.0418

13492.8320,3.9675,238.4381,945.9947

13493.8320,3.9676,238.4172,945.9364

13494.8320,3.9675,238.4120,945.9078

13495.8320,3.9675,238.4285,945.9579

13496.8330,3.9673,238.4860,946.1400

13497.8320,3.9672,238.4989,946.1675

13498.8320,3.9673,238.4864,946.1425

13499.8320,3.9673,238.4844,946.1323

13500.8320,3.9674,238.4688,946.0899

13501.8330,3.9674,238.4542,946.0424

13502.8320,3.9674,238.4451,946.0104

13503.8320,3.9674,238.4520,946.0373

13504.8320,3.9674,238.4706,946.1028

13505.8320,3.9675,238.4492,946.0432

13506.8320,3.9675,238.4282,945.9607

13507.8330,3.9674,238.4525,946.0370

13508.8320,3.9677,238.4082,945.9331

13509.8320,3.9675,238.4034,945.8720

13510.8320,3.9675,238.4173,945.9322

13511.8320,3.9676,238.4051,945.8931

13512.8320,3.9676,238.3885,945.8306

13513.8320,3.9676,238.4013,945.8851

13514.8330,3.9676,238.4013,945.8786

13515.8330,3.9676,238.4187,945.9571

13516.8320,3.9676,238.3980,945.8565

13517.8320,3.9675,238.4442,946.0235

13518.8320,3.9674,238.4253,945.9274

13519.8320,3.9674,238.4682,946.1035

13520.8320,3.9672,238.4852,946.1259

13521.8320,3.9674,238.4687,946.0920

13522.8330,3.9674,238.4499,946.0296

13523.8320,3.9676,238.4494,946.0623

13524.8320,3.9674,238.4489,946.0103

13525.8320,3.9674,238.4054,945.8517

13526.8320,3.9677,238.4072,945.9367

13527.8330,3.9676,238.3863,945.8227

13528.8320,3.9677,238.3963,945.8851

13529.8320,3.9676,238.3666,945.7420

13530.8320,3.9677,238.3617,945.7581

13531.8320,3.9677,238.3833,945.8279

13532.8320,3.9676,238.3944,945.8520

13533.8330,3.9676,238.3948,945.8620

13534.8320,3.9676,238.3922,945.8478

13535.8330,3.9675,238.3992,945.8536

13536.8320,3.9677,238.3901,945.8599

13537.8320,3.9676,238.3869,945.8121

13538.8320,3.9676,238.3940,945.8545

13539.8320,3.9677,238.3593,945.7346

13540.8320,3.9677,238.3679,945.7679

13541.8320,3.9676,238.3803,945.7983

13542.8320,3.9677,238.3616,945.7485

13543.8320,3.9676,238.3705,945.7489

13544.8320,3.9677,238.3837,945.8370

13545.8320,3.9676,238.3658,945.7470

13546.8320,3.9675,238.3935,945.8295

13547.8320,3.9673,238.4696,946.0746

13548.8320,3.9672,238.4507,945.9888

13549.8320,3.9673,238.4323,945.9400

13550.8320,3.9673,238.4303,945.9343

13551.8320,3.9672,238.4385,945.9432

13552.8320,3.9673,238.4396,945.9674

13553.8330,3.9672,238.4450,945.9674

13554.8320,3.9673,238.4327,945.9375

13555.8320,3.9674,238.4386,945.9788

13556.8320,3.9673,238.4167,945.8688

13557.8320,3.9675,238.3994,945.8596

13558.8320,3.9675,238.3751,945.7598

13559.8320,3.9676,238.3650,945.7321

13560.8320,3.9629,239.5352,949.2594

13561.8320,3.9643,239.2458,948.4381

13562.8320,3.9652,238.9620,947.5438

13563.8320,3.9657,238.8556,947.2271

13564.8330,3.9659,238.8251,947.1473

13565.8320,3.9660,238.7849,947.0129

13566.8320,3.9662,238.7232,946.8329

13567.8320,3.9664,238.6855,946.7198

13568.8320,3.9662,238.6542,946.5622

13569.8320,3.9666,238.6575,946.6641

13570.8320,3.9666,238.6517,946.6312

13571.8320,3.9666,238.6521,946.6327

13572.8320,3.9666,238.6306,946.5481

13573.8320,3.9666,238.6135,946.4840

13574.8320,3.9666,238.6334,946.5607

13575.8320,3.9667,238.5938,946.4334

13576.8320,3.9666,238.6058,946.4580

13577.8320,3.9668,238.5660,946.3446

13578.8320,3.9667,238.5721,946.3468

13579.8330,3.9669,238.5631,946.3456

13580.8320,3.9669,238.5411,946.2656

13581.8320,3.9669,238.5440,946.2685

13582.8330,3.9670,238.5168,946.1953

13583.8320,3.9670,238.5131,946.1707

13584.8320,3.9670,238.5140,946.1883

13585.8320,3.9672,238.4881,946.1234

13586.8320,3.9670,238.4697,946.0159

13587.8320,3.9672,238.4405,945.9484

13588.8320,3.9673,238.4324,945.9263

13589.8320,3.9672,238.4517,945.9851

13590.8320,3.9673,238.4294,945.9158

13591.8320,3.9673,238.4182,945.8848

13592.8320,3.9675,238.3633,945.7045

13593.8320,3.9676,238.3501,945.6690

13594.8330,3.9676,238.3352,945.6249

13595.8320,3.9676,238.3385,945.6215

13596.8320,3.9679,238.2687,945.4217

13597.8320,3.9680,238.2426,945.3556

13598.8320,3.9680,238.2009,945.1818

13599.8320,3.9681,238.2072,945.2401

13600.8320,3.9682,238.1830,945.1670

13601.8320,3.9682,238.1772,945.1316

13602.8320,3.9681,238.1850,945.1509

13603.8320,3.9682,238.1846,945.1690

13604.8320,3.9681,238.1814,945.1299

13605.8320,3.9682,238.1363,944.9793

13606.8320,3.9684,238.1505,945.0859

13607.8330,3.9685,238.1370,945.0494

13608.8320,3.9685,238.1137,944.9563

13609.8320,3.9685,238.1181,944.9823

13610.8330,3.9685,238.1273,945.0119

13611.8320,3.9685,238.1497,945.1023

13612.8320,3.9684,238.1537,945.0787

13613.8320,3.9683,238.1941,945.2190

13614.8320,3.9682,238.1857,945.1755

13615.8320,3.9683,238.1588,945.0912

13616.8320,3.9684,238.1383,945.0221

13617.8320,3.9684,238.1390,945.0415

13618.8320,3.9684,238.1432,945.0413

13619.8320,3.9684,238.1191,944.9486

13620.8320,3.9685,238.0943,944.8777

13621.8320,3.9686,238.0894,944.8701

13622.8320,3.9685,238.1212,944.9927

13623.8320,3.9686,238.0737,944.8287

13624.8320,3.9686,238.0542,944.7356

13625.8320,3.9688,238.0610,944.8075

13626.8320,3.9688,238.0657,944.8247

13627.8320,3.9687,238.0490,944.7436

13628.8320,3.9685,238.0734,944.8021

13629.8320,3.9684,238.0823,944.8134

13630.8320,3.9686,238.0802,944.8491

13631.8320,3.9687,238.0349,944.6973

13632.8320,3.9684,238.0703,944.7676

13633.8320,3.9687,238.0458,944.7222

13634.8330,3.9686,238.0430,944.7075

13635.8320,3.9688,238.0572,944.7919

13636.8320,3.9686,238.0442,944.7083

13637.8320,3.9685,238.0764,944.8013

13638.8320,3.9687,238.0753,944.8382

13639.8320,3.9685,238.0999,944.8963

13640.8330,3.9686,238.0904,944.8805

13641.8330,3.9685,238.0848,944.8494

13642.8320,3.9685,238.0558,944.7270

13643.8320,3.9686,238.0375,944.6805

13644.8320,3.9687,238.0342,944.6802

13645.8320,3.9686,238.0396,944.6852

13646.8330,3.9686,238.0331,944.6640

13647.8320,3.9688,238.0352,944.7074

13648.8320,3.9687,238.0236,944.6331

13649.8330,3.9686,238.0524,944.7452

13650.8320,3.9686,238.0642,944.7787

13651.8320,3.9686,238.0621,944.7659

13652.8320,3.9687,238.0541,944.7573

13653.8320,3.9685,238.0722,944.7906

13654.8320,3.9686,238.0492,944.7136

13655.8320,3.9686,238.0316,944.6409

13656.8320,3.9685,238.0822,944.8224

13657.8330,3.9685,238.0485,944.6853

13658.8320,3.9688,238.0316,944.6957

13659.8320,3.9689,238.0350,944.7378

13660.8320,3.9688,238.0260,944.6788

13661.8320,3.9689,237.9972,944.5900

13662.8320,3.9689,237.9773,944.5057

13663.8320,3.9689,237.9890,944.5513

13664.8320,3.9689,237.9764,944.5093

13665.8320,3.9688,237.9964,944.5608

13666.8320,3.9688,238.0231,944.6627

13667.8320,3.9687,238.0159,944.6186

13668.8320,3.9687,238.0038,944.5729

13669.8320,3.9686,238.0482,944.7088

13670.8330,3.9685,238.0715,944.7955

13671.8330,3.9686,238.0493,944.7212

13672.8320,3.9686,238.0478,944.7082

13673.8320,3.9686,238.0444,944.7063

13674.8320,3.9685,238.0600,944.7450

13675.8320,3.9685,238.0461,944.6918

13676.8320,3.9686,238.0481,944.7176

13677.8320,3.9686,238.0365,944.6835

13678.8320,3.9685,238.0480,944.6930

13679.8330,3.9686,238.0365,944.6697

13680.8320,3.9687,238.0257,944.6471

13681.8330,3.9686,238.0261,944.6377

13682.8330,3.9687,238.0354,944.6887

13683.8320,3.9686,238.0337,944.6513

13684.8330,3.9687,238.0116,944.5884

13685.8330,3.9688,237.9958,944.5643

13686.8330,3.9689,237.9751,944.4883

13687.8320,3.9689,237.9803,944.5130

13688.8320,3.9688,237.9864,944.5317

13689.8320,3.9688,237.9671,944.4476

13690.8330,3.9689,237.9807,944.5208

13691.8320,3.9688,237.9979,944.5711

13692.8320,3.9688,237.9752,944.4730

13693.8320,3.9688,237.9881,944.5361

13694.8320,3.9687,237.9929,944.5341

13695.8320,3.9688,237.9899,944.5347

13696.8320,3.9688,237.9786,944.4892

13697.8330,3.9688,237.9886,944.5397

13698.8320,3.9688,237.9956,944.5511

13699.8320,3.9688,237.9844,944.5151

13700.8320,3.9689,237.9590,944.4375

13701.8320,3.9689,237.9459,944.3883

13702.8320,3.9689,237.9646,944.4622

13703.8320,3.9691,237.9221,944.3442

13704.8320,3.9691,237.9309,944.3739

13705.8320,3.9691,237.9139,944.3045

13706.8320,3.9691,237.9464,944.4246

13707.8320,3.9691,237.9181,944.3174

13708.8320,3.9691,237.9057,944.2753

13709.8320,3.9690,237.9233,944.3247

13710.8320,3.9689,237.9543,944.4197

13711.8320,3.9690,237.9541,944.4415

13712.8320,3.9688,237.9697,944.4630

13713.8320,3.9689,237.9595,944.4282

13714.8320,3.9688,237.9824,944.5090

13715.8320,3.9688,237.9860,944.5280

13716.8320,3.9689,237.9523,944.4113

13717.8320,3.9690,237.9606,944.4567

13718.8320,3.9690,237.9193,944.3037

13719.8320,3.9691,237.9310,944.3605

13720.8320,3.9690,237.9205,944.3111

13721.8320,3.9690,237.9401,944.3772

13722.8320,3.9687,238.0144,944.5970

13723.8320,3.9684,238.0930,944.8531

13724.8320,3.9684,238.1267,944.9705

13725.8320,3.9682,238.1179,944.9025

13726.8330,3.9683,238.1236,944.9457

13727.8320,3.9682,238.1187,944.9101

13728.8320,3.9683,238.1201,944.9283

13729.8320,3.9682,238.1254,944.9313

13730.8320,3.9683,238.1145,944.9042

13731.8320,3.9683,238.0903,944.8086

13732.8320,3.9684,238.1035,944.8900

13733.8330,3.9684,238.0913,944.8478

13734.8320,3.9683,238.0896,944.8106

13735.8320,3.9684,238.0771,944.7807

13736.8320,3.9685,238.0636,944.7602

13737.8320,3.9686,238.0244,944.6118

13738.8320,3.9685,238.0620,944.7495

13739.8320,3.9685,238.0515,944.6990

13740.8320,3.9684,238.0679,944.7582

13741.8320,3.9685,238.0575,944.7248

13742.8320,3.9684,238.0702,944.7547

13743.8320,3.9687,238.0670,944.8125

13744.8320,3.9682,238.0849,944.7728

13745.8320,3.9684,238.0924,944.8544

13746.8320,3.9683,238.0570,944.6722

13747.8320,3.9685,238.0506,944.6949

13748.8320,3.9683,238.0521,944.6619

13749.8320,3.9684,238.0507,944.6697

13750.8320,3.9684,238.0297,944.5949

13751.8320,3.9685,238.0339,944.6339

13752.8320,3.9683,238.0455,944.6333

13753.8320,3.9681,238.1172,944.8798

13754.8320,3.9683,238.0637,944.7097

13755.8320,3.9682,238.1040,944.8375

13756.8320,3.9681,238.1032,944.8164

13757.8320,3.9681,238.1019,944.8175

13758.8330,3.9681,238.1075,944.8353

13759.8320,3.9680,238.1313,944.9048

13760.8320,3.9680,238.1358,944.9318

13761.8320,3.9680,238.1475,944.9591

13762.8320,3.9681,238.1263,944.9099

13763.8320,3.9681,238.1215,944.8834

13764.8320,3.9680,238.1246,944.8887

13765.8330,3.9681,238.1225,944.8885

13766.8320,3.9681,238.1103,944.8480

13767.8320,3.9680,238.1367,944.9333

13768.8320,3.9684,238.0660,944.7314

13769.8320,3.9683,238.0637,944.7172

13770.8320,3.9684,238.0455,944.6509

13771.8320,3.9684,238.0520,944.6881

13772.8320,3.9684,238.0188,944.5643

13773.8320,3.9685,238.0260,944.6017

13774.8320,3.9684,238.0389,944.6365

13775.8320,3.9685,238.0291,944.6241

13776.8330,3.9684,238.0325,944.6085

13777.8330,3.9685,238.0365,944.6368

13778.8320,3.9685,238.0147,944.5629

13779.8320,3.9684,238.0324,944.6169

13780.8320,3.9684,238.0516,944.6782

13781.8320,3.9684,238.0343,944.6173

13782.8320,3.9684,238.0321,944.6004

13783.8320,3.9684,238.0394,944.6268

13784.8320,3.9684,238.0512,944.6722

13785.8320,3.9684,238.0360,944.6235

13786.8320,3.9684,238.0433,944.6461

13787.8320,3.9684,238.0291,944.5964

13788.8330,3.9686,237.9847,944.4596

13789.8320,3.9685,237.9905,944.4673

13790.8320,3.9685,238.0061,944.5377

13791.8320,3.9684,238.0291,944.5992

13792.8320,3.9685,238.0123,944.5510

13793.8320,3.9684,238.0475,944.6754

13794.8320,3.9684,238.0277,944.5820

13795.8320,3.9685,238.0108,944.5470

13796.8320,3.9686,238.0001,944.5226

13797.8330,3.9686,238.0068,944.5569

13798.8320,3.9685,237.9909,944.4608

13799.8320,3.9688,237.9641,944.4203

13800.8320,3.9685,237.9897,944.4720

13801.8320,3.9685,237.9867,944.4561

13802.8320,3.9685,237.9856,944.4547

13803.8320,3.9686,237.9591,944.3661

13804.8330,3.9686,237.9650,944.3876

13805.8320,3.9686,237.9808,944.4567

13806.8320,3.9686,237.9966,944.5162

13807.8320,3.9685,238.0113,944.5517

13808.8320,3.9686,237.9853,944.4595

13809.8330,3.9685,237.9990,944.5031

13810.8320,3.9686,237.9914,944.4865

13811.8320,3.9686,237.9757,944.4399

13812.8320,3.9687,237.9747,944.4403

13813.8320,3.9685,237.9796,944.4293

13814.8330,3.9686,237.9780,944.4412

13815.8330,3.9687,237.9578,944.3791

13816.8330,3.9688,237.9482,944.3601

13817.8330,3.9688,237.9092,944.2224

13818.8320,3.9687,237.9602,944.3933

13819.8320,3.9687,237.9501,944.3575

13820.8330,3.9686,237.9698,944.4139

13821.8320,3.9686,237.9741,944.4266

13822.8320,3.9687,237.9331,944.2852

13823.8320,3.9687,237.9338,944.2966

13824.8320,3.9688,237.8996,944.1760

13825.8320,3.9688,237.8883,944.1410

13826.8320,3.9689,237.8773,944.1116

13827.8320,3.9688,237.9077,944.2168

13828.8320,3.9690,237.8766,944.1291

13829.8320,3.9690,237.8561,944.0470

13830.8320,3.9689,237.8651,944.0678

13831.8320,3.9689,237.8704,944.0803

13832.8320,3.9691,237.8627,944.0988

13833.8320,3.9689,237.8604,944.0346

13834.8320,3.9690,237.8537,944.0440

13835.8320,3.9690,237.8617,944.0700

13836.8320,3.9689,237.8591,944.0421

13837.8320,3.9689,237.8496,944.0085

13838.8320,3.9688,237.8884,944.1397

13839.8320,3.9690,237.8740,944.1158

13840.8320,3.9687,237.9005,944.1643

13841.8320,3.9687,237.9060,944.1842

13842.8320,3.9689,237.8986,944.1890

13843.8320,3.9689,237.9024,944.2126

13844.8320,3.9688,237.9164,944.2406

13845.8320,3.9686,237.9162,944.2008

13846.8320,3.9688,237.9223,944.2559

13847.8320,3.9687,237.9459,944.3401

13848.8320,3.9685,237.9645,944.3634

13849.8320,3.9685,237.9819,944.4376

13850.8320,3.9686,237.9465,944.3232

13851.8320,3.9687,237.9168,944.2170

13852.8330,3.9688,237.9342,944.3020

13853.8330,3.9687,237.9266,944.2565

13854.8320,3.9685,237.9820,944.4404

13855.8320,3.9684,237.9670,944.3449

13856.8330,3.9687,237.9428,944.3242

13857.8320,3.9687,237.9262,944.2643

13858.8320,3.9686,237.9112,944.1753

13859.8320,3.9688,237.9495,944.3643

13860.8320,3.9686,237.9583,944.3641

13861.8320,3.9686,237.9388,944.2940

13862.8320,3.9687,237.9341,944.2818

13863.8330,3.9686,237.9336,944.2555

13864.8320,3.9687,237.9200,944.2355

13865.8330,3.9688,237.8937,944.1496

13866.8320,3.9688,237.8785,944.0967

13867.8330,3.9689,237.8757,944.0981

13868.8320,3.9688,237.8880,944.1393

13869.8320,3.9689,237.8636,944.0595

13870.8320,3.9689,237.8475,943.9989

13871.8320,3.9689,237.8689,944.0803

13872.8320,3.9689,237.8664,944.0726

13873.8320,3.9688,237.9065,944.1949

13874.8320,3.9689,237.8703,944.0839

13875.8320,3.9690,237.8530,944.0332

13876.8330,3.9690,237.8408,943.9917

13877.8320,3.9689,237.8595,944.0439

13878.8320,3.9689,237.8600,944.0417

13879.8320,3.9690,237.8193,943.9092

13880.8320,3.9691,237.8327,943.9873

13881.8320,3.9690,237.8470,944.0033

13882.8320,3.9690,237.8559,944.0593

13883.8320,3.9689,237.8468,944.0019

13884.8320,3.9688,237.8905,944.1455

13885.8320,3.9688,237.8772,944.0916

13886.8330,3.9686,237.9386,944.2866

13887.8320,3.9687,237.9134,944.2106

13888.8320,3.9686,237.9158,944.1944

13889.8320,3.9685,237.9276,944.2171

13890.8320,3.9687,237.9249,944.2599

13891.8320,3.9686,237.9235,944.2324

13892.8320,3.9686,237.9388,944.2824

13893.8320,3.9686,237.9325,944.2560

13894.8320,3.9686,237.9421,944.2954

13895.8320,3.9686,237.9625,944.3684

13896.8320,3.9687,237.9183,944.2178

13897.8320,3.9686,237.9358,944.2748

13898.8320,3.9685,237.9311,944.2226

13899.8320,3.9687,237.9265,944.2685

13900.8330,3.9686,237.9377,944.2863

13901.8320,3.9685,237.9536,944.3223

13902.8320,3.9684,237.9561,944.3157

13903.8320,3.9686,237.9493,944.3169

13904.8320,3.9685,237.9386,944.2563

13905.8320,3.9687,237.9330,944.2786

13906.8320,3.9686,237.9232,944.2235

13907.8320,3.9688,237.9115,944.2319

13908.8320,3.9687,237.9088,944.1816

13909.8330,3.9687,237.9110,944.2003

13910.8330,3.9688,237.8849,944.1109

13911.8320,3.9688,237.8877,944.1366

13912.8320,3.9685,237.9415,944.2728

13913.8320,3.9687,237.9099,944.2030

13914.8330,3.9688,237.9025,944.1809

13915.8320,3.9686,237.9215,944.2236

13916.8320,3.9688,237.8984,944.1671

13917.8320,3.9687,237.8938,944.1361

13918.8320,3.9688,237.8827,944.1034

13919.8320,3.9688,237.8927,944.1463

13920.8320,3.9689,237.8636,944.0627

13921.8320,3.9689,237.8523,944.0137

13922.8320,3.9688,237.8696,944.0659

13923.8320,3.9688,237.8902,944.1324

13924.8320,3.9687,237.9145,944.2017

13925.8330,3.9688,237.8709,944.0549

13926.8320,3.9688,237.9054,944.1960

13927.8320,3.9687,237.8781,944.0760

13928.8320,3.9684,237.9785,944.3957

13929.8320,3.9686,237.9331,944.2646

13930.8320,3.9686,237.9158,944.1833

13931.8320,3.9686,237.9409,944.2949

13932.8320,3.9679,238.1138,944.8008

13933.8320,3.9681,238.0510,944.6047

13934.8320,3.9683,238.0083,944.4953

13935.8320,3.9684,237.9766,944.3967

13936.8320,3.9684,237.9901,944.4517

13937.8320,3.9683,237.9996,944.4643

13938.8320,3.9681,238.0601,944.6522

13939.8320,3.9683,238.0318,944.5757

13940.8320,3.9682,238.0395,944.5830

13941.8330,3.9680,238.0897,944.7376

13942.8320,3.9682,238.0442,944.6121

13943.8320,3.9672,238.2840,945.3104

13944.8320,3.9681,238.0869,944.7432

13945.8320,3.9684,237.9794,944.3984

13946.8320,3.9683,237.9959,944.4319

13947.8320,3.9682,238.0486,944.6179

13948.8320,3.9684,237.9806,944.3947

13949.8320,3.9684,237.9797,944.4016

13950.8320,3.9684,237.9543,944.3040

13951.8330,3.9685,237.9333,944.2469

13952.8320,3.9686,237.9179,944.1891

13953.8320,3.9678,238.1387,944.8950

13954.8320,3.9684,237.9449,944.2703

13955.8320,3.9687,237.8877,944.1043

13956.8320,3.9688,237.8699,944.0518

13957.8320,3.9688,237.8849,944.1174

13958.8330,3.9687,237.8954,944.1362

13959.8320,3.9686,237.8813,944.0663

13960.8320,3.9689,237.8450,943.9786

13961.8320,3.9688,237.8591,944.0254

13962.8320,3.9687,237.8876,944.1143

13963.8330,3.9684,237.9580,944.3242

13964.8320,3.9685,237.9353,944.2380

13965.8320,3.9687,237.8907,944.1154

13966.8320,3.9688,237.8529,943.9929

13967.8320,3.9690,237.8167,943.8888

13968.8320,3.9690,237.8171,943.8925

13969.8320,3.9690,237.8007,943.8363

13970.8320,3.9691,237.7892,943.7991

13971.8320,3.9693,237.7547,943.7129

13972.8320,3.9690,237.7647,943.6950

13973.8320,3.9692,237.7670,943.7473

13974.8320,3.9691,237.7651,943.7253

13975.8320,3.9691,237.7753,943.7464

13976.8320,3.9692,237.7564,943.7138

13977.8320,3.9692,237.7491,943.6801

13978.8320,3.9693,237.7474,943.6827

13979.8320,3.9692,237.7470,943.6584

13980.8320,3.9692,237.7461,943.6573

13981.8320,3.9691,237.7617,943.6922

13982.8320,3.9691,237.7848,943.8034

13983.8320,3.9690,237.7709,943.7226

13984.8320,3.9692,237.7502,943.6815

13985.8320,3.9692,237.7512,943.6721

13986.8320,3.9690,237.7750,943.7407

13987.8320,3.9690,237.8052,943.8548

13988.8320,3.9691,237.7737,943.7427

13989.8330,3.9691,237.7711,943.7392

13990.8320,3.9693,237.7210,943.5767

13991.8320,3.9696,237.6666,943.4297

13992.8320,3.9695,237.6412,943.3240

13993.8320,3.9693,237.7313,943.6337

13994.8320,3.9692,237.7522,943.6790

13995.8320,3.9690,237.7786,943.7506

13996.8320,3.9691,237.7533,943.6749

13997.8320,3.9692,237.7184,943.5568

13998.8320,3.9693,237.7060,943.5374

13999.8320,3.9695,237.6604,943.3960

14000.8320,3.9695,237.6385,943.3116

14001.8320,3.9691,237.7350,943.6034

14002.8320,3.9692,237.7496,943.6660

14003.8320,3.9693,237.7171,943.5612

14004.8320,3.9692,237.7313,943.5995

14005.8320,3.9694,237.6890,943.4827

14006.8320,3.9694,237.6675,943.4042

14007.8320,3.9696,237.6411,943.3374

14008.8320,3.9693,237.7017,943.5176

14009.8320,3.9693,237.6894,943.4702

14010.8320,3.9695,237.6669,943.4225

14011.8320,3.9696,237.6243,943.2707

14012.8320,3.9693,237.7023,943.5051

14013.8320,3.9694,237.7097,943.5543

14014.8320,3.9694,237.6766,943.4379

14015.8320,3.9693,237.7169,943.5599

14016.8320,3.9696,237.6337,943.3160

14017.8320,3.9695,237.6820,943.4863

14018.8320,3.9695,237.6604,943.3871

14019.8320,3.9699,237.5821,943.1795

14020.8320,3.9701,237.5423,943.0580

14021.8320,3.9684,237.9322,944.2032

14022.8320,3.9684,237.9450,944.2715

14023.8320,3.9686,237.9181,944.1981

14024.8330,3.9686,237.8886,944.0916

14025.8320,3.9689,237.8608,944.0397

14026.8320,3.9687,237.8647,944.0175

14027.8320,3.9686,237.8810,944.0476

14028.8320,3.9688,237.8701,944.0538

14029.8320,3.9683,237.9703,944.3313

14030.8320,3.9685,237.9278,944.2213

14031.8320,3.9688,237.8358,943.9205

14032.8320,3.9688,237.8578,944.0015

14033.8320,3.9689,237.8188,943.8724

14034.8320,3.9686,237.8934,944.0950

14035.8320,3.9684,237.9297,944.1896

14036.8320,3.9688,237.8683,944.0591

14037.8320,3.9691,237.7557,943.6648

14038.8320,3.9689,237.8293,943.9117

14039.8320,3.9688,237.8774,944.0811

14040.8320,3.9686,237.8927,944.0965

14041.8320,3.9686,237.8992,944.1351

14042.8320,3.9686,237.8935,944.1023

14043.8320,3.9685,237.8872,944.0644

14044.8320,3.9686,237.8951,944.1077

14045.8330,3.9686,237.8899,944.0869

14046.8320,3.9686,237.9039,944.1554

14047.8320,3.9682,237.9672,944.2960

14048.8320,3.9686,237.9273,944.2292

14049.8320,3.9686,237.8927,944.1021

14050.8320,3.9687,237.8809,944.0705

14051.8320,3.9686,237.8932,944.0914

14052.8320,3.9686,237.8765,944.0482

14053.8320,3.9686,237.8912,944.0920

14054.8320,3.9687,237.8808,944.0719

14055.8320,3.9685,237.8993,944.1108

14056.8320,3.9686,237.9032,944.1313

14057.8320,3.9686,237.8962,944.1197

14058.8320,3.9684,237.9508,944.2773

14059.8330,3.9686,237.9115,944.1709

14060.8320,3.9684,237.9406,944.2423

14061.8330,3.9685,237.8992,944.1018

14062.8320,3.9686,237.8910,944.0894

14063.8320,3.9686,237.8796,944.0492

14064.8330,3.9686,237.8822,944.0652

14065.8320,3.9686,237.8977,944.1104

14066.8320,3.9686,237.8904,944.0948

14067.8320,3.9685,237.8991,944.1140

14068.8320,3.9686,237.8820,944.0643

14069.8320,3.9687,237.8637,944.0017

14070.8320,3.9686,237.8881,944.0721

14071.8320,3.9686,237.8914,944.0858

14072.8320,3.9687,237.8508,943.9503

14073.8320,3.9687,237.8518,943.9593

14074.8330,3.9687,237.8581,943.9882

14075.8330,3.9687,237.8650,944.0059

14076.8320,3.9687,237.8469,943.9470

14077.8320,3.9688,237.8397,943.9291

14078.8320,3.9688,237.8092,943.8253

14079.8320,3.9688,237.8110,943.8350

14080.8320,3.9689,237.7957,943.7932

14081.8320,3.9688,237.8277,943.9015

14082.8320,3.9675,238.1364,944.8097

14083.8320,3.9674,238.1828,944.9676

14084.8330,3.9674,238.1668,944.9147

14085.8330,3.9674,238.1802,944.9575

14086.8320,3.9674,238.1916,944.9918

14087.8320,3.9674,238.2109,945.0685

14088.8320,3.9672,238.2284,945.1110

14089.8320,3.9671,238.2491,945.1673

14090.8330,3.9671,238.2492,945.1664

14091.8330,3.9673,238.2014,945.0219

14092.8320,3.9673,238.2130,945.0581

14093.8320,3.9674,238.1837,944.9723

14094.8320,3.9673,238.2137,945.0679

14095.8320,3.9673,238.2311,945.1257

14096.8320,3.9673,238.2139,945.0665

14097.8320,3.9674,238.2027,945.0390

14098.8330,3.9674,238.2054,945.0451

14099.8320,3.9676,238.1533,944.8883

14100.8320,3.9675,238.1543,944.8838

14101.8320,3.9677,238.1116,944.7450

14102.8320,3.9677,238.1242,944.8049

14103.8330,3.9674,238.1682,944.9158

14104.8330,3.9669,238.3091,945.3501

14105.8330,3.9670,238.3056,945.3543

14106.8330,3.9670,238.2970,945.3144

14107.8320,3.9671,238.2591,945.2007

14108.8320,3.9672,238.2180,945.0572

14109.8320,3.9674,238.2007,945.0319

14110.8320,3.9673,238.1982,945.0012

14111.8320,3.9673,238.1936,944.9950

14112.8320,3.9673,238.2207,945.0826

14113.8320,3.9674,238.1801,944.9523

14114.8320,3.9677,238.1153,944.7590

14115.8320,3.9678,238.0909,944.6921

14116.8320,3.9679,238.0499,944.5588

14117.8320,3.9677,238.1190,944.7751

14118.8330,3.9678,238.0946,944.7026

14119.8320,3.9679,238.0811,944.6728

14120.8320,3.9678,238.0655,944.5941

14121.8320,3.9679,238.0439,944.5334

14122.8320,3.9680,238.0246,944.4856

14123.8320,3.9680,238.0140,944.4398

14124.8320,3.9681,237.9897,944.3691

14125.8320,3.9679,238.0153,944.4106

14126.8320,3.9682,237.9945,944.4012

14127.8330,3.9680,237.9824,944.3201

14128.8320,3.9682,237.9846,944.3740

14129.8320,3.9679,237.9977,944.3624

14130.8320,3.9676,238.1370,944.8275

14131.8320,3.9675,238.1528,944.8666

14132.8320,3.9677,238.1009,944.7038

14133.8320,3.9676,238.1396,944.8384

14134.8320,3.9678,238.0809,944.6520

14135.8320,3.9680,238.0046,944.4085

14136.8330,3.9682,237.9620,944.2819

14137.8320,3.9679,238.0509,944.5545

14138.8320,3.9678,238.0473,944.5264

14139.8320,3.9682,237.9659,944.2949

14140.8320,3.9683,237.9464,944.2416

14141.8330,3.9679,238.0327,944.4885

14142.8320,3.9679,238.0661,944.6186

14143.8330,3.9678,238.0488,944.5213

14144.8320,3.9679,238.0686,944.6303

14145.8320,3.9678,238.0523,944.5504

14146.8320,3.9679,238.0307,944.4780

14147.8320,3.9684,237.9320,944.2019

14148.8320,3.9683,237.9171,944.1236

14149.8330,3.9685,237.8946,944.0947

14150.8330,3.9684,237.9062,944.1050

14151.8320,3.9683,237.9086,944.1023

14152.8330,3.9684,237.9012,944.0874

14153.8320,3.9684,237.9058,944.1084

14154.8320,3.9681,237.9675,944.2807

14155.8320,3.9676,238.1012,944.6868

14156.8320,3.9676,238.0976,944.6877

14157.8320,3.9682,237.9673,944.2965

14158.8330,3.9681,237.9709,944.3025

14159.8330,3.9683,237.9215,944.1551

14160.8320,3.9667,237.8743,943.5666

14161.8330,3.9696,238.0501,944.9636

14162.8320,3.9680,237.9568,944.2162

14163.8320,3.9682,237.9701,944.3040

14164.8320,3.9682,237.9788,944.3489

14165.8320,3.9681,237.9935,944.3735

14166.8320,3.9681,238.0127,944.4533

14167.8320,3.9681,238.0088,944.4410

14168.8320,3.9681,238.0044,944.4225

14169.8320,3.9681,238.0046,944.4261

14170.8320,3.9681,238.0058,944.4367

14171.8320,3.9683,237.9714,944.3304

14172.8320,3.9682,237.9623,944.2882

14173.8320,3.9683,237.9716,944.3367

14174.8330,3.9680,238.0152,944.4520

14175.8320,3.9677,238.0911,944.6772

14176.8320,3.9676,238.1204,944.7659

14177.8320,3.9678,238.1027,944.7535

14178.8320,3.9679,238.0634,944.6017

14179.8320,3.9679,238.0260,944.4722

14180.8320,3.9679,238.0683,944.6195

14181.8320,3.9678,238.0798,944.6553

14182.8320,3.9678,238.0633,944.5883

14183.8320,3.9679,238.0710,944.6337

14184.8330,3.9678,238.0588,944.5762

14185.8320,3.9679,238.0465,944.5390

14186.8320,3.9679,238.0292,944.4847

14187.8320,3.9680,238.0254,944.4823

14188.8320,3.9681,238.0045,944.4307

14189.8320,3.9680,238.0071,944.4232

14190.8320,3.9674,238.1380,944.7922

14191.8320,3.9676,238.1336,944.8076

14192.8320,3.9677,238.0865,944.6673

14193.8320,3.9680,237.9840,944.3160

14194.8320,3.9681,237.9833,944.3525

14195.8320,3.9681,237.9711,944.2929

14196.8320,3.9682,237.9581,944.2716

14197.8330,3.9683,237.9439,944.2275

14198.8330,3.9683,237.9369,944.2056

14199.8320,3.9682,237.9396,944.1831

14200.8320,3.9683,237.9621,944.3081

14201.8320,3.9683,237.9545,944.2713

14202.8320,3.9678,238.0264,944.4508

14203.8320,3.9674,238.1625,944.8811

14204.8320,3.9675,238.1381,944.8014

14205.8320,3.9678,238.0625,944.5823

14206.8320,3.9680,238.0088,944.4303

14207.8320,3.9681,237.9850,944.3541

14208.8320,3.9675,238.1546,944.8900

14209.8320,3.9677,238.0711,944.6057

14210.8320,3.9681,237.9961,944.3949

14211.8320,3.9680,237.9911,944.3560

14212.8320,3.9683,237.9699,944.3254

14213.8320,3.9682,237.9744,944.3261

14214.8320,3.9679,238.0238,944.4641

14215.8330,3.9680,238.0337,944.5080

14216.8320,3.9683,237.9496,944.2591

14217.8320,3.9682,237.9089,944.0803

14218.8320,3.9685,237.9148,944.1550

14219.8320,3.9684,237.9238,944.1723

14220.8320,3.9682,237.9131,944.0844

14221.8320,3.9681,237.9689,944.2773

14222.8330,3.9688,237.8352,943.9236

14223.8320,3.9688,237.8571,944.0041

14224.8320,3.9685,237.8791,944.0228

14225.8320,3.9683,237.9381,944.2176

14226.8320,3.9683,237.9168,944.1368

14227.8320,3.9683,237.9139,944.1162

14228.8320,3.9683,237.9332,944.1869

14229.8320,3.9684,237.9219,944.1722

14230.8320,3.9683,237.8897,944.0197

14231.8330,3.9681,237.9926,944.3900

14232.8320,3.9681,237.9473,944.2026

14233.8330,3.9686,237.8879,944.0702

14234.8320,3.9686,237.8412,943.8942

14235.8320,3.9688,237.7870,943.7349

14236.8320,3.9688,237.7964,943.7621

14237.8320,3.9689,237.7462,943.5922

14238.8320,3.9690,237.7318,943.5579

14239.8320,3.9685,237.8631,943.9651

14240.8320,3.9686,237.8149,943.8017

14241.8320,3.9689,237.7736,943.6955

14242.8320,3.9686,237.8023,943.7440

14243.8320,3.9687,237.8106,943.8016

14244.8330,3.9687,237.8047,943.7842

14245.8330,3.9684,237.8762,943.9933

14246.8330,3.9685,237.8347,943.8568

14247.8320,3.9685,237.8542,943.9260

14248.8320,3.9685,237.8864,944.0520

14249.8320,3.9683,237.9208,944.1441

14250.8320,3.9684,237.9135,944.1321

14251.8320,3.9682,237.9192,944.1133

14252.8320,3.9683,237.9282,944.1686

14253.8320,3.9683,237.9083,944.0982

14254.8320,3.9683,237.9162,944.1339

14255.8320,3.9684,237.8994,944.0718

14256.8320,3.9684,237.8738,943.9677

14257.8320,3.9684,237.9096,944.1131

14258.8320,3.9684,237.8721,943.9785

14259.8320,3.9685,237.8406,943.8778

14260.8320,3.9685,237.8718,944.0029

14261.8330,3.9684,237.8560,943.9094

14262.8320,3.9686,237.8559,943.9434

14263.8330,3.9686,237.8415,943.8894

14264.8330,3.9686,237.8199,943.8075

14265.8320,3.9685,237.8294,943.8364

14266.8320,3.9687,237.8250,943.8616

14267.8320,3.9684,237.8342,943.8231

14268.8320,3.9686,237.8313,943.8616

14269.8320,3.9685,237.8217,943.8051

14270.8320,3.9687,237.8138,943.8001

14271.8320,3.9686,237.8134,943.7976

14272.8320,3.9686,237.8184,943.8032

14273.8320,3.9685,237.8514,943.9119

14274.8320,3.9685,237.8523,943.9224

14275.8320,3.9685,237.8322,943.8465

14276.8320,3.9684,237.8877,944.0399

14277.8320,3.9687,237.8059,943.7790

14278.8320,3.9688,237.7893,943.7262

14279.8320,3.9687,237.7790,943.6844

14280.8320,3.9688,237.7595,943.6274

14281.8320,3.9688,237.7458,943.5583

14282.8320,3.9688,237.7672,943.6398

14283.8320,3.9690,237.6767,943.3456

14284.8320,3.9691,237.6846,943.4037

14285.8320,3.9688,237.7433,943.5669

14286.8320,3.9688,237.7706,943.6640

14287.8320,3.9687,237.7913,943.7147

14288.8320,3.9687,237.8001,943.7504

14289.8320,3.9686,237.8264,943.8268

14290.8320,3.9687,237.7975,943.7548

14291.8320,3.9690,237.7107,943.4685

14292.8320,3.9690,237.7170,943.5041

14293.8320,3.9688,237.7526,943.5921

14294.8320,3.9689,237.7311,943.5349

14295.8320,3.9689,237.7482,943.6057

14296.8320,3.9686,237.7957,943.7250

14297.8320,3.9687,237.7899,943.7269

14298.8320,3.9687,237.7905,943.7207

14299.8320,3.9684,237.8863,944.0206

14300.8320,3.9683,237.9119,944.1015

14301.8320,3.9685,237.8589,943.9395

14302.8320,3.9685,237.8390,943.8524

14303.8320,3.9685,237.8414,943.8770

14304.8320,3.9686,237.8154,943.8047

14305.8320,3.9685,237.8378,943.8657

14306.8320,3.9688,237.7803,943.7028

14307.8320,3.9687,237.7905,943.7167

14308.8320,3.9688,237.7979,943.7673

14309.8320,3.9686,237.7926,943.7154

14310.8320,3.9686,237.8113,943.7812

14311.8320,3.9686,237.8130,943.7769

14312.8330,3.9686,237.8318,943.8514

14313.8320,3.9685,237.8188,943.7851

14314.8330,3.9685,237.8370,943.8500

14315.8320,3.9685,237.8375,943.8540

14316.8320,3.9685,237.8606,943.9454

14317.8320,3.9682,237.9207,944.1155

14318.8320,3.9682,237.9008,944.0470

14319.8330,3.9683,237.8863,943.9980

14320.8320,3.9684,237.8698,943.9509

14321.8320,3.9684,237.8763,943.9944

14322.8320,3.9683,237.8789,943.9704

14323.8320,3.9684,237.8506,943.8912

14324.8320,3.9684,237.8478,943.8651

14325.8330,3.9685,237.8493,943.8999

14326.8320,3.9684,237.8416,943.8587

14327.8320,3.9684,237.8546,943.9043

14328.8320,3.9685,237.8382,943.8671

14329.8320,3.9685,237.8346,943.8448

14330.8320,3.9686,237.8255,943.8311

14331.8320,3.9684,237.8399,943.8542

14332.8320,3.9685,237.8312,943.8420

14333.8320,3.9685,237.8307,943.8386

14334.8320,3.9685,237.8200,943.7998

14335.8320,3.9685,237.8237,943.8112

14336.8320,3.9684,237.8395,943.8478

14337.8320,3.9684,237.8523,943.8882

14338.8330,3.9685,237.8169,943.7711

14339.8320,3.9685,237.8357,943.8425

14340.8320,3.9685,237.8325,943.8334

14341.8320,3.9687,237.8303,943.8779

14342.8320,3.9684,237.8415,943.8483

14343.8320,3.9680,237.9441,944.1731

14344.8320,3.9684,237.8599,943.9128

14345.8320,3.9685,237.8312,943.8365

14346.8320,3.9686,237.7948,943.7131

14347.8320,3.9687,237.7508,943.5604

14348.8320,3.9687,237.7774,943.6673

14349.8320,3.9686,237.8028,943.7352

14350.8320,3.9686,237.7860,943.6811

14351.8320,3.9686,237.8022,943.7395

14352.8320,3.9685,237.7882,943.6673

14353.8320,3.9686,237.7904,943.7021

14354.8320,3.9685,237.8169,943.7764

14355.8320,3.9685,237.8433,943.8706

14356.8320,3.9676,238.0317,944.4144

14357.8320,3.9677,238.0139,944.3784

14358.8320,3.9678,237.9867,944.2932

14359.8320,3.9682,237.9041,944.0548

14360.8320,3.9680,237.9389,944.1477

14361.8320,3.9684,237.8619,943.9237

14362.8320,3.9685,237.8403,943.8645

14363.8320,3.9684,237.8338,943.8273

14364.8320,3.9684,237.8484,943.8748

14365.8320,3.9686,237.8269,943.8347

14366.8320,3.9686,237.8076,943.7640

14367.8320,3.9686,237.7755,943.6381

14368.8320,3.9684,237.8244,943.7831

14369.8320,3.9679,237.9683,944.2414

14370.8320,3.9681,237.9137,944.0763

14371.8320,3.9683,237.9084,944.0881

14372.8320,3.9680,237.9547,944.1954

14373.8320,3.9682,237.9168,944.0925

14374.8320,3.9683,237.8663,943.9366

14375.8320,3.9686,237.8273,943.8314

14376.8320,3.9686,237.8221,943.8139

14377.8330,3.9687,237.7831,943.6892

14378.8320,3.9689,237.7178,943.4851

14379.8320,3.9686,237.7936,943.7117

14380.8320,3.9686,237.7669,943.6096

14381.8320,3.9688,237.7562,943.6097

14382.8330,3.9688,237.7499,943.5804

14383.8320,3.9689,237.7394,943.5570

14384.8320,3.9681,237.9042,944.0168

14385.8320,3.9683,237.8700,943.9504

14386.8320,3.9685,237.8307,943.8214

14387.8320,3.9687,237.7731,943.6522

14388.8320,3.9690,237.7031,943.4398

14389.8320,3.9687,237.7695,943.6293

14390.8320,3.9688,237.7395,943.5392

14391.8320,3.9690,237.6988,943.4234

14392.8320,3.9688,237.7214,943.4594

14393.8320,3.9679,237.9612,944.2164

14394.8320,3.9682,237.9070,944.0563

14395.8320,3.9686,237.7996,943.7230

14396.8320,3.9686,237.7902,943.6994

14397.8320,3.9686,237.8228,943.8129

14398.8330,3.9687,237.7761,943.6588

14399.8320,3.9687,237.7535,943.5668

14400.8320,3.9684,237.8589,943.9092

14401.8320,3.9679,237.9709,944.2539

14402.8320,3.9682,237.8928,943.9944

14403.8320,3.9685,237.8181,943.7749

14404.8320,3.9686,237.7872,943.6877

14405.8320,3.9687,237.7629,943.6172

14406.8320,3.9686,237.7827,943.6685

14407.8320,3.9683,237.8785,943.9617

14408.8320,3.9677,238.0359,944.4447

14409.8320,3.9677,237.9835,944.2586

14410.8320,3.9684,237.8730,943.9752

14411.8320,3.9682,237.8790,943.9617

14412.8320,3.9675,238.0555,944.4801

14413.8320,3.9675,238.0551,944.4781

14414.8320,3.9670,238.2176,944.9985

14415.8320,3.9669,238.2165,944.9875

14416.8320,3.9670,238.1853,944.8833

14417.8320,3.9671,238.1564,944.8010

14418.8320,3.9670,238.1808,944.8706

14419.8320,3.9672,238.1331,944.7306

14420.8320,3.9675,238.0844,944.5890

14421.8320,3.9675,238.0646,944.5135

14422.8320,3.9676,238.0388,944.4383

14423.8320,3.9677,238.0232,944.4046

14424.8330,3.9677,238.0145,944.3670

14425.8320,3.9678,237.9961,944.3204

14426.8320,3.9677,237.9887,944.2795

14427.8330,3.9670,238.1939,944.9136

14428.8320,3.9672,238.1719,944.8807

14429.8320,3.9671,238.1514,944.7767

14430.8320,3.9672,238.1310,944.7181

14431.8320,3.9674,238.0890,944.5970

14432.8320,3.9676,238.0495,944.4859

14433.8330,3.9679,237.9563,944.1965

14434.8320,3.9674,238.1242,944.7340

14435.8320,3.9673,238.1038,944.6349

14436.8320,3.9675,238.0559,944.4958

14437.8320,3.9672,238.1421,944.7457

14438.8320,3.9674,238.0844,944.5740

14439.8320,3.9675,238.0673,944.5359

14440.8320,3.9676,238.0360,944.4410

14441.8320,3.9677,238.0014,944.3291

14442.8320,3.9672,238.1152,944.6578

14443.8320,3.9675,238.0706,944.5520

14444.8330,3.9676,238.0208,944.3825

14445.8320,3.9676,238.0246,944.3904

14446.8320,3.9678,237.9785,944.2561

14447.8330,3.9681,237.9032,944.0340

14448.8320,3.9680,237.9037,944.0121

14449.8330,3.9681,237.8938,943.9941

14450.8320,3.9684,237.8519,943.8841

14451.8320,3.9680,237.9296,944.1019

14452.8330,3.9680,237.9337,944.1110

14453.8330,3.9671,238.1363,944.7155

14454.8320,3.9675,238.0505,944.4721

14455.8320,3.9679,237.9628,944.2078

14456.8320,3.9680,237.9127,944.0440

14457.8320,3.9680,237.9142,944.0516

14458.8320,3.9680,237.9173,944.0546

14459.8320,3.9670,238.1493,944.7460

14460.8320,3.9670,238.1827,944.8722

14461.8320,3.9673,238.0725,944.5065

14462.8320,3.9674,238.0590,944.4702

14463.8320,3.9676,238.0309,944.4162

14464.8320,3.9676,238.0245,944.3757

14465.8320,3.9667,238.2377,945.0169

14466.8320,3.9670,238.1627,944.7866

14467.8320,3.9675,238.0451,944.4420

14468.8320,3.9668,238.2075,944.9282

14469.8320,3.9673,238.1164,944.6735

14470.8320,3.9676,238.0277,944.4013

14471.8320,3.9678,237.9937,944.3027

14472.8330,3.9677,238.0175,944.3746

14473.8320,3.9677,237.9913,944.2873

14474.8320,3.9678,237.9828,944.2561

14475.8320,3.9678,237.9868,944.2789

14476.8320,3.9673,238.0950,944.6017

14477.8320,3.9672,238.1342,944.7191

14478.8330,3.9676,238.0380,944.4336

14479.8320,3.9678,238.0209,944.4131

14480.8320,3.9675,238.0161,944.3276

14481.8320,3.9678,237.9996,944.3379

14482.8320,3.9678,237.9693,944.2095

14483.8320,3.9679,237.9646,944.2115

14484.8320,3.9672,238.1237,944.6816

14485.8320,3.9679,237.9275,944.0762

14486.8320,3.9683,237.8593,943.8882

14487.8320,3.9681,237.8906,943.9621

14488.8320,3.9679,237.9229,944.0637

14489.8320,3.9679,237.9501,944.1591

14490.8320,3.9679,237.9316,944.0852

14491.8320,3.9680,237.9406,944.1410

14492.8320,3.9678,237.9238,944.0452

14493.8320,3.9678,237.9340,944.0706

14494.8320,3.9679,237.9450,944.1377

14495.8320,3.9679,237.9387,944.1125

14496.8320,3.9679,237.9247,944.0593

14497.8320,3.9680,237.9193,944.0564

14498.8320,3.9682,237.8642,943.8837

14499.8320,3.9678,237.9263,944.0555

14500.8320,3.9679,237.9262,944.0757

14501.8320,3.9678,237.9500,944.1456

14502.8320,3.9678,237.9484,944.1377

14503.8320,3.9680,237.9063,944.0169

14504.8320,3.9679,237.9193,944.0488

14505.8320,3.9680,237.9168,944.0550

14506.8320,3.9680,237.9002,943.9901

14507.8320,3.9682,237.8634,943.8817

14508.8320,3.9684,237.8216,943.7748

14509.8320,3.9682,237.8506,943.8437

14510.8320,3.9682,237.8391,943.7880

14511.8320,3.9682,237.8748,943.9458

14512.8320,3.9679,237.9187,944.0376

14513.8320,3.9679,237.9477,944.1415

14514.8320,3.9680,237.9265,944.0868

14515.8320,3.9681,237.9057,944.0265

14516.8320,3.9679,237.9119,944.0151

14517.8320,3.9679,237.9215,944.0556

14518.8320,3.9677,237.9541,944.1306

14519.8320,3.9676,238.0353,944.4203

14520.8320,3.9680,237.9363,944.1223

14521.8320,3.9682,237.8690,943.9057

14522.8320,3.9683,237.8011,943.6578

14523.8320,3.9682,237.8655,943.9040

14524.8320,3.9681,237.8863,943.9526

14525.8320,3.9682,237.8511,943.8415

14526.8320,3.9683,237.8128,943.7148

14527.8330,3.9681,237.8614,943.8639

14528.8320,3.9680,237.8914,943.9615

14529.8320,3.9679,237.9176,944.0288

14530.8320,3.9680,237.9191,944.0550

14531.8330,3.9680,237.8881,943.9495

14532.8330,3.9681,237.8695,943.8906

14533.8320,3.9680,237.8720,943.8869

14534.8320,3.9676,238.0137,944.3500

14535.8320,3.9680,237.9026,944.0070

14536.8320,3.9681,237.8520,943.8242

14537.8320,3.9683,237.8354,943.8106

14538.8320,3.9682,237.8120,943.6946

14539.8320,3.9684,237.8020,943.6837

14540.8320,3.9683,237.8010,943.6773

14541.8320,3.9683,237.8260,943.7533

14542.8330,3.9674,238.0551,944.4546

14543.8320,3.9676,237.9962,944.2691

14544.8320,3.9678,237.9691,944.2036

14545.8320,3.9679,237.9307,944.0754

14546.8320,3.9679,237.9121,944.0161

14547.8330,3.9680,237.9024,943.9864

14548.8320,3.9682,237.8731,943.9195

14549.8320,3.9681,237.8762,943.9181

14550.8320,3.9682,237.8663,943.8958

14551.8330,3.9681,237.8777,943.9155

14552.8320,3.9681,237.8634,943.8669

14553.8320,3.9681,237.8440,943.7971

14554.8330,3.9682,237.8654,943.8964

14555.8320,3.9676,237.9785,944.2047

14556.8320,3.9682,237.8524,943.8493

14557.8320,3.9682,237.8205,943.7258

14558.8320,3.9684,237.8098,943.7143

14559.8320,3.9683,237.8244,943.7513

14560.8320,3.9683,237.8198,943.7398

14561.8320,3.9683,237.8104,943.7056

14562.8320,3.9683,237.8018,943.6787

14563.8320,3.9683,237.8092,943.6996

14564.8320,3.9682,237.8213,943.7321

14565.8320,3.9684,237.7904,943.6435

14566.8320,3.9684,237.7749,943.5932

14567.8320,3.9683,237.7849,943.6079

14568.8320,3.9682,237.8111,943.6855

14569.8320,3.9683,237.8160,943.7229

14570.8320,3.9684,237.7786,943.5999

14571.8320,3.9684,237.7930,943.6624

14572.8320,3.9683,237.7765,943.5802

14573.8320,3.9685,237.7859,943.6498

14574.8320,3.9683,237.7864,943.6173

14575.8320,3.9684,237.7973,943.6731

14576.8320,3.9681,237.8700,943.8946

14577.8320,3.9685,237.7503,943.5073

14578.8330,3.9687,237.7250,943.4569

14579.8320,3.9686,237.7257,943.4481

14580.8320,3.9687,237.7062,943.3910

14581.8320,3.9688,237.6775,943.2919

14582.8320,3.9687,237.7013,943.3763

14583.8320,3.9687,237.7025,943.3726

14584.8320,3.9687,237.6990,943.3490

14585.8320,3.9688,237.6860,943.3246

14586.8330,3.9687,237.7010,943.3681

14587.8330,3.9685,237.7348,943.4608

14588.8320,3.9686,237.7530,943.5371

14589.8320,3.9687,237.7141,943.4062

14590.8320,3.9688,237.7050,943.3922

14591.8320,3.9687,237.7023,943.3640

14592.8320,3.9687,237.7030,943.3732

14593.8330,3.9687,237.7051,943.3843

14594.8320,3.9687,237.6909,943.3330

14595.8320,3.9688,237.6971,943.3736

14596.8320,3.9688,237.6789,943.2941

14597.8330,3.9688,237.6500,943.1940

14598.8320,3.9690,237.6305,943.1632

14599.8320,3.9692,237.5727,942.9662

14600.8320,3.9688,237.6684,943.2532

14601.8330,3.9687,237.7221,943.4411

14602.8330,3.9688,237.6630,943.2278

14603.8320,3.9687,237.7014,943.3718

14604.8320,3.9691,237.5926,943.0224

14605.8320,3.9690,237.5960,943.0248

14606.8320,3.9689,237.6446,943.1896

14607.8320,3.9689,237.6491,943.2033

14608.8320,3.9688,237.6872,943.3246

14609.8330,3.9686,237.6993,943.3371

14610.8320,3.9689,237.6792,943.3142

14611.8320,3.9691,237.6262,943.1526

14612.8320,3.9693,237.5862,943.0402

14613.8320,3.9690,237.6115,943.0899

14614.8320,3.9692,237.5670,942.9626

14615.8320,3.9691,237.5845,943.0054

14616.8320,3.9690,237.6373,943.1775

14617.8320,3.9690,237.6394,943.1858

14618.8320,3.9688,237.6831,943.3271

14619.8320,3.9690,237.6445,943.2095

14620.8320,3.9687,237.6457,943.1547

14621.8320,3.9688,237.6925,943.3637

14622.8320,3.9687,237.6674,943.2311

14623.8320,3.9690,237.6345,943.1623

14624.8330,3.9688,237.6844,943.3167

14625.8320,3.9684,237.7449,943.4742

14626.8330,3.9687,237.7614,943.5940

14627.8320,3.9684,237.7892,943.6376

14628.8330,3.9682,237.8204,943.7173

14629.8320,3.9682,237.7786,943.5474

14630.8320,3.9682,237.7944,943.6267

14631.8320,3.9681,237.7973,943.5929

14632.8330,3.9682,237.7893,943.6000

14633.8330,3.9679,237.8481,943.7570

14634.8320,3.9681,237.7879,943.5741

14635.8320,3.9683,237.7557,943.4929

14636.8320,3.9682,237.7705,943.5250

14637.8320,3.9685,237.7384,943.4561

14638.8320,3.9683,237.7648,943.5177

14639.8320,3.9682,237.7551,943.4654

14640.8320,3.9682,237.7836,943.5699

14641.8320,3.9683,237.7691,943.5445

14642.8320,3.9683,237.7547,943.4903

14643.8320,3.9683,237.7482,943.4625

14644.8320,3.9683,237.7712,943.5593

14645.8320,3.9686,237.6815,943.2546

14646.8320,3.9687,237.6662,943.2211

14647.8320,3.9685,237.7099,943.3421

14648.8330,3.9686,237.7022,943.3456

14649.8320,3.9687,237.6409,943.1247

14650.8320,3.9687,237.6722,943.2557

14651.8320,3.9686,237.6961,943.3110

14652.8320,3.9687,237.6645,943.2280

14653.8320,3.9688,237.6232,943.0824

14654.8320,3.9688,237.6309,943.1082

14655.8320,3.9688,237.6446,943.1570

14656.8320,3.9689,237.6253,943.1077

14657.8320,3.9686,237.6732,943.2284

14658.8320,3.9685,237.7146,943.3657

14659.8330,3.9684,237.7410,943.4488

14660.8320,3.9684,237.7335,943.4124

14661.8320,3.9684,237.7664,943.5421

14662.8320,3.9683,237.7520,943.4631

14663.8320,3.9684,237.7484,943.4737

14664.8320,3.9683,237.7655,943.5348

14665.8320,3.9681,237.7927,943.5916

14666.8320,3.9683,237.7557,943.4786

14667.8320,3.9683,237.7819,943.5861

14668.8330,3.9682,237.7472,943.4365

14669.8320,3.9681,237.8210,943.6907

14670.8320,3.9681,237.8294,943.7248

14671.8320,3.9681,237.8041,943.6407

14672.8320,3.9683,237.7596,943.5009

14673.8320,3.9681,237.8025,943.6323

14674.8320,3.9682,237.7822,943.5702

14675.8320,3.9682,237.7954,943.6243

14676.8320,3.9679,237.8704,943.8520

14677.8320,3.9669,238.0888,944.4729

14678.8320,3.9671,238.0784,944.4855

14679.8320,3.9673,238.0392,944.3728

14680.8320,3.9674,238.0044,944.2580

14681.8320,3.9675,237.9624,944.1061

14682.8320,3.9678,237.8702,943.8277

14683.8320,3.9681,237.8367,943.7494

14684.8320,3.9681,237.8198,943.6976

14685.8320,3.9681,237.8191,943.6852

14686.8320,3.9680,237.8316,943.7107

14687.8320,3.9682,237.8005,943.6287

14688.8320,3.9681,237.8013,943.6122

14689.8320,3.9678,237.8565,943.7767

14690.8320,3.9675,237.9875,944.2246

14691.8330,3.9678,237.9036,943.9441

14692.8330,3.9682,237.7730,943.5413

14693.8320,3.9683,237.7370,943.4172

14694.8320,3.9684,237.7585,943.5165

14695.8320,3.9684,237.7264,943.3878

14696.8320,3.9685,237.7073,943.3344

14697.8330,3.9686,237.7172,943.3970

14698.8320,3.9685,237.6957,943.2881

14699.8320,3.9687,237.7069,943.3776

14700.8320,3.9684,237.7270,943.3934

14701.8320,3.9685,237.7072,943.3412

14702.8320,3.9685,237.7046,943.3348

14703.8320,3.9675,237.9641,944.1108

14704.8320,3.9678,237.8874,943.8841

14705.8320,3.9683,237.7688,943.5315

14706.8320,3.9684,237.7263,943.4045

14707.8320,3.9684,237.7345,943.4311

14708.8320,3.9685,237.7092,943.3530

14709.8320,3.9686,237.6985,943.3273

14710.8320,3.9686,237.6858,943.2776

14711.8320,3.9687,237.6649,943.2114

14712.8320,3.9687,237.6665,943.2163

14713.8320,3.9681,237.7815,943.5413

14714.8320,3.9682,237.7956,943.6304

14715.8320,3.9682,237.7656,943.5125

14716.8320,3.9683,237.7419,943.4397

14717.8320,3.9683,237.7346,943.4043

14718.8320,3.9682,237.7837,943.5714

14719.8320,3.9674,237.9626,944.0918

14720.8320,3.9678,237.8784,943.8655

14721.8320,3.9677,237.8938,943.8983

14722.8320,3.9679,237.8700,943.8405

14723.8330,3.9679,237.8446,943.7526

14724.8320,3.9679,237.8479,943.7558

14725.8320,3.9679,237.8597,943.8138

14726.8320,3.9679,237.8445,943.7495

14727.8320,3.9680,237.8313,943.7177

14728.8320,3.9680,237.8366,943.7388

14729.8320,3.9680,237.8215,943.6851

14730.8320,3.9681,237.8006,943.6170

14731.8320,3.9681,237.8118,943.6548

14732.8320,3.9682,237.8015,943.6406

14733.8320,3.9681,237.8057,943.6338

14734.8320,3.9681,237.8059,943.6378

14735.8320,3.9681,237.8180,943.6871

14736.8320,3.9681,237.7973,943.6133

14737.8320,3.9682,237.7959,943.6120

14738.8320,3.9680,237.8100,943.6383

14739.8320,3.9676,237.9223,943.9893

14740.8320,3.9678,237.8879,943.8840

14741.8320,3.9680,237.8376,943.7424

14742.8320,3.9680,237.8035,943.6158

14743.8320,3.9682,237.8106,943.6766

14744.8320,3.9681,237.8070,943.6340

14745.8320,3.9681,237.8032,943.6281

14746.8330,3.9681,237.8180,943.6828

14747.8330,3.9680,237.8087,943.6244

14748.8320,3.9682,237.7992,943.6390

14749.8320,3.9682,237.7658,943.5029

14750.8320,3.9682,237.7820,943.5740

14751.8320,3.9682,237.7610,943.4900

14752.8320,3.9682,237.7684,943.5052

14753.8320,3.9682,237.7837,943.5637

14754.8320,3.9682,237.7703,943.5145

14755.8320,3.9681,237.7915,943.5843

14756.8320,3.9681,237.7796,943.5397

14757.8330,3.9680,237.8310,943.7142

14758.8320,3.9679,237.8309,943.6976

14759.8320,3.9679,237.8303,943.6903

14760.8320,3.9679,237.8340,943.7051

14761.8320,3.9680,237.8337,943.7334

14762.8320,3.9681,237.8217,943.6893

14763.8320,3.9680,237.7955,943.5761

14764.8320,3.9681,237.8003,943.6257

14765.8320,3.9680,237.8077,943.6302

14766.8320,3.9680,237.8352,943.7389

14767.8330,3.9680,237.8066,943.6256

14768.8320,3.9682,237.7845,943.5667

14769.8330,3.9681,237.8062,943.6408

14770.8320,3.9680,237.8306,943.7044

14771.8330,3.9674,237.9576,944.0791

14772.8320,3.9681,237.8265,943.7193

14773.8320,3.9682,237.7946,943.6269

14774.8320,3.9682,237.7757,943.5448

14775.8320,3.9682,237.7658,943.5023

14776.8320,3.9683,237.7764,943.5573

14777.8320,3.9682,237.7703,943.5215

14778.8320,3.9683,237.7497,943.4661

14779.8320,3.9683,237.7569,943.4825

14780.8320,3.9682,237.7598,943.4904

14781.8320,3.9683,237.7654,943.5163

14782.8320,3.9682,237.7499,943.4407

14783.8320,3.9683,237.7619,943.5112

14784.8320,3.9682,237.7595,943.4807

14785.8320,3.9684,237.7290,943.3978

14786.8330,3.9684,237.7010,943.2875

14787.8320,3.9686,237.6964,943.3104

14788.8320,3.9685,237.6753,943.2241

14789.8330,3.9686,237.6476,943.1360

14790.8320,3.9687,237.6393,943.1246

14791.8320,3.9687,237.6183,943.0261

14792.8320,3.9686,237.6342,943.0860

14793.8320,3.9687,237.6208,943.0499

14794.8330,3.9689,237.5967,943.0069

14795.8330,3.9689,237.6032,943.0223

14796.8320,3.9687,237.5850,942.9144

14797.8320,3.9687,237.6444,943.1310

14798.8320,3.9687,237.6606,943.1925

14799.8320,3.9688,237.6172,943.0480

14800.8330,3.9688,237.5924,942.9648

14801.8320,3.9690,237.5756,942.9368

14802.8320,3.9688,237.5819,942.9226

14803.8320,3.9690,237.5673,942.9017

14804.8320,3.9690,237.5571,942.8619

14805.8320,3.9688,237.5974,942.9746

14806.8320,3.9682,237.7542,943.4614

14807.8320,3.9687,237.6409,943.1215

14808.8320,3.9688,237.5783,942.9113

14809.8320,3.9691,237.5474,942.8436

14810.8330,3.9690,237.5546,942.8651

14811.8320,3.9691,237.5272,942.7649

14812.8320,3.9691,237.5075,942.7007

14813.8320,3.9692,237.4908,942.6571

14814.8320,3.9693,237.4718,942.5868

14815.8320,3.9693,237.4676,942.5757

14816.8320,3.9692,237.5091,942.7128

14817.8320,3.9680,237.8053,943.6013

14818.8320,3.9688,237.6070,943.0125

14819.8320,3.9692,237.5086,942.7101

14820.8330,3.9692,237.4934,942.6592

14821.8320,3.9694,237.4484,942.5249

14822.8330,3.9694,237.4299,942.4596

14823.8330,3.9694,237.4394,942.4963

14824.8330,3.9694,237.4353,942.4825

14825.8320,3.9695,237.4275,942.4672

14826.8320,3.9694,237.4475,942.5263

14827.8320,3.9690,237.5444,942.8219

14828.8320,3.9695,237.4429,942.5295

14829.8320,3.9696,237.3955,942.3645

14830.8320,3.9696,237.3928,942.3600

14831.8320,3.9697,237.3832,942.3301

14832.8320,3.9697,237.3829,942.3309

14833.8320,3.9698,237.3506,942.2409

14834.8320,3.9698,237.3311,942.1584

14835.8320,3.9699,237.3252,942.1551

14836.8320,3.9698,237.3313,942.1645

14837.8320,3.9699,237.3320,942.1847

14838.8320,3.9698,237.3185,942.1186

14839.8330,3.9700,237.3098,942.1242

14840.8320,3.9697,237.3659,942.2706

14841.8320,3.9697,237.3775,942.3208

14842.8320,3.9696,237.4115,942.4257

14843.8320,3.9695,237.4254,942.4678

14844.8320,3.9696,237.3838,942.3275

14845.8320,3.9698,237.3841,942.3557

14846.8320,3.9698,237.3528,942.2356

14847.8320,3.9698,237.3645,942.2846

14848.8320,3.9697,237.3751,942.3075

14849.8320,3.9697,237.3923,942.3723

14850.8320,3.9696,237.3945,942.3683

14851.8330,3.9696,237.3824,942.3180

14852.8320,3.9696,237.3939,942.3476

14853.8320,3.9695,237.3936,942.3454

14854.8320,3.9694,237.4222,942.4260

14855.8320,3.9694,237.4562,942.5588

14856.8320,3.9692,237.4944,942.6561

14857.8320,3.9689,237.5416,942.7706

14858.8320,3.9691,237.5532,942.8638

14859.8320,3.9690,237.5142,942.7004

14860.8320,3.9691,237.4931,942.6306

14861.8320,3.9691,237.4998,942.6702

14862.8320,3.9692,237.5087,942.7173

14863.8320,3.9691,237.5004,942.6728

14864.8320,3.9692,237.4760,942.5986

14865.8320,3.9685,237.6449,943.0904

14866.8320,3.9689,237.5627,942.8723

14867.8320,3.9693,237.4630,942.5650

14868.8320,3.9694,237.4497,942.5238

14869.8320,3.9693,237.4671,942.5810

14870.8320,3.9693,237.4431,942.4938

14871.8320,3.9695,237.4295,942.4723

14872.8320,3.9695,237.4337,942.4857

14873.8320,3.9695,237.4213,942.4411

14874.8320,3.9695,237.4119,942.3994

14875.8320,3.9695,237.4220,942.4402

14876.8320,3.9695,237.4119,942.4103

14877.8320,3.9696,237.4196,942.4525

14878.8320,3.9697,237.3654,942.2683

14879.8320,3.9698,237.3292,942.1434

14880.8320,3.9698,237.3421,942.1915

14881.8320,3.9698,237.3415,942.1975

14882.8320,3.9698,237.3316,942.1617

14883.8320,3.9697,237.3691,942.2774

14884.8320,3.9697,237.3595,942.2446

14885.8320,3.9698,237.3334,942.1577

14886.8320,3.9697,237.3433,942.1839

14887.8330,3.9699,237.3273,942.1672

14888.8320,3.9698,237.3107,942.0852

14889.8320,3.9691,237.5084,942.7050

14890.8330,3.9695,237.4131,942.4218

14891.8320,3.9696,237.3747,942.2908

14892.8320,3.9697,237.3655,942.2696

14893.8320,3.9697,237.3617,942.2500

14894.8320,3.9698,237.3499,942.2263

14895.8320,3.9698,237.3222,942.1132

14896.8320,3.9698,237.3154,942.0943

14897.8320,3.9698,237.3178,942.1088

14898.8320,3.9699,237.3157,942.1172

14899.8320,3.9699,237.3070,942.0743

14900.8320,3.9699,237.2880,942.0193

14901.8320,3.9698,237.3190,942.1096

14902.8320,3.9699,237.3015,942.0545

14903.8320,3.9698,237.2978,942.0341

14904.8320,3.9697,237.3406,942.1818

14905.8320,3.9696,237.3637,942.2462

14906.8320,3.9696,237.3957,942.3641

14907.8320,3.9694,237.4213,942.4316

14908.8320,3.9695,237.3870,942.3099

14909.8320,3.9697,237.3563,942.2311

14910.8320,3.9696,237.3641,942.2412

14911.8320,3.9697,237.3598,942.2468

14912.8320,3.9697,237.3210,942.1002

14913.8320,3.9697,237.3200,942.0928

14914.8320,3.9698,237.3198,942.1036

14915.8320,3.9699,237.3100,942.0931

14916.8320,3.9698,237.3316,942.1564

14917.8320,3.9698,237.3357,942.1748

14918.8330,3.9698,237.3381,942.1956

14919.8320,3.9699,237.3130,942.0976

14920.8320,3.9698,237.3227,942.1168

14921.8320,3.9695,237.3501,942.1659

14922.8320,3.9697,237.3896,942.3563

14923.8320,3.9696,237.3934,942.3639

14924.8320,3.9695,237.4002,942.3496

14925.8320,3.9695,237.3925,942.3367

14926.8320,3.9697,237.3638,942.2555

14927.8320,3.9696,237.3624,942.2334

14928.8320,3.9697,237.3536,942.2168

14929.8320,3.9698,237.3145,942.0802

14930.8320,3.9697,237.3301,942.1258

14931.8320,3.9696,237.3634,942.2486

14932.8320,3.9697,237.3448,942.1874

14933.8330,3.9696,237.3514,942.2014

14934.8320,3.9697,237.3505,942.2036

14935.8320,3.9696,237.3669,942.2493

14936.8320,3.9696,237.3686,942.2516

14937.8320,3.9696,237.3646,942.2490

14938.8320,3.9696,237.3692,942.2517

14939.8320,3.9695,237.4009,942.3537

14940.8320,3.9694,237.4066,942.3686

14941.8320,3.9695,237.3982,942.3549

14942.8320,3.9696,237.3819,942.3017

14943.8320,3.9695,237.4019,942.3766

14944.8320,3.9695,237.3948,942.3395

14945.8320,3.9696,237.3913,942.3444

14946.8320,3.9695,237.3854,942.3079

14947.8320,3.9695,237.4008,942.3665

14948.8320,3.9696,237.3983,942.3727

14949.8320,3.9695,237.3950,942.3288

14950.8320,3.9695,237.4003,942.3592

14951.8320,3.9695,237.3923,942.3317

14952.8320,3.9693,237.4360,942.4640

14953.8320,3.9694,237.4335,942.4573

14954.8320,3.9693,237.4406,942.4770

14955.8320,3.9694,237.4413,942.4996

14956.8320,3.9694,237.4097,942.3770

14957.8320,3.9695,237.3962,942.3448

14958.8320,3.9697,237.3503,942.1977

14959.8320,3.9697,237.3365,942.1594

14960.8320,3.9697,237.3574,942.2326

14961.8320,3.9696,237.3770,942.2975

14962.8320,3.9696,237.3654,942.2412

14963.8330,3.9697,237.3381,942.1657

14964.8320,3.9698,237.3385,942.1835

14965.8320,3.9695,237.3583,942.1992

14966.8320,3.9695,237.3746,942.2701

14967.8320,3.9696,237.3857,942.3153

14968.8330,3.9695,237.3847,942.3064

14969.8320,3.9695,237.3960,942.3552

14970.8320,3.9696,237.3487,942.1770

14971.8320,3.9695,237.3947,942.3468

14972.8320,3.9693,237.4437,942.4886

14973.8320,3.9694,237.4149,942.4048

14974.8320,3.9696,237.3758,942.2922

14975.8320,3.9695,237.3760,942.2696

14976.8320,3.9696,237.3788,942.2948

14977.8320,3.9696,237.3649,942.2471

14978.8320,3.9696,237.3759,942.2857

14979.8320,3.9696,237.3654,942.2473

14980.8320,3.9697,237.3487,942.1950

14981.8320,3.9695,237.3839,942.3018

14982.8320,3.9695,237.3950,942.3405

14983.8320,3.9695,237.3921,942.3395

14984.8320,3.9695,237.3762,942.2596

14985.8320,3.9696,237.3955,942.3631

14986.8320,3.9697,237.3618,942.2439

14987.8320,3.9696,237.3615,942.2323

14988.8320,3.9686,237.6179,943.0137

14989.8320,3.9691,237.4970,942.6393

14990.8320,3.9694,237.4446,942.5111

14991.8320,3.9693,237.4064,942.3374

14992.8320,3.9695,237.3881,942.3135

14993.8320,3.9695,237.4006,942.3604

14994.8320,3.9695,237.3913,942.3250

14995.8320,3.9695,237.3697,942.2505

14996.8320,3.9696,237.3448,942.1609

14997.8330,3.9697,237.3348,942.1483

14998.8320,3.9697,237.3275,942.1132

14999.8320,3.9697,237.3278,942.1250

15000.8320,3.9697,237.3139,942.0601

15001.8320,3.9698,237.3101,942.0772

15002.8320,3.9697,237.3021,942.0295

15003.8320,3.9696,237.3585,942.2103

15004.8320,3.9695,237.3865,942.3046

15005.8320,3.9695,237.3792,942.2751

15006.8320,3.9698,237.3063,942.0533

15007.8320,3.9697,237.3159,942.0815

15008.8320,3.9698,237.3311,942.1521

15009.8320,3.9696,237.3294,942.1059

15010.8320,3.9696,237.3360,942.1405

15011.8320,3.9698,237.3107,942.0642

15012.8320,3.9697,237.3387,942.1628

15013.8320,3.9697,237.3237,942.1096

15014.8320,3.9698,237.2913,942.0029

15015.8320,3.9697,237.3071,942.0400

15016.8320,3.9697,237.3327,942.1469

15017.8320,3.9697,237.3479,942.1968

15018.8320,3.9696,237.3779,942.2871

15019.8320,3.9695,237.3974,942.3409

15020.8330,3.9695,237.3713,942.2395

15021.8320,3.9694,237.4180,942.4149

15022.8320,3.9693,237.4362,942.4598

15023.8320,3.9693,237.4260,942.4098

15024.8320,3.9695,237.3843,942.2975

15025.8320,3.9695,237.3705,942.2426

15026.8320,3.9695,237.3928,942.3214

15027.8320,3.9694,237.3875,942.2944

15028.8320,3.9691,237.4673,942.5368

15029.8330,3.9689,237.5315,942.7330

15030.8330,3.9688,237.5503,942.8003

15031.8320,3.9689,237.5456,942.7851

15032.8320,3.9689,237.5389,942.7591

15033.8320,3.9689,237.5285,942.7343

15034.8320,3.9689,237.5301,942.7269

15035.8320,3.9688,237.5457,942.7688

15036.8320,3.9690,237.5393,942.7860

15037.8320,3.9690,237.5290,942.7440

15038.8320,3.9690,237.4942,942.6068

15039.8320,3.9691,237.4823,942.5842

15040.8320,3.9690,237.4717,942.5351

15041.8320,3.9692,237.4722,942.5651

15042.8320,3.9691,237.4883,942.6167

15043.8320,3.9691,237.4758,942.5577

15044.8320,3.9690,237.4948,942.6145

15045.8320,3.9690,237.4938,942.6143

15046.8320,3.9691,237.4925,942.6282

15047.8320,3.9691,237.4907,942.6139

15048.8320,3.9691,237.4864,942.5977

15049.8330,3.9690,237.5070,942.6644

15050.8320,3.9690,237.4996,942.6306

15051.8320,3.9691,237.4787,942.5710

15052.8320,3.9691,237.4613,942.5007

15053.8320,3.9692,237.4582,942.5126

15054.8320,3.9691,237.4732,942.5619

15055.8320,3.9692,237.4391,942.4391

15056.8320,3.9691,237.4625,942.5158

15057.8320,3.9692,237.4634,942.5513

15058.8320,3.9693,237.4570,942.5435

15059.8320,3.9691,237.4649,942.5208

15060.8330,3.9690,237.4786,942.5599

15061.8320,3.9691,237.4672,942.5325

15062.8320,3.9690,237.4924,942.6151

15063.8320,3.9690,237.5131,942.6942

15064.8320,3.9688,237.5454,942.7712

15065.8320,3.9688,237.5580,942.8156

15066.8320,3.9689,237.5332,942.7420

15067.8320,3.9688,237.5336,942.7252

15068.8320,3.9689,237.5284,942.7291

15069.8320,3.9689,237.5060,942.6382

15070.8320,3.9690,237.4843,942.5849

15071.8320,3.9690,237.4981,942.6290

15072.8320,3.9691,237.4755,942.5666

15073.8330,3.9691,237.4703,942.5462

15074.8320,3.9691,237.4669,942.5355

15075.8320,3.9691,237.4482,942.4588

15076.8330,3.9691,237.4764,942.5641

15077.8320,3.9690,237.5071,942.6561

15078.8330,3.9690,237.4943,942.6236

15079.8320,3.9691,237.4953,942.6378

15080.8330,3.9688,237.5403,942.7485

15081.8320,3.9689,237.5100,942.6599

15082.8320,3.9690,237.4852,942.5904

15083.8320,3.9690,237.4810,942.5732

15084.8320,3.9690,237.5045,942.6503

15085.8320,3.9689,237.5018,942.6294

15086.8330,3.9690,237.4981,942.6349

15087.8320,3.9685,237.6228,943.0059

15088.8320,3.9684,237.6695,943.1685

15089.8330,3.9689,237.5314,942.7341

15090.8320,3.9691,237.4868,942.6087

15091.8320,3.9691,237.4761,942.5664

15092.8320,3.9691,237.4699,942.5335

15093.8320,3.9691,237.4554,942.4950

15094.8320,3.9691,237.4684,942.5447

15095.8320,3.9691,237.4892,942.6095

15096.8320,3.9691,237.4539,942.4820

15097.8330,3.9692,237.4465,942.4673

15098.8320,3.9690,237.4668,942.5168

15099.8320,3.9691,237.4712,942.5446

15100.8320,3.9692,237.4526,942.4861

15101.8320,3.9693,237.4182,942.3844

15102.8320,3.9693,237.4062,942.3319

15103.8330,3.9692,237.4269,942.3934

15104.8320,3.9692,237.4266,942.3932

15105.8320,3.9692,237.4293,942.4151

15106.8320,3.9692,237.4356,942.4401

15107.8320,3.9693,237.3976,942.2949

15108.8320,3.9694,237.3931,942.3089

15109.8320,3.9693,237.3965,942.2904

15110.8320,3.9694,237.3845,942.2717

15111.8320,3.9692,237.4334,942.4123

15112.8320,3.9689,237.5241,942.7096

15113.8320,3.9693,237.3745,942.2179

15114.8320,3.9695,237.3395,942.1279

15115.8320,3.9696,237.3120,942.0407

15116.8320,3.9697,237.3150,942.0601

15117.8320,3.9696,237.3263,942.0996

15118.8320,3.9696,237.3278,942.1009

15119.8320,3.9695,237.3447,942.1371

15120.8320,3.9696,237.3209,942.0682

15121.8320,3.9697,237.3088,942.0394

15122.8320,3.9697,237.3068,942.0257

15123.8330,3.9698,237.2782,941.9432

15124.8320,3.9699,237.2646,941.9123

15125.8320,3.9699,237.2712,941.9321

15126.8320,3.9699,237.2574,941.8830

15127.8330,3.9699,237.2426,941.8256

15128.8320,3.9699,237.2557,941.8817

15129.8320,3.9698,237.2530,941.8515

15130.8320,3.9698,237.2774,941.9420

15131.8320,3.9697,237.2912,941.9714

15132.8320,3.9699,237.2615,941.8970

15133.8320,3.9697,237.2991,942.0012

15134.8320,3.9697,237.3182,942.0812

15135.8330,3.9697,237.2938,941.9813

15136.8330,3.9698,237.2807,941.9587

15137.8330,3.9698,237.2681,941.9013

15138.8330,3.9698,237.2750,941.9409

15139.8330,3.9698,237.2804,941.9658

15140.8320,3.9698,237.2816,941.9491

15141.8330,3.9699,237.2503,941.8520

15142.8330,3.9699,237.2713,941.9343

15143.8320,3.9698,237.2670,941.9092

15144.8320,3.9696,237.3054,942.0086

15145.8320,3.9695,237.3605,942.1961

15146.8320,3.9695,237.3454,942.1423

15147.8320,3.9695,237.3424,942.1368

15148.8320,3.9696,237.3306,942.1022

15149.8320,3.9696,237.3391,942.1307

15150.8320,3.9696,237.3404,942.1405

15151.8320,3.9696,237.3067,942.0236

15152.8320,3.9697,237.3004,942.0212

15153.8320,3.9696,237.3354,942.1236

15154.8320,3.9695,237.3513,942.1708

15155.8320,3.9695,237.3820,942.2762

15156.8320,3.9695,237.3674,942.2198

15157.8320,3.9694,237.3840,942.2686

15158.8320,3.9694,237.3875,942.2885

15159.8320,3.9694,237.3754,942.2475

15160.8320,3.9695,237.3760,942.2732

15161.8320,3.9695,237.3404,942.1285

15162.8320,3.9697,237.3310,942.1333

15163.8320,3.9697,237.3198,942.0823

15164.8330,3.9696,237.3250,942.0803

15165.8320,3.9695,237.3463,942.1509

15166.8320,3.9696,237.3464,942.1802

15167.8320,3.9696,237.3370,942.1319

15168.8320,3.9696,237.3235,942.0863

15169.8320,3.9698,237.2941,942.0030

15170.8320,3.9698,237.2927,942.0032

15171.8320,3.9696,237.3371,942.1364

15172.8320,3.9696,237.3412,942.1491

15173.8320,3.9695,237.3441,942.1343

15174.8320,3.9695,237.3390,942.1227

15175.8320,3.9696,237.3426,942.1511

15176.8320,3.9695,237.3340,942.0991

15177.8330,3.9695,237.3707,942.2473

15178.8320,3.9696,237.3373,942.1306

15179.8320,3.9696,237.3404,942.1452

15180.8320,3.9697,237.3233,942.1034

15181.8320,3.9697,237.3063,942.0256

15182.8320,3.9696,237.3251,942.0944

15183.8330,3.9696,237.3059,942.0174

15184.8320,3.9696,237.3267,942.0964

15185.8330,3.9696,237.3346,942.1323

15186.8320,3.9696,237.3328,942.1182

15187.8320,3.9698,237.2871,941.9767

15188.8320,3.9696,237.3233,942.0775

15189.8320,3.9697,237.3041,942.0363

15190.8320,3.9697,237.2913,941.9692

15191.8320,3.9697,237.2967,941.9933

15192.8320,3.9697,237.3100,942.0498

15193.8320,3.9695,237.3280,942.0770

15194.8320,3.9696,237.3307,942.1184

15195.8320,3.9695,237.3335,942.1027

15196.8320,3.9695,237.3412,942.1260

15197.8320,3.9695,237.3377,942.1215

15198.8320,3.9696,237.3336,942.1140

15199.8320,3.9695,237.3303,942.0851

15200.8320,3.9696,237.3388,942.1304

15201.8320,3.9697,237.2987,942.0163

15202.8320,3.9698,237.2898,941.9929

15203.8320,3.9697,237.2861,941.9619

15204.8330,3.9696,237.3079,942.0290

15205.8320,3.9697,237.3091,942.0438

15206.8320,3.9697,237.2986,942.0142

15207.8320,3.9697,237.2881,941.9731

15208.8320,3.9697,237.3017,942.0147

15209.8320,3.9698,237.2858,941.9698

15210.8320,3.9698,237.2750,941.9361

15211.8330,3.9698,237.2848,941.9620

15212.8320,3.9698,237.3099,942.0715

15213.8320,3.9698,237.2666,941.9016

15214.8320,3.9699,237.2787,941.9706

15215.8320,3.9698,237.2554,941.8667

15216.8320,3.9699,237.2454,941.8456

15217.8320,3.9700,237.2533,941.8884

15218.8320,3.9698,237.2756,941.9363

15219.8320,3.9697,237.3008,942.0131

15220.8320,3.9699,237.2608,941.9123

15221.8320,3.9698,237.2667,941.9106

15222.8320,3.9700,237.2665,941.9373

15223.8330,3.9700,237.2406,941.8441

15224.8320,3.9699,237.2737,941.9410

15225.8320,3.9697,237.2862,941.9630

15226.8320,3.9699,237.2834,941.9858

15227.8320,3.9699,237.2705,941.9367

15228.8320,3.9699,237.2605,941.8903

15229.8320,3.9697,237.2850,941.9597

15230.8330,3.9698,237.2875,941.9773

15231.8320,3.9698,237.2989,942.0368

15232.8320,3.9698,237.2645,941.8836

15233.8320,3.9699,237.2500,941.8604

15234.8320,3.9698,237.2519,941.8505

15235.8330,3.9699,237.2565,941.8770

15236.8320,3.9698,237.2862,941.9747

15237.8320,3.9698,237.2777,941.9423

15238.8330,3.9699,237.2654,941.9210

15239.8320,3.9698,237.2691,941.9167

15240.8320,3.9699,237.2689,941.9351

15241.8320,3.9700,237.2415,941.8420

15242.8320,3.9699,237.2632,941.9144

15243.8330,3.9699,237.2608,941.8998

15244.8320,3.9698,237.2841,941.9657

15245.8330,3.9699,237.2706,941.9327

15246.8320,3.9698,237.2915,941.9920

15247.8330,3.9699,237.2848,941.9856

15248.8340,3.9698,237.2504,941.8443

15249.8330,3.9698,237.2567,941.8724

15250.8330,3.9700,237.2366,941.8299

15251.8320,3.9699,237.2496,941.8673

15252.8330,3.9698,237.2499,941.8428

15253.8320,3.9698,237.2735,941.9397

15254.8320,3.9699,237.2604,941.8942

15255.8320,3.9698,237.2786,941.9584

15256.8320,3.9698,237.2486,941.8302

15257.8320,3.9698,237.2628,941.8799

15258.8330,3.9698,237.2645,941.8992

15259.8320,3.9699,237.2594,941.8906

15260.8320,3.9699,237.2670,941.9284

15261.8320,3.9697,237.2817,941.9388

15262.8320,3.9697,237.2845,941.9506

15263.8320,3.9697,237.2842,941.9584

15264.8320,3.9698,237.2926,941.9942

15265.8320,3.9698,237.2766,941.9488

15266.8320,3.9697,237.2707,941.9038

15267.8320,3.9699,237.2545,941.8760

15268.8320,3.9698,237.2554,941.8453

15269.8320,3.9698,237.2851,941.9686

15270.8320,3.9696,237.2967,941.9790

15271.8320,3.9697,237.2902,941.9824

15272.8320,3.9698,237.2591,941.8693

15273.8320,3.9698,237.2716,941.9200

15274.8320,3.9698,237.2504,941.8349

15275.8330,3.9699,237.2535,941.8777

15276.8320,3.9697,237.2725,941.9121

15277.8320,3.9698,237.2635,941.8959

15278.8320,3.9699,237.2563,941.8768

15279.8320,3.9698,237.2558,941.8685

15280.8320,3.9698,237.2850,941.9634

15281.8320,3.9691,237.4325,942.3975

15282.8320,3.9695,237.3530,942.1752

15283.8320,3.9695,237.3545,942.1748

15284.8320,3.9696,237.3434,942.1489

15285.8320,3.9697,237.3097,942.0411

15286.8320,3.9697,237.2998,942.0098

15287.8330,3.9697,237.2997,942.0056

15288.8320,3.9696,237.3025,942.0038

15289.8320,3.9698,237.2988,942.0172

15290.8320,3.9697,237.2653,941.8802

15291.8320,3.9698,237.2621,941.8895

15292.8320,3.9699,237.2491,941.8487

15293.8320,3.9698,237.2532,941.8557

15294.8330,3.9698,237.2521,941.8417

15295.8320,3.9697,237.2781,941.9291

15296.8320,3.9698,237.2396,941.8053

15297.8330,3.9698,237.2367,941.7910

15298.8320,3.9699,237.2549,941.8698

15299.8320,3.9698,237.2430,941.8107

15300.8330,3.9698,237.2436,941.8207

15301.8320,3.9698,237.2558,941.8664

15302.8320,3.9698,237.2421,941.8023

15303.8330,3.9699,237.2373,941.8065

15304.8330,3.9697,237.2876,941.9621

15305.8330,3.9697,237.2794,941.9181

15306.8320,3.9698,237.2707,941.9130

15307.8320,3.9698,237.2624,941.8908

15308.8320,3.9698,237.2586,941.8636

15309.8320,3.9697,237.2655,941.8835

15310.8320,3.9697,237.2793,941.9188

15311.8320,3.9695,237.3296,942.0753

15312.8320,3.9697,237.2870,941.9616

15313.8320,3.9698,237.2755,941.9331

15314.8320,3.9698,237.2476,941.8289

15315.8320,3.9698,237.2492,941.8281

15316.8320,3.9697,237.2662,941.8779

15317.8320,3.9698,237.2636,941.8911

15318.8320,3.9698,237.2632,941.8886

15319.8320,3.9697,237.2636,941.8671

15320.8320,3.9697,237.2692,941.8991

15321.8320,3.9698,237.2525,941.8512

15322.8320,3.9698,237.2689,941.9063

15323.8320,3.9698,237.2616,941.8717

15324.8320,3.9698,237.2611,941.8740

15325.8320,3.9698,237.2657,941.8915

15326.8320,3.9698,237.2462,941.8301

15327.8320,3.9698,237.2453,941.8229

15328.8320,3.9698,237.2544,941.8564

15329.8320,3.9698,237.2656,941.8919

15330.8330,3.9697,237.2709,941.9057

15331.8320,3.9699,237.2504,941.8562

15332.8320,3.9694,237.3607,942.1719

15333.8320,3.9688,237.4977,942.5909

15334.8320,3.9695,237.3523,942.1785

15335.8320,3.9696,237.3453,942.1652

15336.8320,3.9697,237.3201,942.0846

15337.8320,3.9697,237.2957,941.9994

15338.8320,3.9696,237.3392,942.1334

15339.8320,3.9697,237.3153,942.0628

15340.8320,3.9697,237.2938,941.9933

15341.8320,3.9671,237.9185,943.8528

15342.8330,3.9667,238.0853,944.4051

15343.8320,3.9679,237.7643,943.4367

15344.8320,3.9683,237.6872,943.2186

15345.8320,3.9682,237.6641,943.1084

15346.8320,3.9681,237.7165,943.2766

15347.8320,3.9682,237.6840,943.1759

15348.8320,3.9684,237.6560,943.1053

15349.8320,3.9684,237.6281,942.9921

15350.8320,3.9685,237.6213,943.0013

15351.8320,3.9685,237.6169,942.9777

15352.8320,3.9686,237.6044,942.9472

15353.8320,3.9685,237.5985,942.9201

15354.8320,3.9686,237.5887,942.8874

15355.8320,3.9685,237.5964,942.9117

15356.8330,3.9686,237.5775,942.8502

15357.8320,3.9687,237.5572,942.8039

15358.8320,3.9687,237.5526,942.7745

15359.8320,3.9688,237.5228,942.6883

15360.8320,3.9688,237.5203,942.6651

15361.8320,3.9687,237.5469,942.7591

15362.8320,3.9688,237.5365,942.7311

15363.8320,3.9688,237.5281,942.6907

15364.8320,3.9688,237.5268,942.7019

15365.8320,3.9687,237.5493,942.7626

15366.8330,3.9686,237.5670,942.8124

15367.8320,3.9687,237.5566,942.7946

15368.8320,3.9687,237.5426,942.7356

15369.8320,3.9688,237.5302,942.7102

15370.8320,3.9688,237.5366,942.7299

15371.8320,3.9688,237.5203,942.6739

15372.8320,3.9689,237.5190,942.6825

15373.8320,3.9688,237.5179,942.6560

15374.8320,3.9688,237.5195,942.6645

15375.8320,3.9687,237.5307,942.6884

15376.8320,3.9688,237.5484,942.7773

15377.8320,3.9687,237.5228,942.6665

15378.8320,3.9688,237.5010,942.5994

15379.8320,3.9689,237.5014,942.6221

15380.8330,3.9688,237.4990,942.5881

15381.8320,3.9689,237.5303,942.7330

15382.8320,3.9688,237.5096,942.6293

15383.8320,3.9688,237.4931,942.5745

15384.8320,3.9689,237.4841,942.5448

15385.8320,3.9690,237.4847,942.5842

15386.8320,3.9690,237.4738,942.5454

15387.8320,3.9690,237.4798,942.5581

15388.8320,3.9690,237.4669,942.5171

15389.8330,3.9691,237.4515,942.4697

15390.8320,3.9691,237.4492,942.4659

15391.8320,3.9690,237.4534,942.4575

15392.8320,3.9690,237.4742,942.5354

15393.8320,3.9691,237.4519,942.4672

15394.8320,3.9690,237.4615,942.4937

15395.8320,3.9691,237.4599,942.4944

15396.8320,3.9692,237.4370,942.4249

15397.8320,3.9691,237.4343,942.3989

15398.8320,3.9691,237.4524,942.4651

15399.8320,3.9691,237.4362,942.4158

15400.8320,3.9691,237.4429,942.4255

15401.8320,3.9690,237.4663,942.5020

15402.8330,3.9690,237.4432,942.4220

15403.8330,3.9691,237.4408,942.4267

15404.8320,3.9690,237.4691,942.5088

15405.8320,3.9691,237.4510,942.4571

15406.8330,3.9691,237.4321,942.3993

15407.8320,3.9691,237.4135,942.3283

15408.8320,3.9692,237.4136,942.3489

15409.8320,3.9692,237.3979,942.2882

15410.8320,3.9692,237.4174,942.3628

15411.8320,3.9692,237.4340,942.4244

15412.8320,3.9690,237.4471,942.4372

15413.8320,3.9691,237.4301,942.3939

15414.8320,3.9691,237.4512,942.4609

15415.8320,3.9690,237.4665,942.5144

15416.8320,3.9690,237.4627,942.4787

15417.8330,3.9691,237.4445,942.4382

15418.8330,3.9691,237.4332,942.3938

15419.8320,3.9691,237.4249,942.3738

15420.8320,3.9693,237.4024,942.3178

15421.8320,3.9693,237.3932,942.2736

15422.8320,3.9692,237.4108,942.3398

15423.8320,3.9690,237.4420,942.4128

15424.8320,3.9692,237.4486,942.4733

15425.8320,3.9692,237.4182,942.3546

15426.8320,3.9691,237.4284,942.3860

15427.8320,3.9692,237.3963,942.2850

15428.8320,3.9692,237.3949,942.2698

15429.8320,3.9693,237.3892,942.2685

15430.8320,3.9692,237.4116,942.3401

15431.8320,3.9692,237.4211,942.3807

15432.8320,3.9692,237.3965,942.2809

15433.8320,3.9693,237.3882,942.2566

15434.8320,3.9694,237.3638,942.1953

15435.8320,3.9697,237.2817,941.9264

15436.8320,3.9697,237.2939,941.9841

15437.8330,3.9697,237.2944,941.9823

15438.8320,3.9696,237.2903,941.9410

15439.8320,3.9693,237.3895,942.2692

15440.8320,3.9694,237.3638,942.2000

15441.8320,3.9695,237.3084,941.9973

15442.8320,3.9695,237.3223,942.0527

15443.8320,3.9695,237.3143,942.0162

15444.8320,3.9696,237.3271,942.0867

15445.8320,3.9695,237.3447,942.1322

15446.8320,3.9696,237.3122,942.0352

15447.8320,3.9694,237.3295,942.0524

15448.8320,3.9698,237.2637,941.8951

15449.8320,3.9697,237.2667,941.8815

15450.8320,3.9696,237.2960,941.9750

15451.8330,3.9696,237.3007,941.9888

15452.8320,3.9695,237.3483,942.1541

15453.8320,3.9697,237.2662,941.8681

15454.8320,3.9698,237.2812,941.9516

15455.8320,3.9693,237.3491,942.1175

15456.8320,3.9694,237.3670,942.2002

15457.8320,3.9694,237.3715,942.2129

15458.8330,3.9695,237.3125,942.0189

15459.8320,3.9697,237.3027,942.0127

15460.8330,3.9695,237.3250,942.0698

15461.8330,3.9694,237.3789,942.2441

15462.8320,3.9693,237.3669,942.1766

15463.8320,3.9693,237.3744,942.2007

15464.8320,3.9694,237.3723,942.2307

15465.8320,3.9693,237.3664,942.1842

15466.8330,3.9694,237.3768,942.2339

15467.8320,3.9694,237.3448,942.1226

15468.8320,3.9694,237.3367,942.0939

15469.8320,3.9695,237.3408,942.1141

15470.8320,3.9696,237.2986,941.9785

15471.8320,3.9695,237.3235,942.0622

15472.8320,3.9696,237.2786,941.8962

15473.8320,3.9697,237.2733,941.9036

15474.8320,3.9698,237.2601,941.8842

15475.8320,3.9697,237.2515,941.8282

15476.8320,3.9699,237.2094,941.6947

15477.8320,3.9700,237.1948,941.6648

15478.8320,3.9700,237.2129,941.7281

15479.8320,3.9698,237.2425,941.8007

15480.8320,3.9696,237.2929,941.9556

15481.8320,3.9697,237.2921,941.9699

15482.8320,3.9695,237.3190,942.0344

15483.8320,3.9696,237.2941,941.9697

15484.8320,3.9698,237.2613,941.8694

15485.8320,3.9696,237.2860,941.9338

15486.8330,3.9697,237.2624,941.8649

15487.8320,3.9696,237.2748,941.8817

15488.8320,3.9698,237.2507,941.8321

15489.8320,3.9697,237.2615,941.8622

15490.8320,3.9696,237.2939,941.9536

15491.8320,3.9696,237.3015,942.0030

15492.8320,3.9696,237.2788,941.9017

15493.8320,3.9696,237.2814,941.9165

15494.8320,3.9696,237.2842,941.9150

15495.8320,3.9696,237.2873,941.9343

15496.8320,3.9696,237.2854,941.9292

15497.8320,3.9699,237.2241,941.7518

15498.8320,3.9698,237.2338,941.7684

15499.8320,3.9699,237.1924,941.6341

15500.8320,3.9701,237.1769,941.6081

15501.8320,3.9698,237.2212,941.7278

15502.8330,3.9701,237.1716,941.5840

15503.8320,3.9701,237.1602,941.5563

15504.8320,3.9699,237.1994,941.6670

15505.8320,3.9701,237.1576,941.5357

15506.8320,3.9701,237.1634,941.5583

15507.8320,3.9701,237.1551,941.5248

15508.8320,3.9699,237.1982,941.6637

15509.8320,3.9693,237.3561,942.1384

15510.8320,3.9697,237.2638,941.8575

15511.8320,3.9697,237.2456,941.8039

15512.8320,3.9700,237.1758,941.5981

15513.8320,3.9700,237.1539,941.5125

15514.8320,3.9703,237.1257,941.4520

15515.8320,3.9702,237.1021,941.3479

15516.8320,3.9703,237.1113,941.4083

15517.8330,3.9701,237.1340,941.4417

15518.8330,3.9702,237.1227,941.4177

15519.8320,3.9701,237.1401,941.4624

15520.8320,3.9703,237.1403,941.5068

15521.8320,3.9702,237.1101,941.3820

15522.8320,3.9703,237.1019,941.3576

15523.8320,3.9701,237.1304,941.4406

15524.8320,3.9702,237.1277,941.4391

15525.8320,3.9701,237.1485,941.4990

15526.8320,3.9700,237.1522,941.5049

15527.8320,3.9700,237.1827,941.6088

15528.8320,3.9701,237.1492,941.5078

15529.8320,3.9698,237.2066,941.6739

15530.8320,3.9700,237.1829,941.6189

15531.8320,3.9699,237.2120,941.7161

15532.8320,3.9699,237.1889,941.6258

15533.8320,3.9702,237.1544,941.5472

15534.8320,3.9700,237.1889,941.6410

15535.8320,3.9700,237.1608,941.5371

15536.8320,3.9702,237.1402,941.4913

15537.8320,3.9701,237.1670,941.5775

15538.8320,3.9701,237.1816,941.6253

15539.8320,3.9699,237.1600,941.4997

15540.8320,3.9701,237.1940,941.6733

15541.8320,3.9698,237.2294,941.7421

15542.8320,3.9698,237.2384,941.7914

15543.8320,3.9699,237.2319,941.7763

15544.8320,3.9700,237.1827,941.6207

15545.8320,3.9700,237.1820,941.6008

15546.8330,3.9702,237.1531,941.5538

15547.8320,3.9700,237.1522,941.4828

15548.8320,3.9702,237.1614,941.5792

15549.8320,3.9702,237.1320,941.4542

15550.8320,3.9702,237.1451,941.5020

15551.8320,3.9703,237.1065,941.3792

15552.8320,3.9699,237.1980,941.6509

15553.8320,3.9699,237.2150,941.7192

15554.8320,3.9697,237.2522,941.8157

15555.8320,3.9699,237.2236,941.7520

15556.8320,3.9697,237.2472,941.8100

15557.8320,3.9697,237.2716,941.9050

15558.8320,3.9698,237.2323,941.7673

15559.8320,3.9699,237.1955,941.6454

15560.8320,3.9703,237.1084,941.3925

15561.8320,3.9699,237.1861,941.6134

15562.8320,3.9698,237.2124,941.6968

15563.8320,3.9702,237.1396,941.4828

15564.8320,3.9702,237.1405,941.4917

15565.8320,3.9701,237.1314,941.4362

15566.8320,3.9700,237.1891,941.6317

15567.8330,3.9700,237.1625,941.5366

15568.8320,3.9702,237.1195,941.4118

15569.8320,3.9700,237.1343,941.4220

15570.8320,3.9701,237.1305,941.4226

15571.8320,3.9702,237.1419,941.4958

15572.8320,3.9703,237.0916,941.3159

15573.8320,3.9702,237.0995,941.3426

15574.8320,3.9701,237.1509,941.5179

15575.8320,3.9700,237.1490,941.4810

15576.8320,3.9702,237.1508,941.5253

15577.8320,3.9698,237.2161,941.7058

15578.8320,3.9701,237.1254,941.4148

15579.8320,3.9701,237.1488,941.5067

15580.8320,3.9696,237.2678,941.8596

15581.8320,3.9697,237.2601,941.8431

15582.8330,3.9698,237.2360,941.7737

15583.8320,3.9699,237.1856,941.6038

15584.8320,3.9699,237.1935,941.6446

15585.8320,3.9699,237.1896,941.6275

15586.8320,3.9698,237.2345,941.7777

15587.8320,3.9701,237.1459,941.4978

15588.8320,3.9702,237.1297,941.4469

15589.8320,3.9702,237.1302,941.4472

15590.8320,3.9701,237.1481,941.5076

15591.8320,3.9699,237.2089,941.6902

15592.8320,3.9700,237.1745,941.5865

15593.8320,3.9701,237.1397,941.4793

15594.8320,3.9704,237.0928,941.3465

15595.8330,3.9702,237.1107,941.3735

15596.8320,3.9700,237.1697,941.5749

15597.8320,3.9699,237.2015,941.6663

15598.8320,3.9700,237.1744,941.5794

15599.8320,3.9701,237.1200,941.4003

15600.8320,3.9701,237.1260,941.4159

15601.8320,3.9701,237.1393,941.4688

15602.8320,3.9701,237.1558,941.5269

15603.8320,3.9700,237.1640,941.5516

15604.8320,3.9700,237.1619,941.5382

15605.8320,3.9701,237.1361,941.4570

15606.8320,3.9702,237.1270,941.4345

15607.8320,3.9700,237.1570,941.5240

15608.8320,3.9700,237.1734,941.5838

15609.8320,3.9703,237.0767,941.2715

15610.8320,3.9704,237.0740,941.2737

15611.8330,3.9703,237.1034,941.3607

15612.8320,3.9703,237.0935,941.3208

15613.8320,3.9703,237.0943,941.3408

15614.8320,3.9701,237.1375,941.4555

15615.8320,3.9701,237.1263,941.4195

15616.8320,3.9700,237.1405,941.4561

15617.8320,3.9700,237.1679,941.5543

15618.8320,3.9695,237.2627,941.8214

15619.8320,3.9700,237.1473,941.4803

15620.8320,3.9701,237.1281,941.4277

15621.8320,3.9702,237.1069,941.3707

15622.8320,3.9701,237.1254,941.4131

15623.8320,3.9701,237.1369,941.4559

15624.8320,3.9703,237.0990,941.3596

15625.8320,3.9702,237.0712,941.2196

15626.8320,3.9700,237.1488,941.4919

15627.8320,3.9700,237.1538,941.4920

15628.8320,3.9702,237.1231,941.4241

15629.8320,3.9703,237.0747,941.2507

15630.8320,3.9701,237.1303,941.4301

15631.8320,3.9701,237.1383,941.4604

15632.8320,3.9701,237.1454,941.4852

15633.8320,3.9703,237.0829,941.2821

15634.8320,3.9702,237.1044,941.3551

15635.8320,3.9701,237.1430,941.4791

15636.8320,3.9701,237.1280,941.4143

15637.8320,3.9701,237.1645,941.5579

15638.8320,3.9699,237.1856,941.6040

15639.8330,3.9701,237.1157,941.3832

15640.8320,3.9701,237.1083,941.3463

15641.8320,3.9702,237.1259,941.4335

15642.8320,3.9704,237.0701,941.2601

15643.8320,3.9705,237.0282,941.1122

15644.8320,3.9699,237.1620,941.5202

15645.8320,3.9700,237.1413,941.4563

15646.8320,3.9701,237.1132,941.3715

15647.8320,3.9705,237.0404,941.1606

15648.8320,3.9705,237.0444,941.1762

15649.8330,3.9704,237.0609,941.2313

15650.8320,3.9702,237.0856,941.2789

15651.8320,3.9702,237.1106,941.3871

15652.8320,3.9703,237.0654,941.2170

15653.8320,3.9702,237.1069,941.3543

15654.8320,3.9701,237.1402,941.4638

15655.8320,3.9702,237.1038,941.3433

15656.8330,3.9703,237.0916,941.3215

15657.8320,3.9702,237.0741,941.2393

15658.8330,3.9704,237.0820,941.3008

15659.8320,3.9701,237.0984,941.3129

15660.8320,3.9701,237.1439,941.4846

15661.8320,3.9699,237.1461,941.4465

15662.8320,3.9699,237.1630,941.5231

15663.8320,3.9698,237.2076,941.6705

15664.8320,3.9698,237.2179,941.7039

15665.8320,3.9698,237.1864,941.5915

15666.8320,3.9698,237.1887,941.5855

15667.8320,3.9698,237.1902,941.6089

15668.8330,3.9698,237.2007,941.6331

15669.8320,3.9697,237.2095,941.6552

15670.8320,3.9699,237.1879,941.6118

15671.8320,3.9699,237.1739,941.5522

15672.8320,3.9699,237.1748,941.5625

15673.8320,3.9699,237.1557,941.4882

15674.8320,3.9699,237.1504,941.4750

15675.8320,3.9701,237.1145,941.3788

15676.8320,3.9703,237.0897,941.3148

15677.8320,3.9699,237.1478,941.4511

15678.8320,3.9694,237.2996,941.9360

15679.8320,3.9696,237.2370,941.7443

15680.8330,3.9696,237.2351,941.7331

15681.8320,3.9698,237.1953,941.6142

15682.8320,3.9696,237.2278,941.7098

15683.8320,3.9696,237.2325,941.7219

15684.8320,3.9696,237.2404,941.7512

15685.8320,3.9698,237.2107,941.6713

15686.8320,3.9698,237.1780,941.5493

15687.8330,3.9699,237.1276,941.3776

15688.8320,3.9701,237.1123,941.3591

15689.8320,3.9702,237.0645,941.2043

15690.8320,3.9698,237.1496,941.4369

15691.8320,3.9699,237.1730,941.5617

15692.8320,3.9697,237.1841,941.5507

15693.8320,3.9698,237.1992,941.6258

15694.8330,3.9698,237.1849,941.5711

15695.8320,3.9700,237.1627,941.5245

15696.8320,3.9697,237.1833,941.5486

15697.8330,3.9698,237.1870,941.5930

15698.8320,3.9698,237.1952,941.6142

15699.8320,3.9697,237.1913,941.5901

15700.8330,3.9697,237.1978,941.6062

15701.8320,3.9699,237.1971,941.6479

15702.8320,3.9699,237.1653,941.5184

15703.8320,3.9699,237.1549,941.4840

15704.8330,3.9699,237.1960,941.6340

15705.8320,3.9699,237.1731,941.5422

15706.8320,3.9698,237.1659,941.4976

15707.8320,3.9699,237.1659,941.5218

15708.8320,3.9700,237.1597,941.5249

15709.8320,3.9698,237.1561,941.4715

15710.8320,3.9700,237.1674,941.5444

15711.8320,3.9699,237.1468,941.4554

15712.8320,3.9700,237.1358,941.4186

15713.8320,3.9701,237.1524,941.5104

15714.8320,3.9700,237.1428,941.4576

15715.8320,3.9701,237.1362,941.4572

15716.8320,3.9700,237.1284,941.4073

15717.8320,3.9699,237.1096,941.3130

15718.8320,3.9701,237.1166,941.3652

15719.8320,3.9702,237.1120,941.3716

15720.8320,3.9701,237.1293,941.4378

15721.8320,3.9699,237.1405,941.4140

15722.8320,3.9698,237.2139,941.6885

15723.8320,3.9697,237.1846,941.5539

15724.8320,3.9698,237.1625,941.4983

15725.8330,3.9698,237.1750,941.5410

15726.8320,3.9698,237.1696,941.5122

15727.8320,3.9698,237.2025,941.6478

15728.8320,3.9699,237.1850,941.6063

15729.8320,3.9699,237.2085,941.6862

15730.8330,3.9698,237.1996,941.6413

15731.8320,3.9698,237.1821,941.5748

15732.8320,3.9699,237.2103,941.6985

15733.8320,3.9699,237.2026,941.6683

15734.8320,3.9698,237.1881,941.5916

15735.8320,3.9698,237.2010,941.6375

15736.8320,3.9699,237.1857,941.5921

15737.8320,3.9699,237.1757,941.5537

15738.8320,3.9699,237.1716,941.5486

15739.8320,3.9699,237.1686,941.5342

15740.8320,3.9699,237.1681,941.5394

15741.8320,3.9699,237.1620,941.5099

15742.8320,3.9698,237.1697,941.5271

15743.8320,3.9700,237.1740,941.5816

15744.8320,3.9699,237.1530,941.4761

15745.8320,3.9690,237.3561,942.0705

15746.8320,3.9698,237.2476,941.8287

15747.8320,3.9697,237.2228,941.7033

15748.8320,3.9698,237.1941,941.6155

15749.8320,3.9699,237.1756,941.5576

15750.8320,3.9700,237.1634,941.5322

15751.8320,3.9700,237.1532,941.5040

15752.8320,3.9700,237.1192,941.3663

15753.8320,3.9702,237.1168,941.3894

15754.8320,3.9700,237.1180,941.3635

15755.8330,3.9698,237.1692,941.5141

15756.8320,3.9701,237.1271,941.4265

15757.8320,3.9702,237.1241,941.4184

15758.8320,3.9700,237.1367,941.4218

15759.8320,3.9701,237.1226,941.3962

15760.8320,3.9702,237.1329,941.4574

15761.8320,3.9700,237.1276,941.3974

15762.8320,3.9700,237.1340,941.4232

15763.8330,3.9700,237.1368,941.4421

15764.8320,3.9699,237.1494,941.4682

15765.8320,3.9700,237.1359,941.4387

15766.8330,3.9700,237.1407,941.4432

15767.8320,3.9700,237.1243,941.3944

15768.8330,3.9700,237.1385,941.4393

15769.8320,3.9699,237.1142,941.3281

15770.8320,3.9699,237.1257,941.3649

15771.8320,3.9701,237.1327,941.4442

15772.8320,3.9700,237.1237,941.3879

15773.8320,3.9700,237.1130,941.3451

15774.8330,3.9701,237.1005,941.3058

15775.8320,3.9702,237.1217,941.4162

15776.8320,3.9700,237.0813,941.2133

15777.8320,3.9700,237.1019,941.3050

15778.8320,3.9702,237.0929,941.3160

15779.8320,3.9701,237.1084,941.3379

15780.8320,3.9701,237.1234,941.3959

15781.8320,3.9701,237.1110,941.3656

15782.8320,3.9700,237.1194,941.3536

15783.8320,3.9701,237.1208,941.4015

15784.8320,3.9702,237.1346,941.4665

15785.8320,3.9701,237.1048,941.3321

15786.8320,3.9702,237.1191,941.4073

15787.8320,3.9701,237.1247,941.4015

15788.8320,3.9702,237.1101,941.3726

15789.8320,3.9702,237.0748,941.2433

15790.8330,3.9702,237.0995,941.3259

15791.8320,3.9702,237.0790,941.2546

15792.8320,3.9704,237.0713,941.2595

15793.8320,3.9703,237.0768,941.2708

15794.8320,3.9702,237.0685,941.2024

15795.8330,3.9703,237.0702,941.2406

15796.8320,3.9702,237.0686,941.2167

15797.8320,3.9703,237.0905,941.3101

15798.8320,3.9701,237.0934,941.2937

15799.8320,3.9700,237.1180,941.3626

15800.8320,3.9701,237.1156,941.3805

15801.8320,3.9701,237.1165,941.3658

15802.8320,3.9700,237.1429,941.4547

15803.8330,3.9700,237.1378,941.4429

15804.8320,3.9700,237.1305,941.4174

15805.8320,3.9702,237.0864,941.2747

15806.8320,3.9701,237.1133,941.3715

15807.8320,3.9701,237.1016,941.3191

15808.8320,3.9701,237.1156,941.3705

15809.8320,3.9699,237.1453,941.4367

15810.8320,3.9699,237.1634,941.5067

15811.8320,3.9698,237.1739,941.5344

15812.8320,3.9698,237.1764,941.5544

15813.8330,3.9697,237.1686,941.4988

15814.8320,3.9699,237.1796,941.5820

15815.8320,3.9697,237.1786,941.5363

15816.8330,3.9698,237.1546,941.4613

15817.8320,3.9700,237.1604,941.5175

15818.8320,3.9698,237.1464,941.4319

15819.8320,3.9698,237.1583,941.4725

15820.8320,3.9699,237.1676,941.5267

15821.8320,3.9697,237.1721,941.5070

15822.8320,3.9699,237.1539,941.4857

15823.8320,3.9699,237.1480,941.4636

15824.8320,3.9700,237.1262,941.3820

15825.8320,3.9700,237.1256,941.3936

15826.8320,3.9700,237.1210,941.3780

15827.8320,3.9700,237.1307,941.4132

15828.8320,3.9697,237.2154,941.6647

15829.8320,3.9696,237.2316,941.7195

15830.8330,3.9695,237.2662,941.8356

15831.8320,3.9696,237.2390,941.7417

15832.8320,3.9696,237.2129,941.6472

15833.8330,3.9697,237.2301,941.7209

15834.8320,3.9695,237.2526,941.7717

15835.8320,3.9696,237.2392,941.7376

15836.8320,3.9696,237.2364,941.7359

15837.8320,3.9697,237.2173,941.6739

15838.8320,3.9696,237.2223,941.6747

15839.8320,3.9697,237.2191,941.6860

15840.8320,3.9697,237.2065,941.6435

15841.8320,3.9697,237.2014,941.6176

15842.8320,3.9697,237.2030,941.6224

15843.8320,3.9697,237.2081,941.6348

15844.8320,3.9698,237.1874,941.5831

15845.8320,3.9697,237.1877,941.5754

15846.8320,3.9697,237.2126,941.6533

15847.8320,3.9697,237.1953,941.5914

15848.8320,3.9697,237.2027,941.6238

15849.8330,3.9697,237.2176,941.6762

15850.8320,3.9697,237.2115,941.6591

15851.8320,3.9697,237.2051,941.6340

15852.8330,3.9696,237.2192,941.6650

15853.8320,3.9696,237.2192,941.6741

15854.8320,3.9697,237.2088,941.6444

15855.8320,3.9697,237.1901,941.5847

15856.8320,3.9697,237.1949,941.5930

15857.8320,3.9696,237.2071,941.6256

15858.8320,3.9698,237.2066,941.6545

15859.8320,3.9697,237.1945,941.6009

15860.8320,3.9697,237.2076,941.6536

15861.8320,3.9696,237.2309,941.7160

15862.8320,3.9696,237.2264,941.6881

15863.8320,3.9695,237.2563,941.7928

15864.8320,3.9695,237.2520,941.7761

15865.8330,3.9696,237.2421,941.7453

15866.8320,3.9695,237.2520,941.7794

15867.8320,3.9695,237.2467,941.7436

15868.8320,3.9696,237.2371,941.7370

15869.8320,3.9696,237.2400,941.7425

15870.8320,3.9695,237.2439,941.7465

15871.8320,3.9695,237.2624,941.8187

15872.8320,3.9695,237.2371,941.7091

15873.8320,3.9695,237.2649,941.8327

15874.8320,3.9696,237.2209,941.6688

15875.8330,3.9697,237.2052,941.6346

15876.8320,3.9696,237.2537,941.8074

15877.8320,3.9696,237.2210,941.6640

15878.8320,3.9695,237.2622,941.8194

15879.8320,3.9694,237.2656,941.8132

15880.8330,3.9695,237.2361,941.7154

15881.8320,3.9697,237.2455,941.7962

15882.8320,3.9695,237.2203,941.6549

15883.8320,3.9696,237.2083,941.6109

15884.8330,3.9697,237.2066,941.6509

15885.8320,3.9696,237.2177,941.6600

15886.8320,3.9696,237.2166,941.6541

15887.8320,3.9696,237.2072,941.6236

15888.8320,3.9697,237.2148,941.6683

15889.8320,3.9696,237.1938,941.5728

15890.8320,3.9697,237.1840,941.5580

15891.8320,3.9697,237.1780,941.5332

15892.8330,3.9697,237.2057,941.6245

15893.8320,3.9699,237.1619,941.5104

15894.8320,3.9697,237.1618,941.4702

15895.8320,3.9698,237.1518,941.4563

15896.8320,3.9697,237.1755,941.5262

15897.8320,3.9698,237.1657,941.4984

15898.8320,3.9700,237.1122,941.3408

15899.8320,3.9700,237.1097,941.3279

15900.8320,3.9701,237.0780,941.2199

15901.8320,3.9700,237.1071,941.3170

15902.8320,3.9698,237.1556,941.4557

15903.8320,3.9694,237.2795,941.8647

15904.8330,3.9697,237.1774,941.5349

15905.8320,3.9700,237.1102,941.3382

15906.8320,3.9702,237.0569,941.1621

15907.8320,3.9703,237.0349,941.1090

15908.8320,3.9703,237.0278,941.0809

15909.8330,3.9703,237.0301,941.0921

15910.8320,3.9704,237.0012,940.9859

15911.8320,3.9699,237.1440,941.4346

15912.8320,3.9699,237.1326,941.4018

15913.8320,3.9700,237.1115,941.3394

15914.8320,3.9702,237.0851,941.2715

15915.8320,3.9702,237.0541,941.1516

15916.8320,3.9705,236.9866,940.9591

15917.8320,3.9703,237.0147,941.0225

15918.8320,3.9703,237.0514,941.1623

15919.8320,3.9703,237.0369,941.1029

15920.8320,3.9703,237.0399,941.1083

15921.8320,3.9702,237.0612,941.1916

15922.8320,3.9704,237.0511,941.1796

15923.8330,3.9701,237.0409,941.0804

15924.8320,3.9704,237.0069,941.0053

15925.8320,3.9701,237.1240,941.3948

15926.8320,3.9702,237.0622,941.1836

15927.8320,3.9700,237.0975,941.2654

15928.8320,3.9700,237.1428,941.4555

15929.8320,3.9703,237.0506,941.1550

15930.8320,3.9701,237.0421,941.0820

15931.8320,3.9702,237.0577,941.1589

15932.8320,3.9702,237.0691,941.2070

15933.8320,3.9697,237.1640,941.4745

15934.8330,3.9697,237.1895,941.5633

15935.8320,3.9696,237.1829,941.5193

15936.8330,3.9700,237.1347,941.4279

15937.8320,3.9699,237.1234,941.3632

15938.8320,3.9700,237.1154,941.3559

15939.8320,3.9700,237.1085,941.3225

15940.8320,3.9700,237.1159,941.3423

15941.8320,3.9700,237.1117,941.3285

15942.8320,3.9702,237.0659,941.1885

15943.8320,3.9702,237.0648,941.2009

15944.8320,3.9700,237.0699,941.1724

15945.8320,3.9702,237.0588,941.1791

15946.8320,3.9703,237.0191,941.0258

15947.8330,3.9700,237.0787,941.2086

15948.8320,3.9699,237.1364,941.4149

15949.8320,3.9699,237.1048,941.2889

15950.8320,3.9701,237.0670,941.1766

15951.8320,3.9704,237.0102,941.0156

15952.8320,3.9703,237.0295,941.0667

15953.8320,3.9703,237.0424,941.1180

15954.8320,3.9700,237.0875,941.2447

15955.8330,3.9700,237.1027,941.2958

15956.8330,3.9697,237.1596,941.4522

15957.8320,3.9699,237.1686,941.5285

15958.8320,3.9698,237.1740,941.5252

15959.8330,3.9695,237.2249,941.6641

15960.8320,3.9693,237.2466,941.7091

15961.8320,3.9696,237.2451,941.7569

15962.8320,3.9694,237.2331,941.6785

15963.8320,3.9697,237.2161,941.6673

15964.8320,3.9695,237.2299,941.6829

15965.8320,3.9695,237.2033,941.5720

15966.8320,3.9696,237.2037,941.6152

15967.8320,3.9696,237.1835,941.5174

15968.8320,3.9695,237.2046,941.5907

15969.8320,3.9696,237.2026,941.5988

15970.8320,3.9696,237.1850,941.5321

15971.8320,3.9696,237.1937,941.5600

15972.8320,3.9695,237.2047,941.5920

15973.8320,3.9697,237.1723,941.5045

15974.8320,3.9697,237.1747,941.5121

15975.8320,3.9697,237.1861,941.5486

15976.8320,3.9696,237.1846,941.5271

15977.8320,3.9697,237.1801,941.5246

15978.8330,3.9697,237.1725,941.5115

15979.8320,3.9698,237.1477,941.4194

15980.8320,3.9697,237.1519,941.4273

15981.8320,3.9698,237.1361,941.3830

15982.8320,3.9699,237.1312,941.3759

15983.8320,3.9698,237.1502,941.4295

15984.8320,3.9697,237.1658,941.4816

15985.8320,3.9698,237.1580,941.4591

15986.8320,3.9698,237.1463,941.4235

15987.8320,3.9697,237.1474,941.4104

15988.8320,3.9698,237.1425,941.4099

15989.8320,3.9699,237.1416,941.4232

15990.8330,3.9698,237.1524,941.4462

15991.8320,3.9698,237.1650,941.4911

15992.8320,3.9696,237.1488,941.3974

15993.8330,3.9699,237.1411,941.4301

15994.8320,3.9698,237.1474,941.4191

15995.8320,3.9697,237.1797,941.5228

15996.8320,3.9696,237.1959,941.5708

15997.8320,3.9697,237.1683,941.4916

15998.8320,3.9697,237.1602,941.4531

15999.8320,3.9692,237.3075,941.9220

16000.8320,3.9695,237.2126,941.6229

16001.8320,3.9698,237.1768,941.5351

16002.8320,3.9698,237.1389,941.4014

16003.8320,3.9698,237.1452,941.4229

16004.8320,3.9699,237.1332,941.3836

16005.8320,3.9697,237.1674,941.4839

16006.8320,3.9697,237.1665,941.4742

16007.8320,3.9698,237.1689,941.5027

16008.8320,3.9697,237.1564,941.4357

16009.8320,3.9698,237.1456,941.4239

16010.8320,3.9698,237.1375,941.3937

16011.8320,3.9698,237.1367,941.3926

16012.8320,3.9697,237.1385,941.3793

16013.8330,3.9698,237.1417,941.3988

16014.8320,3.9698,237.1276,941.3460

16015.8320,3.9698,237.1214,941.3349

16016.8320,3.9697,237.1373,941.3673

16017.8320,3.9697,237.1354,941.3579

16018.8320,3.9698,237.1568,941.4641

16019.8320,3.9697,237.1478,941.4032

16020.8320,3.9698,237.1681,941.5052

16021.8320,3.9697,237.1626,941.4670

16022.8320,3.9698,237.1503,941.4330

16023.8320,3.9696,237.1710,941.4767

16024.8330,3.9698,237.1399,941.4019

16025.8330,3.9698,237.1347,941.3875

16026.8320,3.9698,237.0987,941.2458

16027.8320,3.9699,237.0938,941.2387

16028.8320,3.9700,237.0767,941.1869

16029.8320,3.9700,237.0840,941.2191

16030.8320,3.9699,237.1031,941.2805

16031.8320,3.9700,237.0920,941.2588

16032.8320,3.9700,237.0844,941.2183

16033.8320,3.9700,237.0783,941.2001

16034.8320,3.9699,237.0997,941.2704

16035.8320,3.9700,237.1082,941.3168

16036.8320,3.9698,237.1110,941.2722

16037.8330,3.9700,237.1050,941.2951

16038.8330,3.9698,237.1267,941.3466

16039.8320,3.9699,237.1476,941.4421

16040.8320,3.9697,237.1489,941.4040

16041.8320,3.9696,237.1569,941.4179

16042.8320,3.9697,237.1586,941.4410

16043.8320,3.9697,237.1693,941.4940

16044.8330,3.9695,237.1772,941.4800

16045.8320,3.9697,237.1821,941.5310

16046.8320,3.9696,237.1652,941.4422

16047.8320,3.9697,237.1761,941.5061

16048.8320,3.9696,237.1854,941.5199

16049.8320,3.9695,237.1822,941.5040

16050.8320,3.9696,237.1977,941.5817

16051.8320,3.9695,237.1972,941.5553

16052.8320,3.9696,237.1826,941.5129

16053.8320,3.9695,237.1848,941.5116

16054.8320,3.9696,237.1785,941.4952

16055.8320,3.9696,237.1604,941.4402

16056.8320,3.9697,237.1557,941.4364

16057.8320,3.9696,237.1582,941.4152

16058.8330,3.9697,237.1754,941.5081

16059.8320,3.9688,237.4114,942.2276

16060.8330,3.9691,237.3333,941.9906

16061.8320,3.9690,237.3304,941.9734

16062.8320,3.9692,237.2834,941.8369

16063.8320,3.9692,237.2788,941.8014

16064.8320,3.9694,237.2427,941.7020

16065.8320,3.9692,237.2628,941.7542

16066.8320,3.9693,237.2425,941.6937

16067.8320,3.9692,237.2724,941.7925

16068.8320,3.9693,237.2532,941.7229

16069.8320,3.9693,237.2345,941.6656

16070.8320,3.9694,237.2340,941.6695

16071.8320,3.9694,237.2224,941.6283

16072.8320,3.9695,237.2098,941.5993

16073.8330,3.9695,237.1955,941.5514

16074.8320,3.9694,237.2198,941.6124

16075.8320,3.9694,237.2402,941.6920

16076.8320,3.9693,237.2467,941.7014

16077.8320,3.9693,237.2369,941.6661

16078.8320,3.9693,237.2413,941.6936

16079.8320,3.9693,237.2311,941.6510

16080.8330,3.9694,237.2038,941.5625

16081.8320,3.9695,237.2087,941.5978

16082.8320,3.9695,237.2014,941.5627

16083.8330,3.9695,237.2099,941.6047

16084.8320,3.9694,237.2245,941.6352

16085.8330,3.9693,237.2540,941.7399

16086.8320,3.9695,237.2107,941.6012

16087.8320,3.9696,237.1924,941.5598

16088.8320,3.9696,237.1719,941.4691

16089.8320,3.9697,237.1687,941.4859

16090.8320,3.9697,237.1559,941.4397

16091.8320,3.9697,237.1464,941.4090

16092.8320,3.9697,237.1443,941.3898

16093.8320,3.9698,237.1422,941.4047

16094.8320,3.9697,237.1393,941.3670

16095.8320,3.9696,237.1546,941.4205

16096.8320,3.9696,237.1645,941.4602

16097.8320,3.9696,237.1634,941.4526

16098.8320,3.9700,237.1177,941.3506

16099.8320,3.9697,237.1250,941.3193

16100.8330,3.9696,237.1714,941.4856

16101.8320,3.9698,237.1423,941.3966

16102.8320,3.9697,237.1527,941.4229

16103.8320,3.9698,237.1425,941.3980

16104.8330,3.9696,237.1437,941.3691

16105.8320,3.9698,237.1483,941.4199

16106.8320,3.9698,237.1261,941.3515

16107.8320,3.9697,237.1284,941.3354

16108.8320,3.9698,237.1056,941.2611

16109.8320,3.9696,237.1609,941.4365

16110.8330,3.9695,237.1592,941.4046

16111.8320,3.9696,237.1791,941.5150

16112.8320,3.9695,237.1678,941.4289

16113.8320,3.9694,237.2121,941.5970

16114.8320,3.9694,237.2174,941.6064

16115.8320,3.9694,237.2490,941.7318

16116.8320,3.9691,237.2837,941.8011

16117.8330,3.9692,237.2716,941.7767

16118.8320,3.9692,237.2609,941.7470

16119.8330,3.9693,237.2414,941.6761

16120.8330,3.9693,237.2490,941.7051

16121.8320,3.9692,237.2614,941.7465

16122.8330,3.9692,237.2577,941.7335

16123.8330,3.9694,237.2484,941.7242

16124.8320,3.9693,237.2439,941.6925

16125.8320,3.9693,237.2256,941.6288

16126.8320,3.9695,237.2499,941.7552

16127.8320,3.9693,237.2246,941.6269

16128.8330,3.9694,237.2363,941.6846

16129.8320,3.9694,237.2354,941.6711

16130.8320,3.9695,237.2227,941.6503

16131.8320,3.9694,237.2219,941.6185

16132.8320,3.9695,237.2328,941.6911

16133.8320,3.9694,237.2258,941.6438

16134.8330,3.9694,237.2014,941.5426

16135.8320,3.9695,237.1902,941.5171

16136.8320,3.9695,237.2079,941.5987

16137.8320,3.9694,237.2050,941.5703

16138.8320,3.9694,237.2039,941.5595

16139.8330,3.9696,237.1572,941.4214

16140.8320,3.9695,237.1672,941.4414

16141.8320,3.9695,237.1688,941.4526

16142.8320,3.9695,237.1645,941.4163

16143.8320,3.9696,237.1618,941.4369

16144.8320,3.9696,237.1545,941.4049

16145.8320,3.9695,237.1374,941.3278

16146.8320,3.9696,237.1594,941.4268

16147.8320,3.9691,237.2727,941.7569

16148.8320,3.9692,237.2241,941.5797

16149.8320,3.9694,237.2024,941.5623

16150.8320,3.9695,237.1475,941.3646

16151.8320,3.9697,237.1303,941.3363

16152.8320,3.9697,237.1143,941.2776

16153.8330,3.9698,237.0902,941.2015

16154.8320,3.9698,237.1080,941.2822

16155.8320,3.9698,237.1015,941.2405

16156.8320,3.9698,237.0870,941.1993

16157.8320,3.9698,237.1115,941.2861

16158.8320,3.9699,237.0987,941.2526

16159.8320,3.9697,237.1269,941.3296

16160.8320,3.9698,237.1208,941.3234

16161.8320,3.9699,237.0977,941.2503

16162.8320,3.9699,237.0921,941.2411

16163.8320,3.9698,237.1186,941.3165

16164.8320,3.9694,237.2057,941.5753

16165.8320,3.9696,237.1691,941.4627

16166.8320,3.9697,237.1685,941.4996

16167.8320,3.9697,237.1231,941.3030

16168.8320,3.9697,237.1644,941.4710

16169.8320,3.9697,237.1372,941.3661

16170.8320,3.9698,237.1212,941.3152

16171.8320,3.9699,237.0975,941.2445

16172.8330,3.9699,237.0961,941.2453

16173.8320,3.9697,237.0974,941.2147

16174.8320,3.9699,237.0984,941.2583

16175.8330,3.9698,237.1022,941.2551

16176.8320,3.9700,237.0760,941.1819

16177.8320,3.9700,237.0551,941.1056

16178.8320,3.9699,237.0714,941.1550

16179.8330,3.9700,237.0561,941.1159

16180.8320,3.9699,237.0774,941.1824

16181.8320,3.9698,237.0641,941.1056

16182.8320,3.9700,237.0606,941.1300

16183.8320,3.9700,237.0418,941.0663

16184.8320,3.9701,237.0261,941.0072

16185.8320,3.9701,237.0192,940.9819

16186.8320,3.9701,237.0102,940.9583

16187.8320,3.9701,237.0068,940.9470

16188.8320,3.9700,237.0194,940.9722

16189.8320,3.9701,237.0327,941.0390

16190.8320,3.9700,237.0505,941.0799

16191.8320,3.9699,237.0505,941.0766

16192.8320,3.9700,237.0618,941.1281

16193.8320,3.9700,237.0574,941.1140

16194.8320,3.9699,237.0722,941.1506

16195.8320,3.9698,237.0806,941.1710

16196.8330,3.9699,237.0759,941.1685

16197.8330,3.9699,237.0897,941.2209

16198.8320,3.9698,237.0915,941.2027

16199.8330,3.9698,237.0965,941.2213

16200.8320,3.9698,237.1070,941.2638

16201.8320,3.9697,237.1187,941.2947

16202.8320,3.9697,237.1366,941.3561

16203.8320,3.9697,237.1205,941.2884

16204.8320,3.9698,237.1201,941.3244

16205.8320,3.9698,237.0928,941.2003

16206.8330,3.9698,237.0894,941.2045

16207.8320,3.9698,237.0729,941.1378

16208.8330,3.9699,237.0940,941.2405

16209.8320,3.9697,237.1340,941.3454

16210.8330,3.9697,237.1459,941.3930

16211.8320,3.9699,237.0588,941.1048

16212.8320,3.9701,237.0333,941.0402

16213.8320,3.9701,237.0364,941.0522

16214.8320,3.9701,237.0232,941.0140

16215.8320,3.9700,237.0492,941.0784

16216.8330,3.9701,237.0289,941.0243

16217.8320,3.9700,237.0109,940.9447

16218.8320,3.9701,237.0307,941.0342

16219.8320,3.9701,237.0275,941.0197

16220.8320,3.9699,237.0584,941.0946

16221.8320,3.9700,237.0778,941.1889

16222.8320,3.9700,237.0366,941.0285

16223.8320,3.9701,237.0187,940.9834

16224.8320,3.9701,237.0170,940.9839

16225.8320,3.9701,237.0141,940.9603

16226.8320,3.9700,237.0124,940.9506

16227.8320,3.9700,237.0420,941.0568

16228.8320,3.9701,237.0099,940.9540

16229.8320,3.9702,236.9881,940.8925

16230.8320,3.9702,236.9923,940.9045

16231.8320,3.9701,237.0006,940.9245

16232.8320,3.9702,236.9945,940.9072

16233.8320,3.9701,237.0026,940.9185

16234.8320,3.9702,236.9921,940.8974

16235.8320,3.9701,237.0067,940.9430

16236.8320,3.9702,237.0027,940.9376

16237.8320,3.9699,237.0510,941.0756

16238.8320,3.9696,237.1274,941.2911

16239.8330,3.9696,237.1393,941.3559

16240.8330,3.9695,237.1469,941.3627

16241.8320,3.9695,237.1405,941.3409

16242.8320,3.9696,237.1562,941.4080

16243.8320,3.9696,237.1229,941.2730

16244.8320,3.9696,237.1409,941.3567

16245.8320,3.9695,237.1415,941.3308

16246.8330,3.9696,237.1352,941.3211

16247.8320,3.9695,237.1470,941.3584

16248.8320,3.9697,237.1379,941.3658

16249.8320,3.9695,237.1386,941.3321

16250.8320,3.9696,237.1475,941.3795

16251.8320,3.9695,237.1752,941.4578

16252.8320,3.9695,237.1686,941.4302

16253.8320,3.9695,237.1379,941.3279

16254.8320,3.9695,237.1508,941.3629

16255.8330,3.9694,237.1964,941.5344

16256.8320,3.9695,237.1550,941.3784

16257.8330,3.9695,237.1788,941.4871

16258.8320,3.9694,237.1573,941.3742

16259.8320,3.9696,237.1443,941.3753

16260.8330,3.9695,237.1706,941.4401

16261.8320,3.9694,237.1655,941.4084

16262.8320,3.9696,237.1561,941.4158

16263.8320,3.9693,237.1745,941.4191

16264.8320,3.9695,237.1681,941.4321

16265.8320,3.9695,237.1823,941.4861

16266.8320,3.9693,237.2015,941.5224

16267.8320,3.9692,237.2032,941.5110

16268.8320,3.9693,237.2035,941.5220

16269.8320,3.9694,237.1905,941.5146

16270.8320,3.9692,237.1882,941.4590

16271.8320,3.9694,237.1937,941.5090

16272.8320,3.9693,237.2195,941.5963

16273.8320,3.9694,237.1855,941.4759

16274.8320,3.9693,237.1998,941.5146

16275.8320,3.9693,237.1995,941.5229

16276.8320,3.9694,237.1916,941.5063

16277.8330,3.9694,237.1903,941.4989

16278.8320,3.9693,237.1802,941.4356

16279.8320,3.9695,237.1884,941.5249

16280.8320,3.9693,237.1986,941.5193

16281.8320,3.9694,237.1768,941.4569

16282.8320,3.9695,237.1784,941.4812

16283.8320,3.9692,237.2135,941.5524

16284.8320,3.9694,237.1874,941.4954

16285.8320,3.9694,237.2083,941.5677

16286.8320,3.9692,237.1987,941.4897

16287.8320,3.9694,237.2004,941.5356

16288.8320,3.9696,237.1695,941.4684

16289.8330,3.9693,237.1785,941.4430

16290.8320,3.9694,237.1737,941.4367

16291.8320,3.9694,237.1845,941.4847

16292.8320,3.9695,237.1441,941.3472

16293.8320,3.9695,237.1303,941.2886

16294.8320,3.9694,237.1574,941.3830

16295.8320,3.9693,237.2154,941.5828

16296.8320,3.9693,237.1994,941.5205

16297.8320,3.9693,237.1860,941.4716

16298.8320,3.9694,237.1814,941.4675

16299.8320,3.9694,237.1721,941.4383

16300.8330,3.9695,237.1735,941.4615

16301.8320,3.9695,237.1574,941.3908

16302.8320,3.9694,237.1956,941.5274

16303.8320,3.9694,237.1817,941.4693

16304.8320,3.9697,237.1322,941.3334

16305.8320,3.9697,237.1118,941.2656

16306.8320,3.9698,237.1044,941.2506

16307.8320,3.9697,237.1143,941.2630

16308.8320,3.9697,237.1194,941.2992

16309.8320,3.9697,237.0928,941.1806

16310.8320,3.9698,237.1180,941.3120

16311.8320,3.9696,237.0894,941.1548

16312.8320,3.9698,237.1048,941.2540

16313.8320,3.9697,237.1281,941.3336

16314.8320,3.9697,237.1153,941.2766

16315.8320,3.9697,237.1142,941.2684

16316.8320,3.9696,237.1303,941.3049

16317.8320,3.9696,237.1326,941.3204

16318.8320,3.9696,237.1337,941.3366

16319.8330,3.9695,237.1400,941.3326

16320.8320,3.9696,237.1453,941.3808

16321.8320,3.9694,237.1701,941.4326

16322.8320,3.9695,237.1412,941.3410

16323.8320,3.9696,237.1338,941.3219

16324.8320,3.9697,237.1067,941.2455

16325.8320,3.9696,237.1102,941.2314

16326.8320,3.9699,237.0893,941.2178

16327.8320,3.9691,237.2541,941.6884

16328.8320,3.9694,237.1645,941.4112

16329.8320,3.9697,237.1053,941.2402

16330.8320,3.9698,237.0865,941.1886

16331.8320,3.9698,237.0590,941.0746

16332.8320,3.9699,237.0499,941.0652

16333.8320,3.9700,237.0317,941.0061

16334.8320,3.9700,237.0192,940.9714

16335.8320,3.9699,237.0415,941.0408

16336.8320,3.9701,237.0015,940.9199

16337.8330,3.9702,236.9779,940.8425

16338.8320,3.9702,236.9595,940.7760

16339.8320,3.9703,236.9339,940.7068

16340.8320,3.9703,236.9387,940.7172

16341.8320,3.9704,236.9325,940.7097

16342.8320,3.9704,236.8914,940.5579

16343.8320,3.9706,236.8811,940.5523

16344.8320,3.9706,236.8670,940.5008

16345.8320,3.9705,236.8889,940.5596

16346.8320,3.9706,236.8683,940.5124

16347.8320,3.9708,236.8284,940.3938

16348.8320,3.9706,236.8489,940.4308

16349.8320,3.9704,236.9067,940.6225

16350.8320,3.9704,236.9095,940.6369

16351.8320,3.9705,236.8684,940.4932

16352.8320,3.9705,236.8887,940.5558

16353.8320,3.9704,236.9032,940.6065

16354.8330,3.9705,236.8558,940.4458

16355.8320,3.9705,236.9131,940.6546

16356.8320,3.9702,236.9297,940.6694

16357.8320,3.9704,236.9154,940.6565

16358.8320,3.9706,236.8582,940.4632

16359.8320,3.9708,236.8014,940.2928

16360.8320,3.9701,236.9717,940.7980

16361.8320,3.9705,236.8848,940.5598

16362.8320,3.9704,236.8850,940.5304

16363.8330,3.9703,236.9672,940.8250

16364.8330,3.9702,236.9587,940.7824

16365.8320,3.9702,236.9404,940.7121

16366.8320,3.9704,236.9033,940.5992

16367.8330,3.9702,236.9641,940.7926

16368.8330,3.9702,236.9517,940.7476

16369.8320,3.9703,236.9403,940.7237

16370.8330,3.9705,236.8779,940.5263

16371.8330,3.9707,236.8287,940.3813

16372.8320,3.9707,236.8143,940.3150

16373.8320,3.9706,236.8580,940.4741

16374.8320,3.9703,236.9003,940.5729

16375.8320,3.9708,236.8097,940.3137

16376.8320,3.9709,236.7780,940.2208

16377.8320,3.9710,236.7781,940.2349

16378.8320,3.9708,236.7784,940.2025

16379.8320,3.9706,236.8451,940.4173

16380.8320,3.9704,236.8937,940.5645

16381.8320,3.9705,236.8916,940.5742

16382.8320,3.9704,236.8797,940.5145

16383.8320,3.9704,236.8955,940.5771

16384.8320,3.9705,236.8727,940.4918

16385.8320,3.9706,236.8674,940.5036

16386.8320,3.9706,236.8797,940.5430

16387.8330,3.9706,236.8605,940.4773

16388.8330,3.9705,236.8395,940.3707

16389.8330,3.9708,236.8115,940.3278

16390.8320,3.9710,236.7858,940.2675

16391.8320,3.9711,236.7376,940.1021

16392.8320,3.9710,236.7239,940.0401

16393.8320,3.9711,236.7418,940.1346

16394.8320,3.9711,236.7179,940.0312

16395.8330,3.9712,236.7087,940.0086

16396.8320,3.9711,236.7059,939.9932

16397.8330,3.9712,236.7169,940.0524

16398.8320,3.9711,236.7049,939.9850

16399.8320,3.9705,236.8690,940.4777

16400.8320,3.9705,236.8772,940.5308

16401.8320,3.9705,236.8635,940.4760

16402.8320,3.9706,236.8778,940.5425

16403.8320,3.9705,236.8754,940.5140

16404.8320,3.9707,236.8287,940.3752

16405.8330,3.9705,236.8497,940.4189

16406.8320,3.9707,236.8135,940.3238

16407.8330,3.9706,236.8414,940.3958

16408.8330,3.9706,236.8385,940.3898

16409.8320,3.9709,236.7821,940.2312

16410.8330,3.9712,236.6865,939.9301

16411.8320,3.9713,236.6664,939.8697

16412.8320,3.9714,236.6583,939.8543

16413.8320,3.9713,236.6510,939.8135

16414.8320,3.9710,236.7301,940.0652

16415.8320,3.9712,236.6894,939.9494

16416.8330,3.9712,236.6793,939.9033

16417.8330,3.9712,236.6654,939.8532

16418.8320,3.9711,236.7157,940.0254

16419.8320,3.9711,236.7222,940.0437

16420.8330,3.9711,236.6913,939.9302

16421.8320,3.9712,236.6723,939.8780

16422.8320,3.9711,236.7157,940.0300

16423.8320,3.9712,236.6986,939.9677

16424.8320,3.9714,236.6314,939.7654

16425.8320,3.9713,236.6359,939.7488

16426.8320,3.9711,236.7148,940.0153

16427.8320,3.9710,236.7195,940.0232

16428.8320,3.9712,236.6810,939.9175

16429.8320,3.9713,236.6737,939.9135

16430.8320,3.9712,236.6644,939.8443

16431.8320,3.9712,236.6775,939.9003

16432.8320,3.9713,236.6760,939.9176

16433.8320,3.9713,236.6707,939.8861

16434.8320,3.9711,236.7070,939.9904

16435.8320,3.9711,236.7128,940.0018

16436.8320,3.9710,236.7436,940.1151

16437.8320,3.9711,236.7244,940.0450

16438.8330,3.9711,236.7286,940.0752

16439.8320,3.9712,236.6632,939.8425

16440.8320,3.9712,236.6976,939.9788

16441.8320,3.9712,236.6702,939.8671

16442.8330,3.9713,236.6609,939.8470

16443.8320,3.9714,236.6415,939.7925

16444.8320,3.9713,236.6650,939.8598

16445.8320,3.9711,236.7150,940.0264

16446.8320,3.9711,236.7027,939.9766

16447.8320,3.9713,236.6793,939.9166

16448.8320,3.9711,236.6891,939.9245

16449.8320,3.9707,236.8011,940.2662

16450.8330,3.9709,236.7744,940.2074

16451.8320,3.9711,236.7100,939.9908

16452.8320,3.9713,236.7070,940.0277

16453.8320,3.9712,236.6770,939.8911

16454.8320,3.9712,236.6691,939.8671

16455.8320,3.9713,236.6636,939.8717

16456.8320,3.9713,236.6684,939.8879

16457.8320,3.9708,236.7680,940.1686

16458.8320,3.9711,236.7075,939.9897

16459.8320,3.9710,236.7024,939.9378

16460.8320,3.9712,236.6996,939.9709

16461.8320,3.9706,236.8142,940.2992

16462.8320,3.9710,236.7454,940.1183

16463.8320,3.9709,236.7575,940.1393

16464.8320,3.9711,236.7021,939.9734

16465.8320,3.9713,236.6402,939.7783

16466.8320,3.9716,236.6119,939.7259

16467.8320,3.9713,236.6366,939.7616

16468.8320,3.9710,236.7276,940.0392

16469.8320,3.9713,236.6496,939.8182

16470.8320,3.9717,236.5628,939.5595

16471.8320,3.9716,236.5628,939.5415

16472.8320,3.9714,236.6436,939.8112

16473.8320,3.9718,236.5780,939.6323

16474.8320,3.9714,236.6067,939.6628

16475.8320,3.9716,236.5849,939.6223

16476.8320,3.9714,236.6326,939.7532

16477.8320,3.9713,236.6631,939.8644

16478.8320,3.9713,236.6572,939.8364

16479.8320,3.9714,236.6556,939.8529

16480.8320,3.9714,236.6395,939.7957

16481.8320,3.9713,236.6447,939.7899

16482.8320,3.9713,236.6657,939.8751

16483.8320,3.9716,236.6107,939.7189

16484.8320,3.9715,236.6099,939.6983

16485.8320,3.9714,236.6440,939.8057

16486.8320,3.9714,236.6416,939.8082

16487.8330,3.9713,236.6557,939.8317

16488.8320,3.9713,236.6339,939.7466

16489.8330,3.9716,236.5984,939.6702

16490.8320,3.9717,236.5355,939.4598

16491.8320,3.9714,236.6224,939.7178

16492.8320,3.9715,236.5913,939.6238

16493.8320,3.9716,236.5630,939.5392

16494.8330,3.9716,236.5812,939.5953

16495.8320,3.9717,236.5351,939.4506

16496.8320,3.9716,236.5652,939.5404

16497.8320,3.9715,236.5388,939.4165

16498.8320,3.9717,236.5542,939.5338

16499.8320,3.9719,236.4856,939.2989

16500.8320,3.9722,236.4449,939.1974

16501.8320,3.9716,236.5656,939.5538

16502.8320,3.9715,236.5755,939.5589

16503.8320,3.9718,236.5391,939.4931

16504.8320,3.9718,236.5214,939.4132

16505.8320,NaN,NaN,NaN

16506.8320,3.9715,236.5997,939.6457

16507.8320,3.9715,236.5904,939.6269

16508.8320,3.9718,236.5342,939.4570

16509.8330,3.9717,236.5587,939.5362

16510.8320,3.9718,236.5320,939.4462

16511.8320,3.9718,236.4919,939.2897

16512.8320,3.9719,236.5129,939.4052

16513.8320,3.9720,236.4530,939.1963

16514.8320,3.9720,236.4728,939.2696

16515.8320,3.9719,236.4969,939.3417

16516.8330,3.9717,236.5407,939.4653

16517.8330,3.9717,236.5328,939.4411

16518.8320,3.9716,236.5439,939.4530

16519.8330,3.9718,236.5187,939.4069

16520.8320,3.9717,236.5324,939.4398

16521.8320,3.9719,236.5058,939.3717

16522.8320,3.9719,236.4840,939.2961

16523.8330,3.9718,236.5253,939.4289

16524.8320,3.9717,236.5254,939.4191

16525.8320,3.9719,236.5068,939.3849

16526.8320,3.9718,236.5022,939.3449

16527.8320,3.9716,236.5771,939.5994

16528.8320,3.9713,236.6604,939.8544

16529.8320,3.9712,236.6491,939.7924

16530.8320,3.9713,236.6372,939.7684

16531.8320,3.9715,236.6080,939.6796

16532.8320,3.9714,236.6218,939.7172

16533.8320,3.9714,236.6244,939.7204

16534.8320,3.9714,236.6206,939.7241

16535.8320,3.9716,236.5754,939.5757

16536.8320,3.9717,236.5569,939.5387

16537.8320,3.9717,236.5366,939.4437

16538.8320,3.9718,236.5157,939.3906

16539.8320,3.9718,236.5335,939.4678

16540.8320,3.9717,236.5587,939.5337

16541.8320,3.9714,236.6082,939.6613

16542.8320,3.9715,236.6079,939.6877

16543.8320,3.9716,236.5863,939.6261

16544.8320,3.9715,236.6108,939.6925

16545.8320,3.9715,236.6223,939.7383

16546.8320,3.9715,236.6119,939.6998

16547.8320,3.9715,236.6070,939.6828

16548.8320,3.9714,236.6186,939.6974

16549.8320,3.9714,236.6287,939.7503

16550.8320,3.9714,236.6235,939.7190

16551.8330,3.9714,236.5946,939.6163

16552.8320,3.9715,236.5941,939.6296

16553.8320,3.9715,236.5993,939.6510

16554.8320,3.9714,236.6034,939.6531

16555.8320,3.9715,236.5835,939.5881

16556.8320,3.9714,236.6117,939.6815

16557.8320,3.9714,236.6086,939.6678

16558.8320,3.9715,236.5741,939.5577

16559.8320,3.9716,236.5678,939.5537

16560.8320,3.9715,236.5938,939.6384

16561.8320,3.9715,236.5712,939.5528

16562.8320,3.9715,236.5734,939.5553

16563.8320,3.9716,236.5737,939.5670

16564.8320,3.9714,236.5965,939.6291

16565.8320,3.9716,236.5763,939.5890

16566.8320,3.9715,236.5857,939.6066

16567.8320,3.9715,236.5671,939.5325

16568.8320,3.9716,236.5721,939.5646

16569.8320,3.9714,236.5720,939.5292

16570.8320,3.9716,236.5934,939.6464

16571.8320,3.9715,236.6003,939.6538

16572.8320,3.9714,236.6165,939.6887

16573.8320,3.9714,236.6281,939.7404

16574.8330,3.9712,236.6553,939.7947

16575.8330,3.9712,236.6794,939.9107

16576.8320,3.9711,236.7165,940.0225

16577.8320,3.9707,236.7359,940.0173

16578.8320,3.9707,236.8004,940.2747

16579.8320,3.9708,236.7943,940.2595

16580.8320,3.9708,236.7793,940.2058

