Elapsed Time (s),P1 (psi),P2 (psi),P3 (psi),P4 (psi),P5 (psi),P6 (psi),P7 (psi),Main Loop Avg Pressure (psi),HX Pressure (psi),Overall Avg Pressure (psi)
1.9080,-0.6958,1.4647,4.1817,4.1823,0.1067,5.9106,2.8225,2.0104,5.9106,2.5675

2.3420,0.6005,1.6499,4.0582,4.1206,0.1067,5.6019,2.3904,2.1544,5.6019,2.6469

3.3420,0.1684,1.6499,4.1199,3.9354,-0.1402,5.7254,3.0078,2.1235,5.7254,2.6381

4.3420,0.3536,1.5881,4.0582,4.2441,0.1067,6.5279,2.3904,2.1235,6.5279,2.7527

5.3420,0.0450,1.3412,5.1695,4.1823,0.1067,5.6636,2.7608,2.2676,5.6636,2.7527

6.3420,0.3536,1.3412,3.9347,3.9354,0.1067,5.6019,2.6373,2.0515,5.6019,2.5587

7.3420,0.6622,1.0325,4.3669,4.2441,0.1067,5.7871,2.4521,2.1441,5.7871,2.6645

8.3420,-0.0785,1.4029,4.6139,4.3058,0.1067,5.8489,2.8225,2.1956,5.8489,2.7175

9.3420,0.1067,1.3412,4.4286,4.4293,0.0450,5.5402,2.3904,2.1235,5.5402,2.6116

10.3420,0.2302,1.6499,3.9965,4.6762,-0.3255,5.7254,2.7608,2.1647,5.7254,2.6733

11.3420,0.2302,1.3412,4.0582,4.1823,0.2302,5.8489,2.9460,2.1647,5.8489,2.6910

12.3420,0.2919,1.5264,4.1199,4.6145,-0.1402,5.6636,3.0695,2.2470,5.6636,2.7351

13.3420,0.4771,1.4647,5.4165,4.1206,0.0450,5.8489,2.8843,2.4013,5.8489,2.8938

14.3420,0.1684,1.7116,3.8730,4.5527,-0.2637,6.0341,2.4521,2.0824,6.0341,2.6469

15.3420,0.2302,1.4647,3.4408,4.0589,0.1685,5.7254,3.0078,2.0618,5.7254,2.5852

16.3420,0.0450,1.3412,3.9965,4.6145,0.1685,6.0341,2.9460,2.1853,6.0341,2.7351

17.3420,0.3536,1.4029,3.5643,4.3058,-0.0167,5.7254,2.3286,1.9897,5.7254,2.5234

18.3420,-0.1402,1.3412,4.0582,4.0589,0.1067,5.7871,2.2669,1.9486,5.7871,2.4970

19.3420,-0.0785,1.5264,4.4904,4.3058,0.2920,5.9106,2.3286,2.1441,5.9106,2.6822

20.3420,0.0450,1.5881,3.9965,4.6762,-0.0785,6.0958,2.7608,2.1647,6.0958,2.7263

21.3420,-0.0168,1.7116,3.9965,4.0589,0.2302,5.9723,2.6373,2.1030,5.9723,2.6557

22.3430,-0.1402,1.6499,4.0582,4.5527,0.2302,5.9106,3.1313,2.2470,5.9106,2.7704

23.3430,0.5388,1.6499,4.6756,4.6145,-0.0785,5.5402,2.7608,2.3602,5.5402,2.8145

24.3420,0.0450,1.5881,4.1817,4.1823,-0.4489,5.8489,2.7608,2.0515,5.8489,2.5940

25.3420,0.1067,1.4029,4.2434,4.0589,0.0450,5.7871,2.8843,2.1235,5.7871,2.6469

26.3420,0.5388,1.0325,3.8730,4.4293,0.0450,5.5402,2.6373,2.0926,5.5402,2.5851

27.3430,0.3536,1.8968,4.5521,4.4910,-0.2020,5.7871,2.9460,2.3396,5.7871,2.8321

28.3420,0.2302,1.4029,4.1199,3.9971,0.3537,5.6636,2.4521,2.0927,5.6636,2.6028

29.3420,-0.0785,1.6499,4.1199,4.0589,0.1067,5.4784,3.0695,2.1544,5.4784,2.6293

30.3420,-0.1402,1.5264,4.3052,4.7997,-0.0785,5.5402,2.9460,2.2264,5.5402,2.6998

31.3420,0.7857,1.8351,4.3669,4.7379,0.2302,5.5402,2.4521,2.4013,5.5402,2.8497

32.3420,0.6622,1.7116,4.3669,3.9971,-0.2020,5.8489,2.3904,2.1544,5.8489,2.6822

33.3420,-0.0168,2.0203,4.4286,4.6145,0.1067,5.4167,2.5138,2.2779,5.4167,2.7263

34.3420,-0.2019,2.0820,4.3669,4.1823,0.3537,5.6636,2.8225,2.2676,5.6636,2.7527

35.3420,0.1067,1.8351,3.8730,4.2441,0.0450,5.9723,2.1434,2.0412,5.9723,2.6028

36.3420,-0.0785,1.4029,4.0582,4.4293,1.0946,5.4167,3.6252,2.4220,5.4167,2.8498

37.3420,0.2302,1.7116,3.7495,4.1206,0.2920,5.7254,2.5138,2.1029,5.7254,2.6204

38.3420,0.2302,1.4029,4.8608,4.5527,-0.1402,5.4167,2.6373,2.2573,5.4167,2.7086

39.3430,0.1067,2.0820,4.4286,4.0589,-0.6959,5.8489,2.8225,2.1338,5.8489,2.6645

40.3420,0.0450,1.6499,4.0582,4.3675,0.6007,6.4045,2.1434,2.1441,6.4045,2.7527

41.3420,0.2302,1.5881,4.4286,3.9971,0.2920,5.7254,2.5138,2.1750,5.7254,2.6822

42.3420,0.3536,1.5264,3.8112,4.4910,-0.2637,5.7254,3.1313,2.1750,5.7254,2.6822

43.3430,0.1684,1.7116,3.8730,4.6145,0.0450,5.6636,2.4521,2.1441,5.6636,2.6469

44.3420,0.2919,1.5881,5.4782,4.5527,0.1067,5.9723,2.6991,2.4528,5.9723,2.9556

45.3420,0.0450,1.7733,3.9347,4.5527,0.1685,6.3427,2.8843,2.2264,6.3427,2.8145

46.3420,0.0450,1.4647,3.8112,4.3675,-0.0785,5.9106,2.5756,2.0309,5.9106,2.5852

47.3420,0.4153,1.5264,4.1199,4.5527,0.7859,5.8489,2.5138,2.3190,5.8489,2.8233

48.3420,-0.7575,1.9585,3.9965,4.0589,0.2302,5.3550,3.1313,2.1030,5.3550,2.5675

49.3420,0.4771,1.4029,3.8730,4.2441,0.1685,5.7871,2.6991,2.1441,5.7871,2.6645

50.3420,0.6005,1.0325,3.9347,4.4910,-0.2020,5.7871,2.6991,2.0926,5.7871,2.6204

51.3430,0.1067,1.7116,3.9347,4.3058,-0.0785,5.9723,2.5138,2.0824,5.9723,2.6381

52.3420,0.1684,1.2794,4.1817,4.1823,0.1067,5.7254,2.2669,2.0309,5.7254,2.5587

53.3430,0.2302,1.5264,4.0582,4.4910,0.1067,5.7871,2.2051,2.1029,5.7871,2.6292

54.3420,-0.0168,1.5881,4.0582,4.8614,0.1685,5.6019,2.6373,2.2161,5.6019,2.6998

55.3420,-0.0168,1.5264,3.9347,4.4293,0.1685,5.6636,2.8843,2.1544,5.6636,2.6557

56.3430,0.1067,1.5264,4.4904,4.9849,0.1067,5.3550,2.6373,2.3087,5.3550,2.7439

57.3420,-1.1279,2.0820,3.4408,4.1823,-0.0785,6.1575,2.4521,1.8252,6.1575,2.4441

58.3420,-0.1402,1.3412,4.2434,3.9354,0.1067,5.9106,2.9460,2.0721,5.9106,2.6204

59.3420,0.1067,1.2794,4.1199,3.9354,-0.0785,5.8489,2.9460,2.0515,5.8489,2.5940

60.3420,-0.2019,1.7116,4.0582,4.3058,-0.2637,5.7871,2.0817,1.9486,5.7871,2.4970

61.3420,-0.1402,1.3412,4.2434,4.6145,0.4155,6.0958,2.7608,2.2059,6.0958,2.7616

62.3420,0.5388,1.7116,3.7495,4.7379,-0.0167,5.7254,2.7608,2.2470,5.7254,2.7439

63.3420,0.0450,1.5264,4.1817,3.7502,-0.0785,6.0341,2.3904,1.9692,6.0341,2.5499

64.3420,0.0450,1.9585,4.9226,4.5527,0.0450,5.1080,3.0078,2.4219,5.1080,2.8057

65.3420,0.0450,1.4029,4.1817,4.4910,0.0450,6.2193,2.5138,2.1132,6.2193,2.6998

66.3420,0.4771,1.6499,3.9965,4.4910,-0.0785,5.4784,2.5138,2.1750,5.4784,2.6469

67.3420,0.3536,1.7733,4.3669,4.1823,0.2302,5.8489,2.7608,2.2779,5.8489,2.7880

68.3420,0.0450,1.2177,4.5521,3.8737,-0.0785,5.9723,2.7608,2.0618,5.9723,2.6204

69.3420,0.6622,1.6499,3.8112,3.8119,-0.0785,5.8489,2.6373,2.0824,5.8489,2.6204

70.3430,0.2302,0.8473,4.1199,4.6762,-0.0785,6.0958,2.8843,2.1132,6.0958,2.6822

71.3420,0.1067,0.8473,4.0582,4.0589,-0.0785,6.0341,2.3904,1.8972,6.0341,2.4881

72.3420,-0.0785,1.6499,4.3052,5.0466,0.1685,5.6636,2.8225,2.3190,5.6636,2.7968

73.3420,0.1067,1.4647,3.8112,3.7502,0.1685,5.4784,2.5756,1.9795,5.4784,2.4793

74.3420,0.4771,1.6499,3.9347,4.4910,0.0450,5.8489,2.1434,2.1235,5.8489,2.6557

75.3420,-0.0785,1.3412,4.1817,4.5527,-0.6959,5.7254,4.2426,2.2573,5.7254,2.7527

76.3420,0.1067,1.4647,3.6878,4.4293,-0.3255,5.9106,2.2051,1.9280,5.9106,2.4969

77.3420,-0.2019,1.5881,3.9347,4.4910,-0.0785,6.2810,2.8225,2.0927,6.2810,2.6910

78.3420,0.2919,0.3534,4.4904,3.9354,-0.0785,5.7254,2.3904,1.8972,5.7254,2.4440

79.3420,1.2795,1.7116,3.9965,4.2441,0.1067,5.4784,1.5877,2.1544,5.4784,2.6292

80.3430,-0.1402,1.5264,4.0582,4.2441,0.1685,5.4784,2.5756,2.0721,5.4784,2.5587

81.3430,-0.0168,1.5264,3.9347,4.1823,-0.0785,6.0958,2.9460,2.0824,6.0958,2.6557

82.3420,0.1067,1.4029,3.8730,4.1206,-0.0785,6.0958,2.8225,2.0412,6.0958,2.6204

83.3420,-0.1402,1.2177,3.8730,4.1823,-0.5107,5.9723,2.5756,1.8663,5.9723,2.4529

84.3420,0.1067,1.2794,4.3052,4.2441,-0.1402,6.0958,2.3904,2.0309,6.0958,2.6116

85.3420,0.1067,1.4647,3.9347,4.2441,0.1067,5.6019,2.6991,2.0927,5.6019,2.5940

86.3420,0.2302,1.2177,4.0582,3.8737,-0.0167,5.1080,2.4521,1.9692,5.1080,2.4176

87.3420,-0.0168,1.8968,3.9347,4.7379,0.2302,5.7254,2.3904,2.1956,5.7254,2.6998

88.3430,0.2302,1.7733,3.8112,4.1206,0.2920,5.1698,2.2669,2.0824,5.1698,2.5234

89.3430,0.3536,1.4029,3.9347,4.4293,0.1067,5.6019,2.6373,2.1441,5.6019,2.6381

90.3420,-0.0168,1.4029,4.0582,4.5527,0.2920,5.7254,2.7608,2.1750,5.7254,2.6822

91.3420,0.0450,1.2794,4.1199,4.6762,0.0450,6.0341,2.7608,2.1544,6.0341,2.7086

92.3420,0.2919,1.3412,3.9965,4.2441,0.0450,5.7871,2.3286,2.0412,5.7871,2.5763

93.3420,-0.0168,1.1560,4.0582,3.9971,0.1685,5.8489,2.8843,2.0412,5.8489,2.5852

94.3420,0.0450,1.5264,4.3052,4.1206,0.2920,5.9106,1.9582,2.0412,5.9106,2.5940

95.3420,-0.2637,1.5264,3.5643,4.1823,-0.1402,5.7254,2.4521,1.8869,5.7254,2.4352

96.3420,-0.0168,2.0820,4.0582,3.8737,-0.1402,5.7871,2.6373,2.0824,5.7871,2.6116

97.3420,-0.0785,1.5264,4.3669,4.4910,-0.2020,5.7871,2.6373,2.1235,5.7871,2.6469

98.3420,0.2302,1.5881,3.9347,4.2441,-0.1402,5.7254,2.6991,2.0926,5.7254,2.6116

99.3420,0.2919,1.2177,4.1199,3.9971,0.2920,5.6019,2.6373,2.0927,5.6019,2.5940

100.3420,0.1684,1.9585,3.9965,4.5527,0.1685,5.6636,2.8843,2.2882,5.6636,2.7704

101.3420,0.1067,0.9708,4.0582,3.8737,-0.0785,5.6019,2.8225,1.9589,5.6019,2.4793

102.3420,-0.0785,1.4029,3.9347,3.8737,0.2302,5.8489,2.4521,1.9692,5.8489,2.5234

103.3420,0.2919,1.1560,4.4286,4.5527,-0.0785,5.9106,2.9460,2.2161,5.9106,2.7439

104.3420,0.1684,1.4029,3.5643,3.8737,0.1067,4.8611,2.3286,1.9074,4.8611,2.3294

105.3420,-0.1402,1.6499,3.9965,4.6145,-0.0785,6.0958,2.8843,2.1544,6.0958,2.7175

106.3420,0.1684,1.3412,3.7495,4.1823,-0.2020,5.7871,2.2669,1.9177,5.7871,2.4705

107.3420,0.3536,1.7733,3.9347,3.7502,0.0450,5.8489,2.5138,2.0618,5.8489,2.6028

108.3420,0.2302,1.0942,4.3669,4.1206,-0.0785,5.8489,2.3904,2.0206,5.8489,2.5675

109.3430,0.9092,1.2794,4.3052,4.2441,0.1685,5.8489,2.8225,2.2881,5.8489,2.7968

110.3420,-0.0168,1.5881,4.2434,4.8614,0.2302,5.8489,2.5756,2.2470,5.8489,2.7616

111.3420,0.1684,1.4647,4.0582,4.1206,0.1685,5.9106,2.9460,2.1544,5.9106,2.6910

112.3430,-0.0168,1.4029,4.5521,5.1084,0.1685,5.7871,2.6373,2.3087,5.7871,2.8057

113.3420,0.1684,1.4647,3.9347,4.2441,0.1685,5.6636,2.6373,2.1029,5.6636,2.6116

114.3420,0.1684,0.2917,3.2556,4.1206,0.2302,5.6636,2.6991,1.7943,5.6636,2.3470

115.3420,-0.0785,1.6499,4.1817,3.9971,0.0450,5.7871,2.5756,2.0618,5.7871,2.5940

116.3420,0.2302,1.2177,3.8730,4.4910,-0.0167,5.9106,2.8843,2.1132,5.9106,2.6557

117.3420,0.0450,2.2672,3.8730,4.6145,-0.3255,6.1575,2.5756,2.1750,6.1575,2.7439

118.3420,-0.0785,1.3412,3.9965,4.0589,-0.1402,5.7871,2.3286,1.9177,5.7871,2.4705

119.3420,0.5388,1.4029,4.0582,4.6762,0.0450,5.8489,2.3286,2.1750,5.8489,2.6998

120.3430,-0.0785,1.5264,3.9965,4.6145,-0.0785,5.7254,2.6373,2.1029,5.7254,2.6204

121.3420,0.1684,1.7116,3.8112,4.0589,0.1685,5.5402,2.2051,2.0206,5.5402,2.5234

122.3420,-0.2019,1.3412,4.3052,4.1206,0.0450,5.6019,2.6373,2.0412,5.6019,2.5499

123.3420,-0.0168,1.1560,4.3052,4.2441,0.2920,6.0958,2.5138,2.0824,6.0958,2.6557

124.3420,0.1684,1.2177,4.1817,4.0589,0.1067,5.4784,2.3286,2.0103,5.4784,2.5058

125.3420,0.2919,0.9090,4.0582,4.9849,0.0450,6.0341,2.3904,2.1132,6.0341,2.6733

126.3420,0.0450,1.5264,3.9965,4.2441,-0.1402,5.4784,2.8225,2.0824,5.4784,2.5675

127.3420,-0.3871,1.5264,3.5643,4.4293,0.2302,5.9106,2.2669,1.9383,5.9106,2.5058

128.3420,-0.0785,1.3412,3.9347,4.2441,-0.0167,5.9106,2.7608,2.0309,5.9106,2.5852

129.3420,-0.0785,1.3412,3.0704,4.9231,0.0450,5.6019,2.6373,1.9898,5.6019,2.5058

130.3420,-2.0538,2.3290,3.1938,4.1823,0.2920,5.7871,2.5138,1.7429,5.7871,2.3206

131.3420,0.5388,1.3412,3.9347,3.9971,0.0450,5.8489,2.5138,2.0618,5.8489,2.6028

132.3430,0.4771,2.0820,4.2434,3.8119,0.1067,5.7871,2.1434,2.1441,5.7871,2.6645

133.3420,0.1684,1.5881,3.4408,3.9354,0.6624,5.6636,2.3904,2.0309,5.6636,2.5499

134.3420,0.1684,1.6499,4.1199,4.5527,-0.6342,6.6514,1.9582,1.9692,6.6514,2.6381

135.3430,0.0450,1.2177,4.7373,4.1823,-0.2020,5.7871,2.5138,2.0824,5.7871,2.6116

136.3420,0.1684,1.2794,4.7373,4.1823,-0.2020,5.7871,2.8225,2.1647,5.7871,2.6822

137.3420,-0.2637,1.4029,3.8730,5.1701,-0.1402,5.7871,2.7608,2.1338,5.7871,2.6557

138.3420,-0.2019,1.2177,3.9347,4.1823,-0.1402,6.0958,2.3904,1.8972,6.0958,2.4970

139.3420,-0.0785,1.6499,3.5643,4.4293,-0.2020,5.9723,2.5138,1.9795,5.9723,2.5499

140.3420,-0.0168,1.5881,4.1199,4.4293,-0.0785,5.6019,2.2669,2.0515,5.6019,2.5587

141.3420,0.0450,1.3412,3.6878,3.8119,-0.0167,5.9723,2.3904,1.8766,5.9723,2.4617

142.3430,-0.0168,1.3412,3.8730,4.3675,0.0450,5.9106,3.1313,2.1235,5.9106,2.6645

143.3420,0.3536,1.3412,4.6756,4.3675,-0.0785,5.6019,2.5756,2.2058,5.6019,2.6910

144.3420,-0.3871,1.6499,5.0460,4.5527,0.0450,5.7254,2.6373,2.2573,5.7254,2.7527

145.3420,-0.4489,1.7116,4.0582,3.7502,0.2302,5.9723,2.7608,2.0104,5.9723,2.5764

146.3420,0.2919,1.0325,4.3669,3.8737,-0.3255,5.9106,2.3904,1.9383,5.9106,2.5058

147.3420,-0.2019,1.3412,4.3052,4.4293,0.2302,5.5402,3.0695,2.1956,5.5402,2.6734

148.3420,-0.0168,1.2177,4.0582,4.1206,0.0450,5.9106,2.3904,1.9692,5.9106,2.5322

149.3420,0.2919,1.0942,3.8730,3.9971,-0.1402,6.0958,2.5138,1.9383,6.0958,2.5322

150.3420,-0.0168,1.0325,3.7495,4.1206,0.2302,5.6019,2.5138,1.9383,5.6019,2.4617

151.3420,0.1067,1.1560,4.1199,3.8737,0.4155,5.9106,2.3286,2.0001,5.9106,2.5587

152.3420,0.0450,1.8351,4.0582,3.8737,-0.2020,5.6636,2.6373,2.0412,5.6636,2.5587

153.3420,-0.3871,1.0325,3.9965,3.9354,0.2920,5.8489,2.8225,1.9486,5.8489,2.5058

154.3420,-0.3871,1.8351,3.6878,4.1206,-0.4489,5.9106,2.7608,1.9280,5.9106,2.4970

155.3430,-0.8192,2.0203,3.3791,4.1206,0.1067,6.5279,2.5756,1.8972,6.5279,2.5587

156.3420,-0.4489,1.5264,3.9965,4.1206,0.0450,6.2810,2.6373,1.9795,6.2810,2.5940

157.3420,0.5388,1.0325,3.7495,4.1206,-0.1402,5.8489,1.7730,1.8457,5.8489,2.4176

158.3420,0.6005,1.6499,3.4408,4.6145,-0.3872,5.8489,2.4521,2.0618,5.8489,2.6028

159.3420,0.1067,2.0820,3.9347,4.4293,-0.0785,5.8489,2.5756,2.1750,5.8489,2.6998

160.3420,0.7240,1.5264,4.1199,4.6145,0.1685,5.9106,3.0078,2.3602,5.9106,2.8674

161.3420,0.5388,1.6499,3.6878,5.0466,-0.2637,5.7871,2.9460,2.2676,5.7871,2.7704

162.3420,-0.3871,1.7116,4.2434,4.1823,-0.0167,5.2932,2.8225,2.0927,5.2932,2.5499

163.3430,0.1684,1.3412,3.6878,4.1206,-0.0785,5.7871,2.2669,1.9177,5.7871,2.4705

164.3420,0.4153,1.4029,3.7495,4.6145,-0.3255,5.6019,2.4521,2.0515,5.6019,2.5587

165.3420,-0.3254,1.3412,3.6878,4.1823,-0.1402,6.4662,2.3286,1.8457,6.4662,2.5058

166.3420,0.5388,1.7116,4.0582,4.1823,-0.2637,5.9106,2.2669,2.0823,5.9106,2.6292

167.3420,0.2919,1.4029,3.8112,4.7997,0.5389,5.3550,2.3286,2.1955,5.3550,2.6469

168.3420,-0.3254,1.4029,4.1199,3.9354,0.1067,5.3550,3.0695,2.0515,5.3550,2.5234

169.3420,-0.0168,1.4029,4.0582,4.5527,0.1067,5.6019,2.4521,2.0927,5.6019,2.5940

170.3420,0.7240,0.7856,4.0582,3.6885,0.4772,5.6019,2.4521,2.0309,5.6019,2.5411

171.3420,0.1684,0.8473,4.4286,4.4293,-0.0785,6.0958,2.5138,2.0515,6.0958,2.6293

172.3420,0.2919,1.2177,3.9965,4.3058,0.0450,5.9106,2.8843,2.1235,5.9106,2.6645

173.3420,0.4153,1.1560,4.3052,4.2441,-0.0785,5.7254,2.5138,2.0926,5.7254,2.6116

174.3420,0.2919,2.3907,3.5025,3.6885,0.3537,5.5402,2.5756,2.1338,5.5402,2.6204

175.3420,0.2919,1.3412,3.6878,4.5527,1.1564,6.0958,2.3286,2.2264,6.0958,2.7792

176.3420,0.0450,2.0203,4.1199,3.8119,-0.3872,6.3427,2.0817,1.9486,6.3427,2.5763

177.3420,0.0450,0.9090,4.0582,3.8737,-0.0167,5.7871,2.3904,1.8766,5.7871,2.4352

178.3420,0.2302,1.1560,3.9347,3.8119,0.1067,5.4784,2.3904,1.9383,5.4784,2.4440

179.3420,0.1684,1.2794,3.7495,4.0589,-0.0167,5.7254,2.8225,2.0103,5.7254,2.5411

180.3420,-0.0168,2.0820,4.1199,3.9354,0.1067,5.1698,2.8843,2.1853,5.1698,2.6116

181.3420,0.2919,1.2177,3.8112,4.3058,-0.7577,6.0341,2.4521,1.8868,6.0341,2.4793

182.3420,0.0450,1.1560,3.6878,4.1206,0.2302,5.5402,2.3904,1.9383,5.5402,2.4529

183.3420,0.3536,1.1560,4.0582,4.1823,-0.1402,5.7871,2.3286,1.9898,5.7871,2.5322

184.3420,-0.4489,1.5264,3.9965,3.3798,-0.2020,5.7871,2.8843,1.8560,5.7871,2.4176

185.3420,0.1684,0.9090,4.1817,3.9971,-0.0167,5.9106,2.5138,1.9589,5.9106,2.5234

186.3420,0.2302,1.4647,3.9347,3.8119,0.2920,5.4784,2.1434,1.9795,5.4784,2.4793

187.3420,-0.0785,1.4647,3.8112,4.1206,-0.2020,5.8489,3.1930,2.0515,5.8489,2.5940

188.3430,-0.0168,1.7116,3.8730,4.1206,-0.1402,5.8489,2.5138,2.0103,5.8489,2.5587

189.3420,0.1684,0.9708,3.9347,4.3058,0.4155,5.8489,2.5756,2.0618,5.8489,2.6028

190.3420,-0.1402,2.3290,3.5025,4.6762,-0.0785,6.4045,2.5756,2.1441,6.4045,2.7527

191.3420,0.1684,1.3412,3.6878,4.6762,1.3416,6.1575,2.4521,2.2779,6.1575,2.8321

192.3430,-0.6340,1.8968,3.8730,4.4910,0.0450,5.8489,2.8225,2.0824,5.8489,2.6205

193.3420,-0.2019,1.0942,4.0582,4.0589,-0.2020,5.9106,3.7487,2.0927,5.9106,2.6381

194.3420,0.1684,1.0325,3.8730,3.9971,0.2920,5.4167,2.6991,2.0103,5.4167,2.4970

195.3430,0.1067,1.0942,3.7495,3.9354,-0.0167,5.2932,2.3904,1.8766,5.2932,2.3647

196.3420,0.1067,1.3412,3.6878,4.1206,0.1685,5.8489,2.4521,1.9795,5.8489,2.5322

197.3420,-0.3254,1.7116,4.3669,4.7379,0.0450,5.3550,2.8225,2.2264,5.3550,2.6734

198.3420,0.0450,1.4647,3.5643,4.0589,-0.2020,6.4045,2.2669,1.8663,6.4045,2.5146

199.3420,-0.3871,1.0942,3.9965,4.2441,-0.2020,6.1575,3.3782,2.0206,6.1575,2.6116

200.3420,-0.2019,1.5264,4.1199,4.0589,0.2920,5.7254,2.8225,2.1030,5.7254,2.6205

201.3420,0.4771,1.2177,3.6878,4.1206,1.1564,6.1575,2.2669,2.1544,6.1575,2.7263

202.3420,-0.0785,1.7116,4.3669,3.5650,0.2302,5.6019,2.6373,2.0721,5.6019,2.5764

203.3420,-0.0785,1.2177,3.8730,3.7502,0.3537,5.9106,2.0199,1.8560,5.9106,2.4352

204.3420,0.1067,1.2794,3.4408,4.4293,0.7859,6.0341,2.3286,2.0618,6.0341,2.6293

205.3420,-0.6340,1.1560,4.2434,4.1206,0.1685,5.7254,2.6373,1.9486,5.7254,2.4882

206.3420,0.1684,1.4029,3.7495,3.7502,-0.2020,5.9106,3.0695,1.9898,5.9106,2.5499

207.3420,0.0450,1.0325,4.6139,3.5033,-0.0785,5.9106,2.2669,1.8972,5.9106,2.4705

208.3420,0.3536,1.2177,3.6878,4.2441,-0.0785,5.7254,2.1434,1.9280,5.7254,2.4705

209.3430,-0.2637,1.2794,4.1817,3.6885,-0.1402,5.9723,2.6373,1.8972,5.9723,2.4793

210.3420,0.1684,1.5264,3.5643,4.3058,0.0450,5.7871,2.8843,2.0824,5.7871,2.6116

211.3420,0.1067,1.5881,4.1817,4.1823,0.0450,5.8489,2.3904,2.0824,5.8489,2.6204

212.3420,0.2302,1.2177,4.5521,3.8737,-0.1402,5.8489,2.0199,1.9589,5.8489,2.5146

213.3420,-0.0168,1.0325,4.1199,3.7502,0.1685,5.9723,2.2669,1.8869,5.9723,2.4705

214.3420,-0.0168,1.5264,4.2434,3.9354,0.0450,5.9106,2.2051,1.9898,5.9106,2.5499

215.3420,0.1067,1.8351,3.8730,4.0589,-0.0167,5.7871,2.0817,1.9898,5.7871,2.5322

216.3420,0.1684,1.4647,4.2434,3.9354,0.6624,5.7254,2.3286,2.1338,5.7254,2.6469

217.3420,0.7857,1.6499,4.1199,3.7502,-0.0167,5.7871,2.5756,2.1441,5.7871,2.6645

218.3420,-0.1402,1.5881,3.7495,4.4910,-0.0167,5.6636,2.5756,2.0412,5.6636,2.5587

219.3420,0.0450,1.5881,4.1199,3.9971,0.2302,5.8489,2.5756,2.0927,5.8489,2.6293

220.3420,-0.3254,1.3412,3.9965,4.0589,0.2302,5.8489,2.1434,1.9075,5.8489,2.4705

221.3420,-0.6958,1.8968,4.0582,4.1206,0.5389,5.7254,2.3904,2.0515,5.7254,2.5764

222.3420,0.1067,1.4029,4.0582,4.1206,-0.5724,6.0341,2.0817,1.8663,6.0341,2.4617

223.3420,-0.5106,1.4029,3.8730,3.8119,0.2302,5.9106,1.8347,1.7737,5.9106,2.3647

224.3420,0.0450,1.0325,4.1817,4.3058,-0.0167,5.9723,1.9582,1.9177,5.9723,2.4970

225.3420,0.1684,1.5264,3.9347,4.4910,-0.3255,5.9723,2.5138,2.0515,5.9723,2.6116

226.3420,0.1684,1.0325,4.1199,4.1206,0.2920,5.8489,2.4521,2.0309,5.8489,2.5763

227.3420,-0.0785,1.5264,3.8730,3.7502,1.0946,6.5279,2.6991,2.1441,6.5279,2.7704

228.3420,0.1684,1.2177,3.8730,3.8119,-0.0167,5.3550,2.2051,1.8766,5.3550,2.3735

229.3420,0.0450,1.7116,3.6260,4.1823,0.1067,5.8489,2.5138,2.0309,5.8489,2.5763

230.3420,0.4771,1.3412,3.9347,4.2441,-0.0785,5.6636,2.5756,2.0824,5.6636,2.5940

231.3420,0.1067,1.8351,4.3052,4.1206,0.3537,6.0341,2.5138,2.2058,6.0341,2.7527

232.3420,-0.0168,1.3412,4.1199,4.1206,-0.5724,5.7254,2.8225,1.9692,5.7254,2.5058

233.3430,-0.1402,1.4647,3.9965,4.7379,-0.0785,5.7871,2.6991,2.1132,5.7871,2.6381

234.3420,0.1067,1.2177,4.1199,3.6267,0.4155,5.5402,2.2051,1.9486,5.5402,2.4617

235.3420,0.6005,1.7116,3.8730,3.9354,-0.0785,5.7871,2.5138,2.0926,5.7871,2.6204

236.3430,0.3536,1.4029,3.5643,4.1206,-0.2637,5.8489,2.1434,1.8868,5.8489,2.4528

237.3420,-0.0168,1.6499,3.8730,3.1946,-0.2020,5.5402,2.6991,1.8663,5.5402,2.3911

238.3420,0.1684,2.2055,3.8730,3.9354,0.0450,5.7871,2.4521,2.1132,5.7871,2.6381

239.3430,0.0450,1.5264,4.1817,4.5527,0.1685,5.6636,2.3286,2.1338,5.6636,2.6381

240.3420,-0.2637,1.3412,3.9965,4.3675,0.1685,5.7254,2.7608,2.0618,5.7254,2.5852

241.3420,0.9709,1.5881,3.8730,4.1206,-0.1402,5.7871,2.4521,2.1441,5.7871,2.6645

242.3420,0.1684,1.4029,4.2434,3.6267,-0.1402,6.3427,1.6495,1.8251,6.3427,2.4705

243.3420,-0.2637,1.4647,3.6878,4.7997,0.2302,5.0463,3.0695,2.1647,5.0463,2.5763

244.3420,0.0450,1.0942,4.3669,4.3675,-0.1402,5.6019,2.1434,1.9795,5.6019,2.4970

245.3420,0.4771,1.0942,3.6878,3.8737,0.0450,5.8489,2.2669,1.9074,5.8489,2.4705

246.3420,0.1067,1.4029,3.9965,4.3058,0.1067,5.5402,2.3904,2.0515,5.5402,2.5499

247.3420,-0.0168,1.4647,3.6878,4.3058,0.6624,5.9723,2.6373,2.1235,5.9723,2.6734

248.3420,0.2302,1.2794,3.8730,4.0589,-0.2637,5.9723,2.1434,1.8869,5.9723,2.4705

249.3420,-0.0168,1.7116,3.8730,4.0589,-1.6221,6.2810,2.2051,1.7016,6.2810,2.3558

250.3420,-0.0168,1.4647,3.8730,3.9354,0.2920,6.8366,2.6991,2.0412,6.8366,2.7263

251.3430,0.1684,1.2177,4.3052,4.3675,0.0450,5.5402,2.3286,2.0721,5.5402,2.5675

252.3420,0.1067,1.6499,3.9347,4.3675,0.2920,6.1575,2.6373,2.1647,6.1575,2.7351

253.3420,-0.2019,1.2794,4.0582,4.1206,0.0450,5.7871,2.9460,2.0412,5.7871,2.5763

254.3420,-0.0785,1.5264,4.1199,4.4910,0.0450,6.2810,2.8225,2.1544,6.2810,2.7439

255.3420,0.1684,1.5264,4.2434,3.9971,0.0450,5.7871,2.5138,2.0824,5.7871,2.6116

256.3420,0.1684,1.3412,3.6878,3.8737,0.3537,5.5402,2.3286,1.9589,5.5402,2.4705

257.3430,0.0450,1.0942,3.9347,4.1823,0.1067,5.6636,2.5138,1.9795,5.6636,2.5058

258.3420,-0.0168,1.1560,3.8730,4.1823,-0.0785,5.3550,2.6991,1.9692,5.3550,2.4529

259.3420,-0.0168,1.4029,3.7495,4.1206,-0.1402,6.2193,2.5756,1.9486,6.2193,2.5587

260.3420,-0.3254,1.3412,4.1199,3.9354,0.1067,5.7254,2.8225,2.0001,5.7254,2.5323

261.3420,0.1684,1.0942,4.0582,3.9354,-0.2637,6.0341,2.2051,1.8663,6.0341,2.4617

262.3420,0.2302,2.1438,4.0582,4.1206,-0.1402,6.0341,1.7112,2.0206,6.0341,2.5940

263.3420,-0.0785,1.3412,4.0582,4.2441,-0.1402,5.7871,2.4521,1.9795,5.7871,2.5234

264.3420,-0.4489,1.3412,3.9965,4.1823,0.1067,5.7871,2.7608,1.9898,5.7871,2.5323

265.3420,0.0450,1.6499,4.1817,3.9971,-0.3255,5.8489,2.2669,1.9692,5.8489,2.5234

266.3420,0.2302,1.2794,3.8730,4.0589,0.4772,6.0958,2.2051,2.0206,6.0958,2.6028

267.3420,0.3536,1.5881,4.0582,3.6267,-0.0167,5.8489,2.2051,1.9692,5.8489,2.5234

268.3420,0.4153,1.0325,4.2434,4.3058,0.1067,5.8489,2.2669,2.0618,5.8489,2.6028

269.3420,-0.2637,1.5881,3.9347,4.0589,0.1067,5.8489,2.8225,2.0412,5.8489,2.5852

270.3430,0.2919,2.0203,3.9347,3.9354,0.0450,5.7871,2.3904,2.1029,5.7871,2.6293

271.3420,0.2302,1.8968,3.9965,4.2441,-0.1402,6.1575,2.2051,2.0721,6.1575,2.6557

272.3420,0.2919,1.2794,3.8112,4.2441,-0.2020,5.9106,2.2051,1.9383,5.9106,2.5058

273.3420,0.1067,1.3412,3.9965,4.1206,0.2302,6.3427,2.2669,2.0103,6.3427,2.6293

274.3420,-0.0168,1.2177,3.8730,3.9971,0.4155,5.8489,2.2051,1.9486,5.8489,2.5058

275.3420,0.4771,1.7733,4.0582,3.8119,0.1685,5.8489,2.0817,2.0618,5.8489,2.6028

276.3420,-0.2637,1.2177,3.9347,3.5650,0.0450,6.5897,2.3286,1.8046,6.5897,2.4881

277.3420,-0.0168,1.3412,3.5025,4.3675,0.1067,5.7254,2.3286,1.9383,5.7254,2.4793

278.3420,-0.2019,1.4029,3.8730,3.7502,0.1067,5.5402,2.0817,1.8354,5.5402,2.3647

279.3420,0.2302,1.3412,3.5643,2.8859,0.3537,5.7871,2.1434,1.7531,5.7871,2.3294

280.3430,0.1067,1.0325,3.9965,4.1823,-0.0785,6.0341,2.3904,1.9383,6.0341,2.5234

281.3420,-0.8192,1.7116,3.5025,4.2441,0.1685,5.7871,1.9582,1.7943,5.7871,2.3647

282.3420,0.0450,0.6003,3.4408,3.8737,-0.3872,5.9106,2.4521,1.6708,5.9106,2.2765

283.3430,0.1067,1.5264,3.8730,4.9231,0.2302,5.9723,2.2669,2.1544,5.9723,2.6998

284.3420,0.2302,1.0942,3.8730,3.9354,0.1067,5.7871,2.2669,1.9177,5.7871,2.4705

285.3420,0.0450,1.8968,4.1199,3.9354,-0.2020,5.0463,2.7608,2.0927,5.0463,2.5146

286.3420,0.2302,1.4029,3.9965,4.0589,-0.0167,6.4045,2.4521,2.0206,6.4045,2.6469

287.3420,0.1067,1.2794,3.9965,4.4910,0.2920,5.7871,1.9582,2.0206,5.7871,2.5587

288.3420,0.1067,1.0325,4.7373,4.3058,-0.2020,5.7871,2.6373,2.1029,5.7871,2.6293

289.3430,-0.4489,1.2794,3.9965,3.9354,0.1067,5.9106,3.0695,1.9898,5.9106,2.5499

290.3420,0.4153,1.2177,3.6260,3.8737,0.3537,5.6019,0.6616,1.6913,5.6019,2.2500

291.3430,-0.1402,2.1438,3.5643,4.3058,-0.0785,5.8489,2.8843,2.1132,5.8489,2.6469

292.3420,-0.4489,1.7116,3.2556,3.6885,0.2920,5.5402,1.9582,1.7428,5.5402,2.2853

293.3420,0.1684,1.5264,3.9965,3.6267,0.3537,5.5402,2.6991,2.0618,5.5402,2.5587

294.3420,-0.0785,1.4029,4.3052,3.9971,0.1067,6.6514,2.2051,1.9898,6.6514,2.6557

295.3420,0.1684,1.1560,3.9965,3.3798,-0.0167,5.9723,1.6495,1.7222,5.9723,2.3294

296.3420,0.2302,1.0325,3.6878,4.3675,-0.2020,5.6636,2.3904,1.9177,5.6636,2.4529

297.3430,-0.0168,1.5264,4.0582,4.1823,-0.2637,5.9723,3.2547,2.1235,5.9723,2.6734

298.3420,-0.0785,2.0203,3.9965,4.2441,-0.9429,6.0341,2.1434,1.8971,6.0341,2.4881

299.3420,-0.2637,1.0942,3.9347,3.5650,0.0450,6.2193,2.0817,1.7428,6.2193,2.3823

300.3430,-0.4489,1.2177,3.6878,3.5033,-0.0167,5.7871,2.5138,1.7428,5.7871,2.3206

301.3430,-0.1402,1.4647,4.1199,4.1206,-0.5107,5.8489,2.4521,1.9177,5.8489,2.4793

302.3420,-0.1402,1.5881,3.8730,4.2441,-0.2637,6.0958,2.3286,1.9383,6.0958,2.5322

303.3420,1.0943,0.9708,3.8112,3.8737,-0.0785,6.4662,2.4521,2.0206,6.4662,2.6557

304.3420,-0.2019,1.1560,3.5643,4.1823,0.1067,5.6636,2.3904,1.8663,5.6636,2.4088

305.3420,0.2919,1.5881,3.5643,3.6885,0.1685,5.6636,1.8347,1.8560,5.6636,2.3999

306.3430,-0.0168,0.9708,3.8112,3.7502,0.3537,5.9106,2.2051,1.8457,5.9106,2.4264

307.3420,0.2919,1.1560,4.0582,3.9971,-0.0167,6.0958,1.9582,1.9074,6.0958,2.5058

308.3420,0.6622,1.5881,3.6260,3.9354,-0.1402,5.9723,1.8347,1.9177,5.9723,2.4969

309.3420,-0.2637,1.2794,4.2434,4.2441,0.5389,5.4784,2.2051,2.0412,5.4784,2.5323

310.3420,0.6622,1.5264,3.8730,4.0589,-0.0785,5.6636,2.3286,2.0618,5.6636,2.5763

311.3430,-0.0168,1.0942,3.6878,3.9971,-0.0785,5.4167,2.0817,1.7943,5.4167,2.3117

312.3420,-0.0168,1.7733,3.8730,3.8119,0.1685,6.6514,2.6373,2.0412,6.6514,2.6998

313.3420,0.1067,1.3412,4.1199,3.8119,0.2302,5.7871,2.8225,2.0721,5.7871,2.6028

314.3420,-0.5106,1.4647,3.7495,3.6267,0.1067,4.3672,2.8225,1.8766,4.3672,2.2324

315.3420,-0.1402,1.3412,4.4904,4.3675,-0.0785,5.7254,2.3286,2.0515,5.7254,2.5763

316.3420,0.3536,1.0325,3.6878,3.8737,-0.0785,5.9723,1.9582,1.8045,5.9723,2.3999

317.3420,-0.2637,1.0942,4.0582,3.5650,0.1067,5.9106,2.4521,1.8354,5.9106,2.4176

318.3420,0.1067,1.8351,4.3669,4.0589,-0.1402,5.7871,2.6991,2.1544,5.7871,2.6734

319.3420,0.1684,0.9708,4.1817,4.3058,0.1067,5.8489,2.2051,1.9898,5.8489,2.5411

320.3430,0.0450,1.4647,4.0582,4.3058,-0.4489,5.6019,2.9460,2.0618,5.6019,2.5675

321.3420,0.2302,1.8351,3.9965,3.9971,-0.0167,5.8489,2.5756,2.1029,5.8489,2.6381

322.3420,0.0450,0.1682,4.3669,3.8119,0.2302,5.7254,2.8225,1.9075,5.7254,2.4529

323.3420,-0.0168,1.1560,3.5643,3.8737,0.1685,5.7871,2.8225,1.9280,5.7871,2.4793

324.3420,-0.1402,1.8351,3.5643,3.6885,0.1067,5.8489,2.3904,1.9074,5.8489,2.4705

325.3420,-0.2637,1.5264,3.6878,4.3058,-0.0785,5.8489,2.5756,1.9589,5.8489,2.5146

326.3420,0.1067,1.5264,3.7495,3.6267,0.2302,6.4662,1.9582,1.8663,6.4662,2.5234

327.3420,-0.0785,1.3412,3.7495,4.1823,-0.3255,5.8489,2.6991,1.9280,5.8489,2.4881

328.3420,-0.1402,1.0325,3.7495,3.8737,0.2920,5.9723,2.2051,1.8354,5.9723,2.4264

329.3420,0.6622,1.2794,3.8730,3.9354,-0.0167,5.7871,1.8964,1.9383,5.7871,2.4881

330.3420,0.2302,1.3412,3.8112,3.8737,-0.0167,6.0341,1.9582,1.8663,6.0341,2.4617

331.3420,0.0450,0.8473,3.5643,4.1823,0.1067,5.4784,2.2669,1.8354,5.4784,2.3558

332.3420,0.3536,1.5264,3.8730,3.8119,-0.0785,5.9106,2.5138,2.0000,5.9106,2.5587

333.3420,-0.3871,1.9585,3.9965,3.8737,0.1685,6.1575,2.7608,2.0618,6.1575,2.6469

334.3420,0.0450,1.0325,4.1817,4.1823,-0.0785,6.0958,2.3904,1.9589,6.0958,2.5499

335.3420,0.1067,1.7116,3.7495,3.8737,0.2302,6.0958,1.8964,1.9280,6.0958,2.5234

336.3420,0.2302,0.9708,3.8730,4.1823,0.1685,6.0341,2.0817,1.9177,6.0341,2.5058

337.3420,0.0450,1.0942,4.0582,4.4910,-0.5107,5.9723,2.3286,1.9177,5.9723,2.4970

338.3420,-0.0785,1.3412,3.6260,3.7502,-0.0167,5.7871,2.3904,1.8354,5.7871,2.3999

339.3420,-0.0168,1.1560,3.9347,3.8119,0.2302,5.9106,2.4521,1.9280,5.9106,2.4970

340.3430,0.1684,0.9708,3.8112,3.9971,-0.0785,5.3550,2.6373,1.9177,5.3550,2.4088

341.3430,-0.2019,1.2177,3.6260,3.6267,0.1067,5.9723,2.6991,1.8457,5.9723,2.4352

342.3420,-0.4489,1.4029,3.9347,4.4293,-0.0785,5.8489,2.6991,1.9898,5.8489,2.5411

343.3430,-0.0785,1.2794,4.1817,3.9971,-0.3255,5.8489,2.5138,1.9280,5.8489,2.4881

344.3420,-0.0785,1.3412,3.8112,3.6885,-0.2020,6.0341,2.3286,1.8148,6.0341,2.4176

345.3430,0.5388,1.5264,4.0582,3.3180,0.3537,5.6019,2.3286,2.0206,5.6019,2.5322

346.3430,0.0450,1.2794,4.1817,3.9354,0.1685,5.4167,2.5138,2.0206,5.4167,2.5058

347.3430,-0.5723,1.7733,3.4408,4.0589,0.1685,5.7871,2.2051,1.8457,5.7871,2.4088

348.3430,0.0450,1.0325,3.8730,4.3058,0.0450,4.6759,2.4521,1.9589,4.6759,2.3470

349.3420,-0.2637,1.8351,3.0704,4.0589,0.0450,6.4045,2.3904,1.8560,6.4045,2.5058

350.3420,-0.2019,1.3412,4.5521,4.4910,-0.2020,5.8489,2.2051,2.0309,5.8489,2.5763

351.3420,-0.2637,1.7116,3.8730,3.6885,-0.5107,5.7254,2.1434,1.7737,5.7254,2.3382

352.3420,0.2919,1.4647,2.8234,3.8119,0.2302,5.9106,1.8964,1.7531,5.9106,2.3470

353.3420,1.2795,1.5264,3.9347,4.1206,-0.0167,5.5402,2.6991,2.2573,5.5402,2.7262

354.3430,-0.0168,0.9708,3.9347,4.3058,0.1067,6.1575,2.2051,1.9177,6.1575,2.5234

355.3420,0.1684,1.2794,4.0582,4.1206,0.3537,5.9106,2.0817,2.0103,5.9106,2.5675

356.3420,0.1067,1.2177,4.1817,3.7502,-0.0167,5.9106,2.3904,1.9383,5.9106,2.5058

357.3420,-0.2019,1.1560,3.7495,4.0589,-0.3872,6.1575,2.3904,1.7943,6.1575,2.4176

358.3420,-0.0785,1.0325,3.9965,3.8737,0.4772,6.0958,2.0817,1.8972,6.0958,2.4970

359.3430,-0.0785,0.8473,3.6260,4.4910,-0.2637,5.9106,2.6373,1.8766,5.9106,2.4529

360.3430,0.1684,1.4029,3.5025,4.0589,-0.0167,6.2193,2.3286,1.9074,6.2193,2.5234

361.3420,0.2919,0.4769,5.0460,3.7502,-0.2637,5.7871,2.3286,1.9383,5.7871,2.4881

362.3420,0.4771,1.2177,3.5643,3.9971,-0.2637,5.8489,2.1434,1.8560,5.8489,2.4264

363.3420,-0.0168,1.2177,3.6260,3.6885,0.1685,5.2315,2.2051,1.8148,5.2315,2.3029

364.3420,0.3536,1.1560,3.3173,3.4415,-0.2020,6.1575,1.7730,1.6399,6.1575,2.2853

365.3420,0.7240,1.0325,4.6756,3.9971,-0.2637,5.9106,2.2051,2.0618,5.9106,2.6116

366.3420,-0.0168,1.2794,4.2434,4.1823,-0.2637,5.8489,2.2051,1.9383,5.8489,2.4970

367.3420,0.1067,1.2177,3.5643,3.5650,-0.0167,5.9106,1.7730,1.7016,5.9106,2.3029

368.3420,-0.0168,1.8351,4.1817,4.2441,0.1685,5.7871,2.0817,2.0824,5.7871,2.6116

369.3420,0.2302,1.1560,3.8112,3.6267,0.1067,5.4167,2.3286,1.8766,5.4167,2.3823

370.3420,0.4153,1.0942,3.9347,4.1206,-0.0785,5.3550,2.3286,1.9692,5.3550,2.4529

371.3420,0.5388,1.2177,3.3791,3.8119,0.0450,5.9723,2.0817,1.8457,5.9723,2.4352

372.3420,-0.2637,1.3412,4.0582,4.3058,-0.4489,5.9106,2.5138,1.9177,5.9106,2.4881

373.3420,-0.1402,1.2794,4.0582,4.9231,0.1685,5.8489,1.8964,2.0309,5.8489,2.5763

374.3430,0.2302,1.2794,4.7373,4.1823,-0.2637,5.8489,2.3286,2.0824,5.8489,2.6204

375.3420,0.3536,2.6376,4.1817,4.0589,0.1685,5.7871,2.2051,2.2676,5.7871,2.7704

376.3420,0.2302,1.5264,3.6878,4.0589,0.0450,6.3427,2.4521,2.0000,6.3427,2.6204

377.3420,-0.0168,1.1560,3.9965,5.2936,0.1685,5.8489,2.2051,2.1338,5.8489,2.6645

378.3420,0.3536,1.1560,3.8730,3.9354,0.6624,6.0958,2.1434,2.0206,6.0958,2.6028

379.3420,-0.1402,1.2794,3.6260,4.4293,0.6007,4.8611,2.4521,2.0412,4.8611,2.4441

380.3420,-0.0785,1.5264,3.7495,4.3058,0.6007,5.8489,2.6991,2.1338,5.8489,2.6645

381.3420,0.5388,1.0942,4.4286,3.6267,-0.1402,5.7871,2.3904,1.9898,5.7871,2.5322

382.3430,0.2919,1.9585,3.2556,4.0589,-0.0785,5.7254,2.1434,1.9383,5.7254,2.4793

383.3420,0.0450,2.0203,4.0582,3.4415,0.2302,5.7871,2.4521,2.0412,5.7871,2.5763

384.3420,-0.5106,1.7116,3.0086,3.9354,0.2302,5.7871,2.4521,1.8046,5.7871,2.3735

385.3420,0.5388,1.2177,3.4408,3.5650,-0.0785,5.9106,1.9582,1.7737,5.9106,2.3647

386.3420,-0.0168,1.0325,3.5643,4.0589,0.1685,5.5402,2.6991,1.9177,5.5402,2.4352

387.3420,-0.0785,1.5264,4.2434,4.3058,-0.2020,5.9723,2.0817,1.9795,5.9723,2.5499

388.3420,-0.1402,1.2177,3.6878,4.1823,0.0450,6.7749,2.3904,1.8972,6.7749,2.5940

389.3420,0.1067,1.4029,4.1199,4.3675,-0.2020,6.2810,2.4521,2.0412,6.2810,2.6469

390.3420,0.0450,1.0942,4.4286,4.7379,0.1685,6.1575,2.3904,2.1441,6.1575,2.7175

391.3420,0.0450,0.8473,4.3669,3.7502,0.0450,6.0341,2.2051,1.8766,6.0341,2.4705

392.3430,1.0326,1.0325,4.5521,4.5527,0.0450,5.6636,2.0817,2.2161,5.6636,2.7086

393.3430,-0.3254,0.9708,3.8112,4.4910,0.2302,5.8489,2.3904,1.9280,5.8489,2.4882

394.3420,0.2919,2.0203,4.3052,3.0711,0.2302,5.8489,2.2051,2.0206,5.8489,2.5675

395.3420,0.0450,1.5264,4.2434,3.8737,0.3537,5.9723,2.2051,2.0412,5.9723,2.6028

396.3420,0.1067,1.4647,3.5025,4.3058,1.0329,6.0341,2.2669,2.1132,6.0341,2.6734

397.3420,-0.1402,0.9708,4.0582,4.0589,-0.0167,5.7254,2.7608,1.9486,5.7254,2.4882

398.3420,0.1684,0.6003,4.2434,3.9354,-0.1402,5.9723,2.2669,1.8457,5.9723,2.4352

399.3420,0.1067,1.2177,3.6260,3.8119,0.0450,5.9106,2.2051,1.8354,5.9106,2.4176

400.3420,0.4153,1.5264,3.6260,4.9849,0.0450,7.0218,2.2051,2.1338,7.0218,2.8321

401.3420,-0.6958,1.4647,3.9347,3.6885,0.2920,6.7749,2.0199,1.7840,6.7749,2.4970

402.3420,-0.0168,1.4029,3.1321,3.9971,0.5389,6.2810,2.5138,1.9280,6.2810,2.5499

403.3420,-0.0785,1.7733,4.0582,3.9354,-0.6959,5.9723,2.3904,1.8971,5.9723,2.4793

404.3420,0.2919,1.7116,4.0582,3.5650,0.4772,5.9723,2.2051,2.0515,5.9723,2.6116

405.3420,-0.0168,1.0325,3.9347,3.8737,0.1067,5.4784,2.2669,1.8663,5.4784,2.3823

406.3420,-0.0168,0.7856,3.7495,3.7502,0.0450,5.9106,2.3904,1.7840,5.9106,2.3735

407.3420,-0.2637,1.2794,3.6878,4.2441,-0.3872,5.9723,2.4521,1.8354,5.9723,2.4264

408.3420,-0.2637,1.2794,4.0582,4.3058,0.1067,5.9723,2.4521,1.9898,5.9723,2.5587

409.3420,0.4153,1.2177,3.6878,3.7502,-0.1402,6.0958,2.2669,1.8663,6.0958,2.4705

410.3420,-0.1402,1.7116,3.5643,3.8119,0.0450,5.9723,2.3904,1.8972,5.9723,2.4793

411.3420,0.1067,1.7116,4.3052,3.7502,-0.1402,5.9106,2.0817,1.9692,5.9106,2.5322

412.3420,-0.3254,0.9090,3.6260,3.3798,-0.2637,5.8489,2.4521,1.6296,5.8489,2.2324

413.3420,-0.3871,1.2794,3.6878,3.5033,0.2920,6.0341,2.3286,1.7840,6.0341,2.3911

414.3420,-0.2019,1.5881,3.9347,3.9354,-0.2020,5.7871,2.2051,1.8766,5.7871,2.4352

415.3420,0.1684,0.8473,3.6878,1.8981,0.5389,5.8489,1.9582,1.5165,5.8489,2.1354

416.3420,0.0450,1.6499,3.6878,4.4910,0.7859,6.2810,1.7730,2.0721,6.2810,2.6734

417.3420,0.2302,1.4647,4.3669,3.8119,0.0450,5.7254,1.8964,1.9692,5.7254,2.5058

418.3420,-0.0168,1.2794,3.5025,4.0589,0.1067,6.0958,2.2051,1.8560,6.0958,2.4617

419.3420,-0.0785,1.2794,4.2434,3.5033,-0.1402,6.0341,2.0817,1.8148,6.0341,2.4176

420.3420,-0.7575,1.8351,3.8112,3.9354,-0.1402,6.1575,2.2669,1.8251,6.1575,2.4441

421.3420,0.5388,1.4647,3.6260,3.8737,0.1685,6.0958,2.3904,2.0103,6.0958,2.5940

422.3420,-0.3871,1.3412,4.0582,3.9971,0.1685,6.0958,2.2051,1.8972,6.0958,2.4970

423.3420,-0.2019,1.4647,3.6878,4.1823,-0.0785,6.1575,2.2669,1.8869,6.1575,2.4970

424.3420,-0.0168,0.9708,3.6878,3.6267,0.1067,6.0958,2.0199,1.7325,6.0958,2.3558

425.3420,0.6005,1.1560,3.8730,4.1823,0.0450,5.7254,2.2051,2.0103,5.7254,2.5410

426.3420,0.1684,1.9585,3.9347,3.8737,0.1685,5.8489,1.9582,2.0103,5.8489,2.5587

427.3420,-0.3254,0.8473,3.7495,3.7502,0.0450,5.6019,2.2669,1.7222,5.6019,2.2765

428.3420,-0.0785,-0.1405,3.8730,3.9354,0.1067,6.4045,2.5756,1.7120,6.4045,2.3823

429.3420,0.3536,1.4029,3.9965,3.8737,-0.0785,5.9106,2.1434,1.9486,5.9106,2.5146

430.3420,-0.3871,1.3412,3.6878,4.1823,0.1067,5.8489,2.3904,1.8869,5.8489,2.4529

431.3430,-0.0168,0.7856,3.0086,4.4293,-0.1402,5.9106,2.3286,1.7325,5.9106,2.3294

432.3420,-0.0785,0.8473,4.0582,4.2441,-0.0167,5.8489,2.5138,1.9280,5.8489,2.4881

433.3420,0.3536,0.9090,3.8730,3.5650,0.1685,5.9723,2.1434,1.8354,5.9723,2.4264

434.3420,-0.0785,1.1560,3.6260,3.8119,-0.2020,5.9723,2.5756,1.8148,5.9723,2.4088

435.3420,0.2302,0.7238,3.9347,3.8737,0.2920,6.0958,2.3286,1.8972,6.0958,2.4970

436.3420,-0.2637,1.4647,3.6878,3.8119,-0.2020,6.4662,2.2669,1.7943,6.4662,2.4617

437.3420,0.3536,1.2177,3.7495,3.8737,-0.3872,6.2810,2.0199,1.8045,6.2810,2.4440

438.3420,0.1067,0.6621,3.9965,5.1701,0.1067,5.8489,2.3286,2.0618,5.8489,2.6028

439.3420,0.1067,1.2177,3.9347,3.8737,0.2302,5.8489,1.8964,1.8766,5.8489,2.4440

440.3420,-0.0785,1.1560,3.7495,3.8737,0.1067,6.0341,2.6991,1.9177,6.0341,2.5058

441.3420,-0.0168,1.3412,3.9965,4.0589,-0.0785,6.0341,1.9582,1.8766,6.0341,2.4705

442.3430,-0.4489,1.8351,4.3669,4.0589,-0.1402,5.9106,2.0199,1.9486,5.9106,2.5146

443.3430,-0.0168,1.5881,3.8730,3.6267,-0.1402,5.7254,2.3904,1.8869,5.7254,2.4352

444.3430,-0.0168,1.2177,4.4904,4.2441,-0.1402,5.9723,2.1434,1.9898,5.9723,2.5587

445.3420,0.6005,1.5881,3.6878,3.9354,-0.0785,6.0958,2.3286,2.0103,6.0958,2.5940

446.3420,0.1067,0.9090,4.1199,3.8119,0.0450,6.0341,2.2051,1.8663,6.0341,2.4617

447.3420,-0.0168,1.0325,4.1817,3.5650,0.1067,6.0958,1.9582,1.8046,6.0958,2.4176

448.3420,0.2302,0.9090,4.4286,3.8119,-0.1402,5.8489,2.4521,1.9486,5.8489,2.5058

449.3420,0.2302,1.2177,3.9965,3.8119,0.4772,5.9723,2.3904,2.0206,5.9723,2.5852

450.3420,0.4771,1.0942,3.7495,3.8737,0.3537,5.5402,2.7608,2.0515,5.5402,2.5499

451.3420,0.1067,1.0942,3.5643,4.1206,-1.4986,6.2810,2.0199,1.5679,6.2810,2.2412

452.3420,0.2919,2.1438,4.0582,3.8737,-0.3255,6.2810,2.0199,2.0103,6.2810,2.6204

453.3420,0.1684,0.7856,3.3791,3.8737,-0.0167,6.0341,1.9582,1.6914,6.0341,2.3117

454.3420,-0.0785,1.2177,3.6878,3.7502,0.1685,6.1575,2.2669,1.8354,6.1575,2.4529

455.3420,0.1684,1.8968,3.7495,3.8737,0.1067,5.9106,2.5756,2.0618,5.9106,2.6116

456.3430,-0.2019,0.7238,3.5643,3.2563,-0.1402,6.2193,1.7730,1.4959,6.2193,2.1706

457.3420,0.0450,1.3412,3.8730,4.2441,-0.0167,5.9106,2.5756,2.0103,5.9106,2.5675

458.3420,0.2302,2.3907,3.9347,3.7502,0.0450,5.9106,2.0199,2.0618,5.9106,2.6116

459.3420,0.1684,1.4647,3.8112,3.8737,0.2302,5.6636,2.6991,2.0412,5.6636,2.5587

460.3420,-0.0785,1.2794,3.8112,3.8119,0.0450,5.6019,2.3286,1.8663,5.6019,2.4000

461.3420,0.2302,1.0942,3.9347,3.4415,0.1067,5.9106,2.6991,1.9177,5.9106,2.4881

462.3420,-0.0785,1.2794,4.1199,4.1206,-0.0785,6.4662,2.5756,1.9898,6.4662,2.6293

463.3420,0.1067,1.0942,3.8730,4.3058,-0.0785,5.9106,2.2669,1.9280,5.9106,2.4970

464.3420,0.4771,1.0942,3.6878,3.8119,0.0450,5.7254,2.7608,1.9795,5.7254,2.5146

465.3420,-0.1402,1.0942,3.9347,4.1823,0.1685,5.7254,2.7608,2.0001,5.7254,2.5322

466.3420,-0.0168,1.0942,3.7495,2.9476,0.2302,5.9723,2.8225,1.8046,5.9723,2.4000

467.3420,0.1067,1.3412,4.0582,4.1823,-0.0785,5.4167,2.2051,1.9692,5.4167,2.4617

468.3420,0.1067,0.4769,4.1817,3.8119,-0.0167,5.8489,2.2669,1.8046,5.8489,2.3823

469.3420,-0.2637,0.7856,3.9347,3.3798,0.1685,6.0958,2.7608,1.7943,6.0958,2.4088

470.3420,0.6622,0.9708,3.6260,3.9354,-0.3255,5.9723,1.9582,1.8045,5.9723,2.3999

471.3420,0.1684,1.3412,3.6878,4.0589,-0.0785,6.2193,1.8347,1.8354,6.2193,2.4617

472.3420,0.1684,1.0325,4.6756,3.0711,0.2302,5.7871,1.8347,1.8354,5.7871,2.4000

473.3420,-0.0785,1.2177,3.6878,4.3675,-0.3872,5.9723,2.2669,1.8457,5.9723,2.4352

474.3420,0.9092,0.9090,3.5025,3.9354,-0.2020,6.0341,1.7112,1.7942,6.0341,2.3999

475.3420,0.1684,0.9090,3.5643,4.5527,-0.0785,6.2193,2.2051,1.8869,6.2193,2.5058

476.3420,0.4771,1.4029,4.4904,4.4910,0.2920,5.7254,2.1434,2.2161,5.7254,2.7174

477.3420,-0.3254,0.8473,3.8112,4.1206,0.0450,5.7871,2.4521,1.8251,5.7871,2.3911

478.3420,0.0450,1.9585,3.8112,3.8119,-0.0785,5.9106,2.3904,1.9898,5.9106,2.5499

479.3420,0.2919,1.0942,3.8112,3.2563,-0.0785,6.0958,2.0817,1.7428,6.0958,2.3647

480.3420,0.2919,1.8351,3.9965,3.8737,0.0450,5.7871,2.0817,2.0206,5.7871,2.5587

481.3420,0.7857,1.2794,3.6878,3.7502,-0.0167,5.9723,1.8964,1.8971,5.9723,2.4793

482.3420,0.4153,1.2177,3.3173,3.5650,-0.2020,5.1698,2.5138,1.8045,5.1698,2.2853

483.3420,0.2302,1.2794,3.8730,3.6885,0.1685,5.6019,1.8964,1.8560,5.6019,2.3911

484.3420,0.0450,0.9708,3.6260,3.9971,0.1067,6.2193,3.1930,1.9898,6.2193,2.5940

485.3420,-0.0168,1.0325,4.5521,3.5033,0.0450,6.0341,2.3286,1.9075,6.0341,2.4970

486.3420,0.1067,1.8351,3.9347,4.1823,0.4155,6.1575,2.3286,2.1338,6.1575,2.7086

487.3420,0.2302,1.1560,3.5643,3.9354,0.6007,5.8489,2.4521,1.9898,5.8489,2.5411

488.3420,0.0450,1.7733,3.8730,4.0589,0.4155,6.5897,1.7112,1.9795,6.5897,2.6381

489.3420,0.0450,1.0325,3.8112,4.4293,-0.2020,6.0958,2.3286,1.9074,6.0958,2.5058

490.3420,-0.0168,2.1438,4.1817,3.7502,-0.0167,6.0958,2.3286,2.0618,6.0958,2.6381

491.3420,0.2302,1.4647,3.7495,3.5650,0.2302,5.6636,2.0199,1.8766,5.6636,2.4176

492.3420,-0.2019,1.7116,3.7495,4.4910,0.0450,5.9723,1.8964,1.9486,5.9723,2.5234

493.3420,0.1684,1.4029,4.0582,3.9354,-1.4986,6.4045,2.3286,1.7325,6.4045,2.3999

494.3420,-0.2019,1.8968,4.1199,3.7502,0.0450,5.6019,2.4521,2.0103,5.6019,2.5234

495.3420,0.1684,1.2177,3.8112,3.6885,-0.1402,6.0341,1.7730,1.7531,6.0341,2.3647

496.3420,0.1067,1.5264,3.6260,3.8119,0.1685,5.7871,2.3904,1.9383,5.7871,2.4881

497.3420,0.2302,1.4647,3.7495,4.7997,0.5389,6.1575,1.8964,2.1132,6.1575,2.6910

498.3430,-0.0168,1.1560,3.9347,3.8119,0.4772,6.0341,1.9582,1.8869,6.0341,2.4793

499.3420,0.0450,1.2177,3.7495,3.6885,0.1067,5.7871,2.3904,1.8663,5.7871,2.4264

500.3420,0.1684,1.3412,3.8112,3.6885,0.1067,5.7254,2.2051,1.8869,5.7254,2.4352

501.3430,-0.2637,1.2177,3.5643,3.8737,-0.1402,5.9723,2.0817,1.7222,5.9723,2.3294

502.3420,-0.0785,1.4029,4.3052,4.0589,0.2920,6.0341,2.1434,2.0206,6.0341,2.5940

503.3430,0.3536,1.1560,3.7495,3.8737,-0.1402,5.9106,2.2051,1.8663,5.9106,2.4440

504.3420,-0.0168,0.9090,3.8112,4.4293,-0.2637,6.1575,2.3286,1.8663,6.1575,2.4793

505.3420,0.0450,1.0942,3.6260,3.5650,0.1685,6.0958,2.0199,1.7531,6.0958,2.3735

506.3420,0.2919,1.7116,3.9347,3.8119,-0.0167,5.9106,2.1434,1.9795,5.9106,2.5411

507.3430,0.0450,1.2177,3.8112,3.7502,0.1067,5.9723,2.5756,1.9177,5.9723,2.4970

508.3420,0.1684,0.7238,4.0582,3.1946,0.2920,5.9723,2.3904,1.8046,5.9723,2.4000

509.3420,-0.0785,1.2177,4.0582,4.3058,0.1067,5.9106,2.3904,2.0001,5.9106,2.5587

510.3430,-0.2019,1.4647,3.4408,4.9849,0.4772,6.5897,2.4521,2.1029,6.5897,2.7439

511.3420,0.6622,1.4029,3.7495,3.9354,-0.0167,5.9106,1.4643,1.8663,5.9106,2.4440

512.3420,0.1684,1.7733,3.9347,3.8737,-0.2020,5.7254,2.3904,1.9898,5.7254,2.5234

513.3420,-0.2019,1.4647,3.9347,4.4293,0.3537,6.0341,1.7730,1.9589,6.0341,2.5411

514.3420,-0.0168,1.2794,3.9347,3.3180,0.3537,6.1575,2.1434,1.8354,6.1575,2.4529

515.3420,0.2919,1.0325,3.6878,4.7379,0.0450,5.9106,2.3904,2.0309,5.9106,2.5851

516.3420,0.5388,1.0942,3.5025,3.9354,0.2302,6.0958,1.8964,1.8663,6.0958,2.4705

517.3420,0.4153,1.4647,3.7495,3.3180,-0.1402,6.2193,1.8347,1.7737,6.2193,2.4088

518.3420,0.6005,1.1560,3.4408,3.7502,-0.0785,6.1575,1.8964,1.7942,6.1575,2.4176

519.3420,0.8474,0.2917,4.1199,3.8737,-0.0785,5.7254,2.0817,1.8560,5.7254,2.4087

520.3420,-0.2019,1.1560,3.9347,4.4293,0.1685,5.7871,2.1434,1.9383,5.7871,2.4881

521.3420,0.1684,1.0942,3.5643,3.6885,0.0450,6.1575,1.9582,1.7531,6.1575,2.3823

522.3420,0.3536,0.7238,3.6260,3.9354,-0.1402,5.9723,1.9582,1.7428,5.9723,2.3470

523.3420,-0.3254,1.3412,4.0582,3.6885,0.1067,5.6636,2.2051,1.8457,5.6636,2.3911

524.3420,0.0450,1.0942,3.6878,2.8859,0.6007,5.6636,1.5877,1.6502,5.6636,2.2236

525.3430,-0.0785,1.6499,2.6999,3.7502,-0.0167,5.8489,2.3286,1.7222,5.8489,2.3117

526.3420,-0.0785,1.8351,3.7495,3.8119,0.3537,5.8489,2.0199,1.9486,5.8489,2.5058

527.3420,-0.2637,0.7856,3.9347,3.6885,-0.0167,6.1575,2.9460,1.8457,6.1575,2.4617

528.3420,-0.0168,0.6621,3.7495,3.8737,0.0450,5.7871,2.0817,1.7325,5.7871,2.3118

529.3420,-0.2019,2.1438,3.8730,3.6267,-0.3255,6.2810,1.7112,1.8045,6.2810,2.4440

530.3420,0.0450,1.0942,4.1199,4.7997,0.0450,5.8489,2.6991,2.1338,5.8489,2.6645

531.3420,0.9709,1.0942,3.8730,4.3675,-0.2020,5.8489,2.3286,2.0720,5.8489,2.6116

532.3420,0.1684,1.4647,3.6260,3.4415,0.4772,5.9723,1.7730,1.8251,5.9723,2.4176

533.3420,0.3536,1.0942,3.1938,3.8119,0.1067,5.8489,1.4025,1.6605,5.8489,2.2588

534.3420,-0.0168,1.2177,4.0582,3.6885,0.3537,6.1575,2.0199,1.8869,6.1575,2.4970

535.3420,0.2302,1.0942,3.6878,4.0589,-0.2020,6.0341,2.3904,1.8766,6.0341,2.4705

536.3420,0.2302,1.5881,3.8112,4.0589,-0.0785,6.0341,1.6495,1.8766,6.0341,2.4705

537.3420,0.1067,1.0325,3.9965,3.8737,-0.2637,6.2193,2.1434,1.8148,6.2193,2.4440

538.3420,0.2302,1.2177,3.5643,3.3180,0.2920,5.7254,2.1434,1.7943,5.7254,2.3558

539.3420,0.0450,1.0942,3.5643,4.1206,-0.2020,6.0958,2.4521,1.8457,6.0958,2.4529

540.3420,-0.3254,1.4029,3.5025,3.7502,0.0450,5.9106,2.0817,1.7428,5.9106,2.3382

541.3420,0.1067,1.1560,3.2556,3.8737,0.1067,5.8489,2.1434,1.7737,5.8489,2.3558

542.3420,-0.0785,1.0942,3.5025,4.1823,0.1685,5.9106,2.2669,1.8560,5.9106,2.4352

543.3430,0.7240,1.5264,3.7495,3.7502,-0.1402,6.2193,1.7730,1.8971,6.2193,2.5146

544.3430,-0.4489,1.3412,3.6878,3.6885,0.1067,5.7254,2.3904,1.7943,5.7254,2.3559

545.3420,0.1067,1.6499,3.9347,3.7502,-0.2020,5.8489,2.4521,1.9486,5.8489,2.5058

546.3430,-0.0785,1.5264,3.6260,3.7502,-0.3872,5.9723,2.4521,1.8148,5.9723,2.4088

547.3420,0.1684,1.7116,3.9347,3.6885,0.4155,5.6636,1.8964,1.9692,5.6636,2.4970

548.3420,0.1684,1.2794,3.8730,3.8737,-0.0785,6.5279,2.4521,1.9280,6.5279,2.5852

549.3420,-0.2637,1.2794,2.0825,4.4293,-0.1402,5.9723,2.6373,1.6708,5.9723,2.2853

550.3420,0.1067,1.2177,3.9347,3.6885,0.4155,6.1575,1.7730,1.8560,6.1575,2.4705

551.3420,-0.0168,1.5264,3.6878,4.5527,0.2302,4.4289,2.6991,2.1132,4.4289,2.4441

552.3430,-0.2019,0.7238,3.8112,4.2441,-0.0785,5.8489,2.5138,1.8354,5.8489,2.4088

553.3420,-0.0168,1.2794,3.8730,4.1206,-0.1402,6.2193,2.3904,1.9177,6.2193,2.5322

554.3430,-0.2019,1.0942,4.0582,3.4415,-0.0167,6.0958,2.3286,1.7840,6.0958,2.4000

555.3420,-0.0168,1.0942,3.5025,3.6267,0.3537,6.1575,2.4521,1.8354,6.1575,2.4529

556.3420,-0.0785,1.3412,3.9965,3.5650,0.2302,6.0341,2.0817,1.8560,6.0341,2.4529

557.3420,0.1684,0.6621,3.7495,3.8119,0.2302,5.4167,2.2669,1.8148,5.4167,2.3294

558.3420,-0.6340,1.4029,4.2434,4.7379,-0.7577,6.4045,1.7730,1.7943,6.4045,2.4529

559.3420,0.2919,0.9090,4.1199,3.9971,-0.0167,5.6019,1.9582,1.8766,5.6019,2.4088

560.3420,-0.2019,1.2794,3.6878,4.3675,-0.0167,5.9106,0.8468,1.6605,5.9106,2.2676

561.3420,0.0450,1.0325,3.6260,3.7502,0.6624,6.0341,1.7112,1.8046,6.0341,2.4088

562.3420,0.1067,1.1560,4.0582,3.8737,-0.1402,6.1575,2.3286,1.8972,6.1575,2.5058

563.3420,0.3536,0.9708,4.1199,3.9354,-0.3255,5.7254,1.8964,1.8251,5.7254,2.3823

564.3420,-0.0785,1.0325,4.1817,3.6885,0.1067,5.7871,2.1434,1.8457,5.7871,2.4088

565.3420,-0.2019,1.5264,3.1938,3.6267,0.1067,6.1575,1.9582,1.7017,6.1575,2.3382

566.3430,0.3536,0.5386,4.3669,4.2441,-0.0785,6.3427,2.6991,2.0206,6.3427,2.6381

567.3420,0.4771,1.4029,3.4408,3.9354,-0.0785,5.9106,1.5260,1.7839,5.9106,2.3735

568.3420,-0.2019,0.9708,4.1817,3.9354,-0.1402,6.0958,3.5634,2.0515,6.0958,2.6293

569.3420,-0.0785,1.0942,3.8730,3.8119,1.0329,4.3055,3.0078,2.1236,4.3055,2.4353

570.3420,0.1067,1.0942,3.3173,4.2441,0.4155,5.8489,2.5756,1.9589,5.8489,2.5146

571.3420,-0.6340,1.4647,3.9347,3.6885,0.2302,5.9723,1.9582,1.7737,5.9723,2.3735

572.3420,0.1067,1.0325,3.9965,3.5650,0.4155,5.8489,2.0817,1.8663,5.8489,2.4352

573.3420,0.1684,0.8473,4.3669,3.8737,-0.1402,6.5897,2.0817,1.8663,6.5897,2.5411

574.3420,-1.4365,2.2055,3.1321,4.1206,-0.2637,5.9106,2.3904,1.6914,5.9106,2.2941

575.3420,0.4771,1.5264,3.6260,3.2563,0.5389,5.7871,2.2051,1.9383,5.7871,2.4881

576.3420,0.0450,1.3412,3.1938,3.9971,0.2302,5.8489,2.6991,1.9177,5.8489,2.4793

577.3430,0.1067,1.6499,3.8112,3.6885,-0.0785,5.9106,2.1434,1.8869,5.9106,2.4617

578.3420,0.2919,1.7733,3.8112,3.7502,0.4772,5.8489,1.9582,2.0103,5.8489,2.5587

579.3420,-0.0168,0.9708,3.8730,3.8737,0.2302,5.4784,2.7608,1.9486,5.4784,2.4529

580.3420,-0.2019,0.7238,3.7495,4.1823,-0.2020,6.0341,2.4521,1.7840,6.0341,2.3911

581.3420,0.2919,1.1560,3.6260,3.6885,0.0450,6.2193,1.2173,1.6708,6.2193,2.3206

582.3420,-0.0168,2.5142,4.3052,3.8119,-0.2020,6.0958,1.8964,2.0515,6.0958,2.6293

583.3420,0.1684,1.3412,3.8730,3.5650,-0.2020,6.0958,2.2051,1.8251,6.0958,2.4352

584.3420,-0.2637,1.4029,3.6878,3.1946,-0.3255,5.9106,2.3286,1.6708,5.9106,2.2765

585.3420,-0.0785,1.3412,3.8730,3.8737,0.3537,5.9723,2.8225,2.0309,5.9723,2.5940

586.3420,0.0450,0.9090,4.2434,3.9971,-0.2020,6.0958,2.1434,1.8560,6.0958,2.4617

587.3420,0.0450,1.1560,3.6878,4.2441,1.0329,6.2193,1.9582,2.0206,6.2193,2.6204

588.3420,0.2302,1.1560,3.5025,3.6885,-0.1402,6.0341,1.9582,1.7325,6.0341,2.3470

589.3420,0.3536,1.0942,4.1199,4.1206,-0.1402,5.7871,1.7730,1.8869,5.7871,2.4440

590.3420,-0.1402,1.4029,3.6260,4.1823,-0.0785,6.5897,2.3904,1.8972,6.5897,2.5675

591.3420,-0.0168,1.0325,3.8730,4.0589,0.2302,6.0958,2.0199,1.8663,6.0958,2.4705

592.3420,0.1684,1.4029,3.3791,4.1823,-0.1402,6.5279,1.8347,1.8045,6.5279,2.4793

593.3420,-0.1402,1.2794,3.5643,4.1206,0.0450,6.4045,2.3286,1.8663,6.4045,2.5146

594.3420,0.1684,0.9708,3.8730,3.3180,0.6624,4.9846,2.7608,1.9589,4.9846,2.3911

595.3420,-0.4489,0.6621,3.5025,3.8119,-0.3255,5.9723,2.3286,1.5885,5.9723,2.2147

596.3420,-0.0168,2.0820,3.0704,3.9971,0.1685,6.0341,2.3904,1.9486,6.0341,2.5322

597.3420,0.2302,1.3412,3.6878,4.2441,0.0450,7.1453,2.6373,2.0309,7.1453,2.7615

598.3420,-0.2637,1.4647,3.6260,4.2441,-0.0785,5.7871,0.5381,1.5885,5.7871,2.1883

599.3420,-0.0168,1.5881,3.4408,4.5527,-0.2020,6.1575,2.2051,1.9280,6.1575,2.5322

600.3420,-0.0785,0.9708,4.2434,3.5033,0.0450,5.9106,2.1434,1.8046,5.9106,2.3911

601.3420,0.1067,1.2794,3.9965,3.7502,0.2920,5.9106,1.8964,1.8869,5.9106,2.4617

602.3420,0.0450,0.7856,3.3173,3.6885,0.2302,5.8489,2.3286,1.7325,5.8489,2.3206

603.3420,-0.1402,1.0942,3.6260,3.5650,0.1067,6.4662,2.4521,1.7840,6.4662,2.4529

604.3420,0.1684,1.0325,4.6756,3.8737,-0.1402,5.9106,2.6373,2.0412,5.9106,2.5940

605.3420,-0.2637,1.4029,3.5643,3.8737,0.2920,5.9106,2.0817,1.8251,5.9106,2.4088

606.3420,0.1067,1.4029,3.8112,3.7502,-0.6342,6.0341,1.5260,1.6605,6.0341,2.2853

607.3430,-0.0168,-0.3257,3.4408,3.9354,-0.4489,6.1575,1.8347,1.4032,6.1575,2.0824

608.3420,0.1684,0.7856,3.7495,4.1823,-0.0785,5.9723,1.8964,1.7840,5.9723,2.3823

609.3420,0.1067,0.8473,3.5025,3.6267,0.0450,6.0341,1.5877,1.6193,6.0341,2.2500

610.3420,0.3536,0.9708,3.9347,3.4415,0.1685,5.7871,2.0199,1.8148,5.7871,2.3823

611.3420,0.0450,1.1560,3.6260,3.8119,0.0450,6.5279,1.8964,1.7634,6.5279,2.4440

612.3420,0.1684,1.0942,4.1199,3.4415,0.1685,6.4662,2.4521,1.9075,6.4662,2.5587

613.3420,0.3536,0.9708,3.5643,3.3180,0.1067,5.9106,1.9582,1.7119,5.9106,2.3117

614.3420,-0.2019,1.2794,3.5025,3.6885,-0.3255,5.7254,1.7730,1.6193,5.7254,2.2059

615.3420,-0.1402,0.9090,3.7495,3.8737,0.1685,5.9106,3.0695,1.9383,5.9106,2.5058

616.3420,-0.0785,0.7238,3.6878,3.8119,-0.2020,6.0341,2.3904,1.7222,6.0341,2.3382

617.3420,-0.0785,1.4647,3.6878,4.1823,0.1685,5.7254,2.4521,1.9795,5.7254,2.5146

618.3420,-0.0785,1.4647,3.4408,3.6885,-0.2020,6.2193,2.0817,1.7325,6.2193,2.3735

619.3420,0.5388,0.5386,3.5025,3.6267,-0.0785,6.0341,1.7730,1.6502,6.0341,2.2765

620.3430,0.2302,1.0942,3.8730,3.7502,-0.2020,6.0958,2.2669,1.8354,6.0958,2.4440

621.3420,0.2302,1.0325,4.4286,3.8737,-0.1402,5.7871,2.2669,1.9486,5.7871,2.4970

622.3430,-0.1402,1.0942,3.4408,2.3920,-0.5107,6.4045,2.2669,1.4238,6.4045,2.1354

623.3420,-0.0785,1.0942,3.6878,2.8242,-0.9429,6.4662,2.3286,1.4856,6.4662,2.1971

624.3430,0.0450,1.5881,3.8112,4.3058,0.0450,5.8489,2.2051,2.0000,5.8489,2.5499

625.3420,0.1684,1.0325,4.3052,4.9849,0.2302,5.6636,1.8964,2.1029,5.6636,2.6116

626.3420,0.2919,1.0325,4.3052,4.0589,0.0450,6.0958,2.1434,1.9795,6.0958,2.5675

627.3420,0.1067,0.8473,3.5643,3.5650,0.3537,5.9723,2.3286,1.7943,5.9723,2.3911

628.3420,0.2302,1.5264,3.5025,3.5033,0.7859,5.2932,1.7730,1.8869,5.2932,2.3735

629.3420,-0.4489,1.2177,3.8112,3.8737,0.0450,6.2193,2.0817,1.7634,6.2193,2.4000

630.3420,-0.0785,1.2794,3.6260,4.0589,-0.5107,6.1575,2.2051,1.7634,6.1575,2.3911

631.3420,-0.0785,1.4647,3.5025,3.9354,-0.0167,5.8489,2.4521,1.8766,5.8489,2.4440

632.3420,-0.0785,1.4647,3.6878,4.3675,0.1067,5.7254,2.2051,1.9589,5.7254,2.4970

633.3420,-0.0168,-0.1405,4.0582,3.9354,0.4155,5.9106,1.8964,1.6914,5.9106,2.2941

634.3420,-0.0785,0.9090,3.8112,3.8737,-0.0785,6.2810,1.2790,1.6193,6.2810,2.2853

635.3420,0.1067,1.3412,4.2434,3.5033,-0.2637,5.9723,2.4521,1.8972,5.9723,2.4793

636.3420,-0.0168,1.1560,3.6878,3.3798,-0.1402,6.1575,1.9582,1.6708,6.1575,2.3117

637.3420,0.0450,0.9708,3.8730,3.9354,0.1067,5.7871,2.0817,1.8354,5.7871,2.3999

638.3430,0.1684,1.2177,4.6139,2.9476,0.3537,5.6636,2.2669,1.9280,5.6636,2.4617

639.3430,-0.0785,0.8473,3.8112,3.3180,-0.2020,6.2810,2.7608,1.7428,6.2810,2.3911

640.3420,-0.0168,0.9090,3.5643,3.7502,-0.0167,5.9106,2.6373,1.8046,5.9106,2.3911

641.3420,0.2919,0.4151,3.6260,3.9354,-0.1402,6.1575,2.3904,1.7531,6.1575,2.3823

642.3420,0.2919,1.4029,4.1199,3.9354,0.0450,6.5279,1.9582,1.9589,6.5279,2.6116

643.3420,0.1067,0.9708,3.6260,3.6267,0.2920,6.2810,1.7730,1.7325,6.2810,2.3823

644.3420,-0.0168,0.8473,3.8112,3.6267,0.1067,5.6636,2.0199,1.7325,5.6636,2.2941

645.3420,0.1684,0.9090,4.1817,3.6267,-0.0167,6.0958,1.9582,1.8045,6.0958,2.4176

646.3420,-0.0168,1.2177,3.8730,3.4415,0.7859,5.5402,2.3286,1.9383,5.5402,2.4529

647.3420,-0.0785,0.7856,3.5643,3.4415,0.1067,5.9723,2.4521,1.7120,5.9723,2.3206

648.3430,-0.0785,1.0325,3.8730,3.8737,0.1067,5.7871,2.2051,1.8354,5.7871,2.4000

649.3420,0.1684,0.9090,3.9965,3.8737,0.5389,6.0341,2.2051,1.9486,6.0341,2.5322

650.3420,-0.2637,1.0325,3.9347,3.8737,0.1067,6.3427,3.1313,1.9692,6.3427,2.5940

651.3420,0.0450,0.9708,3.8112,4.3058,-0.6342,6.4045,2.5756,1.8457,6.4045,2.4970

652.3420,0.0450,0.9090,3.6260,3.6885,0.1067,6.1575,2.1434,1.7531,6.1575,2.3823

653.3420,0.0450,0.7238,3.7495,3.9971,-0.0785,6.2810,2.1434,1.7634,6.2810,2.4088

654.3420,-0.2019,1.0942,3.9347,3.7502,-0.3872,6.2810,2.8843,1.8457,6.2810,2.4793

655.3420,-0.0785,1.5264,3.3791,3.9971,0.1067,5.9106,1.8347,1.7943,5.9106,2.3823

656.3420,-0.0785,1.2177,3.5643,3.7502,0.1067,5.8489,2.0199,1.7634,5.8489,2.3470

657.3430,-0.0168,0.8473,4.3052,3.5033,-0.0167,5.8489,2.3286,1.8251,5.8489,2.4000

658.3420,-0.0785,1.2177,3.7495,3.9971,0.1067,6.1575,1.9582,1.8251,6.1575,2.4440

659.3420,0.2302,0.9708,4.1817,4.1206,-0.0167,5.9106,2.2051,1.9486,5.9106,2.5146

660.3420,0.2919,1.3412,3.5643,3.9971,-0.3872,6.0341,2.2669,1.8457,6.0341,2.4440

661.3420,-0.1402,1.1560,3.9965,3.8737,0.2302,6.7132,2.5138,1.9383,6.7132,2.6204

662.3420,0.0450,1.2177,3.8730,3.6267,-0.8194,6.1575,2.2669,1.7016,6.1575,2.3382

663.3420,-0.3254,1.2794,3.6260,4.1823,-0.0785,5.9723,1.8347,1.7531,5.9723,2.3558

664.3420,0.1067,1.2794,4.0582,4.2441,0.1067,5.7871,2.0199,1.9692,5.7871,2.5146

665.3420,0.0450,1.0325,3.5643,3.9354,-0.1402,6.2193,2.0817,1.7531,6.2193,2.3911

666.3430,0.1067,0.9708,3.4408,3.8119,0.1685,6.0341,2.5138,1.8354,6.0341,2.4352

667.3420,0.2302,1.0325,3.6260,3.9971,-0.1402,6.0341,2.1434,1.8148,6.0341,2.4176

668.3420,-0.0168,1.0325,3.8730,3.8737,0.2920,4.8611,2.7608,1.9692,4.8611,2.3823

669.3420,0.1684,0.8473,3.7495,3.8737,0.0450,5.6636,2.0199,1.7840,5.6636,2.3382

670.3420,-0.0168,1.0942,3.8112,3.8737,0.1685,6.2810,2.1434,1.8457,6.2810,2.4793

671.3420,0.5388,1.2794,3.6260,3.9354,-0.0785,5.8489,2.2051,1.9177,5.8489,2.4793

672.3420,0.1684,0.8473,4.4286,4.0589,-0.0167,5.9106,2.4521,1.9898,5.9106,2.5499

673.3420,-0.0168,1.0325,3.7495,3.8119,0.1685,6.0958,2.2669,1.8354,6.0958,2.4440

674.3420,-0.2019,1.2177,3.5025,4.0589,0.1067,6.6514,2.9460,1.9383,6.6514,2.6116

675.3420,0.3536,0.6003,3.9347,4.1206,-0.0785,5.9106,1.7730,1.7840,5.9106,2.3735

676.3420,-0.0168,1.5881,3.7495,4.7997,0.2302,5.9106,2.1434,2.0824,5.9106,2.6293

677.3420,-0.5723,1.5264,3.7495,4.1823,0.0450,5.9106,2.3286,1.8766,5.9106,2.4529

678.3420,-0.0168,1.8968,3.3173,4.1206,-0.0167,6.0958,2.0199,1.8869,6.0958,2.4881

679.3420,0.2302,1.3412,3.8730,3.8737,-0.0785,6.0341,2.0817,1.8869,6.0341,2.4793

680.3420,0.1684,1.7116,3.5025,3.7502,0.1067,5.9723,1.4643,1.7840,5.9723,2.3823

681.3420,-0.2019,0.9090,3.7495,4.1206,-0.3872,5.9723,1.4025,1.5987,5.9723,2.2235

682.3420,-0.0168,0.9708,4.0582,4.0589,0.2920,6.3427,1.9582,1.8869,6.3427,2.5234

683.3420,-0.0785,1.2794,4.0582,4.2441,-0.2020,6.2810,2.4521,1.9589,6.2810,2.5763

684.3420,0.9709,1.6499,3.4408,3.7502,-0.3255,6.2193,2.2669,1.9589,6.2193,2.5675

685.3420,0.2302,1.2794,3.8112,4.2441,-0.9429,6.5897,1.5877,1.7016,6.5897,2.3999

686.3420,-0.0168,1.2177,3.8112,4.4293,0.1685,5.7871,2.3286,1.9898,5.7871,2.5322

687.3420,-0.0168,0.9708,4.3052,3.9354,-0.2637,6.1575,2.3286,1.8766,6.1575,2.4881

688.3420,-0.1402,1.1560,3.4408,3.8119,-0.6342,6.2810,2.2051,1.6399,6.2810,2.3029

689.3420,0.3536,1.2794,3.6878,3.9971,-0.0167,5.8489,1.7730,1.8457,5.8489,2.4176

690.3420,0.1067,1.0325,3.9965,4.0589,-0.0785,5.8489,2.1434,1.8766,5.8489,2.4440

691.3420,0.1067,0.9090,3.7495,3.0711,0.2920,5.7254,2.0817,1.7017,5.7254,2.2765

692.3420,0.0450,2.2055,3.6878,3.5033,0.0450,5.7871,2.2051,1.9486,5.7871,2.4970

693.3420,0.9709,1.3412,3.6260,3.8119,-0.0785,5.7254,2.6991,2.0618,5.7254,2.5851

694.3420,0.3536,0.9090,3.6260,3.7502,0.2302,5.9723,2.6991,1.9280,5.9723,2.5058

695.3420,-0.9427,1.2177,4.1817,3.8119,0.0450,6.4045,2.7608,1.8457,6.4045,2.4970

696.3420,-0.2019,0.9090,3.5643,3.8737,-0.4489,5.9723,1.7112,1.5679,5.9723,2.1971

697.3420,0.6005,1.1560,3.6260,4.2441,-0.2637,5.9723,1.8347,1.8663,5.9723,2.4528

698.3420,-0.1402,0.5386,4.2434,3.9354,-0.0167,6.2193,2.6991,1.8766,6.2193,2.4970

699.3420,0.1067,1.5264,3.2556,4.0589,0.3537,5.9723,2.5756,1.9795,5.9723,2.5499

700.3420,-0.3871,1.5264,3.6260,3.8119,-0.1402,5.9723,2.0817,1.7531,5.9723,2.3559

701.3420,-0.0785,1.5881,3.8730,3.8737,-0.6959,6.2193,1.8964,1.7428,6.2193,2.3823

702.3420,-0.2637,0.9708,2.6999,3.8119,0.2302,6.4662,1.9582,1.5679,6.4662,2.2676

703.3430,-0.0785,0.7238,3.5643,3.9971,-0.2637,6.0341,2.3286,1.7119,6.0341,2.3294

704.3420,-0.2637,1.1560,3.7495,3.4415,0.1067,5.9723,2.6373,1.8046,5.9723,2.4000

705.3420,0.1684,0.5386,3.6260,4.1206,-0.0167,6.4045,2.4521,1.8148,6.4045,2.4705

706.3420,0.1067,1.1560,3.9965,3.5033,-0.0785,5.9106,2.3904,1.8457,5.9106,2.4264

707.3420,-0.1402,1.0942,3.6878,3.5650,-0.3872,5.7254,2.2051,1.6708,5.7254,2.2500

708.3420,0.2302,0.9090,4.1199,3.8737,-0.0785,5.8489,2.2051,1.8766,5.8489,2.4440

709.3420,-0.4489,1.0942,3.6878,4.2441,-0.0785,5.8489,2.5138,1.8354,5.8489,2.4088

710.3420,-0.1402,1.2177,3.6260,3.8737,0.1685,6.0341,2.7608,1.9177,6.0341,2.5058

711.3420,-0.0168,1.4029,2.6382,4.3058,0.0450,5.9106,2.3286,1.7840,5.9106,2.3735

712.3420,-0.1402,0.9708,3.6878,3.6267,-0.0167,5.9723,2.7608,1.8148,5.9723,2.4088

713.3420,-0.5106,1.3412,3.8730,3.4415,-0.2020,5.7871,2.6373,1.7634,5.7871,2.3382

714.3420,-0.1402,1.2177,2.9469,4.4293,-0.3872,6.0341,1.9582,1.6708,6.0341,2.2941

715.3420,0.1067,0.9708,3.9347,3.6885,0.4155,5.9723,2.6373,1.9589,5.9723,2.5322

716.3420,0.2302,0.6621,4.2434,3.5033,0.6624,6.0341,2.3286,1.9383,6.0341,2.5234

717.3420,0.2302,0.9090,4.0582,3.8119,0.8477,5.9723,2.2669,2.0206,5.9723,2.5852

718.3430,0.9709,1.4647,3.7495,3.7502,0.1685,5.6636,2.4521,2.0926,5.6636,2.6028

719.3420,0.1684,0.7238,3.6878,3.9354,0.0450,5.6019,2.5756,1.8560,5.6019,2.3911

720.3420,0.0450,1.1560,4.7373,3.4415,0.2920,5.6019,2.0817,1.9589,5.6019,2.4793

721.3420,0.2302,1.0942,3.9347,3.9354,0.1685,5.5402,2.2669,1.9383,5.5402,2.4529

722.3420,-0.2019,1.2177,3.8730,3.7502,-0.2637,5.8489,2.5756,1.8251,5.8489,2.4000

723.3420,-0.3871,1.8968,3.7495,3.6885,-0.2020,5.8489,2.4521,1.8663,5.8489,2.4352

724.3420,0.2302,0.9708,3.6260,3.6885,-0.0167,5.6636,2.4521,1.8251,5.6636,2.3735

725.3420,0.1684,0.8473,3.9347,3.9354,0.4155,6.0341,2.2051,1.9177,6.0341,2.5058

726.3430,-0.2637,1.4647,3.5643,4.3675,0.3537,5.7871,2.6373,2.0206,5.7871,2.5587

727.3420,0.0450,0.9090,3.8112,3.8119,0.5389,5.7871,1.9582,1.8457,5.7871,2.4088

728.3420,-0.0168,1.2794,3.9347,4.1823,0.0450,5.7254,2.2669,1.9486,5.7254,2.4881

729.3420,-0.1402,1.3412,3.6878,3.8119,-0.4489,6.2193,2.3904,1.7737,6.2193,2.4088

730.3420,-0.0785,1.3412,3.3173,3.9354,0.1067,5.7871,1.6495,1.7119,5.7871,2.2941

731.3420,-0.0785,1.2177,3.6260,3.3798,0.2302,6.0341,2.0199,1.7325,6.0341,2.3470

732.3430,0.2919,1.6499,3.5643,4.8614,-0.4489,6.1575,1.4025,1.8868,6.1575,2.4969

733.3420,-0.2019,1.2177,3.2556,3.8737,0.2302,5.9106,2.0817,1.7428,5.9106,2.3382

734.3430,-0.0785,1.4647,3.6260,3.7502,-0.2020,6.0958,1.9582,1.7531,6.0958,2.3735

735.3420,0.2302,1.1560,3.7495,3.5650,-0.2020,6.2193,1.9582,1.7428,6.2193,2.3823

736.3430,0.1067,1.2177,3.9347,3.7502,-0.2637,5.8489,2.2051,1.8251,5.8489,2.3999

737.3420,-0.2019,0.9708,3.8730,3.9971,0.2302,5.8489,2.3904,1.8766,5.8489,2.4441

738.3420,-0.0168,0.9708,3.4408,3.6885,-0.1402,6.2193,1.8347,1.6296,6.2193,2.2853

739.3420,0.1684,1.4647,3.9965,3.6267,0.0450,6.0958,2.0199,1.8869,6.0958,2.4881

740.3430,0.2302,1.4647,3.9965,4.1206,-0.3872,5.8489,2.2669,1.9486,5.8489,2.5058

741.3420,0.0450,1.2177,3.9965,3.7502,0.2920,6.2810,2.0199,1.8869,6.2810,2.5146

742.3420,0.0450,1.1560,3.6878,4.2441,-0.0785,6.0958,1.9582,1.8354,6.0958,2.4440

743.3420,0.7857,0.9708,3.3791,4.1206,-0.0167,5.7254,1.9582,1.8663,5.7254,2.4176

744.3430,-0.1402,1.6499,4.7373,4.1206,-0.0167,6.4045,2.2051,2.0927,6.4045,2.7086

745.3420,-0.0168,0.7856,3.6878,3.8737,0.2920,5.7254,2.5138,1.8560,5.7254,2.4088

746.3420,-0.2019,1.1560,3.8112,3.8737,-0.0167,6.2193,2.9460,1.9280,6.2193,2.5411

747.3420,0.0450,1.0942,4.3669,3.9971,-0.0785,5.9723,2.5756,2.0001,5.9723,2.5675

748.3420,-0.7575,2.0203,3.5643,3.9354,0.0450,5.9723,2.4521,1.8766,5.9723,2.4617

749.3420,-0.1402,1.6499,4.0582,3.6885,-0.0167,6.0958,1.8964,1.8560,6.0958,2.4617

750.3420,0.2919,1.1560,4.1199,3.8737,-0.0785,5.9106,1.9582,1.8869,5.9106,2.4617

751.3420,-0.0785,0.7238,3.8730,3.3798,0.1067,5.7871,2.5138,1.7531,5.7871,2.3294

752.3420,-0.0785,1.3412,3.6878,3.7502,0.3537,6.7132,1.9582,1.8354,6.7132,2.5322

753.3420,-0.0785,0.7238,4.3052,3.1946,-0.1402,6.0341,2.0199,1.6708,6.0341,2.2941

754.3420,-0.0785,1.2794,3.6260,3.6267,0.2920,5.7871,2.1434,1.8148,5.7871,2.3823

755.3420,0.1067,1.8351,3.8112,3.8119,-0.5107,6.2810,1.8347,1.8148,6.2810,2.4528

756.3420,-0.0785,1.1560,3.6260,3.9354,-0.3872,6.3427,2.2669,1.7531,6.3427,2.4088

757.3420,0.1684,0.6003,3.8730,3.9971,0.2920,7.1453,1.5260,1.7428,7.1453,2.5146

758.3430,0.1067,1.4647,3.9965,3.8119,0.0450,5.7254,1.8347,1.8766,5.7254,2.4264

759.3420,-0.0168,1.8351,3.9965,3.8737,0.2920,6.0341,2.2669,2.0412,6.0341,2.6116

760.3430,-0.0168,1.0942,3.8112,4.1823,0.2920,5.7871,2.2669,1.9383,5.7871,2.4881

761.3420,0.1067,1.3412,4.3052,3.8737,-0.0785,6.0341,2.0817,1.9383,6.0341,2.5234

762.3420,0.2302,1.0942,3.7495,3.4415,0.0450,6.4045,2.6373,1.8663,6.4045,2.5146

763.3420,-0.0168,1.0325,3.7495,3.8737,-0.2020,5.7871,2.2669,1.7840,5.7871,2.3558

764.3420,0.0450,0.5386,3.7495,3.6885,-0.0785,5.8489,2.2051,1.6914,5.8489,2.2853

765.3420,-0.0168,1.4647,3.7495,3.6267,0.3537,7.2688,1.6495,1.8045,7.2688,2.5852

766.3420,0.2919,1.2177,3.8730,3.6885,-0.0785,5.9723,1.7112,1.7840,5.9723,2.3823

767.3420,-0.0785,1.0942,3.6260,3.9354,-0.3255,6.2810,1.9582,1.7016,6.2810,2.3558

768.3420,0.2302,0.9708,3.7495,3.5650,0.0450,5.8489,1.8347,1.7325,5.8489,2.3206

769.3420,-0.0785,0.7238,4.3669,3.0094,0.2920,6.0341,2.6373,1.8252,6.0341,2.4264

770.3420,0.1067,1.0942,3.8112,3.8119,0.5389,6.2193,2.5138,1.9795,6.2193,2.5852

771.3420,0.1067,1.0325,3.9347,3.0711,0.2920,5.8489,2.2051,1.7737,5.8489,2.3559

772.3420,0.2919,1.1560,3.7495,4.0589,-0.1402,5.9723,2.1434,1.8766,5.9723,2.4617

773.3420,-0.0785,0.9090,3.8112,3.9354,-0.5107,5.9723,2.7608,1.8045,5.9723,2.3999

774.3420,0.6005,1.1560,3.7495,3.5650,-0.0785,5.9106,1.8964,1.8148,5.9106,2.3999

775.3420,0.2919,-0.0788,3.7495,3.9971,0.4155,5.8489,2.0817,1.7428,5.8489,2.3294

776.3420,0.6622,1.2177,3.7495,3.9971,-0.0167,6.2810,2.0199,1.9383,6.2810,2.5587

777.3420,-0.5106,0.9090,3.9347,3.4415,0.1067,6.3427,2.8843,1.7943,6.3427,2.4441

778.3430,-0.0168,0.8473,4.9226,3.1946,-0.0167,5.7871,2.1434,1.8457,5.7871,2.4088

779.3430,-0.2019,1.4029,3.6878,4.2441,0.2920,5.8489,2.3904,1.9692,5.8489,2.5234

780.3420,-0.0168,1.3412,3.2556,3.8119,0.1685,6.3427,2.0199,1.7634,6.3427,2.4176

781.3420,0.2302,0.9090,3.8112,4.6145,-0.0167,6.2193,1.8964,1.9074,6.2193,2.5234

782.3430,-0.0785,1.1560,3.5025,3.5650,-0.0167,5.8489,2.5138,1.7737,5.8489,2.3559

783.3420,0.3536,0.7238,3.6878,3.8737,0.1067,6.1575,1.9582,1.7840,6.1575,2.4088

784.3420,-0.8809,1.0942,3.8112,3.3798,0.2920,6.0341,1.7112,1.5679,6.0341,2.2059

785.3430,-1.0661,0.2917,4.0582,3.5033,0.2302,6.1575,1.8964,1.4856,6.1575,2.1530

786.3420,0.2302,1.6499,3.3791,4.0589,-0.0167,6.0341,1.4025,1.7839,6.0341,2.3911

787.3420,-0.0785,1.0325,3.8112,3.9354,0.0450,6.0958,2.3286,1.8457,6.0958,2.4529

788.3420,0.0450,0.9708,3.6878,3.6885,0.1685,5.6019,2.2051,1.7943,5.6019,2.3382

789.3420,-0.1402,0.8473,3.9347,3.9354,0.2920,5.7871,1.8347,1.7840,5.7871,2.3559

790.3420,-0.0168,0.7856,3.6878,3.9354,0.1685,5.7871,2.3286,1.8148,5.7871,2.3823

791.3420,-0.0785,0.7856,3.6260,3.9354,0.2920,6.0341,2.2669,1.8046,6.0341,2.4088

792.3420,-0.1402,0.8473,3.4408,4.4910,-0.1402,5.9723,2.2669,1.7943,5.9723,2.3911

793.3420,-0.2637,1.1560,3.8730,3.7502,0.2920,6.0341,2.3286,1.8560,6.0341,2.4529

794.3420,0.1067,0.9090,3.7495,3.6267,-0.0167,5.7254,1.8347,1.7016,5.7254,2.2765

795.3420,0.6005,0.9090,3.6878,4.4293,-0.0785,5.9106,2.2051,1.9589,5.9106,2.5234

796.3420,-0.0168,2.5142,3.9965,3.9354,0.2920,5.7871,2.2051,2.1544,5.7871,2.6734

797.3420,0.2919,0.8473,3.9347,4.0589,0.4772,6.0958,2.3286,1.9898,6.0958,2.5763

798.3420,-0.0785,1.3412,3.3173,3.7502,0.2302,5.8489,2.4521,1.8354,5.8489,2.4088

799.3420,0.4153,1.1560,3.9965,3.8737,-0.1402,5.8489,1.5877,1.8148,5.8489,2.3911

800.3420,-0.0785,1.2177,3.3173,3.5650,-0.0167,6.2193,1.8347,1.6399,6.2193,2.2941

801.3420,0.2302,0.8473,3.6878,3.9354,0.1067,5.6636,2.2669,1.8457,5.6636,2.3911

802.3420,0.0450,0.9708,3.8112,3.4415,0.8477,5.7254,2.1434,1.8766,5.7254,2.4264

803.3430,-0.0168,1.6499,3.4408,4.0589,-0.0167,5.9106,2.4521,1.9280,5.9106,2.4970

804.3420,-0.0168,1.8968,4.4904,3.5650,-0.1402,5.9106,2.1434,1.9898,5.9106,2.5499

805.3420,0.0450,1.0942,3.6878,3.3180,0.3537,5.2315,2.2051,1.7840,5.2315,2.2765

806.3420,-0.0785,1.2794,4.4904,4.1206,-0.1402,5.9106,2.4521,2.0206,5.9106,2.5763

807.3420,-0.0168,1.2177,4.0582,3.8737,-0.1402,6.5279,1.4643,1.7428,6.5279,2.4264

808.3420,-0.2019,1.2177,3.8112,3.9354,0.2302,6.4662,2.6373,1.9383,6.4662,2.5852

809.3420,0.2302,1.0942,3.8112,3.7502,0.2920,5.7871,2.3904,1.9280,5.7871,2.4793

810.3420,-0.0785,0.7856,3.8730,3.6885,0.1685,5.9106,2.7608,1.8663,5.9106,2.4441

811.3420,0.1067,0.5386,3.6878,3.9971,0.4772,6.0341,2.5138,1.8869,6.0341,2.4793

812.3430,0.1067,1.0942,3.6260,3.6885,-0.3255,6.1575,1.7730,1.6605,6.1575,2.3029

813.3420,0.1067,1.3412,3.2556,3.8119,0.2302,5.9723,2.2669,1.8354,5.9723,2.4264

814.3420,-0.0785,1.6499,3.1321,3.6885,-0.0167,5.7254,1.8964,1.7119,5.7254,2.2853

815.3420,-0.0785,0.9090,4.2434,3.4415,-0.2020,6.2193,2.6991,1.8354,6.2193,2.4617

816.3430,-0.4489,0.7238,3.5025,3.8737,0.2920,6.7749,2.2669,1.7017,6.7749,2.4264

817.3420,0.2302,1.4029,3.9347,4.2441,0.1067,5.7254,1.9582,1.9795,5.7254,2.5146

818.3420,-0.1402,1.1560,4.9843,3.8119,-0.1402,5.9723,2.2051,1.9795,5.9723,2.5499

819.3420,-0.1402,1.1560,3.6260,3.8119,0.1067,5.6636,2.0817,1.7737,5.6636,2.3294

820.3420,-0.2637,1.0942,4.0582,5.4788,0.6007,5.6636,2.6373,2.2676,5.6636,2.7527

821.3420,-0.4489,1.0325,3.6878,3.7502,0.0450,5.2315,1.8964,1.6605,5.2315,2.1706

822.3420,0.1684,1.0325,3.7495,3.8737,-0.1402,5.9106,1.8964,1.7634,5.9106,2.3558

823.3420,0.1067,0.9708,4.3669,3.5033,-0.0167,6.1575,2.0199,1.8251,6.1575,2.4440

824.3420,0.5388,0.8473,3.6878,3.7502,-0.0167,6.0341,1.9582,1.7942,6.0341,2.3999

825.3430,0.0450,0.8473,3.8730,3.6885,0.2302,5.9723,1.2790,1.6605,5.9723,2.2765

826.3420,-0.0785,1.0942,3.2556,3.8737,0.1067,6.0341,2.3286,1.7634,6.0341,2.3735

827.3420,-0.1402,1.3412,3.8730,4.0589,-0.0785,5.9723,2.3286,1.8972,5.9723,2.4793

828.3420,0.2302,1.0942,3.7495,3.9354,-0.0785,6.0341,2.0817,1.8354,6.0341,2.4352

829.3420,-0.0785,1.0942,3.6260,4.0589,0.3537,5.9106,2.1434,1.8663,5.9106,2.4440

830.3420,-0.0785,1.3412,3.8730,3.8119,-0.0167,6.0341,2.0199,1.8251,6.0341,2.4264

831.3420,0.1067,1.3412,3.6260,3.6267,0.0450,6.0341,2.4521,1.8663,6.0341,2.4617

832.3420,-0.2637,1.3412,3.9347,3.9971,0.3537,5.6636,2.5756,1.9898,5.6636,2.5146

833.3420,0.1067,0.8473,3.7495,3.6267,0.4155,5.5402,2.0199,1.7943,5.5402,2.3294

834.3420,0.4153,0.9090,3.6260,3.5650,0.0450,6.0341,2.2051,1.7943,6.0341,2.3999

835.3420,0.1067,0.8473,3.9965,3.2563,0.6624,6.1575,1.7112,1.7634,6.1575,2.3911

836.3420,-0.1402,1.0942,3.8730,3.6885,-0.1402,6.4045,2.2051,1.7634,6.4045,2.4264

837.3420,-0.3254,1.5264,4.6139,4.2441,-0.0785,6.1575,2.2669,2.0412,6.1575,2.6293

838.3420,-0.0785,1.4647,3.8112,4.3058,0.5389,6.5897,2.1434,2.0309,6.5897,2.6822

839.3420,-0.0785,0.9090,3.6878,4.0589,0.3537,5.4784,2.8225,1.9589,5.4784,2.4617

840.3420,0.1067,1.0942,4.4904,3.6267,-0.2020,5.9106,1.8964,1.8354,5.9106,2.4176

841.3420,-0.1402,1.2794,3.5025,3.9971,0.2302,5.8489,1.9582,1.8045,5.8489,2.3823

842.3420,0.4153,1.6499,3.8730,3.6885,-0.0785,5.9723,2.2669,1.9692,5.9723,2.5410

843.3420,-0.1402,1.1560,3.7495,3.7502,0.1067,6.0958,2.4521,1.8457,6.0958,2.4529

844.3420,0.1684,1.1560,3.6260,3.6885,0.1067,5.5402,2.2669,1.8354,5.5402,2.3647

845.3420,0.3536,1.0325,3.6260,3.7502,0.2920,5.8489,2.5756,1.9383,5.8489,2.4970

846.3420,-0.0168,2.3907,3.5025,3.8737,-0.1402,5.7254,1.7730,1.8971,5.7254,2.4440

847.3420,0.2302,0.9090,3.5025,3.8737,-0.0785,5.9723,2.2669,1.7840,5.9723,2.3823

848.3420,0.0450,1.4647,3.9347,3.9354,0.1685,5.7254,2.0199,1.9280,5.7254,2.4705

849.3420,-0.2019,0.7856,3.8112,3.7502,-0.0785,5.8489,1.6495,1.6193,5.8489,2.2236

850.3420,0.2919,1.0325,3.3791,3.8737,0.0450,5.9106,1.8347,1.7428,5.9106,2.3382

851.3420,0.1067,0.7238,3.6878,3.5033,0.4155,5.7254,1.8964,1.7222,5.7254,2.2941

852.3420,-0.1402,1.4647,4.9226,3.7502,-0.0785,5.9106,1.9582,1.9795,5.9106,2.5411

853.3420,0.7240,1.5881,3.4408,3.8119,-0.1402,5.9723,1.5260,1.8251,5.9723,2.4176

854.3420,0.2919,1.1560,3.5025,3.5033,0.2302,5.8489,1.7730,1.7428,5.8489,2.3294

855.3420,0.3536,1.0325,4.3669,3.9354,-0.0785,5.5402,1.8347,1.9074,5.5402,2.4264

856.3420,-0.4489,1.4029,3.6878,3.5650,0.1067,5.9106,3.0078,1.8869,5.9106,2.4617

857.3420,0.0450,1.0942,3.6260,3.7502,0.2920,6.2193,0.3529,1.5267,6.2193,2.1971

858.3420,-0.1402,1.0325,3.6260,4.1206,0.1067,6.1575,2.6991,1.9075,6.1575,2.5146

859.3420,-0.0785,0.8473,3.8730,3.2563,0.0450,5.5402,2.1434,1.6811,5.5402,2.2324

860.3420,-0.1402,1.1560,3.8112,3.7502,-0.5107,5.5402,2.3286,1.7325,5.5402,2.2765

861.3420,0.1684,1.1560,3.6878,4.2441,-0.0785,5.7254,1.9582,1.8560,5.7254,2.4088

862.3430,0.1684,1.2177,3.5025,3.7502,-0.3255,5.8489,2.0817,1.7325,5.8489,2.3206

863.3420,0.0450,0.9708,3.9347,3.5650,0.1067,5.6019,2.5138,1.8560,5.6019,2.3911

864.3420,-0.1402,0.7856,3.8112,3.5650,-0.0785,5.7871,3.1930,1.8560,5.7871,2.4176

865.3420,0.1684,1.2177,3.5025,3.6267,-0.0785,6.2193,1.8964,1.7222,6.2193,2.3647

866.3420,-0.0785,1.1560,3.7495,3.9354,0.7859,6.0341,2.2669,1.9692,6.0341,2.5499

867.3420,0.4771,0.9708,3.3791,3.6885,0.1067,5.8489,2.0199,1.7737,5.8489,2.3558

868.3420,0.1684,1.8968,3.8730,3.6885,0.1067,5.7254,1.8964,1.9383,5.7254,2.4793

869.3420,-0.2637,1.5881,3.6878,3.6885,-0.0785,5.9106,2.2669,1.8148,5.9106,2.4000

870.3420,-0.0785,1.2794,4.0582,3.5650,-0.4489,5.9106,1.8347,1.7016,5.9106,2.3029

871.3420,-0.2019,1.2177,3.5643,3.8119,0.1685,5.7254,2.4521,1.8354,5.7254,2.3911

872.3420,0.2302,0.9708,3.5643,3.7502,0.2302,5.8489,2.5138,1.8766,5.8489,2.4440

873.3420,0.7857,1.4029,3.7495,4.4910,-0.4489,5.8489,2.1434,2.0206,5.8489,2.5675

874.3420,0.1067,1.2794,4.2434,3.5650,0.4772,6.0341,2.3904,2.0104,6.0341,2.5852

875.3420,-0.1402,1.2794,3.9347,3.9971,0.2920,6.1575,2.4521,1.9692,6.1575,2.5675

876.3420,0.0450,1.1560,3.5643,3.6267,0.1685,5.6019,2.5138,1.8457,5.6019,2.3823

877.3420,-0.3254,1.5881,2.6382,3.3798,0.1067,5.7871,2.0199,1.5679,5.7871,2.1706

878.3420,0.0450,0.7238,3.8112,3.9354,0.4155,5.8489,2.3286,1.8766,5.8489,2.4441

879.3420,0.1067,1.5881,4.1817,3.7502,-0.2637,5.6636,1.7730,1.8560,5.6636,2.3999

880.3420,0.1684,0.9090,3.8730,3.8737,0.1067,5.8489,2.3286,1.8766,5.8489,2.4440

881.3420,-0.2637,1.2177,3.9347,4.3058,0.1685,5.7254,1.7112,1.8457,5.7254,2.3999

882.3420,-0.0785,0.9090,3.9347,4.1206,-0.0167,5.8489,3.1313,2.0001,5.8489,2.5499

883.3420,0.3536,0.8473,3.8730,3.8737,-0.0785,5.5402,1.8964,1.7942,5.5402,2.3294

884.3420,-0.7575,1.6499,3.8730,3.9971,0.1067,6.4045,2.5756,1.9075,6.4045,2.5499

885.3420,0.4771,0.6621,3.6260,3.6885,0.0450,6.3427,1.7730,1.7119,6.3427,2.3735

886.3420,0.9092,1.3412,3.6878,3.8119,0.0450,5.6636,2.1434,1.9897,5.6636,2.5146

887.3420,0.6622,1.0942,4.7991,3.6885,0.0450,5.7871,1.4643,1.9589,5.7871,2.5058

888.3430,-0.0785,1.0942,4.1817,3.8737,0.2302,6.2193,2.3286,1.9383,6.2193,2.5499

889.3420,-0.0168,1.3412,3.6878,3.8737,0.3537,7.0218,2.1434,1.8972,7.0218,2.6293

890.3420,-0.2637,1.0942,3.8730,4.0589,0.1067,5.6019,2.7608,1.9383,5.6019,2.4617

891.3420,0.1067,1.0942,3.8112,3.8119,0.6624,6.0341,1.8964,1.8972,6.0341,2.4881

892.3420,-0.0168,1.2177,3.6260,3.9971,0.3537,5.8489,1.7730,1.8251,5.8489,2.3999

893.3420,-0.0785,1.2177,4.3052,3.6267,-0.0785,5.9106,2.2051,1.8663,5.9106,2.4440

894.3420,-0.0785,0.9708,3.8112,3.8119,-0.3255,5.9106,2.3286,1.7531,5.9106,2.3470

895.3420,0.3536,1.0325,3.8112,3.0094,-0.0167,5.7871,1.7730,1.6605,5.7871,2.2500

896.3420,-0.0785,0.9708,3.8112,3.6885,0.3537,5.8489,2.6373,1.8972,5.8489,2.4617

897.3420,0.2302,0.9708,3.5643,3.6267,0.1067,5.6636,1.8964,1.7325,5.6636,2.2941

898.3420,-0.0785,0.9708,3.8730,4.1206,0.1685,6.1575,2.3286,1.8972,6.1575,2.5058

899.3420,-0.8192,0.4151,4.2434,3.3180,-0.0785,6.0341,2.1434,1.5370,6.0341,2.1795

900.3420,0.1067,1.5264,3.6260,3.7502,0.1685,5.7254,2.2669,1.9074,5.7254,2.4529

901.3420,-0.1402,1.3412,3.8730,3.5650,0.9711,6.2193,2.5756,2.0309,6.2193,2.6293

902.3420,-0.1402,1.3412,3.6260,3.5650,0.2920,6.0341,1.9582,1.7737,6.0341,2.3823

903.3420,0.0450,0.8473,3.8730,3.9971,-0.0785,6.2810,2.2051,1.8148,6.2810,2.4529

904.3420,0.7857,1.2177,3.5643,3.5650,-0.0167,5.7871,1.8347,1.8251,5.7871,2.3911

905.3420,0.1684,0.3534,4.1817,3.9971,-0.2020,5.8489,2.5756,1.8457,5.8489,2.4176

906.3420,0.0450,1.5881,3.9965,3.6267,-0.0785,5.9106,2.5756,1.9589,5.9106,2.5234

907.3420,-0.0168,1.4029,4.9226,4.1823,-0.0167,5.7871,1.8964,2.0618,5.7871,2.5940

908.3420,0.1067,0.9708,3.8730,3.8119,0.0450,6.2810,2.1434,1.8251,6.2810,2.4617

909.3420,-0.0785,1.2794,4.6756,3.8119,-0.0785,5.7871,2.5138,2.0206,5.7871,2.5587

910.3430,0.1684,0.8473,3.5025,3.9971,-0.9429,5.4167,2.1434,1.6193,5.4167,2.1618

911.3430,0.1067,1.1560,3.9965,3.6267,-0.2020,5.9723,1.7730,1.7428,5.9723,2.3470

912.3420,0.2919,1.0325,4.9843,3.9971,0.0450,5.3550,2.4521,2.1338,5.3550,2.5940

913.3420,0.1067,0.2917,4.1199,3.5650,0.0450,5.7254,1.5260,1.6090,5.7254,2.1971

914.3420,1.0943,0.4151,3.8112,3.6267,0.7242,6.0341,1.5877,1.8766,6.0341,2.4705

915.3420,-0.2019,0.9708,3.5643,3.8737,-0.6959,5.9723,2.3286,1.6399,5.9723,2.2588

916.3420,-0.2637,1.2794,4.0582,3.9354,0.0450,5.4784,2.5138,1.9280,5.4784,2.4352

917.3430,-0.5106,1.1560,3.8730,3.6267,0.1067,5.6019,2.4521,1.7840,5.6019,2.3294

918.3420,-0.0785,1.0942,3.8112,4.0589,0.2920,5.7871,1.5260,1.7840,5.7871,2.3558

919.3420,-0.0785,0.9708,3.8112,3.7502,0.2302,5.9723,2.8225,1.9177,5.9723,2.4970

920.3420,-0.1402,1.1560,5.0460,3.8737,0.1685,6.5897,2.2051,2.0515,6.5897,2.6998

921.3420,-0.0785,1.3412,4.7991,3.6885,-0.0785,5.7254,1.9582,1.9383,5.7254,2.4793

922.3420,0.0450,0.9708,3.9347,3.5650,0.1685,5.6019,2.0199,1.7840,5.6019,2.3294

923.3420,0.2919,1.3412,3.3791,3.6885,-0.0785,5.7871,1.4643,1.6811,5.7871,2.2676

924.3420,0.1684,0.7856,3.9347,3.9354,-0.2637,5.7254,2.1434,1.7840,5.7254,2.3470

925.3420,0.1067,0.5386,3.8730,3.8119,-0.2020,6.0958,2.3286,1.7428,6.0958,2.3647

926.3420,0.4153,1.0942,3.2556,3.6885,0.2302,5.6019,1.9582,1.7737,5.6019,2.3206

927.3420,-0.1402,1.0325,3.8112,3.8119,-0.5724,6.0341,2.5138,1.7428,6.0341,2.3558

928.3420,0.1684,0.8473,3.4408,3.1946,-0.2020,5.9106,1.7730,1.5370,5.9106,2.1618

929.3420,-0.0785,1.3412,3.5643,3.9971,0.1067,5.6019,2.2051,1.8560,5.6019,2.3911

930.3420,-0.0785,1.6499,3.8730,3.9354,-0.2637,5.7871,2.2669,1.8972,5.7871,2.4529

931.3420,0.1684,1.1560,3.5025,3.2563,-0.0785,5.2932,2.0199,1.6708,5.2932,2.1883

932.3420,-0.0785,0.5386,3.9347,4.3058,0.2920,5.6636,2.6373,1.9383,5.6636,2.4705

933.3420,-0.0168,1.2177,3.4408,4.3058,-0.0785,7.0218,2.0817,1.8251,7.0218,2.5675

934.3420,-0.2637,0.9708,3.4408,3.5033,-0.1402,6.5897,2.4521,1.6605,6.5897,2.3647

935.3430,0.2302,1.3412,4.1817,3.7502,-0.7577,7.0218,1.9582,1.7840,7.0218,2.5322

936.3420,-0.0785,1.2794,3.6878,4.3675,-0.0785,6.5897,2.9460,2.0206,6.5897,2.6734

937.3430,-0.2019,0.7238,3.5025,3.9354,-0.0785,6.2810,2.2051,1.6811,6.2810,2.3382

938.3420,-0.0168,0.6003,3.7495,3.4415,0.2302,5.8489,2.0817,1.6811,5.8489,2.2765

939.3420,-0.0168,0.7238,4.0582,3.5650,-0.0785,6.2810,1.8964,1.6914,6.2810,2.3470

940.3420,-0.0785,1.0942,3.5643,3.5650,-0.1402,6.6514,1.8347,1.6399,6.6514,2.3558

941.3420,-0.0785,0.9708,3.6260,3.7502,-0.0785,6.4662,1.9582,1.6914,6.4662,2.3735

942.3420,-0.2019,1.1560,3.5643,3.8119,-0.1402,6.5279,2.3904,1.7634,6.5279,2.4440

943.3420,0.0450,1.0942,4.1199,3.8737,-0.0785,6.1575,2.3904,1.9074,6.1575,2.5146

944.3420,-0.1402,1.1560,3.6260,3.9354,0.2920,6.2810,2.0199,1.8148,6.2810,2.4529

945.3420,-0.2637,1.2177,3.8730,3.8119,-0.0167,6.3427,2.2669,1.8148,6.3427,2.4617

946.3420,0.1067,1.4029,4.1817,3.9971,0.1067,5.8489,2.6991,2.0824,5.8489,2.6204

947.3420,0.1067,1.2177,3.8112,3.5033,0.3537,6.1575,1.8964,1.8148,6.1575,2.4352

948.3420,0.2302,1.4647,3.9347,3.8737,0.1067,6.0341,2.0817,1.9486,6.0341,2.5322

949.3420,-1.4365,0.6003,3.8730,3.8737,-0.0785,5.9723,2.7608,1.5988,5.9723,2.2236

950.3420,0.4153,0.9708,3.6260,3.8119,-0.0167,6.2193,1.7730,1.7634,6.2193,2.3999

951.3420,-0.3254,0.6621,3.6878,3.8119,-0.2020,6.4662,2.5756,1.7017,6.4662,2.3823

952.3420,0.1684,1.2794,4.2434,3.5033,0.2920,6.2193,2.3286,1.9692,6.2193,2.5763

953.3420,-0.2637,1.2177,3.5643,3.8119,0.0450,6.0958,2.3904,1.7943,6.0958,2.4088

954.3420,-0.6958,1.7733,4.3052,4.3058,-0.1402,6.0958,2.2051,1.9589,6.0958,2.5499

955.3420,0.1067,1.2177,3.5643,4.1206,0.9711,6.4045,2.2051,2.0309,6.4045,2.6557

956.3420,-0.5106,1.7116,3.6878,3.9354,0.4155,5.5402,2.6991,1.9898,5.5402,2.4970

957.3420,0.3536,0.9708,3.9347,3.6885,0.2302,6.3427,2.0817,1.8766,6.3427,2.5146

958.3420,-0.3871,1.5264,3.8730,3.6267,0.1067,6.0958,2.3286,1.8457,6.0958,2.4529

959.3430,-0.0785,1.0325,3.8730,4.4293,-0.0785,6.5279,1.8347,1.8354,6.5279,2.5058

960.3420,-0.2637,0.7856,3.5643,3.4415,-0.3872,6.3427,2.8843,1.6708,6.3427,2.3382

961.3420,-0.0168,1.7116,3.3173,3.6267,0.2302,6.5279,2.2669,1.8560,6.5279,2.5234

962.3420,0.1684,0.7238,3.7495,3.9354,0.0450,6.4662,2.5138,1.8560,6.4662,2.5146

963.3420,0.6622,0.7238,3.9965,3.9354,-0.0167,6.0958,2.5138,1.9692,6.0958,2.5587

964.3420,0.0450,1.2177,4.0582,3.5033,-0.0167,6.5279,2.1434,1.8251,6.5279,2.4970

965.3420,0.1684,0.8473,3.7495,4.1206,-0.5107,6.1575,2.0199,1.7325,6.1575,2.3647

966.3430,0.2919,1.1560,3.9965,3.9971,-0.0785,6.0341,1.9582,1.8869,6.0341,2.4793

967.3420,0.0450,1.2177,3.1321,3.6885,-0.1402,6.2193,2.3286,1.7119,6.2193,2.3558

968.3420,0.1684,0.9090,4.1199,3.9971,-0.2020,6.4045,2.5756,1.9280,6.4045,2.5675

969.3420,0.1067,0.9708,3.8112,3.2563,-0.0167,6.3427,2.0199,1.6914,6.3427,2.3558

970.3420,0.2919,1.2177,3.3791,3.6267,0.0450,6.2810,1.8347,1.7325,6.2810,2.3823

971.3420,-0.2019,1.1560,3.8730,4.2441,-0.4489,6.4045,2.0817,1.7840,6.4045,2.4440

972.3420,0.1684,0.9090,3.9347,3.7502,0.6624,6.4045,2.1434,1.9280,6.4045,2.5675

973.3420,-0.0168,1.0942,3.0086,3.6267,0.1685,6.0341,1.7112,1.5988,6.0341,2.2324

974.3420,0.1684,0.9708,3.1321,3.6267,0.2920,5.8489,2.5756,1.7943,5.8489,2.3735

975.3420,1.0326,1.2794,3.5643,3.6885,0.2302,5.1698,2.5138,2.0515,5.1698,2.4969

976.3420,0.4153,1.0942,3.6878,3.9354,-0.2020,6.2810,2.0199,1.8251,6.2810,2.4617

977.3420,-0.0785,1.4647,3.5025,3.4415,0.1685,6.1575,2.2669,1.7943,6.1575,2.4176

978.3430,0.4153,0.9708,3.7495,3.7502,-0.5724,6.2810,2.0199,1.7222,6.2810,2.3735

979.3420,0.1067,0.8473,3.8730,3.8737,0.4155,4.7376,2.0199,1.8560,4.7376,2.2677

980.3420,0.2919,1.2177,3.9347,3.6267,-0.0167,6.5897,2.3286,1.8972,6.5897,2.5675

981.3430,0.0450,1.1560,3.3173,3.6267,0.2302,6.8984,2.0199,1.7325,6.8984,2.4705

982.3420,0.4771,0.7856,3.5643,3.6885,0.1685,6.3427,1.5260,1.7016,6.3427,2.3647

983.3420,0.1684,0.4151,4.1199,3.4415,-0.0785,6.2193,2.0199,1.6811,6.2193,2.3294

984.3420,-0.3254,1.0325,3.9965,3.6885,-0.1402,6.4662,2.5756,1.8046,6.4662,2.4705

985.3420,0.0450,0.9708,3.8112,3.6885,-0.2020,5.9106,1.8347,1.6914,5.9106,2.2941

986.3420,-0.3254,1.5881,3.6260,3.8119,-0.0785,6.2193,2.3904,1.8354,6.2193,2.4617

987.3420,0.0450,1.4029,3.2556,3.9971,-0.0785,6.2193,1.7730,1.7325,6.2193,2.3735

988.3420,-0.0785,0.9708,3.8730,3.6267,-0.2020,6.4045,2.1434,1.7222,6.4045,2.3911

989.3420,-0.0168,0.8473,3.7495,3.6267,0.3537,6.2193,1.8964,1.7428,6.2193,2.3823

990.3420,-0.0168,0.6003,3.7495,3.9971,-0.2020,6.2810,2.2051,1.7222,6.2810,2.3735

991.3430,-0.0785,1.5881,3.9347,3.7502,-0.3255,6.2193,2.3286,1.8663,6.2193,2.4881

992.3420,0.1684,0.7856,3.8730,3.8737,-0.5107,6.4045,2.0199,1.7016,6.4045,2.3735

993.3420,0.4771,0.9090,3.7495,4.1206,0.0450,5.9723,1.4025,1.7839,5.9723,2.3823

994.3420,-0.0785,0.8473,3.5643,3.0711,0.1067,6.2193,1.5877,1.5164,6.2193,2.1883

995.3420,0.0450,0.4769,3.3173,3.8737,0.1067,6.0341,2.0199,1.6399,6.0341,2.2676

996.3420,-0.2019,1.3412,3.6260,3.9354,0.1067,6.7749,2.6991,1.9177,6.7749,2.6116

997.3420,0.5388,1.2794,3.8730,3.8737,-0.0167,6.3427,2.6373,2.0309,6.3427,2.6469

998.3420,-0.0785,0.5386,3.4408,3.6885,0.1685,5.9106,1.9582,1.6193,5.9106,2.2324

999.3420,0.5388,0.9708,3.4408,3.5033,-0.0785,6.0341,1.6495,1.6708,6.0341,2.2941

1000.3430,-0.0168,0.9090,3.9965,3.8737,-0.1402,6.2810,1.8964,1.7531,6.2810,2.3999

1001.3420,0.1684,1.2177,4.1199,4.2441,0.1067,5.9106,1.8347,1.9486,5.9106,2.5146

1002.3420,-0.0785,1.3412,3.6878,3.1328,0.1685,6.2810,2.1434,1.7325,6.2810,2.3823

1003.3420,0.0450,0.6621,3.5643,3.8119,0.1685,6.4045,1.5877,1.6399,6.4045,2.3206

1004.3420,-0.0785,1.0325,4.3052,4.6145,0.3537,5.9106,2.4521,2.1132,5.9106,2.6557

1005.3420,-0.3254,0.7238,3.5025,3.8119,-0.1402,6.2810,2.0199,1.5988,6.2810,2.2677

1006.3420,0.2302,1.0942,3.3791,3.5650,0.0450,6.1575,2.1434,1.7428,6.1575,2.3735

1007.3420,0.4771,0.9708,3.5025,3.7502,-0.0167,6.5897,1.8964,1.7634,6.5897,2.4528

1008.3420,-0.2019,1.4647,4.0582,3.6267,0.6007,6.7749,1.8964,1.9075,6.7749,2.6028

1009.3420,-0.0785,1.0942,3.4408,3.8119,0.2920,6.5897,2.3286,1.8148,6.5897,2.4970

1010.3420,2.0820,1.0942,3.8730,3.9971,0.1685,6.7749,2.0199,2.2058,6.7749,2.8585

1011.3420,0.0450,1.4029,3.8730,3.8737,-0.5107,6.7749,2.2051,1.8148,6.7749,2.5234

1012.3420,0.2302,1.0325,3.5643,3.3180,0.6007,5.7871,2.0817,1.8046,5.7871,2.3735

1013.3420,-0.0785,1.2177,3.5025,3.6885,0.1685,5.6636,2.3904,1.8148,5.6636,2.3647

1014.3420,0.0450,0.7856,3.6260,3.6267,0.6007,5.7871,1.7730,1.7428,5.7871,2.3206

1015.3430,0.2302,1.8351,3.9347,3.6267,-0.0167,6.2193,2.2051,1.9692,6.2193,2.5763

1016.3420,-0.0785,0.9090,3.7495,3.8737,0.1067,6.5279,3.0078,1.9280,6.5279,2.5852

1017.3420,0.2919,1.1560,4.2434,3.8737,-0.0167,6.5279,1.8964,1.9074,6.5279,2.5675

1018.3420,0.2302,1.2794,3.3173,3.7502,0.1685,6.5279,2.2669,1.8354,6.5279,2.5058

1019.3420,0.0450,1.0325,3.5025,3.9971,0.1685,6.0341,1.8347,1.7634,6.0341,2.3735

1020.3420,-0.2637,1.2794,3.9347,3.9354,0.3537,6.2810,2.0199,1.8766,6.2810,2.5058

1021.3430,0.1684,1.2177,3.6260,3.8119,0.4155,5.9723,1.8964,1.8560,5.9723,2.4440

1022.3420,0.0450,0.9708,3.8730,3.8119,0.1067,6.1575,2.0199,1.8045,6.1575,2.4264

1023.3420,-0.2019,1.6499,3.5643,3.9354,-0.2637,6.0958,2.8225,1.9177,6.0958,2.5146

1024.3420,0.3536,1.0325,3.4408,3.7502,-0.0785,6.2810,2.3904,1.8148,6.2810,2.4529

1025.3420,-0.0785,1.0942,3.8112,3.5033,-0.1402,5.9723,2.2051,1.7325,5.9723,2.3382

1026.3420,0.2919,0.6003,3.8112,3.6885,0.2302,6.0958,1.6495,1.7119,6.0958,2.3382

1027.3420,0.3536,1.4029,3.6260,4.1823,0.2302,6.0958,1.6495,1.9074,6.0958,2.5058

1028.3420,0.0450,0.6621,3.3173,3.3798,0.2302,6.0958,2.0817,1.6193,6.0958,2.2588

1029.3430,-0.0785,1.0942,4.0582,3.4415,0.1067,6.0341,2.3286,1.8251,6.0341,2.4264

1030.3420,0.0450,1.2177,3.5025,3.8737,-0.0785,6.0958,2.1434,1.7840,6.0958,2.3999

1031.3420,-0.5106,1.0325,3.6878,3.6885,-0.1402,6.2810,2.6373,1.7325,6.2810,2.3823

1032.3430,-0.2019,0.9090,3.6260,3.8737,-0.2020,6.1575,2.0817,1.6811,6.1575,2.3206

1033.3420,-0.0785,0.9708,3.6260,3.1946,0.0450,6.5279,1.5260,1.5473,6.5279,2.2588

1034.3420,0.1684,1.1560,3.8112,3.6267,0.4155,6.2193,2.8225,2.0001,6.2193,2.6028

1035.3420,-0.2019,1.2794,4.6139,3.7502,-0.0785,6.4662,1.9582,1.8869,6.4662,2.5411

1036.3420,0.0450,0.7856,3.3791,3.6885,0.1067,5.7871,2.3286,1.7222,5.7871,2.3029

1037.3420,0.1067,1.8968,4.0582,3.6267,0.0450,5.9723,2.2669,2.0001,5.9723,2.5675

1038.3420,0.0450,0.9090,3.6260,3.6885,0.2920,6.2193,2.2669,1.8046,6.2193,2.4352

1039.3420,0.8474,1.0942,3.5025,3.3798,-0.0785,6.2193,1.7112,1.7428,6.2193,2.3823

1040.3420,-0.0168,0.9090,4.1199,3.3798,0.1685,6.2193,2.5138,1.8457,6.2193,2.4705

1041.3420,1.3412,0.6003,3.8112,4.3675,-0.2020,6.0958,1.7730,1.9486,6.0958,2.5410

1042.3420,0.1067,0.8473,3.5025,3.5650,0.2302,6.1575,2.2669,1.7531,6.1575,2.3823

1043.3420,-0.0785,1.4029,3.3791,3.9354,0.1067,5.9723,1.7112,1.7428,5.9723,2.3470

1044.3420,-0.0168,1.5264,4.0582,3.7502,-0.1402,6.2193,1.8347,1.8354,6.2193,2.4617

1045.3420,0.2919,0.8473,3.5025,3.7502,-0.0167,6.2193,2.3286,1.7840,6.2193,2.4176

1046.3420,-0.2019,0.8473,3.8730,3.5033,0.1685,6.2810,2.7608,1.8251,6.2810,2.4617

1047.3420,-0.2019,0.7856,3.8730,3.5650,0.0450,6.2810,2.2669,1.7222,6.2810,2.3735

1048.3420,-0.2019,1.4029,3.6878,3.8737,-0.0785,6.4045,2.3904,1.8457,6.4045,2.4970

1049.3420,0.1067,1.4029,3.8730,3.4415,0.0450,6.3427,1.8347,1.7840,6.3427,2.4352

1050.3420,0.0450,1.4029,3.6878,3.8119,-0.0167,6.1575,2.2051,1.8560,6.1575,2.4705

1051.3420,-0.0168,1.2794,4.0582,3.6267,0.4772,6.1575,1.4643,1.8148,6.1575,2.4352

1052.3420,0.2302,0.9708,3.8112,3.4415,-0.0167,6.3427,2.4521,1.8148,6.3427,2.4617

1053.3420,0.2919,1.2177,3.6878,3.5650,-0.0167,5.9106,2.0817,1.8045,5.9106,2.3911

1054.3420,-0.2637,1.2177,3.5025,3.6885,-0.5107,6.0341,2.2051,1.6399,6.0341,2.2676

1055.3420,-0.0785,1.4029,3.8112,4.1206,0.1685,6.5279,2.6373,2.0103,6.5279,2.6557

1056.3420,0.0450,0.1682,3.6260,3.9354,-0.2020,6.7132,2.8843,1.7428,6.7132,2.4529

1057.3420,-0.0785,0.7856,3.8730,3.8119,0.3537,6.9601,2.3904,1.8560,6.9601,2.5852

1058.3420,0.1067,1.4029,4.1199,3.8119,-0.2637,6.0958,2.0817,1.8766,6.0958,2.4793

1059.3420,-0.0785,0.8473,3.7495,3.4415,-0.4489,6.3427,2.0199,1.5885,6.3427,2.2676

1060.3420,-0.5106,1.2794,3.8730,3.6885,0.2302,6.4045,1.9582,1.7531,6.4045,2.4176

1061.3420,-0.4489,1.0942,3.6878,3.1946,-0.1402,5.9723,1.8964,1.5473,5.9723,2.1795

1062.3420,0.0450,0.3534,3.9965,3.5650,-0.0167,6.3427,2.1434,1.6811,6.3427,2.3470

1063.3420,0.1067,0.9708,3.8112,3.9354,-0.0167,6.0341,1.8347,1.7737,6.0341,2.3823

1064.3420,0.2302,0.9708,4.1817,4.1206,-0.0167,6.0341,2.1434,1.9383,6.0341,2.5234

1065.3420,-0.1402,0.9090,4.0582,3.5650,-0.0785,6.0958,2.2051,1.7531,6.0958,2.3735

1066.3420,0.1684,0.6621,3.8112,4.7379,-0.8811,6.4662,1.4643,1.6605,6.4662,2.3470

1067.3420,0.2919,1.2177,4.1199,3.9354,-0.2020,6.2810,2.3904,1.9589,6.2810,2.5763

1068.3420,0.1067,1.2177,3.9347,3.6885,-0.0167,6.2193,2.2669,1.8663,6.2193,2.4881

1069.3420,-0.0168,0.6621,3.6260,3.9354,0.0450,6.0958,2.5756,1.8046,6.0958,2.4176

1070.3420,-0.8192,1.2794,4.0582,3.9354,-0.0785,6.5279,3.4400,1.9692,6.5279,2.6205

1071.3420,0.4153,0.2299,3.7495,3.8737,-0.2020,6.3427,1.5877,1.6090,6.3427,2.2853

1072.3430,-0.0168,0.9708,3.5643,3.5650,0.2920,6.4045,1.6495,1.6708,6.4045,2.3470

1073.3430,-0.2019,1.8351,2.8234,3.5650,0.1685,6.1575,2.0199,1.7017,6.1575,2.3382

1074.3420,-0.0168,1.0325,3.6878,3.5650,-0.0167,6.0958,2.3286,1.7634,6.0958,2.3823

1075.3420,-0.1402,1.0325,3.5025,3.8737,0.3537,5.9723,2.5138,1.8560,5.9723,2.4441

1076.3430,0.1067,0.7238,3.9347,3.3798,-0.0785,5.9723,2.0817,1.6914,5.9723,2.3029

1077.3420,0.2302,1.3412,3.6260,3.1946,0.1067,6.4045,2.0817,1.7634,6.4045,2.4264

1078.3420,0.4153,1.3412,3.9965,3.7502,-0.0167,6.2193,1.5877,1.8457,6.2193,2.4705

1079.3420,-0.0785,1.0942,3.6878,3.3798,-0.2020,6.0958,2.3904,1.7119,6.0958,2.3382

1080.3420,-0.0168,1.0942,4.0582,3.7502,-0.0785,6.2193,1.9582,1.7943,6.2193,2.4264

1081.3420,-0.0785,0.9708,3.9965,3.7502,0.2920,6.4662,2.3904,1.8869,6.4662,2.5411

1082.3420,-0.0168,1.8968,3.6878,3.8119,-0.1402,6.4662,2.0817,1.8869,6.4662,2.5411

1083.3420,0.4771,1.2794,3.4408,3.6885,-0.0167,6.3427,0.8468,1.6193,6.3427,2.2941

1084.3420,0.1067,0.7856,3.8112,3.8737,0.0450,6.3427,1.8964,1.7531,6.3427,2.4088

1085.3420,-0.3871,1.2794,3.5643,3.2563,0.1067,6.3427,2.2051,1.6708,6.3427,2.3382

1086.3420,-1.4365,0.6621,4.0582,3.4415,0.3537,6.1575,2.7608,1.6400,6.1575,2.2853

1087.3420,-0.2019,1.0325,3.5025,4.1206,-0.0167,6.0341,3.8104,2.0412,6.0341,2.6116

1088.3420,0.3536,1.0325,3.9347,3.9354,-0.0785,5.8489,1.8964,1.8457,5.8489,2.4176

1089.3420,0.2302,-0.8196,4.3052,2.8242,0.0450,6.0958,2.2051,1.4650,6.0958,2.1265

1090.3420,-0.2019,1.0325,3.4408,3.6885,-0.1402,6.5279,2.3286,1.6914,6.5279,2.3823

1091.3420,-0.2637,1.1560,3.9347,3.9354,0.1067,5.9723,1.9582,1.8046,5.9723,2.4000

1092.3420,0.0450,0.9708,3.5643,3.5033,-0.6959,6.2193,1.7730,1.5267,6.2193,2.1971

1093.3420,-0.0168,0.8473,3.9347,3.9971,-0.2020,6.5279,1.8347,1.7325,6.5279,2.4176

1094.3420,-0.0785,0.7238,3.4408,3.5650,0.0450,6.1575,1.9582,1.6090,6.1575,2.2588

1095.3420,0.4771,1.4029,3.8730,3.8119,0.0450,6.2810,2.1434,1.9589,6.2810,2.5763

1096.3420,0.1067,1.5264,3.5025,3.5650,0.1685,6.0958,2.1434,1.8354,6.0958,2.4440

1097.3420,-0.0168,0.7856,4.4286,3.8119,-0.7577,6.3427,1.8964,1.6914,6.3427,2.3558

1098.3420,-0.4489,0.6003,3.8730,3.1946,0.0450,6.5279,2.4521,1.6194,6.5279,2.3206

1099.3420,-0.0785,0.8473,3.8112,4.0589,-0.0167,6.1575,2.6991,1.8869,6.1575,2.4970

1100.3430,0.2919,1.0942,3.3791,3.5650,-0.0785,6.0958,1.4643,1.6193,6.0958,2.2588

1101.3420,-0.0785,1.5881,3.8730,3.3180,0.0450,6.5279,1.7112,1.7428,6.5279,2.4264

1102.3420,-0.2637,1.7733,3.5643,3.8119,0.0450,6.1575,2.2669,1.8663,6.1575,2.4793

1103.3420,-0.2637,0.9708,4.0582,3.8119,-0.2637,6.5279,3.0695,1.8972,6.5279,2.5587

1104.3420,0.3536,0.9090,3.8112,3.1946,-0.0167,6.2810,1.2790,1.5885,6.2810,2.2588

1105.3420,-0.0168,0.6003,4.0582,3.8737,-0.1402,6.7749,2.0817,1.7428,6.7749,2.4617

1106.3420,0.1067,1.3412,3.8730,3.8119,-0.0167,6.5279,2.0199,1.8560,6.5279,2.5234

1107.3420,-0.2019,0.9090,3.6260,3.3180,0.1067,6.2193,2.5756,1.7222,6.2193,2.3647

1108.3420,-0.0785,1.0325,3.7495,4.1823,-0.0167,6.0958,2.5756,1.9074,6.0958,2.5058

1109.3430,-0.2019,1.0325,2.3295,3.9354,-0.0785,5.9723,2.0817,1.5164,5.9723,2.1530

1110.3420,-0.1402,1.0325,3.7495,3.7502,0.0450,6.3427,2.1434,1.7634,6.3427,2.4176

1111.3420,0.4771,1.1560,3.5025,3.7502,0.1067,6.2193,2.2669,1.8766,6.2193,2.4970

1112.3420,-0.0785,1.0942,3.5025,3.9971,-0.1402,6.3427,2.3904,1.7943,6.3427,2.4440

1113.3420,-0.2637,0.9090,3.7495,3.6267,-0.0785,6.2810,2.6991,1.7737,6.2810,2.4176

1114.3420,0.3536,1.0325,3.7495,3.0711,0.2302,6.4045,2.3904,1.8046,6.4045,2.4617

1115.3430,0.3536,0.8473,3.6260,3.8119,0.2920,6.4045,1.8964,1.8045,6.4045,2.4617

1116.3420,0.1067,1.0325,3.9347,3.4415,-0.1402,6.2810,1.7730,1.6914,6.2810,2.3470

1117.3420,0.0450,0.9708,3.8112,3.1946,0.1685,6.4045,2.3904,1.7634,6.4045,2.4264

1118.3420,0.1067,0.4769,3.9965,3.8737,-0.0785,6.4045,1.8964,1.7119,6.4045,2.3823

1119.3420,-0.2019,1.2177,3.6878,3.3798,-0.2637,6.0958,1.1555,1.4959,6.0958,2.1530

1120.3420,-0.0785,0.6621,3.8112,3.5033,0.2302,6.0958,2.5138,1.7737,6.0958,2.3911

1121.3420,0.1067,1.2794,4.0582,3.3798,0.0450,6.3427,1.8347,1.7840,6.3427,2.4352

1122.3430,-0.1402,1.0942,3.1321,3.8737,-0.0785,7.2070,1.8347,1.6193,7.2070,2.4176

1123.3420,-0.1402,0.4769,3.3173,3.8737,0.0450,6.5279,2.3904,1.6605,6.5279,2.3558

1124.3420,0.2919,1.1560,3.7495,3.5650,0.2920,6.3427,2.0199,1.8457,6.3427,2.4881

1125.3420,-0.0785,-0.0788,4.1199,3.1946,0.0450,5.9723,2.2051,1.5679,5.9723,2.1971

1126.3420,-0.0168,1.1560,3.8112,3.7502,0.0450,6.5897,2.2051,1.8251,6.5897,2.5058

1127.3420,-0.0168,1.0325,3.9965,3.7502,0.4155,6.0341,2.1434,1.8869,6.0341,2.4793

1128.3420,-0.0168,1.0942,3.8730,3.4415,0.0450,5.7254,2.0199,1.7428,5.7254,2.3118

1129.3420,-0.0168,0.9708,4.3052,3.3798,-0.2020,5.9723,2.2051,1.7737,5.9723,2.3735

1130.3420,0.1067,0.9090,3.6878,2.8859,0.5389,5.4167,2.6991,1.8046,5.4167,2.3206

1131.3420,0.6005,1.5264,3.4408,3.6267,-0.0167,5.9106,1.4643,1.7737,5.9106,2.3646

1132.3430,1.0326,0.4769,3.8730,3.6885,-0.0167,5.6636,1.5260,1.7634,5.6636,2.3205

1133.3420,0.3536,1.0325,3.6260,3.9354,-0.0785,6.0341,1.8964,1.7942,6.0341,2.3999

1134.3420,-0.0785,1.2177,3.4408,3.7502,-0.0167,6.2193,1.8347,1.6914,6.2193,2.3382

1135.3420,-0.0785,0.9708,3.6260,3.9354,-0.0785,5.7871,2.0199,1.7325,5.7871,2.3117

1136.3420,0.1684,0.8473,3.8730,3.8737,-0.0167,5.9106,1.8964,1.7737,5.9106,2.3647

1137.3420,0.1067,0.8473,3.8730,3.3798,-0.0785,6.0958,1.9582,1.6811,6.0958,2.3117

1138.3420,0.4153,1.7116,3.9965,3.9354,-0.0167,6.4045,2.0817,2.0206,6.4045,2.6469

1139.3420,0.1684,1.0325,3.4408,3.7502,0.9711,6.0341,2.3286,1.9486,6.0341,2.5322

1140.3420,-0.0168,0.9708,3.6878,3.4415,-0.6959,6.0958,2.4521,1.6399,6.0958,2.2765

1141.3420,0.0450,1.4647,3.7495,3.9971,0.2302,6.1575,2.6373,2.0206,6.1575,2.6116

1142.3420,-0.1402,0.6621,3.8730,3.8119,-0.2637,5.8489,1.4643,1.5679,5.8489,2.1795

1143.3420,-0.0168,1.0942,3.9965,3.9971,0.0450,6.0958,2.5756,1.9486,6.0958,2.5411

1144.3430,-0.0168,0.9090,3.8112,4.0589,-0.3255,6.3427,2.2669,1.7840,6.3427,2.4352

1145.3430,0.0450,0.8473,3.7495,4.0589,-0.1402,6.0341,2.1434,1.7840,6.0341,2.3911

1146.3420,-0.2637,1.2794,3.7495,3.7502,0.0450,6.2193,2.0817,1.7737,6.2193,2.4088

1147.3420,-0.2019,2.0203,3.9965,3.9354,-0.3255,6.1575,2.0199,1.9074,6.1575,2.5146

1148.3420,0.1684,1.2794,3.6878,3.2563,-0.0167,5.8489,1.8964,1.7119,5.8489,2.3029

1149.3420,-0.2019,1.4029,4.1199,3.5650,0.2302,6.0341,1.2790,1.7325,6.0341,2.3470

1150.3420,-0.8809,1.8968,3.5643,3.8119,-0.2637,6.7749,2.0817,1.7017,6.7749,2.4264

1151.3420,-0.1402,1.2177,3.8112,4.3058,0.3537,5.8489,2.0817,1.9383,5.8489,2.4970

1152.3420,-0.0785,1.4647,5.2930,3.7502,-0.0167,7.3922,2.1434,2.0927,7.3922,2.8498

1153.3430,0.0450,1.0942,3.8730,3.8119,-0.1402,6.5897,1.7112,1.7325,6.5897,2.4264

1154.3420,-0.0785,0.7238,3.8112,3.7502,-0.2020,5.9723,2.2669,1.7119,5.9723,2.3206

1155.3420,0.4153,0.7856,3.5025,3.1946,0.2302,6.4045,2.2051,1.7222,6.4045,2.3911

1156.3420,-0.1402,0.4769,4.3669,3.9354,-0.2637,6.2810,1.8964,1.7119,6.2810,2.3647

1157.3420,-0.1402,0.6003,3.5025,4.0589,-0.2637,6.3427,2.2669,1.6708,6.3427,2.3382

1158.3430,-0.2637,1.4647,3.8112,3.7502,-0.5724,7.0218,1.4025,1.5987,7.0218,2.3735

1159.3420,0.0450,0.6003,3.9347,3.6885,-0.0167,6.5897,1.8964,1.6914,6.5897,2.3911

1160.3420,-0.5723,1.2177,3.5025,3.6885,0.0450,6.5279,2.2669,1.6914,6.5279,2.3823

1161.3420,-0.1402,1.2177,3.6260,3.7502,-0.1402,6.7749,1.6495,1.6605,6.7749,2.3911

1162.3420,-0.0168,1.0325,3.8112,3.6267,-0.0785,6.4045,2.0199,1.7325,6.4045,2.3999

1163.3420,0.0450,1.0325,3.5025,3.1946,0.3537,5.6636,1.5877,1.6193,5.6636,2.1971

1164.3420,-0.5723,1.2177,3.8730,3.5650,-0.0167,6.3427,2.3286,1.7325,6.3427,2.3911

1165.3420,1.1561,1.3412,3.7495,4.0589,0.2920,6.0958,1.8347,2.0720,6.0958,2.6469

1166.3420,-0.0785,0.9708,4.7991,3.3180,0.0450,6.0958,2.4521,1.9178,6.0958,2.5146

1167.3420,-0.5723,1.4029,3.5025,3.5033,-0.2020,5.9106,2.1434,1.6296,5.9106,2.2412

1168.3420,-0.3871,1.0942,3.8112,3.3798,0.1067,5.6019,2.6991,1.7840,5.6019,2.3294

1169.3420,0.0450,1.2177,4.7991,3.6267,-0.0167,6.1575,1.7730,1.9074,6.1575,2.5146

1170.3420,-0.0785,0.7238,3.4408,3.7502,-0.2637,6.2193,1.7112,1.5473,6.2193,2.2147

1171.3420,-0.2637,1.0325,3.9347,3.8737,0.0450,6.0341,2.3904,1.8354,6.0341,2.4352

1172.3420,-0.0785,1.0325,3.5025,3.8119,-0.2020,6.2810,1.8347,1.6502,6.2810,2.3117

1173.3420,0.1067,0.9090,3.8730,5.1084,-0.6342,6.5897,1.2173,1.7634,6.5897,2.4528

1174.3420,0.1067,1.5881,3.9347,3.5650,-0.2637,5.8489,2.2051,1.8560,5.8489,2.4264

1175.3420,0.1067,0.9090,4.1199,3.3180,-0.0785,6.1575,2.4521,1.8046,6.1575,2.4264

1176.3420,-0.2637,1.2177,3.6260,3.7502,-0.5107,6.2193,3.1313,1.8251,6.2193,2.4529

1177.3420,0.3536,0.6003,3.9965,3.1946,0.1685,6.2193,1.8964,1.7017,6.2193,2.3470

1178.3420,0.7857,1.0942,3.5025,3.5650,0.0450,6.1575,1.6495,1.7737,6.1575,2.3999

1179.3420,0.2302,0.9090,4.1817,4.1823,-0.5107,6.6514,2.8225,1.9692,6.6514,2.6381

1180.3420,0.0450,0.9090,3.0086,3.6267,0.3537,6.0958,2.0817,1.6708,6.0958,2.3029

1181.3420,0.0450,-0.3874,4.1199,3.0094,0.2920,5.8489,2.0817,1.5267,5.8489,2.1442

1182.3420,-0.0785,1.2794,3.8112,3.6267,-0.1402,6.5279,1.6495,1.6914,6.5279,2.3823

1183.3420,0.1684,0.9090,3.8112,3.5033,0.6007,6.2810,1.5260,1.7531,6.2810,2.3999

1184.3420,0.0450,0.7238,3.7495,3.5650,-0.0167,6.5279,2.4521,1.7531,6.5279,2.4352

1185.3420,-0.0785,1.1560,3.5643,3.8737,-0.0167,6.0958,2.2051,1.7840,6.0958,2.3999

1186.3420,0.2302,0.9090,3.3791,3.6885,-0.2020,6.2193,2.2669,1.7119,6.2193,2.3558

1187.3420,-0.2637,1.0325,3.7495,3.9971,0.0450,6.0341,2.5756,1.8560,6.0341,2.4529

1188.3430,0.0450,1.3412,3.7495,3.5033,-0.0785,6.5897,2.0817,1.7737,6.5897,2.4617

1189.3420,0.0450,0.9090,3.6260,3.3180,0.2920,6.8366,1.5877,1.6296,6.8366,2.3735

1190.3430,0.1684,0.5386,4.0582,3.8737,0.0450,5.8489,1.8964,1.7634,5.8489,2.3470

1191.3420,0.3536,0.7856,3.8730,3.8737,0.1067,5.8489,2.8843,1.9795,5.8489,2.5322

1192.3430,-0.1402,1.1560,3.4408,4.1823,0.0450,5.9723,2.2051,1.8148,5.9723,2.4088

1193.3420,0.3536,1.2794,3.3173,3.8119,0.2302,6.1575,2.1434,1.8560,6.1575,2.4705

1194.3430,0.1684,1.0325,4.2434,3.4415,0.2302,5.9106,2.3286,1.9075,5.9106,2.4793

1195.3420,-0.0785,0.6621,3.5643,3.1946,-0.0167,6.4045,2.2669,1.5988,6.4045,2.2853

1196.3420,0.4771,1.2177,3.6260,3.5033,-0.0167,6.2810,1.7730,1.7634,6.2810,2.4088

1197.3420,0.2919,1.0325,4.1199,3.9354,0.1067,5.9106,2.1434,1.9383,5.9106,2.5058

1198.3420,0.1067,1.1560,3.9347,3.7502,0.1067,6.5897,2.2669,1.8869,6.5897,2.5587

1199.3420,0.4153,0.4769,3.5025,3.6267,0.1685,6.0341,2.2669,1.7428,6.0341,2.3558

1200.3420,-0.1402,1.3412,3.5025,3.1946,-0.0785,6.4045,2.0817,1.6502,6.4045,2.3294

1201.3420,0.1684,0.9090,3.7495,4.2441,0.0450,6.0341,1.8964,1.8354,6.0341,2.4352

1202.3420,-0.0785,1.2177,3.8730,3.5650,-0.1402,6.2810,2.0199,1.7428,6.2810,2.3911

1203.3420,0.1684,0.5386,3.8112,3.6267,0.2302,6.2193,2.0199,1.7325,6.2193,2.3735

1204.3420,0.0450,1.1560,3.7495,3.3798,0.1067,6.1575,1.5260,1.6605,6.1575,2.3029

1205.3430,0.0450,0.8473,3.4408,3.9354,0.1067,5.9723,2.1434,1.7531,5.9723,2.3558

1206.3420,-0.0785,1.8351,3.1321,4.1823,-0.0785,6.3427,2.0817,1.8457,6.3427,2.4881

1207.3420,-0.0785,1.0942,3.8112,3.6267,-0.4489,6.0958,2.3286,1.7222,6.0958,2.3470

1208.3420,-0.0168,1.0325,3.1321,3.8119,0.1067,5.9723,2.6373,1.7840,5.9723,2.3823

1209.3420,0.2302,1.6499,3.6260,3.5650,0.1685,6.0958,1.8347,1.8457,6.0958,2.4529

1210.3420,0.0450,-0.0170,2.2677,2.3303,1.8973,5.0463,1.1555,1.2798,5.0463,1.8179

1211.3420,0.1067,0.2299,2.6999,2.1451,2.6999,6.3427,1.1555,1.5062,6.3427,2.1971

1212.3420,0.1067,-0.2022,2.7617,3.3180,2.6999,6.0341,1.0938,1.6297,6.0341,2.2589

1213.3420,0.1067,0.2299,2.7617,3.0094,2.6999,6.1575,1.6495,1.7428,6.1575,2.3735

1214.3420,-0.0785,0.4151,1.4034,3.1328,2.2677,6.3427,1.0938,1.3724,6.3427,2.0824

1215.3420,0.0450,0.2917,2.6382,2.6390,2.4530,6.8984,1.2790,1.5576,6.8984,2.3206

1216.3420,-0.0168,0.4151,2.5764,2.6390,2.6999,6.8366,1.4025,1.6194,6.8366,2.3647

1217.3420,0.1684,0.4151,2.8234,2.5155,2.7617,6.7749,1.4643,1.6914,6.7749,2.4176

1218.3420,0.0450,0.4151,2.5147,2.7007,2.2677,6.7132,1.3408,1.5473,6.7132,2.2853

1219.3420,0.2302,0.3534,2.9469,2.5155,2.5147,5.9723,1.2790,1.6399,5.9723,2.2589

1220.3430,-0.0785,0.2917,2.7617,2.8242,2.5765,6.0958,1.6495,1.6708,6.0958,2.3030

1221.3420,0.5388,0.2299,3.2556,2.9476,2.4530,5.9106,0.1060,1.5885,5.9106,2.2059

1222.3420,0.3536,1.3412,3.3791,2.4538,2.8852,5.8489,1.0321,1.9075,5.8489,2.4705

1223.3420,-0.0785,1.1560,2.5147,3.0711,2.6382,6.0958,1.8964,1.8663,6.0958,2.4705

1224.3420,0.2302,0.0447,2.6999,2.8242,2.1443,6.5279,0.6616,1.4341,6.5279,2.1618

1225.3420,0.3536,0.4769,3.1321,2.7007,2.6999,6.5279,1.3408,1.7840,6.5279,2.4617

1226.3420,0.2302,0.4151,2.4529,2.5772,2.5147,6.2193,1.4643,1.6091,6.2193,2.2677

1227.3430,0.2919,-0.0170,3.0704,2.7007,2.5147,6.4045,1.4025,1.6605,6.4045,2.3382

1228.3420,0.2302,0.2917,2.8234,3.0094,2.8234,5.8489,1.2790,1.7428,5.8489,2.3294

1229.3420,0.2302,0.8473,2.9469,2.5772,2.2677,5.9723,1.3408,1.7017,5.9723,2.3118

1230.3420,0.3536,0.5386,2.6999,2.7007,2.1443,6.4045,1.2173,1.6091,6.4045,2.2941

1231.3420,0.4153,0.1682,2.3912,2.5772,2.8234,5.9106,1.4643,1.6399,5.9106,2.2500

1232.3420,-0.2019,0.6621,2.8234,2.9476,2.6999,6.0341,1.5877,1.7531,6.0341,2.3647

1233.3420,0.1684,0.9090,2.6999,2.7007,2.3912,6.0341,1.4025,1.7120,6.0341,2.3294

1234.3420,0.6005,-0.0170,2.6999,2.8242,2.8852,6.2193,1.1555,1.6914,6.2193,2.3382

1235.3420,0.3536,0.3534,2.3295,2.7007,2.7617,6.4045,1.2790,1.6296,6.4045,2.3118

1236.3420,-0.0168,0.2917,2.5764,2.7624,2.7617,6.5897,1.2173,1.5988,6.5897,2.3118

1237.3420,0.1684,0.6003,2.6999,2.7624,1.9590,6.0958,1.5260,1.6194,6.0958,2.2588

1238.3420,0.1067,0.5386,2.6999,3.0711,2.8852,5.9723,1.2173,1.7531,5.9723,2.3559

1239.3420,0.2919,0.2299,2.7617,2.5772,3.1939,6.4045,1.0938,1.6914,6.4045,2.3647

1240.3420,0.4153,0.0447,2.7617,2.8242,2.6382,6.5279,1.2173,1.6502,6.5279,2.3470

1241.3420,0.7857,0.2917,2.6382,2.8859,2.6382,6.1575,1.0938,1.7222,6.1575,2.3559

1242.3420,0.4153,0.5386,3.5643,2.8859,2.6999,5.6019,1.8347,1.9898,5.6019,2.5058

1243.3420,0.4771,-0.3874,2.9469,2.8859,1.7738,6.5897,1.4025,1.5165,6.5897,2.2412

1244.3420,0.4153,0.4769,2.5764,2.9476,2.6382,5.9106,0.9086,1.6605,5.9106,2.2677

1245.3420,-0.0785,0.9090,2.9469,2.4538,3.0087,7.0836,1.7112,1.8252,7.0836,2.5764

1246.3420,0.4771,0.4151,2.3295,2.4538,2.7617,5.9723,1.2790,1.6194,5.9723,2.2412

1247.3420,0.2919,0.2299,2.8851,2.8242,2.8852,6.5897,1.3408,1.7428,6.5897,2.4352

1248.3420,0.5388,0.3534,2.3912,2.7624,2.5147,6.4045,0.8468,1.5679,6.4045,2.2588

1249.3420,-0.1402,0.2917,2.8851,2.4538,2.8852,5.9106,1.8964,1.7120,5.9106,2.3118

1250.3430,-0.0785,0.1682,2.6382,3.0094,2.2677,6.1575,1.3408,1.5576,6.1575,2.2148

1251.3420,0.3536,0.1682,2.9469,2.6390,2.7617,6.4045,1.3408,1.7017,6.4045,2.3735

1252.3420,0.1684,0.2299,2.8234,2.6390,2.8852,6.0341,1.3408,1.6811,6.0341,2.3030

1253.3420,0.5388,0.5386,2.5764,2.2068,2.5147,6.4045,1.2790,1.6091,6.4045,2.2941

1254.3420,-0.0785,0.4769,2.8234,2.7007,2.6382,5.6636,2.2051,1.7943,5.6636,2.3471

1255.3420,0.3536,0.2917,3.1938,2.2686,2.6382,5.8489,1.4025,1.6914,5.8489,2.2853

1256.3420,0.0450,0.6003,2.5764,2.5772,2.4530,6.1575,1.4643,1.6194,6.1575,2.2677

1257.3420,-0.1402,0.6621,2.3912,2.6390,2.3912,6.0341,1.2790,1.5371,6.0341,2.1795

1258.3420,0.2919,0.3534,2.5764,2.3303,2.6999,6.1575,1.2173,1.5782,6.1575,2.2324

1259.3420,0.2919,-1.3135,2.8234,2.8242,1.9590,6.5279,1.0938,1.2798,6.5279,2.0295

1260.3420,-0.2019,0.1682,2.5764,2.7007,2.4530,6.2810,1.3408,1.5062,6.2810,2.1883

1261.3420,0.4153,0.0447,2.9469,3.3180,2.8852,5.9106,1.0938,1.7840,5.9106,2.3735

1262.3420,0.9709,-0.3257,2.9469,2.5772,3.2556,6.4662,1.3408,1.7943,6.4662,2.4617

1263.3420,0.5388,0.4151,2.5764,2.2068,3.0087,5.7871,1.1555,1.6502,5.7871,2.2412

1264.3420,0.7857,0.7238,2.5147,2.9476,2.6999,6.2193,0.9703,1.7737,6.2193,2.4088

1265.3430,-0.0168,0.3534,2.5147,2.5772,2.6999,6.0958,1.7112,1.6400,6.0958,2.2765

1266.3420,0.1067,0.6003,2.8851,3.0094,2.8852,6.1575,1.4643,1.8252,6.1575,2.4441

1267.3420,0.2302,0.0447,2.8234,2.7007,3.1939,6.0341,1.3408,1.7223,6.0341,2.3382

1268.3430,-0.0168,0.5386,2.5764,2.7007,2.5147,6.7132,1.2790,1.5988,6.7132,2.3294

1269.3420,0.0450,0.9090,2.8851,2.6390,2.3295,5.9723,1.4643,1.7120,5.9723,2.3206

1270.3420,0.3536,0.1065,2.8851,2.7007,2.7617,6.2193,1.0938,1.6502,6.2193,2.3030

1271.3420,-0.3254,0.3534,2.8851,2.7007,2.9469,6.2193,1.4643,1.6708,6.2193,2.3206

1272.3420,0.1684,0.7856,2.5764,2.6390,2.6382,6.0958,1.2790,1.6811,6.0958,2.3118

1273.3420,0.2919,1.2794,2.2677,2.9476,2.6999,6.4662,1.4643,1.8251,6.4662,2.4882

1274.3420,0.1067,0.2917,2.6999,2.2686,2.7617,6.4045,1.4643,1.5988,6.4045,2.2853

1275.3420,0.4771,0.2917,2.4529,2.5772,2.7617,6.3427,0.9086,1.5782,6.3427,2.2588

1276.3430,0.3536,0.4769,2.4529,2.8242,2.6999,6.5279,1.1555,1.6605,6.5279,2.3559

1277.3430,0.0450,0.5386,2.6382,3.0711,2.9469,6.0958,1.1555,1.7326,6.0958,2.3559

1278.3420,0.2919,0.2917,3.1938,2.5772,2.5147,5.9106,1.3408,1.7017,5.9106,2.3030

1279.3420,0.1684,-0.3874,2.6999,3.0094,2.6382,6.3427,1.4643,1.5988,6.3427,2.2765

1280.3420,0.2302,-0.3874,3.1938,2.5772,3.0704,6.1575,1.7112,1.7326,6.1575,2.3647

1281.3430,-0.0785,0.3534,2.8234,2.5155,2.8234,5.6019,1.2173,1.6091,5.6019,2.1795

1282.3420,0.9092,-0.0170,2.5764,2.3920,2.6382,6.0958,1.1555,1.6091,6.0958,2.2500

1283.3420,0.9092,0.6621,2.5147,2.7624,2.5765,5.9106,1.5260,1.8251,5.9106,2.4088

1284.3420,0.1067,0.4151,2.7617,2.5772,2.2677,5.8489,1.5260,1.6091,5.8489,2.2148

1285.3420,-0.0785,0.4151,2.5764,2.7624,2.6999,6.5897,1.5877,1.6605,6.5897,2.3647

1286.3420,0.0450,0.9708,2.5764,2.6390,2.5765,6.0958,1.4643,1.7120,6.0958,2.3382

1287.3420,-1.3130,0.8473,1.8973,2.7624,2.7617,6.0958,1.4025,1.3930,6.0958,2.0649

1288.3420,0.7240,0.5386,3.3173,1.7747,3.1939,5.6636,1.2173,1.7943,5.6636,2.3471

1289.3420,0.6005,1.5264,2.6999,2.8859,2.9469,6.3427,1.1555,1.9692,6.3427,2.5940

1290.3420,0.4153,0.2917,2.4529,2.4538,2.6999,6.0341,1.4025,1.6194,6.0341,2.2500

1291.3430,0.4771,0.3534,2.8234,2.8242,2.3912,6.2193,2.1434,1.8354,6.2193,2.4617

1292.3430,0.6005,0.4769,2.5147,2.6390,2.5765,6.2193,0.7851,1.5988,6.2193,2.2588

1293.3420,0.6005,0.2917,3.1938,2.8859,2.5765,6.0341,1.2790,1.8046,6.0341,2.4088

1294.3420,-0.0785,0.2299,3.4408,2.4538,2.8234,6.0341,1.8964,1.7943,6.0341,2.4000

1295.3420,0.1684,0.2917,2.7617,2.8859,2.2677,6.8366,1.2790,1.6091,6.8366,2.3559

1296.3420,0.5388,0.2917,2.5764,2.9476,2.4530,6.0958,0.9703,1.6296,6.0958,2.2677

1297.3420,0.1067,0.3534,2.4529,3.0094,2.8234,6.0341,1.4025,1.6914,6.0341,2.3118

1298.3420,0.1067,0.2917,2.6999,2.2068,2.6999,6.2193,1.0938,1.5165,6.2193,2.1883

1299.3420,0.1684,0.2917,2.8851,2.7007,2.6999,6.1575,1.3408,1.6811,6.1575,2.3206

1300.3420,0.4771,0.8473,2.8234,2.9476,2.6382,5.7871,1.2790,1.8354,5.7871,2.4000

1301.3420,0.2919,0.1682,2.1442,3.0094,3.3174,6.0958,1.4025,1.7223,6.0958,2.3471

1302.3420,0.2302,0.6003,2.6382,2.5772,3.0087,5.7254,1.2173,1.7120,5.7254,2.2853

1303.3420,0.3536,1.2177,2.8851,2.7624,2.4530,5.7254,1.3408,1.8354,5.7254,2.3911

1304.3420,0.2302,0.4151,2.4529,2.7624,2.9469,6.1575,1.3408,1.6914,6.1575,2.3294

1305.3420,0.4153,0.2299,2.5764,2.7624,2.5765,6.0958,1.3408,1.6502,6.0958,2.2853

1306.3430,0.2919,0.1065,2.6382,2.4538,2.8234,5.9723,1.7112,1.6708,5.9723,2.2853

1307.3420,0.3536,0.3534,2.8234,2.5155,2.5765,6.4045,1.2173,1.6399,6.4045,2.3206

1308.3420,0.1684,0.2917,2.7617,2.5772,2.6999,6.1575,1.5260,1.6708,6.1575,2.3118

1309.3420,0.6622,-0.1405,3.0086,2.6390,2.6999,6.2810,1.8347,1.7840,6.2810,2.4264

1310.3430,0.3536,0.2299,2.6382,2.5772,2.4530,6.0341,1.4643,1.6194,6.0341,2.2500

1311.3420,0.0450,0.3534,2.1442,2.2068,2.8852,6.2810,1.6495,1.5473,6.2810,2.2236

1312.3420,0.2302,0.9090,2.7617,2.5155,2.9469,6.0958,1.2173,1.7634,6.0958,2.3823

1313.3420,0.2302,0.2299,2.7617,2.8859,2.4530,6.3427,1.5260,1.6811,6.3427,2.3470

1314.3420,0.3536,0.1682,2.4529,2.7007,2.6999,6.4045,1.2173,1.5988,6.4045,2.2853

1315.3420,0.4153,-0.0788,2.4529,2.8242,2.5147,6.2810,1.2790,1.5679,6.2810,2.2412

1316.3420,0.0450,0.3534,2.4529,2.7624,2.0825,6.2193,1.6495,1.5576,6.2193,2.2236

1317.3420,0.1684,0.6003,2.6999,2.3303,1.0946,5.4167,1.7730,1.4444,5.4167,2.0119

1318.3420,0.3536,0.6003,2.6382,2.6390,2.8852,6.0341,1.2173,1.7223,6.0341,2.3382

1319.3430,0.1684,0.3534,2.5764,2.8859,2.3295,6.4662,1.5877,1.6502,6.4662,2.3382

1320.3420,0.0450,0.5386,2.8851,2.5772,2.5765,6.0341,1.7112,1.7223,6.0341,2.3382

1321.3420,0.2302,0.4769,2.0208,3.1946,2.4530,6.2193,1.3408,1.6194,6.2193,2.2765

1322.3420,-0.0785,0.1682,2.6999,2.5772,2.3912,6.2810,1.6495,1.5679,6.2810,2.2412

1323.3420,0.1067,0.4769,2.5764,2.3920,2.6999,6.0958,1.4643,1.6194,6.0958,2.2589

1324.3420,0.2302,0.0447,2.6999,2.3303,3.1321,6.0341,1.3408,1.6297,6.0341,2.2589

1325.3430,0.2919,0.1682,2.8234,2.6390,2.7617,6.2193,1.1555,1.6399,6.2193,2.2941

1326.3420,0.4771,-0.0170,2.9469,2.6390,2.3912,6.2810,1.2173,1.6091,6.2810,2.2765

1327.3420,0.2919,0.0447,2.6999,2.7624,3.0087,6.1575,1.2790,1.6811,6.1575,2.3206

1328.3420,0.4153,0.6621,2.2060,2.5772,2.6999,6.3427,1.0938,1.6091,6.3427,2.2853

1329.3430,0.4771,0.2299,2.7617,3.8119,2.7617,5.9723,1.3408,1.8972,5.9723,2.4793

1330.3420,0.2919,0.2299,2.5764,1.0956,3.1939,5.7254,1.4025,1.4650,5.7254,2.0737

1331.3420,0.1067,0.1682,2.8234,2.8242,3.1321,6.5279,1.3408,1.7326,6.5279,2.4176

1332.3420,0.3536,0.6003,2.5147,2.2068,2.5765,6.3427,1.1555,1.5679,6.3427,2.2500

1333.3420,0.3536,0.6003,2.4529,3.0094,2.8234,5.9723,1.5260,1.7943,5.9723,2.3911

1334.3420,1.4030,0.6003,2.4529,2.8859,2.3912,6.0341,1.4025,1.8560,6.0341,2.4529

1335.3420,0.1684,-0.0788,2.6999,2.7624,2.6999,6.0958,0.5999,1.4753,6.0958,2.1354

1336.3420,0.3536,0.6003,2.4529,3.1946,2.5147,6.0341,1.1555,1.7120,6.0341,2.3294

1337.3420,0.1067,0.1682,2.7617,2.2068,2.6999,6.2193,1.7730,1.6194,6.2193,2.2765

1338.3420,0.2919,0.3534,2.0825,2.6390,2.8852,6.0341,1.4643,1.6194,6.0341,2.2500

1339.3430,-0.1402,0.4151,2.4529,2.7007,2.6999,6.3427,1.6495,1.6297,6.3427,2.3030

1340.3420,0.7857,0.6003,2.5764,2.4538,2.3912,6.3427,1.2173,1.6708,6.3427,2.3382

1341.3420,0.1067,-0.3874,2.5764,3.0094,2.3295,6.4662,1.4025,1.5062,6.4662,2.2148

1342.3420,0.2919,-0.0170,2.8851,2.4538,2.7617,6.2193,2.3286,1.7840,6.2193,2.4176

1343.3420,-0.2637,0.1065,3.0086,2.5155,2.8852,6.4662,0.9086,1.5268,6.4662,2.2324

1344.3420,0.2919,-0.1405,3.1321,2.5772,2.6999,6.2193,1.0938,1.6091,6.2193,2.2677

1345.3420,0.2302,0.2299,2.8234,2.5772,2.6999,6.0958,1.3408,1.6502,6.0958,2.2853

1346.3420,0.5388,0.4151,2.5147,2.7624,2.6999,6.2810,0.9086,1.6399,6.2810,2.3029

1347.3420,0.4771,0.1682,2.8851,3.3798,2.0208,6.5279,0.9086,1.6399,6.5279,2.3382

1348.3420,0.1067,0.6003,2.3912,2.7007,2.5765,6.2810,1.4643,1.6399,6.2810,2.3030

1349.3430,0.1067,0.6621,2.7617,3.1946,3.0704,6.1575,1.1555,1.8252,6.1575,2.4441

1350.3420,1.3412,0.6003,2.5147,2.7624,2.5147,5.9723,1.4643,1.8663,5.9723,2.4529

1351.3420,-0.2637,1.0325,2.6382,3.0094,2.8234,6.0958,1.1555,1.7326,6.0958,2.3559

1352.3420,0.3536,-0.1405,2.5147,2.8859,2.5147,6.1575,1.5260,1.6091,6.1575,2.2589

1353.3420,-0.0168,-1.7456,3.3791,2.4538,3.0087,6.1575,1.9582,1.5062,6.1575,2.1707

1354.3420,0.1067,0.2299,2.6382,2.3920,3.0087,6.2810,1.1555,1.5885,6.2810,2.2589

1355.3430,-0.2637,-1.0048,2.9469,2.8242,2.8852,6.0341,1.7730,1.5268,6.0341,2.1707

1356.3420,0.1684,-0.0170,2.6999,2.5155,2.5765,6.1575,1.5877,1.5885,6.1575,2.2412

1357.3420,0.2919,0.1065,2.7617,2.5155,2.0208,6.4045,1.1555,1.4753,6.4045,2.1795

1358.3420,0.5388,0.4151,2.5147,3.2563,3.1939,5.7871,1.5260,1.9075,5.7871,2.4617

1359.3420,0.1684,0.6621,2.5764,3.0094,2.8234,6.2193,1.0321,1.7120,6.2193,2.3559

1360.3420,0.1067,0.8473,2.8851,2.6390,2.4530,5.9723,1.4025,1.7223,5.9723,2.3294

1361.3420,0.1684,-0.1405,2.5147,2.8859,2.7617,5.9723,2.1434,1.7223,5.9723,2.3294

1362.3420,0.2919,-0.7579,2.6999,2.5155,3.0087,5.7871,1.4025,1.5268,5.7871,2.1354

1363.3420,0.1067,0.4151,2.8851,2.8242,2.9469,5.9723,1.2173,1.7326,5.9723,2.3382

1364.3420,0.3536,-0.0170,3.0704,2.5155,3.0087,7.1453,1.1555,1.6811,7.1453,2.4617

1365.3420,0.1067,0.7238,2.5764,2.7624,2.6382,6.9601,1.2173,1.6708,6.9601,2.4264

1366.3420,0.4153,0.6621,2.9469,2.6390,2.5765,6.0341,1.4025,1.7737,6.0341,2.3823

1367.3420,0.0450,0.6003,2.6999,2.6390,2.6999,5.9723,1.4025,1.6811,5.9723,2.2941

1368.3420,0.4771,0.1682,2.6999,2.9476,2.4530,5.9723,1.1555,1.6502,5.9723,2.2677

1369.3420,0.7857,0.6003,2.7617,2.2686,2.9469,5.9106,1.4643,1.8046,5.9106,2.3911

1370.3420,0.2302,0.3534,2.9469,3.0711,2.5147,6.0341,1.5260,1.7737,6.0341,2.3823

1371.3420,0.0450,0.3534,2.7617,2.8859,2.8852,5.9723,1.5260,1.7428,5.9723,2.3471

1372.3430,0.2302,0.2917,2.9469,2.7624,2.5765,5.9723,1.2790,1.6811,5.9723,2.2941

1373.3420,0.2919,0.3534,2.6999,2.6390,2.9469,5.7871,1.4025,1.7223,5.7871,2.3030

1374.3420,0.1067,0.0447,2.6382,2.8859,2.4530,6.0958,1.5260,1.6091,6.0958,2.2500

1375.3420,0.1067,0.4769,2.0208,2.8242,2.9469,5.7871,1.7112,1.6811,5.7871,2.2677

1376.3430,0.2919,0.2917,3.1321,2.6390,2.6999,5.9106,-0.0175,1.5062,5.9106,2.1354

1377.3420,0.7857,0.6003,2.8851,2.5155,3.0087,5.8489,1.4025,1.8663,5.8489,2.4352

1378.3420,0.4771,0.4151,3.0704,2.9476,2.6382,6.4045,0.8468,1.7325,6.4045,2.4000

1379.3420,0.3536,0.5386,2.9469,2.7624,2.6999,6.4045,1.0938,1.7325,6.4045,2.4000

1380.3420,0.2302,0.1682,2.7617,2.7007,2.9469,5.4784,1.1555,1.6605,5.4784,2.2059

1381.3420,0.1067,0.4151,3.1321,2.4538,2.8852,5.9106,1.3408,1.7223,5.9106,2.3206

1382.3420,0.4153,0.0447,2.9469,2.4538,3.0704,5.9723,1.2173,1.6914,5.9723,2.3030

1383.3430,0.2919,0.0447,2.7617,2.8859,2.9469,6.2193,1.2173,1.6914,6.2193,2.3382

1384.3430,0.1684,0.5386,2.6382,2.7624,2.6999,5.7871,1.4025,1.7017,5.7871,2.2853

1385.3420,0.0450,0.4769,2.7617,2.6390,2.0825,5.9106,1.6495,1.6091,5.9106,2.2236

1386.3420,-0.1402,0.1682,2.7617,2.5772,2.6382,5.9106,1.8347,1.6400,5.9106,2.2500

1387.3420,0.8474,-0.0170,2.6999,2.6390,2.5765,6.0958,1.2790,1.6708,6.0958,2.3029

1388.3420,0.2302,0.5386,2.8851,2.7007,2.3912,5.9723,1.2790,1.6708,5.9723,2.2853

1389.3420,0.3536,0.6003,2.6999,1.7747,3.0704,5.6019,0.9703,1.5782,5.6019,2.1530

1390.3420,0.3536,-0.2640,3.0086,2.6390,2.6382,4.9228,0.7234,1.5165,4.9228,2.0031

1391.3420,0.4153,0.6003,3.6878,2.9476,2.6382,6.0341,1.0938,1.8972,6.0341,2.4882

1392.3420,0.9092,0.5386,2.5147,2.7007,2.6999,5.7871,1.4643,1.8046,5.7871,2.3735

1393.3420,-0.0785,-0.0170,2.6382,2.8242,2.3912,6.0341,1.2790,1.5062,6.0341,2.1530

1394.3420,0.1067,0.2299,2.8234,2.7007,2.5147,5.9723,1.5877,1.6605,5.9723,2.2765

1395.3420,0.4771,0.2299,2.2677,2.4538,2.6382,6.5897,0.5999,1.4444,6.5897,2.1795

1396.3420,0.5388,0.3534,2.8851,2.7624,2.8234,5.6019,1.4643,1.8046,5.6019,2.3471

1397.3430,0.1067,0.6621,2.6999,2.5155,2.6999,5.9106,1.4643,1.6914,5.9106,2.2941

1398.3420,0.0450,0.6003,2.5764,2.7007,2.5147,6.0958,1.3408,1.6297,6.0958,2.2677

1399.3420,0.2919,0.5386,3.3791,3.0094,2.7617,5.0463,1.6495,1.9383,5.0463,2.3823

1400.3420,-0.3254,0.4769,2.8234,2.4538,2.8234,5.9106,1.6495,1.6503,5.9106,2.2589

1401.3420,0.1684,0.1682,3.0704,2.5772,3.1939,6.2810,1.2173,1.7326,6.2810,2.3823

1402.3420,0.4771,0.4769,2.1442,2.9476,2.8234,6.0958,1.4025,1.7120,6.0958,2.3382

1403.3420,0.2302,0.2299,2.6382,2.5155,2.9469,7.1453,1.5260,1.6811,7.1453,2.4617

1404.3420,0.7857,0.6003,2.8234,2.5155,2.7617,5.9106,1.0938,1.7634,5.9106,2.3559

1405.3420,0.2919,0.5386,2.5147,2.7624,2.6999,5.8489,1.4643,1.7120,5.8489,2.3030

1406.3420,0.0450,1.0325,2.8851,2.5772,2.5147,5.7871,1.4643,1.7531,5.7871,2.3294

1407.3420,0.3536,0.2917,2.8851,2.5155,3.1939,5.8489,1.2790,1.7531,5.8489,2.3382

1408.3420,0.2919,0.4151,2.0825,2.8242,2.8852,5.9106,1.5877,1.6811,5.9106,2.2853

1409.3420,-0.0168,0.1682,2.5147,2.7007,2.3295,5.9106,1.4643,1.5268,5.9106,2.1530

1410.3420,1.2178,0.4769,2.5764,2.7624,2.5147,5.7254,1.3408,1.8148,5.7254,2.3735

1411.3420,0.5388,0.5386,2.5147,3.0094,2.3912,6.0341,1.5260,1.7531,6.0341,2.3647

1412.3420,-0.0785,0.4151,2.7617,2.5772,2.7617,6.1575,1.4025,1.6400,6.1575,2.2853

1413.3420,0.1067,0.5386,2.7617,2.5155,2.3912,5.9106,1.3408,1.6091,5.9106,2.2236

1414.3420,0.4153,-0.0170,2.6999,2.8859,3.0087,6.0958,1.2790,1.7120,6.0958,2.3382

1415.3420,0.2302,0.4151,2.6382,2.7624,2.3295,6.0958,1.4025,1.6296,6.0958,2.2677

1416.3420,-0.0168,0.2299,2.8234,2.8859,2.8234,5.8489,1.5260,1.7120,5.8489,2.3030

1417.3420,0.3536,0.0447,2.6999,2.7624,2.6999,6.1575,1.4643,1.6708,6.1575,2.3118

1418.3420,0.1684,0.2917,2.6999,2.5772,2.6382,5.6636,1.2790,1.6091,5.6636,2.1883

1419.3420,0.4771,0.4151,3.1938,2.3920,2.6382,6.2193,1.3408,1.7428,6.2193,2.3823

1420.3420,0.4153,0.2299,3.1321,2.6390,2.6999,5.7871,1.3408,1.7428,5.7871,2.3206

1421.3420,0.3536,-0.0170,2.8234,3.4415,2.7617,5.9723,1.4025,1.7943,5.9723,2.3911

1422.3420,0.2919,0.4769,2.4529,2.8859,2.6999,5.9106,1.5260,1.7223,5.9106,2.3206

1423.3420,0.3536,0.2917,2.6999,1.7747,2.6382,6.0958,1.0321,1.4650,6.0958,2.1266

1424.3430,0.1684,0.3534,2.9469,3.0711,2.6999,5.9106,1.4025,1.7737,5.9106,2.3647

1425.3420,0.2919,0.9708,2.5764,2.5155,2.6382,6.1575,1.5260,1.7531,6.1575,2.3823

1426.3420,0.2302,0.2299,3.1321,2.4538,2.5147,6.0958,1.2173,1.6297,6.0958,2.2677

1427.3420,0.2302,0.4769,2.3912,2.3920,2.9469,6.0341,1.4643,1.6502,6.0341,2.2765

1428.3420,0.0450,0.4769,2.5147,2.5772,2.9469,7.0218,1.5877,1.6914,7.0218,2.4529

1429.3420,0.2302,0.1065,2.5147,2.6390,2.0825,5.8489,1.7112,1.5473,5.8489,2.1618

1430.3420,1.2795,0.4769,2.6999,2.7624,2.6999,5.9106,1.3408,1.8766,5.9106,2.4529

1431.3420,0.3536,0.2299,2.5147,2.5772,2.8852,5.7871,1.2173,1.6297,5.7871,2.2236

1432.3420,0.1067,0.4151,3.0086,2.6390,2.5765,6.2193,1.1555,1.6502,6.2193,2.3030

1433.3420,0.3536,0.2299,2.3912,2.3920,3.0087,5.9723,1.3408,1.6194,5.9723,2.2412

1434.3420,0.0450,0.4151,2.8234,2.3920,2.8852,6.2193,1.0938,1.6091,6.2193,2.2677

1435.3420,-0.4489,0.8473,2.6999,3.0094,3.1321,6.1575,1.1555,1.7326,6.1575,2.3647

1436.3420,0.3536,0.4151,2.5147,3.4415,2.0825,6.4045,1.3408,1.6914,6.4045,2.3647

1437.3420,0.0450,0.5386,2.4529,2.7007,2.8234,6.2193,1.3408,1.6502,6.2193,2.3030

1438.3420,0.0450,0.5386,2.7617,2.7624,2.5765,5.7871,1.7112,1.7326,5.7871,2.3118

1439.3430,0.2919,0.2917,3.1321,2.8242,2.6999,6.0958,1.2790,1.7531,6.0958,2.3735

1440.3420,0.1684,0.3534,2.6999,2.7624,2.5765,6.3427,1.4025,1.6605,6.3427,2.3294

1441.3420,0.1067,0.2299,2.6999,2.4538,2.7617,6.0341,1.6495,1.6502,6.0341,2.2765

1442.3420,0.1684,0.4151,2.7617,2.5772,3.1939,6.0958,1.0938,1.7017,6.0958,2.3294

1443.3420,0.2302,1.1560,2.6999,2.5772,2.6382,5.9106,1.4025,1.7840,5.9106,2.3735

1444.3420,-0.0168,0.4769,2.2060,2.7624,2.6382,6.2810,1.3408,1.5679,6.2810,2.2412

1445.3430,0.2919,0.3534,2.6382,2.3920,3.6261,5.6636,1.6495,1.8252,5.6636,2.3735

1446.3420,0.4771,0.5386,3.1321,3.0711,2.6999,5.9106,2.3286,2.0412,5.9106,2.5940

1447.3420,0.1684,0.2299,2.6999,2.2686,2.7617,5.9723,1.5260,1.6091,5.9723,2.2324

1448.3420,-0.0785,0.4151,2.5764,3.1328,2.5147,5.9106,1.4025,1.6605,5.9106,2.2677

1449.3420,-0.3254,0.8473,2.9469,2.8242,2.7617,5.8489,1.4643,1.7531,5.8489,2.3382

1450.3430,-0.0168,0.7238,2.8851,2.5772,2.7617,5.9723,1.4643,1.7326,5.9723,2.3382

1451.3420,0.1067,0.1065,2.5147,2.4538,2.5765,5.8489,1.5877,1.5576,5.8489,2.1707

1452.3420,0.4153,-0.1405,2.8234,3.5650,2.9469,5.9106,1.1555,1.7943,5.9106,2.3823

1453.3420,0.1684,0.2917,2.7617,2.2686,2.9469,6.2193,1.4643,1.6502,6.2193,2.3030

1454.3430,0.2302,-0.4492,2.8851,2.8242,2.5765,6.0958,1.4025,1.5782,6.0958,2.2236

1455.3420,-0.0168,0.4151,2.6382,2.7624,2.4530,6.1575,1.4643,1.6194,6.1575,2.2677

1456.3420,-0.0168,0.1682,2.7617,2.5155,2.6999,5.8489,1.7730,1.6502,5.8489,2.2500

1457.3420,0.2302,1.2177,2.4529,2.7624,2.2060,6.1575,1.3408,1.7017,6.1575,2.3382

1458.3420,-0.5106,0.7856,2.3912,3.1328,2.6999,6.0341,1.3408,1.6400,6.0341,2.2677

1459.3420,-0.0785,0.4151,2.6382,2.2686,2.5147,6.0958,1.2173,1.4959,6.0958,2.1530

1460.3420,0.2302,0.7238,2.8851,2.5155,2.5147,5.8489,1.4643,1.7223,5.8489,2.3118

1461.3420,0.1684,0.3534,2.6382,2.5155,2.7617,6.1575,1.5877,1.6708,6.1575,2.3118

1462.3420,0.1684,0.5386,2.6382,2.5772,2.3295,6.0958,0.9703,1.5370,6.0958,2.1883

1463.3420,0.2919,0.6003,2.6999,2.6390,2.8234,5.9723,1.4643,1.7531,5.9723,2.3559

1464.3420,0.1684,0.4769,2.6999,3.0094,2.7617,5.9106,1.2790,1.7325,5.9106,2.3294

1465.3420,0.5388,0.5386,2.5147,2.6390,2.6999,5.9723,1.0321,1.6605,5.9723,2.2765

1466.3420,0.1684,0.1682,2.6382,2.7007,2.7617,5.8489,1.4643,1.6502,5.8489,2.2500

1467.3430,0.0450,0.4151,2.8234,3.0094,2.7617,5.9106,1.4643,1.7531,5.9106,2.3471

1468.3420,0.3536,0.4151,2.5147,2.5155,2.9469,5.8489,1.2173,1.6605,5.8489,2.2589

1469.3420,-0.0785,0.1682,2.8851,2.5772,2.6999,6.0341,1.4025,1.6091,6.0341,2.2412

1470.3420,0.6622,0.2917,2.3912,2.8859,2.7617,6.0341,1.2790,1.7120,6.0341,2.3294

1471.3420,1.5264,0.2299,2.7617,2.3303,2.3912,6.2810,1.0321,1.7119,6.2810,2.3647

1472.3420,0.6005,1.7116,3.0704,2.6390,3.0087,6.5897,0.8468,1.9795,6.5897,2.6381

1473.3420,-0.0168,0.0447,0.2920,3.1946,2.3912,6.3427,1.5260,1.2386,6.3427,1.9678

1474.3420,0.2302,0.0447,2.5764,2.7007,2.5147,6.0958,1.6495,1.6194,6.0958,2.2589

1475.3420,-0.3254,0.2299,4.1817,3.0711,2.8234,6.2193,1.5260,1.9178,6.2193,2.5323

1476.3430,0.1067,0.2917,2.1442,2.7007,2.9469,5.9106,1.5260,1.6194,5.9106,2.2324

1477.3420,0.8474,0.3534,2.5147,2.7624,2.5765,6.0958,1.6495,1.7840,6.0958,2.4000

1478.3420,0.4153,-0.1405,0.6007,3.1328,2.4530,6.0341,0.7234,1.1975,6.0341,1.8884

1479.3420,0.2302,-0.3257,2.5147,2.5155,2.8852,6.3427,1.5877,1.5679,6.3427,2.2500

1480.3420,0.3536,-0.2640,3.0086,2.4538,2.7617,5.9106,1.3408,1.6091,5.9106,2.2236

1481.3420,-1.3748,1.0325,2.6999,3.0094,2.6999,5.7871,1.8347,1.6503,5.7871,2.2413

1482.3420,0.1067,0.4151,2.2677,2.7624,2.3912,6.0341,1.2173,1.5268,6.0341,2.1707

1483.3420,0.1067,0.4769,2.8234,2.8242,2.3295,5.9723,1.5260,1.6811,5.9723,2.2941

1484.3420,-0.0168,0.6003,3.4408,2.8242,2.5147,6.0958,1.2173,1.7634,6.0958,2.3823

1485.3420,0.1684,0.4151,2.1442,2.8859,2.8234,5.9106,1.4643,1.6502,5.9106,2.2589

1486.3420,0.1067,0.4151,2.8851,2.8859,2.3295,6.2193,1.7112,1.7223,6.2193,2.3647

1487.3420,-0.0168,0.4151,2.7617,3.0094,2.9469,6.0341,1.0938,1.7017,6.0341,2.3206

1488.3420,0.1067,0.2917,2.7617,2.6390,2.8852,6.2193,1.1555,1.6399,6.2193,2.2941

1489.3420,0.1067,0.4769,2.6382,2.6390,2.9469,6.4045,1.4025,1.7017,6.4045,2.3735

1490.3420,-1.0044,0.2299,2.5147,2.8859,2.6999,5.9106,1.6495,1.4959,5.9106,2.1266

1491.3420,0.0450,0.2299,2.7617,2.8242,2.8852,6.2810,1.2790,1.6708,6.2810,2.3294

1492.3420,-0.0785,0.1065,3.0086,2.3920,2.6382,5.6019,1.5260,1.5988,5.6019,2.1707

1493.3420,-0.0785,0.2917,2.8851,3.0711,2.6999,5.9106,1.7112,1.7634,5.9106,2.3559

1494.3420,0.1067,0.6621,2.6382,3.0711,2.9469,5.9723,1.1555,1.7634,5.9723,2.3647

1495.3420,-0.0785,0.1682,2.5147,2.7007,1.9590,6.1575,1.4025,1.4444,6.1575,2.1177

1496.3420,0.2919,0.4769,2.8851,2.6390,2.6382,6.4045,1.0321,1.6605,6.4045,2.3382

1497.3420,0.0450,0.0447,2.6999,2.8242,2.4530,6.0341,1.2790,1.5576,6.0341,2.1971

1498.3420,0.2302,0.3534,2.2677,2.7007,2.9469,5.9106,1.5877,1.6811,5.9106,2.2853

1499.3430,0.2919,0.5386,2.3295,2.8859,2.8852,6.1575,1.4025,1.7223,6.1575,2.3559

1500.3420,-0.2019,0.4769,2.9469,2.5772,2.8234,6.0958,0.9703,1.5988,6.0958,2.2412

1501.3420,-0.1402,-0.1405,2.7617,2.7007,2.3912,5.9723,0.7234,1.3827,5.9723,2.0384

1502.3420,0.3536,0.6621,2.6382,2.5155,2.8852,5.7871,1.3408,1.7325,5.7871,2.3118

1503.3420,0.1684,0.6003,2.5147,2.6390,2.8852,7.0218,1.6495,1.7428,7.0218,2.4970

1504.3420,1.3412,0.4769,2.6382,2.7624,2.6382,5.7254,1.3408,1.8663,5.7254,2.4176

1505.3420,0.1067,0.6003,2.6999,3.0094,2.8234,6.0341,1.0938,1.7223,6.0341,2.3382

1506.3420,0.2919,0.3534,2.9469,2.7007,3.0087,6.2193,1.2790,1.7634,6.2193,2.4000

1507.3420,0.1684,0.9708,3.6878,2.7007,2.6382,6.1575,1.1555,1.8869,6.1575,2.4970

1508.3420,0.3536,0.4151,2.8234,2.4538,3.3791,5.9723,1.2173,1.7737,5.9723,2.3735

1509.3420,0.5388,0.4151,2.5764,2.6390,2.9469,5.8489,1.2790,1.7325,5.8489,2.3206

1510.3420,0.2919,0.3534,2.4529,2.7624,2.5147,5.9723,1.2173,1.5988,5.9723,2.2236

1511.3420,0.6005,0.7238,2.8851,2.5155,2.5147,6.2193,1.0938,1.7222,6.2193,2.3647

1512.3420,0.5388,0.2299,3.3173,2.9476,2.7617,5.9106,1.2173,1.8354,5.9106,2.4176

1513.3420,0.2919,0.0447,2.5147,2.7624,2.7617,5.9723,1.5877,1.6605,5.9723,2.2765

1514.3430,0.4771,0.1065,2.4529,2.7007,2.6382,6.1575,1.3408,1.6194,6.1575,2.2677

1515.3420,0.3536,0.4769,2.5147,2.9476,2.3295,6.0341,1.3408,1.6605,6.0341,2.2853

1516.3430,0.0450,0.1682,2.6382,2.3920,2.5765,5.7871,1.6495,1.5782,5.7871,2.1795

1517.3430,-0.2019,0.2917,2.7617,2.5772,2.5147,6.2193,1.5877,1.5885,6.2193,2.2500

1518.3430,-0.0785,0.2299,2.5764,2.9476,2.9469,5.9106,1.3408,1.6605,5.9106,2.2677

1519.3420,-0.0168,0.1065,2.6999,2.6390,2.6999,6.0341,2.0199,1.6914,6.0341,2.3118

1520.3420,-0.0785,1.5881,2.9469,2.5155,2.8234,5.8489,1.0938,1.8149,5.8489,2.3912

1521.3420,0.5388,0.3534,2.3912,2.5155,2.6999,6.0958,1.1555,1.6091,6.0958,2.2500

1522.3420,0.0450,0.7238,2.8234,2.5772,2.8234,5.9106,1.5260,1.7531,5.9106,2.3471

1523.3420,0.0450,0.1682,2.8234,3.0711,2.6382,7.2070,1.4643,1.7017,7.2070,2.4882

1524.3420,0.6005,0.7238,2.4529,2.7624,2.6999,6.6514,0.9086,1.6914,6.6514,2.4000

1525.3420,0.2919,0.1682,3.0086,2.7007,2.8852,5.9723,1.3408,1.7326,5.9723,2.3382

1526.3420,0.6622,0.1682,2.6999,2.6390,2.6382,5.9106,1.0321,1.6399,5.9106,2.2500

1527.3420,0.2302,0.1682,0.6625,2.8859,2.6999,5.7254,1.4643,1.3518,5.7254,1.9766

1528.3420,0.5388,0.1682,2.4529,2.8242,2.6999,6.2810,1.0321,1.6194,6.2810,2.2853

1529.3430,0.1067,0.1065,2.6382,2.7624,2.3295,6.3427,1.4025,1.5576,6.3427,2.2412

1530.3420,-0.0785,0.5386,4.2434,2.7624,2.5147,6.2193,0.9703,1.8252,6.2193,2.4529

1531.3420,-0.2019,0.2917,2.7617,2.7007,2.6999,5.8489,1.6495,1.6502,5.8489,2.2500

1532.3420,0.6005,1.0942,2.3912,2.7624,2.6999,5.9106,0.9703,1.7531,5.9106,2.3470

1533.3420,0.3536,0.2917,2.2677,2.5772,2.8852,5.8489,1.4643,1.6399,5.8489,2.2412

1534.3420,0.2302,0.3534,2.6382,3.1946,2.6999,5.7254,1.4025,1.7531,5.7254,2.3206

1535.3420,0.6005,0.1065,2.5764,2.8242,2.1443,6.0341,1.4643,1.6193,6.0341,2.2500

1536.3430,0.0450,0.4769,2.8234,3.1946,3.0704,5.7254,1.6495,1.8766,5.7254,2.4264

1537.3420,0.2919,0.2917,3.0704,2.4538,2.4530,6.1575,1.1555,1.6194,6.1575,2.2677

1538.3420,0.2302,0.9708,2.8234,2.7007,2.7617,5.6636,1.4025,1.8149,5.6636,2.3647

1539.3420,-0.1402,0.3534,2.6382,3.0094,2.5765,5.8489,1.4025,1.6399,5.8489,2.2412

1540.3420,0.2302,0.4151,3.9347,2.8242,2.6382,5.2315,1.6495,1.9486,5.2315,2.4176

1541.3430,0.2919,-2.0543,3.6260,1.8364,3.2556,5.7254,1.2790,1.3724,5.7254,1.9943

1542.3420,-0.2637,0.6003,2.6382,3.1328,2.5765,5.9106,1.2173,1.6502,5.9106,2.2589

1543.3420,0.2919,0.1682,2.8851,2.5155,3.0087,5.9106,1.3408,1.7017,5.9106,2.3030

1544.3420,0.1067,0.3534,2.5147,3.0094,2.6382,6.2193,1.2173,1.6399,6.2193,2.2941

1545.3420,0.1684,0.1682,2.6999,2.4538,2.6382,5.9723,1.6495,1.6297,5.9723,2.2500

1546.3420,0.1684,0.3534,2.6382,2.7624,2.6382,6.2193,1.2790,1.6399,6.2193,2.2941

1547.3420,0.2302,0.6003,2.8851,2.4538,2.5147,5.8489,1.5260,1.7017,5.8489,2.2941

1548.3420,0.1067,0.4151,2.7617,2.8859,2.9469,5.8489,2.2669,1.8972,5.8489,2.4617

1549.3420,0.4153,0.2917,3.1938,2.9476,2.5765,5.8489,1.0321,1.7428,5.8489,2.3294

1550.3420,0.4771,0.4151,2.5147,2.5772,2.8852,6.0341,1.0938,1.6605,6.0341,2.2853

1551.3420,0.2919,-0.0788,2.7617,2.0834,2.3912,6.0958,0.7851,1.3724,6.0958,2.0472

1552.3420,0.1684,0.4151,2.6999,3.2563,2.6382,5.8489,1.0938,1.7120,5.8489,2.3029

1553.3420,0.2302,0.2299,2.7617,2.1451,2.8852,6.0958,1.2173,1.5782,6.0958,2.2236

1554.3420,0.4771,0.1065,2.5147,2.5155,2.8234,5.4784,1.0321,1.5782,5.4784,2.1354

1555.3420,0.1067,0.6003,3.8730,2.7624,2.5765,5.9723,0.7234,1.7737,5.9723,2.3735

1556.3420,0.2302,0.4151,2.7617,2.7624,3.0704,5.7254,1.2790,1.7531,5.7254,2.3206

1557.3420,-0.4489,0.4151,2.8234,2.5155,2.8852,5.8489,0.9086,1.5165,5.8489,2.1354

1558.3420,0.1684,0.3534,1.9590,3.0094,2.5147,4.6759,0.9086,1.4856,4.6759,1.9413

1559.3420,0.1067,0.0447,2.7617,3.7502,2.8234,5.7871,0.7234,1.7017,5.7871,2.2853

1560.3420,0.1684,0.2917,2.9469,2.1451,2.6382,6.0341,1.7112,1.6502,6.0341,2.2765

1561.3420,0.2302,0.2917,3.4408,2.8859,2.5765,5.8489,1.2790,1.7840,5.8489,2.3647

1562.3420,-0.2019,0.2917,2.7617,3.1946,2.6382,5.9106,1.2790,1.6605,5.9106,2.2677

1563.3420,0.1684,0.6003,2.8851,3.0094,2.5147,5.6636,1.0938,1.7120,5.6636,2.2765

1564.3420,0.3536,0.5386,3.6878,2.7007,2.5147,6.0341,1.2173,1.8354,6.0341,2.4352

1565.3420,0.2302,0.1682,2.6999,2.6390,2.5765,6.2193,1.3408,1.6091,6.2193,2.2677

1566.3420,0.2919,0.4151,3.0704,3.0711,2.7617,5.8489,2.1434,1.9589,5.8489,2.5146

1567.3420,0.1067,0.2917,2.5147,2.2686,3.0704,6.1575,1.0938,1.5576,6.1575,2.2148

1568.3420,0.4771,0.1682,2.6999,2.6390,2.6382,6.0341,1.2790,1.6502,6.0341,2.2765

1569.3420,0.9092,0.3534,2.3912,2.5772,2.4530,6.0341,0.8468,1.5885,6.0341,2.2236

1570.3420,0.2302,0.6621,2.9469,2.5772,2.6382,6.0341,1.2790,1.7223,6.0341,2.3382

1571.3420,0.1684,-0.0788,2.5764,2.6390,2.2677,5.9723,1.4025,1.4959,5.9723,2.1354

1572.3420,0.5388,0.5386,2.5147,3.2563,2.5147,5.8489,1.2173,1.7634,5.8489,2.3470

1573.3420,0.2919,-0.1405,2.4529,2.9476,2.4530,5.9723,1.6495,1.6091,5.9723,2.2324

1574.3420,0.0450,0.3534,2.0208,2.8859,2.8234,5.9106,1.4643,1.5988,5.9106,2.2148

1575.3420,-0.2019,0.0447,2.5764,2.6390,2.3912,6.0958,1.5260,1.4959,6.0958,2.1530

1576.3420,0.2919,0.2917,2.6999,2.5772,2.8234,5.7254,0.7234,1.5679,5.7254,2.1618

1577.3420,0.2302,0.1065,2.3912,2.7007,2.8852,5.6636,1.4025,1.6194,5.6636,2.1971

1578.3420,0.1067,1.5881,2.2677,2.7624,2.6382,5.9106,1.4025,1.7943,5.9106,2.3823

1579.3420,0.1684,0.2917,3.0086,2.5155,2.4530,6.3427,1.0938,1.5885,6.3427,2.2677

1580.3420,-0.0168,0.6003,3.6260,2.7007,2.5765,6.1575,1.0321,1.7531,6.1575,2.3823

1581.3420,-0.4489,0.7238,2.3912,2.6390,2.5765,5.6636,1.1555,1.5062,5.6636,2.1001

1582.3420,-0.2637,0.4769,2.7617,2.3920,2.8234,6.0341,1.3408,1.5885,6.0341,2.2236

1583.3420,0.4153,0.3534,2.5764,2.7624,2.5765,5.9106,1.0321,1.6194,5.9106,2.2324

1584.3420,-0.1402,0.3534,2.6382,2.3920,2.5765,5.9106,1.4025,1.5371,5.9106,2.1618

1585.3420,0.5388,0.1065,3.0086,2.6390,2.6382,5.7254,1.1555,1.6811,5.7254,2.2589

1586.3420,0.5388,-0.0170,2.6382,2.7624,2.5147,6.0958,1.3408,1.6296,6.0958,2.2677

1587.3420,0.0450,0.5386,2.6382,2.5155,2.5765,6.1575,1.2173,1.5885,6.1575,2.2412

1588.3420,0.2302,0.1682,3.3173,2.9476,2.4530,6.0341,1.2790,1.7325,6.0341,2.3471

1589.3420,0.4771,0.4769,2.6999,2.4538,3.0704,5.9106,1.2790,1.7428,5.9106,2.3382

1590.3420,-0.0785,0.2917,2.6382,3.0094,2.4530,6.0958,1.4025,1.6194,6.0958,2.2589

1591.3420,0.2302,0.2917,2.8234,2.7007,2.5147,5.9106,1.0938,1.6091,5.9106,2.2236

1592.3420,0.3536,0.1682,3.0704,2.8242,2.6999,5.7254,1.4025,1.7531,5.7254,2.3206

1593.3420,0.3536,0.6621,2.6382,2.4538,2.6382,6.1575,1.1555,1.6502,6.1575,2.2941

1594.3420,0.4153,0.3534,2.8234,2.8242,2.8234,5.5402,1.3408,1.7634,5.5402,2.3030

1595.3420,0.2919,0.1065,2.6999,2.5155,2.5147,6.0341,1.5260,1.6091,6.0341,2.2412

1596.3420,-0.0168,0.2917,2.8851,2.9476,2.5147,6.2193,1.3408,1.6605,6.2193,2.3118

1597.3420,0.0450,0.5386,2.5147,2.7007,2.3912,6.2193,1.7730,1.6605,6.2193,2.3118

1598.3420,0.4771,0.1065,3.0704,2.7007,2.5765,5.7871,1.2173,1.6914,5.7871,2.2765

1599.3420,0.3536,-0.0170,2.6999,2.6390,3.0087,5.9106,1.3408,1.6708,5.9106,2.2765

1600.3420,0.1684,0.4151,2.2060,2.7624,2.8852,5.9723,1.5877,1.6708,5.9723,2.2853

1601.3420,0.1067,0.3534,2.2060,2.8242,2.9469,6.0341,1.4025,1.6399,6.0341,2.2677

1602.3420,0.0450,0.7856,2.6382,2.6390,2.4530,6.0958,1.2790,1.6399,6.0958,2.2765

1603.3420,0.1067,0.9090,3.0086,2.5155,2.3912,5.9723,0.9703,1.6502,5.9723,2.2677

1604.3420,0.0450,0.4151,2.4529,2.4538,2.5147,6.5279,0.9086,1.4650,6.5279,2.1883

1605.3420,-0.3254,0.4769,2.8234,2.8859,2.8852,5.5402,1.7112,1.7429,5.5402,2.2853

1606.3420,0.0450,0.2299,2.7617,2.5155,2.6382,6.0341,1.4643,1.6091,6.0341,2.2412

1607.3420,0.7240,0.0447,2.7617,2.8242,2.9469,6.3427,1.0321,1.7222,6.3427,2.3823

1608.3420,0.4771,0.1682,3.5643,2.7624,2.6382,5.7871,1.2790,1.8149,5.7871,2.3823

1609.3420,0.0450,0.1682,2.9469,2.1451,2.9469,5.9723,1.8347,1.6811,5.9723,2.2942

1610.3420,0.1067,0.2299,3.0704,2.6390,2.4530,6.2810,1.0938,1.5988,6.2810,2.2677

1611.3420,0.1684,0.5386,2.2060,2.5772,1.8355,6.5897,1.2173,1.4238,6.5897,2.1618

1612.3420,0.1684,0.3534,2.6999,2.7624,2.5147,6.1575,1.1555,1.6091,6.1575,2.2589

1613.3420,0.2302,0.2299,3.1938,2.5772,2.5765,5.8489,1.3408,1.6914,5.8489,2.2853

1614.3420,0.1067,0.2299,2.0208,2.6390,2.6382,6.3427,1.5260,1.5268,6.3427,2.2148

1615.3430,0.1684,0.3534,2.5764,2.5155,2.5147,6.0341,1.7112,1.6399,6.0341,2.2677

1616.3420,0.2302,0.9090,1.3416,2.2686,2.5147,6.0341,1.2173,1.4136,6.0341,2.0736

1617.3420,0.4153,0.6003,2.7617,2.5772,3.1321,5.9106,1.2173,1.7840,5.9106,2.3735

1618.3430,0.0450,0.7238,2.7617,2.7007,2.2677,5.8489,1.5260,1.6708,5.8489,2.2677

1619.3420,-0.0785,0.2299,2.5764,2.3920,2.6999,6.0341,1.7112,1.5885,6.0341,2.2236

1620.3430,0.7240,0.0447,2.6382,2.5155,2.6382,6.0341,1.5877,1.6914,6.0341,2.3118

1621.3420,0.1684,0.6003,2.5147,2.5155,2.5765,5.9106,1.3408,1.6194,5.9106,2.2324

1622.3420,-0.1402,0.2917,2.5764,2.7007,2.0825,6.1575,1.3408,1.4753,6.1575,2.1442

1623.3420,0.2919,0.3534,2.7617,2.6390,2.4530,6.0341,1.2790,1.6296,6.0341,2.2589

1624.3420,0.1684,0.4151,3.0704,2.3920,2.2060,6.1575,1.4643,1.6194,6.1575,2.2677

1625.3420,0.0450,0.1065,2.8234,2.5772,2.8852,6.7132,2.3904,1.8046,6.7132,2.5058

1626.3420,0.4771,0.3534,2.4529,2.3303,2.9469,5.9106,0.9086,1.5782,5.9106,2.1971

1627.3420,0.6005,0.2299,3.0086,2.5155,2.6382,5.7871,1.3408,1.7223,5.7871,2.3029

1628.3420,0.2302,0.5386,2.6382,2.4538,2.9469,5.7254,1.2790,1.6811,5.7254,2.2589

1629.3420,-0.0785,0.2917,2.8851,2.8242,2.2677,6.3427,2.1434,1.7223,6.3427,2.3823

1630.3420,0.5388,0.6003,2.5764,2.5772,2.5765,6.0958,0.7851,1.6091,6.0958,2.2500

1631.3420,0.1067,0.6621,2.5147,3.2563,2.8234,5.9723,1.2173,1.7634,5.9723,2.3647

1632.3430,0.3536,0.6003,2.6382,2.6390,2.7617,6.2193,0.9086,1.6502,6.2193,2.3029

1633.3420,-0.0785,1.3412,2.8234,3.0094,2.3295,6.0341,1.3408,1.7943,6.0341,2.4000

1634.3420,0.3536,0.1065,2.4529,2.5772,2.6382,5.9106,1.4643,1.5988,5.9106,2.2148

1635.3420,0.4771,0.2299,2.5764,2.5772,2.7617,6.1575,1.2790,1.6502,6.1575,2.2941

1636.3420,0.4771,0.4769,2.5147,2.6390,2.7617,6.0958,0.9086,1.6296,6.0958,2.2677

1637.3420,0.1067,0.5386,2.5764,2.6390,2.8234,6.8984,1.5260,1.7017,6.8984,2.4441

1638.3420,0.1684,0.4151,2.5764,3.0094,2.5147,5.9106,1.2173,1.6502,5.9106,2.2589

1639.3420,0.0450,0.2917,2.8234,2.3920,2.6382,6.0341,1.6495,1.6400,6.0341,2.2677

1640.3420,-0.0785,0.1065,2.8851,2.7007,2.6382,6.2810,1.4643,1.6194,6.2810,2.2853

1641.3420,0.6005,0.3534,2.6382,2.7007,2.5765,5.9106,1.3408,1.7017,5.9106,2.3029

1642.3420,0.1684,0.5386,2.3295,2.7624,3.0087,6.1575,1.4025,1.7017,6.1575,2.3382

1643.3420,0.5388,0.1065,2.5764,2.6390,2.5147,6.0958,1.2790,1.6091,6.0958,2.2500

1644.3420,0.2302,-0.2022,2.6999,2.9476,2.2677,5.8489,1.7112,1.6091,5.8489,2.2148

1645.3420,1.5264,0.4151,2.5147,2.4538,2.5765,5.8489,1.2173,1.7840,5.8489,2.3647

1646.3420,0.4771,0.5386,2.5764,2.6390,2.6999,4.8611,0.7234,1.6091,4.8611,2.0736

1647.3420,-0.2637,0.2917,2.6382,2.5155,2.6999,5.9106,1.6495,1.5885,5.9106,2.2060

1648.3420,0.1684,0.4151,2.2060,2.7007,2.8234,6.0341,1.1555,1.5782,6.0341,2.2148

1649.3420,0.1067,1.3412,2.2677,2.5155,2.4530,6.0341,1.3408,1.6708,6.0341,2.2941

1650.3420,0.2919,-0.0788,2.8851,1.8981,3.0704,5.9106,1.2173,1.5473,5.9106,2.1707

1651.3420,0.2302,-0.0170,0.9712,2.9476,2.8234,5.9723,1.4643,1.4033,5.9723,2.0560

1652.3420,0.6622,0.2917,2.6382,2.7624,2.4530,6.0341,-0.0175,1.4650,6.0341,2.1177

1653.3420,0.4153,0.2917,2.5764,2.0834,3.0087,5.9106,1.4025,1.6297,5.9106,2.2412

1654.3420,0.1684,0.1065,2.7617,2.4538,2.9469,6.0341,1.7112,1.6914,6.0341,2.3118

1655.3420,0.4153,0.6003,2.5147,2.7624,2.6999,5.9723,0.9086,1.6502,5.9723,2.2677

1656.3420,0.1684,0.7856,2.6382,2.6390,2.5147,6.2810,1.5260,1.7120,6.2810,2.3647

1657.3420,0.2919,0.1682,2.8851,2.5155,3.0704,6.2810,1.3408,1.7120,6.2810,2.3647

1658.3420,0.2919,-0.0170,2.6999,2.5772,2.9469,5.7871,1.5260,1.6708,5.7871,2.2589

1659.3420,0.6005,0.2917,3.2556,2.9476,2.6999,5.8489,1.2173,1.8354,5.8489,2.4088

1660.3420,-0.5723,0.3534,2.5147,2.7624,2.2677,6.2193,1.2790,1.4342,6.2193,2.1178

1661.3420,0.2302,-0.1405,2.8851,2.3920,2.6382,6.0341,1.4025,1.5679,6.0341,2.2059

1662.3430,0.0450,0.3534,2.7617,2.7624,2.8852,6.0341,1.8347,1.7737,6.0341,2.3823

1663.3420,0.4153,0.2917,2.8851,2.6390,3.1321,6.2810,1.2790,1.7737,6.2810,2.4176

1664.3420,0.1684,-0.2640,2.7617,2.4538,2.4530,5.9723,1.2173,1.4650,5.9723,2.1089

1665.3420,0.2919,0.2299,2.5147,2.5772,2.7617,6.2810,1.1555,1.5885,6.2810,2.2589

1666.3420,0.2302,0.2917,2.9469,2.7007,3.2556,6.0958,1.1555,1.7634,6.0958,2.3823

1667.3420,-0.0168,0.4151,2.4529,2.7007,2.7617,6.4045,1.2790,1.5988,6.4045,2.2853

1668.3420,0.2302,-0.0170,2.6999,2.7007,2.7617,6.0958,1.1555,1.5885,6.0958,2.2324

1669.3420,0.1067,0.4151,2.6999,2.3920,2.3912,5.9723,1.4025,1.5679,5.9723,2.1971

1670.3420,1.0943,0.4769,2.7617,2.7007,2.6382,5.8489,1.2790,1.8251,5.8489,2.3999

1671.3420,0.7240,0.8473,1.8973,2.6390,2.8234,5.8489,1.4643,1.7325,5.8489,2.3206

1672.3420,1.2795,-0.3874,3.1321,2.8242,2.5147,5.7871,1.1555,1.7531,5.7871,2.3294

1673.3420,0.4153,-0.0170,2.5147,2.7007,2.5765,6.0958,1.4025,1.5988,6.0958,2.2412

1674.3420,0.2919,0.2299,3.0086,2.8242,2.6382,5.7871,1.1555,1.6914,5.7871,2.2765

1675.3420,0.2919,-0.1405,2.7617,2.6390,2.6382,5.9723,0.7851,1.4959,5.9723,2.1354

1676.3430,0.1684,-0.1405,2.3912,2.8859,2.3912,6.0958,1.4643,1.5268,6.0958,2.1795

1677.3420,0.0450,0.4151,2.6382,3.1946,2.6382,5.9106,1.7112,1.7737,5.9106,2.3647

1678.3420,0.1067,0.2917,3.0086,2.5155,2.5147,5.8489,0.8468,1.5473,5.8489,2.1618

1679.3430,0.2919,0.7238,4.1817,2.9476,2.5147,5.9723,1.4643,2.0207,5.9723,2.5852

1680.3420,0.2919,0.3534,2.2060,2.9476,3.9348,6.1575,1.2790,1.8355,6.1575,2.4529

1681.3420,0.2919,0.0447,2.8851,3.6267,2.0825,5.7871,1.0938,1.6708,5.7871,2.2588

1682.3420,0.2919,0.0447,2.8234,2.3303,2.8234,5.6019,1.4025,1.6194,5.6019,2.1883

1683.3420,0.0450,0.4151,3.1938,2.6390,2.5765,6.2193,1.0938,1.6605,6.2193,2.3118

1684.3420,0.6622,0.7856,3.2556,2.3303,2.6999,6.0341,0.9086,1.7737,6.0341,2.3823

1685.3420,0.2919,0.0447,2.8234,2.9476,2.3912,5.2315,1.4025,1.6502,5.2315,2.1618

1686.3420,0.2302,0.1682,2.6382,3.5650,2.6999,5.9106,1.3408,1.7737,5.9106,2.3647

1687.3430,0.2302,-0.0170,2.3912,2.6390,2.5765,5.7871,1.2790,1.5165,5.7871,2.1266

1688.3420,0.0450,0.1065,2.8234,2.8242,2.6999,5.9723,1.6495,1.6914,5.9723,2.3030

1689.3420,-0.0168,0.4151,2.5147,2.5155,2.5765,6.3427,1.6495,1.6091,6.3427,2.2853

1690.3420,-0.0785,0.4151,2.8234,2.7624,2.8234,6.2193,1.0321,1.6297,6.2193,2.2853

1691.3420,0.0450,0.4769,2.6999,2.5772,2.4530,6.1575,0.4764,1.4547,6.1575,2.1266

1692.3420,0.4153,-0.0788,2.4529,2.5772,3.0087,5.6636,1.2173,1.5988,5.6636,2.1795

1693.3420,0.2919,0.1065,2.4529,2.6390,2.6382,5.8489,1.7730,1.6502,5.8489,2.2500

1694.3420,0.2919,0.6621,2.7617,2.5772,2.8852,5.7871,1.0321,1.7017,5.7871,2.2853

1695.3420,0.1067,0.9708,2.5764,2.4538,2.5147,6.0341,1.3408,1.6605,6.0341,2.2853

1696.3420,0.2302,0.6003,2.8851,3.1328,2.2060,5.9723,1.2790,1.7223,5.9723,2.3294

1697.3420,0.2919,0.1682,2.8851,2.7624,2.4530,5.7871,0.9703,1.5885,5.7871,2.1883

1698.3420,0.2919,0.0447,3.0086,2.2686,2.4530,6.0958,1.1555,1.5370,6.0958,2.1883

1699.3430,0.3536,0.2299,2.7617,2.3920,2.7617,6.2193,1.2173,1.6194,6.2193,2.2765

1700.3430,0.0450,0.3534,2.5764,2.5155,2.5765,4.7376,1.9582,1.6708,4.7376,2.1089

1701.3420,0.2302,0.1682,2.8234,2.5155,2.7617,5.8489,1.4025,1.6502,5.8489,2.2500

1702.3420,0.5388,-0.0170,2.6382,2.8242,2.6382,6.3427,1.1555,1.6296,6.3427,2.3029

1703.3420,0.2919,-0.3874,3.0086,2.4538,2.6382,5.1080,1.2790,1.5473,5.1080,2.0560

1704.3420,0.0450,0.6621,2.4529,2.4538,2.8234,5.9723,1.3408,1.6297,5.9723,2.2500

1705.3420,-0.1402,0.2917,2.8851,3.0094,2.9469,6.2193,0.9703,1.6605,6.2193,2.3118

1706.3420,-0.0785,0.1065,2.6999,2.6390,2.7617,6.0341,1.8964,1.6708,6.0341,2.2941

1707.3430,-0.0785,0.9090,2.8234,2.6390,2.5765,5.9106,1.2173,1.6811,5.9106,2.2853

1708.3420,-0.0168,-0.3257,0.7860,3.3180,2.2060,6.2810,1.3408,1.2181,6.2810,1.9413

1709.3420,0.4771,0.7856,2.6382,2.4538,2.3912,6.2193,1.4025,1.6914,6.2193,2.3382

1710.3420,0.3536,0.1065,2.6999,2.5772,2.7617,6.2193,2.0199,1.7531,6.2193,2.3912

1711.3420,0.1684,0.1065,2.4529,2.6390,2.6382,5.8489,1.2173,1.5370,5.8489,2.1530

1712.3420,0.1067,-0.0170,2.5764,2.5155,2.7617,6.0341,1.5877,1.5885,6.0341,2.2236

1713.3420,-0.2019,0.3534,2.5764,3.3180,2.8234,5.9106,1.3408,1.7017,5.9106,2.3030

1714.3420,0.0450,0.4151,2.1442,2.7624,3.6878,6.1575,1.0938,1.6914,6.1575,2.3294

1715.3420,0.2302,0.1065,2.9469,2.5772,3.3791,6.4662,1.2790,1.7531,6.4662,2.4264

1716.3420,0.2919,0.6621,2.8234,2.3920,4.1818,5.4784,1.1555,1.9178,5.4784,2.4264

1717.3420,0.6005,-0.1405,2.3912,2.7624,2.6999,6.2193,1.2790,1.5988,6.2193,2.2588

1718.3420,0.2919,0.2917,3.5025,3.3180,2.0825,6.1575,1.0321,1.7531,6.1575,2.3823

1719.3420,0.1684,0.7238,2.7617,2.5155,2.7617,6.0341,0.8468,1.6297,6.0341,2.2589

1720.3420,0.2919,0.3534,2.7617,3.0094,2.5147,6.5279,1.4025,1.7223,6.5279,2.4088

1721.3420,-0.2019,0.4769,3.8730,2.6390,2.6382,5.6019,-0.0793,1.5576,5.6019,2.1354

1722.3420,0.1067,-0.0788,2.7617,2.6390,2.6999,6.1575,1.7730,1.6502,6.1575,2.2941

1723.3430,0.2919,0.1682,3.1938,2.4538,2.3295,5.9106,1.2790,1.6194,5.9106,2.2324

1724.3420,0.5388,0.2917,2.5147,2.3920,2.5765,6.1575,0.7234,1.5062,6.1575,2.1706

1725.3420,0.4153,0.0447,2.5147,2.6390,2.7617,3.7498,1.7730,1.6914,3.7498,1.9855

1726.3420,0.6005,0.4151,2.3912,2.4538,2.8234,6.3427,0.8468,1.5885,6.3427,2.2677

1727.3420,0.1067,-1.0665,2.3295,2.9476,3.0087,6.3427,1.1555,1.4136,6.3427,2.1177

1728.3420,-0.0168,0.2299,2.5764,2.0834,2.6382,6.2810,0.9086,1.4033,6.2810,2.1001

1729.3430,0.1067,0.8473,2.9469,2.5772,2.2060,5.7254,1.2173,1.6502,5.7254,2.2324

1730.3430,0.2302,0.2299,2.6999,2.4538,2.5147,5.9106,1.4025,1.5885,5.9106,2.2059

1731.3420,0.0450,0.3534,1.8973,2.6390,2.7617,5.8489,1.5260,1.5370,5.8489,2.1530

1732.3420,0.6005,0.7856,2.5764,1.9599,1.8355,6.5279,1.2173,1.4959,6.5279,2.2147

1733.3420,-0.0168,0.3534,2.8851,2.7007,3.0704,6.0341,1.2173,1.7017,6.0341,2.3206

1734.3430,0.5388,0.3534,2.4529,2.8859,2.2060,6.9601,1.2173,1.6091,6.9601,2.3735

1735.3420,0.3536,0.3534,2.5147,3.5650,3.5643,6.1575,1.3408,1.9486,6.1575,2.5499

1736.3420,0.9709,-0.0170,2.7617,3.3180,2.8852,5.9723,1.2173,1.8560,5.9723,2.4441

1737.3420,0.1067,-0.0170,2.9469,3.5650,2.0825,6.2810,0.7234,1.5679,6.2810,2.2412

1738.3420,0.2302,0.1682,2.1442,2.3920,2.8234,6.0958,0.9703,1.4547,6.0958,2.1177

1739.3420,-0.0168,0.5386,2.7617,3.1328,2.8852,6.0958,1.0938,1.7326,6.0958,2.3559

1740.3420,0.2302,0.1065,2.6999,2.7007,2.4530,6.2810,1.2790,1.5782,6.2810,2.2500

1741.3420,1.4647,-1.0048,3.0704,2.2068,2.6382,5.9723,1.0321,1.5679,5.9723,2.1971

1742.3430,-0.2637,0.3534,2.4529,2.5155,2.4530,6.0341,1.1555,1.4444,6.0341,2.1001

1743.3420,-0.2637,0.7238,2.8234,3.0711,2.4530,6.4662,1.4025,1.7017,6.4662,2.3823

1744.3420,0.5388,0.2917,2.6999,2.3303,2.9469,5.8489,1.2173,1.6708,5.8489,2.2677

1745.3420,0.1684,0.4151,1.7738,2.5772,2.6999,6.2810,1.7112,1.5576,6.2810,2.2324

1746.3420,-0.2019,0.3534,2.6999,2.7624,3.0087,6.4045,1.1555,1.6297,6.4045,2.3118

1747.3420,-0.0168,0.1682,2.7617,3.0094,2.6999,5.8489,1.8347,1.7428,5.8489,2.3294

1748.3420,-0.0785,0.3534,1.8973,3.0094,2.3295,6.0341,1.3408,1.4753,6.0341,2.1266

1749.3420,0.7857,-0.0170,3.5025,2.7624,2.4530,6.0958,1.1555,1.7737,6.0958,2.3911

1750.3420,-0.0168,0.2299,3.0704,2.9476,2.5147,5.9723,1.2173,1.6605,5.9723,2.2765

1751.3420,0.1684,0.1682,2.8234,2.5155,2.9469,6.0958,1.3408,1.6605,6.0958,2.2941

1752.3420,0.1067,0.0447,2.2677,2.5155,2.7617,5.9106,1.3408,1.5062,5.9106,2.1354

1753.3420,-0.0168,0.6621,2.6999,2.5155,2.5147,5.4784,0.5999,1.4959,5.4784,2.0648

1754.3420,-0.1402,0.2299,2.6999,2.4538,2.6382,6.0958,1.5260,1.5679,6.0958,2.2148

1755.3420,0.5388,0.1682,2.4529,2.5772,2.3912,6.1575,1.1555,1.5473,6.1575,2.2059

1756.3420,0.2919,0.1682,2.6382,2.7624,3.0704,6.3427,1.0938,1.6708,6.3427,2.3382

1757.3420,-0.3871,0.2917,2.9469,2.4538,2.7617,6.1575,1.0321,1.5165,6.1575,2.1795

1758.3420,-0.0168,0.5386,2.4529,2.8242,2.5147,5.7871,0.9086,1.5370,5.7871,2.1442

1759.3420,0.0450,0.4151,2.0208,2.5772,2.6999,5.7871,1.5260,1.5473,5.7871,2.1530

1760.3420,0.1684,0.2299,2.5764,2.2686,2.7617,6.2193,1.1555,1.5268,6.2193,2.1971

1761.3420,0.4771,-0.0788,2.7617,2.7007,2.9469,5.9723,1.0938,1.6502,5.9723,2.2677

1762.3420,-0.0168,0.2917,3.6878,2.5772,2.6999,6.0958,1.2173,1.7429,6.0958,2.3647

1763.3420,0.0450,0.4769,2.6999,2.5155,2.2060,6.0341,1.4643,1.5679,6.0341,2.2059

1764.3420,0.4153,0.2917,1.9590,3.0711,2.4530,5.9723,1.1555,1.5576,5.9723,2.1883

1765.3420,0.1684,0.2299,2.6382,2.5155,2.9469,6.2810,1.0321,1.5885,6.2810,2.2589

1766.3430,0.4153,0.2299,2.5764,2.7007,2.7617,6.1575,1.5260,1.7017,6.1575,2.3382

1767.3420,1.0326,0.1065,2.5764,2.3920,2.6382,6.0341,1.4025,1.6914,6.0341,2.3118

1768.3420,0.3536,-0.0788,2.8234,2.8242,2.8234,6.2810,0.9703,1.6194,6.2810,2.2853

1769.3420,0.2302,0.2917,2.8234,2.8242,2.5765,6.0958,1.2173,1.6605,6.0958,2.2941

1770.3420,0.0450,0.2917,2.6999,2.6390,2.3295,6.2810,1.3408,1.5576,6.2810,2.2324

1771.3420,-0.0785,0.1682,2.9469,2.5772,2.7617,6.0341,1.5260,1.6502,6.0341,2.2765

1772.3420,-0.0785,0.1682,2.8851,2.4538,2.6382,6.1575,1.5260,1.5988,6.1575,2.2500

1773.3430,0.4153,0.6621,2.5147,2.7007,2.4530,6.2810,1.4643,1.7017,6.2810,2.3559

1774.3420,0.1684,-1.3752,3.3791,2.7007,2.3912,5.8489,1.3408,1.4342,5.8489,2.0648

1775.3420,0.1067,0.7238,3.1938,2.7624,2.6382,5.9106,1.2790,1.7840,5.9106,2.3735

1776.3420,0.2302,0.2917,2.1442,2.5772,2.7617,5.9106,1.2173,1.5370,5.9106,2.1618

1777.3420,0.1684,0.1682,2.2677,2.5772,2.6999,5.7871,1.4025,1.5473,5.7871,2.1530

1778.3420,-0.2019,0.6621,2.4529,2.5772,2.6999,5.9723,1.3408,1.5885,5.9723,2.2148

1779.3420,0.2302,0.4769,2.8851,2.7007,3.1939,6.0341,1.0938,1.7634,6.0341,2.3735

1780.3420,0.1684,0.3534,2.5147,2.7007,2.2677,6.0958,1.8964,1.6502,6.0958,2.2853

1781.3420,0.1684,0.6621,2.4529,2.5155,2.8234,6.1575,1.4643,1.6811,6.1575,2.3206

1782.3420,0.2302,0.3534,3.1938,2.4538,2.9469,7.0836,1.5877,1.7943,7.0836,2.5499

1783.3420,-0.2019,0.2299,2.8851,2.5155,2.6999,6.2193,1.3408,1.5782,6.2193,2.2412

1784.3420,-0.0168,0.4151,2.7617,2.5772,2.4530,5.9723,1.4025,1.5988,5.9723,2.2236

1785.3420,0.0450,0.8473,2.5147,2.5155,2.5765,6.2193,1.4025,1.6502,6.2193,2.3030

1786.3420,0.4153,0.2917,3.1321,2.9476,2.7617,5.9106,1.1555,1.7840,5.9106,2.3735

1787.3420,0.6622,-0.0788,2.8851,2.4538,2.7617,6.1575,1.5260,1.7017,6.1575,2.3382

1788.3420,0.2302,0.4151,2.5764,2.3920,2.7617,6.0341,1.4643,1.6399,6.0341,2.2677

1789.3420,-0.0785,0.6003,2.4529,2.6390,2.6999,6.0958,1.2790,1.5988,6.0958,2.2412

1790.3420,0.2302,0.5386,2.8851,2.7007,2.5765,6.4045,-0.3262,1.4341,6.4045,2.1442

1791.3420,0.1684,0.4769,2.5764,2.8242,2.6382,6.2810,1.2173,1.6502,6.2810,2.3118

1792.3430,-0.0785,0.3534,2.6999,2.8242,2.8234,6.0958,1.0938,1.6194,6.0958,2.2589

1793.3420,0.4153,0.2917,2.8234,2.8242,2.5765,6.5897,1.2790,1.7017,6.5897,2.4000

1794.3420,-0.0785,0.6003,2.8234,2.3920,2.9469,6.0341,0.9703,1.6091,6.0341,2.2412

1795.3420,0.2919,0.4151,2.2060,2.9476,2.3295,6.0341,1.2173,1.5679,6.0341,2.2059

1796.3430,-0.0168,0.4151,2.7617,2.7007,2.6999,6.6514,2.2051,1.7943,6.6514,2.4882

1797.3420,0.1684,-0.2640,2.6382,2.9476,2.4530,6.2810,1.2790,1.5370,6.2810,2.2148

1798.3420,-0.0168,0.4769,2.6382,2.6390,2.2677,5.9723,1.4643,1.5782,5.9723,2.2059

1799.3420,-0.0785,0.2917,2.3295,2.9476,2.6999,5.4784,2.0199,1.7017,5.4784,2.2412

1800.3420,0.3536,0.3534,2.3912,3.0094,2.2060,6.0341,1.4025,1.6194,6.0341,2.2500

1801.3420,0.3536,0.8473,2.6382,2.5155,3.0704,5.9106,1.1555,1.7634,5.9106,2.3559

1802.3420,0.1684,-0.0170,2.9469,2.8242,2.5765,6.0341,1.4025,1.6502,6.0341,2.2765

1803.3420,-0.0785,0.1682,2.7617,2.6390,2.6999,6.0958,1.8347,1.6708,6.0958,2.3030

1804.3420,0.4153,0.1065,2.8234,2.7007,2.0825,5.9723,1.0321,1.5267,5.9723,2.1618

1805.3430,0.1684,1.4029,3.1938,2.6390,2.4530,6.0958,1.3408,1.8663,6.0958,2.4705

1806.3420,-0.3254,0.1065,2.8234,3.0711,2.6999,6.0958,1.7730,1.6914,6.0958,2.3206

1807.3420,0.6622,-0.3874,2.8851,2.6390,2.5765,6.4045,1.2173,1.5988,6.4045,2.2853

1808.3420,0.3536,0.4151,3.2556,2.5155,2.3912,6.1575,1.1555,1.6811,6.1575,2.3206

1809.3420,1.0943,-0.0788,3.0086,2.4538,2.6999,6.0341,1.7730,1.8251,6.0341,2.4264

1810.3420,-0.0168,0.4151,2.4529,2.6390,2.6382,6.5279,1.3408,1.5782,6.5279,2.2853

1811.3420,0.6622,-0.2640,2.5764,2.3920,2.6999,5.7254,1.1555,1.5370,5.7254,2.1354

1812.3420,0.1067,0.2299,2.1442,2.5155,2.7617,5.9723,1.2173,1.4959,5.9723,2.1354

1813.3420,-0.0168,0.2917,2.6999,2.5155,2.6999,6.0958,1.8347,1.6708,6.0958,2.3030

1814.3420,0.0450,0.2917,2.3912,2.8859,2.6382,6.5279,1.4643,1.6194,6.5279,2.3206

1815.3420,0.1067,0.6003,2.8234,2.6390,2.3912,6.0958,1.0938,1.6091,6.0958,2.2500

1816.3420,0.2302,0.3534,2.3295,2.7007,2.9469,6.0958,1.4025,1.6605,6.0958,2.2941

1817.3420,0.6005,0.6003,2.3912,2.7007,2.4530,5.9723,0.7851,1.5885,5.9723,2.2147

1818.3420,0.4153,1.2177,2.3295,2.7007,2.6382,6.1575,1.0938,1.7325,6.1575,2.3647

1819.3420,-0.0168,-0.2022,2.9469,3.2563,2.5765,6.2193,1.2173,1.6297,6.2193,2.2853

1820.3420,-0.0168,0.8473,2.7617,2.4538,2.5765,6.0341,1.3408,1.6605,6.0341,2.2853

1821.3420,0.7857,0.1682,2.6382,3.1328,2.7617,6.0958,1.2790,1.7943,6.0958,2.4088

1822.3420,-0.0785,0.2917,2.6999,2.6390,2.3295,6.3427,1.7730,1.6091,6.3427,2.2853

1823.3420,-0.1402,0.3534,2.8234,2.8242,2.6999,5.9106,1.5877,1.6914,5.9106,2.2941

1824.3420,-0.0168,0.2917,2.7617,2.7624,2.3912,6.2193,2.0817,1.7120,6.2193,2.3559

1825.3420,-0.0785,0.2299,2.6382,2.7007,2.6382,6.0341,1.8347,1.6605,6.0341,2.2853

1826.3420,-0.0785,0.0447,2.4529,2.8242,2.2677,6.2193,1.4025,1.4856,6.2193,2.1618

1827.3420,0.0450,0.6621,2.7617,2.6390,2.3912,6.4045,1.1555,1.6091,6.4045,2.2941

1828.3420,-0.2637,0.2917,2.6382,3.0094,2.8852,5.9106,1.3408,1.6502,5.9106,2.2589

1829.3420,0.4153,0.2917,2.5147,2.2068,2.5765,6.5279,0.9086,1.4856,6.5279,2.2059

1830.3420,-0.0785,0.6003,3.0086,2.6390,2.4530,5.9723,1.4025,1.6708,5.9723,2.2853

1831.3420,0.4771,0.4769,2.4529,2.8859,2.6382,6.0958,0.7851,1.6193,6.0958,2.2588

1832.3430,0.1684,0.2299,2.3912,2.3920,2.3912,6.1575,1.2790,1.4753,6.1575,2.1442

1833.3420,0.2302,0.1065,2.1442,3.8737,2.8852,5.7254,1.2173,1.7428,5.7254,2.3118

1834.3420,0.2919,-0.0170,2.3295,2.5772,2.4530,6.0958,1.2173,1.4753,6.0958,2.1354

1835.3420,0.1067,0.2917,3.0704,2.9476,2.6382,5.7254,0.9703,1.6708,5.7254,2.2500

1836.3420,0.2919,-0.0170,2.7617,2.7007,2.8234,5.7871,1.5877,1.6914,5.7871,2.2765

1837.3420,0.0450,0.4769,2.3295,2.4538,2.6999,6.0341,1.2173,1.5371,6.0341,2.1795

1838.3420,0.4771,0.2917,2.5147,2.7624,2.6999,6.1575,1.1555,1.6502,6.1575,2.2941

1839.3420,0.1684,0.1682,2.8851,2.7007,3.0087,6.4662,1.2790,1.7017,6.4662,2.3823

1840.3420,0.1067,0.2299,2.6999,3.1328,3.1939,5.9723,0.9086,1.7120,5.9723,2.3206

1841.3420,0.5388,0.1065,2.0208,2.8859,2.5147,6.0341,1.3408,1.5679,6.0341,2.2059

1842.3420,0.1067,0.2299,2.6999,2.2686,2.5765,6.2810,1.2790,1.5268,6.2810,2.2059

1843.3420,0.4771,0.1682,2.9469,2.6390,2.6382,6.2810,1.2173,1.6811,6.2810,2.3382

1844.3420,0.0450,0.2917,2.5764,2.5155,2.6382,6.3427,1.4643,1.5885,6.3427,2.2677

1845.3430,-0.0168,0.2299,2.7617,2.7624,2.8234,6.5897,1.2790,1.6400,6.5897,2.3471

1846.3420,0.7240,-0.5109,2.6382,2.7624,2.6999,6.4045,1.4643,1.6296,6.4045,2.3118

1847.3420,-0.2019,0.6621,3.0704,2.5772,2.8234,6.2193,1.0321,1.6605,6.2193,2.3118

1848.3420,0.2302,0.1065,2.8234,2.7624,3.1939,6.0958,1.0938,1.7017,6.0958,2.3294

1849.3420,0.2302,0.2917,2.9469,2.6390,2.3912,6.1575,1.2790,1.6297,6.1575,2.2765

1850.3420,0.2919,0.1682,2.6999,2.5772,2.8852,6.1575,1.5877,1.7017,6.1575,2.3382

1851.3420,0.1684,0.2299,2.5764,2.5772,2.7617,6.4045,1.1555,1.5782,6.4045,2.2677

1852.3420,-0.0785,0.2917,2.5764,2.5772,2.6382,5.9723,1.4643,1.5782,5.9723,2.2059

1853.3420,0.1067,0.3534,2.6382,2.5155,2.3295,6.1575,1.0321,1.4959,6.1575,2.1618

1854.3420,0.1684,0.7238,2.6999,2.7007,2.7617,5.9106,1.1555,1.7017,5.9106,2.3030

1855.3420,0.3536,0.6621,2.6999,2.5772,2.6999,5.8489,1.2173,1.7017,5.8489,2.2941

1856.3420,0.3536,0.4151,3.0704,2.8859,2.5147,5.8489,0.9703,1.7017,5.8489,2.2941

1857.3420,0.4153,0.1682,2.5147,2.5155,2.7617,6.0341,0.9703,1.5576,6.0341,2.1971

1858.3430,0.0450,0.9090,2.5147,2.5772,2.6382,6.0958,1.4025,1.6811,6.0958,2.3118

1859.3420,0.5388,0.2917,3.0086,2.7624,2.5765,5.7254,1.1555,1.7223,5.7254,2.2941

1860.3420,0.1684,0.4151,3.0704,2.7007,2.3295,6.0341,1.3408,1.6708,6.0341,2.2941

1861.3420,0.5388,-0.1405,2.4529,2.5772,2.5147,5.9723,1.2790,1.5370,5.9723,2.1706

1862.3420,-0.0785,0.2917,1.9590,2.8242,2.8852,5.9106,1.4643,1.5576,5.9106,2.1795

1863.3420,0.1067,-0.0788,2.5147,2.5772,2.7617,6.0958,1.0938,1.4959,6.0958,2.1530

1864.3420,0.2919,0.2917,3.4408,2.9476,2.4530,6.1575,1.3408,1.7943,6.1575,2.4176

1865.3420,0.2302,-0.3257,2.7617,2.7624,2.4530,6.2193,1.2790,1.5268,6.2193,2.1971

1866.3420,0.3536,0.1682,2.5764,2.5155,2.8852,5.8489,1.4025,1.6502,5.8489,2.2500

1867.3430,0.7857,0.1065,2.7617,2.7007,2.8852,6.0341,1.2173,1.7428,6.0341,2.3559

1868.3420,0.2919,0.1682,2.8234,2.6390,3.1939,6.6514,0.7234,1.6399,6.6514,2.3559

1869.3420,0.2919,0.4151,2.8234,2.5772,2.5765,6.4662,1.0321,1.6194,6.4662,2.3118

1870.3420,-0.0785,0.2299,2.4529,2.6390,2.3912,6.2193,1.1555,1.4650,6.2193,2.1442

1871.3430,0.4771,0.2917,3.1938,2.7007,2.6382,5.9106,1.2790,1.7634,5.9106,2.3559

1872.3420,-0.2637,0.4151,2.8851,2.5155,2.8234,6.2193,0.9703,1.5576,6.2193,2.2236

1873.3420,0.1684,0.2299,2.6382,2.5772,2.7617,6.4662,1.2173,1.5988,6.4662,2.2941

1874.3420,0.2302,0.3534,2.4529,2.8859,3.4409,6.2810,1.3408,1.7840,6.2810,2.4264

1875.3420,0.4771,0.4769,2.5147,2.7624,2.9469,6.1575,1.1555,1.7223,6.1575,2.3559

1876.3420,0.1684,0.0447,2.8234,3.4415,2.8852,5.9106,1.2790,1.7737,5.9106,2.3647

1877.3420,0.1684,0.3534,2.5764,2.8242,3.4409,6.2193,1.0938,1.7428,6.2193,2.3823

1878.3420,0.2302,0.6621,2.3912,2.3920,2.6999,5.9106,1.3408,1.6194,5.9106,2.2324

1879.3420,-0.0785,0.3534,2.7617,3.0094,2.5765,6.0958,1.6495,1.7120,6.0958,2.3382

1880.3420,0.2919,0.5386,2.6999,2.7007,2.3295,6.5897,0.7851,1.5576,6.5897,2.2765

1881.3420,0.1684,0.0447,2.7617,2.8859,2.6999,6.0958,1.2173,1.6297,6.0958,2.2677

1882.3420,0.0450,0.2917,2.6999,2.7624,2.5765,6.0958,1.6495,1.6708,6.0958,2.3030

1883.3420,0.0450,0.2917,2.8851,2.0834,2.3295,6.0958,1.4025,1.5062,6.0958,2.1618

1884.3430,-0.0168,0.4151,2.5764,3.0711,2.8852,5.9723,1.5260,1.7428,5.9723,2.3471

1885.3420,0.2919,0.3534,2.5147,2.7624,2.5765,6.0341,0.9703,1.5782,6.0341,2.2147

1886.3420,0.7240,0.3534,2.5147,2.7007,2.6999,5.9723,1.1555,1.6914,5.9723,2.3029

1887.3420,0.2919,0.1682,2.8234,3.3798,2.7617,6.0341,1.4643,1.8149,6.0341,2.4176

1888.3420,0.3536,0.2917,2.5147,3.3180,2.7617,6.0341,1.2173,1.7428,6.0341,2.3559

1889.3420,0.2302,0.2299,2.8851,2.7624,2.2677,6.2810,1.0938,1.5782,6.2810,2.2500

1890.3420,0.3536,0.2299,2.7617,2.7624,2.3912,6.5279,0.8468,1.5576,6.5279,2.2677

1891.3420,-0.1402,0.4769,3.1321,2.9476,2.4530,5.8489,1.2790,1.6914,5.8489,2.2853

1892.3420,0.1067,0.2299,2.5764,2.7007,2.8852,6.1575,1.7112,1.7017,6.1575,2.3382

1893.3420,0.1067,1.0325,2.1442,2.8242,2.6999,5.8489,1.4643,1.7120,5.8489,2.3030

1894.3420,0.2919,0.4151,2.4529,3.8737,2.2060,6.1575,1.2790,1.7531,6.1575,2.3823

1895.3420,0.1067,0.5386,2.4529,3.2563,2.6382,5.9723,1.0938,1.6811,5.9723,2.2941

1896.3420,0.1067,0.1682,2.6999,2.3303,2.7617,6.0958,1.2173,1.5473,6.0958,2.1971

1897.3420,-0.0785,0.4769,2.7617,2.4538,2.3912,6.0341,1.3408,1.5576,6.0341,2.1971

1898.3430,0.4771,0.6003,2.8851,2.3920,2.5765,6.2810,1.2173,1.6914,6.2810,2.3470

1899.3420,0.2302,0.5386,2.6382,2.5155,2.6999,5.8489,1.1555,1.6297,5.8489,2.2324

1900.3420,-0.1402,0.4769,2.6382,1.4043,2.8852,5.7871,1.4643,1.4548,5.7871,2.0737

1901.3420,-0.0168,0.4151,2.5764,2.3920,2.2060,6.2810,1.2790,1.4753,6.2810,2.1618

1902.3420,-0.0168,0.1682,2.7617,2.5155,2.5765,6.0341,1.8347,1.6400,6.0341,2.2677

1903.3420,0.2919,0.3534,2.6382,2.3303,2.6382,6.2193,-0.0793,1.3621,6.2193,2.0560

1904.3430,0.2302,0.4151,2.2677,2.7624,2.2677,6.1575,1.4025,1.5576,6.1575,2.2147

1905.3420,0.9709,0.8473,2.2060,2.5155,2.5765,5.9723,1.2790,1.7325,5.9723,2.3382

1906.3420,0.0450,0.6621,2.5764,2.4538,2.5765,6.1575,1.2790,1.5988,6.1575,2.2500

1907.3420,-0.0785,0.4769,3.4408,2.7007,2.5147,6.7132,0.6616,1.6194,6.7132,2.3471

1908.3430,-0.1402,0.4769,2.9469,3.0711,3.0087,6.0341,1.2173,1.7634,6.0341,2.3735

1909.3420,0.4153,0.4769,2.5147,2.4538,2.6382,6.1575,0.9086,1.5679,6.1575,2.2236

1910.3420,0.1067,-0.0170,2.8234,2.3920,2.5765,6.1575,1.2790,1.5268,6.1575,2.1883

1911.3430,0.1684,0.7856,2.8851,2.6390,2.5765,6.0341,1.3408,1.7326,6.0341,2.3471

1912.3420,0.2302,0.1682,2.7617,2.5155,3.1939,6.2193,1.1555,1.6708,6.2193,2.3206

1913.3420,-0.2019,0.2917,3.6878,3.5650,3.0087,6.0341,1.2173,1.9281,6.0341,2.5146

1914.3420,0.1684,-0.0170,2.4529,2.3303,2.2677,6.1575,1.4025,1.4342,6.1575,2.1089

1915.3420,0.4771,0.5386,2.7617,2.5155,2.5765,6.0958,1.4643,1.7223,6.0958,2.3470

1916.3420,0.2302,0.6003,2.6382,2.3920,2.7617,5.8489,1.0321,1.6091,5.8489,2.2148

1917.3420,-0.0168,0.3534,2.6382,2.7624,2.9469,6.1575,1.0938,1.6297,6.1575,2.2765

1918.3420,0.2919,0.1065,2.4529,2.7007,2.6382,5.9106,1.2790,1.5782,5.9106,2.1971

1919.3420,0.2302,0.1682,3.1321,2.7624,2.3295,6.0958,1.2173,1.6399,6.0958,2.2765

1920.3420,0.3536,-0.0170,3.0704,2.3920,3.6261,6.1575,1.0938,1.7531,6.1575,2.3823

1921.3420,0.0450,0.3534,2.8851,2.5772,2.8234,6.0958,1.1555,1.6400,6.0958,2.2765

1922.3430,-0.0785,0.3534,2.5147,2.5155,2.6382,6.0341,1.2790,1.5371,6.0341,2.1795

1923.3420,-0.0785,0.4769,2.5147,3.2563,2.6999,6.0341,1.2173,1.6811,6.0341,2.3030

1924.3420,0.1067,0.4151,2.6999,2.5155,2.4530,5.8489,1.7730,1.6605,5.8489,2.2589

1925.3420,0.2302,0.1682,2.5764,2.0834,2.5147,6.1575,1.2173,1.4650,6.1575,2.1354

1926.3420,0.5388,0.2299,3.2556,2.7007,2.2060,5.9723,1.0321,1.6605,5.9723,2.2765

1927.3420,0.0450,0.4151,2.6999,3.3180,2.7617,5.9723,1.1555,1.7325,5.9723,2.3382

1928.3420,0.9092,-0.8813,2.8851,2.8859,2.3912,6.2810,1.4025,1.5988,6.2810,2.2677

1929.3420,0.2302,0.6621,2.5764,2.8242,2.5765,5.9723,0.9703,1.6399,5.9723,2.2588

1930.3420,0.5388,0.9090,2.6999,3.1328,2.2677,6.2193,1.4025,1.8251,6.2193,2.4529

1931.3420,0.5388,0.3534,2.0825,2.5155,2.5765,6.0958,1.4025,1.5782,6.0958,2.2236

1932.3420,0.0450,0.3534,2.4529,2.5772,2.2060,6.2193,1.2173,1.4753,6.2193,2.1530

1933.3420,0.2919,-0.0170,2.8234,2.7624,2.4530,6.0341,0.9703,1.5473,6.0341,2.1883

1934.3420,0.1684,0.0447,2.6382,2.5772,2.5765,6.3427,1.4025,1.5679,6.3427,2.2500

1935.3420,-0.8809,0.7238,2.2677,2.6390,2.6382,6.0958,1.2173,1.4342,6.0958,2.1001

1936.3420,0.0450,0.1065,2.5764,2.2068,3.1321,5.6019,1.4025,1.5782,5.6019,2.1530

1937.3420,0.1067,0.4151,2.2060,2.7624,2.8234,6.2193,1.2790,1.5988,6.2193,2.2589

1938.3420,0.2919,-0.3874,3.0704,2.5772,2.5147,6.2193,0.8468,1.4856,6.2193,2.1618

1939.3420,0.5388,0.2917,2.2677,2.5772,2.3295,6.5279,0.7851,1.4650,6.5279,2.1883

1940.3420,0.1067,0.6621,2.5147,3.0711,2.6999,6.0958,0.8468,1.6502,6.0958,2.2853

1941.3430,0.4153,0.5386,2.4529,2.7624,2.7617,6.2193,1.0938,1.6708,6.2193,2.3206

1942.3430,-0.1402,0.2299,2.5764,3.1328,2.5147,5.9723,1.2173,1.5885,5.9723,2.2148

1943.3420,0.1067,0.4151,2.5147,2.6390,2.5147,6.5897,1.1555,1.5576,6.5897,2.2765

1944.3420,0.0450,0.3534,2.8851,2.7007,2.5765,5.9106,1.0938,1.6091,5.9106,2.2236

1945.3420,-0.2637,-0.2640,2.6999,2.4538,2.3912,5.9723,1.0938,1.3518,5.9723,2.0119

1946.3420,0.2302,0.4769,2.6999,2.5772,2.8852,5.7871,1.0938,1.6605,5.7871,2.2500

1947.3420,0.3536,0.2299,2.7617,2.7624,2.3912,5.4167,0.7851,1.5473,5.4167,2.1001

1948.3420,0.2302,0.1682,2.7617,2.3303,2.6382,6.2193,1.0321,1.5268,6.2193,2.1971

1949.3430,0.2302,0.1682,2.8234,2.7624,2.7617,5.9723,1.0938,1.6399,5.9723,2.2589

1950.3420,0.2919,-0.0170,2.8234,2.3303,2.6382,5.9106,1.3408,1.5679,5.9106,2.1883

1951.3420,0.4153,0.3534,2.5764,2.4538,2.8852,5.9723,1.3408,1.6708,5.9723,2.2853

1952.3420,0.4771,0.3534,2.6382,2.3303,2.7617,5.9106,1.3408,1.6502,5.9106,2.2589

1953.3420,0.2919,0.1682,2.5764,2.6390,2.8234,6.3427,1.2790,1.6297,6.3427,2.3030

1954.3430,0.3536,0.2917,2.8851,2.7624,2.6382,5.7254,1.1555,1.6811,5.7254,2.2589

1955.3420,0.7240,0.2917,2.5764,2.7007,2.6382,6.7132,1.0321,1.6605,6.7132,2.3823

1956.3420,0.3536,0.1682,2.6382,2.6390,2.5147,6.1575,1.5260,1.6399,6.1575,2.2853

1957.3420,0.2919,0.2299,2.9469,2.6390,2.5765,5.7871,1.4643,1.6914,5.7871,2.2765

1958.3420,0.0450,0.4151,2.5764,2.6390,2.5765,6.5897,1.4025,1.6091,6.5897,2.3206

1959.3420,0.3536,0.1065,2.6382,2.7007,2.2677,6.2193,1.0321,1.5165,6.2193,2.1883

1960.3430,-0.1402,0.1682,2.8234,2.3303,2.5765,6.0341,1.5260,1.5474,6.0341,2.1883

1961.3420,-0.2637,0.4151,3.3173,2.4538,2.5147,6.1575,1.0321,1.5782,6.1575,2.2324

1962.3420,0.1067,0.3534,2.9469,2.8242,2.8852,6.1575,1.4643,1.7634,6.1575,2.3912

1963.3420,0.1067,0.1682,2.5764,2.5155,2.6999,5.6636,1.2790,1.5576,5.6636,2.1442

1964.3420,0.3536,0.2299,2.5147,2.3920,2.8852,5.6636,1.6495,1.6708,5.6636,2.2412

1965.3430,0.2919,0.0447,2.7617,2.6390,2.9469,5.9106,1.2173,1.6502,5.9106,2.2589

1966.3420,0.1684,-0.1405,2.5147,2.9476,2.2060,6.2193,1.4643,1.5268,6.2193,2.1971

1967.3420,0.2919,-0.0788,2.6382,2.5772,2.6999,6.0958,1.2173,1.5576,6.0958,2.2059

1968.3420,0.3536,0.1682,2.6382,2.3920,2.6999,6.2193,1.0938,1.5576,6.2193,2.2236

1969.3430,0.5388,0.4769,2.5764,2.5772,3.0087,5.7871,1.0938,1.7120,5.7871,2.2941

1970.3420,0.4153,0.1065,2.3912,2.6390,2.5147,6.1575,1.0938,1.5267,6.1575,2.1883

1971.3420,0.2302,-0.0788,2.5147,2.5155,2.7617,5.7871,1.3408,1.5473,5.7871,2.1530

1972.3420,0.1684,0.4151,2.2060,3.0094,2.6382,5.8489,1.2790,1.6194,5.8489,2.2236

1973.3420,-0.0168,0.1682,2.7617,2.8242,2.3912,5.9723,1.3408,1.5782,5.9723,2.2059

1974.3420,-0.1402,0.2299,2.6382,2.3303,2.5147,7.0218,1.2173,1.4650,7.0218,2.2589

1975.3420,0.1067,0.5386,2.3912,2.5772,2.6999,6.5279,1.2790,1.5988,6.5279,2.3030

1976.3420,-0.2637,0.0447,2.6999,2.4538,2.5765,6.4045,1.6495,1.5268,6.4045,2.2236

1977.3420,0.1067,0.2299,3.0704,2.4538,2.3912,6.0958,1.0321,1.5473,6.0958,2.1971

1978.3420,0.3536,-0.0170,2.6382,2.5155,2.2677,6.2193,1.0938,1.4753,6.2193,2.1530

1979.3420,0.2919,0.0447,2.5764,2.4538,2.7617,6.2810,1.3408,1.5782,6.2810,2.2500

1980.3420,0.2302,0.1065,3.4408,2.8859,2.8234,5.7254,1.2173,1.7840,5.7254,2.3471

1981.3420,0.9709,0.2917,2.4529,2.4538,2.5765,5.9723,0.5999,1.5576,5.9723,2.1883

1982.3420,0.1067,0.1682,2.4529,2.8859,2.5765,6.4662,1.6495,1.6399,6.4662,2.3294

1983.3420,0.1684,0.0447,2.2060,2.4538,2.6382,5.7871,1.3408,1.4753,5.7871,2.0913

1984.3430,0.0450,-0.0788,2.5764,2.3920,2.8852,6.4045,1.8347,1.6091,6.4045,2.2941

1985.3420,0.0450,-0.0170,2.7617,1.8981,1.9590,6.4045,1.1555,1.3004,6.4045,2.0295

1986.3420,0.1684,0.1065,2.5147,2.5155,2.6382,5.5402,1.5260,1.5782,5.5402,2.1442

1987.3420,-0.3254,0.3534,2.5147,2.1451,2.5765,5.6636,1.5877,1.4753,5.6636,2.0737

1988.3420,-0.3254,0.0447,2.3912,2.6390,2.2060,6.0958,1.2173,1.3621,6.0958,2.0384

1989.3430,-0.0785,0.2299,2.6382,2.7624,2.5765,6.5279,1.3408,1.5782,6.5279,2.2853

1990.3420,0.1684,0.1682,2.7617,2.5155,2.3295,5.7871,1.1555,1.5165,5.7871,2.1266

1991.3420,0.2302,0.1682,2.5147,2.5772,2.7617,5.7254,1.5260,1.6297,5.7254,2.2148

1992.3420,0.1684,0.8473,2.1442,2.7624,2.8852,5.9106,1.2173,1.6708,5.9106,2.2765

1993.3420,0.1067,0.0447,3.1938,2.5155,2.3912,5.9723,1.0321,1.5473,5.9723,2.1795

1994.3420,0.2302,0.3534,2.4529,2.7624,2.5147,6.5279,1.1555,1.5782,6.5279,2.2853

1995.3420,-0.2019,0.0447,2.5764,2.5772,2.6382,6.0341,1.6495,1.5474,6.0341,2.1883

1996.3420,0.0450,0.1065,2.5147,2.5772,2.7617,7.2070,1.5260,1.5885,7.2070,2.3912

1997.3420,0.3536,-0.4492,2.4529,2.7007,2.2677,6.0341,1.1555,1.4136,6.0341,2.0736

1998.3420,0.0450,0.2917,3.1321,2.5155,2.5147,6.2193,1.1555,1.6091,6.2193,2.2677

1999.3420,0.2302,0.2299,2.8234,2.2686,3.0704,5.9723,1.2173,1.6400,5.9723,2.2589

2000.3420,-0.3254,0.3534,2.6999,2.4538,2.5147,5.6019,0.9086,1.4342,5.6019,2.0296

2001.3420,-0.0168,0.4151,2.1442,2.4538,2.6382,6.2193,1.2790,1.4856,6.2193,2.1618

2002.3420,-0.2637,0.2917,2.8234,2.3920,2.6999,6.0341,1.0321,1.4959,6.0341,2.1442

2003.3420,0.0450,0.1682,2.6382,2.1451,2.6999,6.7749,0.5999,1.3827,6.7749,2.1530

2004.3420,0.2302,0.1065,2.4529,2.7624,2.4530,6.0958,1.3408,1.5576,6.0958,2.2059

2005.3420,-0.0785,0.3534,2.8234,2.8859,2.6382,6.2810,1.5260,1.6914,6.2810,2.3471

2006.3420,0.0450,0.2299,2.3295,2.6390,2.5765,6.2810,1.5260,1.5576,6.2810,2.2324

2007.3420,0.4771,0.1682,2.5764,2.7007,2.3912,6.1575,1.1555,1.5782,6.1575,2.2324

2008.3420,-0.2019,0.2917,2.3912,2.6390,2.5147,6.2193,1.1555,1.4650,6.2193,2.1442

2009.3420,-0.0168,0.4769,2.7617,2.5155,2.5765,5.9723,1.5877,1.6502,5.9723,2.2677

2010.3420,0.1067,0.0447,2.5764,2.4538,2.5147,5.6019,1.3408,1.5062,5.6019,2.0913

2011.3420,-0.1402,0.2299,2.6382,2.3303,2.5147,6.1575,1.4025,1.4959,6.1575,2.1618

2012.3420,0.4771,0.2917,2.5147,2.2068,2.5147,6.2810,1.4025,1.5679,6.2810,2.2412

2013.3420,0.0450,0.1682,2.8851,2.8242,2.8234,5.9723,1.5260,1.7120,5.9723,2.3206

2014.3420,-0.6958,0.2917,2.8234,2.3920,2.6382,6.0958,1.5877,1.5062,6.0958,2.1619

2015.3420,0.2302,0.2299,2.6999,2.5772,2.8234,6.3427,1.2173,1.6297,6.3427,2.3030

2016.3420,0.2919,0.7856,2.6382,2.6390,2.3912,6.1575,1.0321,1.6296,6.1575,2.2765

2017.3420,0.1684,1.1560,2.6382,2.5155,2.3295,5.6636,1.0938,1.6502,5.6636,2.2236

2018.3420,0.2302,0.3534,2.4529,2.7007,2.3912,6.0958,1.2173,1.5576,6.0958,2.2059

2019.3420,0.2302,1.1560,2.7617,2.5772,2.4530,6.2193,1.0938,1.7120,6.2193,2.3559

2020.3420,-0.3254,0.2299,2.5147,2.5772,2.8234,5.9723,1.4025,1.5371,5.9723,2.1707

2021.3420,0.1684,0.2917,2.2677,2.4538,2.6999,5.9723,1.3408,1.5370,5.9723,2.1707

2022.3420,0.3536,0.2917,2.5764,2.2686,2.4530,6.0341,1.4643,1.5679,6.0341,2.2059

2023.3420,0.0450,0.1065,2.5147,2.5772,2.2060,6.0958,1.4025,1.4753,6.0958,2.1354

2024.3420,-0.0168,0.7238,2.4529,2.5772,2.5147,5.9723,1.2173,1.5782,5.9723,2.2059

2025.3420,0.1067,0.2299,3.2556,2.7624,2.5147,6.0341,1.2790,1.6914,6.0341,2.3118

2026.3420,0.1684,0.4769,2.5147,2.3920,2.9469,5.7871,1.2790,1.6297,5.7871,2.2236

2027.3420,0.5388,0.2917,2.4529,2.5155,2.3912,6.2193,1.0321,1.5370,6.2193,2.2059

2028.3420,0.4771,0.1065,2.6999,2.3303,2.6382,5.9723,1.2790,1.5885,5.9723,2.2148

2029.3420,-0.0168,0.4769,2.3295,2.5155,2.7617,6.1575,1.2173,1.5473,6.1575,2.2059

2030.3420,0.0450,0.4151,2.6382,2.7007,2.5147,6.0341,1.4643,1.6297,6.0341,2.2589

2031.3420,0.0450,-0.2022,2.5764,2.8242,2.5147,6.2193,1.1555,1.4856,6.2193,2.1618

2032.3420,0.1684,0.2917,2.2677,2.7007,2.8852,6.0341,1.3408,1.6091,6.0341,2.2412

2033.3420,0.6005,-0.4492,2.5147,2.7624,2.3912,6.2193,1.2790,1.5165,6.2193,2.1883

2034.3420,0.5388,-0.2640,2.6999,2.5155,2.7617,6.6514,1.3408,1.5988,6.6514,2.3206

2035.3420,0.1684,-0.0170,2.7617,3.0094,2.6999,5.8489,1.4025,1.6708,5.8489,2.2677

2036.3430,0.1684,0.0447,2.8851,2.5772,2.5765,6.0341,1.2173,1.5782,6.0341,2.2148

2037.3420,0.0450,0.1065,2.5147,2.6390,2.7617,6.4045,1.0938,1.5268,6.4045,2.2236

2038.3420,-0.2019,0.2917,2.5147,2.7007,2.2060,6.2810,1.2790,1.4650,6.2810,2.1530

2039.3420,-0.0168,0.4769,2.9469,2.5155,2.0208,6.2810,1.0938,1.5062,6.2810,2.1883

2040.3420,0.4153,0.4151,2.6382,2.2686,2.5765,5.9723,0.9703,1.5473,5.9723,2.1795

2041.3420,0.1684,0.9708,2.1442,2.7007,2.5765,5.9723,1.2173,1.6296,5.9723,2.2500

2042.3420,0.1684,-0.0788,2.6999,2.4538,2.8234,6.4045,0.9086,1.4959,6.4045,2.1971

2043.3420,-0.1402,0.2299,2.1442,2.7007,2.5765,6.7132,1.3408,1.4753,6.7132,2.2236

2044.3420,-0.0168,0.2917,2.6999,2.5772,2.4530,6.0341,1.0938,1.5165,6.0341,2.1618

2045.3420,0.1067,0.2917,2.2060,1.9599,2.6382,6.0341,1.1555,1.3930,6.0341,2.0560

2046.3420,-0.3254,0.4151,2.5764,2.5155,2.6382,6.1575,-0.3262,1.2489,6.1575,1.9502

2047.3420,-0.0785,0.2299,2.5147,2.8242,2.5765,5.9723,1.0938,1.5268,5.9723,2.1618

2048.3420,0.2919,0.0447,2.8234,2.4538,2.3295,5.7254,1.2173,1.5268,5.7254,2.1266

2049.3420,-0.0168,0.2917,2.6382,2.6390,2.9469,6.0341,1.1555,1.6091,6.0341,2.2412

2050.3420,0.0450,0.0447,2.3912,2.7007,2.5147,6.5279,1.2173,1.4856,6.5279,2.2059

2051.3420,-0.2019,0.1065,2.3912,2.5772,2.6382,5.6636,1.4025,1.4856,5.6636,2.0825

2052.3420,-0.0168,0.1682,2.6382,2.7007,2.0208,6.0958,1.3408,1.4753,6.0958,2.1354

2053.3430,0.2919,0.4151,2.8851,2.7007,2.4530,5.7871,1.1555,1.6502,5.7871,2.2412

2054.3420,0.0450,0.0447,2.7617,2.6390,2.2060,5.9106,1.1555,1.4753,5.9106,2.1089

2055.3420,-0.3871,0.4151,2.7617,2.5772,2.6382,6.5279,0.5381,1.4239,6.5279,2.1530

2056.3430,-0.0785,0.2917,2.7617,2.9476,2.8852,5.9723,1.0938,1.6502,5.9723,2.2677

2057.3420,0.1067,0.1682,2.5147,2.2686,2.5765,6.0958,1.0321,1.4444,6.0958,2.1089

2058.3420,0.1684,0.4151,2.5147,1.4660,2.5147,5.9723,1.1555,1.3724,5.9723,2.0295

2059.3420,0.1067,0.4151,2.5764,2.8242,2.5147,6.1575,1.2173,1.6091,6.1575,2.2589

2060.3420,0.2302,0.0447,2.8234,2.5155,2.8852,5.9106,1.2173,1.6194,5.9106,2.2324

2061.3430,-0.2637,0.4151,2.6382,2.5155,2.6999,5.9723,1.5260,1.5885,5.9723,2.2148

2062.3420,0.0450,0.4151,2.5764,2.8859,2.8852,6.0958,1.0938,1.6502,6.0958,2.2853

2063.3420,0.3536,0.3534,2.3912,2.8242,3.0704,6.2193,1.2173,1.7017,6.2193,2.3470

2064.3420,-0.0168,0.2917,2.6999,2.4538,2.6999,6.8366,1.2790,1.5679,6.8366,2.3206

2065.3420,0.2302,0.3534,2.4529,2.8242,1.9590,6.1575,0.9703,1.4650,6.1575,2.1354

2066.3420,0.0450,0.3534,2.6999,2.3303,1.2181,6.4045,1.0938,1.2901,6.4045,2.0207

2067.3420,0.0450,0.3534,3.0086,2.3920,2.5765,6.0958,1.0321,1.5679,6.0958,2.2148

2068.3420,0.1067,0.2917,2.6999,2.7624,2.5765,6.2193,1.8964,1.7223,6.2193,2.3647

2069.3430,0.4771,0.4151,2.3912,2.8242,2.6382,6.2810,0.7851,1.5885,6.2810,2.2588

2070.3420,-0.2019,0.0447,2.8234,2.0834,2.7617,5.9723,1.7112,1.5371,5.9723,2.1707

2071.3420,0.1067,0.4151,2.5147,2.6390,3.0087,5.9723,0.9703,1.6091,5.9723,2.2324

2072.3430,-0.2637,-0.0788,2.8234,2.2686,2.6382,6.0341,1.2790,1.4445,6.0341,2.1001

2073.3420,-0.0168,0.3534,2.5147,2.3920,2.7617,7.3305,1.3408,1.5576,7.3305,2.3823

2074.3430,0.0450,-0.0788,2.6999,2.7007,2.4530,6.7749,0.5999,1.4033,6.7749,2.1707

2075.3420,-0.0785,0.3534,2.5764,2.7624,2.3912,6.8366,2.1434,1.6914,6.8366,2.4264

2076.3420,-0.1402,0.1682,2.5147,2.6390,2.3295,6.8366,1.7112,1.5371,6.8366,2.2941

2077.3420,-0.2019,0.1065,2.8234,2.7624,2.4530,6.5897,1.6495,1.5988,6.5897,2.3118

2078.3420,-0.0785,0.1682,2.5147,2.7007,2.6382,6.6514,1.5260,1.5782,6.6514,2.3030

2079.3430,0.0450,0.6621,2.6999,2.5772,2.6382,6.6514,1.0321,1.6091,6.6514,2.3294

2080.3420,-0.1402,0.4769,2.5764,2.5155,2.1443,6.5279,1.2173,1.4650,6.5279,2.1883

2081.3420,0.1067,0.6621,2.6382,2.3303,2.5147,6.4662,1.3408,1.5988,6.4662,2.2941

2082.3420,0.2919,0.2917,2.4529,3.0711,2.6382,6.3427,0.9703,1.6194,6.3427,2.2941

2083.3420,-0.2019,0.1682,2.4529,2.5155,2.5147,6.8984,1.4025,1.4753,6.8984,2.2500

2084.3420,0.0450,0.1682,2.2060,3.0094,1.8355,6.9601,0.9086,1.3621,6.9601,2.1618

2085.3420,0.1684,0.4769,2.5764,2.7007,2.3912,6.8984,1.0938,1.5679,6.8984,2.3294

2086.3420,-0.0785,0.2299,2.5147,2.5772,2.3912,6.7749,1.0321,1.4444,6.7749,2.2059

2087.3420,0.1067,0.0447,2.5764,2.7624,2.2677,6.5897,1.2790,1.5062,6.5897,2.2324

2088.3420,0.0450,0.2917,2.6999,2.8859,2.9469,6.6514,1.4643,1.7223,6.6514,2.4264

2089.3430,0.2302,0.3534,2.4529,3.1946,2.6382,6.4662,1.0938,1.6605,6.4662,2.3470

2090.3420,0.1067,0.5386,2.6382,2.8242,2.6382,6.5897,0.9086,1.6091,6.5897,2.3206

2091.3420,-0.1402,0.4151,3.0086,2.5155,2.6382,6.3427,1.1555,1.5988,6.3427,2.2765

2092.3430,-0.0785,0.4151,3.0086,2.4538,2.5765,6.3427,1.6495,1.6708,6.3427,2.3382

2093.3420,-0.0168,0.1065,2.5147,2.5772,2.7617,6.7749,1.0321,1.4959,6.7749,2.2500

2094.3430,-0.0785,0.1065,2.8234,2.3303,2.3295,6.7132,1.0321,1.4239,6.7132,2.1795

2095.3420,0.2302,-0.0170,2.6382,2.0834,2.7617,7.0218,0.9086,1.4342,7.0218,2.2324

2096.3420,-0.0785,0.1065,2.6382,2.2068,2.6999,6.5279,1.2173,1.4650,6.5279,2.1883

2097.3420,0.4153,1.7116,2.3912,2.7007,2.2060,6.8366,1.2173,1.7737,6.8366,2.4970

2098.3430,0.2302,-0.1405,2.5764,2.5772,2.3912,6.7749,1.3408,1.4959,6.7749,2.2500

2099.3420,0.1684,0.2917,2.3295,2.7007,2.6382,6.7749,1.3408,1.5782,6.7749,2.3206

2100.3430,-0.0785,0.3534,3.2556,2.7007,2.8234,6.3427,1.5260,1.7634,6.3427,2.4176

2101.3420,0.1067,0.6003,2.5147,2.6390,2.8234,5.9723,1.0938,1.6297,5.9723,2.2500

2102.3420,0.2302,-0.8196,2.8234,2.6390,2.5147,6.4045,1.0938,1.4136,6.4045,2.1266

2103.3420,0.6005,0.3534,2.6382,2.6390,2.4530,6.5897,1.2790,1.6605,6.5897,2.3647

2104.3420,-0.1402,0.2917,2.6999,3.1946,2.5765,6.4045,1.1555,1.6297,6.4045,2.3118

2105.3420,0.0450,0.4769,2.7617,2.3303,2.3912,6.2193,1.3408,1.5576,6.2193,2.2236

2106.3430,0.0450,0.3534,2.2677,2.6390,2.7617,6.3427,1.3408,1.5679,6.3427,2.2500

2107.3420,0.2919,0.1682,2.4529,2.7624,3.1321,6.4045,1.1555,1.6605,6.4045,2.3382

2108.3420,0.1067,0.2299,2.3295,2.7007,2.2060,6.9601,0.9086,1.4136,6.9601,2.2059

2109.3420,-0.1402,0.1682,2.5764,2.3920,2.6382,6.1575,1.5877,1.5371,6.1575,2.1971

2110.3430,-0.0168,-0.0788,2.3295,2.7624,2.6382,6.1575,1.2173,1.4753,6.1575,2.1442

2111.3430,-1.1896,0.9708,2.7617,2.6390,2.3295,6.3427,1.0938,1.4342,6.3427,2.1354

2112.3420,0.1067,1.1560,2.5764,2.4538,2.4530,6.1575,1.3408,1.6811,6.1575,2.3206

2113.3420,-1.3130,0.7238,2.5147,2.2686,2.6999,6.4045,1.2790,1.3622,6.4045,2.0825

2114.3420,0.1067,-0.0170,2.6999,2.5155,2.6382,6.1575,1.4643,1.5679,6.1575,2.2236

2115.3420,-0.0785,0.2299,2.6999,2.2686,2.6382,5.9106,1.7112,1.5782,5.9106,2.1971

2116.3420,0.7240,0.1065,2.5147,2.8242,2.6999,6.1575,1.3408,1.7017,6.1575,2.3382

2117.3420,0.2919,1.2177,2.7617,2.5772,2.6382,6.2810,1.0938,1.7634,6.2810,2.4088

2118.3420,0.2919,0.4151,2.6382,2.7007,2.6999,6.1575,0.9703,1.6194,6.1575,2.2677

2119.3420,0.4771,0.1065,2.3295,2.5772,2.4530,6.2810,0.8468,1.4650,6.2810,2.1530

2120.3420,0.0450,0.2299,2.7617,2.6390,2.3295,5.9723,1.1555,1.5268,5.9723,2.1618

2121.3420,0.2302,-1.1900,2.9469,2.5155,2.9469,6.2810,0.9703,1.4033,6.2810,2.1001

2122.3420,-0.0785,0.3534,2.7617,2.3920,2.6382,6.9601,1.3408,1.5679,6.9601,2.3382

2123.3420,0.1067,0.2917,3.0704,2.5772,2.4530,6.0958,1.0321,1.5885,6.0958,2.2324

2124.3420,0.1067,0.3534,2.6382,2.4538,3.1321,6.2193,1.0321,1.6194,6.2193,2.2765

2125.3420,-0.1402,-0.1405,2.8851,2.7007,2.5765,6.3427,1.3408,1.5371,6.3427,2.2236

2126.3420,0.1067,0.1065,2.3295,2.4538,2.6999,5.9106,1.3408,1.5062,5.9106,2.1354

2127.3420,0.0450,0.6621,2.9469,2.6390,2.4530,6.1575,1.2790,1.6708,6.1575,2.3118

2128.3420,0.1067,0.6003,3.0086,2.3303,2.5147,6.2193,1.6495,1.7017,6.2193,2.3471

2129.3420,0.4771,0.2299,2.3912,2.7007,2.2677,6.0958,0.9703,1.5062,6.0958,2.1618

2130.3420,0.6622,-0.0170,2.1442,2.4538,2.7617,6.0341,1.2790,1.5473,6.0341,2.1883

2131.3420,0.0450,-0.0170,2.6999,2.5155,2.3295,7.2688,1.2173,1.4650,7.2688,2.2941

2132.3420,0.0450,0.2917,2.8234,3.0094,2.5147,6.3427,1.3408,1.6708,6.3427,2.3382

2133.3420,0.3536,0.6003,2.7617,2.5155,1.9590,6.5279,0.9703,1.5267,6.5279,2.2412

2134.3420,0.3536,0.4151,2.5764,2.9476,2.8234,6.0958,0.9703,1.6811,6.0958,2.3118

2135.3420,-0.6340,0.1682,2.8851,2.4538,2.8234,6.3427,1.4025,1.5165,6.3427,2.2060

2136.3420,-0.0168,0.2299,2.1442,3.1328,2.5765,6.4045,0.9703,1.5062,6.4045,2.2059

2137.3420,-0.2019,0.0447,2.8851,2.3920,2.8234,6.2810,1.8347,1.6297,6.2810,2.2942

2138.3420,-0.1402,0.2917,2.4529,2.5772,2.5765,6.0958,1.6495,1.5679,6.0958,2.2148

2139.3420,-0.1402,0.2299,2.3295,3.2563,2.4530,6.5279,0.9086,1.5062,6.5279,2.2236

2140.3430,0.7857,-0.3257,2.8851,2.5155,2.0825,5.9106,0.9086,1.4753,5.9106,2.1089

2141.3420,0.1067,0.2917,1.9590,2.6390,2.8852,5.9723,1.3408,1.5370,5.9723,2.1707

2142.3420,0.2919,-0.1405,2.8851,2.7624,2.4530,6.3427,0.9086,1.5268,6.3427,2.2148

2143.3420,1.0943,0.5386,2.4529,2.0834,2.8852,5.8489,1.4643,1.7531,5.8489,2.3382

2144.3420,0.0450,-0.4492,2.3295,2.7624,2.3912,6.0341,1.3408,1.4033,6.0341,2.0648

2145.3420,0.0450,0.7238,2.2677,2.4538,2.7617,6.1575,1.4025,1.6091,6.1575,2.2589

2146.3420,0.5388,0.1682,2.3912,2.5155,2.6999,6.4662,2.2051,1.7531,6.4662,2.4264

2147.3420,0.1067,-0.0788,2.6999,2.5155,2.7617,7.0218,0.7234,1.4547,7.0218,2.2500

2148.3420,-0.2019,0.2299,2.3295,2.7007,2.5765,6.4662,1.5260,1.5268,6.4662,2.2324

2149.3420,0.1684,0.2917,2.8234,2.8859,2.5765,6.5897,1.4643,1.7017,6.5897,2.4000

2150.3420,0.3536,1.5264,2.8234,2.5155,1.8973,6.6514,0.9703,1.6811,6.6514,2.3911

2151.3420,-0.2019,-0.1405,2.7617,2.7624,2.4530,6.2193,1.2173,1.4753,6.2193,2.1530

2152.3420,0.1067,0.2917,2.1442,2.8242,2.0825,5.9723,1.0321,1.4136,5.9723,2.0648

2153.3420,-0.4489,0.2917,3.0086,2.3920,2.8234,6.2193,0.9703,1.5062,6.2193,2.1795

2154.3420,0.2302,-0.1405,2.3912,2.4538,2.5765,5.9723,1.2790,1.4650,5.9723,2.1089

2155.3420,0.1067,0.2299,2.6999,2.2068,2.6382,6.2810,1.0321,1.4856,6.2810,2.1707

2156.3420,-0.0785,0.2917,2.3295,2.6390,2.3912,6.5897,1.2173,1.4650,6.5897,2.1971

2157.3420,0.1684,0.6003,2.7617,2.3303,2.2677,5.9106,1.4025,1.5885,5.9106,2.2059

2158.3420,0.3536,0.1682,2.8851,2.4538,2.3295,6.0341,1.3408,1.5885,6.0341,2.2236

2159.3420,0.2302,-0.2022,2.6999,2.6390,2.8234,6.0958,1.0938,1.5473,6.0958,2.1971

2160.3420,-0.1402,0.1065,2.6382,2.3303,2.6382,6.1575,1.0938,1.4445,6.1575,2.1177

2161.3430,0.5388,-0.2022,2.3912,2.2686,2.6999,5.9723,1.2173,1.4856,5.9723,2.1266

2162.3420,-0.0785,0.2299,2.5147,2.7624,2.5765,6.5279,1.4643,1.5782,6.5279,2.2853

2163.3420,0.1684,-0.2022,2.6382,2.5772,2.5765,5.7254,0.6616,1.4033,5.7254,2.0207

2164.3420,0.0450,0.0447,2.7617,2.4538,2.5147,6.0341,1.0321,1.4753,6.0341,2.1266

2165.3420,-0.7575,0.1065,2.6999,2.5772,2.4530,5.8489,1.2173,1.3827,5.8489,2.0207

2166.3420,0.1067,0.2299,2.7617,2.7007,2.8852,6.3427,1.0938,1.6297,6.3427,2.3030

2167.3420,-0.0785,0.0447,2.5147,2.6390,2.3295,6.3427,1.4025,1.4753,6.3427,2.1707

2168.3420,-0.1402,0.3534,2.5147,2.9476,2.3912,6.1575,0.9703,1.5062,6.1575,2.1707

2169.3430,0.0450,-0.0788,2.3912,2.5772,2.0208,6.0958,1.2790,1.3724,6.0958,2.0472

2170.3430,-0.1402,0.2299,2.5764,2.7007,2.5147,5.9723,1.4025,1.5473,5.9723,2.1795

2171.3420,-0.1402,0.2299,2.6382,2.5155,2.3295,5.9723,1.3408,1.4856,5.9723,2.1266

2172.3420,0.3536,0.0447,3.0086,2.5772,2.4530,6.1575,1.1555,1.5988,6.1575,2.2500

2173.3420,-0.0168,-0.0170,2.8234,3.6885,2.1443,6.7132,0.8468,1.5782,6.7132,2.3118

2174.3420,0.2919,0.5386,2.6382,2.2068,2.5765,6.3427,1.1555,1.5679,6.3427,2.2500

2175.3420,-0.3871,-0.0788,2.3912,2.6390,2.1443,6.2193,1.1555,1.3107,6.2193,2.0119

2176.3420,-0.2019,0.6003,2.3912,2.6390,2.5765,6.2193,1.3408,1.5576,6.2193,2.2236

2177.3420,-0.0168,0.1682,2.5764,2.2686,2.5147,6.2810,1.4643,1.4959,6.2810,2.1795

2178.3420,-0.2637,0.2299,2.6999,2.3920,2.4530,6.2810,1.5877,1.5165,6.2810,2.1971

2179.3420,-0.5106,0.0447,2.6999,2.2686,2.5765,7.1453,1.2173,1.3827,7.1453,2.2060

2180.3420,0.9709,0.1065,2.3912,2.5772,2.3295,6.2193,0.9703,1.5576,6.2193,2.2236

2181.3420,-0.0168,0.2917,2.6382,2.6390,2.3295,6.1575,1.2173,1.5165,6.1575,2.1795

2182.3420,-0.0785,-0.3257,2.6382,2.6390,2.0825,6.2193,1.2790,1.3724,6.2193,2.0648

2183.3420,0.2919,0.2299,3.0704,2.8242,2.4530,6.0341,1.1555,1.6708,6.0341,2.2941

2184.3420,0.3536,1.0942,3.5025,2.0834,2.3295,6.3427,1.0938,1.7428,6.3427,2.4000

2185.3420,-0.3254,0.4769,2.5764,2.5772,2.2060,6.3427,1.2790,1.4650,6.3427,2.1618

2186.3420,0.2302,-0.2640,2.8851,2.8859,2.6382,6.1575,1.1555,1.5885,6.1575,2.2412

2187.3420,0.1684,0.2917,2.3295,2.6390,3.7496,5.9106,1.4025,1.7634,5.9106,2.3559

2188.3420,0.2302,0.4151,2.3912,2.7007,2.5765,6.3427,0.7234,1.5062,6.3427,2.1971

2189.3420,0.2302,-0.0788,1.6503,2.6390,2.5147,6.2810,1.2173,1.3621,6.2810,2.0648

2190.3420,0.1067,0.6003,2.5764,2.7624,2.5147,6.4045,0.9703,1.5885,6.4045,2.2765

2191.3420,0.2302,0.3534,2.5764,3.2563,2.6382,6.0341,1.2790,1.7223,6.0341,2.3382

2192.3420,0.2919,0.7238,2.8851,2.5772,2.9469,4.9228,1.5877,1.8355,4.9228,2.2765

2193.3420,0.5388,0.4151,2.5147,2.7007,2.3912,6.0958,1.3408,1.6502,6.0958,2.2853

2194.3420,0.2302,-0.2640,2.6999,2.3920,2.6382,6.1575,1.0938,1.4650,6.1575,2.1354

2195.3420,0.1067,0.1065,2.3912,2.4538,2.4530,6.1575,1.1555,1.4444,6.1575,2.1177

2196.3420,-0.2019,-0.0170,2.5764,2.5772,2.8852,5.4167,2.0199,1.6400,5.4167,2.1795

2197.3420,0.4771,0.1065,2.8234,2.4538,2.5765,5.8489,1.1555,1.5988,5.8489,2.2059

2198.3420,-0.1402,0.3534,3.1938,2.4538,2.7617,6.0958,1.5260,1.6914,6.0958,2.3206

2199.3420,0.1684,0.2917,3.0704,2.8242,2.3295,6.1575,1.2173,1.6502,6.1575,2.2941

2200.3430,-0.1402,0.1682,2.3912,2.7007,2.4530,6.5897,1.3408,1.4856,6.5897,2.2148

2201.3420,0.2302,1.0325,2.6999,2.4538,2.7617,6.0341,1.0938,1.7120,6.0341,2.3294

2202.3420,-0.0168,0.4769,2.3912,2.7624,2.5765,6.3427,1.1555,1.5576,6.3427,2.2412

2203.3420,1.7116,0.3534,2.8234,2.4538,2.4530,6.4045,1.0321,1.8045,6.4045,2.4617

2204.3420,0.1067,-0.0788,2.6999,2.5772,3.0704,6.4045,1.0938,1.5782,6.4045,2.2677

2205.3420,-0.1402,0.2299,3.1321,2.6390,2.5147,5.7871,0.9086,1.5473,5.7871,2.1530

2206.3420,-0.0785,0.1682,2.7617,2.3920,2.5765,6.0341,2.0199,1.6400,6.0341,2.2677

2207.3420,0.1067,0.4151,2.7617,2.3303,2.5147,7.1453,1.3408,1.5782,7.1453,2.3735

2208.3420,0.1067,-0.0788,3.0086,2.6390,2.5147,6.3427,1.0938,1.5473,6.3427,2.2324

2209.3420,0.1684,0.8473,2.8851,2.5155,2.3912,6.0341,1.5260,1.7223,6.0341,2.3382

2210.3420,-0.0168,0.4769,2.0825,2.6390,2.6382,6.2810,1.3408,1.5268,6.2810,2.2059

2211.3420,0.3536,1.0942,2.7617,2.5772,2.6999,6.2193,1.0321,1.7531,6.2193,2.3911

2212.3420,-0.2019,0.2299,2.5147,3.2563,2.5765,6.7132,1.0938,1.5782,6.7132,2.3118

2213.3420,-0.5723,0.7856,2.2060,2.5155,2.6382,6.6514,1.2790,1.4753,6.6514,2.2148

2214.3420,0.4771,0.6003,2.6999,2.3303,2.5765,6.6514,1.2173,1.6502,6.6514,2.3647

2215.3420,0.2919,-0.0170,2.5147,2.5155,2.3295,6.0958,1.0938,1.4547,6.0958,2.1177

2216.3420,-0.0785,0.3534,2.5764,2.5772,2.0208,6.4662,1.6495,1.5165,6.4662,2.2236

2217.3420,0.1684,-0.0170,3.5025,2.5772,2.3295,6.0958,1.0938,1.6091,6.0958,2.2500

2218.3420,-0.5106,0.3534,2.4529,2.6390,2.5147,6.5897,1.5260,1.4959,6.5897,2.2236

2219.3420,-0.0785,0.5386,2.1442,2.5155,2.6382,6.1575,1.2173,1.4959,6.1575,2.1618

2220.3420,0.1684,0.9090,2.1442,2.8242,2.6999,6.2810,1.2173,1.6605,6.2810,2.3206

2221.3420,0.1067,-0.0788,2.4529,2.7624,2.3912,6.1575,1.4025,1.5062,6.1575,2.1707

2222.3420,-0.3254,0.2299,2.5764,2.5155,2.5147,5.9106,1.3408,1.4753,5.9106,2.1089

2223.3420,0.3536,-0.1405,2.7617,2.5155,2.5147,5.9723,1.3408,1.5576,5.9723,2.1883

2224.3430,0.0450,0.2917,2.0208,2.6390,2.6999,6.2193,1.3408,1.5062,6.2193,2.1795

2225.3420,0.1684,0.2299,2.3912,2.6390,3.5026,6.4662,1.8964,1.8046,6.4662,2.4705

2226.3420,-0.1402,0.4769,3.3791,2.7007,3.0704,5.9106,1.2790,1.7943,5.9106,2.3823

2227.3420,-0.0785,0.1682,2.4529,2.5772,2.6382,6.5279,1.4025,1.5268,6.5279,2.2412

2228.3420,-0.0168,0.6621,2.6999,2.5155,2.5147,6.1575,1.2790,1.6091,6.1575,2.2589

2229.3420,-0.0785,0.5386,2.8234,2.6390,2.5765,5.9106,1.4643,1.6605,5.9106,2.2677

2230.3430,-0.8809,-0.2640,2.8234,2.2068,2.5765,6.2810,1.4025,1.3107,6.2810,2.0208

2231.3420,0.5388,0.3534,2.6382,2.3303,2.8852,5.7871,1.5877,1.7223,5.7871,2.3030

2232.3420,0.1067,0.7238,2.6999,2.3920,2.6382,6.0958,1.2790,1.6399,6.0958,2.2765

2233.3420,-0.2019,0.6003,2.7617,2.4538,2.6999,6.3427,1.5260,1.6400,6.3427,2.3118

2234.3420,-0.1402,0.2917,2.1442,3.0094,2.2677,6.5279,0.9703,1.4239,6.5279,2.1530

2235.3430,0.0450,-0.0170,3.0086,2.0834,2.5147,6.2193,0.9703,1.4342,6.2193,2.1177

2236.3420,0.1067,0.2299,2.6382,2.2686,2.6999,6.2810,1.5260,1.5782,6.2810,2.2500

2237.3420,0.2302,0.4151,2.3912,3.1328,2.6382,6.1575,1.1555,1.6605,6.1575,2.3029

2238.3430,-0.0168,0.7856,2.5147,2.5155,2.3295,6.2193,1.2173,1.5576,6.2193,2.2236

2239.3430,0.5388,0.6621,2.5764,2.3303,2.7617,6.0341,1.2173,1.6811,6.0341,2.3029

2240.3420,0.0450,0.1682,2.6382,2.2068,2.6999,6.7132,1.0938,1.4753,6.7132,2.2236

2241.3420,0.2919,0.0447,2.5764,2.8242,2.3295,6.0958,1.0321,1.5165,6.0958,2.1706

2242.3430,0.1684,0.2917,2.1442,2.8242,2.4530,6.2810,1.2173,1.5165,6.2810,2.1971

2243.3420,-0.2637,0.2299,2.8234,2.3920,2.6999,6.1575,1.7112,1.5988,6.1575,2.2501

2244.3430,-0.0168,0.5386,2.5147,2.4538,2.3912,6.1575,1.2173,1.5165,6.1575,2.1795

2245.3420,-0.0168,0.4769,2.8234,2.5772,1.7121,6.0958,1.0938,1.4444,6.0958,2.1089

2246.3420,0.4153,0.6621,2.5764,2.5772,2.4530,6.4662,0.9703,1.6091,6.4662,2.3029

2247.3420,0.1684,-0.0788,2.3912,2.7624,2.6999,6.0341,1.1555,1.5165,6.0341,2.1618

2248.3420,0.9709,0.4151,2.6382,3.0711,2.2060,6.1575,1.2173,1.7531,6.1575,2.3823

2249.3420,0.1684,0.4769,2.2060,2.5155,2.6382,6.4045,1.3408,1.5576,6.4045,2.2500

2250.3430,0.1067,0.2917,2.2677,2.7007,2.6999,6.1575,1.2790,1.5576,6.1575,2.2148

2251.3420,0.1684,0.2917,2.3912,2.8242,2.5147,6.2810,1.1555,1.5576,6.2810,2.2324

2252.3420,0.1684,0.5386,2.5764,2.7624,2.6999,6.1575,0.7851,1.5885,6.1575,2.2412

2253.3420,0.1067,0.1682,2.9469,2.6390,2.4530,6.5279,1.4643,1.6297,6.5279,2.3294

2254.3420,-0.0168,0.2917,2.6382,1.8981,2.6382,6.5279,1.0321,1.4136,6.5279,2.1442

2255.3420,-0.3871,0.1682,2.8234,2.5772,3.0087,6.2193,1.0321,1.5371,6.2193,2.2060

2256.3420,-0.1402,0.1065,2.3912,2.3303,2.5147,6.2193,1.6495,1.4753,6.2193,2.1530

2257.3420,0.0450,0.2917,2.7617,2.7624,2.6382,6.0341,1.2173,1.6194,6.0341,2.2500

2258.3420,0.4153,0.3534,2.5764,2.2686,2.7617,5.9106,1.1555,1.5885,5.9106,2.2059

2259.3420,-0.2019,0.1682,2.6999,2.5155,2.5765,5.8489,1.4643,1.5371,5.8489,2.1530

2260.3420,-0.0168,0.1065,2.4529,2.3920,2.6382,5.9106,1.4643,1.5062,5.9106,2.1354

2261.3420,0.2919,-0.2022,3.3791,1.8981,3.2556,6.1575,0.9703,1.5988,6.1575,2.2500

2262.3420,-2.1772,1.6499,2.2677,2.4538,2.8234,5.8489,1.0321,1.3416,5.8489,1.9855

2263.3420,0.2919,0.2299,3.5025,2.7624,2.5765,6.3427,0.9086,1.7120,6.3427,2.3735

2264.3430,0.1684,-0.0788,2.7617,2.6390,2.3295,5.9106,1.3408,1.5268,5.9106,2.1530

2265.3420,0.8474,0.5386,2.4529,2.4538,2.6999,6.0341,1.2173,1.7017,6.0341,2.3206

2266.3420,0.1067,0.2299,2.9469,2.3303,2.9469,6.2193,1.2790,1.6400,6.2193,2.2941

2267.3420,-0.0785,0.2917,2.4529,2.7007,2.4530,6.8984,1.4025,1.5371,6.8984,2.3030

2268.3420,0.2302,0.2917,2.8851,2.2068,2.5765,6.3427,1.0938,1.5473,6.3427,2.2324

2269.3420,0.2302,0.1065,2.4529,2.5772,2.6382,6.8366,1.4643,1.5782,6.8366,2.3294

2270.3420,-0.0168,0.2917,2.5764,2.6390,2.0825,6.1575,1.4025,1.4959,6.1575,2.1618

2271.3420,0.7240,0.2299,2.3912,2.5772,2.3912,7.0218,1.3408,1.6091,7.0218,2.3823

2272.3420,-0.2019,0.0447,2.4529,2.5772,1.8355,6.0958,1.2173,1.3210,6.0958,2.0031

2273.3420,-0.0785,0.2917,2.2677,2.5155,2.5147,6.1575,1.1555,1.4444,6.1575,2.1177

2274.3420,0.2302,0.5386,2.5147,3.0094,2.3912,6.0341,1.0321,1.6194,6.0341,2.2500

2275.3420,0.0450,0.4151,2.2677,2.4538,2.5147,6.2193,1.2790,1.4959,6.2193,2.1707

2276.3420,0.2302,-0.4492,2.5764,2.5155,2.3912,6.2810,1.3408,1.4342,6.2810,2.1266

2277.3430,0.0450,-0.0788,2.6382,2.6390,2.5147,5.8489,1.2790,1.5062,5.8489,2.1266

2278.3420,0.1067,0.4769,2.6999,2.5155,2.6999,6.2810,1.1555,1.6091,6.2810,2.2765

2279.3420,0.1684,0.1065,3.0086,2.7007,2.3912,6.0958,1.0938,1.5782,6.0958,2.2236

2280.3420,0.2919,0.3534,2.6382,2.2686,2.5147,6.2810,1.2173,1.5473,6.2810,2.2236

2281.3420,0.1684,-0.2022,2.8851,2.7624,2.5765,6.3427,0.9086,1.5165,6.3427,2.2059

2282.3430,0.4771,0.1065,2.3912,3.0094,2.3295,6.1575,0.8468,1.5267,6.1575,2.1883

2283.3420,0.2302,-0.0170,2.5147,2.1451,2.5765,6.1575,0.9086,1.3930,6.1575,2.0736

2284.3420,-0.2637,-0.0170,2.5147,2.6390,2.3295,6.1575,1.1555,1.3930,6.1575,2.0736

2285.3420,0.1067,0.1065,2.9469,2.3303,2.4530,6.0341,1.2173,1.5268,6.0341,2.1707

2286.3420,0.3536,-0.1405,2.5764,2.3303,2.5765,6.1575,1.2173,1.4856,6.1575,2.1530

2287.3420,0.1684,0.0447,2.5764,2.3303,2.7617,6.1575,1.4643,1.5576,6.1575,2.2148

2288.3420,-0.0168,-0.0170,2.5764,1.6512,2.8852,6.0958,1.4025,1.4136,6.0958,2.0825

2289.3420,0.2302,0.2917,2.2060,2.2686,2.5765,6.2810,0.9703,1.4239,6.2810,2.1177

2290.3420,0.1067,0.2917,2.8234,2.8242,2.5147,6.3427,1.2173,1.6297,6.3427,2.3030

2291.3420,-0.2637,0.6003,2.3295,2.5155,2.4530,6.0958,1.0938,1.4547,6.0958,2.1177

2292.3420,-0.0785,-0.0170,2.8234,2.2686,2.4530,6.2810,1.3408,1.4650,6.2810,2.1530

2293.3420,-0.0168,0.2917,2.3912,2.7007,2.9469,5.4784,1.5260,1.6400,5.4784,2.1883

2294.3420,0.2302,0.1682,2.5147,2.5772,2.5147,5.9106,1.3408,1.5576,5.9106,2.1795

2295.3420,0.0450,0.1682,2.5764,2.8242,2.5147,6.2193,1.4025,1.5885,6.2193,2.2500

2296.3420,0.1067,-0.5109,2.8234,2.5155,2.7617,6.2193,1.4643,1.5268,6.2193,2.1971

2297.3420,-0.1402,0.2917,2.3295,2.4538,2.5147,6.1575,1.3408,1.4650,6.1575,2.1354

2298.3420,0.1684,-0.0170,2.6382,2.6390,2.8852,6.1575,1.0321,1.5576,6.1575,2.2148

2299.3420,0.1067,0.4769,2.4529,2.5155,2.6382,6.1575,1.3408,1.5885,6.1575,2.2412

2300.3430,-0.7575,0.5386,2.6999,2.7624,2.5765,6.4045,1.2173,1.5062,6.4045,2.2060

2301.3420,0.7240,0.2917,2.5764,2.8242,2.3295,5.3550,1.4643,1.7017,5.3550,2.2236

2302.3420,0.2919,0.1682,2.5147,2.3303,2.5147,6.0341,1.3408,1.5268,6.0341,2.1707

2303.3420,-0.3871,0.1065,2.8851,2.3303,2.6999,6.2810,1.5877,1.5371,6.2810,2.2148

2304.3420,0.0450,0.6621,2.8234,2.8242,2.0208,6.2810,1.1555,1.5885,6.2810,2.2588

2305.3420,-0.0168,0.2917,2.2677,2.5772,2.2677,6.4045,1.1555,1.4239,6.4045,2.1354

2306.3420,-0.0168,0.4769,2.1442,2.4538,2.6999,6.2810,1.2173,1.4959,6.2810,2.1795

2307.3420,-0.0785,-0.2022,2.6999,2.3920,2.3295,6.2810,2.0199,1.5268,6.2810,2.2059

2308.3420,-0.0785,0.2917,2.2677,2.4538,2.5147,6.1575,1.1555,1.4342,6.1575,2.1089

2309.3420,-0.0168,0.2299,2.3912,2.6390,2.4530,6.1575,1.2173,1.4856,6.1575,2.1530

2310.3420,0.0450,0.1065,2.0208,2.7624,2.4530,6.1575,1.1555,1.4239,6.1575,2.1001

2311.3420,0.1684,0.3534,2.6382,2.5772,3.0087,6.0341,1.0938,1.6399,6.0341,2.2677

2312.3420,-0.1402,0.2299,2.5147,2.6390,2.0825,6.4045,1.9582,1.5473,6.4045,2.2412

2313.3420,0.0450,0.3534,2.7617,2.6390,2.5147,6.7132,1.1555,1.5782,6.7132,2.3118

2314.3420,-0.2019,0.3534,2.2677,2.5772,2.3912,6.1575,1.0938,1.4136,6.1575,2.0913

2315.3420,-0.3254,0.1065,2.3912,2.6390,1.8973,6.1575,1.3408,1.3415,6.1575,2.0295

2316.3420,0.2919,0.1065,2.4529,2.9476,2.3912,6.0958,1.2790,1.5782,6.0958,2.2236

2317.3420,0.1067,-0.1405,2.7617,3.1328,3.3174,6.6514,1.3408,1.7531,6.6514,2.4529

2318.3420,0.1067,1.2177,2.3295,2.5772,2.5147,6.0958,1.0938,1.6399,6.0958,2.2765

2319.3420,0.4153,0.0447,3.3791,1.8364,2.7617,5.5402,1.2173,1.6091,5.5402,2.1707

2320.3430,-0.1402,0.2917,2.9469,2.5772,2.5147,6.2193,1.0938,1.5473,6.2193,2.2148

2321.3420,0.0450,-0.0170,2.2060,2.5155,2.6382,6.0958,1.2173,1.4342,6.0958,2.1001

2322.3420,0.1067,0.3534,2.8234,2.6390,2.3295,6.7132,1.0321,1.5473,6.7132,2.2853

2323.3420,0.2302,0.1682,2.8234,2.4538,2.3912,6.0958,1.2790,1.5576,6.0958,2.2059

2324.3420,0.1684,0.2299,2.3912,3.6885,2.4530,6.4045,1.0938,1.6708,6.4045,2.3470

2325.3430,0.0450,0.3534,2.6382,2.3920,2.7617,6.8366,1.4643,1.6091,6.8366,2.3559

2326.3420,0.6622,0.2917,2.6999,2.5155,2.6382,6.2810,1.1555,1.6605,6.2810,2.3206

2327.3430,-0.0785,0.1065,2.2677,2.8242,2.5147,6.7132,1.4025,1.5062,6.7132,2.2500

2328.3420,0.5388,0.1682,2.4529,2.5155,2.5147,6.3427,0.7234,1.4856,6.3427,2.1795

2329.3420,-0.0168,0.5386,2.2060,3.0094,2.4530,6.1575,1.2173,1.5679,6.1575,2.2236

2330.3420,-0.0168,1.1560,2.6382,2.5155,2.1443,6.4662,1.2790,1.6194,6.4662,2.3118

2331.3420,-0.0168,0.1682,2.6999,2.8242,2.9469,5.8489,1.3408,1.6605,5.8489,2.2589

2332.3420,-0.2019,0.1682,2.7617,2.3303,2.7617,6.5279,1.0938,1.4856,6.5279,2.2059

2333.3430,0.9092,0.2299,2.4529,2.7624,2.2677,5.9723,1.2173,1.6399,5.9723,2.2588

2334.3420,0.1684,0.4769,2.4529,2.3303,2.5765,6.3427,0.9086,1.4856,6.3427,2.1795

2335.3420,-0.1402,0.4151,2.5147,2.4538,2.2060,6.0958,1.3408,1.4650,6.0958,2.1266

2336.3420,-0.2019,0.2917,2.6999,2.2686,2.6382,6.3427,1.2790,1.4959,6.3427,2.1883

2337.3420,0.1684,0.3534,3.0704,2.5155,2.5765,6.5897,0.7851,1.5782,6.5897,2.2941

2338.3420,0.2919,0.6003,2.8234,2.5772,2.8852,6.2193,0.9703,1.6914,6.2193,2.3382

2339.3420,0.0450,-0.0170,2.4529,2.6390,2.5147,5.8489,1.2173,1.4753,5.8489,2.1001

2340.3420,-0.0168,0.1065,2.4529,2.4538,2.5765,6.1575,1.4643,1.5062,6.1575,2.1707

2341.3420,-0.0168,0.5386,2.5764,2.5155,2.3295,6.3427,1.2173,1.5268,6.3427,2.2148

2342.3420,-0.2019,0.2299,2.4529,2.4538,2.4530,6.0341,1.4643,1.4753,6.0341,2.1266

2343.3420,-0.0785,0.1682,2.3912,2.4538,2.5147,5.9106,1.2173,1.4444,5.9106,2.0825

2344.3420,0.0450,0.1065,2.9469,2.5155,2.2060,6.4045,1.4025,1.5371,6.4045,2.2324

2345.3430,0.3536,0.1682,2.8234,2.5772,2.2677,6.0341,1.2173,1.5679,6.0341,2.2059

2346.3420,0.2302,-0.0170,2.6382,2.5155,2.4530,5.7871,1.1555,1.4959,5.7871,2.1089

2347.3420,-0.0168,0.2299,2.6999,2.7007,2.4530,6.2193,1.4025,1.5782,6.2193,2.2412

2348.3420,0.1684,0.2299,2.3295,2.4538,2.4530,6.2193,1.1555,1.4650,6.2193,2.1442

2349.3420,0.1684,0.1682,3.3173,2.6390,2.3295,6.0958,1.2173,1.6399,6.0958,2.2765

2350.3420,-0.0785,0.4769,2.2677,2.2686,2.7617,6.2193,1.2790,1.4959,6.2193,2.1707

2351.3420,0.1067,-0.0170,2.6999,2.3920,2.8852,6.2193,1.7112,1.6297,6.2193,2.2853

2352.3420,-0.5106,0.1682,2.6999,2.3920,2.7617,6.2193,1.6495,1.5268,6.2193,2.1971

2353.3420,0.6005,0.0447,2.3912,2.5772,2.5147,6.1575,0.9703,1.5165,6.1575,2.1795

2354.3430,-0.0785,0.2917,2.5147,2.4538,1.8355,6.2193,1.4643,1.4136,6.2193,2.1001

2355.3420,0.2302,0.1682,2.4529,2.4538,1.7738,5.9723,1.1555,1.3724,5.9723,2.0295

2356.3420,0.2302,0.1065,1.9590,2.6390,2.3295,6.4662,1.3408,1.4341,6.4662,2.1530

2357.3420,0.1684,0.1065,2.5764,2.5155,2.6382,5.8489,1.0321,1.5062,5.8489,2.1266

2358.3420,-0.0785,0.0447,3.6260,1.9599,2.7617,6.0341,1.5877,1.6503,6.0341,2.2765

2359.3420,1.2795,0.6003,2.2060,2.4538,2.5147,6.0958,1.3408,1.7325,6.0958,2.3558

2360.3420,-0.1402,0.2917,2.5764,2.5772,2.5147,6.7132,1.4025,1.5371,6.7132,2.2765

2361.3420,-0.1402,1.2177,1.8973,2.7007,2.5147,6.3427,1.2790,1.5782,6.3427,2.2589

2362.3430,0.1067,1.2177,2.8234,3.0094,2.8234,5.9723,0.8468,1.8046,5.9723,2.4000

2363.3420,0.2302,0.2917,2.4529,2.7624,2.5147,6.2810,1.2173,1.5782,6.2810,2.2500

2364.3420,0.1067,0.7856,2.6999,2.3920,2.3912,6.2193,1.2790,1.6091,6.2193,2.2677

2365.3420,0.3536,0.4769,2.5764,2.6390,2.3295,6.2193,1.3408,1.6194,6.2193,2.2765

2366.3420,-0.2637,0.2299,3.1321,2.4538,2.4530,6.0958,1.0321,1.5062,6.0958,2.1618

2367.3420,0.1684,0.1682,2.3295,2.4538,2.6999,6.0958,1.2790,1.5165,6.0958,2.1707

2368.3420,0.1684,0.5386,2.6382,2.0834,2.8852,6.1575,0.9703,1.5473,6.1575,2.2059

2369.3430,0.1067,0.1065,2.6999,2.4538,2.9469,6.4662,1.0938,1.5679,6.4662,2.2677

2370.3420,0.1684,0.2299,2.6999,2.5772,2.3912,5.9106,1.0938,1.5268,5.9106,2.1530

2371.3420,0.4771,0.0447,2.5147,2.8859,2.5765,6.0341,1.1555,1.6091,6.0341,2.2412

2372.3420,-0.0785,0.0447,2.5147,2.5155,2.4530,6.5897,1.1555,1.4342,6.5897,2.1707

2373.3420,-0.1402,0.4769,2.0208,2.5772,2.3912,6.0341,1.2173,1.4239,6.0341,2.0825

2374.3420,0.1684,0.2917,2.3912,2.6390,2.2677,6.8984,1.2790,1.5062,6.8984,2.2765

2375.3420,0.2302,1.2794,1.5268,2.7624,2.1443,6.2193,1.5260,1.5782,6.2193,2.2412

2376.3420,0.2919,0.0447,3.5643,2.3920,2.5147,5.9106,0.8468,1.6091,5.9106,2.2236

2377.3420,-0.0168,0.4769,2.6999,2.4538,2.2677,6.0341,1.3408,1.5370,6.0341,2.1795

2378.3420,-0.4489,0.2917,2.9469,2.2686,2.6999,6.1575,0.8468,1.4342,6.1575,2.1089

2379.3420,0.1684,-0.0788,2.3912,2.3303,2.6999,5.7254,1.4643,1.4959,5.7254,2.1001

2380.3420,-0.0785,0.6003,2.2060,2.7007,3.1321,6.7132,0.9086,1.5782,6.7132,2.3118

2381.3420,0.1684,1.3412,2.8851,2.3920,2.5147,6.2193,0.7851,1.6811,6.2193,2.3294

2382.3430,0.2919,0.0447,3.3173,2.6390,2.3295,6.2193,1.2790,1.6502,6.2193,2.3030

2383.3420,-0.1402,0.6003,2.3912,2.5772,2.4530,6.0341,0.6616,1.4239,6.0341,2.0825

2384.3430,-0.0785,0.1065,2.3295,2.2068,2.4530,5.9723,1.3408,1.3930,5.9723,2.0472

2385.3420,-0.3254,0.2299,2.6999,2.5155,2.5765,5.9106,1.7112,1.5679,5.9106,2.1883

2386.3420,0.2302,-0.0170,2.3912,2.8859,2.6382,6.2193,0.9086,1.5062,6.2193,2.1795

2387.3420,-0.0168,0.1065,2.8851,2.2686,2.5147,6.3427,1.3408,1.5165,6.3427,2.2059

2388.3420,0.0450,-0.0170,2.6382,2.3303,2.5765,6.0958,0.9086,1.4136,6.0958,2.0825

2389.3420,0.1067,0.1682,3.2556,2.3303,2.6382,6.1575,0.9703,1.5782,6.1575,2.2324

2390.3420,0.0450,0.2299,2.2677,2.5155,2.5147,6.5279,1.0938,1.4444,6.5279,2.1707

2391.3420,-0.2019,0.0447,2.3295,2.7624,2.5147,6.4045,1.4025,1.4753,6.4045,2.1795

2392.3420,0.0450,0.1065,2.5147,2.4538,2.5147,6.1575,1.3408,1.4959,6.1575,2.1618

2393.3420,-0.0168,0.1682,2.5764,2.7624,2.9469,6.3427,0.9703,1.5679,6.3427,2.2500

2394.3430,0.2919,-0.2022,2.8234,2.7007,2.5147,6.0958,1.1555,1.5473,6.0958,2.1971

2395.3420,-0.1402,0.2917,2.4529,2.4538,2.5147,6.4662,1.4643,1.5062,6.4662,2.2148

2396.3420,0.6005,-0.3874,2.8234,2.8859,2.5147,6.3427,1.0938,1.5885,6.3427,2.2677

2397.3420,0.1067,0.2917,2.5764,2.5155,2.2677,6.5897,0.8468,1.4341,6.5897,2.1707

2398.3420,-0.3254,0.5386,2.7617,2.1451,2.7617,6.1575,1.1555,1.5062,6.1575,2.1707

2399.3420,0.1684,0.2299,2.5147,2.5155,2.5147,5.9106,0.8468,1.4650,5.9106,2.1001

2400.3420,-0.0785,0.0447,2.2677,2.3303,2.6999,5.9723,1.2173,1.4136,5.9723,2.0648

2401.3420,0.1067,0.4769,2.4529,2.4538,2.6382,6.0341,0.7851,1.4856,6.0341,2.1354

2402.3420,-0.1402,0.2917,2.5147,2.5772,2.2060,6.2810,1.4643,1.4856,6.2810,2.1707

2403.3420,0.4771,0.4769,2.4529,2.2686,2.4530,6.1575,1.3408,1.5782,6.1575,2.2324

2404.3430,-0.0168,0.8473,2.6382,2.3920,2.3912,6.1575,1.4025,1.6091,6.1575,2.2589

2405.3420,-0.1402,0.3534,2.5764,2.5155,2.5147,6.1575,0.7851,1.4342,6.1575,2.1089

2406.3420,0.0450,-0.2640,2.7617,3.1946,2.5765,6.2810,1.1555,1.5782,6.2810,2.2500

2407.3420,0.1067,0.7856,2.5764,2.4538,2.4530,6.0341,1.0938,1.5782,6.0341,2.2148

2408.3420,0.2302,0.1682,2.6382,2.7624,2.5765,5.9106,1.2173,1.5988,5.9106,2.2148

2409.3420,0.1684,0.4769,2.3912,2.3920,2.6382,5.8489,0.3529,1.4033,5.8489,2.0384

2410.3420,0.1684,0.0447,2.5764,2.7624,2.5147,6.4662,1.5260,1.5988,6.4662,2.2941

2411.3420,-0.2019,0.2917,2.3295,2.5772,2.6382,6.4662,1.1555,1.4650,6.4662,2.1795

2412.3420,0.0450,0.3534,2.6999,2.2686,2.3912,6.0341,1.2790,1.5062,6.0341,2.1530

2413.3420,0.4153,0.0447,2.3912,2.5772,2.6382,6.4045,1.1555,1.5370,6.4045,2.2324

2414.3420,0.4153,0.1065,2.3912,2.5772,2.5147,6.3427,1.0938,1.5165,6.3427,2.2059

2415.3420,0.2919,0.0447,2.7617,2.5155,2.5147,5.8489,1.1555,1.5473,5.8489,2.1618

2416.3420,-0.0785,0.7856,2.6999,2.4538,2.5765,6.9601,1.3408,1.6297,6.9601,2.3912

2417.3420,0.1067,0.4769,2.7617,2.3920,2.3912,5.9723,1.2790,1.5679,5.9723,2.1971

2418.3420,-0.3254,0.2917,2.3912,2.4538,2.6382,7.0836,1.2173,1.4445,7.0836,2.2500

2419.3420,0.4771,0.4151,2.3912,2.6390,2.4530,6.3427,0.9086,1.5473,6.3427,2.2324

2420.3420,-0.2019,0.1682,3.3791,2.5772,2.5765,6.2193,1.2173,1.6194,6.2193,2.2765

2421.3420,-0.2637,0.3534,2.7617,2.5772,2.6382,5.6636,1.5877,1.6091,5.6636,2.1883

2422.3420,-0.6340,0.0447,2.8851,2.2686,2.5765,6.4662,1.4643,1.4342,6.4662,2.1530

2423.3420,0.3536,-0.2640,2.5147,2.6390,2.8234,6.4045,1.0321,1.5165,6.4045,2.2148

2424.3430,0.3536,0.1682,2.6382,2.3920,2.5147,6.2810,0.8468,1.4856,6.2810,2.1707

2425.3420,-0.1402,-0.0788,3.6878,2.7624,2.0208,6.4045,1.2173,1.5782,6.4045,2.2677

2426.3420,0.1067,0.0447,2.7617,2.2686,2.5147,6.0958,0.7234,1.4033,6.0958,2.0736

2427.3420,-0.1402,-0.0170,2.6999,2.3303,2.6999,6.0958,1.7112,1.5474,6.0958,2.1971

2428.3430,0.1684,0.3534,3.1938,2.5772,2.3912,6.3427,-0.2027,1.4136,6.3427,2.1177

2429.3420,0.1067,0.1682,2.3295,2.3920,2.5147,6.0958,1.1555,1.4444,6.0958,2.1089

2430.3420,0.1067,0.6621,3.1321,2.3303,2.4530,6.2193,1.2790,1.6605,6.2193,2.3118

2431.3420,0.5388,0.5386,2.5147,2.8242,2.2060,6.3427,1.3408,1.6605,6.3427,2.3294

2432.3420,0.2919,0.0447,2.3912,2.4538,2.5765,6.0341,1.3408,1.5165,6.0341,2.1618

2433.3420,0.4153,0.1065,2.6999,2.6390,2.2677,6.1575,0.9703,1.5165,6.1575,2.1795

2434.3420,-0.1402,0.2917,2.8234,2.6390,2.6382,5.8489,1.5877,1.6400,5.8489,2.2412

2435.3420,-0.0168,0.3534,2.5764,2.5155,2.7617,7.1453,1.5260,1.6194,7.1453,2.4088

2436.3420,0.1067,0.6003,2.5147,2.4538,2.6382,6.1575,1.4025,1.6194,6.1575,2.2677

2437.3420,-0.0168,0.0447,2.7617,2.5772,3.1939,6.5897,1.0938,1.6091,6.5897,2.3206

2438.3420,-0.0168,0.3534,3.0086,2.3920,2.6999,6.2810,1.1555,1.5988,6.2810,2.2677

2439.3420,0.2919,-0.2022,2.5147,2.5155,2.8234,6.4662,0.9086,1.4753,6.4662,2.1883

2440.3430,-0.0785,0.2917,2.3912,2.1451,2.4530,6.1575,0.9086,1.3518,6.1575,2.0384

2441.3420,0.1067,0.4151,3.0086,2.6390,2.4530,6.1575,1.3408,1.6605,6.1575,2.3030

2442.3420,-0.1402,0.1682,2.5764,2.5772,2.2060,6.2810,1.5260,1.4856,6.2810,2.1707

2443.3420,-0.2637,0.1682,3.5025,2.5155,2.6999,5.8489,1.2173,1.6400,5.8489,2.2412

2444.3420,0.1067,0.0447,2.6382,2.5155,2.8852,6.8984,1.0938,1.5473,6.8984,2.3118

2445.3420,0.1067,0.5386,2.5147,2.3303,2.6999,6.4662,1.1555,1.5576,6.4662,2.2589

2446.3420,0.1067,0.1065,2.5764,3.0711,2.5147,5.8489,1.1555,1.5885,5.8489,2.1971

2447.3420,0.1684,0.1682,2.5764,2.3920,2.5147,5.3550,1.3408,1.5268,5.3550,2.0736

2448.3420,0.0450,0.2917,2.4529,2.5772,2.3295,6.2193,1.2173,1.4856,6.2193,2.1618

2449.3420,0.4153,0.5386,2.4529,2.5155,2.4530,6.0958,0.8468,1.5370,6.0958,2.1883

2450.3420,0.1067,0.2917,2.4529,2.8242,2.4530,5.9106,1.1555,1.5473,5.9106,2.1707

2451.3420,-0.0785,0.3534,1.9590,2.9476,2.2677,7.0218,0.4147,1.3107,7.0218,2.1265

2452.3430,0.3536,-0.0170,2.8851,2.8859,2.3912,5.9106,1.2173,1.6194,5.9106,2.2324

2453.3420,-0.3254,0.4151,2.7617,2.5155,2.6382,5.5402,1.5260,1.5885,5.5402,2.1530

2454.3420,-0.2637,0.2917,2.3295,2.4538,2.3295,6.4662,1.2790,1.4033,6.4662,2.1266

2455.3420,0.2919,-0.0788,2.7617,2.5772,3.1321,6.0958,1.1555,1.6400,6.0958,2.2765

2456.3420,0.4771,-0.2022,2.5147,2.7624,2.2060,6.0958,0.9703,1.4547,6.0958,2.1177

2457.3420,-0.2637,-0.2022,2.3295,2.5155,2.0208,6.0341,1.1555,1.2592,6.0341,1.9413

2458.3430,-0.9427,-0.0788,2.6382,2.1451,2.5147,5.9106,1.5877,1.3107,5.9106,1.9678

2459.3420,0.7240,0.7856,2.1442,2.7007,2.3295,6.3427,0.9086,1.5988,6.3427,2.2765

2460.3420,0.1067,0.2917,2.4529,2.7624,2.5147,5.8489,1.0321,1.5268,5.8489,2.1442

2461.3420,-0.1402,0.1065,2.3912,2.4538,2.5147,6.0958,1.4025,1.4547,6.0958,2.1177

2462.3430,0.0450,0.3534,2.5147,2.5772,2.4530,6.0958,1.3408,1.5473,6.0958,2.1971

2463.3420,0.4153,0.4151,2.2060,1.9599,2.6382,6.1575,1.4025,1.5062,6.1575,2.1707

2464.3420,-0.2019,0.3534,2.6382,2.3303,2.3912,5.7254,1.5260,1.5062,5.7254,2.1089

2465.3420,0.0450,0.8473,2.8234,2.3920,2.5147,6.1575,1.1555,1.6297,6.1575,2.2765

2466.3420,0.0450,-0.2022,2.3295,2.4538,2.8234,5.6636,1.1555,1.4342,5.6636,2.0384

2467.3420,0.3536,0.2299,2.6382,2.3303,2.3295,7.0836,0.4764,1.3930,7.0836,2.2059

2468.3430,0.1067,-0.1405,2.6999,3.3798,2.6382,6.0958,1.0938,1.6297,6.0958,2.2677

2469.3430,0.1684,0.4151,2.6382,2.5155,2.8234,6.0958,1.1555,1.6194,6.0958,2.2589

2470.3420,0.1067,-0.0170,2.4529,2.4538,2.6382,5.3550,1.2173,1.4753,5.3550,2.0295

2471.3420,-0.0168,0.4151,2.7617,3.0094,2.8852,6.1575,1.0321,1.6811,6.1575,2.3206

2472.3420,-0.0168,0.4769,3.6878,2.7624,2.5147,6.0958,1.2173,1.7737,6.0958,2.3912

2473.3420,0.2302,0.1682,1.5268,2.5772,2.3912,6.2193,0.5999,1.2489,6.2193,1.9590

2474.3420,-0.3871,-0.0788,2.5147,2.6390,2.3912,6.1575,1.1555,1.3724,6.1575,2.0560

2475.3420,0.1067,0.0447,2.8234,2.2686,3.0087,6.0341,1.3408,1.5988,6.0341,2.2324

2476.3420,0.1067,-0.0170,2.7617,2.3303,3.0704,5.2932,0.4764,1.4547,5.2932,2.0031

2477.3430,-0.0785,0.6003,2.3912,2.2686,2.6382,5.9723,1.3408,1.5268,5.9723,2.1618

2478.3420,0.1067,-0.0170,2.8851,2.3920,2.3295,6.0958,0.9703,1.4444,6.0958,2.1089

2479.3420,0.1684,-0.5109,2.6382,2.7624,2.3295,6.4045,1.2173,1.4341,6.4045,2.1442

2480.3420,0.6622,0.2299,2.5147,2.4538,2.5765,5.9106,1.3408,1.6296,5.9106,2.2412

2481.3420,0.4771,0.1682,2.5147,2.5155,2.5765,5.7254,0.7851,1.5062,5.7254,2.1089

2482.3420,0.1067,0.2299,2.5764,2.5772,2.3295,6.1575,1.1555,1.4959,6.1575,2.1618

2483.3420,-0.2637,-0.3257,2.3912,2.7624,2.3912,6.1575,1.2790,1.3724,6.1575,2.0560

2484.3420,0.2919,0.1682,2.4529,2.2068,2.2677,6.3427,0.9086,1.3827,6.3427,2.0913

2485.3420,0.7240,-0.0170,2.2060,2.5772,2.9469,6.2810,1.1555,1.5988,6.2810,2.2677

2486.3420,0.0450,0.6621,2.5147,2.3920,2.7617,6.0958,0.6616,1.5062,6.0958,2.1618

2487.3420,0.2919,0.8473,2.8851,2.2686,2.8852,5.9723,1.0321,1.7017,5.9723,2.3118

2488.3420,-0.0785,0.1065,2.6382,2.0834,2.6999,6.5279,1.3408,1.4650,6.5279,2.1883

2489.3420,-0.0168,0.0447,2.6999,2.2686,2.8234,6.1575,0.9703,1.4650,6.1575,2.1354

2490.3430,-0.2019,0.2299,2.1442,2.4538,2.6382,6.0958,1.4025,1.4445,6.0958,2.1089

2491.3420,-0.1402,0.6003,2.0825,2.7624,2.2677,7.7627,1.2173,1.4650,7.7627,2.3647

2492.3420,0.0450,1.0325,2.5764,2.5772,2.0208,6.5897,0.9086,1.5267,6.5897,2.2500

2493.3420,0.1067,0.4769,2.5147,2.3920,2.3295,6.3427,1.3408,1.5268,6.3427,2.2148

2494.3420,-0.0785,0.2299,2.5764,2.7624,2.4530,7.1453,1.0938,1.5062,7.1453,2.3118

2495.3420,-0.0168,0.1065,2.6999,2.2686,2.5147,6.4045,1.3408,1.4856,6.4045,2.1883

2496.3420,0.0450,0.8473,2.5764,2.3303,2.4530,6.4662,1.3408,1.5988,6.4662,2.2941

2497.3420,0.2919,0.1065,2.6999,2.4538,2.3912,6.8366,1.0938,1.5062,6.8366,2.2677

2498.3420,0.4771,-0.1405,2.5764,2.6390,2.5765,6.8984,1.1555,1.5473,6.8984,2.3118

2499.3420,0.6005,0.2299,2.3912,2.4538,2.5147,6.7749,0.8468,1.5062,6.7749,2.2588

2500.3420,0.2302,0.4769,3.3173,2.5772,2.4530,6.2810,0.9703,1.6708,6.2810,2.3294

2501.3420,0.1067,0.1065,2.3912,2.7624,3.1939,6.7132,1.0321,1.5988,6.7132,2.3294

2502.3420,-0.0785,0.4151,2.6382,2.8242,2.4530,6.5279,1.7112,1.6605,6.5279,2.3559

2503.3420,0.7857,-0.2022,2.7617,2.0216,2.4530,6.5279,1.5260,1.5576,6.5279,2.2677

2504.3430,0.1067,0.2299,3.3173,2.5772,2.3912,6.4662,1.5260,1.6914,6.4662,2.3735

2505.3420,0.4771,0.0447,2.5764,2.6390,2.5765,6.5897,1.0321,1.5576,6.5897,2.2765

2506.3420,0.1684,-0.0170,2.8851,2.2686,2.3295,6.4045,1.2790,1.4856,6.4045,2.1883

2507.3420,0.1067,1.6499,2.2060,2.5155,2.4530,6.6514,1.3408,1.7120,6.6514,2.4176

2508.3420,0.2302,-0.2640,2.6999,2.6390,2.6382,6.5279,-0.4497,1.2489,6.5279,2.0031

2509.3420,0.1067,0.6621,2.2677,2.6390,3.0704,6.6514,0.9703,1.6194,6.6514,2.3382

2510.3420,-0.0785,0.3534,2.6382,2.2686,2.3295,6.3427,1.2173,1.4547,6.3427,2.1530

2511.3420,0.1067,0.1682,3.3791,2.5772,2.3912,6.4662,1.1555,1.6297,6.4662,2.3206

2512.3420,-0.4489,0.7238,3.1321,2.7624,2.3912,6.3427,1.1555,1.6194,6.3427,2.2941

2513.3420,0.6622,0.4151,2.6382,2.3920,2.9469,5.4784,1.3408,1.7325,5.4784,2.2677

2514.3420,-0.2019,0.0447,2.8234,2.7007,2.6382,6.1575,1.5877,1.5988,6.1575,2.2500

2515.3420,-0.0168,0.6621,2.6999,2.3920,2.6382,6.4662,1.2173,1.5988,6.4662,2.2941

2516.3420,0.2302,-0.0170,2.3912,2.8242,2.6382,6.5279,0.9703,1.5062,6.5279,2.2236

2517.3420,-0.0785,0.1682,2.3912,2.4538,2.0825,6.6514,0.9086,1.3210,6.6514,2.0825

2518.3430,0.1684,0.2299,2.6382,2.2068,2.5147,6.6514,1.1555,1.4856,6.6514,2.2236

2519.3420,0.1067,0.2299,2.6999,2.3920,2.5147,6.3427,1.2173,1.5268,6.3427,2.2148

2520.3420,0.0450,0.1065,2.8851,2.3920,2.8852,6.6514,1.0938,1.5679,6.6514,2.2941

2521.3420,-0.1402,0.7856,2.5764,2.3920,2.3295,6.3427,1.2173,1.5268,6.3427,2.2148

2522.3420,0.2302,0.2299,2.2677,2.5772,2.5147,6.4662,1.2173,1.5062,6.4662,2.2148

2523.3420,0.2302,0.1065,2.6382,2.5772,2.2060,6.4045,1.0321,1.4650,6.4045,2.1707

2524.3420,-0.0785,0.4769,2.3912,2.9476,1.8973,6.6514,1.1555,1.4650,6.6514,2.2059

2525.3420,0.1684,0.2917,2.4529,2.5772,2.4530,6.5897,0.8468,1.4650,6.5897,2.1971

2526.3420,0.0450,0.4151,2.2060,2.5155,2.4530,6.7132,1.1555,1.4650,6.7132,2.2148

2527.3420,0.1684,0.4151,2.8234,2.3920,2.4530,6.1575,0.9703,1.5370,6.1575,2.1971

2528.3420,-0.0785,-0.0170,2.5147,2.7624,2.7617,6.5279,1.2173,1.5268,6.5279,2.2412

2529.3420,0.1067,-0.2022,2.8234,2.7007,2.3912,6.4662,1.2790,1.5165,6.4662,2.2236

2530.3420,0.6622,0.2299,2.5147,2.5155,2.3912,6.1575,1.2790,1.5988,6.1575,2.2500

2531.3420,-0.1402,0.2299,2.5147,2.2068,2.5147,6.4045,0.8468,1.3621,6.4045,2.0825

2532.3420,0.1067,0.3534,2.2677,2.3920,2.4530,6.3427,1.0938,1.4444,6.3427,2.1442

2533.3420,-0.1402,0.0447,2.2677,2.5772,2.6382,6.6514,1.1555,1.4239,6.6514,2.1707

2534.3420,-0.4489,-0.0788,2.8851,2.2686,2.7617,6.4045,0.9086,1.3827,6.4045,2.1001

2535.3430,0.7857,0.5386,2.3912,2.5155,2.4530,6.4662,0.5999,1.5473,6.4662,2.2500

2536.3420,0.1684,-0.0170,2.5147,3.0094,2.5765,6.3427,1.1555,1.5679,6.3427,2.2500

2537.3420,0.2302,0.6003,2.5764,2.2686,2.3912,6.3427,1.2790,1.5576,6.3427,2.2412

2538.3420,0.1684,0.2299,2.6999,2.8859,2.4530,6.1575,1.0938,1.5885,6.1575,2.2412

2539.3420,0.2302,-0.0788,2.4529,2.5155,2.1443,6.5897,2.2669,1.5885,6.5897,2.3030

2540.3420,0.0450,-0.1405,2.3912,2.7624,2.3295,6.6514,0.5381,1.3210,6.6514,2.0825

2541.3420,1.1561,-0.2022,2.4529,2.2686,2.3295,6.3427,0.7234,1.4547,6.3427,2.1530

2542.3420,-0.2019,0.4769,2.0208,2.4538,2.3912,6.6514,0.7851,1.3210,6.6514,2.0825

2543.3420,-0.0785,0.3534,2.5147,2.6390,2.4530,6.6514,1.4025,1.5473,6.6514,2.2765

2544.3420,0.0450,0.9090,2.8851,2.3920,2.3912,6.3427,1.1555,1.6297,6.3427,2.3030

2545.3420,0.7857,0.4151,2.5147,2.5772,2.5765,6.2810,0.9086,1.6296,6.2810,2.2941

2546.3420,0.1067,0.5386,2.4529,2.8242,2.5765,6.5897,1.2790,1.6297,6.5897,2.3382

2547.3420,0.4771,0.1065,2.3912,2.6390,2.3295,6.3427,0.9703,1.4856,6.3427,2.1795

2548.3420,0.0450,0.1065,2.3295,2.5772,2.5147,6.6514,1.5877,1.5268,6.6514,2.2589

2549.3420,0.1684,-0.0788,3.2556,2.5155,2.3295,6.4662,1.2173,1.5679,6.4662,2.2677

2550.3420,0.4153,-0.0788,2.4529,2.2068,2.5765,6.5279,1.3408,1.4856,6.5279,2.2059

2551.3420,0.6622,0.1682,2.4529,2.4538,2.5147,6.4662,0.5999,1.4753,6.4662,2.1883

2552.3420,-0.1402,0.1682,2.6382,2.2068,2.5765,6.6514,1.0321,1.4136,6.6514,2.1618

2553.3420,-0.0168,0.0447,2.3912,2.5772,2.3295,6.3427,1.8964,1.5371,6.3427,2.2236

2554.3420,0.3536,0.1682,2.0208,2.2686,2.3912,6.5897,0.7851,1.3312,6.5897,2.0824

2555.3420,0.1067,0.4769,2.0208,2.6390,2.7617,6.4662,1.2790,1.5473,6.4662,2.2500

2556.3420,-0.0168,-0.0788,2.8234,2.2686,2.5765,6.7132,1.2790,1.4753,6.7132,2.2236

2557.3420,-0.2019,0.2299,2.5764,2.4538,2.6382,6.5279,1.4643,1.5268,6.5279,2.2412

2558.3420,0.2302,0.4151,2.5764,2.8859,2.5765,6.4662,1.0321,1.6194,6.4662,2.3118

2559.3420,-0.0168,0.4769,2.9469,2.9476,2.3912,6.2810,1.4643,1.7017,6.2810,2.3559

2560.3420,-0.0168,0.3534,2.1442,2.5155,1.7738,6.7749,1.4025,1.3621,6.7749,2.1354

2561.3430,0.3536,-0.0788,2.3912,2.5772,3.2556,6.4662,1.1555,1.6091,6.4662,2.3030

2562.3420,-0.1402,0.7238,3.2556,2.1451,2.5147,6.2810,1.1555,1.6091,6.2810,2.2765

2563.3420,0.0450,0.1065,2.6382,2.8859,2.6382,6.2810,1.0938,1.5679,6.2810,2.2412

2564.3420,0.0450,0.1682,2.6382,2.0216,2.5147,6.5897,0.8468,1.3724,6.5897,2.1177

2565.3420,1.5264,0.4151,2.5764,2.3920,2.3912,6.5279,1.2790,1.7634,6.5279,2.4440

