Elapsed Time (s),T1 (deg C),T2 (deg C),T3 (deg C),T4 (deg C),T5 (deg C),T6 (deg C),T7 (deg C),T8 (deg C),Main Loop Avg Temp (deg C),HX Avg Temp (deg C),Overall Avg Temp (deg C)
1.9080,36.2488,36.4463,36.4720,36.4613,36.1773,36.2016,36.6332,30.6698,36.3612,33.4357,35.6638

2.3420,36.2317,36.4482,36.4636,36.4781,36.1564,36.2004,36.6239,30.6708,36.3556,33.4356,35.6591

3.3420,36.2085,36.4254,36.4460,36.4521,36.1501,36.1926,36.6012,30.6912,36.3364,33.4419,35.6459

4.3420,36.2021,36.4188,36.4412,36.4487,36.1460,36.1811,36.5954,30.6604,36.3314,33.4207,35.6367

5.3420,36.1685,36.3895,36.4268,36.4334,36.1251,36.1461,36.5698,30.6557,36.3087,33.4009,35.6144

6.3420,36.1648,36.3775,36.4107,36.4046,36.0811,36.1377,36.5617,30.6585,36.2878,33.3981,35.5996

7.3420,36.1429,36.3508,36.4018,36.3789,36.0789,36.1219,36.5368,30.6502,36.2707,33.3861,35.5828

8.3420,36.1248,36.3542,36.3995,36.3705,36.0668,36.1215,36.5079,30.6395,36.2632,33.3805,35.5731

9.3420,36.1146,36.3121,36.3635,36.3476,36.0561,36.0842,36.5023,30.6593,36.2388,33.3717,35.5550

10.3420,36.0952,36.3092,36.3499,36.3326,36.0302,36.0620,36.5036,30.6694,36.2234,33.3657,35.5440

11.3420,36.0828,36.2847,36.3268,36.3198,36.0202,36.0463,36.4974,30.6570,36.2069,33.3516,35.5294

12.3420,36.0567,36.2728,36.3036,36.3088,35.9889,36.0454,36.4574,30.6476,36.1861,33.3465,35.5101

13.3420,36.0447,36.2739,36.2911,36.2949,35.9989,36.0447,36.4575,30.6647,36.1807,33.3547,35.5088

14.3420,36.0445,36.2525,36.2899,36.2913,35.9740,36.0156,36.4283,30.6538,36.1705,33.3347,35.4937

15.3420,36.0087,36.2339,36.2572,36.2713,35.9615,35.9760,36.4124,30.6755,36.1465,33.3257,35.4745

16.3420,36.0092,36.2294,36.2364,36.2527,35.9522,35.9840,36.3887,30.6422,36.1360,33.3131,35.4619

17.3420,35.9912,36.2045,36.2298,36.2246,35.9514,35.9486,36.3929,30.6546,36.1203,33.3016,35.4497

18.3420,35.9483,36.1726,36.2170,36.2273,35.9367,35.9600,36.3502,30.6656,36.1004,33.3128,35.4347

19.3420,35.9670,36.1738,36.1915,36.2154,35.9067,35.9543,36.3607,30.6698,36.0908,33.3121,35.4299

20.3420,35.9478,36.1521,36.1862,36.1844,35.8814,35.9019,36.3409,30.6721,36.0704,33.2870,35.4083

21.3420,35.9441,36.1421,36.1692,36.1916,35.8725,35.9100,36.3155,30.6580,36.0639,33.2840,35.4004

22.3430,35.8970,36.1134,36.1475,36.1471,35.8507,35.8895,36.2896,30.6619,36.0311,33.2757,35.3746

23.3430,35.9173,36.0990,36.1308,36.1453,35.8345,35.8635,36.2991,30.6748,36.0254,33.2692,35.3705

24.3420,35.8853,36.0738,36.1298,36.1116,35.8479,35.8610,36.2719,30.6516,36.0097,33.2563,35.3541

25.3420,35.8649,36.0727,36.1068,36.1358,35.8252,35.8317,36.2639,30.6706,36.0011,33.2511,35.3464

26.3420,35.8524,36.0699,36.0924,36.0891,35.7958,35.8210,36.2476,30.6565,35.9799,33.2388,35.3281

27.3430,35.8323,36.0424,36.0569,36.0858,35.8099,35.8043,36.2195,30.6552,35.9655,33.2297,35.3133

28.3420,35.8378,36.0117,36.0543,36.0814,35.7840,35.8084,36.2235,30.6706,35.9538,33.2395,35.3090

29.3420,35.8033,36.0174,36.0421,36.0571,35.7514,35.7771,36.2123,30.6542,35.9343,33.2157,35.2894

30.3420,35.7986,35.9936,36.0390,36.0315,35.7378,35.7724,36.1872,30.6552,35.9201,33.2138,35.2769

31.3420,35.7812,35.9805,36.0184,36.0188,35.7317,35.7658,36.1796,30.6706,35.9061,33.2182,35.2683

32.3420,35.7930,35.9700,36.0162,36.0088,35.6868,35.7556,36.1569,30.6575,35.8949,33.2065,35.2556

33.3420,35.7514,35.9366,35.9796,35.9553,35.6859,35.7383,36.1175,30.6646,35.8618,33.2014,35.2286

34.3420,35.7578,35.9266,35.9649,35.9696,35.6601,35.7255,36.1271,30.6724,35.8558,33.1990,35.2255

35.3420,35.7382,35.9243,35.9677,35.9547,35.6498,35.7293,36.1113,30.6631,35.8469,33.1962,35.2173

36.3420,35.7191,35.9059,35.9255,35.9512,35.6569,35.6831,36.0999,30.6499,35.8317,33.1665,35.1989

37.3420,35.6836,35.8668,35.9098,35.9178,35.6326,35.6724,36.0753,30.6472,35.8021,33.1598,35.1757

38.3420,35.6860,35.8508,35.8924,35.9163,35.6351,35.6528,36.0790,30.6492,35.7961,33.1510,35.1702

39.3430,35.6757,35.8691,35.8948,35.8995,35.6107,35.6220,36.0281,30.6694,35.7900,33.1457,35.1587

40.3420,35.6529,35.8548,35.8716,35.8978,35.6095,35.6235,36.0296,30.6484,35.7773,33.1359,35.1485

41.3420,35.6378,35.8246,35.8601,35.8667,35.5891,35.6251,36.0139,30.6491,35.7556,33.1371,35.1333

42.3420,35.6381,35.8061,35.8556,35.8701,35.5646,35.6072,36.0095,30.6687,35.7469,33.1379,35.1275

43.3430,35.6258,35.7966,35.8167,35.8359,35.5725,35.5804,35.9962,30.6671,35.7295,33.1238,35.1114

44.3420,35.6169,35.7688,35.8203,35.8221,35.5280,35.5575,35.9760,30.6572,35.7112,33.1074,35.0933

45.3420,35.5873,35.7656,35.8026,35.7984,35.5269,35.5447,35.9555,30.6552,35.6962,33.1000,35.0795

46.3420,35.5716,35.7761,35.7981,35.8093,35.5005,35.5473,35.9379,30.6776,35.6911,33.1124,35.0773

47.3420,35.5573,35.7328,35.7632,35.7978,35.4965,35.5217,35.9278,30.6519,35.6695,33.0868,35.0561

48.3420,35.5373,35.7141,35.7562,35.7604,35.5153,35.5125,35.9114,30.6736,35.6567,33.0931,35.0476

49.3420,35.5269,35.7056,35.7337,35.7542,35.4768,35.4993,35.9001,30.6382,35.6394,33.0688,35.0294

50.3420,35.5218,35.6797,35.7326,35.7405,35.4577,35.4871,35.8831,30.6312,35.6264,33.0592,35.0167

51.3430,35.5165,35.6813,35.7046,35.7364,35.4407,35.4576,35.8786,30.6579,35.6159,33.0577,35.0092

52.3420,35.5049,35.6567,35.6927,35.7156,35.4454,35.4543,35.8690,30.6546,35.6031,33.0545,34.9992

53.3430,35.4916,35.6420,35.6785,35.7066,35.4322,35.4574,35.8511,30.6493,35.5902,33.0534,34.9886

54.3420,35.4684,35.6140,35.6626,35.6841,35.4230,35.4225,35.8403,30.6575,35.5704,33.0400,34.9716

55.3420,35.4497,35.6175,35.6427,35.6577,35.3893,35.4207,35.8199,30.6330,35.5514,33.0269,34.9538

56.3430,35.4247,35.6008,35.6434,35.6523,35.3831,35.4074,35.8052,30.6460,35.5409,33.0267,34.9454

57.3420,35.4423,35.5964,35.6310,35.6319,35.3997,35.3978,35.7942,30.6688,35.5403,33.0333,34.9453

58.3420,35.4241,35.5776,35.6057,35.6174,35.3652,35.3820,35.7698,30.6351,35.5180,33.0086,34.9221

59.3420,35.3785,35.5654,35.5990,35.6121,35.3420,35.3626,35.7608,30.6424,35.4994,33.0025,34.9079

60.3420,35.3934,35.5478,35.5871,35.5997,35.3223,35.3668,35.7596,30.6541,35.4901,33.0104,34.9039

61.3420,35.4022,35.5263,35.5684,35.6077,35.3119,35.3292,35.7200,30.6624,35.4833,32.9958,34.8910

62.3420,35.3539,35.5236,35.5676,35.5877,35.3034,35.3188,35.7167,30.6332,35.4672,32.9760,34.8756

63.3420,35.3613,35.5014,35.5374,35.5477,35.2794,35.3051,35.7194,30.6481,35.4455,32.9766,34.8625

64.3420,35.3455,35.4832,35.5160,35.5482,35.2636,35.2842,35.6745,30.6388,35.4313,32.9615,34.8443

65.3420,35.3313,35.4827,35.5229,35.5360,35.2757,35.3005,35.6899,30.6457,35.4297,32.9731,34.8481

66.3420,35.3260,35.4600,35.4951,35.5138,35.2507,35.2760,35.6574,30.6409,35.4091,32.9584,34.8275

67.3420,35.3016,35.4584,35.4893,35.5094,35.2566,35.2749,35.6417,30.6417,35.4030,32.9583,34.8217

68.3420,35.3048,35.4486,35.4963,35.5043,35.2112,35.2281,35.6488,30.6369,35.3931,32.9325,34.8099

69.3420,35.2752,35.4236,35.4788,35.4714,35.2223,35.2467,35.6234,30.6218,35.3743,32.9342,34.7954

70.3430,35.2616,35.4170,35.4605,35.4839,35.2209,35.2302,35.6275,30.6518,35.3688,32.9410,34.7942

71.3420,35.2456,35.3944,35.4374,35.4631,35.2106,35.2049,35.6039,30.6292,35.3502,32.9171,34.7736

72.3420,35.2396,35.3777,35.4235,35.4376,35.1914,35.2199,35.5840,30.6541,35.3340,32.9370,34.7660

73.3420,35.2304,35.3642,35.4133,35.4367,35.1892,35.2080,35.5761,30.6266,35.3268,32.9173,34.7556

74.3420,35.2196,35.3566,35.3973,35.4240,35.1382,35.1911,35.5685,30.6261,35.3071,32.9086,34.7402

75.3420,35.2096,35.3330,35.3966,35.4196,35.1450,35.1941,35.5650,30.6306,35.3008,32.9123,34.7367

76.3420,35.2038,35.3268,35.3680,35.3703,35.1337,35.1556,35.5303,30.6403,35.2805,32.8980,34.7161

77.3420,35.1699,35.3165,35.3736,35.3562,35.1208,35.1306,35.5153,30.6443,35.2674,32.8874,34.7034

78.3420,35.1601,35.3306,35.3390,35.3549,35.1274,35.1208,35.5177,30.6331,35.2624,32.8770,34.6980

79.3420,35.1378,35.2928,35.3288,35.3504,35.1130,35.1275,35.5000,30.6430,35.2445,32.8852,34.6867

80.3430,35.1408,35.2699,35.3083,35.3509,35.0894,35.1076,35.4982,30.6367,35.2319,32.8722,34.6752

81.3430,35.1078,35.2611,35.3037,35.3219,35.0558,35.0825,35.4819,30.6496,35.2101,32.8660,34.6580

82.3420,35.1024,35.2411,35.3080,35.3084,35.0603,35.0968,35.4605,30.6390,35.2040,32.8679,34.6521

83.3420,35.1100,35.2416,35.2875,35.3020,35.0647,35.0778,35.4484,30.6298,35.2012,32.8538,34.6452

84.3420,35.0774,35.2241,35.2671,35.2877,35.0409,35.0728,35.4374,30.6351,35.1795,32.8539,34.6303

85.3420,35.0861,35.2430,35.2528,35.2710,35.0524,35.0374,35.4161,30.6137,35.1810,32.8255,34.6215

86.3420,35.0730,35.1932,35.2382,35.2498,35.0557,35.0304,35.4024,30.6132,35.1620,32.8218,34.6070

87.3420,35.0504,35.2027,35.2294,35.2565,35.0237,35.0242,35.3912,30.6262,35.1525,32.8252,34.6005

88.3430,35.0513,35.1788,35.2246,35.2419,35.0166,34.9928,35.3771,30.6220,35.1426,32.8074,34.5881

89.3430,35.0301,35.1665,35.1969,35.2283,34.9833,35.0043,35.3724,30.6397,35.1210,32.8220,34.5777

90.3420,35.0191,35.1572,35.1867,35.2166,34.9854,34.9719,35.3579,30.6165,35.1130,32.7942,34.5639

91.3420,34.9844,35.1486,35.1926,35.2085,34.9620,34.9933,35.3404,30.6291,35.0992,32.8112,34.5574

92.3420,34.9861,35.1345,35.1705,35.2140,34.9533,34.9646,35.3347,30.5993,35.0917,32.7819,34.5446

93.3420,34.9883,35.1238,35.1463,35.1935,34.9472,34.9486,35.3386,30.6368,35.0798,32.7927,34.5404

94.3420,34.9783,35.1045,35.1452,35.1836,34.9352,34.9399,35.3165,30.6229,35.0694,32.7814,34.5283

95.3420,34.9617,35.1070,35.1594,35.1758,34.9476,34.9336,35.3222,30.6077,35.0703,32.7706,34.5269

96.3420,34.9651,35.0957,35.1435,35.1421,34.9253,34.9239,35.3072,30.6210,35.0543,32.7724,34.5155

97.3420,34.9169,35.1009,35.1131,35.1402,34.8790,34.9160,35.2848,30.6153,35.0300,32.7657,34.4958

98.3420,34.9160,35.0495,35.1229,35.1351,34.8809,34.8992,35.2703,30.6370,35.0209,32.7681,34.4889

99.3420,34.9244,35.0338,35.0843,35.1096,34.8701,34.9019,35.2532,30.6040,35.0044,32.7530,34.4727

100.3420,34.9026,35.0481,35.0841,35.0963,34.8558,34.8951,35.2292,30.6169,34.9974,32.7560,34.4660

101.3420,34.9013,35.0169,35.0609,35.0936,34.8657,34.8652,35.2293,30.6104,34.9877,32.7378,34.4554

102.3420,34.8902,35.0199,35.0606,35.0747,34.8209,34.8518,35.2286,30.6120,34.9733,32.7319,34.4448

103.3420,34.8685,34.9994,35.0509,35.0650,34.8344,34.8503,35.2095,30.6161,34.9636,32.7332,34.4368

104.3420,34.8675,35.0011,35.0465,35.0451,34.8277,34.8328,35.2070,30.6178,34.9576,32.7253,34.4307

105.3420,34.8415,35.0002,35.0227,35.0316,34.7956,34.8139,35.2014,30.6087,34.9383,32.7113,34.4145

106.3420,34.8465,34.9698,35.0040,35.0372,34.7913,34.8152,35.1813,30.6171,34.9298,32.7161,34.4078

107.3420,34.8446,34.9636,34.9949,35.0422,34.7899,34.8011,35.1737,30.6222,34.9271,32.7117,34.4040

108.3420,34.8171,34.9540,34.9680,35.0106,34.7768,34.7735,35.1613,30.6326,34.9053,32.7030,34.3867

109.3430,34.8310,34.9259,34.9862,34.9788,34.7851,34.7935,35.1622,30.6427,34.9014,32.7181,34.3882

110.3420,34.8050,34.9266,34.9663,34.9673,34.7633,34.7727,35.1226,30.6242,34.8857,32.6984,34.3685

111.3420,34.7877,34.9150,34.9327,34.9926,34.7423,34.7540,35.1274,30.6196,34.8741,32.6868,34.3589

112.3430,34.7498,34.8886,34.9326,34.9583,34.7372,34.7639,35.1291,30.6276,34.8533,32.6957,34.3484

113.3420,34.7490,34.8971,34.9247,34.9523,34.7321,34.7279,35.1250,30.6178,34.8510,32.6728,34.3407

114.3420,34.7512,34.8666,34.9350,34.9397,34.7231,34.7208,35.1053,30.6346,34.8431,32.6777,34.3345

115.3420,34.7553,34.8674,34.9198,34.9376,34.7385,34.7230,35.0756,30.6453,34.8437,32.6841,34.3328

116.3420,34.7530,34.8619,34.8966,34.9270,34.6935,34.6949,35.0636,30.6415,34.8264,32.6682,34.3165

117.3420,34.7279,34.8509,34.8790,34.8982,34.6797,34.6928,35.0568,30.6399,34.8071,32.6663,34.3031

118.3420,34.7150,34.8315,34.8642,34.9344,34.6650,34.6823,35.0669,30.6265,34.8020,32.6544,34.2982

119.3420,34.7125,34.8119,34.8485,34.8882,34.6759,34.6642,35.0455,30.6399,34.7874,32.6520,34.2858

120.3430,34.6932,34.8284,34.8626,34.8813,34.6618,34.6782,35.0221,30.6426,34.7854,32.6604,34.2838

121.3420,34.6667,34.8127,34.8276,34.8688,34.6634,34.6526,35.0134,30.6423,34.7678,32.6474,34.2684

122.3420,34.6847,34.8008,34.8228,34.8668,34.6641,34.6365,35.0118,30.6083,34.7678,32.6224,34.2620

123.3420,34.6701,34.8080,34.8417,34.8342,34.6270,34.6326,34.9985,30.6462,34.7562,32.6394,34.2573

124.3420,34.6564,34.7823,34.8338,34.8319,34.6409,34.6039,34.9882,30.6249,34.7491,32.6144,34.2453

125.3420,34.6236,34.7741,34.8050,34.8308,34.6236,34.5946,34.9581,30.6254,34.7314,32.6100,34.2294

126.3420,34.6354,34.7779,34.7868,34.8303,34.6269,34.6021,34.9558,30.6466,34.7315,32.6243,34.2327

127.3420,34.6210,34.7409,34.7863,34.8172,34.6168,34.5901,34.9772,30.6444,34.7164,32.6172,34.2242

128.3420,34.6134,34.7437,34.7905,34.8148,34.5849,34.5661,34.9603,30.6386,34.7094,32.6024,34.2140

129.3420,34.6026,34.7346,34.7618,34.7913,34.5665,34.5539,34.9223,30.6371,34.6914,32.5955,34.1963

130.3420,34.5928,34.7265,34.7606,34.7910,34.5727,34.5409,34.9174,30.6485,34.6887,32.5947,34.1938

131.3420,34.5822,34.7167,34.7504,34.7673,34.5414,34.5442,34.9194,30.6449,34.6716,32.5946,34.1833

132.3430,34.5604,34.6815,34.7340,34.7681,34.5604,34.5361,34.8837,30.6480,34.6609,32.5920,34.1715

133.3420,34.5626,34.6913,34.7400,34.7428,34.5317,34.5167,34.9038,30.6478,34.6537,32.5823,34.1671

134.3420,34.5581,34.6804,34.7244,34.7319,34.5263,34.5286,34.8873,30.6442,34.6442,32.5864,34.1602

135.3430,34.5497,34.6543,34.7142,34.7315,34.5052,34.5123,34.8743,30.6546,34.6310,32.5834,34.1495

136.3420,34.5322,34.6647,34.6928,34.7311,34.4802,34.5036,34.8584,30.6529,34.6202,32.5783,34.1395

137.3420,34.5470,34.6493,34.6774,34.7214,34.5007,34.4848,34.8426,30.6711,34.6191,32.5780,34.1368

138.3420,34.5062,34.6158,34.6869,34.6930,34.4917,34.4861,34.8437,30.6485,34.5987,32.5673,34.1215

139.3420,34.5499,34.6331,34.6574,34.6893,34.4881,34.4712,34.8199,30.6749,34.6036,32.5731,34.1230

140.3420,34.5299,34.6114,34.6563,34.6723,34.4643,34.4480,34.8122,30.6511,34.5868,32.5495,34.1057

141.3420,34.4983,34.6014,34.6360,34.6739,34.4449,34.4524,34.8340,30.6589,34.5709,32.5557,34.1000

142.3430,34.4874,34.6003,34.6546,34.6817,34.4452,34.4527,34.8090,30.6503,34.5738,32.5515,34.0977

143.3420,34.4673,34.5949,34.6342,34.6651,34.4439,34.4275,34.8008,30.6588,34.5611,32.5431,34.0866

144.3420,34.4638,34.5740,34.6278,34.6395,34.4020,34.4165,34.7832,30.6642,34.5414,32.5403,34.0714

145.3420,34.4586,34.5785,34.6258,34.6618,34.4239,34.4220,34.7868,30.6740,34.5497,32.5480,34.0789

146.3420,34.4614,34.5352,34.5918,34.6194,34.4024,34.4164,34.7809,30.6613,34.5220,32.5389,34.0586

147.3420,34.4279,34.5394,34.6036,34.5900,34.4017,34.3979,34.7782,30.6427,34.5125,32.5203,34.0477

148.3420,34.4190,34.5436,34.5778,34.6227,34.3783,34.3937,34.7570,30.6582,34.5083,32.5260,34.0438

149.3420,34.4161,34.5408,34.5749,34.5909,34.3613,34.3852,34.7500,30.6643,34.4968,32.5248,34.0354

150.3420,34.4074,34.5279,34.5705,34.5892,34.3985,34.3699,34.7330,30.6555,34.4987,32.5127,34.0315

151.3420,34.4092,34.5224,34.5454,34.6062,34.3830,34.3703,34.7218,30.6954,34.4932,32.5328,34.0317

152.3420,34.3997,34.5118,34.5483,34.5919,34.3711,34.3529,34.6958,30.6760,34.4846,32.5144,34.0184

153.3420,34.4057,34.4867,34.5387,34.5719,34.3434,34.3359,34.7091,30.6754,34.4693,32.5057,34.0084

154.3420,34.3678,34.4925,34.5267,34.5585,34.3303,34.3233,34.7050,30.6651,34.4552,32.4942,33.9962

155.3430,34.3834,34.4659,34.5212,34.5301,34.3281,34.3244,34.7173,30.6695,34.4457,32.4969,33.9925

156.3420,34.3570,34.4554,34.5130,34.5416,34.3373,34.3266,34.6628,30.6548,34.4409,32.4907,33.9811

157.3420,34.3717,34.4643,34.5139,34.5270,34.2987,34.2837,34.6689,30.6494,34.4351,32.4665,33.9722

158.3420,34.3580,34.4565,34.4860,34.5323,34.2971,34.3036,34.6756,30.6736,34.4260,32.4886,33.9728

159.3420,34.3163,34.4530,34.4952,34.5111,34.2934,34.3037,34.6632,30.6689,34.4138,32.4863,33.9631

160.3420,34.3365,34.4453,34.4720,34.5005,34.2882,34.2938,34.6578,30.6933,34.4085,32.4936,33.9609

161.3420,34.2943,34.4129,34.4658,34.4752,34.2929,34.2690,34.6400,30.6605,34.3882,32.4647,33.9388

162.3420,34.3109,34.4222,34.4507,34.4887,34.2785,34.2762,34.6347,30.6865,34.3902,32.4813,33.9435

163.3430,34.2946,34.4117,34.4571,34.4641,34.2768,34.2768,34.6228,30.6890,34.3809,32.4829,33.9366

164.3420,34.3017,34.3972,34.4314,34.4604,34.2544,34.2507,34.6050,30.6482,34.3690,32.4494,33.9186

165.3420,34.2837,34.3983,34.4259,34.4639,34.2458,34.2556,34.5940,30.6696,34.3635,32.4626,33.9171

166.3420,34.2989,34.3849,34.4215,34.4290,34.2376,34.2380,34.6153,30.6980,34.3544,32.4680,33.9154

167.3420,34.2562,34.3669,34.4184,34.4343,34.2374,34.2285,34.5963,30.6884,34.3426,32.4585,33.9033

168.3420,34.2743,34.3636,34.4086,34.4324,34.2121,34.2050,34.5809,30.6681,34.3382,32.4366,33.8931

169.3420,34.2353,34.3991,34.4113,34.4244,34.2245,34.1993,34.5611,30.6633,34.3389,32.4313,33.8898

170.3420,34.2361,34.3456,34.3971,34.4209,34.2216,34.2150,34.5591,30.6702,34.3243,32.4426,33.8832

171.3420,34.2317,34.3446,34.3887,34.4036,34.1765,34.1915,34.5577,30.6870,34.3090,32.4392,33.8727

172.3420,34.2324,34.3518,34.3785,34.4071,34.1930,34.1766,34.5634,30.6707,34.3126,32.4237,33.8717

173.3420,34.2145,34.3186,34.3705,34.3902,34.1705,34.1612,34.5405,30.6697,34.2929,32.4154,33.8545

174.3420,34.2052,34.3126,34.3571,34.3819,34.1644,34.1635,34.5308,30.7049,34.2842,32.4342,33.8525

175.3420,34.2022,34.3125,34.3349,34.3630,34.1442,34.1578,34.5161,30.6926,34.2714,32.4252,33.8404

176.3420,34.1975,34.2985,34.3257,34.3763,34.1534,34.1544,34.5228,30.7033,34.2703,32.4288,33.8415

177.3420,34.1832,34.3034,34.3428,34.3648,34.1472,34.1458,34.5085,30.6886,34.2683,32.4172,33.8355

178.3420,34.1700,34.2758,34.3110,34.3629,34.1532,34.1625,34.4847,30.7138,34.2546,32.4382,33.8292

179.3420,34.1636,34.2890,34.3227,34.3396,34.1472,34.1589,34.4884,30.6745,34.2524,32.4167,33.8230

180.3420,34.1457,34.2637,34.3068,34.3616,34.1256,34.1167,34.4791,30.6847,34.2407,32.4007,33.8105

181.3420,34.1403,34.2632,34.2852,34.3391,34.1169,34.1057,34.4744,30.6676,34.2290,32.3867,33.7991

182.3420,34.1494,34.2767,34.2982,34.3286,34.1106,34.1134,34.4593,30.6720,34.2327,32.3927,33.8010

183.3420,34.1301,34.2397,34.2738,34.3221,34.0968,34.1048,34.4752,30.6690,34.2125,32.3869,33.7889

184.3420,34.1222,34.2463,34.2622,34.2898,34.0950,34.1067,34.4565,30.6682,34.2031,32.3875,33.7809

185.3420,34.1183,34.2363,34.2902,34.2841,34.0888,34.0995,34.4349,30.6985,34.2035,32.3990,33.7813

186.3420,34.1056,34.2285,34.2481,34.2809,34.0766,34.0747,34.4317,30.6821,34.1879,32.3784,33.7660

187.3420,34.1024,34.1992,34.2526,34.2906,34.0888,34.0761,34.4259,30.6685,34.1867,32.3723,33.7630

188.3430,34.0986,34.2109,34.2479,34.2746,34.0583,34.0813,34.4212,30.6910,34.1781,32.3862,33.7605

189.3420,34.1112,34.1855,34.2450,34.2623,34.0746,34.0657,34.4107,30.6726,34.1757,32.3692,33.7534

190.3420,34.0698,34.1872,34.2471,34.2565,34.0590,34.0754,34.4120,30.6847,34.1639,32.3801,33.7490

191.3420,34.0710,34.1746,34.2303,34.2649,34.0565,34.0415,34.3881,30.6911,34.1595,32.3663,33.7397

192.3430,34.0557,34.1636,34.2207,34.2511,34.0482,34.0416,34.3808,30.6799,34.1478,32.3608,33.7302

193.3420,34.0552,34.1539,34.2143,34.2213,34.0154,34.0253,34.3941,30.6898,34.1320,32.3575,33.7212

194.3420,34.0583,34.1520,34.1988,34.2274,34.0447,34.0082,34.3814,30.7033,34.1363,32.3557,33.7218

195.3430,34.0620,34.1364,34.2006,34.2132,34.0175,34.0053,34.3743,30.6905,34.1259,32.3479,33.7125

196.3420,34.0635,34.1651,34.1749,34.2208,34.0096,33.9890,34.3674,30.6967,34.1268,32.3428,33.7109

197.3420,34.0326,34.1340,34.1771,34.2136,34.0171,33.9749,34.3569,30.6657,34.1149,32.3203,33.6965

198.3420,34.0162,34.1407,34.1768,34.1805,34.0045,33.9951,34.3613,30.6845,34.1037,32.3398,33.6950

199.3420,34.0252,34.1123,34.1690,34.1816,33.9929,34.0041,34.3755,30.6738,34.0962,32.3389,33.6918

200.3420,34.0269,34.1156,34.1357,34.1816,33.9599,33.9749,34.3329,30.6872,34.0839,32.3311,33.6768

201.3420,33.9974,34.1075,34.1450,34.1689,33.9749,33.9801,34.3361,30.7112,34.0788,32.3457,33.6777

202.3420,33.9904,34.0929,34.1449,34.1740,33.9604,33.9511,34.3102,30.6732,34.0725,32.3121,33.6622

203.3420,33.9848,34.0811,34.1298,34.1612,33.9688,33.9623,34.3101,30.6962,34.0651,32.3292,33.6618

204.3420,33.9735,34.0941,34.1306,34.1554,33.9403,33.9346,34.3128,30.7084,34.0588,32.3215,33.6562

205.3420,33.9755,34.0808,34.1131,34.1529,33.9352,33.9338,34.2859,30.7071,34.0515,32.3205,33.6481

206.3420,33.9520,34.0751,34.1074,34.1397,33.9324,33.9497,34.2868,30.7104,34.0413,32.3300,33.6442

207.3420,33.9563,34.0403,34.1031,34.1354,33.9408,33.9273,34.2852,30.7273,34.0352,32.3273,33.6395

208.3420,33.9532,34.0633,34.1008,34.1322,33.9265,33.8984,34.2773,30.6871,34.0352,32.2928,33.6299

209.3430,33.9210,34.0409,34.1070,34.1322,33.9172,33.8999,34.2732,30.7013,34.0237,32.3006,33.6241

210.3420,33.9399,34.0415,34.0785,34.1230,33.9221,33.8794,34.2611,30.7127,34.0210,32.2961,33.6198

211.3420,33.9173,34.0240,34.0535,34.0928,33.9225,33.8883,34.2534,30.6840,34.0020,32.2861,33.6045

212.3420,33.9303,34.0126,34.0585,34.1049,33.8928,33.8750,34.2561,30.7247,33.9998,32.2999,33.6069

213.3420,33.9112,34.0108,34.0666,34.0680,33.8943,33.8966,34.2375,30.6863,33.9902,32.2915,33.5964

214.3420,33.9077,34.0275,34.0594,34.0945,33.9058,33.8599,34.2336,30.7232,33.9990,32.2916,33.6015

215.3420,33.8977,34.0065,34.0458,34.0908,33.8902,33.8466,34.2285,30.7047,33.9862,32.2757,33.5888

216.3420,33.8990,34.0007,34.0386,34.0649,33.8499,33.8419,34.2199,30.7084,33.9706,32.2752,33.5779

217.3420,33.8798,34.0020,34.0498,34.0657,33.8480,33.8302,34.2057,30.7061,33.9691,32.2681,33.5734

218.3420,33.8827,33.9859,34.0084,34.0529,33.8668,33.8340,34.2084,30.7259,33.9593,32.2800,33.5706

219.3420,33.8582,33.9758,34.0072,34.0549,33.8428,33.8324,34.1828,30.7093,33.9478,32.2709,33.5579

220.3420,33.8586,33.9751,34.0309,34.0323,33.8324,33.8376,34.1864,30.7106,33.9459,32.2741,33.5580

221.3420,33.8602,33.9632,34.0105,34.0185,33.8471,33.8330,34.1806,30.6939,33.9399,32.2635,33.5509

222.3420,33.8619,33.9724,33.9954,34.0422,33.8324,33.8179,34.1808,30.7144,33.9409,32.2661,33.5522

223.3420,33.8455,33.9599,33.9847,34.0226,33.8174,33.8174,34.1631,30.6975,33.9260,32.2574,33.5385

224.3420,33.8328,33.9604,33.9956,34.0040,33.8192,33.7967,34.1792,30.6964,33.9224,32.2466,33.5355

225.3420,33.8377,33.9282,33.9624,34.0083,33.8222,33.7941,34.1483,30.7032,33.9117,32.2487,33.5255

226.3420,33.8103,33.9272,33.9867,34.0120,33.8252,33.7821,34.1609,30.7067,33.9123,32.2444,33.5264

227.3420,33.8174,33.9335,33.9499,34.0099,33.7972,33.7719,34.1537,30.7016,33.9016,32.2368,33.5169

228.3420,33.8128,33.9370,33.9660,33.9698,33.7978,33.7880,34.1178,30.7253,33.8967,32.2566,33.5143

229.3420,33.8096,33.9158,33.9640,33.9964,33.7800,33.7669,34.1125,30.7032,33.8932,32.2351,33.5061

230.3420,33.7899,33.9042,33.9665,33.9815,33.7899,33.7594,34.1117,30.7107,33.8864,32.2351,33.5017

231.3420,33.8028,33.8854,33.9313,33.9669,33.7686,33.7550,34.1112,30.7213,33.8710,32.2382,33.4928

232.3420,33.7696,33.8682,33.9483,33.9638,33.7659,33.7532,34.1071,30.6918,33.8632,32.2225,33.4835

233.3430,33.7900,33.8793,33.9327,33.9772,33.7689,33.7366,34.1018,30.7048,33.8696,32.2207,33.4864

234.3420,33.7893,33.8719,33.9577,33.9511,33.7406,33.7363,34.1052,30.7092,33.8621,32.2228,33.4827

235.3420,33.7468,33.8827,33.9370,33.9510,33.7547,33.7411,34.0934,30.7037,33.8544,32.2224,33.4763

236.3430,33.7664,33.8605,33.9115,33.9401,33.7303,33.7332,34.0942,30.6896,33.8418,32.2114,33.4657

237.3420,33.7529,33.8741,33.9214,33.9496,33.7492,33.7196,34.0816,30.6976,33.8494,32.2086,33.4683

238.3420,33.7513,33.8604,33.9166,33.9344,33.7105,33.6951,34.0595,30.6800,33.8346,32.1875,33.4510

239.3430,33.7359,33.8653,33.8967,33.9094,33.7106,33.7233,34.0686,30.7022,33.8236,32.2127,33.4515

240.3420,33.7232,33.8422,33.8862,33.9148,33.7288,33.7148,34.0679,30.6857,33.8190,32.2002,33.4454

241.3420,33.7505,33.8396,33.8883,33.9103,33.7125,33.7102,34.0452,30.6820,33.8202,32.1961,33.4423

242.3420,33.7234,33.8514,33.8814,33.8870,33.7126,33.6850,34.0420,30.7108,33.8111,32.1979,33.4367

243.3420,33.7280,33.8135,33.8665,33.8838,33.6783,33.6872,34.0580,30.7069,33.7940,32.1971,33.4278

244.3420,33.7026,33.7941,33.8522,33.9033,33.7120,33.6811,34.0340,30.7050,33.7929,32.1930,33.4230

245.3420,33.7019,33.8029,33.8689,33.8891,33.6845,33.6667,34.0315,30.6995,33.7895,32.1831,33.4181

246.3420,33.6941,33.8044,33.8629,33.8587,33.6824,33.6641,34.0189,30.6819,33.7805,32.1730,33.4084

247.3420,33.7028,33.7911,33.8506,33.8834,33.6738,33.6457,34.0141,30.6859,33.7804,32.1658,33.4059

248.3420,33.6882,33.7875,33.8479,33.8653,33.6591,33.6502,33.9866,30.7018,33.7696,32.1760,33.3983

249.3420,33.6930,33.7828,33.8339,33.8587,33.6813,33.6223,33.9983,30.6977,33.7700,32.1600,33.3960

250.3420,33.6891,33.7784,33.8253,33.8731,33.6601,33.6296,34.0155,30.6938,33.7652,32.1617,33.3956

251.3430,33.6853,33.7806,33.8199,33.8405,33.6689,33.6244,34.0007,30.6956,33.7590,32.1600,33.3895

252.3420,33.6637,33.7669,33.8007,33.8634,33.6501,33.6225,33.9815,30.7050,33.7490,32.1637,33.3817

253.3420,33.6740,33.7555,33.8080,33.8371,33.6398,33.6220,33.9724,30.7120,33.7429,32.1670,33.3776

254.3420,33.6473,33.7531,33.7793,33.8397,33.6375,33.6305,33.9840,30.7050,33.7314,32.1677,33.3721

255.3420,33.6237,33.7496,33.7889,33.8203,33.6359,33.5951,33.9876,30.6813,33.7237,32.1382,33.3603

256.3420,33.6440,33.7436,33.7778,33.8293,33.6230,33.6005,33.9642,30.7026,33.7235,32.1515,33.3606

257.3430,33.6635,33.7341,33.7908,33.8437,33.6092,33.6003,33.9421,30.7175,33.7282,32.1589,33.3626

258.3420,33.6203,33.7318,33.7726,33.8189,33.6198,33.5992,33.9628,30.6825,33.7127,32.1408,33.3510

259.3420,33.6170,33.7454,33.7641,33.7974,33.6105,33.5767,33.9520,30.6821,33.7069,32.1294,33.3431

260.3420,33.6040,33.7307,33.7607,33.8052,33.6124,33.5777,33.9495,30.6817,33.7026,32.1297,33.3402

261.3420,33.6221,33.7286,33.7741,33.7773,33.6094,33.5780,33.9441,30.7121,33.7023,32.1450,33.3432

262.3420,33.6203,33.6898,33.7554,33.7948,33.5940,33.5650,33.9377,30.6816,33.6909,32.1233,33.3298

263.3420,33.6015,33.7053,33.7591,33.7798,33.6029,33.5430,33.9147,30.7117,33.6897,32.1273,33.3272

264.3420,33.6022,33.6943,33.7707,33.8054,33.5956,33.5572,33.9379,30.7072,33.6936,32.1322,33.3338

265.3420,33.5858,33.6979,33.7429,33.7518,33.5792,33.5549,33.9495,30.6724,33.6715,32.1136,33.3168

266.3420,33.5761,33.6941,33.7297,33.7710,33.5808,33.5362,33.9143,30.6913,33.6703,32.1138,33.3117

267.3420,33.5757,33.7044,33.7236,33.7620,33.5753,33.5317,33.9110,30.7051,33.6682,32.1184,33.3111

268.3420,33.5454,33.6800,33.7254,33.7606,33.5703,33.5257,33.8828,30.7043,33.6563,32.1150,33.2993

269.3420,33.5758,33.6656,33.7354,33.7401,33.5565,33.5420,33.9031,30.6980,33.6547,32.1200,33.3021

270.3430,33.5554,33.6747,33.7084,33.7435,33.5536,33.5142,33.8817,30.6890,33.6471,32.1016,33.2901

271.3420,33.5454,33.6537,33.7108,33.7239,33.5505,33.5084,33.8785,30.6775,33.6369,32.0929,33.2811

272.3420,33.5575,33.6691,33.6995,33.7600,33.5486,33.4980,33.8747,30.6826,33.6469,32.0903,33.2862

273.3420,33.5283,33.6263,33.6989,33.7373,33.5358,33.4964,33.8825,30.6904,33.6253,32.0934,33.2745

274.3420,33.5342,33.6430,33.6899,33.7156,33.5113,33.5085,33.8740,30.6879,33.6188,32.0982,33.2705

275.3420,33.5380,33.6537,33.6776,33.6987,33.5183,33.5052,33.8589,30.7085,33.6173,32.1069,33.2699

276.3420,33.5206,33.6333,33.6783,33.7205,33.5253,33.4977,33.8596,30.6780,33.6156,32.0879,33.2642

277.3420,33.5294,33.6210,33.6791,33.6978,33.5186,33.4853,33.8525,30.6915,33.6092,32.0884,33.2594

278.3420,33.5055,33.6156,33.6498,33.7051,33.5247,33.4727,33.8648,30.6825,33.6001,32.0776,33.2526

279.3420,33.5041,33.6223,33.6467,33.6753,33.5299,33.4732,33.8360,30.6967,33.5957,32.0850,33.2480

280.3430,33.4948,33.6173,33.6805,33.6988,33.5079,33.4705,33.8408,30.7142,33.5999,32.0923,33.2531

281.3420,33.4839,33.6106,33.6537,33.6636,33.5064,33.4779,33.8388,30.7018,33.5837,32.0899,33.2421

282.3420,33.4948,33.5975,33.6341,33.6669,33.4883,33.4789,33.8229,30.7132,33.5763,32.0961,33.2371

283.3430,33.4817,33.6020,33.6404,33.6657,33.4620,33.4395,33.7987,30.7076,33.5703,32.0735,33.2247

284.3420,33.4754,33.5978,33.6451,33.6573,33.4951,33.4370,33.8325,30.6910,33.5742,32.0640,33.2289

285.3420,33.4976,33.5784,33.6276,33.6650,33.4718,33.4512,33.8065,30.6859,33.5681,32.0685,33.2230

286.3420,33.4740,33.5619,33.6158,33.6697,33.4547,33.4660,33.7830,30.6951,33.5552,32.0805,33.2150

287.3420,33.4653,33.5851,33.6408,33.6540,33.4807,33.4625,33.8034,30.7005,33.5652,32.0815,33.2240

288.3420,33.4739,33.5832,33.6056,33.6384,33.4589,33.4682,33.8062,30.7110,33.5520,32.0896,33.2182

289.3430,33.4447,33.5543,33.6166,33.6227,33.4499,33.4119,33.7796,30.6940,33.5376,32.0530,33.1967

290.3420,33.4609,33.5603,33.5917,33.6474,33.4416,33.4262,33.7725,30.6881,33.5404,32.0571,33.1986

291.3430,33.4402,33.5442,33.6089,33.6178,33.4420,33.4341,33.7747,30.6918,33.5306,32.0629,33.1942

292.3420,33.4433,33.5414,33.5677,33.6328,33.4283,33.4091,33.7753,30.6935,33.5227,32.0513,33.1864

293.3420,33.4441,33.5581,33.5895,33.6153,33.4221,33.4038,33.7760,30.6896,33.5258,32.0467,33.1873

294.3420,33.4422,33.5184,33.5798,33.6037,33.4375,33.4141,33.7677,30.6905,33.5163,32.0523,33.1817

295.3420,33.4415,33.5455,33.5802,33.6074,33.4476,33.4101,33.7615,30.6889,33.5244,32.0495,33.1853

296.3420,33.4131,33.5214,33.5683,33.6067,33.4173,33.3902,33.7445,30.6952,33.5054,32.0427,33.1696

297.3430,33.4072,33.5156,33.5648,33.6140,33.4311,33.3697,33.7677,30.7067,33.5066,32.0382,33.1721

298.3420,33.4222,33.5218,33.5719,33.6066,33.4114,33.3828,33.7378,30.7203,33.5068,32.0516,33.1718

299.3420,33.4099,33.5177,33.5683,33.6067,33.3949,33.3603,33.7487,30.6977,33.4995,32.0290,33.1630

300.3430,33.3825,33.5109,33.5648,33.5845,33.3974,33.3750,33.7569,30.7058,33.4880,32.0404,33.1597

301.3430,33.3957,33.5133,33.5723,33.5681,33.3985,33.3605,33.7251,30.7101,33.4896,32.0353,33.1554

302.3420,33.3902,33.5066,33.5577,33.6055,33.3963,33.3616,33.7442,30.7145,33.4913,32.0381,33.1596

303.3420,33.3899,33.4873,33.5323,33.5716,33.3852,33.3533,33.7075,30.7071,33.4733,32.0302,33.1418

304.3420,33.3993,33.4827,33.5273,33.5619,33.3608,33.3641,33.7353,30.7090,33.4664,32.0366,33.1426

305.3420,33.3799,33.4918,33.5278,33.5705,33.3658,33.3335,33.7312,30.7126,33.4672,32.0231,33.1391

306.3430,33.3557,33.4812,33.5022,33.5613,33.3384,33.3407,33.7173,30.7025,33.4478,32.0216,33.1249

307.3420,33.3549,33.4741,33.5158,33.5458,33.3521,33.3353,33.7355,30.6918,33.4485,32.0135,33.1257

308.3420,33.3475,33.4929,33.4962,33.5477,33.3648,33.3198,33.6916,30.6947,33.4498,32.0073,33.1194

309.3420,33.3603,33.4528,33.5161,33.5601,33.3574,33.3214,33.6988,30.7080,33.4493,32.0147,33.1218

310.3420,33.3677,33.4563,33.4854,33.5468,33.3372,33.3170,33.6733,30.6961,33.4387,32.0066,33.1100

311.3430,33.3565,33.4585,33.4941,33.5480,33.3429,33.3054,33.6975,30.6939,33.4400,31.9996,33.1121

312.3420,33.3189,33.4487,33.4922,33.5475,33.3414,33.3161,33.6830,30.6947,33.4298,32.0054,33.1053

313.3420,33.3360,33.4526,33.4844,33.5210,33.3187,33.3107,33.7042,30.6940,33.4225,32.0024,33.1027

314.3420,33.3270,33.4374,33.4730,33.5260,33.3326,33.2895,33.6666,30.7047,33.4192,31.9971,33.0946

315.3420,33.3409,33.4257,33.4791,33.5100,33.3489,33.2823,33.6557,30.7027,33.4209,31.9925,33.0932

316.3420,33.3265,33.4343,33.4821,33.5004,33.3269,33.2754,33.6644,30.6962,33.4140,31.9858,33.0883

317.3420,33.3246,33.4286,33.4694,33.5149,33.3199,33.2904,33.6414,30.6896,33.4115,31.9900,33.0848

318.3420,33.3053,33.4190,33.4433,33.5052,33.3138,33.2903,33.6608,30.7065,33.3973,31.9984,33.0805

319.3420,33.3393,33.4378,33.4791,33.5025,33.3229,33.2639,33.6506,30.7030,33.4163,31.9834,33.0874

320.3430,33.3240,33.4268,33.4427,33.5158,33.3278,33.2767,33.6531,30.7163,33.4074,31.9965,33.0854

321.3420,33.2925,33.3992,33.4611,33.4705,33.3089,33.2672,33.6495,30.6903,33.3864,31.9787,33.0674

322.3420,33.3169,33.4033,33.4618,33.4975,33.2981,33.2620,33.6357,30.6809,33.3955,31.9715,33.0695

323.3420,33.3057,33.4045,33.4350,33.4753,33.3183,33.2400,33.6271,30.6890,33.3878,31.9645,33.0619

324.3420,33.2914,33.3821,33.4482,33.4871,33.2741,33.2553,33.6403,30.6973,33.3766,31.9763,33.0595

325.3420,33.2875,33.3753,33.4390,33.4835,33.2791,33.2519,33.6166,30.6806,33.3729,31.9663,33.0517

326.3420,33.2665,33.3805,33.4400,33.4578,33.2909,33.2464,33.6199,30.7202,33.3672,31.9833,33.0528

327.3420,33.2675,33.3956,33.4335,33.4710,33.2904,33.2492,33.5980,30.7212,33.3716,31.9852,33.0533

328.3420,33.2634,33.3796,33.4180,33.4682,33.2911,33.2325,33.6059,30.7227,33.3641,31.9776,33.0477

329.3420,33.2617,33.3463,33.4251,33.4555,33.2743,33.2284,33.6120,30.7177,33.3526,31.9731,33.0401

330.3420,33.2533,33.3803,33.4150,33.4534,33.2655,33.2487,33.6179,30.6896,33.3535,31.9691,33.0405

331.3420,33.2615,33.3675,33.4022,33.4613,33.2554,33.2423,33.5859,30.7100,33.3496,31.9761,33.0358

332.3420,33.2273,33.3645,33.3945,33.4536,33.2808,33.2142,33.5853,30.7199,33.3442,31.9671,33.0300

333.3420,33.2257,33.3450,33.3914,33.4589,33.2609,33.2313,33.5929,30.6976,33.3364,31.9645,33.0255

334.3420,33.2485,33.3451,33.3911,33.4196,33.2307,33.2209,33.5855,30.7210,33.3270,31.9709,33.0203

335.3420,33.2491,33.3633,33.4018,33.4130,33.2392,33.1942,33.5822,30.6994,33.3333,31.9468,33.0178

336.3420,33.2340,33.3504,33.3813,33.4348,33.2397,33.1956,33.5753,30.6853,33.3280,31.9404,33.0120

337.3420,33.2226,33.3178,33.3899,33.4195,33.2530,33.1780,33.5605,30.6851,33.3206,31.9316,33.0033

338.3420,33.2306,33.3291,33.3938,33.4008,33.2390,33.1982,33.5536,30.6950,33.3187,31.9466,33.0050

339.3420,33.2305,33.3332,33.3744,33.4110,33.2216,33.1907,33.5694,30.7067,33.3142,31.9487,33.0047

340.3430,33.2257,33.3382,33.3686,33.4141,33.2552,33.1858,33.5711,30.7089,33.3204,31.9473,33.0084

341.3430,33.2072,33.3242,33.3580,33.3945,33.2372,33.2053,33.5567,30.7049,33.3042,31.9551,32.9985

342.3420,33.2063,33.3201,33.3679,33.4162,33.2344,33.1885,33.5586,30.7190,33.3090,31.9537,33.0014

343.3430,33.1987,33.3035,33.3579,33.4033,33.2217,33.1668,33.5425,30.7096,33.2970,31.9382,32.9880

344.3420,33.2059,33.3026,33.3466,33.3841,33.2214,33.1670,33.5425,30.6961,33.2921,31.9316,32.9833

345.3430,33.1963,33.2926,33.3456,33.3985,33.2174,33.1729,33.5405,30.7217,33.2901,31.9473,32.9857

346.3430,33.2022,33.2953,33.3403,33.3768,33.1957,33.1736,33.5343,30.7201,33.2821,31.9469,32.9798

347.3430,33.1937,33.3054,33.3466,33.3785,33.1900,33.1553,33.5359,30.7097,33.2828,31.9325,32.9769

348.3430,33.1700,33.2959,33.3353,33.3512,33.1930,33.1489,33.5265,30.7193,33.2691,31.9341,32.9675

349.3420,33.1863,33.3010,33.3221,33.3933,33.1788,33.1614,33.5245,30.7140,33.2763,31.9377,32.9727

350.3420,33.1690,33.2942,33.3190,33.3715,33.1737,33.1433,33.5172,30.7160,33.2655,31.9296,32.9630

351.3420,33.1719,33.2764,33.3129,33.3734,33.1878,33.1541,33.5070,30.7118,33.2645,31.9329,32.9619

352.3420,33.1711,33.2797,33.3233,33.3584,33.1636,33.1557,33.5206,30.7092,33.2592,31.9324,32.9602

353.3420,33.1711,33.2561,33.3274,33.3466,33.1566,33.1453,33.5073,30.7406,33.2516,31.9430,32.9564

354.3430,33.1526,33.2551,33.3067,33.3320,33.1554,33.1273,33.5068,30.7522,33.2404,31.9397,32.9485

355.3420,33.1600,33.2784,33.3056,33.3628,33.1736,33.1468,33.5038,30.7186,33.2561,31.9327,32.9562

356.3420,33.1502,33.2421,33.3180,33.3401,33.1464,33.1169,33.4839,30.7229,33.2394,31.9199,32.9401

357.3420,33.1423,33.2543,33.3111,33.3617,33.1521,33.1221,33.4906,30.7117,33.2443,31.9169,32.9432

358.3420,33.1363,33.2556,33.2818,33.3264,33.1620,33.1241,33.4857,30.7259,33.2324,31.9250,32.9372

359.3430,33.1536,33.2466,33.3118,33.3399,33.1470,33.1334,33.4725,30.7235,33.2398,31.9285,32.9410

360.3430,33.1611,33.2513,33.2865,33.3404,33.1302,33.1213,33.4739,30.7104,33.2339,31.9158,32.9344

361.3420,33.1283,33.2284,33.3002,33.3236,33.1419,33.1025,33.4951,30.7207,33.2245,31.9116,32.9301

362.3420,33.1292,33.2371,33.2755,33.3393,33.1465,33.1053,33.4785,30.7113,33.2255,31.9083,32.9278

363.3420,33.1256,33.2415,33.2743,33.3217,33.1210,33.0994,33.4810,30.7218,33.2168,31.9106,32.9233

364.3420,33.1097,33.2245,33.2724,33.3066,33.1332,33.0994,33.4561,30.7275,33.2093,31.9135,32.9162

365.3420,33.1187,33.2334,33.2686,33.3141,33.1229,33.0896,33.4467,30.7083,33.2115,31.8989,32.9128

366.3420,33.1172,33.2232,33.2828,33.3221,33.1280,33.1013,33.4519,30.7167,33.2147,31.9090,32.9179

367.3420,33.1264,33.2175,33.2583,33.3042,33.1330,33.0852,33.4617,30.7250,33.2079,31.9051,32.9139

368.3420,33.0915,33.2304,33.2698,33.2960,33.1075,33.0901,33.4451,30.7285,33.1990,31.9093,32.9074

369.3420,33.0820,33.2196,33.2529,33.2759,33.1069,33.0642,33.4516,30.7011,33.1875,31.8827,32.8943

370.3420,33.1110,33.1918,33.2372,33.3090,33.1152,33.0913,33.4458,30.7419,33.1928,31.9166,32.9054

371.3420,33.0885,33.1932,33.2550,33.3038,33.1063,33.0707,33.4373,30.7151,33.1893,31.8929,32.8962

372.3420,33.0996,33.1999,33.2688,33.2908,33.0991,33.0799,33.4286,30.7455,33.1917,31.9127,32.9015

373.3420,33.0851,33.1863,33.2332,33.2815,33.0814,33.0659,33.4403,30.7183,33.1735,31.8921,32.8865

374.3430,33.0692,33.1881,33.2227,33.2785,33.0931,33.0566,33.4355,30.7156,33.1703,31.8861,32.8824

375.3420,33.0907,33.1971,33.2431,33.2693,33.0828,33.0743,33.4137,30.7503,33.1766,31.9123,32.8902

376.3420,33.0876,33.1808,33.2272,33.2839,33.0772,33.0519,33.4306,30.7429,33.1714,31.8974,32.8853

377.3420,33.0823,33.2055,33.2341,33.2580,33.0692,33.0734,33.4244,30.7329,33.1699,31.9032,32.8850

378.3420,33.0706,33.1800,33.2283,33.2630,33.0800,33.0368,33.4251,30.7240,33.1644,31.8804,32.8760

379.3420,33.0714,33.1676,33.2079,33.2534,33.0822,33.0409,33.4155,30.7238,33.1565,31.8824,32.8703

380.3420,33.0718,33.1674,33.2091,33.2729,33.0755,33.0446,33.3924,30.7411,33.1593,31.8928,32.8719

381.3420,33.0533,33.1615,33.2116,33.2655,33.0655,33.0167,33.4146,30.7391,33.1515,31.8779,32.8660

382.3430,33.0640,33.1609,33.2139,33.2725,33.0490,33.0397,33.3798,30.7277,33.1521,31.8837,32.8635

383.3420,33.0619,33.1336,33.1959,33.2456,33.0469,33.0113,33.3979,30.7322,33.1368,31.8717,32.8532

384.3420,33.0462,33.1503,33.2070,33.2313,33.0710,33.0181,33.4048,30.7559,33.1412,31.8870,32.8606

385.3420,33.0295,33.1496,33.1819,33.2400,33.0595,33.0145,33.4003,30.7547,33.1321,31.8846,32.8538

386.3420,33.0437,33.1453,33.1885,33.2330,33.0315,32.9954,33.3787,30.7318,33.1284,31.8636,32.8435

387.3420,33.0230,33.1544,33.1788,33.2327,33.0432,33.0225,33.3794,30.7430,33.1264,31.8828,32.8471

388.3420,33.0354,33.1444,33.2007,33.2307,33.0288,33.0152,33.3671,30.7202,33.1280,31.8677,32.8428

389.3420,33.0127,33.1267,33.1919,33.2209,33.0207,33.0127,33.3686,30.7364,33.1146,31.8746,32.8363

390.3420,33.0291,33.1350,33.1777,33.2339,33.0347,33.0065,33.3712,30.7303,33.1221,31.8684,32.8398

391.3420,33.0444,33.1207,33.1662,33.2276,33.0341,32.9849,33.3668,30.7321,33.1186,31.8585,32.8346

392.3430,33.0263,33.1421,33.1810,33.2255,33.0211,32.9728,33.3751,30.7223,33.1192,31.8476,32.8333

393.3430,33.0156,33.1140,33.1712,33.2101,33.0128,32.9865,33.3657,30.7266,33.1047,31.8566,32.8253

394.3420,33.0148,33.1216,33.1704,33.2013,33.0176,32.9913,33.3738,30.7357,33.1051,31.8635,32.8283

395.3420,33.0202,33.1182,33.1683,33.2185,33.0193,32.9841,33.3544,30.7384,33.1089,31.8613,32.8277

396.3420,33.0113,33.1025,33.1714,33.2085,33.0127,32.9780,33.3763,30.7355,33.1013,31.8567,32.8245

397.3420,33.0020,33.1426,33.1516,33.1876,33.0076,32.9823,33.3700,30.7290,33.0983,31.8557,32.8216

398.3420,33.0096,33.1017,33.1355,33.2180,33.0049,32.9594,33.3539,30.7084,33.0939,31.8339,32.8114

399.3420,32.9970,33.1085,33.1760,33.1981,33.0111,32.9656,33.3382,30.7611,33.0982,31.8634,32.8195

400.3420,33.0108,33.1125,33.1392,33.1861,33.0188,32.9691,33.3286,30.7388,33.0935,31.8539,32.8130

401.3420,32.9950,33.1085,33.1484,33.1868,33.0072,32.9631,33.3513,30.7300,33.0892,31.8466,32.8113

402.3420,33.0007,33.0852,33.1475,33.1841,33.0030,32.9435,33.3458,30.7676,33.0841,31.8556,32.8097

403.3420,33.0066,33.1000,33.1239,33.1736,32.9921,32.9335,33.3321,30.7322,33.0793,31.8328,32.7992

404.3420,32.9934,33.1008,33.1482,33.1524,32.9854,32.9371,33.3286,30.7420,33.0760,31.8395,32.7985

405.3420,32.9910,33.0818,33.1329,33.1737,32.9708,32.9375,33.3166,30.7523,33.0700,31.8449,32.7946

406.3420,32.9620,33.0782,33.1171,33.1800,32.9929,32.9315,33.3182,30.7326,33.0661,31.8321,32.7891

407.3420,32.9669,33.0515,33.1242,33.1612,32.9627,32.9237,33.3037,30.7488,33.0533,31.8363,32.7803

408.3420,32.9557,33.0700,33.1268,33.1661,32.9674,32.9407,33.3283,30.7667,33.0572,31.8537,32.7902

409.3420,32.9600,33.0854,33.1154,33.1548,32.9684,32.9455,33.2945,30.7376,33.0568,31.8415,32.7827

410.3420,32.9593,33.0710,33.1179,33.1657,32.9715,32.9284,33.2942,30.7186,33.0571,31.8235,32.7783

411.3420,32.9500,33.0589,33.0964,33.1564,32.9514,32.9565,33.2970,30.7511,33.0426,31.8538,32.7772

412.3420,32.9661,33.0665,33.1148,33.1547,32.9502,32.8972,33.3173,30.7494,33.0505,31.8233,32.7770

413.3420,32.9433,33.0665,33.1011,33.1649,32.9498,32.9156,33.3163,30.7434,33.0451,31.8295,32.7751

414.3420,32.9312,33.0484,33.0971,33.1355,32.9579,32.8857,33.2973,30.7520,33.0340,31.8188,32.7631

415.3420,32.9136,33.0519,33.0936,33.1457,32.9229,32.8948,33.2985,30.7353,33.0256,31.8151,32.7570

416.3420,32.9356,33.0490,33.0631,33.1545,32.9450,32.9112,33.2909,30.7428,33.0294,31.8270,32.7615

417.3420,32.9405,33.0450,33.0975,33.1294,32.9400,32.8959,33.3075,30.7378,33.0305,31.8169,32.7617

418.3420,32.9177,33.0486,33.0955,33.1391,32.9247,32.8872,33.2703,30.7427,33.0251,31.8150,32.7532

419.3420,32.9209,33.0311,33.0879,33.1244,32.9444,32.8994,33.2871,30.7276,33.0217,31.8135,32.7529

420.3420,32.9347,33.0483,33.0844,33.1247,32.9436,32.8803,33.2752,30.7461,33.0271,31.8132,32.7547

421.3420,32.9196,33.0193,33.1032,33.1384,32.9393,32.8905,33.2636,30.7442,33.0240,31.8174,32.7523

422.3420,32.9160,33.0048,33.0906,33.1332,32.9216,32.9019,33.2781,30.7344,33.0132,31.8182,32.7476

423.3420,32.9124,33.0290,33.0801,33.1176,32.9213,32.8679,33.2769,30.7543,33.0121,31.8111,32.7449

424.3420,32.9008,33.0396,33.0725,33.1100,32.9125,32.8849,33.2740,30.7295,33.0071,31.8072,32.7405

425.3420,32.9023,33.0274,33.0630,33.1146,32.9117,32.8690,33.2688,30.7555,33.0038,31.8123,32.7390

426.3420,32.9219,33.0324,33.0629,33.0971,32.9271,32.8849,33.2607,30.7497,33.0083,31.8173,32.7421

427.3420,32.9083,32.9992,33.0700,33.0845,32.9055,32.8731,33.2650,30.7385,32.9935,31.8058,32.7305

428.3420,32.9139,33.0130,33.0698,33.0805,32.8811,32.8304,33.2624,30.7267,32.9917,31.7786,32.7222

429.3420,32.8843,33.0131,33.0773,33.0942,32.8979,32.8548,33.2479,30.7403,32.9933,31.7975,32.7262

430.3420,32.9223,33.0066,33.0610,33.1205,32.9072,32.8571,33.2457,30.7341,33.0035,31.7956,32.7318

431.3430,32.9000,33.0079,33.0426,33.0768,32.8808,32.8494,33.2573,30.7527,32.9816,31.8010,32.7209

432.3420,32.9115,33.0025,33.0414,33.0887,32.9030,32.8655,33.2453,30.7431,32.9894,31.8043,32.7251

433.3420,32.8787,33.0019,33.0356,33.0787,32.8548,32.8539,33.2259,30.7304,32.9699,31.7921,32.7075

434.3420,32.8746,33.0011,33.0405,33.0672,32.8817,32.8493,33.2331,30.7151,32.9730,31.7822,32.7078

435.3420,32.8712,32.9724,33.0460,33.0920,32.8815,32.8225,33.2157,30.7337,32.9726,31.7781,32.7044

436.3420,32.8793,32.9969,33.0391,33.0818,32.8844,32.8380,33.2144,30.7291,32.9763,31.7836,32.7079

437.3420,32.8578,32.9740,33.0129,33.0420,32.8827,32.8381,33.2262,30.7292,32.9539,31.7837,32.6954

438.3420,32.8821,32.9663,33.0137,33.0540,32.8961,32.8202,33.2293,30.7183,32.9624,31.7692,32.6975

439.3420,32.8754,32.9898,33.0025,33.0892,32.8600,32.8412,33.2388,30.7206,32.9634,31.7809,32.7022

440.3420,32.8599,32.9804,33.0142,33.0714,32.8524,32.8102,33.2130,30.7309,32.9557,31.7705,32.6915

441.3420,32.8718,32.9645,32.9922,33.0554,32.8661,32.8272,33.2097,30.7319,32.9500,31.7796,32.6899

442.3430,32.8450,32.9754,33.0195,33.0753,32.8750,32.8145,33.1990,30.7408,32.9580,31.7777,32.6931

443.3430,32.8554,32.9778,33.0045,33.0636,32.8596,32.8099,33.2155,30.7385,32.9522,31.7742,32.6906

444.3430,32.8702,32.9632,33.0101,33.0476,32.8763,32.8172,33.2013,30.7473,32.9535,31.7823,32.6917

445.3420,32.8548,32.9495,33.0034,33.0540,32.8652,32.8047,33.1820,30.7197,32.9454,31.7622,32.6791

446.3420,32.8433,32.9513,32.9897,33.0296,32.8512,32.8128,33.1885,30.7273,32.9330,31.7701,32.6742

447.3420,32.8486,32.9505,32.9960,33.0532,32.8524,32.7877,33.1783,30.7167,32.9401,31.7522,32.6729

448.3420,32.8447,32.9550,32.9868,33.0375,32.8522,32.7926,33.2053,30.7400,32.9352,31.7663,32.6768

449.3420,32.8331,32.9591,33.0022,33.0406,32.8242,32.8125,33.2024,30.7411,32.9318,31.7768,32.6769

450.3420,32.8295,32.9435,32.9960,33.0476,32.8356,32.8080,33.1962,30.7375,32.9305,31.7728,32.6742

451.3420,32.8306,32.9458,33.0016,33.0382,32.8292,32.7884,33.1906,30.7344,32.9291,31.7614,32.6699

452.3420,32.8358,32.9496,32.9646,33.0326,32.8231,32.8058,33.1817,30.7255,32.9211,31.7657,32.6648

453.3420,32.8272,32.9426,32.9740,33.0279,32.8042,32.7897,33.1822,30.7427,32.9152,31.7662,32.6613

454.3420,32.8080,32.9551,32.9720,33.0343,32.8108,32.8005,33.1876,30.7253,32.9160,31.7629,32.6617

455.3420,32.8285,32.9410,32.9907,33.0184,32.8139,32.7788,33.1618,30.7341,32.9185,31.7565,32.6584

456.3430,32.8145,32.9359,32.9786,33.0095,32.8103,32.7798,33.1797,30.7291,32.9098,31.7544,32.6547

457.3420,32.8080,32.9415,32.9734,33.0306,32.8248,32.7714,33.1768,30.7277,32.9156,31.7495,32.6568

458.3420,32.8307,32.9316,32.9743,33.0193,32.8307,32.7791,33.1688,30.7345,32.9173,31.7568,32.6586

459.3420,32.8093,32.9276,32.9623,33.0232,32.8126,32.7704,33.1615,30.7370,32.9070,31.7537,32.6505

460.3420,32.8085,32.9034,32.9606,33.0019,32.8048,32.7621,33.1584,30.7278,32.8958,31.7449,32.6409

461.3420,32.7928,32.9281,32.9464,32.9759,32.8219,32.7731,33.1606,30.7383,32.8930,31.7557,32.6421

462.3420,32.7986,32.9137,32.9413,33.0356,32.8047,32.7620,33.1570,30.7121,32.8988,31.7371,32.6406

463.3420,32.8029,32.9246,32.9509,33.0198,32.7832,32.7658,33.1548,30.7108,32.8963,31.7383,32.6391

464.3420,32.8059,32.9135,32.9613,33.0030,32.8204,32.7585,33.1347,30.7204,32.9008,31.7395,32.6397

465.3420,32.8159,32.9110,32.9565,32.9809,32.7915,32.7432,33.1534,30.7267,32.8911,31.7349,32.6349

466.3420,32.7772,32.9036,32.9528,32.9941,32.7960,32.7491,33.1408,30.7326,32.8847,31.7409,32.6308

467.3420,32.8024,32.9196,32.9622,32.9735,32.8005,32.7644,33.1286,30.7320,32.8916,31.7482,32.6354

468.3420,32.7996,32.9032,32.9407,32.9956,32.7920,32.7452,33.1578,30.7286,32.8862,31.7369,32.6328

469.3420,32.7826,32.9049,32.9481,32.9710,32.7830,32.7301,33.1281,30.7539,32.8779,31.7420,32.6252

470.3420,32.7697,32.8975,32.9346,32.9862,32.8035,32.7401,33.1371,30.7401,32.8783,31.7401,32.6261

471.3420,32.7737,32.8903,32.9283,32.9944,32.7765,32.7319,33.1270,30.7408,32.8726,31.7364,32.6203

472.3420,32.7821,32.8879,32.9414,32.9831,32.7690,32.7155,33.1345,30.7356,32.8727,31.7255,32.6186

473.3420,32.7652,32.8743,32.9297,32.9808,32.7877,32.7375,33.1289,30.7355,32.8675,31.7365,32.6174

474.3420,32.7481,32.8839,32.9195,32.9767,32.7743,32.7190,33.1098,30.7193,32.8605,31.7192,32.6063

475.3420,32.7747,32.8915,32.9295,32.9834,32.7827,32.7311,33.1170,30.7409,32.8724,31.7360,32.6188

476.3420,32.7493,32.8516,32.9167,32.9674,32.7817,32.7071,33.1118,30.7295,32.8533,31.7183,32.6019

477.3420,32.7619,32.8781,32.9282,32.9601,32.7642,32.7408,33.0919,30.7299,32.8585,31.7353,32.6069

478.3420,32.7562,32.8623,32.9101,32.9485,32.7533,32.7022,33.1046,30.7227,32.8461,31.7125,32.5950

479.3420,32.7575,32.8851,32.9222,32.9625,32.7570,32.7031,33.1083,30.7218,32.8569,31.7124,32.6022

480.3420,32.7387,32.8525,32.9013,32.9646,32.7772,32.7012,33.0926,30.7227,32.8469,31.7119,32.5938

481.3420,32.7510,32.8708,32.9163,32.9482,32.7548,32.7032,33.1001,30.7148,32.8482,31.7090,32.5949

482.3420,32.7367,32.8704,32.9220,32.9468,32.7587,32.6968,33.0931,30.7366,32.8469,31.7167,32.5951

483.3420,32.7437,32.8487,32.9040,32.9410,32.7353,32.6790,33.0981,30.6953,32.8345,31.6871,32.5806

484.3420,32.7346,32.8676,32.8985,32.9492,32.7515,32.7112,33.0954,30.7265,32.8403,31.7189,32.5918

485.3420,32.7308,32.8570,32.8847,32.9437,32.7505,32.6924,33.0778,30.7284,32.8334,31.7104,32.5832

486.3420,32.7490,32.8368,32.8969,32.9433,32.7452,32.6815,33.0942,30.7287,32.8342,31.7051,32.5844

487.3420,32.7266,32.8566,32.9002,32.9499,32.7412,32.6887,33.0854,30.7153,32.8349,31.7020,32.5830

488.3420,32.7220,32.8525,32.9051,32.9229,32.7291,32.6841,33.0884,30.7356,32.8263,31.7098,32.5800

489.3420,32.7396,32.8371,32.8887,32.9201,32.7509,32.6796,33.0607,30.7156,32.8273,31.6976,32.5740

490.3420,32.7182,32.8383,32.8824,32.9513,32.7417,32.6667,33.0817,30.7153,32.8264,31.6910,32.5745

491.3420,32.7318,32.8457,32.8823,32.9371,32.7253,32.6713,33.0956,30.7251,32.8244,31.6982,32.5768

492.3420,32.7146,32.8466,32.8860,32.9132,32.7231,32.6982,33.0970,30.7291,32.8167,31.7136,32.5760

493.3420,32.7296,32.8356,32.8923,32.9228,32.7221,32.7024,33.0606,30.7426,32.8205,31.7225,32.5760

494.3420,32.7341,32.8210,32.8820,32.9129,32.7327,32.6839,33.0372,30.7129,32.8165,31.6984,32.5646

495.3420,32.7032,32.8207,32.8605,32.9210,32.7088,32.6849,33.0725,30.7195,32.8028,31.7022,32.5614

496.3420,32.7205,32.8296,32.8648,32.9065,32.7224,32.6816,33.0776,30.7171,32.8088,31.6993,32.5650

497.3420,32.7163,32.8087,32.8621,32.9207,32.7252,32.6698,33.0755,30.7185,32.8066,31.6942,32.5621

498.3430,32.7016,32.8319,32.8769,32.9219,32.7175,32.6514,33.0701,30.7202,32.8100,31.6858,32.5614

499.3420,32.6955,32.7990,32.8604,32.8862,32.7133,32.6720,33.0513,30.7216,32.7909,31.6968,32.5499

500.3420,32.6657,32.7962,32.8778,32.9026,32.7131,32.6503,33.0597,30.7261,32.7911,31.6882,32.5489

501.3430,32.6946,32.8027,32.8472,32.9119,32.6899,32.6538,33.0638,30.7447,32.7892,31.6992,32.5511

502.3420,32.6968,32.7852,32.8532,32.8977,32.7123,32.6654,33.0674,30.7394,32.7890,31.7024,32.5522

503.3430,32.6929,32.8081,32.8540,32.9028,32.7112,32.6526,33.0514,30.7195,32.7938,31.6860,32.5491

504.3420,32.6779,32.8170,32.8315,32.8929,32.6821,32.6188,33.0711,30.7279,32.7803,31.6733,32.5399

505.3420,32.6733,32.8157,32.8602,32.8795,32.6892,32.6418,33.0440,30.7534,32.7836,31.6976,32.5446

506.3420,32.6937,32.7998,32.8368,32.9076,32.6918,32.6505,33.0623,30.7283,32.7859,31.6894,32.5463

507.3430,32.6992,32.7955,32.8344,32.8912,32.6894,32.6270,33.0374,30.7404,32.7819,31.6837,32.5393

508.3420,32.6817,32.7908,32.8494,32.8944,32.6691,32.6508,33.0519,30.7107,32.7771,31.6807,32.5373

509.3420,32.6643,32.7741,32.8492,32.9054,32.7164,32.6653,33.0470,30.7252,32.7819,31.6952,32.5434

510.3430,32.6516,32.7824,32.8438,32.8832,32.6905,32.6291,33.0436,30.7115,32.7703,31.6703,32.5295

511.3420,32.6470,32.7851,32.8423,32.8835,32.6756,32.6390,33.0345,30.7209,32.7667,31.6800,32.5285

512.3420,32.6549,32.7798,32.8351,32.8928,32.6586,32.6647,33.0260,30.7246,32.7642,31.6947,32.5296

513.3420,32.6633,32.7797,32.8256,32.8725,32.6798,32.6587,33.0488,30.7101,32.7642,31.6844,32.5298

514.3420,32.6469,32.7684,32.8303,32.8612,32.6586,32.6398,33.0192,30.7326,32.7531,31.6862,32.5196

515.3420,32.6658,32.7593,32.8287,32.8766,32.6611,32.6316,33.0318,30.7276,32.7583,31.6796,32.5228

516.3420,32.6617,32.7628,32.8135,32.8468,32.6828,32.6227,33.0080,30.7305,32.7535,31.6766,32.5161

517.3420,32.6468,32.7494,32.8104,32.8662,32.6801,32.6309,33.0017,30.7109,32.7506,31.6709,32.5121

518.3420,32.6245,32.7892,32.8060,32.8539,32.6700,32.5950,33.0184,30.7365,32.7487,31.6657,32.5117

519.3420,32.6266,32.7568,32.8060,32.8557,32.6702,32.6130,33.0273,30.7339,32.7430,31.6734,32.5112

520.3420,32.6403,32.7672,32.8220,32.8600,32.6563,32.5990,33.0161,30.7077,32.7492,31.6534,32.5086

521.3420,32.6440,32.7711,32.8100,32.8532,32.6675,32.6065,33.0135,30.6969,32.7492,31.6517,32.5078

522.3420,32.6320,32.7575,32.8007,32.8612,32.6685,32.6123,33.0173,30.7101,32.7440,31.6612,32.5074

523.3420,32.6288,32.7572,32.7956,32.8706,32.6433,32.6095,32.9818,30.7272,32.7391,31.6683,32.5017

524.3420,32.6411,32.7285,32.7918,32.8616,32.6763,32.6106,32.9976,30.7273,32.7399,31.6690,32.5044

525.3430,32.6170,32.7406,32.8016,32.8597,32.6686,32.5907,33.0004,30.7351,32.7375,31.6629,32.5017

526.3420,32.6427,32.7305,32.8093,32.8590,32.6737,32.5996,32.9884,30.7440,32.7430,31.6718,32.5059

527.3420,32.6105,32.7332,32.7941,32.8452,32.6541,32.5950,33.0079,30.7262,32.7274,31.6606,32.4958

528.3420,32.6438,32.7647,32.7759,32.8219,32.6518,32.5697,33.0014,30.6985,32.7316,31.6341,32.4910

529.3420,32.6103,32.7323,32.7919,32.8383,32.6412,32.6042,32.9874,30.7072,32.7228,31.6557,32.4891

530.3420,32.6200,32.7429,32.7893,32.8353,32.6463,32.5867,32.9971,30.7170,32.7268,31.6519,32.4918

531.3420,32.5955,32.7288,32.7950,32.8226,32.6452,32.6147,32.9797,30.6962,32.7174,31.6554,32.4847

532.3420,32.6208,32.7440,32.7998,32.8350,32.6485,32.5678,33.0019,30.7032,32.7296,31.6355,32.4901

533.3420,32.6131,32.7404,32.7741,32.8332,32.6460,32.5864,32.9898,30.7030,32.7214,31.6447,32.4858

534.3420,32.6234,32.7406,32.7776,32.8250,32.6305,32.5845,32.9741,30.6946,32.7194,31.6395,32.4813

535.3420,32.6154,32.7336,32.7740,32.8185,32.6314,32.5953,32.9704,30.7157,32.7146,31.6555,32.4818

536.3420,32.6174,32.7458,32.7735,32.8298,32.6301,32.5733,32.9733,30.7299,32.7193,31.6516,32.4841

537.3420,32.5868,32.7269,32.7620,32.8235,32.6215,32.5793,32.9740,30.7020,32.7041,31.6407,32.4720

538.3420,32.6116,32.7224,32.7707,32.8242,32.6219,32.5586,32.9728,30.6982,32.7102,31.6284,32.4726

539.3420,32.6001,32.7148,32.7763,32.8349,32.6433,32.5584,32.9633,30.7041,32.7139,31.6312,32.4744

540.3420,32.5919,32.7209,32.7631,32.8095,32.6065,32.5624,32.9460,30.7175,32.6984,31.6399,32.4647

541.3420,32.5980,32.7126,32.7482,32.7960,32.6162,32.5707,32.9461,30.7193,32.6942,31.6450,32.4634

542.3420,32.6208,32.7090,32.7723,32.8103,32.6269,32.5556,32.9599,30.7131,32.7079,31.6344,32.4710

543.3430,32.5900,32.7189,32.7466,32.8127,32.6289,32.5675,32.9548,30.7287,32.6994,31.6481,32.4685

544.3430,32.5821,32.7108,32.7591,32.8055,32.6304,32.5638,32.9729,30.7015,32.6976,31.6326,32.4658

545.3420,32.5727,32.7220,32.7689,32.7961,32.6266,32.5624,32.9752,30.7020,32.6973,31.6322,32.4657

546.3430,32.5861,32.7322,32.7674,32.7960,32.5912,32.5561,32.9394,30.7079,32.6946,31.6320,32.4595

547.3420,32.5809,32.7122,32.7441,32.8337,32.6259,32.5514,32.9608,30.7224,32.6994,31.6369,32.4664

548.3420,32.5755,32.7008,32.7463,32.8035,32.5938,32.5712,32.9531,30.7268,32.6840,31.6490,32.4589

549.3420,32.5602,32.6928,32.7641,32.8161,32.6361,32.5508,32.9526,30.7284,32.6939,31.6396,32.4626

550.3420,32.5812,32.7061,32.7399,32.8065,32.6070,32.5319,32.9335,30.7006,32.6881,31.6163,32.4508

551.3420,32.5772,32.6799,32.7324,32.8074,32.5979,32.5491,32.9373,30.7197,32.6790,31.6344,32.4501

552.3430,32.5499,32.6818,32.7512,32.8037,32.5874,32.5401,32.9631,30.7205,32.6748,31.6303,32.4497

553.3420,32.5631,32.6902,32.7300,32.7779,32.5954,32.5237,32.9636,30.7135,32.6713,31.6186,32.4447

554.3430,32.5681,32.6834,32.7340,32.7875,32.5934,32.5554,32.9464,30.7218,32.6732,31.6386,32.4487

555.3420,32.5587,32.6904,32.7251,32.7805,32.5981,32.5456,32.9530,30.7340,32.6706,31.6398,32.4482

556.3420,32.5454,32.6842,32.7307,32.7818,32.5655,32.5102,32.9346,30.7023,32.6615,31.6063,32.4318

557.3420,32.5333,32.6835,32.7383,32.7843,32.5868,32.5286,32.9343,30.6912,32.6652,31.6099,32.4350

558.3420,32.5427,32.6779,32.7370,32.7754,32.5713,32.5370,32.9381,30.7081,32.6608,31.6226,32.4359

559.3420,32.5418,32.6761,32.7221,32.7704,32.5779,32.5292,32.9298,30.7166,32.6577,31.6229,32.4330

560.3420,32.5342,32.6634,32.7235,32.7802,32.5431,32.5244,32.9326,30.7522,32.6489,31.6383,32.4317

561.3420,32.5486,32.6714,32.7229,32.7722,32.5734,32.5321,32.9358,30.7036,32.6577,31.6179,32.4325

562.3420,32.5385,32.6653,32.7328,32.7783,32.5479,32.5381,32.9255,30.7100,32.6526,31.6241,32.4296

563.3420,32.5412,32.6680,32.7121,32.7627,32.5651,32.5412,32.9119,30.7108,32.6498,31.6260,32.4266

564.3420,32.5328,32.6725,32.6983,32.7663,32.5389,32.5234,32.9000,30.7189,32.6418,31.6212,32.4189

565.3420,32.5477,32.6816,32.7149,32.7674,32.5782,32.5078,32.9259,30.7028,32.6579,31.6053,32.4283

566.3430,32.5267,32.6786,32.7076,32.7686,32.5647,32.5286,32.9107,30.7255,32.6492,31.6270,32.4264

567.3420,32.5454,32.6792,32.7092,32.7809,32.5632,32.5266,32.9155,30.7099,32.6556,31.6182,32.4287

568.3420,32.5176,32.6580,32.7040,32.7678,32.5481,32.5256,32.9014,30.7008,32.6391,31.6132,32.4154

569.3420,32.5383,32.6573,32.7047,32.7530,32.5411,32.5078,32.9190,30.6877,32.6389,31.5977,32.4136

570.3420,32.5358,32.6566,32.7035,32.7490,32.5508,32.5151,32.9244,30.7200,32.6391,31.6175,32.4194

571.3420,32.5390,32.6773,32.6965,32.7552,32.5235,32.5150,32.9221,30.7185,32.6383,31.6168,32.4184

572.3420,32.5398,32.6477,32.7035,32.7504,32.5633,32.5065,32.9239,30.7151,32.6409,31.6108,32.4188

573.3420,32.5163,32.6687,32.7071,32.7399,32.5411,32.5139,32.9022,30.7117,32.6346,31.6128,32.4126

574.3420,32.5085,32.6767,32.6875,32.7377,32.5461,32.4977,32.8924,30.6866,32.6313,31.5922,32.4041

575.3420,32.5151,32.6376,32.6821,32.7525,32.5597,32.4884,32.9133,30.7087,32.6294,31.5985,32.4071

576.3420,32.5197,32.6236,32.6873,32.7553,32.5188,32.4822,32.8941,30.7137,32.6209,31.5980,32.3993

577.3430,32.5063,32.6385,32.6854,32.7394,32.5439,32.4913,32.9175,30.7163,32.6227,31.6038,32.4048

578.3420,32.5308,32.6508,32.6893,32.7620,32.5482,32.4628,32.9134,30.7070,32.6362,31.5849,32.4080

579.3420,32.5182,32.6467,32.6842,32.7541,32.5356,32.5051,32.8994,30.7113,32.6278,31.6082,32.4068

580.3420,32.5051,32.6327,32.6711,32.7293,32.5220,32.4948,32.8826,30.6968,32.6120,31.5958,32.3918

581.3420,32.5349,32.6510,32.6904,32.7406,32.5208,32.4987,32.8808,30.7068,32.6275,31.6028,32.4030

582.3420,32.5208,32.6531,32.6995,32.7361,32.5297,32.4640,32.8861,30.7021,32.6278,31.5831,32.3989

583.3420,32.5176,32.6282,32.6601,32.7093,32.5199,32.4819,32.9068,30.7130,32.6070,31.5975,32.3921

584.3420,32.5081,32.6361,32.6779,32.7257,32.5264,32.4804,32.8757,30.7223,32.6148,31.6014,32.3941

585.3420,32.5057,32.6143,32.6730,32.7475,32.5376,32.4757,32.9046,30.7096,32.6156,31.5926,32.3960

586.3420,32.4973,32.6307,32.6785,32.7297,32.5287,32.4902,32.8755,30.7317,32.6130,31.6109,32.3953

587.3420,32.5171,32.6086,32.6776,32.7409,32.5134,32.4749,32.8694,30.6980,32.6115,31.5864,32.3875

588.3420,32.4911,32.6249,32.6736,32.7215,32.4915,32.4493,32.8837,30.7231,32.6005,31.5862,32.3823

589.3420,32.5026,32.6249,32.6535,32.7445,32.5200,32.4501,32.8781,30.7351,32.6091,31.5926,32.3886

590.3420,32.4924,32.6263,32.6657,32.7107,32.5267,32.4577,32.8603,30.6803,32.6044,31.5690,32.3775

591.3420,32.5040,32.6235,32.6657,32.7224,32.5087,32.4557,32.8884,30.7183,32.6049,31.5870,32.3859

592.3420,32.4896,32.6213,32.6598,32.7119,32.5018,32.4610,32.8788,30.7127,32.5969,31.5869,32.3796

593.3420,32.4842,32.6213,32.6569,32.7000,32.5105,32.4617,32.8736,30.7233,32.5946,31.5925,32.3789

594.3420,32.4906,32.6278,32.6789,32.7244,32.5202,32.4475,32.8684,30.7062,32.6084,31.5768,32.3830

595.3420,32.4876,32.6205,32.6665,32.7031,32.5017,32.4431,32.8845,30.7225,32.5959,31.5828,32.3787

596.3420,32.4851,32.6073,32.6452,32.7179,32.5109,32.4471,32.8750,30.7115,32.5933,31.5793,32.3750

597.3420,32.4824,32.6187,32.6581,32.7172,32.5087,32.4449,32.8546,30.7060,32.5970,31.5755,32.3738

598.3420,32.4684,32.5975,32.6429,32.7133,32.5059,32.4552,32.8784,30.7060,32.5856,31.5806,32.3709

599.3420,32.5119,32.6083,32.6360,32.7223,32.4866,32.4355,32.8564,30.7060,32.5930,31.5707,32.3704

600.3420,32.4730,32.6016,32.6536,32.7193,32.5124,32.4387,32.8712,30.7322,32.5920,31.5855,32.3752

601.3420,32.4799,32.6069,32.6411,32.7110,32.4906,32.4240,32.8540,30.7020,32.5859,31.5630,32.3637

602.3420,32.5074,32.6048,32.6367,32.7164,32.5098,32.4164,32.8566,30.7000,32.5950,31.5582,32.3685

603.3420,32.4579,32.5862,32.6523,32.6983,32.4950,32.4270,32.8437,30.7139,32.5779,31.5704,32.3593

604.3420,32.4875,32.5900,32.6472,32.6955,32.4739,32.4495,32.8549,30.7012,32.5788,31.5754,32.3625

605.3420,32.4920,32.5938,32.6497,32.7106,32.4666,32.4413,32.8358,30.7179,32.5825,31.5796,32.3635

606.3420,32.4551,32.6061,32.6342,32.6844,32.5048,32.4312,32.8481,30.7035,32.5769,31.5674,32.3584

607.3430,32.4720,32.5729,32.6400,32.6878,32.4734,32.4247,32.8397,30.7125,32.5692,31.5686,32.3529

608.3420,32.4740,32.5822,32.6375,32.6933,32.4801,32.4153,32.8359,30.6989,32.5734,31.5571,32.3522

609.3420,32.4607,32.5718,32.6342,32.6858,32.4748,32.4480,32.8471,30.6936,32.5654,31.5708,32.3520

610.3420,32.4610,32.6011,32.6325,32.6949,32.4947,32.4427,32.8398,30.6948,32.5769,31.5687,32.3577

611.3420,32.4459,32.5766,32.6085,32.6882,32.4853,32.4140,32.8434,30.7169,32.5609,31.5655,32.3473

612.3420,32.4635,32.5879,32.6137,32.6822,32.4931,32.4213,32.8487,30.6875,32.5681,31.5544,32.3497

613.3420,32.4624,32.5611,32.6221,32.6643,32.4770,32.4151,32.8476,30.7151,32.5574,31.5651,32.3456

614.3420,32.4625,32.5790,32.6521,32.6859,32.4508,32.4189,32.8416,30.7114,32.5661,31.5651,32.3503

615.3420,32.4413,32.5598,32.6316,32.6864,32.4807,32.3963,32.8224,30.6973,32.5600,31.5468,32.3395

616.3420,32.4627,32.5645,32.6194,32.6841,32.4594,32.4237,32.8248,30.7045,32.5580,31.5641,32.3429

617.3420,32.4552,32.5829,32.6298,32.6739,32.4650,32.4092,32.8367,30.7055,32.5614,31.5574,32.3448

618.3420,32.4331,32.5739,32.6190,32.6692,32.4504,32.3923,32.8230,30.7129,32.5491,31.5526,32.3342

619.3420,32.4447,32.5611,32.6155,32.6803,32.4714,32.4109,32.8289,30.7161,32.5546,31.5635,32.3411

620.3430,32.4414,32.5763,32.6326,32.6584,32.4527,32.3823,32.8291,30.7035,32.5523,31.5429,32.3345

621.3420,32.4328,32.5668,32.5987,32.6545,32.4586,32.4145,32.8111,30.7023,32.5422,31.5584,32.3299

622.3430,32.4451,32.5675,32.6383,32.6646,32.4704,32.3977,32.8160,30.7142,32.5572,31.5559,32.3392

623.3420,32.4172,32.5626,32.6133,32.6681,32.4458,32.4069,32.8177,30.6989,32.5414,31.5529,32.3288

624.3430,32.4283,32.5538,32.5890,32.6724,32.4368,32.4063,32.8159,30.7129,32.5361,31.5596,32.3269

625.3420,32.4390,32.5573,32.6145,32.6455,32.4723,32.4038,32.8082,30.7184,32.5457,31.5611,32.3324

626.3420,32.4420,32.5677,32.6183,32.6394,32.4406,32.4115,32.8162,30.7083,32.5416,31.5599,32.3305

627.3420,32.4369,32.5533,32.5777,32.6673,32.4468,32.3990,32.8037,30.6999,32.5364,31.5494,32.3231

628.3420,32.4403,32.5456,32.5982,32.6526,32.4563,32.3911,32.7975,30.7108,32.5386,31.5510,32.3241

629.3420,32.4399,32.5598,32.5950,32.6489,32.4432,32.4029,32.8182,30.7024,32.5374,31.5526,32.3263

630.3420,32.4142,32.5432,32.5943,32.6435,32.4452,32.3748,32.8081,30.6983,32.5281,31.5365,32.3152

631.3420,32.4235,32.5367,32.5920,32.6441,32.4263,32.3939,32.7871,30.6817,32.5245,31.5378,32.3107

632.3420,32.4207,32.5392,32.5819,32.6485,32.4198,32.3813,32.8173,30.7133,32.5220,31.5473,32.3152

633.3420,32.4089,32.5509,32.5852,32.6536,32.4342,32.3489,32.8206,30.7057,32.5266,31.5273,32.3135

634.3420,32.4164,32.5225,32.5624,32.6440,32.4338,32.3761,32.7945,30.7075,32.5158,31.5418,32.3071

635.3420,32.4066,32.5513,32.5756,32.6432,32.4328,32.3892,32.7876,30.7047,32.5219,31.5470,32.3114

636.3420,32.4244,32.5560,32.5766,32.6470,32.4258,32.3751,32.7891,30.7188,32.5260,31.5469,32.3141

637.3420,32.4016,32.5411,32.5745,32.6425,32.4269,32.3936,32.7972,30.6884,32.5173,31.5410,32.3082

638.3430,32.3937,32.5401,32.5851,32.6517,32.4594,32.3801,32.7863,30.6980,32.5260,31.5390,32.3118

639.3430,32.3992,32.5367,32.5639,32.6470,32.4330,32.3701,32.7867,30.6884,32.5160,31.5293,32.3031

640.3420,32.4115,32.5346,32.5754,32.6223,32.4134,32.3740,32.7893,30.6927,32.5115,31.5333,32.3017

641.3420,32.3907,32.5270,32.5875,32.6156,32.4338,32.3607,32.7798,30.6742,32.5109,31.5174,32.2962

642.3420,32.4015,32.5368,32.5663,32.6278,32.4099,32.3808,32.7905,30.6954,32.5085,31.5381,32.3011

643.3420,32.4151,32.5387,32.5537,32.6114,32.4029,32.3658,32.7957,30.6940,32.5044,31.5299,32.2972

644.3420,32.3909,32.5169,32.5741,32.6346,32.4106,32.3791,32.7814,30.6989,32.5054,31.5390,32.2983

645.3420,32.4068,32.5095,32.5845,32.6286,32.4256,32.3679,32.7909,30.7026,32.5110,31.5353,32.3020

646.3420,32.4038,32.5359,32.5570,32.6302,32.4300,32.3479,32.7737,30.6982,32.5114,31.5231,32.2971

647.3420,32.4163,32.5139,32.5655,32.6373,32.4116,32.4008,32.7892,30.6919,32.5089,31.5464,32.3033

648.3430,32.4152,32.5204,32.5997,32.6274,32.3824,32.3458,32.7582,30.6960,32.5090,31.5209,32.2931

649.3420,32.3886,32.5179,32.5554,32.6093,32.3848,32.3450,32.7899,30.6872,32.4912,31.5161,32.2848

650.3420,32.3856,32.5158,32.5702,32.6194,32.4217,32.3584,32.7934,30.6997,32.5025,31.5290,32.2955

651.3420,32.3886,32.5133,32.5635,32.6127,32.3853,32.3600,32.7881,30.6750,32.4927,31.5175,32.2858

652.3420,32.3938,32.4971,32.5745,32.6115,32.3924,32.3741,32.7616,30.6886,32.4939,31.5314,32.2867

653.3420,32.3914,32.5032,32.5548,32.6087,32.3952,32.3576,32.7672,30.7069,32.4906,31.5323,32.2856

654.3420,32.3981,32.4861,32.5494,32.6099,32.3995,32.3545,32.7722,30.6901,32.4886,31.5223,32.2825

655.3420,32.3859,32.4918,32.5448,32.6062,32.3929,32.3577,32.7469,30.7066,32.4843,31.5321,32.2791

656.3420,32.3685,32.4932,32.5659,32.6184,32.4042,32.3629,32.7525,30.6981,32.4900,31.5305,32.2830

657.3430,32.3904,32.5074,32.5243,32.5989,32.4045,32.3430,32.7503,30.7036,32.4851,31.5233,32.2778

658.3420,32.3838,32.4976,32.5252,32.6200,32.3853,32.3435,32.7433,30.6900,32.4824,31.5167,32.2736

659.3420,32.3877,32.5137,32.5611,32.6211,32.3947,32.3342,32.7374,30.6929,32.4957,31.5135,32.2803

660.3420,32.3644,32.4959,32.5438,32.5879,32.3691,32.3203,32.7487,30.7015,32.4722,31.5109,32.2665

661.3420,32.3976,32.4920,32.5431,32.6004,32.3873,32.3385,32.7429,30.6929,32.4841,31.5157,32.2743

662.3420,32.3706,32.4789,32.5436,32.6013,32.3777,32.3256,32.7594,30.6974,32.4744,31.5115,32.2693

663.3420,32.3872,32.4926,32.5536,32.5953,32.3736,32.3360,32.7501,30.6923,32.4804,31.5142,32.2726

664.3420,32.3496,32.4884,32.5480,32.5944,32.3735,32.3346,32.7407,30.7007,32.4708,31.5176,32.2662

665.3420,32.3699,32.4971,32.5407,32.5801,32.3544,32.3263,32.7602,30.6920,32.4685,31.5091,32.2651

666.3430,32.3770,32.4780,32.5197,32.5910,32.3746,32.3198,32.7645,30.7118,32.4681,31.5158,32.2670

667.3420,32.3459,32.4803,32.5319,32.5817,32.3886,32.3384,32.7693,30.6689,32.4657,31.5037,32.2631

668.3420,32.3478,32.4940,32.5385,32.5883,32.3783,32.3305,32.7627,30.7126,32.4694,31.5215,32.2691

669.3420,32.3816,32.4854,32.5229,32.5811,32.3572,32.3117,32.7485,30.6914,32.4656,31.5016,32.2600

670.3420,32.3612,32.4944,32.5418,32.5863,32.3659,32.3326,32.7247,30.6907,32.4699,31.5117,32.2622

671.3420,32.3447,32.4748,32.5053,32.5794,32.3756,32.3175,32.7300,30.7015,32.4560,31.5095,32.2536

672.3420,32.3513,32.4849,32.5168,32.5777,32.3705,32.3264,32.7405,30.7038,32.4602,31.5151,32.2590

673.3420,32.3442,32.4768,32.5195,32.5767,32.3639,32.3001,32.7408,30.7061,32.4562,31.5031,32.2535

674.3420,32.3521,32.4804,32.5348,32.5742,32.3803,32.3216,32.7056,30.7019,32.4644,31.5117,32.2564

675.3420,32.3429,32.4741,32.5140,32.5886,32.3710,32.2946,32.7452,30.6945,32.4581,31.4945,32.2531

676.3420,32.3524,32.4577,32.5051,32.5572,32.3585,32.3209,32.7345,30.7087,32.4462,31.5148,32.2494

677.3420,32.3556,32.4743,32.5245,32.5662,32.3579,32.3143,32.7262,30.7081,32.4557,31.5112,32.2534

678.3420,32.3357,32.4891,32.5243,32.5646,32.3601,32.3268,32.7367,30.6962,32.4547,31.5115,32.2542

679.3420,32.3501,32.4733,32.5225,32.5788,32.3721,32.3013,32.7242,30.6721,32.4594,31.4867,32.2493

680.3420,32.3534,32.4644,32.5104,32.5653,32.3698,32.3065,32.7177,30.7074,32.4527,31.5069,32.2494

681.3420,32.3525,32.4641,32.5068,32.5762,32.3418,32.3033,32.7127,30.7089,32.4483,31.5061,32.2458

682.3420,32.3411,32.4661,32.5073,32.5646,32.3739,32.3139,32.6996,30.6913,32.4506,31.5026,32.2447

683.3420,32.3336,32.4657,32.4906,32.5609,32.3608,32.3121,32.6965,30.7111,32.4423,31.5116,32.2414

684.3420,32.3419,32.4786,32.5095,32.5602,32.3593,32.3063,32.7164,30.6935,32.4499,31.4999,32.2457

685.3420,32.3279,32.4797,32.5214,32.5618,32.3382,32.2903,32.6992,30.6950,32.4458,31.4926,32.2392

686.3420,32.3129,32.4549,32.4863,32.5586,32.3749,32.2961,32.7110,30.7021,32.4375,31.4991,32.2371

687.3420,32.3362,32.4451,32.4986,32.5577,32.3353,32.3085,32.7186,30.6864,32.4346,31.4975,32.2358

688.3420,32.3302,32.4440,32.5032,32.5519,32.3415,32.3077,32.6950,30.6940,32.4342,31.5009,32.2334

689.3420,32.3281,32.4505,32.4777,32.5663,32.3637,32.3093,32.7187,30.6773,32.4373,31.4933,32.2365

690.3420,32.3418,32.4474,32.5088,32.5623,32.3503,32.2991,32.7067,30.6977,32.4421,31.4984,32.2393

691.3420,32.3477,32.4375,32.4896,32.5355,32.3524,32.3078,32.6889,30.6969,32.4325,31.5024,32.2320

692.3420,32.3123,32.4435,32.5012,32.5579,32.3582,32.2874,32.6963,30.7070,32.4346,31.4972,32.2330

693.3420,32.3312,32.4471,32.4827,32.5489,32.3265,32.2904,32.6990,30.7063,32.4273,31.4984,32.2290

694.3420,32.3034,32.4521,32.5009,32.5515,32.3452,32.3001,32.6941,30.7034,32.4306,31.5018,32.2313

695.3420,32.3038,32.4487,32.5027,32.5585,32.3465,32.2874,32.7029,30.6986,32.4320,31.4930,32.2311

696.3420,32.3074,32.4489,32.4789,32.5493,32.3458,32.3083,32.7007,30.6749,32.4261,31.4916,32.2268

697.3420,32.3238,32.4525,32.5008,32.5374,32.3173,32.2840,32.6800,30.6919,32.4264,31.4879,32.2234

698.3420,32.3164,32.4468,32.4834,32.5340,32.3394,32.3028,32.7085,30.7089,32.4240,31.5059,32.2300

699.3420,32.3159,32.4603,32.4748,32.5203,32.3567,32.2910,32.7075,30.6778,32.4256,31.4844,32.2255

700.3420,32.3319,32.4570,32.4955,32.5386,32.3206,32.2765,32.7065,30.7046,32.4287,31.4906,32.2289

701.3420,32.3084,32.4247,32.4791,32.5443,32.3215,32.2774,32.6944,30.7060,32.4156,31.4917,32.2195

702.3420,32.3071,32.4372,32.4724,32.5409,32.3230,32.2752,32.7022,30.6647,32.4161,31.4700,32.2153

703.3430,32.3118,32.4301,32.4854,32.5379,32.3244,32.2714,32.6852,30.6788,32.4179,31.4751,32.2156

704.3420,32.2824,32.4235,32.4723,32.5408,32.3345,32.2669,32.7256,30.6889,32.4107,31.4779,32.2169

705.3420,32.3121,32.4195,32.4668,32.5320,32.3388,32.2919,32.6943,30.6899,32.4138,31.4909,32.2182

706.3420,32.3001,32.4273,32.4700,32.5352,32.3212,32.2663,32.6980,30.6954,32.4108,31.4808,32.2142

707.3420,32.2776,32.4439,32.4889,32.5246,32.2908,32.2744,32.6850,30.6987,32.4052,31.4865,32.2105

708.3420,32.3074,32.4316,32.4673,32.5137,32.3417,32.2643,32.6830,30.6947,32.4124,31.4795,32.2130

709.3420,32.3013,32.4198,32.4573,32.5188,32.3130,32.2703,32.6895,30.6829,32.4020,31.4766,32.2066

710.3420,32.2975,32.4428,32.4644,32.5343,32.3219,32.2782,32.6938,30.6880,32.4122,31.4831,32.2151

711.3420,32.2829,32.4400,32.4785,32.5366,32.3288,32.2697,32.6670,30.6889,32.4134,31.4793,32.2116

712.3420,32.2950,32.4272,32.4802,32.5407,32.3246,32.2772,32.6547,30.6710,32.4135,31.4741,32.2088

713.3420,32.2837,32.4274,32.4579,32.5100,32.3175,32.2945,32.6779,30.7005,32.3993,31.4975,32.2087

714.3420,32.2679,32.4008,32.4660,32.5308,32.3153,32.2891,32.6705,30.6993,32.3962,31.4942,32.2050

715.3420,32.3085,32.4218,32.4457,32.5165,32.3230,32.2841,32.6722,30.6948,32.4031,31.4894,32.2083

716.3420,32.2852,32.4165,32.4535,32.5202,32.2974,32.2711,32.6735,30.6879,32.3945,31.4795,32.2007

717.3420,32.2668,32.4218,32.4706,32.5273,32.3147,32.2725,32.6694,30.7048,32.4002,31.4886,32.2060

718.3430,32.2936,32.4076,32.4306,32.5272,32.3156,32.2668,32.6642,30.6794,32.3949,31.4731,32.1981

719.3420,32.2686,32.4126,32.4318,32.5223,32.3015,32.2757,32.6879,30.7019,32.3874,31.4888,32.2003

720.3420,32.2770,32.3961,32.4552,32.5152,32.3033,32.2535,32.6920,30.7037,32.3893,31.4786,32.1995

721.3420,32.2756,32.4063,32.4377,32.5240,32.2939,32.2662,32.6610,30.6948,32.3875,31.4805,32.1950

722.3420,32.2630,32.4195,32.4547,32.5218,32.2738,32.2607,32.6564,30.6841,32.3866,31.4724,32.1917

723.3420,32.2767,32.4150,32.4319,32.5219,32.2946,32.2589,32.6491,30.7020,32.3880,31.4805,32.1938

724.3420,32.2631,32.4045,32.4518,32.4945,32.2866,32.2477,32.6578,30.7077,32.3801,31.4777,32.1892

725.3420,32.2603,32.3953,32.4487,32.4994,32.2842,32.2537,32.6561,30.6888,32.3776,31.4713,32.1858

726.3430,32.2739,32.3971,32.4435,32.5073,32.2988,32.2331,32.6592,30.6950,32.3841,31.4641,32.1885

727.3420,32.2568,32.3915,32.4487,32.5036,32.3210,32.2277,32.6738,30.6876,32.3843,31.4577,32.1888

728.3420,32.2656,32.3964,32.4339,32.5151,32.3083,32.2421,32.6511,30.6988,32.3839,31.4705,32.1889

729.3420,32.2490,32.3810,32.4467,32.5006,32.3015,32.2551,32.6544,30.6714,32.3757,31.4632,32.1825

730.3420,32.2604,32.3819,32.4298,32.4908,32.3007,32.2585,32.6366,30.6838,32.3727,31.4711,32.1803

731.3420,32.2430,32.3909,32.4481,32.5054,32.3059,32.2224,32.6484,30.6941,32.3787,31.4582,32.1823

732.3430,32.2439,32.4106,32.4547,32.4965,32.2903,32.2251,32.6522,30.6954,32.3792,31.4603,32.1836

733.3420,32.2583,32.3899,32.4354,32.4964,32.2986,32.2339,32.6394,30.7038,32.3757,31.4688,32.1820

734.3430,32.2528,32.3685,32.4497,32.5022,32.2866,32.2167,32.6546,30.6921,32.3720,31.4544,32.1779

735.3420,32.2533,32.3809,32.4377,32.5061,32.3115,32.2392,32.6562,30.6743,32.3779,31.4568,32.1824

736.3430,32.2593,32.3668,32.4564,32.4958,32.2776,32.2194,32.6403,30.6615,32.3712,31.4405,32.1721

737.3420,32.2530,32.4038,32.4221,32.4924,32.2807,32.2446,32.6388,30.6825,32.3704,31.4635,32.1772

738.3420,32.2704,32.4062,32.4109,32.4878,32.2812,32.2511,32.6355,30.6698,32.3713,31.4605,32.1766

739.3420,32.2546,32.3856,32.4307,32.4724,32.2818,32.2326,32.6413,30.6794,32.3650,31.4560,32.1723

740.3430,32.2556,32.3673,32.4227,32.4860,32.2814,32.2430,32.6440,30.6950,32.3626,31.4690,32.1744

741.3420,32.2488,32.3793,32.4257,32.4679,32.2619,32.2469,32.6241,30.6933,32.3567,31.4701,32.1685

742.3420,32.2600,32.3803,32.4028,32.4928,32.2741,32.2187,32.6082,30.6731,32.3620,31.4459,32.1638

743.3420,32.2549,32.3762,32.4189,32.4930,32.2840,32.2179,32.6445,30.6891,32.3654,31.4535,32.1723

744.3430,32.2489,32.3882,32.3952,32.4876,32.2756,32.2381,32.6180,30.6816,32.3591,31.4598,32.1666

745.3420,32.2385,32.3740,32.4219,32.4913,32.2845,32.2193,32.6306,30.7004,32.3620,31.4598,32.1701

746.3420,32.2469,32.3920,32.4117,32.4920,32.2731,32.2300,32.6284,30.6904,32.3631,31.4602,32.1706

747.3420,32.2312,32.3723,32.4347,32.4952,32.2552,32.2209,32.6373,30.6992,32.3577,31.4601,32.1683

748.3420,32.2423,32.3698,32.4074,32.4773,32.2784,32.2057,32.6363,30.6854,32.3550,31.4455,32.1628

749.3420,32.2445,32.3659,32.4147,32.4682,32.2769,32.2145,32.6258,30.6815,32.3540,31.4480,32.1615

750.3420,32.2524,32.3558,32.3994,32.4764,32.2956,32.2055,32.6302,30.6918,32.3559,31.4486,32.1634

751.3420,32.2384,32.3542,32.4213,32.4635,32.2816,32.2117,32.6394,30.6815,32.3518,31.4466,32.1614

752.3420,32.2298,32.3487,32.4289,32.4584,32.2537,32.2172,32.6212,30.6837,32.3439,31.4504,32.1552

753.3420,32.2508,32.3738,32.4268,32.4742,32.2686,32.1917,32.6106,30.6718,32.3588,31.4317,32.1585

754.3420,32.2478,32.3443,32.4288,32.4654,32.2773,32.2032,32.6300,30.6561,32.3527,31.4296,32.1566

755.3420,32.2526,32.3669,32.4190,32.4677,32.2446,32.1723,32.6047,30.6750,32.3502,31.4237,32.1503

756.3420,32.2354,32.3696,32.4099,32.4812,32.2617,32.2115,32.6247,30.6992,32.3516,31.4553,32.1616

757.3420,32.2497,32.3611,32.4052,32.4563,32.2591,32.2108,32.6336,30.6942,32.3463,31.4525,32.1588

758.3430,32.2524,32.3789,32.3962,32.4591,32.2665,32.1989,32.6143,30.6988,32.3506,31.4489,32.1582

759.3420,32.2500,32.3643,32.4061,32.4609,32.2697,32.1951,32.6152,30.6724,32.3502,31.4337,32.1542

760.3430,32.2372,32.3590,32.4031,32.4772,32.2362,32.2029,32.6212,30.6765,32.3425,31.4397,32.1517

761.3420,32.2427,32.3467,32.4119,32.4851,32.2484,32.2179,32.6094,30.6684,32.3469,31.4431,32.1538

762.3420,32.2309,32.3777,32.3941,32.4729,32.2586,32.2102,32.6146,30.6979,32.3468,31.4541,32.1571

763.3420,32.2345,32.3545,32.4032,32.4492,32.2490,32.1937,32.6167,30.6973,32.3381,31.4455,32.1498

764.3420,32.2431,32.3526,32.4075,32.4549,32.2478,32.1835,32.6055,30.6876,32.3412,31.4356,32.1478

765.3420,32.2171,32.3477,32.4012,32.4514,32.2391,32.2016,32.6057,30.6705,32.3313,31.4360,32.1418

766.3420,32.2114,32.3307,32.4105,32.4564,32.2443,32.1861,32.6154,30.6878,32.3307,31.4370,32.1428

767.3420,32.2104,32.3452,32.3902,32.4512,32.2531,32.2024,32.6041,30.6877,32.3300,31.4451,32.1431

768.3420,32.2226,32.3247,32.3819,32.4509,32.2508,32.1560,32.5888,30.7066,32.3262,31.4313,32.1353

769.3420,32.2195,32.3284,32.4048,32.4639,32.2462,32.1815,32.6051,30.6912,32.3326,31.4363,32.1426

770.3420,32.2243,32.3461,32.3804,32.4700,32.2422,32.1863,32.6060,30.7200,32.3326,31.4532,32.1469

771.3420,32.2189,32.3404,32.3784,32.4736,32.2245,32.1931,32.6035,30.6821,32.3271,31.4376,32.1393

772.3420,32.2312,32.3618,32.3722,32.4364,32.2331,32.1871,32.5997,30.6954,32.3269,31.4412,32.1396

773.3420,32.2247,32.3330,32.3855,32.4601,32.2411,32.1773,32.6088,30.7030,32.3289,31.4401,32.1417

774.3420,32.2223,32.3392,32.3960,32.4274,32.2434,32.1923,32.6019,30.7006,32.3257,31.4464,32.1404

775.3420,32.2120,32.3460,32.3966,32.4407,32.2415,32.1876,32.5847,30.6940,32.3274,31.4408,32.1379

776.3420,32.1894,32.3360,32.4087,32.4270,32.2340,32.1748,32.6066,30.6841,32.3190,31.4295,32.1326

777.3420,32.2094,32.3410,32.3940,32.4531,32.2234,32.1859,32.5995,30.6750,32.3242,31.4304,32.1352

778.3430,32.2100,32.3213,32.3879,32.4428,32.2400,32.1776,32.6004,30.6779,32.3204,31.4278,32.1322

779.3430,32.2052,32.3299,32.3956,32.4406,32.2128,32.1799,32.5865,30.6934,32.3168,31.4367,32.1305

780.3420,32.2014,32.3317,32.3810,32.4462,32.2352,32.1761,32.6019,30.6637,32.3191,31.4199,32.1297

781.3420,32.1863,32.3470,32.3878,32.4337,32.2271,32.1835,32.5848,30.7083,32.3164,31.4459,32.1323

782.3430,32.1943,32.3375,32.3764,32.4543,32.2426,32.1718,32.6138,30.7021,32.3210,31.4370,32.1366

783.3420,32.2152,32.3313,32.3979,32.4251,32.2428,32.1889,32.5864,30.7104,32.3224,31.4496,32.1372

784.3420,32.1914,32.3326,32.3678,32.4287,32.2360,32.1548,32.6084,30.6884,32.3113,31.4216,32.1260

785.3430,32.1816,32.3138,32.3673,32.4255,32.2426,32.1793,32.5915,30.6829,32.3062,31.4311,32.1231

786.3420,32.2023,32.3213,32.3752,32.4460,32.2290,32.1619,32.5802,30.6994,32.3148,31.4307,32.1269

787.3420,32.1975,32.3010,32.3681,32.4511,32.2252,32.1694,32.5843,30.6847,32.3086,31.4270,32.1227

788.3420,32.1978,32.3221,32.3723,32.4272,32.2395,32.1677,32.5871,30.6864,32.3118,31.4270,32.1250

789.3420,32.1911,32.3150,32.3736,32.4309,32.2385,32.1869,32.5753,30.6895,32.3098,31.4382,32.1251

790.3420,32.1930,32.3266,32.3711,32.4453,32.2301,32.1925,32.5888,30.6793,32.3132,31.4359,32.1283

791.3420,32.2010,32.3192,32.3408,32.4285,32.2202,32.1836,32.6007,30.6510,32.3020,31.4173,32.1181

792.3420,32.1838,32.3249,32.3708,32.4271,32.2045,32.1801,32.5674,30.7034,32.3022,31.4417,32.1202

793.3420,32.2100,32.3176,32.3734,32.4269,32.2312,32.1373,32.5592,30.6691,32.3118,31.4032,32.1156

794.3420,32.1784,32.3346,32.3576,32.4111,32.2216,32.1643,32.5616,30.6970,32.3006,31.4307,32.1158

795.3420,32.1782,32.3097,32.3580,32.4372,32.2134,32.1496,32.5897,30.6842,32.2993,31.4169,32.1150

796.3420,32.1746,32.3330,32.3761,32.4277,32.2347,32.1629,32.5741,30.6932,32.3092,31.4281,32.1220

797.3420,32.1979,32.2914,32.3767,32.4312,32.2359,32.1505,32.5578,30.6860,32.3066,31.4183,32.1159

798.3420,32.1763,32.3175,32.3480,32.4245,32.2223,32.1665,32.5610,30.6743,32.2977,31.4204,32.1113

799.3420,32.1946,32.3277,32.3592,32.4141,32.2233,32.1543,32.5796,30.6785,32.3038,31.4164,32.1164

800.3420,32.2064,32.3131,32.3586,32.4055,32.1946,32.1571,32.5908,30.6818,32.2956,31.4194,32.1135

801.3420,32.1940,32.3086,32.3654,32.4202,32.2123,32.1363,32.5647,30.6902,32.3001,31.4132,32.1115

802.3420,32.2022,32.3059,32.3580,32.3951,32.2008,32.1398,32.5799,30.6885,32.2924,31.4141,32.1088

803.3430,32.2146,32.3065,32.3511,32.4149,32.2066,32.1424,32.5669,30.6722,32.2988,31.4073,32.1094

804.3420,32.1610,32.3107,32.3567,32.4111,32.1920,32.1699,32.5594,30.6853,32.2863,31.4276,32.1058

805.3420,32.1540,32.2986,32.3370,32.4220,32.2080,32.1371,32.5458,30.6839,32.2839,31.4105,32.0983

806.3420,32.1777,32.3070,32.3427,32.4149,32.1932,32.1496,32.5702,30.6766,32.2871,31.4131,32.1040

807.3420,32.1686,32.3146,32.3526,32.4145,32.1780,32.1330,32.5731,30.6788,32.2857,31.4059,32.1017

808.3420,32.1818,32.2903,32.3414,32.4212,32.1987,32.1387,32.5872,30.7132,32.2867,31.4259,32.1091

809.3420,32.1674,32.3047,32.3521,32.3943,32.1989,32.1261,32.5777,30.6785,32.2835,31.4023,32.1000

810.3420,32.1817,32.3147,32.3560,32.4297,32.2108,32.1404,32.5793,30.6740,32.2986,31.4072,32.1108

811.3420,32.1939,32.2834,32.3429,32.4049,32.1874,32.1634,32.5517,30.7018,32.2825,31.4326,32.1037

812.3430,32.1716,32.2948,32.3699,32.3910,32.1960,32.1331,32.5819,30.7043,32.2846,31.4187,32.1053

813.3420,32.1740,32.2696,32.3559,32.3953,32.1941,32.1374,32.5815,30.6696,32.2778,31.4035,32.0972

814.3420,32.1684,32.2755,32.3501,32.4082,32.1942,32.1402,32.5579,30.6757,32.2793,31.4080,32.0963

815.3420,32.1454,32.2865,32.3606,32.4230,32.1970,32.1323,32.5538,30.6617,32.2825,31.3970,32.0950

816.3430,32.1491,32.2931,32.3367,32.4178,32.2087,32.1144,32.5609,30.6935,32.2811,31.4039,32.0968

817.3420,32.1621,32.2882,32.3721,32.4101,32.2048,32.1537,32.5677,30.6906,32.2875,31.4222,32.1062

818.3420,32.1391,32.2815,32.3411,32.4162,32.1865,32.1292,32.5766,30.6934,32.2729,31.4113,32.0955

819.3420,32.1748,32.2860,32.3470,32.3808,32.1837,32.1217,32.5496,30.6835,32.2744,31.4026,32.0909

820.3420,32.1699,32.2795,32.3456,32.3968,32.1863,32.1323,32.5666,30.7016,32.2756,31.4170,32.0973

821.3420,32.1542,32.2734,32.3447,32.3935,32.1955,32.1537,32.5656,30.6845,32.2722,31.4191,32.0956

822.3420,32.1514,32.2939,32.3436,32.3938,32.1847,32.1280,32.5528,30.6822,32.2735,31.4051,32.0913

823.3420,32.1483,32.2719,32.3292,32.3991,32.2037,32.1183,32.5449,30.6970,32.2704,31.4077,32.0891

824.3420,32.1509,32.2815,32.3392,32.4002,32.2110,32.1293,32.5311,30.6911,32.2766,31.4102,32.0918

825.3430,32.1595,32.2784,32.3267,32.3816,32.1820,32.1341,32.5627,30.6814,32.2656,31.4078,32.0883

826.3420,32.1437,32.2821,32.3341,32.3820,32.1846,32.1231,32.5616,30.6933,32.2653,31.4082,32.0881

827.3420,32.1493,32.2928,32.3289,32.3908,32.1756,32.1357,32.5489,30.6900,32.2675,31.4128,32.0890

828.3420,32.1530,32.2797,32.3290,32.3923,32.1868,32.1342,32.5382,30.6885,32.2682,31.4114,32.0877

829.3420,32.1467,32.2722,32.3416,32.3763,32.1927,32.1345,32.5527,30.6729,32.2659,31.4037,32.0862

830.3420,32.1730,32.2942,32.3369,32.3880,32.1805,32.1369,32.5508,30.6851,32.2745,31.4110,32.0932

831.3420,32.1345,32.2730,32.3307,32.4053,32.1810,32.1111,32.5479,30.6602,32.2649,31.3856,32.0805

832.3420,32.1464,32.2658,32.3291,32.3760,32.1853,32.1135,32.5407,30.6871,32.2605,31.4003,32.0805

833.3420,32.1274,32.2718,32.3403,32.3839,32.1570,32.1270,32.5359,30.6695,32.2561,31.3982,32.0766

834.3420,32.1378,32.2570,32.3381,32.3996,32.1815,32.1073,32.5206,30.6790,32.2628,31.3931,32.0776

835.3420,32.1443,32.2910,32.3286,32.3872,32.1856,32.1312,32.5429,30.6704,32.2673,31.4008,32.0852

836.3420,32.1590,32.2668,32.3245,32.3789,32.1900,32.1229,32.5328,30.6696,32.2639,31.3962,32.0806

837.3420,32.1476,32.2717,32.3412,32.3974,32.1978,32.1082,32.5288,30.6685,32.2711,31.3884,32.0827

838.3420,32.1441,32.2669,32.3251,32.3917,32.1778,32.1262,32.5488,30.6904,32.2611,31.4083,32.0839

839.3420,32.1381,32.2683,32.3283,32.3781,32.1837,32.0997,32.5385,30.6694,32.2593,31.3845,32.0755

840.3420,32.1444,32.2630,32.3329,32.3944,32.1702,32.1082,32.5539,30.7001,32.2610,31.4042,32.0834

841.3420,32.1406,32.2767,32.3297,32.3804,32.1702,32.0890,32.5366,30.6742,32.2595,31.3816,32.0747

842.3420,32.1365,32.2697,32.3101,32.3772,32.1647,32.1117,32.5470,30.6687,32.2516,31.3902,32.0732

843.3420,32.1500,32.2632,32.3327,32.3969,32.1491,32.1017,32.5245,30.6724,32.2584,31.3870,32.0738

844.3420,32.1335,32.2769,32.3126,32.3811,32.1522,32.1138,32.5523,30.6854,32.2512,31.3996,32.0760

845.3420,32.1271,32.2838,32.3176,32.3725,32.1562,32.1088,32.5268,30.6753,32.2514,31.3920,32.0710

846.3420,32.1474,32.2710,32.3231,32.3911,32.1549,32.0892,32.5253,30.6750,32.2575,31.3821,32.0721

847.3420,32.1326,32.2489,32.3315,32.3798,32.1518,32.0950,32.5266,30.6855,32.2489,31.3902,32.0690

848.3420,32.1271,32.2637,32.3139,32.3791,32.1627,32.1229,32.5297,30.6931,32.2493,31.4080,32.0740

849.3420,32.1469,32.2615,32.3173,32.3717,32.1558,32.0878,32.5270,30.6909,32.2506,31.3893,32.0699

850.3420,32.1495,32.2759,32.3045,32.3622,32.1608,32.1124,32.5259,30.7034,32.2506,31.4079,32.0743

851.3420,32.1410,32.2662,32.3037,32.3713,32.1630,32.0823,32.5279,30.6732,32.2490,31.3778,32.0661

852.3420,32.1468,32.2606,32.3240,32.3850,32.1726,32.1027,32.5149,30.6781,32.2578,31.3904,32.0731

853.3420,32.1368,32.2891,32.2989,32.3866,32.1603,32.0890,32.5208,30.6846,32.2543,31.3868,32.0708

854.3420,32.1149,32.2672,32.2959,32.3850,32.1599,32.0933,32.5257,30.6546,32.2446,31.3739,32.0621

855.3420,32.0992,32.2607,32.2996,32.3812,32.1447,32.0992,32.5060,30.6703,32.2371,31.3847,32.0576

856.3420,32.1210,32.2591,32.2928,32.3670,32.1332,32.1050,32.5100,30.6870,32.2346,31.3960,32.0594

857.3420,32.1110,32.2545,32.2874,32.3789,32.1494,32.1199,32.4985,30.6953,32.2362,31.4076,32.0619

858.3420,32.1097,32.2487,32.2979,32.3904,32.1454,32.1060,32.5184,30.6673,32.2384,31.3866,32.0605

859.3420,32.1210,32.2714,32.3164,32.3666,32.1702,32.0787,32.5162,30.6893,32.2491,31.3840,32.0662

860.3420,32.1010,32.2592,32.2925,32.3816,32.1563,32.1019,32.5209,30.6942,32.2381,31.3981,32.0634

861.3420,32.1172,32.2495,32.3095,32.3616,32.1585,32.1008,32.5103,30.6762,32.2393,31.3885,32.0605

862.3430,32.1154,32.2530,32.2938,32.3660,32.1333,32.0887,32.5246,30.6739,32.2323,31.3813,32.0561

863.3420,32.1219,32.2398,32.2975,32.3749,32.1655,32.1036,32.5119,30.6926,32.2399,31.3981,32.0635

864.3420,32.1036,32.2462,32.3011,32.3452,32.1744,32.1012,32.5244,30.6799,32.2341,31.3906,32.0595

865.3420,32.1260,32.2581,32.2797,32.3641,32.1654,32.1067,32.5311,30.6859,32.2387,31.3963,32.0646

866.3420,32.1017,32.2462,32.3067,32.3766,32.1561,32.0979,32.5201,30.6738,32.2374,31.3858,32.0599

867.3420,32.1088,32.2619,32.3046,32.3599,32.1567,32.0652,32.5110,30.6730,32.2384,31.3691,32.0551

868.3420,32.1127,32.2569,32.3277,32.3437,32.1418,32.0860,32.4933,30.6472,32.2366,31.3666,32.0512

869.3420,32.1163,32.2521,32.3136,32.3750,32.1350,32.0961,32.5284,30.6781,32.2384,31.3871,32.0618

870.3420,32.0934,32.2396,32.2861,32.3630,32.1548,32.0948,32.5202,30.6645,32.2274,31.3797,32.0521

871.3420,32.0924,32.2585,32.2913,32.3711,32.1563,32.0929,32.5118,30.6772,32.2339,31.3851,32.0564

872.3420,32.0992,32.2196,32.3045,32.3523,32.1325,32.0842,32.4978,30.6502,32.2216,31.3672,32.0425

873.3420,32.1154,32.2476,32.2950,32.3470,32.1421,32.0971,32.4812,30.6786,32.2294,31.3878,32.0505

874.3420,32.1190,32.2390,32.2874,32.3638,32.1561,32.0744,32.5078,30.6357,32.2331,31.3550,32.0479

875.3420,32.1154,32.2424,32.2917,32.3555,32.1285,32.0741,32.5141,30.6786,32.2267,31.3764,32.0500

876.3420,32.1096,32.2421,32.2947,32.3542,32.1345,32.0787,32.5100,30.6836,32.2270,31.3812,32.0509

877.3420,32.0825,32.2367,32.3099,32.3376,32.1501,32.0830,32.5032,30.6447,32.2234,31.3639,32.0435

878.3420,32.1141,32.2386,32.2940,32.3437,32.1357,32.0677,32.5098,30.6613,32.2252,31.3645,32.0456

879.3420,32.0980,32.2426,32.2871,32.3659,32.1252,32.0844,32.5006,30.6711,32.2238,31.3777,32.0469

880.3420,32.0926,32.2598,32.3025,32.3452,32.1494,32.0696,32.5164,30.6877,32.2299,31.3787,32.0529

881.3420,32.1170,32.2382,32.2941,32.3433,32.1325,32.0598,32.5145,30.6605,32.2250,31.3601,32.0450

882.3420,32.0995,32.2205,32.3092,32.3524,32.1291,32.0653,32.5109,30.6886,32.2222,31.3769,32.0469

883.3420,32.0992,32.2459,32.2961,32.3289,32.1373,32.0824,32.5015,30.6869,32.2215,31.3846,32.0473

884.3420,32.0946,32.2448,32.3072,32.3509,32.1326,32.0580,32.4972,30.6662,32.2260,31.3621,32.0439

885.3420,32.1074,32.2200,32.2867,32.3486,32.1088,32.0886,32.5156,30.6715,32.2143,31.3801,32.0434

886.3420,32.1197,32.2306,32.2883,32.3563,32.1319,32.0747,32.4994,30.6796,32.2254,31.3772,32.0476

887.3420,32.1147,32.2400,32.2967,32.3399,32.1321,32.0598,32.4933,30.6540,32.2247,31.3569,32.0413

888.3430,32.1044,32.2359,32.2838,32.3391,32.0987,32.0818,32.4958,30.6788,32.2124,31.3803,32.0398

889.3420,32.1101,32.2402,32.2932,32.3519,32.1256,32.0725,32.5062,30.6982,32.2242,31.3853,32.0497

890.3420,32.1012,32.2255,32.2837,32.3611,32.1232,32.0641,32.5018,30.6958,32.2189,31.3800,32.0445

891.3420,32.0915,32.2291,32.2886,32.3543,32.1253,32.0549,32.4857,30.6626,32.2178,31.3588,32.0365

892.3420,32.1101,32.2421,32.2866,32.3214,32.1185,32.0674,32.4982,30.6756,32.2157,31.3715,32.0400

893.3420,32.0891,32.2414,32.2836,32.3319,32.1013,32.0680,32.4910,30.6838,32.2095,31.3759,32.0363

894.3420,32.0860,32.2386,32.2794,32.3442,32.1250,32.0865,32.4933,30.6605,32.2146,31.3735,32.0392

895.3420,32.1024,32.2508,32.2874,32.3470,32.0963,32.0695,32.5093,30.6712,32.2168,31.3703,32.0417

896.3420,32.0789,32.2354,32.2724,32.3198,32.1357,32.0602,32.4990,30.6844,32.2084,31.3723,32.0357

897.3420,32.0928,32.2262,32.2764,32.3251,32.1172,32.0436,32.4856,30.6945,32.2075,31.3690,32.0327

898.3420,32.0945,32.2215,32.2979,32.3247,32.1316,32.0574,32.4781,30.6849,32.2140,31.3712,32.0363

899.3420,32.0950,32.2277,32.2845,32.3492,32.1269,32.0664,32.4904,30.6765,32.2167,31.3715,32.0396

900.3420,32.0825,32.2106,32.2861,32.3447,32.1205,32.0468,32.4831,30.6874,32.2089,31.3671,32.0327

901.3420,32.0859,32.2318,32.2759,32.3350,32.1328,32.0493,32.4875,30.6946,32.2123,31.3719,32.0366

902.3420,32.0875,32.2053,32.2818,32.3235,32.1387,32.0575,32.4760,30.6916,32.2074,31.3746,32.0327

903.3420,32.0752,32.2516,32.2601,32.3412,32.1118,32.0536,32.4857,30.6848,32.2080,31.3692,32.0330

904.3420,32.0932,32.2179,32.2775,32.3404,32.1064,32.0529,32.4830,30.6954,32.2071,31.3742,32.0333

905.3420,32.0678,32.2219,32.2599,32.3368,32.1006,32.0682,32.4818,30.6628,32.1974,31.3655,32.0250

906.3420,32.0930,32.2171,32.2907,32.3517,32.0921,32.0391,32.4873,30.6708,32.2089,31.3549,32.0302

907.3420,32.0872,32.2380,32.2684,32.3266,32.1102,32.0445,32.4917,30.6945,32.2061,31.3695,32.0326

908.3420,32.0855,32.2284,32.2575,32.3476,32.1217,32.0583,32.4935,30.6825,32.2082,31.3704,32.0344

909.3420,32.0915,32.2127,32.2540,32.3300,32.1121,32.0600,32.4886,30.6819,32.2001,31.3709,32.0288

910.3430,32.0839,32.2156,32.2723,32.3254,32.0985,32.0600,32.4830,30.7011,32.1991,31.3805,32.0300

911.3430,32.0821,32.2230,32.2629,32.3126,32.1136,32.0479,32.4801,30.6843,32.1989,31.3661,32.0258

912.3420,32.0910,32.2209,32.2650,32.3438,32.1079,32.0623,32.4737,30.7086,32.2057,31.3855,32.0342

913.3420,32.0668,32.2065,32.2571,32.3247,32.0987,32.0442,32.4823,30.7032,32.1907,31.3737,32.0229

914.3420,32.0933,32.1957,32.2698,32.3214,32.1045,32.0632,32.4739,30.6828,32.1969,31.3730,32.0256

915.3420,32.0874,32.2015,32.2559,32.3225,32.1104,32.0475,32.4628,30.6759,32.1956,31.3617,32.0205

916.3420,32.0719,32.2033,32.2732,32.3351,32.1212,32.0372,32.4669,30.6693,32.2009,31.3533,32.0223

917.3430,32.0736,32.2002,32.2518,32.3250,32.1191,32.0633,32.4854,30.6729,32.1939,31.3681,32.0239

918.3420,32.0726,32.2014,32.2615,32.3173,32.0993,32.0608,32.4674,30.6860,32.1904,31.3734,32.0208

919.3420,32.0726,32.2056,32.2637,32.3261,32.0858,32.0520,32.4631,30.6795,32.1908,31.3657,32.0186

920.3420,32.0558,32.1952,32.2430,32.3120,32.1027,32.0708,32.4494,30.6889,32.1817,31.3799,32.0147

921.3420,32.0774,32.2091,32.2715,32.3160,32.1220,32.0432,32.4835,30.7017,32.1992,31.3724,32.0280

922.3420,32.0688,32.2159,32.2506,32.3248,32.0946,32.0514,32.4857,30.6728,32.1909,31.3621,32.0205

923.3420,32.0635,32.2186,32.2481,32.3284,32.0992,32.0560,32.4804,30.6811,32.1916,31.3686,32.0219

924.3420,32.0653,32.2053,32.2574,32.3324,32.1042,32.0559,32.4990,30.6956,32.1929,31.3757,32.0269

925.3420,32.0732,32.2070,32.2535,32.3299,32.1150,32.0525,32.4679,30.6843,32.1957,31.3684,32.0229

926.3420,32.0695,32.1851,32.2480,32.3320,32.0742,32.0587,32.4694,30.6679,32.1818,31.3633,32.0131

927.3420,32.0558,32.2025,32.2625,32.3038,32.0966,32.0426,32.4675,30.6978,32.1842,31.3702,32.0161

928.3420,32.0525,32.2151,32.2662,32.3122,32.0900,32.0506,32.4581,30.6917,32.1872,31.3712,32.0170

929.3420,32.0450,32.2030,32.2575,32.3123,32.1041,32.0342,32.4704,30.6884,32.1844,31.3613,32.0144

930.3420,32.0783,32.2115,32.2481,32.3110,32.1041,32.0591,32.4752,30.6917,32.1906,31.3754,32.0224

931.3420,32.0523,32.1992,32.2635,32.3217,32.1034,32.0227,32.4436,30.6680,32.1880,31.3453,32.0093

932.3420,32.0538,32.1915,32.2629,32.3177,32.1087,32.0304,32.4547,30.6686,32.1869,31.3495,32.0111

933.3420,32.0423,32.1850,32.2287,32.3131,32.1174,32.0296,32.4829,30.6777,32.1773,31.3537,32.0096

934.3420,32.0576,32.1942,32.2594,32.3119,32.0961,32.0117,32.4682,30.6865,32.1839,31.3491,32.0107

935.3430,32.0499,32.2076,32.2358,32.3057,32.1095,32.0349,32.4572,30.6995,32.1817,31.3672,32.0125

936.3420,32.0641,32.1891,32.2450,32.3135,32.0970,32.0261,32.4514,30.6822,32.1817,31.3542,32.0086

937.3430,32.0410,32.1937,32.2490,32.3307,32.1076,32.0208,32.4695,30.6755,32.1844,31.3481,32.0110

938.3420,32.0615,32.2392,32.2552,32.3016,32.1065,32.0310,32.4583,30.6772,32.1928,31.3541,32.0163

939.3420,32.0637,32.1787,32.2298,32.3044,32.1060,32.0403,32.4724,30.6654,32.1765,31.3528,32.0076

940.3420,32.0493,32.2095,32.2381,32.3146,32.0873,32.0258,32.4619,30.6787,32.1797,31.3522,32.0081

941.3420,32.0361,32.1938,32.2135,32.2810,32.0755,32.0389,32.4476,30.6556,32.1600,31.3473,31.9928

942.3420,32.0489,32.2139,32.2444,32.3026,32.0982,32.0428,32.4578,30.6811,32.1816,31.3619,32.0112

943.3420,32.0472,32.2094,32.2464,32.2943,32.0899,32.0270,32.4463,30.6761,32.1774,31.3515,32.0045

944.3420,32.0475,32.1851,32.2245,32.3151,32.0747,32.0240,32.4614,30.6787,32.1694,31.3514,32.0014

945.3420,32.0548,32.1957,32.2337,32.3158,32.0820,32.0111,32.4425,30.6710,32.1764,31.3410,32.0008

946.3420,32.0616,32.1885,32.2247,32.2810,32.0738,32.0255,32.4423,30.6877,32.1659,31.3566,31.9981

947.3420,32.0564,32.1906,32.2436,32.2966,32.0564,32.0142,32.4646,30.6585,32.1687,31.3364,31.9976

948.3420,32.0485,32.1876,32.2453,32.3021,32.0654,32.0058,32.4452,30.6751,32.1698,31.3405,31.9969

949.3420,32.0382,32.1818,32.2245,32.2780,32.0655,32.0279,32.4483,30.6826,32.1576,31.3553,31.9934

950.3420,32.0447,32.1762,32.2428,32.2907,32.0663,32.0292,32.4422,30.6905,32.1641,31.3599,31.9978

951.3420,32.0464,32.1772,32.2298,32.2800,32.0830,32.0088,32.4399,30.6926,32.1633,31.3507,31.9947

952.3420,32.0377,32.1597,32.2296,32.2845,32.0936,32.0138,32.4609,30.6826,32.1610,31.3482,31.9953

953.3420,32.0528,32.1807,32.2431,32.2783,32.0875,32.0148,32.4528,30.6695,32.1685,31.3421,31.9974

954.3420,32.0409,32.1689,32.2360,32.2852,32.0836,32.0127,32.4527,30.6773,32.1629,31.3450,31.9947

955.3420,32.0776,32.1833,32.2096,32.2771,32.0771,32.0156,32.4404,30.6788,32.1649,31.3472,31.9949

956.3420,32.0576,32.1751,32.2309,32.2929,32.0839,32.0159,32.4449,30.6710,32.1681,31.3434,31.9965

957.3420,32.0598,32.1622,32.2213,32.2837,32.0753,32.0068,32.4582,30.6760,32.1604,31.3414,31.9929

958.3420,32.0453,32.1891,32.2261,32.3035,32.0796,32.0059,32.4297,30.6888,32.1687,31.3473,31.9960

959.3430,32.0442,32.1653,32.2010,32.2723,32.0648,32.0118,32.4421,30.6763,32.1495,31.3441,31.9847

960.3420,32.0339,32.1725,32.2044,32.2841,32.0616,32.0301,32.4408,30.6862,32.1513,31.3582,31.9892

961.3420,32.0371,32.1646,32.2180,32.2912,32.0723,32.0005,32.4329,30.7008,32.1567,31.3507,31.9897

962.3420,32.0394,32.1702,32.2195,32.2753,32.0572,32.0009,32.4236,30.6946,32.1523,31.3478,31.9851

963.3420,32.0411,32.1675,32.2285,32.2905,32.0660,32.0294,32.4256,30.6799,32.1587,31.3546,31.9911

964.3420,32.0245,32.1609,32.2205,32.2651,32.0718,31.9991,32.4382,30.6815,32.1485,31.3403,31.9827

965.3420,32.0378,32.1855,32.2170,32.2765,32.0533,31.9956,32.4515,30.7000,32.1540,31.3478,31.9897

966.3430,32.0318,32.1682,32.2109,32.2874,32.0576,32.0084,32.4483,30.6992,32.1512,31.3538,31.9890

967.3420,32.0348,32.1656,32.2261,32.3040,32.0667,31.9869,32.4569,30.6886,32.1594,31.3378,31.9912

968.3420,32.0421,32.1674,32.1955,32.3020,32.0529,31.9989,32.4353,30.6869,32.1520,31.3429,31.9851

969.3420,32.0357,32.1749,32.2200,32.2899,32.0643,31.9944,32.4217,30.6857,32.1570,31.3400,31.9858

970.3420,32.0358,32.1578,32.2207,32.2854,32.0752,31.9982,32.4473,30.6783,32.1550,31.3382,31.9873

971.3420,32.0276,32.1605,32.2108,32.2882,32.0652,32.0178,32.4336,30.6894,32.1505,31.3536,31.9866

972.3420,32.0325,32.1484,32.2089,32.2605,32.0518,32.0095,32.4299,30.6764,32.1404,31.3430,31.9772

973.3420,32.0222,32.1824,32.2222,32.2682,32.0621,32.0269,32.4446,30.6858,32.1514,31.3563,31.9893

974.3420,32.0387,32.1724,32.2118,32.2846,32.0294,32.0181,32.4342,30.6968,32.1474,31.3574,31.9857

975.3420,32.0387,32.1782,32.2016,32.2875,32.0776,31.9819,32.4400,30.6906,32.1567,31.3362,31.9870

976.3420,32.0352,32.1494,32.2066,32.2854,32.0455,32.0169,32.4369,30.6674,32.1444,31.3421,31.9804

977.3420,32.0088,32.1598,32.2095,32.2869,32.0351,32.0069,32.4300,30.7063,32.1400,31.3566,31.9804

978.3430,32.0157,32.1499,32.2067,32.2935,32.0349,32.0114,32.4384,30.6887,32.1401,31.3501,31.9799

979.3420,32.0236,32.1533,32.2175,32.2743,32.0551,31.9828,32.4399,30.6976,32.1448,31.3402,31.9805

980.3420,32.0116,32.1789,32.2113,32.2699,32.0327,31.9990,32.4177,30.6907,32.1409,31.3448,31.9765

981.3430,32.0127,32.1599,32.2242,32.2617,32.0343,32.0334,32.4367,30.6867,32.1386,31.3600,31.9812

982.3420,32.0044,32.1550,32.2047,32.2568,32.0691,31.9785,32.4280,30.6905,32.1380,31.3345,31.9734

983.3420,32.0115,32.1748,32.2109,32.2808,32.0697,31.9998,32.4290,30.6991,32.1495,31.3495,31.9844

984.3420,32.0265,32.1667,32.2009,32.2699,32.0683,31.9998,32.4308,30.6976,32.1464,31.3487,31.9825

985.3420,32.0245,32.1665,32.2041,32.2745,32.0583,31.9954,32.4264,30.6971,32.1456,31.3462,31.9808

986.3420,32.0111,32.1689,32.2003,32.2702,32.0758,31.9829,32.4184,30.6869,32.1453,31.3349,31.9768

987.3420,32.0059,32.1385,32.2140,32.2567,32.0589,32.0125,32.4317,30.6751,32.1348,31.3438,31.9742

988.3420,32.0402,32.1572,32.2304,32.2660,32.0533,31.9937,32.4218,30.7034,32.1494,31.3486,31.9833

989.3420,32.0158,32.1569,32.2127,32.2460,32.0369,32.0088,32.4238,30.6809,32.1337,31.3448,31.9727

990.3420,32.0185,32.1483,32.2271,32.2581,32.0382,31.9804,32.4002,30.6910,32.1380,31.3357,31.9702

991.3430,32.0400,32.1567,32.2022,32.2778,32.0391,31.9921,32.4396,30.6867,32.1432,31.3394,31.9793

992.3420,32.0082,32.1683,32.2124,32.2649,32.0594,31.9937,32.4155,30.6986,32.1426,31.3461,31.9776

993.3420,31.9975,32.1586,32.2154,32.2708,32.0688,31.9825,32.4350,30.7034,32.1422,31.3429,31.9790

994.3420,32.0256,32.1422,32.1807,32.2811,32.0674,31.9843,32.4341,30.6912,32.1394,31.3378,31.9758

995.3420,32.0018,32.1710,32.1888,32.2765,32.0379,31.9769,32.4262,30.6964,32.1352,31.3367,31.9719

996.3420,31.9955,32.1225,32.2069,32.2740,32.0472,31.9683,32.4134,30.6930,32.1292,31.3306,31.9651

997.3420,32.0256,32.1280,32.2026,32.2687,32.0589,31.9852,32.4338,30.7070,32.1367,31.3461,31.9762

998.3420,32.0258,32.1444,32.1974,32.2617,32.0277,31.9615,32.4320,30.6941,32.1314,31.3278,31.9681

999.3420,32.0066,32.1395,32.2014,32.2680,32.0399,31.9813,32.4116,30.6961,32.1311,31.3387,31.9680

1000.3430,32.0080,32.1419,32.2048,32.2568,32.0212,31.9719,32.3882,30.7022,32.1265,31.3370,31.9619

1001.3420,32.0088,32.1463,32.1847,32.2636,32.0205,31.9909,32.4202,30.7086,32.1248,31.3497,31.9679

1002.3420,32.0041,32.1315,32.1817,32.2742,32.0238,31.9839,32.4173,30.6982,32.1231,31.3411,31.9643

1003.3420,32.0132,32.1373,32.1927,32.2339,32.0348,31.9630,32.4164,30.7088,32.1224,31.3359,31.9625

1004.3420,32.0069,32.1559,32.1925,32.2666,32.0609,31.9938,32.4168,30.7278,32.1366,31.3608,31.9776

1005.3420,32.0021,32.1341,32.2129,32.2720,32.0359,31.9833,32.4231,30.7174,32.1314,31.3503,31.9726

1006.3420,31.9974,32.1144,32.1885,32.2448,32.0321,31.9800,32.4095,30.7230,32.1155,31.3515,31.9612

1007.3420,31.9927,32.1421,32.1810,32.2617,32.0077,31.9922,32.4123,30.7183,32.1171,31.3553,31.9635

1008.3420,31.9899,32.1362,32.2010,32.2432,32.0227,31.9922,32.4093,30.6765,32.1186,31.3343,31.9589

1009.3420,31.9945,32.1281,32.1937,32.2618,32.0302,31.9762,32.4006,30.6886,32.1216,31.3324,31.9592

1010.3420,31.9905,32.1343,32.1892,32.2521,32.0271,31.9844,32.4022,30.7020,32.1187,31.3432,31.9602

1011.3420,31.9890,32.1597,32.1935,32.2643,32.0251,31.9913,32.3985,30.7033,32.1263,31.3473,31.9656

1012.3420,31.9808,32.1465,32.1821,32.2591,32.0287,31.9611,32.4101,30.7059,32.1194,31.3335,31.9593

1013.3420,31.9813,32.1193,32.1901,32.2380,32.0174,31.9747,32.3891,30.6951,32.1092,31.3349,31.9506

1014.3420,31.9915,32.1207,32.1868,32.2455,32.0089,31.9887,32.3947,30.7002,32.1107,31.3445,31.9546

1015.3430,31.9885,32.1350,32.1899,32.2527,32.0298,31.9937,32.4132,30.6925,32.1192,31.3431,31.9619

1016.3420,31.9902,32.1548,32.1811,32.2543,32.0479,31.9578,32.3885,30.6951,32.1257,31.3265,31.9587

1017.3420,32.0049,32.1106,32.1899,32.2425,32.0547,31.9650,32.4184,30.7019,32.1205,31.3335,31.9610

1018.3420,31.9687,32.1277,32.1784,32.2356,32.0466,31.9734,32.3975,30.6975,32.1114,31.3355,31.9532

1019.3420,31.9844,32.1388,32.1736,32.2453,32.0266,31.9614,32.4213,30.6846,32.1137,31.3230,31.9545

1020.3420,31.9624,32.1362,32.1915,32.2403,32.0338,31.9578,32.4130,30.6937,32.1128,31.3257,31.9536

1021.3430,31.9745,32.1500,32.1866,32.2218,32.0219,31.9600,32.4212,30.6949,32.1110,31.3274,31.9539

1022.3420,31.9934,32.1126,32.1773,32.2468,32.0113,31.9733,32.4053,30.6838,32.1083,31.3285,31.9505

1023.3420,31.9780,32.1423,32.1835,32.2539,32.0136,31.9752,32.4055,30.6782,32.1143,31.3267,31.9538

1024.3420,31.9909,32.1266,32.1594,32.2331,32.0271,31.9562,32.4001,30.6851,32.1074,31.3206,31.9473

1025.3420,31.9987,32.1134,32.1735,32.2438,32.0109,31.9644,32.3790,30.7013,32.1081,31.3328,31.9481

1026.3420,31.9747,32.1154,32.1646,32.2467,32.0010,31.9555,32.3931,30.6937,32.1005,31.3246,31.9431

1027.3420,32.0024,32.1151,32.1892,32.2521,32.0408,31.9568,32.4073,30.6843,32.1199,31.3206,31.9560

1028.3420,31.9963,32.1079,32.1637,32.2308,32.0367,31.9630,32.3894,30.6965,32.1071,31.3298,31.9480

1029.3430,32.0005,32.1359,32.1781,32.2630,32.0324,31.9583,32.4009,30.7026,32.1220,31.3305,31.9590

1030.3420,32.0151,32.1318,32.1740,32.2247,32.0264,31.9776,32.4095,30.6862,32.1144,31.3319,31.9557

1031.3420,31.9717,32.1142,32.1893,32.2597,32.0210,31.9637,32.4023,30.6987,32.1112,31.3312,31.9526

1032.3430,31.9958,32.1146,32.1680,32.2525,32.0108,31.9578,32.3787,30.6871,32.1083,31.3225,31.9457

1033.3420,31.9815,32.1263,32.1789,32.2427,31.9829,31.9778,32.3961,30.6916,32.1025,31.3347,31.9472

1034.3420,31.9895,32.1297,32.1653,32.2549,32.0083,31.9609,32.4112,30.7010,32.1095,31.3309,31.9526

1035.3420,31.9674,32.1186,32.1678,32.2363,32.0251,31.9641,32.3897,30.7230,32.1031,31.3436,31.9490

1036.3420,31.9794,32.1225,32.1783,32.2342,32.0174,31.9531,32.3834,30.6885,32.1064,31.3208,31.9446

1037.3420,31.9793,32.1270,32.1617,32.2382,32.0099,31.9437,32.3705,30.7106,32.1032,31.3271,31.9426

1038.3420,31.9863,32.1074,32.1553,32.2407,32.0149,31.9891,32.3871,30.7030,32.1009,31.3460,31.9480

1039.3420,31.9822,32.1041,32.1655,32.2444,32.0019,31.9649,32.4015,30.7238,32.0996,31.3443,31.9485

1040.3420,31.9759,32.1204,32.1805,32.2269,32.0059,31.9669,32.3930,30.6765,32.1019,31.3217,31.9433

1041.3420,31.9744,32.1035,32.1786,32.2410,31.9969,31.9678,32.3976,30.6868,32.0989,31.3273,31.9433

1042.3420,31.9779,32.1165,32.1836,32.2427,32.0009,31.9512,32.3886,30.7106,32.1043,31.3309,31.9465

1043.3420,31.9846,32.1239,32.1750,32.2210,31.9996,31.9550,32.3899,30.7003,32.1008,31.3277,31.9437

1044.3420,31.9715,32.1066,32.1638,32.2131,32.0110,31.9443,32.3604,30.7060,32.0932,31.3252,31.9346

1045.3420,31.9614,32.1188,32.1554,32.2455,31.9975,31.9591,32.3689,30.7058,32.0958,31.3324,31.9391

1046.3420,31.9674,32.1125,32.1805,32.2481,32.0144,31.9548,32.3992,30.6949,32.1046,31.3248,31.9465

1047.3420,31.9671,32.0907,32.1489,32.2291,31.9939,31.9620,32.3816,30.6922,32.0860,31.3271,31.9332

1048.3420,31.9465,32.1221,32.1601,32.2150,32.0131,31.9587,32.4036,30.6974,32.0914,31.3280,31.9396

1049.3420,31.9611,32.1110,32.1415,32.2368,32.0118,31.9367,32.3841,30.6886,32.0925,31.3126,31.9340

1050.3420,31.9731,32.1132,32.1592,32.2254,32.0083,31.9487,32.3980,30.6874,32.0958,31.3180,31.9392

1051.3420,31.9682,32.1119,32.1710,32.2325,31.9977,31.9466,32.3864,30.7013,32.0963,31.3239,31.9394

1052.3420,31.9565,32.0898,32.1606,32.2179,31.9908,31.9307,32.3816,30.6840,32.0831,31.3073,31.9265

1053.3420,31.9757,32.0997,32.1523,32.2297,31.9846,31.9320,32.3887,30.7036,32.0884,31.3178,31.9333

1054.3420,31.9470,32.0835,32.1652,32.2271,32.0197,31.9418,32.3749,30.6885,32.0885,31.3152,31.9310

1055.3420,31.9641,32.0973,32.1428,32.2310,32.0082,31.9246,32.3938,30.6995,32.0887,31.3121,31.9327

1056.3420,31.9593,32.1137,32.1541,32.2315,31.9940,31.9232,32.3811,30.6797,32.0905,31.3014,31.9296

1057.3420,31.9748,32.0901,32.1759,32.1970,32.0020,31.9251,32.3659,30.6853,32.0880,31.3052,31.9270

1058.3420,31.9870,32.1163,32.1655,32.2364,32.0030,31.9359,32.3860,30.7028,32.1016,31.3193,31.9416

1059.3420,31.9815,32.1014,32.1624,32.2441,32.0162,31.9505,32.3623,30.6958,32.1011,31.3231,31.9393

1060.3420,31.9671,32.0890,32.1579,32.2194,32.0286,31.9347,32.3686,30.6960,32.0924,31.3153,31.9327

1061.3420,31.9791,32.0989,32.1402,32.2092,31.9979,31.9308,32.3710,30.7019,32.0851,31.3164,31.9286

1062.3420,31.9694,32.0966,32.1534,32.2233,31.9778,31.9374,32.3716,30.6968,32.0841,31.3171,31.9283

1063.3420,31.9598,32.1135,32.1548,32.2261,31.9908,31.9523,32.3823,30.7000,32.0890,31.3262,31.9349

1064.3420,31.9471,32.1025,32.1414,32.2409,31.9865,31.9180,32.3812,30.7065,32.0837,31.3123,31.9280

1065.3420,31.9654,32.0951,32.1575,32.2236,32.0025,31.9476,32.3480,30.7032,32.0888,31.3254,31.9304

1066.3420,31.9718,32.1126,32.1529,32.2209,32.0004,31.9437,32.3626,30.7077,32.0917,31.3257,31.9341

1067.3420,31.9652,32.0939,32.1554,32.2051,32.0042,31.9385,32.3796,30.6922,32.0848,31.3153,31.9293

1068.3420,31.9781,32.0918,32.1355,32.2195,31.9884,31.9415,32.3649,30.6952,32.0827,31.3184,31.9269

1069.3420,31.9566,32.1012,32.1354,32.1964,31.9909,31.9449,32.3700,30.6766,32.0761,31.3107,31.9215

1070.3420,31.9374,32.1051,32.1380,32.2276,31.9895,31.9426,32.3660,30.6804,32.0795,31.3115,31.9233

1071.3420,31.9705,32.1058,32.1551,32.2329,31.9865,31.9428,32.3742,30.7144,32.0902,31.3286,31.9353

1072.3430,31.9638,32.0937,32.1481,32.2105,31.9816,31.9418,32.3832,30.6922,32.0795,31.3170,31.9269

1073.3430,31.9675,32.1082,32.1608,32.2016,31.9721,31.9384,32.3747,30.7067,32.0820,31.3225,31.9287

1074.3420,31.9464,32.1201,32.1361,32.2290,32.0079,31.9328,32.3833,30.6908,32.0879,31.3118,31.9308

1075.3420,31.9385,32.0911,32.1502,32.2149,31.9934,31.9221,32.3768,30.7058,32.0776,31.3139,31.9241

1076.3430,31.9357,32.0854,32.1342,32.2093,32.0018,31.9267,32.3693,30.6978,32.0733,31.3123,31.9200

1077.3420,31.9534,32.0834,32.1477,32.1853,31.9971,31.9135,32.3579,30.6856,32.0734,31.2995,31.9155

1078.3420,31.9431,32.0908,32.1532,32.2142,31.9938,31.9464,32.3728,30.7034,32.0790,31.3249,31.9272

1079.3420,31.9438,32.0985,32.1488,32.2022,31.9898,31.9189,32.3758,30.6923,32.0766,31.3056,31.9213

1080.3420,31.9346,32.0809,32.1569,32.2175,31.9881,31.9290,32.3681,30.6700,32.0756,31.2995,31.9181

1081.3420,31.9436,32.0755,32.1487,32.1999,31.9793,31.9413,32.3678,30.6621,32.0694,31.3017,31.9148

1082.3420,31.9595,32.1062,32.1235,32.2230,31.9820,31.9229,32.3562,30.6959,32.0789,31.3094,31.9212

1083.3420,31.9587,32.0872,32.1205,32.2022,31.9925,31.9399,32.3547,30.6918,32.0722,31.3159,31.9184

1084.3420,31.9552,32.0720,32.1376,32.1954,31.9918,31.9223,32.3506,30.6925,32.0704,31.3074,31.9147

1085.3420,31.9569,32.1040,32.1406,32.2086,32.0043,31.9222,32.3747,30.6895,32.0829,31.3058,31.9251

1086.3420,31.9327,32.1108,32.1347,32.2060,31.9876,31.9148,32.3580,30.6944,32.0743,31.3046,31.9174

1087.3420,31.9432,32.0929,32.1384,32.2238,31.9873,31.9338,32.3467,30.6790,32.0771,31.3064,31.9181

1088.3420,31.9543,32.1131,32.1450,32.2159,31.9815,31.9153,32.3707,30.6723,32.0820,31.2938,31.9210

1089.3420,31.9597,32.0856,32.1377,32.2090,31.9728,31.9146,32.3831,30.7012,32.0730,31.3079,31.9205

1090.3420,31.9494,32.0936,32.1213,32.2217,31.9696,31.9222,32.3718,30.6952,32.0711,31.3087,31.9181

1091.3420,31.9435,32.0738,32.1348,32.2056,31.9712,31.9046,32.3576,30.6757,32.0658,31.2901,31.9084

1092.3420,31.9532,32.0769,32.1412,32.2022,31.9856,31.9297,32.3443,30.6867,32.0718,31.3082,31.9150

1093.3420,31.9719,32.0854,32.1267,32.2144,31.9616,31.9400,32.3824,30.6852,32.0720,31.3126,31.9209

1094.3420,31.9502,32.0791,32.1382,32.2335,31.9764,31.9145,32.3644,30.7077,32.0755,31.3111,31.9205

1095.3420,31.9364,32.1021,32.1415,32.1974,31.9697,31.9321,32.3770,30.7169,32.0694,31.3245,31.9216

1096.3420,31.9559,32.0795,32.1232,32.2142,31.9887,31.9108,32.3690,30.7021,32.0723,31.3065,31.9179

1097.3420,31.9542,32.0839,32.1378,32.1932,31.9946,31.9223,32.3668,30.6990,32.0727,31.3107,31.9190

1098.3420,31.9439,32.0816,32.1281,32.2111,31.9734,31.9345,32.3692,30.6807,32.0676,31.3076,31.9153

1099.3420,31.9385,32.0798,32.1352,32.1849,31.9554,31.9338,32.3604,30.6710,32.0587,31.3024,31.9074

1100.3430,31.9620,32.0702,32.1341,32.2021,32.0000,31.9221,32.3466,30.7021,32.0737,31.3121,31.9174

1101.3420,31.9340,32.0784,32.1451,32.2051,31.9542,31.9335,32.3491,30.6938,32.0633,31.3137,31.9116

1102.3420,31.9174,32.0870,32.1339,32.2010,31.9873,31.9292,32.3516,30.7115,32.0653,31.3203,31.9149

1103.3420,31.9297,32.0676,32.1286,32.1920,31.9630,31.9090,32.3688,30.6764,32.0562,31.2927,31.9044

1104.3420,31.9371,32.0694,32.1276,32.1848,31.9793,31.8930,32.3627,30.6890,32.0597,31.2910,31.9054

1105.3420,31.9333,32.0756,32.1127,32.2056,31.9971,31.9089,32.3411,30.6823,32.0648,31.2956,31.9071

1106.3420,31.9313,32.0671,32.1295,32.1962,31.9759,31.9267,32.3646,30.6729,32.0600,31.2998,31.9080

1107.3420,31.9370,32.0721,32.1298,32.2035,31.9745,31.9041,32.3686,30.6865,32.0634,31.2953,31.9095

1108.3420,31.9320,32.0802,32.1163,32.1923,31.9658,31.9034,32.3598,30.6839,32.0573,31.2936,31.9042

1109.3430,31.9336,32.0697,32.1335,32.1992,31.9801,31.9322,32.3592,30.6766,32.0632,31.3044,31.9105

1110.3420,31.9446,32.0830,32.1196,32.1895,31.9774,31.9155,32.3636,30.6884,32.0628,31.3019,31.9102

1111.3420,31.9597,32.0700,32.1173,32.1887,31.9634,31.9231,32.3702,30.6923,32.0598,31.3077,31.9106

1112.3420,31.9509,32.0693,32.1196,32.2012,31.9579,31.8913,32.3659,30.7009,32.0598,31.2961,31.9071

1113.3420,31.9357,32.0644,32.1325,32.2075,31.9399,31.9338,32.3426,30.6725,32.0560,31.3031,31.9036

1114.3420,31.9518,32.0747,32.1291,32.1953,31.9846,31.9175,32.3492,30.6858,32.0671,31.3017,31.9110

1115.3430,31.9378,32.0765,32.1370,32.1971,31.9768,31.9139,32.3566,30.6836,32.0650,31.2987,31.9099

1116.3420,31.9388,32.0766,32.1052,32.1878,31.9553,31.9079,32.3469,30.6987,32.0528,31.3033,31.9021

1117.3420,31.9406,32.0752,32.1089,32.1873,31.9721,31.8871,32.3492,30.6916,32.0568,31.2894,31.9015

1118.3420,31.9408,32.0648,32.1389,32.1863,31.9685,31.9145,32.3650,30.6790,32.0599,31.2968,31.9072

1119.3420,31.9208,32.0711,32.1246,32.1997,31.9396,31.9063,32.3465,30.6840,32.0512,31.2951,31.8991

1120.3420,31.9315,32.0451,32.1178,32.1750,31.9507,31.9212,32.3346,30.6735,32.0440,31.2973,31.8937

1121.3420,31.9374,32.0716,32.1209,32.1931,31.9468,31.9097,32.3831,30.7005,32.0540,31.3051,31.9079

1122.3430,31.9407,32.0705,32.1141,32.2000,31.9581,31.8915,32.3389,30.6893,32.0567,31.2904,31.9004

1123.3420,31.9424,32.0591,32.1370,32.1943,31.9532,31.9090,32.3482,30.6970,32.0572,31.3030,31.9050

1124.3420,31.9494,32.0700,32.1432,32.1868,31.9630,31.8950,32.3365,30.7046,32.0625,31.2998,31.9061

1125.3420,31.9220,32.0625,32.1460,32.1850,31.9567,31.9075,32.3548,30.7002,32.0545,31.3038,31.9043

1126.3420,31.9462,32.0768,32.1237,32.1889,31.9486,31.9195,32.3489,30.6882,32.0569,31.3038,31.9051

1127.3420,31.9274,32.0643,32.1351,32.1863,31.9574,31.9129,32.3467,30.6797,32.0541,31.2963,31.9012

1128.3420,31.9237,32.0623,32.1257,32.1890,31.9523,31.9322,32.3575,30.6958,32.0506,31.3140,31.9048

1129.3420,31.9241,32.0812,32.1230,32.1854,31.9706,31.9030,32.3538,30.6952,32.0569,31.2991,31.9045

1130.3420,31.9110,32.0527,32.1043,32.2117,31.9692,31.8932,32.3408,30.6892,32.0498,31.2912,31.8965

1131.3420,31.9131,32.0664,32.1063,32.1818,31.9516,31.9009,32.3390,30.6903,32.0439,31.2956,31.8937

1132.3430,31.9132,32.0861,32.1213,32.1781,31.9381,31.9104,32.3465,30.7008,32.0474,31.3056,31.8993

1133.3420,31.9230,32.0512,32.1075,32.1821,31.9686,31.8869,32.3571,30.6819,32.0465,31.2844,31.8948

1134.3420,31.9212,32.0851,32.1170,32.1850,31.9587,31.9174,32.3412,30.6575,32.0534,31.2875,31.8979

1135.3420,31.9379,32.0543,32.1195,32.1852,31.9511,31.8919,32.3362,30.6794,32.0496,31.2857,31.8944

1136.3420,31.9265,32.0615,32.1056,32.1882,31.9627,31.9106,32.3135,30.7000,32.0489,31.3053,31.8961

1137.3420,31.9002,32.0753,32.1157,32.1804,31.9340,31.8964,32.3596,30.6769,32.0411,31.2866,31.8923

1138.3420,31.9156,32.0444,32.1335,32.1837,31.9663,31.9025,32.3442,30.6787,32.0487,31.2906,31.8961

1139.3420,31.9164,32.0582,32.1323,32.1933,31.9445,31.8774,32.3421,30.6889,32.0489,31.2831,31.8941

1140.3420,31.9254,32.0702,32.1026,32.1720,31.9771,31.8846,32.3207,30.6848,32.0495,31.2847,31.8922

1141.3420,31.9293,32.0642,32.1036,32.1867,31.9537,31.8974,32.3462,30.6736,32.0475,31.2855,31.8943

1142.3420,31.9367,32.0554,32.1052,32.1896,31.9471,31.8837,32.3435,30.6731,32.0468,31.2784,31.8918

1143.3420,31.9394,32.0586,32.1252,32.1848,31.9450,31.8920,32.3396,30.6757,32.0506,31.2839,31.8950

1144.3430,31.9162,32.0489,32.1334,32.1789,31.9279,31.8936,32.3563,30.6844,32.0411,31.2890,31.8925

1145.3430,31.9242,32.0426,32.1097,32.1881,31.9467,31.8932,32.3480,30.6770,32.0422,31.2851,31.8912

1146.3420,31.9274,32.0399,32.1108,32.1544,31.9419,31.8833,32.3482,30.6980,32.0349,31.2906,31.8880

1147.3420,31.9015,32.0434,32.1001,32.1870,31.9424,31.8964,32.3549,30.7078,32.0349,31.3021,31.8917

1148.3420,31.9377,32.0536,32.1155,32.1850,31.9307,31.8706,32.3351,30.7159,32.0445,31.2932,31.8930

1149.3420,31.9107,32.0565,32.1049,32.1832,31.9360,31.9027,32.3418,30.6808,32.0383,31.2918,31.8896

1150.3420,31.9076,32.0407,32.1196,32.1745,31.9471,31.9020,32.3377,30.6914,32.0379,31.2967,31.8901

1151.3420,31.8936,32.0465,32.1263,32.1854,31.9391,31.9142,32.3506,30.6910,32.0382,31.3026,31.8933

1152.3420,31.8871,32.0489,32.1071,32.1615,31.9618,31.9050,32.3351,30.6765,32.0333,31.2907,31.8854

1153.3430,31.8941,32.0519,32.1223,32.1641,31.9274,31.8861,32.3278,30.6975,32.0320,31.2918,31.8839

1154.3420,31.9288,32.0385,32.1066,32.1732,31.9344,31.8885,32.3327,30.6943,32.0363,31.2914,31.8871

1155.3420,31.8849,32.0453,32.1269,32.1987,31.9609,31.8844,32.3273,30.6926,32.0433,31.2885,31.8901

1156.3420,31.9244,32.0581,32.1074,32.1768,31.9357,31.8902,32.3199,30.6828,32.0405,31.2865,31.8869

1157.3420,31.9198,32.0618,32.1115,32.1847,31.9587,31.8813,32.3334,30.6918,32.0473,31.2866,31.8929

1158.3430,31.8986,32.0553,32.1238,32.1735,31.9690,31.8934,32.3429,30.6720,32.0440,31.2827,31.8911

1159.3420,31.9033,32.0406,32.0866,32.1766,31.9610,31.8897,32.3338,30.6687,32.0336,31.2792,31.8825

1160.3420,31.9185,32.0529,32.1251,32.1810,31.9485,31.8556,32.3264,30.6624,32.0452,31.2590,31.8838

1161.3420,31.9196,32.0446,32.0967,32.1826,31.9548,31.8920,32.3313,30.6752,32.0397,31.2836,31.8871

1162.3420,31.9103,32.0467,32.1077,32.1809,31.9554,31.8601,32.3297,30.7049,32.0402,31.2825,31.8870

1163.3420,31.9070,32.0505,32.1186,32.1627,31.9507,31.8920,32.3447,30.6795,32.0379,31.2858,31.8882

1164.3420,31.9162,32.0561,32.1190,32.1650,31.9580,31.8787,32.3090,30.6925,32.0429,31.2856,31.8868

1165.3420,31.9125,32.0497,32.0952,32.1628,31.9561,31.8679,32.3265,30.6991,32.0353,31.2835,31.8837

1166.3420,31.9204,32.0489,32.1028,32.1699,31.9115,31.8819,32.3299,30.6948,32.0307,31.2883,31.8825

1167.3420,31.9109,32.0442,32.0982,32.1751,31.9302,31.8574,32.3436,30.6670,32.0317,31.2622,31.8783

1168.3420,31.9177,32.0294,32.0979,32.1697,31.9459,31.8713,32.3212,30.6837,32.0321,31.2775,31.8796

1169.3420,31.9147,32.0292,32.1033,32.1573,31.9391,31.8720,32.3389,30.6839,32.0287,31.2779,31.8798

1170.3420,31.8930,32.0641,32.1091,32.1720,31.9366,31.8569,32.3301,30.6706,32.0350,31.2637,31.8791

1171.3420,31.9103,32.0469,32.0844,32.1628,31.9343,31.8615,32.3359,30.6776,32.0277,31.2696,31.8767

1172.3420,31.8854,32.0409,32.0761,32.1652,31.9357,31.8634,32.3341,30.6880,32.0207,31.2757,31.8736

1173.3420,31.8937,32.0273,32.1038,32.1741,31.9228,31.8773,32.3285,30.6901,32.0243,31.2837,31.8772

1174.3420,31.9177,32.0318,32.1003,32.1707,31.9167,31.8735,32.3269,30.7033,32.0274,31.2884,31.8801

1175.3420,31.9063,32.0328,32.0990,32.1853,31.9551,31.8711,32.3191,30.6971,32.0357,31.2841,31.8832

1176.3420,31.9069,32.0546,32.1100,32.1578,31.9238,31.8863,32.3263,30.6813,32.0306,31.2838,31.8809

1177.3420,31.9057,32.0359,32.1012,32.1607,31.9470,31.8954,32.3160,30.6660,32.0301,31.2807,31.8785

1178.3420,31.9092,32.0469,32.0933,32.1689,31.9092,31.8736,32.3059,30.6831,32.0255,31.2784,31.8738

1179.3420,31.9041,32.0444,32.0801,32.1575,31.9239,31.8779,32.3161,30.6635,32.0220,31.2707,31.8709

1180.3420,31.9154,32.0608,32.0890,32.1739,31.9529,31.8853,32.3179,30.7024,32.0384,31.2939,31.8872

1181.3420,31.9030,32.0263,32.1005,32.1812,31.9471,31.8767,32.3341,30.6929,32.0316,31.2848,31.8827

1182.3420,31.8846,32.0285,32.0801,32.1524,31.9161,31.9001,32.3358,30.6848,32.0123,31.2924,31.8728

1183.3420,31.8835,32.0425,32.0828,32.1692,31.9262,31.8886,32.3334,30.6804,32.0208,31.2845,31.8758

1184.3420,31.8962,32.0451,32.0855,32.1700,31.9413,31.8788,32.3145,30.6569,32.0276,31.2679,31.8735

1185.3420,31.8755,32.0416,32.1007,32.1711,31.9389,31.8844,32.3222,30.6748,32.0256,31.2796,31.8761

1186.3420,31.8810,32.0261,32.0852,32.1762,31.9406,31.8758,32.3024,30.6647,32.0218,31.2702,31.8690

1187.3420,31.9084,32.0240,32.1005,32.1606,31.9122,31.8704,32.3318,30.6654,32.0211,31.2679,31.8717

1188.3430,31.8838,32.0356,32.0887,32.1595,31.9312,31.8673,32.3200,30.6680,32.0198,31.2677,31.8693

1189.3420,31.9146,32.0509,32.0950,32.1513,31.9427,31.8789,32.3038,30.6763,32.0309,31.2776,31.8767

1190.3430,31.8853,32.0490,32.0917,32.1541,31.9411,31.8740,32.3188,30.6817,32.0243,31.2779,31.8745

1191.3420,31.8920,32.0278,32.1000,32.1620,31.9136,31.8727,32.3201,30.6621,32.0191,31.2674,31.8688

1192.3430,31.9018,32.0333,32.1056,32.1591,31.9135,31.8609,32.3280,30.6822,32.0227,31.2716,31.8731

1193.3420,31.9002,32.0432,32.1075,32.1779,31.9405,31.8551,32.3163,30.6792,32.0338,31.2672,31.8775

1194.3430,31.8989,32.0321,32.0678,32.1696,31.9073,31.8604,32.3113,30.6944,32.0151,31.2774,31.8677

1195.3420,31.8817,32.0257,32.0858,32.1594,31.9484,31.8892,32.3326,30.6824,32.0202,31.2858,31.8756

1196.3420,31.9000,32.0440,32.0745,32.1632,31.9127,31.8549,32.3147,30.6743,32.0189,31.2646,31.8673

1197.3420,31.8771,32.0356,32.0820,32.1346,31.8916,31.8766,32.3091,30.6909,32.0042,31.2837,31.8622

1198.3420,31.8911,32.0348,32.0850,32.1714,31.9469,31.8770,32.3130,30.6814,32.0258,31.2792,31.8751

1199.3420,31.8874,32.0325,32.0804,32.1676,31.9198,31.8785,32.3150,30.6885,32.0175,31.2835,31.8712

1200.3420,31.8689,32.0434,32.0875,32.1560,31.9234,31.8534,32.3230,30.6987,32.0158,31.2761,31.8693

1201.3420,31.8623,32.0408,32.0629,32.1398,31.9154,31.8590,32.3233,30.6916,32.0042,31.2753,31.8619

1202.3420,31.9211,32.0213,32.0959,32.1513,31.9347,31.8789,32.3192,30.6941,32.0249,31.2865,31.8771

1203.3420,31.9124,32.0432,32.0910,32.1380,31.9396,31.8589,32.3097,30.6839,32.0248,31.2714,31.8721

1204.3420,31.9058,32.0341,32.0858,32.1566,31.9227,31.8692,32.3297,30.6778,32.0210,31.2735,31.8727

1205.3430,31.8944,32.0412,32.0829,32.1580,31.9244,31.8840,32.3114,30.6819,32.0202,31.2830,31.8723

1206.3420,31.8825,32.0232,32.0955,32.1485,31.9111,31.8600,32.3338,30.6719,32.0122,31.2659,31.8658

1207.3420,31.8932,32.0322,32.0908,32.1603,31.9190,31.8566,32.3095,30.6783,32.0191,31.2674,31.8675

1208.3420,31.8896,32.0397,32.0922,32.1504,31.9154,31.8675,32.2940,30.6799,32.0174,31.2737,31.8661

1209.3420,31.8715,32.0390,32.0864,32.1531,31.9161,31.8433,32.3098,30.6815,32.0132,31.2624,31.8626

1210.3420,31.8716,32.0326,32.0758,32.1537,31.9138,31.8688,32.3212,30.6878,32.0095,31.2783,31.8657

1211.3420,31.9082,32.0410,32.0785,32.1634,31.9241,31.8805,32.3187,30.6778,32.0230,31.2792,31.8740

1212.3420,31.8938,32.0161,32.0851,32.1493,31.9252,31.8544,32.3248,30.6996,32.0139,31.2770,31.8685

1213.3420,31.8763,32.0223,32.0833,32.1626,31.8913,31.8505,32.3207,30.6770,32.0072,31.2637,31.8605

1214.3420,31.8610,32.0377,32.0762,32.1461,31.9155,31.8474,32.3127,30.6720,32.0073,31.2597,31.8586

1215.3420,31.8752,32.0357,32.0747,32.1615,31.9085,31.8606,32.3036,30.6843,32.0111,31.2724,31.8630

1216.3420,31.8878,32.0396,32.0772,32.1682,31.9014,31.8544,32.3165,30.6668,32.0148,31.2606,31.8640

1217.3420,31.8816,32.0354,32.0842,32.1452,31.8895,31.8600,32.3009,30.6864,32.0072,31.2732,31.8604

1218.3420,31.8856,32.0266,32.0716,32.1514,31.9156,31.8542,32.3194,30.6806,32.0102,31.2674,31.8631

1219.3420,31.8679,32.0185,32.0706,32.1363,31.9021,31.8336,32.3098,30.6746,31.9991,31.2541,31.8517

1220.3430,31.8634,32.0226,32.0939,32.1657,31.8756,31.8348,32.3177,30.6758,32.0042,31.2553,31.8562

1221.3420,31.8934,32.0489,32.0817,32.1319,31.9061,31.8198,32.3191,30.6772,32.0124,31.2485,31.8598

1222.3420,31.8869,32.0506,32.0680,32.1459,31.8996,31.8165,32.3190,30.7125,32.0102,31.2645,31.8624

1223.3420,31.8757,32.0200,32.0867,32.1617,31.9010,31.8165,32.3335,30.6791,32.0090,31.2478,31.8593

1224.3420,31.8779,32.0355,32.0801,32.1415,31.9211,31.7901,32.3330,30.6818,32.0112,31.2360,31.8576

1225.3420,31.8742,32.0282,32.0963,32.1535,31.8808,31.7963,32.3266,30.7021,32.0066,31.2492,31.8573

1226.3420,31.8839,32.0206,32.0746,32.1365,31.9078,31.7731,32.3237,30.6728,32.0047,31.2230,31.8491

1227.3430,31.8830,32.0264,32.0850,32.1408,31.8844,31.7751,32.3130,30.6808,32.0039,31.2279,31.8486

1228.3420,31.8872,32.0223,32.0659,32.1664,31.9018,31.7764,32.3156,30.6883,32.0087,31.2324,31.8530

1229.3420,31.8515,32.0218,32.0813,32.1330,31.8853,31.7684,32.3281,30.6723,31.9946,31.2204,31.8427

1230.3420,31.8706,32.0382,32.0898,32.1658,31.8940,31.7307,32.3263,30.6900,32.0117,31.2104,31.8507

1231.3420,31.8796,32.0437,32.0887,32.1619,31.8702,31.7022,32.3341,30.7098,32.0088,31.2060,31.8488

1232.3420,31.8938,32.0242,32.0876,32.1613,31.9065,31.6713,32.3044,30.6893,32.0147,31.1803,31.8423

1233.3420,31.8791,32.0213,32.0983,32.1640,31.9025,31.6575,32.3357,30.6962,32.0130,31.1768,31.8443

1234.3420,31.8802,32.0358,32.0766,32.1470,31.9098,31.6132,32.3445,30.6917,32.0099,31.1524,31.8373

1235.3420,31.8634,32.0203,32.0959,32.1592,31.9104,31.5916,32.3122,30.6927,32.0098,31.1422,31.8307

1236.3420,31.8781,32.0128,32.0996,32.1517,31.8828,31.5509,32.3440,30.7150,32.0050,31.1330,31.8294

1237.3420,31.8863,32.0495,32.0814,32.1443,31.8826,31.5465,32.3540,30.6611,32.0088,31.1038,31.8257

1238.3420,31.8873,32.0260,32.0818,32.1513,31.8859,31.5174,32.3239,30.6776,32.0064,31.0975,31.8189

1239.3420,31.8932,32.0439,32.0744,32.1504,31.8946,31.4825,32.3577,30.6826,32.0113,31.0826,31.8224

1240.3420,31.8784,32.0237,32.1001,32.1710,31.9057,31.4372,32.3188,30.6725,32.0158,31.0548,31.8134

1241.3420,31.8873,32.0281,32.0910,32.1548,31.8902,31.4076,32.3490,30.6857,32.0103,31.0466,31.8117

1242.3420,31.8767,32.0344,32.0847,32.1607,31.8819,31.3801,32.3399,30.6840,32.0077,31.0320,31.8053

1243.3420,31.8631,32.0359,32.0899,32.1349,31.8992,31.3532,32.3254,30.6933,32.0046,31.0233,31.7994

1244.3420,31.8828,32.0496,32.0867,32.1627,31.8814,31.3021,32.3560,30.6882,32.0126,30.9951,31.8012

1245.3420,31.9072,32.0404,32.0916,32.1619,31.8781,31.2955,32.3576,30.6900,32.0158,30.9927,31.8028

1246.3420,31.8366,32.0306,32.0668,32.1470,31.8948,31.2493,32.3295,30.6885,31.9952,30.9689,31.7804

1247.3420,31.8582,32.0436,32.0905,32.1759,31.9131,31.2295,32.3429,30.6969,32.0162,30.9632,31.7938

1248.3420,31.8816,32.0431,32.0971,32.1529,31.9168,31.1947,32.3584,30.6846,32.0183,30.9397,31.7912

1249.3420,31.8778,32.0335,32.0903,32.1663,31.8853,31.1586,32.3460,30.6935,32.0106,30.9260,31.7814

1250.3430,31.8660,32.0397,32.0918,32.1753,31.9054,31.1355,32.3489,30.6793,32.0157,30.9074,31.7802

1251.3420,31.8900,32.0605,32.1004,32.1675,31.8975,31.1266,32.3547,30.6779,32.0232,30.9022,31.7844

1252.3420,31.9003,32.0367,32.0949,32.1695,31.9073,31.0885,32.3473,30.6624,32.0217,30.8755,31.7758

1253.3420,31.8687,32.0488,32.0882,32.1853,31.9189,31.0813,32.3495,30.6825,32.0220,30.8819,31.7779

1254.3420,31.8727,32.0416,32.1209,32.1683,31.9008,31.0660,32.3672,30.6700,32.0209,30.8680,31.7759

1255.3420,31.8822,32.0524,32.0876,32.1645,31.8846,31.0296,32.3648,30.6679,32.0143,30.8487,31.7667

1256.3420,31.8755,32.0558,32.0957,32.1684,31.9003,31.0035,32.3425,30.6831,32.0191,30.8433,31.7656

1257.3420,31.8708,32.0613,32.0927,32.1645,31.8760,31.0140,32.3588,30.6776,32.0131,30.8458,31.7645

1258.3420,31.8791,32.0530,32.0905,32.1736,31.9058,30.9752,32.3556,30.6849,32.0204,30.8301,31.7647

1259.3420,31.8754,32.0508,32.0888,32.1676,31.8970,30.9702,32.3534,30.6803,32.0160,30.8253,31.7605

1260.3420,31.8653,32.0561,32.1073,32.1753,31.8840,30.9398,32.3517,30.6668,32.0176,30.8033,31.7558

1261.3420,31.8812,32.0836,32.0939,32.1591,31.9126,30.9463,32.3445,30.6847,32.0261,30.8155,31.7632

1262.3420,31.8616,32.0703,32.1069,32.1857,31.8875,30.9235,32.3448,30.6867,32.0224,30.8051,31.7584

1263.3420,31.8807,32.0640,32.0795,32.1747,31.8901,30.9172,32.3643,30.6696,32.0178,30.7934,31.7550

1264.3420,31.8958,32.0550,32.1127,32.1704,31.8902,30.8942,32.3398,30.6918,32.0248,30.7930,31.7562

1265.3430,31.8776,32.0584,32.1128,32.1677,31.8888,30.8643,32.3310,30.6867,32.0210,30.7755,31.7484

1266.3420,31.8890,32.0580,32.1012,32.1688,31.8848,30.8523,32.3691,30.6977,32.0204,30.7750,31.7526

1267.3420,31.8875,32.0514,32.1124,32.1874,31.8753,30.8606,32.3451,30.6839,32.0228,30.7723,31.7504

1268.3430,31.8784,32.0811,32.0942,32.1332,31.9056,30.8552,32.3565,30.6574,32.0185,30.7563,31.7452

1269.3420,31.8816,32.0581,32.1078,32.1552,31.8835,30.8331,32.3326,30.6781,32.0173,30.7556,31.7412

1270.3420,31.8704,32.0800,32.0987,32.1902,31.8680,30.8542,32.3610,30.6870,32.0215,30.7706,31.7512

1271.3420,31.8638,32.0707,32.1102,32.1632,31.8582,30.8397,32.3691,30.6823,32.0132,30.7610,31.7446

1272.3420,31.8751,32.0627,32.0819,32.1819,31.8535,30.8129,32.3860,30.6861,32.0110,30.7495,31.7425

1273.3420,31.8803,32.0703,32.0952,32.1604,31.8817,30.8045,32.3556,30.6965,32.0176,30.7505,31.7431

1274.3420,31.8801,32.0588,32.1025,32.1757,31.8853,30.8217,32.3779,30.6916,32.0205,30.7566,31.7492

1275.3420,31.8939,32.0850,32.1207,32.1821,31.8704,30.8017,32.3651,30.6715,32.0304,30.7366,31.7488

1276.3430,31.8956,32.0920,32.1230,32.1642,31.8740,30.8114,32.3697,30.6982,32.0298,30.7548,31.7535

1277.3430,31.8783,32.0760,32.0953,32.1755,31.8952,30.7889,32.3646,30.6870,32.0241,30.7379,31.7451

1278.3420,31.9061,32.0772,32.1185,32.1678,31.8727,30.7960,32.3709,30.6922,32.0285,30.7441,31.7502

1279.3420,31.8900,32.0677,32.1155,32.1704,31.8670,30.8063,32.3736,30.6963,32.0221,30.7513,31.7484

1280.3420,31.8930,32.0825,32.1130,32.1632,31.8752,30.7863,32.3964,30.6876,32.0254,30.7369,31.7496

1281.3430,31.8864,32.0640,32.1053,32.1550,31.8784,30.7852,32.3596,30.6927,32.0178,30.7390,31.7408

1282.3420,31.8763,32.0672,32.1174,32.1817,31.8880,30.8024,32.3834,30.6915,32.0261,30.7470,31.7510

1283.3420,31.9150,32.0741,32.1219,32.1726,31.8849,30.7960,32.3809,30.6584,32.0337,30.7272,31.7505

1284.3420,31.9107,32.0711,32.1120,32.1697,31.8713,30.7833,32.3813,30.6865,32.0270,30.7349,31.7482

1285.3420,31.8851,32.0639,32.1230,32.1775,31.8719,30.7877,32.3848,30.6848,32.0243,30.7362,31.7473

1286.3420,31.8911,32.1009,32.1094,32.1690,31.8934,30.7782,32.3876,30.6978,32.0328,30.7380,31.7534

1287.3420,31.8985,32.0745,32.1036,32.1969,31.8741,30.7799,32.3837,30.6940,32.0295,30.7369,31.7506

1288.3420,31.8475,32.0891,32.1182,32.1820,31.9053,30.7679,32.3879,30.6970,32.0284,30.7325,31.7494

1289.3420,31.8820,32.0772,32.1298,32.1655,31.8895,30.7799,32.4019,30.7010,32.0288,30.7405,31.7534

1290.3420,31.8792,32.0985,32.1173,32.1797,31.8637,30.7616,32.3974,30.6930,32.0277,30.7273,31.7488

1291.3430,31.8764,32.1090,32.1245,32.1804,31.8638,30.7762,32.3948,30.6822,32.0308,30.7292,31.7509

1292.3430,31.8758,32.1017,32.1008,32.1683,31.8580,30.7587,32.4071,30.6943,32.0209,30.7265,31.7456

1293.3420,31.8560,32.0912,32.1241,32.1921,31.8575,30.7497,32.4135,30.6853,32.0242,30.7175,31.7462

1294.3420,31.8826,32.1334,32.1137,32.1728,31.8488,30.7260,32.4337,30.6828,32.0303,30.7044,31.7492

1295.3420,31.8958,32.1003,32.1303,32.1749,31.8662,30.7576,32.4015,30.6890,32.0335,30.7233,31.7519

1296.3420,31.8774,32.0960,32.1186,32.1683,31.8520,30.7659,32.4184,30.6766,32.0225,30.7212,31.7466

1297.3420,31.8886,32.0867,32.1186,32.1852,31.8403,30.7555,32.4109,30.6780,32.0239,30.7168,31.7455

1298.3420,31.8808,32.1092,32.1275,32.1749,31.8123,30.7454,32.4207,30.6702,32.0209,30.7078,31.7426

1299.3420,31.8792,32.0941,32.1143,32.1837,31.7801,30.7606,32.4108,30.6742,32.0103,30.7174,31.7371

1300.3420,31.8760,32.0935,32.1282,32.1709,31.7737,30.7782,32.4172,30.6922,32.0085,30.7352,31.7412

1301.3420,31.9063,32.1172,32.1276,32.1914,31.7857,30.7545,32.4273,30.6600,32.0256,30.7072,31.7462

1302.3420,31.8782,32.1082,32.1415,32.1847,31.7745,30.7385,32.4413,30.6807,32.0174,30.7096,31.7434

1303.3420,31.8821,32.1194,32.1053,32.1832,31.7873,30.7467,32.4234,30.6997,32.0154,30.7232,31.7434

1304.3420,31.8858,32.1251,32.1411,32.1819,31.7469,30.7527,32.4268,30.6714,32.0162,30.7121,31.7415

1305.3420,31.8887,32.1126,32.1304,32.1825,31.7526,30.7471,32.4124,30.6865,32.0133,30.7168,31.7391

1306.3430,31.8564,32.1292,32.1395,32.1878,31.7263,30.7740,32.4487,30.6894,32.0079,30.7317,31.7439

1307.3420,31.8767,32.1146,32.1409,32.1939,31.7495,30.7633,32.4426,30.7079,32.0151,30.7356,31.7487

1308.3420,31.8797,32.1375,32.1300,32.1995,31.7352,30.7499,32.4537,30.6809,32.0164,30.7154,31.7458

1309.3420,31.8751,32.1273,32.1320,32.1878,31.7639,30.7387,32.4445,30.7002,32.0172,30.7194,31.7462

1310.3430,31.8811,32.1074,32.1374,32.1876,31.7455,30.7654,32.4433,30.6954,32.0118,30.7304,31.7454

1311.3420,31.8976,32.1267,32.1375,32.1938,31.7507,30.7227,32.4476,30.6842,32.0212,30.7035,31.7451

1312.3420,31.9017,32.1205,32.1284,32.1913,31.7562,30.7230,32.4447,30.6774,32.0196,30.7002,31.7429

1313.3420,31.9020,32.1234,32.1370,32.1891,31.7293,30.7351,32.4663,30.7013,32.0161,30.7182,31.7479

1314.3420,31.8843,32.1249,32.1497,32.2027,31.7562,30.7442,32.4650,30.6760,32.0236,30.7101,31.7504

1315.3420,31.8970,32.1227,32.1382,32.2076,31.7425,30.7470,32.4469,30.6958,32.0216,30.7214,31.7497

1316.3420,31.8897,32.1438,32.1434,32.2119,31.7259,30.7448,32.4525,30.7002,32.0229,30.7225,31.7515

1317.3420,31.8989,32.1165,32.1404,32.2014,31.7327,30.7301,32.4510,30.6991,32.0180,30.7146,31.7462

1318.3420,31.8904,32.1395,32.1334,32.2010,31.7294,30.7291,32.4459,30.6948,32.0187,30.7119,31.7454

1319.3430,31.8893,32.1464,32.1365,32.2182,31.7349,30.7351,32.4504,30.6885,32.0251,30.7118,31.7499

1320.3420,31.8880,32.1157,32.1284,32.2260,31.7176,30.7356,32.4624,30.6900,32.0151,30.7128,31.7455

1321.3420,31.8928,32.1340,32.1490,32.2231,31.7271,30.7249,32.4600,30.6897,32.0252,30.7073,31.7501

1322.3420,31.9086,32.1507,32.1254,32.2192,31.7246,30.7393,32.4528,30.6872,32.0257,30.7133,31.7510

1323.3420,31.8738,32.1245,32.1414,32.2056,31.6992,30.7280,32.4613,30.6909,32.0089,30.7094,31.7406

1324.3420,31.9149,32.1534,32.1412,32.2154,31.7177,30.7607,32.4809,30.6902,32.0285,30.7254,31.7593

1325.3430,31.8946,32.1423,32.1414,32.2212,31.7186,30.7390,32.4872,30.6981,32.0236,30.7186,31.7553

1326.3420,31.8895,32.1416,32.1299,32.2059,31.7327,30.7508,32.4723,30.6864,32.0199,30.7186,31.7511

1327.3420,31.8937,32.1379,32.1384,32.2233,31.7041,30.7245,32.4771,30.7024,32.0195,30.7134,31.7502

1328.3420,31.8719,32.1443,32.1433,32.2433,31.6814,30.7252,32.4727,30.6754,32.0168,30.7003,31.7447

1329.3430,31.8686,32.1464,32.1539,32.2215,31.6931,30.7468,32.4809,30.6979,32.0167,30.7223,31.7511

1330.3420,31.8940,32.1318,32.1440,32.2167,31.6837,30.7374,32.4597,30.7036,32.0140,30.7205,31.7463

1331.3420,31.8978,32.1499,32.1409,32.2259,31.6818,30.7365,32.4806,30.7059,32.0193,30.7212,31.7524

1332.3420,31.8865,32.1510,32.1407,32.2397,31.6786,30.7661,32.4733,30.6985,32.0193,30.7323,31.7543

1333.3420,31.8735,32.1305,32.1549,32.2445,31.6637,30.7282,32.4833,30.7150,32.0134,30.7216,31.7492

1334.3420,31.8898,32.1602,32.1672,32.2263,31.6880,30.7516,32.4796,30.6999,32.0263,30.7257,31.7578

1335.3420,31.9091,32.1634,32.1507,32.2291,31.6669,30.7530,32.4674,30.7079,32.0238,30.7304,31.7559

1336.3420,31.8923,32.1654,32.1602,32.2203,31.6679,30.7343,32.4858,30.6948,32.0212,30.7145,31.7526

1337.3420,31.9044,32.1595,32.1660,32.2331,31.6669,30.7337,32.4799,30.7093,32.0260,30.7215,31.7566

1338.3420,31.8745,32.1746,32.1676,32.2305,31.6726,30.7601,32.4500,30.6930,32.0239,30.7265,31.7529

1339.3430,31.8746,32.1472,32.1524,32.2294,31.6404,30.7307,32.4747,30.6968,32.0088,30.7138,31.7433

1340.3420,31.8771,32.1495,32.1617,32.2198,31.6391,30.7567,32.4816,30.6872,32.0094,30.7219,31.7466

1341.3420,31.8675,32.1735,32.1589,32.2387,31.6498,30.7654,32.4629,30.6997,32.0177,30.7326,31.7520

1342.3420,31.8514,32.1405,32.1799,32.2194,31.6336,30.7511,32.4877,30.7027,32.0050,30.7269,31.7458

1343.3420,31.8677,32.1618,32.1397,32.2190,31.6250,30.7576,32.4555,30.7106,32.0026,30.7341,31.7421

1344.3420,31.8753,32.1545,32.1555,32.2169,31.6153,30.7615,32.4881,30.6891,32.0035,30.7253,31.7445

1345.3420,31.8720,32.1450,32.1535,32.2210,31.6031,30.7478,32.4776,30.6990,31.9989,30.7234,31.7399

1346.3420,31.8586,32.1608,32.1462,32.2161,31.6018,30.7471,32.4831,30.6747,31.9967,30.7109,31.7360

1347.3420,31.8732,32.1730,32.1528,32.2527,31.6004,30.7485,32.4864,30.7034,32.0104,30.7259,31.7488

1348.3420,31.8820,32.1675,32.1356,32.2294,31.5802,30.7447,32.4701,30.7184,31.9989,30.7315,31.7410

1349.3430,31.8793,32.1541,32.1401,32.2133,31.5657,30.7598,32.4886,30.7109,31.9905,30.7354,31.7390

1350.3420,31.8723,32.1624,32.1469,32.2215,31.5582,30.7363,32.5180,30.6936,31.9923,30.7150,31.7387

1351.3420,31.8767,32.1535,32.1535,32.2389,31.5533,30.7478,32.4579,30.6971,31.9952,30.7225,31.7348

1352.3420,31.8680,32.1493,32.1488,32.2164,31.5221,30.7706,32.4946,30.7058,31.9809,30.7382,31.7345

1353.3420,31.8698,32.1752,32.1583,32.2357,31.5168,30.7409,32.4844,30.7174,31.9912,30.7292,31.7373

1354.3420,31.8708,32.1583,32.1466,32.2385,31.5051,30.7410,32.5003,30.6996,31.9838,30.7203,31.7325

1355.3430,31.8699,32.1507,32.1653,32.2469,31.4935,30.7660,32.4782,30.7077,31.9853,30.7368,31.7348

1356.3420,31.8949,32.1490,32.1453,32.2307,31.5146,30.7547,32.4859,30.7007,31.9869,30.7277,31.7345

1357.3420,31.8706,32.1646,32.1313,32.2308,31.5125,30.7507,32.4860,30.6868,31.9820,30.7187,31.7292

1358.3420,31.8734,32.1662,32.1494,32.2183,31.5082,30.7440,32.4937,30.6942,31.9831,30.7191,31.7309

1359.3420,31.8646,32.1553,32.1708,32.2355,31.4759,30.7451,32.4888,30.6953,31.9804,30.7202,31.7289

1360.3420,31.8603,32.1691,32.1414,32.2329,31.4627,30.7582,32.4951,30.7145,31.9733,30.7363,31.7293

1361.3420,31.8810,32.1744,32.1547,32.2302,31.4538,30.7465,32.4831,30.7009,31.9788,30.7237,31.7281

1362.3420,31.8777,32.1672,32.1498,32.2305,31.4416,30.7446,32.4998,30.6883,31.9734,30.7164,31.7249

1363.3420,31.8786,32.1693,32.1482,32.2364,31.4397,30.7319,32.4888,30.6839,31.9744,30.7079,31.7221

1364.3420,31.8662,32.1567,32.1524,32.2350,31.4175,30.7510,32.4893,30.7049,31.9656,30.7280,31.7216

1365.3420,31.9002,32.1689,32.1604,32.2214,31.4322,30.7512,32.5095,30.6915,31.9766,30.7213,31.7294

1366.3420,31.8795,32.1803,32.1705,32.2399,31.4269,30.7450,32.5007,30.6961,31.9794,30.7205,31.7299

1367.3420,31.8885,32.1685,32.1657,32.2407,31.4083,30.7587,32.4777,30.6920,31.9743,30.7254,31.7250

1368.3420,31.8713,32.1666,32.1722,32.2398,31.4395,30.7622,32.5175,30.6880,31.9779,30.7251,31.7321

1369.3420,31.8785,32.1541,32.1602,32.2446,31.4109,30.7839,32.5069,30.6730,31.9697,30.7285,31.7265

1370.3420,31.8814,32.1689,32.1558,32.2365,31.4115,30.7253,32.5086,30.6807,31.9708,30.7030,31.7211

1371.3420,31.8875,32.1719,32.1555,32.2451,31.4429,30.7384,32.4853,30.6853,31.9806,30.7119,31.7265

1372.3430,31.8711,32.1652,32.1492,32.2529,31.4449,30.7497,32.4856,30.6830,31.9766,30.7164,31.7252

1373.3420,31.8893,32.1778,32.1623,32.2603,31.4259,30.7473,32.5010,30.6928,31.9831,30.7200,31.7321

1374.3420,31.8472,32.1744,32.1542,32.2481,31.4510,30.7403,32.5089,30.6868,31.9750,30.7136,31.7264

1375.3420,31.8662,32.1760,32.1535,32.2596,31.4325,30.7547,32.5054,30.6927,31.9776,30.7237,31.7301

1376.3430,31.8953,32.1747,32.1494,32.2470,31.4174,30.7557,32.5073,30.6922,31.9768,30.7240,31.7299

1377.3420,31.8797,32.1566,32.1702,32.2579,31.4230,30.7518,32.4845,30.7119,31.9775,30.7318,31.7295

1378.3420,31.8683,32.1800,32.1598,32.2452,31.4472,30.7497,32.5014,30.6999,31.9801,30.7248,31.7315

1379.3420,31.8872,32.1748,32.1561,32.2522,31.4361,30.7410,32.4915,30.7034,31.9813,30.7222,31.7303

1380.3420,31.8974,32.1854,32.1755,32.2501,31.4458,30.7488,32.4927,30.6821,31.9909,30.7155,31.7347

1381.3420,31.8964,32.1582,32.1465,32.2600,31.4194,30.7459,32.4871,30.6867,31.9761,30.7163,31.7250

1382.3420,31.9077,32.1632,32.1580,32.2547,31.4059,30.7432,32.4977,30.6990,31.9779,30.7211,31.7287

1383.3430,31.8882,32.1770,32.1592,32.2591,31.3995,30.7447,32.5002,30.6982,31.9766,30.7215,31.7283

1384.3430,31.9003,32.1632,32.1674,32.2725,31.3924,30.7198,32.4977,30.6766,31.9792,30.6982,31.7238

1385.3420,31.8732,32.1746,32.1563,32.2765,31.4141,30.7265,32.5026,30.6786,31.9790,30.7025,31.7253

1386.3420,31.8975,32.1788,32.1637,32.2665,31.3990,30.7504,32.4982,30.6959,31.9811,30.7231,31.7313

1387.3420,31.8972,32.1813,32.1607,32.2615,31.4114,30.7421,32.5144,30.6951,31.9824,30.7186,31.7330

1388.3420,31.8884,32.1888,32.1611,32.2469,31.3889,30.7563,32.5124,30.7027,31.9748,30.7295,31.7307

1389.3420,31.8714,32.1478,32.1661,32.2454,31.4357,30.7528,32.5203,30.6997,31.9733,30.7263,31.7299

1390.3420,31.8711,32.1732,32.1709,32.2676,31.4134,30.7422,32.5195,30.6985,31.9792,30.7204,31.7320

1391.3420,31.8858,32.1757,32.1574,32.2451,31.4525,30.7461,32.5224,30.7151,31.9833,30.7306,31.7375

1392.3420,31.8822,32.1758,32.1758,32.2519,31.4386,30.7439,32.5103,30.7021,31.9849,30.7230,31.7351

1393.3420,31.8730,32.1606,32.1635,32.2648,31.4232,30.7483,32.5256,30.6849,31.9770,30.7166,31.7305

1394.3420,31.9028,32.1820,32.1627,32.2402,31.4357,30.7373,32.5174,30.6889,31.9847,30.7131,31.7334

1395.3420,31.8883,32.1669,32.1754,32.2636,31.4621,30.7548,32.5122,30.6993,31.9913,30.7270,31.7403

1396.3420,31.9040,32.1542,32.1499,32.2522,31.4477,30.7591,32.4905,30.6835,31.9816,30.7213,31.7301

1397.3430,31.9001,32.1809,32.1730,32.2635,31.4490,30.7219,32.5178,30.7069,31.9933,30.7144,31.7391

1398.3420,31.8912,32.1979,32.1538,32.2317,31.4584,30.7497,32.5216,30.7097,31.9866,30.7297,31.7393

1399.3420,31.8891,32.1504,32.1631,32.2316,31.4633,30.7617,32.5191,30.6785,31.9795,30.7201,31.7321

1400.3420,31.8772,32.1750,32.1656,32.2716,31.4636,30.7605,32.5193,30.6745,31.9906,30.7175,31.7384

1401.3420,31.9084,32.1763,32.1632,32.2514,31.4573,30.7749,32.4981,30.7199,31.9913,30.7474,31.7437

1402.3420,31.8684,32.1498,32.1465,32.2493,31.4487,30.7855,32.4998,30.6751,31.9725,30.7303,31.7279

1403.3420,31.8745,32.1836,32.1550,32.2591,31.4496,30.7507,32.4960,30.6864,31.9844,30.7186,31.7319

1404.3420,31.8584,32.1607,32.1748,32.2503,31.4369,30.7511,32.5346,30.7168,31.9762,30.7340,31.7355

1405.3420,31.8921,32.1624,32.1540,32.2605,31.4194,30.7609,32.4974,30.7017,31.9777,30.7313,31.7310

1406.3420,31.8693,32.1760,32.1718,32.2525,31.4308,30.7672,32.4988,30.7155,31.9801,30.7413,31.7352

1407.3420,31.8810,32.1724,32.1945,32.2494,31.4177,30.7399,32.5182,30.7066,31.9830,30.7233,31.7350

1408.3420,31.8818,32.1833,32.1627,32.2762,31.4152,30.7407,32.5066,30.7074,31.9838,30.7240,31.7342

1409.3420,31.8729,32.1785,32.1484,32.2507,31.3978,30.7426,32.5190,30.7017,31.9697,30.7222,31.7265

1410.3420,31.8933,32.1619,32.1623,32.2557,31.4154,30.7564,32.4987,30.7071,31.9777,30.7318,31.7314

1411.3420,31.8643,32.1735,32.1669,32.2594,31.4164,30.7438,32.5047,30.7015,31.9761,30.7227,31.7288

1412.3420,31.8768,32.1729,32.1457,32.2513,31.4055,30.7451,32.5093,30.7061,31.9704,30.7256,31.7266

1413.3420,31.8677,32.1918,32.1491,32.2683,31.3945,30.7515,32.5108,30.7045,31.9743,30.7280,31.7298

1414.3420,31.8835,32.1693,32.1627,32.2650,31.3934,30.7565,32.5137,30.6973,31.9748,30.7269,31.7302

1415.3420,31.8742,32.1702,32.1613,32.2612,31.3620,30.7608,32.5282,30.6889,31.9658,30.7249,31.7259

1416.3420,31.8748,32.1952,32.1464,32.2627,31.3588,30.7698,32.5057,30.6839,31.9676,30.7269,31.7247

1417.3420,31.8600,32.1693,32.1716,32.2551,31.3468,30.7592,32.5188,30.6869,31.9606,30.7231,31.7210

1418.3420,31.8907,32.1745,32.1576,32.2538,31.3494,30.7539,32.5216,30.6735,31.9652,30.7137,31.7219

1419.3420,31.8514,32.1892,32.1456,32.2708,31.3764,30.7479,32.5040,30.6854,31.9667,30.7167,31.7213

1420.3420,31.8873,32.1724,32.1583,32.2564,31.3460,30.7815,32.5210,30.6899,31.9641,30.7357,31.7266

1421.3420,31.8603,32.1761,32.1536,32.2596,31.3857,30.7521,32.5097,30.6797,31.9671,30.7159,31.7221

1422.3420,31.8856,32.1959,32.1574,32.2644,31.3519,30.7549,32.5191,30.6877,31.9711,30.7213,31.7271

1423.3420,31.8625,32.1704,32.1497,32.2708,31.3963,30.7303,32.5302,30.6819,31.9699,30.7061,31.7240

1424.3430,31.8928,32.1594,32.1604,32.2505,31.3558,30.7503,32.5239,30.6878,31.9638,30.7191,31.7226

1425.3420,31.8938,32.1755,32.1459,32.2487,31.3751,30.7518,32.5090,30.7039,31.9678,30.7278,31.7255

1426.3420,31.9058,32.1904,32.1491,32.2575,31.3683,30.7511,32.5118,30.7046,31.9742,30.7279,31.7298

1427.3420,31.8753,32.1723,32.1578,32.2610,31.3721,30.7187,32.5382,30.6873,31.9677,30.7030,31.7229

1428.3420,31.8821,32.1883,32.1498,32.2464,31.3741,30.7518,32.5227,30.6907,31.9681,30.7213,31.7257

1429.3420,31.9007,32.1892,32.1611,32.2540,31.3961,30.7498,32.5326,30.6722,31.9802,30.7110,31.7320

1430.3420,31.8782,32.1942,32.1632,32.2589,31.3937,30.7597,32.5333,30.6897,31.9776,30.7247,31.7339

1431.3420,31.8882,32.1778,32.1595,32.2679,31.3605,30.7682,32.5184,30.6921,31.9708,30.7302,31.7291

1432.3420,31.9053,32.2040,32.1581,32.2786,31.3645,30.7337,32.5291,30.7084,31.9821,30.7210,31.7352

1433.3420,31.8826,32.1859,32.1516,32.2746,31.3737,30.7439,32.5387,30.6804,31.9737,30.7122,31.7289

1434.3420,31.8813,32.1820,32.1520,32.2674,31.3762,30.7365,32.5324,30.6810,31.9718,30.7088,31.7261

1435.3420,31.8868,32.1984,32.1365,32.2622,31.3873,30.7438,32.5352,30.6846,31.9742,30.7142,31.7294

1436.3420,31.8573,32.1908,32.1444,32.2471,31.3921,30.7552,32.5455,30.6937,31.9663,30.7244,31.7283

1437.3420,31.8768,32.1921,32.1691,32.2648,31.3463,30.7536,32.5256,30.7075,31.9698,30.7305,31.7295

1438.3420,31.8871,32.1870,32.1579,32.2593,31.3853,30.7380,32.5196,30.6943,31.9753,30.7162,31.7286

1439.3430,31.8670,32.1818,32.1457,32.2761,31.3548,30.7686,32.5243,30.7113,31.9651,30.7400,31.7287

1440.3420,31.8888,32.1869,32.1353,32.2540,31.3687,30.7449,32.5510,30.7068,31.9668,30.7259,31.7296

1441.3420,31.8837,32.2024,32.1536,32.2568,31.3424,30.7370,32.5453,30.6961,31.9678,30.7166,31.7272

1442.3420,31.8802,32.1988,32.1266,32.2645,31.3473,30.7790,32.5310,30.6869,31.9635,30.7330,31.7268

1443.3420,31.8808,32.2087,32.1491,32.2721,31.3146,30.7533,32.5212,30.6932,31.9651,30.7233,31.7241

1444.3420,31.8901,32.2175,32.1462,32.2579,31.2925,30.7448,32.5253,30.6818,31.9609,30.7133,31.7195

1445.3430,31.8937,32.2009,32.1418,32.2793,31.3107,30.7616,32.5040,30.6963,31.9653,30.7289,31.7235

1446.3420,31.8645,32.2067,32.1555,32.2775,31.2950,30.7751,32.5233,30.7084,31.9598,30.7417,31.7257

1447.3420,31.8663,32.2035,32.1345,32.2785,31.2841,30.7637,32.5328,30.6843,31.9534,30.7240,31.7184

1448.3420,31.8794,32.1965,32.1482,32.2566,31.2841,30.7745,32.5404,30.6936,31.9529,30.7340,31.7216

1449.3420,31.8552,32.2093,32.1558,32.2745,31.2947,30.7620,32.5269,30.7216,31.9579,30.7418,31.7250

1450.3430,31.8829,32.1753,32.1523,32.2617,31.2839,30.7559,32.5351,30.7165,31.9512,30.7362,31.7205

1451.3420,31.8659,32.1797,32.1286,32.2670,31.2800,30.7375,32.5353,30.6877,31.9443,30.7126,31.7102

1452.3420,31.8764,32.2003,32.1660,32.2707,31.2746,30.7462,32.5394,30.6921,31.9576,30.7191,31.7207

1453.3420,31.8638,32.2130,32.1492,32.2683,31.2807,30.7490,32.5348,30.6926,31.9550,30.7208,31.7189

1454.3430,31.8661,32.1825,32.1501,32.2881,31.2680,30.7631,32.5362,30.7043,31.9510,30.7337,31.7198

1455.3420,31.8770,32.2020,32.1358,32.2916,31.2672,30.7425,32.5580,30.6937,31.9547,30.7181,31.7210

1456.3420,31.8689,32.1944,32.1437,32.2934,31.2835,30.7607,32.5218,30.6766,31.9568,30.7187,31.7179

1457.3420,31.8573,32.2105,32.1368,32.3024,31.3132,30.7617,32.5412,30.6884,31.9640,30.7251,31.7264

1458.3420,31.8681,32.1918,32.1412,32.2843,31.2672,30.7655,32.5451,30.6955,31.9505,30.7305,31.7198

1459.3420,31.8461,32.2057,32.1503,32.2742,31.2518,30.7642,32.5214,30.6881,31.9456,30.7262,31.7127

1460.3420,31.8745,32.2136,32.1657,32.2797,31.2435,30.7658,32.5340,30.6925,31.9554,30.7291,31.7212

1461.3420,31.8718,32.1961,32.1436,32.2764,31.2395,30.7754,32.5400,30.6852,31.9455,30.7303,31.7160

1462.3420,31.8632,32.2023,32.1389,32.2872,31.2153,30.7568,32.5401,30.6648,31.9414,30.7108,31.7086

1463.3420,31.8671,32.1945,32.1504,32.2803,31.2037,30.7781,32.5463,30.6921,31.9392,30.7351,31.7141

1464.3420,31.8842,32.1981,32.1451,32.2863,31.2025,30.7610,32.5335,30.6740,31.9433,30.7175,31.7106

1465.3420,31.8686,32.2122,32.1217,32.2789,31.2118,30.7533,32.5331,30.6903,31.9386,30.7218,31.7087

1466.3420,31.8673,32.1933,32.1403,32.2830,31.1950,30.7694,32.5302,30.6698,31.9358,30.7196,31.7060

1467.3430,31.8436,32.1928,32.1370,32.2731,31.1793,30.7429,32.5334,30.6879,31.9252,30.7154,31.6988

1468.3420,31.8775,32.2120,32.1308,32.2941,31.1756,30.7580,32.5319,30.6889,31.9380,30.7235,31.7086

1469.3420,31.8778,32.2116,32.1460,32.2848,31.2022,30.7301,32.5447,30.6676,31.9445,30.6988,31.7081

1470.3420,31.8698,32.1898,32.1495,32.2761,31.2022,30.7358,32.5252,30.6841,31.9375,30.7099,31.7041

1471.3420,31.8682,32.2035,32.1369,32.2786,31.1941,30.7370,32.5455,30.6891,31.9362,30.7130,31.7066

1472.3420,31.8699,32.2022,32.1356,32.3036,31.1896,30.7847,32.5391,30.6978,31.9402,30.7412,31.7153

1473.3420,31.8723,32.2107,32.1376,32.2797,31.1812,30.7655,32.5382,30.7143,31.9363,30.7399,31.7124

1474.3420,31.8783,32.2092,32.1257,32.2838,31.1928,30.7499,32.5081,30.6892,31.9380,30.7196,31.7046

1475.3420,31.8585,32.2223,32.1481,32.3002,31.1956,30.7437,32.5657,30.6972,31.9449,30.7205,31.7164

1476.3430,31.8463,32.2186,32.1374,32.2857,31.1847,30.7601,32.5423,30.6835,31.9345,30.7218,31.7073

1477.3420,31.8914,32.2120,32.1500,32.2973,31.2017,30.7399,32.5427,30.6986,31.9505,30.7193,31.7167

1478.3420,31.8810,32.2268,32.1348,32.2727,31.1777,30.7479,32.5556,30.6788,31.9386,30.7133,31.7094

1479.3420,31.8684,32.1969,32.1476,32.2818,31.1909,30.7249,32.5271,30.7174,31.9371,30.7212,31.7069

1480.3420,31.8767,32.2131,32.1343,32.2887,31.1898,30.7431,32.5396,30.6867,31.9405,30.7149,31.7090

1481.3420,31.8641,32.2070,32.1417,32.2839,31.1961,30.7531,32.5250,30.6662,31.9386,30.7097,31.7046

1482.3420,31.8758,32.2274,32.1378,32.2884,31.1866,30.7314,32.5520,30.6854,31.9432,30.7084,31.7106

1483.3420,31.8871,32.2198,32.1377,32.2761,31.1941,30.7300,32.5454,30.6769,31.9429,30.7034,31.7084

1484.3420,31.8781,32.2190,32.1317,32.2964,31.1772,30.7502,32.5417,30.6679,31.9405,30.7091,31.7078

1485.3420,31.9053,32.2139,32.1229,32.3064,31.1983,30.7520,32.5193,30.6877,31.9494,30.7198,31.7132

1486.3420,31.8863,32.2171,32.1505,32.3039,31.1868,30.7363,32.5342,30.6997,31.9489,30.7180,31.7143

1487.3420,31.8914,32.2077,32.1430,32.2870,31.2018,30.7579,32.5389,30.6634,31.9462,30.7107,31.7114

1488.3420,31.8712,32.2225,32.1418,32.2966,31.2327,30.7385,32.5401,30.6812,31.9529,30.7099,31.7156

1489.3420,31.8870,32.2007,32.1491,32.2622,31.1927,30.7384,32.5450,30.6867,31.9383,30.7126,31.7077

1490.3420,31.8728,32.2051,32.1305,32.2848,31.2076,30.7722,32.5461,30.6932,31.9402,30.7327,31.7140

1491.3420,31.8703,32.2165,32.1443,32.3038,31.1797,30.7357,32.5458,30.6784,31.9429,30.7071,31.7093

1492.3420,31.8928,32.2128,32.1311,32.2911,31.1918,30.7536,32.5487,30.6897,31.9439,30.7216,31.7139

1493.3420,31.8748,32.2091,32.1364,32.2809,31.1888,30.7459,32.5375,30.6759,31.9380,30.7109,31.7061

1494.3420,31.8884,32.2145,32.1450,32.2905,31.1851,30.7642,32.5325,30.6834,31.9447,30.7238,31.7130

1495.3420,31.8603,32.2207,32.1310,32.3037,31.1983,30.7469,32.5608,30.6924,31.9428,30.7197,31.7143

1496.3420,31.8886,32.2116,32.1370,32.2914,31.1844,30.7706,32.5339,30.6846,31.9426,30.7276,31.7128

1497.3420,31.8774,32.2233,32.1135,32.2670,31.1868,30.7574,32.5484,30.6907,31.9336,30.7241,31.7081

1498.3420,31.8908,32.1969,32.1373,32.2968,31.1790,30.7487,32.5327,30.7046,31.9401,30.7267,31.7108

1499.3430,31.8679,32.2096,32.1237,32.2992,31.1763,30.7461,32.5450,30.6732,31.9354,30.7096,31.7051

1500.3420,31.8822,32.2241,32.1410,32.2794,31.1550,30.7238,32.5402,30.6881,31.9364,30.7059,31.7042

1501.3420,31.8656,32.2145,32.1263,32.2774,31.1486,30.7545,32.5476,30.6878,31.9265,30.7212,31.7028

1502.3420,31.8684,32.2211,32.1422,32.3027,31.1571,30.7390,32.5452,30.6887,31.9383,30.7139,31.7080

1503.3420,31.8633,32.2167,32.1308,32.3035,31.1309,30.7616,32.5460,30.7010,31.9290,30.7313,31.7067

1504.3420,31.8896,32.2066,32.1283,32.3019,31.1389,30.7565,32.5528,30.6767,31.9330,30.7166,31.7064

1505.3420,31.8826,32.2098,32.1422,32.2924,31.1309,30.7580,32.5354,30.6978,31.9316,30.7279,31.7061

1506.3420,31.8870,32.2171,32.1284,32.3039,31.1198,30.7487,32.5398,30.6989,31.9312,30.7238,31.7054

1507.3420,31.8794,32.2194,32.1359,32.2959,31.1211,30.7430,32.5351,30.6843,31.9303,30.7136,31.7018

1508.3420,31.8783,32.2277,32.1212,32.2784,31.1055,30.7504,32.5425,30.6668,31.9222,30.7086,31.6963

1509.3420,31.8820,32.2164,32.1310,32.2901,31.1040,30.7564,32.5378,30.6807,31.9247,30.7186,31.6998

1510.3420,31.8794,32.2306,32.1279,32.3029,31.0972,30.7392,32.5548,30.6744,31.9276,30.7068,31.7008

1511.3420,31.8692,32.2210,32.1403,32.2924,31.1043,30.7408,32.5339,30.6862,31.9254,30.7135,31.6985

1512.3420,31.8700,32.2143,32.1218,32.3020,31.0850,30.7294,32.5248,30.6923,31.9186,30.7108,31.6924

1513.3420,31.8684,32.2215,32.1263,32.2886,31.0895,30.7320,32.5401,30.6808,31.9189,30.7064,31.6934

1514.3430,31.8831,32.2163,32.1271,32.2998,31.0751,30.7566,32.5531,30.6762,31.9203,30.7164,31.6984

1515.3420,31.8702,32.2049,32.1528,32.2889,31.0951,30.7423,32.5258,30.6685,31.9224,30.7054,31.6936

1516.3430,31.8707,32.2410,32.1157,32.2865,31.0876,30.7409,32.5248,30.6831,31.9203,30.7120,31.6938

1517.3430,31.8713,32.2263,32.1376,32.2943,31.0835,30.7589,32.5242,30.6701,31.9226,30.7145,31.6958

1518.3430,31.8808,32.2387,32.1294,32.3124,31.0944,30.7322,32.5296,30.6622,31.9311,30.6972,31.6974

1519.3420,31.8910,32.2318,32.1093,32.3040,31.0637,30.7377,32.5259,30.6879,31.9200,30.7128,31.6939

1520.3420,31.8839,32.2200,32.1295,32.3003,31.0683,30.7649,32.5348,30.6690,31.9204,30.7170,31.6963

1521.3420,31.8655,32.2254,32.1236,32.2766,31.0903,30.7375,32.5294,30.6774,31.9163,30.7074,31.6907

1522.3420,31.8961,32.2099,32.1170,32.2887,31.0923,30.7395,32.5411,30.6930,31.9208,30.7163,31.6972

1523.3420,31.8563,32.2132,32.1368,32.3094,31.0689,30.7532,32.5144,30.7006,31.9169,30.7269,31.6941

1524.3420,31.8468,32.2434,32.1106,32.2926,31.0637,30.7437,32.5239,30.6751,31.9114,30.7094,31.6875

1525.3420,31.8725,32.2250,32.1293,32.3076,31.0725,30.7403,32.5168,30.6623,31.9214,30.7013,31.6908

1526.3420,31.8774,32.2130,32.1159,32.3073,31.0792,30.7546,32.5353,30.6813,31.9186,30.7180,31.6955

1527.3420,31.8764,32.1928,32.1102,32.2908,31.0768,30.7545,32.5371,30.6916,31.9094,30.7230,31.6913

1528.3420,31.8559,32.2331,32.0909,32.3025,31.0615,30.7473,32.5051,30.6782,31.9088,30.7127,31.6843

1529.3430,31.8616,32.2349,32.1110,32.2964,31.0747,30.7162,32.5323,30.6829,31.9157,30.6995,31.6887

1530.3420,31.8801,32.2165,32.1297,32.2977,31.0571,30.7616,32.5219,30.6850,31.9162,30.7233,31.6937

1531.3420,31.8781,32.2189,32.1143,32.2935,31.0574,30.7215,32.5267,30.6887,31.9125,30.7051,31.6874

1532.3420,31.8574,32.2204,32.1054,32.2945,31.0879,30.7543,32.4896,30.6749,31.9131,30.7146,31.6856

1533.3420,31.8685,32.2096,32.1125,32.2945,31.0591,30.7377,32.5019,30.6978,31.9088,30.7178,31.6852

1534.3420,31.8820,32.2161,32.1101,32.2827,31.0613,30.7536,32.5299,30.6817,31.9104,30.7176,31.6897

1535.3420,31.8558,32.2197,32.1080,32.2952,31.0590,30.7579,32.5162,30.6944,31.9075,30.7262,31.6883

1536.3430,31.8646,32.2218,32.1083,32.2936,31.0862,30.7404,32.5291,30.6963,31.9149,30.7184,31.6925

1537.3420,31.8646,32.2309,32.1024,32.2943,31.0533,30.7489,32.5087,30.6695,31.9091,30.7092,31.6841

1538.3420,31.8734,32.2268,32.1016,32.3132,31.0518,30.7432,32.5153,30.6854,31.9134,30.7143,31.6888

1539.3420,31.8856,32.2425,32.1144,32.2740,31.0377,30.7577,32.5235,30.6976,31.9109,30.7276,31.6916

1540.3420,31.8666,32.2198,32.0978,32.2977,31.0243,30.7420,32.5046,30.6884,31.9013,30.7152,31.6802

1541.3430,31.8623,32.2353,32.1307,32.2897,31.0495,30.7409,32.5107,30.6784,31.9135,30.7097,31.6872

1542.3420,31.8866,32.2110,32.0852,32.2809,31.0129,30.7399,32.5168,30.6690,31.8953,30.7044,31.6753

1543.3420,31.8807,32.2214,32.1130,32.3012,31.0403,30.7387,32.4977,30.6917,31.9113,30.7152,31.6856

1544.3420,31.8741,32.2325,32.1152,32.2798,31.0365,30.7382,32.5059,30.6950,31.9076,30.7166,31.6846

1545.3420,31.8584,32.2241,32.1045,32.3039,31.0221,30.7445,32.5197,30.6792,31.9026,30.7119,31.6821

1546.3420,31.8621,32.2281,32.1047,32.2896,31.0573,30.7459,32.5096,30.6923,31.9084,30.7191,31.6862

1547.3420,31.8724,32.2204,32.1190,32.2973,31.0263,30.7271,32.5103,30.6881,31.9071,30.7076,31.6826

1548.3420,31.8823,32.2318,32.0877,32.3078,31.0344,30.7553,32.5170,30.6755,31.9088,30.7154,31.6865

1549.3420,31.8781,32.2162,32.0787,32.2941,31.0377,30.7431,32.5000,30.7079,31.9010,30.7255,31.6820

1550.3420,31.8636,32.2278,32.0804,32.2869,31.0312,30.7474,32.5031,30.7009,31.8980,30.7242,31.6802

1551.3420,31.8622,32.2171,32.0975,32.3020,31.0442,30.7506,32.5033,30.6806,31.9046,30.7156,31.6822

1552.3420,31.8398,32.2169,32.1128,32.2929,31.0468,30.7484,32.5167,30.7076,31.9018,30.7280,31.6852

1553.3420,31.8462,32.2113,32.0888,32.3051,31.0354,30.7455,32.5190,30.7075,31.8974,30.7265,31.6824

1554.3420,31.8473,32.2197,32.1038,32.2924,31.0115,30.7466,32.5199,30.6812,31.8949,30.7139,31.6778

1555.3420,31.8478,32.2331,32.1144,32.3156,31.0468,30.7335,32.5150,30.6893,31.9115,30.7114,31.6869

1556.3420,31.8716,32.2099,32.1006,32.2831,31.0161,30.7385,32.5083,30.7018,31.8963,30.7202,31.6788

1557.3420,31.8889,32.2167,32.0881,32.2884,31.0231,30.7361,32.4780,30.6840,31.9011,30.7100,31.6754

1558.3420,31.8567,32.2495,32.1092,32.3011,31.0379,30.7518,32.5192,30.6799,31.9109,30.7159,31.6882

1559.3420,31.8651,32.2499,32.1077,32.2931,31.0087,30.7400,32.5168,30.6719,31.9049,30.7059,31.6816

1560.3420,31.8681,32.2136,32.0986,32.3055,31.0117,30.7524,32.4988,30.6777,31.8995,30.7150,31.6783

1561.3420,31.8449,32.1985,32.1033,32.2623,31.0199,30.7324,32.5039,30.6647,31.8858,30.6986,31.6663

1562.3420,31.8494,32.2179,32.0645,32.2977,31.0137,30.7581,32.5065,30.6764,31.8887,30.7172,31.6730

1563.3420,31.8524,32.2113,32.0795,32.2995,31.0204,30.7615,32.5055,30.6873,31.8926,30.7244,31.6772

1564.3420,31.8702,32.2269,32.0908,32.2954,31.0208,30.7418,32.4952,30.6901,31.9008,30.7159,31.6789

1565.3420,31.8560,32.2209,32.0928,32.3072,31.0151,30.7722,32.5225,30.6750,31.8984,30.7236,31.6827

1566.3420,31.8542,32.2283,32.0758,32.2686,31.0316,30.7741,32.5050,30.6820,31.8917,30.7281,31.6774

1567.3420,31.8347,32.2234,32.1042,32.2882,31.0135,30.7504,32.4894,30.6837,31.8928,30.7170,31.6734

1568.3420,31.8432,32.2286,32.0874,32.2727,31.0056,30.7312,32.4983,30.6772,31.8875,30.7042,31.6680

1569.3420,31.8355,32.2295,32.0902,32.2835,31.0204,30.7480,32.4979,30.6690,31.8918,30.7085,31.6718

1570.3420,31.8409,32.2328,32.1094,32.2985,31.0282,30.7604,32.4992,30.6932,31.9020,30.7268,31.6828

1571.3420,31.8341,32.2263,32.0766,32.2812,30.9998,30.7686,32.4872,30.6860,31.8836,30.7273,31.6700

1572.3420,31.8430,32.2340,32.0669,32.2776,31.0251,30.7541,32.4939,30.6906,31.8893,30.7224,31.6732

1573.3420,31.8259,32.2221,32.0908,32.2888,30.9699,30.7623,32.4909,30.7092,31.8795,30.7357,31.6700

1574.3420,31.8248,32.2198,32.1020,32.2972,31.0233,30.7461,32.4947,30.6978,31.8934,30.7220,31.6757

1575.3420,31.8523,32.2276,32.0972,32.2848,31.0212,30.7492,32.5044,30.6787,31.8966,30.7140,31.6769

1576.3420,31.8437,32.2359,32.0844,32.2871,31.0041,30.7213,32.4808,30.6729,31.8910,30.6971,31.6663

1577.3420,31.8302,32.2117,32.0864,32.2760,31.0029,30.7351,32.4847,30.6703,31.8815,30.7027,31.6622

1578.3420,31.8403,32.2435,32.0853,32.2984,31.0088,30.7297,32.4954,30.6874,31.8953,30.7086,31.6736

1579.3420,31.8212,32.2240,32.0522,32.3009,31.0131,30.7458,32.4932,30.6810,31.8823,30.7134,31.6664

1580.3420,31.8686,32.2324,32.0874,32.2925,31.0084,30.7467,32.4900,30.6908,31.8979,30.7188,31.6771

1581.3420,31.8697,32.2244,32.0785,32.2803,31.0283,30.7633,32.4782,30.6910,31.8962,30.7272,31.6767

1582.3420,31.8250,32.2395,32.0828,32.2972,31.0230,30.7271,32.5018,30.6740,31.8935,30.7005,31.6713

1583.3420,31.8619,32.2197,32.0794,32.2924,31.0153,30.7433,32.4965,30.6841,31.8937,30.7137,31.6741

1584.3420,31.8505,32.2282,32.0771,32.2873,31.0208,30.7563,32.4942,30.6816,31.8928,30.7190,31.6745

1585.3420,31.8569,32.2350,32.0816,32.2932,30.9953,30.7482,32.4799,30.6829,31.8924,30.7155,31.6716

1586.3420,31.8333,32.2177,32.0685,32.2853,31.0125,30.7452,32.4814,30.6682,31.8835,30.7067,31.6640

1587.3420,31.8694,32.2359,32.0698,32.2810,31.0106,30.7504,32.4696,30.6963,31.8934,30.7234,31.6729

1588.3420,31.8354,32.2020,32.0673,32.2710,31.0029,30.7248,32.4816,30.6684,31.8757,30.6966,31.6567

1589.3420,31.8662,32.2269,32.0622,32.2921,31.0117,30.7500,32.4905,30.6626,31.8918,30.7063,31.6703

1590.3420,31.8572,32.2353,32.0781,32.2658,31.0102,30.7537,32.4666,30.6710,31.8893,30.7123,31.6672

1591.3420,31.8422,32.2455,32.0615,32.2797,30.9796,30.7537,32.4674,30.6790,31.8817,30.7163,31.6636

1592.3420,31.8597,32.2463,32.0727,32.2932,30.9990,30.7420,32.4748,30.6720,31.8942,30.7070,31.6700

1593.3420,31.8650,32.2389,32.0766,32.2929,30.9954,30.7412,32.4679,30.6712,31.8937,30.7062,31.6686

1594.3420,31.8431,32.2308,32.0816,32.2932,30.9852,30.7428,32.4846,30.6803,31.8868,30.7116,31.6677

1595.3420,31.8262,32.2180,32.0810,32.2884,31.0003,30.7424,32.4901,30.6733,31.8828,30.7078,31.6650

1596.3420,31.8452,32.2305,32.0818,32.2798,31.0028,30.7604,32.4829,30.6655,31.8880,30.7130,31.6686

1597.3420,31.8589,32.2432,32.0696,32.2793,31.0151,30.7276,32.4703,30.6722,31.8932,30.6999,31.6670

1598.3420,31.8455,32.2335,32.0688,32.2748,30.9961,30.7462,32.4995,30.6955,31.8838,30.7209,31.6700

1599.3420,31.8425,32.2364,32.0562,32.2659,30.9865,30.7573,32.4812,30.6732,31.8775,30.7152,31.6624

1600.3420,31.8594,32.2264,32.0655,32.2766,31.0011,30.7300,32.4732,30.6957,31.8858,30.7129,31.6660

1601.3420,31.8708,32.2358,32.0716,32.2823,30.9998,30.7593,32.4727,30.6709,31.8920,30.7151,31.6704

1602.3420,31.8359,32.2326,32.0810,32.2851,30.9959,30.7451,32.4835,30.6737,31.8861,30.7094,31.6666

1603.3420,31.8407,32.2334,32.0748,32.2822,30.9838,30.7452,32.4778,30.6808,31.8830,30.7130,31.6648

1604.3420,31.8605,32.2395,32.0664,32.2831,31.0144,30.7349,32.4614,30.6987,31.8928,30.7168,31.6699

1605.3420,31.8476,32.2367,32.0537,32.2841,30.9954,30.7384,32.4713,30.6914,31.8835,30.7149,31.6648

1606.3420,31.8819,32.2407,32.0793,32.2844,31.0034,30.7511,32.4786,30.6919,31.8979,30.7215,31.6764

1607.3420,31.8535,32.2400,32.0650,32.2935,31.0084,30.7317,32.4783,30.6809,31.8921,30.7063,31.6689

1608.3420,31.8567,32.2414,32.0565,32.2939,30.9975,30.7485,32.4778,30.6705,31.8892,30.7095,31.6679

1609.3420,31.8701,32.2370,32.0582,32.2895,31.0109,30.7407,32.4772,30.6717,31.8931,30.7062,31.6694

1610.3420,31.8776,32.2229,32.0658,32.2882,30.9695,30.7398,32.4688,30.6932,31.8848,30.7165,31.6657

1611.3420,31.8568,32.2428,32.0649,32.2775,30.9919,30.7274,32.4933,30.6893,31.8868,30.7084,31.6680

1612.3420,31.8704,32.2323,32.0573,32.2722,30.9971,30.7312,32.4786,30.6917,31.8858,30.7115,31.6663

1613.3420,31.8633,32.2370,32.0714,32.2844,30.9693,30.7485,32.4772,30.6761,31.8850,30.7123,31.6659

1614.3420,31.8699,32.2547,32.0436,32.3003,30.9942,30.7565,32.4959,30.6776,31.8925,30.7170,31.6741

1615.3430,31.8509,32.2298,32.0623,32.2912,30.9738,30.7361,32.4667,30.6755,31.8816,30.7058,31.6608

1616.3420,31.8558,32.2574,32.0501,32.2837,30.9581,30.7551,32.4775,30.6917,31.8810,30.7234,31.6662

1617.3420,31.8553,32.2210,32.0408,32.2801,30.9528,30.7391,32.4879,30.6780,31.8700,30.7085,31.6569

1618.3430,31.8561,32.2371,32.0710,32.2836,30.9710,30.7342,32.4731,30.6980,31.8838,30.7161,31.6655

1619.3420,31.8565,32.2430,32.0511,32.2913,30.9634,30.7238,32.4925,30.6853,31.8810,30.7045,31.6633

1620.3430,31.8638,32.2526,32.0687,32.2995,30.9543,30.7293,32.4731,30.6884,31.8878,30.7088,31.6662

1621.3420,31.8453,32.2343,32.0381,32.2727,30.9658,30.7544,32.4669,30.6886,31.8712,30.7215,31.6583

1622.3420,31.8618,32.2391,32.0655,32.2884,30.9424,30.7446,32.4812,30.6676,31.8795,30.7061,31.6613

1623.3420,31.8682,32.2403,32.0629,32.2768,30.9315,30.7440,32.4612,30.6839,31.8759,30.7140,31.6586

1624.3420,31.8590,32.2474,32.0396,32.3037,30.9467,30.7573,32.4520,30.6878,31.8793,30.7226,31.6617

1625.3420,31.8588,32.2499,32.0556,32.2771,30.9310,30.7463,32.4807,30.6947,31.8745,30.7205,31.6618

1626.3420,31.8418,32.2338,32.0550,32.2967,30.9394,30.7632,32.4838,30.6725,31.8733,30.7178,31.6608

1627.3420,31.8565,32.2415,32.0524,32.2856,30.9597,30.7497,32.4770,30.6905,31.8791,30.7201,31.6641

1628.3420,31.8488,32.2479,32.0391,32.2774,30.9290,30.7444,32.4702,30.6992,31.8684,30.7218,31.6570

1629.3420,31.8489,32.2273,32.0284,32.2855,30.9432,30.7449,32.4675,30.6918,31.8667,30.7184,31.6547

1630.3420,31.8580,32.2557,32.0352,32.2843,30.9321,30.7376,32.4598,30.6948,31.8730,30.7162,31.6572

1631.3420,31.8473,32.2378,32.0497,32.2753,30.9312,30.7691,32.4728,30.6916,31.8683,30.7304,31.6594

1632.3430,31.8861,32.2297,32.0462,32.2724,30.9504,30.7521,32.4591,30.6746,31.8770,30.7133,31.6588

1633.3420,31.8398,32.2378,32.0539,32.2871,30.9349,30.7169,32.4789,30.6916,31.8707,30.7043,31.6551

1634.3420,31.8539,32.2425,32.0487,32.2707,30.9199,30.7654,32.4757,30.6869,31.8671,30.7261,31.6580

1635.3420,31.8295,32.2522,32.0208,32.2850,30.9359,30.7438,32.4787,30.6865,31.8647,30.7151,31.6540

1636.3420,31.8541,32.2550,32.0214,32.2635,30.9009,30.7473,32.4675,30.6947,31.8590,30.7210,31.6506

1637.3420,31.8221,32.2484,32.0222,32.2732,30.9215,30.7448,32.4801,30.6748,31.8575,30.7098,31.6484

1638.3420,31.8497,32.2374,32.0351,32.2688,30.9040,30.7345,32.4574,30.6828,31.8590,30.7086,31.6462

1639.3420,31.8544,32.2314,32.0418,32.2896,30.8998,30.7349,32.4603,30.6879,31.8634,30.7114,31.6500

1640.3420,31.8439,32.2490,32.0459,32.2781,30.9048,30.7582,32.4695,30.7047,31.8644,30.7315,31.6568

1641.3420,31.8386,32.2404,32.0503,32.2859,30.9220,30.7224,32.4646,30.6904,31.8674,30.7064,31.6518

1642.3420,31.8446,32.2351,32.0409,32.2717,30.9144,30.7340,32.4706,30.6983,31.8613,30.7162,31.6512

1643.3420,31.8500,32.2343,32.0461,32.2990,30.9001,30.7408,32.4505,30.7014,31.8659,30.7211,31.6528

1644.3420,31.8420,32.2708,32.0376,32.2792,30.8887,30.7455,32.4716,30.6708,31.8637,30.7081,31.6508

1645.3420,31.8514,32.2506,32.0315,32.2835,30.9113,30.7657,32.4505,30.6910,31.8657,30.7283,31.6544

1646.3420,31.8273,32.2576,32.0371,32.2871,30.9065,30.7416,32.4556,30.6838,31.8631,30.7127,31.6496

1647.3420,31.8480,32.2733,32.0129,32.3000,30.9272,30.7209,32.4604,30.6716,31.8723,30.6963,31.6518

1648.3420,31.8468,32.2445,32.0498,32.2614,30.9020,30.7254,32.4552,30.6972,31.8609,30.7113,31.6478

1649.3420,31.8488,32.2320,32.0410,32.2817,30.8872,30.7251,32.4591,30.6969,31.8582,30.7110,31.6465

1650.3420,31.8404,32.2458,32.0468,32.2631,30.8881,30.7547,32.4564,30.6739,31.8568,30.7143,31.6461

1651.3420,31.8242,32.2485,32.0444,32.2846,30.9175,30.7516,32.4615,30.6821,31.8638,30.7169,31.6518

1652.3420,31.8375,32.2533,32.0440,32.2861,30.9007,30.7570,32.4428,30.7128,31.8643,30.7349,31.6543

1653.3420,31.8502,32.2542,32.0458,32.2786,30.9195,30.7471,32.4676,30.6884,31.8697,30.7178,31.6564

1654.3420,31.8320,32.2609,32.0301,32.2891,30.9187,30.7416,32.4687,30.6791,31.8662,30.7103,31.6525

1655.3420,31.8630,32.2386,32.0284,32.2808,30.9056,30.7468,32.4394,30.7021,31.8633,30.7245,31.6506

1656.3420,31.8433,32.2592,32.0321,32.2789,30.9131,30.7486,32.4534,30.6918,31.8653,30.7202,31.6526

1657.3420,31.8380,32.2374,32.0474,32.2811,30.8960,30.7494,32.4607,30.6860,31.8600,30.7177,31.6495

1658.3420,31.8343,32.2486,32.0342,32.2707,30.9074,30.7368,32.4583,30.7035,31.8590,30.7201,31.6492

1659.3420,31.8455,32.2504,32.0402,32.2781,30.9134,30.7570,32.4517,30.7086,31.8655,30.7328,31.6556

1660.3420,31.8553,32.2418,32.0330,32.2733,30.9106,30.7405,32.4393,30.6832,31.8628,30.7119,31.6471

1661.3420,31.8328,32.2503,32.0382,32.2995,30.9092,30.7541,32.4520,30.6827,31.8660,30.7184,31.6523

1662.3430,31.8502,32.2630,32.0308,32.2752,30.8839,30.7462,32.4521,30.6908,31.8606,30.7185,31.6490

1663.3420,31.8471,32.2492,32.0310,32.2816,30.9104,30.7370,32.4401,30.6835,31.8639,30.7103,31.6475

1664.3420,31.8248,32.2508,32.0153,32.2888,30.9022,30.7490,32.4404,30.7133,31.8564,30.7312,31.6481

1665.3420,31.8305,32.2397,32.0454,32.2894,30.8937,30.7669,32.4452,30.6964,31.8597,30.7316,31.6509

1666.3420,31.8353,32.2527,32.0369,32.2865,30.9154,30.7496,32.4497,30.6561,31.8653,30.7028,31.6478

1667.3420,31.8400,32.2350,32.0286,32.2815,30.8939,30.7539,32.4527,30.6684,31.8558,30.7111,31.6442

1668.3420,31.8379,32.2400,32.0139,32.2884,30.9077,30.7419,32.4652,30.6803,31.8576,30.7111,31.6469

1669.3420,31.8205,32.2461,32.0208,32.2841,30.8903,30.7427,32.4487,30.6817,31.8523,30.7122,31.6418

1670.3420,31.8295,32.2501,32.0319,32.2773,30.8988,30.7208,32.4636,30.6813,31.8576,30.7011,31.6442

1671.3420,31.8407,32.2610,32.0344,32.2723,30.9077,30.7550,32.4449,30.7108,31.8632,30.7329,31.6533

1672.3420,31.8361,32.2668,32.0078,32.2776,30.9266,30.7580,32.4502,30.6809,31.8630,30.7194,31.6505

1673.3420,31.8293,32.2467,32.0309,32.2669,30.8868,30.7450,32.4391,30.6745,31.8521,30.7097,31.6399

1674.3420,31.8452,32.2708,32.0390,32.2882,30.9043,30.7511,32.4434,30.6698,31.8695,30.7105,31.6515

1675.3420,31.8491,32.2452,32.0340,32.2700,30.9260,30.7310,32.4455,30.6854,31.8649,30.7082,31.6483

1676.3430,31.8184,32.2428,32.0157,32.2930,30.9239,30.7308,32.4520,30.6862,31.8588,30.7085,31.6454

1677.3420,31.8338,32.2607,32.0209,32.2790,30.9102,30.7298,32.4446,30.6974,31.8609,30.7136,31.6470

1678.3420,31.8501,32.2545,32.0105,32.2793,30.9081,30.7343,32.4440,30.7038,31.8605,30.7190,31.6481

1679.3430,31.8259,32.2710,32.0238,32.2954,30.9244,30.7313,32.4441,30.6749,31.8681,30.7031,31.6488

1680.3420,31.8222,32.2613,32.0197,32.2838,30.9225,30.7445,32.4396,30.6712,31.8619,30.7078,31.6456

1681.3420,31.8363,32.2536,32.0073,32.2855,30.9028,30.7454,32.4282,30.6895,31.8571,30.7174,31.6436

1682.3420,31.8436,32.2569,32.0209,32.2822,30.9181,30.7452,32.4417,30.7062,31.8643,30.7257,31.6518

1683.3420,31.8079,32.2487,32.0108,32.2867,30.9124,30.7301,32.4532,30.6935,31.8533,30.7118,31.6429

1684.3420,31.8235,32.2620,32.0161,32.2840,30.9163,30.7533,32.4356,30.6861,31.8604,30.7197,31.6471

1685.3420,31.8183,32.2455,32.0076,32.2709,30.8938,30.7599,32.4416,30.6988,31.8472,30.7293,31.6421

1686.3420,31.8072,32.2522,32.0096,32.2794,30.8948,30.7304,32.4281,30.7022,31.8486,30.7163,31.6380

1687.3430,31.8354,32.2477,32.0281,32.2918,30.8718,30.7327,32.4546,30.6975,31.8550,30.7151,31.6450

1688.3420,31.8184,32.2635,31.9947,32.2912,30.8929,30.7680,32.4296,30.6829,31.8522,30.7254,31.6427

1689.3420,31.8066,32.2727,32.0184,32.2704,30.9065,30.7496,32.4392,30.6838,31.8549,30.7167,31.6434

1690.3420,31.8349,32.2463,32.0117,32.2927,30.9127,30.7440,32.4569,30.6933,31.8596,30.7186,31.6491

1691.3420,31.8170,32.2510,32.0168,32.2782,30.9093,30.7458,32.4335,30.6706,31.8544,30.7082,31.6403

1692.3420,31.8453,32.2493,32.0152,32.2840,30.9119,30.7639,32.4299,30.6600,31.8611,30.7120,31.6449

1693.3420,31.8286,32.2469,32.0058,32.2817,30.8984,30.7528,32.4407,30.6724,31.8523,30.7126,31.6409

1694.3420,31.8280,32.2395,31.9880,32.2724,30.9138,30.7648,32.4136,30.6751,31.8483,30.7200,31.6369

1695.3420,31.8120,32.2437,31.9861,32.2831,30.9142,30.7545,32.4262,30.6826,31.8479,30.7186,31.6378

1696.3420,31.8255,32.2652,32.0278,32.2680,30.9235,30.7633,32.4298,30.6839,31.8620,30.7236,31.6484

1697.3420,31.8088,32.2571,31.9976,32.2764,30.9016,30.7630,32.4326,30.6822,31.8483,30.7226,31.6399

1698.3420,31.8204,32.2606,31.9912,32.2995,30.9090,30.7497,32.4393,30.6591,31.8562,30.7044,31.6411

1699.3430,31.7977,32.2512,32.0217,32.2704,30.9492,30.7557,32.4412,30.6913,31.8581,30.7235,31.6473

1700.3430,31.8238,32.2441,31.9992,32.2915,30.9138,30.7272,32.4252,30.6652,31.8545,30.6962,31.6362

1701.3420,31.8293,32.2506,31.9897,32.2642,30.9081,30.7497,32.4298,30.6802,31.8484,30.7150,31.6377

1702.3420,31.8259,32.2546,31.9763,32.2757,30.9272,30.7426,32.4385,30.6899,31.8519,30.7163,31.6413

1703.3420,31.8093,32.2716,31.9901,32.2782,30.8908,30.7447,32.4457,30.6818,31.8480,30.7133,31.6390

1704.3420,31.8123,32.2673,31.9975,32.2851,30.9201,30.7547,32.4282,30.6749,31.8564,30.7148,31.6425

1705.3420,31.8104,32.2558,32.0020,32.2812,30.8919,30.7359,32.4195,30.6762,31.8482,30.7061,31.6341

1706.3420,31.8173,32.2489,32.0064,32.2841,30.9134,30.7321,32.4352,30.6917,31.8540,30.7119,31.6411

1707.3430,31.8056,32.2722,31.9836,32.2853,30.8820,30.7575,32.4341,30.6889,31.8458,30.7232,31.6387

1708.3420,31.8395,32.2574,31.9960,32.2897,30.9159,30.7482,32.4262,30.6941,31.8597,30.7211,31.6459

1709.3420,31.8072,32.2606,31.9955,32.2850,30.9103,30.7680,32.4277,30.6905,31.8517,30.7292,31.6431

1710.3420,31.8439,32.2723,31.9987,32.2784,30.9245,30.7526,32.4388,30.7098,31.8636,30.7312,31.6524

1711.3420,31.7953,32.2521,31.9823,32.2863,30.8829,30.7302,32.4243,30.6729,31.8398,30.7016,31.6283

1712.3420,31.8202,32.2564,31.9890,32.2869,30.9262,30.7655,32.4230,30.6941,31.8557,30.7298,31.6452

1713.3420,31.8130,32.2706,31.9956,32.2767,30.9006,30.7545,32.4409,30.6727,31.8513,30.7136,31.6406

1714.3420,31.8168,32.2530,31.9771,32.2821,30.8851,30.7442,32.4172,30.6700,31.8428,30.7071,31.6307

1715.3420,31.8239,32.2498,31.9842,32.3028,30.8852,30.7349,32.4360,30.6968,31.8492,30.7159,31.6392

1716.3420,31.8132,32.2569,31.9922,32.2653,30.8816,30.7420,32.4309,30.6795,31.8418,30.7108,31.6327

1717.3420,31.8068,32.2674,31.9798,32.2998,30.8930,30.7502,32.4311,30.6877,31.8494,30.7190,31.6395

1718.3420,31.8165,32.2532,31.9656,32.2846,30.9309,30.7641,32.4347,30.6758,31.8502,30.7200,31.6407

1719.3420,31.8120,32.2450,31.9789,32.2797,30.8940,30.7418,32.4204,30.7117,31.8419,30.7268,31.6354

1720.3420,31.8316,32.2569,31.9861,32.2625,30.9098,30.7496,32.4361,30.6824,31.8494,30.7160,31.6394

1721.3420,31.7987,32.2492,31.9930,32.2900,30.9046,30.7581,32.3862,30.6852,31.8471,30.7216,31.6331

1722.3420,31.8140,32.2547,31.9760,32.2740,30.9035,30.7518,32.4034,30.6902,31.8444,30.7210,31.6335

1723.3430,31.8247,32.2596,31.9738,32.2849,30.9250,30.7554,32.4153,30.6883,31.8536,30.7218,31.6409

1724.3420,31.8100,32.2515,31.9953,32.2857,30.8868,30.7449,32.4335,30.6773,31.8458,30.7111,31.6356

1725.3420,31.7974,32.2577,31.9588,32.2859,30.8959,30.7563,32.4177,30.6746,31.8391,30.7155,31.6305

1726.3420,31.8312,32.2533,31.9943,32.2739,30.8883,30.7422,32.4208,30.6858,31.8482,30.7140,31.6362

1727.3420,31.7973,32.2764,31.9874,32.2858,30.8939,30.7553,32.4275,30.6938,31.8482,30.7245,31.6397

1728.3420,31.8094,32.2433,31.9604,32.2912,30.8843,30.7579,32.4024,30.6663,31.8377,30.7121,31.6269

1729.3430,31.8430,32.2393,31.9733,32.2891,30.8949,30.7455,32.4373,30.6760,31.8479,30.7107,31.6373

1730.3430,31.7989,32.2719,31.9688,32.2649,30.9157,30.7404,32.4268,30.6699,31.8440,30.7052,31.6322

1731.3420,31.8186,32.2504,31.9576,32.2795,30.8767,30.7376,32.4193,30.6916,31.8366,30.7146,31.6289

1732.3420,31.8104,32.2435,31.9798,32.2689,30.9027,30.7698,32.4120,30.6579,31.8411,30.7139,31.6306

1733.3420,31.8180,32.2497,31.9724,32.2647,30.9174,30.7516,32.4026,30.6731,31.8444,30.7123,31.6312

1734.3430,31.8043,32.2613,31.9581,32.2857,30.8891,30.7486,32.4161,30.6758,31.8397,30.7122,31.6299

1735.3420,31.7975,32.2531,31.9725,32.2705,30.8964,30.7451,32.4046,30.6986,31.8380,30.7218,31.6298

1736.3420,31.8216,32.2569,31.9627,32.2630,30.8993,30.7462,32.4155,30.6771,31.8407,30.7117,31.6303

1737.3420,31.8111,32.2492,31.9479,32.2581,30.9010,30.7610,32.4026,30.6779,31.8335,30.7195,31.6261

1738.3420,31.8082,32.2514,31.9858,32.2969,30.8977,30.7582,32.4104,30.6873,31.8480,30.7227,31.6370

1739.3420,31.7998,32.2554,31.9786,32.2840,30.8832,30.7465,32.4163,30.6741,31.8402,30.7103,31.6297

1740.3420,31.8240,32.2496,31.9427,32.2782,30.8750,30.7252,32.4007,30.6660,31.8339,30.6956,31.6202

1741.3420,31.8031,32.2524,31.9610,32.2904,30.9068,30.7475,32.4147,30.6883,31.8427,30.7179,31.6330

1742.3430,31.7799,32.2412,31.9784,32.2816,30.8853,30.7641,32.3951,30.6833,31.8333,30.7237,31.6261

1743.3420,31.8121,32.2431,31.9489,32.2642,30.8757,30.7653,32.3956,30.6822,31.8288,30.7238,31.6234

1744.3420,31.7986,32.2593,31.9604,32.2757,30.8923,30.7640,32.4113,30.6799,31.8373,30.7220,31.6302

1745.3420,31.7953,32.2449,31.9629,32.2801,30.8768,30.7528,32.4124,30.6677,31.8320,30.7103,31.6241

1746.3420,31.8021,32.2441,31.9335,32.2784,30.8893,30.7469,32.3919,30.6652,31.8295,30.7061,31.6189

1747.3420,31.8054,32.2602,31.9467,32.2550,30.8804,30.7427,32.4028,30.6619,31.8295,30.7023,31.6194

1748.3420,31.8140,32.2341,31.9611,32.2693,30.8923,30.7330,32.4124,30.6874,31.8342,30.7102,31.6255

1749.3420,31.8178,32.2384,31.9616,32.2699,30.8773,30.7519,32.3792,30.6743,31.8330,30.7131,31.6213

1750.3420,31.8057,32.2292,31.9617,32.2733,30.8938,30.7703,32.4060,30.6711,31.8327,30.7207,31.6264

1751.3420,31.8007,32.2447,31.9608,32.2827,30.8751,30.7676,32.3953,30.6698,31.8328,30.7187,31.6246

1752.3420,31.7970,32.2351,31.9568,32.2665,30.8832,30.7691,32.4030,30.6685,31.8277,30.7188,31.6224

1753.3420,31.8052,32.2448,31.9567,32.2753,30.8806,30.7368,32.3916,30.6565,31.8325,30.6967,31.6184

1754.3420,31.8096,32.2396,31.9477,32.2527,30.9085,30.7431,32.3921,30.6586,31.8316,30.7008,31.6190

1755.3420,31.7893,32.2429,31.9328,32.2631,30.9023,30.7501,32.3898,30.6815,31.8261,30.7158,31.6190

1756.3420,31.7975,32.2570,31.9553,32.2542,30.9114,30.7319,32.3879,30.6600,31.8351,30.6960,31.6194

1757.3420,31.7772,32.2513,31.9397,32.2766,30.8874,30.7474,32.4056,30.6666,31.8265,30.7070,31.6190

1758.3420,31.7801,32.2318,31.9442,32.2797,30.9180,30.7409,32.3890,30.6544,31.8307,30.6976,31.6172

1759.3420,31.8058,32.2128,31.9566,32.2648,30.9047,30.7445,32.3981,30.6571,31.8289,30.7008,31.6180

1760.3420,31.7878,32.2596,31.9522,32.2544,30.8998,30.7312,32.3919,30.6541,31.8308,30.6926,31.6164

1761.3420,31.8027,32.2400,31.9467,32.2541,30.9026,30.7400,32.3976,30.6526,31.8292,30.6963,31.6171

1762.3420,31.7991,32.2218,31.9426,32.2696,30.8895,30.7345,32.3916,30.6711,31.8245,30.7028,31.6150

1763.3420,31.7859,32.2321,31.9505,32.2550,30.9125,30.7142,32.3972,30.6517,31.8272,30.6830,31.6124

1764.3420,31.8112,32.2494,31.9491,32.2597,30.8908,30.7640,32.3864,30.6625,31.8320,30.7132,31.6216

1765.3420,31.8038,32.2481,31.9388,32.2631,30.8962,30.7393,32.3771,30.6655,31.8300,30.7024,31.6165

1766.3430,31.7970,32.2234,31.9339,32.2788,30.9090,30.7183,32.3881,30.6441,31.8284,30.6812,31.6116

1767.3420,31.8086,32.2538,31.9319,32.2679,30.8859,30.7323,32.3673,30.6543,31.8296,30.6933,31.6128

1768.3420,31.7829,32.2352,31.9320,32.2727,30.9081,30.7235,32.3820,30.6708,31.8262,30.6971,31.6134

1769.3420,31.8015,32.2265,31.9300,32.2650,30.9159,30.7266,32.3907,30.6702,31.8278,30.6984,31.6158

1770.3420,31.7853,32.2334,31.9284,32.2625,30.9016,30.7174,32.3868,30.6493,31.8222,30.6834,31.6081

1771.3420,31.7965,32.2624,31.9241,32.2634,30.8846,30.7328,32.3825,30.6529,31.8262,30.6929,31.6124

1772.3420,31.7817,32.2384,31.9320,32.2802,30.8848,30.7340,32.3876,30.6687,31.8234,30.7013,31.6134

1773.3430,31.8077,32.2400,31.9251,32.2541,30.8841,30.7441,32.3873,30.6605,31.8222,30.7023,31.6129

1774.3420,31.8011,32.2297,31.9350,32.2724,30.8859,30.7144,32.3760,30.6698,31.8248,30.6921,31.6105

1775.3420,31.7777,32.2547,31.9197,32.2562,30.8751,30.7070,32.3655,30.6360,31.8167,30.6715,31.5990

1776.3420,31.8062,32.2518,31.9206,32.2598,30.8924,30.7153,32.3804,30.6542,31.8262,30.6847,31.6101

1777.3420,31.8137,32.2594,31.9155,32.2641,30.8582,30.7417,32.3898,30.6580,31.8222,30.6998,31.6126

1778.3420,31.8103,32.2308,31.9286,32.2806,30.8839,30.7171,32.3805,30.6630,31.8268,30.6901,31.6119

1779.3420,31.8060,32.2435,31.9173,32.2702,30.8669,30.7301,32.3744,30.6611,31.8208,30.6956,31.6087

1780.3420,31.7737,32.2287,31.9199,32.2681,30.8501,30.7312,32.3450,30.6476,31.8081,30.6894,31.5955

1781.3420,31.7957,32.2474,31.9128,32.2544,30.8796,30.7184,32.3829,30.6602,31.8180,30.6893,31.6064

1782.3420,31.8094,32.2272,31.9189,32.2572,30.8463,30.7519,32.4007,30.6570,31.8118,30.7044,31.6086

1783.3420,31.8200,32.2445,31.9203,32.2590,30.8696,30.7282,32.3763,30.6605,31.8227,30.6943,31.6098

1784.3420,31.7892,32.2420,31.9323,32.2598,30.8655,30.7213,32.3860,30.6612,31.8178,30.6912,31.6072

1785.3420,31.8072,32.2529,31.9385,32.2473,30.8634,30.7093,32.3819,30.6534,31.8219,30.6813,31.6067

1786.3420,31.8139,32.2221,31.9157,32.2521,30.8461,30.7089,32.3840,30.6361,31.8100,30.6725,31.5974

1787.3420,31.8082,32.2320,31.9265,32.2536,30.8334,30.7319,32.3695,30.6614,31.8107,30.6966,31.6021

1788.3420,31.7897,32.2203,31.9247,32.2593,30.8590,30.7176,32.3855,30.6425,31.8106,30.6800,31.5998

1789.3420,31.7838,32.2483,31.9489,32.2713,30.8372,30.7357,32.3797,30.6765,31.8179,30.7061,31.6102

1790.3420,31.8099,32.2484,31.9101,32.2503,30.8656,30.7111,32.3657,30.6786,31.8169,30.6949,31.6050

1791.3420,31.7875,32.2464,31.9226,32.2478,30.8549,30.7412,32.3698,30.6567,31.8119,30.6989,31.6034

1792.3430,31.8006,32.2199,31.8989,32.2522,30.8502,30.7158,32.3751,30.6440,31.8044,30.6799,31.5946

1793.3420,31.8050,32.2345,31.9136,32.2561,30.8743,30.7225,32.3650,30.6680,31.8167,30.6953,31.6049

1794.3420,31.8021,32.2233,31.8873,32.2514,30.8526,30.7361,32.3626,30.6628,31.8034,30.6995,31.5973

1795.3420,31.8140,32.2449,31.8902,32.2595,30.8744,30.7099,32.3697,30.6611,31.8166,30.6855,31.6030

1796.3430,31.8050,32.2294,31.9155,32.2651,30.8565,30.7263,32.3927,30.6700,31.8143,30.6981,31.6076

1797.3420,31.8031,32.2407,31.9061,32.2510,30.8799,30.7347,32.3622,30.6393,31.8161,30.6870,31.6021

1798.3420,31.8174,32.2289,31.9131,32.2735,30.8660,30.7068,32.3575,30.6410,31.8198,30.6739,31.6005

1799.3420,31.8068,32.2444,31.9113,32.2519,30.8521,30.7253,32.3687,30.6440,31.8133,30.6846,31.6006

1800.3420,31.7832,32.2208,31.9097,32.2565,30.8670,30.7397,32.3653,30.6599,31.8074,30.6998,31.6003

1801.3420,31.8054,32.2227,31.9032,32.2673,30.8850,30.7291,32.3569,30.6473,31.8167,30.6882,31.6021

1802.3420,31.7963,32.2198,31.8848,32.2569,30.8665,30.7213,32.3671,30.6339,31.8048,30.6776,31.5933

1803.3420,31.7757,32.2278,31.9134,32.2587,30.8755,30.7336,32.3465,30.6500,31.8102,30.6918,31.5976

1804.3420,31.7861,32.2130,31.9023,32.2683,30.8573,30.7286,32.3673,30.6637,31.8054,30.6962,31.5983

1805.3430,31.7940,32.2341,31.8976,32.2543,30.8755,30.7350,32.3669,30.6185,31.8111,30.6767,31.5970

1806.3420,31.7620,32.2245,31.9012,32.2569,30.8778,30.7265,32.3310,30.6396,31.8045,30.6831,31.5900

1807.3420,31.7759,32.2153,31.9037,32.2491,30.9096,30.7226,32.3682,30.6427,31.8107,30.6826,31.5984

1808.3420,31.7889,32.2463,31.8944,32.2674,30.8742,30.7196,32.3486,30.6477,31.8143,30.6837,31.5984

1809.3420,31.7754,32.2410,31.8882,32.2396,30.8964,30.7287,32.3391,30.6577,31.8081,30.6932,31.5958

1810.3420,31.7644,32.2177,31.9033,32.2641,30.8816,30.7238,32.3491,30.6439,31.8062,30.6838,31.5935

1811.3420,31.7781,32.2244,31.8983,32.2634,30.8728,30.7163,32.3394,30.6552,31.8074,30.6858,31.5935

1812.3420,31.7742,32.2151,31.9012,32.2597,30.8656,30.7040,32.3540,30.6650,31.8032,30.6845,31.5923

1813.3420,31.7747,32.2374,31.8822,32.2370,30.8590,30.7218,32.3772,30.6697,31.7981,30.6957,31.5949

1814.3420,31.7569,32.2271,31.8869,32.2548,30.8699,30.7144,32.3556,30.6533,31.7991,30.6838,31.5899

1815.3420,31.7873,32.2356,31.8856,32.2633,30.8942,30.7166,32.3571,30.6316,31.8132,30.6741,31.5964

1816.3420,31.7989,32.2293,31.8910,32.2570,30.8621,30.7156,32.3673,30.6427,31.8077,30.6791,31.5955

1817.3420,31.7823,32.2372,31.8890,32.2606,30.8497,30.7088,32.3399,30.6275,31.8038,30.6682,31.5869

1818.3420,31.7749,32.2397,31.8859,32.2369,30.8686,30.7075,32.3391,30.6445,31.8012,30.6760,31.5871

1819.3420,31.7559,32.2253,31.8814,32.2572,30.8623,30.7138,32.3478,30.6283,31.7964,30.6710,31.5840

1820.3420,31.7714,32.2266,31.8967,32.2397,30.8538,30.7016,32.3363,30.6395,31.7976,30.6706,31.5832

1821.3420,31.7911,32.2259,31.8913,32.2414,30.8609,30.7054,32.3422,30.6368,31.8021,30.6711,31.5869

1822.3420,31.7938,32.2287,31.8754,32.2545,30.8650,30.6987,32.3502,30.6352,31.8035,30.6670,31.5877

1823.3420,31.7887,32.2159,31.8874,32.2412,30.8467,30.7090,32.3515,30.6414,31.7960,30.6752,31.5852

1824.3420,31.7676,32.2227,31.8651,32.2584,30.8566,30.7015,32.3419,30.6381,31.7941,30.6698,31.5815

1825.3420,31.7534,32.2136,31.8715,32.2244,30.8753,30.7067,32.3403,30.6197,31.7877,30.6632,31.5756

1826.3420,31.7956,32.2094,31.8791,32.2268,30.8874,30.7103,32.3525,30.6445,31.7997,30.6774,31.5882

1827.3420,31.7563,32.2161,31.8759,32.2424,30.8735,30.6959,32.3451,30.6442,31.7928,30.6701,31.5812

1828.3420,31.7830,32.2258,31.8889,32.2492,30.8410,30.6996,32.3450,30.6211,31.7976,30.6603,31.5817

1829.3420,31.7652,32.2243,31.8738,32.2469,30.8532,30.6822,32.3294,30.6282,31.7927,30.6552,31.5754

1830.3420,31.7822,32.2256,31.8770,32.2374,30.8646,30.6922,32.3345,30.6508,31.7973,30.6715,31.5830

1831.3420,31.7840,32.2124,31.8811,32.2626,30.8538,30.7067,32.3367,30.6240,31.7988,30.6654,31.5827

1832.3430,31.7690,32.2189,31.8618,32.2396,30.8688,30.6912,32.3296,30.6512,31.7916,30.6712,31.5788

1833.3420,31.7872,32.2236,31.8689,32.2447,30.8612,30.6982,32.3222,30.6596,31.7971,30.6789,31.5832

1834.3420,31.7727,32.2128,31.8787,32.2316,30.8862,30.7241,32.3592,30.6390,31.7964,30.6816,31.5880

1835.3420,31.8034,32.2258,31.8767,32.2300,30.8619,30.6933,32.3370,30.6219,31.7996,30.6576,31.5813

1836.3420,31.7653,32.2080,31.8786,32.2483,30.8740,30.7209,32.3234,30.6490,31.7948,30.6849,31.5834

1837.3420,31.7872,32.2288,31.8585,32.2537,30.8753,30.6836,32.3334,30.6333,31.8007,30.6585,31.5817

1838.3420,31.7655,32.2316,31.8647,32.2424,30.8752,30.7141,32.3320,30.6314,31.7959,30.6727,31.5821

1839.3420,31.7789,32.2386,31.8684,32.2386,30.8623,30.6983,32.3413,30.6509,31.7974,30.6746,31.5847

1840.3420,31.7849,32.2147,31.8454,32.2349,30.8523,30.7057,32.3198,30.6272,31.7864,30.6665,31.5731

1841.3420,31.7817,32.2183,31.8650,32.2395,30.8576,30.7082,32.3220,30.6170,31.7924,30.6626,31.5762

1842.3420,31.7889,32.2106,31.8610,32.2340,30.8680,30.6951,32.3373,30.6293,31.7925,30.6622,31.5780

1843.3420,31.8009,32.2124,31.8577,32.2537,30.8753,30.6940,32.3269,30.6282,31.8000,30.6611,31.5811

1844.3420,31.7751,32.2295,31.8673,32.2446,30.8721,30.7058,32.3309,30.6283,31.7977,30.6671,31.5817

1845.3430,31.7755,32.2186,31.8751,32.2519,30.8725,30.7133,32.3181,30.6273,31.7988,30.6703,31.5816

1846.3420,31.7770,32.2192,31.8719,32.2182,30.8538,30.7039,32.3322,30.6076,31.7880,30.6557,31.5730

1847.3420,31.7868,32.2122,31.8429,32.2488,30.8716,30.7048,32.3210,30.6353,31.7925,30.6701,31.5779

1848.3420,31.8013,32.2278,31.8735,32.2344,30.8856,30.7085,32.3024,30.6263,31.8045,30.6674,31.5825

1849.3420,31.7848,32.2104,31.8617,32.2503,30.8484,30.6915,32.3263,30.6262,31.7911,30.6589,31.5750

1850.3420,31.7804,32.2133,31.8403,32.2344,30.8586,30.6669,32.3189,30.6401,31.7854,30.6535,31.5691

1851.3420,31.7875,32.2144,31.8376,32.2219,30.8381,30.7037,32.3191,30.6299,31.7799,30.6668,31.5690

1852.3420,31.7873,32.2041,31.8418,32.2285,30.8585,30.6879,32.3129,30.6236,31.7840,30.6557,31.5681

1853.3420,31.7960,32.2286,31.8626,32.2281,30.8588,30.6854,32.3210,30.6379,31.7948,30.6617,31.5773

1854.3420,31.7661,32.1998,31.8629,32.2341,30.8697,30.7024,32.3214,30.6319,31.7865,30.6672,31.5735

1855.3420,31.7639,32.2218,31.8647,32.2406,30.8609,30.6875,32.3091,30.6471,31.7904,30.6673,31.5745

1856.3420,31.7605,32.2128,31.8318,32.2269,30.8673,30.6987,32.3315,30.6362,31.7799,30.6674,31.5707

1857.3420,31.7654,32.2274,31.8524,32.2283,30.8525,30.6768,32.3306,30.6411,31.7852,30.6590,31.5718

1858.3430,31.7815,32.1925,31.8344,32.2404,30.8297,30.6976,32.3187,30.6389,31.7757,30.6683,31.5667

1859.3420,31.7843,32.2106,31.8465,32.2271,30.8367,30.6934,32.3195,30.6262,31.7810,30.6598,31.5680

1860.3420,31.7736,32.2200,31.8587,32.2228,30.8414,30.7010,32.3021,30.6305,31.7833,30.6657,31.5688

1861.3420,31.7622,32.2117,31.8485,32.2084,30.8479,30.6943,32.2919,30.6215,31.7758,30.6579,31.5608

1862.3420,31.7601,32.2225,31.8179,32.2412,30.8496,30.6988,32.3055,30.6100,31.7783,30.6544,31.5632

1863.3420,31.7689,32.1923,31.8638,32.2415,30.8386,30.6855,32.3213,30.6394,31.7810,30.6624,31.5689

1864.3420,31.7763,32.2055,31.8442,32.2618,30.8606,30.7248,32.3050,30.6384,31.7897,30.6816,31.5771

1865.3420,31.7802,32.2070,31.8452,32.2309,30.8546,30.6935,32.3200,30.6310,31.7836,30.6622,31.5703

1866.3420,31.7690,32.2120,31.8474,32.2495,30.8698,30.6964,32.3279,30.6113,31.7895,30.6539,31.5729

1867.3430,31.7797,32.2205,31.8324,32.2327,30.8325,30.6751,32.3031,30.6263,31.7796,30.6507,31.5628

1868.3420,31.7731,32.2103,31.8527,32.2572,30.8495,30.6940,32.3003,30.6207,31.7885,30.6573,31.5697

1869.3420,31.7724,32.2034,31.8360,32.2029,30.8431,30.6956,32.2921,30.6241,31.7715,30.6598,31.5587

1870.3420,31.7718,32.1935,31.8209,32.2273,30.8316,30.6851,32.3014,30.6409,31.7690,30.6630,31.5591

1871.3430,31.7717,32.2221,31.8359,32.2409,30.8621,30.7010,32.2976,30.6338,31.7865,30.6674,31.5706

1872.3420,31.7741,32.2026,31.8389,32.2317,30.8265,30.6832,32.3185,30.6437,31.7748,30.6635,31.5649

1873.3420,31.7762,32.1914,31.8263,32.2238,30.8389,30.6811,32.3111,30.6158,31.7713,30.6484,31.5581

1874.3420,31.7713,32.2176,31.8197,32.2308,30.8101,30.6908,32.3021,30.6024,31.7699,30.6466,31.5556

1875.3420,31.7749,32.2262,31.8245,32.2332,30.8371,30.6802,32.3027,30.6158,31.7792,30.6480,31.5618

1876.3420,31.7809,32.1779,31.8241,32.2249,30.8243,30.7007,32.3116,30.6354,31.7664,30.6681,31.5600

1877.3420,31.7781,32.2023,31.8278,32.2191,30.8286,30.6731,32.2956,30.6308,31.7712,30.6520,31.5569

1878.3420,31.7816,32.2138,31.8351,32.2335,30.8292,30.6827,32.2865,30.6155,31.7787,30.6491,31.5597

1879.3420,31.7762,32.1992,31.8332,32.2250,30.8366,30.6877,32.2832,30.6045,31.7741,30.6461,31.5557

1880.3420,31.7517,32.2107,31.8128,32.2360,30.8342,30.6772,32.2952,30.6204,31.7691,30.6488,31.5548

1881.3420,31.7787,32.2209,31.8333,32.2204,30.8231,30.6755,32.2950,30.6206,31.7753,30.6480,31.5584

1882.3420,31.7918,32.2026,31.8272,32.2139,30.8409,30.6929,32.3044,30.6473,31.7753,30.6701,31.5651

1883.3420,31.7555,32.1960,31.8075,32.2265,30.8300,30.6853,32.2847,30.6340,31.7631,30.6596,31.5524

1884.3430,31.7683,32.1963,31.8270,32.2263,30.8535,30.6905,32.2868,30.6327,31.7743,30.6616,31.5602

1885.3420,31.7616,32.2209,31.8310,32.2186,30.8229,30.6904,32.2969,30.6129,31.7710,30.6517,31.5569

1886.3420,31.7720,32.2146,31.8096,32.2244,30.8131,30.6890,32.2915,30.6237,31.7667,30.6564,31.5547

1887.3420,31.7702,32.1935,31.8205,32.2142,30.8343,30.6788,32.2888,30.6332,31.7665,30.6560,31.5542

1888.3420,31.7696,32.1861,31.8103,32.2195,30.8497,30.6909,32.3067,30.6237,31.7670,30.6573,31.5570

1889.3420,31.7583,32.2057,31.8256,32.2104,30.8210,30.6781,32.2845,30.6471,31.7642,30.6626,31.5538

1890.3420,31.7520,32.1789,31.8199,32.2305,30.8212,30.6817,32.2769,30.6286,31.7605,30.6551,31.5487

1891.3420,31.7624,32.2108,31.8095,32.2112,30.8420,30.6865,32.2868,30.6306,31.7672,30.6585,31.5550

1892.3420,31.7726,32.1968,31.7904,32.2208,30.8240,30.6934,32.2785,30.6483,31.7609,30.6709,31.5531

1893.3420,31.7611,32.1928,31.7953,32.2097,30.8271,30.6678,32.2918,30.6086,31.7572,30.6382,31.5443

1894.3420,31.7655,32.1920,31.8161,32.2309,30.8390,30.6882,32.2854,30.6337,31.7687,30.6609,31.5563

1895.3420,31.7788,32.1964,31.8205,32.2142,30.8293,30.6944,32.2743,30.6178,31.7678,30.6561,31.5532

1896.3420,31.7667,32.1920,31.7879,32.2192,30.8238,30.6800,32.2783,30.6246,31.7579,30.6523,31.5466

1897.3420,31.7529,32.2004,31.8217,32.2116,30.8442,30.6869,32.2853,30.6347,31.7662,30.6608,31.5547

1898.3430,31.7954,32.2107,31.8155,32.2050,30.8262,30.6754,32.2618,30.6195,31.7706,30.6474,31.5512

1899.3420,31.7637,32.1928,31.8057,32.2008,30.8278,30.6925,32.2820,30.6413,31.7582,30.6669,31.5508

1900.3420,31.7574,32.1994,31.8094,32.2116,30.8441,30.6933,32.2857,30.6439,31.7644,30.6686,31.5556

1901.3420,31.7590,32.1995,31.8021,32.2103,30.8452,30.6770,32.2784,30.6380,31.7632,30.6575,31.5512

1902.3420,31.7562,32.2092,31.7957,32.1974,30.8109,30.6784,32.2617,30.6253,31.7539,30.6519,31.5419

1903.3420,31.7641,32.1875,31.7830,32.2349,30.8465,30.6694,32.2757,30.6252,31.7632,30.6473,31.5483

1904.3430,31.7671,32.1845,31.8208,32.2258,30.8237,30.6644,32.2717,30.6273,31.7643,30.6458,31.5481

1905.3420,31.7643,32.1965,31.8145,32.1932,30.8218,30.6926,32.2650,30.6315,31.7581,30.6621,31.5474

1906.3420,31.7460,32.2010,31.7998,32.2043,30.8308,30.6785,32.2869,30.6339,31.7564,30.6562,31.5476

1907.3420,31.7745,32.1998,31.7714,32.2041,30.8203,30.6662,32.2618,30.6380,31.7540,30.6521,31.5420

1908.3430,31.7711,32.1827,31.8096,32.2104,30.8277,30.6938,32.2662,30.6483,31.7603,30.6710,31.5512

1909.3420,31.7862,32.1918,31.7835,32.1960,30.7940,30.6765,32.2692,30.6309,31.7503,30.6537,31.5410

1910.3420,31.7492,32.1813,31.7871,32.2127,30.8157,30.6775,32.2685,30.6484,31.7492,30.6630,31.5425

1911.3430,31.7571,32.1745,31.7629,32.2088,30.8259,30.6732,32.2688,30.6310,31.7459,30.6521,31.5378

1912.3420,31.7632,32.1788,31.7631,32.2065,30.8339,30.6896,32.2624,30.6342,31.7491,30.6619,31.5415

1913.3420,31.7335,32.1706,31.7788,32.1936,30.8234,30.6853,32.2541,30.6293,31.7400,30.6573,31.5336

1914.3420,31.7522,32.2131,31.7852,32.2131,30.8192,30.6599,32.2605,30.6599,31.7566,30.6599,31.5454

1915.3420,31.7404,32.1707,31.7934,32.2007,30.8209,30.6696,32.2627,30.6583,31.7452,30.6640,31.5396

1916.3420,31.7515,32.1817,31.7805,32.2010,30.8142,30.6465,32.2493,30.6634,31.7458,30.6549,31.5360

1917.3420,31.7517,32.1754,31.7892,32.1806,30.8167,30.6833,32.2664,30.6255,31.7427,30.6544,31.5361

1918.3420,31.7412,32.1703,31.7902,32.2027,30.8198,30.6648,32.2707,30.6427,31.7448,30.6537,31.5378

1919.3420,31.7440,32.1705,31.7716,32.2056,30.8114,30.7038,32.2422,30.6380,31.7406,30.6709,31.5359

1920.3420,31.7484,32.1881,31.7690,32.2017,30.8129,30.6814,32.2547,30.6537,31.7440,30.6675,31.5387

1921.3420,31.7701,32.1610,31.7818,32.1882,30.8098,30.6872,32.2459,30.6369,31.7422,30.6620,31.5351

1922.3430,31.7634,32.1782,31.7877,32.1988,30.8257,30.6852,32.2565,30.6269,31.7508,30.6560,31.5403

1923.3420,31.7516,32.1747,31.7748,32.1976,30.8096,30.7016,32.2666,30.6203,31.7417,30.6609,31.5371

1924.3420,31.7415,32.1851,31.7735,32.1921,30.7971,30.6782,32.2470,30.6444,31.7378,30.6613,31.5324

1925.3420,31.7602,32.1778,31.7836,32.2008,30.8323,30.6853,32.2298,30.6434,31.7509,30.6644,31.5391

1926.3420,31.7513,32.1810,31.7704,32.1735,30.8008,30.6782,32.2523,30.6392,31.7354,30.6587,31.5308

1927.3420,31.7564,32.1842,31.7591,32.1805,30.8013,30.6904,32.2546,30.6354,31.7363,30.6629,31.5327

1928.3420,31.7672,32.1762,31.7722,32.1987,30.7970,30.7152,32.2405,30.6396,31.7423,30.6774,31.5383

1929.3420,31.7533,32.1807,31.7373,32.1737,30.7911,30.6901,32.2314,30.6351,31.7272,30.6626,31.5241

1930.3420,31.7538,32.1962,31.7809,32.1999,30.8014,30.6915,32.2501,30.6431,31.7464,30.6673,31.5396

1931.3420,31.7716,32.1739,31.7633,32.1973,30.8272,30.7004,32.2588,30.6440,31.7467,30.6722,31.5421

1932.3420,31.7533,32.1572,31.7620,32.2003,30.7916,30.6892,32.2430,30.6379,31.7329,30.6636,31.5293

1933.3420,31.7483,32.1961,31.7625,32.1970,30.7795,30.6865,32.2158,30.6231,31.7367,30.6548,31.5261

1934.3420,31.7359,32.1630,31.7646,32.1837,30.8038,30.7075,32.2564,30.6436,31.7302,30.6755,31.5323

1935.3420,31.7527,32.1840,31.7471,32.1901,30.7779,30.6975,32.2187,30.6233,31.7304,30.6604,31.5239

1936.3420,31.7481,32.1624,31.7724,32.1905,30.8066,30.6929,32.2267,30.6398,31.7360,30.6663,31.5299

1937.3420,31.7158,32.1651,31.7475,32.1942,30.7869,30.6816,32.2271,30.6300,31.7219,30.6558,31.5185

1938.3420,31.7422,32.1838,31.7670,32.1814,30.8044,30.6879,32.2283,30.6273,31.7358,30.6576,31.5278

1939.3420,31.7401,32.1695,31.7556,32.2038,30.7896,30.6966,32.2371,30.6200,31.7317,30.6583,31.5266

1940.3420,31.7432,32.1880,31.7610,32.2016,30.8083,30.6781,32.2289,30.6636,31.7404,30.6708,31.5341

1941.3430,31.7173,32.1653,31.7490,32.2080,30.7960,30.6945,32.2408,30.6127,31.7271,30.6536,31.5230

1942.3430,31.7342,32.1631,31.7562,32.1730,30.7880,30.6997,32.2302,30.6597,31.7229,30.6797,31.5255

1943.3420,31.7463,32.1649,31.7426,32.1954,30.8104,30.6868,32.2025,30.6337,31.7319,30.6603,31.5228

1944.3420,31.7240,32.1863,31.7616,32.1877,30.8054,30.6866,32.2308,30.6283,31.7330,30.6574,31.5263

1945.3420,31.7556,32.1715,31.7487,32.1785,30.7901,30.6821,32.2480,30.6388,31.7289,30.6605,31.5267

1946.3420,31.7483,32.1707,31.7371,32.1857,30.8026,30.6912,32.2374,30.6221,31.7289,30.6567,31.5244

1947.3420,31.7367,32.1600,31.7555,32.1947,30.7952,30.6857,32.2496,30.6242,31.7284,30.6549,31.5252

1948.3420,31.7346,32.1733,31.7396,32.1780,30.7874,30.6911,32.2150,30.6362,31.7226,30.6636,31.5194

1949.3430,31.7437,32.1704,31.7424,32.1708,30.7848,30.6852,32.2187,30.6204,31.7224,30.6528,31.5171

1950.3420,31.7152,32.1599,31.7427,32.1707,30.7877,30.6829,32.2167,30.6223,31.7152,30.6526,31.5123

1951.3420,31.7414,32.1637,31.7202,32.1834,30.7773,30.6880,32.2355,30.6270,31.7172,30.6575,31.5171

1952.3420,31.7484,32.1756,31.7410,32.1652,30.7688,30.6682,32.2403,30.6226,31.7198,30.6454,31.5163

1953.3420,31.7339,32.1578,31.7444,32.1855,30.7919,30.6805,32.2348,30.6180,31.7227,30.6493,31.5183

1954.3430,31.7206,32.1602,31.7487,32.1677,30.7898,30.6940,32.2170,30.6104,31.7174,30.6522,31.5136

1955.3420,31.7447,32.1615,31.7527,32.1676,30.8031,30.6730,32.2122,30.6223,31.7259,30.6476,31.5171

1956.3420,31.7553,32.1848,31.7254,32.1876,30.8049,30.6818,32.2219,30.6212,31.7316,30.6515,31.5229

1957.3420,31.7300,32.1599,31.7441,32.1862,30.7786,30.6766,32.2218,30.6169,31.7198,30.6468,31.5143

1958.3420,31.7275,32.1720,31.7398,32.1814,30.8165,30.6882,32.2100,30.6365,31.7274,30.6624,31.5215

1959.3420,31.7344,32.1538,31.7314,32.1688,30.8103,30.6806,32.2101,30.6336,31.7197,30.6571,31.5154

1960.3430,31.7240,32.1529,31.7455,32.1820,30.7660,30.6927,32.2373,30.6147,31.7141,30.6537,31.5144

1961.3420,31.7408,32.1582,31.7119,32.1653,30.7936,30.6968,32.2037,30.6404,31.7140,30.6686,31.5138

1962.3420,31.7352,32.1652,31.7376,32.1745,30.8087,30.6602,32.2168,30.6489,31.7242,30.6545,31.5184

1963.3420,31.7527,32.1762,31.7445,32.1936,30.7717,30.6829,32.2306,30.6265,31.7277,30.6547,31.5223

1964.3420,31.7356,32.1601,31.7495,32.1577,30.7866,30.6639,32.1779,30.6536,31.7179,30.6588,31.5106

1965.3430,31.7556,32.1569,31.7383,32.1794,30.7873,30.6910,32.2273,30.6182,31.7235,30.6546,31.5192

1966.3420,31.7337,32.1693,31.7296,32.1778,30.7733,30.6888,32.2069,30.6263,31.7168,30.6575,31.5132

1967.3420,31.7422,32.1709,31.7284,32.1747,30.7664,30.6827,32.2005,30.6348,31.7165,30.6588,31.5126

1968.3420,31.7481,32.1612,31.7257,32.1579,30.7779,30.6670,32.2142,30.6393,31.7142,30.6532,31.5114

1969.3430,31.7364,32.1649,31.7153,32.1691,30.7939,30.6755,32.2221,30.6262,31.7159,30.6508,31.5129

1970.3420,31.7318,32.1554,31.7143,32.1775,30.7701,30.6850,32.2385,30.6470,31.7098,30.6660,31.5149

1971.3420,31.7217,32.1654,31.7383,32.1687,30.7656,30.6923,32.1884,30.6406,31.7119,30.6664,31.5101

1972.3420,31.7406,32.1624,31.7273,32.1685,30.7869,30.6868,32.2168,30.6426,31.7171,30.6647,31.5165

1973.3420,31.7416,32.1523,31.7252,32.1786,30.7681,30.6882,32.1973,30.6234,31.7132,30.6558,31.5093

1974.3420,31.7048,32.1622,31.7337,32.1707,30.7633,30.6679,32.2068,30.6289,31.7069,30.6484,31.5048

1975.3420,31.7297,32.1522,31.7199,32.1831,30.7698,30.6683,32.1911,30.6406,31.7109,30.6545,31.5068

1976.3420,31.7429,32.1728,31.7200,32.1860,30.7892,30.6886,32.2029,30.6463,31.7222,30.6675,31.5186

1977.3420,31.7269,32.1545,31.7260,32.1831,30.7844,30.6867,32.2019,30.6632,31.7150,30.6749,31.5158

1978.3420,31.7340,32.1479,31.7020,32.1516,30.7807,30.6590,32.2187,30.6318,31.7033,30.6454,31.5032

1979.3420,31.7320,32.1497,31.7039,32.1615,30.7773,30.6800,32.1934,30.6373,31.7049,30.6586,31.5044

1980.3420,31.7437,32.1334,31.7129,32.1677,30.8003,30.6795,32.2109,30.6297,31.7116,30.6546,31.5098

1981.3420,31.7535,32.1458,31.7159,32.1566,30.7677,30.6935,32.1960,30.6423,31.7079,30.6679,31.5089

1982.3420,31.7325,32.1560,31.7163,32.1433,30.7703,30.6730,32.2015,30.6166,31.7037,30.6448,31.5012

1983.3420,31.7273,32.1607,31.7107,32.1715,30.7665,30.6838,32.2072,30.6392,31.7074,30.6615,31.5084

1984.3430,31.7115,32.1614,31.6987,32.1581,30.7742,30.6624,32.2036,30.6271,31.7008,30.6448,31.4996

1985.3420,31.7047,32.1654,31.7078,32.1743,30.7871,30.7035,32.2203,30.6396,31.7079,30.6715,31.5128

1986.3420,31.7523,32.1403,31.7188,32.1492,30.7779,30.7008,32.1764,30.6271,31.7077,30.6640,31.5053

1987.3420,31.7544,32.1529,31.6897,32.1562,30.7560,30.6855,32.1994,30.6339,31.7018,30.6597,31.5035

1988.3420,31.7317,32.1543,31.6873,32.1482,30.7732,30.6938,32.1975,30.6572,31.6989,30.6755,31.5054

1989.3430,31.7083,32.1532,31.6970,32.1541,30.7799,30.6930,32.1889,30.6427,31.6985,30.6678,31.5021

1990.3420,31.7226,32.1392,31.6971,32.1612,30.7566,30.6918,32.1852,30.6279,31.6954,30.6598,31.4977

1991.3420,31.7178,32.1472,31.6746,32.1514,30.7918,30.7039,32.2119,30.6367,31.6966,30.6703,31.5044

1992.3420,31.7079,32.1549,31.7053,32.1390,30.7846,30.6935,32.1835,30.6343,31.6983,30.6639,31.5004

1993.3420,31.7110,32.1389,31.6809,32.1610,30.7788,30.6867,32.1990,30.6219,31.6941,30.6543,31.4973

1994.3420,31.7055,32.1589,31.7022,32.1542,30.7531,30.6728,32.1833,30.6140,31.6948,30.6434,31.4930

1995.3420,31.6876,32.1520,31.7108,32.1473,30.7906,30.6863,32.1891,30.6276,31.6977,30.6569,31.4989

1996.3420,31.7144,32.1435,31.6991,32.1647,30.7930,30.6783,32.2013,30.6342,31.7029,30.6563,31.5036

1997.3420,31.7160,32.1381,31.7012,32.1611,30.7970,30.6696,32.1860,30.6377,31.7027,30.6537,31.5008

1998.3420,31.7156,32.1593,31.6863,32.1560,30.7736,30.6876,32.1837,30.6218,31.6982,30.6547,31.4980

1999.3420,31.7213,32.1343,31.6913,32.1489,30.7915,30.6675,32.2057,30.6341,31.6975,30.6508,31.4993

2000.3420,31.7102,32.1404,31.7002,32.1630,30.7714,30.6944,32.2240,30.6183,31.6970,30.6563,31.5027

2001.3420,31.7155,32.1539,31.6794,32.1393,30.7899,30.6935,32.1928,30.6137,31.6956,30.6536,31.4972

2002.3420,31.7193,32.1559,31.6791,32.1460,30.7631,30.6945,32.1639,30.6274,31.6927,30.6609,31.4936

2003.3420,31.6928,32.1378,31.6961,32.1500,30.7634,30.6760,32.1978,30.6257,31.6880,30.6509,31.4925

2004.3420,31.6987,32.1746,31.6837,32.1315,30.7774,30.6886,32.1676,30.6275,31.6932,30.6580,31.4937

2005.3420,31.7051,32.1299,31.6793,32.1491,30.7748,30.6917,32.1866,30.6287,31.6876,30.6602,31.4932

2006.3420,31.7213,32.1274,31.6970,32.1494,30.7665,30.6867,32.1785,30.6129,31.6923,30.6498,31.4925

2007.3420,31.7558,32.1610,31.6879,32.1516,30.7748,30.6888,32.1769,30.6193,31.7062,30.6540,31.5020

2008.3420,31.7222,32.1317,31.6765,32.1491,30.7684,30.6956,32.1749,30.6204,31.6895,30.6580,31.4923

2009.3420,31.7231,32.1496,31.6953,32.1351,30.7924,30.6758,32.1876,30.6143,31.6991,30.6451,31.4966

2010.3420,31.7188,32.1397,31.6840,32.1566,30.7758,30.6804,32.1819,30.6118,31.6950,30.6461,31.4936

2011.3420,31.7121,32.1496,31.6869,32.1501,30.7663,30.6653,32.1993,30.6347,31.6930,30.6500,31.4955

2012.3420,31.7227,32.1242,31.6812,32.1317,30.7619,30.6900,32.1749,30.6303,31.6843,30.6602,31.4896

2013.3420,31.6906,32.1304,31.6733,32.1483,30.7660,30.6734,32.1797,30.6137,31.6817,30.6436,31.4844

2014.3420,31.7115,32.1503,31.6833,32.1419,30.7601,30.6872,32.1968,30.6299,31.6894,30.6586,31.4951

2015.3420,31.7213,32.1377,31.6758,32.1470,30.7595,30.6852,32.1822,30.6181,31.6883,30.6516,31.4909

2016.3420,31.6952,32.1402,31.6751,32.1501,30.7677,30.6704,32.1782,30.6126,31.6857,30.6415,31.4862

2017.3420,31.7220,32.1546,31.6487,32.1326,30.7556,30.6677,32.1870,30.6282,31.6827,30.6480,31.4870

2018.3420,31.6968,32.1383,31.6652,32.1378,30.7679,30.6927,32.1880,30.6138,31.6812,30.6533,31.4876

2019.3420,31.7010,32.1392,31.6657,32.1453,30.7773,30.6781,32.1730,30.6072,31.6857,30.6427,31.4859

2020.3420,31.7060,32.1369,31.6732,32.1407,30.7466,30.6818,32.1712,30.6367,31.6807,30.6592,31.4866

2021.3420,31.7048,32.1380,31.6400,32.1427,30.7656,30.6956,32.1676,30.6251,31.6782,30.6603,31.4849

2022.3420,31.7178,32.1427,31.6621,32.1380,30.7659,30.6944,32.1938,30.6221,31.6853,30.6583,31.4921

2023.3420,31.6953,32.1412,31.6531,32.1337,30.7405,30.6672,32.1609,30.6207,31.6728,30.6440,31.4766

2024.3420,31.7197,32.1358,31.6636,32.1372,30.7589,30.6776,32.1597,30.6301,31.6830,30.6539,31.4853

2025.3420,31.6950,32.1350,31.6647,32.1293,30.7501,30.6670,32.1871,30.6031,31.6748,30.6350,31.4789

2026.3420,31.6948,32.1449,31.6418,32.1332,30.7899,30.6719,32.1514,30.6235,31.6809,30.6477,31.4814

2027.3420,31.7071,32.1277,31.6518,32.1488,30.7561,30.6767,32.1845,30.6236,31.6783,30.6502,31.4846

2028.3420,31.6995,32.1238,31.6606,32.1336,30.7514,30.6701,32.1712,30.6137,31.6738,30.6419,31.4780

2029.3420,31.7019,32.1322,31.6624,32.1407,30.7552,30.6706,32.1632,30.6246,31.6785,30.6476,31.4814

2030.3420,31.6906,32.1382,31.6473,32.1373,30.7472,30.6739,32.1734,30.6349,31.6721,30.6544,31.4803

2031.3420,31.7136,32.1411,31.6610,32.1308,30.7546,30.6752,32.1819,30.6235,31.6802,30.6494,31.4852

2032.3420,31.6997,32.1317,31.6624,32.1491,30.7624,30.6839,32.1824,30.6205,31.6811,30.6522,31.4865

2033.3420,31.6814,32.1357,31.6655,32.1249,30.7727,30.6773,32.1686,30.6050,31.6761,30.6411,31.4789

2034.3420,31.6987,32.1467,31.6418,32.1261,30.7538,30.6650,32.1857,30.6269,31.6734,30.6459,31.4806

2035.3420,31.6999,32.1529,31.6605,32.1355,30.7564,30.6742,32.1848,30.6258,31.6811,30.6500,31.4863

2036.3430,31.6823,32.1430,31.6671,32.1270,30.7641,30.6725,32.1749,30.5945,31.6767,30.6335,31.4782

2037.3420,31.7004,32.1382,31.6515,32.1241,30.7546,30.6451,32.1691,30.6145,31.6737,30.6298,31.4747

2038.3420,31.7052,32.1212,31.6453,32.1447,30.7472,30.6626,32.1770,30.6231,31.6727,30.6429,31.4783

2039.3420,31.6898,32.1332,31.6535,32.1327,30.7679,30.6594,32.1632,30.6204,31.6754,30.6399,31.4775

2040.3420,31.6966,32.1425,31.6488,32.1421,30.7719,30.6554,32.1655,30.6286,31.6804,30.6420,31.4814

2041.3420,31.7188,32.1231,31.6618,32.1245,30.7542,30.6696,32.1658,30.6217,31.6765,30.6456,31.4799

2042.3420,31.7089,32.1285,31.6465,32.1294,30.7551,30.6612,32.1651,30.6081,31.6737,30.6346,31.4753

2043.3420,31.7076,32.1275,31.6479,32.1416,30.7632,30.6772,32.1707,30.6039,31.6776,30.6406,31.4800

2044.3420,31.6829,32.1297,31.6529,32.1377,30.7774,30.6623,32.1767,30.6153,31.6761,30.6388,31.4794

2045.3420,31.6750,32.1418,31.6551,32.1310,30.7451,30.6615,32.1648,30.6206,31.6696,30.6411,31.4744

2046.3420,31.6842,32.1399,31.6579,32.1235,30.7765,30.6806,32.1652,30.6040,31.6764,30.6423,31.4790

2047.3420,31.7092,32.1371,31.6265,32.1240,30.7559,30.6699,32.1737,30.6183,31.6705,30.6441,31.4768

2048.3420,31.7029,32.1343,31.6406,32.1277,30.7838,30.6809,32.1601,30.6358,31.6779,30.6584,31.4833

2049.3420,31.6905,32.1349,31.6590,32.1457,30.7644,30.6549,32.1691,30.6281,31.6789,30.6415,31.4808

2050.3420,31.6753,32.1388,31.6254,32.0999,30.7872,30.6933,32.1552,30.6077,31.6653,30.6505,31.4729

2051.3420,31.6898,32.1179,31.6505,32.1245,30.7618,30.6566,32.1569,30.6063,31.6689,30.6315,31.4705

2052.3420,31.6835,32.1407,31.6338,32.1261,30.7715,30.6489,32.1782,30.6240,31.6711,30.6364,31.4758

2053.3430,31.7142,32.1250,31.6477,32.1119,30.7317,30.6721,32.1457,30.5884,31.6661,30.6303,31.4671

2054.3420,31.6844,32.1159,31.6226,32.1290,30.7269,30.6695,32.1511,30.6028,31.6558,30.6362,31.4628

2055.3420,31.7005,32.1111,31.6389,32.1195,30.7627,30.6513,32.1528,30.6081,31.6665,30.6297,31.4681

2056.3430,31.6984,32.1095,31.6444,32.1306,30.7667,30.6704,32.1733,30.6215,31.6699,30.6459,31.4768

2057.3420,31.7066,32.0984,31.6216,32.1266,30.7561,30.6668,32.1557,30.6311,31.6619,30.6490,31.4704

2058.3420,31.6907,32.1224,31.6432,32.1196,30.7538,30.6716,32.1646,30.6161,31.6659,30.6438,31.4728

2059.3420,31.6934,32.1162,31.6304,32.1180,30.7504,30.6583,32.1654,30.6127,31.6617,30.6355,31.4681

2060.3420,31.7005,32.1105,31.6322,32.1386,30.7702,30.6683,32.1522,30.6077,31.6704,30.6380,31.4725

2061.3430,31.6843,32.1163,31.6310,32.1304,30.7464,30.6675,32.1487,30.6205,31.6617,30.6440,31.4681

2062.3420,31.7108,32.1295,31.6222,32.1065,30.7585,30.6706,32.1746,30.5837,31.6655,30.6271,31.4695

2063.3420,31.6826,32.1083,31.6103,32.1238,30.7589,30.6827,32.1594,30.6109,31.6568,30.6468,31.4671

2064.3420,31.6908,32.1387,31.6107,32.1171,30.7474,30.6971,32.1316,30.6050,31.6609,30.6510,31.4673

2065.3420,31.6890,32.1142,31.6228,32.1049,30.7503,30.6708,32.1354,30.6074,31.6562,30.6391,31.4619

2066.3420,31.6670,32.1366,31.6344,32.1141,30.7620,30.6713,32.1451,30.6187,31.6628,30.6450,31.4686

2067.3420,31.6797,32.1199,31.6445,32.1143,30.7531,30.6732,32.1523,30.6262,31.6623,30.6497,31.4704

2068.3420,31.6749,32.1321,31.6402,32.1204,30.7506,30.6882,32.1509,30.6022,31.6636,30.6452,31.4699

2069.3430,31.7030,32.1359,31.6229,32.1092,30.7713,30.6853,32.1500,30.5942,31.6685,30.6398,31.4715

2070.3420,31.6954,32.1393,31.6113,32.1144,30.7542,30.6885,32.1599,30.6203,31.6629,30.6544,31.4729

2071.3420,31.6769,32.1114,31.6106,32.1264,30.7499,30.6470,32.1504,30.6000,31.6551,30.6235,31.4591

2072.3430,31.6745,32.1113,31.6058,32.1249,30.7639,30.6648,32.1469,30.6056,31.6561,30.6352,31.4622

2073.3420,31.6926,32.1210,31.6070,32.0731,30.7364,30.6598,32.1463,30.5968,31.6460,30.6283,31.4541

2074.3430,31.6752,32.1183,31.6161,32.1370,30.7542,30.6758,32.1530,30.6104,31.6602,30.6431,31.4675

2075.3420,31.6898,32.1019,31.5964,32.1174,30.7477,30.6763,32.1211,30.6129,31.6506,30.6446,31.4579

2076.3420,31.6831,32.1148,31.6051,32.1092,30.7335,30.6705,32.1420,30.6235,31.6491,30.6470,31.4602

2077.3420,31.6986,32.1290,31.6141,32.1107,30.7410,30.6790,32.1417,30.6034,31.6587,30.6412,31.4647

2078.3420,31.6796,32.1243,31.6225,32.1074,30.7606,30.6676,32.1304,30.6163,31.6589,30.6420,31.4636

2079.3430,31.6629,32.1069,31.6070,32.1017,30.7649,30.6658,32.1435,30.6334,31.6487,30.6496,31.4607

2080.3420,31.6506,32.1127,31.6147,32.1084,30.7494,30.6611,32.1338,30.6099,31.6472,30.6355,31.4551

2081.3420,31.6718,32.1126,31.6114,32.1192,30.7452,30.6766,32.1267,30.6160,31.6520,30.6463,31.4599

2082.3420,31.6850,32.1127,31.6011,32.0930,30.7579,30.6879,32.1380,30.6165,31.6499,30.6522,31.4615

2083.3420,31.6717,32.1116,31.5972,32.1149,30.7507,30.6671,32.1430,30.6253,31.6492,30.6462,31.4602

2084.3420,31.6774,32.1065,31.6128,32.0925,30.7485,30.6564,32.1286,30.5911,31.6475,30.6237,31.4517

2085.3420,31.6748,32.1129,31.5966,32.1157,30.7562,30.6759,32.1387,30.5894,31.6512,30.6326,31.4575

2086.3420,31.6587,32.1012,31.5990,32.0857,30.7336,30.6466,32.1246,30.6001,31.6356,30.6234,31.4437

2087.3420,31.6789,32.1124,31.5905,32.1068,30.7181,30.6603,32.1265,30.6245,31.6413,30.6424,31.4523

2088.3420,31.6755,32.1020,31.6135,32.1063,30.7348,30.6503,32.1260,30.6103,31.6464,30.6303,31.4523

2089.3430,31.6903,32.1077,31.6098,32.0918,30.7520,30.6702,32.1401,30.6280,31.6503,30.6491,31.4612

2090.3420,31.6857,32.1050,31.5812,32.0886,30.7502,30.6492,32.1313,30.5966,31.6421,30.6229,31.4485

2091.3420,31.6819,32.1171,31.5778,32.1086,30.7323,30.6670,32.1274,30.6087,31.6435,30.6378,31.4526

2092.3430,31.6755,32.1079,31.6231,32.0929,30.7283,30.6536,32.1323,30.6103,31.6455,30.6320,31.4530

2093.3420,31.6908,32.1149,31.5784,32.0807,30.7365,30.6618,32.1257,30.6059,31.6403,30.6339,31.4494

2094.3430,31.6772,32.0854,31.6071,32.0924,30.7460,30.6680,32.1215,30.6205,31.6416,30.6442,31.4523

2095.3420,31.6737,32.1041,31.5906,32.0806,30.7359,30.6682,32.1313,30.6081,31.6370,30.6382,31.4491

2096.3420,31.6845,32.1192,31.5710,32.1018,30.7415,30.6672,32.1131,30.6343,31.6436,30.6508,31.4541

2097.3420,31.6659,32.0927,31.5778,32.0978,30.7290,30.6656,32.1377,30.6172,31.6327,30.6414,31.4480

2098.3430,31.6634,32.1228,31.5915,32.0872,30.7406,30.6597,32.1012,30.6005,31.6411,30.6301,31.4459

2099.3420,31.6703,32.0977,31.5899,32.0846,30.7348,30.6563,32.1217,30.6169,31.6355,30.6366,31.4465

2100.3430,31.6787,32.1156,31.5721,32.0917,30.7338,30.6657,32.1161,30.6069,31.6384,30.6363,31.4476

2101.3420,31.6645,32.1078,31.5666,32.0951,30.7313,30.6575,32.1246,30.6303,31.6330,30.6439,31.4472

2102.3420,31.6870,32.0853,31.5779,32.0867,30.7191,30.6308,32.1238,30.6200,31.6312,30.6254,31.4413

2103.3420,31.6704,32.1099,31.5912,32.0892,30.7307,30.6640,32.1286,30.6047,31.6383,30.6344,31.4486

2104.3420,31.6762,32.1047,31.5837,32.0990,30.7271,30.6467,32.1056,30.6251,31.6381,30.6359,31.4460

2105.3420,31.6653,32.1065,31.5677,32.0892,30.7345,30.6514,32.0981,30.6091,31.6327,30.6302,31.4402

2106.3430,31.6681,32.1104,31.5908,32.0906,30.7350,30.6509,32.1089,30.5982,31.6390,30.6246,31.4441

2107.3420,31.6669,32.0748,31.5688,32.0973,30.7154,30.6581,32.1034,30.6121,31.6246,30.6351,31.4371

2108.3420,31.6586,32.0904,31.5487,32.0692,30.7353,30.6380,32.1317,30.6037,31.6204,30.6209,31.4344

2109.3420,31.6748,32.0944,31.5655,32.0733,30.7313,30.6472,32.1029,30.6045,31.6279,30.6259,31.4367

2110.3430,31.6838,32.0859,31.5729,32.0888,30.7459,30.6440,32.1122,30.6134,31.6355,30.6287,31.4434

2111.3430,31.6741,32.1033,31.5786,32.0766,30.7353,30.6634,32.1047,30.6075,31.6336,30.6355,31.4430

2112.3420,31.6444,32.0809,31.5796,32.0893,30.7272,30.6506,32.1165,30.6036,31.6243,30.6271,31.4365

2113.3420,31.6982,32.1039,31.5759,32.0875,30.7139,30.6556,32.0987,30.6091,31.6359,30.6323,31.4428

2114.3420,31.6823,32.0982,31.5721,32.0705,30.7313,30.6486,32.1048,30.6162,31.6309,30.6324,31.4405

2115.3420,31.6882,32.0911,31.5560,32.0892,30.7522,30.6615,32.0986,30.6164,31.6353,30.6390,31.4441

2116.3420,31.6780,32.1042,31.5748,32.0788,30.7171,30.6715,32.0924,30.6118,31.6306,30.6417,31.4411

2117.3420,31.6819,32.1080,31.5598,32.1043,30.7290,30.6510,32.1113,30.6200,31.6366,30.6355,31.4457

2118.3420,31.6743,32.0887,31.5602,32.0793,30.7177,30.6613,32.0877,30.6336,31.6240,30.6474,31.4378

2119.3420,31.6651,32.1032,31.5601,32.0900,30.7319,30.6685,32.0839,30.6159,31.6301,30.6422,31.4398

2120.3420,31.6519,32.0784,31.5672,32.0906,30.7131,30.6773,32.0831,30.6233,31.6202,30.6503,31.4356

2121.3420,31.6715,32.0879,31.5491,32.0644,30.7294,30.6538,32.0855,30.6101,31.6205,30.6319,31.4315

2122.3420,31.6593,32.0874,31.5481,32.0705,30.7397,30.6566,32.0944,30.6218,31.6210,30.6392,31.4347

2123.3420,31.6751,32.0812,31.5686,32.0887,30.7283,30.6452,32.0882,30.6212,31.6284,30.6332,31.4371

2124.3420,31.6617,32.1053,31.5665,32.0781,30.7328,30.6609,32.0823,30.6101,31.6289,30.6355,31.4372

2125.3420,31.6710,32.0887,31.5504,32.0892,30.7346,30.6467,32.0780,30.6443,31.6268,30.6455,31.4379

2126.3420,31.6490,32.0844,31.5770,32.0689,30.7149,30.6186,32.0713,30.6247,31.6189,30.6217,31.4261

2127.3420,31.6661,32.0788,31.5620,32.0713,30.7245,30.6630,32.0769,30.6306,31.6205,30.6468,31.4341

2128.3420,31.6563,32.0923,31.5596,32.0801,30.7175,30.6404,32.0782,30.6235,31.6211,30.6319,31.4310

2129.3420,31.6587,32.0841,31.5383,32.0682,30.7128,30.6517,32.0776,30.6273,31.6124,30.6395,31.4273

2130.3420,31.6711,32.0823,31.5599,32.0766,30.7314,30.6604,32.0776,30.6223,31.6243,30.6414,31.4352

2131.3420,31.6781,32.0914,31.5474,32.0736,30.7130,30.6787,32.0722,30.6148,31.6207,30.6467,31.4336

2132.3420,31.6413,32.1031,31.5549,32.0909,30.7269,30.6493,32.0576,30.6122,31.6234,30.6308,31.4295

2133.3420,31.6593,32.1016,31.5459,32.0828,30.7158,30.6449,32.0589,30.6021,31.6211,30.6235,31.4264

2134.3420,31.6451,32.0973,31.5523,32.0686,30.7288,30.6490,32.0616,30.6048,31.6184,30.6269,31.4259

2135.3420,31.6825,32.0760,31.5550,32.0817,30.7217,30.6517,32.0826,30.6018,31.6234,30.6267,31.4316

2136.3420,31.6479,32.0862,31.5605,32.0679,30.6978,30.6658,32.0641,30.6160,31.6120,30.6409,31.4258

2137.3420,31.6525,32.0841,31.5303,32.0818,30.7160,30.6817,32.0625,30.6164,31.6129,30.6490,31.4281

2138.3420,31.6344,32.0776,31.5336,32.0800,30.7008,30.6632,32.0621,30.5936,31.6053,30.6284,31.4182

2139.3420,31.6874,32.0654,31.5486,32.0893,30.7299,30.6768,32.0640,30.6025,31.6241,30.6397,31.4330

2140.3430,31.6531,32.1027,31.5536,32.0558,30.7087,30.6631,32.0736,30.5992,31.6148,30.6311,31.4262

2141.3420,31.6555,32.0770,31.5306,32.0507,30.7219,30.6650,32.0615,30.6213,31.6071,30.6432,31.4229

2142.3420,31.6701,32.0739,31.5388,32.0668,30.7130,30.6848,32.0715,30.6180,31.6125,30.6514,31.4296

2143.3420,31.6510,32.0898,31.5406,32.0719,30.7112,30.6638,32.0574,30.6159,31.6129,30.6398,31.4252

2144.3420,31.6595,32.0694,31.5418,32.0886,30.7244,30.6690,32.0506,30.6300,31.6168,30.6495,31.4292

2145.3420,31.6600,32.0822,31.5401,32.0629,30.7169,30.6605,32.0892,30.5966,31.6124,30.6286,31.4261

2146.3420,31.6474,32.0850,31.5340,32.0710,30.6903,30.6522,32.0757,30.6259,31.6055,30.6390,31.4227

2147.3420,31.6406,32.0839,31.5324,32.0647,30.7036,30.6637,32.0623,30.6271,31.6051,30.6454,31.4223

2148.3420,31.6431,32.0759,31.5376,32.0651,30.7301,30.6803,32.0558,30.6183,31.6104,30.6493,31.4258

2149.3420,31.6505,32.0653,31.5180,32.0859,30.7239,30.6727,32.0733,30.6398,31.6087,30.6562,31.4287

2150.3420,31.6326,32.0588,31.5396,32.0705,30.6961,30.6665,32.0714,30.6106,31.5995,30.6386,31.4183

2151.3420,31.6313,32.0771,31.5209,32.0659,30.7089,30.6600,32.0401,30.6102,31.6008,30.6351,31.4143

2152.3420,31.6462,32.1019,31.5274,32.0719,30.7421,30.6665,32.0517,30.6115,31.6179,30.6390,31.4274

2153.3420,31.6474,32.0881,31.5380,32.0374,30.7152,30.6691,32.0628,30.6010,31.6052,30.6351,31.4199

2154.3420,31.6596,32.0790,31.5130,32.0527,30.7109,30.6550,32.0471,30.6127,31.6030,30.6338,31.4162

2155.3420,31.6415,32.0674,31.5361,32.0735,30.7238,30.6515,32.0562,30.6200,31.6085,30.6357,31.4213

2156.3420,31.6497,32.0664,31.5106,32.0584,30.7245,30.6799,32.0626,30.6188,31.6019,30.6493,31.4214

2157.3420,31.6483,32.0775,31.5264,32.0592,30.7297,30.6522,32.0371,30.6113,31.6082,30.6317,31.4177

2158.3420,31.6386,32.0558,31.5254,32.0633,30.7191,30.6749,32.0520,30.6059,31.6005,30.6404,31.4169

2159.3420,31.6433,32.0483,31.5315,32.0736,30.7271,30.6711,32.0257,30.6242,31.6047,30.6477,31.4181

2160.3420,31.6317,32.0722,31.5127,32.0483,30.7305,30.6731,32.0487,30.6135,31.5991,30.6433,31.4163

2161.3430,31.6549,32.0708,31.5156,32.0446,30.7316,30.6757,32.0765,30.6080,31.6035,30.6419,31.4222

2162.3420,31.6139,32.0766,31.5251,32.0480,30.7361,30.6365,32.0616,30.6172,31.5999,30.6268,31.4144

2163.3420,31.6552,32.0767,31.5196,32.0410,30.7112,30.6402,32.0575,30.5918,31.6007,30.6160,31.4116

2164.3420,31.6514,32.0550,31.5185,32.0579,30.7018,30.6454,32.0541,30.6172,31.5969,30.6313,31.4126

2165.3420,31.6361,32.0791,31.5140,32.0543,30.7062,30.6663,32.0599,30.6108,31.5980,30.6386,31.4158

2166.3420,31.6463,32.0598,31.5116,32.0490,30.7065,30.6497,32.0288,30.6201,31.5946,30.6349,31.4090

2167.3420,31.6611,32.0668,31.5129,32.0588,30.7073,30.6406,32.0673,30.6039,31.6014,30.6223,31.4149

2168.3420,31.6215,32.0731,31.5248,32.0543,30.7081,30.6465,32.0642,30.6235,31.5964,30.6350,31.4145

2169.3430,31.6317,32.0703,31.5202,32.0483,30.7042,30.6426,32.0642,30.5956,31.5949,30.6191,31.4096

2170.3430,31.6323,32.0608,31.5078,32.0575,30.7151,30.6648,32.0518,30.6282,31.5947,30.6465,31.4148

2171.3420,31.6429,32.0575,31.5153,32.0340,30.7073,30.6439,32.0396,30.6068,31.5914,30.6253,31.4059

2172.3420,31.6373,32.0778,31.5132,32.0436,30.7036,30.6595,32.0464,30.5862,31.5951,30.6228,31.4084

2173.3420,31.6249,32.0626,31.4961,32.0420,30.7101,30.6495,32.0518,30.5968,31.5871,30.6231,31.4042

2174.3420,31.6440,32.0642,31.4996,32.0487,30.6849,30.6337,32.0633,30.6027,31.5883,30.6182,31.4051

2175.3420,31.6359,32.0593,31.5214,32.0513,30.7069,30.6590,32.0373,30.6064,31.5950,30.6327,31.4097

2176.3420,31.6221,32.0648,31.5152,32.0428,30.6846,30.6503,32.0522,30.5949,31.5859,30.6226,31.4034

2177.3420,31.6412,32.0547,31.4891,32.0406,30.6968,30.6573,32.0674,30.6112,31.5845,30.6343,31.4073

2178.3420,31.6231,32.0693,31.4802,32.0359,30.6984,30.6547,32.0406,30.6265,31.5814,30.6406,31.4036

2179.3420,31.6380,32.0559,31.4852,32.0386,30.7109,30.6630,32.0573,30.6198,31.5857,30.6414,31.4086

2180.3420,31.6091,32.0614,31.4930,32.0248,30.6886,30.6500,32.0525,30.6092,31.5754,30.6296,31.3986

2181.3420,31.6411,32.0789,31.4800,32.0512,30.7244,30.6388,32.0507,30.6168,31.5951,30.6278,31.4102

2182.3420,31.6517,32.0638,31.5067,32.0216,30.7002,30.6471,32.0451,30.6118,31.5888,30.6294,31.4060

2183.3420,31.6406,32.0846,31.5016,32.0367,30.7065,30.6449,32.0583,30.6313,31.5940,30.6381,31.4130

2184.3420,31.6409,32.0816,31.4916,32.0454,30.6969,30.6471,32.0614,30.6067,31.5913,30.6269,31.4089

2185.3420,31.6531,32.0518,31.4993,32.0241,30.6819,30.6396,32.0419,30.6072,31.5820,30.6234,31.3999

2186.3420,31.6586,32.0731,31.5052,32.0276,30.6714,30.6324,32.0398,30.6024,31.5872,30.6174,31.4013

2187.3420,31.6198,32.0503,31.4819,32.0325,30.6805,30.6400,32.0489,30.6236,31.5730,30.6318,31.3972

2188.3420,31.6178,32.0551,31.4890,32.0288,30.6977,30.6493,32.0659,30.6202,31.5777,30.6348,31.4030

2189.3420,31.6569,32.0661,31.4995,32.0318,30.6668,30.6387,32.0534,30.6368,31.5842,30.6377,31.4062

2190.3420,31.6408,32.0823,31.4980,32.0298,30.6889,30.6597,32.0312,30.6071,31.5879,30.6334,31.4047

2191.3420,31.6226,32.0678,31.4745,32.0373,30.6856,30.6354,32.0491,30.6161,31.5776,30.6257,31.3986

2192.3420,31.6456,32.0694,31.4817,32.0422,30.6870,30.6560,32.0553,30.6020,31.5852,30.6290,31.4049

2193.3420,31.6394,32.0617,31.4886,32.0289,30.6804,30.6503,32.0453,30.6123,31.5798,30.6313,31.4009

2194.3420,31.6404,32.0718,31.4785,32.0333,30.6621,30.6650,32.0394,30.6006,31.5772,30.6328,31.3989

2195.3420,31.6423,32.0744,31.4755,32.0219,30.7002,30.6598,32.0463,30.5978,31.5829,30.6288,31.4023

2196.3420,31.6263,32.0582,31.4696,32.0324,30.6772,30.6490,32.0333,30.6001,31.5727,30.6245,31.3933

2197.3420,31.6464,32.0818,31.4871,32.0316,30.6742,30.6681,32.0597,30.6046,31.5842,30.6364,31.4067

2198.3420,31.6296,32.0650,31.4961,32.0349,30.6758,30.6598,32.0542,30.6128,31.5803,30.6363,31.4035

2199.3420,31.6521,32.0803,31.4677,32.0249,30.6936,30.6701,32.0324,30.6240,31.5837,30.6470,31.4056

2200.3430,31.6407,32.0476,31.4740,32.0232,30.6826,30.6450,32.0405,30.6093,31.5736,30.6272,31.3954

2201.3420,31.6410,32.0648,31.4692,32.0456,30.6758,30.6331,32.0442,30.5898,31.5793,30.6115,31.3954

2202.3420,31.6326,32.0498,31.4781,32.0348,30.6844,30.6496,32.0268,30.6191,31.5759,30.6343,31.3969

2203.3420,31.6413,32.0435,31.4704,32.0182,30.6724,30.6517,32.0196,30.6170,31.5692,30.6343,31.3918

2204.3420,31.6244,32.0436,31.4583,32.0107,30.6855,30.6536,32.0361,30.6033,31.5645,30.6284,31.3894

2205.3420,31.6321,32.0488,31.4653,32.0244,30.6552,30.6430,32.0347,30.5927,31.5652,30.6178,31.3870

2206.3420,31.6549,32.0529,31.4586,32.0158,30.6714,30.6583,32.0435,30.6047,31.5707,30.6315,31.3950

2207.3420,31.6269,32.0583,31.4688,32.0175,30.6683,30.6514,32.0189,30.6101,31.5680,30.6307,31.3900

2208.3420,31.6209,32.0436,31.4719,32.0272,30.6628,30.6346,32.0206,30.6158,31.5653,30.6252,31.3872

2209.3420,31.6115,32.0266,31.4558,32.0261,30.6726,30.6463,32.0463,30.6026,31.5585,30.6245,31.3860

2210.3420,31.6334,32.0407,31.4714,32.0163,30.6842,30.6471,32.0323,30.6057,31.5692,30.6264,31.3914

2211.3420,31.6279,32.0392,31.4652,32.0200,30.6674,30.6613,32.0430,30.6026,31.5639,30.6319,31.3908

2212.3420,31.6171,32.0428,31.4626,32.0029,30.6515,30.6435,32.0343,30.6003,31.5554,30.6219,31.3819

2213.3420,31.6145,32.0348,31.4504,31.9964,30.6611,30.6639,32.0405,30.5906,31.5514,30.6273,31.3815

2214.3420,31.6263,32.0283,31.4683,31.9950,30.6625,30.6536,32.0194,30.6061,31.5561,30.6299,31.3824

2215.3420,31.6167,32.0354,31.4553,32.0106,30.6577,30.6403,32.0251,30.6116,31.5551,30.6259,31.3816

2216.3420,31.6158,32.0328,31.4574,32.0164,30.6615,30.6441,32.0361,30.5886,31.5568,30.6164,31.3816

2217.3420,31.6143,32.0254,31.4500,32.0189,30.6595,30.6552,32.0372,30.5918,31.5536,30.6235,31.3815

2218.3420,31.6222,32.0694,31.4517,32.0164,30.6753,30.6472,32.0356,30.6067,31.5670,30.6270,31.3906

2219.3420,31.5844,32.0419,31.4730,31.9974,30.6780,30.6437,32.0203,30.6000,31.5549,30.6218,31.3798

2220.3420,31.6050,32.0423,31.4527,32.0080,30.6591,30.6530,32.0263,30.5872,31.5534,30.6201,31.3792

2221.3420,31.6373,32.0289,31.4398,32.0110,30.6670,30.6275,32.0321,30.5871,31.5568,30.6073,31.3788

2222.3420,31.6173,32.0179,31.4551,32.0170,30.6479,30.6446,32.0207,30.5986,31.5510,30.6216,31.3774

2223.3420,31.6128,32.0239,31.4592,32.0107,30.6688,30.6481,32.0178,30.5842,31.5551,30.6162,31.3782

2224.3430,31.6107,32.0250,31.4504,31.9780,30.6958,30.6423,32.0283,30.6131,31.5520,30.6277,31.3805

2225.3420,31.6012,32.0145,31.4324,32.0056,30.6647,30.6595,32.0107,30.6107,31.5437,30.6351,31.3749

2226.3420,31.6121,32.0424,31.4345,31.9936,30.6568,30.6469,32.0044,30.6112,31.5479,30.6291,31.3752

2227.3420,31.6147,32.0376,31.4339,32.0038,30.6683,30.6622,32.0155,30.5899,31.5517,30.6261,31.3782

2228.3420,31.6280,32.0425,31.4370,31.9838,30.6497,30.6342,32.0411,30.5933,31.5482,30.6137,31.3762

2229.3420,31.5808,32.0322,31.4464,31.9933,30.6786,30.6227,32.0116,30.5917,31.5463,30.6072,31.3697

2230.3430,31.5903,32.0144,31.4385,32.0055,30.6454,30.6651,32.0060,30.5923,31.5388,30.6287,31.3697

2231.3420,31.6168,32.0159,31.4498,31.9873,30.6662,30.6394,31.9999,30.5920,31.5472,30.6157,31.3709

2232.3420,31.6037,32.0325,31.4444,32.0199,30.6451,30.6620,32.0180,30.6052,31.5491,30.6336,31.3789

2233.3420,31.5984,32.0210,31.4530,32.0050,30.6661,30.6464,32.0154,30.6036,31.5487,30.6250,31.3761

2234.3420,31.6009,32.0329,31.4241,32.0226,30.6705,30.6621,32.0081,30.5911,31.5502,30.6266,31.3765

2235.3430,31.5798,32.0186,31.4426,31.9857,30.6541,30.6536,32.0101,30.6033,31.5362,30.6285,31.3685

2236.3420,31.5936,32.0236,31.4289,31.9818,30.6735,30.6449,32.0011,30.5937,31.5403,30.6193,31.3676

2237.3420,31.6038,32.0208,31.4547,31.9940,30.6655,30.6415,32.0156,30.6063,31.5478,30.6239,31.3753

2238.3430,31.6012,32.0263,31.4250,32.0057,30.6482,30.6379,32.0137,30.5994,31.5413,30.6186,31.3697

2239.3430,31.6088,32.0272,31.4461,31.9934,30.6351,30.6413,32.0047,30.5919,31.5421,30.6166,31.3686

2240.3420,31.6077,32.0316,31.4294,31.9969,30.6759,30.6237,32.0016,30.5927,31.5483,30.6082,31.3700

2241.3420,31.5899,32.0461,31.4308,31.9828,30.6544,30.6539,32.0128,30.6097,31.5408,30.6318,31.3726

2242.3430,31.5847,32.0153,31.4182,31.9881,30.6360,30.6510,32.0073,30.6120,31.5285,30.6315,31.3641

2243.3420,31.6080,32.0332,31.4295,31.9928,30.6532,30.6428,32.0111,30.6099,31.5433,30.6264,31.3726

2244.3430,31.6131,32.0229,31.4489,31.9849,30.6418,30.6249,32.0168,30.6033,31.5423,30.6141,31.3696

2245.3420,31.6053,32.0231,31.4396,31.9851,30.6364,30.6589,32.0100,30.5917,31.5379,30.6253,31.3688

2246.3420,31.5996,32.0404,31.4246,32.0010,30.6518,30.6467,32.0066,30.6124,31.5435,30.6295,31.3729

2247.3420,31.5899,32.0140,31.4342,31.9919,30.6430,30.6454,32.0018,30.5993,31.5346,30.6224,31.3649

2248.3420,31.6024,32.0287,31.4359,31.9879,30.6396,30.6514,32.0090,30.5978,31.5389,30.6246,31.3691

2249.3420,31.6123,32.0156,31.4373,31.9837,30.6533,30.6524,31.9926,30.6021,31.5405,30.6272,31.3687

2250.3430,31.5915,32.0301,31.4194,32.0160,30.6541,30.6513,32.0043,30.6005,31.5422,30.6259,31.3709

2251.3420,31.6050,32.0211,31.4230,31.9859,30.6709,30.6337,31.9915,30.6008,31.5412,30.6173,31.3665

2252.3420,31.6030,32.0086,31.4223,31.9795,30.6617,30.6331,31.9968,30.5795,31.5350,30.6063,31.3606

2253.3420,31.5950,32.0104,31.4307,31.9799,30.6214,30.6449,32.0076,30.5904,31.5275,30.6176,31.3600

2254.3420,31.5793,32.0285,31.4253,31.9806,30.6428,30.6334,31.9999,30.6015,31.5313,30.6174,31.3614

2255.3420,31.5849,32.0247,31.4187,31.9923,30.6620,30.6389,31.9965,30.5995,31.5365,30.6192,31.3647

2256.3420,31.5904,32.0201,31.4193,31.9605,30.6642,30.6454,32.0013,30.5885,31.5309,30.6170,31.3612

2257.3420,31.6135,32.0112,31.4146,31.9778,30.6596,30.6540,31.9919,30.6028,31.5353,30.6284,31.3657

2258.3420,31.6066,32.0236,31.4030,31.9799,30.6344,30.6509,32.0133,30.5865,31.5295,30.6187,31.3623

2259.3420,31.5841,32.0175,31.3984,31.9833,30.6457,30.6419,32.0095,30.5982,31.5258,30.6201,31.3598

2260.3420,31.5905,32.0065,31.4094,31.9966,30.6469,30.6131,32.0140,30.5999,31.5300,30.6065,31.3596

2261.3420,31.5991,32.0403,31.4089,31.9516,30.6447,30.6137,31.9919,30.6085,31.5289,30.6111,31.3573

2262.3420,31.5818,32.0329,31.3833,31.9780,30.6589,30.6363,32.0193,30.5870,31.5270,30.6117,31.3597

2263.3420,31.5894,32.0334,31.4194,31.9710,30.6510,30.6468,32.0090,30.5937,31.5328,30.6203,31.3642

2264.3430,31.5675,32.0156,31.4059,31.9879,30.6380,30.6310,32.0020,30.5971,31.5230,30.6141,31.3556

2265.3420,31.5885,32.0137,31.3979,31.9743,30.6501,30.6187,31.9893,30.6060,31.5249,30.6123,31.3548

2266.3420,31.5890,32.0111,31.4131,31.9796,30.6421,30.6501,31.9923,30.6046,31.5270,30.6273,31.3602

2267.3420,31.5792,32.0353,31.4157,31.9621,30.6530,30.6295,31.9940,30.5839,31.5290,30.6067,31.3566

2268.3420,31.5761,32.0270,31.4158,31.9721,30.6551,30.6452,31.9932,30.5865,31.5292,30.6158,31.3589

2269.3420,31.5775,32.0060,31.4127,31.9713,30.6682,30.6114,31.9952,30.6001,31.5271,30.6057,31.3553

2270.3420,31.5917,32.0086,31.3955,31.9570,30.6486,30.6298,31.9814,30.5861,31.5203,30.6080,31.3498

2271.3420,31.5855,32.0078,31.4206,31.9891,30.6386,30.6203,31.9778,30.6194,31.5283,30.6198,31.3574

2272.3420,31.5977,32.0159,31.4042,31.9713,30.6673,30.6311,31.9685,30.6071,31.5313,30.6191,31.3579

2273.3420,31.5756,32.0089,31.4108,31.9741,30.6630,30.6409,32.0065,30.6076,31.5265,30.6242,31.3609

2274.3420,31.5609,32.0006,31.4040,31.9734,30.6380,30.6417,31.9913,30.6074,31.5154,30.6246,31.3522

2275.3420,31.5865,32.0182,31.4126,31.9656,30.6293,30.6288,31.9698,30.5978,31.5224,30.6133,31.3511

2276.3420,31.5999,32.0182,31.3944,31.9633,30.6417,30.6173,31.9863,30.5915,31.5235,30.6044,31.3516

2277.3430,31.5813,32.0045,31.3859,31.9806,30.6448,30.6345,31.9928,30.6058,31.5194,30.6201,31.3538

2278.3420,31.5782,32.0168,31.4032,31.9759,30.6614,30.6389,31.9863,30.5900,31.5271,30.6144,31.3563

2279.3420,31.5839,32.0008,31.3858,31.9454,30.6380,30.6234,31.9857,30.6065,31.5108,30.6150,31.3462

2280.3420,31.5696,32.0163,31.3957,31.9703,30.6303,30.6368,31.9984,30.5823,31.5164,30.6096,31.3500

2281.3420,31.5643,32.0014,31.3888,31.9681,30.6363,30.6306,32.0080,30.5850,31.5118,30.6078,31.3478

2282.3430,31.5744,32.0123,31.3833,31.9649,30.6228,30.6317,32.0034,30.5909,31.5116,30.6113,31.3480

2283.3420,31.5598,32.0061,31.3823,31.9690,30.6285,30.6158,32.0019,30.5979,31.5091,30.6068,31.3452

2284.3420,31.5773,31.9847,31.4050,31.9551,30.6356,30.6642,31.9997,30.5891,31.5115,30.6267,31.3513

2285.3420,31.5741,32.0151,31.3852,31.9555,30.6550,30.6235,31.9729,30.5911,31.5170,30.6073,31.3465

2286.3420,31.5733,32.0198,31.3842,31.9503,30.6471,30.6461,32.0001,30.5771,31.5149,30.6116,31.3497

2287.3420,31.5783,32.0007,31.3731,31.9613,30.6361,30.6347,31.9881,30.5854,31.5099,30.6100,31.3447

2288.3420,31.5811,31.9953,31.3907,31.9559,30.6530,30.6521,31.9995,30.5811,31.5152,30.6166,31.3511

2289.3420,31.5860,32.0000,31.3973,31.9583,30.6556,30.6400,31.9775,30.5968,31.5194,30.6184,31.3514

2290.3420,31.5853,32.0123,31.3993,31.9532,30.6479,30.6281,31.9799,30.5919,31.5196,30.6100,31.3497

2291.3420,31.5847,32.0094,31.3724,31.9597,30.6256,30.6285,31.9658,30.5787,31.5104,30.6036,31.3406

2292.3420,31.5750,32.0088,31.3873,31.9557,30.6563,30.6333,31.9768,30.5806,31.5166,30.6069,31.3467

2293.3420,31.5784,32.0079,31.4019,31.9534,30.6367,30.6282,31.9811,30.5906,31.5156,30.6094,31.3473

2294.3420,31.5780,32.0064,31.3629,31.9647,30.6443,30.6434,31.9656,30.5997,31.5113,30.6215,31.3456

2295.3420,31.5527,31.9987,31.3711,31.9494,30.6509,30.6335,31.9396,30.5879,31.5046,30.6107,31.3355

2296.3420,31.5600,31.9918,31.3966,31.9636,30.6272,30.6201,31.9833,30.5868,31.5078,30.6035,31.3412

2297.3420,31.5757,32.0175,31.3702,31.9382,30.6429,30.6147,31.9800,30.5809,31.5089,30.5978,31.3400

2298.3420,31.5662,31.9955,31.3754,31.9505,30.6396,30.6292,31.9697,30.5837,31.5054,30.6064,31.3387

2299.3420,31.5641,32.0264,31.3721,31.9504,30.6454,30.6463,31.9678,30.5885,31.5117,30.6174,31.3451

2300.3430,31.5755,32.0014,31.3742,31.9662,30.6625,30.6136,31.9540,30.6066,31.5160,30.6101,31.3442

2301.3420,31.5658,32.0085,31.3814,31.9433,30.6495,30.6561,31.9724,30.5978,31.5097,30.6270,31.3468

2302.3420,31.5536,31.9852,31.3646,31.9809,30.6410,30.6396,31.9697,30.5959,31.5051,30.6177,31.3413

2303.3420,31.5594,32.0039,31.3711,31.9499,30.6351,30.6215,31.9734,30.6046,31.5039,30.6130,31.3399

2304.3420,31.5475,32.0014,31.3560,31.9540,30.6556,30.6373,31.9489,30.5842,31.5029,30.6108,31.3356

2305.3420,31.5398,31.9784,31.3526,31.9333,30.6512,30.6300,31.9352,30.5981,31.4911,30.6141,31.3273

2306.3420,31.5653,31.9855,31.3536,31.9578,30.6462,30.6081,31.9498,30.6081,31.5017,30.6081,31.3343

2307.3420,31.5461,31.9979,31.3637,31.9378,30.6645,30.6340,31.9486,30.5922,31.5020,30.6131,31.3356

2308.3420,31.5736,31.9903,31.3801,31.9368,30.6385,30.6305,31.9527,30.6169,31.5038,30.6237,31.3399

2309.3420,31.5709,31.9853,31.3662,31.9389,30.6588,30.6292,31.9558,30.5869,31.5040,30.6081,31.3365

2310.3420,31.5596,31.9871,31.3463,31.9472,30.6358,30.6414,31.9416,30.6104,31.4952,30.6259,31.3337

2311.3420,31.5715,31.9834,31.3839,31.9463,30.6552,30.6303,31.9674,30.6082,31.5081,30.6193,31.3433

2312.3420,31.5532,31.9991,31.3490,31.9456,30.6604,30.6233,31.9470,30.5819,31.5015,30.6026,31.3324

2313.3420,31.5668,31.9750,31.3554,31.9375,30.6551,30.6147,31.9516,30.5752,31.4980,30.5950,31.3289

2314.3420,31.5703,32.0154,31.3450,31.9464,30.6737,30.6235,31.9295,30.6042,31.5102,30.6138,31.3385

2315.3420,31.5446,32.0031,31.3567,31.9491,30.6282,30.6367,31.9510,30.5925,31.4963,30.6146,31.3327

2316.3420,31.5533,31.9803,31.3668,31.9310,30.6501,30.6233,31.9479,30.5740,31.4963,30.5986,31.3283

2317.3420,31.5522,32.0078,31.3506,31.9506,30.6570,30.6199,31.9449,30.6002,31.5037,30.6100,31.3354

2318.3420,31.5709,31.9663,31.3523,31.9241,30.6471,30.6456,31.9438,30.5911,31.4921,30.6184,31.3301

2319.3420,31.5536,31.9934,31.3634,31.9314,30.6669,30.6293,31.9262,30.5767,31.5017,30.6030,31.3301

2320.3430,31.5602,31.9867,31.3408,31.9313,30.6533,30.6213,31.9247,30.6030,31.4944,30.6121,31.3276

2321.3420,31.5786,31.9729,31.3566,31.9176,30.6500,30.6421,31.9401,30.6078,31.4951,30.6249,31.3332

2322.3420,31.5322,31.9933,31.3502,31.9473,30.6455,30.6351,31.9290,30.5895,31.4937,30.6123,31.3278

2323.3420,31.5725,31.9756,31.3489,31.9399,30.6467,30.6242,31.9357,30.5814,31.4967,30.6028,31.3281

2324.3420,31.5512,31.9782,31.3440,31.9304,30.6593,30.6189,31.9426,30.5714,31.4926,30.5952,31.3245

2325.3430,31.5433,31.9910,31.3446,31.9234,30.6298,30.6035,31.9511,30.6021,31.4864,30.6028,31.3236

2326.3420,31.5614,31.9960,31.3449,31.9200,30.6314,30.6323,31.9411,30.5821,31.4907,30.6072,31.3261

2327.3430,31.5536,31.9836,31.3433,31.9189,30.6401,30.6603,31.9480,30.5861,31.4879,30.6232,31.3292

2328.3420,31.5487,31.9747,31.3344,31.9189,30.6441,30.6314,31.9245,30.5910,31.4842,30.6112,31.3210

2329.3420,31.5332,31.9824,31.3464,31.9280,30.6389,30.6469,31.9228,30.5614,31.4858,30.6042,31.3200

2330.3420,31.5380,31.9576,31.3337,31.9224,30.6329,30.6372,31.9651,30.5869,31.4769,30.6120,31.3217

2331.3420,31.5558,31.9641,31.3444,31.9110,30.6343,30.6160,31.9434,30.5521,31.4819,30.5840,31.3151

2332.3420,31.5374,31.9632,31.3365,31.9228,30.6375,30.6441,31.9341,30.5849,31.4795,30.6145,31.3201

2333.3430,31.5592,31.9739,31.3402,31.9153,30.6508,30.6485,31.9336,30.6100,31.4879,30.6292,31.3289

2334.3420,31.5538,31.9758,31.3312,31.9284,30.6351,30.6360,31.9396,30.5909,31.4848,30.6135,31.3238

2335.3420,31.5635,31.9802,31.3356,31.9234,30.6373,30.6279,31.9365,30.5617,31.4880,30.5948,31.3208

2336.3420,31.5415,31.9638,31.3371,31.9084,30.6449,30.6350,31.9375,30.5767,31.4791,30.6059,31.3181

2337.3420,31.5402,31.9568,31.3367,31.9244,30.6341,30.6285,31.9343,30.5876,31.4784,30.6081,31.3178

2338.3420,31.5428,31.9890,31.3163,31.9182,30.6298,30.6519,31.9304,30.5983,31.4792,30.6251,31.3221

2339.3420,31.5576,31.9596,31.3282,31.9234,30.6253,30.6253,31.9309,30.5698,31.4788,30.5976,31.3150

2340.3420,31.5293,31.9523,31.3341,31.9195,30.6214,30.6125,31.9214,30.5772,31.4713,30.5948,31.3085

2341.3420,31.5300,31.9664,31.3322,31.9035,30.6338,30.6404,31.9434,30.5732,31.4732,30.6068,31.3154

2342.3420,31.5532,31.9549,31.3156,31.9197,30.6270,30.6143,31.9291,30.5908,31.4741,30.6025,31.3131

2343.3420,31.5342,31.9583,31.3105,31.9377,30.6390,30.6305,31.9236,30.5746,31.4759,30.6025,31.3135

2344.3420,31.5242,31.9790,31.3204,31.9292,30.6295,30.6271,31.9227,30.5839,31.4765,30.6055,31.3145

2345.3430,31.5350,31.9641,31.3177,31.9228,30.6496,30.6332,31.9355,30.6092,31.4778,30.6212,31.3209

2346.3420,31.5368,31.9426,31.3056,31.9211,30.6346,30.6214,31.9403,30.5834,31.4681,30.6024,31.3107

2347.3420,31.5371,31.9582,31.3099,31.9192,30.6461,30.6174,31.9244,30.6062,31.4741,30.6118,31.3148

2348.3420,31.5798,31.9716,31.3139,31.9101,30.6038,30.5987,31.9077,30.6010,31.4758,30.5998,31.3108

2349.3420,31.5317,31.9451,31.3292,31.9188,30.6139,30.6247,31.9385,30.6055,31.4678,30.6151,31.3134

2350.3420,31.5517,31.9506,31.2896,31.9135,30.6292,30.6259,31.9050,30.5907,31.4669,30.6083,31.3070

2351.3420,31.5398,31.9348,31.3311,31.9048,30.6389,30.6032,31.9222,30.6060,31.4699,30.6046,31.3101

2352.3420,31.5602,31.9647,31.3009,31.9069,30.6401,30.6096,31.9271,30.5673,31.4746,30.5884,31.3096

2353.3420,31.5434,31.9752,31.3180,31.9043,30.5979,30.6196,31.9142,30.5881,31.4678,30.6038,31.3076

2354.3430,31.5404,31.9685,31.3071,31.8939,30.6339,30.6349,31.9038,30.5912,31.4688,30.6130,31.3092

2355.3420,31.5584,31.9558,31.3226,31.8948,30.6233,30.6374,31.9126,30.5683,31.4710,30.6029,31.3092

2356.3420,31.5306,31.9601,31.2827,31.8977,30.6321,30.6279,31.9385,30.5926,31.4607,30.6102,31.3078

2357.3420,31.5469,31.9285,31.3192,31.9018,30.6418,30.6183,31.9182,30.5915,31.4676,30.6049,31.3083

2358.3420,31.5486,31.9599,31.3018,31.8928,30.6177,30.6149,31.9107,30.5933,31.4642,30.6041,31.3050

2359.3420,31.5529,31.9573,31.3193,31.8958,30.6084,30.6084,31.9329,30.6173,31.4667,30.6128,31.3115

2360.3420,31.5383,31.9472,31.3092,31.8867,30.6187,30.6365,31.9092,30.6051,31.4600,30.6208,31.3064

2361.3420,31.5278,31.9553,31.3023,31.9084,30.6288,30.6143,31.9253,30.5894,31.4645,30.6018,31.3064

2362.3430,31.5588,31.9555,31.2964,31.8874,30.6152,30.6349,31.9212,30.6025,31.4627,30.6187,31.3090

2363.3420,31.5232,31.9531,31.2944,31.8878,30.6181,30.6618,31.9399,30.5829,31.4553,30.6224,31.3077

2364.3420,31.5259,31.9741,31.3019,31.9089,30.6260,30.6208,31.9310,30.5940,31.4674,30.6074,31.3103

2365.3420,31.5303,31.9549,31.3165,31.8864,30.6168,30.6173,31.9150,30.6098,31.4610,30.6135,31.3059

2366.3420,31.5201,31.9621,31.2898,31.8917,30.6300,30.6413,31.9133,30.6042,31.4587,30.6227,31.3065

2367.3420,31.5576,31.9586,31.3009,31.8868,30.6267,30.6394,31.9206,30.6215,31.4661,30.6305,31.3140

2368.3420,31.5188,31.9360,31.2985,31.8914,30.6128,30.6180,31.8966,30.6020,31.4515,30.6100,31.2968

2369.3430,31.5318,31.9594,31.2928,31.8862,30.6305,30.6249,31.9083,30.5986,31.4602,30.6117,31.3041

2370.3420,31.5272,31.9640,31.2978,31.8649,30.6203,30.6024,31.9302,30.6052,31.4549,30.6038,31.3015

2371.3420,31.5221,31.9542,31.3036,31.8928,30.6062,30.6250,31.9312,30.5997,31.4558,30.6123,31.3044

2372.3420,31.5503,31.9466,31.2987,31.8916,30.6340,30.6133,31.9015,30.5992,31.4642,30.6063,31.3044

2373.3420,31.5228,31.9563,31.2868,31.8905,30.6126,30.6135,31.9135,30.5989,31.4538,30.6062,31.2994

2374.3420,31.5425,31.9249,31.2921,31.8798,30.6243,30.6346,31.9258,30.6031,31.4527,30.6189,31.3034

2375.3420,31.5185,31.9461,31.2748,31.8959,30.6219,30.6369,31.9081,30.6017,31.4515,30.6193,31.3005

2376.3420,31.5287,31.9602,31.2931,31.8926,30.6245,30.6391,31.9048,30.5996,31.4598,30.6194,31.3053

2377.3420,31.5316,31.9570,31.2871,31.8904,30.6321,30.6312,31.9030,30.5927,31.4596,30.6119,31.3031

2378.3420,31.5230,31.9459,31.2746,31.8638,30.6174,30.6259,31.9126,30.5907,31.4449,30.6083,31.2942

2379.3420,31.5191,31.9511,31.2718,31.8789,30.6116,30.6347,31.9089,30.5985,31.4465,30.6166,31.2968

2380.3420,31.5372,31.9299,31.2778,31.8928,30.6208,30.6265,31.9092,30.6006,31.4517,30.6136,31.2994

2381.3420,31.5101,31.9324,31.2841,31.8953,30.6172,30.6205,31.8911,30.6163,31.4478,30.6184,31.2959

2382.3430,31.5146,31.9422,31.2713,31.8821,30.6316,30.6208,31.9061,30.6109,31.4484,30.6159,31.2975

2383.3420,31.4982,31.9318,31.2548,31.8651,30.6119,30.6237,31.8994,30.5969,31.4324,30.6103,31.2852

2384.3430,31.5061,31.9221,31.2733,31.8663,30.6095,30.6363,31.9080,30.5874,31.4355,30.6118,31.2886

2385.3420,31.5047,31.9065,31.2605,31.8601,30.6216,30.6038,31.8873,30.6024,31.4307,30.6031,31.2809

2386.3420,31.5055,31.9308,31.2806,31.8820,30.6483,30.6211,31.9167,30.5976,31.4494,30.6093,31.2978

2387.3420,31.5169,31.9192,31.2878,31.8793,30.6428,30.6217,31.9131,30.5944,31.4492,30.6080,31.2969

2388.3420,31.5349,31.9457,31.2669,31.8819,30.6392,30.6293,31.9199,30.5922,31.4537,30.6107,31.3012

2389.3420,31.5285,31.9382,31.2664,31.8678,30.6286,30.6375,31.8918,30.5934,31.4459,30.6155,31.2940

2390.3420,31.5048,31.9353,31.2579,31.8499,30.6429,30.6152,31.9109,30.6213,31.4382,30.6183,31.2923

2391.3420,31.5172,31.9492,31.2549,31.8896,30.6116,30.6445,31.9056,30.5999,31.4445,30.6222,31.2966

2392.3420,31.5219,31.9489,31.2621,31.8635,30.6229,30.6394,31.8884,30.6018,31.4439,30.6206,31.2936

2393.3420,31.5371,31.9279,31.2580,31.8726,30.6461,30.6310,31.9003,30.5948,31.4483,30.6129,31.2960

2394.3430,31.5362,31.9423,31.2869,31.8860,30.6264,30.6363,31.8799,30.6100,31.4556,30.6232,31.3005

2395.3420,31.5062,31.9380,31.2700,31.8691,30.6434,30.6199,31.8770,30.5898,31.4453,30.6049,31.2892

2396.3420,31.5126,31.9256,31.2595,31.8594,30.6052,30.6338,31.8871,30.5892,31.4325,30.6115,31.2841

2397.3420,31.5240,31.9187,31.2643,31.8634,30.6631,30.6124,31.8859,30.5837,31.4467,30.5980,31.2894

2398.3420,31.5153,31.9110,31.2565,31.8668,30.5947,30.6210,31.8945,30.6022,31.4289,30.6116,31.2828

2399.3420,31.4972,31.9337,31.2515,31.8750,30.6306,30.6504,31.8980,30.5841,31.4376,30.6172,31.2901

2400.3420,31.4996,31.9364,31.2473,31.8599,30.6109,30.6213,31.8825,30.5851,31.4308,30.6032,31.2804

2401.3420,31.4927,31.9161,31.2645,31.8574,30.6087,30.6275,31.8889,30.5749,31.4279,30.6012,31.2788

2402.3420,31.4915,31.9279,31.2684,31.8477,30.6183,30.6126,31.8923,30.6108,31.4307,30.6117,31.2837

2403.3420,31.4968,31.9322,31.2487,31.8581,30.6138,30.6345,31.8759,30.5893,31.4299,30.6119,31.2812

2404.3430,31.5027,31.9253,31.2525,31.8750,30.6545,30.6211,31.8755,30.6164,31.4420,30.6188,31.2904

2405.3420,31.5006,31.9239,31.2535,31.8775,30.6020,30.6204,31.8784,30.5626,31.4315,30.5915,31.2774

2406.3420,31.4825,31.9165,31.2560,31.8733,30.6079,30.6338,31.8790,30.5788,31.4272,30.6063,31.2785

2407.3420,31.5043,31.9276,31.2408,31.8568,30.6223,30.6265,31.8821,30.5734,31.4304,30.5999,31.2792

2408.3420,31.4866,31.9316,31.2593,31.8687,30.6121,30.6266,31.8612,30.5923,31.4316,30.6095,31.2798

2409.3420,31.4921,31.9303,31.2543,31.8524,30.5983,30.6143,31.8810,30.5922,31.4255,30.6032,31.2769

2410.3420,31.4858,31.9290,31.2576,31.8557,30.6037,30.6521,31.8764,30.5839,31.4264,30.6180,31.2805

2411.3420,31.5034,31.9088,31.2534,31.8590,30.6143,30.6289,31.8665,30.5946,31.4278,30.6117,31.2786

2412.3420,31.4997,31.9050,31.2440,31.8623,30.6190,30.6241,31.8496,30.6030,31.4260,30.6136,31.2758

2413.3420,31.4937,31.9109,31.2546,31.8424,30.6163,30.6224,31.8626,30.6196,31.4236,30.6210,31.2778

2414.3420,31.5085,31.9475,31.2517,31.8358,30.6208,30.6288,31.8376,30.5818,31.4328,30.6053,31.2766

2415.3420,31.4955,31.9117,31.2483,31.8516,30.6205,30.5979,31.8540,30.5923,31.4255,30.5951,31.2715

2416.3420,31.4986,31.9272,31.2305,31.8465,30.6146,30.6193,31.8549,30.5822,31.4235,30.6008,31.2717

2417.3420,31.4872,31.9141,31.2155,31.8554,30.6276,30.6431,31.8470,30.5952,31.4199,30.6192,31.2731

2418.3420,31.4858,31.9093,31.2352,31.8431,30.6229,30.6305,31.8300,30.5802,31.4193,30.6053,31.2671

2419.3420,31.4983,31.9148,31.2444,31.8566,30.6402,30.6190,31.8486,30.6035,31.4308,30.6113,31.2782

2420.3420,31.4989,31.9206,31.2328,31.8516,30.6168,30.6196,31.8525,30.6018,31.4241,30.6107,31.2743

2421.3420,31.4836,31.9047,31.2347,31.8540,30.6174,30.6240,31.8568,30.6000,31.4189,30.6120,31.2719

2422.3420,31.4943,31.9329,31.2484,31.8319,30.6155,30.6258,31.8568,30.5943,31.4246,30.6101,31.2750

2423.3420,31.5066,31.9101,31.2534,31.8585,30.6283,30.6287,31.8393,30.5846,31.4314,30.6066,31.2762

2424.3430,31.4846,31.9117,31.2437,31.8249,30.6340,30.6377,31.8639,30.5865,31.4198,30.6121,31.2734

2425.3420,31.4922,31.9008,31.2384,31.8379,30.6345,30.6058,31.8426,30.6054,31.4208,30.6056,31.2697

2426.3420,31.5274,31.9250,31.2424,31.8326,30.6092,30.6031,31.8354,30.5702,31.4273,30.5866,31.2682

2427.3420,31.5229,31.9034,31.2344,31.8212,30.6160,30.6287,31.8606,30.6000,31.4196,30.6143,31.2734

2428.3430,31.4925,31.9082,31.2354,31.8378,30.6179,30.6391,31.8349,30.6052,31.4183,30.6221,31.2714

2429.3420,31.5182,31.8905,31.2173,31.8356,30.5986,30.6155,31.8225,30.6014,31.4121,30.6084,31.2625

2430.3420,31.4995,31.8990,31.2384,31.8305,30.6047,30.6263,31.8262,30.5892,31.4144,30.6078,31.2642

2431.3420,31.4876,31.9160,31.2409,31.8306,30.6102,30.6243,31.8428,30.5886,31.4171,30.6065,31.2677

2432.3420,31.5088,31.9064,31.2177,31.8426,30.6042,30.6206,31.8280,30.5905,31.4159,30.6056,31.2648

2433.3420,31.5111,31.9186,31.2097,31.8323,30.5952,30.6384,31.8539,30.5914,31.4134,30.6149,31.2688

2434.3420,31.5122,31.9032,31.2305,31.8136,30.6071,30.6221,31.8493,30.6019,31.4133,30.6120,31.2675

2435.3420,31.5090,31.9175,31.2011,31.8326,30.5841,30.6297,31.8495,30.6231,31.4089,30.6264,31.2683

2436.3420,31.4952,31.8973,31.2156,31.8400,30.6300,30.6183,31.8320,30.6084,31.4156,30.6133,31.2671

2437.3420,31.5125,31.8969,31.2354,31.8476,30.5994,30.6248,31.8199,30.6041,31.4183,30.6145,31.2676

2438.3420,31.4740,31.9024,31.2250,31.8367,30.6055,30.6083,31.8306,30.5810,31.4087,30.5947,31.2579

2439.3420,31.4758,31.8813,31.1972,31.8165,30.6012,30.6054,31.8221,30.5909,31.3944,30.5982,31.2488

2440.3430,31.5019,31.8995,31.1944,31.8165,30.6137,30.6212,31.8324,30.5963,31.4052,30.6087,31.2595

2441.3420,31.5000,31.8922,31.2124,31.8237,30.5864,30.6066,31.8424,30.6226,31.4029,30.6146,31.2608

2442.3420,31.4603,31.8960,31.2167,31.8167,30.5998,30.6256,31.8378,30.5932,31.3979,30.6094,31.2558

2443.3420,31.4775,31.8903,31.2232,31.8148,30.6123,30.6029,31.8411,30.6090,31.4036,30.6059,31.2589

2444.3420,31.4870,31.8886,31.2182,31.8220,30.6087,30.6228,31.8332,30.6143,31.4049,30.6186,31.2619

2445.3420,31.4896,31.8937,31.2050,31.8196,30.6089,30.6239,31.8393,30.6070,31.4034,30.6155,31.2609

2446.3420,31.4989,31.9094,31.2202,31.8010,30.6229,30.6111,31.8198,30.6271,31.4105,30.6191,31.2638

2447.3420,31.4975,31.9092,31.1970,31.8322,30.6027,30.6201,31.8276,30.6064,31.4077,30.6133,31.2616

2448.3420,31.4959,31.8885,31.2148,31.8252,30.6072,30.6321,31.8303,30.6190,31.4063,30.6255,31.2641

2449.3420,31.4812,31.8901,31.1821,31.8286,30.6122,30.5873,31.8361,30.5920,31.3989,30.5897,31.2512

2450.3420,31.5046,31.9022,31.2088,31.8084,30.6207,30.6385,31.8412,30.5972,31.4089,30.6179,31.2652

2451.3420,31.4776,31.8894,31.1932,31.8195,30.6223,30.6176,31.8434,30.6124,31.4004,30.6150,31.2594

2452.3430,31.4789,31.9102,31.2037,31.8060,30.6104,30.6203,31.8121,30.6221,31.4018,30.6212,31.2580

2453.3420,31.4920,31.8882,31.2004,31.8197,30.6057,30.6147,31.8215,30.6189,31.4012,30.6168,31.2576

2454.3420,31.4932,31.8786,31.2101,31.8251,30.6046,30.6177,31.8213,30.6168,31.4023,30.6172,31.2584

2455.3420,31.4885,31.8811,31.2084,31.8136,30.5965,30.6177,31.8352,30.6092,31.3976,30.6135,31.2563

2456.3420,31.5013,31.8920,31.1958,31.8225,30.5952,30.6206,31.8305,30.5910,31.4014,30.6058,31.2561

2457.3420,31.4842,31.8846,31.2165,31.8104,30.6157,30.6439,31.8217,30.5833,31.4023,30.6136,31.2575

2458.3430,31.4828,31.8807,31.1939,31.8080,30.5852,30.6096,31.8211,30.6091,31.3901,30.6094,31.2488

2459.3420,31.4822,31.8705,31.2038,31.7935,30.6067,30.6433,31.8067,30.6161,31.3913,30.6297,31.2528

2460.3420,31.4702,31.8920,31.1967,31.8122,30.5975,30.6469,31.8395,30.5924,31.3937,30.6196,31.2559

2461.3420,31.4758,31.8936,31.1969,31.8166,30.6078,30.6162,31.8265,30.6120,31.3981,30.6141,31.2557

2462.3430,31.4749,31.8880,31.1847,31.8237,30.6130,30.6228,31.8448,30.5970,31.3969,30.6099,31.2561

2463.3420,31.4855,31.9085,31.1780,31.7912,30.5949,30.6137,31.7935,30.5926,31.3916,30.6031,31.2447

2464.3420,31.4845,31.8897,31.1888,31.8203,30.5967,30.6310,31.8127,30.5995,31.3960,30.6153,31.2529

2465.3420,31.4803,31.8815,31.1956,31.8087,30.6137,30.6288,31.7993,30.5912,31.3960,30.6100,31.2499

2466.3420,31.4655,31.9004,31.1817,31.8164,30.5933,30.6149,31.8169,30.6017,31.3915,30.6083,31.2489

2467.3420,31.4803,31.8759,31.1885,31.7998,30.6067,30.6288,31.8195,30.6123,31.3902,30.6206,31.2515

2468.3430,31.4870,31.8961,31.1764,31.8121,30.6205,30.6331,31.8257,30.5974,31.3984,30.6153,31.2560

2469.3430,31.4830,31.8795,31.1907,31.8128,30.6009,30.6103,31.8156,30.6079,31.3934,30.6091,31.2501

2470.3420,31.4850,31.8576,31.1792,31.7980,30.5733,30.6109,31.8069,30.6231,31.3786,30.6170,31.2417

2471.3420,31.4765,31.8808,31.2062,31.8001,30.6071,30.6273,31.8222,30.6122,31.3941,30.6198,31.2540

2472.3420,31.4575,31.8680,31.1849,31.8008,30.6027,30.6290,31.8079,30.6017,31.3828,30.6154,31.2441

2473.3420,31.4826,31.8914,31.1876,31.8036,30.5897,30.6399,31.8153,30.6108,31.3910,30.6254,31.2526

2474.3420,31.4848,31.8733,31.1728,31.7841,30.5839,30.6271,31.8100,30.5952,31.3798,30.6111,31.2414

2475.3420,31.4810,31.8757,31.1865,31.7771,30.6078,30.6106,31.8180,30.5970,31.3856,30.6038,31.2442

2476.3420,31.4724,31.8724,31.1926,31.7902,30.5893,30.6251,31.8292,30.6034,31.3834,30.6143,31.2468

2477.3430,31.4648,31.8838,31.1664,31.7871,30.5963,30.6208,31.8242,30.6039,31.3797,30.6123,31.2434

2478.3420,31.4841,31.8899,31.1650,31.8200,30.5987,30.6119,31.8265,30.6039,31.3916,30.6079,31.2500

2479.3420,31.4721,31.8909,31.1731,31.7933,30.6079,30.6431,31.7999,30.6037,31.3875,30.6234,31.2480

2480.3420,31.4790,31.8792,31.1750,31.7685,30.5805,30.6232,31.8083,30.5969,31.3764,30.6101,31.2388

2481.3420,31.4976,31.8641,31.1801,31.8026,30.5887,30.6333,31.7970,30.6244,31.3866,30.6289,31.2485

2482.3420,31.4761,31.8565,31.1734,31.8012,30.5789,30.6132,31.8251,30.5987,31.3772,30.6060,31.2404

2483.3420,31.4553,31.8805,31.1847,31.7730,30.6132,30.6263,31.8120,30.5887,31.3814,30.6075,31.2417

2484.3420,31.4588,31.8728,31.1465,31.7921,30.5969,30.6101,31.8057,30.6209,31.3734,30.6155,31.2380

2485.3420,31.4729,31.8927,31.1838,31.8002,30.5861,30.6086,31.8077,30.6100,31.3871,30.6093,31.2453

2486.3420,31.4409,31.8690,31.1610,31.8084,30.5691,30.6312,31.8103,30.5593,31.3697,30.5952,31.2312

2487.3420,31.4570,31.8678,31.1519,31.7899,30.6007,30.6190,31.8096,30.6233,31.3735,30.6211,31.2399

2488.3420,31.4555,31.8713,31.1586,31.7826,30.5997,30.6232,31.8206,30.6232,31.3736,30.6232,31.2418

2489.3420,31.4642,31.8841,31.1747,31.7963,30.6037,30.6319,31.8076,30.6041,31.3846,30.6180,31.2458

2490.3430,31.4618,31.8667,31.1489,31.7912,30.5830,30.6342,31.7996,30.5896,31.3703,30.6119,31.2344

2491.3420,31.4496,31.8948,31.1511,31.7629,30.5957,30.6192,31.8042,30.6140,31.3708,30.6166,31.2364

2492.3420,31.4758,31.8793,31.1750,31.7802,30.5876,30.6228,31.7995,30.6284,31.3796,30.6256,31.2436

2493.3420,31.4550,31.8881,31.1684,31.7862,30.5818,30.6171,31.7905,30.6091,31.3759,30.6131,31.2370

2494.3420,31.4747,31.8825,31.1525,31.7896,30.5944,30.6508,31.8103,30.6099,31.3787,30.6304,31.2456

2495.3420,31.4539,31.8561,31.1524,31.7665,30.5793,30.6216,31.7970,30.6113,31.3616,30.6164,31.2298

2496.3420,31.4432,31.8635,31.1588,31.7762,30.5831,30.6080,31.8048,30.5986,31.3650,30.6033,31.2295

2497.3420,31.4733,31.8397,31.1716,31.7899,30.5804,30.6298,31.7880,30.6049,31.3710,30.6173,31.2347

2498.3420,31.4514,31.8601,31.1521,31.7704,30.5979,30.6209,31.7883,30.5951,31.3664,30.6080,31.2295

2499.3420,31.4501,31.8898,31.1672,31.7814,30.5882,30.6211,31.8152,30.5995,31.3753,30.6103,31.2390

2500.3420,31.4452,31.8529,31.1557,31.7802,30.6016,30.6162,31.7891,30.6153,31.3671,30.6157,31.2320

2501.3420,31.4648,31.8669,31.1598,31.7777,30.5648,30.6226,31.7960,30.6076,31.3668,30.6151,31.2325

2502.3420,31.4304,31.8563,31.1314,31.7718,30.5938,30.6206,31.7957,30.5858,31.3567,30.6032,31.2232

2503.3420,31.4367,31.8536,31.1560,31.7861,30.5762,30.6232,31.8025,30.6209,31.3617,30.6220,31.2319

2504.3430,31.4726,31.8613,31.1477,31.7867,30.5952,30.6149,31.7937,30.6112,31.3727,30.6130,31.2354

2505.3420,31.4663,31.8510,31.1604,31.7571,30.5762,30.6073,31.7876,30.6087,31.3622,30.6080,31.2268

2506.3420,31.4620,31.8378,31.1561,31.7843,30.6000,30.6311,31.7923,30.6104,31.3681,30.6207,31.2342

2507.3420,31.4770,31.8725,31.1429,31.7646,30.5949,30.6184,31.8012,30.6057,31.3704,30.6121,31.2347

2508.3420,31.4496,31.8465,31.1559,31.7601,30.6008,30.6083,31.7939,30.5980,31.3626,30.6032,31.2266

2509.3420,31.4571,31.8445,31.1478,31.7577,30.6140,30.6211,31.7920,30.6192,31.3642,30.6201,31.2317

2510.3420,31.4565,31.8480,31.1372,31.7912,30.5903,30.6124,31.7870,30.5978,31.3646,30.6051,31.2276

2511.3420,31.4427,31.8468,31.1500,31.7689,30.5939,30.6207,31.7900,30.5921,31.3605,30.6064,31.2256

2512.3420,31.4472,31.8767,31.1288,31.7776,30.5759,30.6300,31.7913,30.5909,31.3612,30.6104,31.2273

2513.3420,31.4536,31.8472,31.1557,31.7754,30.5940,30.6062,31.7801,30.6067,31.3652,30.6064,31.2274

2514.3420,31.4362,31.8625,31.1385,31.7662,30.6076,30.6269,31.7878,30.6091,31.3622,30.6180,31.2294

2515.3420,31.4481,31.8553,31.1459,31.7652,30.5796,30.6201,31.8014,30.5980,31.3589,30.6090,31.2267

2516.3420,31.4344,31.8698,31.1223,31.7759,30.5917,30.6171,31.7651,30.5894,31.3588,30.6032,31.2207

2517.3420,31.4485,31.8623,31.1214,31.7539,30.5870,30.6373,31.7712,30.6157,31.3546,30.6265,31.2247

2518.3430,31.4647,31.8336,31.1458,31.7669,30.5831,30.6150,31.7801,30.5934,31.3588,30.6042,31.2228

2519.3420,31.4500,31.8377,31.1264,31.7476,30.5919,30.6252,31.7828,30.6186,31.3507,30.6219,31.2225

2520.3420,31.4382,31.8731,31.1322,31.7576,30.5842,30.6124,31.7614,30.6049,31.3571,30.6087,31.2205

2521.3420,31.4216,31.8515,31.1252,31.7305,30.5841,30.6264,31.7661,30.6156,31.3426,30.6210,31.2151

2522.3420,31.4090,31.8637,31.1313,31.7548,30.5668,30.6002,31.7877,30.5955,31.3451,30.5978,31.2136

2523.3420,31.4533,31.8441,31.1394,31.7540,30.5923,30.6111,31.7629,30.5730,31.3566,30.5921,31.2163

2524.3420,31.4191,31.8568,31.1136,31.7634,30.5693,30.6295,31.7638,30.6065,31.3444,30.6180,31.2152

2525.3420,31.4539,31.8478,31.1412,31.7455,30.5872,30.6220,31.7708,30.5727,31.3551,30.5973,31.2176

2526.3420,31.4221,31.8634,31.1230,31.7489,30.6180,30.6358,31.7639,30.5799,31.3551,30.6079,31.2194

2527.3420,31.4237,31.8510,31.1228,31.7623,30.5966,30.6111,31.7510,30.6013,31.3513,30.6062,31.2150

2528.3420,31.4239,31.8538,31.1317,31.7426,30.5719,30.6405,31.7515,30.5888,31.3448,30.6146,31.2131

2529.3420,31.4457,31.8496,31.1148,31.7688,30.6110,30.6341,31.7717,30.6289,31.3580,30.6315,31.2281

2530.3420,31.4467,31.8384,31.1295,31.7389,30.6082,30.6162,31.7521,30.6134,31.3523,30.6148,31.2179

2531.3420,31.4368,31.8422,31.1258,31.7474,30.6068,30.6228,31.7432,30.5998,31.3518,30.6113,31.2156

2532.3420,31.4287,31.8506,31.1252,31.7318,30.6034,30.6283,31.7699,30.6006,31.3479,30.6144,31.2173

2533.3420,31.4138,31.8574,31.1329,31.7391,30.5932,30.6152,31.7696,30.6096,31.3473,30.6124,31.2163

2534.3420,31.4288,31.8529,31.1251,31.7562,30.6101,30.6275,31.7745,30.5983,31.3546,30.6129,31.2217

2535.3430,31.4244,31.8548,31.1233,31.7590,30.5944,30.6338,31.7670,30.6000,31.3512,30.6169,31.2196

2536.3420,31.4218,31.8430,31.1040,31.7407,30.6064,30.6261,31.7548,30.6017,31.3432,30.6139,31.2123

2537.3420,31.4250,31.8312,31.1345,31.7360,30.6007,30.6444,31.7712,30.6068,31.3455,30.6256,31.2187

2538.3420,31.4196,31.8448,31.1044,31.7289,30.5849,30.6239,31.7486,30.6070,31.3365,30.6154,31.2078

2539.3420,31.4159,31.8547,31.1134,31.7383,30.5836,30.6325,31.7355,30.6057,31.3412,30.6191,31.2100

2540.3420,31.3989,31.8637,31.1120,31.7304,30.5741,30.6206,31.7285,30.5919,31.3358,30.6062,31.2025

2541.3420,31.4093,31.8361,31.1238,31.7403,30.5816,30.6408,31.7413,30.6164,31.3382,30.6286,31.2112

2542.3420,31.4190,31.8314,31.1239,31.7408,30.5786,30.6237,31.7526,30.5786,31.3387,30.6012,31.2061

2543.3420,31.4176,31.8336,31.1072,31.7341,30.5867,30.6370,31.7406,30.5998,31.3358,30.6184,31.2071

2544.3420,31.4019,31.8346,31.1063,31.7261,30.5870,30.6246,31.7684,30.6208,31.3312,30.6227,31.2087

2545.3420,31.3931,31.8250,31.1208,31.7340,30.5918,30.6209,31.7377,30.6209,31.3329,30.6209,31.2055

2546.3420,31.4450,31.8476,31.1302,31.7255,30.5709,30.6202,31.7584,30.6104,31.3438,30.6153,31.2135

2547.3420,31.4168,31.8497,31.1304,31.7220,30.5807,30.6248,31.7483,30.5995,31.3399,30.6122,31.2090

2548.3420,31.4347,31.8337,31.0895,31.7140,30.5770,30.6371,31.7445,30.6164,31.3298,30.6268,31.2059

2549.3420,31.4139,31.8227,31.1156,31.7373,30.5782,30.6327,31.7453,30.6107,31.3336,30.6217,31.2071

2550.3420,31.4194,31.8411,31.1082,31.7379,30.5908,30.6303,31.7308,30.6148,31.3395,30.6225,31.2092

2551.3420,31.4056,31.8266,31.0937,31.7234,30.5681,30.6438,31.7266,30.5944,31.3235,30.6191,31.1978

2552.3420,31.4249,31.8313,31.0970,31.7224,30.5836,30.6287,31.7511,30.6193,31.3318,30.6240,31.2073

2553.3420,31.4259,31.8455,31.1055,31.7197,30.5790,30.6358,31.7408,30.6326,31.3351,30.6342,31.2106

2554.3420,31.4019,31.8250,31.0967,31.7278,30.5700,30.6325,31.7550,30.6208,31.3243,30.6267,31.2037

2555.3420,31.4191,31.8209,31.1171,31.7196,30.5783,30.6290,31.7247,30.6271,31.3310,30.6281,31.2045

2556.3420,31.4255,31.8321,31.1044,31.7312,30.5504,30.6176,31.7134,30.6214,31.3287,30.6195,31.1995

2557.3420,31.4322,31.8184,31.0934,31.7165,30.5825,30.6060,31.7132,30.5966,31.3286,30.6013,31.1948

2558.3420,31.4208,31.8317,31.0974,31.7228,30.5593,30.6336,31.7322,30.6345,31.3264,30.6340,31.2041

2559.3420,31.4409,31.8164,31.0971,31.7104,30.5766,30.6306,31.7254,30.6405,31.3283,30.6356,31.2047

2560.3420,31.4111,31.8275,31.0946,31.7294,30.5933,30.6234,31.7276,30.6121,31.3312,30.6177,31.2024

2561.3430,31.4339,31.8265,31.0941,31.7176,30.5625,30.6321,31.7369,30.6218,31.3269,30.6269,31.2032

2562.3420,31.4057,31.8305,31.0887,31.7235,30.5752,30.6151,31.7367,30.6259,31.3247,30.6205,31.2002

2563.3420,31.4092,31.8246,31.0893,31.7124,30.5867,30.6243,31.7317,30.6130,31.3245,30.6187,31.1989

2564.3420,31.4008,31.8317,31.0955,31.7247,30.5877,30.6286,31.7378,30.6375,31.3281,30.6330,31.2055

2565.3420,31.4179,31.8241,31.0907,31.7030,30.5762,30.6373,31.7232,30.6255,31.3224,30.6314,31.1997

