Elapsed Time (s), Rod voltage (V), Rod Current (A), Rod Power (W)
1.8950,NaN,NaN,NaN

2.6860,0.0017,0.1473,0.0003

3.6850,0.0017,0.1427,0.0002

4.6850,0.0017,0.1484,0.0003

5.6850,0.0017,0.1529,0.0003

6.6850,0.0018,0.1451,0.0003

7.6850,0.0017,0.1591,0.0003

8.6850,0.0018,0.1537,0.0003

9.6850,0.0018,0.1619,0.0003

10.6850,0.0017,0.1528,0.0003

11.6850,0.0018,0.1606,0.0003

12.6850,0.0018,0.1503,0.0003

13.6850,0.0018,0.1540,0.0003

14.6850,0.0018,0.1456,0.0003

15.6860,0.0018,0.1587,0.0003

16.6850,0.0018,0.1560,0.0003

17.6850,0.0017,0.1508,0.0003

18.6850,0.0017,0.1500,0.0003

19.6850,0.0018,0.1541,0.0003

20.6850,0.0018,0.1507,0.0003

21.6850,0.0018,0.1635,0.0003

22.6850,0.0018,0.1523,0.0003

23.6850,0.0018,0.1499,0.0003

24.6850,0.0018,0.1409,0.0002

25.6860,0.0018,0.1508,0.0003

26.6850,0.0017,0.1397,0.0002

27.6850,0.0017,0.1540,0.0003

28.6850,0.0017,0.1629,0.0003

29.6850,0.0017,0.1501,0.0003

30.6850,0.0017,0.1346,0.0002

31.6850,0.0017,0.1499,0.0003

32.6850,0.0017,0.1457,0.0003

33.6850,0.0018,0.1518,0.0003

34.6850,0.0017,0.1554,0.0003

35.6850,0.0018,0.1473,0.0003

36.6850,0.0017,0.1510,0.0003

37.6850,0.0017,0.1471,0.0003

38.6850,0.0017,0.1445,0.0003

39.6860,0.0017,0.1435,0.0003

40.6850,0.0018,0.1523,0.0003

41.6850,0.0018,0.1492,0.0003

42.6860,0.0018,0.1442,0.0003

43.6850,0.0018,0.1423,0.0003

44.6850,0.0018,0.1515,0.0003

45.6850,0.0018,0.1521,0.0003

46.6850,0.0018,0.1475,0.0003

47.6850,0.0018,0.1453,0.0003

48.6850,0.0018,0.1495,0.0003

49.6850,0.0018,0.1398,0.0002

50.6850,0.0018,0.1528,0.0003

51.6850,0.0018,0.1494,0.0003

52.6850,0.0018,0.1478,0.0003

53.6850,0.0018,0.1411,0.0002

54.6850,0.0017,0.1454,0.0003

55.6850,0.0018,0.1490,0.0003

56.6850,0.0017,0.1450,0.0003

57.6850,0.0017,0.1610,0.0003

58.6850,0.0017,0.1479,0.0003

59.6850,0.0017,0.1560,0.0003

60.6850,0.0017,0.1497,0.0003

61.6850,0.0017,0.1507,0.0003

62.6850,0.0018,0.1489,0.0003

63.6850,0.0018,0.1499,0.0003

64.6850,0.0017,0.1476,0.0003

65.6850,0.0017,0.1482,0.0003

66.6850,0.0017,0.1314,0.0002

67.6850,0.0017,0.1517,0.0003

68.6850,0.0017,0.1422,0.0002

69.6850,0.0017,0.1451,0.0002

70.6850,0.0017,0.1383,0.0002

71.6850,0.0017,0.1430,0.0002

72.6850,0.0017,0.1446,0.0002

73.6860,0.0017,0.1440,0.0003

74.6850,0.0017,0.1397,0.0002

75.6850,0.0017,0.1423,0.0002

76.6860,0.0018,0.1457,0.0003

77.6850,0.0017,0.1430,0.0002

78.6850,0.0018,0.1509,0.0003

79.6850,0.0017,0.1544,0.0003

80.6850,0.0017,0.1459,0.0003

81.6850,0.0017,0.1400,0.0002

82.6860,0.0017,0.1474,0.0003

83.6850,0.0017,0.1503,0.0003

84.6860,0.0017,0.1496,0.0003

85.6850,0.0018,0.1578,0.0003

86.6850,0.0018,0.1405,0.0002

87.6850,0.0018,0.1364,0.0002

88.6850,0.0017,0.1434,0.0002

89.6850,0.0018,0.1364,0.0002

90.6860,0.0018,0.1466,0.0003

91.6850,0.0018,0.1515,0.0003

92.6850,0.0018,0.1520,0.0003

93.6850,0.0018,0.1456,0.0003

94.6860,0.0017,0.1357,0.0002

95.6850,0.0018,0.1234,0.0002

96.6850,0.0018,0.1517,0.0003

97.6850,0.0018,0.1442,0.0003

98.6850,0.0018,0.1352,0.0002

99.6850,0.0018,0.1346,0.0002

100.6850,0.0017,0.1387,0.0002

101.6850,0.0017,0.1403,0.0002

102.6850,0.0017,0.1412,0.0002

103.6850,0.0017,0.1332,0.0002

104.6850,0.0018,0.1397,0.0002

105.6850,0.0018,0.1340,0.0002

106.6860,0.0018,0.1367,0.0002

107.6850,0.0018,0.1451,0.0003

108.6850,0.0018,0.1416,0.0002

109.6850,0.0017,0.1385,0.0002

110.6850,0.0017,0.1367,0.0002

111.6860,0.0018,0.1387,0.0002

112.6850,0.0018,0.1494,0.0003

113.6850,0.0017,0.1355,0.0002

114.6850,0.0018,0.1453,0.0003

115.6850,0.0018,0.1380,0.0002

116.6850,0.0017,0.1492,0.0003

117.6850,0.0018,0.1417,0.0002

118.6850,0.0018,0.1332,0.0002

119.6850,0.0018,0.1477,0.0003

120.6850,0.0018,0.1361,0.0002

121.6860,0.0018,0.1487,0.0003

122.6850,0.0017,0.1444,0.0003

123.6850,0.0017,0.1473,0.0003

124.6850,0.0018,0.1482,0.0003

125.6850,0.0018,0.1468,0.0003

126.6850,0.0018,0.1449,0.0003

127.6850,0.0017,0.1488,0.0003

128.6850,0.0018,0.1465,0.0003

129.6850,0.0018,0.1464,0.0003

130.6850,0.0018,0.1404,0.0002

131.6850,0.0018,0.1365,0.0002

132.6850,0.0018,0.1360,0.0002

133.6850,0.0018,0.1501,0.0003

134.6850,0.0018,0.1466,0.0003

135.6850,0.0018,0.1366,0.0002

136.6860,0.0018,0.1415,0.0003

137.6850,0.0018,0.1335,0.0002

138.6850,0.0018,0.1441,0.0003

139.6850,0.0018,0.1352,0.0002

140.6860,0.0018,0.1434,0.0003

141.6850,0.0018,0.1331,0.0002

142.6850,0.0018,0.1354,0.0002

143.6850,0.0017,0.1339,0.0002

144.6850,0.0018,0.1359,0.0002

145.6850,0.0018,0.1454,0.0003

146.6850,0.0018,0.1285,0.0002

147.6850,0.0018,0.1357,0.0002

148.6850,0.0017,0.1390,0.0002

149.6850,0.0018,0.1303,0.0002

150.6850,0.0018,0.1443,0.0003

151.6850,0.0018,0.1438,0.0003

152.6850,0.0018,0.1429,0.0003

153.6850,0.0018,0.1336,0.0002

154.6860,0.0018,0.1325,0.0002

155.6850,0.0018,0.1257,0.0002

156.6850,0.0018,0.1389,0.0002

157.6850,0.0018,0.1389,0.0002

158.6850,0.0018,0.1314,0.0002

159.6850,0.0018,0.1366,0.0002

160.6850,0.0018,0.1404,0.0002

161.6850,0.0018,0.1322,0.0002

162.6850,0.0018,0.1402,0.0002

163.6850,0.0018,0.1366,0.0002

164.6850,0.0018,0.1350,0.0002

165.6850,0.0018,0.1291,0.0002

166.6850,0.0018,0.1304,0.0002

167.6850,0.0018,0.1359,0.0002

168.6850,0.0018,0.1351,0.0002

169.6850,0.0018,0.1478,0.0003

170.6860,0.0018,0.1391,0.0002

171.6850,0.0018,0.1382,0.0002

172.6850,0.0018,0.1393,0.0002

173.6850,0.0018,0.1416,0.0003

174.6850,0.0018,0.1450,0.0003

175.6850,0.0018,0.1380,0.0002

176.6860,0.0017,0.1325,0.0002

177.6850,0.0018,0.1401,0.0002

178.6850,0.0018,0.1381,0.0002

179.6850,0.0018,0.1360,0.0002

180.6850,0.0018,0.1290,0.0002

181.6850,0.0018,0.1255,0.0002

182.6860,0.0017,0.1335,0.0002

183.6850,0.0017,0.1453,0.0003

184.6860,0.0018,0.1397,0.0002

185.6850,0.0018,0.1365,0.0002

186.6850,0.0017,0.1379,0.0002

187.6850,0.0018,0.1426,0.0003

188.6850,0.0018,0.1434,0.0003

189.6850,0.0018,0.1420,0.0002

190.6850,0.0018,0.1479,0.0003

191.6850,0.0017,0.1443,0.0003

192.6850,0.0017,0.1277,0.0002

193.6850,0.0017,0.1214,0.0002

194.6850,0.0017,0.1377,0.0002

195.6860,0.0017,0.1328,0.0002

196.6850,0.0017,0.1357,0.0002

197.6850,0.0017,0.1325,0.0002

198.6850,0.0017,0.1344,0.0002

199.6850,0.0018,0.1363,0.0002

200.6860,0.0018,0.1439,0.0003

201.6850,0.0018,0.1410,0.0003

202.6850,0.0018,0.1241,0.0002

203.6850,0.0018,0.1486,0.0003

204.6850,0.0018,0.1392,0.0002

205.6850,0.0018,0.1341,0.0002

206.6850,0.0018,0.1422,0.0003

207.6860,0.0017,0.1357,0.0002

208.6860,0.0017,0.1365,0.0002

209.6850,0.0018,0.1306,0.0002

210.6850,0.0018,0.1331,0.0002

211.6850,0.0018,0.1373,0.0002

212.6850,0.0018,0.1321,0.0002

213.6850,0.0018,0.1381,0.0002

214.6850,0.0018,0.1285,0.0002

215.6850,0.0018,0.1298,0.0002

216.6850,0.0018,0.1318,0.0002

217.6850,0.0017,0.1357,0.0002

218.6850,0.0017,0.1329,0.0002

219.6850,0.0018,0.1370,0.0002

220.6850,0.0018,0.1353,0.0002

221.6850,0.0017,0.1339,0.0002

222.6850,0.0018,0.1254,0.0002

223.6850,0.0018,0.1307,0.0002

224.6850,0.0018,0.1419,0.0003

225.6850,0.0018,0.1341,0.0002

226.6850,0.0018,0.1297,0.0002

227.6850,0.0018,0.1400,0.0002

228.6850,0.0018,0.1291,0.0002

229.6860,0.0018,0.1309,0.0002

230.6850,0.0018,0.1353,0.0002

231.6850,0.0018,0.1258,0.0002

232.6850,0.0018,0.1261,0.0002

233.6850,0.0018,0.1347,0.0002

234.6850,0.0018,0.1248,0.0002

235.6850,0.0018,0.1291,0.0002

236.6850,0.0018,0.1370,0.0002

237.6850,0.0018,0.1356,0.0002

238.6850,0.0018,0.1293,0.0002

239.6850,0.0017,0.1213,0.0002

240.6850,0.0018,0.1341,0.0002

241.6860,0.0018,0.1236,0.0002

242.6850,0.0018,0.1287,0.0002

243.6860,0.0018,0.1275,0.0002

244.6850,0.0018,0.1301,0.0002

245.6850,0.0018,0.1176,0.0002

246.6850,0.0018,0.1332,0.0002

247.6850,0.0018,0.1277,0.0002

248.6850,0.0017,0.1253,0.0002

249.6860,0.0017,0.1272,0.0002

250.6850,0.0017,0.1226,0.0002

251.6850,0.0018,0.1342,0.0002

252.6850,0.0018,0.1215,0.0002

253.6850,0.0018,0.1251,0.0002

254.6850,0.0018,0.1234,0.0002

255.6850,0.0018,0.1266,0.0002

256.6850,0.0018,0.1209,0.0002

257.6850,0.0018,0.1196,0.0002

258.6860,0.0018,0.1243,0.0002

259.6850,0.0018,0.1243,0.0002

260.6850,0.0018,0.1274,0.0002

261.6850,0.0018,0.1264,0.0002

262.6850,0.0017,0.1205,0.0002

263.6850,0.0017,0.1251,0.0002

264.6850,0.0018,0.1245,0.0002

265.6850,0.0018,0.1233,0.0002

266.6850,0.0018,0.1225,0.0002

267.6850,0.0018,0.1243,0.0002

268.6850,0.0018,0.1268,0.0002

269.6850,0.0018,0.1201,0.0002

270.6850,0.0018,0.1265,0.0002

271.6850,0.0018,0.1230,0.0002

272.6850,0.0018,0.1220,0.0002

273.6850,0.0018,0.1314,0.0002

274.6850,0.0018,0.1268,0.0002

275.6850,0.0018,0.1241,0.0002

276.6850,0.0018,0.1209,0.0002

277.6850,0.0018,0.1268,0.0002

278.6850,0.0018,0.1184,0.0002

279.6850,0.0018,0.1221,0.0002

280.6850,0.0018,0.1284,0.0002

281.6850,0.0018,0.1219,0.0002

282.6850,0.0018,0.1248,0.0002

283.6860,0.0018,0.1236,0.0002

284.6850,0.0018,0.1224,0.0002

285.6850,0.0018,0.1190,0.0002

286.6850,0.0018,0.1307,0.0002

287.6850,0.0018,0.1233,0.0002

288.6850,0.0018,0.1185,0.0002

289.6850,0.0018,0.1261,0.0002

290.6860,0.0018,0.1224,0.0002

291.6850,0.0018,0.1215,0.0002

292.6850,0.0018,0.1191,0.0002

293.6850,0.0018,0.1196,0.0002

294.6850,0.0018,0.1197,0.0002

295.6850,0.0018,0.1145,0.0002

296.6850,0.0018,0.1202,0.0002

297.6850,0.0018,0.1249,0.0002

298.6850,0.0018,0.1266,0.0002

299.6850,0.0018,0.1195,0.0002

300.6850,0.0018,0.1210,0.0002

301.6850,0.0018,0.1176,0.0002

302.6850,0.0018,0.1129,0.0002

303.6850,0.0018,0.1242,0.0002

304.6850,0.0018,0.1220,0.0002

305.6850,0.0018,0.1166,0.0002

306.6850,0.0017,0.1165,0.0002

307.6850,0.0018,0.1170,0.0002

308.6850,0.0018,0.1184,0.0002

309.6860,0.0017,0.1270,0.0002

310.6850,0.0018,0.1149,0.0002

311.6850,0.0018,0.1178,0.0002

312.6850,0.0018,0.1210,0.0002

313.6850,0.0018,0.1258,0.0002

314.6850,0.0018,0.1264,0.0002

315.6850,0.0018,0.1217,0.0002

316.6850,0.0018,0.1192,0.0002

317.6860,0.0017,0.1126,0.0002

318.6850,0.0017,0.1227,0.0002

319.6850,0.0017,0.1082,0.0002

320.6850,0.0017,0.1259,0.0002

321.6850,0.0018,0.1209,0.0002

322.6850,0.0018,0.1110,0.0002

323.6850,0.0018,0.1129,0.0002

324.6850,0.0018,0.1246,0.0002

325.6860,0.0018,0.1099,0.0002

326.6850,0.0018,0.1153,0.0002

327.6850,0.0018,0.1210,0.0002

328.6850,0.0018,0.1209,0.0002

329.6850,0.0018,0.1185,0.0002

330.6850,0.0018,0.1205,0.0002

331.6850,0.0018,0.1181,0.0002

332.6850,0.0018,0.1169,0.0002

333.6850,0.0018,0.1159,0.0002

334.6850,0.0018,0.1121,0.0002

335.6860,0.0018,0.1154,0.0002

336.6850,0.0018,0.1231,0.0002

337.6850,0.0018,0.1170,0.0002

338.6850,0.0018,0.1158,0.0002

339.6850,0.0018,0.1154,0.0002

340.6850,0.0018,0.1174,0.0002

341.6850,0.0018,0.1167,0.0002

342.6850,0.0018,0.1161,0.0002

343.6850,0.0018,0.1077,0.0002

344.6860,0.0018,0.1257,0.0002

345.6850,0.0018,0.1195,0.0002

346.6850,0.0018,0.1187,0.0002

347.6850,0.0018,0.1207,0.0002

348.6850,0.0018,0.1266,0.0002

349.6860,0.0018,0.1176,0.0002

350.6850,0.0018,0.1236,0.0002

351.6860,0.0018,0.1187,0.0002

352.6850,0.0018,0.1164,0.0002

353.6850,0.0018,0.1167,0.0002

354.6850,0.0018,0.1173,0.0002

355.6850,0.0018,0.1271,0.0002

356.6850,0.0018,0.1198,0.0002

357.6850,0.0018,0.1118,0.0002

358.6860,0.0018,0.1210,0.0002

359.6850,0.0018,0.1240,0.0002

360.6850,0.0018,0.1194,0.0002

361.6850,0.0018,0.1169,0.0002

362.6860,0.0018,0.1175,0.0002

363.6850,0.0018,0.1130,0.0002

364.6850,0.0018,0.1132,0.0002

365.6850,0.0018,0.1163,0.0002

366.6850,0.0018,0.1084,0.0002

367.6850,0.0018,0.1105,0.0002

368.6850,0.0018,0.1217,0.0002

369.6850,0.0018,0.1187,0.0002

370.6860,0.0018,0.1071,0.0002

371.6860,0.0018,0.1134,0.0002

372.6850,0.0018,0.1147,0.0002

373.6850,0.0018,0.1179,0.0002

374.6850,0.0018,0.1224,0.0002

375.6850,0.0018,0.1231,0.0002

376.6860,0.0018,0.1142,0.0002

377.6860,0.0018,0.1242,0.0002

378.6850,0.0018,0.1095,0.0002

379.6850,0.0018,0.1093,0.0002

380.6850,0.0018,0.1151,0.0002

381.6850,0.0018,0.1115,0.0002

382.6850,0.0018,0.1161,0.0002

383.6850,0.0018,0.1146,0.0002

384.6850,0.0017,0.1054,0.0002

385.6860,0.0017,0.1168,0.0002

386.6860,0.0017,0.1196,0.0002

387.6850,0.0017,0.1157,0.0002

388.6850,0.0017,0.1177,0.0002

389.6850,0.0018,0.1039,0.0002

390.6850,0.0018,0.1031,0.0002

391.6850,0.0018,0.1094,0.0002

392.6850,0.0018,0.1101,0.0002

393.6850,0.0018,0.1036,0.0002

394.6850,0.0018,0.1078,0.0002

395.6850,0.0018,0.1178,0.0002

396.6850,0.0018,0.1190,0.0002

397.6860,0.0017,0.1198,0.0002

398.6850,0.0018,0.1193,0.0002

399.6860,0.0018,0.1179,0.0002

400.6850,0.0017,0.1230,0.0002

401.6860,0.0018,0.1194,0.0002

402.6850,0.0017,0.1149,0.0002

403.6850,0.0018,0.1129,0.0002

404.6850,0.0018,0.1223,0.0002

405.6850,0.0018,0.1090,0.0002

406.6850,0.0018,0.1226,0.0002

407.6850,0.0018,0.1119,0.0002

408.6850,0.0018,0.1061,0.0002

409.6850,0.0018,0.1210,0.0002

410.6850,0.0018,0.1179,0.0002

411.6850,0.0018,0.1123,0.0002

412.6850,0.0018,0.1110,0.0002

413.6860,0.0018,0.1137,0.0002

414.6850,0.0018,0.1125,0.0002

415.6850,0.0018,0.1075,0.0002

416.6850,0.0018,0.1147,0.0002

417.6860,0.0018,0.1103,0.0002

418.6850,0.0018,0.1133,0.0002

419.6850,0.0018,0.1167,0.0002

420.6850,0.0018,0.1112,0.0002

421.6850,0.0018,0.1117,0.0002

422.6850,0.0018,0.1047,0.0002

423.6850,0.0018,0.1114,0.0002

424.6850,0.0018,0.1090,0.0002

425.6850,0.0018,0.1219,0.0002

426.6850,0.0018,0.1078,0.0002

427.6850,0.0018,0.1169,0.0002

428.6850,0.0018,0.1113,0.0002

429.6850,0.0018,0.1119,0.0002

430.6850,0.0018,0.1152,0.0002

431.6850,0.0017,0.1001,0.0002

432.6850,0.0018,0.1100,0.0002

433.6850,0.0018,0.1139,0.0002

434.6860,0.0018,0.1198,0.0002

435.6850,0.0018,0.1063,0.0002

436.6850,0.0018,0.1154,0.0002

437.6850,0.0018,0.1140,0.0002

438.6850,0.0018,0.1120,0.0002

439.6850,0.0018,0.1113,0.0002

440.6850,0.0018,0.1120,0.0002

441.6850,0.0018,0.1098,0.0002

442.6850,0.0018,0.1138,0.0002

443.6850,0.0018,0.1066,0.0002

444.6850,0.0018,0.1046,0.0002

445.6850,0.0018,0.1075,0.0002

446.6850,0.0018,0.1057,0.0002

447.6850,0.0018,0.1037,0.0002

448.6860,0.0017,0.1001,0.0002

449.6850,0.0017,0.1048,0.0002

450.6850,0.0017,0.1043,0.0002

451.6860,0.0018,0.1084,0.0002

452.6850,0.0018,0.1050,0.0002

453.6850,0.0018,0.1128,0.0002

454.6850,0.0017,0.1239,0.0002

455.6860,0.0018,0.1148,0.0002

456.6850,0.0017,0.1112,0.0002

457.6850,0.0017,0.1147,0.0002

458.6850,0.0017,0.1099,0.0002

459.6850,0.0017,0.1125,0.0002

460.6850,0.0018,0.1053,0.0002

461.6850,0.0018,0.1182,0.0002

462.6850,0.0017,0.1064,0.0002

463.6850,0.0017,0.1143,0.0002

464.6850,0.0017,0.1037,0.0002

465.6850,0.0018,0.1174,0.0002

466.6850,0.0018,0.1239,0.0002

467.6860,0.0017,0.1100,0.0002

468.6850,0.0018,0.1073,0.0002

469.6850,0.0018,0.1099,0.0002

470.6850,0.0017,0.1093,0.0002

471.6850,0.0018,0.1198,0.0002

472.6850,0.0018,0.1170,0.0002

473.6850,0.0017,0.1102,0.0002

474.6850,0.0017,0.1094,0.0002

475.6850,0.0018,0.1137,0.0002

476.6850,0.0018,0.1048,0.0002

477.6850,0.0018,0.1039,0.0002

478.6850,0.0018,0.1094,0.0002

479.6850,0.0018,0.1045,0.0002

480.6860,0.0018,0.1207,0.0002

481.6850,0.0018,0.0949,0.0002

482.6850,0.0018,0.1142,0.0002

483.6850,0.0018,0.1092,0.0002

484.6850,0.0018,0.1039,0.0002

485.6850,0.0018,0.1160,0.0002

486.6850,0.0018,0.1119,0.0002

487.6850,0.0018,0.1108,0.0002

488.6850,0.0018,0.1115,0.0002

489.6860,0.0018,0.1145,0.0002

490.6850,0.0018,0.1196,0.0002

491.6850,0.0018,0.1123,0.0002

492.6850,0.0018,0.0973,0.0002

493.6850,0.0018,0.1052,0.0002

494.6850,0.0018,0.1113,0.0002

495.6850,0.0018,0.1170,0.0002

496.6850,0.0018,0.1064,0.0002

497.6850,0.0018,0.1185,0.0002

498.6850,0.0017,0.1029,0.0002

499.6850,0.0018,0.1178,0.0002

500.6860,0.0018,0.1052,0.0002

501.6850,0.0018,0.1111,0.0002

502.6850,0.0017,0.1114,0.0002

503.6850,0.0017,0.1094,0.0002

504.6850,0.0017,0.1050,0.0002

505.6850,0.0017,0.1064,0.0002

506.6850,0.0018,0.1119,0.0002

507.6860,0.0018,0.1154,0.0002

508.6850,0.0017,0.1163,0.0002

509.6850,0.0017,0.1166,0.0002

510.6850,0.0018,0.1015,0.0002

511.6850,0.0018,0.0985,0.0002

512.6850,0.0017,0.1180,0.0002

513.6850,0.0018,0.1160,0.0002

514.6850,0.0018,0.1135,0.0002

515.6850,0.0018,0.1125,0.0002

516.6850,0.0018,0.1028,0.0002

517.6860,0.0018,0.1091,0.0002

518.6860,0.0018,0.1042,0.0002

519.6850,0.0018,0.1038,0.0002

520.6850,0.0018,0.1056,0.0002

521.6850,0.0018,0.0941,0.0002

522.6850,0.0018,0.1013,0.0002

523.6850,0.0017,0.1015,0.0002

524.6850,0.0018,0.1036,0.0002

525.6850,0.0018,0.1091,0.0002

526.6860,0.0018,0.1133,0.0002

527.6850,0.0018,0.1064,0.0002

528.6850,0.0018,0.1097,0.0002

529.6850,0.0018,0.1078,0.0002

530.6860,0.0018,0.1036,0.0002

531.6860,0.0018,0.1056,0.0002

532.6850,0.0018,0.1093,0.0002

533.6850,0.0018,0.1065,0.0002

534.6860,0.0018,0.1083,0.0002

535.6850,0.0018,0.1143,0.0002

536.6850,0.0018,0.1107,0.0002

537.6850,0.0018,0.1060,0.0002

538.6850,0.0018,0.1068,0.0002

539.6850,0.0018,0.1037,0.0002

540.6850,0.0018,0.1044,0.0002

541.6850,0.0018,0.1041,0.0002

542.6850,0.0018,0.1191,0.0002

543.6850,0.0018,0.1079,0.0002

544.6850,0.0018,0.1025,0.0002

545.6850,0.0018,0.1118,0.0002

546.6850,0.0018,0.1141,0.0002

547.6850,0.0018,0.1072,0.0002

548.6860,0.0018,0.1048,0.0002

549.6850,0.0018,0.1060,0.0002

550.6850,0.0018,0.1037,0.0002

551.6850,0.0018,0.1013,0.0002

552.6850,0.0018,0.1043,0.0002

553.6850,0.0018,0.1110,0.0002

554.6860,0.0018,0.1087,0.0002

555.6850,0.0018,0.1058,0.0002

556.6850,0.0018,0.1024,0.0002

557.6860,0.0018,0.1057,0.0002

558.6850,0.0018,0.1057,0.0002

559.6850,0.0018,0.1051,0.0002

560.6850,0.0018,0.1011,0.0002

561.6850,0.0018,0.1096,0.0002

562.6850,0.0018,0.1097,0.0002

563.6850,0.0018,0.1032,0.0002

564.6850,0.0018,0.0940,0.0002

565.6850,0.0018,0.1023,0.0002

566.6850,0.0018,0.1094,0.0002

567.6850,0.0018,0.1113,0.0002

568.6850,0.0018,0.1072,0.0002

569.6850,0.0018,0.1089,0.0002

570.6850,0.0018,0.1087,0.0002

571.6850,0.0018,0.1067,0.0002

572.6850,0.0018,0.1035,0.0002

573.6850,0.0018,0.0998,0.0002

574.6850,0.0018,0.1058,0.0002

575.6850,0.0018,0.0975,0.0002

576.6850,0.0018,0.1081,0.0002

577.6850,0.0018,0.1040,0.0002

578.6850,0.0018,0.1028,0.0002

579.6850,0.0018,0.1106,0.0002

580.6850,0.0018,0.1009,0.0002

581.6850,0.0018,0.1023,0.0002

582.6850,0.0018,0.1062,0.0002

583.6850,0.0018,0.1060,0.0002

584.6850,0.0018,0.1208,0.0002

585.6850,0.0018,0.1091,0.0002

586.6850,0.0018,0.1214,0.0002

587.6850,0.0018,0.1154,0.0002

588.6860,0.0018,0.1184,0.0002

589.6850,0.0018,0.0987,0.0002

590.6850,0.0018,0.1073,0.0002

591.6850,0.0018,0.1121,0.0002

592.6850,0.0018,0.1104,0.0002

593.6850,0.0018,0.0972,0.0002

594.6850,0.0018,0.1124,0.0002

595.6850,0.0018,0.1043,0.0002

596.6850,0.0018,0.1027,0.0002

597.6850,0.0018,0.1010,0.0002

598.6850,0.0018,0.1123,0.0002

599.6850,0.0018,0.1049,0.0002

600.6850,0.0018,0.1142,0.0002

601.6850,0.0018,0.1005,0.0002

602.6860,0.0017,0.1073,0.0002

603.6850,0.0017,0.1090,0.0002

604.6850,0.0018,0.0985,0.0002

605.6850,0.0018,0.0990,0.0002

606.6850,0.0018,0.1018,0.0002

607.6850,0.0018,0.1165,0.0002

608.6850,0.0018,0.1038,0.0002

609.6850,0.0018,0.1097,0.0002

610.6850,0.0018,0.0979,0.0002

611.6860,0.0018,0.1064,0.0002

612.6860,0.0017,0.0979,0.0002

613.6850,0.0018,0.1098,0.0002

614.6850,0.0018,0.1062,0.0002

615.6850,0.0018,0.1036,0.0002

616.6850,0.0018,0.0999,0.0002

617.6850,0.0017,0.1032,0.0002

618.6850,0.0018,0.1147,0.0002

619.6850,0.0018,0.1084,0.0002

620.6850,0.0018,0.1028,0.0002

621.6850,0.0018,0.0998,0.0002

622.6850,0.0018,0.1067,0.0002

623.6860,0.0018,0.1077,0.0002

624.6850,0.0018,0.1061,0.0002

625.6850,0.0018,0.1105,0.0002

626.6850,0.0018,0.1074,0.0002

627.6850,0.0018,0.1037,0.0002

628.6850,0.0018,0.1094,0.0002

629.6850,0.0018,0.0991,0.0002

630.6850,0.0018,0.1069,0.0002

631.6850,0.0018,0.0978,0.0002

632.6850,0.0018,0.1011,0.0002

633.6850,0.0018,0.0973,0.0002

634.6850,0.0018,0.0996,0.0002

635.6850,0.0017,0.0952,0.0002

636.6850,0.0018,0.1113,0.0002

637.6850,0.0018,0.1007,0.0002

638.6850,0.0017,0.0990,0.0002

639.6850,0.0018,0.1122,0.0002

640.6850,0.0018,0.1067,0.0002

641.6850,0.0018,0.0996,0.0002

642.6850,0.0018,0.1073,0.0002

643.6850,0.0018,0.0965,0.0002

644.6850,0.0018,0.1013,0.0002

645.6850,0.0018,0.1068,0.0002

646.6850,0.0018,0.0982,0.0002

647.6850,0.0018,0.0967,0.0002

648.6850,0.0018,0.1026,0.0002

649.6850,0.0018,0.0971,0.0002

650.6850,0.0018,0.1020,0.0002

651.6850,0.0018,0.0917,0.0002

652.6850,0.0018,0.1007,0.0002

653.6850,0.0018,0.0983,0.0002

654.6850,0.0018,0.0983,0.0002

655.6860,0.0018,0.0929,0.0002

656.6850,0.0018,0.1043,0.0002

657.6850,0.0018,0.1017,0.0002

658.6850,0.0018,0.0964,0.0002

659.6850,0.0018,0.1089,0.0002

660.6850,0.0018,0.0855,0.0002

661.6850,0.0018,0.0986,0.0002

662.6850,0.0018,0.1005,0.0002

663.6850,0.0018,0.1023,0.0002

664.6850,0.0018,0.1089,0.0002

665.6860,0.0018,0.1069,0.0002

666.6860,0.0018,0.1085,0.0002

667.6850,0.0017,0.0944,0.0002

668.6850,0.0018,0.1076,0.0002

669.6850,0.0018,0.1073,0.0002

670.6850,0.0018,0.1015,0.0002

671.6850,0.0018,0.1036,0.0002

672.6850,0.0018,0.1054,0.0002

673.6850,0.0018,0.1042,0.0002

674.6850,0.0018,0.1032,0.0002

675.6850,0.0018,0.0984,0.0002

676.6860,0.0018,0.0971,0.0002

677.6850,0.0018,0.1070,0.0002

678.6850,0.0018,0.0870,0.0002

679.6850,0.0018,0.0936,0.0002

680.6850,0.0018,0.0809,0.0001

681.6850,0.0017,0.0961,0.0002

682.6850,0.0018,0.0896,0.0002

683.6850,0.0018,0.1025,0.0002

684.6850,0.0018,0.0860,0.0002

685.6850,0.0018,0.0882,0.0002

686.6850,0.0018,0.0872,0.0002

687.6850,0.0017,0.1114,0.0002

688.6850,0.0018,0.0849,0.0001

689.6850,0.0018,0.0843,0.0001

690.6850,0.0018,0.0945,0.0002

691.6850,0.0018,0.0990,0.0002

692.6850,0.0018,0.0903,0.0002

693.6850,0.0017,0.0944,0.0002

694.6850,0.0018,0.0999,0.0002

695.6860,0.0018,0.0978,0.0002

696.6850,0.0018,0.0853,0.0002

697.6850,0.0018,0.1026,0.0002

698.6850,0.0018,0.1065,0.0002

699.6850,0.0018,0.0951,0.0002

700.6850,0.0018,0.0982,0.0002

701.6850,0.0018,0.0957,0.0002

702.6850,0.0018,0.0915,0.0002

703.6850,0.0018,0.0989,0.0002

704.6850,0.0018,0.0924,0.0002

705.6850,0.0018,0.1074,0.0002

706.6850,0.0018,0.0996,0.0002

707.6850,0.0018,0.1001,0.0002

708.6850,0.0018,0.1109,0.0002

709.6850,0.0018,0.1002,0.0002

710.6860,0.0018,0.1038,0.0002

711.6850,0.0018,0.0952,0.0002

712.6850,0.0018,0.0935,0.0002

713.6850,0.0018,0.0875,0.0002

714.6850,0.0017,0.0880,0.0002

715.6850,0.0017,0.1014,0.0002

716.6850,0.0018,0.1001,0.0002

717.6860,0.0018,0.0967,0.0002

718.6850,0.0018,0.0992,0.0002

719.6850,0.0018,0.1009,0.0002

720.6850,0.0018,0.0964,0.0002

721.6850,0.0018,0.0909,0.0002

722.6850,0.0018,0.0916,0.0002

723.6850,0.0017,0.0968,0.0002

724.6850,0.0018,0.0954,0.0002

725.6850,0.0018,0.0971,0.0002

726.6850,0.0018,0.0912,0.0002

727.6850,0.0018,0.0907,0.0002

728.6850,0.0018,0.0949,0.0002

729.6850,0.0018,0.0939,0.0002

730.6850,0.0018,0.0848,0.0002

731.6850,0.0018,0.0855,0.0002

732.6850,0.0018,0.0912,0.0002

733.6850,0.0018,0.0961,0.0002

734.6850,0.0018,0.0966,0.0002

735.6850,0.0018,0.1052,0.0002

736.6850,0.0017,0.1009,0.0002

737.6850,0.0018,0.0949,0.0002

738.6860,0.0018,0.0874,0.0002

739.6850,0.0018,0.0824,0.0001

740.6850,0.0017,0.0840,0.0001

741.6850,0.0018,0.0935,0.0002

742.6850,0.0018,0.0885,0.0002

743.6850,0.0018,0.1022,0.0002

744.6850,0.0018,0.0953,0.0002

745.6850,0.0018,0.0912,0.0002

746.6850,0.0018,0.0977,0.0002

747.6850,0.0018,0.0850,0.0002

748.6850,0.0018,0.0927,0.0002

749.6850,0.0018,0.0935,0.0002

750.6860,0.0018,0.1012,0.0002

751.6850,0.0018,0.0922,0.0002

752.6850,0.0018,0.0906,0.0002

753.6850,0.0018,0.0925,0.0002

754.6850,0.0018,0.1015,0.0002

755.6850,0.0018,0.0967,0.0002

756.6850,0.0018,0.1021,0.0002

757.6850,0.0017,0.0900,0.0002

758.6850,0.0018,0.0959,0.0002

759.6850,0.0018,0.0971,0.0002

760.6850,0.0018,0.0962,0.0002

761.6850,0.0018,0.0991,0.0002

762.6850,0.0017,0.0944,0.0002

763.6850,0.0017,0.1025,0.0002

764.6850,0.0018,0.0994,0.0002

765.6850,0.0018,0.0948,0.0002

766.6850,0.0018,0.0986,0.0002

767.6850,0.0018,0.0942,0.0002

768.6850,0.0018,0.0981,0.0002

769.6850,0.0018,0.1011,0.0002

770.6850,0.0018,0.0983,0.0002

771.6850,0.0018,0.1012,0.0002

772.6860,0.0018,0.0951,0.0002

773.6850,0.0018,0.0910,0.0002

774.6850,0.0018,0.0962,0.0002

775.6850,0.0017,0.1033,0.0002

776.6850,0.0017,0.0947,0.0002

777.6850,0.0018,0.0915,0.0002

778.6850,0.0018,0.0880,0.0002

779.6850,0.0018,0.0918,0.0002

780.6850,0.0018,0.0969,0.0002

781.6850,0.0018,0.1011,0.0002

782.6850,0.0018,0.0899,0.0002

783.6850,0.0018,0.0886,0.0002

784.6850,0.0018,0.1006,0.0002

785.6850,0.0017,0.0933,0.0002

786.6850,0.0017,0.0923,0.0002

787.6850,0.0018,0.0981,0.0002

788.6850,0.0018,0.0891,0.0002

789.6850,0.0018,0.0904,0.0002

790.6850,0.0018,0.1070,0.0002

791.6850,0.0018,0.0977,0.0002

792.6850,0.0018,0.0821,0.0001

793.6850,0.0018,0.0893,0.0002

794.6850,0.0018,0.0922,0.0002

795.6850,0.0018,0.0876,0.0002

796.6850,0.0018,0.0867,0.0002

797.6850,0.0018,0.0977,0.0002

798.6850,0.0018,0.0891,0.0002

799.6850,0.0018,0.0982,0.0002

800.6850,0.0018,0.0880,0.0002

801.6850,0.0018,0.0985,0.0002

802.6850,0.0018,0.0856,0.0002

803.6850,0.0018,0.0973,0.0002

804.6850,0.0018,0.0788,0.0001

805.6850,0.0018,0.0806,0.0001

806.6850,0.0018,0.0915,0.0002

807.6850,0.0018,0.0982,0.0002

808.6850,0.0018,0.0998,0.0002

809.6850,0.0018,0.0894,0.0002

810.6850,0.0017,0.0873,0.0002

811.6850,0.0017,0.0815,0.0001

812.6850,0.0018,0.0970,0.0002

813.6850,0.0018,0.0863,0.0002

814.6850,0.0018,0.0905,0.0002

815.6850,0.0017,0.0896,0.0002

816.6850,0.0017,0.0909,0.0002

817.6850,0.0017,0.1009,0.0002

818.6850,0.0017,0.0927,0.0002

819.6850,0.0017,0.0912,0.0002

820.6850,0.0017,0.0960,0.0002

821.6850,0.0017,0.0874,0.0002

822.6850,0.0017,0.0877,0.0002

823.6850,0.0017,0.0920,0.0002

824.6850,0.0017,0.0882,0.0002

825.6850,0.0017,0.0854,0.0001

826.6850,0.0018,0.0909,0.0002

827.6850,0.0018,0.0834,0.0001

828.6850,0.0018,0.0942,0.0002

829.6850,0.0018,0.0898,0.0002

830.6850,0.0018,0.0890,0.0002

831.6850,0.0018,0.0758,0.0001

832.6850,0.0018,0.0896,0.0002

833.6850,0.0018,0.0840,0.0001

834.6850,0.0018,0.1019,0.0002

835.6850,0.0018,0.0918,0.0002

836.6850,0.0018,0.0815,0.0001

837.6850,0.0018,0.0872,0.0002

838.6850,0.0018,0.0935,0.0002

839.6850,0.0018,0.0817,0.0001

840.6850,0.0018,0.0867,0.0002

841.6860,0.0018,0.0906,0.0002

842.6850,0.0018,0.0872,0.0002

843.6850,0.0018,0.0873,0.0002

844.6850,0.0018,0.0788,0.0001

845.6850,0.0018,0.0814,0.0001

846.6860,0.0018,0.0874,0.0002

847.6850,0.0018,0.0889,0.0002

848.6850,0.0018,0.0850,0.0001

849.6850,0.0018,0.0958,0.0002

850.6850,0.0018,0.0837,0.0001

851.6850,0.0018,0.0915,0.0002

852.6850,0.0018,0.0849,0.0002

853.6850,0.0018,0.0911,0.0002

854.6850,0.0018,0.0894,0.0002

855.6850,0.0018,0.0759,0.0001

856.6850,0.0018,0.0899,0.0002

857.6850,0.0018,0.0832,0.0001

858.6850,0.0017,0.0777,0.0001

859.6850,0.0018,0.0890,0.0002

860.6850,0.0018,0.0797,0.0001

861.6850,0.0018,0.0849,0.0001

862.6860,0.0018,0.0931,0.0002

863.6850,0.0017,0.0915,0.0002

864.6850,0.0017,0.0943,0.0002

865.6850,0.0018,0.0810,0.0001

866.6850,0.0018,0.0836,0.0001

867.6850,0.0018,0.0923,0.0002

868.6850,0.0018,0.0909,0.0002

869.6850,0.0017,0.0825,0.0001

870.6850,0.0017,0.0809,0.0001

871.6850,0.0018,0.0928,0.0002

872.6850,0.0017,0.0795,0.0001

873.6850,0.0017,0.0781,0.0001

874.6850,0.0018,0.0998,0.0002

875.6850,0.0017,0.0828,0.0001

876.6850,0.0018,0.0840,0.0001

877.6850,0.0018,0.0905,0.0002

878.6850,0.0018,0.0929,0.0002

879.6850,0.0018,0.0824,0.0001

880.6850,0.0018,0.0823,0.0001

881.6850,0.0018,0.0788,0.0001

882.6850,0.0018,0.0845,0.0001

883.6850,0.0018,0.0899,0.0002

884.6850,0.0018,0.0892,0.0002

885.6850,0.0017,0.0869,0.0002

886.6850,0.0017,0.0744,0.0001

887.6850,0.0018,0.0937,0.0002

888.6850,0.0018,0.0937,0.0002

889.6850,0.0018,0.0948,0.0002

890.6850,0.0018,0.0897,0.0002

891.6860,0.0018,0.0846,0.0001

892.6850,0.0018,0.0824,0.0001

893.6850,0.0018,0.0899,0.0002

894.6850,0.0018,0.0862,0.0002

895.6850,0.0018,0.0862,0.0002

896.6850,0.0018,0.0921,0.0002

897.6850,0.0018,0.0856,0.0002

898.6850,0.0018,0.0894,0.0002

899.6860,0.0018,0.0910,0.0002

900.6850,0.0018,0.0837,0.0001

901.6850,0.0018,0.0817,0.0001

902.6850,0.0018,0.0859,0.0002

903.6850,0.0018,0.0847,0.0001

904.6850,0.0018,0.0869,0.0002

905.6850,0.0018,0.0948,0.0002

906.6850,0.0017,0.0935,0.0002

907.6850,0.0017,0.0810,0.0001

908.6850,0.0017,0.0829,0.0001

909.6850,0.0018,0.0836,0.0001

910.6850,0.0018,0.0989,0.0002

911.6850,0.0018,0.0955,0.0002

912.6850,0.0018,0.0914,0.0002

913.6850,0.0017,0.0828,0.0001

914.6850,0.0018,0.0965,0.0002

915.6860,0.0018,0.0869,0.0002

916.6850,0.0018,0.0847,0.0002

917.6850,0.0018,0.0892,0.0002

918.6850,0.0018,0.0900,0.0002

919.6850,0.0018,0.0814,0.0001

920.6850,0.0018,0.0841,0.0001

921.6850,0.0018,0.0855,0.0002

922.6850,0.0018,0.0963,0.0002

923.6850,0.0018,0.0802,0.0001

924.6850,0.0018,0.0734,0.0001

925.6850,0.0018,0.0785,0.0001

926.6850,0.0018,0.0887,0.0002

927.6850,0.0018,0.0860,0.0002

928.6850,0.0018,0.0958,0.0002

929.6850,0.0018,0.0896,0.0002

930.6850,0.0017,0.0953,0.0002

931.6850,0.0017,0.0824,0.0001

932.6850,0.0017,0.0810,0.0001

933.6850,0.0018,0.0924,0.0002

934.6850,0.0018,0.0739,0.0001

935.6850,0.0018,0.0924,0.0002

936.6850,0.0018,0.0856,0.0002

937.6850,0.0018,0.0833,0.0001

938.6850,0.0018,0.0821,0.0001

939.6850,0.0018,0.0747,0.0001

940.6860,0.0018,0.0803,0.0001

941.6850,0.0018,0.0919,0.0002

942.6850,0.0018,0.0888,0.0002

943.6850,0.0018,0.0803,0.0001

944.6850,0.0018,0.0766,0.0001

945.6850,0.0017,0.0861,0.0002

946.6850,0.0018,0.0843,0.0001

947.6850,0.0018,0.0853,0.0002

948.6850,0.0018,0.0910,0.0002

949.6850,0.0018,0.0821,0.0001

950.6850,0.0017,0.0833,0.0001

951.6850,0.0018,0.0807,0.0001

952.6860,0.0018,0.0782,0.0001

953.6850,0.0018,0.0791,0.0001

954.6850,0.0018,0.0741,0.0001

955.6850,0.0018,0.0792,0.0001

956.6850,0.0018,0.0997,0.0002

957.6850,0.0018,0.0863,0.0002

958.6850,0.0018,0.0717,0.0001

959.6850,0.0018,0.0864,0.0002

960.6850,0.0017,0.0813,0.0001

961.6850,0.0018,0.0821,0.0001

962.6850,0.0018,0.0813,0.0001

963.6850,0.0018,0.0860,0.0002

964.6860,0.0018,0.0852,0.0002

965.6850,0.0017,0.0772,0.0001

966.6850,0.0017,0.0764,0.0001

967.6850,0.0017,0.0639,0.0001

968.6850,0.0017,0.0750,0.0001

969.6850,0.0018,0.0914,0.0002

970.6850,0.0017,0.0808,0.0001

971.6850,0.0018,0.0849,0.0001

972.6850,0.0018,0.0871,0.0002

973.6850,0.0018,0.0795,0.0001

974.6850,0.0018,0.0856,0.0002

975.6850,0.0018,0.0802,0.0001

976.6850,0.0017,0.0713,0.0001

977.6860,0.0018,0.0905,0.0002

978.6860,0.0018,0.0713,0.0001

979.6850,0.0018,0.0852,0.0001

980.6850,0.0018,0.0721,0.0001

981.6850,0.0018,0.0697,0.0001

982.6850,0.0018,0.0856,0.0001

983.6860,0.0018,0.0792,0.0001

984.6850,0.0018,0.0818,0.0001

985.6850,0.0017,0.0754,0.0001

986.6850,0.0018,0.0800,0.0001

987.6850,0.0017,0.0765,0.0001

988.6850,0.0017,0.0811,0.0001

989.6850,0.0017,0.0659,0.0001

990.6850,0.0018,0.0661,0.0001

991.6850,0.0018,0.0702,0.0001

992.6850,0.0018,0.0803,0.0001

993.6850,0.0018,0.0753,0.0001

994.6850,0.0017,0.0893,0.0002

995.6850,0.0018,0.0709,0.0001

996.6850,0.0018,0.0783,0.0001

997.6850,0.0018,0.0816,0.0001

998.6850,0.0017,0.0708,0.0001

999.6850,0.0018,0.0774,0.0001

1000.6860,0.0018,0.0703,0.0001

1001.6850,0.0018,0.0847,0.0001

1002.6850,0.0018,0.0718,0.0001

1003.6850,0.0018,0.0712,0.0001

1004.6850,0.0018,0.0903,0.0002

1005.6850,0.0018,0.0851,0.0001

1006.6850,0.0018,0.0738,0.0001

1007.6850,0.0018,0.0748,0.0001

1008.6850,0.0018,0.0807,0.0001

1009.6850,0.0018,0.0718,0.0001

1010.6850,0.0018,0.0774,0.0001

1011.6850,0.0018,0.0813,0.0001

1012.6850,0.0018,0.0690,0.0001

1013.6850,0.0018,0.0755,0.0001

1014.6850,0.0018,0.0780,0.0001

1015.6850,0.0018,0.0745,0.0001

1016.6850,0.0017,0.0734,0.0001

1017.6850,0.0018,0.0724,0.0001

1018.6850,0.0018,0.0755,0.0001

1019.6850,0.0018,0.0832,0.0001

1020.6850,0.0018,0.0912,0.0002

1021.6850,0.0018,0.0727,0.0001

1022.6860,0.0018,0.0714,0.0001

1023.6850,0.0018,0.0722,0.0001

1024.6850,0.0018,0.0678,0.0001

1025.6850,0.0018,0.0766,0.0001

1026.6850,0.0018,0.0802,0.0001

1027.6850,0.0018,0.0718,0.0001

1028.6850,0.0017,0.0753,0.0001

1029.6850,0.0017,0.0758,0.0001

1030.6850,0.0017,0.0799,0.0001

1031.6850,0.0017,0.0820,0.0001

1032.6850,0.0017,0.0761,0.0001

1033.6850,0.0017,0.0712,0.0001

1034.6850,0.0017,0.0785,0.0001

1035.6850,0.0018,0.0766,0.0001

1036.6850,0.0017,0.0728,0.0001

1037.6850,0.0017,0.0733,0.0001

1038.6850,0.0017,0.0748,0.0001

1039.6850,0.0017,0.0705,0.0001

1040.6850,0.0017,0.0646,0.0001

1041.6850,0.0018,0.0790,0.0001

1042.6850,0.0018,0.0770,0.0001

1043.6860,0.0018,0.0761,0.0001

1044.6850,0.0018,0.0757,0.0001

1045.6850,0.0018,0.0739,0.0001

1046.6860,0.0018,0.0692,0.0001

1047.6850,0.0017,0.0717,0.0001

1048.6850,0.0017,0.0791,0.0001

1049.6850,0.0017,0.0725,0.0001

1050.6850,0.0018,0.0864,0.0002

1051.6850,0.0017,0.0759,0.0001

1052.6850,0.0017,0.0893,0.0002

1053.6850,0.0017,0.0743,0.0001

1054.6850,0.0017,0.0645,0.0001

1055.6850,0.0017,0.0801,0.0001

1056.6850,0.0018,0.0794,0.0001

1057.6850,0.0018,0.0760,0.0001

1058.6850,0.0017,0.0756,0.0001

1059.6850,0.0017,0.0662,0.0001

1060.6850,0.0017,0.0745,0.0001

1061.6850,0.0017,0.0802,0.0001

1062.6850,0.0017,0.0755,0.0001

1063.6850,0.0017,0.0751,0.0001

1064.6850,0.0017,0.0709,0.0001

1065.6850,0.0017,0.0792,0.0001

1066.6850,0.0017,0.0707,0.0001

1067.6850,0.0018,0.0847,0.0002

1068.6850,0.0018,0.0814,0.0001

1069.6850,0.0018,0.0787,0.0001

1070.6850,0.0017,0.0752,0.0001

1071.6850,0.0018,0.0675,0.0001

1072.6850,0.0017,0.0705,0.0001

1073.6860,0.0017,0.0727,0.0001

1074.6850,0.0017,0.0745,0.0001

1075.6850,0.0017,0.0834,0.0001

1076.6850,0.0017,0.0757,0.0001

1077.6850,0.0017,0.0703,0.0001

1078.6850,0.0017,0.0879,0.0002

1079.6850,0.0017,0.0901,0.0002

1080.6850,0.0017,0.0729,0.0001

1081.6850,0.0017,0.0766,0.0001

1082.6850,0.0018,0.0774,0.0001

1083.6850,0.0017,0.0687,0.0001

1084.6850,0.0017,0.0785,0.0001

1085.6850,0.0017,0.0854,0.0001

1086.6850,0.0017,0.0658,0.0001

1087.6860,0.0017,0.0804,0.0001

1088.6850,0.0017,0.0879,0.0002

1089.6850,0.0017,0.0816,0.0001

1090.6850,0.0017,0.0698,0.0001

1091.6850,0.0017,0.0775,0.0001

1092.6850,0.0017,0.0677,0.0001

1093.6850,0.0017,0.0793,0.0001

1094.6850,0.0017,0.0774,0.0001

1095.6850,0.0017,0.0770,0.0001

1096.6850,0.0017,0.0756,0.0001

1097.6860,0.0017,0.0777,0.0001

1098.6850,0.0017,0.0784,0.0001

1099.6850,0.0017,0.0785,0.0001

1100.6850,0.0017,0.0829,0.0001

1101.6850,0.0017,0.0689,0.0001

1102.6850,0.0017,0.0818,0.0001

1103.6850,0.0017,0.0723,0.0001

1104.6850,0.0017,0.0768,0.0001

1105.6850,0.0017,0.0772,0.0001

1106.6850,0.0017,0.0796,0.0001

1107.6850,0.0017,0.0790,0.0001

1108.6850,0.0017,0.0831,0.0001

1109.6860,0.0017,0.0837,0.0001

1110.6850,0.0017,0.0731,0.0001

1111.6850,0.0018,0.0716,0.0001

1112.6850,0.0017,0.0867,0.0002

1113.6850,0.0018,0.0731,0.0001

1114.6850,0.0017,0.0721,0.0001

1115.6850,0.0017,0.0825,0.0001

1116.6850,0.0018,0.0747,0.0001

1117.6850,0.0017,0.0765,0.0001

1118.6850,0.0018,0.0799,0.0001

1119.6850,0.0018,0.0719,0.0001

1120.6850,0.0017,0.0778,0.0001

1121.6850,0.0017,0.0765,0.0001

1122.6850,0.0017,0.0780,0.0001

1123.6850,0.0017,0.0872,0.0002

1124.6860,0.0017,0.0792,0.0001

1125.6850,0.0017,0.0817,0.0001

1126.6850,0.0017,0.0686,0.0001

1127.6850,0.0017,0.0763,0.0001

1128.6850,0.0017,0.0672,0.0001

1129.6850,0.0017,0.0778,0.0001

1130.6860,0.0017,0.0761,0.0001

1131.6860,0.0017,0.0760,0.0001

1132.6850,0.0017,0.0750,0.0001

1133.6850,0.0017,0.0794,0.0001

1134.6850,0.0017,0.0794,0.0001

1135.6850,0.0017,0.0780,0.0001

1136.6850,0.0017,0.0654,0.0001

1137.6850,0.0017,0.0763,0.0001

1138.6850,0.0017,0.0663,0.0001

1139.6850,0.0017,0.0721,0.0001

1140.6850,0.0017,0.0594,0.0001

1141.6850,0.0017,0.0711,0.0001

1142.6850,0.0017,0.0695,0.0001

1143.6850,0.0017,0.0725,0.0001

1144.6850,0.0017,0.0718,0.0001

1145.6850,0.0017,0.0760,0.0001

1146.6850,0.0017,0.0744,0.0001

1147.6850,0.0017,0.0704,0.0001

1148.6850,0.0017,0.0749,0.0001

1149.6850,0.0017,0.0759,0.0001

1150.6850,0.0017,0.0778,0.0001

1151.6860,0.0017,0.0804,0.0001

1152.6850,0.0017,0.0750,0.0001

1153.6850,0.0017,0.0768,0.0001

1154.6850,0.0017,0.0601,0.0001

1155.6850,0.0017,0.0709,0.0001

1156.6850,0.0017,0.0807,0.0001

1157.6850,0.0018,0.0743,0.0001

1158.6850,0.0017,0.0689,0.0001

1159.6850,0.0017,0.0715,0.0001

1160.6860,0.0017,0.0686,0.0001

1161.6850,0.0017,0.0727,0.0001

1162.6850,0.0017,0.0738,0.0001

1163.6850,0.0017,0.0668,0.0001

1164.6850,0.0017,0.0763,0.0001

1165.6850,0.0017,0.0623,0.0001

1166.6850,0.0017,0.0638,0.0001

1167.6850,0.0017,0.0681,0.0001

1168.6850,0.0017,0.0607,0.0001

1169.6850,0.0017,0.0722,0.0001

1170.6850,0.0017,0.0708,0.0001

1171.6850,0.0017,0.0755,0.0001

1172.6850,0.0017,0.0689,0.0001

1173.6850,0.0017,0.0702,0.0001

1174.6850,0.0017,0.0574,0.0001

1175.6850,0.0017,0.0651,0.0001

1176.6850,0.0017,0.0664,0.0001

1177.6850,0.0017,0.0708,0.0001

1178.6860,0.0017,0.0758,0.0001

1179.6850,0.0017,0.0661,0.0001

1180.6850,0.0017,0.0645,0.0001

1181.6850,0.0017,0.0728,0.0001

1182.6850,0.0017,0.0715,0.0001

1183.6850,0.0017,0.0606,0.0001

1184.6850,0.0017,0.0862,0.0001

1185.6850,0.0017,0.0720,0.0001

1186.6850,0.0017,0.0720,0.0001

1187.6850,0.0017,0.0707,0.0001

1188.6850,0.0017,0.0703,0.0001

1189.6850,0.0017,0.0677,0.0001

1190.6850,0.0017,0.0758,0.0001

1191.6850,0.0017,0.0771,0.0001

1192.6850,0.0017,0.0705,0.0001

1193.6850,0.0017,0.0675,0.0001

1194.6850,0.0017,0.0759,0.0001

1195.6850,0.0017,0.0796,0.0001

1196.6850,0.0017,0.0629,0.0001

1197.6850,0.0017,0.0718,0.0001

1198.6860,0.0017,0.0624,0.0001

1199.6850,0.0017,0.0749,0.0001

1200.6850,0.0017,0.0752,0.0001

1201.6850,0.0017,0.0710,0.0001

1202.6850,0.0017,0.0745,0.0001

1203.6850,0.0017,0.0679,0.0001

1204.6860,0.0017,0.0667,0.0001

1205.6850,0.0018,0.0735,0.0001

1206.6850,0.0017,0.0711,0.0001

1207.6850,0.0018,0.0707,0.0001

1208.6850,0.0018,0.0670,0.0001

1209.6850,0.0017,0.0651,0.0001

1210.6850,0.0018,0.0905,0.0002

1211.6850,0.0018,0.0745,0.0001

1212.6850,0.0017,0.0681,0.0001

1213.6850,0.0018,0.0780,0.0001

1214.6850,0.0018,0.0798,0.0001

1215.6850,0.0018,0.0665,0.0001

1216.6850,0.0018,0.0707,0.0001

1217.6850,0.0018,0.0583,0.0001

1218.6850,0.0018,0.0823,0.0001

1219.6850,0.0017,0.0669,0.0001

1220.6850,0.0018,0.0678,0.0001

1221.6860,0.0018,0.0738,0.0001

1222.6850,0.0017,0.0720,0.0001

1223.6850,0.0017,0.0757,0.0001

1224.6850,0.0017,0.0721,0.0001

1225.6850,0.0017,0.0751,0.0001

1226.6850,0.0017,0.0786,0.0001

1227.6850,0.0017,0.0802,0.0001

1228.6850,0.0017,0.0836,0.0001

1229.6850,0.0017,0.0735,0.0001

1230.6850,0.0017,0.0780,0.0001

1231.6850,0.0017,0.0755,0.0001

1232.6850,0.0017,0.0648,0.0001

1233.6850,0.0017,0.0714,0.0001

1234.6850,0.0017,0.0614,0.0001

1235.6850,0.0017,0.0743,0.0001

1236.6850,0.0017,0.0805,0.0001

1237.6850,0.0017,0.0668,0.0001

1238.6860,0.0017,0.0748,0.0001

1239.6850,0.0017,0.0617,0.0001

1240.6850,0.0017,0.0713,0.0001

1241.6850,0.0017,0.0718,0.0001

1242.6860,0.0017,0.0714,0.0001

1243.6850,0.0018,0.0780,0.0001

1244.6850,0.0018,0.0828,0.0001

1245.6850,0.0017,0.0718,0.0001

1246.6850,0.0017,0.0781,0.0001

1247.6850,0.0018,0.0756,0.0001

1248.6850,0.0017,0.0655,0.0001

1249.6860,0.0017,0.0666,0.0001

1250.6850,0.0017,0.0706,0.0001

1251.6850,0.0017,0.0743,0.0001

1252.6860,0.0017,0.0665,0.0001

1253.6860,0.0017,0.0753,0.0001

1254.6850,0.0017,0.0778,0.0001

1255.6850,0.0017,0.0651,0.0001

1256.6850,0.0017,0.0644,0.0001

1257.6850,0.0017,0.0820,0.0001

1258.6860,0.0017,0.0711,0.0001

1259.6850,0.0017,0.0537,0.0001

1260.6850,0.0017,0.0654,0.0001

1261.6850,0.0018,0.0708,0.0001

1262.6850,0.0017,0.0742,0.0001

1263.6850,0.0018,0.0751,0.0001

1264.6850,0.0018,0.0648,0.0001

1265.6850,0.0018,0.0778,0.0001

1266.6850,0.0018,0.0722,0.0001

1267.6860,0.0018,0.0718,0.0001

1268.6850,0.0018,0.0788,0.0001

1269.6850,0.0017,0.0553,0.0001

1270.6850,0.0018,0.0687,0.0001

1271.6850,0.0018,0.0736,0.0001

1272.6860,0.0018,0.0651,0.0001

1273.6850,0.0017,0.0647,0.0001

1274.6860,0.0017,0.0676,0.0001

1275.6850,0.0017,0.0747,0.0001

1276.6860,0.0018,0.0790,0.0001

1277.6850,0.0017,0.0730,0.0001

1278.6850,0.0017,0.0702,0.0001

1279.6850,0.0018,0.0754,0.0001

1280.6850,0.0018,0.0753,0.0001

1281.6850,0.0018,0.0764,0.0001

1282.6850,0.0018,0.0669,0.0001

1283.6850,0.0018,0.0647,0.0001

1284.6850,0.0018,0.0779,0.0001

1285.6850,0.0018,0.0715,0.0001

1286.6850,0.0018,0.0873,0.0002

1287.6860,0.0018,0.0739,0.0001

1288.6850,0.0018,0.0764,0.0001

1289.6860,0.0018,0.0664,0.0001

1290.6850,0.0017,0.0684,0.0001

1291.6850,0.0018,0.0782,0.0001

1292.6850,0.0018,0.0607,0.0001

1293.6850,0.0018,0.0659,0.0001

1294.6850,0.0018,0.0713,0.0001

1295.6850,0.0018,0.0749,0.0001

1296.6850,0.0017,0.0610,0.0001

1297.6850,0.0018,0.0769,0.0001

1298.6850,0.0018,0.0765,0.0001

1299.6860,0.0018,0.0612,0.0001

1300.6850,0.0018,0.0678,0.0001

1301.6850,0.0017,0.0696,0.0001

1302.6860,0.0017,0.0643,0.0001

1303.6850,0.0017,0.0735,0.0001

1304.6850,0.0018,0.0717,0.0001

1305.6850,0.0018,0.0674,0.0001

1306.6860,0.0018,0.0681,0.0001

1307.6850,0.0017,0.0829,0.0001

1308.6860,0.0017,0.0719,0.0001

1309.6850,0.0018,0.0704,0.0001

1310.6850,0.0018,0.0716,0.0001

1311.6850,0.0018,0.0804,0.0001

1312.6850,0.0018,0.0665,0.0001

1313.6850,0.0018,0.0813,0.0001

1314.6850,0.0018,0.0715,0.0001

1315.6850,0.0018,0.0771,0.0001

1316.6860,0.0018,0.0590,0.0001

1317.6850,0.0018,0.0624,0.0001

1318.6850,0.0018,0.0650,0.0001

1319.6850,0.0017,0.0697,0.0001

1320.6850,0.0017,0.0702,0.0001

1321.6850,0.0018,0.0720,0.0001

1322.6850,0.0018,0.0672,0.0001

1323.6850,0.0018,0.0683,0.0001

1324.6850,0.0018,0.0830,0.0001

1325.6850,0.0018,0.0764,0.0001

1326.6850,0.0018,0.0677,0.0001

1327.6850,0.0018,0.0709,0.0001

1328.6850,0.0018,0.0667,0.0001

1329.6850,0.0018,0.0748,0.0001

1330.6850,0.0018,0.0755,0.0001

1331.6850,0.0018,0.0701,0.0001

1332.6850,0.0018,0.0645,0.0001

1333.6850,0.0018,0.0712,0.0001

1334.6850,0.0017,0.0774,0.0001

1335.6850,0.0017,0.0754,0.0001

1336.6850,0.0017,0.0758,0.0001

1337.6850,0.0017,0.0607,0.0001

1338.6850,0.0018,0.0641,0.0001

1339.6860,0.0018,0.0709,0.0001

1340.6850,0.0017,0.0719,0.0001

1341.6850,0.0017,0.0708,0.0001

1342.6850,0.0017,0.0575,0.0001

1343.6850,0.0017,0.0640,0.0001

1344.6850,0.0018,0.0607,0.0001

1345.6850,0.0018,0.0726,0.0001

1346.6850,0.0018,0.0723,0.0001

1347.6850,0.0018,0.0766,0.0001

1348.6850,0.0018,0.0706,0.0001

1349.6860,0.0017,0.0654,0.0001

1350.6850,0.0017,0.0730,0.0001

1351.6850,0.0017,0.0718,0.0001

1352.6850,0.0017,0.0723,0.0001

1353.6850,0.0017,0.0663,0.0001

1354.6850,0.0018,0.0630,0.0001

1355.6850,0.0018,0.0632,0.0001

1356.6850,0.0018,0.0682,0.0001

1357.6850,0.0018,0.0688,0.0001

1358.6850,0.0018,0.0753,0.0001

1359.6850,0.0017,0.0642,0.0001

1360.6850,0.0018,0.0636,0.0001

1361.6850,0.0017,0.0715,0.0001

1362.6850,0.0018,0.0673,0.0001

1363.6850,0.0018,0.0627,0.0001

1364.6850,0.0018,0.0711,0.0001

1365.6850,0.0018,0.0654,0.0001

1366.6850,0.0018,0.0617,0.0001

1367.6850,0.0018,0.0614,0.0001

1368.6850,0.0018,0.0632,0.0001

1369.6850,0.0018,0.0697,0.0001

1370.6850,0.0018,0.0618,0.0001

1371.6850,0.0018,0.0752,0.0001

1372.6850,0.0018,0.0660,0.0001

1373.6850,0.0018,0.0667,0.0001

1374.6850,0.0018,0.0704,0.0001

1375.6860,0.0018,0.0697,0.0001

1376.6850,0.0018,0.0709,0.0001

1377.6850,0.0018,0.0710,0.0001

1378.6850,0.0018,0.0628,0.0001

1379.6850,0.0018,0.0762,0.0001

1380.6850,0.0018,0.0685,0.0001

1381.6850,0.0018,0.0655,0.0001

1382.6850,0.0018,0.0647,0.0001

1383.6850,0.0017,0.0688,0.0001

1384.6850,0.0018,0.0663,0.0001

1385.6850,0.0017,0.0721,0.0001

1386.6850,0.0018,0.0613,0.0001

1387.6860,0.0018,0.0694,0.0001

1388.6850,0.0018,0.0637,0.0001

1389.6850,0.0018,0.0660,0.0001

1390.6850,0.0018,0.0646,0.0001

1391.6850,0.0018,0.0666,0.0001

1392.6850,0.0018,0.0630,0.0001

1393.6850,0.0018,0.0598,0.0001

1394.6850,0.0018,0.0676,0.0001

1395.6850,0.0018,0.0663,0.0001

1396.6850,0.0017,0.0600,0.0001

1397.6850,0.0018,0.0649,0.0001

1398.6850,0.0017,0.0664,0.0001

1399.6850,0.0017,0.0671,0.0001

1400.6850,0.0017,0.0674,0.0001

1401.6850,0.0018,0.0653,0.0001

1402.6860,0.0018,0.0647,0.0001

1403.6850,0.0018,0.0678,0.0001

1404.6850,0.0018,0.0585,0.0001

1405.6850,0.0018,0.0662,0.0001

1406.6850,0.0018,0.0777,0.0001

1407.6850,0.0018,0.0657,0.0001

1408.6850,0.0018,0.0605,0.0001

1409.6850,0.0018,0.0577,0.0001

1410.6850,0.0018,0.0614,0.0001

1411.6850,0.0018,0.0628,0.0001

1412.6850,0.0018,0.0725,0.0001

1413.6850,0.0018,0.0610,0.0001

1414.6850,0.0018,0.0708,0.0001

1415.6850,0.0018,0.0648,0.0001

1416.6850,0.0018,0.0666,0.0001

1417.6850,0.0018,0.0678,0.0001

1418.6850,0.0018,0.0526,0.0001

1419.6850,0.0018,0.0689,0.0001

1420.6850,0.0018,0.0730,0.0001

1421.6850,0.0018,0.0627,0.0001

1422.6850,0.0018,0.0708,0.0001

1423.6850,0.0018,0.0673,0.0001

1424.6850,0.0018,0.0656,0.0001

1425.6850,0.0018,0.0707,0.0001

1426.6850,0.0018,0.0541,0.0001

1427.6850,0.0018,0.0580,0.0001

1428.6860,0.0018,0.0701,0.0001

1429.6860,0.0018,0.0618,0.0001

1430.6850,0.0018,0.0586,0.0001

1431.6850,0.0018,0.0613,0.0001

1432.6860,0.0018,0.0621,0.0001

1433.6850,0.0018,0.0615,0.0001

1434.6850,0.0018,0.0614,0.0001

1435.6850,0.0018,0.0647,0.0001

1436.6850,0.0018,0.0652,0.0001

1437.6850,0.0018,0.0616,0.0001

1438.6850,0.0018,0.0594,0.0001

1439.6850,0.0018,0.0623,0.0001

1440.6850,0.0018,0.0668,0.0001

1441.6860,0.0018,0.0615,0.0001

1442.6850,0.0018,0.0588,0.0001

1443.6850,0.0018,0.0648,0.0001

1444.6850,0.0018,0.0579,0.0001

1445.6850,0.0018,0.0631,0.0001

1446.6850,0.0018,0.0678,0.0001

1447.6850,0.0018,0.0699,0.0001

1448.6850,0.0018,0.0505,0.0001

1449.6850,0.0018,0.0758,0.0001

1450.6850,0.0018,0.0715,0.0001

1451.6850,0.0018,0.0657,0.0001

1452.6850,0.0018,0.0594,0.0001

1453.6850,0.0018,0.0697,0.0001

1454.6850,0.0018,0.0706,0.0001

1455.6850,0.0018,0.0498,0.0001

1456.6860,0.0018,0.0590,0.0001

1457.6860,0.0018,0.0704,0.0001

1458.6850,0.0018,0.0700,0.0001

1459.6850,0.0018,0.0628,0.0001

1460.6850,0.0018,0.0584,0.0001

1461.6850,0.0018,0.0554,0.0001

1462.6850,0.0018,0.0624,0.0001

1463.6850,0.0018,0.0615,0.0001

1464.6850,0.0018,0.0603,0.0001

1465.6850,0.0018,0.0687,0.0001

1466.6850,0.0018,0.0601,0.0001

1467.6850,0.0018,0.0587,0.0001

1468.6850,0.0018,0.0547,0.0001

1469.6850,0.0018,0.0579,0.0001

1470.6850,0.0018,0.0638,0.0001

1471.6850,0.0018,0.0677,0.0001

1472.6850,0.0018,0.0629,0.0001

1473.6860,0.0018,0.0610,0.0001

1474.6850,0.0018,0.0659,0.0001

1475.6850,0.0018,0.0610,0.0001

1476.6850,0.0018,0.0725,0.0001

1477.6860,0.0018,0.0595,0.0001

1478.6850,0.0018,0.0699,0.0001

1479.6850,0.0018,0.0608,0.0001

1480.6850,0.0018,0.0649,0.0001

1481.6850,0.0017,0.0551,0.0001

1482.6850,0.0018,0.0705,0.0001

1483.6850,0.0018,0.0728,0.0001

1484.6850,0.0018,0.0628,0.0001

1485.6850,0.0018,0.0598,0.0001

1486.6850,0.0018,0.0699,0.0001

1487.6850,0.0018,0.0639,0.0001

1488.6860,0.0018,0.0579,0.0001

1489.6850,0.0018,0.0581,0.0001

1490.6850,0.0018,0.0691,0.0001

1491.6850,0.0018,0.0702,0.0001

1492.6850,0.0018,0.0669,0.0001

1493.6850,0.0018,0.0601,0.0001

1494.6850,0.0018,0.0571,0.0001

1495.6850,0.0018,0.0587,0.0001

1496.6850,0.0018,0.0646,0.0001

1497.6850,0.0018,0.0558,0.0001

1498.6850,0.0018,0.0678,0.0001

1499.6860,0.0018,0.0624,0.0001

1500.6850,0.0018,0.0617,0.0001

1501.6850,0.0017,0.0620,0.0001

1502.6850,0.0018,0.0575,0.0001

1503.6850,0.0018,0.0526,0.0001

1504.6850,0.0018,0.0610,0.0001

1505.6850,0.0018,0.0632,0.0001

1506.6850,0.0018,0.0703,0.0001

1507.6850,0.0018,0.0669,0.0001

1508.6850,0.0018,0.0699,0.0001

1509.6850,0.0018,0.0606,0.0001

1510.6850,0.0018,0.0512,0.0001

1511.6850,0.0018,0.0707,0.0001

1512.6850,0.0018,0.0656,0.0001

1513.6850,0.0017,0.0626,0.0001

1514.6850,0.0018,0.0567,0.0001

1515.6850,0.0018,0.0566,0.0001

1516.6850,0.0018,0.0538,0.0001

1517.6850,0.0018,0.0462,0.0001

1518.6850,0.0018,0.0568,0.0001

1519.6850,0.0018,0.0643,0.0001

1520.6860,0.0018,0.0672,0.0001

1521.6850,0.0018,0.0606,0.0001

1522.6850,0.0018,0.0669,0.0001

1523.6850,0.0018,0.0622,0.0001

1524.6850,0.0018,0.0558,0.0001

1525.6850,0.0018,0.0638,0.0001

1526.6860,0.0017,0.0601,0.0001

1527.6850,0.0018,0.0566,0.0001

1528.6850,0.0018,0.0593,0.0001

1529.6850,0.0018,0.0476,0.0001

1530.6850,0.0018,0.0664,0.0001

1531.6850,0.0018,0.0627,0.0001

1532.6850,0.0018,0.0579,0.0001

1533.6850,0.0018,0.0555,0.0001

1534.6850,0.0018,0.0590,0.0001

1535.6850,0.0018,0.0470,0.0001

1536.6850,0.0018,0.0493,0.0001

1537.6850,0.0018,0.0536,0.0001

1538.6850,0.0018,0.0630,0.0001

1539.6850,0.0018,0.0607,0.0001

1540.6850,0.0018,0.0587,0.0001

1541.6850,0.0018,0.0671,0.0001

1542.6850,0.0018,0.0607,0.0001

1543.6850,0.0017,0.0591,0.0001

1544.6850,0.0018,0.0616,0.0001

1545.6850,0.0018,0.0573,0.0001

1546.6850,0.0018,0.0515,0.0001

1547.6850,0.0018,0.0619,0.0001

1548.6850,0.0018,0.0538,0.0001

1549.6850,0.0017,0.0634,0.0001

1550.6850,0.0018,0.0635,0.0001

1551.6860,0.0018,0.0512,0.0001

1552.6860,0.0018,0.0712,0.0001

1553.6850,0.0018,0.0620,0.0001

1554.6850,0.0018,0.0563,0.0001

1555.6850,0.0018,0.0623,0.0001

1556.6850,0.0018,0.0667,0.0001

1557.6850,0.0018,0.0660,0.0001

1558.6850,0.0018,0.0699,0.0001

1559.6850,0.0018,0.0573,0.0001

1560.6850,0.0018,0.0656,0.0001

1561.6850,0.0018,0.0770,0.0001

1562.6850,0.0018,0.0670,0.0001

1563.6850,0.0018,0.0565,0.0001

1564.6850,0.0018,0.0545,0.0001

1565.6850,0.0018,0.0611,0.0001

1566.6860,0.0018,0.0681,0.0001

1567.6850,0.0018,0.0506,0.0001

1568.6850,0.0018,0.0545,0.0001

1569.6850,0.0018,0.0499,0.0001

1570.6850,0.0018,0.0616,0.0001

1571.6860,0.0018,0.0674,0.0001

1572.6850,0.0018,0.0559,0.0001

1573.6850,0.0018,0.0605,0.0001

1574.6850,0.0018,0.0594,0.0001

1575.6850,0.0018,0.0501,0.0001

1576.6850,0.0018,0.0589,0.0001

1577.6850,0.0018,0.0592,0.0001

1578.6850,0.0018,0.0641,0.0001

1579.6850,0.0018,0.0564,0.0001

1580.6850,0.0018,0.0592,0.0001

1581.6850,0.0018,0.0640,0.0001

1582.6850,0.0018,0.0601,0.0001

1583.6850,0.0018,0.0676,0.0001

1584.6850,0.0018,0.0754,0.0001

1585.6850,0.0018,0.0752,0.0001

1586.6850,0.0018,0.0686,0.0001

1587.6850,0.0018,0.0616,0.0001

1588.6850,0.0017,0.0584,0.0001

1589.6850,0.0018,0.0600,0.0001

1590.6850,0.0018,0.0654,0.0001

1591.6850,0.0018,0.0653,0.0001

1592.6850,0.0018,0.0543,0.0001

1593.6860,0.0018,0.0548,0.0001

1594.6860,0.0018,0.0713,0.0001

1595.6850,0.0018,0.0649,0.0001

1596.6850,0.0018,0.0680,0.0001

1597.6850,0.0017,0.0669,0.0001

1598.6850,0.0018,0.0511,0.0001

1599.6850,0.0018,0.0636,0.0001

1600.6850,0.0018,0.0662,0.0001

1601.6850,0.0018,0.0529,0.0001

1602.6850,0.0018,0.0549,0.0001

1603.6860,0.0018,0.0493,0.0001

1604.6850,0.0018,0.0554,0.0001

1605.6850,0.0018,0.0614,0.0001

1606.6850,0.0018,0.0684,0.0001

1607.6850,0.0017,0.0616,0.0001

1608.6850,0.0018,0.0747,0.0001

1609.6850,0.0017,0.0612,0.0001

1610.6850,0.0017,0.0742,0.0001

1611.6850,0.0018,0.0567,0.0001

1612.6850,0.0018,0.0567,0.0001

1613.6850,0.0018,0.0605,0.0001

1614.6850,0.0018,0.0596,0.0001

1615.6850,0.0018,0.0573,0.0001

1616.6860,0.0018,0.0646,0.0001

1617.6850,0.0018,0.0669,0.0001

1618.6860,0.0018,0.0524,0.0001

1619.6850,0.0018,0.0609,0.0001

1620.6850,0.0017,0.0569,0.0001

1621.6850,0.0018,0.0547,0.0001

1622.6850,0.0017,0.0643,0.0001

1623.6850,0.0017,0.0522,0.0001

1624.6850,0.0017,0.0409,0.0001

1625.6850,0.0018,0.0595,0.0001

1626.6850,0.0017,0.0757,0.0001

1627.6850,0.0017,0.0640,0.0001

1628.6850,0.0018,0.0611,0.0001

1629.6850,0.0018,0.0700,0.0001

1630.6850,0.0017,0.0643,0.0001

1631.6850,0.0018,0.0605,0.0001

1632.6850,0.0018,0.0695,0.0001

1633.6850,0.0018,0.0567,0.0001

1634.6850,0.0018,0.0673,0.0001

1635.6850,0.0018,0.0676,0.0001

1636.6850,0.0018,0.0551,0.0001

1637.6850,0.0018,0.0582,0.0001

1638.6850,0.0018,0.0731,0.0001

1639.6850,0.0017,0.0619,0.0001

1640.6850,0.0018,0.0539,0.0001

1641.6850,0.0018,0.0524,0.0001

1642.6850,0.0017,0.0535,0.0001

1643.6850,0.0018,0.0585,0.0001

1644.6860,0.0018,0.0635,0.0001

1645.6850,0.0018,0.0554,0.0001

1646.6860,0.0018,0.0545,0.0001

1647.6850,0.0018,0.0465,0.0001

1648.6850,0.0018,0.0627,0.0001

1649.6850,0.0018,0.0589,0.0001

1650.6850,0.0018,0.0679,0.0001

1651.6850,0.0018,0.0619,0.0001

1652.6850,0.0018,0.0689,0.0001

1653.6850,0.0018,0.0598,0.0001

1654.6850,0.0018,0.0667,0.0001

1655.6850,0.0018,0.0607,0.0001

1656.6850,0.0018,0.0603,0.0001

1657.6850,0.0018,0.0645,0.0001

1658.6850,0.0018,0.0643,0.0001

1659.6850,0.0018,0.0739,0.0001

1660.6850,0.0018,0.0580,0.0001

1661.6850,0.0017,0.0729,0.0001

1662.6850,0.0017,0.0714,0.0001

1663.6850,0.0018,0.0598,0.0001

1664.6850,0.0018,0.0647,0.0001

1665.6850,0.0018,0.0662,0.0001

1666.6850,0.0018,0.0566,0.0001

1667.6850,0.0018,0.0585,0.0001

1668.6850,0.0018,0.0573,0.0001

1669.6860,0.0018,0.0551,0.0001

1670.6850,0.0018,0.0530,0.0001

1671.6850,0.0018,0.0670,0.0001

1672.6850,0.0018,0.0566,0.0001

1673.6850,0.0018,0.0619,0.0001

1674.6850,0.0018,0.0525,0.0001

1675.6850,0.0018,0.0631,0.0001

1676.6850,0.0018,0.0537,0.0001

1677.6850,0.0018,0.0564,0.0001

1678.6850,0.0018,0.0712,0.0001

1679.6850,0.0018,0.0549,0.0001

1680.6850,0.0018,0.0566,0.0001

1681.6850,0.0018,0.0597,0.0001

1682.6850,0.0018,0.0510,0.0001

1683.6850,0.0018,0.0547,0.0001

1684.6850,0.0018,0.0612,0.0001

1685.6850,0.0018,0.0620,0.0001

1686.6850,0.0018,0.0626,0.0001

1687.6850,0.0018,0.0596,0.0001

1688.6850,0.0018,0.0602,0.0001

1689.6850,0.0018,0.0532,0.0001

1690.6860,0.0018,0.0549,0.0001

1691.6850,0.0017,0.0612,0.0001

1692.6850,0.0017,0.0542,0.0001

1693.6850,0.0017,0.0674,0.0001

1694.6850,0.0017,0.0622,0.0001

1695.6850,0.0018,0.0611,0.0001

1696.6860,0.0018,0.0557,0.0001

1697.6850,0.0018,0.0535,0.0001

1698.6850,0.0018,0.0549,0.0001

1699.6850,0.0017,0.0619,0.0001

1700.6850,0.0017,0.0557,0.0001

1701.6850,0.0017,0.0561,0.0001

1702.6850,0.0018,0.0655,0.0001

1703.6850,0.0018,0.0566,0.0001

1704.6850,0.0018,0.0475,0.0001

1705.6850,0.0018,0.0680,0.0001

1706.6850,0.0018,0.0507,0.0001

1707.6850,0.0018,0.0560,0.0001

1708.6860,0.0018,0.0650,0.0001

1709.6860,0.0017,0.0527,0.0001

1710.6850,0.0017,0.0460,0.0001

1711.6850,0.0017,0.0577,0.0001

1712.6850,0.0017,0.0672,0.0001

1713.6850,0.0018,0.0561,0.0001

1714.6850,0.0018,0.0600,0.0001

1715.6850,0.0017,0.0459,0.0001

1716.6850,0.0017,0.0653,0.0001

1717.6850,0.0017,0.0645,0.0001

1718.6850,0.0017,0.0605,0.0001

1719.6850,0.0017,0.0617,0.0001

1720.6850,0.0018,0.0521,0.0001

1721.6850,0.0018,0.0549,0.0001

1722.6850,0.0018,0.0589,0.0001

1723.6850,0.0018,0.0583,0.0001

1724.6850,0.0018,0.0560,0.0001

1725.6850,0.0018,0.0517,0.0001

1726.6850,0.0018,0.0606,0.0001

1727.6850,0.0018,0.0645,0.0001

1728.6850,0.0018,0.0499,0.0001

1729.6850,0.0018,0.0578,0.0001

1730.6850,0.0017,0.0583,0.0001

1731.6850,0.0018,0.0494,0.0001

1732.6850,0.0018,0.0577,0.0001

1733.6850,0.0018,0.0565,0.0001

1734.6860,0.0018,0.0414,0.0001

1735.6850,0.0018,0.0529,0.0001

1736.6850,0.0017,0.0618,0.0001

1737.6850,0.0018,0.0641,0.0001

1738.6850,0.0018,0.0517,0.0001

1739.6850,0.0018,0.0587,0.0001

1740.6850,0.0018,0.0629,0.0001

1741.6850,0.0018,0.0542,0.0001

1742.6850,0.0018,0.0604,0.0001

1743.6850,0.0018,0.0533,0.0001

1744.6850,0.0018,0.0590,0.0001

1745.6850,0.0018,0.0509,0.0001

1746.6850,0.0018,0.0684,0.0001

1747.6850,0.0018,0.0630,0.0001

1748.6850,0.0018,0.0468,0.0001

1749.6850,0.0018,0.0577,0.0001

1750.6850,0.0018,0.0631,0.0001

1751.6850,0.0018,0.0668,0.0001

1752.6850,0.0018,0.0664,0.0001

1753.6850,0.0018,0.0646,0.0001

1754.6850,0.0018,0.0630,0.0001

1755.6850,0.0018,0.0483,0.0001

1756.6850,0.0018,0.0613,0.0001

1757.6850,0.0018,0.0529,0.0001

1758.6850,0.0018,0.0490,0.0001

1759.6850,0.0018,0.0616,0.0001

1760.6860,0.0018,0.0656,0.0001

1761.6850,0.0018,0.0513,0.0001

1762.6850,0.0018,0.0482,0.0001

1763.6850,0.0018,0.0471,0.0001

1764.6850,0.0017,0.0537,0.0001

1765.6850,0.0018,0.0568,0.0001

1766.6850,0.0017,0.0481,0.0001

1767.6850,0.0018,0.0501,0.0001

1768.6850,0.0018,0.0492,0.0001

1769.6850,0.0018,0.0543,0.0001

1770.6850,0.0018,0.0582,0.0001

1771.6850,0.0018,0.0574,0.0001

1772.6860,0.0018,0.0488,0.0001

1773.6850,0.0018,0.0630,0.0001

1774.6850,0.0018,0.0582,0.0001

1775.6850,0.0018,0.0656,0.0001

1776.6850,0.0018,0.0633,0.0001

1777.6850,0.0017,0.0569,0.0001

1778.6860,0.0017,0.0612,0.0001

1779.6850,0.0018,0.0596,0.0001

1780.6850,0.0018,0.0725,0.0001

1781.6850,0.0018,0.0497,0.0001

1782.6850,0.0018,0.0530,0.0001

1783.6850,0.0018,0.0557,0.0001

1784.6850,0.0018,0.0480,0.0001

1785.6850,0.0017,0.0450,0.0001

1786.6850,0.0018,0.0530,0.0001

1787.6850,0.0018,0.0610,0.0001

1788.6850,0.0018,0.0618,0.0001

1789.6850,0.0018,0.0608,0.0001

1790.6860,0.0018,0.0507,0.0001

1791.6850,0.0018,0.0565,0.0001

1792.6850,0.0018,0.0505,0.0001

1793.6850,0.0018,0.0641,0.0001

1794.6850,0.0018,0.0595,0.0001

1795.6850,0.0018,0.0470,0.0001

1796.6850,0.0017,0.0563,0.0001

1797.6850,0.0017,0.0582,0.0001

1798.6850,0.0018,0.0553,0.0001

1799.6850,0.0018,0.0443,0.0001

1800.6850,0.0018,0.0467,0.0001

1801.6850,0.0018,0.0497,0.0001

1802.6850,0.0018,0.0601,0.0001

1803.6850,0.0017,0.0611,0.0001

1804.6850,0.0017,0.0449,0.0001

1805.6850,0.0017,0.0568,0.0001

1806.6850,0.0018,0.0628,0.0001

1807.6850,0.0018,0.0626,0.0001

1808.6850,0.0018,0.0536,0.0001

1809.6850,0.0018,0.0523,0.0001

1810.6850,0.0018,0.0520,0.0001

1811.6860,0.0018,0.0485,0.0001

1812.6850,0.0017,0.0541,0.0001

1813.6860,0.0017,0.0463,0.0001

1814.6850,0.0017,0.0580,0.0001

1815.6860,0.0018,0.0552,0.0001

1816.6850,0.0018,0.0518,0.0001

1817.6850,0.0018,0.0552,0.0001

1818.6860,0.0018,0.0443,0.0001

1819.6850,0.0018,0.0511,0.0001

1820.6850,0.0018,0.0582,0.0001

1821.6850,0.0017,0.0567,0.0001

1822.6850,0.0017,0.0535,0.0001

1823.6850,0.0018,0.0524,0.0001

1824.6850,0.0018,0.0531,0.0001

1825.6850,0.0018,0.0461,0.0001

1826.6850,0.0018,0.0421,0.0001

1827.6850,0.0018,0.0521,0.0001

1828.6850,0.0017,0.0495,0.0001

1829.6850,0.0017,0.0563,0.0001

1830.6850,0.0017,0.0479,0.0001

1831.6850,0.0017,0.0595,0.0001

1832.6850,0.0018,0.0405,0.0001

1833.6850,0.0017,0.0528,0.0001

1834.6850,0.0018,0.0540,0.0001

1835.6850,0.0018,0.0458,0.0001

1836.6860,0.0018,0.0502,0.0001

1837.6850,0.0017,0.0630,0.0001

1838.6850,0.0017,0.0760,0.0001

1839.6850,0.0018,0.0547,0.0001

1840.6850,0.0018,0.0516,0.0001

1841.6850,0.0018,0.0527,0.0001

1842.6850,0.0018,0.0516,0.0001

1843.6850,0.0018,0.0654,0.0001

1844.6850,0.0018,0.0702,0.0001

1845.6850,0.0018,0.0594,0.0001

1846.6850,0.0017,0.0635,0.0001

1847.6850,0.0018,0.0574,0.0001

1848.6850,0.0017,0.0476,0.0001

1849.6850,0.0017,0.0474,0.0001

1850.6860,0.0018,0.0524,0.0001

1851.6850,0.0017,0.0535,0.0001

1852.6850,0.0017,0.0682,0.0001

1853.6850,0.0017,0.0545,0.0001

1854.6850,0.0018,0.0526,0.0001

1855.6850,0.0018,0.0577,0.0001

1856.6850,0.0017,0.0581,0.0001

1857.6850,0.0017,0.0513,0.0001

1858.6850,0.0018,0.0586,0.0001

1859.6850,0.0018,0.0606,0.0001

1860.6850,0.0018,0.0544,0.0001

1861.6850,0.0018,0.0617,0.0001

1862.6850,0.0018,0.0618,0.0001

1863.7790,0.0018,0.0649,0.0001

1864.6850,0.0018,0.0566,0.0001

1865.6860,0.0018,0.0544,0.0001

1866.6860,0.0018,0.0529,0.0001

1867.6850,0.0018,0.0598,0.0001

1868.6860,0.0018,0.0535,0.0001

1869.6850,0.0018,0.0625,0.0001

1870.6860,0.0018,0.0555,0.0001

1871.6850,0.0017,0.0630,0.0001

1872.6850,0.0017,0.0538,0.0001

1873.6850,0.0017,0.0592,0.0001

1874.6850,0.0017,0.0570,0.0001

1875.6850,0.0017,0.0577,0.0001

1876.6850,0.0017,0.0493,0.0001

1877.6850,0.0017,0.0564,0.0001

1878.6850,0.0018,0.0592,0.0001

1879.6850,0.0018,0.0595,0.0001

1880.6850,0.0017,0.0660,0.0001

1881.6850,0.0017,0.0556,0.0001

1882.6850,0.0017,0.0569,0.0001

1883.6850,0.0017,0.0488,0.0001

1884.6850,0.0018,0.0542,0.0001

1887.0740,0.0018,0.0529,0.0001

1888.5830,0.0018,0.0451,0.0001

1888.9400,0.0018,0.0522,0.0001

1889.6850,0.0018,0.0382,0.0001

1890.6850,0.0018,0.0397,0.0001

1891.6850,0.0018,0.0540,0.0001

1892.6860,0.0018,0.0621,0.0001

1893.6860,0.0017,0.0480,0.0001

1894.6850,0.0017,0.0551,0.0001

1895.6850,0.0017,0.0679,0.0001

1896.6850,0.0017,0.0573,0.0001

1897.6850,0.0017,0.0539,0.0001

1898.6850,0.0017,0.0589,0.0001

1899.6850,0.0018,0.0477,0.0001

1900.6850,0.0018,0.0515,0.0001

1901.6850,0.0017,0.0490,0.0001

1902.6850,0.0017,0.0524,0.0001

1903.6850,0.0017,0.0382,0.0001

1904.6850,0.0017,0.0502,0.0001

1905.6850,0.0017,0.0493,0.0001

1906.6850,0.0017,0.0546,0.0001

1907.6860,0.0017,0.0528,0.0001

1908.6850,0.0017,0.0636,0.0001

1909.6850,0.0017,0.0507,0.0001

1910.6860,0.0017,0.0534,0.0001

1911.6850,0.0017,0.0557,0.0001

1912.6850,0.0017,0.0561,0.0001

1913.6850,0.0017,0.0527,0.0001

1914.6850,0.0017,0.0479,0.0001

1915.6860,0.0017,0.0552,0.0001

1916.6850,0.0017,0.0495,0.0001

1917.6850,0.0017,0.0566,0.0001

1918.6850,0.0017,0.0481,0.0001

1919.6860,0.0018,0.0545,0.0001

1920.6850,0.0017,0.0586,0.0001

1921.6850,0.0018,0.0605,0.0001

1922.6850,0.0018,0.0476,0.0001

1923.6850,0.0017,0.0488,0.0001

1924.6850,0.0018,0.0608,0.0001

1925.6860,0.0017,0.0498,0.0001

1926.6850,0.0017,0.0505,0.0001

1927.6850,0.0017,0.0596,0.0001

1928.6850,0.0017,0.0446,0.0001

1929.6850,0.0017,0.0586,0.0001

1930.6850,0.0017,0.0574,0.0001

1931.6850,0.0017,0.0599,0.0001

1932.6860,0.0017,0.0583,0.0001

1933.6850,0.0017,0.0539,0.0001

1934.6850,0.0017,0.0659,0.0001

1935.6850,0.0018,0.0546,0.0001

1936.6850,0.0017,0.0521,0.0001

1937.6850,0.0017,0.0528,0.0001

1938.6850,0.0017,0.0581,0.0001

1939.6850,0.0018,0.0547,0.0001

1940.6860,0.0018,0.0548,0.0001

1941.6850,0.0018,0.0455,0.0001

1942.6850,0.0018,0.0600,0.0001

1943.6850,0.0018,0.0531,0.0001

1944.6850,0.0017,0.0577,0.0001

1945.6860,0.0018,0.0510,0.0001

1946.6850,0.0017,0.0583,0.0001

1948.1090,0.0017,0.0606,0.0001

1948.6870,0.0018,0.0517,0.0001

1949.6850,0.0018,0.0310,0.0001

1950.6850,0.0018,0.0446,0.0001

1951.6850,0.0018,0.0521,0.0001

1952.6850,0.0018,0.0506,0.0001

1953.6850,0.0018,0.0491,0.0001

1954.6850,0.0018,0.0465,0.0001

1955.6850,0.0018,0.0455,0.0001

1956.6850,0.0018,0.0469,0.0001

1957.6850,0.0017,0.0498,0.0001

1958.6850,0.0018,0.0612,0.0001

1959.6850,0.0017,0.0454,0.0001

1960.6850,0.0018,0.0490,0.0001

1961.6850,0.0018,0.0590,0.0001

1962.6850,0.0018,0.0510,0.0001

1963.6850,0.0017,0.0412,0.0001

1964.6850,0.0018,0.0467,0.0001

1965.6860,0.0018,0.0435,0.0001

1966.6850,0.0017,0.0567,0.0001

1967.6850,0.0017,0.0619,0.0001

1968.6850,0.0017,0.0688,0.0001

1969.6850,0.0017,0.0463,0.0001

1970.6850,0.0017,0.0477,0.0001

1971.6850,0.0017,0.0466,0.0001

1972.6850,0.0017,0.0461,0.0001

1973.6860,0.0017,0.0505,0.0001

1974.6850,0.0018,0.0520,0.0001

1975.6850,0.0018,0.0545,0.0001

1976.6860,0.0017,0.0499,0.0001

1977.6850,0.0018,0.0483,0.0001

1978.6850,0.0018,0.0487,0.0001

1979.6850,0.0018,0.0591,0.0001

1980.6850,0.0017,0.0524,0.0001

1981.6850,0.0017,0.0522,0.0001

1982.6850,0.0017,0.0491,0.0001

1983.6850,0.0018,0.0424,0.0001

1984.6850,0.0018,0.0450,0.0001

1985.6850,0.0017,0.0467,0.0001

1986.6850,0.0017,0.0448,0.0001

1987.6850,0.0017,0.0481,0.0001

1988.6850,0.0018,0.0388,0.0001

1989.6850,0.0018,0.0575,0.0001

1990.6850,0.0017,0.0544,0.0001

1991.6850,0.0017,0.0493,0.0001

1992.6850,0.0017,0.0378,0.0001

1993.6850,0.0017,0.0502,0.0001

1994.6850,0.0017,0.0462,0.0001

1995.6850,0.0018,0.0515,0.0001

1996.6850,0.0017,0.0435,0.0001

1997.6850,0.0017,0.0513,0.0001

1998.6850,0.0018,0.0459,0.0001

1999.6850,0.0017,0.0470,0.0001

2000.6850,0.0017,0.0499,0.0001

2001.6850,0.0017,0.0419,0.0001

2002.6850,0.0017,0.0411,0.0001

2003.6850,0.0017,0.0460,0.0001

2004.6860,0.0017,0.0509,0.0001

2005.6850,0.0017,0.0393,0.0001

2006.6850,0.0017,0.0647,0.0001

2007.6850,0.0017,0.0495,0.0001

2008.6860,0.0017,0.0404,0.0001

2009.6850,0.0017,0.0472,0.0001

2010.6860,0.0017,0.0497,0.0001

2011.6850,0.0017,0.0489,0.0001

2012.6850,0.0017,0.0407,0.0001

2013.6850,0.0018,0.0415,0.0001

2014.6860,0.0018,0.0472,0.0001

2015.6850,0.0018,0.0556,0.0001

2016.6850,0.0017,0.0480,0.0001

2017.6850,0.0017,0.0484,0.0001

2018.6850,0.0017,0.0434,0.0001

2019.6850,0.0017,0.0455,0.0001

2020.6850,0.0018,0.0434,0.0001

2021.6850,0.0018,0.0425,0.0001

2022.6850,0.0018,0.0569,0.0001

2023.6850,0.0018,0.0405,0.0001

2024.6850,0.0018,0.0478,0.0001

2025.6850,0.0018,0.0469,0.0001

2026.6850,0.0018,0.0516,0.0001

2027.6850,0.0017,0.0551,0.0001

2028.6850,0.0018,0.0628,0.0001

2029.6850,0.0017,0.0532,0.0001

2030.6850,0.0017,0.0490,0.0001

2031.6850,0.0018,0.0465,0.0001

2032.6850,0.0018,0.0496,0.0001

2033.6850,0.0017,0.0474,0.0001

2034.6850,0.0017,0.0561,0.0001

2035.6850,0.0018,0.0562,0.0001

2036.6860,0.0018,0.0570,0.0001

2037.6850,0.0018,0.0606,0.0001

2038.6850,0.0018,0.0525,0.0001

2039.6850,0.0018,0.0517,0.0001

2040.6850,0.0018,0.0480,0.0001

2041.6860,0.0018,0.0463,0.0001

2042.6850,0.0018,0.0554,0.0001

2043.6850,0.0018,0.0539,0.0001

2044.6850,0.0018,0.0493,0.0001

2045.6850,0.0018,0.0434,0.0001

2046.6850,0.0018,0.0463,0.0001

2047.6850,0.0018,0.0566,0.0001

2048.6850,0.0018,0.0411,0.0001

2049.6850,0.0017,0.0409,0.0001

2050.6850,0.0017,0.0468,0.0001

2051.6850,0.0018,0.0502,0.0001

2052.6850,0.0017,0.0494,0.0001

2053.6850,0.0018,0.0475,0.0001

2054.6860,0.0018,0.0493,0.0001

2055.6850,0.0018,0.0507,0.0001

2056.6850,0.0018,0.0423,0.0001

2057.6850,0.0018,0.0472,0.0001

2058.6850,0.0018,0.0430,0.0001

2059.6850,0.0017,0.0482,0.0001

2060.6850,0.0017,0.0532,0.0001

2061.6850,0.0017,0.0499,0.0001

2062.6850,0.0017,0.0358,0.0001

2063.6850,0.0017,0.0462,0.0001

2064.6850,0.0017,0.0475,0.0001

2065.6850,0.0017,0.0472,0.0001

2066.6860,0.0017,0.0435,0.0001

2067.6850,0.0017,0.0474,0.0001

2068.6860,0.0017,0.0561,0.0001

2069.6850,0.0017,0.0427,0.0001

2070.6860,0.0017,0.0433,0.0001

2071.6850,0.0018,0.0434,0.0001

2072.6850,0.0017,0.0513,0.0001

2073.6850,0.0018,0.0476,0.0001

2074.6850,0.0018,0.0541,0.0001

2075.6850,0.0017,0.0496,0.0001

2076.6850,0.0017,0.0531,0.0001

2077.6850,0.0017,0.0517,0.0001

2078.6850,0.0018,0.0453,0.0001

2079.6850,0.0017,0.0505,0.0001

2080.6850,0.0017,0.0455,0.0001

2081.6850,0.0017,0.0475,0.0001

2082.6850,0.0017,0.0471,0.0001

2083.6850,0.0017,0.0443,0.0001

2084.6850,0.0017,0.0487,0.0001

2085.6850,0.0017,0.0495,0.0001

2086.6850,0.0017,0.0649,0.0001

2087.6850,0.0017,0.0462,0.0001

2088.6850,0.0017,0.0479,0.0001

2089.6850,0.0017,0.0486,0.0001

2090.6850,0.0018,0.0422,0.0001

2091.6850,0.0018,0.0489,0.0001

2092.6850,0.0017,0.0392,0.0001

2093.6850,0.0017,0.0431,0.0001

2094.6850,0.0018,0.0589,0.0001

2095.6860,0.0018,0.0475,0.0001

2096.6850,0.0018,0.0413,0.0001

2097.6850,0.0018,0.0361,0.0001

2098.6850,0.0018,0.0385,0.0001

2099.6850,0.0018,0.0420,0.0001

2100.6860,0.0018,0.0436,0.0001

2101.6850,0.0018,0.0445,0.0001

2102.6850,0.0018,0.0490,0.0001

2103.6850,0.0018,0.0613,0.0001

2104.6860,0.0018,0.0424,0.0001

2105.6850,0.0018,0.0454,0.0001

2106.6850,0.0018,0.0498,0.0001

2107.6850,0.0018,0.0479,0.0001

2108.6850,0.0018,0.0446,0.0001

2109.6850,0.0018,0.0433,0.0001

2110.6850,0.0018,0.0514,0.0001

2111.6850,0.0017,0.0515,0.0001

2112.6860,0.0017,0.0563,0.0001

2113.6850,0.0018,0.0452,0.0001

2114.6850,0.0017,0.0390,0.0001

2115.6850,0.0017,0.0491,0.0001

2116.6850,0.0017,0.0471,0.0001

2117.6850,0.0018,0.0509,0.0001

2118.6850,0.0018,0.0627,0.0001

2119.6850,0.0018,0.0489,0.0001

2120.6850,0.0017,0.0529,0.0001

2121.6850,0.0017,0.0458,0.0001

2122.6850,0.0017,0.0474,0.0001

2123.6850,0.0018,0.0452,0.0001

2124.6850,0.0017,0.0435,0.0001

2125.6850,0.0017,0.0505,0.0001

2126.6850,0.0018,0.0417,0.0001

2127.6850,0.0017,0.0307,0.0001

2128.6850,0.0017,0.0515,0.0001

2129.6850,0.0017,0.0552,0.0001

2130.6850,0.0017,0.0625,0.0001

2131.6850,0.0018,0.0432,0.0001

2132.6850,NaN,NaN,NaN

2133.6860,0.0017,0.0516,0.0001

2134.6850,0.0017,0.0445,0.0001

2135.6850,0.0017,0.0503,0.0001

2136.6850,0.0017,0.0454,0.0001

2137.6860,0.0017,0.0535,0.0001

2138.6850,0.0017,0.0398,0.0001

2139.6850,0.0017,0.0353,0.0001

2140.6850,0.0018,0.0469,0.0001

2141.6850,0.0018,0.0480,0.0001

2142.6850,0.0018,0.0413,0.0001

2143.6850,0.0018,0.0440,0.0001

2144.6850,0.0018,0.0482,0.0001

2145.6850,0.0017,0.0576,0.0001

2146.6850,0.0017,0.0437,0.0001

2147.6850,0.0017,0.0544,0.0001

2148.6850,0.0018,0.0631,0.0001

2149.6850,0.0017,0.0392,0.0001

2150.6850,0.0017,0.0450,0.0001

2151.6850,0.0017,0.0423,0.0001

2152.6850,0.0017,0.0477,0.0001

2153.6850,0.0017,0.0517,0.0001

2154.6850,0.0018,0.0452,0.0001

2155.6850,0.0018,0.0457,0.0001

2156.6850,0.0018,0.0609,0.0001

2157.6860,0.0018,0.0476,0.0001

2158.6850,0.0017,0.0458,0.0001

2159.6850,0.0017,0.0572,0.0001

2160.6850,0.0017,0.0573,0.0001

2161.6860,0.0017,0.0505,0.0001

2162.6860,0.0018,0.0441,0.0001

2163.6850,0.0018,0.0475,0.0001

2164.6850,0.0018,0.0413,0.0001

2165.6850,0.0018,0.0541,0.0001

2166.6850,0.0018,0.0409,0.0001

2167.6850,0.0018,0.0499,0.0001

2168.6850,0.0018,0.0475,0.0001

2169.6850,0.0018,0.0440,0.0001

2170.6850,0.0018,0.0501,0.0001

2171.6850,0.0018,0.0590,0.0001

2172.6850,0.0018,0.0387,0.0001

2173.6850,0.0018,0.0530,0.0001

2174.6850,0.0018,0.0453,0.0001

2175.6850,0.0017,0.0529,0.0001

2176.6850,0.0017,0.0400,0.0001

2177.6850,0.0018,0.0458,0.0001

2178.6850,0.0018,0.0410,0.0001

2179.6850,0.0017,0.0488,0.0001

2180.6850,0.0018,0.0392,0.0001

2181.6850,0.0017,0.0463,0.0001

2182.6850,0.0018,0.0420,0.0001

2183.6850,0.0018,0.0478,0.0001

2184.6850,0.0018,0.0494,0.0001

2185.6850,0.0018,0.0542,0.0001

2186.6850,0.0018,0.0411,0.0001

2187.6850,0.0017,0.0445,0.0001

2188.6850,0.0017,0.0471,0.0001

2189.6850,0.0018,0.0558,0.0001

2190.6850,0.0018,0.0411,0.0001

2191.6850,0.0018,0.0579,0.0001

2192.6850,0.0018,0.0599,0.0001

2193.6850,0.0018,0.0409,0.0001

2194.6850,0.0018,0.0437,0.0001

2195.6850,0.0018,0.0442,0.0001

2196.6850,0.0018,0.0478,0.0001

2197.6850,0.0018,0.0503,0.0001

2198.6850,0.0017,0.0419,0.0001

2199.6850,0.0018,0.0448,0.0001

2200.6850,0.0018,0.0538,0.0001

2201.6850,0.0017,0.0429,0.0001

2202.6860,0.0017,0.0378,0.0001

2203.6850,0.0018,0.0349,0.0001

2204.6850,0.0017,0.0500,0.0001

2205.6850,0.0017,0.0563,0.0001

2206.6850,0.0017,0.0488,0.0001

2207.6850,0.0018,0.0397,0.0001

2208.6850,0.0018,0.0467,0.0001

2209.6850,0.0017,0.0510,0.0001

2210.6850,0.0017,0.0398,0.0001

2211.6860,0.0018,0.0478,0.0001

2212.6850,0.0017,0.0480,0.0001

2213.6860,0.0018,0.0525,0.0001

2214.6850,0.0017,0.0639,0.0001

2215.6850,0.0017,0.0487,0.0001

2216.6850,0.0017,0.0418,0.0001

2217.6850,0.0018,0.0460,0.0001

2218.6850,0.0018,0.0462,0.0001

2219.6850,0.0017,0.0539,0.0001

2220.6850,0.0018,0.0488,0.0001

2221.6850,0.0017,0.0453,0.0001

2222.6850,0.0017,0.0408,0.0001

2223.6850,0.0017,0.0518,0.0001

2224.6850,0.0017,0.0370,0.0001

2225.6850,0.0017,0.0482,0.0001

2226.6850,0.0017,0.0404,0.0001

2227.6850,0.0018,0.0415,0.0001

2228.6850,0.0017,0.0414,0.0001

2229.6850,0.0017,0.0444,0.0001

2230.6850,0.0017,0.0433,0.0001

2231.6850,0.0017,0.0396,0.0001

2232.6850,0.0017,0.0361,0.0001

2233.6850,0.0017,0.0379,0.0001

2234.6860,0.0017,0.0419,0.0001

2235.6860,0.0017,0.0461,0.0001

2236.6850,0.0017,0.0435,0.0001

2237.6850,0.0017,0.0579,0.0001

2238.6850,0.0017,0.0477,0.0001

2239.6850,0.0017,0.0403,0.0001

2240.6850,0.0017,0.0361,0.0001

2241.6850,0.0017,0.0474,0.0001

2242.6850,0.0017,0.0557,0.0001

2243.6850,0.0017,0.0492,0.0001

2244.6860,0.0017,0.0491,0.0001

2245.6850,0.0017,0.0399,0.0001

2246.6850,0.0017,0.0422,0.0001

2247.6850,0.0017,0.0388,0.0001

2248.6850,0.0017,0.0510,0.0001

2249.6850,0.0017,0.0550,0.0001

2250.6850,0.0017,0.0505,0.0001

2251.6850,0.0017,0.0460,0.0001

2252.6860,0.0017,0.0373,0.0001

2253.6850,0.0017,0.0413,0.0001

2254.6850,0.0017,0.0452,0.0001

2255.6860,0.0017,0.0493,0.0001

2256.6850,0.0017,0.0399,0.0001

2257.6850,0.0017,0.0491,0.0001

2258.6850,0.0017,0.0492,0.0001

2259.6850,0.0017,0.0373,0.0001

2260.6850,0.0017,0.0411,0.0001

2261.6850,0.0017,0.0441,0.0001

2262.6850,0.0017,0.0522,0.0001

2263.6850,0.0017,0.0387,0.0001

2264.6850,0.0017,0.0378,0.0001

2265.6850,0.0018,0.0453,0.0001

2266.6850,0.0018,0.0396,0.0001

2267.6860,0.0018,0.0453,0.0001

2268.6850,0.0018,0.0395,0.0001

2269.6850,0.0018,0.0393,0.0001

2270.6850,0.0018,0.0388,0.0001

2271.6850,0.0017,0.0468,0.0001

2272.6850,0.0017,0.0445,0.0001

2273.6860,0.0017,0.0457,0.0001

2274.6850,0.0018,0.0416,0.0001

2275.6850,0.0018,0.0444,0.0001

2276.6850,0.0018,0.0497,0.0001

2277.6850,0.0018,0.0436,0.0001

2278.6850,0.0018,0.0562,0.0001

2279.6850,0.0018,0.0458,0.0001

2280.6850,0.0018,0.0387,0.0001

2281.6850,0.0018,0.0344,0.0001

2282.6850,0.0018,0.0434,0.0001

2283.6850,0.0017,0.0451,0.0001

2284.6850,0.0018,0.0426,0.0001

2285.6850,0.0018,0.0501,0.0001

2286.6850,0.0018,0.0412,0.0001

2287.6860,0.0018,0.0433,0.0001

2288.6850,0.0018,0.0479,0.0001

2289.6850,0.0018,0.0438,0.0001

2290.6860,0.0018,0.0420,0.0001

2291.6850,0.0018,0.0433,0.0001

2292.6850,0.0018,0.0377,0.0001

2293.6850,0.0018,0.0397,0.0001

2294.6850,0.0018,0.0435,0.0001

2295.6850,0.0018,0.0529,0.0001

2296.6860,0.0018,0.0479,0.0001

2297.6850,0.0018,0.0432,0.0001

2298.6860,0.0018,0.0326,0.0001

2299.6850,0.0018,0.0364,0.0001

2300.6850,0.0017,0.0457,0.0001

2301.6850,0.0017,0.0371,0.0001

2302.6850,0.0017,0.0435,0.0001

2303.6860,0.0017,0.0495,0.0001

2304.6850,0.0017,0.0454,0.0001

2305.6850,0.0017,0.0374,0.0001

2306.6850,0.0017,0.0521,0.0001

2307.6850,0.0018,0.0410,0.0001

2308.6850,0.0017,0.0405,0.0001

2309.6860,0.0017,0.0389,0.0001

2310.6850,0.0017,0.0459,0.0001

2311.6850,0.0017,0.0417,0.0001

2312.6850,0.0017,0.0498,0.0001

2313.6850,0.0017,0.0478,0.0001

2314.6850,0.0017,0.0470,0.0001

2315.6850,0.0017,0.0422,0.0001

2316.6850,0.0018,0.0440,0.0001

2317.6850,0.0018,0.0408,0.0001

2318.6850,0.0017,0.0431,0.0001

2319.6860,0.0017,0.0327,0.0001

2320.6850,0.0017,0.0393,0.0001

2321.6850,0.0017,0.0315,0.0001

2322.6850,0.0017,0.0490,0.0001

2323.6850,0.0017,0.0397,0.0001

2324.6850,0.0017,0.0480,0.0001

2325.6850,0.0017,0.0431,0.0001

2326.6850,0.0017,0.0383,0.0001

2327.6850,0.0017,0.0395,0.0001

2328.6860,0.0017,0.0479,0.0001

2329.6850,0.0017,0.0518,0.0001

2330.6850,0.0017,0.0366,0.0001

2331.6850,0.0017,0.0407,0.0001

2332.6850,0.0017,0.0430,0.0001

2333.6850,0.0017,0.0399,0.0001

2334.6850,0.0017,0.0391,0.0001

2335.6850,0.0017,0.0358,0.0001

2336.6850,0.0017,0.0451,0.0001

2337.6860,NaN,NaN,NaN

2338.6850,0.0018,0.0435,0.0001

2339.6850,0.0017,0.0441,0.0001

2340.6850,0.0018,0.0372,0.0001

2341.6860,0.0018,0.0498,0.0001

2342.6860,0.0018,0.0412,0.0001

2343.6850,0.0017,0.0414,0.0001

2344.6850,0.0017,0.0410,0.0001

2345.6860,0.0018,0.0411,0.0001

2346.6860,0.0018,0.0357,0.0001

2347.6850,0.0017,0.0361,0.0001

2348.6850,0.0017,0.0388,0.0001

2349.6860,0.0017,0.0542,0.0001

2350.6850,0.0017,0.0511,0.0001

2351.6850,0.0017,0.0491,0.0001

2352.6850,0.0018,0.0424,0.0001

2353.6850,0.0017,0.0466,0.0001

2354.6860,0.0017,0.0365,0.0001

2355.6850,0.0018,0.0534,0.0001

2356.6850,0.0017,0.0400,0.0001

2357.6850,0.0018,0.0472,0.0001

2358.6850,0.0017,0.0483,0.0001

2359.6850,0.0017,0.0465,0.0001

2360.6850,0.0017,0.0524,0.0001

2361.6850,0.0017,0.0325,0.0001

2362.6850,0.0017,0.0443,0.0001

2363.6850,0.0017,0.0431,0.0001

2364.6850,0.0017,0.0319,0.0001

2365.6850,0.0017,0.0351,0.0001

2366.6850,0.0017,0.0502,0.0001

2367.6850,0.0018,0.0473,0.0001

2368.6850,0.0017,0.0490,0.0001

2369.6850,0.0017,0.0490,0.0001

2370.6850,0.0017,0.0497,0.0001

2371.6850,0.0017,0.0505,0.0001

2372.6850,0.0017,0.0487,0.0001

2373.6850,0.0017,0.0397,0.0001

2374.6850,0.0017,0.0356,0.0001

2375.6850,0.0017,0.0446,0.0001

2376.6850,0.0017,0.0516,0.0001

2377.6850,0.0017,0.0458,0.0001

2378.6850,0.0017,0.0426,0.0001

2379.6850,0.0018,0.0466,0.0001

2380.6850,0.0017,0.0468,0.0001

2381.6850,0.0017,0.0435,0.0001

2382.6850,0.0017,0.0444,0.0001

2383.6850,0.0017,0.0537,0.0001

2384.6850,0.0017,0.0282,0.0000

2385.6850,0.0017,0.0550,0.0001

2386.6860,0.0017,0.0472,0.0001

2387.6850,0.0017,0.0540,0.0001

2388.6850,0.0017,0.0557,0.0001

2389.6850,0.0018,0.0517,0.0001

2390.6860,0.0018,0.0391,0.0001

2391.6850,0.0017,0.0519,0.0001

2392.6850,0.0017,0.0343,0.0001

2393.6850,0.0017,0.0506,0.0001

2394.6850,0.0017,0.0450,0.0001

2395.6850,0.0017,0.0420,0.0001

2396.6850,0.0017,0.0390,0.0001

2397.6850,0.0018,0.0418,0.0001

2398.6860,0.0017,0.0487,0.0001

2399.6850,0.0017,0.0330,0.0001

2400.6850,0.0017,0.0525,0.0001

2401.6860,0.0017,0.0510,0.0001

2402.6850,0.0017,0.0441,0.0001

2403.6850,0.0017,0.0383,0.0001

2404.6850,0.0017,0.0576,0.0001

2405.6850,0.0017,0.0516,0.0001

2406.6850,0.0018,0.0412,0.0001

2407.6850,0.0017,0.0517,0.0001

2408.6850,0.0017,0.0437,0.0001

2409.6850,0.0017,0.0464,0.0001

2410.6850,0.0018,0.0560,0.0001

2411.6850,0.0017,0.0483,0.0001

2412.6850,0.0017,0.0556,0.0001

2413.6850,0.0017,0.0455,0.0001

2414.6850,0.0017,0.0499,0.0001

2415.6850,0.0017,0.0436,0.0001

2416.6850,0.0017,0.0456,0.0001

2417.6850,0.0017,0.0478,0.0001

2418.6850,0.0017,0.0437,0.0001

2419.6850,0.0017,0.0542,0.0001

2420.6850,0.0017,0.0403,0.0001

2421.6860,0.0017,0.0524,0.0001

2422.6850,0.0017,0.0426,0.0001

2423.6850,0.0017,0.0460,0.0001

2424.6850,0.0017,0.0469,0.0001

2425.6850,0.0017,0.0503,0.0001

2426.6850,0.0017,0.0331,0.0001

2427.6850,0.0017,0.0484,0.0001

2428.6850,0.0017,0.0568,0.0001

2429.6850,0.0018,0.0301,0.0001

2430.6850,0.0017,0.0549,0.0001

2431.6850,0.0017,0.0371,0.0001

2432.6850,0.0017,0.0440,0.0001

2433.6850,0.0017,0.0447,0.0001

2434.6850,0.0017,0.0556,0.0001

2435.6850,0.0017,0.0399,0.0001

2436.6850,0.0017,0.0510,0.0001

2437.6850,0.0017,0.0518,0.0001

2438.6850,0.0018,0.0562,0.0001

2439.6850,0.0018,0.0420,0.0001

2440.6850,0.0017,0.0419,0.0001

2441.6850,0.0017,0.0517,0.0001

2442.6850,0.0017,0.0522,0.0001

2443.6860,0.0017,0.0435,0.0001

2444.6850,0.0017,0.0463,0.0001

2445.6850,0.0017,0.0524,0.0001

2446.6850,0.0017,0.0381,0.0001

2447.6860,0.0018,0.0509,0.0001

2448.6850,0.0017,0.0377,0.0001

2449.6850,0.0017,0.0382,0.0001

2450.6850,0.0017,0.0476,0.0001

2451.6850,0.0017,0.0451,0.0001

2452.6850,0.0018,0.0558,0.0001

2453.6850,0.0018,0.0461,0.0001

2454.6860,0.0017,0.0488,0.0001

2455.6860,0.0017,0.0381,0.0001

2456.6850,0.0017,0.0468,0.0001

2457.6850,0.0017,0.0477,0.0001

2458.6850,0.0017,0.0506,0.0001

2459.6850,0.0017,0.0438,0.0001

2460.6850,0.0018,0.0467,0.0001

2461.6850,0.0017,0.0467,0.0001

2462.6850,0.0017,0.0433,0.0001

2463.6850,0.0017,0.0552,0.0001

2464.6850,0.0017,0.0584,0.0001

2465.6850,0.0017,0.0527,0.0001

2466.6860,0.0017,0.0427,0.0001

2467.6860,0.0017,0.0482,0.0001

2468.6850,0.0017,0.0380,0.0001

2469.6850,0.0017,0.0316,0.0001

2470.6850,0.0017,0.0434,0.0001

2471.6850,0.0018,0.0458,0.0001

2472.6850,0.0017,0.0304,0.0001

2473.6850,0.0017,0.0444,0.0001

2474.6850,0.0017,0.0459,0.0001

2475.6850,0.0017,0.0425,0.0001

2476.6850,0.0017,0.0547,0.0001

2477.6850,0.0017,0.0497,0.0001

2478.6850,0.0017,0.0488,0.0001

2479.6850,0.0017,0.0440,0.0001

2480.6850,0.0017,0.0272,0.0000

2481.6850,0.0017,0.0372,0.0001

2482.6850,0.0017,0.0391,0.0001

2483.6940,0.0017,0.0383,0.0001

2485.0920,0.0017,0.0353,0.0001

2485.6860,0.0017,0.0479,0.0001

2486.6850,0.0017,0.0443,0.0001

2487.6850,0.0017,0.0413,0.0001

2488.6850,0.0017,0.0320,0.0001

2489.6850,0.0018,0.0479,0.0001

2490.6880,0.0017,0.0503,0.0001

2491.6850,0.0017,0.0452,0.0001

2492.6850,0.0017,0.0421,0.0001

2493.6850,0.0017,0.0397,0.0001

2494.6860,0.0017,0.0433,0.0001

2495.6850,0.0018,0.0417,0.0001

2496.6850,0.0017,0.0413,0.0001

2497.6850,0.0018,0.0307,0.0001

2498.6850,0.0018,0.0498,0.0001

2499.6850,0.0018,0.0301,0.0001

2500.6850,0.0018,0.0494,0.0001

2501.6850,0.0018,0.0398,0.0001

2502.6850,0.0018,0.0509,0.0001

2503.6850,0.0018,0.0516,0.0001

2504.6850,0.0017,0.0416,0.0001

2505.6850,0.0018,0.0311,0.0001

2506.6850,0.0018,0.0368,0.0001

2507.6850,0.0017,0.0424,0.0001

2508.6850,0.0018,0.0423,0.0001

2509.6850,0.0018,0.0301,0.0001

2510.6850,0.0017,0.0459,0.0001

2511.6850,0.0018,0.0390,0.0001

2512.6850,0.0018,0.0372,0.0001

2513.6850,0.0017,0.0370,0.0001

2514.6850,0.0018,0.0459,0.0001

2515.6850,0.0018,0.0377,0.0001

2516.6860,0.0018,0.0494,0.0001

2517.6850,0.0018,0.0502,0.0001

2518.6850,0.0018,0.0544,0.0001

2519.6850,0.0018,0.0448,0.0001

2520.6850,0.0018,0.0478,0.0001

2521.6850,0.0018,0.0480,0.0001

2522.6850,0.0018,0.0479,0.0001

2523.6850,0.0018,0.0376,0.0001

2524.6850,0.0018,0.0434,0.0001

2525.6850,0.0018,0.0457,0.0001

2526.6850,0.0018,0.0412,0.0001

2527.6850,0.0018,0.0469,0.0001

2528.6850,0.0018,0.0469,0.0001

2529.6850,0.0018,0.0395,0.0001

2530.6850,0.0018,0.0431,0.0001

2531.6850,0.0017,0.0379,0.0001

2532.6850,0.0017,0.0381,0.0001

2533.6850,0.0017,0.0444,0.0001

2534.6850,0.0018,0.0374,0.0001

2535.6850,0.0018,0.0381,0.0001

2536.6850,0.0018,0.0302,0.0001

2537.6850,0.0018,0.0378,0.0001

2538.6850,0.0017,0.0408,0.0001

2539.6850,0.0018,0.0440,0.0001

2540.6850,0.0018,0.0415,0.0001

2541.6850,0.0018,0.0398,0.0001

2542.6850,0.0018,0.0398,0.0001

2543.6850,0.0018,0.0453,0.0001

2544.6850,0.0017,0.0390,0.0001

2545.6850,0.0017,0.0419,0.0001

2546.6860,0.0017,0.0393,0.0001

2547.6850,0.0017,0.0353,0.0001

2548.6850,0.0017,0.0448,0.0001

2549.6850,0.0017,0.0631,0.0001

2550.6850,0.0017,0.0488,0.0001

2551.6860,0.0018,0.0514,0.0001

2552.6860,0.0018,0.0464,0.0001

2553.6850,0.0017,0.0393,0.0001

2554.6850,0.0017,0.0382,0.0001

2555.6850,0.0017,0.0447,0.0001

2556.6850,0.0018,0.0493,0.0001

2557.6850,0.0018,0.0537,0.0001

2558.6850,0.0017,0.0406,0.0001

2559.6850,0.0018,0.0434,0.0001

2560.6850,0.0017,0.0564,0.0001

2561.6860,0.0017,0.0515,0.0001

2562.6860,0.0017,0.0474,0.0001

2563.6850,0.0017,0.0384,0.0001

2564.6850,0.0017,0.0466,0.0001

2565.6850,0.0018,0.0349,0.0001

2566.6850,0.0017,0.0461,0.0001

2567.6850,0.0018,0.0397,0.0001

2568.6850,0.0018,0.0393,0.0001

2569.6850,0.0018,0.0464,0.0001

2570.6850,0.0018,0.0490,0.0001

2571.6850,0.0018,0.0450,0.0001

2572.6850,0.0018,0.0390,0.0001

2573.6850,0.0018,0.0449,0.0001

2574.6850,0.0017,0.0380,0.0001

2575.6850,0.0017,0.0427,0.0001

2576.6850,0.0017,0.0383,0.0001

2577.6860,0.0017,0.0425,0.0001

2578.6850,0.0017,0.0482,0.0001

2579.6850,0.0017,0.0555,0.0001

2580.6850,0.0017,0.0418,0.0001

2581.6850,0.0017,0.0513,0.0001

2582.6850,0.0017,0.0456,0.0001

2583.6850,0.0017,0.0406,0.0001

2584.6850,0.0018,0.0494,0.0001

2585.6850,0.0017,0.0513,0.0001

2586.6850,0.0017,0.0474,0.0001

2587.6850,0.0018,0.0561,0.0001

2588.6850,0.0017,0.0486,0.0001

2589.6850,0.0017,0.0352,0.0001

2590.6850,0.0017,0.0424,0.0001

2591.6850,0.0017,0.0487,0.0001

2592.6860,0.0017,0.0374,0.0001

2593.6850,0.0017,0.0564,0.0001

2594.6850,0.0017,0.0453,0.0001

2595.6860,0.0017,0.0546,0.0001

2596.6850,0.0017,0.0429,0.0001

2597.6850,0.0017,0.0429,0.0001

2598.6850,0.0017,0.0494,0.0001

2599.6850,0.0017,0.0549,0.0001

2600.6850,0.0017,0.0496,0.0001

2601.6860,0.0017,0.0519,0.0001

2602.6850,0.0018,0.0539,0.0001

2603.6850,0.0017,0.0455,0.0001

2604.6850,0.0017,0.0447,0.0001

2605.6850,0.0017,0.0352,0.0001

2606.6850,0.0017,0.0465,0.0001

2607.6860,0.0017,0.0419,0.0001

2608.6850,0.0017,0.0410,0.0001

2609.6850,0.0017,0.0398,0.0001

2610.6850,0.0017,0.0483,0.0001

2611.6860,0.0017,0.0469,0.0001

2612.6860,0.0017,0.0475,0.0001

2613.6850,0.0017,0.0452,0.0001

2614.6850,0.0017,0.0465,0.0001

2615.6850,0.0018,0.0554,0.0001

2616.6850,0.0018,0.0448,0.0001

2617.6850,0.0018,0.0477,0.0001

2618.6850,0.0018,0.0489,0.0001

2619.6850,0.0018,0.0544,0.0001

2620.6850,0.0018,0.0572,0.0001

2621.6850,0.0017,0.0476,0.0001

2622.6850,0.0017,0.0499,0.0001

2623.6850,0.0018,0.0398,0.0001

2624.6850,0.0018,0.0596,0.0001

2625.6850,0.0017,0.0471,0.0001

2626.6850,0.0017,0.0552,0.0001

2627.6850,0.0018,0.0410,0.0001

2628.6850,0.0018,0.0446,0.0001

2629.6850,0.0017,0.0451,0.0001

2630.6850,0.0018,0.0408,0.0001

2631.6850,0.0017,0.0466,0.0001

2632.6850,0.0017,0.0396,0.0001

2633.6860,0.0017,0.0378,0.0001

2634.6850,0.0018,0.0561,0.0001

2635.6860,0.0017,0.0492,0.0001

2636.6850,0.0018,0.0446,0.0001

2637.6850,0.0018,0.0503,0.0001

2638.6850,0.0018,0.0444,0.0001

2639.6850,0.0017,0.0401,0.0001

2640.6860,0.0017,0.0545,0.0001

2641.6850,0.0018,0.0344,0.0001

2642.6850,0.0018,0.0513,0.0001

2643.6850,0.0017,0.0431,0.0001

2644.6850,0.0017,0.0403,0.0001

2645.6860,0.0017,0.0445,0.0001

2646.6850,0.0018,0.0318,0.0001

2647.6850,0.0017,0.0515,0.0001

2648.6860,0.0017,0.0438,0.0001

2649.6850,0.0017,0.0401,0.0001

2650.6850,0.0017,0.0384,0.0001

2651.6860,0.0017,0.0438,0.0001

2652.6850,0.0017,0.0398,0.0001

2653.6850,0.0018,0.0348,0.0001

2654.6850,0.0017,0.0278,0.0000

2655.6850,0.0018,0.0537,0.0001

2656.6850,0.0018,0.0389,0.0001

2657.6850,0.0018,0.0515,0.0001

2658.6850,0.0018,0.0450,0.0001

2659.6850,0.0018,0.0424,0.0001

2660.6850,0.0017,0.0395,0.0001

2661.6860,0.0017,0.0454,0.0001

2662.6850,0.0018,0.0427,0.0001

2663.6850,0.0018,0.0499,0.0001

2664.6850,0.0017,0.0370,0.0001

2665.6850,0.0017,0.0370,0.0001

2666.6850,0.0017,0.0361,0.0001

2667.6850,0.0017,0.0489,0.0001

2668.6850,0.0017,0.0420,0.0001

2669.6850,0.0017,0.0470,0.0001

2670.6850,0.0017,0.0513,0.0001

2671.6850,0.0017,0.0538,0.0001

2672.6850,0.0017,0.0506,0.0001

2673.6850,0.0017,0.0401,0.0001

2674.6850,0.0017,0.0481,0.0001

2675.6850,0.0018,0.0449,0.0001

2676.6860,0.0017,0.0585,0.0001

2677.6860,0.0017,0.0449,0.0001

2678.6850,0.0018,0.0544,0.0001

2679.6850,0.0018,0.0537,0.0001

2680.6850,0.0017,0.0315,0.0001

2681.6850,0.0018,0.0353,0.0001

2682.6850,0.0018,0.0370,0.0001

2683.6850,0.0018,0.0478,0.0001

2684.6850,0.0018,0.0274,0.0000

2685.6850,0.0017,0.0542,0.0001

2686.6850,0.0017,0.0378,0.0001

2687.6850,0.0017,0.0443,0.0001

2688.6850,0.0017,0.0465,0.0001

2689.6850,0.0017,0.0475,0.0001

2690.6850,0.0018,0.0483,0.0001

2691.6850,0.0017,0.0483,0.0001

2692.6850,0.0017,0.0466,0.0001

2693.6850,0.0018,0.0310,0.0001

2694.6850,0.0018,0.0426,0.0001

2695.6850,0.0018,0.0425,0.0001

2696.6850,0.0017,0.0448,0.0001

2697.6850,0.0017,0.0484,0.0001

2698.6850,0.0017,0.0473,0.0001

2699.6850,0.0017,0.0417,0.0001

2700.6860,0.0018,0.0429,0.0001

2701.6850,0.0017,0.0491,0.0001

2702.6850,0.0017,0.0454,0.0001

2703.6850,0.0017,0.0409,0.0001

2704.6850,0.0017,0.0451,0.0001

2705.6850,0.0017,0.0525,0.0001

2706.6860,0.0018,0.0398,0.0001

2707.6850,0.0018,0.0271,0.0000

2708.6850,0.0017,0.0404,0.0001

2709.6850,0.0017,0.0385,0.0001

2710.6850,0.0017,0.0358,0.0001

2711.6850,0.0018,0.0565,0.0001

2712.6850,0.0018,0.0461,0.0001

2713.6850,0.0018,0.0308,0.0001

2714.6860,0.0018,0.0304,0.0001

2715.6850,0.0018,0.0410,0.0001

2716.6850,0.0018,0.0409,0.0001

2717.6850,0.0018,0.0514,0.0001

2718.6850,0.0018,0.0452,0.0001

2719.6850,0.0018,0.0498,0.0001

2720.6850,0.0017,0.0426,0.0001

2721.6850,0.0018,0.0427,0.0001

2722.6850,0.0018,0.0389,0.0001

2723.6850,0.0017,0.0447,0.0001

2724.6850,0.0017,0.0400,0.0001

2725.6850,0.0017,0.0471,0.0001

2726.6850,0.0017,0.0421,0.0001

2727.6850,0.0017,0.0315,0.0001

2728.6850,0.0017,0.0431,0.0001

2729.6850,0.0017,0.0429,0.0001

2730.6850,0.0017,0.0421,0.0001

2731.6850,0.0017,0.0484,0.0001

2732.6850,0.0017,0.0504,0.0001

2733.6850,0.0017,0.0522,0.0001

2734.6850,0.0017,0.0488,0.0001

2735.6850,0.0017,0.0466,0.0001

2736.6850,0.0017,0.0541,0.0001

2737.6850,0.0017,0.0505,0.0001

2738.6850,0.0017,0.0427,0.0001

2739.6850,0.0017,0.0446,0.0001

2740.6850,0.0017,0.0500,0.0001

2741.6850,0.0017,0.0535,0.0001

2742.6850,0.0017,0.0466,0.0001

2743.6850,0.0017,0.0426,0.0001

2744.6850,0.0017,0.0413,0.0001

2745.6850,0.0017,0.0492,0.0001

2746.6850,0.0017,0.0391,0.0001

2747.6850,0.0017,0.0389,0.0001

2748.6850,0.0017,0.0494,0.0001

2749.6850,0.0017,0.0428,0.0001

2750.6850,0.0017,0.0500,0.0001

2751.6850,0.0017,0.0480,0.0001

2752.6850,0.0017,0.0474,0.0001

2753.6850,0.0017,0.0501,0.0001

2754.6860,0.0017,0.0391,0.0001

2755.6850,0.0017,0.0282,0.0000

2756.6850,0.0017,0.0451,0.0001

2757.6850,0.0017,0.0514,0.0001

2758.6850,0.0017,0.0450,0.0001

2759.6850,0.0017,0.0444,0.0001

2760.6850,0.0017,0.0492,0.0001

2761.6850,0.0017,0.0419,0.0001

2762.6850,0.0017,0.0411,0.0001

2763.6850,0.0017,0.0474,0.0001

2764.6850,0.0017,0.0482,0.0001

2765.6850,0.0017,0.0351,0.0001

2766.6850,0.0017,0.0401,0.0001

2767.6850,0.0017,0.0530,0.0001

2768.6850,0.0017,0.0492,0.0001

2769.6850,0.0017,0.0532,0.0001

2770.6850,0.0017,0.0406,0.0001

2771.6850,0.0017,0.0446,0.0001

2772.6850,0.0017,0.0464,0.0001

2773.6850,0.0017,0.0519,0.0001

2774.6850,0.0017,0.0543,0.0001

2775.6850,0.0017,0.0483,0.0001

2776.6850,0.0017,0.0491,0.0001

2777.6850,0.0017,0.0375,0.0001

2778.6850,0.0017,0.0360,0.0001

2779.6850,0.0017,0.0423,0.0001

2780.6850,0.0017,0.0413,0.0001

2781.6850,0.0017,0.0435,0.0001

2782.6850,0.0017,0.0288,0.0000

2783.6850,0.0017,0.0420,0.0001

2784.6850,0.0017,0.0437,0.0001

2785.6850,0.0017,0.0470,0.0001

2786.6850,0.0017,0.0390,0.0001

2787.6850,0.0017,0.0409,0.0001

2788.6850,0.0017,0.0490,0.0001

2789.6850,0.0017,0.0392,0.0001

2790.6850,0.0017,0.0387,0.0001

2791.6850,0.0017,0.0375,0.0001

2792.6850,0.0017,0.0377,0.0001

2793.6850,0.0017,0.0449,0.0001

2794.6850,0.0017,0.0379,0.0001

2795.6850,0.0017,0.0455,0.0001

2796.6850,0.0017,0.0334,0.0001

2797.6850,0.0017,0.0303,0.0001

2798.6850,0.0017,0.0390,0.0001

2799.6850,0.0017,0.0439,0.0001

2800.6860,0.0017,0.0366,0.0001

2801.6850,0.0017,0.0365,0.0001

2802.6850,0.0017,0.0380,0.0001

2803.6860,0.0017,0.0321,0.0001

2804.6850,0.0017,0.0486,0.0001

2805.6860,0.0017,0.0307,0.0001

2806.6850,0.0017,0.0414,0.0001

2807.6850,0.0017,0.0403,0.0001

2808.6850,0.0017,0.0408,0.0001

2809.6850,0.0017,0.0408,0.0001

2810.6850,0.0017,0.0378,0.0001

2811.6860,0.0017,0.0379,0.0001

2812.6850,0.0017,0.0430,0.0001

2813.6850,0.0017,0.0333,0.0001

2814.6850,0.0017,0.0453,0.0001

2815.6850,0.0017,0.0351,0.0001

2816.6850,0.0017,0.0544,0.0001

2817.6850,0.0017,0.0376,0.0001

2818.6850,0.0017,0.0269,0.0000

2819.6850,0.0017,0.0414,0.0001

2820.6850,0.0017,0.0372,0.0001

2821.6850,0.0017,0.0386,0.0001

2822.6850,0.0017,0.0417,0.0001

2823.6850,0.0017,0.0433,0.0001

2824.6850,0.0018,0.0507,0.0001

2825.6850,0.0017,0.0373,0.0001

2826.6850,0.0017,0.0352,0.0001

2827.6850,0.0017,0.0415,0.0001

2828.6850,0.0017,0.0492,0.0001

2829.6850,0.0017,0.0396,0.0001

2830.6850,0.0017,0.0483,0.0001

2831.6850,0.0017,0.0364,0.0001

2832.6860,0.0017,0.0495,0.0001

2833.6850,0.0017,0.0494,0.0001

2834.6850,0.0017,0.0433,0.0001

2835.6850,0.0017,0.0402,0.0001

2836.6860,0.0017,0.0355,0.0001

2837.6850,0.0017,0.0382,0.0001

2838.6860,0.0018,0.0577,0.0001

2839.6850,0.0018,0.0446,0.0001

2840.6850,0.0017,0.0425,0.0001

2841.6850,0.0017,0.0368,0.0001

2842.6850,0.0017,0.0474,0.0001

2843.6850,0.0018,0.0383,0.0001

2844.6850,0.0017,0.0397,0.0001

2845.6850,0.0017,0.0419,0.0001

2846.6850,0.0017,0.0412,0.0001

2847.6850,0.0017,0.0427,0.0001

2848.6850,0.0017,0.0320,0.0001

2849.6850,0.0017,0.0287,0.0000

2850.6850,0.0017,0.0415,0.0001

2851.6850,0.0018,0.0478,0.0001

2852.6850,0.0017,0.0367,0.0001

2853.6850,0.0017,0.0403,0.0001

2854.6860,0.0017,0.0432,0.0001

2855.6850,0.0017,0.0461,0.0001

2856.6850,0.0017,0.0402,0.0001

2857.6850,0.0017,0.0297,0.0001

2858.6850,0.0017,0.0391,0.0001

2859.6850,0.0017,0.0399,0.0001

2860.6850,0.0017,0.0365,0.0001

2861.6850,0.0017,0.0286,0.0000

2862.6850,0.0017,0.0380,0.0001

2863.6850,0.0017,0.0394,0.0001

2864.6850,0.0017,0.0342,0.0001

2865.6860,0.0017,0.0488,0.0001

2866.6850,0.0017,0.0462,0.0001

2867.6850,0.0017,0.0328,0.0001

2868.6850,0.0017,0.0415,0.0001

2869.6850,0.0017,0.0416,0.0001

2870.6850,0.0017,0.0251,0.0000

2871.6850,0.0017,0.0393,0.0001

2872.6850,0.0017,0.0371,0.0001

2873.6850,0.0017,0.0398,0.0001

2874.6850,0.0017,0.0365,0.0001

2875.6850,0.0017,0.0385,0.0001

2876.6850,0.0017,0.0405,0.0001

2877.6850,0.0017,0.0505,0.0001

2878.6850,0.0017,0.0402,0.0001

2879.6850,0.0017,0.0347,0.0001

2880.6850,0.0017,0.0411,0.0001

2881.6850,0.0017,0.0455,0.0001

2882.6860,0.0017,0.0435,0.0001

2883.6850,0.0017,0.0398,0.0001

2884.6850,0.0017,0.0360,0.0001

2885.6850,0.0017,0.0380,0.0001

2886.6850,0.0017,0.0489,0.0001

2887.6850,0.0017,0.0569,0.0001

2888.6850,0.0017,0.0481,0.0001

2889.6850,0.0017,0.0451,0.0001

2890.6850,0.0017,0.0460,0.0001

2891.6850,0.0017,0.0550,0.0001

2892.6860,0.0017,0.0390,0.0001

2893.6850,0.0017,0.0629,0.0001

2894.6860,0.0017,0.0414,0.0001

2895.6850,0.0017,0.0436,0.0001

2896.6850,0.0017,0.0393,0.0001

2897.6850,0.0017,0.0260,0.0000

2898.6850,0.0017,0.0357,0.0001

2899.6850,0.0017,0.0275,0.0000

2900.6850,0.0017,0.0474,0.0001

2901.6850,0.0017,0.0475,0.0001

2902.6850,0.0017,0.0442,0.0001

2903.6860,0.0017,0.0404,0.0001

2904.6850,0.0017,0.0481,0.0001

2905.6850,0.0017,0.0465,0.0001

2906.6850,0.0017,0.0373,0.0001

2907.6850,0.0017,0.0468,0.0001

2908.6850,0.0017,0.0402,0.0001

2909.6860,0.0017,0.0534,0.0001

2910.6850,0.0017,0.0486,0.0001

2911.6850,0.0017,0.0464,0.0001

2912.6860,0.0017,0.0441,0.0001

2913.6850,0.0017,0.0452,0.0001

2914.6850,0.0017,0.0453,0.0001

2915.6850,0.0017,0.0471,0.0001

2916.6850,0.0017,0.0448,0.0001

2917.6850,0.0017,0.0410,0.0001

2918.6850,0.0017,0.0413,0.0001

2919.6850,0.0017,0.0445,0.0001

2920.6850,0.0017,0.0469,0.0001

2921.6860,0.0017,0.0458,0.0001

2922.6850,0.0017,0.0399,0.0001

2923.6860,0.0017,0.0385,0.0001

2924.6850,0.0017,0.0403,0.0001

2925.6850,0.0017,0.0343,0.0001

2926.6850,0.0017,0.0330,0.0001

2927.6850,0.0017,0.0369,0.0001

2928.6850,0.0017,0.0290,0.0001

2929.6850,0.0017,0.0434,0.0001

2930.6850,0.0017,0.0412,0.0001

2931.6850,0.0017,0.0421,0.0001

2932.6850,0.0017,0.0398,0.0001

2933.6850,0.0017,0.0485,0.0001

2934.6850,0.0017,0.0265,0.0000

2935.6850,0.0017,0.0352,0.0001

2936.6850,0.0017,0.0377,0.0001

2937.6850,0.0017,0.0326,0.0001

2938.6850,0.0017,0.0386,0.0001

2939.6850,0.0017,0.0382,0.0001

2940.6850,0.0017,0.0459,0.0001

2941.6850,0.0017,0.0277,0.0000

2942.6850,0.0017,0.0499,0.0001

2943.6850,0.0017,0.0355,0.0001

2944.6850,0.0017,0.0414,0.0001

2945.6850,0.0017,0.0524,0.0001

2946.6850,0.0017,0.0387,0.0001

2947.6850,0.0017,0.0442,0.0001

2948.6850,0.0017,0.0413,0.0001

2949.6850,0.0017,0.0408,0.0001

2950.6850,0.0017,0.0259,0.0000

2951.6850,0.0017,0.0505,0.0001

2952.6860,0.0017,0.0372,0.0001

2953.6850,0.0017,0.0313,0.0001

2954.6850,0.0017,0.0324,0.0001

2955.6850,0.0017,0.0480,0.0001

2956.6850,0.0017,0.0409,0.0001

2957.6850,0.0017,0.0390,0.0001

2958.6850,0.0017,0.0511,0.0001

2959.6850,0.0017,0.0310,0.0001

2960.6850,0.0017,0.0297,0.0001

2961.6850,0.0017,0.0444,0.0001

2962.6850,0.0017,0.0442,0.0001

2963.6850,0.0017,0.0437,0.0001

2964.6850,0.0017,0.0581,0.0001

2965.6860,0.0017,0.0340,0.0001

2966.6850,0.0017,0.0462,0.0001

2967.6860,0.0017,0.0455,0.0001

2968.6850,0.0017,0.0508,0.0001

2969.6850,0.0017,0.0393,0.0001

2970.6850,0.0017,0.0273,0.0000

2971.6850,0.0017,0.0321,0.0001

2972.6850,0.0017,0.0447,0.0001

2973.6850,0.0017,0.0419,0.0001

2974.6850,0.0017,0.0444,0.0001

2975.6850,0.0017,0.0406,0.0001

2976.6850,0.0017,0.0424,0.0001

2977.6850,0.0017,0.0383,0.0001

2978.6850,0.0017,0.0525,0.0001

2979.6850,0.0017,0.0453,0.0001

2980.6850,0.0017,0.0448,0.0001

2981.6850,0.0017,0.0365,0.0001

2982.6850,0.0017,0.0422,0.0001

2983.6850,0.0017,0.0425,0.0001

2984.6850,0.0017,0.0353,0.0001

2985.6850,0.0017,0.0475,0.0001

2986.6850,0.0017,0.0485,0.0001

2987.6850,0.0017,0.0351,0.0001

2988.6860,0.0017,0.0346,0.0001

2989.6850,0.0017,0.0471,0.0001

2990.6850,0.0017,0.0427,0.0001

2991.6850,0.0017,0.0372,0.0001

2992.6850,0.0017,0.0462,0.0001

2993.6850,0.0017,0.0346,0.0001

2994.6850,0.0017,0.0393,0.0001

2995.6850,0.0017,0.0473,0.0001

2996.6860,0.0017,0.0398,0.0001

2997.6850,0.0017,0.0454,0.0001

2998.6850,0.0017,0.0326,0.0001

2999.6850,0.0017,0.0490,0.0001

3000.6850,0.0017,0.0460,0.0001

3001.6850,0.0017,0.0400,0.0001

3002.6850,0.0017,0.0544,0.0001

3003.6850,0.0017,0.0425,0.0001

3004.6850,0.0017,0.0433,0.0001

3005.6850,0.0017,0.0446,0.0001

3006.6850,0.0017,0.0500,0.0001

3007.6850,0.0017,0.0372,0.0001

3008.6850,0.0017,0.0404,0.0001

3009.6850,0.0017,0.0376,0.0001

3010.6850,0.0017,0.0475,0.0001

3011.6850,0.0017,0.0340,0.0001

3012.6850,0.0017,0.0419,0.0001

3013.6850,0.0017,0.0449,0.0001

3014.6850,0.0017,0.0478,0.0001

3015.6850,0.0017,0.0454,0.0001

3016.6850,0.0017,0.0358,0.0001

3017.6850,0.0017,0.0355,0.0001

3018.6850,0.0017,0.0402,0.0001

3019.6850,0.0017,0.0474,0.0001

3020.6850,0.0018,0.0516,0.0001

3021.6850,0.0017,0.0471,0.0001

3022.6850,0.0017,0.0467,0.0001

3023.6850,0.0017,0.0354,0.0001

3024.6850,0.0017,0.0431,0.0001

3025.6850,0.0017,0.0349,0.0001

3026.6850,0.0017,0.0461,0.0001

3027.6850,0.0017,0.0432,0.0001

3028.6850,0.0017,0.0413,0.0001

3029.6850,0.0017,0.0362,0.0001

3030.6850,0.0017,0.0396,0.0001

3031.6860,0.0017,0.0454,0.0001

3032.6860,0.0017,0.0454,0.0001

3033.6850,0.0017,0.0376,0.0001

3034.6850,0.0017,0.0297,0.0001

3035.6850,0.0017,0.0440,0.0001

3036.6850,0.0017,0.0443,0.0001

3037.6850,0.0017,0.0407,0.0001

3038.6850,0.0017,0.0258,0.0000

3039.6850,0.0017,0.0422,0.0001

3040.6850,0.0017,0.0351,0.0001

3041.6850,0.0017,0.0370,0.0001

3042.6850,0.0017,0.0352,0.0001

3043.6860,0.0017,0.0341,0.0001

3044.6850,0.0017,0.0413,0.0001

3045.6850,0.0017,0.0278,0.0000

3046.6850,0.0017,0.0422,0.0001

3047.6850,0.0017,0.0523,0.0001

3048.6850,0.0017,0.0341,0.0001

3049.6850,0.0017,0.0438,0.0001

3050.6850,0.0017,0.0405,0.0001

3051.6850,0.0017,0.0428,0.0001

3052.6850,0.0017,0.0476,0.0001

3053.6850,0.0017,0.0356,0.0001

3054.6850,0.0017,0.0397,0.0001

3055.6850,0.0017,0.0568,0.0001

3056.6850,0.0017,0.0373,0.0001

3057.6850,0.0017,0.0458,0.0001

3058.6850,0.0017,0.0494,0.0001

3059.6850,0.0017,0.0227,0.0000

3060.6850,0.0017,0.0338,0.0001

3061.6850,0.0017,0.0339,0.0001

3062.6860,0.0017,0.0370,0.0001

3063.6850,0.0017,0.0297,0.0001

3064.6850,0.0017,0.0407,0.0001

3065.6850,0.0017,0.0426,0.0001

3066.6850,0.0017,0.0376,0.0001

3067.6850,0.0017,0.0277,0.0000

3068.6850,0.0017,0.0403,0.0001

3069.6850,0.0017,0.0477,0.0001

3070.6850,0.0017,0.0355,0.0001

3071.6850,0.0017,0.0430,0.0001

3072.6850,0.0017,0.0408,0.0001

3073.6850,0.0017,0.0376,0.0001

3074.6850,0.0017,0.0417,0.0001

3075.6860,0.0017,0.0410,0.0001

3076.6850,0.0017,0.0349,0.0001

3077.6850,0.0017,0.0431,0.0001

3078.6850,0.0017,0.0442,0.0001

3079.6850,0.0017,0.0399,0.0001

3080.6850,0.0017,0.0314,0.0001

3081.6850,0.0017,0.0338,0.0001

3082.6850,0.0017,0.0382,0.0001

3083.6850,0.0017,0.0342,0.0001

3084.6850,0.0017,0.0391,0.0001

3085.6850,0.0017,0.0336,0.0001

3086.6850,0.0017,0.0380,0.0001

3087.6850,0.0017,0.0282,0.0000

3088.6850,0.0017,0.0381,0.0001

3089.6850,0.0017,0.0455,0.0001

3090.6850,0.0017,0.0299,0.0001

3091.6850,0.0017,0.0416,0.0001

3092.6850,0.0017,0.0378,0.0001

3093.6850,0.0017,0.0263,0.0000

3094.6850,0.0017,0.0332,0.0001

3095.6850,0.0017,0.0412,0.0001

3096.6850,0.0017,0.0373,0.0001

3097.6850,0.0017,0.0448,0.0001

3098.6850,0.0017,0.0377,0.0001

3099.6850,0.0017,0.0378,0.0001

3100.6850,0.0017,0.0371,0.0001

3101.6850,0.0017,0.0523,0.0001

3102.6850,0.0017,0.0376,0.0001

3103.6850,0.0017,0.0252,0.0000

3104.6850,0.0017,0.0460,0.0001

3105.6850,0.0017,0.0434,0.0001

3106.6850,0.0017,0.0374,0.0001

3107.6850,0.0017,0.0349,0.0001

3108.6850,0.0017,0.0492,0.0001

3109.6860,0.0017,0.0400,0.0001

3110.6850,0.0017,0.0460,0.0001

3111.6850,0.0017,0.0362,0.0001

3112.6850,0.0017,0.0445,0.0001

3113.6850,0.0017,0.0410,0.0001

3114.6850,0.0017,0.0401,0.0001

3115.6850,0.0017,0.0366,0.0001

3116.6850,0.0017,0.0492,0.0001

3117.6850,0.0017,0.0404,0.0001

3118.6850,0.0017,0.0551,0.0001

3119.6850,0.0017,0.0440,0.0001

3120.6850,0.0017,0.0424,0.0001

3121.6850,0.0017,0.0517,0.0001

3122.6850,0.0017,0.0445,0.0001

3123.6850,0.0017,0.0471,0.0001

3124.6850,0.0017,0.0482,0.0001

3125.6850,0.0017,0.0271,0.0000

3126.6850,0.0017,0.0444,0.0001

3127.6850,0.0017,0.0329,0.0001

3128.6850,0.0017,0.0401,0.0001

3129.6850,0.0017,0.0446,0.0001

3130.6850,0.0017,0.0526,0.0001

3131.6850,0.0017,0.0424,0.0001

3132.6850,0.0017,0.0493,0.0001

3133.6850,0.0017,0.0527,0.0001

3134.6850,0.0017,0.0375,0.0001

3135.6850,0.0017,0.0485,0.0001

3136.6850,0.0017,0.0493,0.0001

3137.6850,0.0017,0.0434,0.0001

3138.6850,0.0017,0.0479,0.0001

3139.6850,0.0017,0.0447,0.0001

3140.6850,0.0017,0.0399,0.0001

3141.6850,0.0017,0.0572,0.0001

3142.6850,0.0017,0.0491,0.0001

3143.6860,0.0017,0.0487,0.0001

3144.6850,0.0017,0.0394,0.0001

3145.6850,0.0017,0.0411,0.0001

3146.6850,0.0017,0.0563,0.0001

3147.6850,0.0017,0.0491,0.0001

3148.6850,0.0017,0.0333,0.0001

3149.6850,0.0017,0.0396,0.0001

3150.6850,0.0017,0.0409,0.0001

3151.6850,0.0017,0.0515,0.0001

3152.6850,0.0017,0.0442,0.0001

3153.6850,0.0017,0.0398,0.0001

3154.6850,0.0017,0.0470,0.0001

3155.6850,0.0017,0.0445,0.0001

3156.6850,0.0017,0.0478,0.0001

3157.6850,0.0017,0.0445,0.0001

3158.6850,0.0017,0.0488,0.0001

3159.6850,0.0017,0.0440,0.0001

3160.6850,0.0017,0.0300,0.0001

3161.6850,0.0017,0.0454,0.0001

3162.6860,0.0017,0.0450,0.0001

3163.6860,0.0017,0.0516,0.0001

3164.6860,0.0017,0.0377,0.0001

3165.6850,0.0017,0.0408,0.0001

3166.6850,0.0017,0.0355,0.0001

3167.6850,0.0017,0.0410,0.0001

3168.6850,0.0017,0.0394,0.0001

3169.6850,0.0017,0.0460,0.0001

3170.6860,0.0017,0.0346,0.0001

3171.6850,0.0017,0.0299,0.0001

3172.6850,0.0017,0.0408,0.0001

3173.6850,0.0017,0.0436,0.0001

3174.6850,0.0017,0.0329,0.0001

3175.6850,0.0017,0.0389,0.0001

3176.6850,0.0017,0.0400,0.0001

3177.6860,0.0017,0.0377,0.0001

3178.6850,0.0017,0.0457,0.0001

3179.6850,0.0017,0.0367,0.0001

3180.6850,0.0017,0.0356,0.0001

3181.6850,0.0017,0.0303,0.0001

3182.6850,0.0017,0.0295,0.0001

3183.6850,0.0017,0.0348,0.0001

3184.6850,0.0017,0.0378,0.0001

3185.6850,0.0017,0.0384,0.0001

3186.6850,0.0017,0.0320,0.0001

3187.6850,0.0017,0.0473,0.0001

3188.6850,0.0017,0.0442,0.0001

3189.6850,0.0017,0.0356,0.0001

3190.6860,0.0017,0.0323,0.0001

3191.6850,0.0017,0.0351,0.0001

3192.6850,0.0017,0.0369,0.0001

3193.6850,0.0017,0.0394,0.0001

3194.6860,0.0017,0.0356,0.0001

3195.6850,0.0017,0.0345,0.0001

3196.6850,0.0017,0.0438,0.0001

3197.6850,0.0017,0.0352,0.0001

3198.6860,0.0017,0.0376,0.0001

3199.6850,0.0017,0.0415,0.0001

3200.6860,0.0017,0.0307,0.0001

3201.6850,0.0017,0.0423,0.0001

3202.6850,0.0017,0.0296,0.0001

3203.6850,0.0017,0.0400,0.0001

3204.6850,0.0017,0.0297,0.0001

3205.6850,0.0017,0.0321,0.0001

3206.6850,0.0017,0.0387,0.0001

3207.6850,0.0017,0.0390,0.0001

3208.6850,0.0017,0.0334,0.0001

3209.6850,0.0017,0.0354,0.0001

3210.6850,0.0017,0.0313,0.0001

3211.6850,0.0017,0.0380,0.0001

3212.6850,0.0017,0.0357,0.0001

3213.6850,0.0017,0.0363,0.0001

3214.6850,0.0017,0.0375,0.0001

3215.6860,0.0017,0.0381,0.0001

3216.6850,0.0017,0.0336,0.0001

3217.6850,0.0017,0.0364,0.0001

3218.6850,0.0017,0.0402,0.0001

3219.6850,0.0017,0.0286,0.0000

3220.6850,0.0017,0.0388,0.0001

3221.6850,0.0017,0.0313,0.0001

3222.6850,0.0017,0.0336,0.0001

3223.6850,0.0017,0.0244,0.0000

3224.6850,0.0017,0.0303,0.0001

3225.6850,0.0017,0.0320,0.0001

3226.6850,0.0017,0.0356,0.0001

3227.6850,0.0017,0.0239,0.0000

3228.6850,0.0017,0.0404,0.0001

3229.6860,0.0017,0.0343,0.0001

3230.6850,0.0017,0.0252,0.0000

3231.6850,0.0017,0.0397,0.0001

3232.6850,0.0017,0.0331,0.0001

3233.6850,0.0017,0.0282,0.0000

3234.6860,0.0017,0.0291,0.0000

3235.6850,0.0017,0.0363,0.0001

3236.6850,0.0017,0.0280,0.0000

3237.6860,0.0017,0.0378,0.0001

3238.6850,0.0017,0.0386,0.0001

3239.6860,0.0017,0.0337,0.0001

3240.6850,0.0017,0.0471,0.0001

3241.6860,0.0017,0.0324,0.0001

3242.6850,0.0017,0.0351,0.0001

3243.6850,0.0017,0.0390,0.0001

