Elapsed Time (s),T1 (deg C),T2 (deg C),T3 (deg C),T4 (deg C),T5 (deg C),T6 (deg C),T7 (deg C),T8 (deg C),Main Loop Avg Temp (deg C),HX Avg Temp (deg C),Overall Avg Temp (deg C)
1.9060,30.5424,30.8387,30.4393,30.9388,30.1631,30.2895,31.1032,30.1800,30.5844,30.2348,30.5619

2.6500,30.5452,30.8140,30.4607,30.9470,30.1655,30.2792,31.1250,30.1923,30.5865,30.2358,30.5661

3.6500,30.5749,30.8053,30.4604,30.9453,30.1519,30.2609,31.0932,30.1965,30.5875,30.2287,30.5611

4.6500,30.5505,30.8077,30.4586,30.9336,30.1496,30.2798,31.0886,30.1665,30.5800,30.2231,30.5544

5.6500,30.5438,30.8197,30.4574,30.9427,30.1467,30.2769,31.0898,30.1913,30.5820,30.2341,30.5585

6.6500,30.5319,30.8141,30.4636,30.9217,30.1610,30.2917,31.0870,30.1944,30.5785,30.2431,30.5582

7.6500,30.5379,30.8193,30.4556,30.9208,30.1581,30.2808,31.0870,30.1741,30.5783,30.2275,30.5542

8.6510,30.5576,30.8183,30.4466,30.9273,30.1520,30.2737,31.0682,30.1882,30.5803,30.2310,30.5540

9.6510,30.5422,30.7993,30.4704,30.9252,30.1563,30.2969,31.0920,30.1648,30.5787,30.2308,30.5559

10.6500,30.5566,30.8009,30.4452,30.9470,30.1449,30.2854,31.0804,30.1745,30.5789,30.2299,30.5544

11.6500,30.5576,30.8282,30.4420,30.9349,30.1473,30.3043,31.0753,30.1774,30.5820,30.2409,30.5584

12.6500,30.5586,30.7985,30.4480,30.9277,30.1478,30.2756,31.0827,30.1802,30.5761,30.2279,30.5524

13.6500,30.5547,30.8078,30.4290,30.9384,30.1364,30.2732,31.0783,30.1538,30.5733,30.2135,30.5465

14.6510,30.5395,30.8110,30.4468,30.9350,30.1386,30.2843,31.0853,30.1856,30.5742,30.2350,30.5533

15.6500,30.5513,30.8035,30.6198,31.0008,30.2393,30.2797,31.1032,30.1876,30.6430,30.2336,30.5982

16.6500,30.5319,30.6982,30.9669,31.0299,30.4370,30.2654,31.1182,30.1399,30.7328,30.2027,30.6484

17.6500,30.4764,30.8940,30.8329,30.9837,30.4454,30.2780,31.1213,30.1459,30.7265,30.2120,30.6472

18.6500,30.5415,30.8191,30.8599,30.9755,30.5218,30.2952,31.1253,30.1815,30.7436,30.2384,30.6650

19.6500,30.5133,30.8541,30.8057,30.9715,30.5425,30.2915,31.0871,30.1825,30.7374,30.2370,30.6560

20.6500,30.5353,30.8250,30.9115,31.0083,30.5921,30.3045,31.0768,30.1691,30.7744,30.2368,30.6778

21.6500,30.5420,30.9195,30.9031,31.0182,30.6003,30.3122,31.0853,30.1486,30.7966,30.2304,30.6912

22.6500,30.5785,30.9241,30.9241,31.0387,30.6156,30.3285,31.0547,30.1757,30.8162,30.2521,30.7050

23.6500,30.5944,30.9309,30.9276,31.0516,30.6452,30.3487,31.0506,30.1658,30.8299,30.2572,30.7143

24.6500,30.6107,30.9294,30.9590,31.0539,30.6774,30.3414,31.0253,30.1454,30.8461,30.2434,30.7178

25.6500,30.6379,30.9781,30.9781,31.0852,30.6600,30.3926,31.0087,30.1825,30.8679,30.2876,30.7404

26.6500,30.6383,30.9890,30.9989,31.0951,30.7022,30.3958,30.9876,30.1580,30.8847,30.2769,30.7456

27.6500,30.6572,31.0201,31.0097,31.1210,30.7399,30.4030,30.9707,30.1708,30.9096,30.2869,30.7616

28.6500,30.6872,31.0054,31.0312,31.1387,30.7577,30.4246,30.9607,30.1712,30.9240,30.2979,30.7721

29.6500,30.6994,31.0519,31.0703,31.1186,30.7450,30.4461,30.9730,30.1547,30.9370,30.3004,30.7824

30.6500,30.6909,31.0657,31.0709,31.1583,30.7774,30.4461,30.9704,30.1561,30.9526,30.3011,30.7920

31.6500,30.7144,31.0867,31.0801,31.1872,30.7920,30.4734,30.9707,30.1585,30.9721,30.3159,30.8079

32.6500,30.7339,31.1084,31.1088,31.2046,30.8151,30.5003,31.0003,30.1459,30.9942,30.3231,30.8272

33.6500,30.7592,31.1168,31.1069,31.2328,30.8283,30.5041,30.9980,30.1610,31.0088,30.3325,30.8384

34.6500,30.7609,31.1224,31.1398,31.2394,30.8417,30.5250,31.0069,30.1321,31.0208,30.3286,30.8460

35.6500,30.7816,31.1450,31.1703,31.2563,30.8516,30.5434,31.0262,30.1481,31.0410,30.3458,30.8653

36.6500,30.8228,31.1772,31.2025,31.2772,30.8754,30.5526,31.0428,30.1456,31.0710,30.3491,30.8870

37.6500,30.8248,31.1913,31.1847,31.2918,30.8887,30.5776,31.0523,30.1396,31.0763,30.3586,30.8939

38.6500,30.8380,31.1983,31.2223,31.3120,30.9146,30.5810,31.0490,30.1392,31.0970,30.3601,30.9068

39.6500,30.8498,31.2321,31.2321,31.3284,30.9320,30.5951,31.0776,30.1401,31.1149,30.3676,30.9234

40.6510,30.8831,31.2428,31.2667,31.3381,30.9357,30.6209,31.1075,30.1354,31.1333,30.3781,30.9413

41.6500,30.8951,31.2513,31.2593,31.3508,30.9637,30.6353,31.1095,30.1254,31.1441,30.3804,30.9488

42.6500,30.9187,31.2737,31.2798,31.3672,30.9821,30.6547,31.1089,30.1222,31.1643,30.3884,30.9634

43.6500,30.9306,31.2864,31.3258,31.3972,31.0067,30.6727,31.1272,30.1040,31.1893,30.3883,30.9813

44.6500,30.9539,31.3023,31.3136,31.3953,31.0159,30.6852,31.1487,30.1128,31.1962,30.3990,30.9910

45.6500,30.9555,31.3121,31.3168,31.4074,31.0245,30.7131,31.1848,30.1223,31.2033,30.4177,31.0046

46.6500,30.9805,31.3301,31.3470,31.4381,31.0378,30.7160,31.1930,30.1342,31.2267,30.4251,31.0221

47.6500,30.9793,31.3638,31.3689,31.4422,31.0582,30.7585,31.1872,30.1231,31.2425,30.4408,31.0351

48.6500,31.0066,31.3771,31.3889,31.4687,31.0977,30.7609,31.2039,30.1067,31.2678,30.4338,31.0513

49.6500,31.0117,31.3895,31.3867,31.4890,31.1024,30.7961,31.2336,30.1259,31.2758,30.4610,31.0669

50.6500,31.0396,31.4139,31.3998,31.5050,31.0988,30.7925,31.2533,30.1129,31.2914,30.4527,31.0770

51.6500,31.0600,31.4317,31.4237,31.5078,31.1347,30.7998,31.2871,30.1230,31.3116,30.4614,31.0960

52.6500,31.0717,31.4465,31.4470,31.5207,31.1825,30.8044,31.2925,30.1192,31.3337,30.4618,31.1106

53.6500,31.1063,31.4530,31.4375,31.5418,31.1772,30.8212,31.2976,30.0941,31.3432,30.4576,31.1161

54.6500,31.0984,31.4644,31.4865,31.5649,31.2008,30.8589,31.3222,30.0980,31.3630,30.4785,31.1368

55.6500,31.1177,31.4971,31.5069,31.5863,31.1834,30.8730,31.3327,30.0938,31.3783,30.4834,31.1488

56.6500,31.1709,31.5091,31.5086,31.5875,31.2113,30.8670,31.3532,30.1090,31.3975,30.4880,31.1645

57.6510,31.1544,31.5120,31.5289,31.6050,31.2215,30.8956,31.3740,30.1023,31.4044,30.4989,31.1742

58.6500,31.2023,31.5518,31.5401,31.6232,31.2286,30.9064,31.3818,30.1061,31.4292,30.5062,31.1925

59.6500,31.1751,31.5499,31.5814,31.6368,31.2573,30.9393,31.3992,30.0981,31.4401,30.5187,31.2046

60.6500,31.2037,31.5810,31.5819,31.6608,31.2680,30.9500,31.4355,30.0872,31.4591,30.5186,31.2210

61.6500,31.2173,31.5849,31.5797,31.6633,31.3075,31.0022,31.4271,30.0887,31.4705,30.5455,31.2338

62.6500,31.2431,31.5882,31.6144,31.6881,31.3018,30.9848,31.4534,30.1136,31.4871,30.5492,31.2484

63.6500,31.2460,31.6107,31.6314,31.6933,31.3348,30.9966,31.4567,30.1151,31.5032,30.5558,31.2606

64.6500,31.2469,31.6280,31.6299,31.7045,31.3412,30.9721,31.4858,30.1051,31.5101,30.5386,31.2642

65.6500,31.2730,31.6515,31.6538,31.7355,31.3579,31.0161,31.4980,30.0960,31.5343,30.5560,31.2852

66.6500,31.3193,31.6623,31.6816,31.7492,31.3724,31.0399,31.4938,30.0963,31.5569,30.5681,31.3018

67.6510,31.3020,31.6777,31.6735,31.7561,31.3946,31.0588,31.4975,30.0912,31.5608,30.5750,31.3064

68.6500,31.3325,31.6996,31.6907,31.7743,31.4081,31.0930,31.5114,30.1302,31.5810,30.6116,31.3300

69.6500,31.3513,31.7074,31.7149,31.8018,31.4212,31.0704,31.5516,30.1113,31.5993,30.5909,31.3412

70.6500,31.3708,31.7405,31.7109,31.8052,31.4544,31.0885,31.5433,30.0938,31.6163,30.5911,31.3509

71.6500,31.3961,31.7549,31.7615,31.8173,31.4605,31.1205,31.5882,30.0872,31.6380,30.6038,31.3733

72.6500,31.3852,31.7671,31.7573,31.8328,31.4570,31.1020,31.6146,30.0851,31.6399,30.5935,31.3751

73.6500,31.3951,31.7718,31.7793,31.8642,31.4909,31.1096,31.6441,30.0876,31.6603,30.5986,31.3928

74.6510,31.4089,31.7770,31.7981,31.8727,31.4788,31.1421,31.6465,30.0938,31.6671,30.6180,31.4022

75.6500,31.4281,31.8063,31.8058,31.8903,31.5187,31.1520,31.6645,30.1032,31.6898,30.6276,31.4211

76.6510,31.4450,31.8247,31.8435,31.8782,31.5169,31.1764,31.6618,30.1150,31.7017,30.6457,31.4327

77.6500,31.4631,31.8393,31.8337,31.9078,31.5415,31.1691,31.6924,30.0851,31.7171,30.6271,31.4415

78.6500,31.4738,31.8568,31.8460,31.9136,31.5705,31.1897,31.7113,30.0911,31.7322,30.6404,31.4566

79.6500,31.5015,31.8753,31.8649,31.9367,31.5809,31.2095,31.7185,30.0827,31.7519,30.6461,31.4712

80.6500,31.5149,31.8826,31.9051,31.9502,31.5876,31.2341,31.7470,30.0970,31.7681,30.6655,31.4898

81.6500,31.5482,31.8893,31.8879,31.9733,31.5857,31.2622,31.7434,30.0922,31.7769,30.6772,31.4978

82.6500,31.5567,31.8931,31.8997,31.9879,31.6360,31.2557,31.7471,30.0759,31.7947,30.6658,31.5065

83.6500,31.5409,31.9420,31.9345,31.9880,31.6456,31.2874,31.7787,30.0934,31.8102,30.6904,31.5263

84.6510,31.5880,31.9301,31.9489,32.0202,31.6603,31.2992,31.8085,30.1006,31.8295,30.6999,31.5445

85.6500,31.5861,31.9670,31.9618,32.0200,31.6547,31.3044,31.8248,30.0936,31.8379,30.6990,31.5515

86.6500,31.6311,31.9550,31.9808,32.0334,31.6780,31.3325,31.8405,30.0864,31.8557,30.7095,31.5672

87.6510,31.6296,32.0003,31.9938,32.0440,31.6896,31.3427,31.8450,30.0854,31.8715,30.7140,31.5788

88.6500,31.6585,32.0018,31.9929,32.0773,31.7101,31.3651,31.8586,30.0721,31.8881,30.7186,31.5920

89.6500,31.6652,32.0257,32.0243,32.0810,31.7140,31.3666,31.8539,30.1065,31.9020,30.7365,31.6047

90.6500,31.6757,32.0245,32.0381,32.0958,31.7330,31.3776,31.8602,30.0902,31.9134,30.7339,31.6119

91.6500,31.6959,32.0313,32.0445,32.1022,31.7584,31.3988,31.8530,30.0912,31.9265,30.7450,31.6219

92.6500,31.7094,32.0668,32.0719,32.1386,31.7798,31.4319,31.8683,30.0638,31.9533,30.7479,31.6413

93.6500,31.7202,32.0733,32.0733,32.1329,31.7883,31.4385,31.8706,30.0685,31.9576,30.7535,31.6457

94.6500,31.7325,32.0784,32.0822,32.1408,31.8123,31.4579,31.8954,30.0916,31.9692,30.7748,31.6614

95.6500,31.7401,32.0964,32.1105,32.1471,31.8133,31.4762,31.9069,30.0715,31.9815,30.7738,31.6702

96.6500,31.7541,32.1399,32.1104,32.1836,31.8367,31.4926,31.9104,30.0827,32.0049,30.7877,31.6888

97.6500,31.7808,32.1115,32.1157,32.1851,31.8381,31.5095,31.9144,30.0803,32.0062,30.7949,31.6919

98.6500,31.7817,32.1570,32.1476,32.2110,31.8535,31.5005,31.9646,30.0685,32.0302,30.7845,31.7105

99.6500,31.7912,32.1611,32.1442,32.2052,31.8803,31.5349,31.9729,30.0733,32.0364,30.8041,31.7204

100.6500,31.7987,32.1652,32.1774,32.2197,31.8869,31.5490,32.0137,30.0681,32.0496,30.8086,31.7348

101.6500,31.8081,32.1772,32.2059,32.2387,31.9052,31.5508,32.0285,30.0836,32.0670,30.8172,31.7498

102.6500,31.8378,32.1852,32.2124,32.2602,31.9167,31.5501,32.0392,30.0659,32.0824,30.8080,31.7584

103.6500,31.8824,32.2291,32.2244,32.2765,31.9106,31.6135,32.0592,30.0923,32.1046,30.8529,31.7860

104.6500,31.8759,32.2364,32.2448,32.2898,31.9294,31.5966,32.0393,30.0961,32.1153,30.8464,31.7885

105.6500,31.8991,32.2408,32.2623,32.3004,31.9648,31.6226,32.0503,30.0747,32.1335,30.8486,31.8019

106.6500,31.9216,32.2674,32.2430,32.3097,31.9718,31.6395,32.0347,30.0723,32.1427,30.8559,31.8075

107.6500,31.9190,32.2668,32.2744,32.3311,31.9885,31.6360,32.0515,30.0617,32.1560,30.8489,31.8161

108.6510,31.9479,32.2810,32.2918,32.3392,31.9840,31.6710,32.0638,30.0798,32.1688,30.8754,31.8323

109.6500,31.9577,32.3046,32.3074,32.3431,31.9910,31.6859,32.0860,30.0563,32.1808,30.8711,31.8415

110.6500,31.9691,32.3215,32.3215,32.3703,32.0188,31.6935,32.1024,30.0959,32.2002,30.8947,31.8616

111.6500,31.9977,32.3108,32.3301,32.3915,32.0333,31.7034,32.1138,30.0686,32.2127,30.8860,31.8686

112.6500,31.9764,32.3246,32.3480,32.3954,32.0341,31.7253,32.1364,30.0478,32.2157,30.8866,31.8735

113.6500,32.0048,32.3520,32.3651,32.4055,32.0480,31.7317,32.1559,30.0889,32.2351,30.9103,31.8940

114.6500,32.0033,32.3633,32.3675,32.4238,32.0652,31.7564,32.1775,30.0615,32.2446,30.9090,31.9023

115.6500,32.0259,32.3775,32.3892,32.4315,32.0747,31.7663,32.1913,30.0719,32.2598,30.9191,31.9160

116.6500,32.0477,32.3978,32.4311,32.4386,32.1261,31.7840,32.2050,30.0769,32.2883,30.9304,31.9384

117.6500,32.0582,32.3972,32.4179,32.4718,32.0990,31.8010,32.2283,30.0728,32.2888,30.9369,31.9433

118.6500,32.0715,32.4254,32.4174,32.4831,32.1160,31.8218,32.2410,30.0687,32.3027,30.9452,31.9556

119.6500,32.1064,32.4433,32.4330,32.4926,32.1468,31.8403,32.2838,30.0816,32.3244,30.9610,31.9785

120.6500,32.0983,32.4534,32.4721,32.5007,32.1424,31.8421,32.2920,30.0599,32.3334,30.9510,31.9826

121.6500,32.1338,32.4466,32.4630,32.5268,32.1774,31.8536,32.3204,30.0865,32.3495,30.9701,32.0010

122.6500,32.1240,32.4907,32.4790,32.5198,32.1817,31.8856,32.3275,30.0846,32.3591,30.9851,32.0116

123.6500,32.1320,32.4982,32.4959,32.5564,32.2216,31.8898,32.3537,30.0917,32.3808,30.9908,32.0299

124.6500,32.1352,32.5066,32.5019,32.5253,32.2286,31.9039,32.3584,30.0701,32.3795,30.9870,32.0288

125.6510,32.1804,32.5060,32.5107,32.5769,32.2151,31.9152,32.3512,30.0904,32.3978,31.0028,32.0432

126.6500,32.1912,32.5371,32.5296,32.5592,32.2512,31.9378,32.3730,30.0880,32.4137,31.0129,32.0584

127.6500,32.2296,32.5680,32.5619,32.5675,32.2691,31.9655,32.3832,30.0735,32.4392,31.0195,32.0773

128.6500,32.2146,32.5436,32.5638,32.6145,32.2662,31.9603,32.3804,30.0852,32.4405,31.0227,32.0786

129.6500,32.2343,32.5761,32.5681,32.5916,32.2812,31.9879,32.3796,30.0912,32.4503,31.0396,32.0887

130.6510,32.2285,32.6023,32.5910,32.6384,32.2872,31.9963,32.4161,30.0846,32.4695,31.0404,32.1055

131.6500,32.2511,32.5874,32.6066,32.6535,32.3271,32.0071,32.4120,30.0930,32.4851,31.0500,32.1172

132.6500,32.2824,32.6241,32.6236,32.6682,32.3420,32.0230,32.4172,30.0840,32.5081,31.0535,32.1331

133.6500,32.2731,32.6332,32.6262,32.6618,32.3322,32.0413,32.4179,30.0916,32.5053,31.0664,32.1347

134.6510,32.3097,32.6317,32.6421,32.6697,32.3388,32.0423,32.4394,30.0841,32.5184,31.0632,32.1447

135.6500,32.3170,32.6483,32.6548,32.6956,32.3667,32.0603,32.4405,30.0716,32.5365,31.0660,32.1568

136.6500,32.3321,32.6642,32.6684,32.7041,32.3766,32.0871,32.4700,30.0839,32.5491,31.0855,32.1733

137.6500,32.3304,32.6763,32.6875,32.7110,32.4102,32.0855,32.4887,30.0908,32.5631,31.0881,32.1850

138.6500,32.3518,32.6781,32.6842,32.7391,32.4274,32.1097,32.4746,30.0610,32.5761,31.0854,32.1907

139.6500,32.3766,32.6890,32.7054,32.7612,32.4151,32.1238,32.5117,30.0802,32.5894,31.1020,32.2079

140.6500,32.3979,32.7223,32.7148,32.7631,32.4158,32.1253,32.5051,30.0517,32.6028,31.0885,32.2120

141.6500,32.3830,32.7262,32.7497,32.7759,32.4453,32.1066,32.5264,30.0894,32.6160,31.0980,32.2253

142.6500,32.4056,32.7205,32.7659,32.7734,32.4661,32.1452,32.5572,30.0806,32.6263,31.1129,32.2393

143.6500,32.4484,32.7592,32.7592,32.7883,32.4794,32.1693,32.5674,30.0778,32.6469,31.1236,32.2561

144.6500,32.4479,32.7618,32.7974,32.8106,32.4775,32.1664,32.5587,30.0708,32.6590,31.1186,32.2614

145.6500,32.4494,32.7773,32.7871,32.8190,32.4940,32.1904,32.5836,30.0807,32.6654,31.1356,32.2727

146.6500,32.4629,32.7916,32.8127,32.8432,32.5182,32.2058,32.6270,30.0646,32.6857,31.1352,32.2908

147.6510,32.4804,32.8055,32.8112,32.8323,32.5095,32.2046,32.6297,30.0916,32.6878,31.1481,32.2956

148.6500,32.4952,32.8035,32.8316,32.8555,32.5233,32.2526,32.6679,30.0800,32.7018,31.1663,32.3137

149.6500,32.4967,32.8256,32.8415,32.8715,32.5389,32.2715,32.6530,30.0980,32.7148,31.1847,32.3246

150.6500,32.5295,32.8477,32.8543,32.8918,32.5642,32.2776,32.6489,30.0820,32.7375,31.1798,32.3370

151.6500,32.5247,32.8641,32.8763,32.9035,32.5688,32.2812,32.6915,30.0668,32.7475,31.1740,32.3471

152.6510,32.5428,32.8806,32.9078,32.9233,32.6061,32.2769,32.6907,30.0747,32.7721,31.1758,32.3629

153.6500,32.5470,32.8966,32.8947,32.9069,32.6014,32.3120,32.7236,30.0953,32.7693,31.2036,32.3722

154.6500,32.5468,32.8801,32.8951,32.9368,32.6115,32.3352,32.7272,30.0707,32.7741,31.2030,32.3754

155.6500,32.5667,32.9136,32.9136,32.9436,32.6431,32.3631,32.7532,30.0709,32.7961,31.2170,32.3960

156.6500,32.5842,32.9353,32.9156,32.9555,32.6644,32.3454,32.7646,30.0954,32.8110,31.2204,32.4075

157.6510,32.6035,32.9315,32.9376,32.9742,32.6823,32.3502,32.7758,30.0773,32.8258,31.2138,32.4166

158.6500,32.6133,32.9319,32.9624,32.9671,32.6878,32.3698,32.8025,30.0856,32.8325,31.2277,32.4275

159.6500,32.6428,32.9365,32.9712,32.9894,32.6728,32.3877,32.7817,30.0696,32.8425,31.2286,32.4315

160.6500,32.6388,32.9808,32.9916,33.0033,32.6810,32.4038,32.7876,30.0693,32.8591,31.2365,32.4445

161.6500,32.6488,32.9781,32.9945,33.0325,32.6981,32.4101,32.7779,30.0860,32.8704,31.2480,32.4532

162.6500,32.6786,32.9998,33.0044,33.0359,32.7156,32.3986,32.8108,30.0890,32.8868,31.2438,32.4666

163.6500,32.6770,33.0224,32.9966,33.0431,32.7239,32.4251,32.8227,30.0983,32.8926,31.2617,32.4761

164.6500,32.6746,33.0226,33.0193,33.0484,32.7430,32.4645,32.8252,30.0676,32.9016,31.2660,32.4831

165.6500,32.6938,33.0105,33.0518,33.0977,32.7492,32.4640,32.8689,30.0733,32.9206,31.2686,32.5011

166.6500,32.7193,33.0712,33.0660,33.0735,32.7610,32.4684,32.8545,30.0945,32.9382,31.2815,32.5135

167.6500,32.7192,33.0471,33.0612,33.1025,32.7961,32.4824,32.8680,30.0832,32.9452,31.2828,32.5200

168.6500,32.7463,33.0703,33.0830,33.1074,32.8068,32.5034,32.8992,30.0836,32.9628,31.2935,32.5375

169.6500,32.7764,33.0879,33.1015,33.1142,32.7905,32.5246,32.9159,30.0921,32.9741,31.3084,32.5504

170.6500,32.7491,33.1006,33.1245,33.1255,32.8223,32.5231,32.9225,30.1005,32.9844,31.3118,32.5585

171.6500,32.7749,33.1091,33.1204,33.1396,32.8556,32.5465,32.9174,30.0662,32.9999,31.3064,32.5662

172.6500,32.7846,33.1163,33.1416,33.1706,32.8690,32.5712,32.9381,30.0867,33.0164,31.3289,32.5848

173.6510,32.7934,33.1465,33.1432,33.1540,32.8703,32.5659,32.9243,30.0875,33.0215,31.3267,32.5856

174.6500,32.8114,33.1551,33.1481,33.1640,32.8606,32.5769,32.9432,30.0844,33.0278,31.3306,32.5930

175.6500,32.8393,33.1470,33.1672,33.1864,32.8905,32.6002,32.9698,30.0809,33.0461,31.3406,32.6102

176.6500,32.8563,33.1565,33.1715,33.1940,32.9050,32.5979,33.0032,30.0678,33.0567,31.3329,32.6190

177.6500,32.8618,33.1828,33.1654,33.2147,32.9181,32.6246,33.0126,30.0725,33.0686,31.3485,32.6316

178.6500,32.8932,33.1799,33.2005,33.2165,32.9405,32.6268,33.0182,30.1025,33.0861,31.3646,32.6473

179.6500,32.8727,33.2079,33.2098,33.2421,32.9487,32.6481,33.0246,30.0749,33.0962,31.3615,32.6536

180.6500,32.9060,33.2105,33.2180,33.2353,32.9492,32.6706,33.0375,30.0721,33.1038,31.3714,32.6624

181.6510,32.8989,33.2319,33.2478,33.2384,32.9524,32.6748,33.0476,30.0842,33.1139,31.3795,32.6720

182.6510,32.9158,33.2320,33.2536,33.2728,32.9651,32.6706,33.0534,30.0848,33.1279,31.3777,32.6810

183.6500,32.9334,33.2507,33.2540,33.2821,32.9901,32.6961,33.0773,30.0887,33.1421,31.3924,32.6965

184.6500,32.9400,33.2808,33.2836,33.3249,33.0056,32.6952,33.0947,30.0813,33.1670,31.3882,32.7133

185.6500,32.9645,33.2885,33.2763,33.2866,33.0011,32.7155,33.0930,30.0879,33.1634,31.4017,32.7142

186.6500,32.9811,33.2700,33.3146,33.3216,33.0251,32.7105,33.0652,30.1003,33.1825,31.4054,32.7236

187.6500,32.9817,33.3097,33.3148,33.3434,33.0412,32.7317,33.1062,30.0854,33.1982,31.4086,32.7393

188.6500,33.0008,33.3222,33.3307,33.3494,33.0383,32.7237,33.1240,30.0825,33.2083,31.4031,32.7464

189.6500,33.0050,33.3343,33.3517,33.3343,33.0744,32.7429,33.1539,30.0961,33.2200,31.4195,32.7616

190.6500,33.0299,33.3429,33.3242,33.3603,33.0707,32.7772,33.1643,30.0995,33.2256,31.4383,32.7711

191.6500,33.0231,33.3367,33.3685,33.3667,33.1014,32.7821,33.1895,30.0757,33.2393,31.4289,32.7805

192.6510,33.0265,33.3824,33.3908,33.3960,33.1020,32.8118,33.2071,30.0923,33.2595,31.4520,32.8011

193.6500,33.0561,33.3823,33.3889,33.3954,33.0940,32.8259,33.2168,30.1036,33.2633,31.4647,32.8079

194.6500,33.0834,33.3980,33.3928,33.3877,33.1125,32.8382,33.2349,30.0920,33.2749,31.4651,32.8174

195.6510,33.0994,33.4025,33.4035,33.4306,33.1448,32.8593,33.2502,30.0756,33.2962,31.4675,32.8332

196.6500,33.1040,33.4205,33.4228,33.4491,33.1298,32.8489,33.2457,30.0760,33.3052,31.4624,32.8371

197.6510,33.0965,33.4239,33.4516,33.4305,33.1518,32.8691,33.2468,30.0656,33.3109,31.4673,32.8420

198.6500,33.1347,33.4449,33.4458,33.4739,33.1698,32.8839,33.2602,30.0898,33.3338,31.4869,32.8629

199.6500,33.1394,33.4396,33.4429,33.4757,33.1849,32.9026,33.2718,30.1096,33.3365,31.5061,32.8708

200.6500,33.1730,33.4590,33.5115,33.4805,33.1899,32.9119,33.2823,30.0832,33.3628,31.4975,32.8864

201.6510,33.1700,33.4724,33.5024,33.4939,33.1883,32.9272,33.3046,30.0815,33.3654,31.5043,32.8925

202.6500,33.1752,33.4887,33.5075,33.4798,33.2155,32.9422,33.3350,30.0952,33.3734,31.5187,32.9049

203.6500,33.1910,33.5018,33.4971,33.5154,33.2131,32.9745,33.3420,30.0946,33.3837,31.5345,32.9162

204.6500,33.1919,33.5117,33.5271,33.5079,33.2252,32.9772,33.3458,30.0964,33.3928,31.5368,32.9229

205.6500,33.2095,33.5350,33.5205,33.5271,33.2522,32.9999,33.3504,30.0925,33.4089,31.5462,32.9359

206.6500,33.2030,33.5342,33.5333,33.5427,33.2536,32.9991,33.3739,30.1062,33.4134,31.5526,32.9433

207.6500,33.2371,33.5582,33.5428,33.5385,33.2545,33.0055,33.3830,30.1051,33.4262,31.5553,32.9531

208.6510,33.2415,33.5592,33.5531,33.5728,33.2851,32.9950,33.4013,30.0870,33.4424,31.5410,32.9619

209.6510,33.2693,33.5764,33.5816,33.5769,33.2923,33.0213,33.3960,30.1059,33.4593,31.5636,32.9775

210.6500,33.3032,33.5902,33.5743,33.5977,33.3187,33.0398,33.4126,30.1009,33.4768,31.5703,32.9922

211.6500,33.2750,33.5731,33.6035,33.6162,33.3097,33.0552,33.3973,30.0910,33.4755,31.5731,32.9901

212.6500,33.2953,33.5980,33.5989,33.5994,33.3342,33.0558,33.4092,30.0982,33.4852,31.5770,32.9986

213.6500,33.3236,33.6236,33.6409,33.6250,33.3367,33.0601,33.4291,30.1044,33.5099,31.5822,33.0179

214.6500,33.2945,33.6146,33.6366,33.6352,33.3559,33.0826,33.4299,30.1030,33.5074,31.5928,33.0190

215.6500,33.3337,33.6527,33.6503,33.6513,33.3750,33.0764,33.4638,30.1057,33.5326,31.5910,33.0386

216.6500,33.3276,33.6435,33.6581,33.6548,33.3876,33.0932,33.4716,30.0986,33.5343,31.5959,33.0419

217.6500,33.3716,33.6468,33.6618,33.6712,33.4124,33.1255,33.4654,30.1084,33.5527,31.6170,33.0579

218.6500,33.3911,33.6691,33.6780,33.6709,33.3907,33.1132,33.5046,30.1054,33.5600,31.6093,33.0654

219.6500,33.3711,33.6835,33.6882,33.7093,33.4058,33.1260,33.5078,30.1056,33.5716,31.6158,33.0747

220.6500,33.4104,33.7032,33.7239,33.6962,33.4263,33.1441,33.5139,30.1158,33.5920,31.6300,33.0917

221.6500,33.4084,33.6956,33.7232,33.7190,33.4501,33.1398,33.5396,30.1025,33.5993,31.6212,33.0973

222.6500,33.4357,33.7341,33.7327,33.7271,33.4404,33.1676,33.5547,30.1069,33.6140,31.6373,33.1124

223.6500,33.4269,33.7255,33.7382,33.7405,33.4536,33.1789,33.5653,30.1126,33.6169,31.6458,33.1177

224.6500,33.4380,33.7529,33.7608,33.7187,33.4567,33.2008,33.5556,30.0772,33.6254,31.6390,33.1201

225.6500,33.4565,33.7426,33.7693,33.7533,33.4907,33.1973,33.5561,30.1024,33.6425,31.6498,33.1335

226.6500,33.4640,33.7602,33.7898,33.7673,33.5039,33.2152,33.5695,30.1061,33.6570,31.6606,33.1470

227.6500,33.4820,33.7712,33.7848,33.7918,33.5092,33.2439,33.5964,30.1068,33.6678,31.6753,33.1608

228.6500,33.4851,33.7894,33.8030,33.7978,33.4996,33.2803,33.5959,30.0812,33.6750,31.6807,33.1665

229.6500,33.5049,33.7941,33.8100,33.8030,33.5232,33.2841,33.6104,30.1142,33.6870,31.6992,33.1805

230.6500,33.5116,33.8155,33.8254,33.8127,33.5538,33.3176,33.6474,30.1097,33.7038,31.7137,33.1992

231.6500,33.5272,33.8333,33.8408,33.8225,33.5600,33.2807,33.6257,30.1056,33.7168,31.6932,33.1995

232.6500,33.5518,33.8360,33.8510,33.8177,33.5335,33.3048,33.6533,30.1030,33.7180,31.7039,33.2064

233.6500,33.5474,33.8499,33.8583,33.8508,33.5493,33.3164,33.6583,30.0976,33.7312,31.7070,33.2160

234.6500,33.5478,33.8533,33.8660,33.8407,33.5708,33.3135,33.6683,30.1051,33.7357,31.7093,33.2207

235.6500,33.5454,33.8596,33.8877,33.8423,33.5908,33.3368,33.6684,30.1276,33.7451,31.7322,33.2323

236.6500,33.5702,33.8838,33.8819,33.8795,33.6128,33.3485,33.7137,30.1266,33.7656,31.7375,33.2521

237.6500,33.5976,33.8776,33.9118,33.8771,33.6121,33.3403,33.7104,30.1264,33.7753,31.7333,33.2567

238.6500,33.6070,33.9070,33.9313,33.9060,33.6122,33.3783,33.6994,30.1010,33.7927,31.7397,33.2678

239.6500,33.6053,33.8970,33.9171,33.9199,33.6427,33.4103,33.7128,30.1171,33.7964,31.7637,33.2778

240.6500,33.6163,33.9218,33.9438,33.9349,33.6575,33.4007,33.7279,30.1131,33.8149,31.7569,33.2895

241.6500,33.6154,33.9153,33.9495,33.9181,33.6735,33.4017,33.7527,30.1175,33.8144,31.7596,33.2930

242.6500,33.6357,33.9544,33.9572,33.9296,33.6572,33.4225,33.7314,30.1058,33.8268,31.7642,33.2992

243.6500,33.6609,33.9616,33.9916,33.9443,33.6838,33.4528,33.7569,30.1104,33.8484,31.7816,33.3203

244.6510,33.6686,33.9566,33.9847,33.9528,33.6906,33.4610,33.7786,30.1106,33.8507,31.7858,33.3254

245.6500,33.6578,33.9761,34.0042,33.9766,33.6915,33.4352,33.7911,30.0979,33.8612,31.7666,33.3288

246.6500,33.6972,33.9803,34.0075,33.9682,33.7183,33.4170,33.7972,30.1168,33.8743,31.7669,33.3378

247.6500,33.6978,33.9932,34.0025,33.9908,33.7311,33.4682,33.8124,30.1065,33.8831,31.7874,33.3503

248.6510,33.7048,34.0013,34.0214,34.0065,33.7254,33.4663,33.8350,30.1004,33.8919,31.7833,33.3576

249.6500,33.7152,34.0198,34.0395,34.0044,33.7517,33.4992,33.8353,30.0958,33.9061,31.7975,33.3701

250.6500,33.6936,34.0247,34.0575,34.0167,33.7807,33.4949,33.8467,30.0943,33.9146,31.7946,33.3761

251.6500,33.7408,34.0516,34.0329,34.0352,33.7582,33.5014,33.8516,30.1107,33.9237,31.8061,33.3853

252.6500,33.7629,34.0614,34.0567,34.0440,33.8004,33.5305,33.8740,30.1146,33.9451,31.8225,33.4056

253.6500,33.7598,34.0732,34.0910,34.0601,33.7902,33.5363,33.8863,30.0888,33.9549,31.8126,33.4107

254.6500,33.7634,34.0670,34.0810,34.0506,33.8088,33.5722,33.8904,30.1056,33.9542,31.8389,33.4174

255.6500,33.7734,34.0823,34.0987,34.0612,33.8366,33.5747,33.9211,30.0794,33.9704,31.8271,33.4284

256.6500,33.8033,34.0974,34.1204,34.0923,33.8220,33.5545,33.9012,30.1066,33.9871,31.8306,33.4372

257.6500,33.7907,34.1091,34.1077,34.0763,33.8380,33.5836,33.9180,30.0912,33.9844,31.8374,33.4393

258.6500,33.8212,34.1206,34.1342,34.1061,33.8638,33.5902,33.9160,30.1180,34.0092,31.8541,33.4588

259.6510,33.8306,34.1328,34.1440,34.1154,33.8465,33.5921,33.9515,30.1222,34.0138,31.8572,33.4669

260.6500,33.8343,34.1279,34.1532,34.1302,33.8736,33.6169,33.9607,30.0992,34.0238,31.8581,33.4745

261.6500,33.8509,34.1586,34.1872,34.1455,33.8977,33.6419,33.9759,30.1022,34.0480,31.8721,33.4950

262.6510,33.8849,34.1733,34.1728,34.1278,33.9032,33.6478,33.9901,30.1157,34.0524,31.8818,33.5020

263.6500,33.8636,34.1884,34.1758,34.1814,33.9142,33.6406,34.0016,30.1079,34.0647,31.8743,33.5092

264.6500,33.8953,34.1771,34.1977,34.1724,33.9281,33.6854,33.9968,30.0932,34.0741,31.8893,33.5183

265.6500,33.8767,34.1873,34.2131,34.1602,33.9301,33.6734,34.0052,30.1061,34.0735,31.8897,33.5190

266.6500,33.9203,34.1973,34.2146,34.1809,33.9316,33.6917,33.9982,30.0976,34.0889,31.8947,33.5290

267.6500,33.9222,34.2132,34.2282,34.1987,33.9442,33.7123,33.9950,30.0952,34.1013,31.9038,33.5386

268.6500,33.9320,34.2297,34.2419,34.2087,33.9447,33.7090,34.0185,30.1009,34.1114,31.9050,33.5482

269.6500,33.9333,34.2535,34.2511,34.2137,33.9698,33.7220,34.0404,30.0965,34.1243,31.9093,33.5600

270.6510,33.9557,34.2677,34.2701,34.2345,33.9576,33.7313,34.0659,30.0941,34.1371,31.9127,33.5721

271.6500,33.9726,34.2668,34.2771,34.2514,33.9782,33.7510,34.0655,30.0918,34.1493,31.9214,33.5818

272.6500,33.9605,34.2663,34.2963,34.2616,33.9924,33.7746,34.0776,30.0872,34.1554,31.9309,33.5896

273.6500,33.9940,34.2927,34.2941,34.2660,34.0151,33.7696,34.0806,30.1194,34.1724,31.9445,33.6039

274.6500,34.0061,34.2924,34.2971,34.2741,34.0178,33.7747,34.1018,30.1142,34.1775,31.9444,33.6098

275.6500,33.9797,34.3188,34.3263,34.2800,34.0392,33.7750,34.1156,30.1121,34.1888,31.9436,33.6183

276.6500,34.0263,34.3115,34.3204,34.2951,34.0314,33.7841,34.1298,30.0968,34.1969,31.9404,33.6244

277.6500,34.0125,34.3141,34.3379,34.3145,34.0621,33.7872,34.1333,30.1205,34.2082,31.9538,33.6353

278.6500,34.0334,34.3297,34.3452,34.3218,34.0680,33.8085,34.1452,30.1246,34.2196,31.9665,33.6471

279.6500,34.0276,34.3531,34.3545,34.3334,34.0365,33.8192,34.1574,30.1061,34.2210,31.9626,33.6485

280.6500,34.0724,34.3686,34.3704,34.3442,34.0743,33.8406,34.1522,30.1196,34.2460,31.9801,33.6678

281.6500,34.0884,34.3735,34.3740,34.3492,34.0982,33.8378,34.1549,30.0886,34.2567,31.9632,33.6706

282.6500,34.0931,34.3742,34.3873,34.3517,34.1010,33.8542,34.1766,30.0956,34.2614,31.9749,33.6792

283.6500,34.1145,34.3784,34.4191,34.3634,34.1380,33.8663,34.1840,30.1177,34.2827,31.9920,33.6977

284.6500,34.1120,34.3935,34.4122,34.3654,34.1242,33.8961,34.2132,30.1142,34.2815,32.0051,33.7038

285.6500,34.1343,34.4192,34.4075,34.3808,34.1610,33.8767,34.2029,30.1069,34.3006,31.9918,33.7111

286.6500,34.1469,34.4213,34.4255,34.3914,34.1329,33.8926,34.2317,30.1187,34.3036,32.0057,33.7201

287.6500,34.1532,34.4310,34.4371,34.4137,34.1574,33.9031,34.2418,30.1133,34.3185,32.0082,33.7313

288.6500,34.1565,34.4424,34.4396,34.4040,34.1556,33.9172,34.2658,30.1152,34.3196,32.0162,33.7370

289.6500,34.1618,34.4552,34.4594,34.4289,34.1647,33.9328,34.2594,30.1280,34.3340,32.0304,33.7488

290.6500,34.1768,34.4587,34.4559,34.4484,34.1567,33.9660,34.2827,30.1026,34.3393,32.0343,33.7560

291.6500,34.1813,34.4747,34.4938,34.4498,34.1888,33.9621,34.2953,30.0982,34.3577,32.0301,33.7680

292.6500,34.1803,34.4795,34.4987,34.4416,34.1971,33.9723,34.2890,30.1047,34.3595,32.0385,33.7704

293.6500,34.2038,34.5082,34.5120,34.4801,34.2169,33.9668,34.2943,30.1104,34.3842,32.0386,33.7866

294.6500,34.2123,34.5045,34.4965,34.4778,34.2287,33.9805,34.2910,30.0954,34.3840,32.0380,33.7858

295.6500,34.2150,34.5197,34.5342,34.4865,34.2337,33.9869,34.3104,30.1419,34.3978,32.0644,33.8035

296.6500,34.2311,34.5468,34.5341,34.4780,34.2489,34.0115,34.3249,30.1303,34.4078,32.0709,33.8132

297.6500,34.2235,34.5342,34.5581,34.5005,34.2526,34.0067,34.3296,30.1213,34.4138,32.0640,33.8158

298.6500,34.2462,34.5535,34.5699,34.5301,34.2842,34.0406,34.3630,30.1197,34.4368,32.0801,33.8384

299.6500,34.2990,34.5508,34.5625,34.5209,34.2784,34.0438,34.3467,30.1195,34.4423,32.0816,33.8402

300.6500,34.2786,34.5788,34.5798,34.5189,34.2922,34.0786,34.3742,30.1126,34.4496,32.0956,33.8517

301.6500,34.3038,34.5700,34.5915,34.5377,34.2977,34.0645,34.3733,30.1045,34.4601,32.0845,33.8554

302.6500,34.2856,34.5697,34.5927,34.5440,34.3104,34.0899,34.3862,30.1225,34.4605,32.1062,33.8626

303.6500,34.2970,34.6071,34.6108,34.5762,34.3008,34.0826,34.3926,30.1142,34.4784,32.0984,33.8727

304.6500,34.3151,34.6141,34.6113,34.5701,34.3329,34.1053,34.4095,30.1056,34.4887,32.1055,33.8830

305.6500,34.3287,34.6269,34.6157,34.5815,34.3343,34.1207,34.4167,30.1366,34.4974,32.1287,33.8951

306.6500,34.3521,34.6402,34.6378,34.5938,34.3338,34.1418,34.4047,30.1225,34.5116,32.1322,33.9034

307.6500,34.3427,34.6455,34.6394,34.5972,34.3502,34.1568,34.4287,30.1272,34.5150,32.1420,33.9110

308.6500,34.3383,34.6427,34.6539,34.6254,34.3692,34.1416,34.4536,30.1482,34.5259,32.1449,33.9216

309.6500,34.3513,34.6427,34.6796,34.6174,34.3700,34.1682,34.4423,30.1137,34.5322,32.1409,33.9231

310.6500,34.3622,34.6690,34.6859,34.6433,34.3734,34.1744,34.4537,30.1166,34.5468,32.1455,33.9348

311.6500,34.3898,34.6690,34.6989,34.6442,34.4048,34.1786,34.4724,30.1218,34.5613,32.1502,33.9474

312.6500,34.3819,34.7031,34.7059,34.6605,34.4325,34.1703,34.4671,30.1370,34.5768,32.1536,33.9573

313.6500,34.4040,34.6980,34.6933,34.6751,34.4115,34.1844,34.4799,30.1187,34.5764,32.1515,33.9581

314.6500,34.4005,34.7072,34.7208,34.6721,34.4300,34.1898,34.5087,30.1105,34.5861,32.1501,33.9674

315.6510,34.4005,34.7203,34.7268,34.6842,34.4441,34.1959,34.5092,30.1039,34.5952,32.1499,33.9731

316.6500,34.4285,34.7342,34.7445,34.6982,34.4369,34.2370,34.5273,30.1061,34.6085,32.1715,33.9891

317.6500,34.4351,34.7338,34.7413,34.6978,34.4678,34.2258,34.5311,30.1015,34.6152,32.1636,33.9918

318.6500,34.4268,34.7632,34.7519,34.7047,34.4820,34.2372,34.5464,30.1105,34.6257,32.1738,34.0028

319.6500,34.4634,34.7646,34.7679,34.7216,34.4746,34.2532,34.5643,30.1290,34.6384,32.1911,34.0173

320.6500,34.4828,34.7747,34.7831,34.7274,34.4973,34.2651,34.5734,30.1075,34.6531,32.1863,34.0264

321.6500,34.4699,34.7736,34.7984,34.7352,34.5280,34.2733,34.5789,30.1134,34.6610,32.1933,34.0339

322.6510,34.4936,34.7959,34.8015,34.7341,34.4988,34.2885,34.6030,30.1175,34.6648,32.2030,34.0416

323.6500,34.5116,34.7947,34.7966,34.7433,34.5074,34.3047,34.6042,30.1120,34.6707,32.2083,34.0468

324.6500,34.4977,34.8283,34.8288,34.7740,34.5263,34.2973,34.6224,30.0948,34.6910,32.1961,34.0587

325.6500,34.5168,34.8273,34.8414,34.7768,34.5182,34.2991,34.6219,30.1083,34.6961,32.2037,34.0637

326.6500,34.5134,34.8288,34.8297,34.7984,34.5349,34.3265,34.6383,30.1227,34.7010,32.2246,34.0741

327.6500,34.5202,34.8348,34.8391,34.7866,34.5483,34.3235,34.6626,30.1122,34.7058,32.2178,34.0784

328.6500,34.5442,34.8563,34.8418,34.8002,34.5606,34.3386,34.6335,30.1254,34.7206,32.2320,34.0876

329.6500,34.5566,34.8620,34.8535,34.8072,34.5819,34.3333,34.6471,30.1130,34.7323,32.2232,34.0943

330.6500,34.5719,34.8627,34.8739,34.8271,34.5784,34.3509,34.6768,30.1156,34.7428,32.2333,34.1072

331.6500,34.5621,34.8727,34.8783,34.8367,34.6094,34.3781,34.6916,30.1030,34.7519,32.2406,34.1165

332.6500,34.6213,34.9074,34.8985,34.8465,34.6031,34.3681,34.6958,30.1033,34.7754,32.2357,34.1305

333.6500,34.6099,34.8873,34.8943,34.8396,34.6211,34.3725,34.7183,30.1143,34.7704,32.2434,34.1322

334.6500,34.6224,34.9026,34.9073,34.8591,34.6360,34.3926,34.7201,30.1269,34.7855,32.2597,34.1459

335.6500,34.6419,34.9118,34.9150,34.8547,34.6255,34.4111,34.7250,30.1154,34.7898,32.2633,34.1501

336.6500,34.6529,34.9297,34.9325,34.8876,34.6529,34.4343,34.7303,30.1246,34.8111,32.2795,34.1681

337.6500,34.6557,34.9326,34.9336,34.8667,34.6520,34.4521,34.7183,30.1213,34.8081,32.2867,34.1665

338.6500,34.6636,34.9588,34.9560,34.8778,34.6646,34.4309,34.7514,30.1044,34.8241,32.2677,34.1759

339.6510,34.6926,34.9398,34.9557,34.9155,34.6673,34.4370,34.7329,30.1156,34.8342,32.2763,34.1820

340.6500,34.6984,34.9630,34.9718,34.9269,34.6717,34.4307,34.7271,30.1036,34.8464,32.2671,34.1867

341.6500,34.6808,34.9683,34.9898,34.9196,34.6733,34.4659,34.7642,30.0910,34.8464,32.2785,34.1941

342.6510,34.6816,35.0026,35.0077,34.9286,34.6615,34.4775,34.7906,30.1046,34.8564,32.2911,34.2068

343.6500,34.6965,35.0003,34.9984,34.9385,34.6960,34.4840,34.7869,30.0951,34.8660,32.2895,34.2120

344.6510,34.7211,35.0026,35.0218,34.9520,34.7179,34.5114,34.7831,30.1269,34.8831,32.3191,34.2296

345.6510,34.7040,35.0035,35.0091,34.9628,34.6993,34.4966,34.8009,30.1068,34.8758,32.3017,34.2229

346.6510,34.7462,35.0242,35.0153,34.9713,34.7153,34.5388,34.8019,30.1295,34.8945,32.3341,34.2428

347.6500,34.7644,35.0443,35.0326,34.9806,34.7166,34.4957,34.8098,30.1435,34.9077,32.3196,34.2484

348.6500,34.7416,35.0566,35.0346,34.9841,34.7425,34.5300,34.8343,30.1258,34.9119,32.3279,34.2562

349.6500,34.7506,35.0605,35.0502,34.9917,34.7491,34.5362,34.8330,30.1150,34.9204,32.3256,34.2608

350.6500,34.7789,35.0673,35.0640,35.0070,34.7560,34.5374,34.8450,30.1229,34.9347,32.3301,34.2723

351.6500,34.7872,35.0696,35.0766,35.0284,34.7765,34.5761,34.8525,30.1246,34.9477,32.3504,34.2865

352.6500,34.8089,35.0692,35.0837,35.0042,34.7808,34.5379,34.8829,30.1182,34.9493,32.3280,34.2857

353.6500,34.7950,35.0882,35.0863,35.0250,34.7964,34.5563,34.8636,30.1127,34.9582,32.3345,34.2904

354.6500,34.8109,35.0874,35.1001,35.0537,34.7884,34.5890,34.8885,30.1319,34.9681,32.3605,34.3063

355.6500,34.8029,35.1153,35.1153,35.0405,34.8244,34.5983,34.8893,30.1464,34.9797,32.3724,34.3166

356.6500,34.8247,35.1107,35.1383,35.0583,34.8237,34.6051,34.9071,30.1392,34.9911,32.3721,34.3259

357.6500,34.8352,35.1230,35.1309,35.0500,34.8230,34.6391,34.9189,30.1088,34.9924,32.3739,34.3286

358.6500,34.8264,35.1244,35.1361,35.0865,34.8301,34.6387,34.9344,30.1169,35.0007,32.3778,34.3367

359.6500,34.8361,35.1296,35.1459,35.1029,34.8535,34.6269,34.9307,30.1507,35.0136,32.3888,34.3470

360.6500,34.8834,35.1466,35.1540,35.0913,34.8384,34.6493,34.9584,30.1361,35.0227,32.3927,34.3572

361.6500,34.8630,35.1403,35.1758,35.1024,34.8662,34.6598,34.9723,30.1527,35.0295,32.4063,34.3666

362.6500,34.8984,35.1638,35.2017,35.1366,34.8568,34.6658,34.9822,30.1352,35.0514,32.4005,34.3800

363.6500,34.8929,35.1752,35.1734,35.1205,34.8671,34.6771,34.9848,30.1466,35.0458,32.4118,34.3797

364.6500,34.9073,35.1814,35.1908,35.1449,34.8984,34.6985,34.9681,30.1291,35.0646,32.4138,34.3898

365.6510,34.9146,35.2179,35.1921,35.1383,34.9160,34.6825,34.9802,30.1059,35.0758,32.3942,34.3934

366.6510,34.9055,35.1953,35.2047,35.1359,34.9097,34.6888,34.9847,30.1198,35.0702,32.4043,34.3930

367.6500,34.9153,35.2152,35.2147,35.1599,34.9256,34.6977,35.0121,30.1146,35.0861,32.4061,34.4069

368.6500,34.9170,35.2250,35.2404,35.1674,34.9090,34.7115,35.0177,30.1149,35.0918,32.4132,34.4129

369.6500,34.9668,35.2551,35.2285,35.1723,34.9332,34.7394,35.0352,30.1466,35.1112,32.4430,34.4346

370.6500,34.9496,35.2542,35.2383,35.1746,34.9557,34.7291,35.0160,30.1279,35.1145,32.4285,34.4307

371.6500,34.9710,35.2521,35.2765,35.1759,34.9560,34.7548,35.0435,30.1169,35.1263,32.4359,34.4433

372.6500,34.9783,35.2625,35.2681,35.2078,34.9704,34.7593,35.0220,30.1158,35.1374,32.4376,34.4480

373.6500,34.9818,35.2754,35.2875,35.2155,34.9673,34.7698,35.0765,30.0968,35.1455,32.4333,34.4588

374.6500,34.9918,35.2556,35.2902,35.2041,34.9984,34.7615,35.0867,30.1035,35.1480,32.4325,34.4615

375.6500,34.9901,35.2878,35.3182,35.2078,34.9882,34.7823,35.0618,30.1140,35.1584,32.4482,34.4688

376.6500,35.0121,35.3009,35.3061,35.2392,34.9873,34.7847,35.0918,30.1211,35.1691,32.4529,34.4804

377.6500,35.0052,35.3010,35.3108,35.2397,35.0174,34.8157,35.1054,30.1208,35.1748,32.4682,34.4895

378.6500,35.0256,35.3253,35.3183,35.2603,35.0157,34.8159,35.1054,30.1139,35.1891,32.4649,34.4976

379.6500,35.0419,35.3280,35.3336,35.2816,35.0213,34.8275,35.1104,30.1143,35.2013,32.4709,34.5073

380.6500,35.0791,35.3333,35.3258,35.2819,35.0262,34.8180,35.1298,30.1160,35.2093,32.4670,34.5138

381.6510,35.0499,35.3531,35.3353,35.2745,35.0527,34.8472,35.1365,30.1186,35.2131,32.4829,34.5210

382.6500,35.0720,35.3698,35.3801,35.2926,35.0608,34.8643,35.1373,30.1183,35.2351,32.4913,34.5369

383.6500,35.0718,35.3681,35.3817,35.2867,35.0798,34.8710,35.1356,30.1063,35.2376,32.4887,34.5376

384.6500,35.1111,35.3969,35.3814,35.3070,35.0825,34.8495,35.1859,30.1293,35.2558,32.4894,34.5554

385.6500,35.1009,35.3860,35.3893,35.3177,35.0841,34.8904,35.1610,30.1252,35.2556,32.5078,34.5568

386.6510,35.1067,35.3779,35.4036,35.3320,35.1034,34.8830,35.1893,30.1141,35.2647,32.4985,34.5638

387.6500,35.1207,35.4056,35.4093,35.3368,35.0833,34.8868,35.1908,30.1113,35.2711,32.4990,34.5681

388.6500,35.1333,35.4153,35.4092,35.3386,35.1244,34.9007,35.1809,30.0962,35.2842,32.4985,34.5748

389.6500,35.1311,35.4382,35.4359,35.3484,35.1157,34.9252,35.2029,30.0860,35.2939,32.5056,34.5854

390.6500,35.1627,35.4167,35.4200,35.3527,35.1463,34.9198,35.2175,30.1215,35.2997,32.5207,34.5947

391.6500,35.1519,35.4229,35.4323,35.3710,35.1402,34.9226,35.2335,30.1214,35.3037,32.5220,34.5995

392.6500,35.1551,35.4333,35.4422,35.3622,35.1622,34.9375,35.2522,30.1031,35.3110,32.5203,34.6060

393.6510,35.1698,35.4394,35.4632,35.3669,35.1637,34.9381,35.2359,30.1220,35.3206,32.5301,34.6124

394.6500,35.1708,35.4680,35.4591,35.3819,35.1656,34.9640,35.2566,30.1230,35.3291,32.5435,34.6236

395.6500,35.1845,35.4582,35.4563,35.4147,35.1747,34.9721,35.2538,30.1246,35.3377,32.5483,34.6299

396.6500,35.2012,35.4592,35.4953,35.4181,35.1764,34.9832,35.2628,30.1099,35.3500,32.5465,34.6382

397.6500,35.2005,35.4942,35.4881,35.4222,35.1916,34.9993,35.2664,30.1120,35.3593,32.5557,34.6468

398.6500,35.2012,35.4837,35.4889,35.4154,35.1937,34.9958,35.2578,30.1249,35.3566,32.5603,34.6452

399.6510,35.2170,35.5193,35.5249,35.4201,35.2081,35.0247,35.2882,30.1079,35.3779,32.5663,34.6638

400.6500,35.2249,35.4971,35.5252,35.4363,35.2029,35.0087,35.3067,30.1144,35.3773,32.5615,34.6645

401.6500,35.2338,35.5390,35.5161,35.4525,35.2137,35.0139,35.3173,30.1295,35.3910,32.5717,34.6769

402.6510,35.2551,35.5434,35.5607,35.4630,35.2523,35.0146,35.3362,30.1293,35.4149,32.5720,34.6943

403.6500,35.2548,35.5336,35.5486,35.4466,35.2487,35.0429,35.3170,30.1191,35.4065,32.5810,34.6889

404.6510,35.2587,35.5626,35.5724,35.4555,35.2555,35.0253,35.3348,30.1146,35.4209,32.5699,34.6974

405.6500,35.2781,35.5454,35.5510,35.4930,35.2313,35.0531,35.3438,30.1293,35.4198,32.5912,34.7031

406.6510,35.2931,35.5642,35.5576,35.5202,35.2641,35.0662,35.3696,30.1355,35.4398,32.6008,34.7213

407.6500,35.2943,35.5632,35.5693,35.4907,35.2639,35.0744,35.3527,30.1235,35.4363,32.5989,34.7165

408.6500,35.3030,35.5780,35.5752,35.5144,35.2731,35.0995,35.3764,30.1196,35.4487,32.6095,34.7299

409.6500,35.2828,35.5874,35.5977,35.4939,35.3039,35.0830,35.3947,30.1242,35.4531,32.6036,34.7334

410.6500,35.3235,35.6008,35.5956,35.5278,35.3137,35.1134,35.3940,30.1190,35.4723,32.6162,34.7485

411.6510,35.3199,35.6098,35.6037,35.5397,35.3194,35.1028,35.3867,30.1107,35.4785,32.6067,34.7491

412.6500,35.3354,35.6135,35.6093,35.5517,35.3139,35.1253,35.4035,30.1060,35.4847,32.6157,34.7573

413.6510,35.3425,35.6258,35.6506,35.5468,35.3181,35.1198,35.4037,30.1305,35.4968,32.6251,34.7672

414.6510,35.3360,35.6299,35.6467,35.5546,35.3117,35.1400,35.4129,30.1194,35.4958,32.6297,34.7689

415.6500,35.3655,35.6453,35.6388,35.5508,35.3533,35.1372,35.4419,30.1048,35.5108,32.6210,34.7797

416.6500,35.3711,35.6413,35.6512,35.5997,35.3440,35.1419,35.4496,30.1264,35.5215,32.6342,34.7907

417.6500,35.3886,35.6744,35.6566,35.5729,35.3661,35.1668,35.4461,30.1242,35.5317,32.6455,34.7995

418.6500,35.3887,35.6749,35.6614,35.5954,35.3667,35.1636,35.4570,30.1074,35.5374,32.6355,34.8019

419.6510,35.4013,35.6758,35.6814,35.6085,35.3803,35.1641,35.4555,30.1196,35.5495,32.6419,34.8108

420.6500,35.4022,35.6874,35.6963,35.6097,35.3751,35.1969,35.4521,30.1243,35.5541,32.6606,34.8180

421.6500,35.4076,35.6881,35.7138,35.6076,35.3871,35.1980,35.4626,30.1269,35.5608,32.6625,34.8240

422.6500,35.4184,35.6959,35.6921,35.6332,35.3936,35.2074,35.4807,30.1274,35.5667,32.6674,34.8311

423.6500,35.4369,35.7168,35.7220,35.6144,35.3915,35.1992,35.4680,30.1041,35.5763,32.6517,34.8316

424.6500,35.4296,35.7146,35.7146,35.6182,35.4198,35.2289,35.5018,30.1236,35.5794,32.6763,34.8439

425.6500,35.4496,35.7214,35.7368,35.6475,35.4024,35.2279,35.5062,30.1221,35.5915,32.6750,34.8517

426.6500,35.4285,35.7289,35.7191,35.6587,35.4472,35.2381,35.5147,30.1154,35.5965,32.6767,34.8563

427.6500,35.4769,35.7338,35.7670,35.6595,35.4470,35.2346,35.5322,30.1387,35.6168,32.6866,34.8737

428.6500,35.4790,35.7361,35.7693,35.6529,35.4715,35.2348,35.5621,30.1122,35.6218,32.6735,34.8772

429.6510,35.4614,35.7505,35.7523,35.6728,35.4633,35.2565,35.5545,30.1090,35.6201,32.6828,34.8776

430.6500,35.4671,35.7718,35.7629,35.6834,35.4774,35.2538,35.5398,30.1106,35.6325,32.6822,34.8833

431.6500,35.4940,35.7795,35.7912,35.6869,35.4599,35.2672,35.5723,30.1310,35.6423,32.6991,34.8977

432.6500,35.5188,35.7686,35.7910,35.6956,35.4916,35.3143,35.5670,30.1253,35.6531,32.7198,34.9090

433.6500,35.5147,35.7898,35.8235,35.7150,35.4932,35.2972,35.5878,30.1321,35.6672,32.7146,34.9192

434.6500,35.5118,35.8006,35.8099,35.7150,35.5146,35.3153,35.6014,30.1051,35.6704,32.7102,34.9217

435.6500,35.5283,35.8206,35.8220,35.7257,35.5217,35.3178,35.5975,30.1137,35.6837,32.7158,34.9309

436.6500,35.5338,35.8214,35.8355,35.7242,35.5151,35.3332,35.6119,30.1108,35.6860,32.7220,34.9358

437.6500,35.5371,35.8189,35.8255,35.7478,35.5193,35.3327,35.6309,30.1287,35.6897,32.7307,34.9426

438.6500,35.5429,35.8393,35.8295,35.7612,35.5475,35.3263,35.6298,30.1345,35.7041,32.7304,34.9514

439.6500,35.5559,35.8475,35.8367,35.7699,35.5326,35.3408,35.6488,30.1190,35.7085,32.7299,34.9564

440.6500,35.5743,35.8606,35.8503,35.7736,35.5659,35.3395,35.6403,30.1144,35.7249,32.7270,34.9649

441.6510,35.5725,35.8593,35.8747,35.7831,35.5463,35.3466,35.6414,30.1412,35.7272,32.7439,34.9706

442.6500,35.5791,35.8734,35.8646,35.7930,35.5796,35.3448,35.6326,30.1296,35.7380,32.7372,34.9746

443.6500,35.5931,35.8774,35.8793,35.7876,35.5567,35.3700,35.6562,30.1164,35.7388,32.7432,34.9796

444.6500,35.6068,35.8816,35.8727,35.8133,35.5844,35.3926,35.6669,30.1236,35.7518,32.7581,34.9927

445.6500,35.5972,35.8869,35.8982,35.8154,35.5864,35.3933,35.6793,30.1176,35.7568,32.7555,34.9968

446.6500,35.6245,35.9049,35.9049,35.7894,35.5955,35.4117,35.6416,30.1230,35.7638,32.7674,34.9994

447.6510,35.6333,35.8952,35.9079,35.8265,35.5870,35.4284,35.6605,30.1356,35.7700,32.7820,35.0093

448.6500,35.6371,35.9352,35.9118,35.8347,35.6109,35.4163,35.6584,30.1032,35.7859,32.7598,35.0134

449.6500,35.6405,35.9255,35.9293,35.8381,35.6335,35.4422,35.6782,30.1231,35.7934,32.7827,35.0263

450.6510,35.6404,35.9151,35.9450,35.8244,35.6193,35.4341,35.6897,30.1375,35.7889,32.7858,35.0257

451.6510,35.6548,35.9258,35.9487,35.8440,35.6608,35.4401,35.6826,30.1017,35.8068,32.7709,35.0323

452.6510,35.6837,35.9455,35.9380,35.8543,35.6253,35.4485,35.7173,30.1303,35.8093,32.7894,35.0429

453.6500,35.6765,35.9375,35.9566,35.8744,35.6447,35.4871,35.7308,30.1268,35.8179,32.8070,35.0543

454.6500,35.6982,35.9518,35.9658,35.8653,35.6313,35.4751,35.7381,30.1063,35.8225,32.7907,35.0540

455.6510,35.6991,35.9661,35.9417,35.8758,35.6453,35.4984,35.7430,30.1124,35.8256,32.8054,35.0602

456.6500,35.6796,35.9709,35.9821,35.8853,35.6595,35.4949,35.7605,30.1375,35.8355,32.8162,35.0713

457.6500,35.7004,35.9974,35.9881,35.9245,35.6873,35.4918,35.7856,30.1264,35.8595,32.8091,35.0877

458.6500,35.7193,36.0013,35.9910,35.9064,35.7067,35.4925,35.7614,30.1351,35.8649,32.8138,35.0892

459.6500,35.7078,36.0048,36.0137,35.8856,35.6961,35.5207,35.7977,30.1296,35.8616,32.8251,35.0945

460.6500,35.7131,35.9816,36.0111,35.9330,35.7099,35.5055,35.7890,30.1223,35.8697,32.8139,35.0957

461.6500,35.7373,36.0137,36.0100,35.9492,35.6943,35.5353,35.8080,30.1452,35.8809,32.8402,35.1116

462.6500,35.7444,36.0299,36.0247,35.9214,35.7206,35.5190,35.7961,30.1279,35.8882,32.8234,35.1105

463.6500,35.7500,36.0424,36.0363,35.9381,35.7379,35.5288,35.8105,30.1444,35.9009,32.8366,35.1235

464.6500,35.7438,36.0238,36.0439,35.9429,35.7326,35.5460,35.8279,30.1160,35.8974,32.8310,35.1221

465.6500,35.7404,36.0365,36.0678,35.9486,35.7353,35.5571,35.8182,30.1446,35.9057,32.8508,35.1311

466.6510,35.7637,36.0592,36.0569,35.9624,35.7427,35.5617,35.8385,30.1215,35.9170,32.8416,35.1383

467.6500,35.7602,36.0418,36.0745,35.9535,35.7480,35.5754,35.8492,30.1357,35.9156,32.8556,35.1423

468.6500,35.7834,36.0615,36.0722,35.9825,35.7665,35.5813,35.8389,30.1435,35.9332,32.8624,35.1537

469.6500,35.7860,36.0778,36.0965,35.9829,35.7846,35.5732,35.8464,30.1387,35.9456,32.8560,35.1608

470.6500,35.8131,36.0967,36.0869,36.0121,35.7743,35.5779,35.8676,30.1311,35.9566,32.8545,35.1700

471.6500,35.8110,36.0997,36.0903,36.0048,35.8025,35.5930,35.8734,30.1360,35.9616,32.8645,35.1763

472.6500,35.8147,36.0962,36.1154,35.9901,35.8287,35.5958,35.8924,30.1073,35.9690,32.8516,35.1801

473.6500,35.8171,36.1264,36.1086,36.0282,35.8171,35.6001,35.8959,30.1234,35.9795,32.8618,35.1896

474.6500,35.8517,36.1178,36.1145,36.0257,35.8030,35.6127,35.9130,30.1426,35.9825,32.8777,35.1976

475.6500,35.8358,36.1165,36.1408,36.0445,35.8283,35.6305,35.9108,30.1097,35.9932,32.8701,35.2021

476.6500,35.8447,36.1349,36.1260,36.0493,35.8507,35.6398,35.9189,30.1342,36.0011,32.8870,35.2123

477.6500,35.8301,36.1402,36.1481,36.0420,35.8273,35.6557,35.9396,30.1308,35.9975,32.8932,35.2142

478.6500,35.8980,36.1501,36.1323,36.0589,35.8409,35.6562,35.9304,30.1474,36.0161,32.9018,35.2268

479.6500,35.8812,36.1562,36.1586,36.0510,35.8396,35.6726,35.9412,30.1197,36.0173,32.8962,35.2275

480.6500,35.9022,36.1530,36.1717,36.0684,35.8928,35.6735,35.9249,30.1158,36.0376,32.8947,35.2378

481.6500,35.9224,36.1579,36.1766,36.0840,35.8845,35.6970,35.9456,30.1296,36.0451,32.9133,35.2497

482.6500,35.8893,36.2020,36.1637,36.1006,35.8842,35.7056,35.9547,30.1184,36.0480,32.9120,35.2523

483.6500,35.9007,36.1973,36.1921,36.0883,35.8787,35.6804,35.9701,30.1519,36.0514,32.9162,35.2574

484.6510,35.9303,36.1946,36.2072,36.0988,35.8681,35.7035,35.9651,30.1164,36.0598,32.9100,35.2605

485.6500,35.9095,36.2194,36.2101,36.1175,35.9058,35.7262,35.9670,30.1186,36.0725,32.9224,35.2718

486.6500,35.9345,36.1991,36.1940,36.1047,35.9167,35.7423,35.9892,30.1121,36.0698,32.9272,35.2741

487.6510,35.9397,36.2039,36.2039,36.1034,35.9322,35.7344,36.0033,30.1338,36.0766,32.9341,35.2818

488.6500,35.9434,36.2132,36.2426,36.1169,35.9275,35.7368,36.0136,30.1230,36.0887,32.9299,35.2896

489.6510,35.9665,36.2234,36.2206,36.1440,35.9296,35.7332,36.0383,30.1265,36.0968,32.9299,35.2978

490.6500,35.9521,36.2271,36.2444,36.1285,35.9470,35.7515,36.0359,30.1233,36.0998,32.9374,35.3012

491.6500,35.9649,36.2328,36.2394,36.1445,35.9200,35.7620,36.0187,30.1145,36.1003,32.9382,35.2996

492.6500,35.9783,36.2529,36.2427,36.1599,35.9344,35.7777,36.0243,30.1050,36.1136,32.9414,35.3094

493.6500,35.9878,36.2677,36.2509,36.1392,35.9579,35.7643,36.0284,30.1254,36.1207,32.9448,35.3152

494.6500,35.9892,36.2782,36.2684,36.1716,35.9644,35.7886,36.0384,30.1126,36.1344,32.9506,35.3264

495.6500,35.9901,36.2810,36.2848,36.1726,35.9626,35.7886,36.0520,30.1319,36.1382,32.9603,35.3330

496.6500,35.9982,36.2923,36.2708,36.1707,35.9865,35.8088,36.0506,30.1132,36.1437,32.9610,35.3364

497.6510,36.0067,36.2906,36.2896,36.1891,35.9884,35.7893,36.0592,30.1274,36.1529,32.9583,35.3425

498.6510,36.0202,36.3266,36.2991,36.1752,35.9931,35.8313,36.0770,30.1405,36.1628,32.9859,35.3579

499.6500,36.0354,36.3021,36.2914,36.1941,36.0022,35.8311,36.0759,30.1252,36.1651,32.9782,35.3572

500.6500,36.0134,36.3120,36.3130,36.2111,36.0013,35.8348,36.0839,30.0890,36.1702,32.9619,35.3573

501.6500,36.0354,36.3367,36.3049,36.2320,36.0027,35.8399,36.0913,30.1351,36.1823,32.9875,35.3722

502.6500,36.0435,36.3410,36.3317,36.2354,36.0131,35.8541,36.1040,30.1446,36.1929,32.9994,35.3834

503.6500,36.0549,36.3607,36.3401,36.2214,36.0511,35.8552,36.1162,30.1298,36.2056,32.9925,35.3912

504.6500,36.0771,36.3452,36.3564,36.2326,36.0458,35.8504,36.1498,30.1131,36.2114,32.9817,35.3963

505.6500,36.0678,36.3509,36.3593,36.2574,36.0397,35.8532,36.1461,30.1291,36.2150,32.9911,35.4004

506.6500,36.0804,36.3584,36.3468,36.2533,36.0402,35.8630,36.1537,30.1234,36.2158,32.9932,35.4024

507.6500,36.0818,36.3695,36.3639,36.2662,36.0701,35.8658,36.1587,30.1037,36.2303,32.9848,35.4100

508.6500,36.0978,36.3859,36.3743,36.2682,36.0885,35.8804,36.1822,30.1133,36.2429,32.9969,35.4238

509.6500,36.1112,36.4002,36.3777,36.2847,36.0701,35.8859,36.1581,30.1121,36.2488,32.9990,35.4250

510.6500,36.0816,36.3841,36.3804,36.2813,36.0512,35.9170,36.1733,30.1223,36.2357,33.0197,35.4239

511.6500,36.1054,36.4095,36.3978,36.2847,36.0904,35.9095,36.1585,30.1429,36.2575,33.0262,35.4373

512.6500,36.1282,36.4020,36.4034,36.3081,36.0885,35.9155,36.1636,30.1264,36.2661,33.0210,35.4420

513.6500,36.1273,36.4093,36.4102,36.3018,36.0997,35.9286,36.1887,30.1358,36.2697,33.0322,35.4502

514.6510,36.1430,36.4104,36.4137,36.3207,36.1098,35.9336,36.1879,30.1324,36.2795,33.0330,35.4564

515.6500,36.1411,36.4399,36.4198,36.3193,36.1322,35.9401,36.1954,30.1196,36.2905,33.0298,35.4634

516.6500,36.1654,36.4470,36.4391,36.3208,36.1210,35.9429,36.2068,30.1041,36.2986,33.0235,35.4684

517.6500,36.1296,36.4276,36.4350,36.3346,36.1338,35.9627,36.1915,30.1268,36.2921,33.0448,35.4677

518.6500,36.1447,36.4293,36.4648,36.3456,36.1269,35.9680,36.2091,30.1166,36.3023,33.0423,35.4756

519.6500,36.1740,36.4553,36.4614,36.3702,36.1352,35.9870,36.2562,30.1240,36.3192,33.0555,35.4954

520.6500,36.1900,36.4791,36.4805,36.3558,36.1250,35.9787,36.2506,30.1175,36.3261,33.0481,35.4971

521.6500,36.1844,36.4672,36.4784,36.3616,36.1526,35.9881,36.2676,30.1449,36.3288,33.0665,35.5056

522.6500,36.1710,36.4908,36.4767,36.3417,36.1654,36.0027,36.2529,30.1144,36.3291,33.0585,35.5019

523.6500,36.1958,36.4978,36.4959,36.3922,36.1729,36.0186,36.2786,30.1375,36.3509,33.0780,35.5236

524.6500,36.2046,36.4989,36.4915,36.3784,36.1588,36.0218,36.2751,30.1224,36.3464,33.0721,35.5189

525.6500,36.2315,36.4915,36.5218,36.3994,36.1712,36.0333,36.2774,30.1222,36.3631,33.0777,35.5310

526.6500,36.2408,36.5096,36.5175,36.4030,36.1815,36.0333,36.2941,30.1377,36.3705,33.0855,35.5397

527.6500,36.2403,36.5165,36.5277,36.4104,36.1987,36.0604,36.3053,30.1400,36.3787,33.1002,35.5499

528.6500,36.2319,36.5181,36.5209,36.4255,36.1954,36.0603,36.2825,30.1235,36.3784,33.0919,35.5448

529.6500,36.2499,36.5374,36.5360,36.4131,36.2097,36.0456,36.3023,30.1134,36.3892,33.0795,35.5509

530.6500,36.2549,36.5577,36.5362,36.4193,36.2255,36.0731,36.2903,30.1241,36.3987,33.0986,35.5601

531.6500,36.2581,36.5320,36.5469,36.4437,36.2333,36.0702,36.3086,30.1301,36.4028,33.1001,35.5654

532.6500,36.2668,36.5387,36.5564,36.4237,36.2355,36.0765,36.3148,30.1200,36.4042,33.0983,35.5666

533.6500,36.2829,36.5476,36.5499,36.4518,36.2436,36.0884,36.3162,30.1071,36.4151,33.0977,35.5734

534.6500,36.2866,36.5745,36.5562,36.4450,36.2632,36.0641,36.3511,30.1216,36.4251,33.0929,35.5828

535.6500,36.3015,36.5833,36.5721,36.4543,36.2505,36.1117,36.3534,30.1422,36.4323,33.1270,35.5961

536.6500,36.2792,36.5885,36.5441,36.4726,36.2525,36.1062,36.3614,30.1372,36.4274,33.1217,35.5927

537.6500,36.2855,36.5931,36.5889,36.4772,36.2878,36.1065,36.3571,30.1262,36.4465,33.1163,35.6028

538.6500,36.2923,36.5957,36.6069,36.5008,36.2914,36.1142,36.3452,30.1288,36.4574,33.1215,35.6094

539.6500,36.3237,36.6056,36.6080,36.4799,36.2849,36.1405,36.3864,30.1280,36.4604,33.1342,35.6196

540.6500,36.3109,36.6013,36.6036,36.4975,36.3179,36.1426,36.4059,30.1202,36.4663,33.1314,35.6250

541.6500,36.3141,36.6134,36.6116,36.5060,36.2875,36.1313,36.4148,30.1281,36.4665,33.1297,35.6259

542.6500,36.3247,36.6097,36.6256,36.5022,36.2887,36.1424,36.3943,30.1280,36.4702,33.1352,35.6270

543.6500,36.3230,36.6128,36.6292,36.5063,36.3179,36.1543,36.3852,30.1192,36.4778,33.1368,35.6310

544.6510,36.3497,36.6386,36.6152,36.5068,36.3193,36.1580,36.4105,30.1202,36.4859,33.1391,35.6398

545.6500,36.3730,36.6473,36.6347,36.5057,36.3571,36.1762,36.4094,30.0966,36.5035,33.1364,35.6500

546.6500,36.3603,36.6464,36.6510,36.5249,36.3603,36.1752,36.4253,30.1290,36.5086,33.1521,35.6591

547.6500,36.3722,36.6558,36.6698,36.5362,36.3648,36.1970,36.4189,30.1166,36.5197,33.1568,35.6664

548.6500,36.3751,36.6600,36.6632,36.5408,36.3621,36.1886,36.4329,30.1359,36.5202,33.1623,35.6698

549.6500,36.3801,36.6651,36.6735,36.5609,36.3637,36.1851,36.4389,30.1193,36.5286,33.1522,35.6733

550.6500,36.3699,36.6693,36.6655,36.5510,36.3840,36.1947,36.4244,30.1227,36.5279,33.1587,35.6727

551.6500,36.3846,36.6832,36.6683,36.5519,36.3627,36.2239,36.4529,30.1112,36.5301,33.1675,35.6798

552.6500,36.4115,36.6629,36.6722,36.5704,36.3732,36.2442,36.4465,30.1217,36.5380,33.1830,35.6878

553.6500,36.4031,36.6994,36.6933,36.5695,36.3970,36.2241,36.4489,30.1293,36.5524,33.1767,35.6956

554.6510,36.4154,36.7069,36.7008,36.5896,36.3785,36.2434,36.4761,30.1299,36.5582,33.1867,35.7051

555.6500,36.4330,36.7298,36.7162,36.5868,36.3844,36.2488,36.4774,30.1137,36.5700,33.1813,35.7113

556.6510,36.4152,36.7264,36.6983,36.5913,36.3974,36.2320,36.4871,30.0940,36.5657,33.1630,35.7052

557.6500,36.4504,36.7244,36.7113,36.5945,36.4256,36.2433,36.5025,30.1063,36.5812,33.1748,35.7198

558.6500,36.4682,36.7358,36.7186,36.5966,36.4242,36.2691,36.5027,30.1157,36.5887,33.1924,35.7289

559.6500,36.4515,36.7231,36.7305,36.6156,36.4346,36.2439,36.4843,30.1253,36.5911,33.1846,35.7261

560.6500,36.4527,36.7449,36.7580,36.6575,36.4298,36.2485,36.5112,30.1120,36.6086,33.1802,35.7393

561.6500,36.4594,36.7417,36.7337,36.6239,36.4173,36.2565,36.5090,30.1158,36.5952,33.1862,35.7322

562.6500,36.4711,36.7523,36.7537,36.6275,36.4412,36.2837,36.5341,30.1173,36.6092,33.2005,35.7476

563.6500,36.4780,36.7661,36.7727,36.6620,36.4528,36.3009,36.5358,30.1309,36.6263,33.2159,35.7624

564.6500,36.4844,36.7714,36.7695,36.6387,36.4639,36.2952,36.5392,30.1025,36.6256,33.1988,35.7581

565.6500,36.4894,36.7512,36.7731,36.6475,36.4599,36.3123,36.5531,30.1051,36.6242,33.2087,35.7614

566.6500,36.5083,36.7734,36.7827,36.6654,36.4583,36.3008,36.5528,30.1335,36.6376,33.2171,35.7719

567.6510,36.4959,36.7829,36.7960,36.6689,36.4744,36.3113,36.5437,30.1375,36.6436,33.2244,35.7763

568.6500,36.4885,36.8168,36.7999,36.6691,36.4838,36.3118,36.5771,30.1211,36.6516,33.2165,35.7835

569.6500,36.5298,36.7968,36.8071,36.6805,36.5027,36.3106,36.5725,30.1222,36.6634,33.2164,35.7903

570.6510,36.5510,36.8198,36.8310,36.6969,36.4865,36.3168,36.5647,30.1036,36.6770,33.2102,35.7963

571.6500,36.5298,36.8150,36.8113,36.6861,36.5088,36.3368,36.5772,30.1129,36.6702,33.2248,35.7972

572.6500,36.5461,36.8489,36.8209,36.6924,36.5134,36.3409,36.5779,30.1208,36.6843,33.2309,35.8077

573.6500,36.5225,36.8223,36.8363,36.6929,36.5267,36.3435,36.5817,30.1239,36.6801,33.2337,35.8062

574.6500,36.5427,36.8224,36.8416,36.7023,36.5254,36.3535,36.5935,30.1198,36.6869,33.2366,35.8127

575.6500,36.5736,36.8344,36.8241,36.7036,36.5437,36.3787,36.6003,30.1273,36.6959,33.2530,35.8232

576.6500,36.5760,36.8369,36.8397,36.7318,36.5508,36.3755,36.6075,30.1288,36.7070,33.2522,35.8309

577.6500,36.5729,36.8567,36.8451,36.7493,36.5322,36.3808,36.6189,30.1073,36.7112,33.2441,35.8329

578.6500,36.5983,36.8742,36.8541,36.7565,36.5651,36.3959,36.6345,30.1155,36.7296,33.2557,35.8493

579.6500,36.6146,36.8588,36.8756,36.7611,36.5492,36.4010,36.6350,30.1154,36.7319,33.2582,35.8513

580.6500,36.6111,36.8755,36.8587,36.7489,36.5793,36.4003,36.6550,30.1340,36.7347,33.2671,35.8578

581.6500,36.6162,36.8844,36.8699,36.7639,36.5550,36.3784,36.6373,30.1322,36.7379,33.2553,35.8547

582.6500,36.6202,36.8946,36.8922,36.7567,36.5744,36.4370,36.6600,30.1183,36.7476,33.2776,35.8692

583.6500,36.6136,36.9092,36.8999,36.7723,36.5585,36.4197,36.7088,30.1408,36.7507,33.2803,35.8779

584.6500,36.6453,36.9126,36.9084,36.7911,36.5747,36.4299,36.6804,30.1242,36.7664,33.2771,35.8833

585.6500,36.6234,36.9153,36.9026,36.7779,36.5921,36.4407,36.6765,30.1050,36.7622,33.2728,35.8792

586.6500,36.6373,36.9255,36.9306,36.7643,36.5995,36.4322,36.6825,30.1345,36.7714,33.2834,35.8883

587.6500,36.6489,36.9212,36.9198,36.7997,36.6120,36.4255,36.6825,30.1293,36.7803,33.2774,35.8924

588.6500,36.6599,36.9275,36.9285,36.7934,36.6155,36.4318,36.7093,30.1201,36.7849,33.2760,35.8982

589.6500,36.6608,36.9343,36.9338,36.8143,36.6150,36.4430,36.7175,30.1182,36.7916,33.2806,35.9046

590.6500,36.6817,36.9490,36.9434,36.8449,36.6242,36.4574,36.7220,30.1303,36.8087,33.2939,35.9191

591.6510,36.6727,36.9519,36.9519,36.8043,36.6237,36.4910,36.7146,30.1335,36.8009,33.3122,35.9179

592.6500,36.7142,36.9361,36.9393,36.8188,36.6165,36.4969,36.7408,30.1259,36.8050,33.3114,35.9236

593.6500,36.6825,36.9591,36.9601,36.8498,36.6535,36.5054,36.7391,30.1020,36.8210,33.3037,35.9314

594.6510,36.7119,36.9537,36.9612,36.8402,36.6479,36.4699,36.7533,30.1349,36.8230,33.3024,35.9341

595.6500,36.7044,36.9719,36.9616,36.8519,36.6600,36.4964,36.7505,30.1357,36.8300,33.3161,35.9415

596.6500,36.7112,36.9777,36.9669,36.8525,36.6663,36.5089,36.7586,30.0960,36.8349,33.3024,35.9423

597.6500,36.7198,37.0019,36.9856,36.8487,36.6665,36.5371,36.7795,30.1117,36.8445,33.3244,35.9563

598.6500,36.7124,36.9940,36.9851,36.8660,36.6731,36.4914,36.7660,30.1227,36.8461,33.3070,35.9513

599.6500,36.7307,37.0114,37.0021,36.8848,36.6709,36.5003,36.7666,30.1166,36.8600,33.3085,35.9604

600.6500,36.7250,37.0102,37.0153,36.9014,36.6825,36.5241,36.7682,30.1067,36.8669,33.3154,35.9667

601.6500,36.7311,37.0243,37.0130,36.8897,36.6900,36.5222,36.7799,30.1076,36.8696,33.3149,35.9697

602.6500,36.7595,37.0116,37.0247,36.8883,36.7090,36.5310,36.7762,30.1033,36.8786,33.3172,35.9755

603.6510,36.7423,37.0012,37.0092,36.8840,36.6984,36.5629,36.7859,30.1283,36.8670,33.3456,35.9765

604.6500,36.7430,37.0192,37.0304,36.8931,36.7019,36.5477,36.7997,30.1158,36.8775,33.3318,35.9813

605.6510,36.7585,37.0429,37.0387,36.9088,36.7398,36.5651,36.7981,30.1216,36.8977,33.3433,35.9967

606.6500,36.7491,37.0144,37.0494,36.9224,36.7449,36.5459,36.8023,30.1027,36.8960,33.3243,35.9914

607.6500,36.7569,37.0540,37.0484,36.9317,36.7597,36.5686,36.8195,30.1063,36.9101,33.3374,36.0056

608.6500,36.7716,37.0640,37.0556,36.9594,36.7506,36.5599,36.8248,30.0976,36.9202,33.3288,36.0104

609.6500,36.7738,37.0862,37.0671,36.9251,36.7430,36.5739,36.8139,30.1187,36.9190,33.3463,36.0127

610.6500,36.7764,37.0846,37.0701,36.9342,36.7591,36.6045,36.8408,30.1278,36.9249,33.3661,36.0247

611.6500,36.7846,37.0784,37.0625,36.9275,36.7701,36.5968,36.8547,30.1384,36.9246,33.3676,36.0266

612.6500,36.7868,37.0763,37.0931,36.9735,36.7789,36.6126,36.8596,30.1186,36.9417,33.3656,36.0374

613.6500,36.8039,37.1028,37.0982,36.9552,36.7721,36.6133,36.8450,30.1296,36.9464,33.3714,36.0400

614.6500,36.7993,37.1081,37.0703,36.9596,36.7704,36.6157,36.8592,30.1161,36.9415,33.3659,36.0373

615.6500,36.8101,37.1173,37.0814,36.9711,36.7971,36.6438,36.8782,30.1021,36.9554,33.3729,36.0501

616.6500,36.8360,37.1215,37.1099,36.9702,36.7842,36.6515,36.8716,30.1168,36.9644,33.3841,36.0577

617.6500,36.8214,37.1100,37.1128,36.9796,36.8261,36.6430,36.8703,30.1059,36.9700,33.3744,36.0586

618.6500,36.8181,37.1352,37.0936,36.9768,36.8027,36.6434,36.8792,30.1106,36.9653,33.3770,36.0574

619.6500,36.8422,37.1117,37.1215,37.0225,36.8067,36.6674,36.8753,30.1240,36.9809,33.3957,36.0714

620.6500,36.8451,37.1385,37.1338,37.0152,36.8180,36.6666,36.8942,30.1170,36.9901,33.3918,36.0785

621.6500,36.8635,37.1505,37.1276,37.0048,36.8256,36.6649,36.9085,30.1341,36.9944,33.3995,36.0849

622.6500,36.8640,37.1678,37.1379,37.0006,36.8444,36.6850,36.9240,30.1182,37.0029,33.4016,36.0927

623.6500,36.8573,37.1762,37.1561,37.0099,36.8591,36.6802,36.9221,30.1199,37.0117,33.4000,36.0976

624.6510,36.8839,37.1528,37.1598,37.0393,36.8629,36.6994,36.9001,30.1054,37.0197,33.4024,36.1004

625.6500,36.8983,37.1762,37.1683,37.0347,36.8399,36.7133,36.9273,30.1048,37.0235,33.4090,36.1079

626.6510,36.8865,37.1666,37.1647,37.0517,36.8757,36.7267,36.9064,30.1112,37.0290,33.4189,36.1112

627.6500,36.8897,37.1909,37.1745,37.0573,36.8757,36.7136,36.9134,30.1238,37.0376,33.4187,36.1174

628.6500,36.9022,37.1901,37.1816,37.0588,36.8844,36.7050,36.9229,30.1228,37.0434,33.4139,36.1210

629.6500,36.9025,37.1994,37.1714,37.0626,36.8581,36.7250,36.9490,30.1311,37.0388,33.4280,36.1249

630.6500,36.9076,37.2089,37.1827,37.0650,36.8885,36.7343,36.9422,30.1273,37.0506,33.4308,36.1321

631.6500,36.9371,37.2064,37.1933,37.0737,36.8983,36.7245,36.9443,30.1080,37.0617,33.4163,36.1357

632.6500,36.9316,37.2326,37.1944,37.0785,36.8984,36.7540,36.9524,30.1321,37.0671,33.4431,36.1468

633.6500,36.9235,37.2211,37.1949,37.0851,36.9062,36.7455,36.9553,30.1339,37.0662,33.4397,36.1457

634.6500,36.9550,37.2402,37.2295,37.0969,36.9036,36.7588,36.9628,30.1270,37.0850,33.4429,36.1592

635.6500,36.9367,37.2301,37.2156,37.1101,36.9330,36.7685,36.9587,30.1321,37.0851,33.4503,36.1606

636.6500,36.9605,37.2694,37.2311,37.1125,36.8997,36.7591,36.9812,30.1198,37.0946,33.4395,36.1667

637.6500,36.9455,37.2348,37.2535,37.1050,36.9255,36.7708,37.0069,30.1288,37.0929,33.4498,36.1714

638.6500,36.9815,37.2524,37.2379,37.1137,36.9478,36.7727,37.0133,30.1001,37.1067,33.4364,36.1774

639.6500,36.9632,37.2387,37.2700,37.1164,36.9333,36.7730,36.9875,30.1221,37.1043,33.4476,36.1755

640.6500,36.9646,37.2673,37.2505,37.1221,36.9422,36.7978,36.9824,30.1423,37.1094,33.4701,36.1837

641.6500,36.9768,37.2683,37.2552,37.1249,36.9240,36.7960,37.0081,30.1344,37.1098,33.4652,36.1860

642.6500,36.9730,37.2666,37.2774,37.1419,36.9548,36.8034,37.0205,30.1259,37.1227,33.4647,36.1954

643.6500,36.9807,37.2934,37.2640,37.1416,36.9531,36.8069,37.0122,30.1275,37.1265,33.4672,36.1974

644.6500,37.0159,37.3106,37.3022,37.1261,36.9683,36.8323,37.0411,30.1216,37.1446,33.4770,36.2148

645.6500,36.9918,37.2887,37.2883,37.1482,36.9648,36.8139,37.0435,30.1326,37.1364,33.4732,36.2090

646.6500,36.9994,37.2952,37.2807,37.1504,36.9905,36.8191,37.0434,30.1266,37.1432,33.4728,36.2132

647.6500,37.0166,37.3015,37.2954,37.1567,36.9835,36.8424,37.0474,30.1561,37.1507,33.4993,36.2249

648.6500,37.0310,37.3238,37.3126,37.1748,36.9909,36.8456,37.0786,30.1443,37.1666,33.4949,36.2377

649.6500,37.0257,37.3235,37.3179,37.1895,36.9926,36.8655,37.0919,30.1272,37.1699,33.4964,36.2417

650.6500,37.0519,37.3412,37.3127,37.1838,37.0047,36.8613,37.0885,30.1319,37.1789,33.4966,36.2470

651.6500,37.0442,37.3433,37.3433,37.1840,37.0147,36.8816,37.0710,30.1030,37.1859,33.4923,36.2481

652.6500,37.0395,37.3327,37.3238,37.1837,37.0036,36.8947,37.0851,30.1345,37.1766,33.5146,36.2497

653.6500,37.0654,37.3345,37.3392,37.1972,37.0159,36.8655,37.1230,30.1451,37.1905,33.5053,36.2607

654.6510,37.0693,37.3518,37.3228,37.2117,37.0179,36.8750,37.1033,30.1438,37.1947,33.5094,36.2619

655.6510,37.0813,37.3521,37.3292,37.2312,37.0369,36.8912,37.1158,30.1249,37.2061,33.5080,36.2703

656.6500,37.0780,37.3636,37.3556,37.2221,37.0420,36.9178,37.1319,30.1121,37.2122,33.5149,36.2779

657.6500,37.0563,37.3662,37.3513,37.2257,37.0306,36.9199,37.1295,30.1114,37.2060,33.5157,36.2738

658.6500,37.0916,37.3889,37.3436,37.2353,37.0528,36.8978,37.1195,30.1183,37.2224,33.5080,36.2810

659.6500,37.1027,37.3886,37.3816,37.2546,37.0410,36.9233,37.1397,30.0951,37.2337,33.5092,36.2908

660.6500,37.1034,37.4126,37.3766,37.2491,37.0469,36.9311,37.1431,30.1231,37.2377,33.5271,36.2982

661.6500,37.1123,37.3988,37.3960,37.2554,37.0525,36.9264,37.1405,30.1053,37.2430,33.5159,36.2984

662.6500,37.0864,37.3868,37.3962,37.2608,37.0607,36.9332,37.1515,30.1154,37.2382,33.5243,36.2989

663.6500,37.1281,37.4185,37.4059,37.2677,37.0902,36.9230,37.1687,30.1301,37.2621,33.5266,36.3165

664.6500,37.1391,37.4131,37.4210,37.2632,37.0784,36.9275,37.1889,30.1215,37.2629,33.5245,36.3191

665.6500,37.1627,37.4258,37.4062,37.2521,37.0875,36.9366,37.1811,30.1414,37.2669,33.5390,36.3242

666.6500,37.1259,37.4323,37.4183,37.2726,37.0923,36.9166,37.1857,30.1326,37.2682,33.5246,36.3220

667.6500,37.1488,37.4152,37.4246,37.2896,37.0848,36.9465,37.2023,30.1326,37.2726,33.5395,36.3305

668.6500,37.1587,37.4280,37.4069,37.2953,37.1204,36.9560,37.1940,30.1205,37.2819,33.5382,36.3350

669.6500,37.1618,37.4379,37.4215,37.3085,37.1006,36.9727,37.2063,30.1138,37.2861,33.5432,36.3404

670.6500,37.1739,37.4422,37.4338,37.2933,37.1155,36.9768,37.1966,30.1307,37.2918,33.5537,36.3454

671.6510,37.1556,37.4652,37.4237,37.2920,37.1449,36.9800,37.2140,30.1235,37.2963,33.5517,36.3498

672.6500,37.1764,37.4529,37.4328,37.3137,37.1227,36.9887,37.2250,30.1299,37.2997,33.5593,36.3553

673.6500,37.1769,37.4341,37.4546,37.3145,37.1376,36.9905,37.2295,30.1190,37.3035,33.5548,36.3571

674.6510,37.1894,37.4685,37.4709,37.3289,37.1464,37.0161,37.2299,30.1434,37.3208,33.5798,36.3742

675.6500,37.1769,37.4915,37.4690,37.3406,37.1307,36.9892,37.2267,30.1196,37.3217,33.5544,36.3680

676.6500,37.1828,37.4798,37.4850,37.3467,37.1324,36.9964,37.2347,30.1288,37.3253,33.5626,36.3733

677.6500,37.2085,37.4815,37.4684,37.3349,37.1754,37.0128,37.2406,30.1420,37.3337,33.5774,36.3830

678.6500,37.1973,37.4912,37.4809,37.3539,37.1590,37.0077,37.2409,30.1293,37.3365,33.5685,36.3825

679.6500,37.1984,37.5054,37.4844,37.3200,37.1667,37.0284,37.2560,30.1558,37.3350,33.5921,36.3894

680.6500,37.2117,37.4935,37.5177,37.3548,37.1878,37.0211,37.2665,30.1254,37.3531,33.5733,36.3973

681.6500,37.2198,37.5154,37.5033,37.3693,37.1699,37.0615,37.2623,30.1073,37.3555,33.5844,36.4011

682.6500,37.2477,37.5110,37.5245,37.3704,37.1777,37.0394,37.2686,30.1189,37.3662,33.5792,36.4073

683.6500,37.2572,37.5095,37.5361,37.3611,37.2007,37.0363,37.2742,30.1468,37.3729,33.5915,36.4152

684.6500,37.2781,37.5382,37.5191,37.3832,37.2090,37.0624,37.2921,30.1129,37.3855,33.5876,36.4244

685.6500,37.2731,37.5432,37.5310,37.3849,37.1876,37.0666,37.2840,30.1284,37.3840,33.5975,36.4249

686.6500,37.2444,37.5416,37.5351,37.3918,37.2159,37.0697,37.3124,30.1287,37.3858,33.5992,36.4299

687.6510,37.2660,37.5354,37.5363,37.3902,37.2249,37.0666,37.2781,30.1246,37.3905,33.5956,36.4277

688.6500,37.2677,37.5596,37.5535,37.4218,37.2122,37.0833,37.3224,30.1494,37.4030,33.6163,36.4462

689.6500,37.2586,37.5549,37.5399,37.4045,37.2263,37.0956,37.3051,30.1279,37.3968,33.6118,36.4391

690.6510,37.2742,37.5736,37.5437,37.4237,37.2191,37.0963,37.3126,30.1301,37.4069,33.6132,36.4467

691.6500,37.2726,37.5742,37.5509,37.4183,37.2380,37.0928,37.3062,30.1261,37.4108,33.6094,36.4474

692.6500,37.2904,37.5781,37.5762,37.4067,37.2446,37.0951,37.3185,30.1350,37.4192,33.6151,36.4556

693.6500,37.2876,37.5861,37.5548,37.4292,37.2530,37.0947,37.3363,30.1407,37.4221,33.6177,36.4603

694.6500,37.2781,37.6031,37.5630,37.4327,37.2594,37.1062,37.3463,30.1396,37.4273,33.6229,36.4661

695.6500,37.3208,37.5990,37.6013,37.4421,37.2708,37.1218,37.3394,30.1139,37.4468,33.6179,36.4762

696.6500,37.3099,37.6058,37.5862,37.4433,37.2595,37.1292,37.3546,30.1364,37.4410,33.6328,36.4781

697.6500,37.3209,37.6078,37.5751,37.4341,37.2606,37.1369,37.3524,30.1202,37.4397,33.6285,36.4760

698.6500,37.3340,37.6071,37.5907,37.4708,37.2719,37.1313,37.3601,30.1174,37.4549,33.6244,36.4854

699.6500,37.3358,37.6221,37.5871,37.4639,37.2685,37.1228,37.3822,30.1074,37.4555,33.6151,36.4862

700.6510,37.3565,37.6203,37.6105,37.4592,37.3028,37.1534,37.3752,30.1034,37.4699,33.6284,36.4977

701.6500,37.3218,37.6366,37.6147,37.4835,37.3050,37.1551,37.3812,30.1187,37.4723,33.6369,36.5021

702.6500,37.3534,37.6255,37.6274,37.4855,37.2904,37.1554,37.3968,30.1139,37.4764,33.6346,36.5060

703.6500,37.3702,37.6507,37.6157,37.5073,37.3165,37.1764,37.3976,30.1152,37.4921,33.6458,36.5187

704.6500,37.3846,37.6496,37.6394,37.4923,37.3067,37.1600,37.4223,30.1026,37.4945,33.6313,36.5197

705.6500,37.3787,37.6501,37.6333,37.4998,37.3096,37.1620,37.4134,30.1121,37.4943,33.6371,36.5199

706.6500,37.3746,37.6657,37.6358,37.5000,37.3232,37.1799,37.4094,30.1315,37.4999,33.6557,36.5275

707.6500,37.3881,37.6555,37.6494,37.5163,37.3046,37.1901,37.4234,30.1211,37.5028,33.6556,36.5311

708.6500,37.3906,37.6601,37.6569,37.5047,37.3229,37.1889,37.4239,30.1288,37.5070,33.6588,36.5346

709.6500,37.3949,37.6746,37.6764,37.5144,37.3566,37.2035,37.4196,30.1073,37.5234,33.6554,36.5434

710.6500,37.4065,37.6664,37.6892,37.5473,37.3426,37.2286,37.4353,30.1115,37.5304,33.6700,36.5534

711.6500,37.3980,37.6907,37.6837,37.5324,37.3658,37.1972,37.4334,30.1076,37.5341,33.6524,36.5511

712.6510,37.3918,37.6820,37.6708,37.5186,37.3530,37.2022,37.4365,30.1304,37.5233,33.6663,36.5482

713.6500,37.4284,37.6820,37.6941,37.5475,37.3929,37.2285,37.4579,30.1208,37.5490,33.6747,36.5690

714.6500,37.4049,37.7170,37.6913,37.5615,37.3540,37.2424,37.4584,30.1084,37.5457,33.6754,36.5672

715.6510,37.4235,37.7168,37.6944,37.5524,37.3908,37.2404,37.4647,30.1276,37.5556,33.6840,36.5763

716.6500,37.4208,37.7081,37.6983,37.5625,37.3727,37.2097,37.4775,30.1216,37.5525,33.6657,36.5714

717.6500,37.4639,37.7253,37.7067,37.5638,37.4056,37.2562,37.4714,30.1312,37.5731,33.6937,36.5905

718.6500,37.4450,37.6963,37.7155,37.5693,37.3829,37.2419,37.4792,30.1276,37.5618,33.6847,36.5822

719.6500,37.4428,37.7373,37.7172,37.5762,37.4017,37.2406,37.4782,30.1104,37.5750,33.6755,36.5881

720.6500,37.4349,37.7219,37.7349,37.5799,37.4102,37.2566,37.4847,30.1203,37.5764,33.6884,36.5929

721.6500,37.4511,37.7458,37.7374,37.5922,37.4123,37.2648,37.4965,30.1093,37.5877,33.6870,36.6011

722.6500,37.4506,37.7593,37.7430,37.6015,37.4324,37.2601,37.4876,30.1262,37.5974,33.6931,36.6076

723.6500,37.4365,37.7568,37.7559,37.5962,37.4365,37.2829,37.4949,30.1444,37.5964,33.7137,36.6130

724.6500,37.4717,37.7462,37.7354,37.6005,37.4269,37.2719,37.5048,30.1000,37.5962,33.6859,36.6072

725.6510,37.4690,37.7686,37.7546,37.6192,37.4153,37.3149,37.5072,30.1438,37.6053,33.7293,36.6241

726.6500,37.4815,37.7723,37.7635,37.6360,37.4171,37.3261,37.5202,30.1085,37.6141,33.7173,36.6282

727.6500,37.4864,37.7680,37.7712,37.6149,37.4509,37.2978,37.5117,30.0964,37.6183,33.6971,36.6247

728.6500,37.5053,37.7822,37.7617,37.6244,37.4521,37.3232,37.5222,30.1220,37.6251,33.7226,36.6366

729.6500,37.5074,37.7704,37.7765,37.6402,37.4565,37.3113,37.5226,30.1115,37.6302,33.7114,36.6371

730.6500,37.4908,37.7861,37.7487,37.6203,37.4347,37.3274,37.5326,30.1069,37.6161,33.7171,36.6309

731.6500,37.5057,37.8014,37.8052,37.6385,37.5038,37.3530,37.5395,30.1177,37.6509,33.7353,36.6581

732.6510,37.5218,37.8053,37.7866,37.6358,37.4686,37.3318,37.5522,30.1095,37.6436,33.7206,36.6514

733.6500,37.5310,37.8049,37.8049,37.6354,37.4629,37.3307,37.5425,30.1244,37.6478,33.7276,36.6546

734.6500,37.5191,37.8018,37.8069,37.6701,37.5027,37.3445,37.5562,30.0931,37.6601,33.7188,36.6618

735.6500,37.5324,37.8100,37.8026,37.6583,37.4937,37.3527,37.5659,30.0934,37.6594,33.7230,36.6636

736.6510,37.5094,37.8199,37.8157,37.6490,37.4842,37.3511,37.5645,30.1140,37.6556,33.7326,36.6635

737.6500,37.5564,37.8353,37.8105,37.6901,37.5149,37.3599,37.6019,30.1058,37.6815,33.7328,36.6844

738.6500,37.5506,37.8515,37.8086,37.6602,37.4978,37.3764,37.6167,30.1173,37.6737,33.7469,36.6849

739.6500,37.5541,37.8488,37.8241,37.6756,37.5028,37.3818,37.5949,30.1190,37.6811,33.7504,36.6876

740.6500,37.5676,37.8292,37.8296,37.6742,37.5172,37.3850,37.6088,30.1119,37.6835,33.7485,36.6904

741.6500,37.5624,37.8603,37.8374,37.6908,37.5232,37.3654,37.6049,30.1208,37.6948,33.7431,36.6957

742.6500,37.5702,37.8537,37.8327,37.6912,37.5357,37.3961,37.6152,30.1178,37.6967,33.7569,36.7016

743.6500,37.5731,37.8314,37.8515,37.7036,37.5451,37.4003,37.6060,30.1362,37.7009,33.7683,36.7059

744.6500,37.5799,37.8768,37.8647,37.7172,37.5286,37.3923,37.6070,30.1290,37.7135,33.7606,36.7119

745.6500,37.5611,37.8550,37.8583,37.7360,37.5541,37.3907,37.6123,30.1350,37.7129,33.7629,36.7128

746.6500,37.5667,37.8763,37.8693,37.7274,37.5583,37.3945,37.6280,30.1148,37.7196,33.7546,36.7169

747.6500,37.6005,37.8731,37.8600,37.7111,37.5702,37.4213,37.6201,30.1126,37.7230,33.7669,36.7211

748.6500,37.5902,37.8874,37.8748,37.7249,37.5449,37.4049,37.6610,30.1192,37.7244,33.7620,36.7259

749.6500,37.6100,37.8822,37.8812,37.7202,37.5385,37.4382,37.6539,30.1287,37.7264,33.7834,36.7316

750.6500,37.6250,37.8865,37.8702,37.7512,37.5737,37.4233,37.6429,30.1185,37.7413,33.7709,36.7364

751.6500,37.6112,37.8961,37.8971,37.7253,37.5720,37.4254,37.6614,30.1060,37.7403,33.7657,36.7368

752.6500,37.6216,37.9195,37.8855,37.7482,37.5749,37.4460,37.6558,30.1098,37.7499,33.7779,36.7452

753.6500,37.6362,37.9188,37.8936,37.7447,37.5877,37.4733,37.6523,30.1133,37.7562,33.7933,36.7525

754.6500,37.6351,37.9096,37.9040,37.7378,37.5851,37.4782,37.6543,30.1183,37.7543,33.7982,36.7528

755.6500,37.6221,37.9113,37.9043,37.7591,37.5955,37.4788,37.6606,30.1104,37.7584,33.7946,36.7552

756.6500,37.6423,37.9174,37.9104,37.7745,37.5975,37.4602,37.6714,30.1279,37.7684,33.7940,36.7627

757.6500,37.6506,37.9319,37.9268,37.7774,37.5699,37.4896,37.6761,30.1344,37.7713,33.8120,36.7696

758.6500,37.6477,37.9502,37.9189,37.7784,37.5856,37.4852,37.6552,30.1000,37.7762,33.7926,36.7652

759.6500,37.6638,37.9512,37.9381,37.7822,37.5868,37.4775,37.6721,30.1270,37.7844,33.8022,36.7748

760.6500,37.6499,37.9622,37.9398,37.7876,37.6270,37.4972,37.6863,30.1097,37.7933,33.8035,36.7825

761.6500,37.6682,37.9460,37.9381,37.7789,37.6164,37.5001,37.7005,30.1201,37.7895,33.8101,36.7835

762.6500,37.6755,37.9485,37.9391,37.8168,37.6185,37.5111,37.7114,30.1312,37.7997,33.8212,36.7940

763.6500,37.6790,37.9671,37.9545,37.8080,37.6356,37.5175,37.7170,30.1164,37.8088,33.8169,36.7994

764.6500,37.6899,37.9702,37.9348,37.8148,37.6503,37.5018,37.7005,30.1213,37.8120,33.8116,36.7980

765.6500,37.7102,37.9870,37.9716,37.8199,37.6304,37.5039,37.7153,30.1178,37.8238,33.8108,36.8070

766.6500,37.6979,37.9748,37.9682,37.7872,37.6643,37.5163,37.7260,30.1261,37.8185,33.8212,36.8076

767.6500,37.7044,37.9726,37.9721,37.8297,37.6460,37.5097,37.7317,30.1072,37.8250,33.8084,36.8092

768.6500,37.7328,37.9865,37.9884,37.8222,37.6698,37.5073,37.7373,30.1142,37.8399,33.8108,36.8198

769.6500,37.7107,38.0027,37.9780,37.8319,37.6715,37.5295,37.7516,30.1352,37.8389,33.8323,36.8264

770.6500,37.7162,37.9915,37.9756,37.8440,37.6630,37.5421,37.7521,30.1243,37.8381,33.8332,36.8261

771.6500,37.7302,38.0001,37.9754,37.8321,37.6910,37.5444,37.7681,30.1125,37.8457,33.8284,36.8317

772.6500,37.7294,38.0120,37.9999,37.8482,37.6972,37.5660,37.7730,30.1347,37.8573,33.8504,36.8450

773.6500,37.7440,37.9998,38.0087,37.8281,37.6876,37.5704,37.8089,30.1307,37.8536,33.8505,36.8473

774.6500,37.7456,38.0125,37.9943,37.8557,37.7157,37.5635,37.7862,30.1407,37.8648,33.8521,36.8518

775.6500,37.7460,38.0179,38.0058,37.8751,37.6891,37.5630,37.7859,30.1336,37.8668,33.8483,36.8521

776.6500,37.7580,38.0239,38.0089,37.8792,37.6862,37.5765,37.8003,30.1316,37.8712,33.8540,36.8581

777.6500,37.7683,38.0135,38.0177,37.8684,37.6852,37.5713,37.7793,30.1241,37.8706,33.8477,36.8535

778.6500,37.7484,38.0315,38.0329,37.8901,37.7050,37.5692,37.8028,30.1262,37.8816,33.8477,36.8633

779.6500,37.7801,38.0348,38.0506,37.8710,37.7072,37.6017,37.7799,30.1199,37.8887,33.8608,36.8682

780.6510,37.7630,38.0443,38.0200,37.8768,37.7191,37.5655,37.8068,30.0999,37.8846,33.8327,36.8619

781.6500,37.7848,38.0575,38.0496,37.8941,37.7241,37.6004,37.8111,30.1134,37.9020,33.8569,36.8794

782.6500,37.7782,38.0541,38.0648,37.8865,37.7264,37.5915,37.8244,30.1106,37.9020,33.8510,36.8796

783.6500,37.7823,38.0865,38.0501,37.9045,37.7254,37.5956,37.8279,30.1326,37.9097,33.8641,36.8881

784.6500,37.7976,38.0711,38.0590,37.9031,37.7323,37.6151,37.8294,30.1160,37.9126,33.8656,36.8905

785.6500,37.8015,38.0668,38.0715,37.9053,37.7062,37.6059,37.8279,30.1189,37.9103,33.8624,36.8880

786.6500,37.8054,38.0699,38.0610,37.9070,37.7377,37.6220,37.8356,30.1069,37.9162,33.8644,36.8932

787.6500,37.8079,38.0898,38.0534,37.9265,37.7384,37.6203,37.8332,30.1024,37.9232,33.8613,36.8965

788.6500,37.8252,38.0991,38.0646,37.9390,37.7524,37.6352,37.8396,30.1217,37.9360,33.8784,36.9096

789.6500,37.8299,38.0875,38.0847,37.9177,37.7506,37.6189,37.8458,30.1067,37.9341,33.8628,36.9052

790.6500,37.8319,38.0997,38.0759,37.9382,37.7390,37.6256,37.8379,30.1087,37.9370,33.8671,36.9071

791.6500,37.8281,38.1071,38.1006,37.9471,37.7623,37.6596,37.8467,30.0908,37.9491,33.8752,36.9178

792.6500,37.8637,38.1124,38.1110,37.9322,37.7684,37.6349,37.8814,30.1059,37.9575,33.8704,36.9262

793.6500,37.8415,38.1089,38.1000,37.9372,37.7813,37.6637,37.8676,30.1240,37.9538,33.8939,36.9280

794.6500,37.8286,38.1116,38.1209,37.9515,37.7983,37.6601,37.8805,30.1242,37.9622,33.8922,36.9345

795.6500,37.8517,38.1280,38.1103,37.9530,37.8092,37.6515,37.8667,30.1291,37.9705,33.8903,36.9375

796.6500,37.8581,38.1223,38.1064,37.9659,37.8119,37.6690,37.8810,30.1059,37.9729,33.8875,36.9401

797.6500,37.8644,38.1431,38.1281,37.9648,37.8084,37.6567,37.8953,30.1198,37.9818,33.8883,36.9476

798.6500,37.8922,38.1677,38.1243,37.9829,37.7993,37.6873,37.8690,30.1238,37.9933,33.9056,36.9558

799.6500,37.8943,38.1484,38.1461,37.9902,37.8070,37.6773,37.8987,30.1011,37.9972,33.8892,36.9579

800.6500,37.8796,38.1486,38.1407,37.9858,37.8222,37.6859,37.8915,30.1295,37.9954,33.9077,36.9605

801.6510,37.8718,38.1566,38.1529,37.9853,37.8176,37.6790,37.9242,30.1155,37.9968,33.8972,36.9629

802.6510,37.8884,38.1435,38.1472,37.9797,37.8347,37.6956,37.9223,30.1237,37.9987,33.9097,36.9669

803.6500,37.9076,38.1631,38.1640,37.9899,37.8264,37.6891,37.9545,30.1088,38.0102,33.8990,36.9754

804.6500,37.9138,38.1750,38.1349,37.9795,37.8196,37.7197,37.9268,30.1047,38.0046,33.9122,36.9718

805.6500,37.9089,38.1777,38.1572,38.0172,37.8618,37.7007,37.9416,30.1331,38.0246,33.9169,36.9873

806.6500,37.8997,38.1703,38.1586,38.0042,37.8666,37.7088,37.9505,30.1135,38.0199,33.9112,36.9840

807.6510,37.9120,38.1730,38.1721,38.0386,37.8780,37.7351,37.9411,30.1133,38.0348,33.9242,36.9954

808.6500,37.8852,38.1898,38.1748,38.0292,37.8661,37.7410,37.9345,30.1192,38.0290,33.9301,36.9925

809.6500,37.9168,38.1946,38.1815,38.0210,37.8589,37.7338,37.9379,30.1133,38.0345,33.9236,36.9947

810.6510,37.9055,38.1951,38.2030,38.0262,37.8826,37.7454,37.9721,30.1127,38.0425,33.9291,37.0053

811.6510,37.9098,38.2004,38.1855,38.0213,37.8496,37.7357,37.9386,30.1045,38.0333,33.9201,36.9932

812.6500,37.9301,38.2119,38.1844,38.0467,37.8881,37.7387,37.9744,30.0999,38.0522,33.9193,37.0093

813.6500,37.9234,38.2034,38.1959,38.0462,37.8791,37.7549,37.9720,30.1036,38.0496,33.9293,37.0098

814.6510,37.9234,38.1987,38.2193,38.0480,37.8954,37.7745,37.9654,30.1233,38.0570,33.9489,37.0185

815.6500,37.9732,38.2257,38.1944,38.0708,37.8930,37.7483,37.9718,30.1077,38.0714,33.9280,37.0231

816.6500,37.9304,38.2216,38.2109,38.0560,37.9150,37.7600,37.9794,30.1275,38.0668,33.9438,37.0251

817.6500,37.9283,38.2411,38.2127,38.0708,37.8904,37.7700,37.9733,30.0986,38.0687,33.9343,37.0232

818.6500,37.9728,38.2329,38.2320,38.0733,37.8991,37.7628,37.9898,30.1044,38.0820,33.9336,37.0334

819.6500,37.9730,38.2187,38.2388,38.0671,37.9152,37.8013,38.0008,30.1150,38.0826,33.9581,37.0412

820.6500,37.9696,38.2230,38.2440,38.0761,37.9187,37.8015,37.9865,30.1214,38.0863,33.9615,37.0426

821.6500,37.9766,38.2556,38.2267,38.0839,37.9411,37.8030,38.0097,30.1191,38.0968,33.9610,37.0520

822.6500,37.9651,38.2654,38.2360,38.0625,37.9502,37.7868,38.0223,30.1103,38.0959,33.9486,37.0498

823.6500,37.9933,38.2451,38.2488,38.0725,37.9531,37.8047,38.0123,30.1213,38.1026,33.9630,37.0564

824.6500,37.9797,38.2701,38.2347,38.0998,37.9540,37.7893,38.0181,30.1203,38.1077,33.9548,37.0582

825.6500,37.9809,38.2632,38.2576,38.1078,37.9529,37.8199,38.0280,30.1483,38.1125,33.9841,37.0698

826.6500,37.9880,38.2883,38.2678,38.1068,37.9600,37.8210,38.0177,30.1076,38.1222,33.9643,37.0697

827.6500,37.9993,38.2731,38.2713,38.1187,37.9283,37.8354,38.0393,30.1047,38.1181,33.9701,37.0713

828.6500,38.0100,38.2861,38.2614,38.1303,37.9717,37.8340,38.0594,30.1391,38.1319,33.9866,37.0865

829.6500,37.9980,38.3024,38.2842,38.1134,37.9584,37.8440,38.0523,30.1392,38.1313,33.9916,37.0865

830.6500,37.9946,38.3157,38.2863,38.1403,37.9568,37.8383,38.0502,30.1212,38.1388,33.9797,37.0879

831.6500,38.0192,38.2926,38.2903,38.1433,37.9636,37.8409,38.0626,30.1276,38.1418,33.9843,37.0925

832.6500,38.0258,38.2955,38.2787,38.1374,37.9674,37.8760,38.0412,30.1207,38.1410,33.9983,37.0928

833.6500,38.0086,38.3049,38.2886,38.1136,37.9768,37.8555,38.0795,30.1226,38.1385,33.9890,37.0937

834.6500,38.0397,38.3075,38.2986,38.1437,37.9641,37.8553,38.0774,30.0966,38.1507,33.9759,37.0979

835.6500,38.0346,38.3132,38.3030,38.1467,37.9721,37.8727,38.0692,30.1211,38.1539,33.9969,37.1041

836.6500,38.0511,38.3086,38.3142,38.1505,37.9895,37.8924,38.0753,30.1085,38.1628,34.0004,37.1113

837.6500,38.0693,38.3134,38.3036,38.1520,38.0007,37.8761,38.0899,30.1124,38.1678,33.9942,37.1147

838.6510,38.0411,38.3152,38.3171,38.1767,37.9982,37.8526,38.1011,30.1093,38.1697,33.9810,37.1139

839.6500,38.0601,38.3254,38.3124,38.1985,38.0102,37.8804,38.1038,30.1350,38.1813,34.0077,37.1282

840.6500,38.0635,38.3122,38.3290,38.1783,37.9991,37.8717,38.1069,30.1253,38.1765,33.9985,37.1233

841.6510,38.0589,38.3314,38.3407,38.1863,38.0066,37.8806,38.1037,30.1164,38.1848,33.9985,37.1281

842.6500,38.0708,38.3707,38.3464,38.1826,38.0111,37.8865,38.1187,30.1383,38.1963,34.0124,37.1406

843.6500,38.0554,38.3383,38.3509,38.1984,38.0279,37.8940,38.1246,30.1134,38.1942,34.0037,37.1379

844.6500,38.1003,38.3541,38.3560,38.1768,38.0177,37.8954,38.1274,30.1581,38.2010,34.0268,37.1482

845.6500,38.1042,38.3457,38.3373,38.1838,38.0384,37.9068,38.1381,30.1381,38.2019,34.0225,37.1491

846.6500,38.0946,38.3686,38.3640,38.2119,38.0335,37.9145,38.1293,30.1294,38.2145,34.0219,37.1557

847.6500,38.1153,38.3637,38.3740,38.2312,38.0378,37.9155,38.1375,30.1267,38.2244,34.0211,37.1627

848.6500,38.0934,38.3733,38.3630,38.2109,38.0323,37.9184,38.1325,30.1366,38.2146,34.0275,37.1576

849.6500,38.0921,38.3970,38.3751,38.2235,38.0543,37.9049,38.1367,30.1132,38.2284,34.0091,37.1621

850.6500,38.1086,38.3701,38.3677,38.2352,38.0475,37.9224,38.1480,30.1077,38.2258,34.0150,37.1634

851.6500,38.1100,38.3834,38.3614,38.2266,38.0577,37.9252,38.1454,30.1185,38.2278,34.0218,37.1660

852.6500,38.1419,38.3995,38.3906,38.2245,38.0514,37.9329,38.1578,30.1084,38.2416,34.0206,37.1759

853.6510,38.1358,38.4124,38.3826,38.2417,38.0774,37.9379,38.1474,30.1186,38.2500,34.0283,37.1817

854.6500,38.1435,38.4215,38.3987,38.2232,38.0922,37.9419,38.1682,30.1227,38.2558,34.0323,37.1890

855.6510,38.1462,38.3883,38.3907,38.2418,38.0804,37.9572,38.1662,30.1259,38.2495,34.0415,37.1871

856.6500,38.1547,38.4056,38.3874,38.2255,38.0726,37.9447,38.1569,30.0978,38.2492,34.0213,37.1806

857.6500,38.1475,38.4254,38.3988,38.2532,38.0854,37.9575,38.1576,30.1060,38.2621,34.0317,37.1914

858.6510,38.1433,38.4152,38.4147,38.2509,38.1087,37.9664,38.1963,30.1252,38.2665,34.0458,37.2026

859.6500,38.1678,38.4255,38.4204,38.2562,38.1170,37.9644,38.1913,30.1190,38.2774,34.0417,37.2077

860.6510,38.1719,38.4406,38.4401,38.2516,38.1019,37.9624,38.1984,30.1066,38.2812,34.0345,37.2092

861.6500,38.1586,38.4084,38.4187,38.2745,38.0942,37.9780,38.2087,30.1064,38.2709,34.0422,37.2059

862.6500,38.1665,38.4513,38.4443,38.2791,38.1142,37.9919,38.2064,30.1284,38.2911,34.0602,37.2228

863.6510,38.1710,38.4455,38.4273,38.2981,38.1183,37.9643,38.2202,30.1250,38.2920,34.0446,37.2212

864.6500,38.1834,38.4251,38.4545,38.2745,38.1349,37.9734,38.2054,30.1017,38.2945,34.0376,37.2191

865.6500,38.1764,38.4560,38.4341,38.2834,38.1209,38.0070,38.2232,30.1093,38.2942,34.0581,37.2263

866.6500,38.1874,38.4488,38.4390,38.2729,38.1211,37.9895,38.2282,30.1053,38.2939,34.0474,37.2240

867.6500,38.1849,38.4519,38.4454,38.2751,38.1349,38.0248,38.2238,30.1192,38.2984,34.0720,37.2325

868.6500,38.2165,38.4517,38.4676,38.2955,38.1335,38.0205,38.2292,30.1060,38.3129,34.0632,37.2401

869.6510,38.1817,38.4731,38.4582,38.2972,38.1589,38.0343,38.2581,30.1240,38.3138,34.0791,37.2482

870.6500,38.2280,38.4713,38.4555,38.3076,38.1468,38.0348,38.2633,30.1175,38.3218,34.0761,37.2531

871.6500,38.2006,38.4790,38.4613,38.3125,38.1576,38.0583,38.2248,30.1228,38.3222,34.0905,37.2521

872.6500,38.2041,38.4881,38.4843,38.3271,38.1630,38.0384,38.2431,30.1320,38.3333,34.0852,37.2600

873.6500,38.1977,38.4961,38.4821,38.3095,38.1763,38.0573,38.2609,30.1190,38.3323,34.0881,37.2623

874.6500,38.2197,38.4851,38.4641,38.3186,38.1647,38.0550,38.2411,30.1266,38.3305,34.0908,37.2594

875.6500,38.2319,38.5072,38.4834,38.3318,38.1759,38.0704,38.2656,30.1219,38.3461,34.0962,37.2735

876.6500,38.2504,38.4803,38.4663,38.3263,38.1813,38.0591,38.2461,30.0973,38.3409,34.0782,37.2634

877.6500,38.2148,38.5214,38.5004,38.3451,38.1961,38.0617,38.2662,30.1319,38.3556,34.0968,37.2797

878.6500,38.2341,38.4991,38.5010,38.3298,38.2220,38.0432,38.2654,30.1091,38.3572,34.0762,37.2754

879.6500,38.2348,38.5091,38.5357,38.3300,38.1848,38.0658,38.2768,30.1098,38.3589,34.0878,37.2808

880.6500,38.2281,38.5354,38.5162,38.3674,38.1949,38.0773,38.2797,30.1261,38.3684,34.1017,37.2906

881.6500,38.2417,38.5119,38.5146,38.3658,38.1997,38.0640,38.2968,30.1220,38.3668,34.0930,37.2896

882.6500,38.2412,38.5380,38.5319,38.3635,38.2239,38.0905,38.2987,30.1379,38.3797,34.1142,37.3032

883.6500,38.2515,38.5312,38.5195,38.3535,38.2258,38.0924,38.3194,30.1435,38.3763,34.1179,37.3046

884.6500,38.2680,38.5442,38.5152,38.3562,38.1967,38.0940,38.2946,30.1292,38.3761,34.1116,37.2998

885.6500,38.2618,38.5318,38.5253,38.3592,38.2217,38.1036,38.3135,30.1239,38.3800,34.1138,37.3051

886.6500,38.2815,38.5554,38.5409,38.3571,38.2087,38.0902,38.3142,30.1131,38.3887,34.1017,37.3076

887.6500,38.2969,38.5482,38.5253,38.3728,38.2185,38.1122,38.3396,30.1202,38.3923,34.1162,37.3167

888.6500,38.2792,38.5481,38.5453,38.3690,38.2130,38.1122,38.3335,30.1188,38.3909,34.1155,37.3149

889.6500,38.3125,38.5503,38.5322,38.3656,38.2355,38.1343,38.3376,30.1030,38.3992,34.1186,37.3214

890.6500,38.2823,38.5690,38.5546,38.3862,38.2286,38.1195,38.3227,30.0998,38.4041,34.1096,37.3203

891.6500,38.2997,38.5809,38.5692,38.3836,38.2438,38.1294,38.3514,30.1118,38.4154,34.1206,37.3337

892.6500,38.2884,38.5782,38.5418,38.4065,38.2548,38.1177,38.3431,30.1239,38.4140,34.1208,37.3318

893.6510,38.3164,38.5688,38.5753,38.3929,38.2249,38.1115,38.3299,30.1328,38.4156,34.1222,37.3316

894.6500,38.3047,38.5784,38.5882,38.4128,38.2379,38.1199,38.3191,30.1294,38.4244,34.1247,37.3363

895.6500,38.3420,38.5884,38.5735,38.4051,38.2692,38.1251,38.3463,30.0994,38.4357,34.1122,37.3436

896.6510,38.3184,38.5976,38.5808,38.4087,38.2540,38.1369,38.3499,30.1183,38.4319,34.1276,37.3456

897.6500,38.3514,38.6076,38.5782,38.4150,38.2572,38.1452,38.3543,30.1338,38.4419,34.1395,37.3554

898.6500,38.3283,38.5855,38.5930,38.4082,38.2812,38.1426,38.3625,30.1189,38.4392,34.1308,37.3525

899.6500,38.3206,38.6051,38.5892,38.4381,38.2660,38.1396,38.3606,30.1183,38.4438,34.1289,37.3547

900.6500,38.3481,38.6007,38.5839,38.4211,38.2805,38.1806,38.3576,30.1281,38.4469,34.1544,37.3626

901.6500,38.3548,38.6155,38.5945,38.4438,38.2779,38.1547,38.3613,30.1372,38.4573,34.1459,37.3675

902.6500,38.3487,38.6203,38.5979,38.4440,38.2941,38.1756,38.3693,30.1278,38.4610,34.1517,37.3722

903.6500,38.3515,38.6258,38.5983,38.4416,38.2922,38.1728,38.3529,30.1272,38.4619,34.1500,37.3703

904.6500,38.3406,38.6109,38.6212,38.4509,38.2972,38.1549,38.3777,30.1168,38.4642,34.1359,37.3713

905.6500,38.3617,38.6323,38.6132,38.4584,38.2838,38.1681,38.3819,30.1329,38.4699,34.1505,37.3791

906.6500,38.3400,38.6423,38.6273,38.4613,38.2905,38.1912,38.3969,30.1161,38.4723,34.1536,37.3832

907.6500,38.3699,38.6418,38.6344,38.4725,38.3098,38.1866,38.4100,30.1233,38.4857,34.1549,37.3935

908.6500,38.3751,38.6435,38.6491,38.4914,38.2902,38.1978,38.3837,30.1280,38.4899,34.1629,37.3949

909.6500,38.3814,38.6340,38.6238,38.4614,38.3152,38.2014,38.4097,30.1161,38.4832,34.1587,37.3929

910.6500,38.3837,38.6564,38.6392,38.4922,38.3254,38.2092,38.4083,30.1188,38.4994,34.1640,37.4041

911.6500,38.3882,38.6511,38.6563,38.4781,38.3262,38.2067,38.4132,30.1187,38.5000,34.1627,37.4048

912.6510,38.4059,38.6534,38.6455,38.4696,38.3401,38.2086,38.4053,30.1017,38.5029,34.1552,37.4038

913.6500,38.3973,38.6676,38.6523,38.4820,38.3310,38.2209,38.4358,30.1278,38.5060,34.1744,37.4143

914.6500,38.4106,38.6719,38.6496,38.4840,38.3299,38.1886,38.4112,30.1244,38.5092,34.1565,37.4088

915.6510,38.3975,38.6699,38.6625,38.4950,38.3205,38.2314,38.4297,30.1097,38.5091,34.1705,37.4145

916.6500,38.3964,38.6768,38.6586,38.5047,38.3446,38.2354,38.4216,30.1217,38.5162,34.1786,37.4200

917.6500,38.4143,38.6769,38.6629,38.4913,38.3732,38.2305,38.4273,30.1069,38.5237,34.1687,37.4229

918.6500,38.4139,38.6784,38.6569,38.5100,38.3454,38.2241,38.4335,30.1107,38.5209,34.1674,37.4216

919.6500,38.4164,38.6790,38.6749,38.5247,38.3618,38.2442,38.4505,30.1188,38.5313,34.1815,37.4338

920.6510,38.4261,38.6856,38.6833,38.5392,38.3519,38.2539,38.4431,30.1154,38.5372,34.1847,37.4373

921.6500,38.4211,38.6750,38.6867,38.5276,38.3740,38.2559,38.4632,30.1292,38.5369,34.1926,37.4416

922.6500,38.4340,38.6915,38.6714,38.5227,38.3640,38.2585,38.4476,30.1328,38.5367,34.1957,37.4403

923.6500,38.4235,38.7024,38.6679,38.5349,38.3628,38.2653,38.4524,30.1138,38.5383,34.1895,37.4404

924.6500,38.4356,38.7052,38.6936,38.5336,38.3889,38.2555,38.4645,30.1076,38.5514,34.1816,37.4481

925.6500,38.4497,38.7206,38.6978,38.5434,38.3676,38.2635,38.4776,30.0979,38.5558,34.1807,37.4523

926.6500,38.4603,38.6943,38.7074,38.5311,38.3809,38.2760,38.4835,30.0813,38.5548,34.1786,37.4518

927.6500,38.4486,38.7091,38.7077,38.5407,38.4094,38.2690,38.4922,30.1217,38.5631,34.1953,37.4623

928.6500,38.4485,38.7372,38.7153,38.5646,38.4070,38.2903,38.5012,30.1263,38.5745,34.2083,37.4738

929.6500,38.4591,38.7451,38.7367,38.5515,38.4115,38.2954,38.4774,30.1031,38.5808,34.1992,37.4725

930.6500,38.4393,38.7326,38.7005,38.5834,38.4141,38.2989,38.4896,30.1104,38.5740,34.2046,37.4711

931.6500,38.4689,38.7373,38.7187,38.5452,38.4073,38.2743,38.5041,30.1031,38.5755,34.1887,37.4699

932.6500,38.4680,38.7221,38.7384,38.5603,38.4158,38.3015,38.4950,30.1258,38.5809,34.2136,37.4784

933.6510,38.4728,38.7523,38.7374,38.5555,38.4229,38.3058,38.4925,30.1071,38.5882,34.2065,37.4808

934.6510,38.4856,38.7483,38.7310,38.5659,38.4147,38.2962,38.4969,30.1152,38.5891,34.2057,37.4817

935.6510,38.4759,38.7477,38.7528,38.5835,38.4287,38.3107,38.5397,30.1365,38.5977,34.2236,37.4969

936.6500,38.4622,38.7635,38.7527,38.5769,38.4407,38.3222,38.5069,30.1194,38.5992,34.2208,37.4931

937.6500,38.4861,38.7653,38.7649,38.5727,38.4436,38.3088,38.5391,30.1322,38.6065,34.2205,37.5016

938.6500,38.4955,38.7695,38.7648,38.5927,38.4428,38.3327,38.5195,30.1196,38.6131,34.2262,37.5046

939.6500,38.4883,38.7790,38.7715,38.5887,38.4397,38.3273,38.5430,30.1170,38.6134,34.2222,37.5068

940.6500,38.5122,38.7747,38.7472,38.6049,38.4329,38.3424,38.5433,30.1313,38.6144,34.2369,37.5111

941.6500,38.4975,38.7678,38.7813,38.5957,38.4341,38.3282,38.5388,30.1320,38.6153,34.2301,37.5094

942.6500,38.5111,38.7675,38.7796,38.6154,38.4663,38.3539,38.5431,30.1132,38.6280,34.2336,37.5188

943.6500,38.5053,38.7776,38.7654,38.5947,38.4540,38.3500,38.5392,30.1182,38.6194,34.2341,37.5131

944.6500,38.5137,38.8203,38.7909,38.6165,38.4558,38.3425,38.5601,30.1139,38.6395,34.2282,37.5267

945.6510,38.5280,38.8064,38.7947,38.6245,38.4594,38.3311,38.5657,30.1147,38.6426,34.2229,37.5281

946.6500,38.5315,38.8014,38.7963,38.6246,38.4900,38.3557,38.5304,30.1277,38.6488,34.2417,37.5322

947.6500,38.5152,38.7940,38.7749,38.6233,38.4653,38.3613,38.5669,30.1301,38.6345,34.2457,37.5289

948.6510,38.5364,38.8076,38.8006,38.6392,38.4525,38.3569,38.5525,30.1294,38.6473,34.2431,37.5344

949.6500,38.5468,38.8199,38.7961,38.6296,38.4834,38.3547,38.5923,30.1239,38.6552,34.2393,37.5434

950.6500,38.5486,38.8062,38.7950,38.6173,38.4838,38.3658,38.5838,30.1144,38.6502,34.2401,37.5394

951.6500,38.5645,38.8096,38.8078,38.6543,38.4903,38.3681,38.5657,30.1196,38.6653,34.2438,37.5475

952.6500,38.5645,38.8264,38.8049,38.6608,38.5085,38.3737,38.5745,30.1153,38.6730,34.2445,37.5536

953.6500,38.5778,38.8269,38.8330,38.6464,38.4975,38.3898,38.5923,30.1221,38.6763,34.2559,37.5607

954.6500,38.5565,38.8523,38.8108,38.6485,38.4973,38.4068,38.5776,30.1083,38.6731,34.2575,37.5573

955.6500,38.5585,38.8433,38.8349,38.6633,38.4792,38.4036,38.5975,30.1281,38.6758,34.2658,37.5635

956.6500,38.5826,38.8278,38.8204,38.6725,38.5056,38.4053,38.5970,30.1194,38.6818,34.2624,37.5663

957.6500,38.5695,38.8342,38.8081,38.6593,38.5140,38.3824,38.6057,30.1157,38.6770,34.2490,37.5611

958.6500,38.5657,38.8472,38.8574,38.6569,38.4888,38.4039,38.6135,30.1030,38.6832,34.2534,37.5670

959.6500,38.5946,38.8350,38.8266,38.6765,38.5377,38.4183,38.6186,30.1245,38.6941,34.2714,37.5790

960.6500,38.5786,38.8595,38.8441,38.6846,38.5297,38.4089,38.6170,30.1216,38.6993,34.2652,37.5805

961.6500,38.6059,38.8529,38.8543,38.6873,38.5136,38.4189,38.6197,30.1218,38.7028,34.2704,37.5843

962.6500,38.5998,38.8556,38.8454,38.6663,38.5243,38.4179,38.6322,30.1082,38.6983,34.2630,37.5812

963.6500,38.6191,38.8592,38.8644,38.6988,38.5254,38.4232,38.6135,30.1248,38.7134,34.2740,37.5910

964.6500,38.5949,38.8688,38.8814,38.7107,38.5511,38.4069,38.6435,30.1154,38.7214,34.2612,37.5966

965.6500,38.5924,38.8797,38.8638,38.6955,38.5388,38.4002,38.6358,30.1162,38.7140,34.2582,37.5903

966.6500,38.6027,38.8870,38.8647,38.7000,38.5621,38.4296,38.6501,30.1096,38.7233,34.2696,37.6007

967.6500,38.6120,38.8864,38.8738,38.7260,38.5630,38.4436,38.6710,30.1157,38.7322,34.2796,37.6114

968.6510,38.6018,38.8817,38.8588,38.7077,38.5575,38.4609,38.6494,30.1148,38.7215,34.2879,37.6041

969.6500,38.6227,38.8745,38.8778,38.6940,38.5550,38.4575,38.6516,30.0790,38.7248,34.2683,37.6015

970.6500,38.6186,38.8933,38.8807,38.7189,38.5790,38.4423,38.6410,30.1102,38.7381,34.2763,37.6105

971.6500,38.6412,38.8910,38.8850,38.7106,38.5699,38.4570,38.6621,30.1212,38.7395,34.2891,37.6172

972.6500,38.6262,38.8992,38.8946,38.7211,38.5763,38.4648,38.6619,30.1267,38.7435,34.2958,37.6213

973.6500,38.6198,38.9033,38.8823,38.7322,38.6007,38.4696,38.6422,30.1255,38.7477,34.2975,37.6219

974.6500,38.6399,38.8943,38.9134,38.7097,38.5961,38.4599,38.6705,30.1039,38.7507,34.2819,37.6235

975.6500,38.6342,38.9235,38.8783,38.7295,38.5703,38.4742,38.6717,30.1231,38.7472,34.2986,37.6256

976.6500,38.6405,38.9195,38.8957,38.7167,38.5952,38.4973,38.6859,30.1158,38.7535,34.3065,37.6333

977.6510,38.6521,38.9215,38.9154,38.7382,38.6101,38.4907,38.6851,30.1284,38.7675,34.3095,37.6427

978.6500,38.6538,38.9114,38.9268,38.7207,38.6142,38.4943,38.6768,30.1330,38.7654,34.3136,37.6414

979.6510,38.6564,38.9161,38.9138,38.7394,38.6078,38.4838,38.6951,30.1111,38.7667,34.2974,37.6404

980.6500,38.6470,38.9152,38.9171,38.7609,38.6078,38.4842,38.6681,30.1153,38.7696,34.2997,37.6395

981.6500,38.6761,38.9363,38.9182,38.7577,38.6220,38.5003,38.6864,30.1164,38.7821,34.3083,37.6517

982.6500,38.6708,38.9236,38.9198,38.7636,38.6157,38.5005,38.6988,30.1087,38.7787,34.3046,37.6502

983.6500,38.6617,38.9495,38.9080,38.7723,38.6211,38.5036,38.7042,30.1146,38.7825,34.3091,37.6544

984.6500,38.6719,38.9640,38.9207,38.7682,38.6010,38.5133,38.6824,30.1037,38.7851,34.3085,37.6531

985.6500,38.6911,38.9381,38.9390,38.7604,38.6141,38.5166,38.6877,30.1146,38.7885,34.3156,37.6577

986.6500,38.6779,38.9474,38.9320,38.7865,38.6206,38.5231,38.6904,30.1258,38.7929,34.3244,37.6629

987.6500,38.6844,38.9534,38.9767,38.7930,38.6214,38.5244,38.7147,30.1149,38.8058,34.3196,37.6729

988.6510,38.7098,38.9577,38.9414,38.7763,38.6091,38.5303,38.7138,30.1137,38.7988,34.3220,37.6690

989.6500,38.7116,38.9582,38.9438,38.7862,38.6389,38.5460,38.7125,30.1184,38.8077,34.3322,37.6769

990.6500,38.6969,38.9740,38.9633,38.7870,38.6381,38.5346,38.7063,30.0969,38.8118,34.3157,37.6746

991.6500,38.6930,38.9578,38.9522,38.8002,38.6445,38.5218,38.7321,30.1212,38.8096,34.3215,37.6779

992.6500,38.7169,38.9859,38.9616,38.7975,38.6460,38.5635,38.7331,30.1162,38.8216,34.3398,37.6901

993.6500,38.7243,38.9726,38.9624,38.7982,38.6483,38.5457,38.7343,30.1194,38.8212,34.3325,37.6881

994.6500,38.7123,38.9944,38.9757,38.8036,38.6470,38.5551,38.7379,30.1204,38.8266,34.3377,37.6933

995.6500,38.7200,38.9874,38.9771,38.8018,38.6556,38.5446,38.7477,30.1169,38.8284,34.3308,37.6939

996.6500,38.7198,38.9956,38.9732,38.8044,38.6591,38.5556,38.7778,30.1393,38.8304,34.3474,37.7031

997.6500,38.7262,39.0075,38.9917,38.8010,38.6735,38.5369,38.7553,30.1349,38.8400,34.3359,37.7034

998.6500,38.7469,38.9921,38.9847,38.7986,38.6648,38.5500,38.7492,30.1294,38.8374,34.3397,37.7020

999.6500,38.7430,39.0059,38.9742,38.8152,38.6861,38.5644,38.7662,30.1152,38.8449,34.3398,37.7088

1000.6500,38.7360,39.0105,38.9788,38.8240,38.6614,38.5625,38.7485,30.1133,38.8422,34.3379,37.7044

1001.6500,38.7306,39.0045,39.0195,38.8222,38.6494,38.5706,38.7695,30.1111,38.8452,34.3409,37.7097

1002.6500,38.7500,39.0113,38.9926,38.8075,38.6936,38.5733,38.7604,30.1054,38.8510,34.3393,37.7118

1003.6500,38.7616,39.0143,39.0012,38.8226,38.6865,38.5694,38.7643,30.0963,38.8572,34.3328,37.7145

1004.6500,38.7783,39.0251,39.0097,38.8344,38.6785,38.5829,38.7803,30.1080,38.8652,34.3454,37.7246

1005.6500,38.7922,39.0424,39.0163,38.8377,38.7091,38.6065,38.7781,30.1112,38.8796,34.3588,37.7367

1006.6500,38.7704,39.0451,39.0059,38.8385,38.6999,38.5749,38.7956,30.1071,38.8720,34.3410,37.7297

1007.6500,38.7466,39.0338,39.0268,38.8533,38.7093,38.5913,38.7824,30.1155,38.8739,34.3534,37.7324

1008.6510,38.7578,39.0355,39.0252,38.8728,38.7163,38.5908,38.7753,30.1099,38.8815,34.3504,37.7354

1009.6500,38.7729,39.0366,39.0324,38.8692,38.6969,38.5947,38.7909,30.1021,38.8816,34.3484,37.7370

1010.6500,38.7537,39.0253,39.0425,38.8635,38.7164,38.6008,38.8126,30.1100,38.8803,34.3554,37.7406

1011.6500,38.7902,39.0610,39.0312,38.8792,38.7221,38.5981,38.7929,30.1200,38.8967,34.3590,37.7493

1012.6500,38.7845,39.0577,39.0418,38.8632,38.7262,38.6087,38.8306,30.1166,38.8947,34.3627,37.7537

1013.6500,38.7795,39.0529,39.0590,38.8729,38.7124,38.6214,38.8179,30.1182,38.8954,34.3698,37.7543

1014.6500,38.8060,39.0627,39.0603,38.8519,38.7216,38.6502,38.8174,30.1110,38.9005,34.3806,37.7601

1015.6500,38.7865,39.0803,39.0448,38.8704,38.7557,38.6312,38.8247,30.1115,38.9075,34.3714,37.7631

1016.6500,38.8131,39.0739,39.0450,38.8832,38.7198,38.6260,38.8361,30.1172,38.9070,34.3716,37.7643

1017.6500,38.7924,39.0863,39.0462,38.8858,38.7439,38.6305,38.8392,30.1344,38.9109,34.3825,37.7698

1018.6500,38.7969,39.0924,39.0696,38.8957,38.7470,38.6406,38.8486,30.0872,38.9203,34.3639,37.7723

1019.6510,38.7987,39.0828,39.0599,38.9177,38.7539,38.6415,38.8119,30.1121,38.9226,34.3768,37.7723

1020.6500,38.8075,39.0749,39.0749,38.9019,38.7646,38.6466,38.8348,30.1027,38.9248,34.3747,37.7760

1021.6500,38.8094,39.0961,39.0662,38.8886,38.7646,38.6462,38.8601,30.1253,38.9250,34.3857,37.7821

1022.6500,38.8085,39.0864,39.0752,38.9041,38.7390,38.6411,38.8454,30.1220,38.9227,34.3816,37.7777

1023.6500,38.8280,39.0952,39.0738,38.9087,38.7538,38.6452,38.8379,30.1369,38.9319,34.3911,37.7849

1024.6510,38.8233,39.1321,39.0878,38.9275,38.7501,38.6759,38.8612,30.0880,38.9442,34.3820,37.7932

1025.6510,38.8197,39.1141,39.0852,38.9210,38.7768,38.6733,38.8637,30.0901,38.9434,34.3817,37.7930

1026.6500,38.8186,39.1186,39.0976,38.9279,38.7701,38.6838,38.8617,30.0917,38.9466,34.3877,37.7963

1027.6500,38.8287,39.0976,39.1028,38.9223,38.7652,38.6664,38.8682,30.0972,38.9433,34.3818,37.7935

1028.6500,38.8548,39.1103,39.1108,38.9135,38.7568,38.6808,38.8898,30.1146,38.9492,34.3977,37.8039

1029.6500,38.8550,39.1172,39.0911,38.9298,38.7841,38.6965,38.8487,30.1087,38.9555,34.4026,37.8039

1030.6500,38.8574,39.1246,39.1088,38.9437,38.7902,38.6732,38.8794,30.0965,38.9650,34.3848,37.8092

1031.6500,38.8479,39.1226,39.0960,38.9347,38.8092,38.6614,38.8834,30.1269,38.9621,34.3941,37.8103

1032.6500,38.8455,39.1430,39.1295,38.9416,38.7946,38.6930,38.8889,30.1127,38.9708,34.4029,37.8186

1033.6500,38.8705,39.1203,39.1151,38.9417,38.8038,38.6821,38.9011,30.1112,38.9703,34.3966,37.8182

1034.6500,38.8731,39.1360,39.1342,38.9602,38.8008,38.7038,38.9015,30.1265,38.9809,34.4151,37.8295

1035.6500,38.8976,39.1388,39.1388,38.9374,38.8044,38.6924,38.8861,30.1343,38.9834,34.4133,37.8287

1036.6500,38.8922,39.1459,39.1328,38.9799,38.7971,38.7033,38.9114,30.1424,38.9896,34.4229,37.8381

1037.6500,38.8844,39.1449,39.1439,38.9472,38.8210,38.7086,38.8987,30.1196,38.9883,34.4141,37.8335

1038.6500,38.8793,39.1456,39.1358,38.9624,38.8056,38.7105,38.9092,30.1092,38.9857,34.4099,37.8322

1039.6500,38.8770,39.1470,39.1363,38.9596,38.8052,38.7026,38.9153,30.1285,38.9850,34.4156,37.8339

1040.6500,38.8800,39.1562,39.1390,38.9744,38.8166,38.7229,38.9301,30.0973,38.9933,34.4101,37.8396

1041.6500,38.8953,39.1506,39.1445,38.9664,38.8100,38.6948,38.9328,30.1197,38.9934,34.4073,37.8393

1042.6500,38.8959,39.1644,39.1285,38.9798,38.8460,38.7368,38.9187,30.0958,39.0029,34.4163,37.8457

1043.6500,38.9114,39.1646,39.1538,38.9809,38.8303,38.7155,38.9268,30.1143,39.0082,34.4149,37.8497

1044.6500,38.9014,39.1553,39.1669,38.9944,38.8431,38.7270,38.9189,30.1235,39.0122,34.4252,37.8538

1045.6500,38.9017,39.1740,39.1414,38.9833,38.8481,38.7287,38.9371,30.1078,39.0097,34.4183,37.8528

1046.6500,38.9118,39.1791,39.1763,38.9809,38.8503,38.7244,38.9189,30.0818,39.0197,34.4031,37.8529

1047.6500,38.9096,39.1809,39.1744,38.9837,38.8359,38.7412,38.9511,30.1176,39.0169,34.4294,37.8618

1048.6500,38.9097,39.1780,39.1277,38.9901,38.8789,38.7451,38.9542,30.1173,39.0169,34.4312,37.8626

1049.6500,38.9000,39.1950,39.1778,39.0002,38.8650,38.7508,38.9368,30.1296,39.0276,34.4402,37.8694

1050.6500,38.9378,39.1986,39.1739,39.0033,38.8580,38.7582,38.9422,30.1127,39.0343,34.4355,37.8731

1051.6500,38.9224,39.2019,39.1688,39.0130,38.8660,38.7555,38.9515,30.1174,39.0344,34.4365,37.8746

1052.6500,38.9101,39.2149,39.2135,39.0093,38.8593,38.7507,38.9622,30.0975,39.0414,34.4241,37.8772

1053.6500,38.9249,39.2000,39.1991,39.0061,38.8773,38.7677,38.9651,30.1134,39.0415,34.4405,37.8817

1054.6500,38.9322,39.1939,39.1739,39.0079,38.8814,38.7667,38.9907,30.1033,39.0379,34.4350,37.8813

1055.6500,38.9499,39.2161,39.1890,39.0319,38.8711,38.7802,38.9583,30.0934,39.0516,34.4368,37.8862

1056.6500,38.9538,39.2032,39.1892,39.0437,38.9100,38.7552,38.9654,30.0903,39.0600,34.4227,37.8888

1057.6500,38.9371,39.2185,39.1896,39.0353,38.9082,38.7846,38.9816,30.1308,39.0577,34.4577,37.8982

1058.6500,38.9497,39.1956,39.2348,39.0371,38.8946,38.7818,38.9765,30.0965,39.0624,34.4391,37.8958

1059.6500,38.9679,39.2400,39.2093,39.0433,38.8960,38.7939,38.9920,30.1200,39.0713,34.4570,37.9078

1060.6510,38.9672,39.2210,39.2228,39.0447,38.8847,38.7802,39.0051,30.1245,39.0681,34.4524,37.9063

1061.6500,38.9614,39.2134,39.2045,39.0381,38.9045,38.7921,38.9845,30.1144,39.0644,34.4533,37.9016

1062.6500,38.9547,39.2049,39.2287,39.0483,38.8927,38.7864,38.9993,30.1227,39.0659,34.4546,37.9047

1063.6510,38.9621,39.2361,39.2375,39.0450,38.8847,38.8082,39.0054,30.1372,39.0731,34.4727,37.9145

1064.6500,38.9546,39.2305,39.2399,39.0459,38.8810,38.8087,39.0007,30.1024,39.0704,34.4556,37.9080

1065.6500,38.9946,39.2318,39.2202,39.0463,38.9247,38.8197,39.0118,30.1390,39.0835,34.4793,37.9235

1066.6500,38.9888,39.2606,39.2187,39.0536,38.9076,38.7967,38.9865,30.1373,39.0859,34.4670,37.9187

1067.6500,38.9851,39.2581,39.2325,39.0777,38.9142,38.8270,38.9900,30.1205,39.0935,34.4738,37.9256

1068.6500,38.9845,39.2577,39.2414,39.0601,38.9252,38.8133,38.9957,30.1062,39.0938,34.4598,37.9230

1069.6500,38.9966,39.2500,39.2207,39.0612,38.9234,38.8218,39.0039,30.1227,39.0904,34.4722,37.9250

1070.6500,38.9791,39.2753,39.2445,39.0603,38.9339,38.8285,38.9983,30.1163,39.0986,34.4724,37.9295

1071.6500,39.0117,39.2535,39.2601,39.0685,38.9268,38.8187,38.9934,30.1125,39.1041,34.4656,37.9306

1072.6500,39.0029,39.2677,39.2579,39.0826,38.9358,38.8234,38.9964,30.1314,39.1094,34.4774,37.9373

1073.6500,39.0195,39.2613,39.2413,39.0860,38.9155,38.8251,39.0357,30.1190,39.1047,34.4720,37.9379

1074.6500,39.0237,39.2614,39.2647,39.0852,38.9332,38.8362,39.0274,30.1236,39.1136,34.4799,37.9444

1075.6500,39.0244,39.2743,39.2715,39.0766,38.9289,38.8319,39.0347,30.1314,39.1151,34.4817,37.9467

1076.6500,39.0154,39.2842,39.2544,39.0861,38.9454,38.8218,39.0325,30.1242,39.1171,34.4730,37.9455

1077.6510,39.0232,39.2911,39.2589,39.0981,38.9435,38.8409,39.0454,30.1198,39.1229,34.4804,37.9526

1078.6500,39.0190,39.2947,39.2807,39.0812,38.9468,38.8381,39.0495,30.1128,39.1245,34.4755,37.9528

1079.6500,39.0118,39.2980,39.2738,39.0952,38.9432,38.8486,39.0584,30.1121,39.1244,34.4803,37.9551

1080.6500,39.0407,39.2907,39.2846,39.0949,38.9573,38.8472,39.0506,30.1248,39.1336,34.4860,37.9614

1081.6500,39.0311,39.2900,39.2905,39.0980,38.9565,38.8847,39.0672,30.1174,39.1332,34.5011,37.9669

1082.6500,39.0402,39.3039,39.3058,39.1086,38.9722,38.8411,39.0853,30.1065,39.1461,34.4738,37.9704

1083.6500,39.0518,39.2919,39.2994,39.1017,38.9931,38.8527,39.0784,30.1036,39.1476,34.4782,37.9716

1084.6500,39.0578,39.3113,39.3071,39.1174,38.9799,38.8480,39.0866,30.0842,39.1547,34.4661,37.9740

1085.6510,39.0201,39.3143,39.2980,39.1017,38.9675,38.8705,39.0872,30.1003,39.1403,34.4854,37.9699

1086.6500,39.0513,39.3206,39.2824,39.1183,38.9847,38.8756,39.0833,30.1172,39.1514,34.4964,37.9792

1087.6500,39.0438,39.3136,39.2819,39.1244,38.9892,38.8587,39.0838,30.1181,39.1506,34.4884,37.9767

1088.6500,39.0583,39.3004,39.3032,39.1294,38.9898,38.8765,39.0869,30.1012,39.1562,34.4889,37.9807

1089.6510,39.0669,39.3102,39.3060,39.1410,38.9755,38.8860,39.0758,30.0943,39.1599,34.4901,37.9820

1090.6500,39.0856,39.3238,39.3107,39.1317,38.9909,38.8762,39.1005,30.1010,39.1685,34.4886,37.9900

1091.6500,39.0573,39.3332,39.2973,39.1379,38.9958,38.8951,39.0936,30.1007,39.1643,34.4979,37.9889

1092.6500,39.0638,39.3352,39.3259,39.1268,39.0135,38.8950,39.0923,30.1171,39.1730,34.5061,37.9962

1093.6500,39.0762,39.3398,39.2937,39.1589,39.0301,38.9238,39.0746,30.1197,39.1797,34.5217,38.0021

1094.6500,39.0666,39.3279,39.3087,39.1475,39.0158,38.9286,39.0813,30.1138,39.1733,34.5212,37.9988

1095.6500,39.0659,39.3530,39.3245,39.1460,39.0067,38.9265,39.1027,30.1263,39.1792,34.5264,38.0065

1096.6500,39.0850,39.3391,39.3373,39.1312,39.0337,38.9302,39.0883,30.1144,39.1853,34.5223,38.0074

1097.6500,39.0785,39.3514,39.3603,39.1575,39.0365,38.9209,39.0950,30.1093,39.1968,34.5151,38.0137

1098.6500,39.0735,39.3650,39.3417,39.1613,39.0189,38.9215,39.0998,30.0986,39.1921,34.5100,38.0100

1099.6500,39.0916,39.3438,39.3494,39.1657,39.0417,38.9349,39.0995,30.1305,39.1984,34.5327,38.0196

1100.6500,39.1013,39.3501,39.3351,39.1659,39.0188,38.9409,39.1156,30.1243,39.1942,34.5326,38.0190

1101.6500,39.0939,39.3415,39.3383,39.1793,39.0267,38.9367,39.1164,30.0957,39.1959,34.5162,38.0161

1102.6500,39.1073,39.3738,39.3505,39.1752,39.0243,38.9641,39.1300,30.1162,39.2062,34.5402,38.0302

1103.6500,39.0923,39.3670,39.3307,39.1624,39.0387,38.9483,39.1274,30.1106,39.1982,34.5294,38.0222

1104.6500,39.1110,39.3720,39.3492,39.1879,39.0313,38.9278,39.1231,30.0876,39.2103,34.5077,38.0237

1105.6500,39.1106,39.3812,39.3556,39.1780,39.0304,38.9377,39.1248,30.0999,39.2112,34.5188,38.0273

1106.6500,39.1309,39.3731,39.3465,39.1839,39.0581,38.9453,39.1265,30.1203,39.2185,34.5328,38.0356

1107.6500,39.1169,39.3653,39.3676,39.2021,39.0376,38.9401,39.1252,30.1334,39.2179,34.5368,38.0360

1108.6500,39.1224,39.3793,39.3732,39.1933,39.0557,38.9531,39.1276,30.1263,39.2248,34.5397,38.0414

1109.6500,39.1286,39.3742,39.3695,39.2045,39.0466,38.9384,39.1579,30.1246,39.2247,34.5315,38.0430

1110.6500,39.1434,39.3809,39.3730,39.1982,39.0487,38.9643,39.1404,30.1211,39.2288,34.5427,38.0463

1111.6500,39.1214,39.3773,39.3731,39.2113,39.0505,38.9698,39.1540,30.1243,39.2267,34.5471,38.0477

1112.6500,39.1409,39.4098,39.3730,39.2037,39.0514,38.9735,39.1497,30.1022,39.2357,34.5379,38.0505

1113.6500,39.1500,39.4011,39.3853,39.2179,39.0507,38.9533,39.1671,30.1166,39.2410,34.5349,38.0552

1114.6500,39.1537,39.3923,39.3905,39.2120,39.0581,38.9411,39.1472,30.1043,39.2413,34.5227,38.0499

1115.6500,39.1441,39.4040,39.3989,39.1971,39.0789,38.9889,39.1686,30.1073,39.2446,34.5481,38.0610

1116.6500,39.1679,39.3977,39.3861,39.2285,39.0798,38.9734,39.1842,30.1068,39.2520,34.5401,38.0656

1117.6510,39.1540,39.4079,39.4042,39.2084,39.0854,38.9782,39.2047,30.1102,39.2520,34.5442,38.0691

1118.6500,39.1402,39.4337,39.4048,39.2165,39.0809,38.9765,39.1909,30.1137,39.2552,34.5451,38.0697

1119.6500,39.1500,39.4129,39.3984,39.2175,39.0862,38.9892,39.1854,30.1410,39.2530,34.5651,38.0726

1120.6500,39.1580,39.4106,39.4083,39.2176,39.1011,38.9841,39.2018,30.0978,39.2591,34.5410,38.0724

1121.6500,39.1655,39.4187,39.4220,39.2122,39.1147,38.9916,39.2067,30.1120,39.2666,34.5518,38.0804

1122.6500,39.1878,39.4212,39.4179,39.2254,39.1086,39.0018,39.2053,30.1124,39.2722,34.5571,38.0851

1123.6500,39.1677,39.4367,39.4190,39.2395,39.0969,39.0022,39.1962,30.0804,39.2720,34.5413,38.0798

1124.6500,39.1799,39.4348,39.4222,39.2464,39.1146,38.9976,39.2180,30.1011,39.2796,34.5493,38.0893

1125.6500,39.1808,39.4531,39.4317,39.2550,39.1011,39.0167,39.2084,30.1114,39.2843,34.5641,38.0948

1126.6500,39.1650,39.4378,39.4298,39.2448,39.1105,39.0084,39.2019,30.1040,39.2776,34.5562,38.0878

1127.6500,39.1634,39.4444,39.4239,39.2617,39.1135,39.0235,39.2136,30.0934,39.2814,34.5585,38.0922

1128.6500,39.1820,39.4529,39.4342,39.2413,39.1284,39.0147,39.2170,30.1070,39.2878,34.5608,38.0972

1129.6500,39.1737,39.4697,39.4227,39.2623,39.1345,39.0203,39.2129,30.1024,39.2926,34.5613,38.0998

1130.6510,39.1893,39.4490,39.4369,39.2462,39.1581,39.0387,39.2304,30.1172,39.2959,34.5779,38.1082

1131.6500,39.1918,39.4616,39.4290,39.2668,39.1181,39.0123,39.2164,30.1051,39.2934,34.5587,38.1001

1132.6500,39.1891,39.4668,39.4398,39.2697,39.1457,39.0282,39.2137,30.1155,39.3022,34.5719,38.1086

1133.6500,39.1942,39.4489,39.4429,39.2783,39.1467,39.0203,39.2270,30.1489,39.3022,34.5846,38.1134

1134.6500,39.2015,39.4625,39.4252,39.2667,39.1507,39.0406,39.2448,30.1163,39.3013,34.5784,38.1135

1135.6500,39.2011,39.4755,39.4419,39.2657,39.1205,39.0333,39.2177,30.1094,39.3009,34.5713,38.1081

1136.6500,39.2209,39.4620,39.4750,39.2779,39.1370,39.0488,39.2270,30.1424,39.3145,34.5956,38.1239

1137.6500,39.2089,39.4606,39.4620,39.2812,39.1166,39.0406,39.2369,30.1054,39.3059,34.5730,38.1140

1138.6500,39.2122,39.4690,39.4769,39.2811,39.1367,39.0696,39.2499,30.1332,39.3152,34.6014,38.1286

1139.6500,39.1914,39.4915,39.4626,39.2967,39.1634,39.0506,39.2389,30.1259,39.3211,34.5883,38.1276

1140.6500,39.2234,39.4877,39.4756,39.2919,39.1604,39.0653,39.2523,30.1083,39.3278,34.5868,38.1331

1141.6500,39.2387,39.4809,39.4650,39.2981,39.1776,39.0601,39.2553,30.1096,39.3321,34.5848,38.1357

1142.6500,39.2294,39.4866,39.4871,39.2955,39.1725,39.0672,39.2554,30.1247,39.3342,34.5959,38.1398

1143.6500,39.2341,39.4910,39.4738,39.3177,39.1628,39.0537,39.2524,30.1036,39.3359,34.5786,38.1361

1144.6500,39.2478,39.4958,39.4842,39.2893,39.1840,39.0828,39.2665,30.1254,39.3402,34.6041,38.1470

1145.6500,39.2717,39.4911,39.4883,39.2878,39.1626,39.0596,39.2743,30.1354,39.3403,34.5975,38.1464

1146.6500,39.2489,39.4956,39.4793,39.3049,39.1743,39.0591,39.2681,30.1110,39.3406,34.5850,38.1426

1147.6500,39.2363,39.5010,39.4907,39.3183,39.1864,39.0684,39.2740,30.1316,39.3465,34.6000,38.1508

1148.6500,39.2590,39.5048,39.4940,39.3034,39.1713,39.0883,39.2745,30.1037,39.3465,34.5960,38.1499

1149.6500,39.2579,39.5093,39.5009,39.3271,39.1731,39.0883,39.2828,30.1262,39.3537,34.6072,38.1582

1150.6510,39.2658,39.4967,39.5182,39.3364,39.1740,39.0915,39.2791,30.1060,39.3582,34.5987,38.1585

1151.6500,39.2577,39.5076,39.5039,39.3268,39.1724,39.1090,39.2923,30.1142,39.3537,34.6116,38.1605

1152.6510,39.2596,39.5133,39.4937,39.3376,39.1873,39.0792,39.2919,30.1222,39.3583,34.6007,38.1606

1153.6510,39.2682,39.5165,39.5170,39.3347,39.2123,39.1018,39.2965,30.1032,39.3698,34.6025,38.1688

1154.6500,39.2885,39.5395,39.5106,39.3410,39.2139,39.0978,39.2976,30.1264,39.3787,34.6121,38.1769

1155.6500,39.2785,39.5273,39.5357,39.3460,39.1946,39.0916,39.2845,30.1211,39.3764,34.6063,38.1724

1156.6500,39.2773,39.5391,39.5340,39.3461,39.1939,39.1202,39.3149,30.1152,39.3781,34.6177,38.1801

1157.6500,39.3000,39.5306,39.5325,39.3605,39.2161,39.1065,39.3078,30.1061,39.3879,34.6063,38.1825

1158.6500,39.2967,39.5348,39.5311,39.3521,39.2160,39.1177,39.2967,30.1098,39.3861,34.6137,38.1819

1159.6500,39.2895,39.5275,39.5359,39.3588,39.2075,39.1171,39.3163,30.0833,39.3838,34.6002,38.1795

1160.6500,39.2825,39.5425,39.5369,39.3561,39.2364,39.1115,39.3188,30.1219,39.3909,34.6167,38.1883

1161.6500,39.2890,39.5156,39.5426,39.3888,39.2270,39.1197,39.3096,30.1199,39.3926,34.6198,38.1890

1162.6500,39.2822,39.5588,39.5537,39.3672,39.2282,39.0976,39.3136,30.1206,39.3980,34.6091,38.1902

1163.6500,39.2895,39.5628,39.5358,39.3601,39.2158,39.1338,39.3125,30.1040,39.3928,34.6189,38.1893

1164.6510,39.2929,39.5498,39.5423,39.3699,39.2225,39.1330,39.3172,30.1036,39.3955,34.6183,38.1914

1165.6500,39.3047,39.5542,39.5500,39.3720,39.2343,39.1326,39.3347,30.1089,39.4030,34.6208,38.1989

1166.6500,39.2769,39.5705,39.5560,39.3855,39.2326,39.1575,39.3235,30.1091,39.4043,34.6333,38.2014

1167.6500,39.3141,39.5698,39.5623,39.3679,39.2340,39.1487,39.3143,30.0987,39.4096,34.6237,38.2012

1168.6500,39.2977,39.5523,39.5672,39.3696,39.2530,39.1588,39.3300,30.1165,39.4080,34.6376,38.2056

1169.6500,39.3227,39.5555,39.5732,39.3798,39.2402,39.1549,39.3323,30.1267,39.4143,34.6408,38.2107

1170.6500,39.3247,39.5573,39.5718,39.3863,39.2641,39.1494,39.3317,30.0882,39.4208,34.6188,38.2092

1171.6500,39.3148,39.5760,39.5737,39.3905,39.2593,39.1432,39.3537,30.1022,39.4229,34.6227,38.2142

1172.6500,39.3326,39.5840,39.5630,39.3841,39.2646,39.1559,39.3622,30.1042,39.4256,34.6301,38.2188

1173.6500,39.3418,39.5807,39.5732,39.3914,39.2658,39.1684,39.3551,30.1040,39.4306,34.6362,38.2225

1174.6500,39.3309,39.5929,39.5789,39.3958,39.2755,39.1599,39.3538,30.1100,39.4348,34.6349,38.2247

1175.6500,39.3388,39.5872,39.5867,39.3859,39.2511,39.1490,39.3318,30.1447,39.4299,34.6469,38.2219

1176.6500,39.3123,39.5787,39.5820,39.4240,39.2648,39.1552,39.3531,30.1232,39.4324,34.6392,38.2242

1177.6500,39.3252,39.6087,39.5971,39.3887,39.2772,39.1741,39.3734,30.0953,39.4394,34.6347,38.2300

1178.6500,39.3497,39.5839,39.5923,39.3998,39.2863,39.1628,39.3648,30.1186,39.4424,34.6407,38.2323

1179.6500,39.3486,39.5818,39.5808,39.4140,39.2820,39.1696,39.3958,30.1157,39.4414,34.6427,38.2360

1180.6500,39.3258,39.6019,39.5851,39.4192,39.2880,39.1724,39.3619,30.1180,39.4440,34.6452,38.2340

1181.6500,39.3482,39.5925,39.5869,39.4173,39.3058,39.1813,39.3688,30.1275,39.4501,34.6544,38.2410

1182.6500,39.3467,39.6061,39.6117,39.3992,39.2637,39.1999,39.3824,30.1086,39.4455,34.6542,38.2398

1183.6500,39.3471,39.6164,39.5903,39.4151,39.2851,39.2040,39.3867,30.1057,39.4508,34.6548,38.2438

1184.6500,39.3486,39.6234,39.6015,39.4127,39.3020,39.2288,39.3824,30.1344,39.4576,34.6816,38.2542

1185.6500,39.3558,39.6227,39.6045,39.4312,39.2942,39.2075,39.3915,30.1102,39.4617,34.6588,38.2522

1186.6500,39.3494,39.6128,39.5988,39.4362,39.2976,39.1895,39.3886,30.1225,39.4590,34.6560,38.2494

1187.6500,39.3739,39.6312,39.6298,39.4373,39.3002,39.2009,39.3907,30.1228,39.4745,34.6619,38.2608

1188.6500,39.3708,39.6237,39.6102,39.4257,39.2963,39.1900,39.4103,30.1028,39.4653,34.6464,38.2537

1189.6500,39.3823,39.6296,39.6473,39.4115,39.3124,39.2191,39.4003,30.1256,39.4766,34.6724,38.2660

1190.6500,39.3833,39.6383,39.6393,39.4505,39.3049,39.2080,39.4128,30.1416,39.4833,34.6748,38.2723

1191.6500,39.3865,39.6315,39.6352,39.4628,39.3054,39.2126,39.4143,30.1223,39.4843,34.6675,38.2713

1192.6500,39.3809,39.6398,39.6239,39.4496,39.3049,39.2037,39.4156,30.1397,39.4798,34.6717,38.2698

1193.6500,39.3866,39.6219,39.6382,39.4518,39.3036,39.2136,39.4094,30.1215,39.4804,34.6676,38.2683

1194.6500,39.3721,39.6457,39.6508,39.4281,39.3175,39.2098,39.4127,30.1106,39.4828,34.6602,38.2684

1195.6500,39.4155,39.6329,39.6375,39.4693,39.3158,39.2323,39.4343,30.1126,39.4942,34.6725,38.2813

1196.6500,39.3997,39.6505,39.6416,39.4668,39.3176,39.2323,39.4179,30.1338,39.4952,34.6830,38.2825

1197.6500,39.4299,39.6442,39.6405,39.4485,39.3240,39.2220,39.4312,30.1078,39.4974,34.6649,38.2810

1198.6500,39.4078,39.6519,39.6673,39.4860,39.3458,39.2316,39.4347,30.1354,39.5117,34.6835,38.2950

1199.6500,39.4016,39.6624,39.6498,39.4694,39.3294,39.2469,39.4223,30.1165,39.5025,34.6817,38.2873

1200.6500,39.4061,39.6542,39.6407,39.4785,39.3432,39.2327,39.4394,30.1210,39.5046,34.6768,38.2895

1201.6500,39.4090,39.6693,39.6441,39.4735,39.3577,39.2510,39.4288,30.1206,39.5107,34.6858,38.2943

1202.6500,39.4133,39.6496,39.6683,39.4907,39.3531,39.2175,39.4613,30.1404,39.5150,34.6790,38.2993

1203.6500,39.4217,39.6768,39.6549,39.4928,39.3611,39.2199,39.4457,30.1005,39.5215,34.6602,38.2967

1204.6500,39.4151,39.6844,39.6415,39.4882,39.3330,39.2407,39.4332,30.1216,39.5124,34.6811,38.2947

1205.6500,39.4286,39.6681,39.6774,39.4966,39.3698,39.2701,39.4491,30.1262,39.5281,34.6982,38.3107

1206.6500,39.4372,39.6813,39.6720,39.4833,39.3599,39.2564,39.4521,30.1068,39.5268,34.6816,38.3061

1207.6500,39.4178,39.6814,39.6586,39.5039,39.3768,39.2719,39.4652,30.0858,39.5277,34.6789,38.3077

1208.6500,39.4356,39.6750,39.6867,39.5003,39.3634,39.2664,39.4429,30.1207,39.5322,34.6935,38.3114

1209.6500,39.4420,39.6794,39.6654,39.4986,39.3576,39.2639,39.4538,30.1200,39.5286,34.6920,38.3101

1210.6500,39.4433,39.6935,39.6828,39.5099,39.3715,39.2671,39.4680,30.1171,39.5402,34.6921,38.3192

1211.6500,39.4692,39.6934,39.6706,39.5042,39.3732,39.2632,39.4399,30.1310,39.5421,34.6971,38.3181

1212.6500,39.4556,39.6879,39.6716,39.5117,39.3969,39.2519,39.4530,30.1192,39.5447,34.6856,38.3185

1213.6500,39.4369,39.7229,39.6996,39.5090,39.3856,39.2570,39.4526,30.1229,39.5508,34.6899,38.3233

1214.6500,39.4448,39.7108,39.6973,39.5295,39.3870,39.2835,39.4400,30.1271,39.5539,34.7053,38.3275

1215.6500,39.4570,39.6973,39.6940,39.4918,39.3950,39.2869,39.4577,30.1258,39.5470,34.7063,38.3257

1216.6500,39.4552,39.7237,39.7060,39.5196,39.3862,39.2818,39.4660,30.1160,39.5582,34.6989,38.3318

1217.6500,39.4492,39.7264,39.7125,39.5167,39.4073,39.2987,39.4701,30.1128,39.5624,34.7057,38.3367

1218.6500,39.4573,39.7196,39.7150,39.5258,39.3846,39.3040,39.4773,30.1096,39.5605,34.7068,38.3367

1219.6500,39.4589,39.7027,39.7162,39.5294,39.4039,39.3088,39.4795,30.1357,39.5622,34.7222,38.3419

1220.6510,39.4787,39.7361,39.6974,39.5404,39.4098,39.2965,39.4891,30.1106,39.5725,34.7035,38.3448

1221.6500,39.4712,39.7217,39.7133,39.5339,39.3962,39.3128,39.4891,30.1166,39.5673,34.7147,38.3444

1222.6500,39.4766,39.7260,39.7321,39.5233,39.4016,39.3014,39.4949,30.1263,39.5719,34.7138,38.3478

1223.6500,39.4754,39.7372,39.7274,39.5219,39.4078,39.3202,39.4892,30.1264,39.5739,34.7233,38.3507

1224.6500,39.4859,39.7311,39.7064,39.5372,39.4188,39.3303,39.5162,30.1366,39.5759,34.7334,38.3578

1225.6500,39.4974,39.7460,39.7386,39.5391,39.3990,39.3263,39.5172,30.1110,39.5840,34.7187,38.3593

1226.6500,39.4883,39.7405,39.7377,39.5304,39.4002,39.3060,39.5080,30.1301,39.5794,34.7181,38.3552

1227.6500,39.4823,39.7579,39.7319,39.5487,39.4189,39.3065,39.5142,30.1202,39.5879,34.7134,38.3601

1228.6500,39.4769,39.7569,39.7424,39.5425,39.4280,39.3180,39.5183,30.1224,39.5894,34.7202,38.3632

1229.6500,39.4852,39.7305,39.7361,39.5553,39.4223,39.3100,39.5282,30.1237,39.5859,34.7168,38.3614

1230.6500,39.4997,39.7392,39.7443,39.5533,39.3939,39.3291,39.5230,30.1082,39.5861,34.7187,38.3613

1231.6500,39.5014,39.7274,39.7288,39.5717,39.4218,39.3220,39.5293,30.1227,39.5902,34.7223,38.3656

1232.6510,39.5058,39.7632,39.7539,39.5619,39.4229,39.3441,39.5293,30.1158,39.6015,34.7299,38.3746

1233.6500,39.5052,39.7829,39.7409,39.5667,39.4377,39.3062,39.5247,30.1222,39.6067,34.7142,38.3733

1234.6500,39.4974,39.7593,39.7313,39.5799,39.4438,39.3231,39.5165,30.1228,39.6023,34.7230,38.3718

1235.6500,39.5271,39.7625,39.7378,39.5547,39.4451,39.3383,39.5407,30.1071,39.6054,34.7227,38.3767

1236.6500,39.5261,39.7811,39.7341,39.5840,39.4408,39.3537,39.5258,30.1184,39.6132,34.7360,38.3830

1237.6500,39.5240,39.7644,39.7648,39.5733,39.4611,39.3422,39.5286,30.1186,39.6175,34.7304,38.3846

1238.6500,39.5150,39.7644,39.7495,39.5873,39.4591,39.3570,39.5337,30.1335,39.6150,34.7453,38.3874

1239.6500,39.5300,39.7735,39.7707,39.6128,39.4466,39.3482,39.5540,30.1247,39.6267,34.7365,38.3951

1240.6500,39.5208,39.7705,39.7458,39.5753,39.4784,39.3591,39.5725,30.1069,39.6181,34.7330,38.3911

1241.6500,39.5017,39.7638,39.7652,39.5764,39.4448,39.3404,39.5448,30.1276,39.6104,34.7340,38.3831

1242.6500,39.5348,39.7924,39.7756,39.5869,39.4584,39.3624,39.5580,30.1309,39.6296,34.7466,38.3999

1243.6500,39.5190,39.7841,39.7855,39.5796,39.4682,39.3479,39.5605,30.1333,39.6273,34.7406,38.3973

1244.6500,39.5239,39.7899,39.7670,39.5955,39.4517,39.3636,39.5615,30.1054,39.6256,34.7345,38.3948

1245.6510,39.5238,39.7931,39.7805,39.5890,39.4730,39.3831,39.5540,30.1198,39.6319,34.7515,38.4020

1246.6500,39.5395,39.7900,39.7681,39.5943,39.4808,39.3712,39.5748,30.1319,39.6346,34.7515,38.4063

1247.6500,39.5308,39.7861,39.7888,39.6020,39.4740,39.3934,39.5913,30.0912,39.6363,34.7423,38.4072

1248.6500,39.5396,39.8041,39.7892,39.6112,39.4925,39.3979,39.5669,30.1131,39.6473,34.7555,38.4143

1249.6500,39.5261,39.8064,39.7887,39.6107,39.4940,39.3798,39.5930,30.1325,39.6452,34.7561,38.4164

1250.6500,39.5493,39.7888,39.7897,39.6024,39.5046,39.3913,39.5535,30.1277,39.6470,34.7595,38.4134

1251.6500,39.5385,39.7796,39.8029,39.6165,39.4630,39.3889,39.5643,30.1253,39.6401,34.7571,38.4099

1252.6500,39.5365,39.8105,39.8030,39.6031,39.4857,39.3939,39.5705,30.1106,39.6478,34.7522,38.4142

1253.6500,39.5609,39.8052,39.7936,39.6249,39.5049,39.4085,39.5811,30.1328,39.6579,34.7706,38.4265

1254.6500,39.5498,39.7840,39.7849,39.6349,39.4804,39.3853,39.5897,30.1160,39.6468,34.7507,38.4156

1255.6500,39.5452,39.8211,39.8067,39.6235,39.4972,39.3960,39.5783,30.1287,39.6587,34.7624,38.4246

1256.6500,39.5590,39.8373,39.8099,39.6137,39.4858,39.4117,39.5867,30.1403,39.6611,34.7760,38.4305

1257.6510,39.5409,39.8390,39.8050,39.6354,39.4869,39.4007,39.5869,30.1404,39.6614,34.7705,38.4294

1258.6500,39.5609,39.8193,39.8085,39.6459,39.5049,39.4047,39.6016,30.1431,39.6679,34.7739,38.4361

1259.6500,39.5562,39.8293,39.8233,39.6299,39.4979,39.3977,39.6001,30.1224,39.6673,34.7600,38.4321

1260.6500,39.5730,39.8358,39.8064,39.6205,39.4951,39.4276,39.5977,30.1191,39.6662,34.7733,38.4344

1261.6500,39.5849,39.8157,39.8418,39.6442,39.4903,39.4223,39.6102,30.1176,39.6754,34.7699,38.4409

1262.6500,39.5718,39.8339,39.8372,39.6382,39.5131,39.4264,39.5804,30.1287,39.6788,34.7776,38.4412

1263.6500,39.5776,39.8470,39.8181,39.6364,39.5184,39.4294,39.6005,30.1031,39.6795,34.7662,38.4413

1264.6510,39.6021,39.8376,39.8218,39.6545,39.5075,39.4120,39.6107,30.1269,39.6847,34.7694,38.4466

1265.6500,39.5939,39.8261,39.8121,39.6700,39.5114,39.4349,39.6169,30.1186,39.6827,34.7767,38.4480

1266.6500,39.5851,39.8356,39.8048,39.6487,39.5240,39.4341,39.6003,30.1050,39.6796,34.7695,38.4422

1267.6500,39.6046,39.8442,39.8502,39.6536,39.5077,39.4327,39.6107,30.1186,39.6921,34.7756,38.4528

1268.6500,39.6045,39.8394,39.8343,39.6540,39.5304,39.4423,39.6176,30.1143,39.6925,34.7783,38.4546

1269.6500,39.6015,39.8556,39.8547,39.6562,39.5283,39.4579,39.6096,30.1178,39.6993,34.7879,38.4602

1270.6510,39.5981,39.8643,39.8568,39.6388,39.5063,39.4466,39.6229,30.1318,39.6929,34.7892,38.4582

1271.6500,39.5953,39.8764,39.8462,39.6728,39.5273,39.4312,39.6346,30.1181,39.7036,34.7747,38.4627

1272.6500,39.6248,39.8715,39.8338,39.6483,39.5493,39.4533,39.6292,30.1446,39.7056,34.7990,38.4694

1273.6500,39.6223,39.8813,39.8384,39.6604,39.5352,39.4583,39.6390,30.1421,39.7075,34.8002,38.4721

1274.6500,39.5984,39.8578,39.8695,39.6756,39.5392,39.4301,39.6290,30.1330,39.7081,34.7816,38.4666

1275.6510,39.6041,39.8800,39.8469,39.6689,39.5202,39.4485,39.6470,30.1125,39.7040,34.7805,38.4660

1276.6500,39.6263,39.8711,39.8693,39.6834,39.5461,39.4562,39.6475,30.1353,39.7192,34.7957,38.4794

1277.6500,39.6004,39.8660,39.8697,39.6903,39.5627,39.4364,39.6269,30.1205,39.7178,34.7784,38.4716

1278.6500,39.6452,39.8801,39.8689,39.6765,39.5585,39.4602,39.6522,30.1078,39.7258,34.7840,38.4812

1279.6510,39.6308,39.8851,39.8623,39.7020,39.5464,39.4719,39.6484,30.1125,39.7253,34.7922,38.4824

1280.6500,39.6377,39.8813,39.8715,39.6982,39.5445,39.4732,39.6493,30.0918,39.7267,34.7825,38.4810

1281.6500,39.6360,39.8869,39.8706,39.7038,39.5591,39.4692,39.6712,30.1061,39.7313,34.7876,38.4879

1282.6500,39.6446,39.8820,39.8754,39.6951,39.5603,39.4722,39.6569,30.1303,39.7315,34.8012,38.4896

1283.6500,39.6530,39.8971,39.8766,39.6963,39.5631,39.4815,39.6656,30.1167,39.7372,34.7991,38.4937

1284.6500,39.6642,39.9061,39.8674,39.6880,39.5607,39.4862,39.6470,30.1237,39.7373,34.8049,38.4929

1285.6500,39.6825,39.8880,39.8619,39.7016,39.5795,39.4700,39.6658,30.1332,39.7427,34.8016,38.4978

1286.6500,39.6663,39.8866,39.8819,39.6876,39.5876,39.4608,39.6643,30.1174,39.7420,34.7891,38.4941

1287.6500,39.6696,39.8749,39.8879,39.7057,39.5829,39.4766,39.6745,30.0943,39.7442,34.7855,38.4958

1288.6500,39.6654,39.9152,39.8933,39.7051,39.5843,39.4669,39.6613,30.1183,39.7527,34.7926,38.5012

1289.6500,39.6898,39.9100,39.9179,39.7031,39.5808,39.4792,39.6663,30.1190,39.7603,34.7991,38.5083

1290.6500,39.6712,39.9138,39.8924,39.7177,39.5873,39.4811,39.6771,30.0903,39.7565,34.7857,38.5039

1291.6500,39.6470,39.9140,39.9014,39.7221,39.5915,39.4941,39.6755,30.1204,39.7552,34.8073,38.5082

1292.6510,39.6674,39.9101,39.9120,39.7084,39.5770,39.4638,39.6715,30.1190,39.7550,34.7914,38.5036

1293.6500,39.6808,39.9049,39.9077,39.7474,39.6076,39.4939,39.6794,30.1216,39.7697,34.8078,38.5179

1294.6500,39.6634,39.9183,39.9136,39.7366,39.5940,39.4910,39.6904,30.1215,39.7652,34.8063,38.5161

1295.6500,39.6722,39.9177,39.9196,39.7248,39.5995,39.5138,39.7057,30.1421,39.7668,34.8279,38.5244

1296.6500,39.6816,39.9234,39.9211,39.7329,39.5977,39.4962,39.7161,30.1286,39.7714,34.8124,38.5247

1297.6500,39.6700,39.9482,39.9278,39.7405,39.6080,39.5092,39.7148,30.0882,39.7789,34.7987,38.5258

1298.6500,39.6789,39.9260,39.9297,39.7475,39.6230,39.5182,39.6860,30.1005,39.7810,34.8093,38.5262

1299.6500,39.6672,39.9408,39.9189,39.7437,39.6053,39.5125,39.6850,30.1263,39.7752,34.8194,38.5250

1300.6500,39.6925,39.9364,39.9141,39.7347,39.6128,39.5271,39.6970,30.1010,39.7781,34.8141,38.5270

1301.6500,39.6865,39.9469,39.9278,39.7396,39.6101,39.5369,39.7051,30.1138,39.7822,34.8253,38.5333

1302.6500,39.6853,39.9333,39.9351,39.7511,39.6033,39.5339,39.7096,30.1173,39.7816,34.8256,38.5336

1303.6500,39.6925,39.9400,39.9442,39.7313,39.6259,39.5164,39.7061,30.1086,39.7868,34.8125,38.5331

1304.6500,39.6996,39.9500,39.9565,39.7533,39.6334,39.5360,39.7207,30.1185,39.7986,34.8273,38.5460

1305.6500,39.7097,39.9492,39.9409,39.7517,39.6356,39.5294,39.7233,30.1099,39.7974,34.8196,38.5437

1306.6500,39.6956,39.9682,39.9440,39.7567,39.6518,39.5460,39.7330,30.1178,39.8033,34.8319,38.5517

1307.6510,39.6942,39.9529,39.9548,39.7717,39.6453,39.5409,39.7433,30.1248,39.8038,34.8328,38.5535

1308.6500,39.7076,39.9661,39.9461,39.7625,39.6563,39.5323,39.7294,30.1341,39.8077,34.8332,38.5543

1309.6500,39.6706,39.9553,39.9604,39.7773,39.6454,39.5653,39.7414,30.1339,39.8018,34.8496,38.5562

1310.6500,39.7150,39.9709,39.9420,39.7738,39.6628,39.5584,39.7393,30.1303,39.8129,34.8444,38.5616

1311.6500,39.6958,39.9622,39.9725,39.7721,39.6539,39.5476,39.7302,30.1457,39.8113,34.8467,38.5600

1312.6500,39.7160,39.9672,39.9593,39.7781,39.6451,39.5365,39.7427,30.1157,39.8131,34.8261,38.5576

1313.6500,39.7243,39.9838,39.9586,39.7797,39.6363,39.5659,39.7308,30.1148,39.8166,34.8403,38.5618

1314.6500,39.7114,39.9894,39.9512,39.7588,39.6476,39.5628,39.7499,30.1257,39.8117,34.8442,38.5621

1315.6500,39.7327,39.9909,39.9522,39.7849,39.6526,39.5678,39.7449,30.1341,39.8227,34.8509,38.5700

1316.6500,39.7172,39.9715,39.9659,39.7903,39.6492,39.5695,39.7427,30.1090,39.8188,34.8393,38.5644

1317.6500,39.7200,39.9797,39.9951,39.7794,39.6617,39.5625,39.7603,30.1217,39.8272,34.8421,38.5725

1318.6500,39.7286,39.9895,39.9494,39.7915,39.6517,39.5692,39.7747,30.1337,39.8221,34.8515,38.5735

1319.6500,39.7209,39.9858,39.9770,39.7696,39.6562,39.6068,39.7720,30.1104,39.8219,34.8586,38.5748

1320.6500,39.7511,39.9827,39.9804,39.8103,39.6551,39.5685,39.7572,30.1254,39.8359,34.8469,38.5788

1321.6510,39.7492,40.0011,39.9909,39.7891,39.6774,39.5949,39.7649,30.1041,39.8415,34.8495,38.5839

1322.6500,39.7504,40.0039,39.9867,39.8078,39.6703,39.5799,39.7761,30.1294,39.8438,34.8546,38.5880

1323.6510,39.7523,40.0059,39.9710,39.8065,39.6517,39.5948,39.7665,30.1346,39.8375,34.8647,38.5854

1324.6500,39.7640,40.0146,39.9815,39.8180,39.6685,39.5715,39.7746,30.1214,39.8493,34.8465,38.5893

1325.6500,39.7552,40.0116,39.9976,39.7903,39.6853,39.5874,39.7893,30.1003,39.8480,34.8439,38.5896

1326.6500,39.7644,39.9898,39.9833,39.8137,39.6814,39.5873,39.7741,30.1270,39.8465,34.8571,38.5901

1327.6500,39.7668,40.0022,40.0036,39.8415,39.6796,39.5832,39.7721,30.1322,39.8587,34.8577,38.5976

1328.6500,39.7661,40.0114,39.9862,39.7929,39.6930,39.5844,39.7817,30.1382,39.8499,34.8613,38.5942

1329.6500,39.7587,40.0008,40.0054,39.8033,39.6921,39.5737,39.7925,30.1250,39.8521,34.8494,38.5939

1330.6500,39.7680,40.0250,40.0012,39.8344,39.6711,39.5909,39.8032,30.1198,39.8599,34.8554,38.6017

1331.6500,39.7643,40.0205,39.9995,39.8281,39.7032,39.5975,39.8085,30.1269,39.8631,34.8622,38.6061

1332.6500,39.7652,40.0260,40.0093,39.8276,39.6860,39.6156,39.7940,30.1268,39.8628,34.8712,38.6063

1333.6500,39.7833,40.0023,40.0135,39.8197,39.7026,39.6025,39.7936,30.1427,39.8643,34.8726,38.6075

1334.6500,39.7668,40.0192,40.0062,39.8422,39.6950,39.6014,39.7938,30.1214,39.8659,34.8614,38.6058

1335.6500,39.7689,40.0247,40.0107,39.8225,39.6971,39.6128,39.8015,30.1320,39.8648,34.8724,38.6088

1336.6500,39.7785,40.0142,40.0179,39.8274,39.6909,39.6089,39.7975,30.1332,39.8658,34.8710,38.6086

1337.6510,39.8031,40.0224,40.0279,39.8183,39.7248,39.6116,39.8174,30.1068,39.8793,34.8592,38.6165

1338.6500,39.7828,40.0233,40.0359,39.8379,39.7125,39.5927,39.8197,30.1268,39.8785,34.8598,38.6165

1339.6500,39.7726,40.0653,40.0276,39.8333,39.7153,39.6389,39.8007,30.1325,39.8828,34.8857,38.6233

1340.6500,39.7931,40.0300,40.0481,39.8441,39.7017,39.6263,39.8115,30.1127,39.8834,34.8695,38.6209

1341.6500,39.8004,40.0424,40.0419,39.8308,39.7226,39.6173,39.8066,30.1257,39.8876,34.8715,38.6235

1342.6510,39.8010,40.0416,40.0104,39.8440,39.7367,39.6132,39.8161,30.1188,39.8867,34.8660,38.6227

1343.6500,39.8154,40.0780,40.0342,39.8516,39.7343,39.6392,39.8097,30.1197,39.9027,34.8794,38.6353

1344.6500,39.8288,40.0597,40.0583,39.8324,39.7268,39.6378,39.8370,30.1342,39.9012,34.8860,38.6394

1345.6510,39.8054,40.0586,40.0302,39.8466,39.7318,39.6390,39.8108,30.1195,39.8945,34.8793,38.6302

1346.6500,39.7982,40.0582,40.0410,39.8374,39.7195,39.6351,39.8346,30.1235,39.8909,34.8793,38.6310

1347.6500,39.8305,40.0588,40.0360,39.8496,39.7233,39.6329,39.8282,30.1180,39.8996,34.8755,38.6347

1348.6500,39.8067,40.0512,40.0475,39.8742,39.7201,39.6567,39.8420,30.1011,39.8999,34.8789,38.6374

1349.6500,39.8080,40.0589,40.0394,39.8796,39.7348,39.6510,39.8456,30.1108,39.9041,34.8809,38.6410

1350.6500,39.8068,40.0625,40.0308,39.8770,39.7499,39.6488,39.8444,30.1110,39.9054,34.8799,38.6414

1351.6500,39.8148,40.0750,40.0517,39.8612,39.7436,39.6466,39.8383,30.0895,39.9092,34.8681,38.6401

1352.6500,39.8308,40.0643,40.0713,39.8696,39.7479,39.6612,39.8519,30.1009,39.9168,34.8811,38.6497

1353.6500,39.8293,40.0908,40.0516,39.8569,39.7366,39.6420,39.8490,30.1206,39.9130,34.8813,38.6471

1354.6500,39.8237,40.0691,40.0402,39.8856,39.7394,39.6313,39.8474,30.1211,39.9116,34.8762,38.6447

1355.6510,39.8186,40.0826,40.0788,39.8930,39.7403,39.6336,39.8361,30.1243,39.9227,34.8790,38.6509

1356.6500,39.8243,40.0880,40.0811,39.9022,39.7623,39.6575,39.8691,30.1245,39.9316,34.8910,38.6636

1357.6500,39.8314,40.0859,40.0719,39.8776,39.7723,39.6651,39.8529,30.1133,39.9278,34.8892,38.6588

1358.6500,39.8257,40.0771,40.0781,39.8717,39.7572,39.6472,39.8554,30.1183,39.9219,34.8828,38.6538

1359.6500,39.8224,40.0881,40.0704,39.8878,39.7642,39.6556,39.8394,30.1254,39.9266,34.8905,38.6566

1360.6500,39.8276,40.0758,40.0688,39.8904,39.7717,39.6780,39.8596,30.1254,39.9269,34.9017,38.6622

1361.6500,39.8517,40.0976,40.0986,39.8945,39.7455,39.6686,39.8722,30.1323,39.9376,34.9005,38.6701

1362.6500,39.8392,40.0872,40.0685,39.9018,39.7768,39.6929,39.8827,30.1099,39.9347,34.9014,38.6699

1363.6500,39.8354,40.0747,40.0961,39.9177,39.7879,39.6746,39.8721,30.1159,39.9424,34.8953,38.6718

1364.6500,39.8600,40.1059,40.0901,39.8958,39.7747,39.7081,39.8791,30.1026,39.9453,34.9053,38.6770

1365.6510,39.8485,40.1095,40.0820,39.8952,39.7446,39.7036,39.8770,30.1244,39.9359,34.9140,38.6731

1366.6500,39.8317,40.0994,40.0943,39.9154,39.7782,39.6868,39.8707,30.1127,39.9438,34.8998,38.6737

1367.6500,39.8557,40.1150,40.1024,39.9073,39.8087,39.7019,39.8723,30.1242,39.9578,34.9131,38.6859

1368.6500,39.8482,40.1166,40.1128,39.9093,39.7853,39.6861,39.8748,30.0814,39.9544,34.8837,38.6768

1369.6500,39.8576,40.1062,40.0885,39.9352,39.7863,39.7043,39.9026,30.1054,39.9548,34.9049,38.6858

1370.6500,39.8488,40.1174,40.1109,39.9236,39.7761,39.6997,39.8850,30.1177,39.9554,34.9087,38.6849

1371.6500,39.8667,40.1220,40.1024,39.9091,39.7968,39.7097,39.8853,30.0991,39.9594,34.9044,38.6864

1372.6500,39.8657,40.1261,40.1103,39.9202,39.8107,39.7031,39.8857,30.1234,39.9666,34.9133,38.6932

1373.6500,39.8784,40.1411,40.1234,39.9212,39.8052,39.6999,39.9147,30.1339,39.9739,34.9169,38.7022

1374.6500,39.8737,40.1046,40.1284,39.9318,39.8113,39.7283,39.8987,30.1085,39.9699,34.9184,38.6982

1375.6500,39.8696,40.1478,40.1185,39.9158,39.8039,39.7033,39.8958,30.1204,39.9711,34.9118,38.6969

1376.6500,39.8672,40.1331,40.1261,39.9346,39.8136,39.7060,39.8992,30.1118,39.9749,34.9089,38.6989

1377.6500,39.8676,40.1438,40.1261,39.9249,39.8336,39.7437,39.8829,30.1075,39.9792,34.9256,38.7037

1378.6500,39.8753,40.1402,40.1067,39.9576,39.8278,39.7103,39.9045,30.1096,39.9815,34.9100,38.7040

1379.6500,39.8828,40.1203,40.1301,39.9461,39.8231,39.7206,39.8902,30.1031,39.9805,34.9118,38.7020

1380.6500,39.8722,40.1359,40.1359,39.9291,39.8038,39.7311,39.8927,30.1127,39.9754,34.9219,38.7017

1381.6500,39.8957,40.1420,40.1480,39.9393,39.8314,39.7116,39.9091,30.1368,39.9913,34.9242,38.7142

1382.6500,39.8822,40.1440,40.1235,39.9390,39.8156,39.7317,39.9073,30.1307,39.9809,34.9312,38.7093

1383.6500,39.8870,40.1295,40.1463,39.9441,39.8172,39.7277,39.9115,30.1121,39.9848,34.9199,38.7094

1384.6500,39.8996,40.1499,40.1369,39.9640,39.8181,39.7412,39.9333,30.0909,39.9937,34.9161,38.7167

1385.6510,39.8850,40.1507,40.1410,39.9542,39.8207,39.7387,39.9146,30.1236,39.9903,34.9311,38.7160

1386.6500,39.8836,40.1515,40.1478,39.9335,39.8384,39.7439,39.9247,30.1176,39.9910,34.9307,38.7176

1387.6500,39.9233,40.1585,40.1357,39.9563,39.8120,39.7197,39.9004,30.1195,39.9972,34.9196,38.7157

1388.6500,39.9045,40.1555,40.1485,39.9519,39.8323,39.7605,39.9198,30.1165,39.9985,34.9385,38.7237

1389.6500,39.9063,40.1616,40.1280,39.9668,39.8131,39.7502,39.9366,30.1122,39.9952,34.9312,38.7218

1390.6500,39.8899,40.1581,40.1418,39.9647,39.8233,39.7599,39.9214,30.1220,39.9955,34.9409,38.7226

1391.6510,39.9026,40.1722,40.1628,39.9439,39.8341,39.7591,39.9448,30.1099,40.0031,34.9345,38.7287

1392.6500,39.9226,40.1652,40.1591,39.9504,39.8308,39.7665,39.9369,30.1127,40.0056,34.9396,38.7305

1393.6500,39.9064,40.1690,40.1546,39.9725,39.8366,39.7685,39.9464,30.1354,40.0078,34.9520,38.7362

1394.6500,39.8934,40.1624,40.1750,39.9584,39.8361,39.7695,39.9374,30.1232,40.0051,34.9464,38.7319

1395.6500,39.9126,40.1599,40.1660,39.9559,39.8478,39.7738,39.9307,30.1059,40.0084,34.9398,38.7316

1396.6500,39.9187,40.1754,40.1563,39.9914,39.8586,39.7678,39.9471,30.1187,40.0201,34.9432,38.7417

1397.6500,39.9257,40.1710,40.1663,39.9688,39.8395,39.7603,39.9665,30.1154,40.0143,34.9378,38.7392

1398.6500,39.9216,40.1725,40.1655,39.9969,39.8648,39.7479,39.9559,30.1183,40.0242,34.9331,38.7429

1399.6500,39.9084,40.1836,40.1906,39.9907,39.8608,39.7653,39.9604,30.1167,40.0268,34.9410,38.7471

1400.6500,39.9215,40.1695,40.1868,40.0074,39.8605,39.7808,39.9590,30.1347,40.0292,34.9577,38.7525

1401.6500,39.9486,40.1747,40.1891,39.9827,39.8676,39.7837,39.9613,30.1126,40.0325,34.9482,38.7525

1402.6500,39.9363,40.1798,40.1714,40.0000,39.8454,39.8007,40.0088,30.1336,40.0266,34.9671,38.7595

1403.6500,39.9324,40.1943,40.1896,39.9907,39.8667,39.7796,39.9674,30.1301,40.0348,34.9549,38.7564

1404.6500,39.9315,40.1984,40.1765,39.9715,39.8719,39.7824,39.9678,30.1099,40.0300,34.9462,38.7512

1405.6500,39.9385,40.2010,40.1773,39.9840,39.8598,39.7838,39.9910,30.1245,40.0321,34.9542,38.7575

1406.6500,39.9375,40.1876,40.1936,40.0054,39.8662,39.7856,39.9523,30.1226,40.0381,34.9541,38.7564

1407.6500,39.9403,40.2061,40.2005,40.0058,39.8611,39.7954,39.9700,30.1079,40.0428,34.9517,38.7609

1408.6500,39.9489,40.1908,40.1898,39.9974,39.8748,39.7858,39.9718,30.1124,40.0403,34.9491,38.7590

1409.6500,39.9339,40.1972,40.2000,40.0388,39.8654,39.7997,39.9885,30.1321,40.0470,34.9659,38.7694

1410.6500,39.9291,40.2109,40.1881,40.0045,39.8532,39.7842,39.9808,30.1259,40.0372,34.9551,38.7596

1411.6500,39.9502,40.1992,40.1922,40.0175,39.8971,39.8039,39.9705,30.1419,40.0512,34.9729,38.7716

1412.6500,39.9462,40.2176,40.2078,39.9973,39.8851,39.7901,39.9917,30.1059,40.0508,34.9480,38.7677

1413.6510,39.9542,40.2030,40.2067,40.0106,39.8657,39.8145,39.9668,30.1221,40.0481,34.9683,38.7680

1414.6500,39.9351,40.1996,40.2075,40.0142,39.8764,39.8023,39.9756,30.0868,40.0466,34.9445,38.7622

1415.6500,39.9527,40.2059,40.2077,40.0270,39.8791,39.8115,39.9981,30.1191,40.0545,34.9653,38.7751

1416.6500,39.9394,40.2077,40.2067,40.0176,39.8709,39.8075,40.0041,30.1075,40.0485,34.9575,38.7702

1417.6500,39.9487,40.2278,40.2166,40.0158,39.8830,39.8038,40.0079,30.1410,40.0584,34.9724,38.7806

1418.6500,39.9691,40.2182,40.2233,40.0291,39.8834,39.8168,39.9895,30.1234,40.0646,34.9701,38.7816

1419.6500,39.9633,40.2034,40.2318,40.0199,39.8990,39.8021,39.9933,30.1143,40.0635,34.9582,38.7784

1420.6500,39.9684,40.2233,40.2322,40.0132,39.8869,39.7993,39.9946,30.1176,40.0648,34.9584,38.7794

1421.6500,39.9637,40.2163,40.2051,40.0514,39.9185,39.8165,40.0011,30.0973,40.0710,34.9569,38.7838

1422.6500,39.9692,40.2711,40.2156,40.0386,39.9194,39.7982,40.0074,30.1146,40.0828,34.9564,38.7918

1423.6500,39.9731,40.2405,40.2294,40.0402,39.9163,39.8110,40.0151,30.1115,40.0799,34.9612,38.7921

1424.6500,39.9815,40.2383,40.2211,40.0376,39.9247,39.8189,40.0254,30.1327,40.0806,34.9758,38.7975

1425.6500,39.9826,40.2422,40.2277,40.0493,39.9216,39.8168,40.0121,30.1272,40.0847,34.9720,38.7974

1426.6500,39.9797,40.2459,40.2236,40.0210,39.9229,39.8106,40.0247,30.1102,40.0786,34.9604,38.7923

1427.6500,39.9826,40.2520,40.2417,40.0340,39.9085,39.8363,40.0312,30.1220,40.0838,34.9792,38.8011

1428.6500,40.0091,40.2561,40.2338,40.0237,39.9280,39.8213,40.0274,30.1473,40.0901,34.9843,38.8059

1429.6500,39.9900,40.2408,40.2292,40.0699,39.8903,39.8223,40.0294,30.1074,40.0841,34.9649,38.7974

1430.6500,39.9986,40.2475,40.2596,40.0509,39.9069,39.8458,40.0346,30.1208,40.0927,34.9833,38.8081

1431.6500,39.9822,40.2363,40.2284,40.0467,39.9262,39.8345,40.0323,30.1131,40.0840,34.9738,38.8000

1432.6500,39.9843,40.2581,40.2376,40.0475,39.9308,39.8311,40.0284,30.1130,40.0917,34.9720,38.8038

1433.6500,40.0135,40.2554,40.2526,40.0402,39.9245,39.8374,40.0327,30.1104,40.0972,34.9739,38.8083

1434.6500,40.0000,40.2794,40.2412,40.0609,39.9245,39.8509,40.0423,30.0982,40.1012,34.9745,38.8122

1435.6500,40.0040,40.2825,40.2378,40.0627,39.9075,39.8684,40.0268,30.1097,40.0989,34.9890,38.8124

1436.6500,40.0174,40.2563,40.2475,40.0532,39.9466,39.8525,40.0588,30.1162,40.1042,34.9844,38.8186

1437.6500,40.0161,40.2683,40.2576,40.0745,39.9304,39.8698,40.0186,30.1064,40.1094,34.9881,38.8177

1438.6500,40.0200,40.2726,40.2451,40.0570,39.9273,39.8402,40.0318,30.0864,40.1044,34.9633,38.8101

1439.6500,39.9963,40.2593,40.2644,40.0446,39.9260,39.8678,40.0623,30.1378,40.0981,35.0028,38.8198

1440.6500,40.0169,40.2648,40.2741,40.0612,39.9480,39.8436,40.0594,30.1044,40.1130,34.9740,38.8215

1441.6500,40.0181,40.2775,40.2798,40.0702,39.9343,39.8714,40.0605,30.1014,40.1160,34.9864,38.8267

1442.6500,40.0168,40.2537,40.2430,40.0679,39.9525,39.8622,40.0507,30.0997,40.1068,34.9809,38.8183

1443.6500,40.0484,40.2807,40.2793,40.0734,39.9511,39.8751,40.0674,30.1226,40.1266,34.9989,38.8373

1444.6500,40.0325,40.2785,40.2603,40.0777,39.9458,39.8820,40.0572,30.1079,40.1190,34.9950,38.8302

1445.6500,40.0444,40.2836,40.2701,40.0731,39.9652,39.8599,40.0577,30.1092,40.1273,34.9845,38.8329

1446.6500,40.0549,40.2904,40.2536,40.0669,39.9590,39.8579,40.0715,30.1212,40.1250,34.9895,38.8344

1447.6510,40.0623,40.2881,40.2634,40.0757,39.9589,39.8657,40.0757,30.1122,40.1297,34.9890,38.8378

1448.6500,40.0492,40.3070,40.2614,40.0821,39.9770,39.8721,40.0793,30.1187,40.1353,34.9954,38.8433

1449.6500,40.0593,40.2901,40.2873,40.1070,39.9848,39.8655,40.0740,30.1030,40.1457,34.9843,38.8464

1450.6500,40.0638,40.3064,40.2882,40.0880,39.9511,39.8793,40.0833,30.1048,40.1395,34.9920,38.8456

1451.6500,40.0446,40.3015,40.2940,40.0775,39.9812,39.8834,40.0593,30.0994,40.1398,34.9914,38.8426

1452.6500,40.0699,40.2994,40.2896,40.1098,39.9903,39.8715,40.0772,30.1025,40.1518,34.9870,38.8513

1453.6500,40.0377,40.3029,40.2954,40.1105,39.9543,39.8900,40.0593,30.1254,40.1402,35.0077,38.8470

1454.6500,40.0357,40.3273,40.2891,40.1121,39.9872,39.9010,40.0902,30.0928,40.1503,34.9969,38.8544

1455.6500,40.0632,40.2930,40.2995,40.1118,39.9901,39.9025,40.0657,30.1159,40.1515,35.0092,38.8552

1456.6500,40.0754,40.3109,40.3221,40.0962,39.9879,39.9045,40.0669,30.0991,40.1585,35.0018,38.8579

1457.6500,40.0499,40.3039,40.2983,40.1040,39.9670,39.8999,40.0947,30.1025,40.1446,35.0012,38.8525

1458.6500,40.0608,40.3223,40.3134,40.0927,39.9583,39.8889,40.0838,30.1083,40.1495,34.9986,38.8536

1459.6500,40.0747,40.3402,40.2997,40.1045,39.9769,39.9205,40.0868,30.1026,40.1592,35.0116,38.8632

1460.6500,40.0994,40.3093,40.2944,40.1137,39.9853,39.9149,40.0918,30.1064,40.1604,35.0106,38.8644

1461.6510,40.0759,40.3515,40.3045,40.1126,39.9776,39.9133,40.0865,30.0850,40.1644,34.9992,38.8634

1462.6500,40.0749,40.3163,40.3074,40.1188,39.9910,39.8955,40.0825,30.1136,40.1617,35.0045,38.8625

1463.6510,40.0805,40.3284,40.2883,40.1188,39.9943,39.9142,40.0955,30.0981,40.1621,35.0061,38.8648

1464.6500,40.0805,40.3287,40.2961,40.1294,40.0013,39.9100,40.0926,30.1061,40.1672,35.0080,38.8681

1465.6500,40.0929,40.3197,40.3114,40.1171,40.0044,39.8926,40.1153,30.0885,40.1691,34.9906,38.8677

1466.6500,40.0920,40.3292,40.3162,40.1467,39.9956,39.9071,40.1061,30.0843,40.1759,34.9957,38.8721

1467.6500,40.0960,40.3195,40.3242,40.1313,40.0293,39.9101,40.1109,30.0935,40.1801,35.0018,38.8768

1468.6500,40.0786,40.3239,40.3193,40.1441,40.0292,39.9319,40.1087,30.0901,40.1790,35.0110,38.8782

1469.6500,40.0867,40.3369,40.3146,40.1329,40.0029,39.9400,40.0943,30.1091,40.1748,35.0245,38.8772

1470.6500,40.1081,40.3237,40.3190,40.1243,40.0005,39.9418,40.1197,30.1142,40.1751,35.0280,38.8814

1471.6510,40.1027,40.3349,40.3340,40.1505,40.0095,39.9471,40.1276,30.1162,40.1863,35.0317,38.8903

1472.6500,40.0714,40.3552,40.3268,40.1554,40.0109,39.9414,40.1149,30.1073,40.1839,35.0244,38.8854

1473.6500,40.0662,40.3365,40.3193,40.1405,40.0312,39.9530,40.1316,30.0921,40.1787,35.0225,38.8838

1474.6500,40.0874,40.3482,40.3426,40.1223,40.0166,39.9477,40.1302,30.1140,40.1834,35.0308,38.8886

1475.6500,40.1049,40.3633,40.3423,40.1551,40.0104,39.9251,40.1397,30.0922,40.1952,35.0087,38.8916

1476.6500,40.0910,40.3503,40.3316,40.1532,40.0183,39.9429,40.1342,30.1016,40.1889,35.0222,38.8904

1477.6500,40.0884,40.3697,40.3525,40.1545,40.0311,39.9477,40.1410,30.0920,40.1992,35.0198,38.8971

1478.6500,40.1103,40.3606,40.3471,40.1524,40.0278,39.9379,40.1272,30.1000,40.1996,35.0189,38.8954

1479.6500,40.1030,40.3453,40.3220,40.1492,40.0317,39.9456,40.1278,30.0969,40.1903,35.0212,38.8902

1480.6500,40.1207,40.3610,40.3536,40.1677,40.0275,39.9409,40.1351,30.0715,40.2061,35.0062,38.8973

1481.6500,40.1284,40.3646,40.3465,40.1620,40.0478,39.9584,40.1387,30.1079,40.2099,35.0331,38.9068

1482.6500,40.1065,40.3421,40.3365,40.1586,40.0119,39.9523,40.1283,30.1036,40.1911,35.0280,38.8925

1483.6500,40.1338,40.3588,40.3472,40.1534,40.0351,39.9396,40.1413,30.1124,40.2056,35.0260,38.9027

1484.6500,40.1057,40.3676,40.3732,40.1808,40.0367,39.9478,40.1515,30.1085,40.2128,35.0281,38.9090

1485.6500,40.1020,40.3663,40.3635,40.1777,40.0307,39.9711,40.1260,30.1067,40.2081,35.0389,38.9055

1486.6500,40.1172,40.3622,40.3864,40.1694,40.0460,39.9565,40.1656,30.0995,40.2162,35.0280,38.9128

1487.6500,40.1184,40.3844,40.3733,40.1604,40.0396,39.9749,40.1474,30.1058,40.2152,35.0403,38.9130

1488.6500,40.1438,40.3770,40.3686,40.1609,40.0362,39.9696,40.1460,30.0966,40.2173,35.0331,38.9123

1489.6500,40.1358,40.3659,40.3640,40.1693,40.0464,39.9490,40.1283,30.1092,40.2163,35.0291,38.9085

1490.6500,40.1215,40.3719,40.3500,40.1796,40.0446,39.9794,40.1600,30.0915,40.2135,35.0355,38.9123

1491.6500,40.1128,40.3761,40.3529,40.1917,40.0434,39.9638,40.1712,30.0776,40.2154,35.0207,38.9112

1492.6500,40.1121,40.3877,40.3662,40.1823,40.0375,39.9784,40.1772,30.1163,40.2172,35.0474,38.9197

1493.6500,40.1346,40.3919,40.3761,40.1744,40.0410,39.9688,40.1707,30.0945,40.2236,35.0316,38.9190

1494.6510,40.1510,40.4030,40.3788,40.1766,40.0471,39.9614,40.1701,30.1213,40.2313,35.0413,38.9262

1495.6500,40.1554,40.3669,40.3832,40.1788,40.0488,39.9682,40.1732,30.0882,40.2266,35.0282,38.9203

1496.6500,40.1329,40.4136,40.3679,40.1891,40.0370,39.9750,40.1667,30.0960,40.2281,35.0355,38.9223

1497.6500,40.1516,40.3728,40.3858,40.1874,40.0826,39.9899,40.1613,30.1129,40.2360,35.0514,38.9305

1498.6500,40.1498,40.4149,40.4014,40.1676,40.0483,39.9971,40.1685,30.0971,40.2364,35.0471,38.9306

1499.6500,40.1433,40.3917,40.3940,40.2003,40.0431,39.9812,40.1775,30.0924,40.2345,35.0368,38.9279

1500.6500,40.1270,40.3994,40.3939,40.1992,40.0622,39.9761,40.1656,30.0961,40.2363,35.0361,38.9274

1501.6500,40.1396,40.3954,40.3531,40.2003,40.0567,39.9705,40.1751,30.1154,40.2290,35.0430,38.9258

1502.6500,40.1560,40.3988,40.3825,40.1980,40.0573,39.9976,40.1934,30.0930,40.2385,35.0453,38.9346

1503.6500,40.1621,40.3975,40.3859,40.2094,40.0549,39.9813,40.1651,30.1047,40.2419,35.0430,38.9326

1504.6510,40.1583,40.4037,40.3906,40.1862,40.0642,40.0000,40.1936,30.1141,40.2406,35.0570,38.9388

1505.6500,40.1417,40.4232,40.4004,40.2057,40.0732,39.9870,40.1857,30.1020,40.2488,35.0445,38.9399

1506.6500,40.1798,40.4260,40.4008,40.2001,40.0671,40.0229,40.2001,30.1368,40.2548,35.0798,38.9542

1507.6500,40.1643,40.4366,40.4114,40.2112,40.0670,40.0069,40.1846,30.1145,40.2581,35.0607,38.9496

1508.6500,40.1765,40.4219,40.4042,40.2123,40.1006,39.9981,40.2035,30.1212,40.2631,35.0597,38.9548

1509.6500,40.1675,40.4249,40.3890,40.2134,40.0785,39.9965,40.2120,30.1276,40.2547,35.0621,38.9512

1510.6500,40.1828,40.4019,40.4047,40.2072,40.0952,40.0044,40.1984,30.1116,40.2584,35.0580,38.9508

1511.6500,40.1822,40.4259,40.4110,40.2047,40.0983,39.9963,40.1926,30.1072,40.2644,35.0517,38.9523

1512.6500,40.1982,40.4043,40.4192,40.2292,40.0864,40.0221,40.2059,30.1148,40.2674,35.0685,38.9600

1513.6500,40.1802,40.4144,40.4055,40.2076,40.1052,40.0116,40.2048,30.0991,40.2626,35.0553,38.9535

1514.6510,40.1972,40.4294,40.4085,40.2320,40.0817,40.0328,40.1817,30.1022,40.2698,35.0675,38.9582

1515.6500,40.1840,40.4244,40.3983,40.2134,40.0927,40.0116,40.2092,30.1076,40.2625,35.0596,38.9551

1516.6500,40.1893,40.4380,40.4385,40.2289,40.0976,40.0403,40.2177,30.1219,40.2785,35.0811,38.9715

1517.6500,40.1616,40.4187,40.4397,40.2315,40.0857,40.0088,40.1957,30.1169,40.2674,35.0629,38.9573

1518.6500,40.1773,40.4296,40.4142,40.2256,40.0865,40.0082,40.1902,30.1065,40.2666,35.0573,38.9548

1519.6500,40.1946,40.4326,40.4331,40.2240,40.0963,40.0316,40.2258,30.0971,40.2761,35.0644,38.9669

1520.6500,40.1819,40.4327,40.4159,40.2343,40.1018,40.0258,40.2147,30.0989,40.2733,35.0624,38.9632

1521.6500,40.1854,40.4469,40.4334,40.2289,40.1062,40.0167,40.2201,30.1047,40.2801,35.0607,38.9678

1522.6500,40.2069,40.4501,40.4259,40.2503,40.1184,40.0341,40.2326,30.1217,40.2903,35.0779,38.9800

1523.6500,40.1773,40.4349,40.4205,40.2477,40.1065,40.0418,40.2454,30.1140,40.2774,35.0779,38.9735

1524.6500,40.2016,40.4485,40.4462,40.2361,40.1024,40.0567,40.2301,30.1150,40.2869,35.0859,38.9796

1525.6500,40.2108,40.4345,40.4406,40.2408,40.1032,40.0548,40.2282,30.1116,40.2860,35.0832,38.9781

1526.6500,40.1930,40.4467,40.4537,40.2432,40.0924,40.0463,40.2325,30.1115,40.2858,35.0789,38.9774

1527.6500,40.1930,40.4301,40.4571,40.2578,40.1217,40.0518,40.2070,30.0936,40.2919,35.0727,38.9765

1528.6500,40.1997,40.4591,40.4359,40.2514,40.1406,40.0535,40.2272,30.1075,40.2973,35.0805,38.9844

1529.6500,40.1927,40.4542,40.4487,40.2587,40.1247,40.0577,40.2340,30.0924,40.2958,35.0751,38.9829

1530.6500,40.1996,40.4569,40.4527,40.2762,40.1056,40.0529,40.2291,30.1098,40.2982,35.0813,38.9853

1531.6500,40.2148,40.4671,40.4392,40.2599,40.1216,40.0522,40.2380,30.1217,40.3005,35.0870,38.9893

1532.6500,40.2328,40.4513,40.4652,40.2557,40.1155,40.0372,40.2496,30.1080,40.3041,35.0726,38.9894

1533.6500,40.2313,40.4590,40.4450,40.2667,40.1330,40.0627,40.2643,30.1172,40.3070,35.0899,38.9974

1534.6500,40.2098,40.4598,40.4501,40.2694,40.1245,40.0379,40.2400,30.0993,40.3027,35.0686,38.9864

1535.6500,40.2299,40.4594,40.4724,40.2563,40.1628,40.0478,40.2405,30.1210,40.3162,35.0844,38.9988

1536.6500,40.2394,40.4761,40.4505,40.2749,40.1505,40.0587,40.2507,30.1241,40.3183,35.0914,39.0031

1537.6510,40.2119,40.4632,40.4614,40.2793,40.1327,40.0703,40.2374,30.1123,40.3097,35.0913,38.9961

1538.6500,40.2354,40.4740,40.4465,40.2392,40.1562,40.0682,40.2546,30.1134,40.3103,35.0908,38.9984

1539.6500,40.2262,40.4739,40.4650,40.2829,40.1461,40.0604,40.2471,30.1201,40.3188,35.0902,39.0027

1540.6500,40.2266,40.4714,40.4653,40.2558,40.1432,40.0668,40.2707,30.1172,40.3124,35.0920,39.0021

1541.6500,40.2354,40.4900,40.4523,40.2823,40.1497,40.0467,40.2590,30.1011,40.3219,35.0739,39.0021

1542.6500,40.2343,40.4784,40.4672,40.2754,40.1374,40.0648,40.2549,30.0944,40.3185,35.0796,39.0009

1543.6510,40.2390,40.4647,40.4838,40.2678,40.1384,40.0541,40.2738,30.1128,40.3188,35.0835,39.0043

1544.6500,40.2414,40.4980,40.4668,40.2600,40.1501,40.0644,40.2568,30.1091,40.3233,35.0868,39.0058

1545.6500,40.2439,40.4756,40.4737,40.2935,40.1512,40.0837,40.2679,30.0896,40.3276,35.0866,39.0099

1546.6500,40.2489,40.4835,40.4727,40.2790,40.1520,40.0770,40.2702,30.1035,40.3272,35.0903,39.0109

1547.6500,40.2399,40.4950,40.4740,40.2854,40.1547,40.0694,40.2696,30.1090,40.3298,35.0892,39.0121

1548.6500,40.2451,40.4830,40.4881,40.2944,40.1598,40.0820,40.2646,30.0912,40.3341,35.0866,39.0135

1549.6500,40.2551,40.5070,40.4841,40.2746,40.1713,40.0823,40.2695,30.1037,40.3384,35.0930,39.0184

1550.6500,40.2647,40.4945,40.4866,40.2807,40.1664,40.0811,40.2765,30.1152,40.3386,35.0982,39.0207

1551.6500,40.2580,40.4948,40.4943,40.3118,40.1732,40.0936,40.2834,30.0939,40.3464,35.0938,39.0254

1552.6500,40.2353,40.4952,40.4789,40.2978,40.1594,40.0765,40.2903,30.0781,40.3333,35.0773,39.0140

1553.6510,40.2583,40.4993,40.4947,40.2660,40.1717,40.1055,40.2874,30.1107,40.3380,35.1081,39.0242

1554.6500,40.2674,40.5089,40.4772,40.3115,40.1957,40.0918,40.2789,30.1015,40.3521,35.0967,39.0291

1555.6500,40.2753,40.5137,40.4946,40.2953,40.1831,40.0941,40.3018,30.1170,40.3524,35.1056,39.0344

1556.6500,40.2578,40.5013,40.5157,40.3085,40.1884,40.0999,40.2903,30.1144,40.3543,35.1071,39.0345

1557.6500,40.2781,40.4961,40.5068,40.3084,40.1887,40.1025,40.3010,30.1179,40.3556,35.1102,39.0374

1558.6500,40.2696,40.5098,40.4805,40.3091,40.1750,40.1093,40.2965,30.1037,40.3488,35.1065,39.0317

1559.6510,40.2727,40.5156,40.5095,40.3079,40.2033,40.1148,40.2753,30.0998,40.3618,35.1073,39.0373

1560.6500,40.2809,40.5098,40.5102,40.3184,40.1994,40.0918,40.2765,30.1128,40.3637,35.1023,39.0375

1561.6500,40.2819,40.5342,40.4946,40.3046,40.1990,40.0975,40.2920,30.1063,40.3629,35.1019,39.0388

1562.6500,40.2730,40.5182,40.4973,40.3115,40.2059,40.1184,40.2840,30.1086,40.3612,35.1135,39.0396

1563.6500,40.2996,40.5144,40.5191,40.3244,40.1999,40.0984,40.2830,30.1147,40.3715,35.1065,39.0442

1564.6500,40.2942,40.5183,40.5066,40.3260,40.2108,40.1088,40.3013,30.1112,40.3712,35.1100,39.0471

1565.6500,40.2814,40.5289,40.5154,40.3357,40.1948,40.1072,40.2705,30.1147,40.3712,35.1110,39.0436

1566.6500,40.2962,40.5364,40.5011,40.3376,40.1751,40.1010,40.2705,30.1080,40.3693,35.1045,39.0407

1567.6500,40.2793,40.5312,40.5326,40.3342,40.2071,40.1195,40.2984,30.1154,40.3769,35.1175,39.0522

1568.6500,40.2758,40.5209,40.5181,40.3221,40.1938,40.0983,40.3007,30.0879,40.3662,35.0931,39.0397

1569.6500,40.3054,40.5300,40.5183,40.3428,40.1904,40.1485,40.3027,30.1164,40.3774,35.1324,39.0568

1570.6500,40.2802,40.5354,40.5219,40.3244,40.2038,40.1111,40.3058,30.0829,40.3731,35.0970,39.0457

1571.6510,40.2847,40.5333,40.5324,40.3364,40.2023,40.1273,40.3270,30.0889,40.3778,35.1081,39.0540

1572.6500,40.3082,40.5411,40.5266,40.3408,40.2080,40.1223,40.2971,30.0910,40.3850,35.1066,39.0544

1573.6500,40.2896,40.5323,40.5136,40.3567,40.2118,40.1280,40.3167,30.0670,40.3808,35.0975,39.0520

1574.6500,40.3029,40.5461,40.5256,40.3402,40.2154,40.1124,40.3132,30.1040,40.3860,35.1082,39.0575

1575.6500,40.3060,40.5477,40.5412,40.3228,40.2282,40.1356,40.3200,30.0926,40.3892,35.1141,39.0618

1576.6500,40.2889,40.5454,40.5310,40.3373,40.2242,40.1357,40.3307,30.0959,40.3853,35.1158,39.0611

1577.6500,40.2799,40.5446,40.5395,40.3109,40.2137,40.1234,40.3304,30.0986,40.3777,35.1110,39.0551

1578.6500,40.3224,40.5406,40.5471,40.3380,40.2209,40.1235,40.3273,30.0903,40.3938,35.1069,39.0638

1579.6510,40.3058,40.5399,40.5357,40.3499,40.2196,40.1404,40.3243,30.0975,40.3902,35.1190,39.0642

1580.6500,40.3132,40.5480,40.5405,40.3366,40.2354,40.1516,40.3175,30.1163,40.3948,35.1339,39.0699

1581.6500,40.3009,40.5629,40.5229,40.3613,40.2287,40.1253,40.3227,30.0982,40.3954,35.1118,39.0654

1582.6500,40.3182,40.5526,40.5465,40.3644,40.2278,40.1296,40.3141,30.0922,40.4019,35.1109,39.0682

1583.6510,40.2949,40.5572,40.5381,40.3523,40.2385,40.1477,40.3346,30.0808,40.3962,35.1143,39.0680

1584.6500,40.3240,40.5616,40.5537,40.3409,40.2467,40.1344,40.3423,30.0952,40.4054,35.1148,39.0749

1585.6500,40.3427,40.5773,40.5461,40.3589,40.2650,40.1429,40.3389,30.1132,40.4180,35.1280,39.0856

1586.6510,40.3058,40.5667,40.5430,40.3651,40.2420,40.1470,40.3441,30.0834,40.4045,35.1152,39.0746

1587.6500,40.3140,40.5684,40.5614,40.3495,40.2334,40.1580,40.3472,30.1105,40.4053,35.1342,39.0803

1588.6500,40.3255,40.5645,40.5561,40.3652,40.2617,40.1397,40.3652,30.1099,40.4146,35.1248,39.0859

1589.6500,40.2945,40.5788,40.5532,40.3529,40.2637,40.1496,40.3348,30.1016,40.4086,35.1256,39.0786

1590.6500,40.3147,40.5805,40.5484,40.3649,40.2597,40.1638,40.3779,30.1041,40.4136,35.1339,39.0892

1591.6500,40.3022,40.5814,40.5502,40.3765,40.2411,40.1620,40.3467,30.0976,40.4103,35.1298,39.0822

1592.6500,40.3395,40.5705,40.5715,40.3717,40.2444,40.1741,40.3577,30.0831,40.4195,35.1286,39.0891

1593.6500,40.3291,40.5741,40.5741,40.3673,40.2341,40.1689,40.3678,30.0984,40.4157,35.1336,39.0892

1594.6500,40.3326,40.5844,40.5569,40.3646,40.2274,40.1790,40.3716,30.0955,40.4132,35.1372,39.0890

1595.6500,40.3267,40.5844,40.5732,40.3832,40.2629,40.1553,40.3455,30.1097,40.4261,35.1325,39.0926

1596.6500,40.3295,40.5744,40.5647,40.3723,40.2494,40.1661,40.3630,30.0806,40.4181,35.1233,39.0875

1597.6510,40.3337,40.5597,40.5690,40.3688,40.2606,40.1814,40.3590,30.1097,40.4184,35.1456,39.0927

1598.6500,40.3509,40.5819,40.5702,40.3858,40.2610,40.1837,40.3677,30.0951,40.4300,35.1394,39.0995

1599.6500,40.3520,40.5924,40.5533,40.3726,40.2649,40.1718,40.3633,30.1093,40.4270,35.1406,39.0974

1600.6500,40.3627,40.6063,40.5742,40.3912,40.2710,40.1881,40.3642,30.0873,40.4411,35.1377,39.1056

1601.6500,40.3438,40.5854,40.5775,40.3805,40.2735,40.1985,40.3688,30.0982,40.4321,35.1483,39.1033

1602.6510,40.3454,40.5856,40.5897,40.3667,40.2644,40.2164,40.3476,30.0891,40.4304,35.1528,39.1006

1603.6500,40.3356,40.5839,40.5829,40.3808,40.2709,40.2229,40.3613,30.0801,40.4308,35.1515,39.1023

1604.6500,40.3519,40.5845,40.5840,40.4038,40.2830,40.1996,40.3619,30.0928,40.4414,35.1462,39.1077

1605.6500,40.3540,40.6220,40.5922,40.3813,40.3084,40.1962,40.3743,30.1020,40.4516,35.1491,39.1163

1606.6500,40.3481,40.6129,40.5733,40.3838,40.2540,40.1972,40.3899,30.0847,40.4344,35.1409,39.1055

1607.6500,40.3514,40.5979,40.5840,40.3996,40.2718,40.2149,40.3912,30.0918,40.4409,35.1534,39.1128

1608.6500,40.3414,40.5903,40.6029,40.4152,40.2915,40.2170,40.3877,30.1094,40.4483,35.1632,39.1194

1609.6500,40.3533,40.6035,40.5932,40.3855,40.2951,40.2127,40.3986,30.0783,40.4461,35.1455,39.1150

1610.6500,40.3776,40.6065,40.5953,40.3909,40.3128,40.2029,40.3774,30.0933,40.4566,35.1481,39.1196

1611.6500,40.3768,40.5875,40.5926,40.3980,40.2678,40.1989,40.3812,30.0906,40.4445,35.1447,39.1117

1612.6500,40.3613,40.6198,40.6114,40.3958,40.2853,40.2080,40.3977,30.1093,40.4547,35.1587,39.1236

1613.6500,40.3596,40.6145,40.6070,40.4338,40.2944,40.2064,40.3961,30.0884,40.4619,35.1474,39.1250

1614.6500,40.3482,40.6295,40.6211,40.4251,40.3021,40.2187,40.3860,30.1177,40.4652,35.1682,39.1310

1615.6500,40.3692,40.6246,40.6013,40.4113,40.2915,40.2286,40.4011,30.1263,40.4596,35.1774,39.1317

1616.6500,40.3625,40.6174,40.6048,40.4144,40.2876,40.2256,40.3939,30.1186,40.4574,35.1721,39.1281

1617.6500,40.3530,40.6174,40.6095,40.4307,40.3073,40.2300,40.4228,30.1019,40.4636,35.1659,39.1341

1618.6510,40.3780,40.6372,40.5962,40.3960,40.2914,40.2211,40.3890,30.1027,40.4598,35.1619,39.1264

1619.6500,40.4003,40.6054,40.6138,40.4136,40.2992,40.2373,40.3996,30.1012,40.4665,35.1692,39.1338

1620.6500,40.3777,40.6299,40.6118,40.4339,40.2958,40.2241,40.4046,30.1109,40.4698,35.1675,39.1361

1621.6500,40.3974,40.6261,40.6032,40.4263,40.3215,40.2372,40.4128,30.0701,40.4749,35.1537,39.1368

1622.6500,40.3851,40.6133,40.6366,40.4294,40.3060,40.2389,40.4024,30.1254,40.4741,35.1821,39.1421

1623.6500,40.3843,40.6206,40.6290,40.4171,40.2967,40.2357,40.4204,30.1020,40.4695,35.1688,39.1382

1624.6500,40.3925,40.6452,40.6187,40.4241,40.3041,40.2174,40.4078,30.1122,40.4769,35.1648,39.1403

1625.6500,40.3966,40.6434,40.6220,40.4441,40.3151,40.2401,40.4143,30.1092,40.4842,35.1747,39.1481

1626.6510,40.3859,40.6303,40.6173,40.4194,40.3119,40.2471,40.4101,30.1140,40.4730,35.1806,39.1420

1627.6500,40.3846,40.6586,40.6451,40.4319,40.3170,40.2341,40.3867,30.1013,40.4874,35.1677,39.1449

1628.6500,40.4044,40.6321,40.6423,40.4207,40.3285,40.2195,40.4034,30.1072,40.4856,35.1633,39.1448

1629.6500,40.4005,40.6604,40.6343,40.4248,40.3381,40.2231,40.4155,30.1193,40.4916,35.1712,39.1520

1630.6500,40.3965,40.6576,40.6343,40.4410,40.3061,40.2446,40.4392,30.1246,40.4871,35.1846,39.1555

1631.6500,40.4151,40.6647,40.6251,40.4445,40.3229,40.2386,40.4296,30.0936,40.4945,35.1661,39.1543

1632.6500,40.3931,40.6657,40.6205,40.4417,40.3167,40.2459,40.4431,30.1287,40.4875,35.1873,39.1569

1633.6500,40.3928,40.6428,40.6363,40.4524,40.3225,40.2610,40.4077,30.1049,40.4893,35.1830,39.1525

1634.6500,40.4233,40.6549,40.6577,40.4500,40.3180,40.2486,40.4114,30.1239,40.5008,35.1863,39.1610

1635.6500,40.4126,40.6555,40.6462,40.4371,40.3176,40.2673,40.4278,30.1056,40.4938,35.1865,39.1587

1636.6500,40.4029,40.6545,40.6606,40.4296,40.3098,40.2474,40.4301,30.1147,40.4915,35.1810,39.1562

1637.6500,40.4028,40.6702,40.6437,40.4416,40.3250,40.2440,40.4272,30.1066,40.4967,35.1753,39.1576

1638.6500,40.4109,40.6537,40.6560,40.4567,40.3377,40.2642,40.4311,30.1044,40.5030,35.1843,39.1643

1639.6500,40.4249,40.6749,40.6493,40.4472,40.3387,40.2600,40.4365,30.1213,40.5070,35.1907,39.1691

1640.6500,40.4273,40.6687,40.6585,40.4662,40.3309,40.2671,40.4331,30.0918,40.5103,35.1795,39.1680

1641.6500,40.4352,40.6471,40.6448,40.4520,40.3281,40.2452,40.4260,30.1205,40.5015,35.1828,39.1624

1642.6500,40.4338,40.6744,40.6479,40.4481,40.3393,40.2592,40.4440,30.1040,40.5087,35.1816,39.1689

1643.6500,40.4242,40.6682,40.6538,40.4680,40.3385,40.2574,40.4601,30.0901,40.5105,35.1737,39.1700

1644.6500,40.4124,40.6705,40.6728,40.4768,40.3560,40.2606,40.4633,30.1003,40.5177,35.1804,39.1766

1645.6500,40.4376,40.6767,40.6665,40.4639,40.3360,40.2871,40.4402,30.1186,40.5161,35.2029,39.1783

1646.6500,40.4411,40.6695,40.6639,40.4534,40.3554,40.2506,40.4436,30.0996,40.5166,35.1751,39.1721

1647.6500,40.4407,40.6852,40.6615,40.4920,40.3298,40.2516,40.4585,30.0912,40.5218,35.1714,39.1763

1648.6500,40.4309,40.6818,40.6613,40.4634,40.3699,40.2637,40.4490,30.1025,40.5215,35.1831,39.1778

1649.6500,40.4458,40.6858,40.6607,40.4661,40.3755,40.2604,40.4544,30.1349,40.5268,35.1977,39.1855

1650.6500,40.4476,40.6982,40.6428,40.4822,40.3642,40.2846,40.4375,30.1142,40.5270,35.1994,39.1839

1651.6500,40.4513,40.6861,40.6753,40.4691,40.3330,40.2780,40.4523,30.1155,40.5229,35.1968,39.1826

1652.6500,40.4458,40.6932,40.6755,40.4888,40.3750,40.2688,40.4343,30.0907,40.5356,35.1798,39.1840

1653.6500,40.4464,40.6972,40.6753,40.4695,40.3635,40.2723,40.4881,30.1130,40.5304,35.1926,39.1907

1654.6500,40.4660,40.7031,40.6677,40.4875,40.3663,40.2955,40.4512,30.1130,40.5381,35.2042,39.1938

1655.6500,40.4434,40.6916,40.6860,40.4820,40.3601,40.2623,40.4634,30.1010,40.5326,35.1816,39.1862

1656.6500,40.4556,40.7152,40.6761,40.4903,40.3732,40.2735,40.4819,30.1016,40.5420,35.1875,39.1959

1657.6500,40.4593,40.7137,40.6927,40.4902,40.3825,40.2921,40.4576,30.0950,40.5477,35.1935,39.1979

1658.6500,40.4644,40.6980,40.7012,40.4712,40.3899,40.2870,40.4749,30.1058,40.5450,35.1964,39.1991

1659.6500,40.4549,40.6723,40.6845,40.5103,40.3864,40.2933,40.4689,30.1060,40.5417,35.1996,39.1971

1660.6500,40.4596,40.7245,40.6849,40.4958,40.3693,40.2906,40.4814,30.1216,40.5468,35.2061,39.2035

1661.6500,40.4755,40.7129,40.6966,40.4954,40.3614,40.3125,40.4605,30.1268,40.5483,35.2197,39.2052

1662.6500,40.4639,40.7005,40.6953,40.5072,40.4025,40.2874,40.4830,30.1189,40.5539,35.2032,39.2074

1663.6510,40.4583,40.7068,40.7087,40.5220,40.3801,40.2874,40.4875,30.1208,40.5552,35.2041,39.2089

1664.6500,40.4569,40.7236,40.7031,40.5136,40.3708,40.2930,40.4554,30.1246,40.5536,35.2088,39.2051

1665.6500,40.4680,40.7239,40.6951,40.5000,40.3651,40.3018,40.4930,30.1202,40.5504,35.2110,39.2084

1666.6500,40.4816,40.7109,40.7141,40.4920,40.4099,40.3074,40.4934,30.0864,40.5617,35.1969,39.2120

1667.6500,40.4683,40.7204,40.6934,40.5267,40.3827,40.2923,40.4936,30.1191,40.5583,35.2057,39.2121

1668.6500,40.4659,40.7222,40.6952,40.5179,40.3955,40.3010,40.4848,30.1002,40.5594,35.2006,39.2103

1669.6500,40.4935,40.7205,40.7177,40.5328,40.3952,40.3053,40.4835,30.0965,40.5719,35.2009,39.2181

1670.6500,40.4736,40.7166,40.7255,40.5010,40.4167,40.3101,40.4982,30.1126,40.5667,35.2114,39.2193

1671.6500,40.4725,40.7351,40.6937,40.5046,40.3943,40.2946,40.4972,30.0937,40.5600,35.1942,39.2107

1672.6500,40.4859,40.7260,40.7162,40.5188,40.3732,40.3285,40.4927,30.1096,40.5640,35.2190,39.2189

1673.6500,40.4661,40.7409,40.7232,40.5216,40.3921,40.3259,40.4969,30.1004,40.5688,35.2132,39.2209

1674.6500,40.4931,40.7102,40.7148,40.5072,40.4135,40.3297,40.5155,30.1117,40.5677,35.2207,39.2245

1675.6500,40.4828,40.7379,40.7040,40.5075,40.4074,40.3278,40.5028,30.1225,40.5679,35.2251,39.2241

1676.6500,40.4730,40.7283,40.7176,40.5132,40.4185,40.3333,40.4885,30.1464,40.5701,35.2399,39.2273

1677.6510,40.4815,40.7428,40.7177,40.5226,40.4280,40.3190,40.5250,30.1325,40.5785,35.2257,39.2336

1678.6500,40.4805,40.7391,40.7293,40.5291,40.4223,40.3264,40.5184,30.1201,40.5800,35.2232,39.2331

1679.6500,40.4913,40.7489,40.7302,40.5500,40.4298,40.3609,40.4984,30.0967,40.5900,35.2288,39.2383

1680.6500,40.5098,40.7585,40.7152,40.5424,40.4255,40.3403,40.5196,30.1140,40.5903,35.2272,39.2407

1681.6500,40.4837,40.7385,40.7241,40.5109,40.4227,40.3365,40.5234,30.1422,40.5760,35.2393,39.2352

1682.6500,40.4883,40.7331,40.7130,40.5398,40.4315,40.3467,40.5161,30.1219,40.5811,35.2343,39.2363

1683.6500,40.4862,40.7349,40.7246,40.5412,40.4434,40.3423,40.5230,30.1080,40.5861,35.2252,39.2380

1684.6500,40.4844,40.7371,40.7334,40.5322,40.4257,40.3433,40.5085,30.1344,40.5826,35.2388,39.2374

1685.6510,40.5133,40.7554,40.7447,40.5529,40.4290,40.3401,40.5254,30.1062,40.5991,35.2231,39.2459

1686.6500,40.5039,40.7503,40.7447,40.5217,40.4275,40.3451,40.5101,30.1212,40.5896,35.2332,39.2406

1687.6500,40.5042,40.7710,40.7435,40.5433,40.4543,40.3733,40.5224,30.1355,40.6033,35.2544,39.2559

1688.6500,40.5076,40.7523,40.7439,40.5353,40.4391,40.3348,40.5404,30.0972,40.5956,35.2160,39.2438

1689.6500,40.5144,40.7444,40.7499,40.5502,40.4287,40.3314,40.5334,30.1200,40.5975,35.2257,39.2465

1690.6500,40.5061,40.7562,40.7451,40.5416,40.4255,40.3482,40.5369,30.1272,40.5949,35.2377,39.2484

1691.6510,40.5209,40.7540,40.7377,40.5510,40.4427,40.3556,40.5189,30.1336,40.6012,35.2446,39.2518

1692.6500,40.5132,40.7566,40.7529,40.5443,40.4242,40.3618,40.5322,30.1447,40.5982,35.2533,39.2537

1693.6500,40.5203,40.7601,40.7643,40.5450,40.4477,40.3480,40.5459,30.1190,40.6075,35.2335,39.2563

1694.6500,40.5180,40.7731,40.7512,40.5617,40.4337,40.3643,40.5235,30.1251,40.6075,35.2447,39.2563

1695.6500,40.5165,40.7758,40.7521,40.5589,40.4415,40.3656,40.5388,30.1240,40.6090,35.2448,39.2591

1696.6500,40.5157,40.7870,40.7619,40.5608,40.4408,40.3793,40.5398,30.1256,40.6132,35.2525,39.2639

1697.6500,40.5292,40.7713,40.7513,40.5646,40.4626,40.3574,40.5395,30.1166,40.6158,35.2370,39.2616

1698.6500,40.5237,40.7774,40.7504,40.5711,40.4283,40.3766,40.5301,30.1313,40.6102,35.2540,39.2611

1699.6510,40.5451,40.7834,40.7545,40.5711,40.4627,40.3686,40.5189,30.1266,40.6234,35.2476,39.2664

1700.6500,40.5369,40.7691,40.7598,40.5452,40.4368,40.3534,40.5303,30.1301,40.6096,35.2417,39.2577

1701.6500,40.5420,40.7808,40.7743,40.5736,40.4418,40.3655,40.5373,30.1281,40.6225,35.2468,39.2679

1702.6500,40.5511,40.7750,40.7722,40.5948,40.4445,40.3793,40.5501,30.1307,40.6275,35.2550,39.2747

1703.6500,40.5361,40.7888,40.7609,40.5886,40.4328,40.3787,40.5602,30.1547,40.6214,35.2667,39.2751

1704.6500,40.5331,40.7794,40.7710,40.5801,40.4665,40.3785,40.5597,30.1366,40.6260,35.2575,39.2756

1705.6500,40.5001,40.7664,40.7724,40.5769,40.4405,40.3771,40.5522,30.1314,40.6112,35.2543,39.2646

1706.6500,40.5483,40.7811,40.7634,40.5818,40.4296,40.3904,40.5646,30.1364,40.6208,35.2634,39.2744

1707.6500,40.5508,40.7776,40.7766,40.5885,40.4623,40.3719,40.5732,30.1262,40.6312,35.2491,39.2784

1708.6500,40.5273,40.7754,40.7843,40.5836,40.4402,40.3909,40.5715,30.1429,40.6222,35.2669,39.2770

1709.6500,40.5483,40.7940,40.7828,40.5747,40.4757,40.3607,40.5523,30.1054,40.6351,35.2330,39.2742

1710.6500,40.5511,40.8034,40.7936,40.5827,40.4603,40.3825,40.5688,30.1129,40.6382,35.2477,39.2819

1711.6500,40.5522,40.8042,40.7838,40.5994,40.4628,40.3739,40.5780,30.1366,40.6405,35.2552,39.2864

1712.6500,40.5568,40.8148,40.7855,40.5951,40.4660,40.3952,40.5620,30.1144,40.6436,35.2548,39.2862

1713.6500,40.5722,40.8070,40.7893,40.5867,40.4935,40.3766,40.5756,30.1342,40.6497,35.2554,39.2919

1714.6500,40.5559,40.7936,40.7895,40.5995,40.5000,40.3770,40.5636,30.1121,40.6477,35.2445,39.2864

1715.6500,40.5465,40.8029,40.8001,40.5906,40.4794,40.3924,40.5813,30.1383,40.6439,35.2654,39.2914

1716.6500,40.5706,40.8290,40.7913,40.6070,40.4891,40.3927,40.5753,30.1114,40.6574,35.2520,39.2958

1717.6500,40.5548,40.7897,40.7990,40.5937,40.5022,40.3900,40.5685,30.1275,40.6479,35.2587,39.2907

1718.6500,40.5682,40.8098,40.8093,40.5947,40.4755,40.3977,40.5765,30.1174,40.6515,35.2576,39.2936

1719.6500,40.5503,40.8134,40.7911,40.5923,40.4837,40.4041,40.5764,30.1271,40.6462,35.2656,39.2923

1720.6500,40.5855,40.8000,40.8046,40.6081,40.4817,40.4183,40.5793,30.1035,40.6560,35.2609,39.2976

1721.6500,40.5846,40.8163,40.7944,40.6203,40.4715,40.4119,40.5873,30.1345,40.6574,35.2732,39.3026

1722.6500,40.5684,40.8368,40.8116,40.6026,40.4785,40.4124,40.5909,30.1238,40.6596,35.2681,39.3031

1723.6500,40.5708,40.8357,40.8091,40.5982,40.5024,40.4209,40.5866,30.1131,40.6632,35.2670,39.3046

1724.6500,40.5665,40.8299,40.8015,40.6195,40.5186,40.4203,40.5934,30.1200,40.6672,35.2702,39.3087

1725.6500,40.5851,40.8201,40.8061,40.5915,40.5022,40.4426,40.6106,30.1247,40.6610,35.2837,39.3104

1726.6500,40.5717,40.8212,40.8003,40.6038,40.5032,40.4199,40.6075,30.1163,40.6601,35.2681,39.3055

1727.6500,40.5826,40.8168,40.7940,40.6250,40.5123,40.4318,40.6036,30.1231,40.6662,35.2775,39.3112

1728.6500,40.5722,40.8212,40.8189,40.6121,40.5093,40.4017,40.5861,30.1154,40.6667,35.2585,39.3046

1729.6500,40.5830,40.8372,40.8167,40.6063,40.5266,40.4377,40.5848,30.1253,40.6740,35.2815,39.3147

1730.6510,40.5737,40.8628,40.8302,40.6212,40.4955,40.4438,40.6016,30.1301,40.6767,35.2870,39.3199

1731.6500,40.5819,40.8276,40.8318,40.6130,40.4935,40.4283,40.6102,30.1501,40.6696,35.2892,39.3171

1732.6500,40.5760,40.8490,40.8402,40.6195,40.5104,40.4219,40.5911,30.1353,40.6790,35.2786,39.3179

1733.6500,40.5806,40.8480,40.8289,40.6287,40.5042,40.4353,40.6040,30.1262,40.6781,35.2808,39.3195

1734.6500,40.5942,40.8356,40.8128,40.6284,40.5146,40.4135,40.6103,30.1244,40.6771,35.2690,39.3167

1735.6500,40.6128,40.8273,40.8245,40.6220,40.5085,40.4433,40.6285,30.1385,40.6790,35.2909,39.3257

1736.6510,40.5925,40.8338,40.8273,40.6411,40.5110,40.4328,40.6332,30.1162,40.6812,35.2745,39.3235

1737.6500,40.6035,40.8565,40.8104,40.6223,40.5183,40.4489,40.6251,30.1376,40.6822,35.2933,39.3278

1738.6500,40.5928,40.8603,40.8277,40.6308,40.5193,40.4294,40.6275,30.1193,40.6862,35.2744,39.3259

1739.6500,40.6238,40.8473,40.8306,40.6513,40.5232,40.4543,40.6201,30.1364,40.6952,35.2954,39.3359

1740.6500,40.6166,40.8498,40.8558,40.6468,40.5170,40.4508,40.5886,30.1151,40.6972,35.2830,39.3301

1741.6500,40.6237,40.8584,40.8342,40.6252,40.5296,40.4295,40.6401,30.1462,40.6942,35.2879,39.3359

1742.6500,40.6071,40.8641,40.8375,40.6373,40.5181,40.4529,40.6006,30.1421,40.6928,35.2975,39.3325

1743.6510,40.5941,40.8701,40.8422,40.6495,40.5122,40.4256,40.6145,30.1422,40.6936,35.2839,39.3313

1744.6500,40.6110,40.8754,40.8219,40.6548,40.5127,40.4252,40.6296,30.1611,40.6952,35.2931,39.3365

1745.6500,40.6093,40.8465,40.8507,40.6454,40.5134,40.4548,40.6305,30.1369,40.6931,35.2958,39.3360

1746.6500,40.6154,40.8451,40.8334,40.6346,40.5191,40.4380,40.6160,30.1506,40.6895,35.2943,39.3315

1747.6500,40.6093,40.8787,40.8587,40.6362,40.5273,40.4510,40.6269,30.1557,40.7020,35.3033,39.3430

1748.6500,40.6211,40.8474,40.8377,40.6654,40.5168,40.4600,40.6235,30.1431,40.6977,35.3016,39.3394

1749.6510,40.6212,40.8727,40.8634,40.6520,40.5462,40.4773,40.6348,30.1253,40.7111,35.3013,39.3491

1750.6500,40.6261,40.8564,40.8405,40.6725,40.5372,40.4338,40.6553,30.1463,40.7065,35.2901,39.3460

1751.6500,40.6125,40.8756,40.8351,40.6652,40.5445,40.4523,40.6223,30.1330,40.7066,35.2927,39.3426

1752.6500,40.6303,40.8732,40.8532,40.6469,40.5218,40.4720,40.6539,30.1430,40.7051,35.3075,39.3493

1753.6500,40.6252,40.8744,40.8465,40.6672,40.5469,40.4613,40.6407,30.1364,40.7120,35.2988,39.3498

1754.6510,40.6404,40.8984,40.8440,40.6573,40.5468,40.4626,40.6368,30.1208,40.7174,35.2917,39.3509

1755.6500,40.6405,40.8642,40.8619,40.6589,40.5664,40.4593,40.6529,30.1373,40.7184,35.2983,39.3552

1756.6500,40.6397,40.8832,40.8693,40.6607,40.5210,40.4521,40.6598,30.1638,40.7148,35.3079,39.3562

1757.6500,40.6527,40.8846,40.8613,40.6639,40.5526,40.4613,40.6471,30.1468,40.7230,35.3041,39.3588

1758.6500,40.6248,40.8844,40.8472,40.6601,40.5755,40.4637,40.6279,30.1554,40.7184,35.3095,39.3549

1759.6500,40.6451,40.8863,40.8616,40.6796,40.5483,40.4636,40.6554,30.1453,40.7242,35.3044,39.3606

1760.6500,40.6367,40.8986,40.8758,40.6621,40.5459,40.4811,40.6351,30.1401,40.7238,35.3106,39.3594

1761.6500,40.6320,40.8882,40.8616,40.6749,40.5584,40.4667,40.6442,30.1034,40.7230,35.2851,39.3537

1762.6500,40.6581,40.8958,40.8637,40.6705,40.5506,40.4835,40.6607,30.1594,40.7277,35.3215,39.3678

1763.6500,40.6517,40.9033,40.8651,40.6664,40.5521,40.4794,40.6682,30.1487,40.7277,35.3141,39.3669

1764.6500,40.6351,40.8786,40.8753,40.6696,40.5723,40.4703,40.6761,30.1540,40.7262,35.3122,39.3664

1765.6500,40.6294,40.8735,40.8763,40.6920,40.5614,40.4986,40.6435,30.1497,40.7265,35.3241,39.3656

1766.6500,40.6757,40.8825,40.8970,40.6865,40.5584,40.4946,40.6614,30.1334,40.7400,35.3140,39.3737

1767.6510,40.6366,40.8989,40.8757,40.6611,40.5910,40.5086,40.6713,30.1457,40.7327,35.3271,39.3736

1768.6500,40.6478,40.8886,40.8792,40.6842,40.5635,40.5100,40.7014,30.1358,40.7327,35.3229,39.3763

1769.6500,40.6649,40.9046,40.8832,40.6797,40.5685,40.5038,40.6807,30.1408,40.7402,35.3223,39.3783

1770.6500,40.6536,40.8951,40.9016,40.6903,40.5773,40.5000,40.6633,30.1534,40.7436,35.3267,39.3793

1771.6500,40.6768,40.9076,40.8941,40.6730,40.5735,40.5022,40.6679,30.1261,40.7450,35.3142,39.3777

1772.6500,40.6522,40.9042,40.9051,40.6714,40.5754,40.5158,40.6663,30.1416,40.7417,35.3287,39.3790

1773.6510,40.6590,40.9039,40.9001,40.6818,40.5785,40.4854,40.6818,30.1377,40.7447,35.3116,39.3785

1774.6510,40.6676,40.8945,40.9038,40.6850,40.5833,40.5014,40.6520,30.1657,40.7469,35.3335,39.3817

1775.6500,40.6488,40.9261,40.8721,40.7045,40.5748,40.5040,40.6761,30.1462,40.7453,35.3251,39.3816

1776.6500,40.6538,40.8981,40.8818,40.6975,40.5728,40.5053,40.6807,30.1621,40.7408,35.3337,39.3815

1777.6500,40.6885,40.9067,40.9276,40.7037,40.5763,40.5078,40.6846,30.1618,40.7606,35.3348,39.3946

1778.6500,40.6467,40.9348,40.8925,40.6867,40.5661,40.5182,40.7011,30.1459,40.7454,35.3320,39.3865

1779.6500,40.6609,40.9020,40.8867,40.7130,40.5785,40.5035,40.6926,30.1519,40.7482,35.3277,39.3861

1780.6500,40.6921,40.9006,40.9071,40.7055,40.5985,40.5263,40.6897,30.1363,40.7608,35.3313,39.3945

1781.6500,40.6861,40.9280,40.9103,40.6990,40.5874,40.5217,40.7139,30.1411,40.7621,35.3314,39.3984

1782.6500,40.6693,40.9257,40.8964,40.7190,40.6004,40.5203,40.6976,30.1378,40.7621,35.3290,39.3958

1783.6500,40.6657,40.9344,40.8851,40.6895,40.5912,40.5167,40.6928,30.1497,40.7532,35.3332,39.3907

1784.6500,40.6853,40.9128,40.8961,40.7271,40.5908,40.5032,40.6796,30.1454,40.7624,35.3243,39.3925

1785.6500,40.6754,40.9168,40.9117,40.7292,40.5916,40.5166,40.6747,30.1613,40.7649,35.3390,39.3972

1786.6500,40.6872,40.9129,40.9012,40.7174,40.5950,40.4926,40.6964,30.1667,40.7627,35.3296,39.3962

1787.6500,40.6824,40.9369,40.9304,40.7209,40.6000,40.4952,40.6874,30.1905,40.7741,35.3428,39.4054

1788.6500,40.6889,40.9152,40.9203,40.7150,40.6061,40.5092,40.6829,30.1637,40.7691,35.3364,39.4002

1789.6500,40.6855,40.9418,40.9008,40.7127,40.6134,40.5268,40.6899,30.1715,40.7708,35.3491,39.4053

1790.6500,40.6934,40.9291,40.9170,40.7220,40.5961,40.5142,40.6992,30.1691,40.7715,35.3416,39.4050

1791.6500,40.6913,40.9274,40.9009,40.7254,40.6042,40.5297,40.7119,30.1487,40.7699,35.3392,39.4050

1792.6500,40.7152,40.9372,40.9177,40.7077,40.5974,40.5341,40.6961,30.1409,40.7750,35.3375,39.4058

1793.6500,40.6903,40.9209,40.9190,40.7305,40.6018,40.5250,40.7170,30.1608,40.7725,35.3429,39.4081

1794.6500,40.7082,40.9394,40.9413,40.7304,40.6305,40.5359,40.7094,30.1408,40.7899,35.3384,39.4170

1795.6510,40.6917,40.9355,40.9159,40.7316,40.6223,40.5306,40.7181,30.1453,40.7794,35.3379,39.4114

1796.6500,40.7166,40.9229,40.9517,40.7348,40.5989,40.5290,40.7111,30.1606,40.7850,35.3448,39.4157

1797.6500,40.6926,40.9377,40.9173,40.7096,40.6065,40.5296,40.7311,30.1735,40.7727,35.3516,39.4122

1798.6500,40.6855,40.9394,40.9412,40.7159,40.6394,40.5039,40.7024,30.1682,40.7843,35.3360,39.4120

1799.6500,40.7233,40.9609,40.9330,40.7347,40.6278,40.5449,40.7156,30.1386,40.7959,35.3418,39.4223

1800.6500,40.7099,40.9452,40.9182,40.7320,40.6251,40.5292,40.7376,30.1505,40.7861,35.3399,39.4185

1801.6500,40.6940,40.9464,40.9347,40.7304,40.6209,40.5315,40.7034,30.1392,40.7853,35.3353,39.4125

1802.6510,40.6863,40.9544,40.9344,40.7184,40.6481,40.5508,40.6960,30.1516,40.7883,35.3512,39.4175

1803.6500,40.6942,40.9631,40.9198,40.7345,40.6304,40.5373,40.7220,30.1742,40.7884,35.3558,39.4220

1804.6510,40.7100,40.9641,40.9590,40.7574,40.6425,40.5429,40.7239,30.1413,40.8066,35.3421,39.4301

1805.6500,40.6880,40.9416,40.9291,40.7326,40.6228,40.5502,40.7205,30.1623,40.7828,35.3562,39.4184

1806.6500,40.7236,40.9511,40.9479,40.7421,40.6221,40.5355,40.7156,30.1465,40.7974,35.3410,39.4230

1807.6510,40.7233,40.9458,40.9500,40.7256,40.6297,40.5547,40.7447,30.1692,40.7949,35.3620,39.4304

1808.6500,40.7105,40.9596,40.9252,40.7459,40.6201,40.5573,40.7348,30.1417,40.7923,35.3495,39.4244

1809.6500,40.7140,40.9746,40.9467,40.7293,40.6441,40.5636,40.7335,30.1612,40.8018,35.3624,39.4334

1810.6500,40.7239,40.9533,40.9561,40.7578,40.6653,40.5572,40.7354,30.1685,40.8113,35.3629,39.4397

1811.6500,40.6995,40.9484,40.9572,40.7431,40.6511,40.5649,40.7333,30.1598,40.7999,35.3623,39.4322

1812.6500,40.7081,40.9564,40.9536,40.7594,40.6429,40.5703,40.7418,30.1576,40.8041,35.3640,39.4363

1813.6500,40.7260,40.9468,40.9473,40.7676,40.6631,40.5677,40.7322,30.1691,40.8102,35.3684,39.4400

1814.6510,40.7192,40.9651,40.9534,40.7463,40.6517,40.5716,40.7351,30.1717,40.8071,35.3716,39.4393

1815.6510,40.7300,40.9493,40.9619,40.7748,40.6211,40.5708,40.7315,30.1666,40.8074,35.3687,39.4382

1816.6500,40.7251,40.9702,40.9530,40.7333,40.6720,40.5672,40.7328,30.1682,40.8107,35.3677,39.4402

1817.6500,40.7209,40.9876,40.9606,40.7809,40.6552,40.5807,40.7535,30.1677,40.8211,35.3742,39.4509

1818.6510,40.7364,40.9812,40.9738,40.7503,40.6517,40.5688,40.7489,30.1656,40.8187,35.3672,39.4471

1819.6500,40.7217,40.9836,40.9617,40.7625,40.6719,40.5965,40.7513,30.1714,40.8203,35.3840,39.4526

1820.6500,40.7267,40.9659,40.9826,40.7731,40.6355,40.5759,40.7489,30.1595,40.8168,35.3677,39.4460

1821.6500,40.7333,40.9884,40.9717,40.7580,40.6653,40.5778,40.7585,30.1690,40.8233,35.3734,39.4527

1822.6500,40.7443,40.9812,40.9575,40.7559,40.6660,40.5864,40.7452,30.1824,40.8210,35.3844,39.4524

1823.6500,40.7322,40.9750,40.9727,40.7870,40.6567,40.5864,40.7418,30.1434,40.8247,35.3649,39.4494

1824.6500,40.7401,40.9726,40.9637,40.7808,40.6372,40.5930,40.7501,30.1557,40.8189,35.3743,39.4491

1825.6500,40.7579,41.0078,40.9761,40.7778,40.6597,40.5978,40.7620,30.1596,40.8359,35.3787,39.4623

1826.6500,40.7437,41.0062,40.9769,40.7590,40.6510,40.5714,40.7725,30.1649,40.8273,35.3681,39.4557

1827.6500,40.7497,41.0034,40.9704,40.7823,40.6496,40.5965,40.7740,30.1668,40.8311,35.3816,39.4616

1828.6500,40.7672,40.9765,40.9770,40.7745,40.6671,40.6042,40.7522,30.1821,40.8325,35.3931,39.4626

1829.6500,40.7480,41.0070,40.9912,40.8078,40.6497,40.6064,40.7673,30.1537,40.8408,35.3801,39.4664

1830.6500,40.7563,41.0126,40.9717,40.7752,40.6781,40.6068,40.7622,30.1715,40.8388,35.3892,39.4668

1831.6500,40.7438,40.9933,40.9891,40.7698,40.6660,40.5799,40.7591,30.1777,40.8324,35.3788,39.4598

1832.6500,40.7489,41.0063,41.0026,40.7745,40.6772,40.5990,40.7401,30.1641,40.8419,35.3815,39.4641

1833.6500,40.7466,41.0016,40.9844,40.7665,40.6828,40.5869,40.7912,30.1697,40.8364,35.3783,39.4662

1834.6500,40.7455,41.0041,40.9822,40.8011,40.6617,40.6086,40.7699,30.1842,40.8389,35.3964,39.4697

1835.6500,40.7649,40.9956,40.9975,40.8006,40.6909,40.6174,40.7704,30.1765,40.8499,35.3969,39.4767

1836.6500,40.7636,40.9982,40.9996,40.7743,40.6752,40.6118,40.7748,30.1700,40.8422,35.3909,39.4709

1837.6500,40.7651,40.9830,40.9951,40.7940,40.6892,40.6068,40.7773,30.1856,40.8453,35.3962,39.4745

1838.6500,40.7548,41.0008,41.0059,40.7983,40.6775,40.6132,40.8002,30.1676,40.8475,35.3904,39.4773

1839.6500,40.7718,41.0262,40.9974,40.7921,40.6964,40.6182,40.7842,30.1726,40.8568,35.3954,39.4824

1840.6500,40.7749,41.0139,40.9856,40.8003,40.6957,40.6157,40.7779,30.1710,40.8541,35.3933,39.4794

1841.6500,40.7864,41.0037,40.9748,40.7989,40.6952,40.6230,40.7817,30.1855,40.8518,35.4043,39.4811

1842.6500,40.7678,41.0146,40.9937,40.7875,40.6845,40.6407,40.7865,30.1832,40.8496,35.4119,39.4823

1843.6500,40.7846,41.0115,41.0250,40.8206,40.6910,40.6333,40.8048,30.1766,40.8665,35.4049,39.4934

1844.6500,40.7671,41.0063,40.9802,40.7931,40.6977,40.6134,40.7959,30.1481,40.8489,35.3808,39.4752

1845.6500,40.7789,41.0230,40.9876,40.7986,40.6867,40.6289,40.8038,30.1821,40.8550,35.4055,39.4862

1846.6500,40.7718,41.0270,41.0094,40.7990,40.6955,40.6186,40.7771,30.1853,40.8605,35.4020,39.4855

1847.6500,40.7622,41.0110,41.0077,40.8220,40.6910,40.6179,40.7894,30.1597,40.8588,35.3888,39.4826

1848.6500,40.7712,41.0218,41.0088,40.8151,40.7065,40.6394,40.7942,30.1574,40.8647,35.3984,39.4893

1849.6510,40.7637,41.0072,40.9937,40.8164,40.6878,40.6240,40.7959,30.1550,40.8538,35.3895,39.4805

1850.6500,40.7848,41.0322,41.0117,40.8148,40.7080,40.6279,40.7981,30.1825,40.8703,35.4052,39.4950

1851.6500,40.7747,41.0419,41.0238,40.8045,40.7072,40.6136,40.7845,30.1685,40.8704,35.3911,39.4899

1852.6500,40.8154,41.0526,41.0140,40.8371,40.7088,40.6082,40.7943,30.1696,40.8856,35.3889,39.5000

1853.6500,40.7971,41.0334,41.0180,40.8132,40.7222,40.6165,40.8146,30.1597,40.8768,35.3881,39.4968

1854.6500,40.7872,41.0431,41.0227,40.8034,40.7122,40.6387,40.7927,30.1806,40.8737,35.4096,39.4976

1855.6500,40.8057,41.0351,41.0420,40.8023,40.7131,40.6516,40.7958,30.1791,40.8796,35.4154,39.5031

1856.6500,40.8091,41.0327,41.0285,40.8321,40.7067,40.6531,40.8079,30.1924,40.8818,35.4228,39.5078

1857.6500,40.8050,41.0360,41.0150,40.8056,40.7030,40.6364,40.8004,30.1826,40.8729,35.4095,39.4980

1858.6500,40.7829,41.0289,41.0266,40.8325,40.7164,40.6302,40.7925,30.1909,40.8775,35.4106,39.5001

1859.6500,40.7924,41.0444,41.0165,40.8336,40.7309,40.6229,40.8187,30.1896,40.8835,35.4063,39.5061

1860.6500,40.7969,41.0433,41.0218,40.8226,40.7108,40.6461,40.8156,30.1839,40.8791,35.4150,39.5051

1861.6500,40.7718,41.0397,41.0327,40.8433,40.7205,40.6339,40.7977,30.2083,40.8816,35.4211,39.5060

1862.6500,40.7925,41.0347,41.0305,40.8289,40.7124,40.6519,40.8173,30.1804,40.8798,35.4161,39.5061

1863.6500,40.7826,41.0362,41.0231,40.8458,40.7249,40.6271,40.8211,30.1845,40.8825,35.4058,39.5057

1864.6500,40.8084,41.0495,41.0174,40.8461,40.7167,40.6357,40.8070,30.1649,40.8876,35.4003,39.5057

1865.6500,40.8039,41.0722,41.0294,40.8227,40.7220,40.6545,40.8395,30.1881,40.8900,35.4213,39.5165

1866.6500,40.8235,41.0542,41.0407,40.8308,40.7318,40.6410,40.8220,30.1914,40.8962,35.4162,39.5169

1867.6500,40.7948,41.0492,41.0339,40.8319,40.7376,40.6552,40.8053,30.1822,40.8895,35.4187,39.5113

1868.6500,40.8206,41.0511,41.0590,40.8561,40.7214,40.6362,40.8300,30.1927,40.9017,35.4145,39.5209

1869.6500,40.8247,41.0440,41.0426,40.8447,40.7363,40.6618,40.8103,30.1776,40.8984,35.4197,39.5177

1870.6510,40.8183,41.0555,41.0327,40.8451,40.7387,40.6703,40.8107,30.2158,40.8981,35.4430,39.5234

1871.6500,40.8008,41.0785,41.0353,40.8342,40.7258,40.6425,40.8062,30.1958,40.8949,35.4191,39.5149

1872.6500,40.8294,41.0506,41.0413,40.8490,40.7195,40.6548,40.8267,30.1946,40.8980,35.4247,39.5207

1873.6500,40.8262,41.0680,41.0541,40.8525,40.7261,40.6479,40.8362,30.1975,40.9054,35.4227,39.5261

1874.6500,40.8053,41.0674,41.0516,40.8747,40.7415,40.6424,40.8356,30.1914,40.9081,35.4169,39.5263

1875.6500,40.8366,41.0444,41.0648,40.8414,40.7272,40.6625,40.8363,30.1953,40.9029,35.4289,39.5261

1876.6500,40.8283,41.0528,41.0556,40.8684,40.7184,40.6350,40.8391,30.1840,40.9047,35.4095,39.5227

1877.6500,40.8248,41.0660,41.0576,40.8514,40.7364,40.6670,40.8407,30.1839,40.9073,35.4254,39.5285

1878.6510,40.8355,41.0687,41.0743,40.8537,40.7652,40.6572,40.8597,30.1787,40.9195,35.4179,39.5366

1879.6500,40.8118,41.0653,41.0411,40.8437,40.7532,40.6745,40.8600,30.1975,40.9030,35.4360,39.5309

1880.6500,40.8491,41.0759,41.0484,40.8534,40.7341,40.6601,40.8422,30.2239,40.9122,35.4420,39.5359

1881.6510,40.8304,41.0894,41.0550,40.8488,40.7350,40.6935,40.8446,30.1773,40.9117,35.4354,39.5342

1882.6500,40.8271,41.0703,41.0582,40.8413,40.7480,40.6749,40.8348,30.1768,40.9090,35.4258,39.5289

1883.6500,40.8261,41.1097,41.0715,40.8612,40.7465,40.6786,40.8393,30.1843,40.9230,35.4314,39.5396

1884.6510,40.8244,41.0818,41.0711,40.8733,40.7387,40.6791,40.8514,30.1933,40.9178,35.4362,39.5391

1885.6500,40.8458,41.0619,41.0586,40.8543,40.7410,40.6772,40.8557,30.1867,40.9123,35.4320,39.5352

1886.6500,40.8479,41.0842,41.0586,40.8668,40.7478,40.6961,40.8626,30.1963,40.9210,35.4462,39.5450

1887.6500,40.8338,41.0658,41.0909,40.8777,40.7556,40.7044,40.8479,30.1840,40.9248,35.4442,39.5450

1888.6500,40.8628,41.0796,41.0647,40.8720,40.7748,40.6636,40.8636,30.2109,40.9308,35.4373,39.5490

1889.6500,40.8292,41.0975,41.0877,40.8652,40.7514,40.6672,40.8391,30.1939,40.9262,35.4305,39.5414

1890.6500,40.8570,41.0801,41.0913,40.8665,40.7504,40.6606,40.8525,30.1872,40.9291,35.4239,39.5432

1891.6500,40.8322,41.0864,41.0897,40.8695,40.7666,40.6683,40.8728,30.1979,40.9289,35.4331,39.5479

1892.6500,40.8356,41.1011,41.0728,40.8735,40.7420,40.6941,40.8456,30.1816,40.9250,35.4378,39.5433

1893.6500,40.8344,41.0867,41.0695,40.8721,40.7585,40.6849,40.8642,30.1972,40.9242,35.4411,39.5459

1894.6510,40.8356,41.1068,41.0826,40.8895,40.7560,40.6773,40.8494,30.1981,40.9341,35.4377,39.5494

1895.6500,40.8586,41.1302,41.0725,40.9003,40.7683,40.6891,40.8710,30.1931,40.9460,35.4411,39.5604

1896.6500,40.8488,41.0962,41.1055,40.8998,40.7809,40.6952,40.8681,30.1874,40.9462,35.4413,39.5602

1897.6500,40.8485,41.1207,41.0793,40.8698,40.7419,40.6870,40.8731,30.1975,40.9321,35.4422,39.5522

1898.6500,40.8445,41.1108,41.0904,40.8851,40.7561,40.6923,40.8688,30.2094,40.9374,35.4508,39.5572

1899.6510,40.8517,41.0997,41.0914,40.8861,40.7707,40.6911,40.8717,30.1819,40.9399,35.4365,39.5555

1900.6500,40.8426,41.1059,41.0776,40.8723,40.7877,40.6834,40.8583,30.2004,40.9372,35.4419,39.5535

1901.6500,40.8444,41.1171,41.1101,40.8988,40.7880,40.7080,40.8704,30.2182,40.9517,35.4631,39.5694

1902.6500,40.8800,41.1233,41.0740,40.8897,40.7450,40.7008,40.8836,30.2142,40.9424,35.4575,39.5638

1903.6500,40.8549,41.1176,41.0767,40.8891,40.7772,40.6943,40.8933,30.1795,40.9431,35.4369,39.5603

1904.6500,40.8699,41.1078,41.0989,40.8974,40.7545,40.7042,40.8750,30.2054,40.9457,35.4548,39.5641

1905.6510,40.8501,41.1058,41.0914,40.9122,40.7798,40.7072,40.8987,30.1845,40.9479,35.4459,39.5662

1906.6500,40.8487,41.1055,41.1111,40.8891,40.7919,40.7137,40.8681,30.2103,40.9493,35.4620,39.5673

1907.6500,40.8908,41.1191,41.0898,40.8948,40.8070,40.7074,40.8878,30.2030,40.9603,35.4552,39.5750

1908.6500,40.8802,41.1097,41.1037,40.8858,40.7913,40.6749,40.8663,30.2031,40.9541,35.4390,39.5644

1909.6500,40.8748,41.1503,41.1019,40.8846,40.7723,40.7058,40.8590,30.2183,40.9568,35.4620,39.5709

1910.6500,40.8650,41.1224,41.1028,40.9036,40.7891,40.7030,40.8631,30.1948,40.9566,35.4489,39.5680

1911.6500,40.8664,41.1086,41.1314,40.9047,40.7878,40.7035,40.8815,30.2000,40.9598,35.4518,39.5730

1912.6500,40.8886,41.1268,41.1142,40.8922,40.7722,40.7094,40.8950,30.2135,40.9588,35.4614,39.5765

1913.6500,40.9056,41.1303,41.1126,40.9017,40.7767,40.7027,40.8994,30.2081,40.9654,35.4554,39.5796

1914.6500,40.8848,41.1247,41.0931,40.9209,40.7750,40.7172,40.8822,30.2148,40.9597,35.4660,39.5766

1915.6500,40.8896,41.1182,41.1098,40.9073,40.8030,40.7127,40.9064,30.2187,40.9656,35.4657,39.5832

1916.6500,40.8877,41.1397,41.1141,40.8977,40.8137,40.7374,40.9149,30.2065,40.9706,35.4719,39.5890

1917.6500,40.8965,41.1412,41.1207,40.9122,40.7745,40.7168,40.9099,30.2181,40.9690,35.4675,39.5862

1918.6500,40.8764,41.1355,41.1178,40.9233,40.7940,40.7177,40.9070,30.1880,40.9694,35.4528,39.5825

1919.6500,40.8904,41.1394,41.1334,40.9193,40.8136,40.7186,40.9062,30.2116,40.9792,35.4651,39.5916

1920.6500,40.9139,41.1379,41.1268,40.9085,40.8129,40.7398,40.8889,30.2109,40.9800,35.4754,39.5925

1921.6500,40.8869,41.1485,41.1238,40.9055,40.8035,40.7388,40.8930,30.2014,40.9737,35.4701,39.5877

1922.6500,40.9020,41.1366,41.1319,40.9108,40.8010,40.7377,40.8945,30.2157,40.9765,35.4767,39.5913

1923.6500,40.9057,41.1303,41.1149,40.9171,40.8349,40.7223,40.8878,30.1795,40.9806,35.4509,39.5866

1924.6500,40.8954,41.1355,41.1202,40.9284,40.8083,40.7292,40.9149,30.2081,40.9776,35.4686,39.5925

1925.6500,40.9105,41.1427,41.1227,40.9239,40.8393,40.7476,40.9002,30.1956,40.9878,35.4716,39.5978

1926.6500,40.9106,41.1490,41.1318,40.9214,40.8264,40.7472,40.9140,30.2080,40.9878,35.4776,39.6011

1927.6510,40.9077,41.1171,41.1180,40.9355,40.8234,40.7322,40.8829,30.2163,40.9803,35.4742,39.5916

1928.6500,40.9052,41.1523,41.1267,40.9242,40.8298,40.7288,40.9093,30.1866,40.9876,35.4577,39.5954

1929.6500,40.9149,41.1390,41.1400,40.9375,40.7995,40.7571,40.9203,30.2161,40.9862,35.4866,39.6031

1930.6500,40.8979,41.1654,41.1193,40.9271,40.8053,40.7401,40.9113,30.2154,40.9830,35.4777,39.5977

1931.6500,40.9076,41.1498,41.1349,40.9268,40.8071,40.7549,40.9259,30.1918,40.9852,35.4734,39.5999

1932.6500,40.9072,41.1483,41.1395,40.9408,40.8425,40.7550,40.9063,30.1923,40.9957,35.4737,39.6040

1933.6510,40.9025,41.1690,41.1393,40.9191,40.8313,40.7633,40.9084,30.1824,40.9922,35.4729,39.6019

1934.6510,40.8933,41.1521,41.1558,40.9408,40.8253,40.7722,40.9254,30.1782,40.9934,35.4752,39.6054

1935.6500,40.8976,41.1574,41.1439,40.9289,40.8185,40.7645,40.9047,30.1859,40.9893,35.4752,39.6002

1936.6500,40.9123,41.1597,41.1402,40.9410,40.8197,40.7526,40.9303,30.1993,40.9946,35.4760,39.6069

1937.6500,40.9194,41.1768,41.1377,40.9283,40.8398,40.7565,40.9288,30.2178,41.0004,35.4871,39.6131

1938.6500,40.9242,41.1755,41.1462,40.9516,40.8185,40.7594,40.9135,30.2085,41.0032,35.4840,39.6122

1939.6500,40.8997,41.1684,41.1418,40.9445,40.8322,40.7572,40.9031,30.1894,40.9973,35.4733,39.6045

1940.6510,40.9222,41.1745,41.1470,40.9446,40.8402,40.7634,40.9250,30.2069,41.0057,35.4852,39.6155

1941.6500,40.9100,41.1572,41.1596,40.9524,40.8435,40.7555,40.9352,30.1956,41.0045,35.4755,39.6136

1942.6500,40.9258,41.1814,41.1479,40.9282,40.8328,40.7522,40.9250,30.2116,41.0032,35.4819,39.6131

1943.6510,40.9033,41.1609,41.1460,40.9478,40.8553,40.7510,40.9478,30.1949,41.0027,35.4730,39.6134

1944.6500,40.9028,41.1776,41.1330,40.9561,40.8362,40.7710,40.9333,30.2104,41.0011,35.4907,39.6150

1945.6500,40.8941,41.1644,41.1579,40.9326,40.8415,40.7461,40.9484,30.1918,40.9981,35.4689,39.6096

1946.6500,40.9284,41.1715,41.1463,40.9378,40.8488,40.7608,40.9406,30.1851,41.0066,35.4729,39.6149

1947.6500,40.9196,41.1681,41.1551,40.9522,40.8540,40.7837,40.9457,30.1856,41.0098,35.4847,39.6205

1948.6500,40.9394,41.1758,41.1484,40.9561,40.8207,40.7690,40.9482,30.1971,41.0081,35.4831,39.6193

1949.6500,40.9169,41.1814,41.1544,40.9683,40.8615,40.7656,40.9273,30.1941,41.0165,35.4799,39.6212

1950.6500,40.9352,41.1846,41.1618,40.9458,40.8486,40.7797,40.9426,30.2074,41.0152,35.4935,39.6257

1951.6500,40.9408,41.1786,41.1418,40.9677,40.8491,40.7797,40.9421,30.2211,41.0156,35.5004,39.6276

1952.6510,40.9495,41.1698,41.1740,40.9478,40.8703,40.7949,40.9320,30.2138,41.0223,35.5044,39.6315

1953.6500,40.9161,41.1803,41.1626,40.9680,40.8454,40.7653,40.9503,30.2131,41.0145,35.4892,39.6251

1954.6500,40.9304,41.1923,41.1639,40.9680,40.8447,40.7852,40.9498,30.1903,41.0199,35.4877,39.6281

1955.6500,40.8943,41.1788,41.1611,40.9740,40.8543,40.7784,40.9419,30.2061,41.0125,35.4922,39.6236

1956.6500,40.9361,41.1981,41.1632,40.9566,40.8644,40.7941,40.9538,30.2078,41.0237,35.5010,39.6343

1957.6500,40.9464,41.1727,41.1881,40.9847,40.8724,40.8053,40.9605,30.1896,41.0328,35.4974,39.6400

1958.6500,40.9513,41.1653,41.1815,40.9726,40.8684,40.7586,40.9675,30.1941,41.0278,35.4763,39.6324

1959.6500,40.9446,41.1787,41.1661,40.9511,40.8599,40.7780,40.9539,30.1835,41.0201,35.4808,39.6270

1960.6500,40.9390,41.1818,41.1957,40.9858,40.8739,40.7836,40.9653,30.1953,41.0352,35.4894,39.6400

1961.6500,40.9461,41.2006,41.1782,40.9748,40.8768,40.7771,40.9669,30.2039,41.0353,35.4905,39.6405

1962.6500,40.9585,41.1786,41.1791,40.9803,40.8677,40.7807,40.9608,30.1924,41.0329,35.4865,39.6373

1963.6510,40.9187,41.1810,41.1787,40.9576,40.8707,40.7934,40.9767,30.1752,41.0214,35.4843,39.6315

1964.6500,40.9701,41.2007,41.1882,40.9978,40.8491,40.7853,40.9540,30.2022,41.0412,35.4938,39.6434

1965.6500,40.9657,41.1918,41.2025,40.9679,40.8539,40.7809,40.9646,30.2020,41.0363,35.4914,39.6412

1966.6500,40.9527,41.2014,41.1711,40.9850,40.8648,40.7791,40.9733,30.2063,41.0350,35.4927,39.6417

1967.6500,40.9438,41.1896,41.1803,40.9806,40.8567,40.7855,40.9737,30.2104,41.0302,35.4980,39.6401

1968.6500,40.9563,41.1970,41.1989,40.9643,40.8683,40.8088,40.9564,30.2085,41.0370,35.5086,39.6448

1969.6500,40.9515,41.2069,41.1706,40.9691,40.8482,40.7923,40.9658,30.2102,41.0292,35.5013,39.6393

1970.6500,40.9773,41.2239,41.1755,40.9716,40.8558,40.7990,40.9758,30.2133,41.0408,35.5061,39.6490

1971.6500,40.9619,41.2031,41.1812,40.9792,40.8702,40.7981,40.9881,30.2123,41.0392,35.5052,39.6493

1972.6500,40.9434,41.1981,41.1925,40.9803,40.8610,40.8023,40.9887,30.2236,41.0350,35.5130,39.6487

1973.6500,40.9793,41.1853,41.1672,40.9917,40.8676,40.8015,40.9866,30.2332,41.0382,35.5173,39.6515

1974.6500,40.9720,41.2022,41.1868,40.9895,40.8938,40.8017,40.9751,30.1962,41.0489,35.4989,39.6522

1975.6500,40.9735,41.2220,41.1978,41.0121,40.8753,40.8013,40.9912,30.2067,41.0562,35.5040,39.6600

1976.6500,40.9802,41.2087,41.2036,40.9849,40.8843,40.8275,40.9737,30.2284,41.0524,35.5280,39.6614

1977.6500,40.9732,41.2020,41.2016,40.9917,40.8856,40.7963,40.9982,30.2166,41.0508,35.5064,39.6581

1978.6500,40.9925,41.2125,41.1986,41.0045,40.8636,40.8175,40.9943,30.2211,41.0543,35.5193,39.6631

1979.6500,40.9793,41.2224,41.1982,40.9855,40.8704,40.8197,40.9879,30.2276,41.0512,35.5236,39.6614

1980.6510,40.9763,41.1860,41.2004,40.9756,40.9056,40.8195,40.9747,30.2184,41.0488,35.5189,39.6570

1981.6500,40.9785,41.2212,41.1910,40.9927,40.8961,40.8305,40.9866,30.1905,41.0559,35.5105,39.6609

1982.6500,40.9783,41.2228,41.1921,41.0031,40.8921,40.8177,40.9882,30.2105,41.0577,35.5141,39.6631

1983.6500,40.9660,41.2302,41.2116,40.9877,40.8948,40.8445,40.9989,30.1929,41.0581,35.5187,39.6658

1984.6500,40.9846,41.2224,41.1800,41.0037,40.8980,40.8147,40.9957,30.2206,41.0577,35.5177,39.6650

1985.6500,40.9913,41.2353,41.2106,41.0151,40.9062,40.8159,40.9863,30.2054,41.0717,35.5106,39.6708

1986.6500,40.9704,41.2277,41.2026,41.0015,40.8926,40.8116,40.9955,30.2086,41.0590,35.5101,39.6638

1987.6500,40.9671,41.2123,41.2016,41.0089,40.9201,40.8186,40.9996,30.2147,41.0620,35.5166,39.6679

1988.6500,40.9836,41.2260,41.2097,41.0012,40.9138,40.8342,41.0035,30.2069,41.0669,35.5206,39.6724

1989.6500,40.9900,41.2222,41.2059,41.0244,40.9062,40.8257,41.0030,30.1904,41.0697,35.5080,39.6710

1990.6500,40.9854,41.2204,41.2283,41.0375,40.8970,40.8234,40.9984,30.2041,41.0737,35.5137,39.6743

1991.6500,40.9765,41.2344,41.1929,41.0082,40.9039,40.8336,41.0156,30.2111,41.0632,35.5223,39.6720

1992.6500,40.9748,41.2481,41.2104,41.0229,40.8920,40.8347,41.0033,30.1943,41.0696,35.5145,39.6726

1993.6500,40.9955,41.2244,41.2109,40.9908,40.9075,40.8377,41.0145,30.2016,41.0658,35.5196,39.6729

1994.6500,41.0068,41.2418,41.2078,41.0193,40.9114,40.8467,41.0310,30.2060,41.0774,35.5263,39.6839

1995.6500,41.0024,41.2384,41.2193,41.0164,40.9046,40.8339,41.0071,30.2109,41.0762,35.5224,39.6791

1996.6500,40.9652,41.2289,41.2164,41.0102,40.9289,40.8246,40.9865,30.2118,41.0699,35.5182,39.6716

1997.6500,40.9907,41.2470,41.2167,41.0203,40.8883,40.8506,41.0208,30.2005,41.0726,35.5255,39.6794

1998.6510,41.0032,41.2507,41.2163,41.0031,40.9059,40.8463,41.0134,30.1934,41.0759,35.5198,39.6790

1999.6500,40.9894,41.2435,41.2263,41.0513,40.8861,40.8214,41.0336,30.2251,41.0793,35.5232,39.6846

2000.6500,40.9810,41.2248,41.2336,41.0330,40.9284,40.8405,41.0219,30.1987,41.0802,35.5196,39.6827

2001.6500,41.0197,41.2337,41.2211,41.0270,40.9127,40.8335,41.0047,30.2129,41.0828,35.5232,39.6832

2002.6500,40.9976,41.2370,41.2300,41.0094,40.9376,40.8435,41.0457,30.2089,41.0823,35.5262,39.6887

2003.6500,41.0330,41.2441,41.2222,41.0184,40.9078,40.8343,41.0202,30.2023,41.0851,35.5183,39.6853

2004.6500,41.0108,41.2494,41.2401,41.0316,40.9121,40.8460,41.0334,30.1982,41.0888,35.5221,39.6902

2005.6500,41.0195,41.2335,41.2428,41.0283,40.9133,40.8379,41.0208,30.2088,41.0875,35.5234,39.6881

2006.6500,40.9877,41.2553,41.2297,41.0556,40.8997,40.8513,41.0198,30.2200,41.0856,35.5357,39.6899

2007.6500,41.0179,41.2474,41.2353,41.0370,40.9095,40.8331,41.0156,30.2040,41.0894,35.5186,39.6875

2008.6500,41.0059,41.2416,41.2411,41.0475,40.9189,40.8397,41.0289,30.2271,41.0910,35.5334,39.6939

2009.6500,41.0111,41.2441,41.2292,41.0458,40.9259,40.8416,41.0169,30.2206,41.0912,35.5311,39.6919

2010.6500,41.0123,41.2269,41.2436,41.0430,40.9220,40.8513,41.0430,30.2101,41.0896,35.5307,39.6940

2011.6510,41.0239,41.2528,41.2626,41.0410,40.9322,40.8637,41.0313,30.2119,41.1025,35.5378,39.7024

2012.6500,41.0290,41.2469,41.2404,41.0445,40.9238,40.8572,41.0417,30.2114,41.0969,35.5343,39.6994

2013.6500,41.0312,41.2618,41.2594,41.0467,40.9427,40.8585,41.0332,30.2141,41.1084,35.5363,39.7060

2014.6500,41.0131,41.2387,41.2331,41.0441,40.9200,40.8572,41.0357,30.2142,41.0898,35.5357,39.6945

2015.6500,41.0437,41.2625,41.2355,41.0303,40.9590,40.8617,41.0289,30.2136,41.1062,35.5376,39.7044

2016.6500,41.0283,41.2667,41.2453,41.0345,40.9362,40.8589,41.0466,30.2305,41.1022,35.5447,39.7059

2017.6510,41.0205,41.2642,41.2466,41.0320,40.9572,40.8469,41.0101,30.2273,41.1041,35.5371,39.7006

2018.6500,41.0229,41.2422,41.2478,41.0337,40.9401,40.8581,41.0248,30.2156,41.0973,35.5369,39.6981

2019.6500,41.0213,41.2680,41.2610,41.0591,40.9380,40.8607,41.0176,30.2093,41.1095,35.5350,39.7044

2020.6500,41.0480,41.2584,41.2439,41.0382,40.9293,40.8674,41.0471,30.1808,41.1036,35.5241,39.7016

2021.6500,41.0172,41.2639,41.2481,41.0503,40.9497,40.8808,41.0461,30.2103,41.1058,35.5456,39.7083

2022.6500,41.0304,41.2873,41.2641,41.0523,40.9522,40.8884,41.0365,30.2119,41.1173,35.5501,39.7154

2023.6500,41.0204,41.2517,41.2489,41.0386,40.9455,40.8589,41.0302,30.2225,41.1010,35.5407,39.7021

2024.6510,41.0379,41.2533,41.2492,41.0570,40.9448,40.8778,41.0532,30.2354,41.1084,35.5566,39.7136

2025.6500,41.0352,41.2798,41.2589,41.0513,40.9416,40.8653,41.0495,30.2087,41.1134,35.5370,39.7113

2026.6510,41.0387,41.2731,41.2703,41.0702,40.9521,40.8790,41.0525,30.2179,41.1209,35.5485,39.7192

2027.6500,41.0440,41.2824,41.2805,41.0734,40.9700,40.8923,41.0543,30.2336,41.1301,35.5629,39.7288

2028.6510,41.0467,41.2685,41.2569,41.0717,40.9499,40.8973,41.0517,30.1808,41.1187,35.5391,39.7154

2029.6500,41.0458,41.2837,41.2450,41.0491,40.9266,40.8670,41.0463,30.2288,41.1100,35.5479,39.7116

2030.6500,41.0519,41.2821,41.2868,41.0731,40.9509,40.8945,41.0601,30.2138,41.1289,35.5542,39.7267

2031.6500,41.0342,41.2818,41.2628,41.0389,40.9560,40.8941,41.0501,30.2397,41.1147,35.5669,39.7197

2032.6500,41.0395,41.2844,41.2648,41.0805,40.9575,40.9021,41.0652,30.2036,41.1253,35.5529,39.7247

2033.6500,41.0352,41.2959,41.2726,41.0562,40.9482,40.8858,41.0697,30.2267,41.1216,35.5562,39.7238

2034.6500,41.0486,41.2698,41.2731,41.0823,40.9522,40.8954,41.0641,30.2138,41.1252,35.5546,39.7249

2035.6500,41.0406,41.3010,41.2852,41.0725,40.9675,40.8939,41.0781,30.2113,41.1334,35.5526,39.7313

2036.6500,41.0494,41.2911,41.2808,41.0644,40.9540,40.9028,41.0784,30.2372,41.1280,35.5700,39.7323

2037.6500,41.0483,41.2964,41.2788,41.0773,40.9612,40.8863,41.0768,30.2361,41.1324,35.5612,39.7326

2038.6500,41.0380,41.2903,41.2810,41.0878,40.9468,40.9095,41.0762,30.2285,41.1288,35.5690,39.7323

2039.6500,41.0474,41.3071,41.2727,41.0768,40.9529,40.8966,41.0619,30.2441,41.1314,35.5703,39.7324

2040.6500,41.0471,41.3002,41.2765,41.0615,40.9773,40.8898,41.0531,30.2344,41.1325,35.5621,39.7300

2041.6500,41.0612,41.2935,41.2814,41.0882,41.0035,40.9035,41.0584,30.2280,41.1456,35.5657,39.7397

2042.6500,41.0520,41.2982,41.2712,41.0729,40.9789,40.9016,41.0687,30.2219,41.1346,35.5618,39.7332

2043.6500,41.0495,41.3096,41.2826,41.0779,40.9583,40.9178,41.0709,30.2430,41.1356,35.5804,39.7387

2044.6500,41.0586,41.2856,41.2689,41.0818,40.9730,40.9036,41.0711,30.2155,41.1336,35.5595,39.7322

2045.6500,41.0418,41.3193,41.2727,41.0852,40.9785,40.8915,41.0950,30.2009,41.1395,35.5462,39.7356

2046.6500,41.0768,41.3005,41.2959,41.0832,40.9949,40.9083,41.0790,30.2085,41.1502,35.5584,39.7434

2047.6500,41.0701,41.2916,41.2795,41.0873,40.9868,40.9105,41.0669,30.2069,41.1431,35.5587,39.7375

2048.6500,41.0657,41.3039,41.2852,41.0735,40.9787,40.8940,41.0949,30.2269,41.1414,35.5604,39.7404

2049.6500,41.0761,41.3003,41.2901,41.0835,40.9951,40.9034,41.0755,30.2181,41.1490,35.5608,39.7428

2050.6510,41.0482,41.3054,41.2859,41.0946,40.9691,40.9221,41.0746,30.2144,41.1406,35.5682,39.7393

2051.6500,41.0509,41.3059,41.2957,41.0914,40.9774,40.8959,41.0509,30.2049,41.1443,35.5504,39.7341

2052.6510,41.0644,41.3197,41.2932,41.0880,40.9760,40.9029,41.0731,30.2120,41.1483,35.5574,39.7412

2053.6500,41.0652,41.3447,41.2875,41.0827,41.0066,40.9000,41.0832,30.2081,41.1574,35.5540,39.7473

2054.6510,41.0562,41.3078,41.2994,41.0923,40.9999,40.9203,41.0774,30.2102,41.1511,35.5653,39.7454

2055.6500,41.0561,41.3252,41.2987,41.1065,41.0119,40.9118,41.0930,30.2111,41.1597,35.5615,39.7518

2056.6500,41.0674,41.3056,41.2968,41.0841,40.9859,40.9198,41.0860,30.2191,41.1480,35.5695,39.7456

2057.6500,41.0832,41.3139,41.2762,41.0845,41.0078,40.9203,41.1096,30.2055,41.1531,35.5629,39.7502

2058.6510,41.0508,41.3060,41.3143,41.1087,41.0220,40.9210,41.0998,30.2335,41.1604,35.5772,39.7570

2059.6510,41.0704,41.3285,41.2964,41.0884,41.0136,40.9256,41.0865,30.2302,41.1594,35.5779,39.7549

2060.6500,41.0986,41.3000,41.3162,41.0798,40.9980,40.9194,41.0868,30.2220,41.1585,35.5707,39.7526

2061.6510,41.0823,41.3143,41.3064,41.0839,41.0172,40.9474,41.1086,30.2061,41.1608,35.5767,39.7583

2062.6500,41.0828,41.3130,41.3163,41.1022,41.0092,40.9333,41.1101,30.2112,41.1647,35.5723,39.7598

2063.6500,41.0981,41.3077,41.3008,41.0876,41.0009,40.9366,41.0792,30.2248,41.1590,35.5807,39.7545

2064.6500,41.0722,41.3370,41.3133,41.1095,41.0122,40.9349,41.1169,30.2335,41.1689,35.5842,39.7662

2065.6500,41.0795,41.3217,41.2957,41.1049,41.0116,40.8994,41.1184,30.2009,41.1627,35.5502,39.7540

2066.6500,41.0826,41.3288,41.3009,41.1199,41.0011,40.9332,41.1082,30.2134,41.1667,35.5733,39.7610

2067.6500,41.0908,41.3450,41.3013,41.1082,40.9679,40.9149,41.0975,30.2014,41.1626,35.5582,39.7534

2068.6500,41.0803,41.3379,41.3179,41.1196,41.0035,40.9244,41.1033,30.2162,41.1718,35.5703,39.7629

2069.6500,41.0915,41.3408,41.3157,41.0956,41.0137,40.9355,41.0942,30.2125,41.1714,35.5740,39.7624

2070.6500,41.1059,41.3313,41.3067,41.1303,41.0161,40.9412,41.0986,30.2125,41.1781,35.5768,39.7678

2071.6500,41.0761,41.3339,41.3302,41.1269,41.0049,40.9267,41.0975,30.2185,41.1744,35.5726,39.7643

2072.6500,41.0992,41.3351,41.3328,41.1094,41.0075,40.9270,41.0950,30.2381,41.1768,35.5825,39.7680

2073.6500,41.0939,41.3625,41.3276,41.1209,41.0260,40.9473,41.1093,30.2149,41.1862,35.5811,39.7753

2074.6500,41.0948,41.3304,41.3178,41.1145,41.0087,40.9458,41.1075,30.2229,41.1732,35.5844,39.7678

2075.6510,41.0998,41.3507,41.3209,41.1250,41.0174,40.9503,41.1148,30.2100,41.1828,35.5802,39.7736

2076.6500,41.1136,41.3425,41.3313,41.1047,41.0154,40.9428,41.1177,30.2113,41.1815,35.5771,39.7724

2077.6510,41.0849,41.3350,41.3299,41.1377,41.0178,40.9587,41.1121,30.2222,41.1811,35.5905,39.7748

2078.6500,41.0926,41.3625,41.3337,41.1312,41.0210,40.9409,41.1168,30.2240,41.1882,35.5824,39.7778

2079.6500,41.1231,41.3314,41.3310,41.1248,41.0123,40.9341,41.1169,30.2322,41.1845,35.5832,39.7757

2080.6500,41.1211,41.3487,41.3390,41.1161,41.0332,40.9545,41.1305,30.2269,41.1916,35.5907,39.7837

2081.6500,41.1314,41.3523,41.3481,41.1140,41.0341,40.9424,41.1112,30.2227,41.1960,35.5826,39.7820

2082.6500,41.1310,41.3583,41.3504,41.1401,41.0272,40.9467,41.1080,30.1931,41.2014,35.5699,39.7818

2083.6500,41.1200,41.3599,41.3264,41.1161,41.0255,40.9459,41.1277,30.2291,41.1896,35.5875,39.7813

2084.6500,41.1111,41.3614,41.3381,41.1426,41.0254,40.9528,41.1222,30.2191,41.1957,35.5860,39.7841

2085.6500,41.1120,41.3594,41.3393,41.1453,41.0394,40.9519,41.1248,30.2233,41.1991,35.5876,39.7869

2086.6500,41.1233,41.3539,41.3265,41.1324,41.0428,40.9660,41.1157,30.2296,41.1958,35.5978,39.7863

2087.6500,41.1216,41.3352,41.3427,41.1347,41.0081,40.9480,41.1240,30.2382,41.1885,35.5931,39.7816

2088.6500,41.0980,41.3524,41.3506,41.1439,41.0626,40.9486,41.1388,30.2426,41.2015,35.5956,39.7922

2089.6500,41.1166,41.3625,41.3485,41.1279,41.0352,40.9500,41.1135,30.2224,41.1981,35.5862,39.7846

2090.6500,41.1099,41.3525,41.3483,41.1459,41.0401,40.9456,41.1422,30.2123,41.1994,35.5790,39.7871

2091.6500,41.1055,41.3534,41.3571,41.1258,41.0277,40.9398,41.1286,30.2158,41.1939,35.5778,39.7817

2092.6500,41.1184,41.3686,41.3351,41.1197,41.0304,40.9778,41.1299,30.2143,41.1944,35.5961,39.7868

2093.6500,41.0983,41.3454,41.3337,41.1504,41.0434,40.9713,41.1308,30.2213,41.1942,35.5963,39.7868

2094.6500,41.1210,41.3589,41.3343,41.1658,41.0610,40.9558,41.1351,30.2197,41.2082,35.5878,39.7940

2095.6500,41.1209,41.3608,41.3333,41.1537,41.0557,40.9556,41.1365,30.2125,41.2049,35.5841,39.7911

2096.6500,41.1204,41.3590,41.3604,41.1580,41.0557,40.9738,41.1315,30.2389,41.2107,35.6063,39.7997

2097.6500,41.1234,41.3765,41.3523,41.1471,41.0392,40.9619,41.1438,30.2325,41.2077,35.5972,39.7971

2098.6500,41.1255,41.3551,41.3412,41.1327,41.0422,40.9756,41.1253,30.2459,41.1993,35.6108,39.7929

2099.6510,41.1265,41.3584,41.3566,41.1514,41.0571,40.9808,41.1435,30.2290,41.2100,35.6049,39.8004

2100.6500,41.1258,41.3768,41.3521,41.1474,41.0434,40.9871,41.1460,30.2227,41.2091,35.6049,39.8002

2101.6500,41.1113,41.3920,41.3632,41.1510,41.0471,40.9708,41.1319,30.2269,41.2129,35.5988,39.7993

2102.6500,41.1480,41.3579,41.3644,41.1453,41.0507,40.9595,41.1378,30.2319,41.2133,35.5957,39.7994

2103.6500,41.1464,41.3762,41.3501,41.1412,41.0659,40.9714,41.1668,30.2313,41.2160,35.6013,39.8061

2104.6500,41.1244,41.3750,41.3583,41.1470,41.0751,40.9610,41.1461,30.2410,41.2159,35.6010,39.8035

2105.6500,41.1356,41.3619,41.3665,41.1622,41.0472,40.9932,41.1650,30.2096,41.2147,35.6014,39.8052

2106.6500,41.1260,41.3735,41.3595,41.1645,41.0450,40.9757,41.1459,30.2351,41.2137,35.6054,39.8032

2107.6500,41.1510,41.3936,41.3703,41.1572,41.0696,40.9826,41.1567,30.2355,41.2283,35.6090,39.8145

2108.6500,41.1551,41.3825,41.3635,41.1648,41.0652,40.9847,41.1410,30.2160,41.2262,35.6004,39.8091

2109.6500,41.1405,41.3730,41.3609,41.1720,41.0642,41.0121,41.1655,30.2296,41.2221,35.6208,39.8147

2110.6500,41.1398,41.3832,41.3716,41.1678,41.0611,40.9932,41.1422,30.2378,41.2247,35.6155,39.8121

2111.6500,41.1352,41.3819,41.3730,41.1706,41.0761,40.9751,41.1715,30.2270,41.2274,35.6010,39.8138

2112.6500,41.1497,41.3953,41.3660,41.1752,41.0557,40.9858,41.1654,30.2506,41.2284,35.6182,39.8180

2113.6500,41.1559,41.3758,41.3604,41.1659,41.0661,41.0088,41.1785,30.2437,41.2248,35.6263,39.8194

2114.6500,41.1420,41.3892,41.3817,41.1798,41.0625,40.9931,41.1644,30.2231,41.2310,35.6081,39.8170

2115.6500,41.1634,41.4127,41.3918,41.1577,41.0671,40.9936,41.1526,30.2142,41.2386,35.6039,39.8191

2116.6500,41.1531,41.3926,41.3674,41.1683,41.0908,40.9837,41.1557,30.2381,41.2344,35.6109,39.8187

2117.6500,41.1544,41.3893,41.3745,41.1711,41.0790,40.9910,41.1753,30.2389,41.2337,35.6150,39.8217

2118.6500,41.1476,41.3984,41.3533,41.1751,41.0899,40.9940,41.1513,30.2231,41.2328,35.6085,39.8166

2119.6510,41.1569,41.3881,41.3974,41.1833,41.0876,41.0210,41.1778,30.2147,41.2427,35.6179,39.8284

2120.6500,41.1520,41.3908,41.3918,41.1712,41.0929,41.0101,41.1949,30.2496,41.2398,35.6299,39.8317

2121.6500,41.1403,41.4052,41.3726,41.1725,41.0575,41.0231,41.1767,30.2200,41.2296,35.6215,39.8210

2122.6500,41.1550,41.3903,41.3791,41.1707,41.0814,41.0004,41.1679,30.2329,41.2353,35.6167,39.8222

2123.6500,41.1580,41.4130,41.3804,41.1920,41.1003,41.0053,41.1678,30.2077,41.2487,35.6065,39.8281

2124.6500,41.1635,41.3922,41.3662,41.1763,41.0770,41.0025,41.1745,30.2279,41.2350,35.6152,39.8225

2125.6500,41.1774,41.4085,41.3834,41.1903,41.1085,41.0024,41.1787,30.2231,41.2536,35.6127,39.8340

2126.6510,41.1731,41.4238,41.3866,41.1795,41.0870,41.0088,41.1776,30.2394,41.2500,35.6241,39.8345

2127.6500,41.1624,41.4052,41.3745,41.1805,41.1070,41.0167,41.1851,30.2282,41.2459,35.6224,39.8324

2128.6500,41.1759,41.4140,41.3750,41.1814,41.0982,41.0279,41.1758,30.2178,41.2489,35.6229,39.8332

2129.6500,41.1788,41.3918,41.3900,41.1834,41.1044,41.0336,41.2043,30.2377,41.2497,35.6357,39.8405

2130.6500,41.1737,41.4128,41.3835,41.1843,41.0843,41.0201,41.1825,30.2198,41.2477,35.6199,39.8326

2131.6500,41.1865,41.4134,41.3692,41.1910,41.0925,41.0213,41.1743,30.2276,41.2506,35.6245,39.8345

2132.6500,41.1742,41.4091,41.3938,41.1923,41.0839,41.0132,41.1867,30.2377,41.2506,35.6254,39.8363

2133.6500,41.1652,41.4182,41.4122,41.1944,41.1182,41.0079,41.1884,30.2376,41.2617,35.6227,39.8428

2134.6500,41.1931,41.4150,41.4001,41.1837,41.1080,41.0140,41.1870,30.2357,41.2600,35.6248,39.8421

2135.6500,41.1940,41.4356,41.3951,41.1778,41.1112,41.0330,41.2020,30.2385,41.2627,35.6358,39.8484

2136.6500,41.1809,41.4137,41.4025,41.1871,41.0981,41.0171,41.1829,30.2342,41.2565,35.6256,39.8396

2137.6500,41.1475,41.4128,41.4091,41.2029,41.1060,41.0129,41.1931,30.2385,41.2556,35.6257,39.8403

2138.6500,41.1711,41.4053,41.3942,41.1903,41.0826,40.9933,41.1885,30.2393,41.2487,35.6163,39.8331

2139.6500,41.1663,41.4303,41.3977,41.2018,41.0960,41.0210,41.1836,30.2321,41.2584,35.6266,39.8411

2140.6500,41.1621,41.3867,41.4044,41.2220,41.1137,41.0122,41.1726,30.2241,41.2578,35.6181,39.8372

2141.6500,41.1876,41.4253,41.4220,41.2224,41.0908,41.0112,41.1773,30.2564,41.2696,35.6338,39.8491

2142.6500,41.1636,41.4232,41.4056,41.2041,41.0779,41.0356,41.1850,30.2702,41.2549,35.6529,39.8456

2143.6500,41.1879,41.4202,41.4100,41.2062,41.1130,41.0469,41.1838,30.2483,41.2675,35.6476,39.8520

2144.6500,41.1912,41.4159,41.4317,41.2172,41.0898,41.0414,41.1874,30.2296,41.2691,35.6355,39.8505

2145.6500,41.1915,41.4268,41.4370,41.2118,41.1045,41.0393,41.1876,30.2082,41.2743,35.6238,39.8509

2146.6500,41.2024,41.4259,41.4110,41.1983,41.1168,41.0498,41.2141,30.2361,41.2709,35.6430,39.8568

2147.6500,41.1870,41.4031,41.4129,41.2063,41.1056,41.0442,41.1942,30.2296,41.2630,35.6369,39.8479

2148.6500,41.1929,41.4269,41.4022,41.2077,41.1040,41.0514,41.2110,30.2505,41.2667,35.6509,39.8558

2149.6500,41.1988,41.4236,41.4241,41.2249,41.1058,41.0481,41.2115,30.2391,41.2755,35.6436,39.8595

2150.6500,41.2030,41.4389,41.4226,41.1909,41.1076,41.0341,41.2076,30.2377,41.2726,35.6359,39.8553

2151.6500,41.1856,41.4354,41.4158,41.2004,41.1153,41.0497,41.2083,30.2093,41.2705,35.6295,39.8525

2152.6500,41.2141,41.4285,41.4220,41.1991,41.1224,41.0372,41.2275,30.2385,41.2772,35.6379,39.8612

2153.6500,41.2080,41.4249,41.4030,41.2141,41.0987,41.0396,41.2104,30.2517,41.2698,35.6456,39.8563

2154.6500,41.2219,41.4308,41.4122,41.2237,41.1358,41.0418,41.2200,30.2286,41.2849,35.6352,39.8644

2155.6500,41.2207,41.4524,41.4101,41.1867,41.1053,41.0341,41.2128,30.2434,41.2751,35.6387,39.8582

2156.6500,41.2103,41.4212,41.4287,41.2416,41.1158,41.0484,41.2109,30.2404,41.2835,35.6444,39.8647

2157.6500,41.2209,41.4334,41.3985,41.2189,41.1231,41.0394,41.2021,30.2379,41.2790,35.6386,39.8593

2158.6500,41.1941,41.4220,41.4351,41.2368,41.1368,41.0535,41.2354,30.2498,41.2850,35.6517,39.8705

2159.6500,41.2371,41.4371,41.4455,41.2231,41.1231,41.0514,41.2142,30.2491,41.2932,35.6502,39.8726

2160.6500,41.2247,41.4709,41.4337,41.2132,41.1353,41.0413,41.2271,30.2389,41.2956,35.6401,39.8731

2161.6500,41.2113,41.4585,41.4133,41.2160,41.1028,41.0265,41.2309,30.2630,41.2804,35.6447,39.8653

2162.6500,41.2293,41.4446,41.4158,41.2101,41.1330,41.0409,41.2152,30.2300,41.2866,35.6354,39.8649

2163.6500,41.2145,41.4507,41.4219,41.2334,41.1433,41.0400,41.2218,30.2507,41.2928,35.6454,39.8721

2164.6500,41.2107,41.4384,41.4281,41.2346,41.1349,41.0446,41.2243,30.2337,41.2893,35.6392,39.8687

2165.6500,41.2127,41.4526,41.4237,41.2334,41.1196,41.0661,41.2055,30.2550,41.2884,35.6605,39.8711

2166.6500,41.2111,41.4618,41.4423,41.2426,41.1227,41.0692,41.2296,30.2468,41.2961,35.6580,39.8783

2167.6500,41.2176,41.4488,41.4498,41.2478,41.1278,41.0515,41.2264,30.2360,41.2984,35.6437,39.8757

2168.6510,41.2342,41.4517,41.4456,41.2390,41.1230,41.0708,41.2335,30.2278,41.2987,35.6493,39.8782

2169.6500,41.2086,41.4628,41.4340,41.2590,41.1234,41.0475,41.2222,30.2142,41.2976,35.6308,39.8715

2170.6500,41.2379,41.4552,41.4515,41.2523,41.1314,41.0429,41.2235,30.2302,41.3057,35.6366,39.8781

2171.6500,41.2371,41.4690,41.4425,41.2448,41.1217,41.0603,41.2238,30.2378,41.3030,35.6490,39.8796

2172.6500,41.2207,41.4575,41.4337,41.2365,41.1080,41.0461,41.2127,30.2259,41.2913,35.6360,39.8676

2173.6500,41.2423,41.4557,41.4357,41.2482,41.1516,41.0608,41.1946,30.2454,41.3067,35.6531,39.8793

2174.6500,41.2419,41.4643,41.4420,41.2396,41.1437,41.0473,41.2168,30.2210,41.3063,35.6342,39.8771

2175.6510,41.2315,41.4563,41.4475,41.2558,41.1659,41.0570,41.2460,30.2411,41.3114,35.6491,39.8877

2176.6500,41.2377,41.4657,41.4373,41.2540,41.1283,41.0483,41.2340,30.2436,41.3046,35.6459,39.8811

2177.6500,41.2331,41.4661,41.4563,41.2404,41.1386,41.0790,41.2353,30.2450,41.3069,35.6620,39.8868

2178.6500,41.2539,41.4803,41.4426,41.2537,41.1538,41.0649,41.2444,30.2440,41.3169,35.6545,39.8922

2179.6500,41.2276,41.4690,41.4532,41.2578,41.1573,41.0698,41.2340,30.2343,41.3130,35.6521,39.8879

2180.6500,41.2265,41.4751,41.4462,41.2406,41.1372,41.0520,41.2443,30.2450,41.3051,35.6485,39.8834

2181.6500,41.2371,41.4526,41.4665,41.2525,41.1403,41.0537,41.2423,30.2298,41.3098,35.6417,39.8843

2182.6500,41.2284,41.4761,41.4630,41.2513,41.1419,41.0879,41.2406,30.2399,41.3121,35.6639,39.8911

2183.6500,41.2327,41.4909,41.4564,41.2294,41.1620,41.0577,41.2457,30.2329,41.3143,35.6453,39.8885

2184.6500,41.2429,41.4847,41.4665,41.2427,41.1615,41.0744,41.2455,30.2301,41.3197,35.6523,39.8935

2185.6500,41.2496,41.4705,41.4598,41.2588,41.1421,41.0658,41.2397,30.2401,41.3162,35.6530,39.8908

2186.6500,41.2433,41.4571,41.4636,41.2608,41.1707,41.0757,41.2668,30.2422,41.3191,35.6589,39.8975

2187.6500,41.2429,41.4592,41.4625,41.2475,41.1703,41.0753,41.2312,30.2107,41.3165,35.6430,39.8874

2188.6500,41.2487,41.4787,41.4373,41.2507,41.1524,41.0779,41.2512,30.2476,41.3135,35.6628,39.8931

2189.6500,41.2422,41.4800,41.4651,41.2450,41.1771,41.0868,41.2408,30.2519,41.3219,35.6694,39.8986

2190.6500,41.2335,41.4980,41.4440,41.2751,41.1441,41.0901,41.2141,30.2214,41.3189,35.6558,39.8900

2191.6500,41.2418,41.4996,41.4531,41.2507,41.1636,41.0952,41.2507,30.2445,41.3218,35.6698,39.8999

2192.6500,41.2518,41.4973,41.4564,41.2740,41.1559,41.0898,41.2540,30.2320,41.3271,35.6609,39.9014

2193.6500,41.2538,41.4812,41.4612,41.2630,41.1440,41.0905,41.2504,30.2481,41.3207,35.6693,39.8990

2194.6500,41.2571,41.4895,41.4741,41.2592,41.1734,41.0868,41.2578,30.2345,41.3307,35.6607,39.9040

2195.6500,41.2383,41.4813,41.4631,41.2542,41.1857,41.1070,41.2370,30.2465,41.3245,35.6768,39.9016

2196.6500,41.2371,41.4553,41.4479,41.2594,41.1752,41.0914,41.2562,30.2359,41.3150,35.6637,39.8948

2197.6500,41.2601,41.4770,41.4710,41.2602,41.1861,41.1065,41.2583,30.2366,41.3309,35.6716,39.9070

2198.6500,41.2398,41.4941,41.4537,41.2615,41.1732,41.0983,41.2303,30.2598,41.3245,35.6790,39.9013

2199.6500,41.2663,41.4907,41.4712,41.2725,41.1732,41.0941,41.2953,30.2419,41.3348,35.6680,39.9131

2200.6500,41.2542,41.4902,41.4786,41.2813,41.1825,41.1090,41.2608,30.2419,41.3374,35.6755,39.9123

2201.6500,41.2391,41.4814,41.4735,41.2506,41.1758,41.1032,41.2809,30.2337,41.3241,35.6685,39.9048

2202.6510,41.2462,41.4872,41.4881,41.2629,41.1839,41.1090,41.2527,30.2489,41.3337,35.6789,39.9099

2203.6500,41.2532,41.4954,41.4828,41.2735,41.1793,41.0848,41.2614,30.2438,41.3368,35.6643,39.9093

2204.6500,41.2474,41.4985,41.4957,41.2668,41.2023,41.0817,41.2565,30.2487,41.3421,35.6652,39.9122

2205.6510,41.2531,41.4911,41.4697,41.2789,41.1814,41.0995,41.2873,30.2530,41.3348,35.6763,39.9143

2206.6500,41.2650,41.4972,41.4795,41.2790,41.1849,41.0895,41.2785,30.2406,41.3411,35.6651,39.9143

2207.6500,41.2478,41.5086,41.4849,41.2946,41.1835,41.1114,41.2704,30.2312,41.3439,35.6713,39.9165

2208.6500,41.2487,41.4980,41.4748,41.2886,41.1579,41.1179,41.2724,30.2646,41.3336,35.6912,39.9154

2209.6500,41.2813,41.4892,41.4882,41.2626,41.1901,41.1040,41.2747,30.2519,41.3423,35.6779,39.9177

2210.6500,41.2703,41.4989,41.4841,41.2733,41.1828,41.1381,41.2686,30.2328,41.3419,35.6855,39.9186

2211.6500,41.2471,41.4792,41.4862,41.2540,41.1773,41.1089,41.2633,30.2451,41.3288,35.6770,39.9077

2212.6510,41.2700,41.4744,41.4805,41.2916,41.1932,41.0987,41.2837,30.2339,41.3419,35.6663,39.9158

2213.6500,41.2688,41.5138,41.4822,41.2831,41.1813,41.1292,41.2658,30.2261,41.3459,35.6777,39.9188

2214.6500,41.2789,41.5086,41.4834,41.2657,41.1849,41.1151,41.2876,30.2354,41.3443,35.6752,39.9199

2215.6500,41.2858,41.5053,41.4867,41.2806,41.1704,41.1104,41.3001,30.2668,41.3458,35.6886,39.9258

2216.6500,41.2658,41.4919,41.5026,41.2700,41.1843,41.1262,41.2779,30.2452,41.3429,35.6857,39.9205

2217.6500,41.2715,41.5177,41.4754,41.2734,41.1980,41.1301,41.2939,30.2505,41.3472,35.6903,39.9263

2218.6500,41.2822,41.4997,41.4844,41.2964,41.1896,41.0961,41.2810,30.2665,41.3505,35.6813,39.9245

2219.6500,41.2987,41.5085,41.4880,41.3066,41.1824,41.1200,41.2964,30.2639,41.3569,35.6919,39.9331

2220.6500,41.2625,41.5161,41.4947,41.2891,41.1847,41.1200,41.2742,30.2376,41.3494,35.6788,39.9224

2221.6500,41.2787,41.5066,41.4875,41.2888,41.1968,41.1135,41.2916,30.2601,41.3517,35.6868,39.9280

2222.6500,41.2706,41.5280,41.5080,41.2883,41.2050,41.0965,41.2888,30.2566,41.3600,35.6766,39.9302

2223.6500,41.2709,41.5282,41.5091,41.2970,41.1853,41.1355,41.2798,30.2456,41.3581,35.6906,39.9314

2224.6500,41.3009,41.5083,41.5101,41.2863,41.1897,41.1078,41.2710,30.2473,41.3590,35.6775,39.9277

2225.6500,41.2752,41.5245,41.5031,41.2788,41.1826,41.1239,41.2746,30.2683,41.3528,35.6961,39.9289

2226.6500,41.2975,41.5364,41.5029,41.2987,41.2003,41.1407,41.2763,30.2467,41.3672,35.6937,39.9374

2227.6500,41.2955,41.5149,41.5051,41.3004,41.1852,41.1252,41.2850,30.2508,41.3602,35.6880,39.9328

2228.6500,41.3064,41.5270,41.4940,41.2860,41.1784,41.1272,41.2693,30.2467,41.3584,35.6869,39.9294

2229.6500,41.2880,41.4974,41.5118,41.2945,41.1996,41.1256,41.2698,30.2544,41.3582,35.6900,39.9301

2230.6510,41.2813,41.5261,41.4940,41.2972,41.1915,41.1115,41.2767,30.2393,41.3580,35.6754,39.9272

2231.6500,41.3093,41.5303,41.4968,41.3093,41.1994,41.1362,41.2819,30.2524,41.3690,35.6943,39.9394

2232.6510,41.2974,41.5221,41.5254,41.3058,41.1941,41.1173,41.2793,30.2522,41.3690,35.6847,39.9367

2233.6500,41.2945,41.5295,41.5197,41.2927,41.2117,41.1381,41.2959,30.2478,41.3696,35.6930,39.9412

2234.6940,41.3154,41.5110,41.4910,41.2951,41.2074,41.1349,41.2890,30.2530,41.3640,35.6939,39.9371

2235.6500,41.2792,41.5052,41.5186,41.3116,41.2090,41.1429,41.2786,30.2508,41.3647,35.6968,39.9370

2236.6500,41.2929,41.5125,41.5097,41.3166,41.2338,41.1337,41.2859,30.2645,41.3731,35.6991,39.9437

2237.6510,41.2931,41.5506,41.5059,41.3263,41.2028,41.1158,41.2928,30.2399,41.3757,35.6778,39.9409

2238.6500,41.2915,41.5186,41.4958,41.3078,41.2194,41.1133,41.3162,30.2363,41.3666,35.6748,39.9373

2239.6500,41.2980,41.5327,41.5034,41.3113,41.2026,41.1230,41.2931,30.2274,41.3696,35.6752,39.9364

2240.6510,41.3177,41.5326,41.5075,41.3260,41.1841,41.1492,41.2976,30.2271,41.3736,35.6882,39.9427

2241.6510,41.3058,41.5505,41.5244,41.3044,41.1945,41.1489,41.2983,30.2470,41.3759,35.6980,39.9467

2242.6500,41.2878,41.5328,41.5053,41.3108,41.2147,41.1487,41.3127,30.2425,41.3703,35.6956,39.9444

2243.6500,41.3025,41.5444,41.5137,41.3257,41.2257,41.1549,41.2922,30.2709,41.3824,35.7129,39.9538

2244.6500,41.2994,41.5143,41.5050,41.3151,41.2198,41.1510,41.3054,30.2434,41.3707,35.6972,39.9442

2245.6500,41.2904,41.5459,41.5119,41.3090,41.2266,41.1540,41.3114,30.2573,41.3768,35.7057,39.9508

2246.6510,41.2833,41.5300,41.5054,41.3421,41.2368,41.1549,41.3053,30.2398,41.3795,35.6973,39.9497

2247.6500,41.2978,41.5538,41.5101,41.3114,41.2122,41.1233,41.3067,30.2724,41.3771,35.6979,39.9485

2248.6500,41.2941,41.5513,41.5257,41.3168,41.2369,41.1503,41.3238,30.2460,41.3850,35.6982,39.9556

2249.6500,41.2967,41.5503,41.5154,41.3311,41.2204,41.1436,41.3116,30.2539,41.3828,35.6988,39.9529

2250.6500,41.2725,41.5427,41.5246,41.3217,41.2111,41.1506,41.3031,30.2590,41.3745,35.7048,39.9481

2251.6500,41.3016,41.5365,41.5407,41.3044,41.2164,41.1461,41.3118,30.2569,41.3799,35.7015,39.9518

2252.6500,41.3189,41.5363,41.5284,41.3242,41.2146,41.1653,41.3111,30.2659,41.3845,35.7156,39.9581

2253.6500,41.2974,41.5626,41.5328,41.3285,41.2230,41.1583,41.3025,30.2518,41.3889,35.7050,39.9571

2254.6500,41.3090,41.5294,41.5406,41.3205,41.2331,41.1656,41.3163,30.2507,41.3865,35.7082,39.9582

2255.6500,41.3021,41.5587,41.5326,41.3214,41.2128,41.1732,41.3093,30.2579,41.3855,35.7156,39.9585

2256.6500,41.3049,41.5520,41.5227,41.3324,41.2291,41.1439,41.3054,30.2603,41.3882,35.7021,39.9563

2257.6500,41.3357,41.5606,41.5164,41.3205,41.2226,41.1742,41.3172,30.2636,41.3912,35.7189,39.9639

2258.6500,41.3191,41.5700,41.5411,41.3434,41.2493,41.1595,41.3290,30.2567,41.4046,35.7081,39.9710

2259.6500,41.3132,41.5664,41.5446,41.3203,41.2285,41.1801,41.3287,30.2573,41.3946,35.7187,39.9674

2260.6510,41.3223,41.5433,41.5326,41.3410,41.2344,41.1520,41.3368,30.2501,41.3947,35.7011,39.9641

2261.6500,41.3263,41.5560,41.5485,41.3443,41.2268,41.1528,41.3252,30.2471,41.4004,35.6999,39.9659

2262.6500,41.3289,41.5636,41.5454,41.3370,41.2554,41.1558,41.3193,30.2713,41.4061,35.7136,39.9721

2263.6500,41.3255,41.5547,41.5435,41.3490,41.2138,41.1626,41.3583,30.2476,41.3973,35.7051,39.9694

2264.6500,41.3161,41.5599,41.5427,41.3370,41.2217,41.1584,41.3282,30.2650,41.3955,35.7117,39.9661

2265.6500,41.3392,41.5612,41.5570,41.3221,41.2178,41.1615,41.3337,30.2559,41.3995,35.7087,39.9685

2266.6500,41.3064,41.5495,41.5440,41.3537,41.2325,41.1464,41.3337,30.2637,41.3972,35.7050,39.9662

2267.6500,41.3351,41.5597,41.5616,41.3341,41.2169,41.1680,41.3383,30.2498,41.4015,35.7089,39.9704

2268.6500,41.3237,41.5674,41.5470,41.3218,41.2353,41.1687,41.3525,30.2623,41.3990,35.7155,39.9723

2269.6500,41.3359,41.5749,41.5596,41.3386,41.2363,41.1809,41.3432,30.2525,41.4091,35.7167,39.9777

2270.6500,41.3441,41.5646,41.5520,41.3422,41.2454,41.1635,41.3576,30.2566,41.4097,35.7101,39.9783

2271.6500,41.3399,41.5791,41.5470,41.3451,41.2306,41.1650,41.3409,30.2406,41.4084,35.7028,39.9735

2272.6510,41.3330,41.5543,41.5543,41.3389,41.2492,41.1631,41.3380,30.2660,41.4060,35.7146,39.9746

2273.6510,41.3283,41.5668,41.5458,41.3565,41.2585,41.1668,41.3425,30.2354,41.4112,35.7011,39.9751

2274.6500,41.3458,41.5858,41.5658,41.3406,41.2444,41.1802,41.3443,30.2315,41.4165,35.7058,39.9798

2275.6500,41.3282,41.5576,41.5548,41.3473,41.2733,41.1583,41.3412,30.2462,41.4122,35.7022,39.9758

2276.6500,41.3400,41.5641,41.5404,41.3273,41.2735,41.1548,41.3282,30.2238,41.4091,35.6893,39.9690

2277.6500,41.3344,41.5509,41.5490,41.3257,41.2656,41.1683,41.3248,30.2337,41.4051,35.7010,39.9690

2278.6510,41.3018,41.5957,41.5678,41.3384,41.2441,41.1864,41.3282,30.2279,41.4096,35.7072,39.9738

2279.6500,41.3344,41.5830,41.5574,41.3518,41.2362,41.1692,41.3462,30.2416,41.4126,35.7054,39.9775

2280.6500,41.3230,41.5569,41.5616,41.3406,41.2564,41.1871,41.3411,30.2395,41.4077,35.7133,39.9758

2281.6500,41.3506,41.5866,41.5671,41.3661,41.2691,41.1877,41.3354,30.2645,41.4279,35.7261,39.9909

2282.6500,41.3317,41.5872,41.5500,41.3862,41.2526,41.1889,41.3597,30.2666,41.4215,35.7277,39.9904

2283.6500,41.3481,41.5801,41.5564,41.3568,41.2597,41.1774,41.3457,30.2682,41.4203,35.7228,39.9866

2284.6500,41.3463,41.5786,41.5642,41.3558,41.2444,41.1881,41.3595,30.2471,41.4179,35.7176,39.9855

2285.6500,41.3579,41.5743,41.5789,41.3477,41.2583,41.1801,41.3314,30.2320,41.4234,35.7061,39.9826

2286.6500,41.3349,41.5889,41.5773,41.3688,41.2614,41.1716,41.3539,30.2520,41.4263,35.7118,39.9886

2287.6500,41.3529,41.5822,41.5553,41.3692,41.2799,41.1742,41.3645,30.2209,41.4279,35.6975,39.9874

2288.6500,41.3851,41.5852,41.5568,41.3698,41.2562,41.1943,41.3712,30.2553,41.4306,35.7248,39.9967

2289.6500,41.3558,41.5976,41.5613,41.3650,41.2581,41.1939,41.3524,30.2369,41.4276,35.7154,39.9901

2290.6500,41.3526,41.5872,41.5555,41.3741,41.2791,41.1958,41.3624,30.2487,41.4297,35.7223,39.9944

2291.6510,41.3371,41.5848,41.5848,41.3629,41.2687,41.1998,41.3670,30.2392,41.4276,35.7195,39.9930

2292.6500,41.3438,41.5813,41.5836,41.3556,41.2708,41.1912,41.3524,30.2417,41.4270,35.7165,39.9900

2293.6500,41.3699,41.5946,41.5736,41.3615,41.2517,41.1908,41.3745,30.2676,41.4303,35.7292,39.9980

2294.6510,41.3241,41.5780,41.5882,41.3658,41.2860,41.1994,41.3672,30.2275,41.4284,35.7134,39.9920

2295.6500,41.3463,41.5979,41.5821,41.3839,41.2946,41.2048,41.4016,30.2287,41.4410,35.7168,40.0050

2296.6500,41.3598,41.5945,41.5806,41.3447,41.2514,41.2063,41.3754,30.2306,41.4262,35.7185,39.9929

2297.6500,41.3648,41.5824,41.5680,41.3805,41.2625,41.2122,41.3609,30.2601,41.4316,35.7362,39.9989

2298.6500,41.3551,41.5786,41.5948,41.3692,41.2862,41.1811,41.3748,30.2592,41.4368,35.7201,39.9999

2299.6500,41.3751,41.5876,41.5936,41.3759,41.2681,41.2001,41.3670,30.2484,41.4400,35.7243,40.0020

2300.6500,41.3663,41.5812,41.5882,41.3602,41.2761,41.2114,41.3672,30.2447,41.4344,35.7281,39.9994

2301.6500,41.3487,41.6171,41.5766,41.3733,41.2882,41.1951,41.3919,30.2222,41.4408,35.7086,40.0016

2302.6500,41.3605,41.5866,41.5875,41.3921,41.2958,41.2027,41.3693,30.2247,41.4445,35.7137,40.0024

2303.6500,41.3414,41.6056,41.5731,41.3744,41.2991,41.2079,41.3781,30.2464,41.4387,35.7271,40.0033

2304.6500,41.3686,41.6060,41.5916,41.3827,41.2737,41.2132,41.3720,30.2490,41.4445,35.7311,40.0071

2305.6510,41.3554,41.6010,41.5801,41.3754,41.2600,41.2107,41.3721,30.2572,41.4344,35.7340,40.0015

2306.6500,41.3612,41.5922,41.5852,41.3879,41.3021,41.1821,41.3805,30.2499,41.4457,35.7160,40.0051

2307.6500,41.3753,41.6045,41.5877,41.3742,41.2781,41.2027,41.3523,30.2501,41.4440,35.7264,40.0031

2308.6500,41.3868,41.6052,41.5918,41.3875,41.2714,41.1890,41.3768,30.2593,41.4485,35.7241,40.0085

2309.6500,41.3569,41.5986,41.6038,41.3823,41.3108,41.2024,41.3735,30.2648,41.4505,35.7336,40.0116

2310.6500,41.3564,41.5833,41.5828,41.3935,41.3052,41.2149,41.3772,30.2291,41.4442,35.7220,40.0053

2311.6500,41.3689,41.6092,41.5738,41.3900,41.2926,41.2117,41.3798,30.2577,41.4469,35.7347,40.0105

2312.6500,41.3627,41.5959,41.6075,41.3837,41.3055,41.2152,41.3949,30.2387,41.4510,35.7270,40.0130

2313.6500,41.3799,41.6233,41.5982,41.3874,41.2929,41.2282,41.3828,30.2383,41.4564,35.7333,40.0164

2314.6500,41.3594,41.6120,41.6093,41.3952,41.3012,41.2314,41.3938,30.2321,41.4554,35.7318,40.0168

2315.6500,41.3635,41.6107,41.5926,41.3972,41.3156,41.2406,41.3888,30.2489,41.4559,35.7448,40.0197

2316.6510,41.3759,41.6188,41.6063,41.3992,41.3001,41.1959,41.4090,30.2549,41.4601,35.7254,40.0200

2317.6500,41.3858,41.6236,41.6009,41.3947,41.3006,41.2350,41.3980,30.2381,41.4611,35.7366,40.0221

2318.6500,41.3928,41.6384,41.6012,41.3751,41.2909,41.2118,41.3928,30.2701,41.4597,35.7409,40.0216

2319.6500,41.3771,41.6421,41.5886,41.3732,41.3241,41.2212,41.3979,30.2514,41.4610,35.7363,40.0220

2320.6500,41.3671,41.6115,41.6083,41.3859,41.2922,41.2210,41.3966,30.2446,41.4530,35.7328,40.0159

2321.6500,41.3785,41.6183,41.6030,41.3913,41.3022,41.2351,41.3801,30.2377,41.4587,35.7364,40.0183

2322.6500,41.3693,41.6256,41.5944,41.3725,41.2609,41.2148,41.3748,30.2360,41.4446,35.7254,40.0061

2323.6500,41.3818,41.6107,41.6107,41.4107,41.2948,41.2198,41.4135,30.2387,41.4617,35.7293,40.0226

2324.6500,41.4111,41.6221,41.5849,41.3992,41.3064,41.2315,41.3997,30.2434,41.4647,35.7374,40.0248

2325.6500,41.3917,41.6471,41.6029,41.4093,41.2963,41.2074,41.4038,30.2266,41.4695,35.7170,40.0231

2326.6500,41.3935,41.6115,41.6120,41.3970,41.3154,41.2083,41.3919,30.2355,41.4659,35.7219,40.0206

2327.6500,41.3859,41.6219,41.6019,41.3990,41.3129,41.2449,41.3860,30.2269,41.4643,35.7359,40.0224

2328.6500,41.4113,41.6318,41.6062,41.4145,41.2926,41.2224,41.3968,30.2295,41.4713,35.7259,40.0256

2329.6500,41.3955,41.6320,41.6241,41.4138,41.2992,41.2317,41.4007,30.2474,41.4729,35.7395,40.0305

2330.6500,41.4087,41.6238,41.6159,41.4177,41.3063,41.2044,41.3963,30.2335,41.4745,35.7190,40.0258

2331.6500,41.3957,41.6582,41.6200,41.4255,41.3041,41.2254,41.4083,30.2317,41.4807,35.7286,40.0336

2332.6500,41.4026,41.6465,41.6200,41.3939,41.3179,41.2328,41.4186,30.2522,41.4762,35.7425,40.0356

2333.6500,41.4216,41.6291,41.6235,41.4174,41.3076,41.2253,41.4207,30.2484,41.4799,35.7368,40.0367

2334.6500,41.3900,41.6284,41.6102,41.4130,41.3356,41.2206,41.4334,30.2329,41.4754,35.7268,40.0330

2335.6500,41.4038,41.6406,41.6364,41.4164,41.3154,41.2367,41.4215,30.2445,41.4825,35.7406,40.0394

2336.6500,41.4068,41.6265,41.6158,41.4107,41.3170,41.2398,41.4023,30.2494,41.4754,35.7446,40.0335

2337.6500,41.4052,41.6566,41.6176,41.4319,41.3247,41.2456,41.4087,30.2629,41.4872,35.7543,40.0442

2338.6500,41.3675,41.6312,41.6186,41.4176,41.3172,41.2256,41.4111,30.2454,41.4704,35.7355,40.0293

2339.6500,41.4077,41.6332,41.6155,41.4154,41.3049,41.2560,41.4089,30.2598,41.4753,35.7579,40.0377

2340.6500,41.3955,41.6452,41.6471,41.4028,41.3281,41.2513,41.4247,30.2376,41.4838,35.7444,40.0415

2341.6500,41.4131,41.6480,41.6206,41.4261,41.3350,41.2209,41.4186,30.2318,41.4885,35.7264,40.0393

2342.6500,41.4236,41.6523,41.6439,41.4201,41.3184,41.2398,41.4076,30.2307,41.4917,35.7352,40.0420

2343.6510,41.4180,41.6377,41.6354,41.4088,41.3217,41.2458,41.4227,30.2358,41.4843,35.7408,40.0407

2344.6500,41.4233,41.6525,41.6353,41.4343,41.3414,41.2450,41.4194,30.2341,41.4973,35.7396,40.0482

2345.6510,41.4056,41.6689,41.6359,41.4159,41.2944,41.2605,41.4028,30.2327,41.4842,35.7466,40.0396

2346.6500,41.4157,41.6697,41.6311,41.3998,41.3221,41.2579,41.4115,30.2433,41.4877,35.7506,40.0439

2347.6500,41.4279,41.6377,41.6340,41.4275,41.3292,41.2548,41.4228,30.2571,41.4913,35.7559,40.0489

2348.6500,41.4220,41.6455,41.6181,41.4119,41.3150,41.2386,41.4073,30.2445,41.4825,35.7416,40.0379

2349.6500,41.4154,41.6307,41.6297,41.4353,41.3377,41.2405,41.4064,30.2483,41.4898,35.7444,40.0430

2350.6500,41.4240,41.6749,41.6339,41.4167,41.3151,41.2565,41.4213,30.2456,41.4929,35.7511,40.0485

2351.6500,41.4314,41.6443,41.6536,41.4359,41.3300,41.2462,41.4126,30.2456,41.4990,35.7459,40.0499

2352.6500,41.4434,41.6349,41.6391,41.4260,41.3359,41.2438,41.4400,30.2460,41.4959,35.7449,40.0511

2353.6500,41.4068,41.6681,41.6360,41.4402,41.3314,41.2779,41.4225,30.2494,41.4965,35.7637,40.0541

2354.6500,41.4258,41.6333,41.6291,41.4137,41.3323,41.2741,41.4272,30.2315,41.4868,35.7528,40.0459

2355.6510,41.4363,41.6415,41.6285,41.4298,41.3451,41.2791,41.4424,30.2323,41.4962,35.7557,40.0544

2356.6500,41.4005,41.6557,41.6362,41.4329,41.3242,41.2632,41.4231,30.2496,41.4899,35.7564,40.0482

2357.6500,41.4459,41.6471,41.6509,41.4262,41.3399,41.2617,41.4299,30.2735,41.5020,35.7676,40.0594

2358.6500,41.4145,41.6483,41.6622,41.4380,41.3414,41.2637,41.4403,30.2628,41.5009,35.7633,40.0589

2359.6500,41.4178,41.6614,41.6382,41.4423,41.3401,41.2717,41.4335,30.2432,41.5000,35.7574,40.0560

2360.6500,41.4010,41.6479,41.6400,41.4344,41.3386,41.2795,41.4423,30.2656,41.4924,35.7726,40.0562

2361.6510,41.4263,41.6643,41.6290,41.4541,41.3379,41.2807,41.4443,30.2550,41.5023,35.7678,40.0614

2362.6500,41.4245,41.6543,41.6376,41.4385,41.3258,41.2667,41.4441,30.2457,41.4961,35.7562,40.0547

2363.6500,41.4387,41.6594,41.6510,41.4514,41.3214,41.2698,41.4379,30.2511,41.5044,35.7604,40.0601

2364.6500,41.4180,41.6698,41.6489,41.4289,41.3319,41.2468,41.4209,30.2457,41.4995,35.7462,40.0514

2365.6500,41.4576,41.6614,41.6368,41.4632,41.3301,41.2789,41.4297,30.2608,41.5098,35.7698,40.0648

2366.6500,41.4328,41.6621,41.6309,41.4369,41.3569,41.2466,41.4411,30.2559,41.5039,35.7513,40.0579

2367.6500,41.4439,41.6650,41.6441,41.4566,41.3467,41.2690,41.4422,30.2540,41.5113,35.7615,40.0652

2368.6500,41.4477,41.6622,41.6469,41.4436,41.3597,41.2690,41.4324,30.2583,41.5120,35.7637,40.0650

2369.6500,41.4353,41.6623,41.6432,41.4451,41.3515,41.2980,41.4339,30.2725,41.5075,35.7853,40.0677

2370.6500,41.4274,41.6732,41.6899,41.4517,41.3310,41.2636,41.4373,30.2552,41.5147,35.7594,40.0662

2371.6510,41.4453,41.6599,41.6622,41.4552,41.3425,41.2829,41.4477,30.2733,41.5130,35.7781,40.0711

2372.6500,41.4378,41.6609,41.6479,41.4357,41.3494,41.2689,41.4534,30.2765,41.5063,35.7727,40.0663

2373.6500,41.4325,41.6881,41.6769,41.4336,41.3636,41.2733,41.4397,30.2551,41.5189,35.7642,40.0704

2374.6500,41.4527,41.6566,41.6700,41.4481,41.3545,41.2782,41.4616,30.2497,41.5164,35.7640,40.0714

2375.6500,41.4277,41.6871,41.6573,41.4479,41.3411,41.2830,41.4326,30.2668,41.5122,35.7749,40.0679

2376.6500,41.4569,41.6813,41.6696,41.4486,41.3434,41.2740,41.4291,30.2568,41.5200,35.7654,40.0700

2377.6510,41.4770,41.6735,41.6721,41.4487,41.3565,41.3030,41.4567,30.2602,41.5255,35.7816,40.0809

2378.6500,41.4309,41.6772,41.6739,41.4538,41.3616,41.2894,41.4478,30.2423,41.5195,35.7659,40.0721

2379.6500,41.4458,41.6658,41.6541,41.4546,41.3583,41.2974,41.4657,30.2324,41.5157,35.7649,40.0718

2380.6500,41.4563,41.6974,41.6815,41.4568,41.3609,41.2851,41.4503,30.2548,41.5306,35.7699,40.0804

2381.6500,41.4542,41.6838,41.6577,41.4675,41.3802,41.2946,41.4498,30.2578,41.5287,35.7762,40.0807

2382.6500,41.4548,41.6806,41.6569,41.4620,41.3696,41.2924,41.4536,30.2551,41.5248,35.7738,40.0781

2383.6500,41.4449,41.6926,41.6708,41.4572,41.3714,41.2974,41.4595,30.2503,41.5274,35.7739,40.0805

2384.6500,41.4629,41.6954,41.6615,41.4544,41.3731,41.3056,41.4549,30.2661,41.5294,35.7858,40.0842

2385.6510,41.4665,41.6840,41.6729,41.4603,41.3543,41.2789,41.4793,30.2293,41.5276,35.7541,40.0782

2386.6500,41.4516,41.6854,41.6793,41.4691,41.3595,41.2874,41.4746,30.2468,41.5290,35.7671,40.0817

2387.6500,41.4484,41.7013,41.6757,41.4608,41.3744,41.3018,41.4654,30.2477,41.5321,35.7748,40.0844

2388.6500,41.4610,41.6803,41.6506,41.4500,41.3837,41.2795,41.4645,30.2586,41.5251,35.7690,40.0785

2389.6500,41.4497,41.6896,41.6692,41.4603,41.3696,41.2957,41.4645,30.2532,41.5277,35.7745,40.0815

2390.6500,41.4551,41.6951,41.6667,41.4374,41.3695,41.2955,41.4648,30.2465,41.5247,35.7710,40.0788

2391.6500,41.4687,41.6720,41.6674,41.4590,41.3863,41.3053,41.4846,30.2480,41.5307,35.7767,40.0864

2392.6500,41.4674,41.6809,41.6693,41.4776,41.3720,41.3189,41.4823,30.2443,41.5334,35.7816,40.0891

2393.6510,41.4665,41.6911,41.6721,41.4804,41.3678,41.3064,41.4767,30.2674,41.5356,35.7869,40.0910

2394.6510,41.4703,41.6890,41.6848,41.4550,41.3810,41.3028,41.4740,30.2534,41.5360,35.7781,40.0888

2395.6510,41.4703,41.6983,41.6783,41.4578,41.3856,41.2986,41.4867,30.2577,41.5381,35.7781,40.0917

2396.6510,41.4570,41.7045,41.6873,41.4738,41.3579,41.3272,41.4421,30.2385,41.5361,35.7829,40.0860

2397.6500,41.4602,41.6814,41.6577,41.4781,41.3778,41.2996,41.4744,30.2342,41.5311,35.7669,40.0830

2398.6510,41.4466,41.6995,41.6790,41.4627,41.3973,41.3158,41.4910,30.2431,41.5370,35.7795,40.0919

2399.6500,41.4563,41.7064,41.6775,41.4882,41.3856,41.3325,41.4752,30.2632,41.5428,35.7979,40.0981

2400.6510,41.4815,41.6969,41.6741,41.4847,41.4024,41.3298,41.4726,30.2436,41.5479,35.7867,40.0982

2401.6500,41.4673,41.6969,41.7029,41.4866,41.3831,41.3002,41.4829,30.2485,41.5473,35.7744,40.0960

2402.6500,41.4604,41.6971,41.6906,41.4887,41.3878,41.3106,41.4570,30.2368,41.5449,35.7737,40.0911

2403.6500,41.4990,41.7124,41.6887,41.4570,41.3944,41.3241,41.4705,30.2307,41.5503,35.7774,40.0971

2404.6500,41.4722,41.7018,41.6758,41.4767,41.3736,41.3206,41.4744,30.2267,41.5400,35.7736,40.0902

2405.6510,41.4776,41.6936,41.7001,41.4647,41.4120,41.3143,41.4829,30.2749,41.5496,35.7946,40.1025

2406.6500,41.4669,41.7248,41.6880,41.4949,41.3906,41.3185,41.4698,30.2552,41.5531,35.7868,40.1011

2407.6500,41.4674,41.7000,41.6856,41.4818,41.3916,41.3223,41.4888,30.2397,41.5453,35.7810,40.0971

2408.6510,41.4632,41.7073,41.6966,41.4775,41.3813,41.3199,41.4803,30.2420,41.5452,35.7810,40.0960

2409.6500,41.4448,41.7024,41.7103,41.4716,41.3820,41.3024,41.4777,30.2304,41.5422,35.7664,40.0902

2410.6500,41.4623,41.6971,41.6971,41.4882,41.4023,41.3199,41.4761,30.2411,41.5494,35.7805,40.0980

2411.6500,41.4662,41.7086,41.7007,41.4895,41.4122,41.3247,41.4792,30.2408,41.5554,35.7827,40.1027

2412.6500,41.4736,41.7109,41.7012,41.4862,41.3992,41.3229,41.4760,30.2342,41.5542,35.7785,40.1005

2413.6500,41.4364,41.6966,41.6790,41.4859,41.3940,41.3261,41.4836,30.2332,41.5384,35.7797,40.0919

2414.6500,41.4882,41.7178,41.6820,41.4829,41.4073,41.3049,41.4908,30.2358,41.5556,35.7703,40.1012

2415.6500,41.4811,41.7017,41.7040,41.5049,41.4127,41.3071,41.4853,30.2309,41.5609,35.7690,40.1035

2416.6500,41.4840,41.7226,41.6961,41.4895,41.3807,41.3319,41.4951,30.2207,41.5546,35.7763,40.1026

2417.6500,41.4886,41.7026,41.6956,41.4868,41.4132,41.3197,41.4951,30.2404,41.5574,35.7801,40.1053

2418.6510,41.4750,41.7048,41.6941,41.4834,41.4052,41.3173,41.5071,30.2370,41.5525,35.7771,40.1030

2419.6500,41.4698,41.6996,41.6764,41.5005,41.3949,41.3428,41.4968,30.2534,41.5482,35.7981,40.1043

2420.6510,41.4978,41.7159,41.7001,41.4912,41.4048,41.3312,41.5024,30.2619,41.5620,35.7966,40.1132

2421.6500,41.4746,41.7138,41.7110,41.5081,41.4141,41.3285,41.5081,30.2215,41.5643,35.7750,40.1100

2422.6510,41.4756,41.7157,41.7036,41.4957,41.3904,41.3318,41.4980,30.2536,41.5562,35.7927,40.1081

2423.6500,41.4800,41.7174,41.7090,41.5090,41.3967,41.3279,41.4816,30.2435,41.5624,35.7857,40.1081

2424.6510,41.5050,41.7250,41.7017,41.4891,41.4087,41.3455,41.4956,30.2387,41.5659,35.7921,40.1137

2425.6500,41.4872,41.7096,41.6938,41.4747,41.3815,41.3308,41.4840,30.2432,41.5494,35.7870,40.1006

2426.6510,41.5141,41.7185,41.6947,41.5087,41.3978,41.3247,41.4882,30.2375,41.5667,35.7811,40.1105

2427.6510,41.5034,41.7101,41.7152,41.5184,41.4145,41.3186,41.5137,30.2454,41.5723,35.7820,40.1174

2428.6500,41.4771,41.7043,41.7001,41.5182,41.3868,41.3338,41.4973,30.2452,41.5573,35.7895,40.1078

2429.6500,41.4859,41.7266,41.7085,41.5038,41.4040,41.3440,41.4856,30.2358,41.5658,35.7899,40.1118

2430.6500,41.4791,41.7296,41.7119,41.5026,41.4080,41.3182,41.5054,30.2280,41.5662,35.7731,40.1103

2431.6500,41.4927,41.7316,41.7000,41.4878,41.3899,41.3312,41.4808,30.2412,41.5604,35.7862,40.1069

2432.6510,41.4970,41.7362,41.7046,41.4961,41.4002,41.3425,41.4729,30.2456,41.5668,35.7940,40.1119

2433.6500,41.5079,41.7058,41.7170,41.5002,41.4033,41.3311,41.4914,30.2346,41.5668,35.7828,40.1114

2434.6500,41.5033,41.7456,41.7195,41.5009,41.4135,41.3348,41.4967,30.2477,41.5765,35.7913,40.1202

2435.6510,41.4802,41.7326,41.7001,41.5089,41.4169,41.3364,41.5056,30.2404,41.5677,35.7884,40.1151

2436.6500,41.5051,41.7317,41.7173,41.5070,41.4130,41.3190,41.5065,30.2294,41.5748,35.7742,40.1161

2437.6500,41.4958,41.7275,41.7159,41.4963,41.4209,41.3320,41.5140,30.2321,41.5713,35.7821,40.1168

2438.6500,41.5163,41.7303,41.7094,41.5229,41.4106,41.3399,41.5047,30.2383,41.5779,35.7891,40.1216

2439.6510,41.4994,41.7337,41.7049,41.5151,41.4148,41.3492,41.5323,30.2462,41.5736,35.7977,40.1245

2440.6500,41.5160,41.7466,41.7085,41.5019,41.3983,41.3550,41.5187,30.2432,41.5743,35.7991,40.1235

2441.6500,41.5123,41.7256,41.7191,41.5181,41.4239,41.3374,41.5325,30.2343,41.5798,35.7859,40.1254

2442.6500,41.5206,41.7342,41.7109,41.5081,41.4020,41.3508,41.5318,30.2328,41.5752,35.7918,40.1239

2443.6500,41.4858,41.7398,41.7161,41.5049,41.4002,41.3379,41.5319,30.2268,41.5694,35.7823,40.1179

2444.6500,41.4920,41.7258,41.7146,41.5262,41.4246,41.3543,41.5187,30.2509,41.5766,35.8026,40.1259

2445.6510,41.5012,41.7303,41.7243,41.5103,41.4160,41.3500,41.5210,30.2334,41.5764,35.7917,40.1233

2446.6500,41.5015,41.7500,41.7282,41.5253,41.4252,41.3550,41.5226,30.2572,41.5861,35.8061,40.1331

2447.6510,41.5062,41.7250,41.7274,41.5120,41.4136,41.3503,41.5227,30.2394,41.5768,35.7948,40.1246

2448.6500,41.5307,41.7350,41.7159,41.5187,41.4116,41.3469,41.5033,30.2566,41.5824,35.8017,40.1273

2449.6510,41.5102,41.7507,41.7349,41.5274,41.4046,41.3362,41.5200,30.2402,41.5856,35.7882,40.1280

2450.6500,41.5206,41.7346,41.7416,41.5197,41.4299,41.3462,41.5211,30.2568,41.5893,35.8015,40.1338

2451.6510,41.5275,41.7433,41.7358,41.5051,41.4209,41.3186,41.5056,30.2581,41.5865,35.7883,40.1269

2452.6500,41.5243,41.7638,41.7434,41.5270,41.4029,41.3303,41.4959,30.2784,41.5923,35.8043,40.1332

2453.6500,41.5108,41.7415,41.7192,41.5098,41.4331,41.3517,41.5345,30.2558,41.5829,35.8037,40.1320

2454.6500,41.4814,41.7380,41.7454,41.5226,41.4312,41.3358,41.5007,30.2519,41.5837,35.7939,40.1259

2455.6500,41.5156,41.7505,41.7416,41.5355,41.4267,41.3476,41.5365,30.2672,41.5940,35.8074,40.1401

2456.6500,41.5332,41.7420,41.7239,41.5364,41.4327,41.3447,41.5169,30.2591,41.5936,35.8019,40.1361

2457.6500,41.5337,41.7553,41.7400,41.5134,41.4169,41.3658,41.5274,30.2470,41.5919,35.8064,40.1374

2458.6500,41.5130,41.7511,41.7437,41.5148,41.4423,41.3450,41.5171,30.2472,41.5930,35.7961,40.1343

2459.6500,41.5349,41.7564,41.7382,41.5396,41.4358,41.3791,41.5214,30.2440,41.6010,35.8115,40.1437

2460.6510,41.5374,41.7515,41.7133,41.5482,41.4397,41.3569,41.5379,30.2352,41.5980,35.7960,40.1400

2461.6500,41.5467,41.7677,41.7323,41.5332,41.4215,41.3587,41.5477,30.2361,41.6003,35.7974,40.1430

2462.6500,41.5217,41.7486,41.7603,41.5332,41.4291,41.3672,41.5346,30.2423,41.5986,35.8047,40.1421

2463.6500,41.5300,41.7605,41.7336,41.5554,41.4527,41.3569,41.5591,30.2404,41.6064,35.7986,40.1486

2464.6500,41.5439,41.7526,41.7359,41.5344,41.4504,41.3601,41.5465,30.2319,41.6034,35.7960,40.1445

2465.6500,41.5283,41.7622,41.7510,41.5510,41.4334,41.3548,41.5491,30.2458,41.6052,35.8003,40.1469

2466.6500,41.5281,41.7398,41.7570,41.5500,41.4323,41.3573,41.5421,30.2460,41.6015,35.8017,40.1441

2467.6500,41.5427,41.7851,41.7549,41.5474,41.4180,41.3598,41.5316,30.2316,41.6096,35.7957,40.1464

2468.6500,41.5124,41.7530,41.7437,41.5553,41.4551,41.3598,41.5357,30.2564,41.6039,35.8081,40.1464

2469.6500,41.5433,41.7555,41.7434,41.5368,41.4363,41.3554,41.5373,30.2262,41.6031,35.7908,40.1418

2470.6500,41.5329,41.7417,41.7506,41.5417,41.4361,41.3817,41.5296,30.2273,41.6006,35.8045,40.1427

2471.6500,41.5460,41.7794,41.7245,41.5249,41.4366,41.3682,41.5450,30.2514,41.6023,35.8098,40.1470

2472.6500,41.5372,41.7731,41.7405,41.5503,41.4576,41.3836,41.5395,30.2443,41.6117,35.8140,40.1533

2473.6500,41.5624,41.7606,41.7680,41.5480,41.4558,41.3725,41.5275,30.2552,41.6190,35.8139,40.1563

2474.6510,41.5445,41.7688,41.7498,41.5558,41.4543,41.3626,41.5381,30.2306,41.6146,35.7966,40.1506

2475.6500,41.5362,41.7607,41.7351,41.5509,41.4394,41.3776,41.5397,30.2396,41.6045,35.8086,40.1474

2476.6500,41.5413,41.7741,41.7476,41.5503,41.4426,41.3793,41.5545,30.2353,41.6112,35.8073,40.1531

2477.6510,41.5357,41.7470,41.7419,41.5386,41.4580,41.3756,41.5469,30.2255,41.6042,35.8005,40.1461

2478.6500,41.5444,41.7578,41.7582,41.5619,41.4509,41.3788,41.5866,30.2766,41.6147,35.8277,40.1644

2479.6500,41.5445,41.7844,41.7351,41.5518,41.4486,41.3770,41.5620,30.2264,41.6129,35.8017,40.1537

2480.6500,41.5385,41.7596,41.7540,41.5624,41.4650,41.3687,41.5521,30.2579,41.6159,35.8133,40.1573

2481.6500,41.5331,41.7728,41.7523,41.5597,41.4503,41.3731,41.5574,30.2633,41.6137,35.8182,40.1578

2482.6500,41.5650,41.7694,41.7629,41.5666,41.4352,41.3840,41.5549,30.2466,41.6198,35.8153,40.1606

2483.6500,41.5406,41.8003,41.7366,41.5524,41.4582,41.4024,41.5519,30.2680,41.6176,35.8352,40.1638

2484.6500,41.5385,41.7872,41.7704,41.5588,41.4548,41.3841,41.5671,30.2495,41.6219,35.8168,40.1638

2485.6500,41.5615,41.7690,41.7467,41.5457,41.4471,41.3754,41.5694,30.2577,41.6140,35.8166,40.1591

2486.6500,41.5677,41.7752,41.7608,41.5701,41.4477,41.3700,41.5696,30.2663,41.6243,35.8181,40.1659

2487.6500,41.5519,41.7788,41.7662,41.5615,41.4617,41.3993,41.5606,30.2475,41.6240,35.8234,40.1659

2488.6500,41.5472,41.7743,41.7282,41.5561,41.4560,41.3923,41.5403,30.2460,41.6124,35.8191,40.1550

2489.6500,41.5586,41.7931,41.7438,41.5670,41.4628,41.4000,41.5694,30.2487,41.6251,35.8243,40.1679

2490.6510,41.5681,41.7933,41.7473,41.5570,41.4746,41.3983,41.5431,30.2559,41.6281,35.8271,40.1672

2491.6500,41.5618,41.7871,41.7676,41.5708,41.4539,41.3911,41.5639,30.2298,41.6283,35.8104,40.1658

2492.6500,41.5561,41.7930,41.7651,41.5404,41.4765,41.3881,41.5525,30.2466,41.6262,35.8174,40.1648

2493.6500,41.5591,41.7853,41.7713,41.5680,41.4791,41.3958,41.5564,30.2336,41.6326,35.8147,40.1686

2494.6500,41.5524,41.7852,41.7740,41.5866,41.4543,41.4115,41.5466,30.2513,41.6305,35.8314,40.1702

2495.6500,41.5716,41.7825,41.7820,41.5578,41.4794,41.3924,41.5685,30.2316,41.6347,35.8120,40.1707

2496.6500,41.5793,41.8106,41.7818,41.5659,41.4779,41.3997,41.5348,30.2381,41.6431,35.8189,40.1735

2497.6500,41.5783,41.8063,41.7742,41.5593,41.4745,41.3908,41.5467,30.2483,41.6385,35.8195,40.1723

2498.6500,41.5844,41.7912,41.7917,41.5614,41.4560,41.4006,41.5554,30.2530,41.6369,35.8268,40.1742

2499.6500,41.5765,41.8025,41.7783,41.5490,41.4644,41.4048,41.5643,30.2319,41.6341,35.8184,40.1715

2500.6500,41.5645,41.8079,41.7874,41.5776,41.4840,41.3821,41.5506,30.2320,41.6443,35.8070,40.1733

2501.6500,41.5691,41.7864,41.7785,41.5687,41.4756,41.3798,41.5863,30.2179,41.6356,35.7988,40.1703

2502.6500,41.5693,41.7862,41.7941,41.5852,41.4725,41.4088,41.5745,30.2397,41.6415,35.8242,40.1788

2503.6500,41.5718,41.8283,41.7902,41.5669,41.4713,41.4108,41.5739,30.2079,41.6457,35.8094,40.1777

2504.6500,41.5600,41.7997,41.7876,41.5908,41.4986,41.3926,41.5759,30.2200,41.6473,35.8063,40.1781

2505.6500,41.5660,41.7911,41.7920,41.5622,41.4855,41.4036,41.5627,30.2330,41.6393,35.8183,40.1745

2506.6500,41.5700,41.7995,41.7818,41.5795,41.4881,41.4128,41.5576,30.2381,41.6438,35.8254,40.1784

2507.6500,41.5789,41.8153,41.7874,41.5943,41.5012,41.4011,41.5692,30.2437,41.6554,35.8224,40.1864

2508.6500,41.5763,41.7942,41.7853,41.6062,41.5144,41.4074,41.5746,30.2477,41.6553,35.8275,40.1882

2509.6500,41.5702,41.8096,41.7733,41.5923,41.5028,41.4218,41.5942,30.2218,41.6496,35.8218,40.1858

2510.6500,41.5773,41.7978,41.7685,41.5950,41.4865,41.4023,41.5945,30.2515,41.6450,35.8269,40.1842

2511.6500,41.5914,41.7998,41.8184,41.5807,41.4956,41.4109,41.5989,30.2306,41.6572,35.8207,40.1908

2512.6500,41.5756,41.8154,41.7949,41.5731,41.4756,41.4253,41.5847,30.2357,41.6469,35.8305,40.1850

2513.6500,41.5718,41.8013,41.7808,41.5822,41.4717,41.4015,41.5780,30.2417,41.6415,35.8216,40.1786

2514.6500,41.5774,41.7935,41.8056,41.5851,41.4815,41.4150,41.5963,30.2333,41.6486,35.8241,40.1860

2515.6500,41.5781,41.8121,41.7939,41.5967,41.5051,41.4055,41.5772,30.2124,41.6572,35.8089,40.1851

2516.6500,41.5831,41.8053,41.7899,41.5941,41.4747,41.4231,41.5931,30.2273,41.6494,35.8252,40.1863

2517.6500,41.5688,41.8106,41.8037,41.5971,41.4949,41.4307,41.6004,30.2298,41.6550,35.8302,40.1920

2518.6500,41.5759,41.8279,41.7949,41.5907,41.5043,41.4271,41.5870,30.2309,41.6588,35.8290,40.1923

2519.6500,41.5836,41.8183,41.8136,41.5889,41.4980,41.4459,41.6071,30.2433,41.6605,35.8446,40.1998

2520.6500,41.5913,41.7875,41.8093,41.5939,41.5099,41.4080,41.5925,30.2244,41.6584,35.8162,40.1896

2521.6500,41.5677,41.8195,41.8013,41.6032,41.5076,41.4313,41.5938,30.2291,41.6598,35.8302,40.1942

2522.6500,41.5831,41.8266,41.8020,41.5820,41.4984,41.4156,41.6183,30.2320,41.6584,35.8238,40.1947

2523.6500,41.5920,41.8154,41.7935,41.6093,41.5078,41.4301,41.5688,30.2367,41.6636,35.8334,40.1942

2524.6500,41.5787,41.8268,41.8045,41.5770,41.4838,41.4210,41.5923,30.2412,41.6542,35.8311,40.1907

2525.6500,41.5872,41.8232,41.8116,41.6046,41.4867,41.4425,41.5906,30.2300,41.6627,35.8363,40.1971

2526.6500,41.5943,41.8121,41.8135,41.5902,41.4900,41.4403,41.5902,30.2480,41.6600,35.8441,40.1973

2527.6500,41.5617,41.8335,41.8093,41.5972,41.5045,41.4440,41.5990,30.2635,41.6612,35.8538,40.2016

2528.6500,41.5825,41.8286,41.8100,41.5937,41.4792,41.4336,41.5867,30.2220,41.6588,35.8278,40.1920

2529.6500,41.5851,41.8323,41.8114,41.6221,41.4860,41.4553,41.5919,30.2354,41.6674,35.8453,40.2024

2530.6500,41.6062,41.8229,41.8071,41.6094,41.4978,41.4266,41.6108,30.2431,41.6687,35.8349,40.2030

2531.6500,41.5969,41.8230,41.8165,41.6123,41.4917,41.4313,41.5933,30.2281,41.6681,35.8297,40.1991

2532.6500,41.6155,41.8344,41.8190,41.6027,41.5043,41.4355,41.6297,30.2281,41.6752,35.8318,40.2087

2533.6500,41.5837,41.8348,41.8255,41.6074,41.5093,41.4293,41.6134,30.2355,41.6722,35.8324,40.2049

2534.6500,41.5953,41.8299,41.8294,41.6136,41.5078,41.4301,41.6211,30.2509,41.6752,35.8405,40.2098

2535.6500,41.6064,41.8440,41.7984,41.6045,41.5353,41.4194,41.6259,30.2269,41.6777,35.8232,40.2076

2536.6500,41.6056,41.8248,41.8151,41.6002,41.4963,41.4233,41.5997,30.2430,41.6684,35.8332,40.2010

2537.6500,41.6171,41.8185,41.8003,41.6082,41.5064,41.4338,41.5994,30.2227,41.6701,35.8283,40.2008

2538.6510,41.6014,41.8304,41.8193,41.5983,41.4925,41.4232,41.6146,30.2312,41.6684,35.8272,40.2014

2539.6500,41.5844,41.8384,41.8054,41.6147,41.4914,41.4211,41.6161,30.2592,41.6668,35.8401,40.2038

2540.6500,41.6104,41.8188,41.8100,41.6039,41.5006,41.4206,41.6063,30.2638,41.6688,35.8422,40.2043

2541.6500,41.5886,41.8514,41.8161,41.6105,41.5076,41.4541,41.6221,30.2375,41.6748,35.8458,40.2110

2542.6500,41.5875,41.8373,41.8155,41.6229,41.5131,41.4410,41.6201,30.2454,41.6753,35.8432,40.2103

2543.6510,41.6134,41.8270,41.8061,41.6209,41.5189,41.4324,41.6246,30.2433,41.6773,35.8379,40.2108

2544.6500,41.6212,41.8221,41.8231,41.6152,41.5323,41.4523,41.5933,30.2286,41.6828,35.8405,40.2110

2545.6500,41.6274,41.8094,41.8256,41.6214,41.5004,41.4479,41.6219,30.2251,41.6769,35.8365,40.2099

2546.6510,41.6066,41.8315,41.8027,41.6092,41.5056,41.4181,41.6208,30.2327,41.6711,35.8254,40.2034

2547.6500,41.6246,41.8432,41.8181,41.6264,41.5264,41.4334,41.6371,30.2406,41.6877,35.8370,40.2187

2548.6500,41.6038,41.8381,41.8284,41.6297,41.5358,41.4447,41.6446,30.2524,41.6872,35.8485,40.2222

2549.6500,41.6196,41.8528,41.8076,41.5997,41.4973,41.4563,41.6393,30.2130,41.6754,35.8347,40.2107

2550.6500,41.6182,41.8424,41.8279,41.6219,41.5200,41.4330,41.6205,30.2251,41.6861,35.8291,40.2136

2551.6500,41.6091,41.8324,41.8305,41.6049,41.5463,41.4523,41.6361,30.2305,41.6846,35.8414,40.2178

2552.6500,41.6005,41.8400,41.8214,41.6125,41.5344,41.4488,41.6274,30.2712,41.6818,35.8600,40.2195

2553.6510,41.6173,41.8585,41.8073,41.6329,41.5359,41.4517,41.6161,30.2374,41.6904,35.8446,40.2197

2554.6500,41.6139,41.8461,41.8252,41.6182,41.5301,41.4706,41.6279,30.2429,41.6867,35.8567,40.2218

2555.6500,41.6042,41.8292,41.8213,41.6292,41.5321,41.4613,41.6375,30.2298,41.6832,35.8456,40.2181

2556.6510,41.6119,41.8643,41.8364,41.6401,41.5305,41.4574,41.6006,30.2259,41.6966,35.8416,40.2209

2557.6500,41.6086,41.8285,41.8071,41.6299,41.5160,41.4690,41.6350,30.2464,41.6780,35.8577,40.2175

2558.6500,41.6113,41.8340,41.8312,41.6325,41.5378,41.4555,41.6353,30.2384,41.6894,35.8469,40.2220

2559.6500,41.6150,41.8600,41.8330,41.6181,41.5438,41.4643,41.6470,30.2398,41.6940,35.8520,40.2276

2560.6500,41.6284,41.8379,41.8067,41.6542,41.5376,41.4679,41.6481,30.2237,41.6930,35.8458,40.2256

2561.6500,41.5890,41.8571,41.8446,41.6027,41.5499,41.4736,41.6273,30.2474,41.6887,35.8605,40.2240

2562.6500,41.6320,41.8674,41.8469,41.6120,41.5599,41.4766,41.6320,30.2457,41.7036,35.8611,40.2341

2563.6510,41.6165,41.8441,41.8287,41.6218,41.5174,41.4727,41.6227,30.2338,41.6857,35.8533,40.2197

2564.6500,41.6202,41.8686,41.8356,41.6472,41.5234,41.4652,41.6472,30.2408,41.6990,35.8530,40.2310

2565.6500,41.5954,41.8446,41.8269,41.6278,41.5354,41.4786,41.6474,30.2298,41.6860,35.8542,40.2232

2566.6500,41.6020,41.8627,41.8427,41.6348,41.5178,41.4820,41.6092,30.2323,41.6920,35.8571,40.2229

2567.6500,41.6156,41.8596,41.8396,41.6513,41.5282,41.4840,41.6312,30.2442,41.6989,35.8641,40.2317

2568.6500,41.6045,41.8587,41.8457,41.6336,41.5240,41.4881,41.6308,30.2385,41.6933,35.8633,40.2280

2569.6500,41.6394,41.8355,41.8299,41.6490,41.5478,41.4859,41.6485,30.2560,41.7003,35.8710,40.2365

2570.6500,41.6398,41.8549,41.8340,41.6331,41.5124,41.4686,41.6438,30.2418,41.6948,35.8552,40.2286

2571.6500,41.6309,41.8514,41.8226,41.6430,41.5341,41.4494,41.6612,30.2206,41.6964,35.8350,40.2267

2572.6500,41.6329,41.8444,41.8341,41.6211,41.5315,41.4906,41.6439,30.2551,41.6928,35.8728,40.2317

2573.6500,41.6240,41.8669,41.8288,41.6376,41.5342,41.4742,41.6548,30.2362,41.6983,35.8552,40.2321

2574.6510,41.6300,41.8579,41.8327,41.6406,41.5439,41.4774,41.6332,30.2503,41.7010,35.8638,40.2333

2575.6500,41.6450,41.8816,41.8635,41.6295,41.5222,41.4677,41.6383,30.2673,41.7084,35.8675,40.2394

2576.6500,41.6389,41.8876,41.8593,41.6369,41.5384,41.4784,41.6337,30.2381,41.7122,35.8583,40.2389

2577.6510,41.6373,41.8750,41.8689,41.6550,41.5098,41.4540,41.6373,30.2464,41.7092,35.8502,40.2355

2578.6500,41.6272,41.8812,41.8506,41.6524,41.5374,41.4797,41.6496,30.2470,41.7098,35.8634,40.2406

2579.6500,41.6526,41.8491,41.8491,41.6518,41.5489,41.4809,41.6467,30.2439,41.7103,35.8624,40.2404

2580.6500,41.6429,41.8702,41.8633,41.6511,41.5489,41.4652,41.6381,30.2473,41.7153,35.8563,40.2409

2581.6500,41.6334,41.8828,41.8507,41.6517,41.5315,41.4915,41.6540,30.2358,41.7100,35.8637,40.2414

2582.6500,41.6436,41.8580,41.8459,41.6552,41.5562,41.4794,41.6407,30.2448,41.7118,35.8621,40.2405

2583.6500,41.6488,41.8611,41.8355,41.6415,41.5395,41.4604,41.6490,30.2288,41.7053,35.8446,40.2331

2584.6500,41.6426,41.8692,41.8488,41.6604,41.5402,41.4746,41.6413,30.2409,41.7122,35.8577,40.2397

2585.6500,41.6346,41.8689,41.8512,41.6712,41.5476,41.4750,41.6410,30.2460,41.7147,35.8605,40.2419

2586.6500,41.6518,41.8800,41.8605,41.6567,41.5309,41.4839,41.6609,30.2286,41.7160,35.8562,40.2442

2587.6500,41.6295,41.8809,41.8474,41.6507,41.5644,41.4644,41.6400,30.2531,41.7146,35.8587,40.2413

2588.6500,41.6416,41.8703,41.8712,41.6531,41.5467,41.4802,41.6387,30.2479,41.7166,35.8641,40.2437

2589.6500,41.6456,41.8762,41.8539,41.6487,41.5460,41.4744,41.6394,30.2589,41.7141,35.8667,40.2429

2590.6500,41.6224,41.8885,41.8550,41.6512,41.5559,41.4856,41.6522,30.2407,41.7146,35.8632,40.2439

2591.6510,41.6192,41.8822,41.8435,41.6431,41.5359,41.4917,41.6407,30.2506,41.7048,35.8712,40.2384

2592.6500,41.6370,41.8719,41.8561,41.6524,41.5705,41.4816,41.6724,30.2291,41.7176,35.8554,40.2464

2593.6500,41.6101,41.8822,41.8497,41.6492,41.5580,41.4957,41.6599,30.2401,41.7099,35.8679,40.2431

2594.6500,41.6433,41.8729,41.8725,41.6445,41.5660,41.5014,41.6715,30.2289,41.7198,35.8651,40.2501

2595.6500,41.6359,41.8713,41.8554,41.6582,41.5419,41.4777,41.6410,30.2337,41.7126,35.8557,40.2394

2596.6510,41.6485,41.8675,41.8406,41.6545,41.5768,41.4652,41.6731,30.2149,41.7176,35.8400,40.2426

2597.6500,41.6370,41.8796,41.8410,41.6601,41.5835,41.4812,41.6503,30.2339,41.7203,35.8575,40.2458

2598.6500,41.6414,41.8790,41.8632,41.6571,41.5772,41.5009,41.6725,30.2298,41.7236,35.8654,40.2526

2599.6500,41.6338,41.8835,41.8639,41.6569,41.5631,41.4961,41.6635,30.2428,41.7203,35.8695,40.2505

2600.6500,41.6316,41.8746,41.8751,41.6672,41.5525,41.4957,41.6527,30.2246,41.7202,35.8602,40.2468

2601.6500,41.6452,41.9038,41.8749,41.6563,41.5592,41.4889,41.6559,30.2271,41.7279,35.8580,40.2514

2602.6500,41.6484,41.8624,41.8610,41.6847,41.5461,41.4940,41.6526,30.2294,41.7205,35.8617,40.2473

2603.6510,41.6501,41.8789,41.8715,41.6766,41.5571,41.4920,41.6598,30.2339,41.7268,35.8629,40.2525

2604.6500,41.6393,41.8907,41.8791,41.6577,41.5593,41.5030,41.6558,30.2667,41.7252,35.8849,40.2565

2605.6500,41.6600,41.8726,41.8578,41.6657,41.5660,41.5064,41.6661,30.2335,41.7244,35.8700,40.2535

2606.6510,41.6667,41.8877,41.8863,41.6532,41.5602,41.5053,41.6318,30.2319,41.7308,35.8686,40.2529

2607.6500,41.6610,41.8702,41.8777,41.6548,41.5778,41.5010,41.6493,30.2243,41.7283,35.8626,40.2520

2608.6500,41.6638,41.8803,41.8794,41.6733,41.5615,41.5056,41.6538,30.2477,41.7317,35.8767,40.2582

2609.6510,41.6417,41.8692,41.8687,41.6584,41.5654,41.5026,41.6533,30.2451,41.7207,35.8738,40.2505

2610.6500,41.6712,41.8895,41.8885,41.6569,41.5587,41.4907,41.6611,30.2553,41.7330,35.8730,40.2590

2611.6500,41.6562,41.8853,41.8737,41.6853,41.5687,41.4971,41.6407,30.2584,41.7339,35.8777,40.2582

2612.6510,41.6641,41.8996,41.8875,41.6726,41.5678,41.5078,41.6549,30.2433,41.7383,35.8756,40.2622

2613.6500,41.6314,41.8914,41.8733,41.6723,41.5477,41.5025,41.6621,30.2286,41.7232,35.8656,40.2512

2614.6510,41.6766,41.9097,41.8930,41.6623,41.5641,41.5078,41.6776,30.2335,41.7411,35.8706,40.2656

2615.6500,41.6601,41.8796,41.8605,41.6865,41.5699,41.5103,41.6712,30.2450,41.7313,35.8776,40.2604

2616.6500,41.6611,41.8816,41.8578,41.6606,41.5658,41.5132,41.6834,30.2211,41.7254,35.8671,40.2556

2617.6500,41.6781,41.8772,41.8925,41.6660,41.5804,41.5064,41.6814,30.2265,41.7388,35.8665,40.2636

2618.6510,41.6684,41.9066,41.8805,41.6740,41.5800,41.5139,41.6875,30.2477,41.7419,35.8808,40.2698

2619.6500,41.6592,41.8984,41.8970,41.7040,41.5931,41.5052,41.6910,30.2464,41.7503,35.8758,40.2743

2620.6500,41.6560,41.8950,41.8876,41.6727,41.5700,41.5062,41.6773,30.2206,41.7363,35.8634,40.2607

2621.6500,41.6845,41.8829,41.8917,41.6661,41.5882,41.5231,41.6843,30.2377,41.7427,35.8804,40.2698

2622.6500,41.6708,41.9010,41.8800,41.6716,41.5931,41.5038,41.6963,30.2135,41.7433,35.8586,40.2663

2623.6500,41.6568,41.9104,41.8862,41.6737,41.5684,41.5172,41.6839,30.2364,41.7391,35.8768,40.2666

2624.6500,41.6647,41.8951,41.8826,41.6863,41.5786,41.5205,41.6928,30.2082,41.7414,35.8643,40.2661

2625.6500,41.6624,41.9128,41.8854,41.6547,41.5912,41.4991,41.6747,30.2275,41.7413,35.8633,40.2634

2626.6510,41.6681,41.9114,41.8835,41.6737,41.5844,41.4983,41.6751,30.2451,41.7442,35.8717,40.2674

2627.6500,41.6762,41.8973,41.9020,41.6801,41.5864,41.5464,41.6894,30.2354,41.7484,35.8909,40.2767

2628.6500,41.6755,41.9084,41.8819,41.6936,41.5797,41.5113,41.6875,30.2506,41.7478,35.8810,40.2736

2629.6500,41.6658,41.8936,41.8815,41.6973,41.5774,41.5183,41.6949,30.2389,41.7431,35.8786,40.2710

2630.6500,41.6668,41.8994,41.8920,41.7055,41.6077,41.5142,41.6771,30.2419,41.7543,35.8780,40.2756

2631.6510,41.6722,41.9059,41.8896,41.6817,41.5699,41.5215,41.7022,30.2553,41.7439,35.8884,40.2748

2632.6500,41.6592,41.9131,41.8750,41.6787,41.5908,41.5122,41.6866,30.2407,41.7434,35.8765,40.2695

2633.6510,41.6588,41.9128,41.9100,41.6830,41.6020,41.5327,41.6807,30.2215,41.7533,35.8771,40.2752

2634.6510,41.6794,41.8982,41.8903,41.6824,41.5901,41.5212,41.7126,30.2301,41.7481,35.8757,40.2755

2635.6500,41.6779,41.9048,41.8722,41.6815,41.5658,41.5258,41.7081,30.2225,41.7405,35.8742,40.2698

2636.6500,41.6839,41.8896,41.8910,41.6919,41.5797,41.5378,41.7017,30.2323,41.7472,35.8851,40.2760

2637.6500,41.7052,41.9199,41.8962,41.6841,41.6033,41.5293,41.7153,30.2501,41.7617,35.8897,40.2879

2638.6500,41.7019,41.9229,41.9029,41.6819,41.5851,41.5079,41.7029,30.2406,41.7589,35.8743,40.2808

2639.6500,41.7027,41.9109,41.9021,41.6951,41.5832,41.4962,41.6779,30.2292,41.7588,35.8627,40.2747

2640.6500,41.6876,41.9171,41.8990,41.7083,41.5778,41.5104,41.6980,30.2488,41.7580,35.8796,40.2809

2641.6500,41.6969,41.9084,41.8735,41.7024,41.5732,41.5118,41.6717,30.2441,41.7509,35.8779,40.2728

2642.6500,41.6858,41.9368,41.8945,41.7019,41.5826,41.5202,41.6875,30.2380,41.7603,35.8791,40.2809

2643.6500,41.7019,41.9111,41.8791,41.6949,41.5921,41.5279,41.6930,30.2468,41.7558,35.8873,40.2808

2644.6500,41.7040,41.9351,41.9174,41.7034,41.6198,41.5273,41.7067,30.2297,41.7760,35.8785,40.2929

2645.6500,41.7124,41.9335,41.9135,41.7005,41.6045,41.5142,41.7154,30.2343,41.7729,35.8743,40.2910

2646.6500,41.7101,41.9294,41.9149,41.7089,41.5989,41.5342,41.7033,30.2498,41.7724,35.8920,40.2937

2647.6500,41.7001,41.9258,41.9104,41.6942,41.6001,41.5196,41.7156,30.2360,41.7661,35.8778,40.2877

2648.6500,41.6973,41.9472,41.8928,41.6932,41.6061,41.5103,41.7174,30.2299,41.7673,35.8701,40.2868

2649.6510,41.6866,41.9318,41.9006,41.7016,41.6113,41.5480,41.7150,30.2313,41.7664,35.8897,40.2908

2650.6500,41.6779,41.9155,41.9132,41.6988,41.6026,41.5244,41.7025,30.2399,41.7616,35.8822,40.2844

2651.6500,41.6856,41.9323,41.9053,41.6858,41.6000,41.5116,41.7072,30.2486,41.7618,35.8801,40.2846

2652.6500,41.6931,41.9199,41.9176,41.7148,41.5935,41.5414,41.6976,30.2228,41.7678,35.8821,40.2876

2653.6500,41.6857,41.9253,41.9095,41.6965,41.6029,41.5327,41.7104,30.2332,41.7640,35.8829,40.2870

2654.6500,41.6955,41.9234,41.9113,41.7132,41.5876,41.5280,41.7011,30.2247,41.7662,35.8764,40.2856

2655.6500,41.6862,41.9307,41.9191,41.7000,41.6224,41.5308,41.7121,30.2064,41.7717,35.8686,40.2885

2656.6500,41.6891,41.9236,41.9199,41.6962,41.6244,41.5495,41.6990,30.2343,41.7706,35.8919,40.2920

2657.6500,41.7039,41.9180,41.9189,41.7203,41.6183,41.5593,41.7064,30.2356,41.7759,35.8974,40.2976

2658.6500,41.6842,41.9365,41.9216,41.7147,41.6191,41.5465,41.7119,30.2223,41.7752,35.8844,40.2946

2659.6500,41.6811,41.9223,41.9120,41.6939,41.6174,41.5271,41.7167,30.2455,41.7653,35.8863,40.2895

2660.6500,41.6822,41.9405,41.9196,41.7154,41.5873,41.5352,41.6987,30.2306,41.7690,35.8829,40.2887

2661.6500,41.7096,41.9611,41.9132,41.7132,41.6105,41.5412,41.7337,30.2400,41.7815,35.8906,40.3028

2662.6500,41.7172,41.9231,41.9389,41.7333,41.6302,41.5535,41.7282,30.2350,41.7885,35.8942,40.3074

2664.5600,41.7002,41.9406,41.9261,41.7113,41.6072,41.5663,41.7327,30.2582,41.7771,35.9123,40.3053

2664.9190,41.7176,41.9421,41.9021,41.7300,41.6501,41.5301,41.7310,30.2015,41.7884,35.8658,40.3006

2665.6500,41.7099,41.9464,41.9097,41.7227,41.6252,41.5345,41.7315,30.2398,41.7828,35.8871,40.3024

2666.6500,41.7237,41.9596,41.9368,41.7224,41.6061,41.5600,41.7466,30.2383,41.7897,35.8991,40.3117

2667.6500,41.7096,41.9286,41.9076,41.7081,41.6128,41.5249,41.7160,30.2507,41.7733,35.8878,40.2948

2668.6500,41.7145,41.9361,41.9259,41.7161,41.6089,41.5475,41.7193,30.2567,41.7803,35.9021,40.3031

2669.6500,41.7176,41.9360,41.9333,41.7156,41.6218,41.5557,41.7207,30.2382,41.7849,35.8969,40.3049

2670.6500,41.7363,41.9344,41.9344,41.7367,41.6149,41.5447,41.7288,30.2416,41.7914,35.8931,40.3090

2671.6500,41.7082,41.9513,41.9262,41.7299,41.6193,41.5402,41.6997,30.2465,41.7870,35.8934,40.3027

2672.6500,41.7280,41.9596,41.9326,41.7149,41.6215,41.5517,41.7256,30.2412,41.7913,35.8965,40.3094

2673.6500,41.7307,41.9641,41.9432,41.7186,41.6251,41.5349,41.7367,30.2435,41.7964,35.8892,40.3121

2674.6500,41.7220,41.9538,41.9287,41.7385,41.6192,41.5554,41.7519,30.2370,41.7924,35.8962,40.3133

2675.6500,41.7175,41.9386,41.9321,41.7321,41.6370,41.5342,41.7242,30.2343,41.7915,35.8842,40.3063

2676.6500,41.7176,41.9698,41.9479,41.7251,41.6316,41.5395,41.7368,30.2307,41.7984,35.8851,40.3124

2677.6500,41.7249,41.9647,41.9335,41.7209,41.6342,41.5696,41.7326,30.2230,41.7956,35.8963,40.3129

2678.6500,41.7240,41.9457,41.9276,41.7350,41.6328,41.5686,41.7327,30.2291,41.7930,35.8989,40.3119

2679.6500,41.7174,41.9401,41.9411,41.7420,41.6328,41.5621,41.7401,30.2220,41.7947,35.8920,40.3122

2680.6500,41.7021,41.9497,41.9324,41.7171,41.6309,41.5542,41.7292,30.2451,41.7864,35.8996,40.3076

2681.6500,41.7170,41.9586,41.9251,41.7251,41.6593,41.5705,41.7158,30.2362,41.7970,35.9033,40.3135

2682.6500,41.7243,41.9374,41.9309,41.7407,41.6494,41.5527,41.7262,30.2116,41.7965,35.8821,40.3092

2683.6500,41.7146,41.9577,41.9284,41.7181,41.6481,41.5788,41.7372,30.2314,41.7934,35.9051,40.3143

2684.6500,41.7190,41.9688,41.9330,41.7274,41.6571,41.5641,41.7446,30.2086,41.8011,35.8863,40.3153

2685.6500,41.7354,41.9467,41.9420,41.7406,41.6284,41.5773,41.7355,30.2238,41.7986,35.9005,40.3162

2686.6500,41.7282,41.9520,41.9492,41.7297,41.6328,41.5575,41.7241,30.2320,41.7984,35.8947,40.3132

2687.6510,41.7201,41.9509,41.9412,41.7389,41.6378,41.5773,41.7133,30.2440,41.7978,35.9107,40.3154

2688.6500,41.7215,41.9610,41.9438,41.7470,41.6563,41.5712,41.7279,30.2313,41.8059,35.9012,40.3200

2689.6510,41.7176,41.9718,41.9425,41.7569,41.6367,41.5832,41.7323,30.2377,41.8051,35.9104,40.3223

2690.6500,41.7190,41.9507,41.9377,41.7382,41.6297,41.5846,41.7433,30.2363,41.7951,35.9105,40.3175

2691.6500,41.7305,41.9659,41.9245,41.7566,41.6603,41.5747,41.7306,30.2386,41.8076,35.9066,40.3227

2692.6500,41.7268,41.9593,41.9458,41.7346,41.6328,41.5617,41.7365,30.2310,41.7999,35.8963,40.3161

2693.6500,41.7283,41.9583,41.9471,41.7443,41.6208,41.5334,41.7439,30.2471,41.7998,35.8902,40.3154

2694.6500,41.7272,41.9702,41.9427,41.7190,41.6518,41.5728,41.7609,30.2516,41.8022,35.9122,40.3245

2695.6500,41.7255,41.9690,41.9434,41.7453,41.6455,41.5594,41.7434,30.2302,41.8057,35.8948,40.3202

2696.6500,41.7387,41.9570,41.9686,41.7537,41.6443,41.5647,41.7458,30.2228,41.8125,35.8938,40.3245

2697.6500,41.7416,41.9631,41.9589,41.7333,41.6295,41.5723,41.7584,30.2493,41.8053,35.9108,40.3258

2698.6500,41.7357,41.9575,41.9389,41.7556,41.6431,41.5873,41.7514,30.2202,41.8062,35.9038,40.3237

2699.6500,41.7398,42.0026,41.9449,41.7579,41.6477,41.5807,41.7449,30.2193,41.8186,35.9000,40.3297

2700.6500,41.7436,41.9733,41.9635,41.7622,41.6305,41.5807,41.7463,30.2202,41.8146,35.9005,40.3275

2701.6500,41.7574,41.9834,41.9499,41.7648,41.6416,41.5760,41.7387,30.2093,41.8194,35.8927,40.3276

2702.6500,41.7439,41.9693,41.9265,41.7334,41.6742,41.5514,41.7590,30.2168,41.8095,35.8841,40.3218

2703.6500,41.7454,41.9972,41.9484,41.7494,41.6514,41.5696,41.7521,30.2221,41.8184,35.8958,40.3295

2704.6510,41.7427,41.9620,41.9537,41.7485,41.6739,41.5831,41.7476,30.2212,41.8162,35.9022,40.3291

2705.6500,41.7471,41.9854,41.9561,41.7370,41.6657,41.5698,41.7528,30.2247,41.8183,35.8973,40.3298

2706.6500,41.7475,41.9707,41.9428,41.7530,41.6447,41.5819,41.7679,30.2232,41.8117,35.9025,40.3289

2707.6500,41.7227,41.9609,41.9479,41.7386,41.6418,41.6102,41.7576,30.2185,41.8024,35.9143,40.3248

2708.6500,41.7436,41.9739,41.9581,41.7549,41.6477,41.5905,41.7349,30.2047,41.8157,35.8976,40.3260

2709.6500,41.7602,41.9723,41.9439,41.7565,41.6672,41.5974,41.7667,30.2093,41.8200,35.9034,40.3342

2710.6500,41.7565,41.9649,41.9482,41.7621,41.6602,41.5807,41.7589,30.2150,41.8184,35.8978,40.3308

2711.6500,41.7440,41.9723,41.9774,41.7621,41.6691,41.5984,41.7546,30.2146,41.8250,35.9065,40.3366

2712.6500,41.7496,41.9649,41.9794,41.7524,41.6785,41.5989,41.7589,30.2423,41.8250,35.9206,40.3406

2713.6500,41.7368,41.9869,41.9738,41.7590,41.6647,41.5731,41.7692,30.2317,41.8242,35.9024,40.3369

2714.6500,41.7533,41.9835,41.9630,41.7575,41.6560,41.5760,41.7709,30.2512,41.8227,35.9136,40.3389

2715.6500,41.7464,41.9728,41.9597,41.7593,41.6473,41.6031,41.7463,30.2357,41.8171,35.9194,40.3338

2716.6500,41.7757,41.9912,41.9605,41.7600,41.6692,41.6004,41.7409,30.2241,41.8313,35.9122,40.3402

2717.6500,41.7542,41.9968,41.9507,41.7414,41.6505,41.5937,41.7684,30.2202,41.8187,35.9070,40.3345

2718.6500,41.7685,41.9832,41.9539,41.7367,41.6546,41.5904,41.7669,30.2266,41.8194,35.9085,40.3351

2719.6500,41.7595,41.9887,41.9775,41.7305,41.6660,41.6028,41.7789,30.2255,41.8244,35.9141,40.3412

2720.6500,41.7649,41.9921,41.9702,41.7753,41.6886,41.5699,41.7744,30.2243,41.8382,35.8971,40.3450

2721.6500,41.7657,41.9965,41.9783,41.7532,41.6773,41.5922,41.7681,30.2478,41.8342,35.9200,40.3474

2722.6500,41.7382,41.9819,41.9586,41.7702,41.6541,41.5833,41.7530,30.2294,41.8206,35.9064,40.3336

2723.6500,41.7402,41.9992,41.9713,41.7801,41.6719,41.6142,41.7713,30.2324,41.8325,35.9233,40.3476

2724.6500,41.8032,41.9828,41.9656,41.7740,41.6702,41.5897,41.7591,30.2067,41.8392,35.8982,40.3439

2725.6510,41.7783,41.9906,41.9697,41.7539,41.6657,41.6015,41.7618,30.2187,41.8316,35.9101,40.3425

2726.6500,41.7625,41.9738,41.9756,41.7849,41.6783,41.6146,41.7719,30.2197,41.8350,35.9171,40.3477

2727.6500,41.7590,41.9936,41.9652,41.7703,41.6683,41.6050,41.7801,30.2259,41.8313,35.9155,40.3459

2728.6500,41.7598,41.9852,41.9847,41.7875,41.6718,41.5844,41.7749,30.2333,41.8378,35.9088,40.3477

2729.6500,41.7524,42.0054,41.9779,41.7737,41.6663,41.5840,41.7872,30.2376,41.8351,35.9108,40.3481

2730.6500,41.7597,42.0008,41.9724,41.7762,41.7220,41.5988,41.7915,30.2210,41.8462,35.9099,40.3553

2731.6500,41.7652,41.9981,41.9646,41.7772,41.6610,41.6019,41.7721,30.2247,41.8332,35.9133,40.3456

2732.6500,41.7658,41.9916,41.9748,41.7688,41.6863,41.6100,41.7604,30.2107,41.8374,35.9104,40.3460

2733.6500,41.7629,41.9906,41.9767,41.7721,41.6583,41.6206,41.7460,30.2153,41.8321,35.9180,40.3428

2734.6500,41.7722,42.0011,41.9839,41.7719,41.6774,41.6113,41.7593,30.2055,41.8413,35.9084,40.3478

2735.6500,41.7692,41.9941,41.9834,41.7764,41.6888,41.6032,41.7476,30.2306,41.8424,35.9169,40.3492

2736.6510,41.7801,41.9902,41.9879,41.7688,41.6843,41.6192,41.7632,30.2351,41.8423,35.9271,40.3536

2737.6500,41.7617,42.0125,41.9934,41.7636,41.6985,41.6096,41.7818,30.2207,41.8459,35.9152,40.3552

2738.6500,41.7766,41.9947,41.9845,41.7826,41.6859,41.6194,41.7678,30.2160,41.8449,35.9177,40.3534

2739.6500,41.7542,42.0113,41.9982,41.7852,41.6835,41.6058,41.7866,30.2197,41.8465,35.9128,40.3556

2740.6500,41.7602,42.0114,41.9640,41.7966,41.6690,41.6160,41.7896,30.2399,41.8402,35.9279,40.3558

2741.6500,41.7740,42.0001,41.9927,41.7936,41.6884,41.6177,41.7638,30.2200,41.8498,35.9189,40.3563

2742.6500,41.7688,41.9966,41.9654,41.7812,41.6851,41.6442,41.8008,30.2241,41.8394,35.9342,40.3583

2743.6500,41.7633,41.9750,41.9969,41.7653,41.6707,41.6135,41.7801,30.2341,41.8342,35.9238,40.3499

2744.6500,41.7800,42.0004,41.9864,41.7897,41.6767,41.6376,41.7845,30.2222,41.8466,35.9299,40.3597

2745.6500,41.7677,41.9946,41.9742,41.7690,41.6844,41.6095,41.7849,30.2371,41.8380,35.9233,40.3527

2746.6500,41.7827,41.9765,42.0044,41.7881,41.6882,41.6017,41.7876,30.2301,41.8480,35.9159,40.3574

2747.6500,41.7690,42.0075,41.9968,41.7703,41.6853,41.6034,41.7810,30.2267,41.8458,35.9150,40.3550

2748.6500,41.7764,42.0041,42.0018,41.7786,41.6778,41.6005,41.7786,30.2421,41.8477,35.9213,40.3575

2749.6510,41.7579,42.0117,41.9982,41.7670,41.6696,41.6021,41.7875,30.2178,41.8409,35.9100,40.3515

2750.6510,41.7952,42.0024,41.9921,41.7977,41.7008,41.6124,41.7842,30.2033,41.8576,35.9079,40.3610

2751.6500,41.7941,42.0253,41.9839,41.7844,41.6797,41.6141,41.7965,30.2178,41.8535,35.9159,40.3620

2752.6500,41.8024,42.0232,41.9901,41.7878,41.6773,41.6177,41.7883,30.1974,41.8562,35.9076,40.3605

2753.6500,41.8108,42.0269,41.9888,41.7818,41.6866,41.6061,41.7972,30.2186,41.8590,35.9124,40.3646

2754.6500,41.7840,42.0063,42.0035,41.7961,41.6826,41.6021,41.8017,30.2310,41.8545,35.9166,40.3634

2755.6500,41.7806,42.0157,41.9762,41.8073,41.7085,41.5908,41.7976,30.2078,41.8576,35.8993,40.3605

2756.6500,41.7878,42.0182,41.9885,41.7908,41.6840,41.6236,41.7969,30.2193,41.8539,35.9214,40.3636

2757.6500,41.7804,42.0182,41.9926,41.8052,41.6836,41.5994,41.8038,30.1987,41.8560,35.8990,40.3602

2758.6500,41.7844,42.0154,41.9959,41.7959,41.6807,41.6146,41.8043,30.2079,41.8545,35.9113,40.3624

2759.6500,41.7862,42.0057,41.9889,41.7862,41.7010,41.6178,41.8173,30.2064,41.8536,35.9121,40.3637

2760.6500,41.7807,42.0251,42.0088,41.8190,41.7002,41.6090,41.7874,30.2230,41.8668,35.9160,40.3691

2761.6500,41.7793,42.0219,41.9856,41.7973,41.7002,41.6346,41.8089,30.1995,41.8569,35.9170,40.3659

2762.6500,41.7868,42.0353,42.0074,41.8102,41.7156,41.6342,41.8047,30.2183,41.8711,35.9263,40.3766

2763.6500,41.7918,42.0326,41.9865,41.7991,41.6997,41.6378,41.8005,30.2031,41.8619,35.9205,40.3689

2764.6500,41.8007,42.0209,42.0046,41.8126,41.7197,41.6258,41.8033,30.2272,41.8717,35.9265,40.3768

2765.6500,41.8148,42.0094,42.0224,41.7908,41.7185,41.6371,41.7922,30.2118,41.8712,35.9245,40.3747

2766.6500,41.7786,42.0312,42.0289,41.8112,41.6991,41.6247,41.8089,30.2129,41.8698,35.9188,40.3744

2767.6500,41.7808,42.0180,42.0026,41.8138,41.6980,41.6361,41.8050,30.2137,41.8626,35.9249,40.3710

2768.6500,41.7860,42.0329,41.9887,41.8115,41.7083,41.6385,41.8120,30.2071,41.8655,35.9228,40.3731

2769.6500,41.8228,42.0280,42.0205,41.8019,41.6958,41.6386,41.8061,30.2096,41.8738,35.9241,40.3779

2770.6500,41.7965,42.0335,42.0335,41.8023,41.6950,41.6416,41.7921,30.2126,41.8722,35.9271,40.3759

2771.6500,41.7898,42.0307,42.0363,41.8084,41.7140,41.6349,41.7958,30.2096,41.8758,35.9223,40.3774

2772.6500,41.7834,42.0444,42.0123,41.8160,41.7187,41.6471,41.8105,30.2299,41.8750,35.9385,40.3828

2773.6500,41.7927,42.0387,42.0011,41.8150,41.7025,41.6276,41.8015,30.2295,41.8700,35.9285,40.3761

2774.6500,41.8096,42.0266,42.0256,41.8173,41.7110,41.6086,41.8108,30.2503,41.8780,35.9294,40.3825

2775.6500,41.8107,42.0254,42.0157,41.8185,41.6944,41.6251,41.8268,30.2274,41.8729,35.9262,40.3805

2776.6500,41.8067,42.0310,42.0161,41.8124,41.7076,41.6276,41.7998,30.2333,41.8747,35.9304,40.3793

2777.6500,41.7979,42.0252,42.0117,41.8098,41.6993,41.6463,41.8131,30.2239,41.8688,35.9351,40.3784

2778.6510,41.8241,42.0251,42.0186,41.7991,41.7148,41.6297,41.8051,30.2076,41.8763,35.9187,40.3780

2779.6500,41.8000,42.0307,42.0116,41.8344,41.7153,41.6553,41.8196,30.2091,41.8784,35.9322,40.3845

2780.6500,41.8139,42.0395,42.0042,41.8140,41.6995,41.6427,41.8205,30.2081,41.8742,35.9254,40.3803

2781.6500,41.8246,42.0404,42.0074,41.7976,41.7195,41.6334,41.8251,30.2081,41.8779,35.9208,40.3820

2782.6500,41.8150,42.0245,42.0208,41.8138,41.7154,41.6299,41.8492,30.1984,41.8779,35.9141,40.3834

2783.6500,41.8155,42.0469,42.0171,41.8302,41.7062,41.6304,41.8120,30.2314,41.8832,35.9309,40.3862

2784.6500,41.7936,42.0228,42.0154,41.8182,41.7057,41.6391,41.8028,30.2299,41.8711,35.9345,40.3784

2785.6500,41.8118,42.0445,42.0194,41.8171,41.7281,41.6360,41.8101,30.2154,41.8842,35.9257,40.3853

2786.6500,41.8140,42.0084,42.0195,41.8433,41.7149,41.6401,41.8312,30.2021,41.8800,35.9211,40.3842

2787.6500,41.8061,42.0306,42.0422,41.8036,41.7252,41.6568,41.8013,30.2219,41.8816,35.9394,40.3860

2788.6500,41.7864,42.0423,42.0228,41.8056,41.7026,41.6449,41.8196,30.2085,41.8719,35.9267,40.3791

2789.6500,41.8300,42.0308,42.0229,41.8183,41.7086,41.6430,41.8178,30.1990,41.8821,35.9210,40.3838

2790.6500,41.8060,42.0477,42.0253,41.8091,41.7344,41.6335,41.8212,30.2077,41.8845,35.9206,40.3856

2791.6500,41.8106,42.0481,42.0057,41.8113,41.7288,41.6562,41.8113,30.2137,41.8809,35.9350,40.3857

2792.6500,41.8128,42.0457,42.0067,41.8216,41.7402,41.6453,41.8272,30.2122,41.8854,35.9287,40.3890

2793.6500,41.8041,42.0331,42.0293,41.8154,41.7120,41.6511,41.8182,30.2250,41.8788,35.9381,40.3860

2794.6500,41.8088,42.0254,42.0203,41.8245,41.7483,41.6492,41.8287,30.2354,41.8855,35.9423,40.3926

2795.6500,41.8200,42.0332,42.0243,41.8160,41.7312,41.6688,41.8220,30.2204,41.8849,35.9446,40.3920

2796.6500,41.8070,42.0474,42.0307,41.8442,41.7321,41.6544,41.8340,30.2119,41.8923,35.9332,40.3952

2797.6500,41.8167,42.0276,42.0318,41.8304,41.7130,41.6623,41.8114,30.2251,41.8839,35.9437,40.3898

2798.6500,41.8185,42.0245,42.0263,41.8287,41.7306,41.6426,41.8268,30.2052,41.8857,35.9239,40.3879

2799.6500,41.8047,42.0291,42.0226,41.8342,41.7312,41.6517,41.8300,30.2218,41.8843,35.9368,40.3907

2800.6510,41.8107,42.0477,42.0272,41.8231,41.7335,41.6572,41.8221,30.2383,41.8884,35.9477,40.3950

2801.6500,41.8297,42.0557,42.0431,41.8315,41.7418,41.6753,41.8227,30.2396,41.9004,35.9574,40.4049

2802.6500,41.8206,42.0353,42.0265,41.8368,41.7211,41.6769,41.8233,30.2290,41.8881,35.9530,40.3962

2803.6500,41.8271,42.0810,42.0289,41.8345,41.7182,41.6722,41.8294,30.2101,41.8979,35.9411,40.4001

2804.6510,41.8187,42.0518,42.0471,41.8532,41.7434,41.6475,41.8230,30.2379,41.9029,35.9427,40.4028

2805.6500,41.8071,42.0674,42.0255,41.8358,41.7248,41.6699,41.8218,30.2253,41.8921,35.9476,40.3972

2806.6510,41.8318,42.0534,42.0413,41.8381,41.7272,41.6411,41.8209,30.1929,41.8984,35.9170,40.3933

2807.6500,41.8150,42.0624,42.0062,41.8513,41.7327,41.6685,41.8132,30.2200,41.8935,35.9443,40.3962

2808.6500,41.8148,42.0622,42.0236,41.8371,41.7441,41.6636,41.8366,30.2307,41.8963,35.9472,40.4016

2809.6500,41.8329,42.0465,42.0386,41.8275,41.7287,41.6799,41.8312,30.2207,41.8948,35.9503,40.4008

2810.6500,41.8173,42.0255,42.0385,41.8483,41.7470,41.6535,41.8306,30.2134,41.8953,35.9335,40.3968

2811.6500,41.8394,42.0576,42.0460,41.8255,41.7450,41.6561,41.8613,30.2118,41.9027,35.9340,40.4053

2812.6500,41.8247,42.0595,42.0283,41.8256,41.7438,41.6642,41.8307,30.2026,41.8964,35.9334,40.3974

2813.6500,41.8300,42.0516,42.0325,41.8572,41.7379,41.6603,41.8544,30.2014,41.9018,35.9308,40.4032

2814.6500,41.8218,42.0595,42.0613,41.8307,41.7204,41.6609,41.8474,30.2170,41.8987,35.9389,40.4024

2815.6500,41.8191,42.0674,42.0135,41.8251,41.7368,41.6828,41.8521,30.2040,41.8924,35.9434,40.4001

2816.6500,41.8240,42.0712,42.0373,41.8541,41.7556,41.6924,41.8410,30.1967,41.9085,35.9446,40.4091

2817.6500,41.7995,42.0591,42.0512,41.8443,41.7484,41.6651,41.8415,30.2110,41.9005,35.9380,40.4025

2818.6500,41.8402,42.0782,42.0363,41.8461,41.7509,41.6760,41.8605,30.2061,41.9104,35.9410,40.4118

2819.6500,41.8145,42.0526,42.0586,41.8535,41.7643,41.6982,41.8480,30.2130,41.9087,35.9556,40.4128

2820.6500,41.8134,42.0658,42.0370,41.8519,41.7599,41.6664,41.8458,30.2335,41.9056,35.9500,40.4092

2821.6500,41.8068,42.0438,42.0508,41.8527,41.7217,41.6877,41.8350,30.2226,41.8952,35.9552,40.4026

2822.6500,41.8336,42.0616,42.0420,41.8402,41.7522,41.6871,41.8360,30.2214,41.9059,35.9543,40.4093

2823.6510,41.8354,42.0572,42.0596,41.8531,41.7293,41.7028,41.8698,30.2087,41.9069,35.9557,40.4145

2824.6500,41.8395,42.0576,42.0329,41.8446,41.7297,41.6921,41.8399,30.2232,41.9008,35.9576,40.4074

2825.6500,41.8389,42.0731,42.0415,41.8541,41.7338,41.6999,41.8490,30.2179,41.9083,35.9589,40.4135

2826.6500,41.8429,42.0554,42.0642,41.8340,41.7471,41.6773,41.8419,30.2134,41.9087,35.9454,40.4095

2827.6500,41.8405,42.0730,42.0363,41.8614,41.7567,41.6665,41.8447,30.1988,41.9136,35.9326,40.4097

2828.6500,41.8461,42.0694,42.0527,41.8536,41.7303,41.6866,41.8513,30.2313,41.9104,35.9589,40.4152

2829.6500,41.8299,42.0631,42.0320,41.8594,41.7350,41.6927,41.8664,30.2304,41.9039,35.9615,40.4136

2830.6500,41.8295,42.0734,42.0548,41.8595,41.7476,41.6867,41.8506,30.2403,41.9130,35.9635,40.4178

2831.6500,41.8353,42.0657,42.0583,41.8439,41.7353,41.7070,41.8592,30.2147,41.9077,35.9609,40.4149

2832.6510,41.8466,42.0678,42.0530,41.8507,41.7583,41.6866,41.8521,30.2158,41.9153,35.9512,40.4164

2833.6500,41.8559,42.0737,42.0556,41.8430,41.7647,41.6754,41.8649,30.2054,41.9186,35.9404,40.4173

2834.6500,41.8495,42.0629,42.0629,41.8481,41.7593,41.6909,41.8583,30.2404,41.9166,35.9657,40.4216

2835.6500,41.8556,42.0785,42.0324,41.8436,41.7510,41.6686,41.8506,30.1953,41.9122,35.9320,40.4095

2836.6500,41.8678,42.0684,42.0563,41.8572,41.7702,41.6855,41.8721,30.2175,41.9240,35.9515,40.4244

2837.6500,41.8434,42.0758,42.0600,41.8651,41.7736,41.6773,41.8474,30.2036,41.9236,35.9404,40.4183

2838.6500,41.8548,42.0820,42.0541,41.8494,41.7538,41.6868,41.8606,30.2381,41.9188,35.9625,40.4225

2839.6500,41.8314,42.0813,42.0539,41.8353,41.7797,41.6774,41.8711,30.2258,41.9163,35.9516,40.4195

2840.6500,41.8555,42.0719,42.0519,41.8477,41.7755,41.6815,41.8621,30.2205,41.9205,35.9510,40.4208

2841.6500,41.8502,42.0893,42.0675,41.8666,41.7743,41.7036,41.8577,30.1992,41.9296,35.9514,40.4261

2842.6500,41.8693,42.0804,42.0470,41.8693,41.7530,41.6828,41.8498,30.2072,41.9238,35.9450,40.4198

2843.6500,41.8609,42.0825,42.0486,41.8500,41.7660,41.7004,41.8649,30.2204,41.9216,35.9604,40.4242

2844.6500,41.8404,42.0709,42.0495,41.8626,41.7642,41.6776,41.8514,30.2091,41.9175,35.9434,40.4157

2845.6500,41.8160,42.0741,42.0387,41.8695,41.7872,41.6969,41.8588,30.2126,41.9171,35.9548,40.4192

2846.6500,41.8485,42.0758,42.0740,41.8549,41.7620,41.7020,41.8782,30.2266,41.9231,35.9643,40.4278

2847.6500,41.8612,42.0769,42.0638,41.8466,41.7877,41.6891,41.8815,30.2225,41.9272,35.9558,40.4287

2848.6500,41.8396,42.0808,42.0733,41.8678,41.7717,41.7010,41.8547,30.2209,41.9266,35.9609,40.4262

2849.6500,41.8478,42.0847,42.0843,41.8434,41.7548,41.6850,41.8722,30.2076,41.9230,35.9463,40.4225

2850.6500,41.8626,42.0885,42.0601,41.8541,41.7612,41.6882,41.8620,30.2131,41.9253,35.9506,40.4237

2851.6500,41.8626,42.0841,42.0558,41.8618,41.7557,41.6980,41.8874,30.2183,41.9240,35.9582,40.4280

2852.6500,41.8589,42.0875,42.0712,41.8619,41.7779,41.7193,41.8550,30.2296,41.9315,35.9744,40.4327

2853.6500,41.8659,42.0878,42.0664,41.8795,41.7715,41.6864,41.8841,30.2165,41.9342,35.9515,40.4323

2854.6500,41.8443,42.0784,42.0579,41.8501,41.7750,41.7118,41.8854,30.2149,41.9212,35.9633,40.4272

2855.6500,41.8805,42.0702,42.0781,41.8711,41.7573,41.7029,41.8707,30.2261,41.9314,35.9645,40.4321

2856.6500,41.8750,42.0720,42.0706,41.8720,41.7624,41.6978,41.8753,30.2177,41.9304,35.9577,40.4303

2857.6500,41.8802,42.0926,42.0661,41.8857,41.7528,41.6900,41.8782,30.2235,41.9355,35.9567,40.4336

2858.6500,41.8599,42.0755,42.0662,41.8653,41.7571,41.6827,41.8704,30.2170,41.9248,35.9498,40.4243

2859.6510,41.8651,42.0804,42.0902,41.8405,41.7809,41.7154,41.8605,30.2063,41.9314,35.9608,40.4299

2860.6500,41.8678,42.0787,42.0628,41.8564,41.7502,41.6902,41.8722,30.2057,41.9232,35.9480,40.4230

2861.6500,41.8725,42.1003,42.0589,41.8738,41.7846,41.7269,41.8891,30.2147,41.9380,35.9708,40.4401

2862.6500,41.8908,42.0912,42.0772,41.8824,41.7667,41.6955,41.8712,30.2318,41.9417,35.9636,40.4384

2863.6500,41.8816,42.0991,42.0675,41.8671,41.7579,41.6988,41.8708,30.2197,41.9347,35.9592,40.4328

2864.6500,41.8660,42.0825,42.0857,41.8602,41.7823,41.7069,41.8546,30.2161,41.9353,35.9615,40.4318

2865.6510,41.8615,42.0819,42.0563,41.8708,41.7848,41.7043,41.8894,30.2196,41.9311,35.9620,40.4336

2866.6500,41.8608,42.1032,42.0623,41.8772,41.7775,41.7119,41.8609,30.2113,41.9362,35.9616,40.4331

2867.6500,41.8690,42.0717,42.0879,41.8870,41.7829,41.6978,41.8856,30.2031,41.9397,35.9505,40.4356

2868.6500,41.8749,42.0852,42.0820,41.8634,41.7759,41.7033,41.8839,30.2063,41.9363,35.9548,40.4344

2869.6510,41.8757,42.1009,42.0832,41.8818,41.7719,41.7017,41.8670,30.2061,41.9427,35.9539,40.4360

2870.6500,41.8613,42.1075,42.0838,41.8745,41.7543,41.6883,41.8824,30.2118,41.9363,35.9500,40.4330

2871.6500,41.8732,42.1048,42.0927,41.8862,41.7946,41.7230,41.8886,30.2074,41.9503,35.9652,40.4463

2872.6500,41.8529,42.1111,42.0845,41.8804,41.7799,41.7306,41.8850,30.2029,41.9418,35.9668,40.4409

2873.6500,41.8789,42.1028,42.0674,41.8753,41.7864,41.7087,41.8628,30.2075,41.9422,35.9581,40.4362

2874.6500,41.8587,42.1071,42.0699,41.8685,41.7829,41.7020,41.9020,30.2196,41.9374,35.9608,40.4388

2875.6500,41.8534,42.0933,42.0873,41.8859,41.7729,41.7213,41.8915,30.2278,41.9386,35.9746,40.4417

2876.6500,41.8709,42.1060,42.0683,41.8800,41.7858,41.6937,41.8916,30.2361,41.9422,35.9649,40.4416

2877.6500,41.8783,42.1001,42.0959,41.8699,41.7662,41.7179,41.8774,30.2131,41.9421,35.9655,40.4399

2878.6500,41.8707,42.1137,42.0723,41.8849,41.7786,41.7363,41.8863,30.2218,41.9441,35.9790,40.4456

2879.6500,41.8764,42.0946,42.0909,41.8676,41.7978,41.7155,41.8811,30.2069,41.9455,35.9612,40.4414

2880.6500,41.8800,42.1034,42.0960,41.8797,41.7823,41.7283,41.8751,30.2222,41.9483,35.9753,40.4459

2881.6500,41.8920,42.1030,42.0724,41.8756,41.7930,41.7111,41.8789,30.2344,41.9472,35.9728,40.4451

2882.6510,41.8954,42.1190,42.0767,41.8781,41.7907,41.7075,41.8558,30.2374,41.9520,35.9724,40.4451

2883.6500,41.8676,42.1020,42.0955,41.8923,41.8067,41.7183,41.8928,30.2295,41.9528,35.9739,40.4506

2884.6500,41.8901,42.1333,42.0891,41.8882,41.7706,41.7245,41.8822,30.2344,41.9542,35.9794,40.4515

2885.6500,41.8759,42.1060,42.0935,41.8725,41.7554,41.7122,41.8828,30.2336,41.9407,35.9729,40.4415

2886.6510,41.8685,42.1236,42.0822,41.8967,41.7722,41.7304,41.8781,30.2078,41.9487,35.9691,40.4450

2887.6500,41.8851,42.1079,42.0893,41.8860,41.7977,41.7177,41.8712,30.2110,41.9532,35.9643,40.4457

2888.6500,41.8981,42.1152,42.0836,41.8934,41.7855,41.7181,41.9004,30.2048,41.9552,35.9614,40.4499

2889.6500,41.8981,42.1175,42.1082,41.8994,41.7693,41.7195,41.8910,30.2152,41.9585,35.9674,40.4523

2890.6500,41.8716,42.1148,42.1046,41.8944,41.7949,41.7219,41.8730,30.1983,41.9561,35.9601,40.4467

2891.6500,41.8654,42.1133,42.0910,41.8734,41.7891,41.7110,41.8785,30.2320,41.9465,35.9715,40.4442

2892.6500,41.9069,42.1042,42.0903,41.8908,41.8027,41.7223,41.8954,30.2105,41.9590,35.9664,40.4529

2893.6500,41.9038,42.1013,42.0869,41.8953,41.8150,41.7154,41.8953,30.2341,41.9604,35.9748,40.4559

2894.6500,41.8948,42.1166,42.1096,41.9022,41.7972,41.7060,41.9013,30.2152,41.9641,35.9606,40.4553

2895.6500,41.8811,42.1225,42.0955,41.8965,41.7922,41.7248,41.8974,30.2327,41.9575,35.9788,40.4553

2896.6500,41.8989,42.1178,42.1109,41.8960,41.7937,41.7198,41.9100,30.2244,41.9635,35.9721,40.4589

2897.6500,41.9044,42.0968,42.0958,41.9033,41.7816,41.7323,41.9010,30.2220,41.9564,35.9772,40.4547

2898.6500,41.9003,42.1183,42.0885,41.8797,41.8050,41.7324,41.9011,30.2155,41.9584,35.9740,40.4551

2899.6500,41.8917,42.1180,42.0901,41.9036,41.8228,41.7186,41.8892,30.2284,41.9652,35.9735,40.4578

2900.6500,41.8733,42.1140,42.1093,41.8991,41.8091,41.7426,41.9093,30.2136,41.9609,35.9781,40.4588

2901.6500,41.8817,42.1115,42.1050,41.9045,41.8012,41.7240,41.9138,30.2296,41.9608,35.9768,40.4589

2902.6500,41.8993,42.1131,42.1099,41.8978,41.8068,41.7263,41.8997,30.2188,41.9654,35.9725,40.4590

2903.6500,41.8774,42.1183,42.0913,41.8853,41.8123,41.7295,41.8839,30.2300,41.9569,35.9798,40.4535

2904.6500,41.8778,42.1226,42.1007,41.8919,41.8127,41.7313,41.9040,30.2365,41.9611,35.9839,40.4597

2905.6500,41.8781,42.1148,42.1167,41.9223,41.7934,41.7409,41.8897,30.2330,41.9651,35.9870,40.4611

2906.6500,41.8992,42.1035,42.1068,41.8985,41.8113,41.7550,41.8966,30.2248,41.9639,35.9899,40.4620

2907.6500,41.8897,42.1038,42.1103,41.8913,41.8078,41.7506,41.9094,30.2259,41.9606,35.9883,40.4611

2908.6500,41.8884,42.1338,42.0970,41.9166,41.8009,41.7498,41.8994,30.2302,41.9673,35.9900,40.4645

2909.6500,41.8880,42.1068,42.1143,41.9096,41.8071,41.7494,41.9022,30.2092,41.9652,35.9793,40.4608

2910.6500,41.8961,42.1457,42.0927,41.9178,41.8259,41.7301,41.9062,30.2325,41.9757,35.9813,40.4684

2911.6510,41.8993,42.1206,42.1006,41.8834,41.8161,41.7319,41.9011,30.2296,41.9640,35.9807,40.4603

2912.6500,41.8954,42.0951,42.1114,41.9016,41.7995,41.7177,41.9054,30.2401,41.9606,35.9789,40.4583

2913.6510,41.8956,42.1408,42.1027,41.9088,41.8012,41.7332,41.9209,30.2333,41.9698,35.9833,40.4671

2914.6500,41.9009,42.1272,42.1151,41.9007,41.8051,41.7335,41.9035,30.2298,41.9698,35.9816,40.4645

2915.6500,41.9150,42.1357,42.1213,41.8981,41.7950,41.7443,41.9153,30.2435,41.9730,35.9939,40.4710

2916.6500,41.9211,42.1104,42.1220,41.9141,41.8011,41.7169,41.9141,30.2196,41.9737,35.9682,40.4649

2917.6500,41.8929,42.1257,42.0903,41.9150,41.7980,41.7441,41.9103,30.2452,41.9644,35.9946,40.4652

2918.6500,41.9145,42.1278,42.1013,41.9111,41.8182,41.7284,41.8962,30.2186,41.9746,35.9735,40.4645

2919.6500,41.9166,42.1334,42.1045,41.8971,41.8115,41.7431,41.8971,30.2419,41.9726,35.9925,40.4682

2920.6500,41.9133,42.1292,42.1181,41.9269,41.8309,41.7370,41.8925,30.2437,41.9837,35.9903,40.4740

2921.6500,41.9088,42.1092,42.0994,41.9255,41.8241,41.7334,41.9046,30.2457,41.9734,35.9896,40.4688

2922.6500,41.9155,42.1505,42.1198,41.9082,41.8127,41.7341,41.9003,30.2525,41.9814,35.9933,40.4742

2923.6500,41.9036,42.1194,42.1241,41.9078,41.8013,41.7585,41.9181,30.2517,41.9712,36.0051,40.4731

2924.6500,41.8994,42.1281,42.1100,41.9007,41.7966,41.7487,41.9128,30.2183,41.9669,35.9835,40.4643

2925.6500,41.9064,42.1431,42.1176,41.9027,41.8185,41.7641,41.9311,30.2212,41.9777,35.9927,40.4756

2926.6500,41.8987,42.1356,42.1393,41.9073,41.7950,41.7368,41.9054,30.2388,41.9752,35.9878,40.4696

2927.6500,41.9103,42.1447,42.1205,41.9140,41.8377,41.7512,41.9168,30.2270,41.9855,35.9891,40.4778

2928.6500,41.9069,42.1468,42.1091,41.9208,41.8222,41.7366,41.9259,30.2250,41.9812,35.9808,40.4742

2929.6500,41.8932,42.1245,42.1194,41.9357,41.8235,41.7653,41.9180,30.2135,41.9792,35.9894,40.4741

2930.6500,41.8909,42.1482,42.1287,41.9073,41.8113,41.7416,41.9231,30.2290,41.9773,35.9853,40.4725

2931.6500,41.9081,42.1373,42.1155,41.9239,41.8365,41.7602,41.9420,30.2206,41.9842,35.9904,40.4805

2932.6500,41.8822,42.1330,42.1400,41.9205,41.8497,41.7641,41.9145,30.2485,41.9851,36.0063,40.4816

2933.6510,41.8866,42.1467,42.1068,41.9063,41.8178,41.7582,41.9082,30.2600,41.9728,36.0091,40.4738

2934.6500,41.9014,42.1358,42.1283,41.9437,41.8307,41.7576,41.9251,30.2429,41.9880,36.0003,40.4832

2935.6500,41.9106,42.1342,42.1328,41.9431,41.8064,41.7561,41.9231,30.2536,41.9854,36.0049,40.4825

2936.6500,41.8800,42.1213,42.1194,41.9171,41.8205,41.7726,41.9302,30.2331,41.9717,36.0028,40.4743

2937.6500,41.9230,42.1456,42.1214,41.9312,41.8268,41.7705,41.9238,30.2493,41.9896,36.0099,40.4864

2938.6500,41.9224,42.1400,42.1246,41.9363,41.8089,41.7679,41.9130,30.2406,41.9864,36.0043,40.4817

2939.6500,41.9247,42.1253,42.1397,41.9430,41.8423,41.7479,41.9091,30.2340,41.9950,35.9910,40.4833

2940.6500,41.9270,42.1482,42.1320,41.9292,41.8187,41.7526,41.9408,30.2181,41.9910,35.9854,40.4833

2941.6500,41.9298,42.1141,42.1322,41.9271,41.8252,41.7433,41.9490,30.2609,41.9857,36.0021,40.4852

2942.6500,41.9134,42.1448,42.1095,41.9104,41.8437,41.7623,41.9337,30.2537,41.9844,36.0080,40.4839

2943.6500,41.9058,42.1294,42.1248,41.9281,41.8481,41.7332,41.9457,30.2464,41.9872,35.9898,40.4827

2944.6500,41.9234,42.1407,42.1513,41.9253,41.8281,41.7574,41.9128,30.2182,41.9938,35.9878,40.4821

2945.6500,41.9259,42.1553,42.1413,41.9200,41.8273,41.7473,41.9367,30.2437,41.9939,35.9955,40.4872

2946.6500,41.9089,42.1491,42.1347,41.9189,41.8387,41.7698,41.9426,30.2632,41.9900,36.0165,40.4907

2947.6500,41.9294,42.1552,42.1552,41.9436,41.8182,41.7401,41.9204,30.2336,42.0003,35.9869,40.4870

2948.6500,41.9280,42.1630,42.1188,41.9351,41.8201,41.7368,41.9304,30.2162,41.9930,35.9765,40.4810

2949.6500,41.9110,42.1627,42.1264,41.9274,41.8403,41.7612,41.9371,30.2305,41.9935,35.9959,40.4871

2950.6500,41.9339,42.1434,42.1430,41.9253,41.8302,41.7670,41.9328,30.2396,41.9952,36.0033,40.4894

2951.6500,41.9326,42.1549,42.1289,41.9443,41.8428,41.7596,41.9327,30.2416,42.0007,36.0006,40.4922

2952.6500,41.9187,42.1509,42.1560,41.9504,41.8294,41.7596,41.9355,30.2195,42.0011,35.9896,40.4900

2953.6500,41.9264,42.1416,42.1356,41.9235,41.8357,41.7645,41.9268,30.2334,41.9925,35.9990,40.4859

2954.6500,41.9280,42.1383,42.1290,41.9360,41.8504,41.7518,41.9486,30.2384,41.9964,35.9951,40.4901

2955.6500,41.9401,42.1487,42.1357,41.9329,41.8253,41.7625,41.9352,30.2417,41.9965,36.0021,40.4903

2956.6500,41.9215,42.1596,42.1317,41.9103,41.8457,41.7634,41.9117,30.2421,41.9938,36.0028,40.4858

2957.6500,41.9158,42.1714,42.1435,41.9491,41.8507,41.7726,41.9356,30.2326,42.0061,36.0026,40.4964

2958.6500,41.9292,42.1685,42.1480,41.9262,41.8292,41.7692,41.9387,30.2433,42.0002,36.0062,40.4940

2959.6500,41.9189,42.1624,42.1410,41.9480,41.8250,41.7724,41.9615,30.2569,41.9991,36.0147,40.4983

2960.6500,41.9252,42.1634,42.1401,41.9281,41.8196,41.7750,41.9444,30.2162,41.9953,35.9956,40.4890

2961.6500,41.9274,42.1581,42.1191,41.9261,41.8474,41.7805,41.9670,30.2425,41.9956,36.0115,40.4960

2962.6510,41.9194,42.1624,42.1420,41.9234,41.8436,41.7510,41.9537,30.2456,41.9982,35.9983,40.4926

2963.6500,41.9429,42.1485,42.1411,41.9332,41.8648,41.7904,41.9397,30.2313,42.0061,36.0108,40.4990

2964.6510,41.9489,42.1506,42.1310,41.9399,41.8434,41.7871,41.9394,30.2299,42.0028,36.0085,40.4963

2965.6500,41.9366,42.1510,42.1278,41.9455,41.8599,41.7599,41.9529,30.2344,42.0042,35.9971,40.4960

2966.6500,41.9220,42.1507,42.1340,41.9308,41.8666,41.7722,41.9452,30.2417,42.0008,36.0070,40.4954

2967.6500,41.9438,42.1584,42.1180,41.9301,41.8280,41.7675,41.9259,30.2463,41.9956,36.0069,40.4897

2968.6510,41.9249,42.1673,42.1455,41.9585,41.8421,41.7747,41.9376,30.2568,42.0077,36.0157,40.5009

2969.6500,41.9444,42.1581,42.1334,41.9386,41.8411,41.7960,41.9153,30.2478,42.0031,36.0219,40.4968

2970.6500,41.9303,42.1595,42.1483,41.9344,41.8251,41.7842,41.9460,30.2190,41.9995,36.0016,40.4934

2971.6520,41.9551,42.1684,42.1540,41.9308,41.8546,41.7844,41.9355,30.2521,42.0126,36.0182,40.5044

2972.6500,41.9387,42.1749,42.1456,41.9479,41.8671,41.7959,41.9530,30.2416,42.0148,36.0188,40.5081

2973.6510,41.9333,42.1563,42.1544,41.9470,41.8459,41.7970,41.9535,30.2268,42.0074,36.0119,40.5018

2974.6500,41.9420,42.1716,42.1405,41.9563,41.8420,41.8030,41.9284,30.2652,42.0105,36.0341,40.5061

2975.6500,41.9318,42.1700,42.1491,41.9370,41.8457,41.7866,41.9636,30.2586,42.0067,36.0226,40.5053

2976.6500,41.9420,42.1468,42.1287,41.9603,41.8387,41.7731,41.9436,30.2398,42.0033,36.0065,40.4966

2977.6500,41.9403,42.1714,42.1435,41.9338,41.8547,41.7878,41.9552,30.2466,42.0088,36.0172,40.5042

2978.6500,41.9551,42.1487,42.1538,41.9515,41.8356,41.7723,41.9524,30.2418,42.0089,36.0071,40.5014

2979.6510,41.9415,42.1593,42.1332,41.9570,41.8341,41.7680,41.9570,30.2699,42.0050,36.0189,40.5025

2980.6500,41.9589,42.1557,42.1609,41.9460,41.8515,41.7752,41.9404,30.2696,42.0146,36.0224,40.5073

2981.6510,41.9472,42.1760,42.1532,41.9369,41.8538,41.7668,41.9672,30.2625,42.0134,36.0146,40.5079

2982.6510,41.9140,42.1836,42.1385,41.9664,41.8359,41.7652,41.9581,30.2487,42.0077,36.0069,40.5013

2983.6510,41.9382,42.1548,42.1561,41.9608,41.8359,41.7731,41.9594,30.2454,42.0092,36.0093,40.5030

2984.6500,41.9485,42.1677,42.1500,41.9487,41.8559,41.7680,41.9589,30.2553,42.0142,36.0116,40.5066

2985.6500,41.9439,42.1695,42.1565,41.9519,41.8597,41.7857,41.9626,30.2511,42.0163,36.0184,40.5101

2986.6500,41.9630,42.1571,42.1682,41.9408,41.8561,41.7803,41.9613,30.2441,42.0171,36.0122,40.5089

2987.6500,41.9392,42.1600,42.1563,41.9503,41.8513,41.7568,41.9554,30.2195,42.0114,35.9882,40.4986

2988.6500,41.9569,42.1848,42.1630,41.9411,41.8560,41.7937,41.9621,30.2366,42.0204,36.0151,40.5118

2989.6500,41.9608,42.1698,42.1535,41.9470,41.8539,41.7822,41.9619,30.2523,42.0170,36.0173,40.5102

2990.6500,41.9581,42.1707,42.1711,41.9503,41.8433,41.7744,41.9503,30.2307,42.0187,36.0026,40.5061

2991.6500,41.9734,42.1866,42.1484,41.9289,41.8614,41.7837,41.9341,30.2650,42.0197,36.0243,40.5102

2992.6500,41.9518,42.1611,42.1606,41.9388,41.8597,41.7709,41.9662,30.2389,42.0144,36.0049,40.5060

2993.6500,41.9569,42.1709,42.1476,41.9542,41.8773,41.7666,41.9648,30.2327,42.0214,35.9997,40.5089

2994.6500,41.9604,42.1828,42.1535,41.9531,41.8650,41.7771,41.9680,30.2307,42.0230,36.0039,40.5113

2995.6500,41.9622,42.1906,42.1501,41.9483,41.8590,41.7906,41.9632,30.2617,42.0221,36.0261,40.5157

2996.6500,41.9477,42.1851,42.1735,41.9536,41.8747,41.7756,41.9694,30.2592,42.0269,36.0174,40.5173

2997.6500,41.9483,42.1869,42.1776,41.9609,41.8706,41.7743,41.9581,30.2635,42.0289,36.0189,40.5175

2998.6500,41.9556,42.1757,42.1762,41.9669,41.8784,41.8003,41.9576,30.2578,42.0306,36.0291,40.5211

2999.6500,41.9536,42.1813,42.1818,41.9697,41.8540,41.7889,41.9604,30.2482,42.0281,36.0186,40.5172

3000.6500,41.9369,42.1885,42.1648,41.9667,41.8704,41.8104,41.9537,30.2544,42.0255,36.0324,40.5183

3001.6500,41.9387,42.1711,42.1623,41.9563,41.8504,41.7997,41.9614,30.2511,42.0157,36.0254,40.5113

3002.6500,41.9653,42.1802,42.1551,41.9523,41.8765,41.8040,41.9649,30.2427,42.0259,36.0233,40.5176

3003.6500,41.9386,42.1878,42.1808,41.9711,41.8725,41.7893,41.9688,30.2495,42.0302,36.0194,40.5198

3004.6500,41.9564,42.1889,42.1624,41.9694,41.8494,41.7955,41.9620,30.2290,42.0253,36.0122,40.5141

3005.6500,41.9572,42.1818,42.1734,41.9502,41.8488,41.7972,41.9805,30.2552,42.0223,36.0262,40.5180

3006.6500,41.9670,42.1728,42.1747,41.9668,41.8805,41.8005,41.9812,30.2420,42.0324,36.0213,40.5232

3007.6500,41.9495,42.1954,42.1587,41.9666,41.8769,41.7946,41.9740,30.2544,42.0294,36.0245,40.5213

3008.6500,41.9451,42.1945,42.1591,41.9722,41.8958,41.8186,41.9661,30.2641,42.0333,36.0413,40.5269

3009.6500,41.9364,42.1730,42.1795,41.9777,41.8564,41.8113,41.9661,30.2558,42.0246,36.0336,40.5195

3010.6510,41.9530,42.1607,42.1844,41.9882,41.8651,41.8070,41.9845,30.2519,42.0303,36.0295,40.5244

3011.6500,41.9527,42.1857,42.1675,41.9620,41.8890,41.8080,41.9769,30.2591,42.0314,36.0335,40.5251

3012.6500,41.9460,42.1932,42.1570,41.9630,41.8539,41.8195,41.9742,30.2467,42.0226,36.0331,40.5192

3013.6500,41.9492,42.1991,42.1912,41.9726,41.8697,41.8036,41.9801,30.2419,42.0364,36.0228,40.5259

3014.6500,41.9679,42.1663,42.1612,41.9654,41.8591,41.7986,41.9947,30.2524,42.0240,36.0255,40.5207

3015.6500,41.9566,42.2049,42.1700,41.9868,41.8376,41.8004,41.9905,30.2715,42.0312,36.0359,40.5273

3016.6500,41.9546,42.1953,42.1660,41.9646,41.8653,41.7960,41.9753,30.2506,42.0292,36.0233,40.5210

3017.6500,41.9693,42.1749,42.1642,41.9754,41.8530,41.8055,41.9731,30.2495,42.0274,36.0275,40.5206

3018.6500,41.9797,42.2016,42.1718,41.9542,41.8559,41.8006,41.9658,30.2783,42.0326,36.0395,40.5260

3019.6500,41.9654,42.1973,42.1805,41.9773,41.8668,41.7966,41.9694,30.2667,42.0375,36.0317,40.5275

3020.6500,41.9556,42.1801,42.1722,41.9769,41.8617,41.7984,41.9829,30.2709,42.0293,36.0347,40.5248

3021.6510,41.9476,42.1734,42.1753,41.9558,41.8550,41.8029,41.9772,30.2610,42.0214,36.0320,40.5185

3022.6500,41.9750,42.1822,42.1826,41.9664,41.8848,41.8136,41.9641,30.2262,42.0382,36.0199,40.5244

3023.6500,41.9738,42.1844,42.1788,41.9663,41.8441,41.8046,41.9695,30.2696,42.0295,36.0371,40.5239

3024.6500,41.9661,42.1870,42.1870,41.9740,41.8507,41.8028,41.9833,30.2750,42.0330,36.0389,40.5283

3025.6500,41.9845,42.1761,42.1556,41.9896,41.8719,41.7915,41.9812,30.2484,42.0355,36.0199,40.5248

3026.6500,41.9667,42.1637,42.1711,41.9730,41.8871,41.7862,41.9712,30.2591,42.0323,36.0226,40.5223

3027.6510,41.9719,42.2069,42.1827,41.9711,41.8947,41.7975,42.0009,30.2446,42.0455,36.0210,40.5338

3028.6510,41.9729,42.2002,42.1760,41.9724,41.8748,41.8106,41.9700,30.2382,42.0393,36.0244,40.5269

3029.6500,41.9708,42.1855,42.1790,41.9711,41.8783,41.7899,41.9790,30.2614,42.0369,36.0257,40.5269

3030.6510,41.9757,42.1908,42.1736,41.9755,41.8767,41.8032,41.9690,30.2584,42.0384,36.0308,40.5278

3031.6500,41.9846,42.2073,42.1673,41.9869,41.8856,41.8079,41.9892,30.2599,42.0464,36.0339,40.5361

3032.6500,41.9678,42.1969,42.1946,41.9853,41.8739,41.7981,41.9895,30.2546,42.0437,36.0264,40.5326

3033.6500,41.9771,42.1731,42.1690,41.9802,41.8845,41.8189,41.9829,30.2583,42.0368,36.0386,40.5305

3034.6500,41.9459,42.1879,42.1851,41.9726,41.8757,41.8199,41.9930,30.2593,42.0334,36.0396,40.5299

3035.6500,41.9936,42.1855,42.1893,41.9846,41.8764,41.8173,41.9958,30.2393,42.0459,36.0283,40.5352

3036.6500,41.9843,42.1874,42.1698,41.9749,41.8703,41.8066,41.9824,30.2538,42.0373,36.0302,40.5287

3037.6500,41.9717,42.2019,42.1908,41.9973,41.8810,41.8098,41.9992,30.2406,42.0485,36.0252,40.5365

3038.6500,41.9650,42.1964,42.1954,41.9913,41.8971,41.8036,41.9736,30.2334,42.0490,36.0185,40.5320

3039.6500,41.9732,42.1899,42.1834,41.9634,41.8858,41.8351,41.9807,30.2492,42.0391,36.0422,40.5326

3040.6500,41.9632,42.1792,42.1890,41.9927,41.8879,41.8074,41.9760,30.2650,42.0424,36.0362,40.5326

3041.6500,41.9814,42.2074,42.1795,41.9902,41.8991,41.8168,41.9967,30.2528,42.0515,36.0348,40.5405

3042.6500,41.9734,42.1927,42.1611,41.9937,41.9060,41.8227,41.9681,30.2612,42.0454,36.0420,40.5349

3043.6500,41.9729,42.1842,42.1786,41.9772,41.8869,41.8241,41.9982,30.2805,42.0400,36.0523,40.5378

3044.6500,41.9751,42.1892,42.1766,41.9874,41.8886,41.8114,41.9739,30.2526,42.0434,36.0320,40.5318

3045.6500,41.9754,42.2136,42.1876,41.9825,41.8828,41.8363,41.9844,30.2477,42.0484,36.0420,40.5388

3046.6500,41.9632,42.1944,42.1911,41.9688,41.8925,41.8246,41.9888,30.2594,42.0420,36.0420,40.5354

3047.6500,41.9752,42.2176,42.1823,41.9767,41.8794,41.8333,41.9735,30.2526,42.0462,36.0430,40.5363

3048.6500,41.9995,42.2174,42.1923,41.9886,41.8856,41.8242,41.9849,30.2674,42.0567,36.0458,40.5450

3049.6510,41.9971,42.2130,42.2009,41.9893,41.9278,41.8106,41.9847,30.2673,42.0656,36.0389,40.5488

3050.6500,41.9823,42.2113,42.2117,41.9871,41.8698,41.8093,41.9978,30.2669,42.0524,36.0381,40.5420

3051.6500,41.9910,42.2089,42.1936,41.9876,41.8831,41.8278,41.9866,30.2705,42.0528,36.0491,40.5436

3052.6500,42.0026,42.2085,42.1886,42.0039,41.8938,41.8231,41.9844,30.2700,42.0595,36.0465,40.5469

3053.6500,41.9829,42.1942,42.2081,41.9761,41.8991,41.8350,41.9742,30.2595,42.0521,36.0472,40.5411

3054.6500,42.0007,42.2029,42.2057,41.9834,41.8914,41.8174,42.0090,30.2728,42.0568,36.0451,40.5479

3055.6500,41.9799,42.2032,42.2037,41.9781,41.9046,41.8278,42.0014,30.2668,42.0539,36.0473,40.5457

3056.6500,41.9880,42.2264,42.2055,42.0005,41.8880,41.8364,41.9791,30.2712,42.0617,36.0538,40.5494

3057.6510,41.9969,42.2220,42.2006,42.0016,41.8936,41.7932,41.9969,30.2690,42.0629,36.0311,40.5467

3058.6500,41.9959,42.2138,42.2018,41.9753,41.9011,41.8267,41.9990,30.2666,42.0576,36.0466,40.5475

3059.6500,41.9869,42.2136,42.1977,42.0252,41.8897,41.8130,41.9992,30.2617,42.0626,36.0373,40.5484

3060.6510,41.9882,42.2196,42.1959,41.9708,41.9045,41.8291,41.9606,30.2611,42.0558,36.0451,40.5412

3061.6500,41.9996,42.2350,42.2029,41.9802,41.9042,41.8228,41.9899,30.2585,42.0644,36.0407,40.5491

3062.6500,41.9977,42.2093,42.2089,41.9991,41.9177,41.8303,41.9889,30.2585,42.0665,36.0444,40.5513

3063.6500,42.0062,42.2087,42.1971,41.9980,41.9207,41.8188,42.0204,30.2732,42.0661,36.0460,40.5554

3064.6500,41.9745,42.2096,42.1989,41.9934,41.8889,41.7986,42.0306,30.2576,42.0530,36.0281,40.5440

3065.6500,41.9836,42.2150,42.1811,41.9895,41.8934,41.8339,42.0178,30.2415,42.0525,36.0377,40.5445

3066.6500,41.9895,42.2123,42.1844,41.9877,41.9016,41.8309,41.9993,30.2469,42.0551,36.0389,40.5441

3067.6500,41.9867,42.1929,42.2017,41.9911,41.9170,41.8267,42.0027,30.2657,42.0579,36.0462,40.5481

3068.6510,42.0046,42.2274,42.2088,41.9921,41.9009,41.8102,42.0145,30.2486,42.0668,36.0294,40.5509

3069.6500,41.9991,42.2375,42.2115,42.0157,41.9205,41.8270,41.9897,30.2787,42.0768,36.0528,40.5599

3070.6500,42.0029,42.2149,42.2033,41.9871,41.9174,41.8569,41.9931,30.2445,42.0651,36.0507,40.5525

3071.6500,41.9936,42.2215,42.1936,42.0020,41.9169,41.8369,42.0034,30.2647,42.0655,36.0508,40.5541

3072.6500,41.9865,42.2112,42.1996,42.0159,41.8962,41.8525,42.0103,30.2429,42.0619,36.0477,40.5519

3073.6510,41.9991,42.2084,42.1809,42.0042,41.8986,41.8414,42.0140,30.2693,42.0583,36.0554,40.5520

3074.6500,42.0106,42.2393,42.2077,41.9961,41.9148,41.8418,42.0045,30.2664,42.0737,36.0541,40.5601

3075.6500,41.9833,42.2338,42.2078,41.9985,41.8847,41.8391,42.0064,30.2769,42.0616,36.0580,40.5538

3076.6500,41.9933,42.2072,42.2220,41.9956,41.8938,41.8486,42.0226,30.2531,42.0624,36.0509,40.5545

3077.6500,42.0048,42.2206,42.2076,42.0119,41.9197,41.8564,42.0109,30.2704,42.0729,36.0634,40.5628

3078.6500,41.9914,42.2213,42.2157,42.0227,41.9030,41.8602,41.9995,30.2474,42.0708,36.0538,40.5577

3079.6500,42.0121,42.2372,42.1945,42.0145,41.8990,41.8442,42.0057,30.2810,42.0715,36.0626,40.5610

3080.6500,41.9924,42.2253,42.2295,42.0076,41.8975,41.8538,42.0114,30.2757,42.0705,36.0648,40.5617

3081.6500,41.9983,42.2045,42.2207,42.0203,41.9020,41.8523,42.0175,30.2676,42.0692,36.0599,40.5604

3082.6500,42.0129,42.2274,42.2046,42.0163,41.8957,41.8464,42.0298,30.2813,42.0714,36.0638,40.5643

3083.6500,42.0057,42.2162,42.2018,42.0116,41.8946,41.8509,42.0153,30.2779,42.0660,36.0644,40.5592

3084.6500,41.9803,42.2263,42.2045,42.0161,41.9138,41.8436,42.0519,30.2743,42.0682,36.0589,40.5639

3085.6500,42.0235,42.2285,42.1992,42.0183,41.9040,41.8412,42.0118,30.2578,42.0747,36.0495,40.5605

3086.6510,42.0145,42.2201,42.2391,42.0141,41.9062,41.8415,42.0066,30.2548,42.0788,36.0482,40.5621

3087.6500,42.0047,42.2165,42.2290,42.0095,41.9038,41.8452,42.0086,30.2745,42.0727,36.0598,40.5615

3088.6500,42.0072,42.2361,42.2171,41.9962,41.8905,41.8616,42.0129,30.2634,42.0694,36.0625,40.5606

3089.6500,41.9952,42.2293,42.2140,42.0066,41.9217,41.8403,42.0150,30.2602,42.0734,36.0503,40.5603

3090.6500,41.9992,42.2412,42.2008,42.0199,41.9178,41.8402,42.0041,30.2784,42.0758,36.0593,40.5627

3091.6500,42.0055,42.2374,42.2007,42.0235,41.9130,41.8418,42.0101,30.2725,42.0760,36.0572,40.5631

3092.6500,42.0149,42.2235,42.2258,42.0068,41.9377,41.8484,42.0012,30.2552,42.0818,36.0518,40.5642

3093.6500,42.0119,42.2442,42.2298,42.0057,41.9087,41.8598,42.0387,30.2705,42.0801,36.0652,40.5712

3094.6500,42.0055,42.2261,42.2214,42.0043,41.9278,41.8455,42.0192,30.2443,42.0770,36.0449,40.5618

3095.6500,42.0120,42.2571,42.2036,42.0116,41.9218,41.8576,42.0167,30.2565,42.0812,36.0571,40.5671

3096.6500,42.0049,42.2200,42.2005,42.0173,41.9026,41.8524,42.0177,30.2541,42.0691,36.0532,40.5587

3097.6510,42.0190,42.2305,42.2258,42.0082,41.9470,41.8693,42.0254,30.2683,42.0861,36.0688,40.5742

3098.6500,42.0223,42.2451,42.2321,42.0293,41.9265,41.8493,42.0354,30.2678,42.0911,36.0586,40.5760

3099.6500,41.9876,42.2228,42.2009,42.0061,41.9383,41.8327,42.0377,30.2544,42.0711,36.0435,40.5601

3100.6500,41.9991,42.2412,42.2017,42.0236,41.9195,41.8405,42.0445,30.2589,42.0770,36.0497,40.5661

3101.6500,41.9758,42.2522,42.1974,42.0221,41.9358,41.8833,42.0360,30.2820,42.0767,36.0826,40.5731

3102.6500,42.0140,42.2373,42.2294,42.0234,41.9177,41.8754,42.0424,30.2599,42.0844,36.0677,40.5749

3103.6500,42.0159,42.2394,42.2148,42.0228,41.9289,41.8424,42.0390,30.2694,42.0844,36.0559,40.5716

3104.6500,42.0174,42.2441,42.2464,42.0306,41.9100,41.8505,42.0506,30.2662,42.0897,36.0584,40.5770

3105.6500,42.0119,42.2212,42.2045,42.0194,41.9100,41.8682,42.0278,30.2639,42.0734,36.0660,40.5659

3106.6500,42.0266,42.2370,42.2263,42.0385,41.9420,41.8648,42.0417,30.2727,42.0941,36.0687,40.5812

3107.6500,41.9847,42.2395,42.2260,42.0312,41.9173,41.8615,42.0405,30.2722,42.0797,36.0668,40.5716

3108.6500,42.0223,42.2439,42.2286,42.0096,41.9316,41.8302,42.0077,30.2707,42.0872,36.0505,40.5681

3109.6500,42.0125,42.2494,42.2419,42.0136,41.9292,41.8646,42.0378,30.2692,42.0893,36.0669,40.5773

3110.6510,42.0156,42.2371,42.2274,42.0353,41.9202,41.8481,42.0474,30.2789,42.0871,36.0635,40.5763

3111.6500,42.0140,42.2366,42.2329,42.0409,41.9201,41.8661,42.0260,30.2750,42.0889,36.0706,40.5765

3112.6500,42.0235,42.2545,42.2214,42.0257,41.9244,41.8709,42.0378,30.2832,42.0899,36.0771,40.5802

3113.6500,42.0370,42.2377,42.2107,42.0177,41.9421,41.8607,42.0470,30.2493,42.0890,36.0550,40.5753

3114.6500,42.0212,42.2517,42.2410,42.0215,41.9171,41.8636,42.0717,30.2733,42.0905,36.0685,40.5826

3115.6500,42.0555,42.2392,42.2318,42.0290,41.9346,41.8634,42.0541,30.2572,42.0980,36.0603,40.5831

3116.6500,42.0277,42.2353,42.2307,42.0335,41.9258,41.8588,42.0498,30.2714,42.0906,36.0651,40.5791

3117.6500,42.0233,42.2446,42.2362,42.0386,41.9192,41.8471,42.0293,30.2703,42.0924,36.0587,40.5761

3118.6500,42.0255,42.2530,42.2218,42.0363,41.9376,41.8428,42.0344,30.2800,42.0948,36.0614,40.5789

3119.6500,42.0135,42.2379,42.2276,42.0296,41.9191,41.8610,42.0630,30.2768,42.0855,36.0689,40.5786

3120.6500,42.0229,42.2482,42.2440,42.0259,41.9206,41.8722,42.0255,30.2492,42.0923,36.0607,40.5761

3121.6500,42.0069,42.2618,42.2269,42.0390,41.9245,41.8957,42.0325,30.2508,42.0918,36.0733,40.5798

3122.6500,41.9998,42.2294,42.2428,42.0359,41.9458,41.8561,42.0434,30.2540,42.0907,36.0550,40.5759

3123.6500,42.0148,42.2465,42.2275,42.0447,41.9315,41.8739,42.0303,30.2532,42.0930,36.0635,40.5778

3124.6500,42.0190,42.2308,42.2336,42.0290,41.9409,41.8758,42.0397,30.2359,42.0906,36.0558,40.5756

3125.6500,42.0289,42.2296,42.2245,42.0333,41.9527,41.8634,42.0450,30.2383,42.0938,36.0509,40.5770

3126.6500,42.0186,42.2752,42.2455,42.0288,41.9474,41.8595,42.0683,30.2782,42.1031,36.0689,40.5902

3127.6500,42.0172,42.2457,42.2224,42.0360,41.9177,41.8623,42.0313,30.2735,42.0878,36.0679,40.5758

3128.6500,42.0292,42.2556,42.2472,42.0352,41.9153,41.8771,42.0543,30.2508,42.0965,36.0640,40.5831

3129.6500,42.0206,42.2385,42.2440,42.0325,41.9280,41.8801,42.0427,30.2854,42.0927,36.0828,40.5840

3130.6500,42.0209,42.2612,42.2133,42.0370,41.9451,41.8758,42.0528,30.2509,42.0955,36.0634,40.5821

3131.6500,42.0248,42.2734,42.2339,42.0261,41.9396,41.8792,42.0419,30.2783,42.0996,36.0788,40.5872

3132.6510,42.0423,42.2426,42.2468,42.0501,41.9409,41.8456,42.0547,30.2551,42.1045,36.0503,40.5848

3133.6500,42.0205,42.2202,42.2592,42.0356,41.9381,41.8600,42.0658,30.2674,42.0947,36.0637,40.5834

3134.6500,42.0638,42.2689,42.2549,42.0285,41.9304,41.8615,42.0447,30.2887,42.1093,36.0751,40.5927

3135.6510,42.0411,42.2456,42.2424,42.0382,41.9151,41.8597,42.0336,30.2667,42.0965,36.0632,40.5803

3136.6500,42.0291,42.2783,42.2262,42.0402,41.9458,41.8575,42.0369,30.2879,42.1039,36.0727,40.5877

3137.6510,42.0349,42.2600,42.2493,42.0224,41.9233,41.8842,42.0275,30.2839,42.0980,36.0840,40.5857

3138.6500,42.0304,42.2580,42.2440,42.0352,41.9415,41.8485,42.0431,30.2614,42.1018,36.0550,40.5828

3139.6500,42.0102,42.2651,42.2391,42.0410,41.9339,41.8646,42.0550,30.2542,42.0979,36.0594,40.5829

3140.6510,42.0366,42.2629,42.2392,42.0449,41.9245,41.8631,42.0467,30.2635,42.1016,36.0633,40.5852

3141.6500,42.0495,42.2603,42.2394,42.0562,41.9369,41.9011,42.0473,30.2605,42.1084,36.0808,40.5939

3142.6500,42.0402,42.2443,42.2313,42.0699,41.9509,41.8709,42.0532,30.2535,42.1073,36.0622,40.5893

3143.6500,42.0455,42.2597,42.2434,42.0509,41.9478,41.8711,42.0634,30.2523,42.1094,36.0617,40.5917

3144.6510,42.0361,42.2796,42.2592,42.0397,41.9515,41.8841,42.0555,30.2692,42.1132,36.0766,40.5969

3145.6500,42.0458,42.2518,42.2378,42.0388,41.9556,41.8653,42.0583,30.2718,42.1060,36.0686,40.5907

3146.6500,42.0156,42.2481,42.2392,42.0398,41.9449,41.8770,42.0537,30.2597,42.0975,36.0684,40.5848

3147.6510,42.0326,42.2528,42.2398,42.0473,41.9540,41.8917,42.0556,30.2510,42.1053,36.0713,40.5906

3148.6500,42.0325,42.2717,42.2382,42.0541,41.9395,41.8976,42.0448,30.2669,42.1072,36.0823,40.5932

3149.6500,42.0404,42.2485,42.2517,42.0508,41.9436,41.8753,42.0401,30.2598,42.1070,36.0675,40.5888

3150.6500,42.0497,42.2402,42.2495,42.0505,41.9530,41.8725,42.0570,30.2561,42.1086,36.0643,40.5910

3151.6500,42.0126,42.2666,42.2484,42.0564,41.9545,41.8643,42.0601,30.2609,42.1077,36.0626,40.5905

3152.6500,42.0213,42.2650,42.2437,42.0437,41.9651,41.8762,42.0493,30.2612,42.1078,36.0687,40.5907

3153.6500,42.0426,42.2442,42.2386,42.0354,41.9440,41.8952,42.0289,30.2747,42.1010,36.0850,40.5880

3154.6500,42.0205,42.2688,42.2530,42.0349,41.9428,41.8749,42.0410,30.2759,42.1040,36.0754,40.5890

3155.6510,42.0176,42.2515,42.2380,42.0576,41.9371,41.8841,42.0552,30.2551,42.1004,36.0696,40.5870

3156.6510,42.0326,42.2496,42.2486,42.0538,41.9567,41.8972,42.0385,30.2848,42.1083,36.0910,40.5952

3157.6500,42.0409,42.2794,42.2333,42.0455,41.9335,41.8838,42.0534,30.2806,42.1065,36.0822,40.5938

3158.6500,42.0298,42.2716,42.2540,42.0549,41.9600,41.9024,42.0354,30.2721,42.1141,36.0872,40.5975

3159.6500,42.0511,42.2634,42.2582,42.0620,41.9539,41.8790,42.0499,30.2527,42.1177,36.0659,40.5963

3160.6500,42.0403,42.2846,42.2530,42.0507,41.9454,41.8859,42.0498,30.2672,42.1148,36.0766,40.5971

3161.6500,42.0727,42.2561,42.2357,42.0520,41.9565,41.8960,42.0604,30.2601,42.1146,36.0780,40.5987

3162.6500,42.0519,42.2588,42.2458,42.0603,41.9598,41.8724,42.0584,30.2935,42.1153,36.0829,40.6001

3163.6500,42.0454,42.2691,42.2594,42.0594,41.9598,41.8980,42.0627,30.2846,42.1186,36.0913,40.6048

3164.6500,42.0534,42.2742,42.2686,42.0561,41.9465,41.8851,42.0561,30.2659,42.1198,36.0755,40.6007

3165.6510,42.0665,42.2705,42.2650,42.0678,41.9573,41.8852,42.0636,30.2585,42.1254,36.0718,40.6043

3166.6500,42.0575,42.2646,42.2641,42.0470,41.9254,41.8943,42.0646,30.2931,42.1117,36.0937,40.6013

3167.6500,42.0486,42.2712,42.2573,42.0592,41.9561,41.8881,42.0462,30.2554,42.1185,36.0718,40.5978

3168.6500,42.0630,42.2614,42.2558,42.0712,41.9347,41.8682,42.0628,30.2710,42.1172,36.0696,40.5985

3169.6500,42.0430,42.2924,42.2426,42.0580,41.9593,41.8956,42.0622,30.2663,42.1191,36.0809,40.6024

3170.6500,42.0701,42.2719,42.2631,42.0422,41.9650,41.8892,42.0562,30.2781,42.1225,36.0836,40.6045

3171.6500,42.0451,42.2687,42.2646,42.0428,41.9632,41.8865,42.0442,30.2796,42.1169,36.0830,40.5993

3172.6500,42.0533,42.2697,42.2628,42.0605,41.9654,41.8910,42.0605,30.2564,42.1223,36.0737,40.6024

3173.6500,42.0548,42.2761,42.2584,42.0566,41.9665,41.8851,42.0556,30.2631,42.1225,36.0741,40.6020

3174.6500,42.0328,42.2761,42.2552,42.0561,41.9593,41.8788,42.0524,30.2789,42.1159,36.0789,40.5987

3175.6500,42.0495,42.2695,42.2667,42.0594,41.9696,41.8686,42.0621,30.2456,42.1229,36.0571,40.5989

3176.6500,42.0601,42.2790,42.2558,42.0600,41.9680,41.8852,42.0423,30.2694,42.1246,36.0773,40.6025

3177.6500,42.0418,42.2863,42.2477,42.0603,41.9902,41.8772,42.0589,30.2448,42.1253,36.0610,40.6009

3178.6500,42.0657,42.2708,42.2555,42.0621,41.9606,41.9062,42.0663,30.2595,42.1229,36.0828,40.6058

3179.6500,42.0805,42.2499,42.2564,42.0587,41.9735,41.9098,42.0718,30.2848,42.1238,36.0973,40.6107

3180.6500,42.0539,42.2646,42.2436,42.0595,41.9841,41.9009,42.0604,30.2847,42.1211,36.0928,40.6065

3181.6500,42.0571,42.2627,42.2669,42.0614,41.9571,41.8972,42.0721,30.2561,42.1211,36.0766,40.6038

3182.6500,42.0484,42.2653,42.2644,42.0691,41.9796,41.9075,42.0677,30.2914,42.1254,36.0995,40.6117

3183.6500,42.0391,42.2549,42.2577,42.0498,41.9792,41.8885,42.0791,30.2797,42.1161,36.0841,40.6035

3184.6500,42.0510,42.2973,42.2643,42.0494,41.9590,41.9241,42.0866,30.2786,42.1242,36.1013,40.6138

3185.6500,42.0697,42.2733,42.2830,42.0515,41.9711,41.9227,42.0673,30.2636,42.1297,36.0931,40.6128

3186.6500,42.0587,42.2844,42.2747,42.0724,41.9587,41.9080,42.0663,30.2740,42.1298,36.0910,40.6121

3187.6500,42.0756,42.2753,42.2488,42.0614,41.9686,41.8900,42.0763,30.2516,42.1259,36.0708,40.6059

3188.6500,42.0517,42.2727,42.2490,42.0476,41.9703,41.8861,42.0825,30.2604,42.1183,36.0733,40.6026

3189.6500,42.0801,42.2721,42.2782,42.0610,41.9555,41.8885,42.0936,30.2624,42.1294,36.0754,40.6114

3190.6500,42.0650,42.2980,42.2515,42.0702,41.9646,41.9046,42.0739,30.2870,42.1299,36.0958,40.6144

3191.6500,42.0557,42.2808,42.2859,42.0683,41.9590,41.8985,42.0538,30.2715,42.1299,36.0850,40.6092

3192.6500,42.0688,42.2826,42.2667,42.0556,41.9590,41.8707,42.0784,30.2782,42.1265,36.0744,40.6075

3193.6500,42.0668,42.2839,42.2565,42.0598,41.9570,41.8979,42.0970,30.2634,42.1248,36.0807,40.6103

3194.6500,42.0349,42.2797,42.2704,42.0816,41.9517,41.8801,42.0607,30.2665,42.1237,36.0733,40.6032

3195.6500,42.0735,42.2763,42.2804,42.0665,41.9703,41.9061,42.0865,30.2726,42.1334,36.0893,40.6165

3196.6500,42.0825,42.2815,42.2448,42.0816,41.9612,41.8835,42.0797,30.2817,42.1303,36.0826,40.6121

3197.6500,42.0527,42.2816,42.2662,42.0751,41.9713,41.8927,42.0854,30.2328,42.1294,36.0628,40.6072

3198.6500,42.0832,42.2679,42.2646,42.0954,41.9823,41.8842,42.0796,30.2547,42.1387,36.0694,40.6140

3199.6510,42.0526,42.3044,42.2816,42.0686,41.9750,41.8778,42.0817,30.2759,42.1364,36.0768,40.6147

3200.6500,42.0411,42.2915,42.2762,42.0577,41.9732,41.9020,42.0879,30.2455,42.1279,36.0737,40.6094

3201.6500,42.0607,42.2895,42.2700,42.0868,41.9812,41.9012,42.0803,30.2526,42.1376,36.0769,40.6153

3202.6500,42.0492,42.2767,42.2665,42.0758,41.9646,41.9088,42.0772,30.2744,42.1266,36.0916,40.6117

3203.6500,42.0504,42.2932,42.2927,42.0677,41.9685,41.9202,42.0793,30.2535,42.1345,36.0868,40.6157

3204.6510,42.0587,42.2766,42.2538,42.0738,41.9517,41.9252,42.0818,30.2458,42.1229,36.0855,40.6084

3205.6500,42.0526,42.2667,42.2588,42.0812,41.9721,41.9080,42.0979,30.2543,42.1263,36.0811,40.6115

3206.6500,42.0746,42.2735,42.2777,42.0792,41.9574,41.9332,42.0736,30.2573,42.1325,36.0952,40.6158

3207.6500,42.0731,42.2855,42.2729,42.0874,41.9768,41.8982,42.0804,30.2703,42.1391,36.0843,40.6181

3208.6510,42.0656,42.3012,42.2650,42.0664,41.9968,41.9140,42.0822,30.2665,42.1390,36.0903,40.6197

3209.6510,42.0505,42.2955,42.2615,42.0681,41.9566,41.8878,42.0746,30.2579,42.1264,36.0728,40.6066

3210.6500,42.0598,42.2835,42.2738,42.0761,41.9835,41.9147,42.0687,30.2559,42.1353,36.0853,40.6145

3211.6500,42.0502,42.2891,42.2919,42.0775,41.9846,41.9242,42.0924,30.2876,42.1387,36.1059,40.6247

3212.6500,42.0684,42.2893,42.2711,42.0647,41.9773,41.9061,42.0912,30.2680,42.1342,36.0870,40.6170

3213.6500,42.0517,42.2800,42.2730,42.0833,41.9861,41.9075,42.0833,30.2557,42.1348,36.0816,40.6151

3214.6500,42.0537,42.3037,42.2809,42.0856,41.9727,41.9104,42.0805,30.2502,42.1393,36.0803,40.6172

3215.6500,42.0656,42.2969,42.2616,42.0765,41.9861,41.8982,42.1058,30.2515,42.1374,36.0749,40.6178

3216.6500,42.0633,42.2966,42.2696,42.0539,41.9726,41.9084,42.0878,30.2609,42.1312,36.0846,40.6141

3217.6500,42.0798,42.2766,42.2900,42.0827,41.9807,41.9086,42.0813,30.2700,42.1419,36.0893,40.6212

3218.6500,42.0717,42.2876,42.2769,42.0900,41.9722,41.9029,42.0793,30.2928,42.1397,36.0978,40.6217

3219.6500,42.0786,42.3038,42.2661,42.0810,41.9959,41.9140,42.0801,30.2769,42.1451,36.0954,40.6246

3220.6500,42.0758,42.2952,42.2659,42.0850,41.9786,41.9158,42.0729,30.2979,42.1401,36.1069,40.6234

3221.6500,42.0707,42.2931,42.2726,42.0764,41.9675,41.9028,42.0946,30.2942,42.1361,36.0985,40.6215

3222.6500,42.0778,42.2886,42.2765,42.0766,41.9643,41.9071,42.0891,30.2825,42.1367,36.0948,40.6203

3223.6500,42.0809,42.2997,42.2792,42.1035,41.9772,41.9117,42.0825,30.2745,42.1481,36.0931,40.6262

3224.6500,42.0666,42.3048,42.2695,42.0965,41.9690,41.9141,42.1025,30.2765,42.1413,36.0953,40.6249

3225.6500,42.0880,42.2782,42.2889,42.0857,41.9620,41.9183,42.0801,30.2464,42.1406,36.0823,40.6185

3226.6500,42.0570,42.3035,42.2886,42.0771,41.9858,41.9319,42.0961,30.2695,42.1424,36.1007,40.6262

3227.6500,42.0891,42.2918,42.2807,42.0686,42.0208,41.9040,42.0858,30.2710,42.1502,36.0875,40.6265

3228.6500,42.0862,42.3143,42.2766,42.0809,41.9784,41.9151,42.0999,30.2657,42.1473,36.0904,40.6271

3229.6500,42.0841,42.3141,42.2769,42.0849,41.9944,41.9083,42.1044,30.2655,42.1509,36.0869,40.6291

3230.6500,42.0793,42.3029,42.2932,42.0849,41.9868,41.9180,42.0979,30.2757,42.1494,36.0968,40.6298

3231.6500,42.0707,42.2978,42.2806,42.0978,41.9875,41.9135,42.1002,30.2707,42.1469,36.0921,40.6273

3232.6500,42.0701,42.3030,42.2663,42.0780,41.9980,41.9134,42.0970,30.2644,42.1431,36.0889,40.6238

3233.6500,42.0684,42.2955,42.2974,42.1044,41.9736,41.9164,42.1030,30.2553,42.1479,36.0858,40.6267

3234.6500,42.0751,42.2932,42.2667,42.0696,41.9845,41.9296,42.0951,30.2644,42.1378,36.0970,40.6223

3235.6500,42.0847,42.3088,42.2688,42.0758,41.9907,41.9498,42.1112,30.2642,42.1458,36.1070,40.6317

3236.6500,42.0782,42.3145,42.2769,42.1048,42.0080,41.9192,42.1011,30.2623,42.1565,36.0907,40.6331

3237.6500,42.0485,42.3023,42.2823,42.0889,41.9941,41.9104,42.1075,30.2647,42.1432,36.0876,40.6248

3238.6500,42.0908,42.2938,42.2938,42.0761,42.0010,41.9299,42.0971,30.2717,42.1511,36.1008,40.6318

3239.6500,42.0882,42.3012,42.2733,42.0748,41.9994,41.9291,42.1157,30.2870,42.1474,36.1080,40.6336

3240.6500,42.0660,42.3003,42.2766,42.0985,41.9888,41.9418,42.1143,30.2720,42.1460,36.1069,40.6323

3241.6510,42.0835,42.3061,42.3005,42.0983,41.9826,41.9286,42.1057,30.2686,42.1542,36.0986,40.6342

3242.6500,42.0839,42.3068,42.3003,42.0850,41.9839,41.9267,42.0873,30.2662,42.1520,36.0964,40.6300

3243.6510,42.0881,42.3116,42.2930,42.0800,41.9863,41.9500,42.0921,30.2615,42.1518,36.1058,40.6328

3244.6500,42.0789,42.3044,42.2863,42.0687,41.9970,41.9226,42.0915,30.2705,42.1471,36.0966,40.6275

3245.6510,42.0887,42.3048,42.2928,42.1003,41.9655,41.9464,42.0919,30.2589,42.1504,36.1027,40.6312

3246.6510,42.0946,42.3099,42.2824,42.0857,41.9714,41.9258,42.1276,30.2606,42.1488,36.0932,40.6323

3247.6500,42.0839,42.3159,42.2852,42.0802,41.9955,41.9165,42.1095,30.2916,42.1521,36.1040,40.6348

3248.6500,42.0884,42.3048,42.2904,42.0812,41.9847,41.9229,42.0826,30.2736,42.1499,36.0982,40.6286

3249.6500,42.0940,42.3122,42.3001,42.0974,41.9935,41.9145,42.0960,30.2797,42.1595,36.0971,40.6359

3250.6510,42.0860,42.2953,42.2995,42.1107,41.9875,41.9210,42.0907,30.2829,42.1558,36.1019,40.6342

3251.6500,42.0851,42.3022,42.2822,42.0874,42.0084,41.8861,42.1130,30.2801,42.1531,36.0831,40.6306

3252.6500,42.0900,42.2981,42.2758,42.0861,41.9932,41.9077,42.0968,30.2991,42.1486,36.1034,40.6308

3253.6500,42.1001,42.3194,42.2873,42.1092,41.9797,41.9439,42.1027,30.2704,42.1591,36.1071,40.6391

3254.6500,42.0761,42.3136,42.2871,42.1053,42.0087,41.9241,42.0955,30.2818,42.1581,36.1030,40.6365

3255.6500,42.0945,42.3089,42.2908,42.0839,41.9815,41.9187,42.1127,30.2821,42.1519,36.1004,40.6341

3256.6500,42.0851,42.3280,42.2819,42.0801,41.9735,41.9382,42.1053,30.2590,42.1497,36.0986,40.6314

3257.6500,42.0853,42.3099,42.2815,42.0904,41.9769,41.9035,42.1118,30.2685,42.1488,36.0860,40.6285

3258.6500,42.0841,42.3080,42.2978,42.0997,41.9981,41.9302,42.1178,30.2598,42.1575,36.0950,40.6369

3259.6500,42.1046,42.3119,42.2878,42.0874,42.0176,41.9018,42.1111,30.2627,42.1619,36.0823,40.6356

3260.6500,42.1150,42.3170,42.3091,42.0970,41.9987,41.9057,42.1207,30.2548,42.1673,36.0803,40.6397

3261.6510,42.0855,42.3052,42.2903,42.0885,42.0032,41.9358,42.1052,30.2594,42.1545,36.0976,40.6341

3262.6500,42.1005,42.3331,42.2913,42.0932,42.0019,41.9261,42.1104,30.2599,42.1640,36.0930,40.6395

3263.6510,42.0883,42.3077,42.2887,42.0911,41.9832,41.9418,42.1078,30.2627,42.1518,36.1022,40.6339

3264.6510,42.0664,42.3173,42.2778,42.0960,42.0041,41.9376,42.1216,30.2593,42.1523,36.0985,40.6350

3265.6500,42.1003,42.3184,42.2873,42.0771,41.9827,41.9334,42.1236,30.2621,42.1531,36.0977,40.6356

3266.6500,42.0792,42.3177,42.2936,42.1011,42.0108,41.9132,42.0955,30.2440,42.1605,36.0786,40.6319

3267.6500,42.0962,42.3154,42.3099,42.1081,41.9994,41.9353,42.1025,30.2678,42.1658,36.1015,40.6418

3268.6510,42.0889,42.3166,42.2878,42.0986,41.9991,41.9322,42.1055,30.2604,42.1582,36.0963,40.6361

3269.6500,42.1043,42.2961,42.2919,42.0911,42.0043,41.9327,42.0920,30.2567,42.1575,36.0947,40.6336

3270.6510,42.0864,42.3127,42.3076,42.0807,42.0045,41.9510,42.1100,30.2621,42.1584,36.1066,40.6394

3271.6500,42.0914,42.3186,42.3023,42.1042,41.9998,41.9370,42.1019,30.2752,42.1632,36.1061,40.6413

3272.6500,42.1047,42.3087,42.2855,42.0976,41.9968,41.9521,42.1037,30.2590,42.1587,36.1055,40.6385

3273.6510,42.0792,42.3130,42.3013,42.0949,42.0276,41.9169,42.1237,30.2868,42.1632,36.1019,40.6429

3274.6510,42.0872,42.3313,42.3099,42.0891,42.0360,41.9505,42.1137,30.2911,42.1707,36.1208,40.6511

3275.6500,42.0699,42.3258,42.2910,42.1082,42.0113,41.9355,42.1036,30.3033,42.1612,36.1194,40.6436

3276.6500,42.0967,42.2951,42.2895,42.0951,42.0083,41.9562,42.1058,30.2608,42.1569,36.1085,40.6384

3277.6510,42.1089,42.3251,42.2837,42.1098,41.9810,41.9535,42.1089,30.2858,42.1617,36.1197,40.6446

3278.6500,42.0824,42.3247,42.3181,42.1015,42.0113,41.9392,42.0973,30.2619,42.1676,36.1006,40.6420

3279.6500,42.0700,42.3201,42.3099,42.1086,41.9905,41.9286,42.0998,30.2850,42.1598,36.1068,40.6391

3280.6500,42.0960,42.3142,42.3021,42.1035,41.9886,41.9440,42.1110,30.2672,42.1609,36.1056,40.6408

3281.6500,42.0874,42.3230,42.3016,42.0947,42.0009,41.9539,42.0872,30.2730,42.1615,36.1134,40.6402

3282.6500,42.1072,42.3202,42.3002,42.1016,42.0068,41.9282,42.0905,30.2601,42.1672,36.0941,40.6393

3283.6500,42.0898,42.3003,42.3217,42.0771,42.0136,41.9624,42.1320,30.2708,42.1605,36.1166,40.6460

3284.6500,42.1040,42.3207,42.3091,42.0943,42.0007,41.9519,42.1110,30.2700,42.1658,36.1110,40.6452

3285.6500,42.0950,42.3416,42.3026,42.0887,41.9876,41.9523,42.1185,30.2803,42.1631,36.1163,40.6458

3286.6500,42.0987,42.3237,42.2986,42.0913,41.9974,41.9234,42.1131,30.2549,42.1619,36.0891,40.6376

3287.6500,42.1102,42.3240,42.2975,42.0855,42.0097,41.9395,42.1125,30.2735,42.1654,36.1065,40.6441

3288.6500,42.0872,42.3218,42.3106,42.1116,41.9984,41.9212,42.1218,30.2747,42.1659,36.0980,40.6434

3289.6500,42.0899,42.3063,42.3035,42.0975,41.9889,41.9573,42.1184,30.2840,42.1572,36.1206,40.6432

3290.6500,42.1028,42.3189,42.2956,42.0943,42.0103,41.9512,42.0999,30.2750,42.1644,36.1131,40.6435

3291.6500,42.0949,42.3410,42.2754,42.1127,41.9953,41.9540,42.1067,30.2829,42.1639,36.1184,40.6454

3292.6500,42.0930,42.3187,42.3099,42.1072,41.9795,41.9525,42.1086,30.2763,42.1617,36.1144,40.6432

3293.6500,42.0961,42.3155,42.2927,42.0909,41.9961,41.9533,42.1249,30.2842,42.1583,36.1187,40.6442

3294.6500,42.0770,42.3111,42.3059,42.1167,41.9919,41.9621,42.1344,30.2902,42.1605,36.1262,40.6487

3295.6500,42.0962,42.3322,42.3126,42.1066,41.9828,41.9432,42.1048,30.2664,42.1661,36.1048,40.6431

3296.6500,42.0881,42.3130,42.2948,42.1177,41.9890,41.9272,42.1172,30.2601,42.1605,36.0936,40.6384

3297.6500,42.0972,42.3283,42.3055,42.1218,41.9888,41.9554,42.1321,30.2641,42.1683,36.1097,40.6491

3298.6500,42.1020,42.3273,42.3157,42.1051,42.0113,41.9276,42.1242,30.2586,42.1723,36.0931,40.6465

3299.6500,42.1029,42.3327,42.2923,42.1021,42.0052,41.9369,42.1123,30.2610,42.1670,36.0989,40.6432

3300.6510,42.1271,42.3248,42.3048,42.1021,41.9996,41.9508,42.1137,30.2647,42.1717,36.1077,40.6485

3301.6500,42.1150,42.3263,42.2984,42.0948,42.0257,41.9355,42.1115,30.2676,42.1721,36.1016,40.6469

3302.6500,42.0929,42.3244,42.3151,42.1142,42.0255,41.9450,42.1105,30.2532,42.1744,36.0991,40.6476

3303.6500,42.0939,42.3137,42.2970,42.0957,42.0014,41.9279,42.1161,30.2697,42.1604,36.0988,40.6394

3304.6500,42.1061,42.3162,42.3139,42.1158,42.0047,41.9266,42.1200,30.2698,42.1713,36.0982,40.6466

3305.6500,42.1077,42.3332,42.3262,42.0965,42.0208,41.9584,42.1207,30.2842,42.1769,36.1213,40.6560

3306.6500,42.1085,42.3377,42.3061,42.1015,42.0294,41.9373,42.1280,30.2793,42.1767,36.1083,40.6535

3307.6500,42.1020,42.3208,42.2841,42.1051,42.0257,41.9267,42.1135,30.2699,42.1676,36.0983,40.6435

3308.6510,42.1011,42.3353,42.3079,42.1103,41.9835,41.9458,42.1517,30.2620,42.1676,36.1039,40.6497

3309.6500,42.1137,42.3384,42.3008,42.0934,42.0226,41.9477,42.1343,30.2677,42.1738,36.1077,40.6523

3310.6500,42.1072,42.3131,42.3085,42.1020,42.0072,41.9597,42.1304,30.2695,42.1676,36.1146,40.6497

3311.6500,42.0878,42.3348,42.3088,42.1009,42.0092,41.9362,42.1302,30.2734,42.1683,36.1048,40.6477

3312.6500,42.1078,42.3520,42.2915,42.1046,42.0227,41.9464,42.1255,30.2833,42.1757,36.1149,40.6542

3313.6500,42.1122,42.3311,42.3079,42.1116,41.9955,41.9476,42.1279,30.2732,42.1717,36.1104,40.6509

3314.6500,42.0963,42.3350,42.3113,42.1146,42.0339,41.9405,42.1286,30.2613,42.1782,36.1009,40.6527

3315.6500,42.1032,42.3333,42.2896,42.1092,42.0241,41.9353,42.0995,30.2744,42.1719,36.1049,40.6461

3316.6500,42.1024,42.3372,42.3055,42.0954,42.0387,41.9401,42.1131,30.2571,42.1758,36.0986,40.6487

3317.6500,42.0956,42.3154,42.2968,42.1247,42.0147,41.9384,42.1247,30.2578,42.1694,36.0981,40.6460

3318.6510,42.1030,42.3143,42.3222,42.1013,42.0268,41.9496,42.1213,30.2780,42.1735,36.1138,40.6521

3319.6500,42.1019,42.3480,42.3136,42.1146,42.0294,41.9396,42.1216,30.2773,42.1815,36.1085,40.6558

3320.6510,42.1017,42.3136,42.3057,42.1304,41.9966,41.9515,42.1314,30.2616,42.1696,36.1066,40.6491

3321.6500,42.1129,42.3383,42.3025,42.1044,42.0036,41.9371,42.1221,30.2654,42.1723,36.1013,40.6483

3322.6500,42.1115,42.3194,42.3105,42.1106,42.0134,41.9669,42.1320,30.2979,42.1731,36.1324,40.6578

3323.6500,42.1218,42.3347,42.3277,42.1278,42.0199,41.9488,42.1292,30.2664,42.1864,36.1076,40.6595

3324.6510,42.1118,42.3176,42.2776,42.1265,42.0118,41.9606,42.1381,30.2774,42.1691,36.1190,40.6527

3325.6500,42.1250,42.3266,42.3140,42.1262,42.0288,41.9567,42.1094,30.2767,42.1841,36.1167,40.6579

3326.6500,42.1096,42.3324,42.2998,42.1078,42.0226,41.9520,42.1399,30.2663,42.1745,36.1091,40.6538

3327.6510,42.1074,42.3274,42.3111,42.1130,42.0367,41.9563,42.1242,30.2744,42.1791,36.1154,40.6563

3328.6500,42.1198,42.3382,42.3215,42.1160,41.9929,41.9668,42.1304,30.2907,42.1777,36.1288,40.6595

3329.6500,42.0959,42.3250,42.3013,42.1005,42.0392,41.9778,42.1372,30.2628,42.1724,36.1203,40.6550

3330.6500,42.1344,42.3506,42.3101,42.1130,42.0154,41.9591,42.1246,30.2726,42.1847,36.1159,40.6600

3331.6500,42.1113,42.3357,42.3059,42.0907,42.0290,41.9546,42.1274,30.2539,42.1745,36.1042,40.6511

3332.6500,42.1403,42.3302,42.3098,42.0959,42.0357,41.9506,42.1280,30.2894,42.1824,36.1200,40.6600

3333.6500,42.1313,42.3375,42.3073,42.1176,42.0216,41.9583,42.1287,30.2967,42.1831,36.1275,40.6624

3334.6500,42.1209,42.3470,42.3223,42.1187,42.0274,41.9614,42.1396,30.2834,42.1873,36.1224,40.6651

3335.6500,42.1241,42.3236,42.3106,42.1311,42.0246,41.9599,42.1334,30.2711,42.1828,36.1155,40.6598

3336.6500,42.0917,42.3568,42.3140,42.1197,42.0061,41.9517,42.1443,30.2741,42.1777,36.1129,40.6573

3337.6500,42.1217,42.3334,42.3115,42.1204,42.0231,41.9669,42.1372,30.2823,42.1820,36.1246,40.6621

3338.6500,42.1080,42.3422,42.3143,42.1325,42.0076,41.9657,42.1274,30.2817,42.1809,36.1237,40.6599

3339.6500,42.1032,42.3573,42.3182,42.1266,42.0144,41.9465,42.1266,30.2843,42.1839,36.1154,40.6596

3340.6510,42.1178,42.3165,42.3062,42.1095,42.0271,41.9625,42.1421,30.2770,42.1754,36.1197,40.6573

3341.6500,42.1304,42.3215,42.3127,42.1355,42.0201,41.9592,42.1141,30.2788,42.1840,36.1190,40.6590

3342.6510,42.1293,42.3289,42.3038,42.1118,42.0261,41.9637,42.1392,30.2599,42.1800,36.1118,40.6578

3343.6500,42.1136,42.3245,42.3203,42.1050,42.0271,41.9624,42.1450,30.2482,42.1781,36.1053,40.6558

3344.6500,42.1181,42.3368,42.3303,42.1057,42.0121,41.9679,42.1276,30.2632,42.1806,36.1156,40.6577

3345.6500,42.1164,42.3198,42.3026,42.1045,42.0243,41.9694,42.1305,30.2788,42.1735,36.1241,40.6558

3346.6500,42.1411,42.3351,42.2914,42.1198,42.0290,41.9672,42.1444,30.2422,42.1833,36.1047,40.6588

3347.6500,42.1300,42.3353,42.3302,42.1251,42.0249,41.9663,42.1140,30.2597,42.1891,36.1130,40.6607

3348.6500,42.1173,42.3235,42.3044,42.1156,42.0392,41.9462,42.1231,30.2680,42.1800,36.1071,40.6546

3349.6500,42.1301,42.3360,42.3244,42.1217,42.0147,41.9334,42.1300,30.2607,42.1854,36.0970,40.6564

3350.6500,42.1190,42.3514,42.3146,42.1156,42.0436,41.9594,42.1324,30.2621,42.1888,36.1108,40.6623

3351.6510,42.1179,42.3287,42.3273,42.1101,42.0142,41.9482,42.1445,30.2747,42.1797,36.1115,40.6582

3352.6500,42.0974,42.3070,42.3108,42.1048,42.0341,41.9541,42.1318,30.2789,42.1708,36.1165,40.6523

3353.6500,42.0941,42.3323,42.3318,42.1217,42.0239,41.9430,42.1324,30.2770,42.1808,36.1100,40.6570

3354.6500,42.1223,42.3386,42.2996,42.1154,42.0302,41.9703,42.1508,30.2651,42.1812,36.1177,40.6615

3355.6500,42.1056,42.3223,42.3218,42.1242,42.0460,41.9516,42.1484,30.2702,42.1840,36.1109,40.6613

3356.6500,42.1125,42.3495,42.3164,42.1277,42.0181,41.9479,42.1388,30.2585,42.1848,36.1032,40.6587

3357.6500,42.1114,42.3322,42.3331,42.1318,42.0319,41.9640,42.1425,30.2592,42.1881,36.1116,40.6633

3358.6500,42.0971,42.3572,42.3214,42.1308,42.0162,41.9679,42.1257,30.2518,42.1845,36.1098,40.6585

3359.6500,42.1032,42.3324,42.3240,42.1385,42.0312,41.9721,42.1352,30.2632,42.1859,36.1176,40.6625

3360.6510,42.1230,42.3542,42.3189,42.1157,42.0314,41.9537,42.1296,30.2517,42.1886,36.1027,40.6598

3361.6500,42.1295,42.3499,42.3266,42.1462,42.0328,41.9621,42.1435,30.2629,42.1970,36.1125,40.6692

3362.6500,42.1173,42.3407,42.3393,42.1333,42.0456,41.9619,42.1384,30.2515,42.1952,36.1067,40.6660

3363.6500,42.1197,42.3477,42.3235,42.1133,42.0662,41.9788,42.1445,30.2544,42.1941,36.1166,40.6685

3364.6500,42.1076,42.3549,42.3270,42.1350,42.0281,41.9695,42.1415,30.2643,42.1905,36.1169,40.6660

3365.6500,42.0905,42.3301,42.3153,42.1186,42.0347,41.9700,42.1567,30.2691,42.1778,36.1196,40.6606

3366.6510,42.1090,42.3371,42.3338,42.1400,42.0499,41.9723,42.1632,30.2568,42.1940,36.1145,40.6703

3367.6510,42.1066,42.3321,42.3023,42.1154,42.0564,41.9587,42.1470,30.2717,42.1825,36.1152,40.6613

3368.6500,42.1085,42.3394,42.3064,42.1283,42.0481,41.9635,42.1297,30.2591,42.1861,36.1113,40.6604

3369.6510,42.1102,42.3584,42.3230,42.1217,42.0596,41.9731,42.1454,30.2971,42.1946,36.1351,40.6736

3370.6500,42.1145,42.3583,42.3425,42.1212,42.0335,41.9666,42.1523,30.2567,42.1940,36.1116,40.6682

3371.6500,42.1102,42.3662,42.3401,42.1211,42.0414,41.9823,42.1397,30.2895,42.1958,36.1359,40.6738

3372.6500,42.1175,42.3488,42.3316,42.1215,42.0464,41.9789,42.1401,30.2607,42.1932,36.1198,40.6682

3373.6500,42.1088,42.3515,42.3227,42.1288,42.0414,41.9628,42.1437,30.2716,42.1906,36.1172,40.6664

3374.6510,42.1081,42.3584,42.3393,42.1361,42.0398,41.9770,42.1385,30.2874,42.1964,36.1322,40.6731

3375.6500,42.1321,42.3554,42.3545,42.1285,42.0047,41.9675,42.1290,30.2726,42.1950,36.1200,40.6680

3376.6500,42.1285,42.3500,42.3366,42.1380,42.0439,41.9797,42.1204,30.2779,42.1994,36.1288,40.6719

3377.6500,42.1246,42.3475,42.3368,42.1345,42.0456,41.9930,42.1345,30.2618,42.1978,36.1274,40.6723

3378.6500,42.1254,42.3669,42.3241,42.1205,42.0547,41.9770,42.1367,30.2663,42.1983,36.1216,40.6714

3379.6500,42.1297,42.3618,42.3385,42.1395,42.0344,41.9568,42.1358,30.2608,42.2008,36.1088,40.6697

3380.6500,42.1313,42.3358,42.3484,42.1345,42.0248,41.9783,42.1308,30.2652,42.1950,36.1218,40.6686

3381.6500,42.1521,42.3676,42.3388,42.1384,42.0354,41.9810,42.1384,30.2745,42.2065,36.1278,40.6783

3382.6500,42.0973,42.3277,42.3416,42.1403,42.0411,41.9792,42.1371,30.2680,42.1896,36.1236,40.6665

3383.6510,42.1380,42.3773,42.3499,42.1397,42.0199,41.9682,42.1356,30.2743,42.2050,36.1213,40.6754

3384.6500,42.1229,42.3456,42.3405,42.1531,42.0555,42.0044,42.1308,30.2822,42.2035,36.1433,40.6794

3385.6510,42.1416,42.3601,42.3201,42.1392,42.0603,41.9798,42.1476,30.2489,42.2042,36.1143,40.6747

3386.6500,42.1441,42.3610,42.3206,42.1327,42.0511,41.9814,42.1564,30.2740,42.2019,36.1277,40.6777

3387.6500,42.1466,42.3515,42.3469,42.1683,42.0327,41.9620,42.1451,30.2671,42.2092,36.1145,40.6775

3388.6500,42.1210,42.3537,42.3365,42.1301,42.0457,41.9769,42.1422,30.2417,42.1974,36.1093,40.6685

3389.6500,42.1267,42.3588,42.3620,42.1379,42.0616,41.9742,42.1514,30.2709,42.2094,36.1225,40.6805

3390.6500,42.1421,42.3692,42.3468,42.1427,42.0560,41.9747,42.1581,30.2606,42.2114,36.1176,40.6813

3391.6500,42.1580,42.3791,42.3331,42.1564,42.0441,42.0041,42.1592,30.2476,42.2141,36.1258,40.6852

3392.6500,42.1352,42.3590,42.3399,42.1325,42.0482,41.9701,42.1693,30.2710,42.2029,36.1205,40.6781

3393.6500,42.1363,42.3731,42.3331,42.1388,42.0554,41.9713,42.1332,30.2896,42.2074,36.1304,40.6789

3394.6500,42.1388,42.3772,42.3400,42.1600,42.0407,41.9816,42.1596,30.2606,42.2113,36.1211,40.6823

3395.6500,42.1408,42.3709,42.3504,42.1449,42.0338,41.9720,42.1445,30.2706,42.2082,36.1213,40.6785

3396.6500,42.1427,42.3545,42.3573,42.1467,42.0618,41.9813,42.1615,30.2579,42.2126,36.1196,40.6830

3397.6500,42.1518,42.3675,42.3419,42.1364,42.0462,41.9685,42.1471,30.2619,42.2087,36.1152,40.6777

3398.6500,42.1645,42.3681,42.3286,42.1398,42.0283,41.9999,42.1398,30.2767,42.2059,36.1383,40.6807

3399.6500,42.1368,42.3671,42.3262,42.1467,42.0405,41.9703,42.1542,30.2736,42.2035,36.1219,40.6769

3400.6500,42.1489,42.3353,42.3334,42.1539,42.0499,41.9904,42.1535,30.2652,42.2043,36.1278,40.6788

3401.6500,42.1698,42.3732,42.3383,42.1472,42.0633,41.9852,42.1616,30.2942,42.2183,36.1397,40.6916

3402.6500,42.1298,42.3536,42.3457,42.1430,42.0498,41.9824,42.1602,30.2571,42.2044,36.1197,40.6777

3403.6500,42.1391,42.3582,42.3521,42.1448,42.0451,41.9842,42.1745,30.2726,42.2078,36.1284,40.6838

3404.6500,42.1435,42.3686,42.3519,42.1454,42.0635,41.9789,42.1403,30.2569,42.2146,36.1179,40.6811

3405.6500,42.1673,42.3560,42.3676,42.1533,42.0409,41.9744,42.1495,30.2753,42.2170,36.1249,40.6855

3406.6500,42.1670,42.3806,42.3448,42.1277,42.0549,41.9833,42.1505,30.2736,42.2150,36.1284,40.6853

3407.6500,42.1719,42.3728,42.3565,42.1371,42.0431,41.9789,42.1352,30.2696,42.2163,36.1243,40.6831

3408.6500,42.1549,42.3677,42.3496,42.1543,42.0582,42.0047,42.1594,30.2755,42.2170,36.1401,40.6905

3409.6510,42.1345,42.3680,42.3638,42.1620,42.0489,41.9880,42.1406,30.2534,42.2154,36.1207,40.6824

3410.6500,42.1561,42.3828,42.3544,42.1461,42.0445,41.9976,42.1494,30.2701,42.2168,36.1338,40.6876

3411.6500,42.1665,42.3612,42.3463,42.1441,42.0675,41.9856,42.1627,30.2656,42.2171,36.1256,40.6874

3412.6500,42.1633,42.3842,42.3498,42.1550,42.0661,41.9931,42.1680,30.2576,42.2237,36.1254,40.6922

3413.6500,42.1420,42.3663,42.3566,42.1627,42.0355,41.9885,42.1581,30.2704,42.2126,36.1295,40.6850

3414.6500,42.1591,42.3706,42.3482,42.1460,42.0489,42.0043,42.1395,30.2506,42.2146,36.1274,40.6834

3415.6510,42.1401,42.3750,42.3509,42.1430,42.0513,41.9853,42.1821,30.2553,42.2121,36.1203,40.6854

3416.6500,42.1438,42.3512,42.3466,42.1480,42.0573,41.9982,42.1415,30.2900,42.2094,36.1441,40.6846

3417.6500,42.1352,42.3685,42.3416,42.1533,42.0720,41.9836,42.1468,30.2603,42.2141,36.1219,40.6827

3418.6500,42.1682,42.3857,42.3290,42.1625,42.0464,41.9934,42.1695,30.2729,42.2184,36.1332,40.6910

3419.6500,42.1469,42.3567,42.3400,42.1610,42.0363,41.9832,42.1698,30.2674,42.2082,36.1253,40.6827

3420.6500,42.1518,42.3757,42.3561,42.1688,42.0314,42.0040,42.1455,30.2714,42.2168,36.1377,40.6881

3421.6500,42.1520,42.3666,42.3540,42.1388,42.0669,41.9995,42.1857,30.2758,42.2156,36.1376,40.6924

3422.6510,42.1469,42.3631,42.3426,42.1622,42.0646,41.9879,42.1655,30.2730,42.2159,36.1305,40.6882

3423.6500,42.1211,42.3835,42.3361,42.1599,42.0491,41.9947,42.1789,30.2517,42.2099,36.1232,40.6844

3424.6500,42.1411,42.3597,42.3523,42.1491,42.0532,41.9974,42.1546,30.2610,42.2111,36.1292,40.6835

3425.6500,42.1407,42.3762,42.3567,42.1512,42.0403,42.0026,42.1475,30.2719,42.2130,36.1372,40.6859

3426.6500,42.1405,42.3631,42.3626,42.1581,42.0596,41.9935,42.1576,30.2994,42.2168,36.1465,40.6918

3427.6500,42.1511,42.3846,42.3386,42.1652,42.0520,41.9874,42.1768,30.2730,42.2183,36.1302,40.6911

3428.6500,42.1350,42.3678,42.3631,42.1725,42.0578,42.0080,42.1683,30.2751,42.2192,36.1415,40.6934

3429.6500,42.1462,42.3529,42.3571,42.1683,42.0439,41.9899,42.1730,30.2751,42.2137,36.1325,40.6883

3430.6510,42.1425,42.3593,42.3295,42.1803,42.0565,42.0039,42.1798,30.2507,42.2136,36.1273,40.6878

3431.6500,42.1576,42.3821,42.3435,42.1640,42.0614,42.0018,42.1798,30.2688,42.2217,36.1353,40.6949

3432.6500,42.1263,42.3756,42.3478,42.1427,42.0533,41.9896,42.1701,30.2653,42.2091,36.1275,40.6839

3433.6500,42.1323,42.3624,42.3471,42.1690,42.0723,41.9900,42.1658,30.2573,42.2166,36.1237,40.6870

3434.6500,42.1292,42.3671,42.3615,42.1662,42.0418,41.9943,42.1732,30.2711,42.2131,36.1327,40.6880

3435.6500,42.1498,42.3747,42.3599,42.1488,42.0754,41.9992,42.1669,30.2586,42.2217,36.1289,40.6917

3436.6510,42.1350,42.3921,42.3633,42.1680,42.0736,41.9927,42.1829,30.2572,42.2264,36.1250,40.6956

3437.6500,42.1472,42.3788,42.3509,42.1640,42.0910,41.9961,42.1742,30.2395,42.2264,36.1178,40.6927

3438.6500,42.1440,42.3671,42.3467,42.1481,42.0589,41.9989,42.1723,30.2583,42.2129,36.1286,40.6868

3439.6500,42.1303,42.3637,42.3526,42.1620,42.0773,42.0029,42.1806,30.2482,42.2172,36.1255,40.6897

3440.6500,42.1574,42.3924,42.3501,42.1590,42.0569,41.9900,42.1813,30.2591,42.2231,36.1245,40.6933

3441.6500,42.1513,42.3638,42.3647,42.1541,42.0806,41.9941,42.1801,30.2417,42.2229,36.1179,40.6913

3442.6500,42.1568,42.3766,42.3478,42.1599,42.0619,41.9866,42.1344,30.2233,42.2206,36.1049,40.6809

3443.6500,42.1538,42.3965,42.3533,42.1469,42.0752,41.9687,42.1710,30.2551,42.2251,36.1119,40.6901

3444.6500,42.1398,42.3718,42.3649,42.1663,42.0556,41.9849,42.1817,30.2531,42.2197,36.1190,40.6898

3445.6500,42.1272,42.3737,42.3649,42.1682,42.0700,41.9822,42.1557,30.2588,42.2208,36.1205,40.6876

3446.6500,42.1597,42.3934,42.3586,42.1642,42.0718,41.9988,42.1610,30.2572,42.2295,36.1280,40.6956

3447.6500,42.1569,42.3880,42.3564,42.1695,42.0546,41.9835,42.1709,30.2502,42.2251,36.1169,40.6913

3448.6500,42.1609,42.3792,42.3597,42.1835,42.0395,42.0037,42.1686,30.2377,42.2245,36.1207,40.6916

3449.6510,42.1400,42.3652,42.3559,42.1476,42.0656,41.9801,42.1601,30.2675,42.2149,36.1238,40.6853

3450.6500,42.1486,42.3621,42.3737,42.1454,42.0714,42.0026,42.1761,30.2484,42.2203,36.1255,40.6910

3451.6500,42.1530,42.3743,42.3543,42.1483,42.0772,41.9931,42.1795,30.2613,42.2215,36.1272,40.6926

3452.6500,42.1677,42.3784,42.3547,42.1859,42.0617,42.0064,42.1660,30.2518,42.2297,36.1291,40.6966

3453.6500,42.1548,42.3694,42.3527,42.1630,42.0628,41.9846,42.1714,30.2646,42.2205,36.1246,40.6904

3454.6500,42.1732,42.3773,42.3675,42.1634,42.0718,42.0049,42.1829,30.2498,42.2306,36.1273,40.6988

3455.6500,42.1608,42.3747,42.3626,42.1673,42.0543,41.9883,42.1975,30.2673,42.2239,36.1278,40.6966

3456.6500,42.1587,42.3808,42.3673,42.1497,42.0638,41.9894,42.1925,30.2600,42.2241,36.1247,40.6953

3457.6500,42.1532,42.3838,42.3717,42.1592,42.0602,41.9770,42.1671,30.2639,42.2256,36.1204,40.6920

3458.6500,42.1647,42.3884,42.3521,42.1722,42.0652,41.9931,42.1982,30.2581,42.2285,36.1256,40.6990

3459.6500,42.1716,42.3784,42.3696,42.1720,42.0623,42.0055,42.1766,30.2608,42.2308,36.1332,40.6996

3460.6500,42.1286,42.3856,42.3674,42.1735,42.0770,41.9937,42.1814,30.2700,42.2264,36.1319,40.6972

3461.6500,42.1610,42.3827,42.3846,42.1554,42.0722,41.9750,42.1898,30.2435,42.2312,36.1093,40.6955

3462.6500,42.1643,42.3781,42.3479,42.1643,42.0397,42.0076,42.1605,30.2680,42.2189,36.1378,40.6913

3463.6510,42.1624,42.3870,42.3731,42.1680,42.0666,42.0182,42.1792,30.2910,42.2314,36.1546,40.7057

3464.6510,42.1628,42.3894,42.3625,42.1491,42.0488,42.0000,42.1853,30.2825,42.2225,36.1412,40.6976

3465.6500,42.1726,42.3685,42.3681,42.1574,42.0675,41.9856,42.1686,30.2693,42.2268,36.1275,40.6947

3466.6500,42.1567,42.3759,42.3638,42.1569,42.0512,42.0084,42.1779,30.2829,42.2209,36.1457,40.6967

3467.6510,42.1484,42.3778,42.3619,42.1653,42.0763,41.9851,42.1978,30.2707,42.2259,36.1279,40.6979

3468.6500,42.1708,42.3831,42.3528,42.1608,42.0839,41.9918,42.1831,30.2633,42.2303,36.1276,40.6987

3469.6500,42.1545,42.3773,42.3726,42.1620,42.0625,42.0039,42.1666,30.2610,42.2258,36.1324,40.6950

3470.6500,42.1747,42.3731,42.3731,42.1592,42.0519,42.0236,42.1638,30.2508,42.2264,36.1372,40.6963

3471.6500,42.1402,42.3647,42.3670,42.1853,42.0788,42.0100,42.1806,30.2756,42.2272,36.1428,40.7003

3472.6510,42.1628,42.3712,42.3684,42.1648,42.0428,42.0047,42.1824,30.2824,42.2220,36.1435,40.6974

3473.6500,42.1445,42.3723,42.3709,42.1621,42.0608,42.0143,42.1863,30.2480,42.2221,36.1312,40.6949

3474.6500,42.1636,42.4002,42.3565,42.1737,42.0683,42.0046,42.1891,30.2664,42.2324,36.1355,40.7028

3475.6500,42.1596,42.3926,42.3582,42.1546,42.0694,42.0034,42.1769,30.2482,42.2269,36.1258,40.6954

3476.6500,42.1514,42.3992,42.3481,42.1607,42.0737,42.0174,42.1867,30.2719,42.2266,36.1446,40.7011

3477.6500,42.1694,42.3814,42.3745,42.1443,42.0685,41.9917,42.1852,30.2637,42.2276,36.1277,40.6974

3478.6510,42.1370,42.3868,42.3644,42.1692,42.0914,42.0007,42.1752,30.2761,42.2297,36.1384,40.7001

3479.6500,42.1587,42.3584,42.3635,42.1627,42.0736,42.0089,42.1831,30.2788,42.2234,36.1439,40.6985

3480.6510,42.1657,42.3838,42.3550,42.1700,42.0518,42.0216,42.1988,30.2403,42.2253,36.1310,40.6984

3481.6500,42.1474,42.3997,42.3662,42.1672,42.0799,42.0148,42.1821,30.2645,42.2321,36.1397,40.7027

3482.6500,42.1597,42.3743,42.3548,42.1633,42.0653,42.0239,42.1688,30.2559,42.2235,36.1399,40.6958

3483.6500,42.1629,42.3861,42.3777,42.1815,42.0959,42.0113,42.1922,30.2530,42.2408,36.1321,40.7076

3484.6500,42.1650,42.3893,42.3712,42.1587,42.0767,42.0041,42.1968,30.2551,42.2322,36.1296,40.7021

3485.6500,42.1700,42.3679,42.3470,42.1703,42.0756,42.0096,42.1917,30.2578,42.2261,36.1337,40.6987

3486.6500,42.1701,42.3767,42.3744,42.1619,42.0469,42.0046,42.1629,30.2551,42.2260,36.1298,40.6941

3487.6510,42.1646,42.3814,42.3581,42.1801,42.0716,42.0098,42.1977,30.2693,42.2312,36.1396,40.7041

3488.6500,42.1637,42.3770,42.3593,42.1562,42.0693,41.9963,42.1938,30.2693,42.2251,36.1328,40.6981

3489.6510,42.1675,42.3779,42.3607,42.1635,42.0750,42.0131,42.1826,30.2562,42.2289,36.1347,40.6996

3490.6500,42.1601,42.3692,42.3603,42.1716,42.0806,41.9852,42.1827,30.2689,42.2283,36.1271,40.6973

3491.6500,42.1819,42.4017,42.3738,42.1655,42.0745,41.9894,42.1962,30.2351,42.2395,36.1122,40.7023

3492.6500,42.1751,42.3927,42.3746,42.1593,42.0807,41.9901,42.1816,30.2437,42.2365,36.1169,40.6997

3493.6500,42.1782,42.3745,42.3373,42.1541,42.0764,42.0103,42.1764,30.2685,42.2241,36.1394,40.6970

3494.6500,42.1744,42.3643,42.3578,42.1695,42.0772,42.0009,42.1895,30.2655,42.2287,36.1332,40.6999

3495.6500,42.1859,42.3849,42.3589,42.1520,42.0720,42.0115,42.1799,30.2621,42.2307,36.1368,40.7009

3496.6500,42.1682,42.3758,42.3698,42.1889,42.0761,42.0082,42.1950,30.2616,42.2358,36.1349,40.7055

3497.6500,42.1778,42.3899,42.3695,42.1719,42.0485,41.9834,42.1686,30.2530,42.2315,36.1182,40.6953

3498.6500,42.1421,42.3890,42.3629,42.1788,42.0463,42.0119,42.1905,30.2682,42.2238,36.1400,40.6987

3499.6500,42.1622,42.3879,42.3698,42.1698,42.0520,42.0172,42.2005,30.2890,42.2284,36.1531,40.7061

3500.6500,42.1754,42.3851,42.3740,42.1754,42.0503,42.0014,42.1843,30.2689,42.2320,36.1351,40.7018

3501.6500,42.1703,42.3836,42.3608,42.1702,42.0712,42.0117,42.2018,30.2849,42.2312,36.1483,40.7068

3502.6500,42.1727,42.3903,42.3606,42.1830,42.0685,42.0118,42.2006,30.2713,42.2350,36.1415,40.7074

3503.6500,42.1679,42.3934,42.3572,42.1656,42.0731,42.0033,42.1759,30.2924,42.2315,36.1479,40.7036

3504.6500,42.1533,42.3918,42.3541,42.1728,42.0607,41.9938,42.1798,30.2780,42.2265,36.1359,40.6980

3505.6500,42.1849,42.3735,42.3712,42.1694,42.0673,42.0082,42.1959,30.2639,42.2333,36.1361,40.7043

3506.6510,42.1709,42.3880,42.3703,42.1560,42.0858,42.0091,42.1806,30.2648,42.2342,36.1370,40.7032

3507.6500,42.1551,42.3918,42.3649,42.1724,42.0863,42.0054,42.2017,30.2696,42.2341,36.1375,40.7059

3508.6500,42.1602,42.3856,42.3684,42.1522,42.0593,42.0323,42.1991,30.2638,42.2251,36.1481,40.7026

3509.6500,42.1621,42.3941,42.3783,42.1704,42.0742,42.0291,42.1816,30.2823,42.2358,36.1557,40.7090

3510.6500,42.1640,42.3990,42.3558,42.1787,42.0668,42.0143,42.1912,30.2804,42.2329,36.1473,40.7063

3511.6500,42.1571,42.3890,42.3644,42.1742,42.0595,42.0283,42.1677,30.2646,42.2289,36.1464,40.7006

3512.6500,42.1554,42.3895,42.3620,42.1672,42.0884,42.0196,42.1975,30.2618,42.2325,36.1407,40.7052

3513.6500,42.1625,42.3835,42.3737,42.1589,42.0718,42.0221,42.1673,30.2714,42.2301,36.1467,40.7014

3514.6500,42.1781,42.3638,42.3698,42.1564,42.0683,42.0181,42.1908,30.2674,42.2273,36.1427,40.7016

3515.6500,42.1626,42.3846,42.3781,42.1745,42.0775,42.0152,42.1898,30.2649,42.2355,36.1401,40.7059

3516.6500,42.1593,42.3997,42.3927,42.1663,42.1053,42.0007,42.1872,30.2705,42.2447,36.1356,40.7102

3517.6500,42.1536,42.3765,42.3821,42.1961,42.0843,42.0174,42.1957,30.2784,42.2385,36.1479,40.7105

3518.6500,42.1668,42.3813,42.3720,42.1646,42.0571,41.9925,42.2107,30.2748,42.2284,36.1336,40.7025

3519.6510,42.1715,42.3989,42.3385,42.1548,42.0902,42.0288,42.1976,30.2702,42.2308,36.1495,40.7063

3520.6500,42.1636,42.3670,42.3544,42.1736,42.1064,42.0176,42.2033,30.2499,42.2330,36.1338,40.7045

3521.6500,42.1639,42.3979,42.3617,42.1803,42.0751,42.0054,42.1827,30.2677,42.2358,36.1365,40.7043

3522.6500,42.1720,42.3807,42.3723,42.1687,42.0794,41.9999,42.1975,30.2687,42.2346,36.1343,40.7049

3523.6510,42.1543,42.3890,42.3723,42.1687,42.0817,42.0176,42.2003,30.2490,42.2332,36.1333,40.7041

3524.6500,42.1719,42.3897,42.3571,42.1795,42.0808,42.0408,42.1883,30.2438,42.2358,36.1423,40.7065

3525.6500,42.1738,42.3826,42.3836,42.1781,42.0734,42.0208,42.1883,30.2682,42.2383,36.1445,40.7086

3526.6500,42.1788,42.3814,42.3740,42.1834,42.0723,42.0123,42.1834,30.2794,42.2380,36.1458,40.7081

3527.6500,42.1635,42.3745,42.3662,42.1690,42.0900,42.0240,42.1904,30.2752,42.2326,36.1496,40.7066

3528.6500,42.1816,42.3938,42.3697,42.1939,42.0654,42.0249,42.2013,30.2677,42.2409,36.1463,40.7123

3529.6510,42.1653,42.3884,42.3707,42.1666,42.0848,42.0248,42.1982,30.2751,42.2351,36.1500,40.7092

3530.6500,42.1582,42.3905,42.3757,42.1999,42.0638,42.0280,42.1548,30.2478,42.2376,36.1379,40.7023

3531.6500,42.1715,42.3754,42.3889,42.1657,42.0878,42.0176,42.1968,30.2621,42.2378,36.1398,40.7082

3532.6500,42.1661,42.3898,42.3847,42.1731,42.0592,42.0155,42.2196,30.2642,42.2346,36.1399,40.7090

3533.6500,42.1913,42.3974,42.3765,42.1626,42.0648,42.0290,42.1975,30.2605,42.2385,36.1447,40.7099

3534.6500,42.1635,42.3997,42.3644,42.1840,42.0738,42.0133,42.2049,30.2452,42.2371,36.1293,40.7061

3535.6500,42.1770,42.4182,42.3559,42.1597,42.0956,42.0235,42.1755,30.2710,42.2413,36.1473,40.7096

3536.6500,42.1752,42.4141,42.3727,42.1835,42.0961,42.0292,42.1928,30.2748,42.2483,36.1520,40.7173

3537.6510,42.1578,42.4005,42.3838,42.1741,42.0829,42.0131,42.1927,30.2600,42.2398,36.1366,40.7081

3538.6500,42.1571,42.3892,42.3846,42.1907,42.0818,41.9999,42.1767,30.2683,42.2407,36.1341,40.7060

3539.6500,42.1762,42.4118,42.3546,42.1658,42.0711,42.0116,42.2016,30.2815,42.2359,36.1465,40.7093

3540.6500,42.1684,42.4115,42.3845,42.1916,42.0847,42.0145,42.2023,30.2759,42.2481,36.1452,40.7167

3541.6500,42.1662,42.3944,42.3614,42.1763,42.0755,42.0108,42.1917,30.2558,42.2347,36.1333,40.7040

3542.6500,42.1640,42.4047,42.3708,42.1718,42.0928,42.0300,42.1960,30.2663,42.2408,36.1482,40.7121

3543.6500,42.1807,42.3892,42.3701,42.1725,42.0807,42.0119,42.1878,30.2747,42.2386,36.1433,40.7085

3544.6500,42.1484,42.3922,42.3726,42.1597,42.0800,42.0145,42.1969,30.2707,42.2306,36.1426,40.7044

3545.6500,42.1830,42.3942,42.3900,42.1598,42.0784,42.0189,42.2031,30.2822,42.2411,36.1505,40.7137

3546.6510,42.1646,42.4144,42.3763,42.1689,42.0832,42.0381,42.1977,30.2734,42.2415,36.1558,40.7146

3547.6500,42.1681,42.4054,42.3580,42.1869,42.0956,42.0053,42.2069,30.2803,42.2428,36.1428,40.7133

3548.6510,42.1609,42.4008,42.3636,42.1776,42.0814,42.0158,42.1958,30.2702,42.2369,36.1430,40.7083

3549.6500,42.1628,42.3764,42.3653,42.2002,42.0809,42.0158,42.2026,30.2834,42.2371,36.1496,40.7109

3550.6500,42.1770,42.4063,42.3719,42.1781,42.0710,42.0240,42.1985,30.2583,42.2409,36.1412,40.7107

3551.6510,42.1761,42.3905,42.3673,42.1734,42.0924,41.9989,42.1897,30.2720,42.2400,36.1355,40.7075

3552.6500,42.1663,42.4014,42.3680,42.1680,42.0840,42.0063,42.1992,30.2521,42.2375,36.1292,40.7057

3553.6500,42.1811,42.3909,42.3871,42.1658,42.0779,42.0202,42.1858,30.2808,42.2406,36.1505,40.7112

3554.6500,42.1763,42.3756,42.3560,42.1859,42.0671,42.0015,42.2128,30.2783,42.2322,36.1399,40.7067

3555.6510,42.1721,42.4084,42.3684,42.1834,42.0735,42.0284,42.2020,30.2825,42.2412,36.1554,40.7148

3556.6500,42.1893,42.4143,42.3761,42.1855,42.0819,42.0270,42.2116,30.2618,42.2494,36.1444,40.7184

3557.6500,42.1753,42.3851,42.3772,42.1815,42.0865,42.0232,42.2024,30.2744,42.2411,36.1488,40.7132

3558.6500,42.1978,42.3947,42.3695,42.1757,42.0904,42.0244,42.2319,30.2836,42.2456,36.1540,40.7210

3559.6500,42.1703,42.4051,42.3768,42.1843,42.0945,42.0015,42.2001,30.2638,42.2462,36.1327,40.7120

3560.6500,42.2079,42.3899,42.3685,42.1798,42.0870,42.0405,42.2025,30.2703,42.2466,36.1554,40.7183

3561.6500,42.1833,42.4098,42.3916,42.1857,42.0824,42.0248,42.2015,30.2708,42.2506,36.1478,40.7187

3562.6500,42.1921,42.4080,42.3894,42.2034,42.0907,42.0019,42.2076,30.2707,42.2567,36.1363,40.7205

3563.6500,42.1951,42.3936,42.3904,42.1774,42.0630,42.0309,42.1965,30.2582,42.2439,36.1446,40.7131

3564.6500,42.1993,42.3965,42.3993,42.2105,42.0765,42.0305,42.2049,30.2944,42.2564,36.1625,40.7265

3565.6500,42.1927,42.4055,42.3966,42.1748,42.0741,41.9960,42.1967,30.2822,42.2487,36.1391,40.7148

3566.6510,42.1857,42.4133,42.3910,42.1902,42.0703,42.0001,42.2027,30.2642,42.2501,36.1322,40.7147

3567.6500,42.1957,42.3897,42.3962,42.1712,42.0887,42.0157,42.1838,30.2635,42.2483,36.1396,40.7131

3568.6500,42.1922,42.3978,42.4015,42.1723,42.0922,42.0280,42.2156,30.2426,42.2512,36.1353,40.7178

3569.6500,42.1886,42.3892,42.3878,42.1804,42.0891,42.0249,42.1865,30.2766,42.2470,36.1507,40.7154

3570.6500,42.2077,42.3952,42.3919,42.1776,42.0900,42.0124,42.1976,30.2761,42.2525,36.1443,40.7186

3571.6500,42.1809,42.4097,42.3749,42.1815,42.0865,42.0312,42.1968,30.2848,42.2467,36.1580,40.7183

3572.6500,42.1901,42.4106,42.3780,42.1953,42.0744,42.0162,42.2023,30.2589,42.2497,36.1376,40.7157

3573.6500,42.1738,42.4019,42.3917,42.1885,42.0748,42.0152,42.2173,30.2476,42.2461,36.1314,40.7139

3574.6500,42.1911,42.3976,42.3901,42.1911,42.0976,42.0162,42.2014,30.2791,42.2535,36.1477,40.7205

3575.6500,42.1851,42.3988,42.3733,42.1878,42.1121,42.0391,42.2105,30.2764,42.2514,36.1578,40.7229

3576.6500,42.1734,42.4089,42.3815,42.1997,42.1004,42.0116,42.2183,30.2772,42.2528,36.1444,40.7214

3577.6500,42.1895,42.4206,42.3899,42.1886,42.1151,42.0151,42.1942,30.2705,42.2608,36.1428,40.7230

3578.6500,42.1885,42.3907,42.3861,42.1899,42.0941,42.0220,42.1912,30.2751,42.2498,36.1485,40.7172

3579.6500,42.1828,42.4213,42.3836,42.1930,42.0935,42.0237,42.2037,30.2843,42.2548,36.1540,40.7232

3580.6500,42.1786,42.4103,42.3992,42.1844,42.0935,42.0205,42.2118,30.2608,42.2532,36.1407,40.7199

3581.6510,42.1559,42.4085,42.3858,42.1742,42.1057,42.0234,42.2119,30.2567,42.2460,36.1400,40.7152

3582.6500,42.1757,42.4147,42.3919,42.1869,42.1125,42.0158,42.2045,30.2810,42.2563,36.1484,40.7229

3583.6510,42.1852,42.4217,42.3934,42.1883,42.1015,42.0406,42.1972,30.2736,42.2580,36.1571,40.7252

3584.6500,42.1802,42.4135,42.3921,42.1796,42.0975,42.0165,42.2238,30.2738,42.2526,36.1452,40.7221

3585.6500,42.1791,42.4234,42.3867,42.1882,42.1001,42.0238,42.2212,30.2867,42.2555,36.1553,40.7262

3586.6500,42.1804,42.4214,42.3823,42.1722,42.1014,42.0200,42.2010,30.2754,42.2515,36.1477,40.7193

3587.6500,42.1860,42.4358,42.4042,42.2094,42.0916,42.0260,42.2173,30.2805,42.2654,36.1533,40.7314

3588.6500,42.1893,42.4205,42.3964,42.1899,42.1028,42.0154,42.2183,30.2637,42.2598,36.1395,40.7245

3589.6500,42.1956,42.4183,42.4001,42.1886,42.1082,42.0445,42.1909,30.2536,42.2622,36.1491,40.7250

3590.6500,42.1925,42.4179,42.3896,42.2092,42.1172,42.0130,42.2106,30.2617,42.2653,36.1374,40.7265

3591.6500,42.1971,42.3940,42.3838,42.1922,42.1041,42.0321,42.2062,30.2754,42.2543,36.1537,40.7231

3592.6500,42.1927,42.4082,42.4054,42.1795,42.0941,42.0253,42.2055,30.2850,42.2560,36.1551,40.7245

3593.6500,42.1776,42.4074,42.4070,42.1922,42.1060,42.0390,42.2066,30.2721,42.2580,36.1555,40.7260

3594.6500,42.1650,42.4245,42.3910,42.1929,42.0999,42.0287,42.2129,30.2654,42.2547,36.1471,40.7225

3595.6500,42.1946,42.4209,42.3963,42.1945,42.1053,42.0253,42.2238,30.2892,42.2623,36.1573,40.7312

3596.6500,42.1884,42.4249,42.3979,42.1873,42.1019,42.0424,42.2147,30.2793,42.2601,36.1608,40.7296

3597.6500,42.1965,42.4279,42.3875,42.1927,42.0998,42.0286,42.2131,30.2808,42.2609,36.1547,40.7284

3598.6500,42.1970,42.4292,42.4000,42.1977,42.0914,42.0315,42.2214,30.2799,42.2631,36.1557,40.7310

3599.6500,42.1846,42.4050,42.4013,42.1832,42.0898,42.0577,42.2042,30.2947,42.2528,36.1762,40.7276

3600.6500,42.1751,42.4151,42.4007,42.2063,42.0881,42.0426,42.2249,30.2747,42.2571,36.1586,40.7284

3601.6500,42.1867,42.4272,42.3960,42.2045,42.1081,42.0500,42.2059,30.2817,42.2645,36.1658,40.7325

3602.6500,42.1869,42.4416,42.3900,42.1961,42.0823,42.0488,42.2309,30.2838,42.2593,36.1663,40.7325

3603.6500,42.1974,42.4175,42.4072,42.1971,42.1054,42.0347,42.2241,30.2714,42.2649,36.1531,40.7318

3604.6510,42.1992,42.3990,42.4172,42.2112,42.0979,42.0649,42.2131,30.2662,42.2649,36.1655,40.7336

3605.6500,42.1952,42.4054,42.4003,42.2194,42.1073,42.0390,42.2087,30.3012,42.2655,36.1701,40.7346

3606.6500,42.2108,42.4256,42.3968,42.2225,42.1109,42.0439,42.2150,30.2817,42.2733,36.1628,40.7384

3607.6500,42.1984,42.4277,42.3849,42.1878,42.0780,42.0496,42.2087,30.2644,42.2554,36.1570,40.7250

3608.6500,42.1772,42.4144,42.3925,42.2010,42.1069,42.0451,42.2205,30.2556,42.2584,36.1504,40.7266

3609.6500,42.2110,42.4152,42.3924,42.2069,42.1054,42.0203,42.2330,30.2522,42.2662,36.1363,40.7296

3610.6500,42.2066,42.4112,42.3987,42.2011,42.0936,42.0345,42.1997,30.2718,42.2622,36.1532,40.7272

3611.6500,42.1947,42.4192,42.3950,42.2030,42.1054,42.0227,42.2230,30.2884,42.2635,36.1555,40.7314

3612.6500,42.1912,42.4275,42.4070,42.1852,42.1173,42.0275,42.2285,30.2656,42.2656,36.1466,40.7312

3613.6500,42.1981,42.4193,42.3812,42.1957,42.1000,42.0325,42.2134,30.2697,42.2589,36.1511,40.7263

3614.6500,42.1951,42.4198,42.3900,42.2059,42.1202,42.0500,42.2320,30.2911,42.2662,36.1706,40.7380

3615.6500,42.2040,42.4120,42.3827,42.2167,42.1119,42.0338,42.2227,30.2983,42.2654,36.1660,40.7353

3616.6510,42.2046,42.3987,42.4061,42.1834,42.0879,42.0502,42.2224,30.2754,42.2561,36.1628,40.7286

3617.6510,42.1973,42.4069,42.3957,42.2093,42.0927,42.0192,42.2148,30.2680,42.2604,36.1436,40.7255

3618.6500,42.1895,42.4265,42.3977,42.1931,42.1099,42.0453,42.2382,30.2723,42.2633,36.1588,40.7341

3619.6510,42.1949,42.4008,42.3906,42.1939,42.0875,42.0247,42.2376,30.2952,42.2535,36.1599,40.7281

3620.6500,42.2102,42.4064,42.3980,42.1920,42.0963,42.0470,42.2204,30.2702,42.2606,36.1586,40.7300

3621.6510,42.2391,42.4243,42.4062,42.2160,42.0857,42.0438,42.2202,30.2966,42.2743,36.1702,40.7415

3622.6500,42.1886,42.4191,42.4061,42.2062,42.1054,42.0468,42.2299,30.2677,42.2651,36.1573,40.7337

3623.6500,42.2063,42.4303,42.3894,42.2113,42.0961,42.0440,42.2178,30.2728,42.2667,36.1584,40.7335

3624.6500,42.2156,42.4015,42.4140,42.1964,42.1086,42.0589,42.1890,30.2738,42.2672,36.1663,40.7322

3625.6500,42.2088,42.4108,42.4089,42.2239,42.1069,42.0358,42.2262,30.2791,42.2719,36.1574,40.7376

3626.6500,42.1987,42.4319,42.3757,42.2144,42.0927,42.0355,42.2195,30.2699,42.2627,36.1527,40.7298

3627.6500,42.1984,42.4032,42.4037,42.1912,42.1017,42.0314,42.2131,30.2776,42.2596,36.1545,40.7275

3628.6510,42.1934,42.4334,42.3930,42.2042,42.1115,42.0436,42.2061,30.2739,42.2671,36.1588,40.7324

3629.6500,42.1936,42.4268,42.3961,42.1883,42.1140,42.0606,42.2185,30.2755,42.2637,36.1680,40.7342

3630.6510,42.2031,42.4285,42.4094,42.1974,42.1105,42.0450,42.2504,30.2762,42.2698,36.1606,40.7401

3631.6500,42.2122,42.4095,42.4104,42.2170,42.1025,42.0528,42.2077,30.2761,42.2703,36.1644,40.7360

3632.6500,42.2066,42.4297,42.4004,42.2335,42.1122,42.0573,42.2196,30.2798,42.2765,36.1686,40.7424

3633.6510,42.2191,42.4309,42.4295,42.2203,42.1001,42.0415,42.2226,30.2929,42.2800,36.1672,40.7446

3634.6500,42.2067,42.4229,42.3903,42.2015,42.1044,42.0579,42.2341,30.2563,42.2651,36.1571,40.7343

3635.6500,42.2176,42.4334,42.4274,42.2075,42.1158,42.0479,42.2061,30.2834,42.2803,36.1656,40.7424

3636.6500,42.1935,42.4195,42.3911,42.2159,42.0870,42.0326,42.2201,30.2585,42.2614,36.1456,40.7273

3637.6500,42.2050,42.4151,42.4044,42.2175,42.1050,42.0604,42.2361,30.2828,42.2694,36.1716,40.7408

3638.6510,42.2148,42.4181,42.4209,42.2396,42.1065,42.0553,42.2117,30.2838,42.2800,36.1696,40.7438

3639.6500,42.2124,42.4227,42.3944,42.2182,42.1143,42.0301,42.2326,30.2866,42.2724,36.1583,40.7389

3640.6500,42.2116,42.4448,42.4058,42.2086,42.1004,42.0567,42.2314,30.2599,42.2742,36.1583,40.7399

3641.6500,42.2040,42.4354,42.3945,42.2066,42.1082,42.0557,42.2345,30.2898,42.2697,36.1727,40.7411

3642.6500,42.2252,42.4403,42.4092,42.1906,42.0997,42.0481,42.2185,30.2793,42.2730,36.1637,40.7389

3643.6500,42.2103,42.4146,42.4062,42.2082,42.1118,42.0415,42.2347,30.2958,42.2702,36.1687,40.7404

3644.6500,42.2081,42.4365,42.3979,42.2208,42.1076,42.0556,42.2171,30.2850,42.2742,36.1703,40.7411

3645.6500,42.2128,42.4287,42.4064,42.2227,42.1165,42.0375,42.2218,30.2869,42.2774,36.1622,40.7417

3646.6510,42.2121,42.4270,42.4108,42.2276,42.1145,42.0341,42.2136,30.2647,42.2784,36.1494,40.7380

3647.6500,42.1885,42.4240,42.4217,42.2041,42.1113,42.0536,42.2348,30.3122,42.2699,36.1829,40.7438

3648.6500,42.2166,42.4250,42.4115,42.2134,42.1045,42.0399,42.2250,30.2964,42.2742,36.1681,40.7415

3649.6500,42.2112,42.4295,42.4202,42.2128,42.1140,42.0582,42.2287,30.3088,42.2775,36.1835,40.7479

3650.6500,42.1970,42.4249,42.4231,42.2069,42.0961,42.0398,42.2334,30.2668,42.2696,36.1533,40.7360

3651.6500,42.1952,42.4400,42.4046,42.2173,42.1143,42.0501,42.2159,30.2734,42.2743,36.1618,40.7388

3652.6500,42.2092,42.4417,42.4352,42.2101,42.1028,42.0539,42.2497,30.2754,42.2798,36.1647,40.7472

3653.6510,42.1977,42.4210,42.4201,42.1853,42.1251,42.0554,42.2294,30.2858,42.2698,36.1706,40.7400

3654.6500,42.2091,42.4270,42.4084,42.2062,42.1119,42.0603,42.2215,30.2710,42.2725,36.1657,40.7394

3655.6500,42.2141,42.4308,42.4024,42.2197,42.0960,42.0537,42.2397,30.2940,42.2726,36.1738,40.7438

3656.6500,42.2045,42.4357,42.4101,42.2149,42.0961,42.0455,42.2563,30.2748,42.2723,36.1601,40.7422

3657.6500,42.2270,42.4313,42.4095,42.2319,42.1322,42.0573,42.2323,30.2647,42.2864,36.1610,40.7483

3658.6500,42.2091,42.4316,42.4209,42.2261,42.1221,42.0440,42.2331,30.2907,42.2819,36.1673,40.7472

3659.6500,42.2274,42.4335,42.3977,42.2132,42.1135,42.0512,42.2401,30.2947,42.2771,36.1730,40.7464

3660.6500,42.2284,42.4360,42.4105,42.2059,42.1168,42.0238,42.2394,30.2783,42.2795,36.1511,40.7424

3661.6500,42.2417,42.4452,42.4183,42.2383,42.1282,42.0310,42.2314,30.2828,42.2943,36.1569,40.7521

3662.6500,42.2048,42.4370,42.4230,42.2329,42.1401,42.0471,42.2227,30.2807,42.2876,36.1639,40.7485

3663.6500,42.2203,42.4285,42.4248,42.2170,42.1134,42.0450,42.2463,30.2763,42.2808,36.1606,40.7465

3664.6500,42.2090,42.4351,42.3877,42.2128,42.1057,42.0658,42.2352,30.2591,42.2701,36.1624,40.7388

3665.6500,42.2193,42.4339,42.4232,42.2224,42.1412,42.0445,42.2336,30.2856,42.2880,36.1651,40.7505

3666.6500,42.2101,42.4527,42.4123,42.2017,42.1185,42.0571,42.2565,30.2955,42.2790,36.1763,40.7506

3667.6500,42.2162,42.4230,42.4197,42.2207,42.1362,42.0502,42.2445,30.2866,42.2832,36.1684,40.7496

3668.6500,42.2209,42.4434,42.4248,42.2095,42.1084,42.0507,42.2421,30.2891,42.2814,36.1699,40.7486

3669.6500,42.2217,42.4357,42.4092,42.2190,42.1347,42.0631,42.2371,30.2941,42.2840,36.1786,40.7518

3670.6500,42.2428,42.4234,42.4122,42.2109,42.1233,42.0466,42.2398,30.2877,42.2825,36.1672,40.7484

3671.6500,42.2147,42.4255,42.4074,42.2302,42.1268,42.0431,42.2316,30.2832,42.2809,36.1632,40.7453

3672.6500,42.2029,42.4357,42.4037,42.2298,42.1117,42.0755,42.2363,30.2628,42.2768,36.1692,40.7448

3673.6500,42.2199,42.4407,42.4137,42.2166,42.1246,42.0581,42.2384,30.2824,42.2831,36.1703,40.7493

3674.6500,42.2067,42.4569,42.4322,42.2323,42.1318,42.0588,42.2356,30.2634,42.2920,36.1611,40.7522

3675.6500,42.2097,42.4475,42.4024,42.2113,42.1154,42.0935,42.2373,30.2731,42.2772,36.1833,40.7488

3676.6510,42.2107,42.4401,42.4229,42.2351,42.1242,42.0573,42.2421,30.2853,42.2866,36.1713,40.7522

3677.6500,42.2234,42.4328,42.4309,42.2249,42.1220,42.0732,42.2282,30.2869,42.2868,36.1800,40.7528

3678.6510,42.2056,42.4296,42.4235,42.2129,42.1331,42.0736,42.2394,30.2896,42.2809,36.1816,40.7509

3679.6500,42.2046,42.4354,42.4196,42.2080,42.1167,42.0372,42.2234,30.2693,42.2769,36.1532,40.7393

3680.6500,42.2104,42.4506,42.4186,42.2196,42.1457,42.0485,42.2433,30.2784,42.2890,36.1635,40.7519

3681.6510,42.2061,42.4726,42.4265,42.2117,42.1601,42.0392,42.2420,30.2783,42.2954,36.1587,40.7545

3682.6500,42.2165,42.4487,42.4296,42.2372,42.1407,42.0477,42.2418,30.2667,42.2945,36.1572,40.7536

3683.6500,42.2061,42.4396,42.4099,42.2118,42.1536,42.0662,42.2351,30.2812,42.2842,36.1737,40.7504

3684.6500,42.2133,42.4532,42.4244,42.2440,42.1282,42.0594,42.2328,30.2832,42.2926,36.1713,40.7548

3685.6500,42.1924,42.4269,42.4409,42.2214,42.1598,42.0622,42.2419,30.2729,42.2883,36.1675,40.7523

3686.6500,42.2164,42.4278,42.4059,42.2330,42.1531,42.0713,42.2386,30.2704,42.2872,36.1708,40.7520

3687.6500,42.2053,42.4400,42.4312,42.2173,42.1272,42.0719,42.2322,30.2630,42.2842,36.1674,40.7485

3688.6510,42.1852,42.4478,42.4194,42.2372,42.1517,42.0508,42.2446,30.2929,42.2882,36.1718,40.7537

3689.6500,42.2134,42.4342,42.4244,42.2380,42.1367,42.0763,42.2580,30.2824,42.2894,36.1793,40.7579

3690.6500,42.2327,42.4527,42.4383,42.2356,42.1662,42.0886,42.2379,30.2681,42.3051,36.1783,40.7650

3691.6500,42.2097,42.4469,42.4297,42.2256,42.1274,42.0502,42.2205,30.2899,42.2878,36.1701,40.7500

3692.6500,42.2158,42.4458,42.4174,42.2026,42.1596,42.0563,42.2440,30.2811,42.2883,36.1687,40.7528

3693.6510,42.2164,42.4373,42.4373,42.2365,42.1220,42.0569,42.2504,30.2982,42.2899,36.1775,40.7569

3694.6500,42.2123,42.4403,42.4235,42.2492,42.1379,42.0779,42.2464,30.2616,42.2926,36.1697,40.7561

3695.6500,42.2161,42.4697,42.4246,42.2446,42.1296,42.0621,42.2530,30.2780,42.2969,36.1701,40.7597

3696.6500,42.2137,42.4512,42.4373,42.2183,42.1370,42.0756,42.2583,30.2531,42.2915,36.1644,40.7556

3697.6500,42.2009,42.4346,42.4276,42.2338,42.1400,42.0647,42.2496,30.2820,42.2874,36.1733,40.7542

3698.6500,42.2223,42.4397,42.4304,42.2375,42.1293,42.0744,42.2440,30.2660,42.2918,36.1702,40.7554

3699.6500,42.2236,42.4414,42.4367,42.2405,42.1376,42.0687,42.2666,30.2988,42.2960,36.1838,40.7642

3700.6500,42.2244,42.4596,42.4345,42.2350,42.1477,42.0622,42.2574,30.2907,42.3003,36.1764,40.7639

3701.6510,42.2134,42.4406,42.4122,42.2463,42.1645,42.0529,42.2500,30.2814,42.2954,36.1672,40.7577

3702.6500,42.2141,42.4587,42.4243,42.2128,42.1564,42.0741,42.2528,30.2629,42.2933,36.1685,40.7570

3703.6500,42.2242,42.4555,42.4309,42.2301,42.1638,42.0773,42.2663,30.2891,42.3009,36.1832,40.7671

3704.6500,42.2169,42.4504,42.4276,42.2319,42.1398,42.0649,42.2421,30.2827,42.2933,36.1738,40.7570

3705.6500,42.2212,42.4496,42.4291,42.2357,42.1556,42.0473,42.2376,30.2780,42.2982,36.1626,40.7568

3706.6500,42.2349,42.4520,42.4287,42.2260,42.1503,42.0684,42.2497,30.2839,42.2984,36.1762,40.7617

3707.6500,42.2157,42.4478,42.4302,42.2256,42.1441,42.0515,42.2572,30.2856,42.2927,36.1686,40.7572

3708.6500,42.2182,42.4377,42.4238,42.2382,42.1531,42.0894,42.2531,30.2755,42.2942,36.1825,40.7611

3709.6500,42.2174,42.4420,42.4383,42.2547,42.1617,42.0570,42.2561,30.2851,42.3028,36.1711,40.7640

3710.6500,42.2338,42.4475,42.4508,42.2327,42.1287,42.0836,42.2657,30.2762,42.2987,36.1799,40.7649

3711.6500,42.2136,42.4432,42.4167,42.2409,42.1410,42.0597,42.2660,30.2915,42.2911,36.1756,40.7591

3712.6500,42.2212,42.4618,42.4274,42.2335,42.1561,42.0655,42.2763,30.2917,42.3000,36.1786,40.7667

3713.6500,42.2320,42.4488,42.4218,42.2368,42.1307,42.0590,42.2656,30.2961,42.2940,36.1775,40.7613

3714.6500,42.2221,42.4685,42.4355,42.2458,42.1296,42.0668,42.2812,30.2926,42.3003,36.1797,40.7678

3715.6500,42.2396,42.4367,42.4116,42.2354,42.1452,42.0811,42.2423,30.3033,42.2937,36.1922,40.7619

3716.6500,42.2130,42.4749,42.4107,42.2178,42.1395,42.0814,42.2485,30.2787,42.2912,36.1800,40.7580

3717.6500,42.2211,42.4587,42.4378,42.2356,42.1323,42.0863,42.2700,30.2935,42.2971,36.1899,40.7669

3718.6500,42.2214,42.4498,42.4377,42.2359,42.1191,42.0819,42.2731,30.2702,42.2928,36.1761,40.7611

3719.6500,42.2333,42.4469,42.4283,42.2461,42.1357,42.0845,42.2415,30.3002,42.2981,36.1924,40.7646

3720.6500,42.2429,42.4713,42.4100,42.2361,42.1220,42.0606,42.2551,30.2901,42.2965,36.1754,40.7610

3721.6500,42.2283,42.4477,42.4403,42.2501,42.1455,42.0786,42.2553,30.2904,42.3024,36.1845,40.7670

3722.6500,42.2296,42.4566,42.4115,42.2442,42.1483,42.0766,42.2590,30.2772,42.2980,36.1769,40.7629

3723.6500,42.2532,42.4523,42.4234,42.2212,42.1221,42.0719,42.2477,30.2695,42.2944,36.1707,40.7577

3724.6500,42.2465,42.4496,42.4426,42.2264,42.1209,42.1037,42.2538,30.2669,42.2972,36.1853,40.7638

3725.6500,42.2362,42.4587,42.4192,42.2235,42.1348,42.0888,42.2751,30.2838,42.2945,36.1863,40.7650

3726.6500,42.2255,42.4632,42.4191,42.2582,42.1507,42.0693,42.2675,30.2867,42.3034,36.1780,40.7675

3727.6510,42.2380,42.4616,42.4282,42.2301,42.1581,42.0716,42.2338,30.2988,42.3032,36.1852,40.7650

3728.6500,42.2279,42.4588,42.4272,42.2537,42.1228,42.0786,42.2682,30.2801,42.2981,36.1794,40.7647

3729.6500,42.2410,42.4603,42.4384,42.2553,42.1345,42.0731,42.2460,30.2779,42.3059,36.1755,40.7658

3730.6500,42.2336,42.4452,42.4476,42.2328,42.1378,42.0732,42.2490,30.2699,42.2994,36.1716,40.7612

3731.6500,42.2062,42.4575,42.4394,42.2423,42.1374,42.0616,42.2511,30.3010,42.2966,36.1813,40.7621

3732.6500,42.2285,42.4544,42.4461,42.2545,42.1494,42.0741,42.2569,30.2779,42.3066,36.1760,40.7677

3733.6500,42.2053,42.4519,42.4352,42.2469,42.1332,42.0677,42.2585,30.2690,42.2945,36.1683,40.7585

3734.6500,42.2420,42.4528,42.4435,42.2418,42.1090,42.0802,42.2641,30.2878,42.2978,36.1840,40.7652

3735.6500,42.2237,42.4557,42.4380,42.2497,42.1447,42.0689,42.2423,30.2815,42.3023,36.1752,40.7631

3736.6500,42.2281,42.4769,42.4435,42.2426,42.1398,42.0491,42.2449,30.3015,42.3062,36.1753,40.7658

3737.6510,42.2166,42.4484,42.4349,42.2294,42.1399,42.0785,42.2754,30.2856,42.2938,36.1821,40.7636

3738.6500,42.2314,42.4515,42.4454,42.2418,42.1323,42.1030,42.2608,30.2898,42.3005,36.1964,40.7695

3739.6500,42.2455,42.4674,42.4298,42.2299,42.1321,42.0721,42.2447,30.2754,42.3009,36.1737,40.7621

3740.6500,42.2233,42.4494,42.4332,42.2644,42.1173,42.0717,42.2709,30.2811,42.2975,36.1764,40.7639

3741.6500,42.2237,42.4707,42.4405,42.2471,42.1586,42.0726,42.2587,30.2792,42.3081,36.1759,40.7689

3742.6500,42.2318,42.4681,42.4239,42.2547,42.1443,42.0751,42.2696,30.2577,42.3046,36.1664,40.7657

3743.6500,42.2550,42.4615,42.4354,42.2629,42.1462,42.0788,42.2783,30.2634,42.3122,36.1711,40.7727

3744.6510,42.2407,42.4556,42.4305,42.2441,42.1319,42.0808,42.2757,30.2715,42.3006,36.1761,40.7664

3745.6500,42.2330,42.4679,42.4447,42.2513,42.1466,42.0889,42.2629,30.2868,42.3087,36.1878,40.7727

3746.6510,42.2421,42.4688,42.4372,42.2355,42.1547,42.0724,42.2740,30.2724,42.3077,36.1724,40.7696

3747.6500,42.2350,42.4642,42.4466,42.2476,42.1416,42.0723,42.2783,30.2761,42.3070,36.1742,40.7702

3748.6500,42.2495,42.4535,42.4326,42.2661,42.1398,42.0831,42.2694,30.2827,42.3083,36.1829,40.7721

3749.6500,42.2445,42.4520,42.4469,42.2409,42.1413,42.0729,42.2832,30.2889,42.3051,36.1809,40.7713

3750.6500,42.2281,42.4647,42.4355,42.2560,42.1421,42.0784,42.2862,30.2817,42.3053,36.1801,40.7716

3751.6510,42.2637,42.4672,42.4281,42.2398,42.1405,42.0680,42.2664,30.2806,42.3079,36.1743,40.7693

3752.6510,42.2621,42.4492,42.4492,42.2511,42.1598,42.1068,42.2762,30.2654,42.3143,36.1861,40.7775

3753.6500,42.2691,42.4502,42.4469,42.2568,42.1580,42.0622,42.2633,30.2583,42.3162,36.1603,40.7706

3754.6500,42.2406,42.4458,42.4370,42.2510,42.1453,42.0718,42.2589,30.2690,42.3039,36.1704,40.7649

3755.6500,42.2308,42.4728,42.4431,42.2436,42.1630,42.0774,42.2836,30.2902,42.3107,36.1838,40.7756

3756.6500,42.2432,42.4622,42.4232,42.2646,42.1600,42.0949,42.2846,30.2712,42.3106,36.1830,40.7755

3757.6500,42.2684,42.4798,42.4496,42.2492,42.1596,42.0652,42.2836,30.2938,42.3213,36.1795,40.7812

3758.6500,42.2440,42.4665,42.4265,42.2554,42.1487,42.0710,42.2861,30.2635,42.3082,36.1672,40.7702

3759.6510,42.2104,42.4544,42.4646,42.2280,42.1546,42.0802,42.2698,30.2686,42.3024,36.1744,40.7663

3760.6500,42.2343,42.4711,42.4284,42.2415,42.1418,42.0804,42.2759,30.3040,42.3034,36.1922,40.7722

3761.6500,42.2651,42.4626,42.4393,42.2487,42.1573,42.0717,42.2533,30.2802,42.3146,36.1760,40.7723

3762.6500,42.2340,42.4711,42.4413,42.2577,42.1652,42.0940,42.2684,30.2722,42.3138,36.1831,40.7755

3763.6500,42.2270,42.4657,42.4345,42.2374,42.1624,42.1010,42.2528,30.2854,42.3054,36.1932,40.7708

3764.6500,42.2541,42.4569,42.4271,42.2440,42.1443,42.0797,42.2607,30.2835,42.3053,36.1816,40.7688

3765.6500,42.2517,42.4750,42.4546,42.2477,42.1625,42.0709,42.2658,30.2690,42.3183,36.1699,40.7747

3766.6500,42.2338,42.4740,42.4670,42.2625,42.1739,42.0804,42.2792,30.2852,42.3222,36.1828,40.7820

3767.6500,42.2335,42.4626,42.4329,42.2669,42.1643,42.1131,42.2618,30.2581,42.3120,36.1856,40.7741

3768.6500,42.2687,42.4640,42.4472,42.2524,42.1627,42.0716,42.2785,30.2640,42.3190,36.1678,40.7761

3769.6500,42.2495,42.4763,42.4429,42.2653,42.1463,42.0784,42.2639,30.2690,42.3160,36.1737,40.7739

3770.6500,42.2381,42.4772,42.4135,42.2401,42.1605,42.0949,42.2694,30.2876,42.3059,36.1913,40.7727

3771.6500,42.2422,42.4739,42.4288,42.2531,42.1338,42.0701,42.2763,30.2870,42.3063,36.1786,40.7706

3772.6500,42.2396,42.4707,42.4358,42.2475,42.1722,42.1047,42.2708,30.2600,42.3131,36.1824,40.7751

3773.6500,42.2466,42.4595,42.4581,42.2508,42.1504,42.1001,42.2763,30.2676,42.3131,36.1839,40.7762

3774.6500,42.2535,42.4738,42.4399,42.2386,42.1596,42.1047,42.2777,30.2712,42.3131,36.1880,40.7774

3775.6500,42.2756,42.4641,42.4394,42.2544,42.1580,42.0845,42.2688,30.2781,42.3183,36.1813,40.7779

3776.6500,42.2344,42.4758,42.4447,42.2489,42.1572,42.0888,42.2564,30.2740,42.3122,36.1814,40.7725

3777.6510,42.2225,42.4494,42.4522,42.2662,42.1528,42.0742,42.2555,30.2803,42.3086,36.1773,40.7691

3778.6500,42.2201,42.4808,42.4445,42.2590,42.1638,42.0741,42.2674,30.2723,42.3136,36.1732,40.7727

3779.6510,42.2680,42.4699,42.4485,42.2356,42.1434,42.1025,42.2541,30.2784,42.3131,36.1904,40.7750

3780.6510,42.2361,42.4758,42.4447,42.2620,42.1598,42.0994,42.2847,30.2842,42.3157,36.1918,40.7808

3781.6500,42.2430,42.4963,42.4516,42.2619,42.1905,42.0826,42.2461,30.2635,42.3287,36.1730,40.7794

3782.6500,42.2581,42.4634,42.4537,42.2491,42.1535,42.0893,42.2654,30.2609,42.3156,36.1751,40.7742

3783.6500,42.2467,42.4765,42.4584,42.2617,42.1853,42.0737,42.2603,30.2705,42.3257,36.1721,40.7792

3784.6500,42.2596,42.4778,42.4620,42.2482,42.1764,42.1076,42.2742,30.2779,42.3248,36.1927,40.7855

3785.6500,42.2703,42.4760,42.4616,42.2561,42.1643,42.1062,42.3050,30.2783,42.3257,36.1922,40.7897

3786.6500,42.2457,42.4782,42.4461,42.2555,42.1722,42.1127,42.2644,30.2638,42.3195,36.1882,40.7798

3787.6500,42.2570,42.4774,42.4472,42.2710,42.1696,42.0845,42.2780,30.2686,42.3244,36.1765,40.7817

3788.6510,42.2368,42.4611,42.4690,42.2658,42.1796,42.0833,42.2672,30.2698,42.3225,36.1766,40.7791

3789.6500,42.2517,42.4773,42.4615,42.2527,42.1759,42.1122,42.2801,30.2793,42.3238,36.1958,40.7863

3790.6500,42.2524,42.4586,42.4390,42.2479,42.1589,42.0766,42.2596,30.2541,42.3114,36.1654,40.7684

3791.6500,42.2438,42.4603,42.4636,42.2706,42.1708,42.0754,42.2627,30.2562,42.3218,36.1658,40.7754

3792.6500,42.2394,42.4890,42.4509,42.2645,42.1622,42.0813,42.2715,30.2768,42.3212,36.1790,40.7795

3793.6500,42.2504,42.4745,42.4661,42.2616,42.1760,42.1095,42.2867,30.2789,42.3257,36.1942,40.7880

3794.6500,42.2381,42.4584,42.4309,42.2524,42.1633,42.0791,42.2705,30.2811,42.3086,36.1801,40.7717

3795.6500,42.2416,42.4802,42.4537,42.2561,42.1714,42.0882,42.2891,30.2875,42.3206,36.1878,40.7835

3796.6500,42.2559,42.4795,42.4540,42.2550,42.1648,42.0927,42.2861,30.2760,42.3218,36.1843,40.7830

3797.6500,42.2297,42.4832,42.4628,42.2629,42.1535,42.0977,42.2852,30.2641,42.3184,36.1809,40.7799

3798.6510,42.2596,42.4773,42.4791,42.2564,42.1796,42.0996,42.2736,30.2764,42.3304,36.1880,40.7877

3799.6500,42.2513,42.4899,42.4420,42.2481,42.1643,42.0946,42.2616,30.2826,42.3191,36.1886,40.7793

3800.6500,42.2632,42.4748,42.4641,42.2553,42.1804,42.1037,42.2707,30.2745,42.3276,36.1891,40.7858

3801.6510,42.2597,42.4646,42.4711,42.2614,42.1760,42.0760,42.2684,30.2822,42.3265,36.1791,40.7824

3802.6500,42.2579,42.4900,42.4723,42.2654,42.1686,42.0858,42.2891,30.2879,42.3308,36.1868,40.7896

3803.6510,42.2461,42.4604,42.4679,42.2480,42.1578,42.0969,42.2996,30.2873,42.3160,36.1921,40.7830

3804.6500,42.2665,42.4863,42.4598,42.2673,42.1623,42.0949,42.2832,30.2928,42.3285,36.1939,40.7891

3805.6500,42.2599,42.4888,42.4627,42.2628,42.1558,42.1023,42.2758,30.2867,42.3260,36.1945,40.7869

3806.6500,42.2607,42.4734,42.4651,42.2675,42.1594,42.0771,42.2833,30.2771,42.3252,36.1771,40.7829

3807.6500,42.2544,42.4996,42.4480,42.2528,42.1665,42.0898,42.2965,30.2802,42.3243,36.1850,40.7860

3808.6500,42.2426,42.4783,42.4755,42.2672,42.1737,42.0794,42.2723,30.2762,42.3275,36.1778,40.7831

3809.6500,42.2482,42.4833,42.4689,42.2583,42.1631,42.0915,42.2755,30.2946,42.3244,36.1930,40.7854

3810.6500,42.2399,42.4788,42.4513,42.2761,42.1804,42.1074,42.2872,30.2937,42.3253,36.2005,40.7893

3811.6500,42.2431,42.4697,42.4627,42.2568,42.1789,42.0822,42.2740,30.3063,42.3222,36.1943,40.7842

3812.6500,42.2560,42.4998,42.4728,42.2720,42.1751,42.0965,42.2887,30.2907,42.3351,36.1936,40.7939

3813.6500,42.2640,42.4945,42.4503,42.2667,42.1752,42.1091,42.2848,30.2926,42.3301,36.2009,40.7921

3814.6500,42.2445,42.4741,42.4573,42.2560,42.1822,42.0897,42.3053,30.2824,42.3228,36.1860,40.7865

3815.6500,42.2608,42.4681,42.4556,42.2743,42.1627,42.1013,42.2710,30.2871,42.3243,36.1942,40.7851

3816.6500,42.2539,42.4716,42.4716,42.2712,42.1888,42.1009,42.3075,30.2773,42.3314,36.1891,40.7929

3817.6500,42.2703,42.4939,42.4646,42.2833,42.1666,42.1039,42.2754,30.2812,42.3357,36.1925,40.7924

3818.6500,42.2656,42.4642,42.4572,42.2540,42.1754,42.1168,42.2931,30.3013,42.3233,36.2090,40.7909

3819.6500,42.2535,42.4723,42.4523,42.2686,42.1703,42.1229,42.2993,30.2938,42.3234,36.2083,40.7916

3820.6500,42.2406,42.4689,42.4614,42.2759,42.1704,42.1322,42.2908,30.2742,42.3234,36.2032,40.7893

3821.6500,42.2737,42.4912,42.4633,42.2699,42.1626,42.1124,42.2969,30.2748,42.3322,36.1936,40.7931

3822.6500,42.2739,42.4812,42.4710,42.2678,42.1549,42.0995,42.2929,30.3032,42.3298,36.2013,40.7931

3823.6500,42.2630,42.4903,42.4619,42.2723,42.1542,42.1086,42.2844,30.2991,42.3283,36.2039,40.7917

3824.6510,42.2706,42.4677,42.4668,42.2660,42.1599,42.1074,42.2887,30.2927,42.3262,36.2001,40.7900

3825.6500,42.2595,42.4934,42.4892,42.2782,42.1711,42.1079,42.2907,30.2885,42.3383,36.1982,40.7973

3826.6500,42.2584,42.4841,42.4697,42.2763,42.1724,42.0980,42.2893,30.2974,42.3322,36.1977,40.7932

3827.6500,42.2537,42.4693,42.4526,42.2666,42.1719,42.1119,42.3177,30.2705,42.3228,36.1912,40.7893

3828.6500,42.2550,42.4938,42.4798,42.2827,42.1653,42.1137,42.2818,30.2841,42.3353,36.1989,40.7945

3829.6500,42.2689,42.4891,42.4812,42.2557,42.1596,42.0926,42.2966,30.2821,42.3309,36.1873,40.7907

3830.6500,42.2617,42.4770,42.4663,42.2650,42.1785,42.1148,42.3068,30.2791,42.3297,36.1969,40.7936

3831.6500,42.2827,42.4980,42.4748,42.2814,42.1901,42.1013,42.2777,30.2763,42.3454,36.1888,40.7978

3832.6500,42.2540,42.4837,42.4655,42.2842,42.1755,42.1290,42.2912,30.2817,42.3326,36.2053,40.7956

3833.6500,42.2786,42.4968,42.4782,42.2746,42.1605,42.1015,42.2801,30.2623,42.3377,36.1819,40.7916

3834.6500,42.2588,42.4797,42.4756,42.2682,42.1691,42.1231,42.2943,30.2950,42.3303,36.2090,40.7955

3835.6500,42.2644,42.5160,42.4769,42.2617,42.1970,42.1421,42.2784,30.2752,42.3432,36.2087,40.8014

3836.6500,42.2537,42.4780,42.4854,42.3004,42.1686,42.1142,42.2855,30.2879,42.3372,36.2010,40.7967

3837.6510,42.2558,42.4863,42.4844,42.2780,42.1907,42.1377,42.2803,30.2576,42.3390,36.1976,40.7964

3838.6500,42.2630,42.5020,42.4667,42.2868,42.1998,42.1151,42.2966,30.2822,42.3437,36.1987,40.8015

3839.6500,42.2703,42.4951,42.4602,42.2738,42.1880,42.1234,42.2822,30.2817,42.3375,36.2025,40.7968

3840.6510,42.2468,42.5152,42.4734,42.2879,42.1891,42.1073,42.2740,30.2513,42.3425,36.1793,40.7931

3841.6500,42.2814,42.5083,42.4749,42.2605,42.1842,42.0977,42.2842,30.2783,42.3419,36.1880,40.7962

3842.6500,42.2630,42.4891,42.4682,42.2841,42.1779,42.0901,42.2855,30.2832,42.3365,36.1866,40.7926

3843.6500,42.2511,42.4991,42.4814,42.2931,42.1748,42.1153,42.2815,30.2683,42.3399,36.1918,40.7956

3844.6500,42.2732,42.4966,42.4752,42.2860,42.1727,42.1090,42.2729,30.2864,42.3407,36.1977,40.7965

3845.6500,42.2602,42.4917,42.4782,42.2671,42.1854,42.1082,42.3085,30.3048,42.3365,36.2065,40.8005

3846.6500,42.2556,42.5064,42.4850,42.2940,42.1715,42.1082,42.2902,30.2941,42.3425,36.2012,40.8006

3847.6500,42.2651,42.4888,42.4870,42.2880,42.1930,42.1167,42.3005,30.2980,42.3444,36.2074,40.8046

3848.6510,42.2783,42.4848,42.4662,42.2765,42.1686,42.1277,42.2914,30.2611,42.3349,36.1944,40.7943

3849.6500,42.2768,42.4906,42.4720,42.3061,42.1848,42.1206,42.2852,30.3028,42.3461,36.2117,40.8049

3850.6500,42.2720,42.4908,42.4648,42.3058,42.1897,42.1130,42.2774,30.2928,42.3446,36.2029,40.8008

3851.6500,42.2830,42.4853,42.4797,42.3054,42.1937,42.0928,42.3314,30.2719,42.3494,36.1824,40.8054

3852.6500,42.2525,42.4810,42.4726,42.2708,42.1758,42.1005,42.3062,30.2881,42.3306,36.1943,40.7935

3853.6500,42.2821,42.4797,42.4825,42.2812,42.1784,42.1087,42.2951,30.2819,42.3408,36.1953,40.7987

3854.6510,42.2693,42.4941,42.4797,42.2928,42.1837,42.1214,42.3114,30.2816,42.3440,36.2015,40.8043

3855.6510,42.2648,42.5044,42.4663,42.2780,42.1811,42.1039,42.3133,30.2633,42.3389,36.1836,40.7969

3856.6500,42.2704,42.4880,42.4712,42.2936,42.2174,42.1151,42.3104,30.2775,42.3481,36.1963,40.8054

3857.6500,42.2855,42.5012,42.4724,42.2753,42.1948,42.1065,42.3092,30.2735,42.3459,36.1900,40.8023

3858.6500,42.2602,42.4959,42.4736,42.2839,42.1900,42.1180,42.2960,30.2828,42.3408,36.2004,40.8001

3859.6500,42.2659,42.4971,42.4734,42.2944,42.1822,42.1190,42.3130,30.2768,42.3426,36.1979,40.8027

3860.6500,42.2528,42.5122,42.4792,42.2760,42.1937,42.1026,42.3002,30.2874,42.3428,36.1950,40.8005

3861.6510,42.2712,42.5032,42.4920,42.2610,42.1768,42.1238,42.3112,30.2825,42.3408,36.2032,40.8027

3862.6500,42.2664,42.4863,42.4659,42.2790,42.1892,42.1245,42.3329,30.2965,42.3374,36.2105,40.8051

3863.6500,42.2692,42.4815,42.5001,42.3076,42.2018,42.1074,42.3281,30.2692,42.3520,36.1883,40.8081

3864.6510,42.2696,42.4933,42.4835,42.3008,42.1836,42.1203,42.3068,30.2574,42.3461,36.1889,40.8019

3865.6500,42.2800,42.4782,42.4708,42.2946,42.2010,42.1345,42.3132,30.2792,42.3449,36.2069,40.8064

3866.6500,42.2702,42.4849,42.4793,42.3045,42.1944,42.1251,42.3091,30.2796,42.3467,36.2024,40.8059

3867.6500,42.2601,42.4973,42.4754,42.2801,42.1671,42.1090,42.3183,30.2925,42.3360,36.2007,40.8000

3868.6500,42.2563,42.5057,42.4671,42.2825,42.2103,42.0913,42.3067,30.2868,42.3444,36.1890,40.8008

3869.6500,42.2794,42.4990,42.4720,42.2847,42.1659,42.1124,42.3024,30.2964,42.3402,36.2044,40.8015

3870.6500,42.2702,42.4901,42.4817,42.2949,42.1883,42.1172,42.3116,30.2867,42.3450,36.2019,40.8051

3871.6510,42.2530,42.5180,42.4813,42.3004,42.1559,42.1261,42.2804,30.2731,42.3417,36.1996,40.7985

3872.6510,42.2951,42.5052,42.4806,42.2765,42.1836,42.1282,42.2941,30.2978,42.3482,36.2130,40.8076

3873.6500,42.2694,42.4989,42.4729,42.2902,42.1819,42.1173,42.2902,30.2666,42.3427,36.1919,40.7984

3874.6500,42.2620,42.5175,42.4818,42.3028,42.2020,42.1193,42.3070,30.2812,42.3532,36.2002,40.8092

3875.6500,42.2956,42.4881,42.4974,42.2896,42.1668,42.1198,42.2933,30.2889,42.3475,36.2043,40.8049

3876.6500,42.2595,42.4961,42.4984,42.2859,42.2069,42.1209,42.3027,30.2951,42.3494,36.2080,40.8082

3877.6500,42.2928,42.5040,42.4738,42.3069,42.1892,42.1069,42.3004,30.2795,42.3534,36.1932,40.8067

3878.6500,42.2658,42.4903,42.4806,42.2751,42.1705,42.1268,42.3155,30.2738,42.3365,36.2003,40.7998

3879.6510,42.2840,42.5086,42.4854,42.2883,42.1877,42.1143,42.3059,30.2814,42.3508,36.1978,40.8070

3880.6500,42.2666,42.4952,42.4812,42.2981,42.1866,42.1327,42.3069,30.2906,42.3456,36.2117,40.8073

3881.6500,42.2619,42.4995,42.4944,42.2833,42.1856,42.1117,42.3159,30.2980,42.3449,36.2048,40.8063

3882.6500,42.2583,42.5069,42.4772,42.3145,42.1881,42.1165,42.3159,30.2855,42.3490,36.2010,40.8079

3883.6500,42.2733,42.4942,42.4979,42.2892,42.1998,42.1561,42.3129,30.2856,42.3509,36.2209,40.8136

3884.6500,42.2847,42.4949,42.4926,42.3006,42.1792,42.1196,42.3210,30.2995,42.3504,36.2096,40.8115

3885.6500,42.3000,42.4826,42.4951,42.2803,42.1754,42.1368,42.3138,30.3079,42.3467,36.2224,40.8115

3886.6500,42.2762,42.4891,42.4868,42.2883,42.2069,42.1330,42.3115,30.2848,42.3495,36.2089,40.8096

3887.6510,42.2768,42.5264,42.4938,42.3074,42.1828,42.1498,42.3237,30.2995,42.3574,36.2246,40.8200

3888.6500,42.2695,42.4986,42.5112,42.2955,42.1914,42.1481,42.3159,30.2888,42.3532,36.2185,40.8149

3889.6500,42.2723,42.5207,42.4914,42.2869,42.1919,42.1389,42.3236,30.2889,42.3527,36.2139,40.8143

3890.6500,42.2782,42.5195,42.4976,42.3154,42.1894,42.0932,42.3089,30.2906,42.3600,36.1919,40.8116

3891.6500,42.2847,42.4932,42.4998,42.2989,42.1996,42.1145,42.3194,30.2854,42.3553,36.2000,40.8119

3892.6500,42.2672,42.5166,42.4910,42.2911,42.2072,42.1352,42.3204,30.2734,42.3546,36.2043,40.8128

3893.6500,42.2653,42.4868,42.4873,42.2976,42.1881,42.1258,42.3130,30.2757,42.3450,36.2007,40.8050

3894.6500,42.2704,42.5149,42.4973,42.2755,42.2290,42.1221,42.3359,30.2893,42.3574,36.2057,40.8168

3895.6500,42.2707,42.4889,42.4787,42.3085,42.1916,42.1293,42.3192,30.2750,42.3477,36.2021,40.8077

3896.6500,42.2817,42.5062,42.4792,42.3021,42.1994,42.1222,42.3002,30.2673,42.3537,36.1948,40.8073

3897.6500,42.2755,42.5072,42.5012,42.2915,42.2188,42.1170,42.3189,30.2921,42.3588,36.2045,40.8153

3898.6500,42.2947,42.5053,42.4723,42.3073,42.2054,42.1269,42.2971,30.2856,42.3570,36.2062,40.8118

3899.6500,42.2625,42.5120,42.4902,42.2986,42.2067,42.1174,42.3065,30.2860,42.3540,36.2017,40.8100

3900.6500,42.2933,42.4915,42.4841,42.2991,42.2152,42.1338,42.3139,30.2814,42.3566,36.2076,40.8140

3901.6500,42.3042,42.5143,42.4846,42.2898,42.2042,42.1424,42.3163,30.3018,42.3594,36.2221,40.8197

3902.6500,42.2936,42.5073,42.4813,42.2986,42.2085,42.1332,42.3158,30.2821,42.3578,36.2077,40.8150

3903.6500,42.2845,42.5050,42.5031,42.2897,42.1967,42.1274,42.3209,30.2721,42.3558,36.1997,40.8124

3904.6500,42.2867,42.5057,42.4806,42.2979,42.1970,42.1449,42.3263,30.2733,42.3536,36.2091,40.8141

3905.6500,42.2882,42.4926,42.4936,42.2811,42.2124,42.1264,42.3146,30.2922,42.3536,36.2093,40.8126

3906.6500,42.2882,42.5064,42.4748,42.3098,42.1920,42.1422,42.3251,30.2936,42.3543,36.2179,40.8165

3907.6500,42.2735,42.5039,42.4829,42.2928,42.1893,42.1247,42.3253,30.2849,42.3485,36.2048,40.8097

3908.6500,42.2966,42.5239,42.4942,42.3194,42.1929,42.1320,42.3199,30.2443,42.3654,36.1882,40.8154

3909.6500,42.2800,42.5241,42.4869,42.3037,42.2042,42.1279,42.3219,30.2853,42.3598,36.2066,40.8167

3910.6500,42.2823,42.5185,42.4930,42.2926,42.1953,42.1330,42.3321,30.2608,42.3563,36.1969,40.8134

3911.6500,42.3087,42.5052,42.4921,42.2904,42.1920,42.1311,42.3290,30.2772,42.3577,36.2041,40.8157

3912.6500,42.2926,42.5149,42.4916,42.3071,42.1922,42.1462,42.3085,30.2840,42.3597,36.2151,40.8171

3913.6500,42.2905,42.5032,42.4781,42.2865,42.2022,42.1496,42.3265,30.2861,42.3521,36.2179,40.8153

3914.6500,42.2932,42.5054,42.4961,42.2888,42.1955,42.1193,42.3455,30.2813,42.3558,36.2003,40.8156

3915.6500,42.2829,42.4954,42.5061,42.3039,42.2072,42.1532,42.3480,30.2798,42.3591,36.2165,40.8221

3916.6500,42.2933,42.5150,42.5029,42.3123,42.2087,42.1087,42.3309,30.2865,42.3664,36.1976,40.8198

3917.6500,42.2666,42.4938,42.5003,42.3074,42.1983,42.1285,42.3353,30.2681,42.3533,36.1983,40.8123

3918.6500,42.2899,42.5148,42.5013,42.3075,42.1746,42.1555,42.3079,30.2897,42.3576,36.2226,40.8177

3919.6500,42.3118,42.5037,42.4879,42.3117,42.2062,42.1565,42.3419,30.2878,42.3643,36.2221,40.8259

3920.6500,42.2985,42.5000,42.4949,42.3238,42.1846,42.1493,42.3215,30.2787,42.3604,36.2140,40.8189

3921.6500,42.2870,42.5058,42.5095,42.3049,42.2019,42.1540,42.3263,30.2759,42.3618,36.2150,40.8207

3922.6500,42.3169,42.5047,42.5029,42.3039,42.1742,42.1370,42.3150,30.2639,42.3605,36.2004,40.8148

3923.6500,42.3062,42.4847,42.4796,42.2923,42.2030,42.1393,42.3290,30.2850,42.3532,36.2122,40.8149

3924.6500,42.2983,42.5035,42.4765,42.3199,42.1919,42.1486,42.3269,30.2761,42.3580,36.2124,40.8177

3925.6500,42.3020,42.5018,42.4762,42.3098,42.2155,42.1271,42.3339,30.2916,42.3610,36.2093,40.8197

3926.6500,42.2975,42.5097,42.4818,42.3005,42.2114,42.1463,42.3317,30.2959,42.3602,36.2211,40.8219

3927.6500,42.2904,42.5128,42.4733,42.3073,42.2072,42.1430,42.3171,30.2794,42.3582,36.2112,40.8163

3928.6500,42.2646,42.5154,42.4866,42.3053,42.2144,42.1395,42.3127,30.2862,42.3573,36.2129,40.8156

3929.6500,42.2881,42.4986,42.4880,42.2978,42.2025,42.1504,42.3243,30.2860,42.3550,36.2182,40.8170

3930.6500,42.2956,42.5307,42.5144,42.3052,42.2031,42.1371,42.3266,30.2809,42.3698,36.2090,40.8242

3931.6500,42.2920,42.5113,42.4890,42.2989,42.2041,42.1325,42.3086,30.2749,42.3591,36.2037,40.8139

3932.6500,42.2967,42.5128,42.4928,42.3045,42.2218,42.1405,42.3287,30.2999,42.3657,36.2202,40.8247

3933.6510,42.2755,42.4930,42.4985,42.2996,42.2201,42.1425,42.3307,30.2841,42.3573,36.2133,40.8180

3934.6500,42.3053,42.5183,42.4951,42.2984,42.2332,42.1472,42.3207,30.2883,42.3701,36.2178,40.8258

3935.6500,42.2841,42.5110,42.5017,42.3228,42.2116,42.1414,42.3214,30.2933,42.3663,36.2173,40.8234

3936.6510,42.3066,42.5341,42.4983,42.3114,42.2066,42.1276,42.3049,30.2699,42.3714,36.1988,40.8199

3937.6500,42.3060,42.5310,42.4878,42.2963,42.2158,42.1391,42.3349,30.3178,42.3674,36.2284,40.8286

3938.6500,42.3060,42.5112,42.5005,42.3020,42.1935,42.1456,42.3099,30.2736,42.3627,36.2096,40.8178

3939.6500,42.3035,42.5169,42.5132,42.3170,42.2036,42.1412,42.3295,30.2823,42.3708,36.2118,40.8259

3940.6500,42.3174,42.5143,42.5031,42.3121,42.1988,42.1356,42.3148,30.2790,42.3691,36.2073,40.8219

3941.6500,42.3041,42.5242,42.4953,42.3103,42.2199,42.1502,42.3215,30.2932,42.3708,36.2217,40.8273

3942.6500,42.2952,42.5227,42.5088,42.3070,42.2124,42.1203,42.3312,30.3002,42.3692,36.2103,40.8247

3943.6500,42.3106,42.5112,42.5112,42.3160,42.2250,42.1381,42.3216,30.2843,42.3748,36.2112,40.8272

3944.6500,42.2921,42.5389,42.4789,42.3297,42.2145,42.1559,42.3241,30.2868,42.3708,36.2213,40.8276

3945.6500,42.3005,42.5460,42.5092,42.3205,42.1954,42.1550,42.3247,30.2920,42.3743,36.2235,40.8304

3946.6500,42.3070,42.5143,42.5106,42.3023,42.2205,42.1572,42.3335,30.3107,42.3709,36.2340,40.8320

3947.6500,42.3142,42.5239,42.5053,42.3082,42.2305,42.1570,42.3319,30.2865,42.3764,36.2218,40.8322

3948.6500,42.3140,42.5296,42.5031,42.2925,42.2252,42.1196,42.3367,30.2812,42.3729,36.2004,40.8252

3949.6500,42.3167,42.5434,42.4969,42.3323,42.2098,42.1279,42.3268,30.3004,42.3798,36.2141,40.8318

3950.6500,42.3282,42.5253,42.5169,42.3105,42.2134,42.1260,42.3403,30.2955,42.3789,36.2107,40.8320

3951.6500,42.3026,42.5182,42.5182,42.3169,42.2142,42.1185,42.3258,30.2851,42.3740,36.2018,40.8249

3952.6510,42.3168,42.5098,42.5000,42.3271,42.2275,42.1434,42.3322,30.2840,42.3762,36.2137,40.8301

3953.6510,42.3003,42.5123,42.5099,42.3119,42.1869,42.1409,42.3045,30.2937,42.3643,36.2173,40.8200

3954.6500,42.3094,42.5316,42.5042,42.3168,42.2085,42.1299,42.3261,30.2835,42.3741,36.2067,40.8262

3955.6500,42.3277,42.5125,42.5265,42.3340,42.2133,42.1161,42.3280,30.2833,42.3828,36.1997,40.8302

3956.6500,42.3046,42.5208,42.4999,42.3191,42.2083,42.1451,42.3354,30.2801,42.3706,36.2126,40.8267

3957.6500,42.3342,42.5240,42.5100,42.2989,42.1984,42.1426,42.3185,30.2917,42.3731,36.2172,40.8273

3958.6500,42.3140,42.5186,42.5089,42.3108,42.2122,42.1564,42.3229,30.2835,42.3729,36.2199,40.8284

3959.6510,42.3355,42.5390,42.4958,42.3164,42.2025,42.1426,42.3415,30.3048,42.3779,36.2237,40.8348

3960.6500,42.3127,42.5111,42.4870,42.3131,42.1970,42.1449,42.3442,30.2794,42.3642,36.2122,40.8237

3961.6510,42.3156,42.5133,42.5180,42.3101,42.2286,42.1296,42.3394,30.2907,42.3771,36.2102,40.8307

3962.6500,42.3262,42.5346,42.4983,42.3129,42.2155,42.1392,42.3389,30.2991,42.3775,36.2192,40.8331

3963.6510,42.3219,42.5158,42.5106,42.3163,42.2141,42.1429,42.3447,30.2962,42.3757,36.2196,40.8328

3964.6500,42.2992,42.5216,42.5054,42.3426,42.2048,42.1341,42.3320,30.3005,42.3747,36.2173,40.8300

3965.6500,42.3111,42.5369,42.4867,42.3040,42.1986,42.1581,42.3342,30.3026,42.3674,36.2304,40.8290

3966.6500,42.2815,42.5242,42.5130,42.3108,42.1964,42.1523,42.3452,30.3033,42.3652,36.2278,40.8283

3967.6500,42.2841,42.5181,42.4991,42.3173,42.2065,42.1321,42.3350,30.3013,42.3650,36.2167,40.8242

3968.6500,42.2940,42.5287,42.5162,42.3167,42.2308,42.1531,42.3339,30.2915,42.3773,36.2223,40.8331

3969.6500,42.3204,42.5156,42.5091,42.3227,42.2102,42.1563,42.3334,30.3112,42.3756,36.2337,40.8349

3970.6500,42.3372,42.5428,42.5103,42.3164,42.2038,42.1475,42.3378,30.3140,42.3821,36.2308,40.8387

3971.6500,42.3372,42.5312,42.5099,42.3174,42.2265,42.1554,42.3248,30.3342,42.3844,36.2448,40.8421

3972.6500,42.3152,42.5323,42.5267,42.3259,42.2334,42.1781,42.3608,30.3092,42.3867,36.2436,40.8477

3973.6500,42.3146,42.5257,42.5094,42.3253,42.2127,42.1449,42.3407,30.3165,42.3776,36.2307,40.8362

3974.6500,42.3070,42.5466,42.5290,42.3188,42.2242,42.1429,42.3453,30.3093,42.3851,36.2261,40.8404

3975.6500,42.3378,42.5489,42.5070,42.3346,42.2207,42.1625,42.3569,30.2954,42.3898,36.2290,40.8455

3976.6500,42.3246,42.5248,42.4932,42.3175,42.2307,42.1516,42.3258,30.2966,42.3781,36.2241,40.8331

3977.6500,42.3155,42.5445,42.5166,42.3256,42.2370,42.1621,42.3270,30.3029,42.3879,36.2325,40.8414

3978.6500,42.3055,42.5251,42.5167,42.3475,42.2055,42.1632,42.3238,30.2975,42.3801,36.2303,40.8356

3979.6510,42.3149,42.5341,42.5085,42.3040,42.2103,42.1643,42.3514,30.2868,42.3744,36.2255,40.8343

3980.6500,42.2855,42.5285,42.5187,42.3161,42.2190,42.1660,42.3533,30.3060,42.3736,36.2360,40.8366

3981.6500,42.3007,42.5339,42.5181,42.3340,42.2100,42.1431,42.3223,30.3086,42.3793,36.2259,40.8338

3982.6510,42.3003,42.5533,42.5045,42.3185,42.2148,42.1567,42.3250,30.2970,42.3783,36.2268,40.8337

3983.6500,42.3337,42.5152,42.5454,42.3144,42.2314,42.1602,42.3255,30.3095,42.3880,36.2349,40.8419

3984.6500,42.2977,42.5487,42.5445,42.3279,42.2257,42.1531,42.3288,30.3084,42.3889,36.2308,40.8419

3985.6500,42.2952,42.5271,42.5159,42.3309,42.2343,42.1604,42.3160,30.3012,42.3807,36.2308,40.8351

3986.6500,42.3160,42.5288,42.5278,42.3465,42.2206,42.1453,42.3270,30.3231,42.3879,36.2342,40.8419

3987.6500,42.3251,42.5229,42.5304,42.3319,42.2321,42.1591,42.3458,30.3178,42.3885,36.2385,40.8456

3988.6500,42.2937,42.5386,42.5177,42.3261,42.2435,42.1649,42.3345,30.3147,42.3839,36.2398,40.8417

3989.6500,42.3027,42.5427,42.5092,42.3195,42.2167,42.1627,42.3256,30.2923,42.3781,36.2275,40.8339

3990.6500,42.3415,42.5475,42.5126,42.3494,42.2392,42.1727,42.3657,30.3024,42.3980,36.2376,40.8539

3991.6500,42.3225,42.5398,42.5226,42.3474,42.2463,42.1802,42.3506,30.3292,42.3957,36.2547,40.8548

3992.6500,42.3257,42.5340,42.5433,42.3382,42.2378,42.1560,42.3485,30.2991,42.3958,36.2275,40.8478

3993.6500,42.3195,42.5554,42.5233,42.3225,42.2358,42.1670,42.3285,30.2910,42.3913,36.2290,40.8429

3994.6500,42.3077,42.5405,42.5214,42.3266,42.2473,42.1720,42.3406,30.3101,42.3887,36.2410,40.8458

3995.6500,42.3243,42.5575,42.5087,42.3432,42.2276,42.1732,42.3539,30.3155,42.3922,36.2443,40.8505

3996.6500,42.3229,42.5272,42.5249,42.3408,42.2401,42.1806,42.3311,30.3047,42.3912,36.2427,40.8465

3997.6510,42.3345,42.5584,42.5203,42.3451,42.2206,42.1662,42.3451,30.2977,42.3958,36.2319,40.8485

3998.6500,42.3269,42.5257,42.5090,42.3379,42.2446,42.1446,42.3495,30.2881,42.3888,36.2164,40.8408

3999.6500,42.3222,42.5375,42.5171,42.3511,42.2255,42.1553,42.3548,30.3017,42.3907,36.2285,40.8457

4000.6500,42.3117,42.5535,42.5131,42.3443,42.2364,42.1666,42.3401,30.3099,42.3918,36.2382,40.8469

4001.6500,42.3199,42.5382,42.5340,42.3276,42.2259,42.1641,42.3466,30.3078,42.3891,36.2359,40.8455

4002.6500,42.3142,42.5621,42.5207,42.3394,42.2477,42.1566,42.3445,30.3406,42.3968,36.2486,40.8532

4003.6500,42.3363,42.5557,42.5297,42.3386,42.2475,42.1591,42.3581,30.3117,42.4015,36.2354,40.8546

4004.6500,42.3027,42.5557,42.5269,42.3200,42.2381,42.1507,42.3512,30.3191,42.3887,36.2349,40.8456

4005.6500,42.3172,42.5644,42.5137,42.3491,42.2331,42.1517,42.3538,30.3079,42.3955,36.2298,40.8489

4006.6500,42.3463,42.5467,42.5179,42.3426,42.2399,42.1580,42.3626,30.3176,42.3987,36.2378,40.8540

4007.6510,42.3463,42.5586,42.5311,42.3452,42.2278,42.1641,42.3624,30.2866,42.4018,36.2253,40.8527

4008.6500,42.3316,42.5513,42.5303,42.3509,42.2368,42.1638,42.3792,30.3079,42.4002,36.2358,40.8565

4009.6500,42.3246,42.5464,42.5236,42.3479,42.2512,42.1679,42.3679,30.3192,42.3987,36.2436,40.8561

4010.6500,42.3150,42.5395,42.5209,42.3321,42.2578,42.1671,42.3535,30.3155,42.3930,36.2413,40.8502

4011.6500,42.3434,42.5529,42.5306,42.3247,42.2407,42.1547,42.3489,30.3011,42.3985,36.2279,40.8496

4012.6500,42.3348,42.5636,42.5297,42.3298,42.2395,42.1744,42.3581,30.3144,42.3995,36.2444,40.8555

4013.6500,42.3562,42.5622,42.5431,42.3246,42.2409,42.1410,42.3386,30.3098,42.4054,36.2254,40.8521

4014.6500,42.3374,42.5555,42.5364,42.3468,42.2393,42.1616,42.3575,30.3048,42.4031,36.2332,40.8549

4015.6500,42.3553,42.5612,42.5389,42.3441,42.2465,42.1716,42.3534,30.3112,42.4092,36.2414,40.8603

4016.6500,42.3372,42.5567,42.5353,42.3289,42.2563,42.1703,42.3392,30.3102,42.4029,36.2402,40.8543

4017.6500,42.3093,42.5582,42.5414,42.3536,42.2558,42.1647,42.3569,30.3126,42.4037,36.2386,40.8566

4018.6500,42.3645,42.5540,42.5502,42.3345,42.2669,42.1404,42.3708,30.3135,42.4140,36.2269,40.8619

4019.6500,42.3429,42.5658,42.5337,42.3510,42.2472,42.1574,42.3594,30.3076,42.4081,36.2325,40.8581

4020.6500,42.3525,42.5478,42.5483,42.3600,42.2461,42.1651,42.3535,30.3055,42.4110,36.2353,40.8599

4021.6500,42.3400,42.5626,42.5417,42.3320,42.2424,42.1861,42.3683,30.3075,42.4037,36.2468,40.8601

4022.6500,42.3372,42.5733,42.5324,42.3558,42.2497,42.1568,42.3646,30.3243,42.4097,36.2405,40.8618

4023.6500,42.3530,42.5551,42.5430,42.3352,42.2382,42.1726,42.3659,30.3230,42.4049,36.2478,40.8608

4024.6510,42.3617,42.5574,42.5519,42.3455,42.2371,42.1501,42.3348,30.3148,42.4107,36.2324,40.8566

4025.6500,42.3563,42.5594,42.5464,42.3409,42.2452,42.1647,42.3562,30.3211,42.4096,36.2429,40.8613

4026.6500,42.3453,42.5605,42.5461,42.3346,42.2453,42.1695,42.3699,30.3090,42.4064,36.2393,40.8600

4027.6500,42.3545,42.5656,42.5294,42.3458,42.2285,42.1760,42.3634,30.3146,42.4048,36.2453,40.8597

4028.6500,42.3711,42.5750,42.5452,42.3458,42.2419,42.1995,42.3574,30.2994,42.4158,36.2495,40.8669

4029.6510,42.3363,42.5882,42.5356,42.3525,42.2307,42.1573,42.3711,30.3272,42.4087,36.2422,40.8624

4030.6500,42.3504,42.5748,42.5539,42.3438,42.2499,42.1779,42.3684,30.3222,42.4146,36.2500,40.8677

4031.6500,42.3552,42.5577,42.5642,42.3592,42.2534,42.1646,42.3847,30.3369,42.4179,36.2507,40.8720

4032.6500,42.3329,42.5524,42.5482,42.3553,42.2613,42.1818,42.3632,30.3083,42.4100,36.2451,40.8629

4033.6500,42.3358,42.5550,42.5285,42.3523,42.2247,42.1647,42.3733,30.3380,42.3993,36.2514,40.8591

4034.6500,42.3604,42.5656,42.5470,42.3522,42.2400,42.1702,42.3620,30.3022,42.4131,36.2362,40.8625

4035.6500,42.3204,42.5574,42.5490,42.3579,42.2549,42.1865,42.3658,30.3304,42.4079,36.2585,40.8653

4036.6500,42.3495,42.5707,42.5266,42.3383,42.2393,42.1774,42.3639,30.3142,42.4049,36.2458,40.8600

4037.6500,42.3632,42.5578,42.5420,42.3765,42.2442,42.1828,42.3723,30.3192,42.4167,36.2510,40.8697

4038.6500,42.3432,42.5474,42.5451,42.3545,42.2376,42.1832,42.3722,30.3050,42.4056,36.2441,40.8610

4039.6500,42.3639,42.5502,42.5344,42.3392,42.2430,42.1779,42.3740,30.3203,42.4061,36.2491,40.8629

4040.6500,42.3273,42.5924,42.5520,42.3558,42.2636,42.1613,42.3725,30.3139,42.4182,36.2376,40.8674

4041.6500,42.3640,42.5598,42.5389,42.3483,42.2645,42.1738,42.3641,30.3166,42.4151,36.2452,40.8662

4042.6500,42.3400,42.5656,42.5358,42.3750,42.2646,42.1847,42.3713,30.3337,42.4162,36.2592,40.8713

4043.6500,42.3668,42.5867,42.5309,42.3552,42.2771,42.1953,42.3682,30.3106,42.4233,36.2529,40.8738

4044.6500,42.3370,42.5609,42.5483,42.3526,42.2463,42.1808,42.3693,30.3134,42.4090,36.2471,40.8636

4045.6500,42.3792,42.5668,42.5607,42.3697,42.2425,42.1867,42.3492,30.3066,42.4238,36.2467,40.8702

4046.6500,42.3626,42.5843,42.5481,42.3412,42.2450,42.1855,42.3649,30.3012,42.4162,36.2433,40.8666

4047.6510,42.3513,42.5618,42.5487,42.3498,42.2714,42.1919,42.3763,30.3227,42.4166,36.2573,40.8717

4048.6500,42.3530,42.5699,42.5503,42.3542,42.2382,42.1852,42.3504,30.3093,42.4131,36.2472,40.8638

4049.6500,42.3668,42.5667,42.5532,42.3668,42.2534,42.1781,42.3654,30.3130,42.4214,36.2455,40.8704

4050.6500,42.3572,42.5576,42.5335,42.3722,42.2717,42.1992,42.3703,30.3211,42.4184,36.2601,40.8729

4051.6500,42.3583,42.5787,42.5313,42.3607,42.2886,42.1645,42.3732,30.2983,42.4235,36.2314,40.8692

4052.6500,42.3426,42.5581,42.5604,42.3847,42.2557,42.1850,42.3619,30.3346,42.4203,36.2598,40.8729

4053.6500,42.3471,42.5711,42.5595,42.3666,42.2537,42.1714,42.3857,30.3053,42.4196,36.2383,40.8700

4054.6500,42.3597,42.5768,42.5540,42.3606,42.2728,42.1667,42.3727,30.3109,42.4248,36.2388,40.8718

4055.6500,42.3493,42.5635,42.5422,42.3530,42.2596,42.1921,42.3650,30.3291,42.4135,36.2606,40.8692

4056.6510,42.3381,42.5797,42.5425,42.3547,42.2647,42.1861,42.3696,30.3215,42.4160,36.2538,40.8696

4057.6500,42.3438,42.5798,42.5547,42.3664,42.2443,42.1727,42.3683,30.3217,42.4178,36.2472,40.8690

4058.6500,42.3709,42.5769,42.5448,42.3621,42.2570,42.1836,42.3658,30.3068,42.4223,36.2452,40.8710

4059.6500,42.3279,42.5777,42.5540,42.3504,42.2670,42.1907,42.3834,30.3309,42.4154,36.2608,40.8728

4060.6500,42.3590,42.5752,42.5562,42.3395,42.2567,42.1814,42.3948,30.3441,42.4173,36.2628,40.8759

4061.6500,42.3556,42.5788,42.5509,42.3524,42.2831,42.1971,42.3720,30.3416,42.4242,36.2694,40.8789

4062.6500,42.3375,42.5676,42.5457,42.3677,42.2571,42.1957,42.3774,30.3275,42.4151,36.2616,40.8720

4063.6500,42.3460,42.5471,42.5490,42.3495,42.2642,42.1991,42.3737,30.3150,42.4112,36.2571,40.8680

4064.6500,42.3407,42.5805,42.5419,42.3634,42.2691,42.2068,42.3671,30.3321,42.4191,36.2695,40.8752

4065.6500,42.3551,42.5685,42.5736,42.3705,42.2649,42.1868,42.3798,30.3204,42.4265,36.2536,40.8775

4066.6500,42.3606,42.5734,42.5395,42.3596,42.2583,42.1946,42.3777,30.3156,42.4183,36.2551,40.8724

4067.6500,42.3419,42.5738,42.5627,42.3521,42.2480,42.1968,42.3735,30.3399,42.4157,36.2684,40.8736

4068.6500,42.3570,42.5802,42.5621,42.3571,42.2710,42.1957,42.3678,30.3106,42.4255,36.2531,40.8752

4069.6500,42.3591,42.5698,42.5465,42.3661,42.2754,42.1978,42.3940,30.3291,42.4234,36.2635,40.8797

4070.6500,42.3311,42.5641,42.5669,42.3665,42.2693,42.2102,42.3818,30.3309,42.4196,36.2706,40.8776

4071.6500,42.3472,42.5943,42.5427,42.3600,42.2872,42.1965,42.3716,30.3015,42.4262,36.2490,40.8751

4072.6500,42.3556,42.5682,42.5538,42.3753,42.2650,42.1868,42.3702,30.3091,42.4236,36.2480,40.8730

4073.6500,42.3677,42.5633,42.5428,42.3611,42.3003,42.2017,42.3797,30.3124,42.4270,36.2571,40.8786

4074.6500,42.3426,42.5888,42.5688,42.3931,42.2784,42.1980,42.3796,30.3077,42.4344,36.2529,40.8821

4075.6500,42.3547,42.5671,42.5485,42.3690,42.2798,42.1882,42.3923,30.3195,42.4238,36.2538,40.8774

4076.6500,42.3542,42.5843,42.5554,42.3806,42.2631,42.2036,42.3844,30.3223,42.4275,36.2629,40.8810

4077.6500,42.3809,42.5815,42.5838,42.3900,42.2889,42.1917,42.3770,30.3418,42.4450,36.2667,40.8919

4078.6500,42.3765,42.5835,42.5611,42.3738,42.2807,42.1887,42.3575,30.3157,42.4351,36.2522,40.8797

4079.6510,42.3350,42.5783,42.5601,42.3686,42.2657,42.1964,42.3649,30.3560,42.4215,36.2762,40.8781

4080.6500,42.3437,42.5898,42.5503,42.3708,42.2856,42.1991,42.3792,30.3324,42.4280,36.2658,40.8814

4081.6500,42.3486,42.5706,42.5548,42.3717,42.2700,42.2021,42.3712,30.3279,42.4231,36.2650,40.8771

4082.6500,42.3598,42.5633,42.5461,42.3811,42.2840,42.1976,42.3802,30.3176,42.4269,36.2576,40.8787

4083.6500,42.3581,42.5757,42.5552,42.3753,42.2605,42.1931,42.3530,30.3394,42.4250,36.2662,40.8763

4084.6500,42.3576,42.5692,42.5539,42.3749,42.2636,42.1902,42.3912,30.3355,42.4238,36.2629,40.8795

4085.6500,42.3516,42.5886,42.5733,42.3785,42.2744,42.2019,42.3627,30.3323,42.4333,36.2671,40.8829

4086.6500,42.3469,42.5809,42.5772,42.3768,42.2702,42.1949,42.3726,30.3525,42.4304,36.2737,40.8840

4087.6500,42.3669,42.5970,42.5626,42.3660,42.2856,42.1759,42.3916,30.3234,42.4356,36.2496,40.8836

4088.6500,42.3599,42.5718,42.5551,42.3761,42.2809,42.2088,42.3924,30.3407,42.4288,36.2748,40.8857

4089.6500,42.3552,42.5785,42.5724,42.3591,42.2831,42.1799,42.3921,30.3355,42.4297,36.2577,40.8820

4090.6500,42.3413,42.5895,42.5765,42.3766,42.2795,42.2051,42.3877,30.3374,42.4326,36.2712,40.8867

4091.6500,42.3607,42.6068,42.5705,42.3785,42.2803,42.1998,42.3957,30.3204,42.4394,36.2601,40.8891

4092.6510,42.3590,42.6051,42.5483,42.3745,42.2758,42.2228,42.3828,30.3403,42.4325,36.2816,40.8886

4093.6500,42.3437,42.5869,42.5534,42.3828,42.2693,42.2010,42.3893,30.3380,42.4272,36.2695,40.8831

4094.6500,42.3525,42.5953,42.5642,42.3657,42.2864,42.1893,42.3931,30.3389,42.4328,36.2641,40.8857

4095.6500,42.3462,42.5762,42.5735,42.3726,42.2839,42.2202,42.3736,30.3443,42.4305,36.2822,40.8863

4096.6500,42.3523,42.5881,42.5770,42.3845,42.2649,42.1989,42.3771,30.3307,42.4334,36.2648,40.8842

4097.6500,42.3614,42.5802,42.5728,42.3664,42.2819,42.2330,42.3803,30.3211,42.4325,36.2770,40.8871

4098.6510,42.3751,42.5599,42.5696,42.3865,42.2723,42.2165,42.3832,30.3434,42.4327,36.2799,40.8883

4099.6500,42.3678,42.5772,42.5498,42.3834,42.2808,42.2153,42.3922,30.3496,42.4318,36.2825,40.8895

4100.6500,42.3675,42.5936,42.5783,42.3719,42.2833,42.2122,42.3779,30.3376,42.4389,36.2749,40.8903

4101.6500,42.3727,42.5856,42.5791,42.3875,42.2713,42.2086,42.3889,30.3128,42.4392,36.2607,40.8883

4102.6500,42.3764,42.5898,42.5610,42.3900,42.2667,42.2184,42.3821,30.3029,42.4368,36.2606,40.8859

4103.6500,42.3529,42.5812,42.5533,42.3738,42.2655,42.2125,42.4003,30.3242,42.4253,36.2684,40.8830

4104.6500,42.3614,42.6026,42.5645,42.3790,42.2675,42.2307,42.3785,30.3234,42.4350,36.2771,40.8884

4105.6500,42.3844,42.5911,42.5609,42.3703,42.2756,42.2161,42.3833,30.3378,42.4365,36.2769,40.8899

4106.6500,42.3917,42.5812,42.5691,42.3692,42.2573,42.2052,42.3976,30.3263,42.4337,36.2658,40.8872

4107.6500,42.3815,42.5818,42.5841,42.3809,42.2699,42.2420,42.4051,30.3231,42.4396,36.2825,40.8960

4108.6500,42.3669,42.5720,42.5775,42.3474,42.2856,42.2298,42.4032,30.3323,42.4299,36.2811,40.8893

4109.6500,42.3753,42.5772,42.5823,42.3722,42.2758,42.2210,42.4150,30.3215,42.4366,36.2712,40.8925

4110.6500,42.3705,42.6043,42.5667,42.3812,42.2882,42.1957,42.4077,30.3247,42.4422,36.2602,40.8924

4111.6500,42.3687,42.6030,42.5635,42.3892,42.2687,42.2022,42.4259,30.3524,42.4386,36.2773,40.8967

4112.6500,42.3675,42.5894,42.5787,42.3793,42.2722,42.2057,42.3923,30.3399,42.4374,36.2728,40.8906

4113.6500,42.3827,42.5769,42.5649,42.3729,42.2660,42.2223,42.3984,30.3257,42.4327,36.2740,40.8887

4114.6500,42.3899,42.5981,42.5637,42.3838,42.2811,42.2119,42.4052,30.3213,42.4433,36.2666,40.8944

4115.6500,42.3647,42.5782,42.5824,42.3973,42.2912,42.2187,42.3815,30.3385,42.4428,36.2786,40.8941

4116.6500,42.3747,42.5927,42.5564,42.3802,42.2761,42.2306,42.3947,30.3392,42.4360,36.2849,40.8931

4117.6500,42.3704,42.5833,42.5801,42.3788,42.2811,42.2128,42.4151,30.3622,42.4388,36.2875,40.8980

4118.6500,42.3785,42.5897,42.5818,42.3535,42.2502,42.2302,42.3902,30.3530,42.4307,36.2916,40.8909

4119.6500,42.3799,42.5954,42.5675,42.3690,42.2725,42.2204,42.3932,30.3525,42.4368,36.2864,40.8938

4120.6510,42.3465,42.6120,42.5916,42.3796,42.2772,42.2135,42.4038,30.3413,42.4414,36.2774,40.8957

4121.6500,42.3719,42.5858,42.5640,42.3887,42.2808,42.2152,42.3804,30.3501,42.4383,36.2826,40.8921

4122.6500,42.3519,42.6172,42.5814,42.3825,42.2724,42.2073,42.4146,30.3411,42.4411,36.2742,40.8960

4123.6500,42.3709,42.5925,42.5548,42.3744,42.2593,42.1984,42.4098,30.3387,42.4304,36.2686,40.8874

4124.6500,42.3837,42.5925,42.5790,42.3805,42.2874,42.2186,42.3651,30.3577,42.4446,36.2882,40.8956

4125.6510,42.3780,42.5818,42.5842,42.3945,42.2967,42.2162,42.3875,30.3243,42.4470,36.2702,40.8954

4126.6500,42.3786,42.6073,42.5701,42.3814,42.2703,42.2024,42.4060,30.3436,42.4415,36.2730,40.8950

4127.6500,42.3880,42.5841,42.5794,42.3716,42.2792,42.2313,42.3842,30.3381,42.4405,36.2847,40.8945

4128.6500,42.3840,42.6022,42.5701,42.3730,42.2743,42.2032,42.3921,30.3280,42.4407,36.2656,40.8909

4129.6500,42.3784,42.5907,42.5754,42.3745,42.2640,42.2226,42.3838,30.3364,42.4366,36.2795,40.8907

4130.6500,42.3858,42.5932,42.5672,42.3603,42.3063,42.2012,42.3994,30.3392,42.4426,36.2702,40.8941

4131.6500,42.3963,42.5934,42.5865,42.3847,42.2931,42.2033,42.4014,30.3418,42.4508,36.2725,40.9001

4132.6500,42.3926,42.6155,42.5676,42.3914,42.2773,42.2173,42.3998,30.3268,42.4489,36.2721,40.8986

4133.6500,42.3848,42.5878,42.5845,42.3712,42.2946,42.2123,42.3902,30.3330,42.4446,36.2727,40.8948

4134.6500,42.3616,42.6133,42.5706,42.3874,42.2700,42.2030,42.3786,30.3283,42.4406,36.2657,40.8891

4135.6500,42.3741,42.6103,42.5815,42.3779,42.3006,42.2174,42.3960,30.3419,42.4489,36.2797,40.9000

4136.6500,42.3728,42.5938,42.5966,42.3647,42.2919,42.2142,42.3809,30.3387,42.4439,36.2764,40.8942

4137.6500,42.3992,42.5955,42.5625,42.3622,42.2751,42.2095,42.3854,30.3414,42.4389,36.2755,40.8913

4138.6500,42.4002,42.5814,42.5898,42.3820,42.2868,42.2296,42.3950,30.3237,42.4481,36.2767,40.8986

4139.6500,42.3997,42.6028,42.5912,42.3918,42.2858,42.2305,42.3974,30.3246,42.4543,36.2775,40.9030

4140.6500,42.3660,42.5812,42.5733,42.3958,42.2819,42.2075,42.4106,30.3319,42.4397,36.2697,40.8935

4141.6500,42.3788,42.5954,42.5545,42.3881,42.2803,42.2008,42.4095,30.3335,42.4394,36.2672,40.8926

4142.6500,42.3704,42.5975,42.5845,42.3943,42.2965,42.2054,42.4120,30.3415,42.4486,36.2734,40.9003

4143.6500,42.3845,42.5974,42.5802,42.3854,42.2934,42.2134,42.4110,30.3309,42.4482,36.2722,40.8995

4144.6500,42.3747,42.5997,42.5834,42.4003,42.2799,42.2143,42.4296,30.3219,42.4476,36.2681,40.9005

4145.6500,42.3774,42.6108,42.5801,42.4025,42.2802,42.2030,42.3979,30.3504,42.4502,36.2767,40.9003

4146.6500,42.3859,42.6086,42.5998,42.3994,42.3050,42.2334,42.4017,30.3097,42.4597,36.2715,40.9054

4147.6500,42.3736,42.6211,42.5812,42.3906,42.2996,42.2438,42.4203,30.3282,42.4532,36.2860,40.9073

4148.6500,42.3699,42.6015,42.5801,42.3858,42.3025,42.2174,42.4011,30.3377,42.4480,36.2776,40.8995

4149.6500,42.3793,42.5972,42.5925,42.3949,42.2896,42.2222,42.3936,30.3279,42.4507,36.2750,40.8996

4150.6510,42.3878,42.5941,42.5797,42.3993,42.2980,42.2195,42.3952,30.3393,42.4518,36.2794,40.9016

4151.6500,42.3687,42.5971,42.5873,42.3661,42.2883,42.2315,42.4172,30.3115,42.4415,36.2715,40.8960

4152.6510,42.3877,42.5950,42.6099,42.3830,42.2929,42.2324,42.3877,30.3242,42.4537,36.2783,40.9016

4153.6500,42.3756,42.6142,42.5960,42.3841,42.3068,42.2208,42.4115,30.3364,42.4553,36.2786,40.9057

4154.6500,42.3829,42.6077,42.5859,42.3892,42.2880,42.2146,42.4022,30.3405,42.4507,36.2775,40.9014

4155.6500,42.4209,42.6246,42.5888,42.3815,42.2903,42.2303,42.3917,30.3470,42.4612,36.2886,40.9094

4156.6500,42.3706,42.6048,42.5797,42.4008,42.2995,42.2204,42.4031,30.3252,42.4511,36.2728,40.9005

4157.6500,42.3929,42.6202,42.5882,42.3720,42.2986,42.2335,42.4134,30.3455,42.4544,36.2895,40.9080

4158.6500,42.3818,42.6099,42.5876,42.3924,42.2934,42.2255,42.4035,30.3393,42.4530,36.2824,40.9042

4159.6500,42.3723,42.6177,42.5740,42.4173,42.2989,42.2291,42.4085,30.3476,42.4560,36.2884,40.9082

4160.6500,42.4025,42.6062,42.5718,42.3859,42.2900,42.1984,42.4115,30.3175,42.4513,36.2579,40.8980

4161.6500,42.3817,42.6113,42.5900,42.4022,42.2864,42.2283,42.4296,30.3398,42.4543,36.2840,40.9087

4162.6500,42.3780,42.6074,42.5999,42.3912,42.3046,42.2344,42.4200,30.3172,42.4562,36.2758,40.9066

4163.6500,42.3845,42.5991,42.5908,42.3895,42.2859,42.2403,42.3992,30.3327,42.4499,36.2865,40.9027

4164.6500,42.3762,42.6132,42.5932,42.3752,42.3009,42.2400,42.3989,30.3337,42.4518,36.2869,40.9039

4165.6510,42.3741,42.5924,42.5729,42.3860,42.2970,42.2263,42.4176,30.3269,42.4445,36.2766,40.8992

4166.6500,42.3920,42.5988,42.5895,42.4045,42.3088,42.2512,42.3989,30.3582,42.4587,36.3047,40.9127

4167.6500,42.3916,42.6110,42.5915,42.4027,42.3227,42.2432,42.3995,30.3464,42.4639,36.2948,40.9136

4168.6500,42.3739,42.6041,42.5920,42.4061,42.3130,42.2219,42.4061,30.3126,42.4578,36.2672,40.9037

4169.6500,42.4092,42.6209,42.5739,42.4112,42.2990,42.2557,42.4224,30.3496,42.4628,36.3027,40.9177

4170.6500,42.3760,42.6015,42.5671,42.3839,42.2854,42.2142,42.4044,30.3326,42.4428,36.2734,40.8956

4171.6500,42.3791,42.6057,42.5796,42.4281,42.3201,42.2410,42.4081,30.3207,42.4625,36.2809,40.9103

4172.6500,42.4031,42.6072,42.5946,42.4031,42.2915,42.2548,42.4245,30.3421,42.4599,36.2984,40.9151

4173.6500,42.3834,42.6099,42.6001,42.4072,42.2969,42.2304,42.4114,30.3377,42.4595,36.2841,40.9096

4174.6500,42.3448,42.6070,42.5833,42.4016,42.2923,42.2528,42.4118,30.3401,42.4458,36.2964,40.9042

4175.6500,42.4020,42.6167,42.5903,42.3908,42.3313,42.2332,42.4141,30.3495,42.4662,36.2914,40.9160

4176.6500,42.3698,42.5920,42.5762,42.3795,42.2899,42.2266,42.4121,30.3371,42.4415,36.2819,40.8979

4177.6500,42.3682,42.6103,42.5843,42.3955,42.3069,42.2204,42.4188,30.3247,42.4531,36.2726,40.9036

4178.6510,42.3816,42.6196,42.5908,42.3928,42.3142,42.2514,42.4170,30.3457,42.4598,36.2986,40.9141

4179.6500,42.3891,42.6133,42.5887,42.4111,42.3096,42.2040,42.4111,30.3321,42.4623,36.2681,40.9074

4180.6500,42.3900,42.5933,42.5859,42.4106,42.2933,42.2319,42.4018,30.3176,42.4546,36.2747,40.9030

4181.6500,42.4073,42.5951,42.5964,42.4054,42.3074,42.2246,42.4240,30.3473,42.4623,36.2860,40.9134

4182.6500,42.3820,42.6143,42.5915,42.4167,42.2932,42.2439,42.4200,30.3424,42.4596,36.2932,40.9130

4183.6500,42.3965,42.6293,42.5963,42.3982,42.2919,42.2454,42.4145,30.3538,42.4624,36.2996,40.9157

4184.6500,42.3808,42.6049,42.6077,42.3924,42.2878,42.2404,42.4199,30.3505,42.4547,36.2955,40.9105

4185.6500,42.3958,42.5952,42.5761,42.4106,42.2898,42.2284,42.4208,30.3511,42.4535,36.2898,40.9085

4186.6500,42.3811,42.5943,42.6082,42.3991,42.2709,42.2537,42.4256,30.3320,42.4507,36.2929,40.9081

4187.6500,42.3755,42.5875,42.5796,42.3941,42.2923,42.2291,42.4299,30.3283,42.4458,36.2787,40.9020

4188.6510,42.4038,42.5967,42.5730,42.4089,42.3053,42.2123,42.4377,30.3231,42.4576,36.2677,40.9076

4189.6500,42.3908,42.6082,42.6319,42.3995,42.2964,42.2555,42.4409,30.3508,42.4654,36.3031,40.9217

4190.6500,42.3773,42.6265,42.5814,42.3848,42.2927,42.2257,42.4327,30.3320,42.4525,36.2789,40.9066

4191.6500,42.3824,42.6088,42.5977,42.4071,42.3001,42.2243,42.4196,30.3399,42.4592,36.2821,40.9100

4192.6500,42.3985,42.5981,42.5953,42.4010,42.2813,42.2320,42.4172,30.3524,42.4548,36.2922,40.9095

4193.6510,42.3809,42.6085,42.5830,42.4045,42.2972,42.2368,42.4249,30.3822,42.4548,36.3095,40.9147

4194.6500,42.4224,42.6156,42.5956,42.4082,42.3169,42.2322,42.4343,30.3362,42.4717,36.2842,40.9202

4195.6500,42.3781,42.6034,42.5987,42.4021,42.3037,42.2293,42.4272,30.3366,42.4572,36.2830,40.9099

4196.6500,42.3903,42.6157,42.5845,42.3953,42.3062,42.2285,42.4306,30.3207,42.4584,36.2746,40.9090

4197.6500,42.4153,42.5963,42.6014,42.3955,42.3144,42.2237,42.4299,30.3521,42.4646,36.2879,40.9161

4198.6500,42.3879,42.6034,42.5908,42.4137,42.3093,42.2335,42.4109,30.3568,42.4610,36.2951,40.9133

4199.6500,42.3993,42.6021,42.6031,42.4097,42.3119,42.2296,42.4199,30.3523,42.4652,36.2910,40.9160

4200.6500,42.4129,42.6226,42.5910,42.3920,42.2730,42.2000,42.4190,30.3662,42.4583,36.2831,40.9096

4201.6500,42.3978,42.6126,42.5931,42.4211,42.2997,42.2318,42.4122,30.3368,42.4648,36.2843,40.9131

4202.6500,42.4076,42.6260,42.5897,42.3791,42.3040,42.2184,42.4303,30.3594,42.4613,36.2889,40.9143

4203.6500,42.3889,42.6206,42.6044,42.4003,42.3099,42.2178,42.4166,30.3569,42.4648,36.2874,40.9144

4204.6500,42.3915,42.6256,42.5796,42.3955,42.2902,42.2386,42.4076,30.3327,42.4565,36.2857,40.9077

4205.6500,42.3858,42.6205,42.5851,42.4159,42.3049,42.2426,42.4150,30.3467,42.4625,36.2947,40.9146

4206.6500,42.4085,42.6139,42.5837,42.3885,42.2909,42.2272,42.4131,30.3500,42.4571,36.2886,40.9095

4207.6500,42.4036,42.6148,42.6004,42.3931,42.3097,42.2302,42.4298,30.3337,42.4643,36.2820,40.9144

4208.6500,42.3924,42.6192,42.5932,42.3807,42.3022,42.2297,42.4221,30.3557,42.4575,36.2927,40.9119

4209.6500,42.3816,42.6039,42.6029,42.3993,42.2803,42.2473,42.4295,30.3636,42.4536,36.3055,40.9136

4210.6500,42.3797,42.6273,42.5910,42.4042,42.2904,42.2230,42.4111,30.3565,42.4585,36.2897,40.9104

4211.6500,42.3931,42.6193,42.6054,42.3994,42.2913,42.2267,42.4139,30.3339,42.4617,36.2803,40.9104

4212.6500,42.3833,42.6235,42.6170,42.3971,42.3056,42.2387,42.4231,30.3305,42.4653,36.2846,40.9148

4213.6500,42.4023,42.6153,42.6079,42.4150,42.3033,42.2326,42.4168,30.3390,42.4688,36.2858,40.9165

4214.6500,42.3936,42.6165,42.5910,42.4088,42.2909,42.2444,42.4162,30.3504,42.4602,36.2974,40.9140

4215.6500,42.3838,42.6049,42.6067,42.4287,42.3103,42.2411,42.4282,30.3513,42.4669,36.2962,40.9194

4216.6500,42.4036,42.6097,42.5916,42.4015,42.3055,42.2478,42.4359,30.3562,42.4624,36.3020,40.9190

4217.6560,42.4063,42.6429,42.6048,42.4035,42.3208,42.2515,42.4347,30.3402,42.4757,36.2958,40.9256

4218.6500,42.3940,42.6205,42.6070,42.3848,42.2931,42.2531,42.4136,30.3273,42.4599,36.2902,40.9117

4219.6500,42.3825,42.6180,42.5948,42.3977,42.2849,42.2030,42.4316,30.3504,42.4556,36.2767,40.9079

4220.6510,42.3913,42.6184,42.5891,42.3910,42.3011,42.2244,42.4078,30.3372,42.4582,36.2808,40.9075

4221.6500,42.4068,42.6400,42.6070,42.4187,42.2980,42.2617,42.4261,30.3580,42.4741,36.3099,40.9270

4222.6500,42.3950,42.6222,42.5980,42.4083,42.3178,42.2229,42.4251,30.3691,42.4683,36.2960,40.9198

4223.6500,42.3924,42.6369,42.6039,42.4012,42.3180,42.2362,42.4226,30.3403,42.4705,36.2882,40.9189

4224.6500,42.4204,42.6398,42.5947,42.4236,42.3041,42.2349,42.4264,30.3464,42.4765,36.2906,40.9238

4225.6500,42.4121,42.6214,42.6047,42.4048,42.2912,42.2145,42.4364,30.3549,42.4668,36.2847,40.9175

4226.6510,42.3952,42.6355,42.6118,42.4194,42.3023,42.2372,42.4166,30.3403,42.4728,36.2887,40.9198

4227.6500,42.4137,42.6272,42.5761,42.4190,42.3063,42.2394,42.4115,30.3693,42.4685,36.3043,40.9203

4228.6500,42.4070,42.6160,42.6123,42.4040,42.2940,42.2377,42.4412,30.3639,42.4667,36.3008,40.9220

4229.6500,42.4196,42.5877,42.5970,42.4054,42.3043,42.2639,42.4092,30.3687,42.4628,36.3163,40.9195

4230.6500,42.4038,42.6226,42.6087,42.4013,42.2889,42.2424,42.4246,30.3494,42.4651,36.2959,40.9177

4231.6500,42.4087,42.6172,42.5954,42.4090,42.2994,42.2218,42.4308,30.3567,42.4659,36.2892,40.9174

4232.6500,42.4099,42.6241,42.6022,42.3972,42.3109,42.2249,42.4256,30.3626,42.4689,36.2938,40.9197

4233.6510,42.4007,42.6140,42.5856,42.3932,42.3268,42.2370,42.4039,30.3617,42.4640,36.2994,40.9154

4234.6500,42.4049,42.6153,42.5981,42.3968,42.2980,42.2659,42.4326,30.3561,42.4626,36.3110,40.9210

4235.6500,42.4088,42.6274,42.5954,42.3955,42.3097,42.2446,42.4285,30.3469,42.4674,36.2958,40.9196

4236.6500,42.4142,42.6215,42.6052,42.4035,42.3087,42.2394,42.4314,30.3515,42.4706,36.2954,40.9219

4237.6500,42.4105,42.6060,42.5981,42.4182,42.3208,42.2371,42.4340,30.3505,42.4707,36.2938,40.9219

4238.6500,42.4273,42.6401,42.5950,42.4040,42.3074,42.2558,42.4347,30.3516,42.4748,36.3037,40.9270

4239.6510,42.3999,42.6017,42.5957,42.4264,42.3037,42.2455,42.4385,30.3849,42.4655,36.3152,40.9245

4240.6500,42.3989,42.6294,42.6057,42.4141,42.3198,42.2287,42.4225,30.3665,42.4736,36.2976,40.9232

4241.6510,42.3864,42.6186,42.6135,42.4117,42.3074,42.2479,42.4206,30.3375,42.4675,36.2927,40.9179

4242.6500,42.4194,42.6317,42.5997,42.4193,42.2981,42.2451,42.4281,30.3468,42.4736,36.2960,40.9235

4243.6500,42.4004,42.6332,42.6095,42.4375,42.3037,42.2493,42.4124,30.3450,42.4769,36.2972,40.9239

4244.6510,42.4020,42.6203,42.6176,42.4167,42.3127,42.2672,42.4279,30.3739,42.4739,36.3205,40.9298

4245.6500,42.4041,42.6333,42.5910,42.4055,42.2888,42.2265,42.4241,30.3572,42.4645,36.2918,40.9163

4246.6500,42.4075,42.6228,42.5991,42.3838,42.3173,42.2481,42.4220,30.3602,42.4661,36.3041,40.9201

4247.6500,42.4177,42.6198,42.6064,42.4162,42.3098,42.2387,42.4488,30.3601,42.4740,36.2994,40.9272

4248.6500,42.3938,42.6012,42.5984,42.4097,42.3152,42.2515,42.4427,30.3623,42.4637,36.3069,40.9219

4249.6500,42.3736,42.6291,42.6082,42.4041,42.3201,42.2327,42.4366,30.3513,42.4670,36.2920,40.9195

4250.6500,42.3975,42.6196,42.6113,42.4179,42.3063,42.2482,42.4486,30.3463,42.4705,36.2972,40.9245

4251.6510,42.3995,42.6372,42.6047,42.4294,42.3158,42.2396,42.4345,30.3554,42.4773,36.2975,40.9270

4252.6510,42.4028,42.6467,42.6174,42.3896,42.3168,42.2498,42.4398,30.3502,42.4747,36.3000,40.9266

4253.6500,42.4174,42.6380,42.6009,42.4303,42.3249,42.2337,42.4433,30.3608,42.4823,36.2972,40.9311

4254.6500,42.4442,42.6221,42.6147,42.4134,42.3048,42.2508,42.4455,30.3409,42.4798,36.2959,40.9295

4255.6500,42.4380,42.6226,42.6040,42.4060,42.3195,42.2595,42.4152,30.3474,42.4780,36.3034,40.9265

4256.6500,42.4141,42.6211,42.6062,42.4082,42.3341,42.2379,42.4296,30.3504,42.4767,36.2942,40.9252

4257.6500,42.4147,42.6267,42.6169,42.4110,42.3189,42.2482,42.4193,30.3411,42.4776,36.2947,40.9246

4258.6500,42.4039,42.6292,42.6041,42.4145,42.3379,42.2468,42.4344,30.3580,42.4779,36.3024,40.9286

4259.6500,42.4128,42.6181,42.6060,42.4354,42.3222,42.2761,42.4257,30.3468,42.4789,36.3115,40.9304

4260.6500,42.4119,42.6314,42.6142,42.4138,42.3171,42.2617,42.4268,30.3520,42.4777,36.3068,40.9286

4261.6510,42.4133,42.6427,42.6045,42.4377,42.3119,42.2533,42.4288,30.3392,42.4820,36.2963,40.9289

4262.6500,42.3968,42.6365,42.5942,42.4180,42.3080,42.2629,42.4394,30.3644,42.4707,36.3136,40.9275

4263.6500,42.4098,42.6339,42.6149,42.4145,42.3219,42.2606,42.4308,30.3376,42.4790,36.2991,40.9280

4264.6500,42.4110,42.6261,42.6093,42.4099,42.3073,42.2547,42.4378,30.3641,42.4727,36.3094,40.9275

4265.6510,42.3986,42.6125,42.6111,42.4219,42.3205,42.2545,42.4438,30.3395,42.4730,36.2970,40.9253

4266.6500,42.4148,42.6407,42.6170,42.4064,42.3209,42.2814,42.4310,30.3450,42.4800,36.3132,40.9322

4267.6500,42.4101,42.6067,42.6173,42.4444,42.3190,42.2581,42.4509,30.3553,42.4795,36.3067,40.9327

4268.6500,42.4001,42.6240,42.6156,42.4157,42.3215,42.2471,42.4366,30.3508,42.4754,36.2990,40.9264

4269.6500,42.4097,42.6344,42.6102,42.4038,42.3191,42.2633,42.4229,30.3366,42.4755,36.2999,40.9250

4270.6500,42.4366,42.6219,42.6233,42.4230,42.3483,42.2725,42.4253,30.3473,42.4906,36.3099,40.9373

4271.6500,42.4131,42.6485,42.6048,42.4198,42.2997,42.2551,42.4477,30.3382,42.4772,36.2966,40.9284

4272.6500,42.4045,42.6277,42.6040,42.4087,42.3264,42.2613,42.4394,30.3497,42.4743,36.3055,40.9277

4273.6500,42.4086,42.6267,42.5784,42.4078,42.3347,42.2449,42.4482,30.3373,42.4712,36.2911,40.9233

4274.6500,42.4044,42.6219,42.6136,42.4244,42.3212,42.2431,42.4485,30.3204,42.4771,36.2817,40.9247

4275.6500,42.4112,42.6076,42.6183,42.4203,42.3172,42.2415,42.4235,30.3479,42.4749,36.2947,40.9234

4276.6500,42.4210,42.6090,42.6216,42.4268,42.3471,42.2434,42.4533,30.3419,42.4851,36.2926,40.9330

4277.6500,42.4141,42.6196,42.6117,42.4160,42.3318,42.2513,42.4295,30.3433,42.4787,36.2973,40.9272

4278.6500,42.3984,42.6336,42.6025,42.4049,42.3217,42.2413,42.4407,30.3439,42.4722,36.2926,40.9234

4279.6500,42.4046,42.6405,42.6191,42.4011,42.3232,42.2614,42.4067,30.3605,42.4777,36.3109,40.9271

4280.6500,42.4120,42.6138,42.6217,42.4223,42.3208,42.2562,42.4311,30.3530,42.4781,36.3046,40.9289

4281.6500,42.4273,42.6393,42.5998,42.4282,42.3380,42.2813,42.4422,30.3548,42.4865,36.3181,40.9389

4282.6500,42.4104,42.6276,42.6058,42.4157,42.3295,42.2547,42.4454,30.3429,42.4778,36.2988,40.9290

4283.6500,42.3976,42.6481,42.6105,42.4157,42.3353,42.2688,42.4334,30.3474,42.4815,36.3081,40.9321

4284.6500,42.4210,42.6514,42.6151,42.4427,42.3253,42.2551,42.4352,30.3617,42.4911,36.3084,40.9384

4285.6500,42.4136,42.6406,42.6243,42.4137,42.3415,42.2657,42.4602,30.3452,42.4867,36.3054,40.9381

4286.6500,42.4101,42.6508,42.6039,42.4095,42.3339,42.2418,42.4514,30.3469,42.4817,36.2944,40.9310

4287.6500,42.4284,42.6460,42.6209,42.4191,42.3159,42.2768,42.4740,30.3489,42.4860,36.3128,40.9412

4288.6500,42.4336,42.6244,42.6146,42.4250,42.3104,42.2565,42.4389,30.3537,42.4816,36.3051,40.9321

4289.6510,42.4203,42.6436,42.6176,42.4131,42.3231,42.2725,42.4437,30.3459,42.4835,36.3092,40.9350

4290.6500,42.4120,42.6411,42.6234,42.4319,42.3623,42.2433,42.4468,30.3605,42.4941,36.3019,40.9402

4291.6500,42.4339,42.6520,42.6102,42.4080,42.3502,42.2637,42.4428,30.3657,42.4908,36.3147,40.9408

4292.6500,42.4195,42.6353,42.6153,42.4303,42.3321,42.2628,42.4428,30.3545,42.4865,36.3087,40.9366

4293.6500,42.4427,42.6535,42.6158,42.4234,42.3149,42.2614,42.4378,30.3676,42.4901,36.3145,40.9396

4294.6500,42.4134,42.6242,42.6158,42.4457,42.3283,42.2725,42.4610,30.3577,42.4855,36.3151,40.9398

4295.6500,42.4156,42.6270,42.6093,42.4378,42.3138,42.2608,42.4555,30.3266,42.4807,36.2937,40.9308

4296.6500,42.4258,42.6352,42.6083,42.4209,42.3222,42.2668,42.4284,30.3458,42.4825,36.3063,40.9317

4297.6500,42.4288,42.6272,42.6272,42.4310,42.3182,42.2633,42.4519,30.3329,42.4865,36.2981,40.9351

4298.6500,42.4047,42.6332,42.6086,42.4185,42.3262,42.2388,42.4412,30.3682,42.4782,36.3035,40.9299

4299.6500,42.4116,42.6351,42.6100,42.4166,42.2833,42.2475,42.4464,30.3545,42.4713,36.3010,40.9256

4300.6500,42.4316,42.6432,42.6074,42.4247,42.3261,42.2573,42.4414,30.3700,42.4866,36.3136,40.9377

4301.6500,42.3987,42.6393,42.6115,42.4357,42.3290,42.2681,42.4423,30.3626,42.4829,36.3153,40.9359

4302.6500,42.4373,42.6554,42.6317,42.4462,42.3360,42.2737,42.4411,30.3574,42.5013,36.3155,40.9473

4303.6500,42.4285,42.6370,42.6137,42.4338,42.3350,42.2611,42.4524,30.3461,42.4896,36.3036,40.9385

4304.6500,42.4302,42.6369,42.6123,42.4138,42.3075,42.2600,42.4370,30.3554,42.4801,36.3077,40.9317

4305.6500,42.4237,42.6139,42.6125,42.4289,42.3163,42.2536,42.4526,30.3460,42.4791,36.2998,40.9309

4306.6500,42.4323,42.6392,42.6210,42.4188,42.3259,42.2715,42.4332,30.3477,42.4874,36.3096,40.9362

4307.6500,42.4197,42.6273,42.5990,42.4177,42.3086,42.2644,42.4563,30.3533,42.4745,36.3089,40.9308

4308.6500,42.4257,42.6298,42.6144,42.4364,42.3253,42.2416,42.4564,30.3481,42.4863,36.2948,40.9347

4309.6500,42.4139,42.6366,42.6260,42.4219,42.3297,42.2674,42.4428,30.3615,42.4856,36.3144,40.9375

4310.6500,42.4098,42.6433,42.6177,42.4476,42.3275,42.2792,42.4466,30.3752,42.4892,36.3272,40.9434

4311.6500,42.4328,42.6312,42.5992,42.4095,42.3314,42.2659,42.4439,30.3458,42.4808,36.3059,40.9325

4312.6500,42.4020,42.6090,42.6243,42.4333,42.3369,42.2532,42.4538,30.3683,42.4811,36.3108,40.9351

4313.6500,42.4189,42.6296,42.6393,42.4115,42.3236,42.2520,42.4441,30.3510,42.4846,36.3015,40.9337

4314.6500,42.4182,42.6297,42.6172,42.4196,42.3322,42.2843,42.4540,30.3372,42.4834,36.3108,40.9366

4315.6500,42.4263,42.6458,42.6146,42.4528,42.3449,42.2682,42.4505,30.3467,42.4969,36.3075,40.9437

4316.6500,42.4228,42.6549,42.6363,42.4327,42.3205,42.2731,42.4499,30.3385,42.4935,36.3058,40.9411

4317.6500,42.4406,42.6559,42.6387,42.4337,42.3318,42.2751,42.4565,30.3396,42.5001,36.3073,40.9465

4318.6500,42.4189,42.6419,42.6192,42.4453,42.3417,42.2381,42.4462,30.3459,42.4934,36.2920,40.9372

4319.6500,42.4323,42.6445,42.6403,42.4140,42.3346,42.2677,42.4544,30.3514,42.4931,36.3095,40.9424

4320.6500,42.4453,42.6506,42.6306,42.4325,42.3309,42.2472,42.4451,30.3707,42.4980,36.3090,40.9441

4321.6500,42.4012,42.6464,42.6203,42.4233,42.3510,42.2664,42.4656,30.3505,42.4884,36.3084,40.9406

4322.6500,42.4087,42.6332,42.6137,42.4301,42.3325,42.2642,42.4598,30.3389,42.4837,36.3015,40.9351

4323.6500,42.4312,42.6405,42.6103,42.4485,42.3354,42.2536,42.4444,30.3545,42.4932,36.3040,40.9398

4324.6500,42.4483,42.6384,42.6194,42.4362,42.3405,42.2633,42.4418,30.3451,42.4966,36.3042,40.9416

4325.6500,42.4400,42.6361,42.6347,42.4209,42.3308,42.2629,42.4441,30.3569,42.4925,36.3099,40.9408

4326.6500,42.4263,42.6609,42.6227,42.4266,42.3351,42.2780,42.4568,30.3481,42.4943,36.3130,40.9443

4327.6500,42.4314,42.6458,42.6207,42.4311,42.3328,42.2705,42.4478,30.3524,42.4924,36.3115,40.9416

4328.6500,42.4654,42.6431,42.6166,42.4344,42.3306,42.2511,42.4400,30.3431,42.4980,36.2971,40.9405

4329.6500,42.4408,42.6343,42.6208,42.4307,42.3152,42.2836,42.4670,30.3562,42.4884,36.3199,40.9436

4330.6500,42.4161,42.6413,42.6106,42.4395,42.3273,42.2599,42.4526,30.3552,42.4870,36.3076,40.9378

4331.6500,42.4302,42.6612,42.6375,42.4492,42.3242,42.2637,42.4581,30.3690,42.5005,36.3164,40.9491

4332.6510,42.4241,42.6501,42.6153,42.4233,42.3121,42.2619,42.4558,30.3549,42.4850,36.3084,40.9372

4333.6500,42.4234,42.6432,42.6274,42.4419,42.3202,42.2686,42.4526,30.3725,42.4912,36.3206,40.9437

4334.6500,42.4356,42.6580,42.6198,42.4325,42.3435,42.2589,42.4488,30.3552,42.4979,36.3070,40.9440

4335.6500,42.4257,42.6606,42.6057,42.4426,42.3364,42.2830,42.4537,30.3645,42.4942,36.3237,40.9465

4336.6500,42.4306,42.6277,42.6282,42.4473,42.3348,42.2767,42.4655,30.3412,42.4937,36.3089,40.9440

4337.6500,42.4440,42.6480,42.6374,42.4268,42.3353,42.2739,42.4468,30.3346,42.4983,36.3043,40.9433

4338.6500,42.4308,42.6594,42.6036,42.4405,42.3401,42.2527,42.4711,30.3574,42.4949,36.3051,40.9445

4339.6500,42.4228,42.6328,42.6212,42.4311,42.3341,42.3015,42.4683,30.3611,42.4884,36.3313,40.9466

4340.6500,42.4211,42.6453,42.6434,42.4412,42.3416,42.2835,42.4626,30.3594,42.4985,36.3214,40.9498

4341.6500,42.4398,42.6593,42.6175,42.4566,42.3263,42.2603,42.4585,30.3580,42.4999,36.3092,40.9470

4342.6500,42.4250,42.6470,42.6233,42.4416,42.3431,42.2609,42.4709,30.3722,42.4960,36.3165,40.9480

4343.6500,42.4408,42.6500,42.6375,42.4232,42.3493,42.2679,42.4599,30.3662,42.5002,36.3170,40.9493

4344.6500,42.4529,42.6437,42.6348,42.4484,42.3548,42.2609,42.4461,30.3394,42.5069,36.3001,40.9476

4345.6500,42.4217,42.6342,42.6388,42.4254,42.3315,42.2641,42.4715,30.3590,42.4903,36.3116,40.9433

4346.6500,42.4327,42.6440,42.6338,42.4339,42.3579,42.2974,42.4618,30.3438,42.5004,36.3206,40.9507

4347.6500,42.4390,42.6433,42.6243,42.4128,42.3488,42.2725,42.4611,30.3469,42.4936,36.3097,40.9436

4348.6500,42.4327,42.6263,42.6193,42.4324,42.3541,42.2598,42.4510,30.3622,42.4930,36.3110,40.9422

4349.6500,42.4241,42.6436,42.6111,42.4558,42.3278,42.2869,42.4693,30.3487,42.4925,36.3178,40.9459

4350.6500,42.4112,42.6432,42.6232,42.4554,42.3321,42.2670,42.4554,30.3540,42.4930,36.3105,40.9427

4351.6500,42.4311,42.6461,42.6266,42.4411,42.3246,42.2809,42.4532,30.3384,42.4939,36.3097,40.9428

4352.6500,42.4458,42.6464,42.6180,42.4349,42.3453,42.2775,42.4758,30.3373,42.4981,36.3074,40.9476

4353.6500,42.4299,42.6314,42.6221,42.4395,42.3504,42.2760,42.4669,30.3527,42.4947,36.3144,40.9461

4354.6500,42.4348,42.6347,42.6263,42.4380,42.3655,42.2688,42.4594,30.3586,42.4999,36.3137,40.9483

4355.6500,42.4301,42.6635,42.6272,42.4385,42.3357,42.2711,42.4631,30.3464,42.4990,36.3088,40.9470

4356.6500,42.4395,42.6497,42.6204,42.4336,42.3316,42.2600,42.4517,30.3573,42.4950,36.3087,40.9430

4357.6500,42.4436,42.6562,42.6502,42.4392,42.3116,42.2679,42.4480,30.3624,42.5002,36.3151,40.9474

4358.6500,42.4497,42.6292,42.6176,42.4367,42.3470,42.2642,42.4851,30.3554,42.4960,36.3098,40.9481

4359.6500,42.4522,42.6640,42.6157,42.4502,42.3322,42.2718,42.4618,30.3546,42.5029,36.3132,40.9503

4360.6500,42.4484,42.6432,42.6279,42.4466,42.3350,42.2885,42.4638,30.3367,42.5002,36.3126,40.9488

4361.6500,42.4384,42.6432,42.6362,42.4442,42.3575,42.2738,42.4749,30.3580,42.5039,36.3159,40.9533

4362.6510,42.4344,42.6509,42.6328,42.4627,42.3340,42.2610,42.4636,30.3663,42.5030,36.3137,40.9507

4363.6510,42.4266,42.6547,42.6222,42.4432,42.3345,42.2695,42.4869,30.3654,42.4963,36.3174,40.9504

4364.6500,42.4267,42.6496,42.6198,42.4399,42.3244,42.2724,42.4776,30.3547,42.4921,36.3135,40.9456

4365.6500,42.4427,42.6527,42.6267,42.4417,42.3297,42.2590,42.4682,30.3713,42.4987,36.3152,40.9490

4366.6500,42.4563,42.6550,42.6309,42.4542,42.3373,42.2908,42.4598,30.3818,42.5068,36.3363,40.9583

4367.6500,42.4460,42.6426,42.6454,42.4436,42.3339,42.2730,42.4599,30.3568,42.5023,36.3149,40.9501

4368.6500,42.4325,42.6489,42.6382,42.4518,42.3488,42.2837,42.4579,30.3700,42.5041,36.3269,40.9540

4369.6500,42.4644,42.6585,42.6441,42.4428,42.3445,42.2617,42.4489,30.3557,42.5109,36.3087,40.9526

4370.6500,42.4515,42.6476,42.6416,42.4459,42.3530,42.2693,42.4570,30.3596,42.5079,36.3144,40.9532

4371.6500,42.4476,42.6579,42.6333,42.4409,42.3528,42.2696,42.4632,30.3538,42.5065,36.3117,40.9524

4372.6500,42.4499,42.6695,42.6421,42.4427,42.3346,42.2793,42.4668,30.3598,42.5077,36.3196,40.9556

4373.6500,42.4345,42.6754,42.6382,42.4425,42.3378,42.2871,42.4583,30.3710,42.5057,36.3290,40.9556

4374.6500,42.4479,42.6611,42.6365,42.4338,42.3303,42.2875,42.4696,30.3653,42.5019,36.3264,40.9540

4375.6500,42.4323,42.6564,42.6290,42.4445,42.3477,42.2463,42.4710,30.3523,42.5020,36.2993,40.9474

4376.6500,42.4409,42.6549,42.6438,42.4402,42.3219,42.2954,42.4406,30.3502,42.5003,36.3228,40.9485

4377.6500,42.4382,42.6478,42.6241,42.4688,42.3559,42.2880,42.4563,30.3733,42.5069,36.3307,40.9565

4378.6500,42.4575,42.6487,42.6468,42.4348,42.3594,42.2943,42.4762,30.3642,42.5094,36.3292,40.9602

4379.6510,42.4264,42.6634,42.6438,42.4491,42.3456,42.2744,42.4830,30.3615,42.5057,36.3179,40.9559

4380.6500,42.4345,42.6618,42.6544,42.4540,42.3490,42.2806,42.4773,30.3574,42.5107,36.3190,40.9586

4381.6500,42.4382,42.6649,42.6166,42.4450,42.3434,42.2797,42.4548,30.3555,42.5016,36.3176,40.9498

4382.6500,42.4309,42.6544,42.6326,42.4434,42.3374,42.2877,42.4629,30.3580,42.4997,36.3228,40.9509

4383.6500,42.4358,42.6454,42.6510,42.4581,42.3382,42.2833,42.4641,30.3465,42.5057,36.3149,40.9528

4384.6500,42.4222,42.6701,42.6404,42.4512,42.3265,42.2800,42.4665,30.3779,42.5021,36.3289,40.9543

4385.6500,42.4447,42.6646,42.6525,42.4494,42.3397,42.2946,42.4694,30.3513,42.5102,36.3229,40.9583

4386.6500,42.4477,42.6803,42.6352,42.4581,42.3198,42.2971,42.4540,30.3825,42.5082,36.3398,40.9593

4387.6500,42.4298,42.6556,42.6226,42.4395,42.3438,42.2838,42.4683,30.3719,42.4982,36.3278,40.9519

4388.6500,42.4553,42.6636,42.6547,42.4474,42.3595,42.3000,42.4702,30.3789,42.5161,36.3394,40.9662

4389.6500,42.4206,42.6456,42.6419,42.4318,42.3448,42.2820,42.4676,30.3659,42.4969,36.3240,40.9500

4390.6500,42.4277,42.6577,42.6414,42.4666,42.3487,42.2613,42.4657,30.3548,42.5084,36.3080,40.9530

4391.6500,42.4378,42.6813,42.6525,42.4457,42.3625,42.2974,42.4759,30.3673,42.5160,36.3324,40.9650

4392.6500,42.4227,42.6744,42.6497,42.4605,42.3400,42.2740,42.4763,30.3629,42.5095,36.3184,40.9576

4393.6500,42.4515,42.6711,42.6367,42.4503,42.3529,42.2901,42.4671,30.3717,42.5125,36.3309,40.9614

4394.6510,42.4359,42.6809,42.6451,42.4531,42.3439,42.2769,42.4717,30.3640,42.5118,36.3205,40.9590

4395.6500,42.4355,42.6628,42.6442,42.4657,42.3439,42.2775,42.4704,30.3650,42.5105,36.3212,40.9581

4396.6500,42.4211,42.6618,42.6506,42.4451,42.3797,42.2928,42.4744,30.3580,42.5117,36.3254,40.9604

4397.6500,42.4461,42.6625,42.6402,42.4487,42.3917,42.2847,42.4673,30.3616,42.5178,36.3232,40.9628

4398.6500,42.4214,42.6456,42.6461,42.4588,42.3717,42.2647,42.4783,30.3334,42.5087,36.2990,40.9525

4399.6500,42.4515,42.6620,42.6410,42.4598,42.3473,42.2804,42.4793,30.3496,42.5123,36.3150,40.9589

4400.6510,42.4440,42.6575,42.6306,42.4548,42.3561,42.2757,42.4753,30.3675,42.5086,36.3216,40.9577

4401.6500,42.4538,42.6757,42.6520,42.4498,42.3626,42.2948,42.4721,30.3520,42.5188,36.3234,40.9641

4402.6500,42.4386,42.6748,42.6399,42.4614,42.3609,42.2684,42.4772,30.3573,42.5151,36.3129,40.9598

4403.6500,42.4478,42.6724,42.6673,42.4395,42.3576,42.2902,42.4739,30.3427,42.5169,36.3164,40.9614

4404.6500,42.4266,42.6530,42.6265,42.4615,42.3676,42.2955,42.4703,30.3593,42.5070,36.3274,40.9575

4405.6500,42.4379,42.6663,42.6380,42.4530,42.3514,42.2858,42.4860,30.3533,42.5093,36.3196,40.9590

4406.6500,42.4503,42.6604,42.6302,42.4517,42.3517,42.2797,42.4731,30.3386,42.5089,36.3091,40.9545

4407.6500,42.4439,42.6722,42.6564,42.4635,42.3570,42.2901,42.4626,30.3378,42.5186,36.3139,40.9604

4408.6500,42.4588,42.6879,42.6628,42.4438,42.3556,42.2844,42.4601,30.3603,42.5218,36.3224,40.9642

4409.6500,42.4374,42.6877,42.6343,42.4600,42.3732,42.2905,42.4874,30.3589,42.5185,36.3247,40.9662

4410.6500,42.4599,42.6682,42.6598,42.4673,42.3534,42.2944,42.4692,30.3384,42.5217,36.3164,40.9638

4411.6500,42.4498,42.6493,42.6586,42.4415,42.3563,42.3014,42.4787,30.3540,42.5111,36.3277,40.9612

4412.6510,42.4438,42.6522,42.6452,42.4551,42.3490,42.2950,42.4737,30.3395,42.5091,36.3173,40.9567

4413.6500,42.4298,42.6616,42.6417,42.4520,42.3540,42.2829,42.4822,30.3653,42.5078,36.3241,40.9587

4414.6500,42.4429,42.6768,42.6485,42.4574,42.3583,42.2686,42.4732,30.3542,42.5168,36.3114,40.9600

4415.6510,42.4659,42.6659,42.6431,42.4516,42.3613,42.3046,42.4572,30.3468,42.5176,36.3257,40.9620

4416.6500,42.4422,42.6920,42.6544,42.4717,42.3557,42.2725,42.4847,30.3769,42.5232,36.3247,40.9688

4417.6500,42.4745,42.6738,42.6473,42.4535,42.3708,42.2741,42.4763,30.3588,42.5240,36.3165,40.9661

4418.6500,42.4470,42.6792,42.6587,42.4616,42.3527,42.2969,42.4798,30.3311,42.5198,36.3140,40.9634

4419.6500,42.4384,42.6653,42.6444,42.4645,42.3617,42.2776,42.4896,30.3473,42.5149,36.3124,40.9611

4420.6510,42.4476,42.6631,42.6399,42.4447,42.3407,42.3063,42.4865,30.3425,42.5072,36.3244,40.9589

4421.6500,42.4321,42.6645,42.6529,42.4605,42.3545,42.2759,42.4753,30.3550,42.5129,36.3154,40.9588

4422.6500,42.4620,42.6724,42.6538,42.4558,42.3611,42.3012,42.4888,30.3566,42.5210,36.3289,40.9690

4423.6500,42.4471,42.6821,42.6291,42.4631,42.3495,42.2900,42.4613,30.3476,42.5142,36.3188,40.9587

4424.6500,42.4208,42.6809,42.6400,42.4327,42.3553,42.2985,42.4727,30.3483,42.5059,36.3234,40.9561

4425.6500,42.4414,42.6818,42.6534,42.4410,42.3345,42.2922,42.4865,30.3554,42.5104,36.3238,40.9608

4426.6500,42.4484,42.6628,42.6418,42.4671,42.3476,42.2755,42.4736,30.3724,42.5135,36.3240,40.9611

4427.6500,42.4454,42.6782,42.6512,42.4653,42.3483,42.2934,42.4658,30.3374,42.5177,36.3154,40.9606

4428.6500,42.4473,42.6881,42.6342,42.4529,42.3697,42.2818,42.4719,30.3558,42.5184,36.3188,40.9627

4429.6500,42.4405,42.6445,42.6496,42.4595,42.3559,42.2940,42.4957,30.3583,42.5100,36.3262,40.9622

4430.6500,42.4513,42.6818,42.6279,42.4401,42.3406,42.2993,42.4712,30.3565,42.5083,36.3279,40.9586

4431.6500,42.4554,42.6797,42.6471,42.4612,42.3782,42.3029,42.4742,30.3461,42.5243,36.3245,40.9681

4432.6500,42.4407,42.6812,42.6496,42.4520,42.3468,42.3044,42.4957,30.3547,42.5140,36.3296,40.9656

4433.6500,42.4454,42.6776,42.6413,42.4693,42.3622,42.3115,42.4954,30.3369,42.5192,36.3242,40.9674

4434.6500,42.4612,42.6445,42.6361,42.4776,42.3659,42.2716,42.4613,30.3421,42.5171,36.3068,40.9575

4435.6510,42.4413,42.6915,42.6506,42.4446,42.3776,42.2963,42.4869,30.3469,42.5211,36.3216,40.9670

4436.6500,42.4359,42.6833,42.6489,42.4611,42.3639,42.3104,42.4834,30.3791,42.5186,36.3447,40.9707

4437.6510,42.4379,42.6831,42.6422,42.4772,42.3659,42.2734,42.4586,30.3468,42.5212,36.3101,40.9606

4438.6500,42.4525,42.6840,42.6347,42.4609,42.3805,42.2963,42.4762,30.3611,42.5225,36.3287,40.9683

4439.6500,42.4497,42.6823,42.6307,42.4671,42.3470,42.2842,42.4676,30.3723,42.5154,36.3283,40.9626

4440.6500,42.4192,42.6634,42.6499,42.4575,42.3816,42.2914,42.4896,30.3706,42.5143,36.3310,40.9654

4441.6500,42.4327,42.6630,42.6579,42.4729,42.3509,42.2858,42.4808,30.3340,42.5155,36.3099,40.9597

4442.6500,42.4513,42.6762,42.6502,42.4484,42.3522,42.2890,42.4940,30.3612,42.5157,36.3251,40.9653

4443.6500,42.4390,42.6793,42.6635,42.4561,42.3632,42.2847,42.4692,30.3488,42.5202,36.3167,40.9630

4444.6500,42.4214,42.6856,42.6573,42.4672,42.3670,42.2894,42.4853,30.3695,42.5197,36.3294,40.9678

4445.6500,42.4230,42.6731,42.6508,42.4607,42.3342,42.2891,42.4965,30.3613,42.5083,36.3252,40.9611

4446.6500,42.4389,42.6804,42.6446,42.4633,42.3641,42.2934,42.4894,30.3722,42.5183,36.3328,40.9683

4447.6500,42.4363,42.6858,42.6561,42.4539,42.3600,42.3061,42.4948,30.3737,42.5184,36.3399,40.9708

4448.6500,42.4384,42.6877,42.6589,42.4725,42.3826,42.3018,42.4785,30.3562,42.5280,36.3290,40.9721

4449.6500,42.4693,42.6778,42.6643,42.4705,42.3675,42.2973,42.4816,30.3691,42.5299,36.3332,40.9747

4450.6500,42.4515,42.6625,42.6346,42.4524,42.3566,42.2883,42.4886,30.3511,42.5115,36.3197,40.9607

4451.6510,42.4537,42.6715,42.6561,42.4567,42.3589,42.3007,42.4777,30.3533,42.5194,36.3270,40.9661

4452.6500,42.4602,42.6685,42.6555,42.4668,42.3500,42.3063,42.4933,30.3439,42.5202,36.3251,40.9681

4453.6500,42.4613,42.6745,42.6429,42.4588,42.3576,42.2851,42.4848,30.3516,42.5190,36.3183,40.9645

4454.6500,42.4261,42.6811,42.6602,42.4524,42.3564,42.2890,42.4738,30.3484,42.5152,36.3187,40.9609

4455.6500,42.4482,42.6840,42.6375,42.4455,42.3641,42.2934,42.4999,30.3835,42.5159,36.3385,40.9695

4456.6500,42.4472,42.6848,42.6644,42.4654,42.3338,42.3017,42.4738,30.3604,42.5191,36.3310,40.9664

4457.6500,42.4282,42.6713,42.6564,42.4565,42.3561,42.2845,42.4718,30.3538,42.5137,36.3192,40.9598

4458.6500,42.4493,42.6645,42.6598,42.4730,42.3800,42.3126,42.5032,30.3681,42.5253,36.3404,40.9763

4459.6510,42.4604,42.6538,42.6603,42.4511,42.3414,42.2912,42.4725,30.3507,42.5134,36.3209,40.9602

4460.6500,42.4752,42.6574,42.6532,42.4677,42.3557,42.2999,42.4863,30.3647,42.5218,36.3323,40.9700

4461.6500,42.4363,42.6742,42.6305,42.4562,42.3661,42.3233,42.4976,30.3601,42.5126,36.3417,40.9680

4462.6500,42.4596,42.6756,42.6514,42.4595,42.3648,42.3095,42.4836,30.3654,42.5222,36.3375,40.9712

4463.6500,42.4571,42.6668,42.6552,42.4674,42.3581,42.2953,42.4962,30.3727,42.5209,36.3340,40.9711

4464.6500,42.4486,42.6671,42.6443,42.4690,42.3654,42.3036,42.4848,30.3750,42.5189,36.3393,40.9697

4465.6500,42.4526,42.6714,42.6412,42.4683,42.3540,42.3103,42.4901,30.3517,42.5175,36.3310,40.9675

4466.6500,42.4689,42.6665,42.6317,42.4657,42.3815,42.2992,42.4913,30.3536,42.5229,36.3264,40.9698

4467.6500,42.4421,42.6627,42.6641,42.4587,42.3677,42.3254,42.5075,30.3374,42.5191,36.3314,40.9707

4468.6500,42.4450,42.6654,42.6542,42.4795,42.3692,42.2972,42.4869,30.3568,42.5227,36.3270,40.9693

4469.6500,42.4564,42.6646,42.6289,42.4722,42.3420,42.2932,42.4736,30.3781,42.5128,36.3357,40.9636

4470.6510,42.4584,42.6803,42.6622,42.4748,42.3557,42.3139,42.4920,30.3511,42.5263,36.3325,40.9735

4471.6500,42.4584,42.6833,42.6559,42.4704,42.3664,42.2962,42.4788,30.3619,42.5269,36.3290,40.9714

4472.6500,42.4574,42.6975,42.6529,42.4563,42.3668,42.2961,42.4962,30.3594,42.5262,36.3278,40.9728

4473.6500,42.4489,42.6781,42.6353,42.4694,42.3466,42.3010,42.4894,30.3442,42.5157,36.3226,40.9641

4474.6500,42.4368,42.6741,42.6607,42.4496,42.3485,42.2987,42.4929,30.3649,42.5139,36.3318,40.9658

4475.6500,42.4407,42.6669,42.6483,42.4484,42.3552,42.3036,42.4856,30.3430,42.5119,36.3233,40.9615

4476.6500,42.4401,42.6794,42.6604,42.4619,42.3606,42.2909,42.4847,30.3696,42.5205,36.3303,40.9684

4477.6500,42.4599,42.6764,42.6523,42.4547,42.3622,42.2916,42.4784,30.3666,42.5211,36.3291,40.9678

4478.6500,42.4511,42.6738,42.6385,42.4777,42.3916,42.3195,42.4879,30.3568,42.5265,36.3381,40.9746

4479.6500,42.4459,42.6735,42.6544,42.4903,42.3641,42.3055,42.4973,30.3544,42.5256,36.3299,40.9732

4480.6500,42.4698,42.6705,42.6686,42.4590,42.3824,42.2954,42.4929,30.3315,42.5301,36.3135,40.9713

4481.6500,42.4631,42.6835,42.6579,42.4799,42.3743,42.3017,42.4850,30.3628,42.5317,36.3323,40.9760

4482.6500,42.4462,42.6780,42.6543,42.4832,42.3853,42.2904,42.4990,30.3354,42.5294,36.3129,40.9715

4483.6500,42.4527,42.6776,42.6753,42.4885,42.3653,42.3091,42.4861,30.3683,42.5319,36.3387,40.9779

4484.6500,42.4525,42.6961,42.6631,42.4781,42.3786,42.2912,42.5013,30.3695,42.5337,36.3304,40.9788

4485.6500,42.4568,42.6902,42.6623,42.4759,42.3680,42.2936,42.5014,30.3565,42.5306,36.3250,40.9756

4486.6500,42.4601,42.6662,42.6387,42.4872,42.3490,42.2913,42.4779,30.3428,42.5202,36.3171,40.9642

4487.6500,42.4565,42.6786,42.6763,42.4718,42.3677,42.2882,42.4936,30.3689,42.5302,36.3286,40.9752

4488.6500,42.4573,42.6773,42.6596,42.4560,42.3579,42.3234,42.4862,30.3575,42.5216,36.3405,40.9719

4489.6500,42.4555,42.7013,42.6507,42.4866,42.3732,42.3183,42.4680,30.3593,42.5334,36.3388,40.9766

4490.6500,42.4457,42.6811,42.6704,42.4673,42.3644,42.3100,42.4752,30.3659,42.5258,36.3379,40.9725

4491.6500,42.4652,42.6802,42.6570,42.4585,42.3661,42.3104,42.5036,30.3513,42.5254,36.3308,40.9740

4492.6500,42.4599,42.6773,42.6476,42.4621,42.3622,42.2813,42.4942,30.3722,42.5218,36.3268,40.9696

4493.6500,42.4702,42.6829,42.6532,42.4649,42.3591,42.3047,42.5096,30.3545,42.5261,36.3296,40.9749

4494.6500,42.4758,42.6823,42.6479,42.4787,42.3772,42.3098,42.5024,30.3610,42.5324,36.3354,40.9794

4495.6500,42.4527,42.6825,42.6536,42.4663,42.3784,42.2993,42.5072,30.3500,42.5267,36.3247,40.9738

4496.6500,42.4496,42.6720,42.6697,42.4666,42.3813,42.3050,42.4838,30.3520,42.5279,36.3285,40.9725

4497.6500,42.4619,42.6856,42.6433,42.4778,42.3703,42.3066,42.4885,30.3691,42.5278,36.3379,40.9754

4498.6500,42.4547,42.6808,42.6580,42.4860,42.3455,42.2967,42.5088,30.3459,42.5250,36.3213,40.9721

4499.6500,42.4536,42.6842,42.6530,42.4648,42.3820,42.2899,42.5029,30.3489,42.5275,36.3194,40.9724

4500.6510,42.4622,42.6956,42.6566,42.4688,42.3841,42.2869,42.4948,30.3468,42.5334,36.3169,40.9745

4501.6500,42.4608,42.6710,42.6534,42.4623,42.3724,42.2943,42.4963,30.3727,42.5240,36.3335,40.9729

4502.6510,42.4574,42.6619,42.6656,42.4876,42.3718,42.3002,42.4922,30.3556,42.5288,36.3279,40.9740

4503.6500,42.4691,42.6906,42.6730,42.4750,42.3733,42.2850,42.5019,30.3548,42.5362,36.3199,40.9778

4504.6500,42.4735,42.6910,42.6529,42.4805,42.3647,42.2954,42.5051,30.3446,42.5325,36.3200,40.9760

4505.6500,42.4645,42.6794,42.6511,42.4619,42.3655,42.2985,42.4721,30.3515,42.5245,36.3250,40.9681

4506.6510,42.4707,42.6895,42.6486,42.4669,42.3740,42.2782,42.4692,30.3597,42.5299,36.3190,40.9696

4507.6500,42.4704,42.6895,42.6607,42.4803,42.3658,42.2918,42.4878,30.3424,42.5333,36.3171,40.9736

4508.6500,42.4887,42.6897,42.6618,42.4643,42.3766,42.2985,42.4996,30.3558,42.5362,36.3271,40.9794

4509.6500,42.4622,42.6738,42.6598,42.4674,42.3655,42.3013,42.4772,30.3661,42.5257,36.3337,40.9717

4510.6510,42.4806,42.6811,42.6741,42.4691,42.3630,42.2951,42.5054,30.3594,42.5336,36.3272,40.9785

4511.6500,42.4754,42.6959,42.6811,42.4580,42.3559,42.2969,42.5119,30.3579,42.5333,36.3274,40.9791

4512.6500,42.4766,42.6663,42.6700,42.4576,42.3692,42.3134,42.4827,30.3628,42.5279,36.3381,40.9748

4513.6500,42.4675,42.6858,42.6765,42.4469,42.3671,42.2992,42.4767,30.3677,42.5288,36.3334,40.9734

4514.6500,42.4718,42.6787,42.6541,42.4891,42.3598,42.3035,42.4886,30.3458,42.5307,36.3246,40.9739

4515.6500,42.4693,42.6816,42.6644,42.4738,42.3661,42.3038,42.4938,30.3654,42.5310,36.3346,40.9773

4516.6500,42.4887,42.6843,42.6606,42.4765,42.3827,42.3078,42.4839,30.3783,42.5385,36.3431,40.9828

4517.6500,42.4576,42.6984,42.6561,42.4813,42.3763,42.2963,42.4897,30.3817,42.5339,36.3390,40.9797

4518.6500,42.4530,42.6869,42.6502,42.4605,42.3731,42.3210,42.4893,30.3700,42.5247,36.3455,40.9755

4519.6500,42.4829,42.6634,42.6411,42.4923,42.3434,42.3015,42.5077,30.3795,42.5246,36.3405,40.9765

4520.6500,42.4764,42.6805,42.6568,42.4690,42.3821,42.3072,42.5020,30.3660,42.5330,36.3366,40.9800

4521.6500,42.4726,42.6915,42.6566,42.4828,42.3741,42.2950,42.5004,30.3428,42.5355,36.3189,40.9770

4522.6500,42.4553,42.6957,42.6529,42.4991,42.3679,42.2837,42.4856,30.3681,42.5342,36.3259,40.9760

4523.6500,42.4629,42.6934,42.6627,42.4684,42.3597,42.2992,42.5005,30.3889,42.5294,36.3441,40.9795

4524.6500,42.4606,42.6652,42.6629,42.4909,42.3829,42.2732,42.4700,30.3748,42.5325,36.3240,40.9726

4525.6500,42.4697,42.6984,42.6757,42.4934,42.3670,42.3107,42.4869,30.3568,42.5408,36.3338,40.9823

4526.6500,42.4649,42.6599,42.6543,42.4740,42.3621,42.3059,42.4633,30.3778,42.5230,36.3418,40.9703

4527.6500,42.4726,42.6814,42.6730,42.4848,42.3708,42.3117,42.4866,30.3531,42.5365,36.3324,40.9793

4528.6500,42.4857,42.6851,42.6656,42.4857,42.3714,42.3263,42.4796,30.3321,42.5387,36.3292,40.9789

4529.6500,42.4677,42.6602,42.6891,42.4850,42.3957,42.2962,42.4929,30.3492,42.5395,36.3227,40.9795

4530.6500,42.4569,42.6678,42.6878,42.4773,42.3839,42.2979,42.4917,30.3641,42.5347,36.3310,40.9784

4531.6500,42.4574,42.6809,42.6716,42.4908,42.3677,42.3407,42.4903,30.3749,42.5337,36.3578,40.9843

4532.6500,42.4756,42.6845,42.6631,42.4921,42.4022,42.2929,42.5139,30.3637,42.5435,36.3283,40.9860

4533.6500,42.4780,42.6755,42.6620,42.4938,42.3748,42.2995,42.5017,30.3656,42.5368,36.3325,40.9813

4534.6500,42.4846,42.6857,42.6541,42.4700,42.3683,42.3144,42.4812,30.3587,42.5325,36.3365,40.9771

4535.6500,42.4860,42.6923,42.6714,42.4799,42.3846,42.2940,42.5059,30.3836,42.5428,36.3388,40.9872

4536.6500,42.4878,42.6881,42.6509,42.4835,42.3734,42.3102,42.5114,30.3967,42.5367,36.3534,40.9877

4537.6500,42.4532,42.6888,42.6693,42.4806,42.3881,42.3277,42.5048,30.3542,42.5360,36.3410,40.9833

4538.6500,42.4612,42.6871,42.6574,42.4980,42.3566,42.3027,42.5133,30.3661,42.5321,36.3344,40.9803

4539.6500,42.4698,42.6779,42.6910,42.4613,42.3824,42.3225,42.4976,30.3692,42.5365,36.3458,40.9840

4540.6500,42.4601,42.6721,42.6633,42.4815,42.3639,42.3072,42.5075,30.3631,42.5282,36.3351,40.9773

4541.6500,42.4690,42.6925,42.6650,42.4689,42.3607,42.3189,42.4958,30.3589,42.5312,36.3389,40.9787

4542.6510,42.4845,42.6834,42.6937,42.4896,42.3994,42.3097,42.5008,30.3628,42.5501,36.3362,40.9905

4543.6500,42.4681,42.7162,42.6841,42.4866,42.3631,42.3105,42.5112,30.3421,42.5436,36.3263,40.9852

4544.6500,42.4749,42.6960,42.6756,42.4873,42.3680,42.2978,42.4994,30.3409,42.5404,36.3193,40.9800

4545.6500,42.4895,42.6827,42.6739,42.4847,42.3886,42.3152,42.4823,30.3482,42.5439,36.3317,40.9831

4546.6500,42.4740,42.6759,42.6448,42.4779,42.3717,42.3066,42.4975,30.3790,42.5289,36.3428,40.9784

4547.6500,42.4906,42.6984,42.6835,42.4813,42.3716,42.3079,42.4887,30.3427,42.5451,36.3253,40.9831

4548.6500,42.4827,42.6937,42.6682,42.4962,42.3897,42.3186,42.4925,30.3554,42.5461,36.3370,40.9871

4549.6500,42.4901,42.6931,42.6810,42.4797,42.3948,42.2929,42.5099,30.3497,42.5477,36.3213,40.9864

4550.6500,42.4720,42.7059,42.6599,42.4716,42.3725,42.3079,42.5176,30.3681,42.5364,36.3380,40.9844

4551.6500,42.4767,42.6969,42.6672,42.4836,42.3716,42.3033,42.4961,30.3516,42.5392,36.3274,40.9809

4552.6500,42.4612,42.6908,42.6671,42.4970,42.3989,42.3115,42.5007,30.3562,42.5430,36.3339,40.9854

4553.6500,42.4623,42.7063,42.6757,42.4595,42.4052,42.2982,42.4995,30.3541,42.5418,36.3262,40.9826

4554.6500,42.4718,42.6874,42.6762,42.4796,42.3863,42.3156,42.5168,30.3599,42.5403,36.3377,40.9867

4555.6500,42.4603,42.6993,42.6784,42.4818,42.3798,42.3096,42.5134,30.3717,42.5399,36.3407,40.9868

4556.6500,42.4675,42.6817,42.6756,42.4994,42.3698,42.3224,42.5027,30.3541,42.5388,36.3382,40.9841

4557.6510,42.4891,42.6880,42.6861,42.4867,42.3892,42.3282,42.5285,30.3477,42.5478,36.3380,40.9929

4558.6500,42.4498,42.6991,42.6698,42.4820,42.3958,42.3326,42.5202,30.3474,42.5393,36.3400,40.9871

4559.6500,42.4789,42.7054,42.6868,42.4744,42.4128,42.3361,42.5180,30.3543,42.5516,36.3452,40.9958

4560.6500,42.4516,42.7027,42.6721,42.4843,42.3949,42.3424,42.5233,30.3460,42.5411,36.3442,40.9897

4561.6500,42.4678,42.6874,42.6674,42.4829,42.3786,42.3233,42.5098,30.3723,42.5368,36.3478,40.9862

4562.6500,42.4911,42.6927,42.6676,42.4970,42.3907,42.3135,42.5231,30.3596,42.5478,36.3366,40.9919

4563.6510,42.4915,42.7003,42.6808,42.4907,42.3920,42.3320,42.5260,30.3572,42.5511,36.3446,40.9963

4564.6510,42.4739,42.6954,42.6782,42.5043,42.3726,42.3219,42.5220,30.3785,42.5449,36.3502,40.9933

4565.6500,42.4746,42.6972,42.6767,42.4987,42.3732,42.3174,42.4987,30.3472,42.5441,36.3323,40.9855

4566.6500,42.4722,42.6824,42.6866,42.4937,42.3830,42.3114,42.5099,30.3800,42.5436,36.3457,40.9899

4567.6500,42.4749,42.7138,42.6738,42.4823,42.3847,42.3335,42.5107,30.3606,42.5459,36.3471,40.9918

4568.6500,42.4749,42.7097,42.6790,42.5005,42.3833,42.3243,42.4991,30.3889,42.5495,36.3566,40.9950

4569.6500,42.4510,42.6998,42.6682,42.5027,42.4064,42.3171,42.5083,30.3497,42.5456,36.3334,40.9879

4570.6500,42.4755,42.7030,42.6839,42.4896,42.3992,42.3346,42.5175,30.3457,42.5502,36.3401,40.9936

4571.6500,42.4751,42.7043,42.6797,42.4691,42.3933,42.3277,42.5300,30.3576,42.5443,36.3427,40.9921

4572.6500,42.4933,42.6952,42.6766,42.4758,42.3752,42.3106,42.5139,30.3600,42.5432,36.3353,40.9876

4573.6500,42.4960,42.7024,42.6638,42.4904,42.3705,42.3217,42.5025,30.3491,42.5446,36.3354,40.9871

4574.6500,42.4946,42.7078,42.6892,42.4805,42.3547,42.3323,42.5037,30.3641,42.5453,36.3482,40.9908

4575.6500,42.4914,42.7135,42.6670,42.4987,42.3645,42.3269,42.5164,30.3524,42.5470,36.3396,40.9914

4576.6500,42.4846,42.6889,42.6842,42.4922,42.3810,42.3303,42.5159,30.3512,42.5462,36.3407,40.9910

4577.6510,42.4843,42.6819,42.6624,42.4941,42.3983,42.3309,42.5113,30.3636,42.5442,36.3473,40.9908

4578.6500,42.4962,42.7030,42.6523,42.5091,42.3809,42.3089,42.5212,30.3681,42.5483,36.3385,40.9925

4579.6500,42.5014,42.6708,42.6829,42.5012,42.3880,42.3173,42.5198,30.3503,42.5489,36.3338,40.9915

4580.6500,42.4697,42.6988,42.6528,42.4985,42.3772,42.3312,42.5222,30.3611,42.5394,36.3461,40.9890

4581.6510,42.4482,42.6937,42.6769,42.5017,42.3859,42.3287,42.4994,30.3407,42.5413,36.3347,40.9844

4582.6500,42.4895,42.7015,42.6699,42.4904,42.3798,42.3143,42.5058,30.3609,42.5462,36.3376,40.9890

4583.6500,42.4884,42.6833,42.6842,42.4932,42.3862,42.3318,42.5095,30.3551,42.5471,36.3434,40.9914

4584.6500,42.4914,42.6950,42.6685,42.4980,42.3850,42.3208,42.5179,30.3393,42.5476,36.3300,40.9895

4585.6500,42.4950,42.6972,42.6665,42.4689,42.3876,42.3128,42.5094,30.3542,42.5430,36.3335,40.9865

4586.6500,42.5095,42.7007,42.6960,42.4957,42.3817,42.3389,42.5022,30.3378,42.5567,36.3384,40.9953

4587.6500,42.5012,42.6979,42.6784,42.5111,42.4026,42.3227,42.4966,30.3698,42.5582,36.3463,40.9975

4588.6500,42.4521,42.7045,42.6854,42.4846,42.3982,42.3219,42.5111,30.3625,42.5450,36.3422,40.9901

4589.6500,42.4887,42.7027,42.6915,42.5103,42.3850,42.3134,42.5224,30.3539,42.5557,36.3337,40.9960

4590.6500,42.4612,42.7204,42.7037,42.5127,42.3729,42.3120,42.5057,30.3628,42.5542,36.3374,40.9939

4591.6500,42.4661,42.7159,42.6722,42.4932,42.3992,42.3011,42.5262,30.3560,42.5493,36.3285,40.9912

4592.6500,42.4753,42.7227,42.6707,42.5061,42.3804,42.3167,42.5089,30.3399,42.5511,36.3283,40.9901

4593.6500,42.4896,42.6984,42.6868,42.5009,42.3985,42.3408,42.5348,30.3609,42.5548,36.3509,41.0013

4594.6500,42.4861,42.7067,42.7142,42.4934,42.3927,42.3099,42.5334,30.3391,42.5586,36.3245,40.9969

4595.6500,42.4964,42.7207,42.6979,42.4920,42.3922,42.3109,42.5231,30.3555,42.5598,36.3332,40.9986

4596.6510,42.4901,42.6860,42.6888,42.4963,42.4120,42.3511,42.4996,30.3577,42.5546,36.3544,40.9977

4597.6500,42.4828,42.6842,42.6763,42.5067,42.4330,42.3326,42.5127,30.3432,42.5566,36.3379,40.9964

4598.6500,42.5027,42.7010,42.6838,42.4937,42.4037,42.3432,42.5220,30.3507,42.5569,36.3469,41.0001

4599.6500,42.5008,42.7071,42.6881,42.5049,42.4250,42.3395,42.5244,30.3431,42.5652,36.3413,41.0041

4600.6500,42.4874,42.7056,42.6903,42.5016,42.4204,42.3349,42.5248,30.3648,42.5611,36.3498,41.0037

4601.6500,42.4711,42.7078,42.6851,42.4996,42.4209,42.3261,42.5084,30.3408,42.5569,36.3335,40.9950

4602.6500,42.4499,42.7052,42.6573,42.4783,42.4113,42.3383,42.5281,30.3579,42.5404,36.3481,40.9908

4603.6500,42.4760,42.7101,42.6654,42.5135,42.3910,42.3333,42.5237,30.3552,42.5512,36.3443,40.9960

4604.6500,42.4752,42.7163,42.6870,42.5053,42.4092,42.3353,42.5150,30.3356,42.5586,36.3355,40.9974

4605.6500,42.4910,42.7372,42.6912,42.5085,42.3878,42.3590,42.5192,30.3802,42.5632,36.3696,41.0093

4606.6500,42.4838,42.7021,42.6839,42.4975,42.3978,42.3252,42.5305,30.3489,42.5530,36.3371,40.9962

4607.6500,42.4907,42.7186,42.6856,42.5015,42.3894,42.3369,42.5043,30.3485,42.5572,36.3427,40.9969

4608.6500,42.4710,42.6946,42.7048,42.5054,42.4003,42.3371,42.5058,30.3398,42.5552,36.3384,40.9948

4609.6500,42.4922,42.7070,42.6837,42.4904,42.3960,42.3579,42.4987,30.3537,42.5538,36.3558,40.9974

4610.6500,42.4947,42.7147,42.7087,42.4962,42.4064,42.3618,42.5176,30.3553,42.5642,36.3586,41.0069

4611.6500,42.4899,42.6990,42.6929,42.4791,42.4002,42.3281,42.5395,30.3481,42.5522,36.3381,40.9971

4612.6500,42.5020,42.7167,42.7056,42.5141,42.4276,42.3267,42.5262,30.3392,42.5732,36.3329,41.0073

4613.6500,42.5265,42.7106,42.6860,42.5043,42.3851,42.3563,42.5322,30.3709,42.5625,36.3636,41.0090

4614.6510,42.4943,42.7075,42.6898,42.5123,42.4018,42.3470,42.5137,30.3700,42.5612,36.3585,41.0045

4615.6500,42.4891,42.7198,42.6868,42.5009,42.4055,42.2953,42.5358,30.3506,42.5604,36.3229,40.9980

4616.6500,42.4995,42.7043,42.6857,42.4863,42.3893,42.3480,42.5379,30.3790,42.5530,36.3635,41.0037

4617.6500,42.5007,42.7125,42.6739,42.5163,42.3896,42.3310,42.5215,30.3613,42.5586,36.3461,41.0008

4618.6500,42.4823,42.7062,42.7029,42.5361,42.4009,42.3265,42.5356,30.3516,42.5657,36.3391,41.0053

4619.6500,42.4994,42.7185,42.7069,42.4982,42.3707,42.3107,42.5238,30.3615,42.5587,36.3361,40.9987

4620.6500,42.5042,42.7256,42.7047,42.5281,42.3922,42.3173,42.5374,30.3344,42.5710,36.3258,41.0055

4621.6500,42.5009,42.6963,42.6870,42.5178,42.4196,42.3285,42.5360,30.3461,42.5643,36.3373,41.0040

4622.6500,42.5031,42.7046,42.6790,42.5006,42.3943,42.3306,42.5266,30.3280,42.5563,36.3293,40.9958

4623.6500,42.4970,42.7083,42.7097,42.5242,42.4147,42.3371,42.5387,30.3468,42.5708,36.3419,41.0096

4624.6510,42.5004,42.7344,42.6851,42.5029,42.4204,42.3200,42.5266,30.3460,42.5686,36.3330,41.0045

4625.6500,42.4842,42.7079,42.6967,42.5117,42.3800,42.3256,42.5276,30.3446,42.5561,36.3351,40.9973

4626.6510,42.4909,42.7022,42.6891,42.5172,42.3905,42.3375,42.5432,30.3618,42.5580,36.3496,41.0040

4627.6500,42.5098,42.7217,42.7027,42.5079,42.3917,42.3238,42.5363,30.3480,42.5668,36.3359,41.0052

4628.6500,42.5083,42.7219,42.6977,42.5132,42.4070,42.3354,42.5253,30.3357,42.5696,36.3355,41.0056

4629.6500,42.4808,42.7272,42.6942,42.5110,42.4166,42.3232,42.5194,30.3238,42.5659,36.3235,40.9995

4630.6500,42.5083,42.7038,42.6977,42.5146,42.4088,42.3200,42.5392,30.3502,42.5666,36.3351,41.0053

4631.6500,42.4979,42.6981,42.6949,42.5052,42.4217,42.3417,42.5317,30.3477,42.5636,36.3447,41.0049

4632.6500,42.5029,42.7253,42.6765,42.5166,42.4141,42.3137,42.5338,30.3603,42.5671,36.3370,41.0054

4633.6500,42.4738,42.7278,42.6744,42.5108,42.4157,42.3320,42.5307,30.3426,42.5605,36.3373,41.0010

4634.6500,42.5023,42.7131,42.7071,42.5174,42.3972,42.3252,42.5253,30.3550,42.5674,36.3401,41.0053

4635.6500,42.4821,42.7180,42.7064,42.5098,42.4165,42.3324,42.5316,30.3519,42.5665,36.3421,41.0061

4636.6500,42.5070,42.7208,42.7041,42.5052,42.4168,42.3457,42.5386,30.3518,42.5708,36.3487,41.0113

4637.6500,42.4949,42.7190,42.7037,42.5094,42.4000,42.3708,42.5363,30.3531,42.5654,36.3619,41.0109

4638.6500,42.4990,42.7181,42.7000,42.5131,42.3879,42.3201,42.5350,30.3540,42.5636,36.3370,41.0034

4639.6500,42.4949,42.7201,42.6922,42.5226,42.4247,42.3443,42.5082,30.3282,42.5709,36.3362,41.0044

4640.6500,42.5003,42.7458,42.6895,42.5045,42.4208,42.3492,42.5329,30.3445,42.5722,36.3468,41.0109

4641.6500,42.4970,42.7194,42.7101,42.5218,42.3901,42.3673,42.5437,30.3571,42.5677,36.3622,41.0133

4642.6510,42.4859,42.6949,42.6944,42.5140,42.4008,42.3330,42.5345,30.3525,42.5580,36.3427,41.0012

4643.6500,42.4808,42.7282,42.6798,42.5111,42.4254,42.3371,42.5139,30.3365,42.5651,36.3368,41.0016

4644.6500,42.4861,42.7157,42.6924,42.5139,42.4043,42.3434,42.5358,30.3658,42.5625,36.3546,41.0072

4645.6500,42.4824,42.7153,42.6967,42.5108,42.4285,42.3327,42.5308,30.3316,42.5667,36.3321,41.0036

4646.6500,42.4857,42.7271,42.7057,42.5193,42.4095,42.3500,42.5226,30.3467,42.5695,36.3483,41.0083

4647.6500,42.4935,42.7252,42.6973,42.5179,42.4233,42.3154,42.5277,30.3418,42.5714,36.3286,41.0053

4648.6500,42.5047,42.7157,42.7054,42.5163,42.3983,42.3504,42.5460,30.3231,42.5681,36.3368,41.0075

4649.6500,42.5026,42.7131,42.7103,42.5007,42.4240,42.3338,42.5393,30.3365,42.5701,36.3351,41.0075

4650.6500,42.4880,42.7171,42.7130,42.4987,42.4248,42.3295,42.5591,30.3443,42.5683,36.3369,41.0093

4651.6500,42.5000,42.7254,42.6784,42.5050,42.4145,42.3419,42.5473,30.3475,42.5647,36.3447,41.0075

4652.6510,42.5103,42.7178,42.7080,42.5146,42.4104,42.3290,42.5309,30.3358,42.5722,36.3324,41.0071

4653.6510,42.5065,42.7079,42.7019,42.4950,42.3936,42.3373,42.5304,30.3663,42.5610,36.3518,41.0049

4654.6500,42.4977,42.7425,42.7034,42.5124,42.4061,42.3642,42.5649,30.3564,42.5724,36.3603,41.0185

4655.6500,42.5168,42.7206,42.6904,42.5045,42.3978,42.3480,42.5486,30.3508,42.5660,36.3494,41.0097

4656.6500,42.5073,42.7234,42.7016,42.5138,42.4166,42.3358,42.5505,30.3497,42.5725,36.3427,41.0123

4657.6500,42.5150,42.7451,42.7005,42.5248,42.3973,42.3248,42.5583,30.3513,42.5765,36.3381,41.0146

4658.6500,42.5141,42.7259,42.7101,42.5056,42.4016,42.3491,42.5432,30.3589,42.5715,36.3540,41.0136

4659.6500,42.5136,42.7178,42.6992,42.5272,42.4220,42.3300,42.5444,30.3293,42.5760,36.3296,41.0104

4660.6500,42.5248,42.7394,42.6944,42.5191,42.4179,42.3342,42.5405,30.3571,42.5791,36.3457,41.0159

4661.6500,42.5061,42.7295,42.6947,42.5088,42.4062,42.3346,42.5371,30.3570,42.5691,36.3458,41.0092

4662.6500,42.5159,42.7296,42.6961,42.5107,42.3978,42.3448,42.5562,30.3461,42.5700,36.3455,41.0122

4663.6500,42.4913,42.7328,42.7109,42.5213,42.3723,42.3448,42.5111,30.3330,42.5657,36.3389,41.0022

4664.6500,42.5171,42.7343,42.7078,42.5182,42.4014,42.3470,42.5423,30.3319,42.5758,36.3394,41.0125

4665.6500,42.5132,42.7357,42.7079,42.5126,42.3910,42.3417,42.5438,30.3557,42.5721,36.3487,41.0127

4666.6500,42.5104,42.7263,42.7068,42.5283,42.3937,42.3482,42.5367,30.3392,42.5731,36.3437,41.0112

4667.6500,42.5143,42.7228,42.7075,42.5341,42.4051,42.3228,42.5318,30.3573,42.5768,36.3400,41.0120

4668.6500,42.5195,42.7167,42.7186,42.5233,42.4246,42.3186,42.5391,30.3564,42.5805,36.3375,41.0146

4669.6500,42.5171,42.7431,42.7147,42.5130,42.4032,42.3247,42.5427,30.3545,42.5782,36.3396,41.0141

4670.6500,42.5236,42.7181,42.6944,42.5308,42.4288,42.3284,42.5457,30.3591,42.5792,36.3438,41.0161

4671.6500,42.5137,42.7367,42.6819,42.5303,42.4319,42.3459,42.5359,30.3388,42.5789,36.3423,41.0144

4672.6510,42.5032,42.7382,42.7024,42.5239,42.4116,42.3438,42.5183,30.3338,42.5759,36.3388,41.0094

4673.6500,42.5163,42.7189,42.6942,42.5204,42.4098,42.3498,42.5408,30.3320,42.5719,36.3409,41.0103

4674.6500,42.4834,42.7317,42.7127,42.5360,42.4188,42.3523,42.5430,30.3547,42.5765,36.3535,41.0166

4675.6500,42.5174,42.7166,42.7027,42.5349,42.3998,42.3584,42.5107,30.3420,42.5743,36.3502,41.0103

4676.6500,42.5116,42.7256,42.7024,42.5179,42.4265,42.3544,42.5216,30.3413,42.5768,36.3479,41.0127

4677.6500,42.4955,42.7343,42.7241,42.5196,42.4235,42.3361,42.5186,30.3364,42.5794,36.3362,41.0110

4678.6500,42.5031,42.7354,42.7168,42.5318,42.4333,42.3511,42.5327,30.3482,42.5841,36.3496,41.0191

4679.6500,42.5015,42.7478,42.7014,42.5308,42.4368,42.3425,42.5350,30.3518,42.5837,36.3471,41.0184

4680.6500,42.4851,42.7207,42.7226,42.5367,42.4158,42.3419,42.5297,30.3334,42.5762,36.3376,41.0107

4681.6500,42.5099,42.7201,42.7076,42.5165,42.4221,42.3542,42.5412,30.3350,42.5752,36.3446,41.0133

4682.6500,42.5117,42.7457,42.6978,42.5263,42.4178,42.3573,42.5360,30.3626,42.5798,36.3600,41.0194

4683.6500,42.5054,42.7366,42.7064,42.5303,42.4212,42.3650,42.5233,30.3271,42.5800,36.3460,41.0144

4684.6500,42.5138,42.7290,42.6908,42.5235,42.4152,42.3725,42.5268,30.3440,42.5745,36.3583,41.0144

4685.6510,42.5006,42.7384,42.6966,42.5432,42.4253,42.3449,42.5400,30.3354,42.5808,36.3402,41.0156

4686.6500,42.5187,42.7540,42.7136,42.5295,42.4159,42.3406,42.5398,30.3607,42.5864,36.3507,41.0216

4687.6500,42.5202,42.7261,42.7038,42.5328,42.4239,42.3635,42.5342,30.3542,42.5814,36.3589,41.0198

4688.6500,42.5199,42.7297,42.7199,42.5229,42.4092,42.3479,42.5294,30.3474,42.5803,36.3476,41.0158

4689.6510,42.5232,42.7237,42.7177,42.5099,42.4260,42.3363,42.5378,30.3517,42.5801,36.3440,41.0158

4690.6500,42.5080,42.7224,42.6968,42.5411,42.3917,42.3466,42.5439,30.3762,42.5720,36.3614,41.0159

4691.6500,42.5321,42.7258,42.7049,42.5240,42.3950,42.3443,42.5319,30.3522,42.5764,36.3483,41.0138

4692.6500,42.5155,42.7352,42.7087,42.5279,42.4128,42.3533,42.5600,30.3524,42.5800,36.3528,41.0207

4693.6500,42.5152,42.7420,42.7141,42.5245,42.3813,42.3409,42.5464,30.3544,42.5754,36.3476,41.0148

4694.6500,42.5205,42.7474,42.7251,42.5257,42.4136,42.3620,42.5387,30.3353,42.5864,36.3486,41.0210

4695.6500,42.5138,42.7248,42.7015,42.5347,42.4134,42.3437,42.5333,30.3497,42.5776,36.3467,41.0143

4696.6500,42.5221,42.7367,42.7167,42.5224,42.4045,42.3297,42.5638,30.3379,42.5805,36.3338,41.0167

4697.6500,42.5235,42.7400,42.7126,42.5076,42.4129,42.3464,42.5355,30.3515,42.5793,36.3490,41.0162

4698.6500,42.5348,42.7365,42.7295,42.5101,42.4199,42.3567,42.5413,30.3380,42.5862,36.3473,41.0208

4699.6510,42.4973,42.7314,42.7026,42.5283,42.4174,42.3528,42.5376,30.3490,42.5754,36.3509,41.0145

4700.6500,42.4998,42.7387,42.7094,42.5268,42.4166,42.3250,42.5375,30.3478,42.5783,36.3364,41.0127

4701.6500,42.5184,42.7500,42.7230,42.5339,42.4371,42.3441,42.5576,30.3304,42.5925,36.3372,41.0243

4702.6500,42.5175,42.7304,42.7183,42.5189,42.4115,42.3445,42.5421,30.3440,42.5793,36.3443,41.0159

4703.6500,42.5103,42.7365,42.7114,42.5343,42.4262,42.3587,42.5450,30.3264,42.5837,36.3426,41.0186

4704.6500,42.5295,42.7510,42.7119,42.5353,42.4147,42.3566,42.5590,30.3360,42.5885,36.3463,41.0242

4705.6500,42.5160,42.7237,42.7307,42.5457,42.4044,42.3663,42.5299,30.3279,42.5841,36.3471,41.0181

4706.6510,42.5191,42.7405,42.7099,42.5304,42.4238,42.3406,42.5560,30.3433,42.5848,36.3420,41.0205

4707.6500,42.5122,42.7459,42.7018,42.5256,42.4123,42.3332,42.5512,30.3368,42.5796,36.3350,41.0149

4708.6500,42.5122,42.7355,42.6919,42.5273,42.4304,42.3532,42.5552,30.3340,42.5795,36.3436,41.0175

4709.6500,42.5086,42.7225,42.6988,42.5408,42.4230,42.3617,42.5603,30.3416,42.5788,36.3516,41.0197

4710.6510,42.5120,42.7256,42.7144,42.5220,42.4283,42.3604,42.5629,30.3568,42.5805,36.3586,41.0228

4711.6500,42.5058,42.7379,42.7202,42.5292,42.4179,42.3677,42.5529,30.3481,42.5822,36.3579,41.0225

4712.6500,42.5200,42.7628,42.7405,42.5141,42.4108,42.3629,42.5485,30.3490,42.5896,36.3559,41.0261

4713.6500,42.5125,42.7438,42.7043,42.5352,42.4182,42.3512,42.5468,30.3531,42.5828,36.3521,41.0206

4714.6510,42.5440,42.7457,42.7127,42.5194,42.4106,42.3697,42.5528,30.3614,42.5865,36.3655,41.0270

4715.6500,42.5260,42.7425,42.7099,42.5301,42.4028,42.3475,42.5449,30.3352,42.5822,36.3413,41.0174

4716.6500,42.4960,42.7306,42.7125,42.5345,42.4109,42.3667,42.5517,30.3650,42.5769,36.3659,41.0210

4717.6510,42.5247,42.7225,42.7184,42.5543,42.4215,42.3722,42.5450,30.3438,42.5883,36.3580,41.0253

4718.6500,42.5170,42.7313,42.6848,42.5472,42.4105,42.3598,42.5668,30.3496,42.5782,36.3547,41.0209

4719.6500,42.5193,42.7407,42.7338,42.5297,42.4161,42.3566,42.5636,30.3486,42.5879,36.3526,41.0260

4720.6500,42.5230,42.7483,42.7162,42.5419,42.4171,42.3492,42.5666,30.3572,42.5893,36.3532,41.0274

4721.6500,42.5290,42.7252,42.7201,42.5305,42.4110,42.3635,42.5523,30.3515,42.5831,36.3575,41.0229

4722.6500,42.5074,42.7294,42.7196,42.5314,42.4061,42.3717,42.5458,30.3465,42.5788,36.3591,41.0197

4723.6500,42.5128,42.7438,42.7126,42.5355,42.4240,42.3505,42.5430,30.3303,42.5857,36.3404,41.0191

4724.6500,42.5166,42.7237,42.7223,42.5410,42.4180,42.3557,42.5661,30.3342,42.5843,36.3449,41.0222

4725.6500,42.5226,42.7406,42.7262,42.5077,42.3915,42.3464,42.5570,30.3322,42.5777,36.3393,41.0155

4726.6500,42.5529,42.7354,42.7382,42.5323,42.4335,42.3279,42.5676,30.3390,42.5984,36.3335,41.0283

4727.6500,42.5430,42.7292,42.7176,42.5358,42.4175,42.3333,42.5433,30.3505,42.5886,36.3419,41.0213

4728.6500,42.5152,42.7396,42.7280,42.5453,42.4306,42.3395,42.5663,30.3474,42.5918,36.3434,41.0265

4729.6500,42.5215,42.7428,42.7098,42.5332,42.4155,42.3574,42.5606,30.3227,42.5845,36.3400,41.0204

4730.6500,42.5248,42.7375,42.7101,42.5358,42.4132,42.3653,42.5400,30.3288,42.5843,36.3471,41.0194

4731.6500,42.5169,42.7556,42.7193,42.5190,42.4212,42.3421,42.5515,30.3378,42.5864,36.3400,41.0204

4732.6500,42.5131,42.7577,42.7391,42.5216,42.4174,42.3639,42.5574,30.3368,42.5898,36.3503,41.0259

4733.6500,42.5092,42.7360,42.7072,42.5157,42.4516,42.3474,42.5403,30.3474,42.5839,36.3474,41.0194

4734.6500,42.5379,42.7301,42.7278,42.5279,42.4240,42.3798,42.5447,30.3153,42.5895,36.3475,41.0234

4735.6500,42.5119,42.7472,42.6966,42.5395,42.4310,42.3543,42.5511,30.3271,42.5853,36.3407,41.0198

4736.6500,42.4904,42.7451,42.7001,42.5239,42.4281,42.3625,42.5606,30.3467,42.5775,36.3546,41.0197

4737.6500,42.5300,42.7572,42.7074,42.5317,42.4282,42.3506,42.5582,30.3275,42.5909,36.3390,41.0239

4738.6500,42.5338,42.7391,42.7238,42.5346,42.4278,42.3446,42.5481,30.3389,42.5918,36.3417,41.0238

4739.6500,42.5054,42.7391,42.7298,42.5462,42.4320,42.3566,42.5522,30.3403,42.5905,36.3485,41.0252

4740.6500,42.5185,42.7574,42.7100,42.5352,42.4409,42.3590,42.5613,30.3441,42.5924,36.3516,41.0283

4741.6500,42.5065,42.7423,42.7060,42.5345,42.4447,42.3517,42.5573,30.3428,42.5868,36.3472,41.0232

4742.6500,42.5350,42.7444,42.7216,42.5362,42.4286,42.3658,42.5455,30.3373,42.5932,36.3516,41.0268

4743.6500,42.5218,42.7287,42.7217,42.5474,42.4237,42.3800,42.5577,30.3465,42.5887,36.3632,41.0284

4744.6500,42.5288,42.7437,42.7154,42.5527,42.3921,42.3810,42.5494,30.3573,42.5865,36.3692,41.0276

4745.6500,42.5110,42.7329,42.7176,42.5302,42.4059,42.3571,42.5628,30.3543,42.5795,36.3557,41.0215

4746.6500,42.5068,42.7379,42.7114,42.5348,42.4101,42.3715,42.5664,30.3304,42.5802,36.3509,41.0212

4747.6500,42.5070,42.7387,42.7336,42.5356,42.4238,42.4038,42.5389,30.3466,42.5878,36.3752,41.0285

4748.6500,42.5158,42.7449,42.7170,42.5269,42.4117,42.3633,42.5524,30.3663,42.5832,36.3648,41.0248

4749.6500,42.5210,42.7466,42.7243,42.5393,42.4238,42.3564,42.5598,30.3546,42.5910,36.3555,41.0283

4750.6500,42.5027,42.7459,42.7171,42.5321,42.4270,42.3665,42.5576,30.3361,42.5849,36.3513,41.0231

4751.6500,42.5364,42.7584,42.7259,42.5446,42.4221,42.3626,42.5716,30.3646,42.5975,36.3636,41.0358

4752.6500,42.4986,42.7469,42.7107,42.5378,42.4224,42.3610,42.5745,30.3517,42.5833,36.3564,41.0254

4753.6500,42.5044,42.7400,42.7191,42.5286,42.4128,42.3649,42.5690,30.3510,42.5810,36.3579,41.0237

4754.6500,42.5545,42.7455,42.7283,42.5391,42.4299,42.3695,42.5768,30.3584,42.5995,36.3640,41.0378

4755.6500,42.5141,42.7395,42.7404,42.5354,42.4244,42.3574,42.5531,30.3509,42.5908,36.3542,41.0269

4756.6500,42.5459,42.7468,42.7263,42.5599,42.4404,42.3581,42.5446,30.3516,42.6039,36.3549,41.0342

4757.6500,42.5417,42.7388,42.7263,42.5213,42.4324,42.3855,42.5283,30.3530,42.5921,36.3692,41.0284

4758.6500,42.5280,42.7337,42.7207,42.5538,42.4402,42.3811,42.5413,30.3646,42.5953,36.3728,41.0329

4759.6500,42.5167,42.7483,42.7037,42.5233,42.4358,42.3600,42.5531,30.3291,42.5855,36.3445,41.0212

4760.6510,42.5264,42.7408,42.7073,42.5437,42.4516,42.3730,42.5618,30.3352,42.5940,36.3541,41.0300

4761.6500,42.5348,42.7483,42.7283,42.5233,42.4353,42.3554,42.5563,30.3380,42.5940,36.3467,41.0275

4762.6500,42.5309,42.7665,42.7339,42.5252,42.4300,42.3505,42.5401,30.3571,42.5973,36.3538,41.0293

4763.6500,42.5382,42.7562,42.7241,42.5600,42.4434,42.3727,42.5688,30.3405,42.6044,36.3566,41.0380

4764.6500,42.5187,42.7605,42.7238,42.5281,42.4429,42.3541,42.5569,30.3311,42.5948,36.3426,41.0270

4765.6500,42.5299,42.7337,42.7105,42.5292,42.4304,42.3597,42.5418,30.3316,42.5867,36.3457,41.0208

4766.6510,42.5251,42.7472,42.7253,42.5343,42.4372,42.3503,42.5520,30.3273,42.5938,36.3388,41.0248

4767.6500,42.5293,42.7595,42.7358,42.5554,42.4248,42.3569,42.5610,30.3565,42.6009,36.3567,41.0349

4768.6500,42.5179,42.7441,42.7088,42.5405,42.4408,42.3868,42.5563,30.3370,42.5904,36.3619,41.0290

4769.6500,42.5351,42.7501,42.7231,42.5432,42.4407,42.3775,42.5535,30.3538,42.5985,36.3657,41.0346

4770.6500,42.5211,42.7413,42.7273,42.5284,42.4295,42.3663,42.5609,30.3505,42.5895,36.3584,41.0282

4771.6510,42.5327,42.7547,42.7138,42.5608,42.4676,42.3598,42.5497,30.3509,42.6059,36.3554,41.0362

4772.6500,42.5213,42.7562,42.7195,42.5210,42.4534,42.3804,42.5531,30.3676,42.5943,36.3740,41.0341

4773.6500,42.5307,42.7311,42.7222,42.5442,42.4354,42.3848,42.5544,30.3598,42.5927,36.3723,41.0328

4774.6500,42.5127,42.7407,42.7449,42.5441,42.4327,42.3718,42.5446,30.3519,42.5950,36.3618,41.0304

4775.6500,42.5109,42.7549,42.7215,42.5360,42.4329,42.3445,42.5709,30.3482,42.5912,36.3464,41.0275

4776.6500,42.5223,42.7565,42.7472,42.5515,42.4150,42.3866,42.5798,30.3555,42.5985,36.3710,41.0393

4777.6500,42.5261,42.7336,42.7113,42.5272,42.4373,42.3689,42.5765,30.3611,42.5871,36.3650,41.0303

4778.6500,42.5300,42.7597,42.7183,42.5575,42.4352,42.3762,42.5724,30.3379,42.6002,36.3570,41.0359

4779.6500,42.5255,42.7504,42.7151,42.5376,42.4125,42.3637,42.5469,30.3577,42.5882,36.3607,41.0262

4780.6500,42.5505,42.7557,42.7362,42.5382,42.4259,42.3668,42.5782,30.3506,42.6013,36.3587,41.0377

4781.6500,42.5252,42.7426,42.7319,42.5316,42.4234,42.3495,42.6059,30.3593,42.5909,36.3544,41.0337

4782.6500,42.5376,42.7405,42.7354,42.5550,42.4344,42.3740,42.5801,30.3564,42.6006,36.3652,41.0392

4783.6500,42.5472,42.7694,42.7345,42.5379,42.4333,42.3719,42.5635,30.3515,42.6045,36.3617,41.0387

4784.6510,42.5258,42.7432,42.7172,42.5564,42.4115,42.3599,42.5722,30.3468,42.5908,36.3533,41.0291

4785.6500,42.5267,42.7537,42.7184,42.5418,42.4193,42.3673,42.5701,30.3317,42.5920,36.3495,41.0286

4786.6500,42.5251,42.7415,42.7364,42.5444,42.4271,42.3694,42.5728,30.3550,42.5949,36.3622,41.0340

4787.6500,42.5438,42.7652,42.7234,42.5310,42.4271,42.3820,42.5728,30.3396,42.5981,36.3608,41.0356

4788.6500,42.5392,42.7517,42.7471,42.5504,42.4336,42.3565,42.5662,30.3570,42.6044,36.3567,41.0377

4789.6500,42.5329,42.7510,42.7343,42.5419,42.4255,42.3590,42.5684,30.3488,42.5971,36.3539,41.0327

4790.6500,42.5560,42.7633,42.7238,42.5490,42.4510,42.3417,42.5862,30.3416,42.6086,36.3417,41.0391

4791.6500,42.5214,42.7463,42.7305,42.5525,42.4600,42.3536,42.5929,30.3588,42.6021,36.3562,41.0395

4792.6500,42.5227,42.7513,42.7123,42.5501,42.4469,42.3460,42.5659,30.3568,42.5967,36.3514,41.0315

4793.6510,42.5336,42.7443,42.7267,42.5324,42.4416,42.3830,42.5640,30.3439,42.5957,36.3634,41.0337

4794.6510,42.5101,42.7479,42.7177,42.5378,42.4324,42.3715,42.5704,30.3534,42.5892,36.3625,41.0302

4795.6500,42.5196,42.7443,42.7462,42.5412,42.4420,42.3699,42.5761,30.3410,42.5987,36.3554,41.0350

4796.6510,42.5562,42.7602,42.7323,42.5580,42.4255,42.3776,42.5775,30.3417,42.6064,36.3597,41.0411

4797.6500,42.5392,42.7504,42.7188,42.5468,42.4523,42.3779,42.5575,30.3265,42.6015,36.3522,41.0337

4798.6500,42.5540,42.7547,42.7221,42.5404,42.4680,42.3662,42.5985,30.3391,42.6078,36.3527,41.0429

4799.6500,42.5478,42.7444,42.7318,42.5347,42.4371,42.3837,42.5784,30.3093,42.5992,36.3465,41.0334

4800.6500,42.5495,42.7597,42.7095,42.5436,42.4449,42.3761,42.5664,30.3567,42.6015,36.3664,41.0383

4801.6500,42.5260,42.7603,42.7287,42.5521,42.4460,42.3847,42.5651,30.3338,42.6026,36.3592,41.0371

4802.6500,42.5215,42.7815,42.7276,42.5542,42.4285,42.3885,42.5612,30.3485,42.6027,36.3685,41.0389

4803.6500,42.5305,42.7587,42.7341,42.5528,42.4329,42.3840,42.5700,30.3398,42.6018,36.3619,41.0379

4804.6500,42.5049,42.7597,42.7355,42.5458,42.4203,42.3594,42.5770,30.3459,42.5933,36.3527,41.0311

4805.6500,42.5639,42.7482,42.7435,42.5516,42.4435,42.3835,42.5953,30.3660,42.6101,36.3748,41.0494

4806.6500,42.5479,42.7445,42.7180,42.5390,42.4317,42.3768,42.5739,30.3564,42.5962,36.3666,41.0360

4807.6500,42.5371,42.7629,42.7564,42.5603,42.4227,42.3767,42.5603,30.3760,42.6079,36.3764,41.0441

4808.6500,42.5631,42.7537,42.7719,42.5348,42.4445,42.3748,42.5488,30.3694,42.6136,36.3721,41.0451

4809.6500,42.5345,42.7788,42.7403,42.5437,42.4257,42.3713,42.5906,30.3598,42.6046,36.3656,41.0431

4810.6500,42.5475,42.7524,42.7287,42.5437,42.4308,42.3681,42.5762,30.3814,42.6006,36.3748,41.0411

4811.6510,42.5264,42.7499,42.7253,42.5645,42.4362,42.3860,42.5822,30.3601,42.6005,36.3730,41.0413

4812.6500,42.5390,42.7362,42.7450,42.5526,42.4135,42.3726,42.5665,30.3700,42.5972,36.3713,41.0369

4813.6500,42.5438,42.7561,42.7356,42.5423,42.4360,42.3834,42.5660,30.3669,42.6028,36.3751,41.0413

4814.6500,42.5376,42.7551,42.7532,42.5510,42.4214,42.3610,42.5724,30.3498,42.6037,36.3554,41.0377

4815.6500,42.5223,42.7676,42.7407,42.5478,42.4511,42.3768,42.5887,30.3761,42.6059,36.3764,41.0464

4816.6500,42.5396,42.7707,42.7349,42.5309,42.4536,42.4025,42.5685,30.3504,42.6060,36.3765,41.0439

4817.6500,42.5460,42.7600,42.7502,42.5629,42.4396,42.3610,42.5745,30.3663,42.6117,36.3637,41.0451

4818.6510,42.5398,42.7528,42.7073,42.5544,42.4408,42.3543,42.5720,30.3581,42.5990,36.3562,41.0350

4819.6500,42.5503,42.7564,42.7425,42.5408,42.4397,42.3755,42.5696,30.3533,42.6059,36.3644,41.0410

4820.6500,42.5447,42.7606,42.7365,42.5575,42.4573,42.3639,42.5719,30.3537,42.6113,36.3588,41.0433

4821.6510,42.5499,42.7669,42.7455,42.5536,42.4653,42.3695,42.5819,30.3542,42.6162,36.3618,41.0483

4822.6500,42.5563,42.7666,42.7638,42.5593,42.4508,42.3629,42.5710,30.3438,42.6194,36.3533,41.0468

4823.6500,42.5440,42.7357,42.7445,42.5544,42.4520,42.3711,42.5711,30.3614,42.6061,36.3663,41.0418

4824.6500,42.5317,42.7632,42.7469,42.5513,42.4536,42.3611,42.5736,30.3508,42.6093,36.3560,41.0415

4825.6500,42.5438,42.7726,42.7298,42.5648,42.4726,42.3755,42.5648,30.3537,42.6167,36.3646,41.0472

4826.6500,42.5406,42.7686,42.7538,42.5585,42.4634,42.3579,42.5883,30.3293,42.6170,36.3436,41.0450

4827.6500,42.5115,42.7555,42.7356,42.5506,42.4492,42.3842,42.5682,30.3404,42.6005,36.3623,41.0369

4828.6500,42.5534,42.7697,42.7177,42.5624,42.4660,42.3772,42.5741,30.3427,42.6138,36.3600,41.0454

4829.6500,42.5370,42.7740,42.7308,42.5332,42.4501,42.3953,42.5950,30.3328,42.6050,36.3640,41.0435

4830.6500,42.5506,42.7612,42.7385,42.5790,42.4618,42.3860,42.5674,30.3380,42.6182,36.3620,41.0478

4831.6500,42.5494,42.7742,42.7464,42.5604,42.4518,42.3890,42.5656,30.3232,42.6164,36.3561,41.0450

4832.6510,42.5317,42.7546,42.7481,42.5584,42.4485,42.3806,42.5956,30.3307,42.6083,36.3556,41.0435

4833.6500,42.5311,42.7735,42.7452,42.5518,42.4614,42.3749,42.5792,30.3305,42.6126,36.3527,41.0435

4834.6500,42.5336,42.7749,42.7586,42.5615,42.4630,42.3732,42.6025,30.3425,42.6183,36.3579,41.0512

4835.6510,42.5298,42.7664,42.7478,42.5465,42.4270,42.3968,42.5809,30.3292,42.6035,36.3630,41.0405

4836.6500,42.5544,42.7622,42.7650,42.5637,42.4429,42.3517,42.5832,30.3250,42.6176,36.3383,41.0435

4837.6500,42.5502,42.7654,42.7496,42.5492,42.4563,42.3806,42.5832,30.3612,42.6142,36.3709,41.0495

4838.6500,42.5308,42.7858,42.7337,42.5580,42.4596,42.3959,42.5720,30.3396,42.6136,36.3678,41.0469

4839.6500,42.5640,42.7689,42.7396,42.5514,42.4566,42.4180,42.5728,30.3520,42.6161,36.3850,41.0529

4840.6500,42.5559,42.7725,42.7376,42.5559,42.4401,42.3946,42.5684,30.3631,42.6124,36.3788,41.0485

4841.6510,42.5596,42.7811,42.7606,42.5594,42.4731,42.3639,42.5845,30.3499,42.6268,36.3569,41.0540

4842.6500,42.5413,42.7659,42.7590,42.5600,42.4521,42.3731,42.5763,30.3799,42.6157,36.3765,41.0509

4843.6500,42.5450,42.7685,42.7401,42.5607,42.4572,42.3907,42.5821,30.3559,42.6143,36.3733,41.0500

4844.6500,42.5527,42.7667,42.7109,42.5548,42.4430,42.3570,42.5617,30.3533,42.6056,36.3551,41.0375

4845.6500,42.5620,42.7831,42.7292,42.5604,42.4629,42.3839,42.5948,30.3645,42.6195,36.3742,41.0551

4846.6510,42.5332,42.7756,42.7510,42.5548,42.4383,42.3756,42.5595,30.3481,42.6106,36.3619,41.0420

4847.6500,42.5309,42.7675,42.7303,42.5639,42.4370,42.3831,42.5797,30.3557,42.6059,36.3694,41.0435

4848.6510,42.5391,42.7738,42.7404,42.5772,42.4480,42.3806,42.5907,30.3537,42.6157,36.3672,41.0505

4849.6500,42.5589,42.7496,42.7375,42.5674,42.4734,42.3683,42.5892,30.3469,42.6173,36.3576,41.0489

4850.6500,42.5636,42.7692,42.7446,42.5568,42.4567,42.3847,42.5703,30.3390,42.6182,36.3618,41.0481

4851.6500,42.5557,42.7494,42.7289,42.5467,42.4306,42.3813,42.5709,30.3521,42.6023,36.3667,41.0394

4852.6500,42.5758,42.7829,42.7266,42.5625,42.4638,42.3792,42.5807,30.3433,42.6223,36.3612,41.0518

4853.6500,42.5446,42.7567,42.7413,42.5596,42.4544,42.3921,42.5791,30.3277,42.6113,36.3599,41.0444

4854.6500,42.5740,42.7747,42.7621,42.5641,42.4643,42.3876,42.5683,30.3424,42.6278,36.3650,41.0547

4855.6500,42.5530,42.7877,42.7612,42.5543,42.4498,42.3698,42.5878,30.3385,42.6212,36.3542,41.0502

4856.6500,42.5429,42.7511,42.7534,42.5541,42.4699,42.3709,42.5847,30.3490,42.6143,36.3600,41.0470

4857.6500,42.5299,42.7850,42.7553,42.5661,42.4458,42.3876,42.6042,30.3664,42.6164,36.3770,41.0550

4858.6500,42.5463,42.7647,42.7350,42.5718,42.4701,42.3990,42.5821,30.3483,42.6176,36.3736,41.0522

4859.6500,42.5517,42.7758,42.7451,42.5615,42.4876,42.4220,42.5950,30.3406,42.6243,36.3813,41.0599

4860.6500,42.5352,42.7595,42.7502,42.5936,42.4478,42.3860,42.5852,30.3304,42.6173,36.3582,41.0485

4861.6500,42.5521,42.7688,42.7572,42.5643,42.4512,42.3908,42.5945,30.3475,42.6187,36.3692,41.0533

4862.6510,42.5533,42.7791,42.7512,42.5830,42.4497,42.4083,42.6095,30.3318,42.6233,36.3701,41.0582

4863.6500,42.5451,42.7793,42.7546,42.5799,42.4661,42.3861,42.5845,30.3400,42.6250,36.3630,41.0544

4864.6500,42.5463,42.7634,42.7564,42.5723,42.4631,42.3710,42.5965,30.3515,42.6203,36.3613,41.0526

4865.6500,42.5423,42.7870,42.7730,42.5843,42.4572,42.3880,42.6034,30.3447,42.6288,36.3663,41.0600

4866.6500,42.5424,42.7831,42.7575,42.5707,42.4629,42.3806,42.6004,30.3448,42.6233,36.3627,41.0553

4867.6500,42.5275,42.7865,42.7405,42.5624,42.4652,42.3797,42.5680,30.3400,42.6164,36.3599,41.0462

4868.6500,42.5417,42.7612,42.7645,42.5818,42.4510,42.4018,42.6004,30.3454,42.6200,36.3736,41.0560

4869.6500,42.5461,42.7969,42.7597,42.5855,42.4592,42.4057,42.5915,30.3542,42.6295,36.3800,41.0624

4870.6500,42.5490,42.7982,42.7476,42.5719,42.4640,42.4110,42.6077,30.3327,42.6261,36.3718,41.0602

4871.6500,42.5668,42.7775,42.7487,42.5767,42.4389,42.4083,42.5944,30.3647,42.6217,36.3865,41.0595

4872.6500,42.5785,42.7784,42.7436,42.5893,42.4712,42.3949,42.6037,30.3522,42.6322,36.3735,41.0640

4873.6500,42.5915,42.7859,42.7492,42.5540,42.4711,42.4083,42.5861,30.3385,42.6303,36.3734,41.0606

4874.6500,42.5713,42.7744,42.7308,42.5741,42.4644,42.3705,42.5825,30.3335,42.6230,36.3520,41.0502

4875.6500,42.5480,42.7629,42.7638,42.5826,42.4434,42.4118,42.5798,30.3588,42.6201,36.3853,41.0564

4876.6500,42.5421,42.7656,42.7587,42.5746,42.4417,42.3957,42.6155,30.3590,42.6165,36.3773,41.0566

4877.6510,42.5465,42.7911,42.7530,42.5639,42.4601,42.3834,42.5824,30.3438,42.6229,36.3636,41.0530

4878.6510,42.5281,42.7719,42.7315,42.5692,42.4579,42.3979,42.5864,30.3665,42.6117,36.3822,41.0512

4879.6500,42.5447,42.7728,42.7533,42.5772,42.4531,42.4085,42.5869,30.3395,42.6202,36.3740,41.0545

4880.6500,42.5584,42.8130,42.7721,42.5722,42.4603,42.4078,42.5834,30.3393,42.6352,36.3735,41.0633

4881.6500,42.6050,42.7709,42.7579,42.5748,42.4372,42.3930,42.5938,30.3531,42.6292,36.3731,41.0607

4882.6500,42.5616,42.7784,42.7556,42.5958,42.4760,42.3821,42.6106,30.3350,42.6335,36.3586,41.0619

4883.6500,42.5754,42.7880,42.7573,42.5672,42.4736,42.3838,42.5960,30.3377,42.6323,36.3607,41.0599

4884.6500,42.5947,42.7734,42.7558,42.5801,42.4669,42.3906,42.6191,30.3497,42.6342,36.3702,41.0663

4885.6500,42.5528,42.7802,42.7606,42.5696,42.4668,42.4092,42.5947,30.3468,42.6260,36.3780,41.0601

4886.6500,42.5714,42.7927,42.7551,42.5812,42.4757,42.3892,42.5845,30.3487,42.6352,36.3690,41.0623

4887.6500,42.5513,42.7978,42.7611,42.5710,42.4653,42.3848,42.5943,30.3316,42.6293,36.3582,41.0571

4888.6500,42.5743,42.7858,42.7769,42.5729,42.4888,42.3819,42.6068,30.3493,42.6397,36.3656,41.0671

4889.6500,42.5585,42.7899,42.7573,42.5882,42.4790,42.3898,42.6012,30.3451,42.6346,36.3674,41.0636

4890.6500,42.5560,42.7785,42.7794,42.5796,42.4793,42.4110,42.5949,30.3275,42.6346,36.3692,41.0633

4891.6500,42.5761,42.7723,42.7584,42.5813,42.4617,42.4050,42.6129,30.3487,42.6299,36.3769,41.0645

4892.6500,42.5485,42.7779,42.7635,42.5896,42.4964,42.4090,42.5943,30.3344,42.6352,36.3717,41.0642

4893.6500,42.5557,42.7745,42.7554,42.5881,42.4669,42.3874,42.6109,30.3422,42.6281,36.3648,41.0601

4894.6500,42.5599,42.7737,42.7844,42.5808,42.4655,42.4042,42.6054,30.3587,42.6329,36.3814,41.0666

4895.6500,42.5698,42.7787,42.7415,42.5718,42.4889,42.4159,42.5988,30.3386,42.6301,36.3773,41.0630

4896.6500,42.5464,42.7608,42.7719,42.5977,42.4758,42.3903,42.5911,30.3409,42.6305,36.3656,41.0594

4897.6500,42.5677,42.7607,42.7774,42.5850,42.4896,42.4073,42.6063,30.3520,42.6361,36.3797,41.0683

4898.6500,42.5745,42.8055,42.7669,42.5656,42.4885,42.3876,42.6070,30.3631,42.6402,36.3753,41.0698

4899.6500,42.5546,42.8006,42.7527,42.5798,42.4756,42.3966,42.5980,30.3285,42.6327,36.3625,41.0608

4900.6500,42.5507,42.7803,42.7510,42.5925,42.4740,42.4200,42.5934,30.3555,42.6297,36.3878,41.0647

4901.6500,42.5694,42.7939,42.7488,42.5805,42.4811,42.4113,42.5945,30.3612,42.6347,36.3863,41.0676

4902.6500,42.5731,42.7821,42.7658,42.5845,42.4672,42.4002,42.6171,30.3335,42.6345,36.3669,41.0654

4903.6500,42.5707,42.7938,42.7822,42.5688,42.4522,42.4001,42.6046,30.3598,42.6335,36.3799,41.0665

4904.6500,42.5842,42.8055,42.7660,42.5875,42.4521,42.3861,42.6020,30.3569,42.6391,36.3715,41.0676

4905.6500,42.5510,42.7741,42.7713,42.5728,42.4738,42.4046,42.5905,30.3690,42.6286,36.3868,41.0634

4906.6510,42.5766,42.7944,42.7754,42.5778,42.4716,42.4097,42.5899,30.3737,42.6392,36.3917,41.0712

4907.6510,42.5633,42.7958,42.7670,42.6085,42.4792,42.4211,42.6010,30.3744,42.6428,36.3977,41.0763

4908.6500,42.5847,42.7932,42.7681,42.5650,42.4838,42.3983,42.5956,30.3542,42.6389,36.3762,41.0679

4909.6510,42.5524,42.7726,42.7819,42.5634,42.4832,42.4056,42.5895,30.3747,42.6307,36.3901,41.0654

4910.6500,42.5684,42.7947,42.7770,42.5739,42.4736,42.3941,42.6074,30.3574,42.6375,36.3757,41.0683

4911.6500,42.5708,42.7833,42.7624,42.5644,42.4639,42.3914,42.5900,30.3504,42.6290,36.3709,41.0596

4912.6500,42.5514,42.8024,42.7634,42.5849,42.4566,42.4073,42.6170,30.3548,42.6317,36.3810,41.0672

4913.6500,42.5820,42.7854,42.7626,42.5981,42.4662,42.4091,42.6028,30.3608,42.6389,36.3849,41.0709

4914.6500,42.5897,42.7860,42.7502,42.5815,42.4698,42.4033,42.6108,30.3592,42.6354,36.3813,41.0688

4915.6500,42.5697,42.7898,42.7591,42.5820,42.4516,42.4083,42.6080,30.3432,42.6304,36.3758,41.0640

4916.6500,42.5760,42.7716,42.7483,42.5610,42.4803,42.4101,42.6307,30.3586,42.6274,36.3843,41.0671

4917.6500,42.5689,42.7835,42.7649,42.5934,42.4773,42.4043,42.6074,30.3663,42.6376,36.3853,41.0707

4918.6500,42.5730,42.7870,42.7647,42.5932,42.4852,42.4057,42.6030,30.3541,42.6406,36.3799,41.0707

4919.6500,42.5986,42.7799,42.7613,42.5888,42.4703,42.4001,42.6023,30.3659,42.6398,36.3830,41.0709

4920.6500,42.5949,42.7893,42.7744,42.5857,42.4899,42.4090,42.6132,30.3622,42.6469,36.3856,41.0773

4921.6500,42.5645,42.7881,42.7635,42.5832,42.4743,42.4148,42.5929,30.3488,42.6347,36.3818,41.0663

4922.6500,42.5784,42.7892,42.7673,42.5679,42.4887,42.4022,42.6107,30.3539,42.6383,36.3781,41.0698

4923.6500,42.5675,42.7976,42.7515,42.5907,42.4750,42.4155,42.5958,30.3673,42.6365,36.3914,41.0701

4924.6510,42.5766,42.7788,42.7695,42.5720,42.4920,42.4098,42.6031,30.3601,42.6378,36.3849,41.0702

4925.6500,42.5779,42.7964,42.7708,42.5835,42.5040,42.3864,42.6128,30.3342,42.6465,36.3603,41.0708

4926.6500,42.5741,42.7904,42.7811,42.5812,42.4709,42.4100,42.5845,30.3594,42.6395,36.3847,41.0690

4927.6500,42.5771,42.7924,42.7687,42.5814,42.4701,42.4009,42.6014,30.3605,42.6380,36.3807,41.0691

4928.6500,42.5848,42.7944,42.7605,42.5922,42.4853,42.4105,42.6187,30.3543,42.6434,36.3824,41.0751

4929.6510,42.5790,42.7911,42.7586,42.5866,42.4567,42.4154,42.6071,30.3343,42.6344,36.3748,41.0661

4930.6510,42.5872,42.7895,42.7825,42.5859,42.4854,42.4068,42.6082,30.3637,42.6461,36.3853,41.0762

4931.6510,42.5644,42.7932,42.7742,42.5841,42.4937,42.4175,42.6162,30.3510,42.6419,36.3842,41.0743

4932.6500,42.5852,42.7688,42.7688,42.5792,42.4881,42.4430,42.6210,30.3387,42.6380,36.3909,41.0741

4933.6500,42.5756,42.7973,42.7889,42.5928,42.5059,42.4175,42.6183,30.3464,42.6521,36.3819,41.0803

4934.6500,42.5766,42.7761,42.7673,42.5934,42.4990,42.4084,42.6227,30.3427,42.6425,36.3755,41.0733

4935.6500,42.5830,42.7800,42.7758,42.5769,42.4630,42.4179,42.5968,30.3717,42.6357,36.3948,41.0706

4936.6500,42.5764,42.8148,42.7567,42.5987,42.4760,42.4342,42.5950,30.3449,42.6445,36.3895,41.0746

4937.6500,42.5771,42.7903,42.7522,42.6118,42.4874,42.4163,42.6053,30.3423,42.6438,36.3793,41.0728

4938.6500,42.5585,42.7823,42.7562,42.5954,42.4962,42.4102,42.6112,30.3592,42.6377,36.3847,41.0711

4939.6500,42.5639,42.7975,42.7408,42.5861,42.4905,42.4254,42.6112,30.3623,42.6358,36.3938,41.0722

4940.6500,42.5905,42.7820,42.7694,42.5747,42.4724,42.4212,42.6225,30.3680,42.6378,36.3946,41.0751

4941.6500,42.5686,42.7830,42.7710,42.5883,42.4780,42.3976,42.5995,30.3506,42.6378,36.3741,41.0671

4942.6500,42.5825,42.7796,42.7583,42.5909,42.5026,42.4277,42.6067,30.3350,42.6428,36.3814,41.0729

4943.6500,42.5520,42.7652,42.7583,42.5900,42.4623,42.3860,42.6188,30.3653,42.6255,36.3756,41.0622

4944.6500,42.5674,42.8010,42.7704,42.5765,42.4721,42.3940,42.6281,30.3310,42.6375,36.3625,41.0676

4945.6500,42.5641,42.7969,42.7820,42.5835,42.4855,42.4228,42.6230,30.3771,42.6424,36.3999,41.0794

4946.6500,42.5488,42.7961,42.7552,42.5833,42.4772,42.4219,42.6121,30.3503,42.6321,36.3861,41.0681

4947.6500,42.5623,42.7795,42.7781,42.5973,42.4530,42.4414,42.6019,30.3714,42.6340,36.4064,41.0731

4948.6510,42.5856,42.7772,42.7683,42.5866,42.4778,42.4308,42.6070,30.3645,42.6391,36.3976,41.0747

4949.6500,42.5729,42.7740,42.7577,42.5894,42.4888,42.4334,42.6048,30.3639,42.6366,36.3987,41.0731

4950.6500,42.5679,42.7947,42.7728,42.5846,42.4833,42.4247,42.6194,30.3479,42.6406,36.3863,41.0744

4951.6510,42.5655,42.7832,42.7585,42.5931,42.4772,42.4344,42.6093,30.3568,42.6355,36.3956,41.0723

4952.6500,42.5706,42.8004,42.7726,42.6006,42.4600,42.4107,42.6020,30.3512,42.6408,36.3810,41.0710

4953.6500,42.5806,42.7892,42.7794,42.5837,42.4630,42.4012,42.6139,30.3613,42.6392,36.3813,41.0716

4954.6500,42.5951,42.8025,42.7723,42.5873,42.4878,42.4115,42.6115,30.3501,42.6490,36.3808,41.0773

4955.6500,42.5915,42.7927,42.7620,42.5924,42.4711,42.4014,42.6291,30.3577,42.6419,36.3795,41.0747

4956.6510,42.5751,42.7935,42.7605,42.5709,42.4915,42.4254,42.6174,30.3694,42.6383,36.3974,41.0755

4957.6500,42.5827,42.7848,42.7764,42.6030,42.4637,42.4019,42.6151,30.3728,42.6421,36.3874,41.0751

4958.6510,42.5760,42.8061,42.7894,42.5807,42.4844,42.4003,42.6244,30.3816,42.6473,36.3909,41.0804

4959.6500,42.5970,42.7998,42.7612,42.5879,42.4664,42.3995,42.6107,30.3619,42.6425,36.3807,41.0731

4960.6500,42.5746,42.7943,42.7720,42.5843,42.4584,42.4393,42.6317,30.3647,42.6367,36.4020,41.0774

4961.6500,42.5884,42.7870,42.7754,42.5890,42.4745,42.4122,42.6193,30.3537,42.6429,36.3830,41.0750

4962.6500,42.5713,42.7838,42.7578,42.5844,42.4955,42.4151,42.6337,30.3740,42.6386,36.3946,41.0769

4963.6510,42.5858,42.7849,42.7649,42.6022,42.4910,42.4055,42.6246,30.3497,42.6458,36.3776,41.0761

4964.6500,42.5790,42.8010,42.7652,42.5895,42.4647,42.4182,42.6230,30.3593,42.6399,36.3887,41.0750

4965.6500,42.5892,42.7959,42.7843,42.5942,42.4939,42.4042,42.6123,30.3559,42.6515,36.3801,41.0788

4966.6500,42.5907,42.7993,42.7700,42.5860,42.4894,42.3904,42.6222,30.3499,42.6471,36.3701,41.0747

4967.6500,42.5817,42.7917,42.7643,42.5997,42.4981,42.4144,42.6351,30.3432,42.6471,36.3788,41.0785

4968.6500,42.5906,42.8099,42.7816,42.5934,42.4939,42.4219,42.6138,30.3564,42.6539,36.3891,41.0827

4969.6500,42.5704,42.7873,42.7701,42.5990,42.4933,42.4110,42.6186,30.3472,42.6440,36.3791,41.0746

4970.6500,42.5721,42.7908,42.7634,42.6026,42.4875,42.4150,42.6105,30.3588,42.6433,36.3869,41.0751

4971.6500,42.5769,42.7855,42.7734,42.5926,42.4872,42.4138,42.6172,30.3534,42.6431,36.3836,41.0750

4972.6500,42.5770,42.7839,42.7736,42.5738,42.4812,42.4022,42.6054,30.3600,42.6379,36.3811,41.0696

4973.6510,42.5723,42.7983,42.7523,42.5878,42.4519,42.4217,42.6055,30.3435,42.6325,36.3826,41.0667

4974.6500,42.5869,42.7899,42.7606,42.5905,42.4884,42.4205,42.6300,30.3630,42.6432,36.3917,41.0787

4975.6500,42.5910,42.7959,42.7824,42.5983,42.4854,42.4315,42.6369,30.3445,42.6506,36.3880,41.0832

4976.6500,42.5746,42.8002,42.7709,42.5817,42.4811,42.4049,42.6064,30.3406,42.6417,36.3728,41.0700

4977.6500,42.5707,42.8065,42.7642,42.5871,42.4703,42.4238,42.6113,30.3621,42.6398,36.3929,41.0745

4978.6500,42.5650,42.8051,42.7725,42.5903,42.4790,42.4292,42.6066,30.3671,42.6424,36.3982,41.0769

4979.6500,42.5842,42.7913,42.7732,42.5813,42.4592,42.4211,42.6394,30.3443,42.6378,36.3827,41.0742

4980.6500,42.5732,42.8227,42.7794,42.5801,42.4868,42.4296,42.6149,30.3506,42.6484,36.3901,41.0796

4981.6500,42.5934,42.7915,42.7715,42.5847,42.4874,42.4325,42.6219,30.3705,42.6457,36.4015,41.0817

4982.6500,42.5960,42.8076,42.7922,42.5914,42.4859,42.4296,42.6272,30.3543,42.6546,36.3920,41.0855

4983.6500,42.5839,42.7862,42.7704,42.5840,42.5012,42.4342,42.6207,30.3520,42.6451,36.3931,41.0791

4984.6500,42.5695,42.7955,42.7834,42.5845,42.4845,42.4282,42.6235,30.3449,42.6435,36.3866,41.0767

4985.6500,42.5516,42.8059,42.7803,42.5772,42.5038,42.4034,42.6367,30.3541,42.6438,36.3787,41.0766

4986.6500,42.5862,42.7942,42.7654,42.5986,42.4993,42.4109,42.6269,30.3561,42.6487,36.3835,41.0797

4987.6500,42.5645,42.7792,42.7861,42.5933,42.5115,42.4223,42.6109,30.3441,42.6469,36.3832,41.0765

4988.6500,42.5721,42.8034,42.7774,42.5980,42.4935,42.4126,42.6268,30.3691,42.6489,36.3909,41.0816

4989.6500,42.5745,42.7999,42.7836,42.6023,42.4796,42.4076,42.6144,30.3753,42.6480,36.3914,41.0797

4990.6500,42.5748,42.7893,42.7925,42.5797,42.4716,42.4330,42.6238,30.3709,42.6416,36.4019,41.0794

4991.6500,42.5608,42.8003,42.7766,42.6032,42.4920,42.4279,42.6056,30.3667,42.6466,36.3973,41.0791

4992.6500,42.5780,42.7929,42.7752,42.5707,42.4780,42.4185,42.6144,30.3619,42.6390,36.3902,41.0737

4993.6500,42.5739,42.7896,42.7780,42.5921,42.4707,42.4205,42.6219,30.3667,42.6409,36.3936,41.0767

4994.6500,42.5777,42.7693,42.7698,42.5666,42.4959,42.4113,42.6229,30.3739,42.6359,36.3926,41.0734

4995.6500,42.5783,42.8123,42.7752,42.5985,42.5007,42.4175,42.6367,30.3679,42.6530,36.3927,41.0859

4996.6500,42.5773,42.7938,42.7901,42.5917,42.4824,42.4369,42.6219,30.3777,42.6471,36.4073,41.0840

4997.6500,42.5706,42.7925,42.7809,42.6015,42.4883,42.4400,42.6136,30.3662,42.6468,36.4031,41.0817

4998.6510,42.5723,42.8019,42.7893,42.5872,42.4812,42.4357,42.6281,30.3525,42.6464,36.3941,41.0810

4999.6500,42.5960,42.7860,42.7581,42.5880,42.4849,42.4287,42.6248,30.3680,42.6426,36.3983,41.0793

5000.6500,42.5812,42.8098,42.7536,42.5816,42.4832,42.4246,42.6114,30.3671,42.6419,36.3959,41.0766

5001.6500,42.6055,42.7789,42.7575,42.6018,42.4786,42.4312,42.6265,30.3785,42.6445,36.4049,41.0823

5002.6500,42.5881,42.7926,42.7968,42.6174,42.4728,42.4273,42.6114,30.3628,42.6536,36.3950,41.0837

5003.6500,42.5986,42.8077,42.7900,42.6194,42.4996,42.4466,42.6236,30.3659,42.6630,36.4062,41.0939

5004.6500,42.5792,42.8271,42.7686,42.5864,42.4881,42.4421,42.6310,30.3500,42.6499,36.3960,41.0840

5005.6500,42.5641,42.8109,42.7761,42.5916,42.4851,42.4316,42.6422,30.3672,42.6455,36.3994,41.0836

5006.6500,42.5781,42.7990,42.7734,42.5945,42.4939,42.4079,42.6345,30.3808,42.6478,36.3944,41.0828

5007.6510,42.5943,42.7949,42.7982,42.5923,42.4702,42.4153,42.6262,30.3784,42.6500,36.3969,41.0837

5008.6500,42.5543,42.8079,42.7712,42.5983,42.4827,42.4297,42.6290,30.3709,42.6429,36.4003,41.0805

5009.6500,42.5835,42.7886,42.7825,42.6078,42.4613,42.4306,42.6389,30.3944,42.6447,36.4125,41.0859

5010.6500,42.5935,42.8118,42.7737,42.5915,42.4828,42.4210,42.6347,30.3757,42.6507,36.3984,41.0856

5011.6510,42.5879,42.7961,42.7784,42.5999,42.5047,42.4205,42.6250,30.3691,42.6534,36.3948,41.0852

5012.6500,42.5942,42.7874,42.7679,42.5954,42.4920,42.4064,42.6261,30.3868,42.6474,36.3966,41.0820

5013.6500,42.5889,42.7984,42.7761,42.5869,42.4787,42.4196,42.6301,30.3631,42.6458,36.3914,41.0802

5014.6500,42.5871,42.8170,42.7775,42.5762,42.4909,42.4100,42.6139,30.3698,42.6497,36.3899,41.0803

5015.6500,42.5769,42.7980,42.7808,42.5842,42.4760,42.4221,42.6418,30.3698,42.6432,36.3960,41.0812

5016.6500,42.5855,42.8010,42.7898,42.6035,42.4828,42.4126,42.6025,30.3625,42.6525,36.3876,41.0800

5017.6500,42.5794,42.8071,42.7778,42.5979,42.4743,42.4204,42.6421,30.3525,42.6473,36.3865,41.0814

5018.6500,42.5793,42.8078,42.7651,42.5885,42.4784,42.4040,42.6373,30.3754,42.6438,36.3897,41.0795

5019.6500,42.6055,42.7931,42.7745,42.5979,42.4842,42.4521,42.6249,30.3550,42.6510,36.4035,41.0859

5020.6500,42.5936,42.8026,42.7682,42.5916,42.4937,42.4151,42.6172,30.3623,42.6500,36.3887,41.0806

5021.6500,42.5905,42.8019,42.7893,42.6048,42.4836,42.4064,42.6123,30.3854,42.6540,36.3959,41.0843

5022.6500,42.5732,42.8013,42.7948,42.6056,42.4802,42.4123,42.6246,30.3735,42.6510,36.3929,41.0832

5023.6500,42.5832,42.8011,42.7969,42.5962,42.4911,42.4079,42.6389,30.3648,42.6537,36.3864,41.0850

5024.6500,42.5671,42.7928,42.7816,42.5976,42.4686,42.4091,42.6241,30.3651,42.6415,36.3871,41.0757

5025.6500,42.5678,42.7948,42.7832,42.5829,42.5018,42.4112,42.6308,30.3667,42.6461,36.3889,41.0799

5026.6500,42.5817,42.8058,42.7747,42.6134,42.4906,42.4120,42.6241,30.3558,42.6532,36.3839,41.0823

5027.6500,42.5892,42.7976,42.7860,42.5977,42.4767,42.4112,42.6433,30.3850,42.6494,36.3981,41.0858

5028.6500,42.5668,42.8105,42.7892,42.6065,42.4994,42.4353,42.6242,30.3582,42.6545,36.3967,41.0863

5029.6500,42.5713,42.8057,42.7750,42.5775,42.5025,42.4286,42.6267,30.3721,42.6464,36.4003,41.0824

5030.6500,42.5787,42.7959,42.7787,42.6085,42.5029,42.4160,42.6253,30.3551,42.6529,36.3856,41.0826

5031.6500,42.5983,42.8058,42.7844,42.6194,42.4766,42.4143,42.6403,30.3590,42.6569,36.3866,41.0873

5032.6500,42.5783,42.7864,42.7873,42.5800,42.5007,42.4245,42.6376,30.3463,42.6465,36.3854,41.0801

5033.6500,42.5868,42.8094,42.7750,42.6011,42.5055,42.4450,42.6225,30.3544,42.6556,36.3997,41.0875

5034.6500,42.5506,42.8168,42.7838,42.6003,42.4976,42.4265,42.6333,30.3718,42.6498,36.3991,41.0851

5035.6500,42.5529,42.7967,42.7758,42.5857,42.4896,42.4222,42.6321,30.3549,42.6401,36.3886,41.0762

5036.6500,42.5772,42.7983,42.7779,42.6022,42.4736,42.4485,42.6338,30.3537,42.6458,36.4011,41.0831

5037.6500,42.5733,42.7861,42.7763,42.5941,42.4980,42.4255,42.6206,30.3628,42.6456,36.3942,41.0796

5038.6500,42.5863,42.7895,42.7937,42.6268,42.4669,42.4329,42.6282,30.3737,42.6526,36.4033,41.0872

5039.6500,42.5724,42.8199,42.7971,42.6001,42.4687,42.4315,42.6280,30.3835,42.6516,36.4075,41.0877

5040.6500,42.5710,42.7909,42.7867,42.5896,42.4636,42.4441,42.6301,30.3863,42.6403,36.4152,41.0828

5041.6500,42.5872,42.7979,42.7802,42.6124,42.4868,42.4073,42.6352,30.3807,42.6529,36.3940,41.0860

5042.6500,42.5802,42.8007,42.7933,42.6199,42.4728,42.4092,42.6311,30.3755,42.6534,36.3923,41.0853

5043.6500,42.6017,42.7816,42.7723,42.6338,42.4888,42.4218,42.6379,30.3662,42.6556,36.3940,41.0880

5044.6500,42.5879,42.7970,42.7877,42.6190,42.4879,42.3940,42.6259,30.3771,42.6559,36.3855,41.0845

5045.6500,42.5877,42.8117,42.7722,42.6124,42.4738,42.4320,42.6207,30.3840,42.6516,36.4080,41.0868

5046.6500,42.5833,42.8052,42.7666,42.5895,42.5005,42.4354,42.6411,30.3692,42.6490,36.4023,41.0864

5047.6500,42.6087,42.7979,42.7937,42.6018,42.4958,42.4154,42.6385,30.3738,42.6596,36.3946,41.0907

5048.6500,42.5800,42.8062,42.8024,42.6105,42.4805,42.4289,42.6254,30.3560,42.6559,36.3924,41.0862

5049.6500,42.5909,42.7979,42.7891,42.5920,42.4835,42.4198,42.6325,30.3703,42.6507,36.3950,41.0845

5050.6500,42.6086,42.8109,42.7853,42.6031,42.4849,42.4333,42.6403,30.3816,42.6586,36.4075,41.0935

5051.6500,42.5960,42.7962,42.7887,42.6116,42.4663,42.4119,42.6209,30.3787,42.6518,36.3953,41.0838

5052.6500,42.5984,42.8119,42.7914,42.6055,42.4919,42.4254,42.6325,30.3652,42.6598,36.3953,41.0903

5053.6500,42.5877,42.8061,42.7740,42.5877,42.4956,42.4222,42.6253,30.3694,42.6502,36.3958,41.0835

5054.6500,42.6061,42.8074,42.7814,42.5908,42.5094,42.4118,42.6447,30.3669,42.6590,36.3893,41.0898

5055.6500,42.5810,42.8035,42.7919,42.6097,42.4788,42.4160,42.6529,30.3721,42.6530,36.3940,41.0882

5056.6500,42.5790,42.8068,42.7845,42.6000,42.4967,42.4331,42.6413,30.3602,42.6534,36.3966,41.0877

5057.6500,42.5928,42.8095,42.7877,42.6101,42.5026,42.4008,42.6301,30.3633,42.6606,36.3821,41.0871

5058.6500,42.5953,42.8084,42.7787,42.6193,42.5167,42.4224,42.6202,30.3583,42.6637,36.3903,41.0899

5059.6500,42.5883,42.7989,42.7970,42.6004,42.4930,42.4349,42.6292,30.3700,42.6555,36.4024,41.0889

5060.6510,42.5787,42.8035,42.7668,42.6073,42.4783,42.4295,42.6231,30.3641,42.6469,36.3968,41.0814

5061.6500,42.5948,42.8078,42.7692,42.6080,42.4874,42.4302,42.6140,30.3512,42.6534,36.3907,41.0828

5062.6500,42.5815,42.8004,42.7664,42.6200,42.4927,42.4039,42.6414,30.3575,42.6522,36.3807,41.0830

5063.6500,42.5739,42.8120,42.7971,42.6089,42.4982,42.4335,42.6195,30.3508,42.6580,36.3922,41.0867

5064.6500,42.5739,42.8083,42.7874,42.5894,42.4860,42.4423,42.6145,30.3625,42.6490,36.4024,41.0830

5065.6500,42.5784,42.7996,42.7680,42.5955,42.5124,42.4394,42.6322,30.3459,42.6508,36.3926,41.0839

5066.6510,42.5786,42.8213,42.7795,42.6150,42.5079,42.4103,42.6480,30.3752,42.6605,36.3928,41.0920

5067.6500,42.5756,42.8201,42.8043,42.5961,42.4803,42.4353,42.6449,30.3713,42.6553,36.4033,41.0910

5068.6500,42.6021,42.7944,42.7762,42.6112,42.5208,42.4320,42.6466,30.3657,42.6609,36.3988,41.0936

5069.6500,42.5987,42.8186,42.7856,42.5969,42.4872,42.4216,42.6280,30.3716,42.6574,36.3966,41.0885

5070.6500,42.5708,42.8192,42.7811,42.6021,42.4834,42.4267,42.6533,30.3618,42.6513,36.3943,41.0873

5071.6510,42.5904,42.8016,42.7960,42.6115,42.5030,42.4240,42.6496,30.3665,42.6605,36.3953,41.0928

5072.6510,42.5791,42.8111,42.8009,42.6010,42.5159,42.4262,42.6494,30.3490,42.6616,36.3876,41.0916

5073.6500,42.5744,42.8094,42.8182,42.5779,42.4801,42.4303,42.6421,30.3884,42.6520,36.4094,41.0901

5074.6510,42.5934,42.8010,42.7787,42.6156,42.4958,42.4265,42.6551,30.3507,42.6569,36.3886,41.0896

5075.6500,42.5953,42.8023,42.7856,42.6090,42.4944,42.4275,42.6439,30.3776,42.6573,36.4025,41.0920

5076.6510,42.6010,42.8197,42.7927,42.5989,42.4778,42.4467,42.6538,30.3575,42.6580,36.4021,41.0935

5077.6500,42.5708,42.8020,42.7787,42.6044,42.5118,42.4263,42.6481,30.3843,42.6535,36.4053,41.0908

5078.6500,42.5986,42.8294,42.7927,42.6258,42.4958,42.4359,42.6458,30.3762,42.6685,36.4060,41.1000

5079.6500,42.5829,42.8132,42.8081,42.6073,42.4871,42.4290,42.6338,30.3740,42.6597,36.4015,41.0919

5080.6500,42.6029,42.8210,42.7997,42.5947,42.4834,42.4495,42.6235,30.3739,42.6603,36.4117,41.0936

5081.6500,42.6019,42.8151,42.7780,42.6250,42.5056,42.4406,42.6367,30.3645,42.6651,36.4025,41.0959

5082.6500,42.6084,42.8122,42.7830,42.6273,42.4922,42.4294,42.6249,30.3518,42.6646,36.3906,41.0912

5083.6500,42.5865,42.8195,42.7651,42.5996,42.5112,42.4401,42.6317,30.3626,42.6564,36.4013,41.0895

5084.6500,42.5966,42.8065,42.7879,42.6127,42.4883,42.4413,42.6322,30.3451,42.6584,36.3932,41.0888

5085.6500,42.6043,42.8063,42.7613,42.6237,42.4834,42.4351,42.6246,30.3932,42.6558,36.4142,41.0915

5086.6500,42.6053,42.8229,42.7788,42.6175,42.5059,42.4296,42.6588,30.3727,42.6661,36.4011,41.0989

5087.6500,42.5884,42.7973,42.7862,42.6049,42.5154,42.4229,42.6463,30.3518,42.6585,36.3874,41.0892

5088.6500,42.5835,42.7955,42.7950,42.6123,42.4966,42.4273,42.6407,30.3703,42.6566,36.3988,41.0901

5089.6510,42.5921,42.8246,42.7781,42.6136,42.5037,42.4196,42.6382,30.3757,42.6624,36.3977,41.0932

5090.6500,42.6027,42.7977,42.7903,42.6160,42.4878,42.4321,42.6369,30.3672,42.6589,36.3996,41.0913

5091.6500,42.6158,42.8264,42.7957,42.6038,42.5037,42.4321,42.6512,30.3583,42.6691,36.3952,41.0984

5092.6500,42.5730,42.8010,42.7838,42.6016,42.4977,42.4112,42.6415,30.3677,42.6514,36.3895,41.0847

5093.6500,42.5936,42.7980,42.8050,42.5852,42.4825,42.4268,42.6568,30.3909,42.6529,36.4088,41.0924

5094.6500,42.5958,42.8173,42.7982,42.6021,42.4987,42.4290,42.6244,30.3668,42.6624,36.3979,41.0915

5095.6500,42.5806,42.8383,42.7797,42.5924,42.4904,42.4123,42.6505,30.3744,42.6563,36.3934,41.0898

5096.6500,42.5867,42.8197,42.7793,42.6115,42.5021,42.4440,42.6445,30.3646,42.6598,36.4043,41.0940

5097.6500,42.5652,42.8116,42.8019,42.5978,42.5048,42.4193,42.6369,30.3758,42.6563,36.3976,41.0892

5098.6500,42.6015,42.8227,42.7883,42.6024,42.4765,42.4123,42.6302,30.3787,42.6583,36.3955,41.0891

5099.6500,42.5856,42.8273,42.7803,42.5953,42.4950,42.4160,42.6497,30.4045,42.6567,36.4102,41.0942

5100.6500,42.5969,42.8026,42.7915,42.6093,42.4719,42.4258,42.6223,30.3750,42.6544,36.4004,41.0869

5101.6500,42.6039,42.7955,42.7951,42.6175,42.5021,42.4240,42.6459,30.3942,42.6628,36.4091,41.0973

5102.6500,42.6052,42.8226,42.7896,42.6181,42.5122,42.4290,42.6394,30.3782,42.6695,36.4036,41.0993

5103.6500,42.6011,42.8179,42.7882,42.5985,42.4817,42.4357,42.6343,30.3609,42.6575,36.3983,41.0898

5104.6500,42.5738,42.7969,42.7830,42.6142,42.4776,42.4256,42.6449,30.3606,42.6491,36.3931,41.0846

5105.6500,42.5927,42.8257,42.8099,42.6217,42.4960,42.4161,42.6268,30.3783,42.6692,36.3972,41.0959

5106.6500,42.6006,42.8110,42.7915,42.5949,42.4937,42.4286,42.6400,30.3406,42.6583,36.3846,41.0876

5107.6500,42.6063,42.8007,42.7761,42.5907,42.4952,42.4120,42.6172,30.3648,42.6538,36.3884,41.0829

5108.6500,42.6043,42.8211,42.7969,42.5924,42.4941,42.4276,42.6175,30.3570,42.6617,36.3923,41.0889

5109.6500,42.5980,42.8083,42.7809,42.6233,42.4860,42.4316,42.6168,30.3601,42.6593,36.3959,41.0881

5110.6500,42.5884,42.7946,42.8021,42.6157,42.4876,42.4374,42.6194,30.3514,42.6577,36.3944,41.0871

5111.6510,42.5948,42.8165,42.7821,42.6148,42.4921,42.4321,42.6250,30.3390,42.6601,36.3856,41.0871

5112.6500,42.5993,42.8007,42.7942,42.6264,42.5100,42.4227,42.6292,30.3887,42.6661,36.4057,41.0964

5113.6500,42.6113,42.8014,42.7990,42.6187,42.5048,42.4342,42.6317,30.3603,42.6670,36.3972,41.0952

5114.6500,42.6169,42.8192,42.7931,42.6226,42.5086,42.4254,42.6342,30.3811,42.6721,36.4032,41.1001

5115.6500,42.6058,42.8148,42.7846,42.6145,42.4980,42.4352,42.6275,30.3764,42.6635,36.4058,41.0946

5116.6500,42.6114,42.8016,42.8007,42.6069,42.4854,42.4175,42.6357,30.3567,42.6612,36.3871,41.0895

5117.6500,42.5865,42.8258,42.7766,42.6018,42.5010,42.4429,42.6399,30.3612,42.6583,36.4020,41.0920

5118.6500,42.6166,42.8145,42.7977,42.6234,42.5195,42.4446,42.6267,30.3658,42.6744,36.4052,41.1011

5119.6510,42.6052,42.8068,42.7891,42.6083,42.5067,42.4332,42.6255,30.3758,42.6632,36.4045,41.0938

5120.6500,42.6219,42.8151,42.7839,42.6199,42.4959,42.4369,42.6598,30.3612,42.6673,36.3991,41.0993

5121.6500,42.5996,42.8138,42.7854,42.6139,42.4913,42.4322,42.6497,30.3838,42.6608,36.4080,41.0962

5122.6500,42.6341,42.8179,42.7835,42.6041,42.4951,42.4416,42.6525,30.3547,42.6669,36.3982,41.0979

5123.6500,42.5922,42.8065,42.7977,42.6360,42.5025,42.4207,42.6504,30.3575,42.6670,36.3891,41.0954

5124.6500,42.6230,42.8126,42.7930,42.6015,42.4909,42.4300,42.6480,30.3642,42.6642,36.3971,41.0954

5125.6500,42.6172,42.8160,42.7914,42.6022,42.5047,42.4252,42.6570,30.3452,42.6663,36.3852,41.0949

5126.6500,42.5966,42.8216,42.7862,42.6115,42.4939,42.4353,42.6445,30.3540,42.6620,36.3947,41.0929

5127.6500,42.6011,42.8263,42.8114,42.6185,42.5100,42.4305,42.6418,30.3755,42.6735,36.4030,41.1019

5128.6500,42.5914,42.8166,42.8018,42.6168,42.4877,42.4301,42.6391,30.3689,42.6629,36.3995,41.0940

5129.6500,42.6174,42.8198,42.7882,42.6148,42.4975,42.4096,42.6367,30.3694,42.6675,36.3895,41.0942

5130.6510,42.6074,42.7760,42.8016,42.6101,42.5266,42.4336,42.6394,30.3574,42.6644,36.3955,41.0940

5131.6500,42.6177,42.8168,42.7931,42.6425,42.5011,42.4336,42.6416,30.3847,42.6742,36.4092,41.1039

5132.6500,42.6174,42.8087,42.7845,42.6167,42.4988,42.4417,42.6391,30.3679,42.6652,36.4048,41.0969

5133.6500,42.6033,42.8242,42.7907,42.6150,42.4834,42.4150,42.6271,30.3617,42.6633,36.3884,41.0900

5134.6500,42.6026,42.7988,42.7867,42.6073,42.5091,42.4473,42.6664,30.3638,42.6609,36.4055,41.0978

5135.6500,42.6176,42.8138,42.7939,42.6177,42.5010,42.4396,42.6428,30.3578,42.6688,36.3987,41.0980

5136.6500,42.5984,42.8224,42.7806,42.5951,42.4900,42.4291,42.6537,30.3628,42.6573,36.3960,41.0915

5137.6500,42.6002,42.8122,42.8029,42.6123,42.4993,42.4151,42.6407,30.3778,42.6654,36.3965,41.0951

5138.6500,42.6110,42.8168,42.7973,42.6114,42.4803,42.4227,42.6467,30.3417,42.6633,36.3822,41.0910

5139.6500,42.6142,42.8326,42.7806,42.6109,42.5017,42.4380,42.6491,30.3718,42.6680,36.4049,41.0999

5140.6510,42.5954,42.8299,42.8011,42.6245,42.4987,42.4257,42.6491,30.3523,42.6699,36.3890,41.0971

5141.6500,42.5962,42.8008,42.7994,42.6032,42.5107,42.4382,42.6446,30.3169,42.6620,36.3775,41.0887

5142.6510,42.6019,42.8177,42.8024,42.6216,42.4829,42.4178,42.6351,30.3630,42.6653,36.3904,41.0928

5143.6500,42.6040,42.8151,42.8216,42.6218,42.5036,42.4069,42.6594,30.3558,42.6732,36.3814,41.0985

5144.6500,42.5871,42.8269,42.8074,42.6094,42.4974,42.4333,42.6355,30.3811,42.6657,36.4072,41.0973

5145.6500,42.5895,42.8022,42.8064,42.6196,42.4895,42.4421,42.6317,30.3529,42.6614,36.3975,41.0917

5146.6500,42.6252,42.8185,42.8092,42.5991,42.4983,42.4481,42.6410,30.3843,42.6701,36.4162,41.1030

5147.6500,42.6048,42.8131,42.7894,42.6100,42.5077,42.4426,42.6179,30.3717,42.6650,36.4071,41.0946

5148.6500,42.6120,42.8187,42.8052,42.6188,42.5204,42.4330,42.6369,30.3653,42.6750,36.3991,41.1013

5149.6500,42.5963,42.8287,42.8013,42.6335,42.5103,42.4522,42.6326,30.3734,42.6740,36.4128,41.1035

5150.6500,42.5996,42.8191,42.7879,42.6220,42.5071,42.4174,42.6266,30.3735,42.6671,36.3954,41.0942

5151.6500,42.6055,42.8052,42.7991,42.6076,42.5250,42.4372,42.6462,30.3691,42.6685,36.4031,41.0994

5152.6510,42.5773,42.8261,42.7927,42.6267,42.4839,42.4346,42.6314,30.3895,42.6614,36.4121,41.0953

5153.6500,42.6089,42.8140,42.7848,42.6328,42.4871,42.4402,42.6160,30.3815,42.6655,36.4108,41.0957

5154.6500,42.6005,42.8123,42.8025,42.6180,42.5066,42.4350,42.6608,30.3518,42.6680,36.3934,41.0985

5155.6500,42.6158,42.8201,42.8062,42.6286,42.4894,42.4457,42.6477,30.3734,42.6720,36.4095,41.1034

5156.6500,42.5848,42.8224,42.8015,42.6286,42.4965,42.4184,42.6272,30.3510,42.6668,36.3847,41.0913

5157.6500,42.5940,42.8211,42.7918,42.6231,42.5020,42.4378,42.6552,30.3514,42.6664,36.3946,41.0971

5158.6500,42.5920,42.8218,42.7893,42.6238,42.5018,42.4437,42.6573,30.3841,42.6657,36.4139,41.1017

5159.6500,42.5940,42.8174,42.7867,42.6045,42.5057,42.4648,42.6254,30.3828,42.6616,36.4238,41.0977

5160.6500,42.6012,42.8322,42.7973,42.6179,42.4938,42.4399,42.6467,30.3459,42.6685,36.3929,41.0969

5161.6500,42.5964,42.8149,42.7936,42.6049,42.5095,42.4533,42.6309,30.3768,42.6639,36.4150,41.0975

5162.6500,42.6056,42.8063,42.8007,42.6344,42.4866,42.4541,42.6353,30.3687,42.6667,36.4114,41.0990

5163.6500,42.5907,42.8358,42.7847,42.6429,42.4917,42.4298,42.6420,30.3659,42.6691,36.3978,41.0979

5164.6500,42.5855,42.8384,42.7840,42.6260,42.4851,42.4410,42.6604,30.3597,42.6638,36.4003,41.0975

5165.6500,42.5911,42.8089,42.7963,42.6011,42.4875,42.4349,42.6467,30.3879,42.6570,36.4114,41.0943

5166.6500,42.5807,42.8154,42.7838,42.6230,42.5138,42.4375,42.6583,30.3717,42.6633,36.4046,41.0980

5167.6500,42.6035,42.8312,42.8043,42.6281,42.4905,42.4282,42.6481,30.3675,42.6715,36.3979,41.1002

5168.6510,42.5854,42.8310,42.7896,42.6223,42.5026,42.4394,42.6488,30.3685,42.6662,36.4040,41.0985

5169.6500,42.5932,42.8257,42.7927,42.5919,42.5100,42.4217,42.6375,30.3703,42.6627,36.3960,41.0929

5170.6500,42.5854,42.8309,42.7886,42.6353,42.5101,42.4418,42.6343,30.3450,42.6701,36.3934,41.0964

5171.6500,42.5823,42.8287,42.8041,42.6261,42.5246,42.4293,42.6386,30.3442,42.6731,36.3868,41.0972

5172.6500,42.6150,42.8155,42.7839,42.6310,42.5187,42.4341,42.6436,30.3749,42.6728,36.4045,41.1021

5173.6500,42.6013,42.8194,42.8031,42.6130,42.5107,42.4391,42.6456,30.3865,42.6695,36.4128,41.1023

5174.6500,42.6032,42.8177,42.7968,42.6304,42.5125,42.4303,42.6541,30.3658,42.6721,36.3980,41.1014

5175.6500,42.6024,42.8040,42.8063,42.6107,42.5126,42.4220,42.6460,30.3542,42.6672,36.3881,41.0948

5176.6500,42.6028,42.8046,42.8032,42.6424,42.5205,42.4350,42.6541,30.3616,42.6747,36.3983,41.1030

5177.6500,42.5899,42.8192,42.7923,42.6333,42.5318,42.4630,42.6319,30.3524,42.6733,36.4077,41.1017

5178.6500,42.5983,42.8051,42.7972,42.6294,42.5035,42.4426,42.6541,30.3547,42.6667,36.3987,41.0981

5179.6500,42.5964,42.8240,42.7971,42.6102,42.5225,42.4435,42.6600,30.3402,42.6701,36.3918,41.0993

5180.6500,42.5719,42.8288,42.7860,42.6257,42.5120,42.4274,42.6457,30.3671,42.6649,36.3972,41.0956

5181.6500,42.6168,42.8151,42.7997,42.6194,42.5071,42.4528,42.6384,30.3669,42.6716,36.4098,41.1020

5182.6500,42.5975,42.8411,42.7983,42.5994,42.5124,42.4608,42.6482,30.3427,42.6697,36.4018,41.1000

5183.6500,42.5987,42.8111,42.8088,42.6335,42.5053,42.4304,42.6349,30.3406,42.6715,36.3855,41.0954

5184.6500,42.6001,42.8422,42.8176,42.6145,42.5122,42.4379,42.6428,30.3547,42.6773,36.3963,41.1027

5185.6500,42.5945,42.8218,42.7967,42.6238,42.5253,42.4183,42.6275,30.3599,42.6724,36.3891,41.0960

5186.6500,42.5977,42.8125,42.8027,42.6414,42.5033,42.4304,42.6424,30.3438,42.6715,36.3871,41.0968

5187.6500,42.6001,42.8357,42.7911,42.6117,42.4895,42.4374,42.6540,30.3382,42.6656,36.3878,41.0947

5188.6500,42.5812,42.8364,42.8066,42.6147,42.4980,42.4534,42.6486,30.3417,42.6674,36.3975,41.0976

5189.6500,42.5902,42.8279,42.7917,42.6183,42.5112,42.4554,42.6574,30.3527,42.6679,36.4041,41.1006

5190.6500,42.6189,42.8249,42.8082,42.6343,42.5111,42.4618,42.6501,30.3535,42.6795,36.4077,41.1079

5191.6500,42.5889,42.8164,42.7820,42.6286,42.5136,42.4388,42.6458,30.3598,42.6659,36.3993,41.0967

5192.6510,42.6212,42.8181,42.7986,42.6145,42.5091,42.4650,42.6308,30.3671,42.6723,36.4160,41.1030

5193.6500,42.5940,42.8301,42.7948,42.6229,42.5103,42.4346,42.6401,30.3509,42.6704,36.3927,41.0972

5194.6500,42.6022,42.8172,42.7940,42.6118,42.5176,42.4367,42.6411,30.3601,42.6685,36.3984,41.0976

5195.6510,42.6009,42.8273,42.8069,42.6294,42.4959,42.4471,42.6321,30.3508,42.6721,36.3990,41.0988

5196.6500,42.5917,42.8140,42.7819,42.6193,42.5145,42.4485,42.6569,30.3697,42.6643,36.4091,41.0996

5197.6500,42.6138,42.8328,42.8202,42.6148,42.4990,42.4474,42.6525,30.3540,42.6761,36.4007,41.1043

5198.6510,42.5772,42.8235,42.8104,42.6064,42.5103,42.4489,42.6445,30.3485,42.6656,36.3987,41.0962

5199.6500,42.6013,42.8310,42.7901,42.6186,42.5185,42.4539,42.6237,30.3211,42.6719,36.3875,41.0948

5200.6500,42.6095,42.8261,42.8071,42.6091,42.5207,42.4407,42.6546,30.3510,42.6745,36.3959,41.1024

5201.6500,42.5853,42.8303,42.8335,42.6369,42.4900,42.4551,42.6490,30.3529,42.6752,36.4040,41.1041

5202.6510,42.5930,42.8340,42.8247,42.6295,42.5000,42.4345,42.6541,30.3480,42.6762,36.3913,41.1022

5203.6500,42.6316,42.8263,42.7900,42.6292,42.5065,42.4280,42.6511,30.3442,42.6767,36.3861,41.1009

5204.6500,42.5834,42.8243,42.8281,42.6124,42.5118,42.4416,42.6584,30.3702,42.6720,36.4059,41.1038

5205.6500,42.5959,42.8385,42.7967,42.6354,42.5155,42.4379,42.6512,30.3458,42.6764,36.3919,41.1021

5206.6500,42.5928,42.8094,42.7936,42.6189,42.5064,42.4511,42.6598,30.3398,42.6642,36.3954,41.0965

5207.6500,42.5980,42.7991,42.8103,42.6262,42.5167,42.4451,42.6537,30.3770,42.6701,36.4110,41.1033

5208.6500,42.5849,42.8349,42.8108,42.6314,42.5040,42.4366,42.6430,30.3478,42.6732,36.3922,41.0992

5209.6500,42.6037,42.8365,42.8063,42.6241,42.5265,42.4382,42.6334,30.3438,42.6794,36.3910,41.1016

5210.6500,42.6007,42.8124,42.7841,42.6260,42.5189,42.4329,42.6456,30.3736,42.6684,36.4032,41.0993

5211.6500,42.6158,42.8185,42.8292,42.6131,42.5085,42.4271,42.6559,30.3377,42.6770,36.3824,41.1007

5212.6510,42.5997,42.8207,42.8118,42.6310,42.4984,42.4510,42.6524,30.3534,42.6723,36.4022,41.1023

5213.6500,42.5899,42.8180,42.8041,42.6251,42.4984,42.4579,42.6391,30.3341,42.6671,36.3960,41.0958

