Elapsed Time (s),P1 (psi),P2 (psi),P3 (psi),P4 (psi),P5 (psi),P6 (psi),P7 (psi),Main Loop Avg Pressure (psi),HX Pressure (psi),Overall Avg Pressure (psi)
1.8670,0.1067,-0.2640,2.2060,1.8981,1.8973,9.1208,0.6616,1.0843,9.1208,2.2324

2.2220,0.1067,0.0447,1.0947,1.9599,2.2060,9.6765,0.4764,0.9814,9.6765,2.2235

2.8900,-0.0168,0.1065,1.9590,1.7747,2.0825,9.4295,0.5999,1.0843,9.4295,2.2765

3.8900,0.1067,0.2299,1.8973,2.0834,2.0208,9.4913,0.5381,1.1460,9.4913,2.3382

4.8900,-0.0785,0.4151,2.5147,1.9599,1.8355,9.4913,0.7234,1.2284,9.4913,2.4088

5.8900,0.1067,0.1682,2.1442,2.2068,2.0208,8.9356,0.5999,1.2078,8.9356,2.3118

6.8900,-0.1402,0.1065,1.4651,2.0216,2.0208,9.2443,0.6616,1.0226,9.2443,2.1971

7.8900,0.7857,0.1682,2.0825,1.9599,2.0825,9.3061,0.6616,1.2901,9.3061,2.4352

8.8900,-0.0785,-0.1405,2.6382,2.0834,2.5765,9.4295,0.5999,1.2798,9.4295,2.4441

9.8900,0.1067,-0.1405,2.2677,1.7747,2.0208,8.7504,0.7851,1.1357,8.7504,2.2236

10.8900,0.6622,0.4769,2.0208,1.8364,1.7121,9.3061,0.8468,1.2592,9.3061,2.4088

11.8900,-0.3254,-0.1405,1.8355,1.8981,2.5147,9.9234,0.4764,1.0432,9.9234,2.3118

12.8910,0.1067,0.4151,1.8355,1.9599,2.0208,8.5035,0.7234,1.1769,8.5035,2.2236

13.8900,-0.2019,0.8473,1.8355,2.2068,2.0825,10.2321,0.7851,1.2592,10.2321,2.5411

14.8900,-0.0785,0.5386,2.4529,1.5277,1.0946,9.7999,0.3529,0.9814,9.7999,2.2412

15.8910,0.2919,0.4151,2.1442,2.2686,1.8973,9.2443,0.7234,1.2901,9.2443,2.4264

16.8910,-0.1402,0.1682,1.9590,2.0834,1.9590,9.3678,0.5999,1.1049,9.3678,2.2853

17.8900,0.5388,-0.2640,2.4529,1.8981,1.8973,9.2443,0.3529,1.1460,9.2443,2.3029

18.8900,-0.5106,0.4769,1.9590,1.8981,1.7738,9.2443,0.7851,1.0637,9.2443,2.2324

19.8900,-0.2637,0.2917,1.6503,1.4660,2.0208,9.3678,0.2912,0.9094,9.3678,2.1177

20.8900,0.6622,0.2299,1.8973,1.8981,1.7738,9.2443,-0.0793,1.0637,9.2443,2.2324

21.8900,0.2919,0.0447,2.1442,1.5895,1.8973,9.2443,0.5999,1.0946,9.2443,2.2588

22.8910,-0.0785,0.0447,1.9590,1.9599,1.5268,9.2443,0.7234,1.0226,9.2443,2.1971

23.8900,-0.2637,0.4769,2.0825,1.9599,1.2181,9.6765,0.5999,1.0123,9.6765,2.2500

24.8900,-0.0785,-0.0170,1.4651,1.8981,2.2060,8.9974,0.7851,1.0431,8.9974,2.1795

25.8900,0.1067,-0.2022,2.6999,1.8981,1.5886,9.1208,0.4764,1.0946,9.1208,2.2412

26.8900,-0.0168,0.6003,1.7121,2.0834,2.5147,9.3061,0.5381,1.2386,9.3061,2.3911

27.8900,-0.1402,0.1682,1.7121,1.7747,2.0825,8.9974,0.7851,1.0637,8.9974,2.1971

28.8900,0.4153,-0.0170,1.8973,2.0216,2.1443,9.3061,0.4147,1.1460,9.3061,2.3117

29.8900,0.2302,0.1682,1.9590,2.0834,1.7121,9.4295,0.4764,1.1049,9.4295,2.2941

30.8900,-0.5723,0.2299,1.7121,2.2686,1.8355,9.8617,0.7851,1.0431,9.8617,2.3029

31.8910,-0.0168,0.1682,2.1442,2.0216,1.7738,8.9974,0.9086,1.1666,8.9974,2.2853

32.8900,-0.1402,-0.1405,2.4529,1.5895,1.8355,9.2443,0.7234,1.0534,9.2443,2.2236

33.8900,0.0450,-0.0170,2.1442,1.9599,2.0825,9.6765,0.3529,1.0946,9.6765,2.3206

34.8900,0.9709,-0.2640,1.9590,2.0216,1.5886,9.1208,0.7234,1.1666,9.1208,2.3029

35.8900,0.0450,-0.0170,2.0825,1.8364,2.2060,9.1826,0.5381,1.1152,9.1826,2.2677

36.8900,0.1067,-0.3874,2.2677,2.1451,1.9590,9.1826,0.2912,1.0637,9.1826,2.2236

37.8900,-0.3254,0.1682,2.3295,1.8981,2.0208,9.1208,0.9703,1.1769,9.1208,2.3118

38.8900,0.8474,-0.0170,2.1442,2.3920,1.9590,9.2443,0.7851,1.3518,9.2443,2.4793

39.8900,0.1684,0.1065,2.0825,2.0216,2.0208,9.3678,0.4764,1.1460,9.3678,2.3206

40.8900,-0.0785,-0.3874,1.8355,2.0834,2.2060,9.0591,0.6616,1.0534,9.0591,2.1971

41.8900,0.1684,0.1682,2.0825,1.9599,2.0208,9.2443,0.2912,1.1152,9.2443,2.2765

42.8900,0.5388,-0.0788,1.9590,1.8364,1.9590,9.2443,0.1677,1.0637,9.2443,2.2324

43.8900,-0.1402,0.0447,1.9590,1.8981,1.6503,8.9974,0.9086,1.0534,8.9974,2.1883

44.8900,-0.0168,0.1065,1.6503,2.1451,2.1443,8.9974,0.7851,1.1357,8.9974,2.2588

45.8900,0.2919,-0.2022,1.8973,1.8981,1.7121,9.5530,0.5999,1.0328,9.5530,2.2500

46.8900,-0.0785,-0.0788,1.8973,2.1451,1.7738,9.4913,0.7234,1.0637,9.4913,2.2677

47.8900,-0.3254,-0.0788,1.9590,2.0216,1.9590,8.9356,0.9703,1.0843,8.9356,2.2059

48.8900,0.1684,-0.5726,2.1442,2.0216,1.6503,8.8739,0.7234,1.0226,8.8739,2.1442

49.8900,-0.2637,-0.1405,2.2060,1.6512,2.2060,8.6270,0.9086,1.0946,8.6270,2.1707

50.8900,-0.0168,0.2299,2.2060,1.8364,1.8973,9.0591,0.5381,1.1152,9.0591,2.2500

51.8900,0.1067,-0.1405,2.2060,1.3425,1.8355,9.0591,0.2294,0.9300,9.0591,2.0913

52.8900,0.1067,-0.0788,2.2677,2.0216,1.8973,8.6887,-0.0793,1.0226,8.6887,2.1177

53.8900,-0.4489,0.1065,2.2060,1.5277,1.8355,8.5652,0.1677,0.8991,8.5652,1.9943

54.8900,0.1067,0.3534,2.2060,1.8981,1.7121,8.7504,0.7851,1.1769,8.7504,2.2588

55.8900,0.0450,-0.0170,2.5147,1.8981,1.8355,9.4913,0.4764,1.1255,9.4913,2.3206

56.8900,0.0450,0.5386,2.0825,2.7007,2.0208,9.5530,0.2912,1.2798,9.5530,2.4617

57.8900,-0.4489,-0.2640,1.5268,2.0834,1.3416,9.2443,0.5381,0.7962,9.2443,2.0031

58.8900,0.4153,-0.5109,1.8973,2.0834,1.8973,9.2443,0.5381,1.0534,9.2443,2.2235

59.8900,0.0450,0.2299,1.6503,2.0216,1.7121,9.3678,0.7234,1.0637,9.3678,2.2500

60.8900,0.1684,0.1065,2.2677,1.9599,2.5147,9.5530,0.4764,1.2489,9.5530,2.4352

61.8900,0.4153,0.0447,1.8973,2.0216,1.9590,10.6025,0.2912,1.1049,10.6025,2.4617

62.8900,-0.5106,-0.0788,1.6503,2.1451,1.7738,9.9851,0.7851,0.9608,9.9851,2.2500

63.8900,-0.1402,-0.2022,2.8234,1.2191,2.2060,8.9974,0.5381,1.0740,8.9974,2.2059

64.8900,-0.1402,-0.3874,1.7121,3.4415,1.7738,9.3678,0.8468,1.2078,9.3678,2.3735

65.8900,0.1067,0.0447,1.6503,2.3303,2.2677,9.1208,1.0321,1.2386,9.1208,2.3647

66.8900,-0.0168,0.7238,2.4529,1.8364,2.0208,9.1208,0.8468,1.3107,9.1208,2.4264

67.8900,-0.0785,-0.5726,1.8355,2.1451,1.7738,9.2443,0.7851,0.9814,9.2443,2.1618

68.8900,-0.1402,0.6621,2.2677,1.9599,1.9590,9.0591,0.7234,1.2386,9.0591,2.3559

69.8900,0.0450,0.1682,1.8973,2.7624,2.0825,9.1208,0.4764,1.2386,9.1208,2.3647

70.8900,-0.2019,0.4151,2.0825,2.3920,2.1443,8.9974,0.2912,1.1872,8.9974,2.3029

71.8900,0.0450,0.0447,2.3912,2.2068,1.8973,9.5530,0.7851,1.2284,9.5530,2.4176

72.8900,-0.0785,0.3534,2.0208,2.5155,2.2060,8.4418,1.4025,1.4033,8.4418,2.4088

73.8900,-0.0168,0.2299,1.8355,2.0216,1.7738,9.3061,0.5999,1.0740,9.3061,2.2500

74.8900,0.4153,-0.3257,2.0208,1.9599,1.8973,9.1826,0.7851,1.1254,9.1826,2.2765

75.8900,0.3536,0.1065,1.9590,2.3920,1.8355,9.1826,0.7851,1.2386,9.1826,2.3735

76.8900,0.2919,-0.3257,2.0825,1.9599,2.0825,8.7504,0.5381,1.1049,8.7504,2.1971

77.8900,-0.0785,-0.2640,2.7617,1.6512,1.8355,9.3678,0.6616,1.0946,9.3678,2.2765

78.8900,0.2302,0.1065,1.9590,2.2686,1.6503,9.4295,0.5999,1.1357,9.4295,2.3206

79.8900,-0.0785,-0.0170,2.1442,2.0834,2.1443,9.3061,0.4764,1.1255,9.3061,2.2941

80.8900,-0.2019,0.1682,2.2060,2.3303,2.3295,9.7999,0.5381,1.2284,9.7999,2.4529

81.8900,0.1067,-0.2640,2.0825,1.9599,2.1443,8.8739,1.0938,1.1872,8.8739,2.2853

82.8900,0.2919,1.4029,2.2677,1.9599,2.3912,9.1208,0.6616,1.4959,9.1208,2.5852

83.8900,0.1067,0.0447,2.5764,2.2068,1.9590,9.6765,0.4764,1.2283,9.6765,2.4352

84.8900,-0.0168,0.3534,2.3912,1.8981,1.9590,9.4295,0.5381,1.1872,9.4295,2.3647

85.8900,-0.0785,0.0447,1.8355,2.1451,1.8973,9.6147,0.5999,1.0740,9.6147,2.2941

86.8900,-0.0785,-0.2640,2.1442,2.1451,2.2677,9.5530,0.5999,1.1358,9.5530,2.3382

87.8910,0.3536,-0.2022,2.2060,1.9599,1.9590,9.3678,0.9086,1.1975,9.3678,2.3647

88.8900,0.1067,0.1065,2.1442,2.0216,2.6382,8.9974,0.7851,1.3004,8.9974,2.4000

89.8900,-0.0168,0.9708,2.2060,2.0216,1.8973,9.3678,0.9086,1.3312,9.3678,2.4793

90.8900,-0.0785,-1.1283,2.5764,1.4043,2.0208,9.0591,0.5999,0.8991,9.0591,2.0648

91.8900,-1.3130,-0.3257,2.0208,2.0834,2.1443,9.4295,0.5999,0.8683,9.4295,2.0913

92.8900,0.3536,0.1682,1.8355,1.8364,1.8973,9.2443,0.4764,1.0946,9.2443,2.2588

93.8900,0.2302,0.1682,1.0329,2.0834,2.2677,9.1826,0.7851,1.0946,9.1826,2.2500

94.8900,0.1067,-0.0788,1.8355,1.8364,2.0208,9.3061,0.2912,1.0020,9.3061,2.1883

95.8900,-0.5723,0.0447,2.3295,1.9599,2.1443,9.4295,1.1555,1.1769,9.4295,2.3559

96.8900,0.3536,-0.0788,2.7617,2.4538,1.5886,8.4418,0.8468,1.3209,8.4418,2.3382

97.8910,-0.0168,-0.0788,2.0825,2.2686,1.7121,9.5530,1.0321,1.1666,9.5530,2.3647

98.8900,-0.3871,0.4151,2.0208,2.0834,2.2060,10.1704,0.9703,1.2181,10.1704,2.4970

99.8900,0.0450,0.2917,2.2677,1.9599,2.2060,10.0469,0.9086,1.2798,10.0469,2.5322

100.8900,-0.4489,-0.2022,2.1442,1.7129,1.9590,9.3678,0.5999,0.9608,9.3678,2.1618

101.8910,-0.2019,0.1065,2.2060,2.2686,2.0208,10.4790,1.0321,1.2386,10.4790,2.5587

102.8900,0.0450,0.6003,2.2677,2.4538,1.8355,9.8617,0.9086,1.3518,9.8617,2.5675

103.8900,0.0450,0.6003,2.2677,1.8981,1.9590,9.5530,0.8468,1.2695,9.5530,2.4529

104.8900,0.3536,0.1065,1.8973,2.1451,2.6382,9.4913,0.7234,1.3107,9.4913,2.4793

105.8900,-0.6958,0.1682,2.0825,2.1451,2.3295,9.4295,1.2790,1.2181,9.4295,2.3912

106.8900,0.0450,0.1682,2.2677,1.9599,1.8355,9.4295,0.7851,1.1769,9.4295,2.3558

107.8900,0.0450,-0.1405,2.5147,2.2686,1.7738,9.6147,0.2294,1.1152,9.6147,2.3294

108.8900,-0.0785,-0.1405,2.3295,2.1451,2.1443,9.3061,1.7112,1.3518,9.3061,2.4882

109.8900,-0.1402,-0.1405,2.1442,2.5772,1.8355,9.4295,1.0321,1.2181,9.4295,2.3911

110.8900,-0.1402,-0.1405,2.0825,2.1451,2.2677,9.2443,0.6616,1.1460,9.2443,2.3029

111.8900,0.1684,0.3534,2.7617,2.2068,1.9590,10.6025,0.6616,1.3518,10.6025,2.6734

112.8900,0.3536,-0.0788,2.1442,1.9599,2.1443,8.6887,1.0321,1.2592,8.6887,2.3206

113.8910,0.1684,0.2917,2.2677,2.0216,2.6382,9.4295,1.0938,1.4136,9.4295,2.5587

114.8900,0.1684,-0.2022,2.0825,1.9599,1.8355,9.3678,0.5381,1.0637,9.3678,2.2500

115.8900,0.1684,-0.2640,2.3295,2.2686,2.1443,9.1208,0.5999,1.2078,9.1208,2.3382

116.8900,-0.2019,0.3534,3.1321,2.2686,1.8973,9.1826,0.7234,1.3621,9.1826,2.4793

117.8900,0.1684,-0.2640,2.3912,2.8859,2.2060,9.3678,0.5381,1.3210,9.3678,2.4705

118.8900,0.2302,-0.0788,2.0825,2.2686,1.8973,9.3061,0.7851,1.1975,9.3061,2.3558

119.8900,0.1067,-0.3257,2.2060,2.1451,2.5147,8.9356,0.9086,1.2592,8.9356,2.3559

120.8900,-0.1402,0.2299,2.2060,1.8364,1.8355,9.2443,0.6616,1.1049,9.2443,2.2677

121.8900,-0.2637,-0.0170,2.2060,2.8242,2.0208,9.1826,0.4147,1.1975,9.1826,2.3382

122.8900,-0.0785,0.1065,2.3295,2.2068,1.9590,9.6147,1.0321,1.2592,9.6147,2.4529

123.8900,-0.0785,-0.2640,2.4529,2.0216,2.1443,9.1826,1.2790,1.2592,9.1826,2.3911

124.8900,-0.5106,0.4151,1.9590,2.2068,1.9590,8.9974,0.6616,1.1152,8.9974,2.2412

125.8900,-0.1402,0.4151,1.8355,2.1451,1.9590,9.9234,0.7234,1.1563,9.9234,2.4088

126.8900,0.1684,0.0447,1.9590,2.2686,2.6382,9.9234,0.8468,1.3210,9.9234,2.5499

127.8900,-0.0785,-0.0788,2.3295,2.5155,2.2060,8.9356,0.7234,1.2695,8.9356,2.3647

128.8900,-0.0785,-0.0170,2.0825,1.9599,2.1443,9.0591,1.0321,1.1872,9.0591,2.3118

129.8900,0.2302,0.1065,2.1442,2.2686,2.1443,9.4295,0.6616,1.2592,9.4295,2.4264

130.8900,0.4153,0.0447,2.0208,1.8981,2.2060,9.4913,0.4147,1.1666,9.4913,2.3558

131.8900,0.2919,0.5386,2.3295,1.9599,2.5147,8.8739,0.7851,1.4033,8.8739,2.4705

132.8910,0.1067,0.4769,2.0208,2.9476,2.2677,9.4295,0.7851,1.4341,9.4295,2.5763

133.8900,0.2919,0.0447,3.0704,2.3303,1.9590,9.3061,0.7234,1.4033,9.3061,2.5322

134.8900,-0.0168,0.2299,2.3295,2.4538,2.4530,9.5530,1.1555,1.4342,9.5530,2.5940

135.8900,-0.0168,-0.2640,2.6999,2.0834,2.0208,9.4913,0.4764,1.1666,9.4913,2.3559

136.8900,0.3536,-0.0170,2.8234,2.6390,2.4530,9.2443,0.6616,1.4856,9.2443,2.5940

137.8910,-1.3130,0.7238,3.0086,2.5155,2.1443,9.2443,0.7234,1.3004,9.2443,2.4353

138.8900,0.6005,-0.2640,2.2060,2.1451,2.1443,9.5530,0.6616,1.2489,9.5530,2.4352

139.8900,0.2919,-0.4492,1.9590,2.4538,2.6382,9.9851,0.8468,1.2901,9.9851,2.5322

140.8900,-0.1402,1.0325,2.2060,2.6390,2.2677,9.3061,0.4147,1.4033,9.3061,2.5322

141.8900,0.1684,-0.1405,1.8973,1.9599,2.3912,9.1208,0.9703,1.2078,9.1208,2.3382

142.8900,-0.1402,-0.2022,2.2060,2.1451,2.2060,9.3678,1.0938,1.2181,9.3678,2.3823

143.8900,-0.0168,0.5386,2.3295,1.9599,2.0825,9.1826,0.9703,1.3107,9.1826,2.4352

144.8900,0.1684,-0.3257,2.4529,2.0216,2.6382,8.9356,0.7851,1.2901,8.9356,2.3823

145.8900,-0.3254,-0.6961,2.2060,1.7747,1.7738,9.2443,0.7851,0.9197,9.2443,2.1089

146.8910,-0.0785,-0.0170,2.0208,2.0216,2.0825,9.2443,0.7851,1.1357,9.2443,2.2941

147.8900,0.1067,-0.0788,2.0208,2.2686,2.7617,9.2443,0.7234,1.3004,9.2443,2.4352

148.8900,0.1684,-0.4492,2.0208,2.5155,2.2060,9.3678,1.2790,1.2901,9.3678,2.4440

149.8900,0.1684,-0.0170,2.3912,2.0834,2.0208,9.3678,0.8468,1.2489,9.3678,2.4088

150.8900,-1.3748,-0.5109,2.3295,2.0216,2.0825,9.1208,1.3408,0.9814,9.1208,2.1442

151.8910,-0.1402,0.1065,2.2060,2.2686,2.9469,9.4295,0.6616,1.3416,9.4295,2.4970

152.8900,0.2919,-0.1405,2.3295,2.2068,1.1564,9.1826,0.6616,1.0843,9.1826,2.2412

153.8900,-0.2019,-0.0170,2.2677,2.0216,2.2060,9.1826,0.7234,1.1666,9.1826,2.3118

154.8900,0.4771,-0.2022,2.8851,2.3303,2.8852,8.7504,1.0321,1.5679,8.7504,2.5940

155.8900,-0.2019,0.3534,2.6382,2.2686,1.8973,9.0591,1.0321,1.3313,9.0591,2.4352

156.8900,-0.3254,0.1682,2.5764,2.2068,2.0208,9.3061,0.8468,1.2489,9.3061,2.4000

157.8900,0.1067,0.1682,2.6999,2.2068,2.3295,9.3061,0.9086,1.4033,9.3061,2.5322

158.8900,-0.3254,-0.1405,2.2677,2.2686,1.8973,9.3061,1.0321,1.1666,9.3061,2.3294

159.8900,-0.0785,0.1065,2.4529,2.4538,2.3912,9.1826,1.4643,1.4650,9.1826,2.5675

160.8900,0.0450,-0.0170,2.4529,1.7129,2.3912,9.5530,0.8468,1.2387,9.5530,2.4264

161.8900,-0.0168,0.1682,2.5764,2.2068,2.4530,9.3061,0.9086,1.3827,9.3061,2.5146

162.8900,0.2919,-0.0788,2.5147,2.3920,2.3912,9.1826,0.7851,1.3827,9.1826,2.4970

163.8900,-0.0168,-1.1283,2.3912,2.9476,2.2677,9.4913,0.6616,1.1872,9.4913,2.3735

164.8900,-0.2637,0.2299,2.5764,2.7007,2.6382,9.6765,0.8468,1.4547,9.6765,2.6293

165.8900,-0.3254,0.1065,2.2677,2.0834,2.5147,9.3061,1.4643,1.3519,9.3061,2.4882

166.8900,0.0450,0.1065,2.2677,1.7129,2.8234,9.3061,1.1555,1.3518,9.3061,2.4882

167.8900,-0.2637,-0.2640,2.4529,2.0216,2.2060,8.8739,1.0938,1.2078,8.8739,2.3029

168.8900,-0.1402,-0.3257,2.2677,2.3920,1.6503,9.2443,1.0938,1.1563,9.2443,2.3118

169.8900,0.4153,-0.2640,2.4529,2.2686,2.0825,9.1826,0.7851,1.2901,9.1826,2.4176

170.8900,0.0450,-0.6344,2.6382,2.0216,2.2060,9.1826,0.7234,1.1666,9.1826,2.3118

171.8900,0.1684,-0.0788,2.2677,1.8364,2.8852,9.2443,0.6616,1.2901,9.2443,2.4264

172.8900,0.1067,0.2299,2.3295,2.2686,1.7738,9.5530,0.5999,1.2181,9.5530,2.4088

173.8900,0.0450,0.1065,2.4529,1.9599,2.5147,9.3678,1.0321,1.3518,9.3678,2.4970

174.8900,-0.0168,0.5386,2.4529,2.2686,2.0208,9.0591,1.0938,1.3930,9.0591,2.4881

175.8900,-0.1402,0.2299,2.3912,2.5772,2.5147,9.2443,0.7851,1.3930,9.2443,2.5146

176.8900,-0.2019,-0.1405,2.6382,2.1451,2.2060,9.4913,1.8964,1.4239,9.4913,2.5764

177.8900,0.1067,0.0447,2.2677,2.5772,2.3912,8.9974,1.0321,1.4033,8.9974,2.4881

178.8910,0.2919,0.1682,2.2060,2.4538,2.2060,9.1826,0.5999,1.3210,9.1826,2.4440

179.8900,0.9092,0.0447,2.6382,2.5772,2.0825,9.2443,0.7234,1.4959,9.2443,2.6028

180.8900,-0.2019,0.3534,2.3912,2.1451,2.4530,9.7382,0.9086,1.3416,9.7382,2.5411

181.8900,0.2302,-0.4492,3.0704,2.4538,2.5147,9.3678,0.9086,1.4547,9.3678,2.5852

182.8900,0.0450,0.1682,2.6382,2.0216,2.6382,9.0591,0.9086,1.4033,9.0591,2.4970

183.8900,0.1684,0.0447,2.0208,2.0834,2.1443,10.1086,0.5381,1.1666,10.1086,2.4440

184.8900,-0.0785,0.4151,2.4529,2.1451,2.2060,9.3061,0.7851,1.3210,9.3061,2.4617

185.8900,0.3536,-0.0170,2.3912,2.2686,2.1443,9.0591,0.8468,1.3312,9.0591,2.4352

186.8900,0.2302,0.1682,2.2677,2.2068,2.3912,8.9974,0.4764,1.2901,8.9974,2.3911

187.8900,0.2302,0.1682,1.5886,2.2686,2.2677,9.1208,0.5999,1.1872,9.1208,2.3206

188.8900,0.0450,-0.1405,2.3912,2.1451,2.3912,9.0591,1.2790,1.3518,9.0591,2.4529

189.8900,0.2302,-0.2022,2.5147,2.4538,2.3912,9.1826,0.7851,1.3621,9.1826,2.4793

190.8900,0.2302,-0.1405,2.6382,2.4538,2.6999,9.1826,0.8468,1.4547,9.1826,2.5587

191.8900,0.2302,-0.0170,2.0825,1.9599,2.2060,9.0591,0.8468,1.2181,9.0591,2.3382

192.8900,0.4153,-0.0788,2.3295,2.3920,2.2677,8.8122,1.0321,1.3930,8.8122,2.4529

193.8900,-0.2019,0.2917,2.5764,2.3920,2.3912,8.7504,1.4643,1.4856,8.7504,2.5234

194.8910,-0.1402,0.1065,1.8973,2.3303,2.3295,9.8617,1.0938,1.2695,9.8617,2.4970

195.8900,-0.2019,-0.0170,1.9590,2.5772,2.2060,7.7009,0.7234,1.2078,7.7009,2.1354

196.8900,0.6005,-0.0788,2.3295,2.2068,2.2060,9.3061,1.0321,1.3827,9.3061,2.5146

197.8900,0.5388,-0.0170,2.2060,2.7624,2.2060,8.9356,0.7234,1.4033,8.9356,2.4793

198.8900,-0.0785,0.5386,1.9590,2.3920,2.2677,8.8739,0.8468,1.3210,8.8739,2.4000

199.8900,0.0450,0.1682,2.7617,2.3303,2.5765,9.0591,0.9086,1.4650,9.0591,2.5499

200.8900,0.1684,-0.0788,2.1442,2.4538,2.2060,8.8122,1.0938,1.3312,8.8122,2.4000

201.8900,0.3536,-0.0170,2.5147,1.8364,2.3912,8.8739,0.7851,1.3107,8.8739,2.3911

202.8900,-0.0785,0.4151,2.5147,2.1451,2.4530,8.9356,0.9703,1.4033,8.9356,2.4793

203.8900,0.0450,-0.0788,2.0825,2.2686,2.7617,9.1208,1.1555,1.3724,9.1208,2.4793

204.8900,-0.1402,-0.2640,2.1442,2.2068,2.4530,9.9851,1.1555,1.2592,9.9851,2.5058

205.8910,-0.0785,0.2299,2.4529,2.3303,2.5765,9.1826,0.9703,1.4136,9.1826,2.5234

206.8900,0.2302,-0.2022,2.3295,2.2068,2.1443,9.1208,0.5999,1.2181,9.1208,2.3470

207.8900,-0.1402,0.0447,2.1442,2.0834,2.6999,8.8739,1.0938,1.3210,8.8739,2.4000

208.8900,0.0450,0.1682,2.7617,2.5772,2.2060,9.4295,0.8468,1.4341,9.4295,2.5763

209.8910,-0.1402,0.2917,2.2677,2.7624,2.5147,8.9356,0.6616,1.3930,8.9356,2.4705

210.8900,-0.2019,1.2794,2.5764,2.7624,1.8973,8.6887,1.0938,1.5679,8.6887,2.5852

211.8900,0.1684,-0.2022,2.5764,2.0834,2.2677,9.4295,0.5999,1.2489,9.4295,2.4176

212.8900,0.2919,-0.1405,2.4529,2.3920,2.0208,9.0591,0.9086,1.3210,9.0591,2.4264

213.8900,0.0450,-0.0788,2.8234,2.6390,2.1443,9.4295,-0.2027,1.2283,9.4295,2.3999

214.8900,0.1067,0.1065,3.1321,2.7007,0.6007,9.3061,0.4764,1.1872,9.3061,2.3470

215.8900,0.1067,-0.0170,2.1442,2.0216,2.6999,8.9356,0.7234,1.2798,8.9356,2.3735

216.8900,0.4153,-0.3257,2.2677,2.7007,2.0825,9.3061,0.7851,1.3209,9.3061,2.4617

217.8900,0.2919,0.1682,3.4408,2.5155,2.1443,9.4913,0.9086,1.5782,9.4913,2.7086

218.8910,1.0943,0.1065,2.3295,2.4538,2.2677,9.1826,1.1555,1.5679,9.1826,2.6557

219.8900,0.1067,0.4769,2.5764,2.2068,2.5765,8.9356,0.9703,1.4856,8.9356,2.5499

220.8900,0.1067,0.0447,2.6999,2.2068,3.1321,10.2321,0.9086,1.5165,10.2321,2.7616

221.8900,0.3536,0.1065,2.1442,2.2686,2.2677,9.6765,-0.0793,1.1769,9.6765,2.3911

222.8900,0.3536,0.1682,2.9469,2.7624,2.2060,9.1208,0.9703,1.5679,9.1208,2.6469

223.8900,-0.0168,-1.0665,2.3912,2.6390,1.8355,9.5530,1.2790,1.1769,9.5530,2.3735

224.8900,0.0450,0.1065,2.3295,2.7624,2.6382,8.9356,0.9086,1.4650,8.9356,2.5323

225.8900,-0.6958,0.2917,2.6382,2.5772,2.0825,8.6270,1.2173,1.3519,8.6270,2.3912

226.8900,-0.2637,0.1682,2.3912,3.8119,2.5765,9.6147,1.0321,1.6194,9.6147,2.7616

227.8900,0.3536,-0.0170,2.3912,2.5155,2.2060,8.8739,-0.5732,1.1460,8.8739,2.2500

228.8910,0.1684,-0.0170,2.7617,2.7624,2.2060,9.0591,0.9703,1.4753,9.0591,2.5587

229.8900,0.2302,-0.1405,1.9590,2.3920,2.5765,8.6887,1.0938,1.3518,8.6887,2.4000

230.8900,0.0450,-0.0170,2.5147,2.3920,2.4530,9.3678,0.8468,1.3724,9.3678,2.5146

231.8900,-0.2019,0.0447,2.3295,2.4538,1.8973,9.1208,1.1555,1.2798,9.1208,2.4000

232.8900,-0.2637,0.0447,2.6999,2.5155,2.4530,8.8122,1.2790,1.4547,8.8122,2.5058

233.8900,0.4153,0.4769,2.4529,2.2686,2.5147,10.5408,0.9086,1.5062,10.5408,2.7968

234.8900,0.2919,0.0447,2.9469,2.7007,2.5765,8.9356,1.0938,1.6091,8.9356,2.6557

235.8900,-0.2019,0.1065,2.3912,3.0711,2.4530,8.8122,0.8468,1.4444,8.8122,2.4970

236.8900,-0.2637,0.0447,2.6382,2.4538,2.4530,8.6270,1.4643,1.4650,8.6270,2.4882

237.8900,0.1067,0.1682,2.3295,2.7007,1.9590,8.8739,1.0321,1.3827,8.8739,2.4529

238.8900,0.4153,0.2299,2.3912,2.6390,2.0825,8.9974,1.2790,1.5062,8.9974,2.5763

239.8910,-0.1402,0.2917,2.7617,2.1451,2.4530,9.1208,1.6495,1.5268,9.1208,2.6116

240.8900,-0.1402,0.0447,2.3295,2.2686,2.2060,8.9974,1.0938,1.3004,8.9974,2.4000

241.8900,0.1067,0.4769,2.6999,2.2068,2.2677,9.0591,0.9703,1.4547,9.0591,2.5411

242.8900,-0.0785,0.1065,2.3912,2.0834,2.2677,9.1208,1.2173,1.3313,9.1208,2.4441

243.8900,0.1684,-0.2640,2.8851,2.6390,2.2677,9.3678,1.4025,1.5165,9.3678,2.6381

244.8900,0.0450,0.3534,2.3912,2.2686,2.3912,8.8122,1.0321,1.4136,8.8122,2.4705

245.8900,0.0450,-0.0170,2.5764,2.6390,2.3295,8.8739,1.0938,1.4444,8.8739,2.5058

246.8900,0.3536,0.8473,2.7617,2.2686,2.3295,8.9356,0.8468,1.5679,8.9356,2.6204

247.8900,0.0450,-0.2640,2.6382,2.5155,2.5765,8.9356,1.0938,1.4342,8.9356,2.5058

248.8900,-0.3254,0.3534,2.2060,2.2686,2.4530,8.6887,1.2790,1.3724,8.6887,2.4176

249.8900,0.1684,-0.1405,2.8234,1.9599,2.4530,8.8739,0.8468,1.3518,8.8739,2.4264

250.8900,-0.0785,-0.2640,2.5147,2.5772,2.7617,8.9356,0.7851,1.3827,8.9356,2.4617

251.8900,-0.0785,-0.0170,2.2677,2.7007,2.4530,9.2443,1.0321,1.3930,9.2443,2.5146

252.8900,0.3536,-0.0788,2.0208,2.3303,2.2677,8.9974,0.5999,1.2489,8.9974,2.3558

253.8900,0.9092,0.3534,2.3912,2.3920,2.5765,8.7504,0.9086,1.5885,8.7504,2.6116

254.8900,-0.2019,-0.4492,2.6382,2.2686,2.3912,9.0591,0.8468,1.2489,9.0591,2.3647

255.8900,0.2919,-0.2640,2.6382,2.4538,2.8852,8.8122,1.4643,1.5782,8.8122,2.6116

256.8900,-0.0168,0.4769,2.6382,2.5772,2.2060,8.7504,1.2173,1.5165,8.7504,2.5499

257.8900,0.2302,1.1560,2.7617,2.8859,2.5147,9.3061,0.7851,1.7222,9.3061,2.8057

258.8900,0.1067,-0.0170,2.5764,2.4538,2.3295,8.6887,1.0938,1.4239,8.6887,2.4617

259.8900,0.4771,0.0447,2.4529,2.2068,2.3295,9.1208,0.8468,1.3930,9.1208,2.4970

260.8900,-0.1402,-0.0788,2.7617,2.3920,2.3295,9.1208,1.2790,1.4239,9.1208,2.5234

261.8900,0.0450,-0.2640,2.6999,2.3920,2.4530,8.9974,1.0321,1.3930,8.9974,2.4793

262.8900,0.0450,0.3534,3.5643,2.7007,2.2677,9.1208,0.9703,1.6502,9.1208,2.7175

263.8900,-0.2019,0.2299,3.5643,2.7624,2.3295,8.9356,1.0321,1.6194,8.9356,2.6646

264.8900,0.2919,-0.2022,2.6999,2.7007,2.8234,8.9356,0.9086,1.5370,8.9356,2.5940

265.8900,0.2302,-0.0788,2.5147,2.4538,2.4530,9.3678,0.7851,1.3930,9.3678,2.5322

266.8900,-0.0785,-0.0170,2.5764,2.3303,2.2677,8.8739,1.1555,1.3724,8.8739,2.4441

267.8900,-0.2019,-0.2640,2.5147,2.5772,2.2677,8.8739,1.1555,1.3416,8.8739,2.4176

268.8900,-0.4489,0.2917,2.8851,2.2686,2.5765,9.0591,0.8468,1.4033,9.0591,2.4970

269.8900,-0.0785,0.1682,2.5147,2.3920,2.5765,9.2443,0.9703,1.4239,9.2443,2.5411

270.8900,0.4153,-0.0170,3.1938,2.3920,2.4530,8.9974,1.0938,1.5885,8.9974,2.6469

271.8900,0.2302,-0.5109,2.6999,2.5155,2.0825,9.0591,1.2173,1.3724,9.0591,2.4705

272.8910,-0.0168,0.1065,2.5147,2.6390,2.5147,9.2443,1.5260,1.5473,9.2443,2.6469

273.8900,0.0450,-0.0170,2.6382,2.2686,2.7617,8.7504,1.0321,1.4547,8.7504,2.4970

274.8900,0.0450,-0.0788,2.9469,2.2686,2.3912,8.8739,1.0938,1.4444,8.8739,2.5058

275.8910,-1.0044,-0.3257,2.6999,2.4538,2.3912,8.9974,1.0321,1.2078,8.9974,2.3206

276.8900,-0.0168,0.4151,2.6382,2.4538,2.6999,8.6887,0.9086,1.5165,8.6887,2.5411

277.8900,0.1684,0.0447,2.4529,2.7007,3.0704,9.3061,1.1555,1.5988,9.3061,2.6998

278.8900,0.2302,-0.2022,2.6382,2.7007,2.6999,8.9356,0.8468,1.4856,8.9356,2.5499

279.8900,-0.3871,0.4151,2.3912,2.8242,2.6382,9.2443,1.2790,1.5268,9.2443,2.6293

280.8900,-0.0168,0.2299,2.5147,2.7624,2.3295,9.4913,0.8468,1.4444,9.4913,2.5940

281.8900,-0.2019,0.0447,2.9469,2.4538,2.8852,8.8739,1.0321,1.5268,8.8739,2.5764

282.8900,0.1684,-0.0788,2.9469,2.0834,2.3912,8.9974,1.1555,1.4444,8.9974,2.5234

283.8900,-0.0168,-0.0788,2.5147,2.6390,2.6382,8.7504,1.2790,1.4959,8.7504,2.5323

284.8910,0.1684,-0.1405,2.7617,2.4538,2.7617,8.8122,0.9703,1.4959,8.8122,2.5411

285.8900,-0.2019,1.4647,2.3295,2.7624,2.4530,8.5035,1.5260,1.7223,8.5035,2.6910

286.8900,-0.4489,0.1682,2.8851,2.3920,2.3912,8.8122,1.2790,1.4445,8.8122,2.4970

287.8900,-0.0785,0.1065,3.1938,2.8859,2.6999,8.8122,1.1555,1.6605,8.8122,2.6822

288.8900,-0.0168,-0.4492,3.0704,3.2563,2.5147,9.0591,1.0938,1.5782,9.0591,2.6469

289.8900,0.0450,0.5386,2.6382,2.3920,2.6999,8.6887,1.0938,1.5679,8.6887,2.5852

290.8910,0.2302,-0.0170,2.4529,2.9476,2.2677,9.2443,1.2173,1.5165,9.2443,2.6204

291.8900,0.1684,0.1682,2.7617,2.4538,3.1321,9.3061,0.8468,1.5885,9.3061,2.6910

292.8900,-0.2019,0.0447,2.6382,2.3920,2.6382,8.7504,1.5260,1.5062,8.7504,2.5411

293.8900,0.1067,-0.3257,2.6999,2.7007,2.2677,9.0591,1.2790,1.4547,9.0591,2.5411

294.8900,0.2919,0.1682,2.2060,2.7624,2.5147,8.6270,0.8468,1.4650,8.6270,2.4881

295.8900,0.1684,0.9708,2.6382,2.3920,2.3912,8.9356,1.3408,1.6502,8.9356,2.6910

296.8900,-0.1402,0.7238,2.8234,2.6390,2.5765,8.4418,1.5260,1.6914,8.4418,2.6557

297.8900,0.3536,-0.1405,2.5147,2.0834,2.9469,8.9974,1.2790,1.5062,8.9974,2.5764

298.8900,-0.0168,-0.1405,2.5147,2.7007,2.1443,9.1208,1.0938,1.3827,9.1208,2.4882

299.8900,-0.2637,0.2299,3.0086,2.4538,2.5147,9.1208,0.2294,1.3621,9.1208,2.4705

300.8900,-0.3871,0.4151,2.3912,2.5155,2.6999,8.9356,1.2173,1.4753,8.9356,2.5411

301.8900,0.4153,0.2299,2.5764,2.5772,2.3912,9.2443,1.2173,1.5679,9.2443,2.6645

302.8900,0.1067,0.1065,2.6999,2.8859,2.4530,8.9356,1.0321,1.5473,8.9356,2.6028

303.8900,-0.0168,0.1065,2.7617,2.5772,2.9469,9.7999,1.5260,1.6502,9.7999,2.8145

304.8900,0.1067,-0.2022,2.5147,2.5155,2.5765,8.8122,1.2173,1.4547,8.8122,2.5058

305.8900,0.2302,0.6621,2.9469,2.5155,2.3295,8.9974,1.4025,1.6811,8.9974,2.7263

306.8900,0.4153,0.2299,2.5147,2.6390,2.5147,10.3556,2.1434,1.7428,10.3556,2.9732

307.8900,0.1684,0.3534,2.3912,2.6390,2.2677,10.1704,1.2790,1.5165,10.1704,2.7527

308.8900,-0.2019,0.4151,2.6999,2.2068,2.0208,9.1826,1.2173,1.3930,9.1826,2.5058

309.8900,0.1067,0.4769,2.5764,2.3920,2.6382,8.8122,1.1555,1.5576,8.8122,2.5940

310.8900,-0.0168,-0.0170,3.3173,2.8859,2.4530,9.4295,1.2173,1.6400,9.4295,2.7527

311.8900,-0.0785,-0.2022,2.3912,2.7624,2.3912,8.9356,1.2173,1.4136,8.9356,2.4882

312.8900,0.1684,-0.2640,2.5764,2.6390,2.6999,8.8122,1.2173,1.5062,8.8122,2.5499

313.8900,-0.0785,0.5386,2.6382,2.2068,2.3912,9.2443,1.2790,1.4959,9.2443,2.6028

314.8900,-0.1402,-0.0170,2.7617,2.3303,2.5765,8.8739,1.2173,1.4547,8.8739,2.5146

315.8910,-0.3871,0.1065,2.9469,2.3303,2.6382,9.0591,1.4025,1.5062,9.0591,2.5852

316.8900,-0.0168,0.2299,2.0825,2.6390,2.7617,8.9974,1.3408,1.5062,8.9974,2.5764

317.8900,0.8474,0.0447,2.6382,2.8242,3.5026,9.1208,1.1555,1.8354,9.1208,2.8762

318.8900,0.1684,0.0447,2.4529,3.0094,2.4530,9.1208,0.6616,1.4650,9.1208,2.5587

319.8900,0.0450,-0.0788,2.6382,2.5772,2.5765,8.9974,1.3408,1.5165,8.9974,2.5852

320.8900,0.2919,0.2299,3.0704,2.8859,2.5765,8.8739,1.2173,1.7120,8.8739,2.7351

321.8900,-0.0168,0.2917,2.4529,2.7624,2.6382,8.3183,1.5877,1.6194,8.3183,2.5764

322.8900,-0.2019,0.2917,2.5147,2.4538,2.5765,9.1208,1.0938,1.4547,9.1208,2.5499

323.8900,0.4771,0.1065,2.5147,2.7007,2.3912,8.8739,0.9703,1.5267,8.8739,2.5763

324.8900,0.1067,0.1682,3.3173,2.5772,2.5147,8.9356,1.1555,1.6399,8.9356,2.6822

325.8900,-0.3254,0.0447,2.7617,2.5155,2.5765,10.1704,1.7112,1.5474,10.1704,2.7792

326.8900,0.1067,-0.1405,2.7617,1.9599,2.5147,9.1826,1.0938,1.3827,9.1826,2.4970

327.8900,0.1684,-0.1405,2.7617,2.5772,2.2060,8.6270,0.7234,1.3827,8.6270,2.4176

328.8900,0.7240,0.1065,2.6382,2.9476,2.2677,9.1826,1.4025,1.6811,9.1826,2.7527

329.8900,0.2302,0.0447,2.8234,2.4538,2.5147,8.9974,1.1555,1.5370,8.9974,2.6028

330.8900,0.1067,-0.3874,2.5147,3.1328,2.5147,8.6887,1.3408,1.5370,8.6887,2.5587

331.8900,-0.2019,0.3534,2.6999,2.6390,2.6999,9.3678,1.3408,1.5885,9.3678,2.6998

332.8910,-0.0168,0.1065,2.2060,2.7007,2.5765,8.8739,1.4643,1.5062,8.8739,2.5587

333.8910,0.6005,-0.0788,2.6382,2.5772,2.4530,9.1826,1.2173,1.5679,9.1826,2.6557

334.8900,-0.0785,0.0447,2.5147,2.7624,2.6382,9.7382,1.5260,1.5679,9.7382,2.7351

335.8900,0.2919,0.2299,3.2556,2.5772,2.4530,9.3061,1.1555,1.6605,9.3061,2.7527

336.8900,-0.3254,0.1065,3.0086,2.4538,2.7617,9.0591,1.0321,1.5062,9.0591,2.5852

337.8900,0.1684,-0.0170,2.5147,2.6390,2.5765,8.6887,1.2173,1.5165,8.6887,2.5411

338.8900,-0.0168,0.2299,2.8851,2.8859,2.6382,8.8122,1.4025,1.6708,8.8122,2.6910

339.8900,-0.0785,0.0447,2.0208,2.9476,2.3295,9.0591,1.1555,1.4033,9.0591,2.4970

340.8900,0.8474,-0.1405,2.7617,3.0094,2.8234,9.3061,1.0938,1.7325,9.3061,2.8145

341.8900,-0.1402,0.2299,2.8234,2.5772,2.6382,8.6270,1.6495,1.6297,8.6270,2.6293

342.8900,0.2302,-0.0170,2.6382,2.6390,2.6999,9.2443,1.2173,1.5679,9.2443,2.6645

343.8900,-0.0168,0.4151,2.5147,2.9476,2.3912,9.4295,1.2790,1.5885,9.4295,2.7086

344.8900,0.0450,0.0447,2.8234,2.5772,2.5147,9.4295,1.0938,1.5165,9.4295,2.6469

345.8900,0.4153,-0.1405,2.5147,2.6390,2.3912,8.9974,0.4147,1.3724,8.9974,2.4617

346.8900,-0.3254,0.3534,2.8851,2.2686,2.8234,9.3061,1.0321,1.5062,9.3061,2.6205

347.8900,0.1684,0.3534,2.1442,2.6390,2.5765,9.0591,0.9703,1.4753,9.0591,2.5587

348.8900,0.1067,0.1682,2.5147,2.8859,3.5643,9.2443,1.0321,1.7120,9.2443,2.7880

349.8900,0.3536,0.4769,2.6382,2.9476,3.5026,8.8739,1.2790,1.8663,8.8739,2.8674

350.8900,-0.4489,-0.0170,3.2556,2.3920,2.3295,8.9974,2.4521,1.6606,8.9974,2.7087

351.8900,-0.0168,0.2917,2.8234,2.8859,2.5147,8.6887,1.5260,1.6708,8.6887,2.6734

352.8900,0.1684,-0.2640,3.1938,2.8242,3.1939,8.3183,1.0938,1.7017,8.3183,2.6469

353.8900,0.1684,-0.0788,3.1938,2.8242,2.3912,8.9356,1.3408,1.6399,8.9356,2.6822

354.8900,0.1067,0.1682,2.6382,2.8859,2.0825,9.3678,1.2173,1.5165,9.3678,2.6381

355.8900,-0.1402,0.1682,3.1321,2.8859,2.2677,9.3678,0.7234,1.5062,9.3678,2.6293

356.8900,-0.3871,0.2299,2.8851,2.8242,2.4530,9.2443,1.0321,1.5062,9.2443,2.6116

357.8900,0.1067,0.5386,2.8851,2.7007,2.5765,8.8739,1.5877,1.7326,8.8739,2.7527

358.8900,0.3536,0.0447,2.5147,2.5155,2.8234,8.5035,1.3408,1.5988,8.5035,2.5852

359.8900,0.1684,0.4151,2.6999,2.4538,3.0704,8.9356,1.0321,1.6400,8.9356,2.6822

360.8900,0.1684,0.2299,2.8234,2.3920,3.0087,9.1208,1.7730,1.7326,9.1208,2.7880

361.8900,-0.0168,0.4151,2.6382,2.7624,2.5765,8.8122,1.4025,1.6297,8.8122,2.6557

362.8900,-0.1402,0.9708,2.1442,2.9476,2.0825,8.9974,1.7730,1.6297,8.9974,2.6822

363.8900,0.2919,0.2917,2.2060,3.0094,2.3295,8.8739,1.1555,1.5473,8.8739,2.5940

364.8900,1.1561,0.3534,2.6382,2.6390,2.6999,8.7504,1.2790,1.7943,8.7504,2.7880

365.8900,-0.2637,0.7238,2.5147,2.6390,2.5147,9.1208,1.4025,1.5885,9.1208,2.6646

366.8900,0.6005,0.1682,2.8851,2.8242,2.6382,8.5035,0.9703,1.6811,8.5035,2.6557

367.8910,0.1684,0.0447,2.5764,2.5772,2.3912,9.0591,1.0938,1.4753,9.0591,2.5587

368.8900,0.1067,-0.1405,2.6382,2.5155,2.3912,8.9974,1.0938,1.4342,8.9974,2.5146

369.8910,0.0450,0.6621,2.7617,2.7007,2.5765,8.7504,1.3408,1.6811,8.7504,2.6910

370.8900,0.2302,0.0447,3.0704,2.6390,2.4530,8.9356,1.2790,1.6194,8.9356,2.6645

371.8900,0.1067,0.2917,2.8851,2.5155,2.7617,10.1704,1.4643,1.6708,10.1704,2.8850

372.8900,0.4771,-1.2517,3.3173,2.5772,2.3912,8.6887,1.2790,1.4650,8.6887,2.4970

373.8900,0.7857,0.2917,3.0086,2.3303,2.4530,8.8122,1.3408,1.7017,8.8122,2.7175

374.8900,0.4771,0.2299,2.8234,2.2686,2.8234,9.3061,1.2173,1.6399,9.3061,2.7351

375.8900,0.2919,-0.0788,2.6999,2.5772,2.7617,9.1208,1.1555,1.5679,9.1208,2.6469

376.8900,0.4771,0.1682,3.0704,2.9476,2.6999,8.7504,1.3408,1.7840,8.7504,2.7792

377.8900,1.1561,-0.0788,2.8234,2.7624,2.5765,8.4418,1.2790,1.7531,8.4418,2.7086

378.8900,0.9709,0.2917,2.5764,2.5155,2.5765,9.0591,0.7851,1.6193,9.0591,2.6822

379.8900,0.4771,0.2917,2.8851,2.7007,2.2677,9.2443,1.0321,1.6091,9.2443,2.6998

380.8900,0.2302,0.7238,2.8234,2.6390,3.1321,8.6887,1.0321,1.7634,8.6887,2.7527

381.8900,-1.3748,0.6003,2.7617,2.7007,2.7617,9.0591,0.9086,1.3930,9.0591,2.4882

382.8900,0.1684,0.8473,2.9469,2.6390,2.2677,8.7504,1.4025,1.7120,8.7504,2.7175

383.8900,0.1067,-0.3257,2.6999,2.7624,2.7617,8.8739,1.5877,1.5988,8.8739,2.6381

384.8900,0.2302,0.4769,2.5764,2.5772,2.9469,8.9356,1.2790,1.6811,8.9356,2.7175

385.8910,0.2302,0.4151,2.8851,2.8242,2.5147,9.6765,1.4643,1.7223,9.6765,2.8586

386.8900,0.2919,-0.0170,3.0704,3.4415,2.8234,8.8739,1.4025,1.8354,8.8739,2.8409

387.8910,0.3536,0.5386,2.6999,2.5155,3.0087,8.8739,0.9703,1.6811,8.8739,2.7086

388.8900,0.1067,0.5386,2.8851,2.7624,2.6999,8.8739,1.6495,1.7737,8.8739,2.7880

389.8900,0.1067,0.2299,2.8234,2.8859,2.5765,9.7382,1.3408,1.6605,9.7382,2.8145

390.8900,0.5388,0.2917,1.6503,2.7624,2.3912,9.3061,0.8468,1.4135,9.3061,2.5410

391.8900,0.1684,0.2299,2.3912,2.3303,2.3912,9.0591,0.7234,1.3724,9.0591,2.4705

392.8900,-0.0168,0.1682,2.6382,2.8242,1.9590,7.5157,1.1555,1.4547,7.5157,2.3206

393.8900,-0.3254,0.6003,2.2677,2.9476,2.5765,9.4295,1.6495,1.6194,9.4295,2.7351

394.8900,0.7240,-0.2022,2.8234,3.0094,2.8234,9.0591,1.1555,1.7222,9.0591,2.7704

395.8900,-1.6217,0.7238,2.2060,2.8242,2.6999,8.6270,1.4025,1.3725,8.6270,2.4088

396.8910,0.8474,0.1065,2.3912,2.8859,3.6261,9.3061,1.1555,1.8354,9.3061,2.9027

397.8900,0.1067,0.6003,2.5764,2.8859,2.3912,9.3061,1.4025,1.6605,9.3061,2.7527

398.8910,0.1684,0.6003,3.7495,2.9476,2.3295,9.1208,1.3408,1.8560,9.1208,2.8939

399.8900,0.2919,0.2299,2.2060,2.5772,2.8234,8.8739,1.5877,1.6194,8.8739,2.6557

400.8900,0.1067,0.2917,3.0704,2.8242,2.6382,9.3678,1.1555,1.6811,9.3678,2.7792

401.8900,0.6005,0.2299,2.6999,2.7007,2.8234,9.1826,1.0321,1.6811,9.1826,2.7527

402.8900,-0.0785,0.1065,3.0086,2.8242,2.5765,9.1208,2.0199,1.7429,9.1208,2.7969

403.8900,0.6622,0.2299,2.3912,2.7007,3.0704,8.6270,0.6616,1.6194,8.6270,2.6204

404.8900,0.6005,0.2299,2.3295,2.9476,3.3791,9.1208,1.0938,1.7634,9.1208,2.8145

405.8900,0.0450,0.0447,2.7617,2.5772,2.6382,8.9356,1.4025,1.5782,8.9356,2.6293

406.8900,0.3536,0.1065,2.7617,2.8242,2.5765,9.1208,1.1555,1.6296,9.1208,2.6998

407.8900,0.2302,0.6003,2.8851,2.8242,2.7617,8.8122,1.2173,1.7531,8.8122,2.7616

408.8900,0.2919,-0.2640,3.1938,2.3920,2.6999,8.8122,1.4025,1.6194,8.8122,2.6469

409.8900,-0.0168,0.2299,2.6999,2.7624,2.5147,9.1826,1.2790,1.5782,9.1826,2.6645

410.8900,0.2919,0.1065,2.8851,2.7624,3.1321,8.8739,1.2790,1.7428,8.8739,2.7616

411.8900,0.3536,0.4151,3.2556,2.8242,2.5765,8.9356,1.3408,1.7943,8.9356,2.8145

412.8900,0.2919,0.0447,2.8234,2.5155,2.8852,8.8739,1.1555,1.6194,8.8739,2.6557

413.8900,0.2302,-0.1405,2.8234,2.8859,2.6999,8.9974,0.9703,1.5782,8.9974,2.6381

414.8900,0.2919,0.1065,3.0704,3.6267,2.8234,8.9356,1.3408,1.8766,8.9356,2.8850

415.8900,0.2919,-0.1405,2.5764,3.0094,2.5147,9.1826,1.3408,1.5988,9.1826,2.6822

416.8910,-0.2019,0.2299,3.3791,3.2563,1.8973,9.3061,1.9582,1.7531,9.3061,2.8321

417.8900,0.2302,0.3534,2.7617,2.8242,2.4530,9.3061,0.8468,1.5782,9.3061,2.6822

418.8900,0.6005,0.2299,2.7617,2.8859,2.3912,8.6887,1.4025,1.7120,8.6887,2.7086

419.8900,-0.2637,-0.0788,2.8234,3.1328,2.5147,8.8739,1.3408,1.5782,8.8739,2.6205

420.8900,0.1067,0.3534,2.8234,2.9476,2.2677,9.1208,1.5877,1.6811,9.1208,2.7439

421.8900,0.4153,0.1682,2.8851,2.8242,2.6382,8.6270,1.1555,1.6811,8.6270,2.6734

422.8900,0.1684,0.1682,2.6999,3.0094,2.5147,9.1208,1.4643,1.6708,9.1208,2.7351

423.8900,0.4153,0.2299,2.4529,3.1946,2.8852,8.9974,0.8468,1.6708,8.9974,2.7175

424.8900,0.9092,0.1682,3.1938,2.7624,2.4530,8.9356,1.4643,1.8251,8.9356,2.8409

425.8900,-0.3254,0.6621,2.5147,2.8242,2.5765,8.8739,1.4025,1.6091,8.8739,2.6469

426.8900,0.1684,0.2917,2.8851,2.6390,2.8852,8.9356,1.9582,1.8046,8.9356,2.8233

427.8900,0.0450,0.4769,2.7617,2.8859,2.3912,9.0591,1.8964,1.7428,9.0591,2.7880

428.8900,-0.1402,0.4769,2.5147,2.7624,2.8852,8.8122,1.5877,1.6811,8.8122,2.6998

429.8900,0.4153,-0.2640,3.4408,2.6390,2.6382,9.0591,1.1555,1.6708,9.0591,2.7263

430.8900,0.6005,0.4769,2.8851,2.7007,2.6382,9.1826,1.1555,1.7428,9.1826,2.8057

431.8900,0.1684,0.1065,2.3912,2.9476,2.9469,9.0591,1.2173,1.6297,9.0591,2.6910

432.8900,-0.0168,-0.5726,3.1321,2.6390,2.8852,9.0591,1.7112,1.6297,9.0591,2.6910

433.8900,0.0450,0.5386,2.8851,2.7624,2.5147,9.4295,1.4025,1.6914,9.4295,2.7968

434.8900,-0.2637,0.4769,3.1321,2.6390,2.5147,8.9974,1.7112,1.7017,8.9974,2.7439

435.8900,0.4153,0.4769,2.9469,3.0711,3.0087,8.9974,1.0321,1.8252,8.9974,2.8498

436.8900,0.2302,0.5386,2.8851,2.6390,3.0087,9.1208,1.4643,1.7943,9.1208,2.8409

437.8900,0.1067,0.6003,2.8234,2.3920,2.8234,8.6270,1.6495,1.7326,8.6270,2.7175

438.8900,-0.0785,0.1065,3.4408,2.4538,2.8852,8.9356,1.3408,1.6914,8.9356,2.7263

439.8900,0.6005,0.2299,3.1938,3.0711,2.6382,8.6270,1.1555,1.8149,8.6270,2.7880

440.8900,0.1684,0.2299,2.8234,2.8242,2.6382,9.1208,1.2790,1.6605,9.1208,2.7263

441.8900,0.3536,0.3534,2.7617,2.7007,2.5765,8.8739,1.7112,1.7428,8.8739,2.7616

442.8900,0.3536,-0.0788,2.9469,3.1328,2.6382,9.3061,1.0321,1.6708,9.3061,2.7616

443.8900,0.0450,0.3534,2.8851,2.5772,2.8852,9.1208,1.5260,1.7120,9.1208,2.7704

444.8900,0.4153,0.3534,3.1938,2.8859,2.7617,8.9974,1.3408,1.8252,8.9974,2.8498

445.8900,0.3536,0.3534,2.9469,2.3920,2.8852,9.1208,1.2790,1.7017,9.1208,2.7616

446.8900,0.4153,0.1682,3.0704,2.7624,2.5765,8.8739,1.2173,1.7017,8.8739,2.7263

447.8900,0.4771,0.4151,2.7617,3.0094,2.6999,8.9974,1.4643,1.8046,8.9974,2.8321

448.8910,0.1684,0.7856,2.6382,2.7007,2.6999,8.9356,1.4025,1.7326,8.9356,2.7616

449.8900,0.2302,-0.0788,3.1321,2.7624,2.6999,8.8739,0.9703,1.6194,8.8739,2.6557

450.8900,0.3536,0.2299,2.8234,2.7624,3.0087,8.8122,1.5260,1.7840,8.8122,2.7880

451.8900,0.4153,0.5386,2.3912,2.6390,3.0704,8.8122,1.4643,1.7531,8.8122,2.7616

452.8900,0.3536,0.5386,2.7617,2.8242,2.4530,8.9356,1.5260,1.7428,8.9356,2.7704

453.8900,0.1684,0.2299,2.8234,2.8242,2.3912,8.9356,1.4025,1.6399,8.9356,2.6822

454.8900,0.4771,0.1065,3.0704,2.5155,2.6999,9.0591,1.3408,1.7017,9.0591,2.7527

455.8900,-0.1402,0.4151,2.5764,3.0094,3.1939,9.1208,1.4025,1.7429,9.1208,2.7969

456.8900,1.2178,0.2299,2.6999,3.1946,2.7617,8.5035,1.2790,1.8972,8.5035,2.8409

457.8900,0.2302,0.3534,2.4529,3.0094,3.0704,8.9356,1.2790,1.7326,8.9356,2.7616

458.8900,0.0450,0.4151,2.7617,2.4538,3.1321,9.3678,1.3408,1.6914,9.3678,2.7880

459.8900,0.1684,0.6003,2.7617,2.7624,3.0704,8.9974,1.8964,1.8766,8.9974,2.8939

460.8900,0.3536,0.6003,2.8234,2.8242,2.6999,8.9974,1.5877,1.8149,8.9974,2.8409

461.8900,0.4771,0.1682,3.1321,3.0711,2.5765,8.7504,1.2173,1.7737,8.7504,2.7704

462.8910,-0.2019,0.1682,2.8234,2.8242,2.7617,9.0591,1.7730,1.6914,9.0591,2.7439

463.8900,0.1067,0.1682,2.6382,2.7624,3.0087,8.7504,1.9582,1.7737,8.7504,2.7704

464.8900,0.2919,0.0447,2.8234,2.8859,3.0087,8.5652,1.4025,1.7428,8.5652,2.7175

465.8900,0.2919,0.2917,2.9469,2.3920,2.9469,9.0591,1.3408,1.7017,9.0591,2.7527

466.8900,0.2302,0.6621,3.1938,2.7624,2.5765,8.8122,1.5260,1.8252,8.8122,2.8233

467.8900,-0.0168,0.2917,2.8851,2.7007,2.8852,8.5652,1.7730,1.7531,8.5652,2.7263

468.8900,0.4153,0.1682,3.1321,2.6390,2.6999,8.9356,1.1555,1.7017,8.9356,2.7351

469.8900,0.4771,-0.1405,3.0704,2.7007,3.0704,8.9356,1.2173,1.7326,8.9356,2.7616

470.8900,-0.0785,0.4769,3.1321,2.9476,3.0087,8.9974,1.3408,1.8046,8.9974,2.8321

471.8900,0.5388,0.2299,2.2677,2.7624,2.9469,9.1208,1.5877,1.7223,9.1208,2.7792

472.8900,0.2919,0.3534,2.8234,3.0094,2.9469,9.1208,1.7112,1.8560,9.1208,2.8939

473.8900,0.2302,0.6003,3.0086,2.8859,2.3912,8.8739,1.5260,1.7737,8.8739,2.7880

474.8900,0.1684,0.2917,3.1321,2.8859,2.7617,8.8739,1.2790,1.7531,8.8739,2.7704

475.8900,0.1684,0.6003,2.6382,2.8859,2.6999,8.9356,1.3408,1.7223,8.9356,2.7527

476.8900,-0.0785,0.1682,3.0086,2.6390,3.1321,8.9356,1.7112,1.7634,8.9356,2.7880

477.8900,0.2919,0.0447,2.9469,3.0094,2.6999,9.1208,1.5877,1.7634,9.1208,2.8145

478.8910,0.4771,0.1065,2.8234,3.0094,3.2556,8.6270,0.7234,1.7325,8.6270,2.7175

479.8900,0.4153,0.1065,2.6999,2.8859,3.5643,9.0591,1.2790,1.8252,9.0591,2.8586

480.8900,0.2919,0.3534,2.8851,2.7624,2.9469,9.6765,1.7112,1.8252,9.6765,2.9468

481.8900,0.5388,-0.0788,3.1321,3.1328,2.8852,8.6887,1.0938,1.7840,8.6887,2.7704

482.8900,-1.1896,1.2177,2.6999,2.8859,2.5147,8.6270,1.4643,1.5988,8.6270,2.6028

483.8910,0.4771,0.2917,2.6999,2.7624,2.9469,8.9356,1.5260,1.7840,8.9356,2.8057

484.8900,-0.0168,0.4151,3.0086,2.7624,3.0087,9.0591,1.5260,1.7840,9.0591,2.8233

485.8900,0.2919,0.6003,2.5764,2.8242,3.0087,9.0591,1.4643,1.7943,9.0591,2.8321

486.8900,0.4771,0.1682,2.9469,3.1328,2.8852,9.0591,1.2790,1.8149,9.0591,2.8498

487.8900,-0.0785,0.4769,3.0704,2.9476,3.1939,9.1208,1.4025,1.8355,9.1208,2.8762

488.8900,0.2919,0.4151,3.0086,2.8859,3.0087,8.9974,1.8964,1.9178,8.9974,2.9291

489.8900,0.4153,0.2917,3.0086,2.6390,2.9469,9.0591,1.0321,1.7223,9.0591,2.7704

490.8900,0.1067,0.4769,2.7617,2.8859,2.5765,8.6270,1.4025,1.7017,8.6270,2.6910

491.8900,-0.0785,0.1065,3.0704,2.7007,2.8234,8.8739,1.2790,1.6502,8.8739,2.6822

492.8900,0.6005,0.1682,3.2556,2.8859,2.9469,8.8122,1.1555,1.8354,8.8122,2.8321

493.8900,0.1684,0.3534,2.8851,2.6390,3.0087,8.9356,1.8964,1.8252,8.9356,2.8410

494.8900,0.5388,0.0447,2.5764,3.0711,2.6999,9.0591,1.4025,1.7223,9.0591,2.7704

495.8900,0.2919,0.2299,3.4408,2.8859,2.7617,9.3061,1.5877,1.8663,9.3061,2.9291

496.8900,-0.3871,0.4151,2.8851,2.7007,2.8852,8.8122,2.0817,1.7634,8.8122,2.7704

497.8900,0.3536,-0.0170,2.9469,2.7007,2.9469,8.8739,1.8347,1.7943,8.8739,2.8057

498.8910,0.4153,0.2299,3.6260,3.0711,2.7617,9.1826,1.4643,1.9281,9.1826,2.9644

499.8900,0.3536,0.2299,3.0086,2.8859,2.9469,8.2565,1.5260,1.8252,8.2565,2.7439

500.8900,0.2919,0.4769,2.8234,3.0094,2.9469,9.3678,1.5260,1.8457,9.3678,2.9203

501.8900,0.6005,0.4151,2.6382,2.8859,3.2556,9.3678,1.3408,1.8560,9.3678,2.9291

502.8900,0.6005,0.8473,2.8234,2.7624,3.1321,8.8122,1.5260,1.9486,8.8122,2.9291

503.8900,0.2919,0.4769,3.0704,3.3798,3.0087,8.9356,1.2173,1.9075,8.9356,2.9115

504.8900,0.5388,0.4769,2.6382,3.0711,2.8852,8.6270,1.4643,1.8457,8.6270,2.8145

505.8900,0.4771,0.8473,3.3791,3.0711,2.8852,9.0591,1.5260,2.0309,9.0591,3.0350

506.8900,0.6005,0.6003,3.0704,2.9476,3.5643,9.1826,1.4643,2.0412,9.1826,3.0614

507.8900,0.6005,-0.0788,2.6999,2.8242,2.9469,8.6270,1.5877,1.7634,8.6270,2.7439

508.8900,0.3536,0.1065,3.1321,3.9354,2.4530,9.0591,1.4643,1.9075,9.0591,2.9291

509.8900,0.3536,-0.0170,2.9469,3.1328,2.7617,9.0591,1.6495,1.8046,9.0591,2.8409

510.8900,0.2919,0.4151,2.6999,2.9476,2.8234,10.8495,1.6495,1.8046,10.8495,3.0967

511.8900,0.7857,0.1065,2.7617,2.8859,2.9469,9.1826,1.5260,1.8354,9.1826,2.8850

512.8900,0.2919,0.7238,2.8851,3.3180,3.0704,8.9974,1.4025,1.9486,8.9974,2.9556

513.8900,0.5388,0.7856,2.5764,3.6267,2.9469,9.7382,1.5260,2.0001,9.7382,3.1055

514.8900,0.2919,0.5386,2.6382,3.0094,2.4530,9.3678,1.1555,1.6811,9.3678,2.7792

515.8900,0.8474,1.6499,3.1321,2.5772,2.7617,9.1208,1.3408,2.0515,9.1208,3.0614

516.8900,0.3536,0.6621,2.8234,2.8859,2.5147,9.3061,1.5260,1.7943,9.3061,2.8674

517.8900,0.2919,0.1682,3.0086,2.8242,2.8852,9.4295,1.6495,1.8046,9.4295,2.8939

518.8900,0.4153,0.4769,2.8851,2.8859,2.6382,9.3678,1.4643,1.7943,9.3678,2.8762

519.8900,0.4153,0.3534,2.6999,2.9476,2.5147,9.7382,1.0938,1.6708,9.7382,2.8233

520.8900,0.4153,0.7856,2.5764,2.7624,2.7617,9.3061,1.1555,1.7428,9.3061,2.8233

521.8910,0.4153,-0.3257,3.0704,2.9476,3.0087,9.8617,1.2790,1.7326,9.8617,2.8939

522.8900,0.6005,0.0447,3.0086,2.5772,3.1939,9.3678,2.0199,1.9075,9.3678,2.9732

523.8900,0.2302,0.6621,3.1321,3.1946,3.1321,9.0591,1.2173,1.9281,9.0591,2.9468

524.8900,0.2919,0.5386,3.1321,2.8242,3.1939,8.5652,1.7112,1.9486,8.5652,2.8939

525.8900,0.4153,0.2299,3.1321,2.8859,2.9469,8.4418,1.6495,1.8766,8.4418,2.8145

526.8900,1.4030,0.6621,2.6382,3.1328,2.8234,8.6887,1.0938,1.9589,8.6887,2.9203

527.8900,0.4153,0.7856,2.9469,2.8859,2.8234,8.9974,0.7851,1.7737,8.9974,2.8057

528.8900,0.3536,0.4769,3.0086,3.4415,3.1939,8.8122,1.4643,1.9898,8.8122,2.9644

529.8900,0.2302,0.3534,2.7617,3.0711,2.2677,9.1826,1.6495,1.7223,9.1826,2.7880

530.8910,0.4153,0.2917,3.0704,2.8242,3.1939,8.7504,1.9582,1.9589,8.7504,2.9291

531.8900,0.4153,0.0447,3.2556,3.0094,3.7496,8.8739,1.5877,2.0104,8.8739,2.9909

532.8900,-0.1402,0.5386,2.3912,2.7007,2.5765,9.1208,1.0938,1.5268,9.1208,2.6116

533.8900,0.3536,0.2299,2.7617,2.7007,2.8852,9.3678,1.4643,1.7326,9.3678,2.8233

534.8900,0.6005,1.0942,3.0086,2.7007,2.9469,9.4295,1.5877,1.9898,9.4295,3.0526

535.8900,0.4153,-0.2640,2.9469,3.1946,2.4530,9.3678,1.5877,1.7223,9.3678,2.8145

536.8900,0.6622,0.1065,3.0704,3.1328,3.1321,9.1826,2.0817,2.0310,9.1826,3.0526

537.8900,0.7857,1.5881,3.3173,3.0094,2.5765,9.5530,1.2790,2.0927,9.5530,3.1584

538.8900,0.4771,0.6621,3.0086,2.8242,3.6261,9.3061,1.4025,2.0001,9.3061,3.0438

539.8900,0.3536,0.4151,2.8234,2.8859,2.8852,8.9974,1.6495,1.8354,8.9974,2.8586

540.8900,0.4771,0.3534,3.0086,3.0094,3.1321,9.4913,1.3408,1.8869,9.4913,2.9732

541.8900,0.4771,0.4151,3.0704,3.1328,2.7617,9.6147,1.5260,1.8972,9.6147,2.9997

542.8900,0.7240,0.2917,3.3791,3.1946,2.8852,8.6270,1.2790,1.9589,8.6270,2.9115

543.8900,0.7857,0.4151,3.5025,3.3798,2.9469,8.7504,1.2790,2.0515,8.7504,3.0085

544.8900,0.6622,0.3534,3.2556,3.4415,2.3912,8.9974,1.3408,1.9075,8.9974,2.9203

545.8900,0.7240,0.3534,2.9469,2.8859,3.0704,8.4418,1.6495,1.9383,8.4418,2.8674

546.8900,0.5388,0.1682,3.1321,2.7624,3.0087,8.6887,1.7730,1.8972,8.6887,2.8674

547.8900,0.3536,0.4769,3.2556,2.6390,3.0704,9.1208,1.4643,1.8766,9.1208,2.9115

548.8900,0.4771,0.4151,2.5147,2.7624,3.1321,8.7504,1.4643,1.7943,8.7504,2.7880

549.8900,0.6622,-0.3874,2.8851,3.3798,2.6999,8.9356,1.5877,1.8046,8.9356,2.8233

550.8900,0.2302,0.2917,3.1321,2.8242,3.1321,8.8122,2.0817,1.9486,8.8122,2.9292

551.8900,0.2919,0.1682,3.5643,2.6390,3.0087,9.0591,2.6373,2.0515,9.0591,3.0526

552.8900,0.2302,0.2917,2.5147,2.8859,3.1939,8.5652,1.7112,1.8046,8.5652,2.7704

553.8900,0.7240,0.3534,3.3791,3.1328,2.7617,8.8122,1.3408,1.9486,8.8122,2.9291

554.8900,0.4153,0.6003,3.0086,2.8242,3.5026,8.8739,1.4025,1.9589,8.8739,2.9468

555.8900,0.2302,0.4769,3.1321,2.5772,3.0704,9.2443,1.2790,1.7943,9.2443,2.8586

556.8900,0.7240,0.3534,2.8851,3.0094,2.5147,8.8122,1.4025,1.8149,8.8122,2.8145

557.8900,0.5388,0.4769,3.3173,3.3180,2.8852,8.8739,1.5260,2.0104,8.8739,2.9909

558.8900,0.6622,0.5386,2.8234,3.5650,2.9469,8.7504,1.4643,2.0001,8.7504,2.9644

559.8900,0.1067,0.0447,3.1938,3.0094,2.8852,8.8739,1.9582,1.8663,8.8739,2.8674

560.8900,0.2302,0.3534,3.1938,3.1328,2.6382,9.0591,2.1434,1.9486,9.0591,2.9644

561.8900,0.6622,-0.0170,2.9469,3.0711,2.8852,9.1208,0.9703,1.7531,9.1208,2.8057

562.8900,0.4153,0.3534,3.5643,3.2563,2.7617,8.8739,1.4643,1.9692,8.8739,2.9556

563.8900,0.3536,0.4151,2.5764,3.2563,2.2677,8.9974,1.6495,1.7531,8.9974,2.7880

564.8900,0.2919,0.1682,2.8234,3.1946,3.0704,8.4418,1.5877,1.8560,8.4418,2.7968

565.8910,0.7857,0.3534,3.1321,2.8859,3.3174,8.5035,1.5877,2.0104,8.5035,2.9380

566.8900,0.3536,0.6003,2.7617,2.9476,2.9469,8.4418,1.8347,1.9075,8.4418,2.8409

567.8900,-0.0785,0.6621,3.3173,2.9476,3.1321,8.8122,1.7730,1.9589,8.8122,2.9380

568.8900,-0.2019,0.1682,3.2556,2.6390,3.1939,8.9356,1.3408,1.7326,8.9356,2.7616

569.8900,1.1561,0.3534,2.9469,2.8242,2.9469,9.1826,1.0938,1.8869,9.1826,2.9291

570.8900,0.6005,0.4769,2.4529,2.7624,3.6261,8.7504,1.2790,1.8663,8.7504,2.8498

571.8900,0.5388,0.6003,2.5764,3.2563,3.8731,9.1208,1.5260,2.0618,9.1208,3.0703

572.8900,0.7857,0.4151,2.9469,3.3798,2.5765,8.7504,1.7112,1.9692,8.7504,2.9379

573.8900,0.6622,0.7238,2.8234,3.2563,2.9469,9.0591,1.5877,2.0001,9.0591,3.0085

574.8910,0.7240,0.2299,3.3173,3.3798,1.7121,8.9356,1.1555,1.7531,8.9356,2.7792

575.8910,1.1561,0.4151,2.8234,2.8242,2.9469,8.9356,1.5260,1.9486,8.9356,2.9468

576.8910,0.2919,0.3534,2.6999,3.0711,3.0087,9.2443,1.8964,1.8869,9.2443,2.9380

577.8900,0.5388,0.1065,2.7617,3.1946,2.8234,8.8739,1.5260,1.8251,8.8739,2.8321

578.8900,0.6622,0.4151,3.1938,4.2441,2.6382,8.8739,1.6495,2.1338,8.8739,3.0967

579.8900,0.6005,0.2917,2.8851,3.1328,2.9469,9.3061,2.0199,1.9795,9.3061,3.0261

580.8900,0.1684,0.9090,3.1938,2.9476,3.0704,8.9974,1.7730,2.0104,8.9974,3.0085

581.8900,0.4771,0.2917,4.1817,2.3920,3.3791,8.9974,1.5260,2.0413,8.9974,3.0350

582.8900,-0.0785,0.4151,3.3173,2.9476,2.9469,9.0591,2.2051,1.9589,9.0591,2.9733

583.8900,0.0450,0.6621,3.1938,3.0094,3.0087,8.8739,1.2173,1.8560,8.8739,2.8586

584.8900,0.7240,0.4769,3.6878,3.1328,2.7617,8.8739,1.5260,2.0515,8.8739,3.0261

585.8900,0.4771,0.1065,3.1938,3.3180,3.0087,9.0591,0.9086,1.8354,9.0591,2.8674

586.8900,0.4771,0.2299,3.1938,3.1946,3.2556,9.2443,1.5260,1.9795,9.2443,3.0173

587.8900,1.0326,0.6003,3.5025,3.3798,3.0087,8.7504,1.6495,2.1956,8.7504,3.1320

588.8900,-0.2637,0.9708,2.3912,3.1328,3.1321,9.1826,1.4643,1.8046,9.1826,2.8586

589.8900,0.6005,0.3534,3.5025,3.3798,3.0087,8.7504,1.2173,2.0104,8.7504,2.9732

590.8900,0.1067,0.9708,3.3173,3.1946,2.6999,8.9356,1.4025,1.9486,8.9356,2.9468

591.8900,0.3536,0.6621,2.9469,3.6885,3.1321,8.6887,1.4643,2.0412,8.6887,2.9909

592.8900,0.5388,0.2917,3.5025,2.6390,2.0208,9.3678,1.2173,1.7017,9.3678,2.7968

593.8900,0.6622,0.8473,3.2556,3.1328,2.5147,9.1826,1.3408,1.9589,9.1826,2.9909

594.8900,0.5388,0.4769,2.7617,2.8242,3.1939,8.8122,1.5260,1.8869,8.8122,2.8762

595.8910,0.4771,0.4151,2.8234,2.7624,3.1321,8.6887,1.5260,1.8560,8.6887,2.8321

596.8900,0.4153,0.8473,3.0086,3.1946,2.6382,8.9974,2.0199,2.0207,8.9974,3.0173

597.8900,0.9709,0.8473,3.0086,2.8859,2.7617,8.9356,1.7730,2.0412,8.9356,3.0261

598.8900,0.6622,0.6621,3.5643,3.3180,2.8234,9.1208,1.3408,2.0618,9.1208,3.0702

599.8900,0.6005,0.4769,1.4034,3.0711,3.0704,8.9974,1.9582,1.7634,8.9974,2.7968

600.8900,0.2302,0.9708,2.8851,3.0094,3.0704,7.9479,2.1434,2.0515,7.9479,2.8939

601.8900,-0.5723,-0.1405,3.1321,3.2563,2.8234,8.9974,1.3408,1.6400,8.9974,2.6910

602.8900,0.2919,0.4151,2.8851,3.0094,2.2677,9.0591,1.7730,1.7737,9.0591,2.8145

603.8900,0.7857,0.3534,3.1938,3.3798,3.2556,9.0591,1.4025,2.0618,9.0591,3.0614

604.8900,0.6005,0.2299,2.9469,2.4538,3.4409,8.1331,1.7112,1.8972,8.1331,2.7880

605.8900,0.6005,0.7856,3.0704,3.5033,3.3174,8.7504,1.3408,2.1030,8.7504,3.0526

606.8900,0.9709,0.9708,3.0086,2.7624,3.0087,8.8739,1.7730,2.0824,8.8739,3.0526

607.8900,0.0450,0.2299,3.5025,2.9476,3.3174,8.9974,1.2173,1.8766,8.9974,2.8939

608.8900,-0.0168,0.7238,3.1321,2.8242,3.0087,8.7504,1.9582,1.9384,8.7504,2.9115

609.8900,0.9709,0.2299,2.8851,2.9476,3.0087,8.1948,1.5877,1.9383,8.1948,2.8321

610.8900,0.2919,0.1682,3.2556,3.0094,2.6999,8.7504,1.7112,1.8560,8.7504,2.8409

611.8900,0.5388,0.8473,3.4408,3.1946,2.6382,8.6887,1.6495,2.0515,8.6887,2.9997

612.8900,0.9709,0.7238,3.1938,2.8859,2.7617,9.2443,1.2173,1.9589,9.2443,2.9997

613.8910,0.4153,0.9708,3.5025,2.9476,2.8234,8.6270,1.7730,2.0721,8.6270,3.0085

614.8900,0.8474,0.5386,3.8112,3.1946,2.7617,8.7504,1.6495,2.1338,8.7504,3.0791

615.8900,1.3412,0.7856,2.9469,2.6390,3.0087,9.1208,1.7112,2.0721,9.1208,3.0791

616.8900,0.6005,0.9708,3.2556,3.0094,2.8852,8.8739,1.7112,2.0721,8.8739,3.0438

617.8900,0.3536,0.5386,3.3173,2.8242,3.0704,8.7504,1.9582,2.0104,8.7504,2.9732

618.8910,0.6622,0.8473,2.8851,3.5650,3.3791,8.9356,1.3408,2.1133,8.9356,3.0879

619.8900,0.2919,0.7856,3.1321,3.1946,3.2556,9.6765,1.7112,2.0618,9.6765,3.1496

620.8900,0.0450,0.1682,2.9469,3.0711,2.6999,8.8739,1.7112,1.7737,8.8739,2.7880

621.8900,0.2302,0.9090,4.3052,3.3180,2.9469,8.9356,1.7112,2.2368,8.9356,3.1937

622.8900,0.2919,0.7856,3.2556,3.0094,3.1939,8.8739,3.5017,2.3397,8.8739,3.2731

623.8900,0.0450,0.6621,3.5025,3.3798,2.9469,8.4418,1.9582,2.0824,8.4418,2.9909

624.8900,0.4771,0.3534,3.6260,2.5772,3.1321,8.6887,1.5877,1.9589,8.6887,2.9203

625.8900,0.1684,0.9708,3.1938,2.8242,3.0704,8.8739,1.8964,2.0207,8.8739,2.9997

626.8910,0.3536,0.5386,3.2556,2.7007,3.2556,9.4913,1.8964,2.0001,9.4913,3.0703

627.8900,0.9709,0.4769,2.8851,3.1328,3.0087,8.9356,1.2790,1.9589,8.9356,2.9556

628.8900,1.1561,0.5386,2.7617,3.3180,3.0704,9.1826,1.5877,2.0721,9.1826,3.0879

629.8900,0.0450,0.4151,3.2556,2.8859,3.1321,8.9356,1.7730,1.9178,8.9356,2.9203

630.8900,0.6005,0.6003,3.1321,3.6885,3.0087,8.9974,1.4643,2.0824,8.9974,3.0702

631.8910,0.3536,0.4769,2.4529,2.8859,3.1939,8.7504,1.7112,1.8457,8.7504,2.8321

632.8900,0.0450,0.4769,3.1321,3.1946,2.5765,9.0591,1.7112,1.8560,9.0591,2.8850

633.8900,0.6622,0.1682,3.3173,3.2563,3.0087,8.9974,1.7112,2.0207,8.9974,3.0173

634.8900,0.6005,0.3534,3.4408,3.0711,3.0087,8.9356,1.3408,1.9692,8.9356,2.9644

635.8900,0.5388,0.9090,3.1321,2.7624,3.3791,9.0591,1.5877,2.0515,9.0591,3.0526

636.8900,0.7240,0.4151,3.2556,3.0711,2.6999,8.9974,1.8964,2.0104,8.9974,3.0085

637.8910,0.4153,0.7856,3.2556,3.0711,2.4530,8.8739,1.7112,1.9486,8.8739,2.9380

638.8900,0.6622,0.8473,3.3173,3.0711,3.1939,8.8739,1.7730,2.1441,8.8739,3.1055

639.8900,0.1067,0.5386,2.8851,3.2563,2.8852,8.9974,1.7112,1.8972,8.9974,2.9115

640.8900,0.4771,0.7856,3.0086,3.0094,3.4409,8.6887,1.6495,2.0618,8.6887,3.0085

641.8900,0.6622,0.2299,2.8851,3.0094,3.3174,8.5035,1.6495,1.9589,8.5035,2.8939

642.8900,0.5388,0.1682,3.3173,3.0094,2.9469,8.8739,1.4643,1.9075,8.8739,2.9027

643.8900,0.6005,0.9708,3.0086,3.0711,2.9469,8.8739,1.5877,2.0309,8.8739,3.0085

644.8900,0.7857,0.0447,3.3791,2.9476,3.1321,8.8739,1.7730,2.0104,8.8739,2.9909

645.8900,0.8474,1.5264,3.2556,3.2563,3.1939,8.6270,1.4025,2.2470,8.6270,3.1584

646.8900,0.6005,0.7238,3.7495,3.0094,3.1321,9.0591,1.7730,2.1647,9.0591,3.1496

647.8900,0.7857,0.4769,3.4408,3.1328,3.0704,8.9356,1.7730,2.1133,8.9356,3.0879

648.8900,0.4771,0.7238,2.9469,3.2563,3.1939,9.2443,1.6495,2.0412,9.2443,3.0702

649.8900,0.8474,0.6621,3.1321,2.8859,3.2556,9.1826,1.4643,2.0412,9.1826,3.0614

650.8900,0.6005,1.2177,3.5025,3.1328,3.7496,8.4418,2.0199,2.3705,8.4418,3.2378

651.8910,0.6622,0.4151,1.8973,3.3180,2.9469,9.0591,2.0199,1.8766,9.0591,2.9027

652.8900,0.2302,1.0942,3.2556,3.5650,3.5026,8.6887,2.2669,2.3191,8.6887,3.2290

653.8900,0.7240,0.4769,2.2677,2.5155,3.1939,8.7504,1.4643,1.7737,8.7504,2.7704

654.8900,0.1684,0.6003,3.3791,3.2563,3.2556,9.0591,2.2051,2.1442,9.0591,3.1320

655.8900,0.9092,0.1682,3.0086,3.1328,3.0087,8.8122,1.6495,1.9795,8.8122,2.9556

656.8900,0.4771,0.7856,2.7617,3.1946,2.8852,9.1208,1.7112,1.9692,9.1208,2.9909

657.8900,0.9092,0.6003,3.1321,3.1328,3.0704,9.1826,1.4025,2.0412,9.1826,3.0614

658.8900,0.6005,0.1065,3.5025,3.2563,3.0087,8.8739,1.6495,2.0207,8.8739,2.9997

659.8900,0.7240,0.6621,3.1938,2.7007,3.1321,9.3061,1.6495,2.0104,9.3061,3.0526

660.8910,1.5882,-0.0788,3.2556,3.1328,3.0704,8.5652,1.7730,2.1235,8.5652,3.0438

661.8910,0.6622,0.1682,3.1938,3.5033,3.0704,9.0591,1.8964,2.0824,9.0591,3.0791

662.8900,0.6005,0.2299,3.2556,4.1206,3.0087,8.8122,1.4025,2.1030,8.8122,3.0614

663.8900,0.5388,0.7238,3.0086,3.1328,3.0704,8.8122,2.0817,2.0927,8.8122,3.0526

664.8900,0.3536,0.7856,3.2556,3.1946,3.1321,8.8122,1.7112,2.0721,8.8122,3.0350

665.8900,0.7240,1.0942,2.8851,3.1328,3.1939,9.0591,1.8964,2.1544,9.0591,3.1408

666.8900,0.2919,0.6621,2.6382,2.7007,2.9469,8.8739,1.8964,1.8560,8.8739,2.8586

667.8900,0.4771,0.5386,3.1938,3.1946,2.7617,8.8739,1.4643,1.9383,8.8739,2.9291

668.8900,0.6005,0.6621,3.4408,3.1328,3.5643,9.1826,0.7851,2.0309,9.1826,3.0526

669.8900,0.4153,0.4151,3.5025,3.0711,3.4409,9.0591,1.6495,2.0824,9.0591,3.0791

670.8900,1.0326,0.4151,2.8851,3.0094,3.0704,9.0591,1.2790,1.9486,9.0591,2.9644

671.8900,0.5388,0.6003,3.4408,3.1328,3.3174,8.9356,1.7112,2.1236,8.9356,3.0967

672.8900,0.7240,1.2794,3.5025,3.0094,3.0087,8.7504,1.8964,2.2367,8.7504,3.1673

673.8900,0.6622,-0.2640,3.3791,3.3798,2.9469,8.9356,1.7112,1.9692,8.9356,2.9644

674.8900,0.6622,0.2917,3.5025,2.8859,3.1939,8.5652,2.0199,2.0927,8.5652,3.0173

675.8900,0.4153,0.6621,3.2556,3.3180,3.0087,10.7260,1.7730,2.0721,10.7260,3.3084

676.8900,-1.4982,1.2794,2.8234,3.4415,3.1321,9.3061,2.0817,1.8767,9.3061,2.9380

677.8900,0.5388,0.5386,3.2556,2.9476,2.6382,8.8739,1.9582,1.9795,8.8739,2.9644

678.8900,0.6005,0.4769,3.0704,3.2563,3.0087,9.2443,1.7730,2.0309,9.2443,3.0614

679.8910,0.7240,0.4769,3.1321,3.1328,3.2556,8.3800,1.8347,2.0927,8.3800,2.9909

680.8900,0.4771,0.9708,3.1938,3.2563,3.0087,8.9356,1.8964,2.1338,8.9356,3.1055

681.8900,-0.0168,0.6621,3.3173,3.4415,3.0087,9.3061,2.3904,2.1339,9.3061,3.1585

682.8900,0.4771,0.4769,3.3173,3.3180,2.6999,8.9974,2.9460,2.2059,8.9974,3.1761

683.8900,0.7240,0.4769,3.2556,3.0094,3.0704,8.5035,2.0199,2.0927,8.5035,3.0085

684.8900,0.3536,0.6621,3.4408,3.1946,3.1939,9.3678,2.0817,2.1544,9.3678,3.1849

685.8900,0.6622,0.7856,3.7495,3.3798,3.0704,9.5530,1.5877,2.2059,9.5530,3.2555

686.8900,0.8474,1.2794,2.6999,3.2563,3.0087,9.1826,1.3408,2.0721,9.1826,3.0879

687.8900,0.5388,0.6003,2.9469,3.3798,2.5147,8.9356,1.8964,1.9795,8.9356,2.9732

688.8900,0.1684,0.8473,2.2677,3.3180,2.7617,8.8739,1.7112,1.8457,8.8739,2.8498

689.8900,0.6005,0.8473,3.4408,3.3180,3.1939,8.9356,2.0199,2.2367,8.9356,3.1937

690.8900,0.7240,0.7238,2.9469,3.3180,3.9965,8.9356,1.7730,2.2470,8.9356,3.2026

691.8900,0.9092,0.3534,3.3173,3.0711,2.9469,8.8739,1.7112,2.0515,8.8739,3.0261

692.8900,0.4153,0.5386,3.3173,3.1946,3.1321,8.8739,2.2051,2.1339,8.8739,3.0967

693.8900,0.6622,0.6621,3.1321,3.0711,3.1321,8.8739,1.8964,2.0927,8.8739,3.0614

694.8900,0.4771,0.9090,3.0086,3.3180,3.1321,8.9974,1.5877,2.0721,8.9974,3.0614

695.8900,0.9092,0.5386,3.6878,3.4415,3.1321,8.8122,1.6495,2.2264,8.8122,3.1673

696.8900,0.7857,0.4769,3.1321,3.1328,3.0704,8.8739,1.8964,2.0824,8.8739,3.0526

697.8900,1.2795,0.3534,3.7495,3.3180,3.1939,9.0591,1.6495,2.2573,9.0591,3.2290

698.8900,1.2178,0.4151,2.8851,3.5033,2.9469,9.1826,1.8347,2.1338,9.1826,3.1408

699.8900,0.7857,0.6621,3.0704,3.0094,3.6261,8.5652,1.7112,2.1441,8.5652,3.0614

700.8900,0.4153,0.6621,2.8851,3.7502,2.7617,8.9356,1.7730,2.0412,8.9356,3.0261

701.8900,0.7857,0.1682,3.3173,3.3180,2.9469,8.9974,1.7730,2.0515,8.9974,3.0438

702.8900,0.6622,0.5386,3.1938,3.1328,4.0583,9.3678,1.9582,2.2573,9.3678,3.2731

703.8900,0.6005,0.6003,3.3173,3.2563,3.0704,8.5652,1.6495,2.0824,8.5652,3.0085

704.8900,1.2795,0.9090,3.1938,3.3180,3.1939,9.0591,1.3408,2.2058,9.0591,3.1849

705.8900,0.7857,0.6003,2.9469,3.3798,3.5643,8.9974,2.5138,2.2985,8.9974,3.2555

706.8900,0.5388,0.7856,2.8851,3.0094,3.0704,9.0591,1.4643,1.9589,9.0591,2.9732

707.8900,1.0943,0.6621,3.1321,3.7502,2.9469,8.9356,1.7730,2.2264,8.9356,3.1849

708.8900,0.8474,0.6003,3.5643,3.4415,3.0704,8.6887,1.7112,2.2059,8.6887,3.1320

709.8900,0.4771,0.7856,2.8851,3.3180,2.9469,9.5530,1.7730,2.0309,9.5530,3.1055

710.8900,0.7857,0.4769,3.3173,3.3180,3.7496,9.1826,1.5260,2.1956,9.1826,3.1937

711.8900,0.7240,0.7856,3.2556,2.9476,3.2556,8.9356,1.6495,2.1030,8.9356,3.0791

712.8900,0.7240,0.6621,3.2556,3.0094,3.1939,8.9356,1.7730,2.1030,8.9356,3.0791

713.8900,0.6005,0.8473,2.9469,3.1328,3.2556,9.1826,1.7730,2.0927,9.1826,3.1055

714.8900,0.7857,0.6621,2.7617,3.1328,4.4287,9.0591,1.7730,2.2573,9.0591,3.2290

715.8900,0.6622,0.7238,2.6382,3.5650,2.8234,8.9974,1.7730,2.0309,8.9974,3.0261

716.8900,0.4153,0.5386,3.1321,3.1328,3.0704,9.1826,2.0199,2.0515,9.1826,3.0703

717.8900,0.5388,1.1560,3.2556,3.1328,3.3791,8.9356,1.9582,2.2367,8.9356,3.1937

718.8900,0.4153,0.6621,3.3791,3.1328,3.0087,9.2443,2.7608,2.2265,9.2443,3.2290

719.8900,0.6005,0.3534,3.0086,3.5650,2.8234,9.2443,1.9582,2.0515,9.2443,3.0791

720.8900,1.5264,0.6621,3.1938,3.2563,3.2556,8.0713,2.0199,2.3190,8.0713,3.1408

721.8900,0.3536,0.7238,3.2556,3.7502,3.3174,8.7504,1.8964,2.2162,8.7504,3.1496

722.8900,-0.0785,0.9090,3.0086,3.5650,3.1321,9.3061,1.8964,2.0721,9.3061,3.1055

723.8900,1.0943,0.7856,3.1321,3.4415,3.1321,9.0591,1.5260,2.1853,9.0591,3.1673

724.8900,0.7857,0.5386,3.4408,3.3180,3.5643,9.0591,1.7730,2.2367,9.0591,3.2114

725.8900,0.7240,0.4769,3.3791,3.3180,3.3174,8.7504,1.8964,2.1853,8.7504,3.1232

726.8900,0.4771,0.9090,3.2556,3.6267,3.4409,8.8122,1.5877,2.2162,8.8122,3.1584

727.8900,0.4153,0.7238,3.3173,2.9476,3.1939,8.9356,2.0817,2.1133,8.9356,3.0879

728.8900,0.6622,0.4769,3.1938,3.2563,3.1939,8.6270,2.0199,2.1338,8.6270,3.0614

729.8900,0.9709,0.3534,3.6260,3.3798,2.8852,8.5652,1.8964,2.1853,8.5652,3.0967

730.8900,0.8474,0.6003,3.7495,3.2563,3.3174,9.1826,1.4643,2.2059,9.1826,3.2025

731.8900,0.7857,0.2299,3.3791,4.0589,4.1818,8.5035,1.9582,2.4323,8.5035,3.2996

732.8900,0.5388,0.9708,3.2556,3.4415,3.0087,9.5530,1.8347,2.1750,9.5530,3.2290

733.8900,0.9709,0.6621,3.7495,3.3798,3.1939,8.6887,1.7730,2.2882,8.6887,3.2025

734.8900,1.2178,0.9090,3.2556,2.9476,2.9469,9.1208,1.8347,2.1853,9.1208,3.1761

735.8900,0.9092,0.6621,3.3173,3.8737,3.1939,8.8122,2.1434,2.3499,8.8122,3.2731

736.8900,0.7857,0.4151,3.8730,3.1328,3.0087,8.7504,1.7112,2.1544,8.7504,3.0967

737.8900,0.4771,0.7238,3.1321,3.3798,3.0704,9.4295,1.8964,2.1133,9.4295,3.1584

738.8900,0.4771,0.7238,2.2677,3.5650,2.9469,8.6270,2.2051,2.0309,8.6270,2.9732

739.8900,0.7240,0.4151,3.8112,2.9476,3.3791,8.8739,1.7730,2.1750,8.8739,3.1320

740.8900,0.5388,1.9585,3.3173,3.3798,3.1321,8.9974,1.7730,2.3499,8.9974,3.2996

741.8900,0.7240,0.7856,2.7617,3.6885,3.0087,8.9974,1.8964,2.1441,8.9974,3.1232

742.8900,0.6005,0.8473,3.3173,2.8859,2.8852,8.8122,1.9582,2.0824,8.8122,3.0438

743.8900,0.7857,0.2299,3.1938,3.3798,4.2435,9.1208,1.8347,2.2779,9.1208,3.2555

744.8910,0.7240,0.3534,3.1938,3.5650,3.1939,8.8122,2.0817,2.1853,8.8122,3.1320

745.8900,0.5388,0.9090,3.3791,3.4415,3.1321,8.6887,2.3286,2.2882,8.6887,3.2026

746.8900,0.4153,0.4151,3.2556,3.0711,3.2556,8.9356,2.3286,2.1236,8.9356,3.0967

747.8900,0.7857,0.3534,3.2556,3.1328,3.2556,8.4418,1.8347,2.1030,8.4418,3.0085

748.8900,0.6005,1.0325,4.1199,3.4415,3.0704,8.9356,1.8347,2.3499,8.9356,3.2907

749.8900,0.6005,0.8473,3.1938,3.1328,3.0087,8.8739,1.8964,2.1133,8.8739,3.0791

750.8900,0.6005,0.9090,3.2556,3.5650,3.2556,8.8122,1.7112,2.2162,8.8122,3.1584

751.8900,0.6005,0.9708,2.9469,3.3798,3.3174,9.1826,1.9582,2.1956,9.1826,3.1937

752.8900,0.4771,0.6621,3.5643,3.1946,2.8852,8.9974,1.7730,2.0927,8.9974,3.0791

753.8900,1.0326,0.6621,3.3173,3.0711,3.5643,8.8122,2.0199,2.2779,8.8122,3.2114

754.8900,0.6622,1.1560,2.7617,3.1946,3.3174,8.7504,2.0199,2.1853,8.7504,3.1232

755.8910,0.5388,0.7856,3.5025,3.3798,2.8234,8.9974,2.0199,2.1750,8.9974,3.1496

756.8900,0.7240,0.6003,3.3173,3.2563,3.0704,9.3061,1.9582,2.1544,9.3061,3.1761

757.8900,0.8474,0.7238,3.1938,3.5033,3.2556,9.3678,1.7730,2.2162,9.3678,3.2378

758.8900,0.8474,0.6003,3.3791,3.3180,3.3791,8.8739,2.1434,2.2779,8.8739,3.2202

759.8900,0.9092,0.7856,3.0704,3.4415,3.2556,8.6887,1.5260,2.1647,8.6887,3.0967

760.8910,0.2919,0.7856,3.4408,3.0711,3.2556,8.8739,1.6495,2.0824,8.8739,3.0526

761.8900,0.7240,0.4151,3.3173,2.8859,3.5643,8.4418,1.8347,2.1236,8.4418,3.0262

762.8900,0.7857,0.7856,3.1321,3.3180,2.8852,9.2443,1.7112,2.1030,9.2443,3.1232

763.8900,0.9092,0.6621,3.0704,3.6267,2.9469,8.9356,1.3408,2.0927,8.9356,3.0702

764.8900,0.7857,0.5386,3.0086,3.5650,3.0087,8.8739,1.7112,2.1030,8.8739,3.0702

765.8900,0.6622,0.4769,3.4408,3.3180,3.5026,8.8739,2.0199,2.2367,8.8739,3.1849

766.8900,0.6622,0.9708,3.6878,3.0711,3.3174,8.9356,1.9582,2.2779,8.9356,3.2290

767.8900,0.6005,0.9090,3.3173,3.0094,3.0087,8.8739,1.9582,2.1338,8.8739,3.0967

768.8900,0.9092,0.9090,2.8851,3.9354,3.1939,8.6270,1.7730,2.2676,8.6270,3.1761

769.8900,0.7240,0.6003,3.6878,3.1946,3.5026,8.8739,1.8347,2.2573,8.8739,3.2026

770.8900,0.7240,1.0325,3.6260,3.2563,2.8852,8.8122,1.9582,2.2470,8.8122,3.1849

771.8900,0.6622,0.6003,3.1321,3.2563,3.1939,8.5652,1.5877,2.0721,8.5652,2.9997

772.8900,0.9092,0.6003,3.5025,3.5033,3.1939,8.8122,1.6495,2.2264,8.8122,3.1673

773.8900,0.8474,0.7238,3.5025,3.1946,3.0704,9.3061,1.6495,2.1647,9.3061,3.1849

774.8900,0.7857,0.7856,3.6878,3.3798,3.1321,8.7504,1.9582,2.2882,8.7504,3.2114

775.8900,0.8474,0.5386,3.5643,3.4415,2.8234,8.6887,1.7730,2.1647,8.6887,3.0967

776.8900,0.9092,0.8473,3.0704,3.1328,3.0704,8.8739,1.6495,2.1133,8.8739,3.0791

777.8900,0.8474,0.6003,3.8112,3.1328,3.0087,9.1208,2.0199,2.2367,9.1208,3.2202

778.8900,0.6005,0.9708,4.1817,3.5650,3.2556,8.8739,1.8964,2.4117,8.8739,3.3348

779.8900,0.4771,0.6003,3.4408,3.3798,2.9469,9.2443,1.9582,2.1338,9.2443,3.1496

780.8900,0.8474,0.8473,3.5643,3.1946,3.0704,8.9356,1.8347,2.2264,8.9356,3.1849

781.8900,0.5388,0.6621,3.2556,3.1946,3.3174,9.7382,1.9582,2.1544,9.7382,3.2378

782.8900,1.4647,0.6621,3.3791,3.1328,3.0087,9.1208,1.7112,2.2264,9.1208,3.2113

783.8900,0.7857,0.8473,3.3791,3.4415,3.1939,9.4295,2.0199,2.2779,9.4295,3.2996

784.8900,0.6622,0.6621,3.5025,3.1946,3.0704,8.6887,2.0199,2.1853,8.6887,3.1144

785.8900,0.5388,0.8473,3.3791,3.6267,3.1939,9.3678,2.1434,2.2882,9.3678,3.2996

786.8900,0.6005,0.7856,3.6260,3.2563,3.1939,8.8739,1.8964,2.2265,8.8739,3.1761

787.8900,0.6622,1.0325,3.8730,3.1946,3.1939,9.3678,1.8347,2.2985,9.3678,3.3084

788.8900,0.7857,0.7238,2.9469,3.6267,2.8852,8.8739,1.8964,2.1441,8.8739,3.1055

789.8900,0.8474,0.5386,3.1321,3.3798,3.1321,8.3183,1.8964,2.1544,8.3183,3.0350

790.8900,0.6622,0.3534,3.8730,2.8859,3.1321,8.9974,1.8347,2.1236,8.9974,3.1055

791.8900,0.2302,0.7856,3.5025,3.5650,3.1939,8.7504,2.3286,2.2676,8.7504,3.1937

792.8900,1.2795,1.0325,3.0704,3.5650,3.1939,8.6887,1.4643,2.2676,8.6887,3.1849

793.8900,-0.4489,0.4769,3.1938,3.3798,2.8234,9.0591,3.1313,2.0927,9.0591,3.0879

794.8900,0.6005,1.1560,2.8851,3.3798,3.4409,8.8739,2.0199,2.2470,8.8739,3.1937

795.8900,0.6622,0.9708,2.7617,3.6267,3.1939,8.6270,2.0199,2.2059,8.6270,3.1232

796.8900,0.7857,0.7238,3.3791,3.6885,3.3791,8.8739,1.8964,2.3088,8.8739,3.2466

797.8900,0.8474,0.6003,3.6260,3.2563,3.1939,8.9974,1.8347,2.2264,8.9974,3.1937

798.8900,0.8474,0.5386,3.2556,3.3798,2.8852,8.6270,1.8347,2.1235,8.6270,3.0526

799.8900,0.7857,0.6003,2.8234,3.5650,3.0087,8.8739,1.7730,2.0927,8.8739,3.0614

800.8900,0.9709,0.6621,3.5643,2.9476,3.3174,9.1208,1.7730,2.2059,9.1208,3.1937

801.8900,0.7240,0.7856,3.4408,3.5033,3.0087,9.1208,3.0695,2.4220,9.1208,3.3789

802.8900,0.6622,0.6621,3.4408,3.1946,3.2556,8.6887,1.8964,2.1853,8.6887,3.1144

803.8900,1.4647,0.6003,3.3791,3.1328,3.0704,8.8122,1.6495,2.2161,8.8122,3.1584

804.8900,0.8474,0.3534,3.6260,3.0711,3.2556,8.8122,1.7730,2.1544,8.8122,3.1055

805.8910,1.2795,0.7856,2.6999,3.5650,3.0087,8.8739,1.6495,2.1647,8.8739,3.1231

806.8900,0.7857,0.7856,3.5643,3.6885,3.3174,9.2443,2.0817,2.3705,9.2443,3.3525

807.8910,0.7240,0.5386,3.2556,3.1946,3.3174,8.8739,2.0817,2.1853,8.8739,3.1408

808.8910,0.6005,0.7856,2.8851,3.5650,3.0704,8.4418,1.6495,2.0927,8.4418,2.9997

809.8900,0.6005,0.9708,3.0704,3.3798,3.3791,9.3678,2.1434,2.2573,9.3678,3.2731

810.8900,0.2919,0.7856,3.8730,3.6267,3.2556,8.8739,1.8964,2.2882,8.8739,3.2290

811.8910,0.6622,0.8473,3.4408,2.9476,3.3791,9.0591,1.8964,2.1956,9.0591,3.1761

812.8900,0.9092,0.9090,3.2556,3.2563,3.1939,9.1208,1.5260,2.1750,9.1208,3.1673

813.8900,1.1561,0.5386,3.7495,3.4415,3.1939,8.5035,1.7730,2.3088,8.5035,3.1937

814.8900,1.0326,0.6621,3.4408,3.3798,3.0087,8.8122,1.8347,2.2264,8.8122,3.1673

815.8900,1.2178,0.4151,3.1938,3.6267,2.8852,8.9974,1.7112,2.1750,8.9974,3.1496

816.8900,0.9709,0.9708,3.2556,3.4415,3.1321,9.3678,1.5260,2.2161,9.3678,3.2378

817.8900,0.7240,1.4029,3.2556,3.2563,3.3174,8.6887,2.0199,2.3293,8.6887,3.2378

818.8910,0.7857,0.2917,3.3791,3.5650,3.3174,8.8739,1.4025,2.1235,8.8739,3.0879

819.8900,1.0943,0.7856,3.0704,3.6267,3.0087,8.7504,2.0199,2.2676,8.7504,3.1937

820.8900,0.7240,0.4151,3.3173,3.5033,3.1321,8.9974,1.7730,2.1441,8.9974,3.1232

821.8900,0.5388,0.9708,3.1321,3.4415,3.1939,9.0591,2.2669,2.2573,9.0591,3.2290

822.8900,0.7240,0.7238,3.3791,3.4415,2.9469,9.0591,2.1434,2.2264,9.0591,3.2025

823.8900,0.8474,1.0325,3.6260,3.3180,3.5026,8.9974,1.8347,2.3602,8.9974,3.3084

824.8900,0.7240,1.3412,2.7617,3.8737,3.3174,9.3678,2.2669,2.3808,9.3678,3.3789

825.8900,0.8474,0.6003,3.3791,3.3180,3.2556,8.8739,2.0817,2.2470,8.8739,3.1937

826.8900,0.9709,0.0447,2.6999,3.3180,3.2556,8.9356,1.8964,2.0309,8.9356,3.0173

827.8900,1.1561,0.7856,3.2556,3.4415,3.0087,8.0713,2.2051,2.3088,8.0713,3.1320

828.8900,0.7857,0.7238,3.5025,3.1328,3.6261,8.9974,2.2051,2.3294,8.9974,3.2819

829.8900,0.1684,0.7856,3.5025,3.1328,3.2556,8.9974,1.8964,2.1236,8.9974,3.1055

830.8900,0.9092,0.7856,3.8730,3.1946,3.3174,9.1208,1.9582,2.3396,9.1208,3.3084

831.8910,1.0943,0.4151,3.5025,3.3180,3.4409,8.9356,2.2669,2.3396,8.9356,3.2819

832.8900,1.5882,0.4151,3.4408,3.5650,3.3791,8.9356,1.9582,2.3911,8.9356,3.3260

833.8900,0.7240,0.9090,3.3791,3.1328,2.9469,8.8122,1.8964,2.1647,8.8122,3.1143

834.8900,0.6622,0.1065,2.9469,3.3180,3.3791,9.1208,1.8964,2.0515,9.1208,3.0614

835.8900,1.2795,1.0942,3.3791,3.5033,3.2556,8.7504,1.5877,2.3499,8.7504,3.2643

836.8900,0.5388,1.0325,3.5025,3.4415,3.3791,8.8739,2.3286,2.3705,8.8739,3.2996

837.8900,0.9709,0.5386,3.5025,3.5033,3.5026,8.9356,1.8347,2.3088,8.9356,3.2555

838.8900,0.6622,0.9708,3.1938,3.9354,3.4409,8.9356,1.7112,2.3191,8.9356,3.2643

839.8900,1.0326,0.5386,4.3669,3.3798,3.2556,8.4418,2.0199,2.4322,8.4418,3.2907

840.8900,1.2178,0.5386,3.3791,3.5650,3.2556,8.9974,1.9582,2.3190,8.9974,3.2731

841.8900,0.6005,1.2794,2.8851,3.5033,3.2556,9.3061,2.1434,2.2779,9.3061,3.2819

842.8900,0.9709,0.7238,3.2556,3.2563,3.4409,8.7504,2.0199,2.2779,8.7504,3.2025

843.8900,1.2795,0.9708,3.3791,3.1328,3.1939,8.9356,2.0817,2.3396,8.9356,3.2819

844.8900,0.7857,1.0942,3.1938,3.3798,3.6261,8.9356,1.7112,2.2985,8.9356,3.2466

845.8900,1.0943,0.7856,3.1321,3.6885,3.0087,8.8122,1.9582,2.2779,8.8122,3.2114

846.8900,0.7240,1.0325,4.0582,3.6885,3.2556,9.0591,1.8347,2.4322,9.0591,3.3789

847.8900,1.0943,0.8473,3.5643,3.0711,3.1939,9.1208,2.0199,2.2985,9.1208,3.2731

848.8900,0.5388,0.7238,3.2556,3.1946,3.3791,8.8122,2.0199,2.1853,8.8122,3.1320

849.8900,0.6005,0.8473,3.6260,3.7502,3.5026,8.6270,2.2669,2.4323,8.6270,3.3172

850.8900,0.9709,0.7238,3.6260,3.3180,3.2556,8.7504,2.0817,2.3293,8.7504,3.2466

851.8900,0.7240,0.9090,3.3791,3.8119,3.5026,8.8122,1.7112,2.3396,8.8122,3.2643

852.8900,0.9709,0.6621,4.0582,3.1328,3.1939,9.0591,1.8964,2.3191,9.0591,3.2819

853.8900,1.0943,0.5386,3.6260,3.6267,2.4530,8.9356,1.7730,2.1853,8.9356,3.1496

854.8900,0.5388,1.7733,2.3912,3.6885,3.2556,9.1826,1.9582,2.2676,9.1826,3.2555

855.8900,0.7857,0.6621,3.3173,3.4415,3.4409,9.1208,2.6991,2.3911,9.1208,3.3525

856.8910,0.8474,0.6621,3.3791,3.4415,3.2556,8.9974,2.0199,2.2676,8.9974,3.2290

857.8900,0.9709,0.7238,3.8112,3.3180,3.2556,8.8122,2.0817,2.3602,8.8122,3.2819

858.8900,0.8474,0.7856,3.6878,3.8119,3.3791,8.7504,2.2051,2.4528,8.7504,3.3525

859.8900,1.2178,0.5386,3.6878,4.0589,3.5026,8.8122,2.1434,2.5248,8.8122,3.4230

860.8900,0.9709,0.6003,3.3791,3.3798,3.4409,8.5652,2.0199,2.2985,8.5652,3.1937

861.8900,0.9709,0.8473,3.5025,3.2563,3.7496,8.9974,1.8347,2.3602,8.9974,3.3084

862.8900,0.7857,0.9708,3.0704,3.6267,3.0704,8.8739,1.8347,2.2264,8.8739,3.1761

863.8900,0.7240,0.7856,3.4408,3.5033,3.0087,8.9974,2.2051,2.2779,8.9974,3.2378

864.8900,0.9092,1.4647,3.5025,3.1946,3.3174,8.8122,2.0817,2.4117,8.8122,3.3260

865.8900,0.6622,1.0942,3.6260,3.3180,3.6878,9.6147,2.0817,2.4117,9.6147,3.4407

866.8900,0.8474,0.7238,2.8851,3.4415,3.5026,8.6887,2.1434,2.2573,8.6887,3.1761

867.8900,0.7240,0.5386,3.3173,3.5650,3.1939,9.0591,1.9582,2.2162,9.0591,3.1937

868.8900,0.5388,0.7856,3.4408,3.3180,3.1321,9.0591,2.3904,2.2676,9.0591,3.2378

869.8900,0.7857,1.0325,3.4408,3.3180,3.1939,9.1826,1.8964,2.2779,9.1826,3.2643

870.8900,1.0943,0.6621,3.5643,3.3798,3.5026,8.5035,2.2051,2.4014,8.5035,3.2731

871.8900,0.7857,0.9090,3.6260,3.7502,3.4409,8.8122,2.3286,2.4734,8.8122,3.3789

872.8900,0.6622,0.7856,3.5025,3.2563,3.3174,8.9974,2.1434,2.2779,8.9974,3.2378

873.8900,0.8474,0.6621,3.3791,3.6267,3.6878,9.1826,1.8964,2.3499,9.1826,3.3260

874.8900,0.9709,0.6003,3.5643,3.1946,3.5026,8.9974,1.8964,2.2882,8.9974,3.2466

875.8900,1.0326,1.2794,3.6260,2.9476,3.0704,9.1826,1.9582,2.3190,9.1826,3.2996

876.8900,0.9092,1.0325,3.9965,3.6885,3.0704,9.2443,2.0199,2.4528,9.2443,3.4230

877.8900,1.0326,0.7238,3.8112,3.3798,3.1939,9.1208,1.8964,2.3396,9.1208,3.3084

878.8900,0.7240,0.7238,3.5025,3.3798,2.9469,8.8739,2.2051,2.2470,8.8739,3.1937

879.8900,0.8474,0.9708,3.5643,3.2563,3.4409,8.9356,2.1434,2.3705,8.9356,3.3084

880.8900,0.8474,0.6621,3.5025,3.3798,3.5643,9.4913,1.7730,2.2882,9.4913,3.3172

881.8910,0.9092,0.9708,3.3173,3.3798,3.3791,8.7504,1.8964,2.3088,8.7504,3.2290

882.8900,0.6622,0.7238,3.5025,3.6267,3.0087,8.9356,2.0199,2.2573,8.9356,3.2114

883.8900,0.9092,0.6003,3.5025,3.7502,3.3174,9.1208,2.3286,2.4014,9.1208,3.3613

884.8900,0.9709,1.0325,3.5643,3.5033,3.8731,9.2443,2.0199,2.4940,9.2443,3.4583

885.8900,1.4647,1.0325,3.1321,3.5033,3.5643,9.2443,2.0817,2.4631,9.2443,3.4318

886.8900,0.9092,0.7856,3.4408,3.4415,3.5643,9.4913,2.2051,2.3911,9.4913,3.4054

887.8900,0.8474,1.3412,3.5025,3.5033,2.9469,8.7504,2.2051,2.3911,8.7504,3.2996

888.8900,1.1561,0.6621,3.5025,2.7624,3.6878,8.5652,1.9582,2.2882,8.5652,3.1849

889.8900,1.2795,0.9090,3.8112,3.7502,3.3791,8.6887,1.9582,2.5145,8.6887,3.3966

890.8900,0.7857,0.8473,3.5025,3.2563,3.5643,8.4418,2.0817,2.3396,8.4418,3.2114

891.8910,1.3412,0.6621,3.2556,3.6885,3.3791,8.9974,2.0199,2.3911,8.9974,3.3348

892.8900,1.0943,0.7238,3.3173,3.4415,3.2556,8.2565,2.1434,2.3293,8.2565,3.1761

893.8900,0.7240,0.5386,3.3791,3.5650,3.1321,8.8122,2.1434,2.2470,8.8122,3.1849

894.8900,0.8474,0.7856,3.0086,3.4415,3.5026,8.4418,2.2051,2.2985,8.4418,3.1761

895.8900,0.9709,1.8968,3.1938,3.3798,3.1939,8.8122,2.2051,2.4734,8.8122,3.3789

896.8900,0.9709,0.7856,2.8851,3.9971,3.2556,8.6887,2.1434,2.3396,8.6887,3.2466

897.8900,1.0943,0.6003,3.5025,3.4415,2.3295,8.3183,2.0817,2.1750,8.3183,3.0526

898.8900,0.6005,0.9090,3.1321,3.5650,3.3174,9.2443,2.3286,2.3088,9.2443,3.2996

899.8900,0.8474,1.1560,3.3791,3.5650,3.3174,8.6887,2.5138,2.4631,8.6887,3.3525

900.8900,0.9092,1.5881,3.6260,3.4415,3.3174,8.6887,2.0817,2.4940,8.6887,3.3789

901.8900,0.6005,1.1560,3.5643,3.3798,3.2556,8.6887,3.1930,2.5249,8.6887,3.4054

902.8900,0.6622,1.2794,3.0086,3.4415,3.2556,8.6887,2.0817,2.2882,8.6887,3.2025

903.8900,0.9092,1.8351,4.5521,3.0094,3.6261,8.7504,2.0817,2.6689,8.7504,3.5377

904.8900,0.7240,1.4647,3.3791,3.5033,3.3791,8.6887,2.0817,2.4220,8.6887,3.3172

905.8900,1.0943,0.8473,3.0086,3.0094,3.1939,8.9356,1.7112,2.1441,8.9356,3.1143

906.8910,0.9092,1.2177,3.4408,3.8119,3.4409,8.8122,2.0817,2.4837,8.8122,3.3878

907.8900,0.9709,0.7856,3.7495,3.2563,3.1939,8.8739,0.5381,2.0824,8.8739,3.0526

908.8900,-0.2637,1.2177,3.3791,3.7502,3.8113,8.6887,2.2669,2.3602,8.6887,3.2643

909.8900,0.7857,0.7856,3.5643,4.3058,3.5026,8.6270,2.2051,2.5248,8.6270,3.3966

910.8900,0.4771,2.6994,3.7495,3.1328,3.6261,8.6270,2.0199,2.6175,8.6270,3.4760

911.8900,0.8474,0.7856,3.3173,3.5650,3.5026,8.2565,2.4521,2.4117,8.2565,3.2466

912.8900,1.0326,0.9090,3.6878,3.7502,3.5643,9.1826,2.0199,2.4940,9.1826,3.4495

913.8900,0.5388,0.9708,3.1938,3.7502,3.5026,8.5652,2.3904,2.3911,8.5652,3.2731

914.8900,0.6622,0.9090,3.3791,3.5650,3.3791,8.6887,2.5756,2.4117,8.6887,3.3084

915.8910,0.9709,0.9090,3.3173,3.7502,3.1939,8.6887,1.8964,2.3396,8.6887,3.2466

916.8900,1.0943,0.7238,4.2434,3.2563,3.3791,8.8122,1.8347,2.4220,8.8122,3.3348

917.8900,0.5388,0.7238,3.5643,3.4415,3.1321,9.1208,2.8225,2.3705,9.1208,3.3348

918.8900,1.4030,0.8473,3.5025,3.7502,3.1939,8.6887,2.8843,2.5969,8.6887,3.4671

919.8910,0.6005,0.9090,3.5025,4.1206,3.3791,8.6270,2.0817,2.4322,8.6270,3.3172

920.8900,1.3412,2.0203,3.0704,3.7502,3.5026,8.6270,2.2051,2.6483,8.6270,3.5024

921.8910,1.1561,0.9090,3.2556,3.6885,3.1939,8.8122,2.0199,2.3705,8.8122,3.2907

922.8900,0.7240,0.8473,3.2556,3.5650,4.6140,8.6887,2.6991,2.6175,8.6887,3.4848

923.8900,1.0326,0.9708,3.3173,3.9354,3.2556,9.0591,2.0817,2.4322,9.0591,3.3789

924.8900,1.0943,0.6003,3.7495,3.3180,3.6261,9.0591,1.9582,2.3911,9.0591,3.3437

925.8900,0.6005,1.0942,3.9965,3.5650,3.3174,8.2565,2.2669,2.4734,8.2565,3.2996

926.8900,0.7857,0.9090,3.5025,3.1328,3.3791,8.5652,2.3286,2.3396,8.5652,3.2290

927.8910,0.9092,1.0942,3.4408,3.4415,3.1939,8.8122,2.4521,2.4219,8.8122,3.3348

928.8900,1.0326,0.8473,3.1938,3.5033,3.5026,8.4418,2.1434,2.3705,8.4418,3.2378

929.8900,1.2178,0.7238,3.5025,3.8119,4.3670,9.1826,2.2669,2.6483,9.1826,3.5818

930.8900,1.0943,0.7856,3.6260,3.3180,3.6878,8.3183,2.2669,2.4631,8.3183,3.2996

931.8900,1.0943,0.6003,3.7495,4.4910,3.6878,8.6887,2.2051,2.6380,8.6887,3.5024

932.8900,1.0943,0.8473,3.3791,3.7502,3.0087,8.7504,2.0199,2.3499,8.7504,3.2643

933.8900,1.3412,0.7856,3.8730,3.6885,3.1939,8.5652,1.9582,2.4734,8.5652,3.3436

934.8900,1.6499,1.4029,3.6260,3.2563,3.2556,8.9974,2.3286,2.5866,8.9974,3.5024

935.8900,0.9709,1.6499,3.9965,3.5650,3.1321,8.6270,2.2051,2.5866,8.6270,3.4495

936.8900,0.4153,1.1560,3.7495,3.3798,3.5643,8.9356,1.7730,2.3396,8.9356,3.2819

937.8900,1.5882,1.4029,3.9965,3.2563,3.4409,8.8122,2.2051,2.6483,8.8122,3.5289

938.8900,1.0326,0.5386,3.7495,3.4415,3.1939,8.6887,2.1434,2.3499,8.6887,3.2555

939.8900,0.7857,1.0325,3.5643,3.8737,4.2435,8.0713,2.1434,2.6072,8.0713,3.3878

940.8900,0.7240,0.9090,3.1321,3.6885,3.3791,9.3061,2.2669,2.3499,9.3061,3.3437

941.8900,1.1561,2.4524,3.1938,3.6267,2.7617,9.1826,1.8347,2.5042,9.1826,3.4583

942.8900,0.7857,0.9090,3.6260,3.5650,3.7496,8.6887,2.5756,2.5351,8.6887,3.4142

943.8900,0.6005,1.0325,3.4408,2.9476,3.4409,8.9974,1.8964,2.2265,8.9974,3.1937

944.8900,1.2178,0.9708,3.6878,3.5033,4.1200,8.8739,2.0817,2.5969,8.8739,3.4936

945.8910,1.2795,0.8473,3.8112,4.3058,2.9469,8.5035,1.8964,2.5145,8.5035,3.3701

946.8900,0.5388,1.2177,3.6260,3.4415,3.5643,8.8122,1.6495,2.3396,8.8122,3.2643

947.8900,2.0820,0.4151,3.5643,3.4415,3.5026,8.2565,2.2669,2.5454,8.2565,3.3613

948.8900,1.0326,1.2794,3.3791,3.8737,3.5026,8.6887,1.7730,2.4734,8.6887,3.3613

949.8900,1.0326,0.6003,3.7495,4.5527,3.6261,8.7504,2.2051,2.6277,8.7504,3.5024

950.8900,0.9709,1.4029,3.8730,3.5650,3.3791,8.7504,2.2051,2.5660,8.7504,3.4495

951.8900,0.7857,1.0325,3.4408,3.3180,3.8113,9.1826,1.7730,2.3602,9.1826,3.3348

952.8900,1.3412,1.9585,3.5643,2.6390,3.2556,8.7504,1.8347,2.4322,8.7504,3.3348

953.8900,1.5264,0.9708,3.3173,3.7502,3.3791,8.6887,2.1434,2.5145,8.6887,3.3966

954.8900,1.2178,0.7238,3.5025,3.5033,3.3174,8.8122,2.3286,2.4322,8.8122,3.3437

955.8900,0.9092,1.0942,3.3791,3.5033,3.8113,8.5035,2.3904,2.5146,8.5035,3.3701

956.8900,1.1561,0.4151,3.6878,4.3058,3.7496,8.6887,2.6373,2.6586,8.6887,3.5201

957.8900,1.2795,0.4769,3.3791,3.7502,3.3174,8.8122,2.0199,2.3705,8.8122,3.2907

958.8910,0.7857,0.6003,3.5643,3.3180,3.4409,8.7504,2.4521,2.3602,8.7504,3.2731

959.8900,1.0326,0.9708,3.1321,3.8737,3.6878,8.6887,2.2051,2.4837,8.6887,3.3701

960.8900,0.9092,1.0942,3.0704,3.6267,3.5026,8.8739,2.1434,2.3911,8.8739,3.3172

961.8900,1.0943,1.3412,3.7495,3.3798,3.4409,8.8739,2.2051,2.5351,8.8739,3.4407

962.8900,1.2178,0.4769,3.4408,3.6267,3.3791,8.9356,2.0817,2.3705,8.9356,3.3084

963.8900,1.0943,0.9090,4.0582,3.6267,3.3174,8.7504,2.0817,2.5146,8.7504,3.4054

964.8900,1.0943,0.8473,3.1938,3.9354,3.3174,8.8122,2.1434,2.4219,8.8122,3.3348

965.8900,1.2178,0.7856,3.6878,3.7502,3.3791,7.2070,2.5756,2.5660,7.2070,3.2290

966.8900,1.4647,0.7856,3.4408,3.7502,3.3174,8.8739,2.0199,2.4631,8.8739,3.3789

967.8900,0.8474,0.9708,3.6878,3.5033,3.6261,8.8739,1.8964,2.4220,8.8739,3.3437

968.8910,0.9709,0.7238,3.1938,3.8119,3.5643,8.8122,2.2669,2.4219,8.8122,3.3348

969.8900,0.9709,0.8473,3.3173,3.6267,3.6261,8.8739,2.5138,2.4837,8.8739,3.3966

970.8900,0.9092,0.8473,3.5643,3.4415,2.9469,8.9974,2.3286,2.3396,8.9974,3.2907

971.8900,0.8474,1.0325,3.5643,3.8737,3.4409,9.1826,2.3904,2.5248,9.1826,3.4760

972.8900,1.0943,1.1560,3.3791,3.8119,3.3791,8.6887,2.3286,2.5248,8.6887,3.4054

973.8900,1.4647,0.9090,3.5643,3.6885,3.3791,8.9974,2.1434,2.5248,8.9974,3.4495

974.8900,1.2178,1.2177,3.5643,3.3180,3.5643,8.6270,2.0817,2.4940,8.6270,3.3701

975.8900,1.1561,0.9708,3.9347,3.2563,3.5643,8.5652,2.1434,2.5043,8.5652,3.3701

976.8900,1.0326,1.8968,3.6260,3.5650,3.6261,8.6887,2.3286,2.6792,8.6887,3.5377

977.8900,1.7733,0.9090,3.4408,3.5033,3.5026,8.7504,1.8964,2.5042,8.7504,3.3966

978.8900,0.9092,0.9708,2.5764,3.6885,2.9469,9.2443,2.2669,2.2264,9.2443,3.2290

979.8900,0.4771,0.1682,3.8730,3.2563,3.8113,8.8122,1.8347,2.2368,8.8122,3.1761

980.8900,1.3412,0.9708,3.5025,3.5033,3.6878,9.0591,1.7112,2.4528,9.0591,3.3966

981.8900,1.2178,0.9708,4.1817,3.5650,3.3791,8.8122,2.2051,2.5866,8.8122,3.4760

982.8900,1.4647,0.9090,3.6878,3.6885,3.3174,8.7504,2.2051,2.5454,8.7504,3.4318

983.8900,1.0326,0.9090,3.5643,3.6267,3.6261,8.5035,2.3286,2.5146,8.5035,3.3701

984.8900,0.7857,1.0942,3.6878,3.3180,3.6261,8.8739,2.6373,2.5249,8.8739,3.4319

985.8900,1.0326,0.9708,3.6260,3.5033,3.5026,8.8739,2.5138,2.5248,8.8739,3.4319

986.8900,0.9709,1.0325,3.6260,3.6885,3.3791,8.9356,2.2669,2.4940,8.9356,3.4142

987.8900,1.1561,0.7238,3.7495,3.6267,3.6261,8.3800,2.2051,2.5146,8.3800,3.3525

988.8900,0.7857,1.4647,3.5643,3.6267,3.5026,8.8122,2.2051,2.5248,8.8122,3.4230

989.8900,1.4030,1.0942,3.9965,3.8737,3.3174,9.2443,1.9582,2.6071,9.2443,3.5553

990.8910,0.9709,0.8473,3.6878,3.7502,3.7496,8.5035,2.3904,2.5660,8.5035,3.4142

991.8900,0.9709,1.0942,3.6878,3.5033,3.5643,8.7504,2.5138,2.5557,8.7504,3.4407

992.8900,1.0326,0.9090,3.3173,3.7502,3.6261,8.5652,2.2051,2.4734,8.5652,3.3437

993.8900,0.9092,0.7856,3.5643,3.7502,3.6878,8.6270,2.4521,2.5249,8.6270,3.3966

994.8900,1.2795,0.9090,4.1817,3.9354,3.5643,8.4418,2.1434,2.6689,8.4418,3.4936

995.8900,0.9092,1.4647,3.6878,3.4415,3.3174,8.8122,2.4521,2.5454,8.8122,3.4407

996.8900,0.9709,1.0325,3.5643,3.3180,3.6878,9.0591,1.9582,2.4220,9.0591,3.3701

997.8900,0.6622,1.0942,3.5025,3.9354,3.5026,9.1826,2.2051,2.4837,9.1826,3.4407

998.8900,1.1561,0.7238,3.8730,4.7379,3.8731,8.8739,2.2669,2.7718,8.8739,3.6435

999.8900,0.7857,0.9708,3.5025,3.8119,3.7496,8.6887,2.2051,2.5043,8.6887,3.3878

1000.8900,1.7116,0.2917,3.9347,3.8119,3.7496,8.9356,2.0817,2.5969,8.9356,3.5024

1001.8900,2.3289,0.2917,3.8112,3.3180,3.6261,8.8739,2.2669,2.6071,8.8739,3.5024

1002.8900,1.0326,0.8473,3.4408,3.3798,3.8113,8.4418,2.2051,2.4528,8.4418,3.3084

1003.8900,1.2178,1.0325,3.8730,3.9354,3.4409,9.3678,2.5756,2.6792,9.3678,3.6347

1004.8900,1.1561,0.9708,4.0582,3.8737,3.6878,8.5035,2.1434,2.6483,8.5035,3.4848

1005.8900,1.6499,1.2177,3.5643,3.3798,3.4409,8.9356,2.0817,2.5557,8.9356,3.4671

1006.8910,0.8474,1.3412,3.7495,4.2441,3.9348,9.3061,1.7112,2.6380,9.3061,3.5906

1007.8900,1.1561,0.6621,4.0582,3.3180,3.3174,9.1826,2.2051,2.4528,9.1826,3.4142

1008.8900,1.0943,0.9090,4.0582,3.6885,3.9965,9.1208,2.2051,2.6586,9.1208,3.5818

1009.8900,1.0943,1.5881,3.1321,4.1206,3.4409,9.3678,2.5756,2.6586,9.3678,3.6171

1010.8900,1.0943,-0.4492,4.1199,3.3798,3.5026,9.1826,2.2669,2.3191,9.1826,3.2996

1011.8900,0.6622,1.4647,3.5025,3.6267,3.6261,8.6887,2.2051,2.5146,8.6887,3.3966

1012.8900,1.0326,0.6621,3.8730,3.6267,3.8731,9.1208,2.0817,2.5249,9.1208,3.4671

1013.8910,1.1561,0.9708,3.9965,4.1206,3.6261,8.9356,1.8964,2.6277,8.9356,3.5289

1014.8900,0.9709,0.9090,3.4408,3.6267,3.4409,9.1208,2.0199,2.4014,9.1208,3.3613

1015.8900,0.7240,0.9090,3.6878,4.1823,3.5026,8.7504,2.2669,2.5454,8.7504,3.4319

1016.8900,0.9709,0.9708,3.6260,3.1328,3.1321,8.8122,2.2669,2.3499,8.8122,3.2731

1017.8900,1.4030,0.9090,3.5025,3.8119,2.8852,8.8122,2.0817,2.4322,8.8122,3.3436

1018.8900,0.7857,1.0942,3.6878,3.3798,3.4409,8.9974,2.3904,2.4631,8.9974,3.3966

1019.8900,1.0326,1.3412,3.8730,3.6885,3.5026,8.8122,2.3286,2.6277,8.8122,3.5112

1020.8900,0.9709,0.9708,3.6878,3.6885,3.9348,8.9356,2.1434,2.5660,8.9356,3.4760

1021.8900,1.0326,0.6621,3.6260,3.7502,3.5026,8.5652,2.1434,2.4528,8.5652,3.3260

1022.8900,0.8474,0.9708,3.3791,3.8737,3.4409,8.9356,3.0695,2.5969,8.9356,3.5024

1023.8900,1.3412,0.8473,3.6878,3.5650,3.6878,8.5035,2.3904,2.5866,8.5035,3.4319

1024.8900,1.6499,0.8473,3.8730,3.8737,3.9348,8.6887,2.0817,2.7100,8.6887,3.5641

1025.8900,0.6622,1.0325,4.4904,3.3180,3.7496,8.8739,2.2051,2.5763,8.8739,3.4760

1026.8900,1.0326,0.7856,3.6260,2.9476,3.7496,8.6270,2.3904,2.4220,8.6270,3.3084

1027.8900,0.9709,1.3412,3.4408,3.6885,3.6261,8.7504,2.3286,2.5660,8.7504,3.4495

1028.8910,0.9709,0.8473,3.6260,3.1328,3.2556,9.0591,2.3904,2.3705,9.0591,3.3260

1029.8900,0.9092,0.9708,3.6260,3.9354,3.3791,9.0591,2.6991,2.5866,9.0591,3.5112

1030.8910,0.9092,1.0942,3.7495,2.7624,3.5026,8.7504,2.6373,2.4425,8.7504,3.3437

1031.8910,1.2795,0.8473,3.9347,3.8119,3.5643,8.5652,2.0817,2.5866,8.5652,3.4407

1032.8900,1.2178,0.9708,3.5643,3.6885,3.2556,8.8122,2.3286,2.5043,8.8122,3.4054

1033.8900,0.9709,0.8473,3.3791,3.8119,3.0087,8.9356,2.2669,2.3808,8.9356,3.3172

1034.8900,1.1561,0.9708,3.7495,3.6885,3.8731,9.0591,2.0817,2.5866,9.0591,3.5112

1035.8900,1.1561,0.7238,3.8112,3.5033,3.6261,8.3800,2.3286,2.5248,8.3800,3.3613

1036.8900,1.0943,1.2177,3.5025,3.6267,3.6261,8.9356,1.9582,2.5043,8.9356,3.4230

1037.8900,0.8474,1.4647,3.4408,3.5650,3.5026,8.5652,2.3286,2.5248,8.5652,3.3878

1038.8900,0.7240,1.0325,3.4408,3.7502,3.5026,9.2443,2.3904,2.4734,9.2443,3.4407

1039.8900,1.2178,1.2177,3.7495,3.7502,3.8113,8.5035,2.2051,2.6586,8.5035,3.4936

1040.8900,1.2795,1.2794,3.6878,3.6267,3.7496,8.6270,2.1434,2.6277,8.6270,3.4848

1041.8900,1.2795,0.8473,3.6878,3.6267,3.6261,8.3800,2.5138,2.5969,8.3800,3.4230

1042.8900,1.0943,1.0942,3.5025,3.9971,4.5522,9.0591,2.1434,2.7306,9.0591,3.6347

1043.8900,1.4030,1.4647,3.7495,4.0589,3.6878,8.7504,2.0199,2.7306,8.7504,3.5906

1044.8900,1.6499,0.7856,3.3173,3.4415,3.6878,8.5652,2.2669,2.5248,8.5652,3.3877

1045.8900,1.4647,0.9708,4.0582,3.7502,3.6261,8.6887,2.1434,2.6689,8.6887,3.5289

1046.8900,1.0326,0.8473,3.5025,3.8737,3.6261,8.6887,2.4521,2.5557,8.6887,3.4319

1047.8900,0.8474,1.2794,3.4408,3.7502,3.5643,9.4913,2.2051,2.5146,9.4913,3.5112

1048.8900,1.3412,1.0325,3.8730,3.9354,3.5643,9.0591,2.5138,2.7101,9.0591,3.6171

1049.8900,1.2178,1.3412,3.8112,3.5033,4.0583,8.9974,1.3408,2.5454,8.9974,3.4671

1050.8900,1.0943,0.9090,3.7495,3.8119,3.6261,8.8739,2.5756,2.6277,8.8739,3.5201

1051.8900,1.3412,1.2177,3.6878,3.5033,3.7496,8.5652,2.2669,2.6277,8.5652,3.4760

1052.8900,1.2178,1.0325,4.1199,3.7502,3.4409,8.9356,2.2051,2.6277,8.9356,3.5289

1053.8900,1.0326,1.1560,3.5025,3.8737,3.1939,8.9974,2.8843,2.6072,8.9974,3.5200

1054.8900,0.5388,1.4029,3.5025,3.6885,3.6261,8.9974,2.2669,2.5043,8.9974,3.4319

1055.8900,1.2178,1.2177,3.9347,3.8737,3.4409,8.8122,2.2051,2.6483,8.8122,3.5289

1056.8900,0.7857,1.0325,3.8730,3.3180,3.9348,8.8122,2.3904,2.5557,8.8122,3.4495

1057.8900,0.7857,0.9090,3.7495,3.7502,3.6261,9.1826,2.5756,2.5660,9.1826,3.5112

1058.8900,0.9092,1.0942,3.8730,3.8119,3.6878,8.8122,2.6991,2.6792,8.8122,3.5553

1059.8900,1.2795,1.0325,3.5643,3.6267,3.6261,8.9356,2.1434,2.5454,8.9356,3.4583

1060.8900,1.1561,1.2794,4.1199,3.8119,3.5026,9.1208,2.3904,2.7101,9.1208,3.6259

1061.8900,1.1561,1.2177,3.9347,3.6885,3.1321,9.1208,2.5756,2.6174,9.1208,3.5465

1062.8910,0.7240,1.4647,3.8730,3.5650,3.6878,9.1208,2.3904,2.6175,9.1208,3.5465

1063.8900,1.6499,1.2177,3.4408,3.8737,3.6261,8.7504,1.9582,2.6277,8.7504,3.5024

1064.8900,1.2178,0.9708,3.7495,3.8737,3.5643,9.5530,2.3904,2.6277,9.5530,3.6171

1065.8900,1.3412,1.0942,3.6878,3.8119,3.6261,8.9974,2.1434,2.6174,8.9974,3.5289

1066.8910,1.2178,0.9090,3.1321,3.5033,3.8113,8.6270,2.3286,2.4837,8.6270,3.3613

1067.8900,1.3412,0.9090,3.4408,3.6885,3.4409,8.9356,1.8964,2.4528,8.9356,3.3789

1068.8900,0.9709,1.3412,3.9347,4.1823,3.5026,8.8739,2.4521,2.7306,8.8739,3.6082

1069.8910,1.2178,0.9090,4.7991,2.8859,3.7496,8.4418,2.2669,2.6380,8.4418,3.4671

1070.8900,1.0326,1.0942,4.6756,4.1823,3.7496,8.7504,2.3286,2.8438,8.7504,3.6876

1071.8900,1.3412,1.0325,4.4904,3.8737,3.3791,8.6887,2.3286,2.7409,8.6887,3.5906

1072.8900,1.4647,0.9090,3.8730,3.8737,3.9965,8.9356,2.2669,2.7306,8.9356,3.6171

1073.8900,0.7857,1.3412,4.9843,3.9354,3.5643,8.7504,2.2669,2.8130,8.7504,3.6612

1074.8900,1.1561,0.9708,3.7495,3.8737,3.9965,9.1208,2.0199,2.6277,9.1208,3.5553

1075.8900,0.9092,1.3412,3.5643,3.8737,3.3791,8.8739,2.5138,2.5969,8.8739,3.4936

1076.8910,1.0943,1.1560,3.5025,3.3180,2.9469,9.3678,2.2051,2.3705,9.3678,3.3701

1077.8910,1.1561,1.0942,3.6878,4.0589,3.5643,9.1826,2.5138,2.6792,9.1826,3.6082

1078.8900,1.2795,1.5264,3.8112,3.8119,3.3791,8.9974,2.2051,2.6689,8.9974,3.5730

1079.8900,1.3412,2.0203,3.9347,3.6267,3.5026,8.5652,2.0199,2.7409,8.5652,3.5730

1080.8900,1.0943,1.3412,3.8112,3.6267,3.3791,8.8122,2.3904,2.6072,8.8122,3.4936

1081.8900,1.2178,1.2794,3.3791,3.6267,3.7496,9.1826,2.4521,2.6174,9.1826,3.5553

1082.8910,1.2178,1.0325,3.9965,3.6267,3.8113,8.9356,2.3904,2.6792,8.9356,3.5730

1083.8900,1.1561,1.5881,3.6260,3.5650,3.6261,8.6887,2.2669,2.6380,8.6887,3.5024

1084.8910,1.0943,1.1560,3.6260,3.9354,3.3791,9.1208,2.5138,2.6174,9.1208,3.5465

1085.8900,1.2178,0.7856,3.9965,3.9354,3.6261,9.0591,2.6991,2.7101,9.0591,3.6171

1086.8900,0.9092,1.0942,3.5643,4.3675,3.6878,8.6887,2.2669,2.6483,8.6887,3.5112

1087.8910,2.5758,1.3412,3.8112,3.7502,3.5643,8.8122,2.4521,2.9158,8.8122,3.7581

1088.8900,1.1561,1.1560,3.5643,4.0589,3.2556,9.1826,1.8347,2.5043,9.1826,3.4583

1089.8900,0.9709,0.9708,3.9965,3.6267,3.5026,8.6887,2.3904,2.5763,8.6887,3.4495

1090.8900,1.2795,0.8473,3.6878,3.8737,3.7496,9.1826,2.2669,2.6174,9.1826,3.5553

1091.8900,0.8474,0.9090,3.8112,3.5033,3.6878,8.6887,2.8843,2.6072,8.6887,3.4760

1092.8900,0.7857,1.4029,3.6878,3.5650,3.6878,8.8122,2.2669,2.5660,8.8122,3.4583

1093.8900,0.0450,1.5881,3.3173,3.9354,3.6261,8.6887,1.8964,2.4014,8.6887,3.2996

1094.8900,1.3412,0.9090,3.8112,3.8119,3.6261,8.5035,2.3286,2.6380,8.5035,3.4759

1095.8900,1.4647,0.9708,3.8730,3.9354,3.6878,8.7504,2.3286,2.7100,8.7504,3.5730

1096.8900,1.0943,1.2177,3.5025,3.8119,3.7496,9.1208,2.7608,2.6895,9.1208,3.6082

1097.8900,1.2795,1.4647,3.4408,3.9354,3.4409,8.9974,2.3286,2.6483,8.9974,3.5553

1098.8900,1.0326,0.9708,3.6878,3.7502,3.6878,8.7504,2.3904,2.5866,8.7504,3.4671

1099.8910,1.2795,1.4029,3.3791,3.9354,3.7496,8.8739,2.0199,2.6277,8.8739,3.5200

1100.8900,1.0326,1.2794,3.5025,4.2441,3.3791,8.7504,2.3904,2.6380,8.7504,3.5112

1101.8900,1.0943,0.9708,3.6878,3.6885,3.6261,8.1948,2.2669,2.5557,8.1948,3.3613

1102.8900,1.0943,1.0942,3.4408,4.1823,3.4409,8.8739,2.8843,2.6895,8.8739,3.5730

1103.8900,1.2178,1.4029,3.5025,3.9971,3.6878,8.6887,2.2669,2.6792,8.6887,3.5377

1104.8900,1.4030,0.8473,3.8730,3.8119,3.7496,8.8739,2.2051,2.6483,8.8739,3.5377

1105.8900,0.7857,1.2177,3.9965,3.5650,3.6878,8.4418,2.8843,2.6895,8.4418,3.5112

1106.8900,1.5264,1.1560,3.6260,3.9354,3.6878,8.5652,2.1434,2.6792,8.5652,3.5200

1107.8900,1.5882,0.4151,3.9347,3.7502,3.6878,9.1208,2.2051,2.5969,9.1208,3.5289

1108.8910,0.9092,1.7116,3.7495,3.7502,3.5643,8.7504,2.3286,2.6689,8.7504,3.5377

1109.8900,1.2795,0.9708,3.6878,2.5155,3.5643,8.6270,2.2669,2.3808,8.6270,3.2731

1110.8900,1.0326,1.0325,3.6878,3.8119,3.2556,8.8122,2.5756,2.5660,8.8122,3.4583

1111.8900,1.1561,1.2794,3.5025,3.9971,4.5522,8.9356,2.2051,2.7821,8.9356,3.6612

1112.8900,1.4647,1.5264,3.6260,3.8119,3.5643,8.9356,2.4521,2.7409,8.9356,3.6259

1113.8900,1.0326,1.1560,3.7495,3.7502,3.5026,9.1826,2.4521,2.6072,9.1826,3.5465

1114.8900,1.3412,1.1560,3.0086,3.8737,3.2556,8.8122,2.2669,2.4837,8.8122,3.3877

1115.8900,1.0943,1.3412,3.4408,4.1206,3.8113,8.8122,1.7730,2.5969,8.8122,3.4848

1116.8900,0.9709,1.6499,3.8730,3.6267,3.3174,8.8122,2.2669,2.6175,8.8122,3.5024

1117.8900,1.2178,0.7856,3.9965,4.4293,3.1321,9.1826,2.4521,2.6689,9.1826,3.5994

1118.8900,1.5264,0.8473,3.7495,3.8737,3.6878,8.9356,2.2669,2.6586,8.9356,3.5553

1119.8900,1.3412,2.2055,3.9347,3.7502,3.9348,8.6887,2.2051,2.8953,8.6887,3.7229

1120.8900,0.9709,0.7856,4.1199,3.5033,3.6878,8.7504,2.2051,2.5454,8.7504,3.4319

1121.8900,2.1437,0.6621,4.0582,3.8119,3.9965,8.9356,2.2669,2.8232,8.9356,3.6964

1122.8900,1.0943,1.3412,3.5025,3.8119,3.3791,8.9974,2.5138,2.6072,8.9974,3.5200

1123.8900,1.0943,1.7116,3.5025,3.6267,3.8113,8.6887,2.5756,2.7203,8.6887,3.5730

1124.8900,1.0326,1.2177,3.6260,3.6885,3.8731,8.8739,2.5756,2.6689,8.8739,3.5553

1125.8900,1.2795,0.8473,3.1321,4.3058,3.2556,8.9356,2.1434,2.4940,8.9356,3.4142

1126.8900,1.2795,1.3412,3.6260,4.1206,3.6261,8.7504,2.0817,2.6792,8.7504,3.5465

1127.8900,1.1561,1.0942,3.8112,3.8119,3.3791,8.5652,2.2669,2.5866,8.5652,3.4407

1128.8900,1.1561,1.0942,3.8112,3.6885,3.8113,8.6887,2.3286,2.6483,8.6887,3.5112

1129.8900,1.0943,1.2177,3.7495,3.6885,3.3791,8.8122,2.2051,2.5557,8.8122,3.4495

1130.8900,1.3412,0.7238,3.6878,3.9971,3.6261,9.0591,2.4521,2.6380,9.0591,3.5553

1131.8900,1.0326,1.4029,3.8730,3.5650,3.3791,8.6270,2.3904,2.6072,8.6270,3.4671

1132.8900,1.4030,1.2177,3.5643,3.9354,3.7496,8.9974,2.4521,2.7203,8.9974,3.6171

1133.8900,1.3412,1.0942,4.3669,3.6885,3.8113,8.6887,2.3286,2.7718,8.6887,3.6171

1134.8900,1.2795,0.6003,3.9347,3.6267,3.8113,9.1208,2.7608,2.6689,9.1208,3.5906

1135.8900,1.4030,1.0942,3.9965,3.9354,3.5026,8.5035,2.2051,2.6895,8.5035,3.5200

1136.8900,0.9709,-0.3257,4.1817,3.6885,3.6878,9.4913,2.4521,2.4425,9.4913,3.4495

1137.8900,1.1561,1.2794,3.3173,3.9971,3.6878,8.8122,2.3286,2.6277,8.8122,3.5112

1138.8900,1.6499,0.9090,3.8112,3.8119,3.8113,9.1208,2.6373,2.7718,9.1208,3.6788

1139.8900,1.4647,0.7856,3.9347,3.9354,3.9965,9.5530,1.8964,2.6689,9.5530,3.6523

1140.8900,1.2178,1.0942,3.3791,4.1823,3.4409,8.6887,2.3904,2.6174,8.6887,3.4848

1141.8910,1.5264,1.0325,4.0582,3.8737,3.5643,8.3183,2.1434,2.6998,8.3183,3.5024

1142.8900,1.2178,0.8473,3.9347,3.5033,3.5643,8.7504,2.5138,2.5969,8.7504,3.4760

1143.8900,1.2178,1.0325,3.7495,3.8119,4.0583,9.2443,2.3286,2.6998,9.2443,3.6347

1144.8910,0.8474,1.5264,3.9347,3.8737,3.8113,8.6887,2.8225,2.8027,8.6887,3.6435

1145.8900,1.2795,1.2794,4.0582,4.0589,3.5026,8.8739,2.3904,2.7615,8.8739,3.6347

1146.8900,1.3412,0.7856,3.8112,3.8119,3.7496,8.6887,2.1434,2.6072,8.6887,3.4759

1147.8900,1.0326,1.4029,3.6878,4.3675,3.9348,8.5652,2.3286,2.7924,8.5652,3.6171

1148.8900,1.3412,1.1560,3.6260,3.3798,3.6261,8.8739,2.2669,2.5660,8.8739,3.4671

1149.8900,1.1561,1.0325,4.0582,3.8737,3.8731,8.3183,2.5138,2.7512,8.3183,3.5465

1150.8900,1.4647,2.1438,4.1199,3.6885,3.6878,8.9974,2.2051,2.8850,8.9974,3.7582

1151.8900,1.1561,1.2794,3.7495,3.8119,3.6261,8.8739,2.6991,2.7203,8.8739,3.5994

1152.8900,1.3412,1.0942,3.3173,3.8737,3.8113,8.6270,2.5138,2.6586,8.6270,3.5112

1153.8900,0.9709,1.5264,3.8730,3.9354,3.8731,8.8122,1.8964,2.6792,8.8122,3.5553

1154.8910,0.9709,1.2794,3.6878,3.8737,3.5026,8.5652,2.5138,2.6380,8.5652,3.4848

1155.8900,1.0326,0.9708,3.7495,4.1823,3.8113,8.6887,2.6373,2.7306,8.6887,3.5818

1156.8900,1.0943,0.9090,3.8730,3.8737,3.6878,8.8122,2.9460,2.7306,8.8122,3.5994

1157.8900,1.5264,1.5264,3.7495,3.6885,3.6878,8.9974,2.5138,2.7821,8.9974,3.6700

1158.8900,1.4030,1.3412,3.6878,3.8737,3.7496,8.5035,2.3286,2.7306,8.5035,3.5553

1159.8900,0.9709,1.4647,3.9965,3.6267,3.6878,8.8739,2.5756,2.7204,8.8739,3.5994

1160.8900,1.0326,1.2177,3.5643,4.3058,3.4409,8.6270,2.3286,2.6483,8.6270,3.5024

1161.8900,1.4030,1.0325,3.8730,3.8737,3.6878,8.8122,2.2051,2.6792,8.8122,3.5553

1162.8900,1.5264,1.3412,3.8112,3.9354,3.6261,8.7504,1.8964,2.6895,8.7504,3.5553

1163.8900,1.4647,0.4151,4.1199,3.4415,3.8731,8.5652,2.3286,2.6072,8.5652,3.4583

1164.8900,1.1561,1.0325,3.8112,3.8119,3.5643,8.5035,2.6991,2.6792,8.5035,3.5112

1165.8900,1.2795,1.3412,4.1817,3.8737,3.6878,9.2443,2.3286,2.7821,9.2443,3.7053

1166.8900,1.2795,1.5264,3.6878,3.8119,3.5643,8.8739,2.4521,2.7203,8.8739,3.5994

1167.8900,0.9709,1.0942,3.8730,3.7502,3.5026,8.6270,2.3286,2.5866,8.6270,3.4495

1168.8900,1.5264,1.0325,4.1199,4.0589,3.6878,8.6270,2.3286,2.7924,8.6270,3.6259

1169.8900,0.9092,1.2177,3.6260,3.7502,3.5643,8.6887,2.5138,2.5969,8.6887,3.4671

1170.8900,1.2795,1.2177,3.6878,4.0589,3.6878,9.1208,2.2669,2.6998,9.1208,3.6171

1171.8900,1.3412,1.2177,3.5025,3.9354,3.6878,8.8122,2.4521,2.6895,8.8122,3.5641

1172.8900,1.5882,1.0325,3.8730,4.1823,3.5026,8.9356,2.3286,2.7512,8.9356,3.6347

1173.8900,0.9092,1.0942,3.9347,3.8119,3.8731,8.8122,3.0078,2.7718,8.8122,3.6347

1174.8900,1.2795,1.1560,3.6878,3.7502,3.9348,8.6270,2.3286,2.6895,8.6270,3.5377

1175.8910,1.3412,1.0325,3.6260,3.9971,3.6261,8.7504,2.4521,2.6792,8.7504,3.5465

1176.8900,1.4647,0.9708,3.7495,3.9354,3.8731,8.8739,2.2051,2.6998,8.8739,3.5818

1177.8900,0.7857,1.4647,3.7495,3.7502,3.7496,8.8739,2.7608,2.7101,8.8739,3.5906

1178.8900,0.7857,0.9708,4.1199,3.7502,3.5643,8.8739,4.1191,2.8850,8.8739,3.7406

1179.8900,1.5264,0.7856,3.8112,3.9971,3.9348,8.9974,2.2051,2.7101,8.9974,3.6082

1180.8900,1.2795,0.9708,3.8730,3.7502,3.5026,8.9974,2.2051,2.5969,8.9974,3.5112

1181.8910,1.2795,1.2177,3.9965,4.0589,3.5643,9.1208,2.6991,2.8027,9.1208,3.7053

1182.8900,1.4030,1.0942,3.9347,3.8737,3.8731,9.1208,2.2669,2.7409,9.1208,3.6523

1183.8900,1.1561,1.4029,3.7495,4.5527,3.6261,8.5035,2.3904,2.8129,8.5035,3.6259

1184.8900,0.6622,1.5264,3.9347,3.9354,3.7496,8.6887,2.5756,2.7307,8.6887,3.5818

1185.8900,1.1561,1.0325,3.6878,3.6885,3.8731,8.6887,2.8225,2.7101,8.6887,3.5642

1186.8900,1.4030,1.5264,3.5643,4.1206,3.9348,8.6887,2.2051,2.7924,8.6887,3.6347

1187.8900,1.0326,1.2177,3.3173,3.8737,3.6878,9.2443,2.2669,2.5660,9.2443,3.5200

1188.8900,1.2795,1.3412,3.7495,3.9971,4.1200,8.6270,3.0078,2.9159,8.6270,3.7317

1189.8900,1.0943,1.4029,3.6260,3.8737,3.9965,9.1208,2.5756,2.7615,9.1208,3.6700

1190.8900,1.1561,1.5264,3.9347,3.8119,4.0583,9.3678,2.0199,2.7512,9.3678,3.6964

1191.8900,1.4030,1.0325,4.1199,3.7502,3.8113,9.7382,3.1930,2.8850,9.7382,3.8640

1192.8900,1.2795,0.9090,3.5643,4.7997,4.3053,8.3800,2.2669,2.8541,8.3800,3.6435

1193.8900,1.4030,1.4647,3.9347,3.7502,3.5643,9.1826,2.2669,2.7306,9.1826,3.6523

1194.8900,1.4030,1.0942,4.1817,3.9354,3.4409,8.5652,2.4521,2.7512,8.5652,3.5818

1195.8900,1.2795,1.4029,4.1199,4.1206,3.7496,8.6887,2.3286,2.8335,8.6887,3.6700

1196.8910,1.2795,1.3412,3.5643,3.9354,3.6261,9.3061,2.2669,2.6689,9.3061,3.6171

1197.8900,1.2178,1.5264,3.8112,4.1823,4.0583,8.8739,2.2669,2.8438,8.8739,3.7053

1198.8900,1.5882,1.3412,3.5025,3.8737,3.6878,8.8739,2.0199,2.6689,8.8739,3.5553

1199.8900,1.4030,1.0942,3.6878,3.9354,3.5643,8.8122,2.3904,2.6792,8.8122,3.5553

1200.8900,0.9092,1.0325,3.8730,3.6267,3.7496,8.9356,2.8225,2.6689,8.9356,3.5642

1201.8900,1.7733,1.0325,3.7495,4.0589,3.5643,8.6270,2.5756,2.7924,8.6270,3.6259

1202.8910,1.2795,1.0325,4.0582,4.0589,4.1200,8.9356,2.2051,2.7924,8.9356,3.6700

1203.8900,1.0943,1.5264,3.8112,3.9354,2.4530,8.5035,2.5756,2.5660,8.5035,3.4142

1204.8910,1.8968,1.5881,3.7495,3.6885,3.3791,8.8122,2.3904,2.7821,8.8122,3.6435

1205.8900,1.2795,1.4647,3.5025,4.0589,4.5522,9.0591,2.4521,2.8850,9.0591,3.7670

1206.8910,0.9092,1.4647,3.9965,3.8737,3.8113,8.6887,2.4521,2.7512,8.6887,3.5994

1207.8900,1.3412,2.1438,3.9965,3.7502,3.8113,8.6270,2.2051,2.8747,8.6270,3.6964

1208.8900,1.5264,1.7116,3.8730,3.8119,3.8731,8.6887,2.3904,2.8644,8.6887,3.6964

1209.8900,1.2178,1.4647,3.8112,3.8119,3.2556,8.6270,2.6373,2.6998,8.6270,3.5465

1210.8900,1.5264,1.1560,3.8730,3.7502,3.8731,8.3800,2.5756,2.7924,8.3800,3.5906

1211.8900,1.4647,1.1560,3.9965,3.9354,3.6261,8.5652,2.5138,2.7821,8.5652,3.6082

1212.8900,1.4030,0.8473,3.9965,3.8737,3.6261,8.9974,2.5756,2.7203,8.9974,3.6171

1213.8900,1.5264,0.9708,3.8112,3.8737,3.9348,8.9356,3.1930,2.8850,8.9356,3.7494

1214.8910,1.1561,1.0942,3.8730,3.8737,3.3791,8.8739,2.5138,2.6483,8.8739,3.5377

1215.8900,1.0943,1.3412,3.8112,3.6267,3.8731,8.9356,2.8843,2.7718,8.9356,3.6524

1216.8900,1.0943,0.9708,3.8112,3.6267,3.8113,8.6887,2.8843,2.6998,8.6887,3.5553

1217.8900,0.9092,1.3412,3.6260,4.4293,3.5643,8.8122,2.6373,2.7512,8.8122,3.6171

1218.8900,1.2795,1.1560,4.1199,4.7997,3.9965,8.7504,1.2790,2.7718,8.7504,3.6259

1219.8900,1.0943,0.9708,3.9347,3.7502,3.6261,9.1208,3.4400,2.8027,9.1208,3.7053

1220.8900,1.2178,1.7733,3.3791,3.9354,3.8113,8.8739,2.6373,2.7924,8.8739,3.6612

1221.8900,1.4647,0.7238,3.8730,3.8119,3.7496,8.7504,2.2051,2.6380,8.7504,3.5112

1222.8910,1.3412,0.7238,3.8112,4.1823,3.5026,9.0591,2.5138,2.6792,9.0591,3.5906

1223.8900,1.0943,1.4647,3.2556,4.1823,3.3791,8.7504,2.3904,2.6277,8.7504,3.5024

1224.8900,1.5882,1.2177,4.3052,4.1823,3.6261,8.6270,2.4521,2.8953,8.6270,3.7141

1225.8900,1.8351,1.4029,3.8730,3.6267,3.4409,8.8739,2.5138,2.7821,8.8739,3.6523

1226.8900,1.2795,1.2794,3.8730,3.9354,3.3174,8.8739,2.6373,2.7203,8.8739,3.5994

1227.8900,1.0943,1.7116,3.8730,3.8737,3.5026,8.6270,2.6373,2.7821,8.6270,3.6171

1228.8910,1.5882,1.0325,3.8112,3.9354,4.7375,9.7999,2.3904,2.9159,9.7999,3.8993

1229.8900,1.2178,1.4647,3.9347,3.9971,3.7496,8.6270,2.6373,2.8335,8.6270,3.6612

1230.8900,1.2795,0.7856,3.8730,4.0589,3.5643,8.8122,2.5756,2.6895,8.8122,3.5641

1231.8900,1.2795,1.2177,3.8730,3.9354,3.6878,9.2443,2.6991,2.7821,9.2443,3.7053

1232.8900,1.5882,1.0942,3.7495,3.9971,3.5026,8.7504,2.2051,2.6895,8.7504,3.5553

1233.8900,1.5264,0.7856,3.8730,3.8737,3.6261,8.7504,2.3286,2.6689,8.7504,3.5377

1234.8900,1.4030,1.3412,4.5521,4.0589,3.6261,8.5652,2.7608,2.9570,8.5652,3.7582

1235.8900,1.0943,1.2794,3.6260,4.0589,3.5026,8.9356,2.3904,2.6586,8.9356,3.5553

1236.8900,1.5264,0.0447,4.7373,3.7502,3.7496,8.6887,2.3286,2.6895,8.6887,3.5465

1237.8900,1.8968,1.5881,3.6260,3.8737,3.6878,8.9974,2.1434,2.8026,8.9974,3.6876

1238.8900,1.3412,1.7733,3.6878,3.8119,3.7496,8.6887,2.5138,2.8129,8.6887,3.6523

1239.8900,1.2178,1.7116,3.8112,4.1206,3.8731,8.8739,1.6495,2.7306,8.8739,3.6082

1240.8900,1.0943,1.4647,4.0582,3.6267,3.9348,9.5530,2.6991,2.8130,9.5530,3.7758

1241.8900,1.5264,1.4647,3.9347,3.8737,4.1200,8.5652,2.5756,2.9158,8.5652,3.7229

1242.8900,1.0943,1.0942,4.1199,3.9971,3.9348,9.1826,2.5138,2.7924,9.1826,3.7053

1243.8900,1.2795,1.3412,4.3669,3.8119,3.6878,8.8739,2.3286,2.8027,8.8739,3.6700

1244.8900,1.4030,1.0325,4.6756,3.9354,3.6261,8.7504,2.5138,2.8644,8.7504,3.7053

1245.8900,1.4030,1.5881,3.6260,3.8737,3.9965,8.8122,3.0695,2.9261,8.8122,3.7670

1246.8900,1.0943,1.5881,4.6756,4.1823,3.7496,8.4418,2.7608,3.0085,8.4418,3.7846

1247.8910,0.7240,1.7733,3.6260,3.8119,3.6261,8.5652,2.5138,2.6792,8.5652,3.5201

1248.8900,1.3412,1.4029,3.7495,4.4910,3.8731,8.7504,2.4521,2.8850,8.7504,3.7229

1249.8900,1.4647,1.0942,4.4286,3.6267,3.6878,8.7504,2.4521,2.7924,8.7504,3.6435

1250.8900,1.8968,1.5264,3.8112,3.5650,3.9965,8.5652,2.4521,2.8747,8.5652,3.6876

1251.8900,1.4647,1.3412,4.2434,3.9354,3.6878,8.9974,2.3286,2.8335,8.9974,3.7141

1252.8900,1.3412,1.2177,3.9965,4.0589,4.1200,8.2565,2.8225,2.9261,8.2565,3.6876

1253.8900,1.1561,1.4647,3.8730,4.7379,3.6878,9.1208,2.6373,2.9261,9.1208,3.8111

1254.8900,1.9585,1.2794,3.7495,3.8737,3.7496,8.6887,2.1434,2.7924,8.6887,3.6347

1255.8900,1.3412,1.2177,3.2556,3.5650,3.6261,8.5035,2.4521,2.5763,8.5035,3.4230

1256.8900,1.6499,1.4647,3.5643,4.2441,3.1321,8.9356,2.6373,2.7821,8.9356,3.6611

1257.8900,1.5264,1.1560,3.9347,4.0589,3.8113,8.6270,2.2669,2.7924,8.6270,3.6259

1258.8900,1.5264,2.2055,4.2434,3.6885,3.1939,8.9356,2.3286,2.8644,8.9356,3.7317

1259.8900,1.4647,1.0325,3.9347,3.8737,4.6757,8.8739,2.5756,2.9261,8.8739,3.7758

1260.8900,1.4030,1.1560,3.6260,3.8737,3.8731,9.1208,2.5756,2.7512,9.1208,3.6612

1261.8900,1.2795,1.2794,3.4408,4.0589,3.8731,8.6887,2.5756,2.7512,8.6887,3.5994

1262.8900,1.5882,1.1560,4.1199,3.9971,3.8113,8.3800,2.5756,2.8747,8.3800,3.6612

1263.8900,1.3412,1.9585,3.9347,3.8119,3.7496,8.6887,2.6373,2.9056,8.6887,3.7317

1264.8900,1.3412,1.0942,3.9965,3.9354,3.8113,8.5035,2.7608,2.8232,8.5035,3.6347

1265.8900,1.4647,1.5264,3.9965,4.0589,3.6878,9.4295,2.7608,2.9158,9.4295,3.8464

1266.8910,1.0943,1.1560,3.6260,4.2441,3.5026,8.7504,2.7608,2.7306,8.7504,3.5906

1267.8910,0.0450,1.7733,3.6260,3.8737,4.0583,8.6270,2.3904,2.6278,8.6270,3.4848

1268.8910,1.3412,0.8473,3.9347,4.0589,3.6878,8.9974,2.6373,2.7512,8.9974,3.6435

1269.8900,1.4647,1.5264,3.8730,4.2441,3.8731,8.8122,2.4521,2.9056,8.8122,3.7494

1270.8900,1.2795,1.1560,3.8112,4.0589,3.8113,8.8122,2.8843,2.8335,8.8122,3.6876

1271.8900,1.2795,1.7733,4.0582,3.9354,3.8113,9.1208,2.6373,2.9158,9.1208,3.8023

1272.8900,1.3412,0.9090,4.0582,3.8119,3.8113,8.8739,2.7608,2.7821,8.8739,3.6523

1273.8900,1.1561,1.2177,3.9347,4.1823,3.6878,8.8122,2.6991,2.8130,8.8122,3.6700

1274.8900,1.4030,1.3412,3.8112,3.5033,3.5026,8.7504,2.7608,2.7203,8.7504,3.5818

1275.8900,1.3412,1.2794,3.9347,4.3675,3.8731,8.8739,2.6991,2.9158,8.8739,3.7670

1276.8900,1.4030,1.2177,3.9347,3.8119,3.8731,8.8739,2.3904,2.7718,8.8739,3.6435

1277.8900,1.4030,1.2794,3.5643,4.1206,3.8731,8.6887,2.8225,2.8438,8.6887,3.6788

1278.8900,1.2795,1.5881,4.1199,3.9971,3.4409,8.9356,2.7608,2.8644,8.9356,3.7317

1279.8900,1.1561,1.3412,3.9347,3.9971,3.7496,8.7504,2.7608,2.8232,8.7504,3.6700

1280.8900,1.4647,1.2177,4.6139,4.1206,3.8731,8.3800,2.7608,3.0085,8.3800,3.7758

1281.8900,2.1437,1.4647,3.9965,3.9971,4.0583,8.4418,2.6373,3.0496,8.4418,3.8199

1282.8900,1.3412,0.7856,3.6260,4.2441,3.4409,9.6147,2.0817,2.5866,9.6147,3.5906

1283.8900,1.5882,1.7116,3.8730,4.0589,3.8731,8.4418,2.3904,2.9158,8.4418,3.7053

1284.8900,1.2178,1.4029,3.8730,4.4910,4.0583,8.4418,2.6991,2.9570,8.4418,3.7405

1285.8900,1.2795,1.0942,4.3669,3.5650,3.5643,8.7504,2.6373,2.7512,8.7504,3.6083

1286.8900,1.7116,0.7856,3.5025,3.8737,3.8113,8.5035,2.6373,2.7203,8.5035,3.5465

1287.8900,1.6499,1.2794,3.8112,3.9354,4.1818,9.7382,2.2051,2.8438,9.7382,3.8287

1288.8900,1.5882,1.0942,4.0582,4.2441,4.5522,8.8122,2.4521,2.9982,8.8122,3.8287

1289.8900,1.7116,1.1560,3.8730,3.9354,3.9348,8.9356,2.8843,2.9158,8.9356,3.7758

1290.8900,1.3412,1.7116,3.7495,4.4910,3.9965,8.7504,2.2669,2.9261,8.7504,3.7582

1291.8900,1.4030,1.6499,3.6260,4.1206,3.8731,9.1208,2.7608,2.9056,9.1208,3.7935

1292.8900,1.0326,1.1560,3.9965,3.9971,3.4409,8.8739,3.3782,2.8335,8.8739,3.6965

1293.8900,2.5141,1.8351,4.1817,4.0589,3.6878,8.8122,2.3904,3.1113,8.8122,3.9257

1294.8900,1.3412,1.4647,3.5643,3.9354,3.8731,9.1826,2.3904,2.7615,9.1826,3.6788

1295.8900,1.4030,1.6499,3.7495,3.8737,3.1321,8.9356,2.5138,2.7203,8.9356,3.6082

1296.8900,1.5882,1.4029,3.8730,4.4910,3.7496,8.6270,2.6373,2.9570,8.6270,3.7670

1297.8900,1.4647,1.0942,4.3052,3.8737,3.7496,8.6270,2.6991,2.8644,8.6270,3.6876

1298.8910,2.0820,0.8473,4.1817,4.6762,3.9965,8.8739,2.6373,3.0702,8.8739,3.8993

1299.8910,1.4647,1.4647,3.8730,3.8737,3.3791,8.9356,2.4521,2.7512,8.9356,3.6347

1300.8900,1.2178,1.2794,4.4286,3.3180,3.8731,8.8739,2.5138,2.7718,8.8739,3.6435

1301.8900,1.4647,1.3412,3.8112,3.9971,3.5026,8.9356,2.5756,2.7821,8.9356,3.6612

1302.8900,1.2795,1.3412,4.0582,3.9971,3.4409,8.6887,2.6991,2.8027,8.6887,3.6435

1303.8900,1.5882,1.2794,3.8112,4.1206,3.7496,8.7504,2.3904,2.8232,8.7504,3.6700

1304.8900,1.4647,1.3412,3.9347,4.1823,3.7496,8.8739,2.4521,2.8541,8.8739,3.7141

1305.8900,1.2178,1.2177,3.9347,3.9354,3.8113,8.7504,2.8843,2.8335,8.7504,3.6788

1306.8900,1.2795,1.1560,3.8112,3.9354,3.3174,8.8122,2.6991,2.6998,8.8122,3.5730

1307.8900,1.5882,1.4647,3.9965,3.7502,3.7496,10.1086,1.9582,2.7512,10.1086,3.8023

1308.8900,1.2795,1.4029,3.9965,4.2441,3.8731,8.6270,3.4400,3.0393,8.6270,3.8376

1309.8900,1.5882,0.9090,3.7495,3.9354,3.6878,8.7504,2.7608,2.7718,8.7504,3.6259

1310.8900,1.6499,1.7733,3.8730,3.9354,3.8731,8.6270,2.2669,2.8953,8.6270,3.7141

1311.8900,1.3412,1.1560,3.8730,3.9971,3.7496,8.6887,2.8225,2.8232,8.6887,3.6612

1312.8900,1.6499,0.4769,4.1817,3.5033,3.8113,8.9974,2.5756,2.6998,8.9974,3.5994

1313.8900,2.0820,1.5264,3.6878,3.9971,3.7496,8.8122,2.2051,2.8747,8.8122,3.7229

1314.8900,3.1314,1.8351,4.4904,4.1823,3.7496,8.6270,2.6991,3.3480,8.6270,4.1021

1315.8900,1.6499,1.2794,3.7495,3.8119,3.6261,8.8122,2.3286,2.7409,8.8122,3.6082

1316.8900,1.3412,1.4029,4.0582,3.8737,3.6878,8.8122,2.3904,2.7924,8.8122,3.6523

1317.8900,1.2795,1.5264,4.0582,4.3675,3.6878,8.9974,2.8225,2.9570,8.9974,3.8199

1318.8910,1.2178,1.2177,3.7495,4.0589,3.3791,9.0591,2.6373,2.7101,9.0591,3.6171

1319.8900,1.3412,1.4029,4.2434,3.6267,4.0583,8.9356,2.4521,2.8541,8.9356,3.7229

1320.8900,1.0326,1.8968,3.8112,4.1823,3.4409,8.9356,2.6991,2.8438,8.9356,3.7141

1321.8910,1.4647,1.2177,3.9965,3.8737,4.0583,8.5652,3.0695,2.9467,8.5652,3.7494

1322.8900,1.5264,0.7856,3.9347,4.0589,3.8731,8.8122,1.9582,2.6895,8.8122,3.5641

1323.8900,1.6499,1.7116,4.0582,3.8737,3.8731,8.6270,2.6373,2.9673,8.6270,3.7758

1324.8900,1.6499,1.6499,4.1199,3.9354,4.3670,8.4418,2.5138,3.0393,8.4418,3.8111

1325.8900,1.5264,1.7116,4.2434,4.0589,3.7496,8.5652,2.8225,3.0187,8.5652,3.8111

1326.8900,1.0326,1.8968,3.5025,3.8737,3.8113,8.6887,2.6991,2.8027,8.6887,3.6435

1327.8900,1.0326,1.5264,4.1817,3.9354,3.9965,8.9356,2.8225,2.9159,8.9356,3.7758

1328.8900,1.4030,1.1560,3.8730,3.5033,3.9348,8.5652,2.5138,2.7306,8.5652,3.5642

1329.8900,1.5882,1.0942,4.2434,3.7502,3.6261,8.6887,2.5756,2.8129,8.6887,3.6523

1330.8900,2.4523,1.8351,3.5025,4.3675,4.7992,8.8122,2.5756,3.2554,8.8122,4.0492

1331.8900,0.9092,1.6499,3.8112,4.0589,3.9965,8.3800,2.6991,2.8541,8.3800,3.6435

1332.8900,1.3412,1.1560,3.8730,4.0589,3.5026,8.9356,2.7608,2.7821,8.9356,3.6612

1333.8900,1.4030,1.4647,3.8112,3.8119,3.9965,8.6270,2.0817,2.7615,8.6270,3.5994

1334.8900,1.2795,1.5881,4.7991,4.1206,3.6878,8.8122,2.4521,2.9879,8.8122,3.8199

1335.8900,1.5264,1.5881,3.9347,3.6267,3.8731,8.8122,2.3904,2.8232,8.8122,3.6788

1336.8900,1.4647,0.9708,3.9965,4.3058,3.3174,8.8739,2.3904,2.7409,8.8739,3.6171

1337.8900,1.1561,1.5264,3.9965,4.0589,3.8113,8.5035,2.9460,2.9159,8.5035,3.7141

1338.8900,1.3412,1.4029,3.9347,3.9354,4.0583,8.6270,2.9460,2.9364,8.6270,3.7494

1339.8900,1.3412,1.6499,3.9347,4.4910,3.8731,8.6270,2.2669,2.9261,8.6270,3.7405

1340.8900,1.4030,1.5881,3.5025,4.1206,4.0583,8.7504,2.6991,2.8953,8.7504,3.7317

1341.8900,1.2178,1.3412,4.4904,3.3180,4.0583,8.7504,2.4521,2.8130,8.7504,3.6612

1342.8900,1.5264,1.4029,4.3052,3.9971,3.6261,8.7504,2.4521,2.8850,8.7504,3.7229

1343.8900,2.0820,1.0942,4.1199,4.2441,4.1818,8.7504,2.4521,3.0290,8.7504,3.8464

1344.8900,1.2178,1.5264,3.8112,3.9971,3.8731,8.6270,2.5756,2.8335,8.6270,3.6612

1345.8900,1.7116,1.3412,4.4286,4.1823,3.8113,8.6887,2.5138,2.9982,8.6887,3.8111

1346.8900,1.6499,1.4647,3.9965,3.9354,4.3053,8.6887,2.5138,2.9776,8.6887,3.7935

1347.8910,1.1561,1.4029,3.8730,3.9354,3.8113,8.8122,2.7608,2.8232,8.8122,3.6788

1348.8900,1.0943,1.5264,3.6260,4.1206,3.8113,8.9356,2.7608,2.8232,8.9356,3.6964

1349.8900,1.7733,1.4647,4.2434,3.6885,3.8731,8.9356,2.2051,2.8747,8.9356,3.7405

1350.8900,1.7116,2.0820,4.2434,3.5033,4.1200,8.6887,2.8843,3.0908,8.6887,3.8905

1351.8900,0.8474,1.3412,4.2434,3.8737,4.1200,8.8739,2.4521,2.8130,8.8739,3.6788

1352.8900,2.1437,1.4647,3.8112,3.9354,3.5643,9.1208,2.3286,2.8747,9.1208,3.7670

1353.8900,1.2178,1.5881,3.3791,4.0589,3.8731,8.9974,2.4521,2.7615,8.9974,3.6523

1354.8900,0.9092,1.5264,3.6878,4.1206,3.9348,8.6270,2.6373,2.8027,8.6270,3.6347

1355.8900,1.7116,1.8968,3.8730,4.1823,3.9348,8.6887,2.1434,2.9570,8.6887,3.7758

1356.8900,1.3412,1.2794,4.1817,4.0589,3.5026,8.9356,3.6869,3.0085,8.9356,3.8552

1357.8900,1.6499,1.8968,4.1199,4.2441,3.9965,8.7504,2.2669,3.0290,8.7504,3.8464

1358.8900,1.6499,1.5881,3.5643,3.1946,3.6878,9.0591,2.7608,2.7409,9.0591,3.6435

1359.8900,1.2795,1.7116,4.9226,4.1823,3.8113,8.3183,2.8843,3.1319,8.3183,3.8728

1360.8900,1.1561,1.3412,4.0582,3.7502,4.0583,9.1826,2.7608,2.8541,9.1826,3.7582

1361.8900,1.7116,1.2794,4.7373,4.1206,3.8113,8.6887,2.6991,3.0599,8.6887,3.8640

1362.8900,1.2178,1.4029,2.8234,4.1823,3.9348,9.5530,2.9460,2.7512,9.5530,3.7229

1363.8900,1.4030,1.4647,3.8112,4.4910,3.9348,8.6270,2.6373,2.9570,8.6270,3.7670

1364.8900,1.5882,1.3412,3.8730,3.6885,3.6261,8.8739,2.4521,2.7615,8.8739,3.6347

1365.8900,1.4030,1.5881,3.7495,3.7502,3.9348,8.5035,2.7608,2.8644,8.5035,3.6700

1366.8900,1.6499,1.4647,4.4904,4.3058,3.8113,8.5652,2.3904,3.0187,8.5652,3.8111

1367.8900,1.3412,1.5264,3.8112,3.8119,3.9965,8.6887,2.7608,2.8747,8.6887,3.7053

1368.8900,1.0943,1.3412,4.0582,4.5527,3.8731,8.7504,2.7608,2.9467,8.7504,3.7758

1369.8900,1.1561,1.4647,3.8112,4.2441,3.1939,8.8739,2.9460,2.8027,8.8739,3.6700

1370.8900,1.5264,0.9708,3.9347,3.9354,4.1200,8.3800,2.8843,2.8953,8.3800,3.6788

1371.8900,1.6499,1.4029,3.7495,3.8119,3.9348,8.6887,3.2547,2.9673,8.6887,3.7846

1372.8900,1.8968,1.0325,3.7495,4.3058,3.7496,8.9356,2.5756,2.8850,8.9356,3.7493

1373.8910,1.8351,1.1560,4.1817,4.0589,3.8731,8.6887,2.6373,2.9570,8.6887,3.7758

1374.8900,1.4030,1.4647,4.0582,4.1823,3.5026,8.8122,2.8843,2.9158,8.8122,3.7582

1375.8900,1.7733,1.2794,4.5521,4.3058,3.8731,8.3183,3.5017,3.2142,8.3183,3.9434

1376.8900,1.7733,0.2917,4.2434,3.7502,4.0583,8.8122,3.1313,2.8747,8.8122,3.7229

1377.8900,0.9092,1.8351,3.6878,3.8737,3.8731,8.5652,2.8225,2.8335,8.5652,3.6524

1378.8900,1.3412,2.1438,3.9347,3.9971,3.8731,8.7504,2.7608,3.0085,8.7504,3.8287

1379.8900,1.1561,1.7733,4.1817,3.7502,3.9348,8.9974,2.6991,2.9159,8.9974,3.7846

1380.8900,1.5882,1.4647,3.6878,4.0589,4.4905,8.2565,2.9460,3.0393,8.2565,3.7846

1381.8910,1.8351,1.2177,3.9965,4.1206,3.6878,8.7504,2.7608,2.9364,8.7504,3.7670

1382.8900,1.5264,1.5881,3.3791,3.9971,4.1200,8.9974,3.0695,2.9467,8.9974,3.8111

1383.8900,1.2178,1.1560,4.2434,3.8737,3.8731,8.9974,3.3782,2.9570,8.9974,3.8199

1384.8900,1.5882,1.3412,4.1199,3.5033,3.8113,8.9356,2.5138,2.8129,8.9356,3.6876

1385.8900,1.4030,1.2794,2.9469,3.8737,3.1939,8.7504,2.8225,2.5866,8.7504,3.4671

1386.8900,2.1437,1.4029,3.8730,2.8859,3.8731,8.8739,2.2051,2.7306,8.8739,3.6082

1387.8900,1.9585,1.6499,3.9347,4.0589,4.0583,8.4418,2.7608,3.0702,8.4418,3.8375

1388.8900,1.2178,1.7116,4.1817,4.0589,3.9965,8.8122,3.2547,3.0702,8.8122,3.8905

1389.8900,1.6499,0.9090,4.0582,4.0589,3.9348,8.6887,2.5756,2.8644,8.6887,3.6964

1390.8900,1.4647,1.2177,4.0582,3.5650,4.4287,8.4418,2.6373,2.8953,8.4418,3.6876

1391.8900,1.4030,1.5264,4.0582,4.3058,4.1818,8.8122,2.4521,2.9879,8.8122,3.8199

1392.8900,1.4647,1.3412,3.4408,3.9354,4.1818,8.6887,2.9460,2.8850,8.6887,3.7141

1393.8900,1.9585,1.8351,4.1817,3.9354,3.9348,8.7504,2.2669,3.0187,8.7504,3.8375

1394.8900,1.8351,1.4029,3.9965,4.1206,3.6261,8.7504,2.6991,2.9467,8.7504,3.7758

1395.8900,1.5882,0.7856,4.2434,3.7502,3.9348,8.8739,2.5756,2.8130,8.8739,3.6788

1396.8900,1.6499,1.0942,4.3669,4.9231,4.0583,8.6270,2.6373,3.1216,8.6270,3.9081

1397.8900,1.6499,1.3412,4.6139,3.4415,4.8610,8.6270,2.6991,3.1011,8.6270,3.8905

1398.8900,1.5264,1.4029,3.8730,4.1823,3.6878,8.8122,2.7608,2.9056,8.8122,3.7494

1399.8900,1.1561,1.3412,4.9226,3.5033,4.1200,8.4418,3.1313,3.0291,8.4418,3.8023

1400.8900,1.7733,1.4647,4.0582,4.1206,3.6261,9.0591,2.5138,2.9261,9.0591,3.8023

1401.8900,0.8474,1.9585,4.3669,4.0589,3.8731,9.0591,2.6373,2.9570,9.0591,3.8287

1402.8900,1.8968,1.8351,3.9965,3.8737,3.9348,8.7504,2.6991,3.0393,8.7504,3.8552

1403.8900,1.3412,1.2794,3.4408,3.6267,3.6878,8.5652,3.0695,2.7409,8.5652,3.5730

1404.8900,1.5264,1.4029,3.6878,3.9971,3.6878,8.6270,2.7608,2.8438,8.6270,3.6700

1405.8900,1.4030,1.1560,4.0582,4.0589,3.8113,8.5652,2.8843,2.8953,8.5652,3.7053

1406.8900,1.5264,1.3412,4.2434,3.9354,3.9348,8.4418,3.3165,3.0496,8.4418,3.8199

1407.8900,1.4647,1.2794,3.8112,4.1823,4.0583,9.3061,3.0695,2.9776,9.3061,3.8817

1408.8900,1.5882,1.4647,3.6260,3.9354,3.8731,8.8739,2.2051,2.7821,8.8739,3.6523

1409.8900,1.7116,1.1560,5.2313,3.1946,4.3053,8.2565,2.8225,3.0702,8.2565,3.8111

1410.8900,2.2672,1.9585,3.8730,3.9971,3.8113,8.7504,2.8225,3.1216,8.7504,3.9257

1411.8900,1.6499,1.5881,4.4904,4.1206,3.8731,8.9356,3.3165,3.1731,8.9356,3.9963

1412.8900,1.5882,1.5264,3.9965,3.9971,4.1200,8.5652,2.6373,2.9776,8.5652,3.7758

1413.8900,1.6499,1.5264,4.7373,4.3058,3.5026,8.4418,2.6991,3.0702,8.4418,3.8376

1414.8910,2.2054,1.7116,3.9347,4.1823,3.8731,8.6887,2.1434,3.0084,8.6887,3.8199

1415.8900,1.7733,1.1560,4.0582,4.2441,3.0704,8.7504,2.3904,2.7821,8.7504,3.6347

1416.8900,1.6499,1.3412,4.3052,5.4170,4.1818,8.7504,2.2669,3.1937,8.7504,3.9875

1417.8900,1.7116,1.3412,4.0582,4.0589,3.9348,9.1208,2.7608,2.9776,9.1208,3.8552

1418.8900,2.2054,1.8968,4.1199,3.8737,3.8731,8.6887,2.9460,3.1525,8.6887,3.9434

1419.8900,1.5882,1.5881,4.1199,3.3180,4.7992,8.6887,2.5138,2.9879,8.6887,3.8023

1420.8900,1.3412,2.3290,3.9965,3.9354,3.8113,9.5530,2.2051,2.9364,9.5530,3.8816

1421.8900,1.5264,1.0942,3.9347,4.0589,4.3053,8.1948,2.8225,2.9570,8.1948,3.7053

1422.8900,1.7116,1.3412,3.7495,3.8737,4.1200,8.7504,2.5138,2.8850,8.7504,3.7229

1423.8900,2.1437,1.4029,3.8730,4.0589,3.9965,8.6887,2.3904,2.9776,8.6887,3.7934

1424.8900,1.4030,1.5881,3.9965,4.1823,3.9348,8.4418,2.5756,2.9467,8.4418,3.7317

1425.8900,1.9585,1.8351,4.0582,2.2686,4.4287,8.2565,3.2547,2.9673,8.2565,3.7229

1426.8910,2.5758,1.8968,3.9965,3.9971,4.0583,8.6270,2.9460,3.2451,8.6270,4.0139

1427.8900,1.5882,1.1560,4.0582,4.1206,4.3670,8.8122,2.6373,2.9879,8.8122,3.8199

1428.8900,2.6993,0.5386,4.6139,4.0589,3.8113,8.4418,2.6373,3.0599,8.4418,3.8287

1429.8900,1.3412,1.2794,4.1199,3.9971,4.1200,8.5035,3.0078,2.9776,8.5035,3.7670

1430.8900,1.7116,1.5264,3.7495,4.0589,3.9965,8.6270,2.6991,2.9570,8.6270,3.7670

1431.8900,0.2919,1.2177,3.8730,4.3675,3.8113,9.0591,2.6373,2.6998,9.0591,3.6083

1432.8900,1.8351,1.7733,3.9965,3.7502,4.5522,8.5035,2.6373,3.0908,8.5035,3.8640

1433.8900,0.6622,2.3907,4.0582,3.9971,4.3053,8.6887,2.6373,3.0085,8.6887,3.8199

1434.8900,1.5882,1.5264,4.1817,4.4910,3.8731,8.9356,2.7608,3.0702,8.9356,3.9081

1435.8900,1.7733,1.5881,3.7495,4.9231,3.6878,8.7504,2.6373,3.0599,8.7504,3.8728

1436.8900,1.5882,1.2794,3.7495,4.0589,3.9965,8.3800,2.8843,2.9261,8.3800,3.7053

1437.8900,1.4647,1.5881,4.1817,3.9354,4.1200,8.9974,2.8843,3.0290,8.9974,3.8817

1438.8910,1.5882,1.5264,3.7495,4.1823,4.3670,8.6270,2.7608,3.0290,8.6270,3.8287

1439.8900,1.6499,0.7238,3.9965,4.1206,3.6261,8.8122,2.6373,2.7924,8.8122,3.6523

1440.8900,1.3412,1.8968,4.1199,3.9971,4.0583,8.8122,2.5756,2.9982,8.8122,3.8287

1441.8900,1.7116,1.2794,4.0582,4.4293,3.8113,8.5652,2.8225,3.0187,8.5652,3.8111

1442.8900,1.8351,1.7116,4.1199,4.6145,3.1939,9.1826,2.5756,3.0084,9.1826,3.8904

1443.8900,1.0943,1.7733,3.8730,4.1206,4.0583,8.3800,2.6991,2.9364,8.3800,3.7141

1444.8900,1.5264,1.8968,3.9965,3.9354,3.9965,8.6270,2.6991,3.0085,8.6270,3.8111

1445.8900,1.0943,1.2177,4.1199,4.1206,3.9965,8.8122,3.0695,2.9364,8.8122,3.7758

1446.8900,-0.3254,1.8968,3.1938,3.9354,4.1818,8.6270,2.7608,2.6072,8.6270,3.4672

1447.8900,1.9585,1.5264,3.8112,4.1206,3.9965,8.7504,2.5138,2.9879,8.7504,3.8111

1448.8900,1.6499,1.2794,4.9843,3.8119,4.3053,8.2565,2.5756,3.1011,8.2565,3.8376

1449.8900,1.5882,1.5264,3.6260,4.1206,4.2435,8.6270,2.8843,2.9982,8.6270,3.8023

1450.8900,1.6499,0.9708,4.3052,4.1206,3.8113,8.6887,2.7608,2.9364,8.6887,3.7582

1451.8910,1.7733,1.5881,3.6878,4.1206,3.8731,8.6887,2.3286,2.8953,8.6887,3.7229

1452.8900,2.6375,1.5881,3.9965,4.2441,4.1200,8.6887,3.1930,3.2965,8.6887,4.0668

1453.8900,1.4647,1.2794,4.3052,3.9354,3.8731,8.6887,2.6991,2.9261,8.6887,3.7494

1454.8900,1.4647,1.6499,4.3052,3.9971,3.9965,8.7504,2.6373,3.0085,8.7504,3.8287

1455.8900,1.6499,1.0942,4.2434,3.9354,3.0087,8.6270,2.6373,2.7615,8.6270,3.5994

1456.8900,0.9092,1.9585,3.8730,4.7997,4.0583,8.6270,2.6373,3.0393,8.6270,3.8376

1457.8900,1.7116,1.7116,3.9965,4.5527,3.9965,8.6270,2.8225,3.1319,8.6270,3.9169

1458.8900,1.3412,1.6499,4.1199,4.2441,4.3053,8.7504,2.6373,3.0496,8.7504,3.8640

1459.8900,1.5882,1.5881,3.9347,4.3675,3.9348,9.1208,3.0695,3.0805,9.1208,3.9434

1460.8900,1.5882,1.3412,3.9347,4.0589,4.0583,8.4418,2.6373,2.9364,8.4418,3.7229

1461.8900,1.5264,1.4029,4.4904,3.9971,3.9965,8.9356,2.4521,2.9776,8.9356,3.8287

1462.8900,1.5264,1.4647,4.1817,4.1206,3.5026,8.9356,2.9460,2.9570,8.9356,3.8111

1463.8900,1.3412,1.5881,3.9347,4.0589,3.9348,8.3183,2.8225,2.9467,8.3183,3.7141

1464.8900,1.4647,1.4647,4.2434,3.8119,4.7992,9.1208,2.5756,3.0599,9.1208,3.9258

1465.8900,1.4647,1.3412,3.9965,4.4293,3.8113,8.5652,2.9460,2.9982,8.5652,3.7935

1466.8900,1.4647,2.0203,3.8730,4.1823,3.9965,8.5035,2.6991,3.0393,8.5035,3.8199

1467.8900,1.7733,1.6499,3.9965,4.1206,4.0583,8.6887,2.5138,3.0187,8.6887,3.8287

1468.8900,1.2795,1.6499,4.1199,3.7502,4.1818,8.8122,3.1313,3.0188,8.8122,3.8464

1469.8900,1.7116,1.8351,3.8112,4.1206,4.0583,8.6887,3.1313,3.1113,8.6887,3.9081

1470.8900,1.7733,1.5264,3.8730,4.0589,4.0583,8.5035,3.0078,3.0496,8.5035,3.8287

1471.8900,0.4153,1.9585,4.3052,4.1206,4.1200,8.2565,3.2547,3.0291,8.2565,3.7759

1472.8910,1.8968,1.4647,4.1199,4.2441,4.0583,8.3800,2.8843,3.1113,8.3800,3.8640

1473.8900,1.4030,2.0820,4.1817,4.1206,3.8113,8.5652,2.8843,3.0805,8.5652,3.8640

1474.8910,1.5882,1.5881,3.8112,4.2441,3.9348,8.8122,2.6373,2.9673,8.8122,3.8023

1475.8900,1.6499,1.4647,3.9347,4.3058,4.1200,8.6887,2.7608,3.0393,8.6887,3.8464

1476.8900,1.8968,0.6621,4.2434,4.3675,4.5522,8.7504,2.6373,3.0599,8.7504,3.8728

1477.8900,1.5264,1.7116,3.9965,4.1823,3.9965,9.0591,3.1313,3.0908,9.0591,3.9434

1478.8900,1.5882,1.3412,4.2434,4.1206,3.6261,8.7504,3.1313,3.0085,8.7504,3.8287

1479.8900,1.5264,1.5881,4.1817,3.9971,3.9965,8.5652,2.6991,2.9982,8.5652,3.7935

1480.8900,1.5264,1.2794,4.2434,4.8614,4.2435,8.6270,3.1313,3.2142,8.6270,3.9875

1481.8900,1.4647,1.4029,4.0582,4.1823,3.6261,8.6887,3.0695,2.9673,8.6887,3.7846

1482.8900,1.8351,2.0820,4.2434,3.9971,3.8113,8.7504,2.9460,3.1525,8.7504,3.9522

1483.8910,1.5882,0.9090,4.0582,4.3058,3.7496,8.9356,2.9460,2.9261,8.9356,3.7846

1484.8910,1.5264,1.0942,4.0582,4.3675,3.8113,8.9356,2.6991,2.9261,8.9356,3.7846

1485.8900,1.6499,1.8968,3.9347,4.6145,4.1818,8.7504,2.5756,3.1422,8.7504,3.9434

1486.8900,1.8968,2.5142,4.2434,4.1206,4.0583,8.7504,2.5756,3.2348,8.7504,4.0228

1487.8900,1.7733,1.9585,4.3052,4.0589,4.0583,8.5035,2.6373,3.1319,8.5035,3.8993

1488.8900,1.9585,1.4647,3.9965,4.4910,5.1079,8.8122,2.8843,3.3171,8.8122,4.1021

1489.8900,1.4030,1.7116,3.9347,3.9354,4.0583,9.1208,2.8843,2.9879,9.1208,3.8640

1490.8900,1.5264,1.5881,4.3052,3.8119,4.1200,8.7504,2.6991,3.0085,8.7504,3.8287

1491.8900,1.7733,2.0203,4.6756,3.8119,4.4287,8.3800,2.6373,3.2245,8.3800,3.9610

1492.8900,1.5882,1.4647,3.6878,4.0589,4.1200,8.3800,2.9460,2.9776,8.3800,3.7494

1493.8900,1.4647,1.6499,3.7495,4.1823,3.8113,8.7504,2.8225,2.9467,8.7504,3.7758

1494.8900,1.8968,1.6499,3.8730,3.7502,3.8731,8.8739,2.5756,2.9364,8.8739,3.7846

1495.8900,1.6499,1.5881,4.1817,4.2441,4.3053,8.8122,2.7608,3.1216,8.8122,3.9346

1496.8900,1.7733,1.3412,4.4286,3.8737,3.6878,8.6887,2.6991,2.9673,8.6887,3.7846

1497.8910,1.4030,1.2794,4.0582,4.1823,4.1200,8.2565,3.1313,3.0290,8.2565,3.7758

1498.8900,1.7116,1.7733,4.3052,4.1823,4.6757,8.7504,2.6373,3.2142,8.7504,4.0051

1499.8900,1.7116,1.5264,4.4286,4.4293,4.0583,8.5035,2.9460,3.1834,8.5035,3.9434

1500.8900,1.1561,1.4647,4.3669,4.0589,4.1818,8.6270,3.5634,3.1320,8.6270,3.9170

1501.8900,1.8968,1.4647,4.4904,4.3675,3.8113,8.5652,2.5756,3.1010,8.5652,3.8816

1502.8900,1.7733,1.9585,4.1199,3.9971,4.3053,8.5652,2.6991,3.1422,8.5652,3.9169

1503.8900,1.7733,1.2794,4.1199,4.1206,4.1200,8.1948,3.0695,3.0805,8.1948,3.8111

1504.8900,1.7116,1.7733,3.7495,4.3675,4.3053,8.8122,2.8843,3.1319,8.8122,3.9434

1505.8900,2.0203,1.8351,3.8730,3.8119,3.6878,8.8739,2.6373,2.9776,8.8739,3.8199

1506.8900,1.3412,1.5881,4.3669,4.1206,4.1818,8.5652,3.3782,3.1628,8.5652,3.9346

1507.8900,1.1561,1.7733,4.3052,3.9354,4.2435,8.7504,2.2669,2.9467,8.7504,3.7758

1508.8900,1.0326,1.3412,4.3052,4.1823,3.9965,8.8122,3.3165,3.0291,8.8122,3.8552

1509.8900,1.7733,1.4029,4.1199,3.7502,4.6140,8.4418,2.6373,3.0496,8.4418,3.8199

1510.8900,1.7733,1.5264,4.1199,3.8737,3.9965,8.8122,2.6373,2.9879,8.8122,3.8199

1511.8900,1.4647,1.8351,4.1817,4.6145,4.4287,8.6887,2.5756,3.1834,8.6887,3.9699

1512.8910,1.8968,2.2055,4.2434,3.9971,3.9348,8.7504,2.6373,3.1525,8.7504,3.9522

1513.8900,1.7116,1.5264,4.3052,4.3675,3.9348,8.8122,2.9460,3.1319,8.8122,3.9434

1514.8900,1.8968,1.3412,4.5521,3.8737,4.1200,8.8122,2.9460,3.1216,8.8122,3.9346

1515.8900,1.2795,1.6499,4.3052,3.9354,4.0583,8.2565,3.2547,3.0805,8.2565,3.8199

1516.8900,1.4647,1.6499,3.8730,4.5527,4.0583,8.7504,3.0078,3.1011,8.7504,3.9081

1517.8900,1.8351,1.4647,4.6756,3.8737,3.9348,8.9356,3.0078,3.1319,8.9356,3.9610

1518.8900,1.5264,1.5881,3.9347,4.2441,3.9348,8.8739,2.7608,2.9982,8.8739,3.8376

1519.8900,1.7733,1.8968,4.2434,4.1206,4.3670,8.5652,2.8843,3.2142,8.5652,3.9787

1520.8900,1.8968,1.3412,4.3052,4.3058,3.8731,8.3183,2.8843,3.1010,8.3183,3.8464

1521.8900,0.9709,1.5264,4.3669,4.1206,4.2435,8.8122,2.6373,2.9776,8.8122,3.8111

1522.8900,1.7733,1.8968,4.3052,4.0589,4.0583,8.6887,2.6373,3.1216,8.6887,3.9169

1523.8900,1.5264,1.2177,4.3052,4.0589,4.1200,8.6887,3.3782,3.1011,8.6887,3.8993

1524.8900,1.2178,1.2794,3.9965,4.5527,3.5643,8.7504,2.8843,2.9158,8.7504,3.7494

1525.8900,1.8968,2.6376,4.3052,4.1206,3.9965,8.7504,2.5756,3.2554,8.7504,4.0404

1526.8900,1.5264,1.5881,4.5521,4.1206,3.8731,8.8739,2.5756,3.0393,8.8739,3.8728

1527.8900,1.7733,1.3412,4.8608,4.3058,3.9965,8.5652,2.7608,3.1731,8.5652,3.9434

1528.8910,1.4030,1.6499,3.9347,4.3058,3.8731,8.6270,2.6373,2.9673,8.6270,3.7758

1529.8900,1.7116,1.4647,4.1817,4.3675,3.9348,8.6887,3.1930,3.1422,8.6887,3.9346

1530.8900,2.3906,1.1560,3.7495,4.0589,4.1818,8.3800,2.9460,3.0805,8.3800,3.8375

1531.8900,1.2795,1.5264,4.1199,4.1823,4.1818,8.6270,3.1313,3.0702,8.6270,3.8640

1532.8900,1.6499,1.5264,4.3669,3.9354,4.1818,9.2443,2.9460,3.1011,9.2443,3.9787

1533.8900,1.5882,1.6499,4.1199,3.6885,4.1200,8.9974,2.6991,2.9776,8.9974,3.8376

1534.8900,1.6499,1.4029,4.1199,4.1823,4.3670,8.5652,3.1930,3.1525,8.5652,3.9258

1535.8900,1.4030,1.7116,3.9965,4.5527,3.9965,8.6887,2.8843,3.0908,8.6887,3.8905

1536.8900,1.9585,1.4029,4.2434,4.3058,3.9965,8.3183,2.7608,3.1113,8.3183,3.8552

1537.8900,1.6499,1.7116,3.9965,4.3058,3.3791,8.9974,2.5138,2.9261,8.9974,3.7934

1538.8900,1.5882,1.5264,3.8112,4.4293,4.1200,8.6887,2.8225,3.0496,8.6887,3.8552

1539.8900,1.9585,2.0203,3.3173,4.3675,3.9965,8.7504,2.8225,3.0805,8.7504,3.8905

1540.8900,1.8351,1.4029,4.3052,4.3675,4.6140,8.8122,2.7608,3.2142,8.8122,4.0139

1541.8900,1.5264,1.5264,4.0582,4.3675,3.8731,9.0591,2.8843,3.0393,9.0591,3.8993

1542.8910,1.2795,1.5881,4.3052,3.9971,4.1818,8.9356,3.1313,3.0805,8.9356,3.9169

1543.8900,1.5882,1.8968,3.6878,4.4293,4.1818,8.8122,2.7608,3.0908,8.8122,3.9081

1544.8910,1.4030,1.8968,4.1817,4.5527,4.3053,8.8122,2.6991,3.1731,8.8122,3.9787

1545.8900,1.0326,1.5264,4.4904,3.9354,4.1818,8.6887,2.5138,2.9467,8.6887,3.7670

1546.8900,1.4030,1.8968,3.9347,4.3058,3.8731,8.6270,2.8843,3.0496,8.6270,3.8464

1547.8900,1.7733,1.6499,4.3052,3.9354,3.8113,8.5652,3.1930,3.1113,8.5652,3.8905

1548.8900,1.7733,1.9585,4.1817,4.3058,3.6261,8.9356,2.7608,3.1010,8.9356,3.9346

1549.8900,1.8351,1.3412,4.3669,4.2441,4.3053,8.6270,2.6991,3.1319,8.6270,3.9169

1550.8900,1.4030,1.4029,4.2434,4.3058,3.7496,8.9356,3.1930,3.0496,8.9356,3.8905

1551.8900,1.7733,1.4029,4.6756,4.1206,3.9348,8.7504,2.5756,3.0805,8.7504,3.8905

1552.8900,2.0203,1.3412,4.0582,4.3058,3.9348,8.7504,2.6373,3.0496,8.7504,3.8640

1553.8900,1.7116,1.1560,4.2434,4.3675,3.2556,9.0591,2.5756,2.8850,9.0591,3.7670

1554.8900,1.5882,1.5881,3.9965,4.3058,3.9965,9.0591,2.7608,3.0393,9.0591,3.8993

1555.8900,1.6499,1.0942,4.4286,4.0589,3.8731,8.8122,2.5138,2.9364,8.8122,3.7758

1556.8900,1.0326,1.6499,4.1199,4.4293,3.9348,8.5652,3.3165,3.0805,8.5652,3.8640

1557.8910,1.5882,1.4029,3.9347,4.3675,4.0583,8.5652,3.0078,3.0599,8.5652,3.8464

1558.8900,1.0943,1.7733,4.0582,4.2441,3.8731,9.1826,2.8225,2.9776,9.1826,3.8640

1559.8900,2.1437,1.4647,3.8730,4.0589,4.1200,8.8122,2.3904,3.0084,8.8122,3.8375

1560.8910,1.8351,0.9708,4.3669,4.3675,4.4905,8.3800,3.1313,3.1937,8.3800,3.9346

1561.8900,1.9585,1.7116,3.8730,4.5527,4.0583,8.3183,3.2547,3.2348,8.3183,3.9610

1562.8910,1.8968,1.7116,4.6139,4.4910,3.5643,8.8122,2.6991,3.1628,8.8122,3.9698

1563.8900,1.7116,1.0942,4.1817,4.2441,4.3053,8.6270,2.7608,3.0496,8.6270,3.8464

1564.8900,1.4030,1.5881,4.2434,5.2936,4.1818,8.6270,2.6991,3.2348,8.6270,4.0051

1565.8900,1.7116,1.7116,3.8730,4.3058,3.9965,8.9356,3.0078,3.1011,8.9356,3.9346

1566.8900,1.3412,1.6499,3.8730,4.2441,4.1818,8.8122,3.0078,3.0496,8.8122,3.8728

1567.8900,1.7733,1.7733,4.6756,4.3058,3.8731,8.5652,2.8843,3.2142,8.5652,3.9787

1568.8910,1.7733,1.4029,4.1199,4.4910,4.7992,8.9356,2.7608,3.2245,8.9356,4.0404

1569.8900,2.2054,1.4647,4.0582,4.2441,3.9348,8.6270,2.6373,3.0907,8.6270,3.8816

1570.8900,2.4523,1.0325,5.1078,4.0589,3.9965,8.5652,2.9460,3.2657,8.5652,4.0228

1571.8900,1.4030,1.4029,4.2434,4.1823,3.4409,8.6887,3.0695,2.9570,8.6887,3.7758

1572.8900,1.9585,1.5881,4.0582,4.5527,4.0583,8.5035,3.0695,3.2142,8.5035,3.9698

1573.8900,1.5882,1.8351,5.3548,4.4293,3.8731,8.8122,2.6991,3.2966,8.8122,4.0845

1574.8900,1.5882,1.6499,4.2434,4.9849,3.9348,8.9356,2.7608,3.1937,8.9356,4.0139

1575.8910,1.4030,1.5881,4.1817,4.1823,4.1818,8.6887,3.5017,3.1731,8.6887,3.9610

1576.8900,1.4647,1.7733,3.8730,3.9354,3.9965,8.6887,2.6373,2.9467,8.6887,3.7670

1577.8900,2.0820,1.5881,3.9347,4.0589,4.1200,8.5652,3.0078,3.1319,8.5652,3.9081

1578.8900,1.7116,1.5264,3.8112,4.4293,4.5522,8.8122,2.7608,3.1319,8.8122,3.9434

1579.8900,1.8968,1.5264,3.4408,4.0589,3.8113,8.8122,2.5756,2.8850,8.8122,3.7317

1580.8900,1.7116,1.4029,4.0582,4.1206,4.1818,8.5035,3.0695,3.0908,8.5035,3.8640

1581.8900,1.5264,1.5264,3.8112,4.1823,4.0583,8.7504,3.2547,3.0599,8.7504,3.8728

1582.8900,1.7116,1.2177,4.1199,4.3058,4.2435,8.5652,2.7608,3.0599,8.5652,3.8464

1583.8900,1.6499,1.8351,4.4904,4.3675,3.9965,8.6887,3.1313,3.2451,8.6887,4.0228

1584.8900,1.7116,1.8968,4.7373,4.1823,4.0583,8.7504,2.8843,3.2451,8.7504,4.0316

1585.8900,2.1437,2.3907,4.1199,4.1206,3.9965,8.7504,2.5138,3.2142,8.7504,4.0051

1586.8900,1.7116,1.9585,4.2434,4.3058,3.8731,8.7504,2.5756,3.1113,8.7504,3.9169

1587.8910,1.7733,1.8968,4.3052,4.1823,4.4287,8.6887,2.8225,3.2348,8.6887,4.0139

1588.8910,1.7733,1.6499,4.6139,4.4910,4.0583,8.5035,2.6373,3.2039,8.5035,3.9610

1589.8900,2.3906,1.4029,3.9347,4.4910,4.3053,8.7504,3.0078,3.2554,8.7504,4.0404

1590.8900,1.6499,1.6499,4.3669,4.3675,3.9348,8.6887,2.8225,3.1319,8.6887,3.9257

1591.8900,1.6499,1.6499,3.8112,4.8614,3.8731,8.5652,2.7608,3.1010,8.5652,3.8816

1592.8900,1.7116,1.6499,4.3052,4.2441,3.8113,8.8122,2.8225,3.0908,8.8122,3.9081

1593.8900,1.5264,1.6499,4.3669,4.7997,4.1818,8.5652,3.0078,3.2554,8.5652,4.0140

1594.8900,1.4030,1.5264,4.3052,4.1206,4.1200,8.2565,3.0078,3.0805,8.2565,3.8199

1595.8900,1.6499,1.5881,4.3052,4.3675,4.4905,9.0591,2.7608,3.1937,9.0591,4.0316

1596.8910,1.6499,1.9585,4.2434,4.4293,3.9965,8.5652,3.0695,3.2245,8.5652,3.9875

1597.8900,1.5882,1.9585,4.7373,3.6885,4.1200,8.4418,3.3165,3.2348,8.4418,3.9787

1598.8900,1.8351,1.5881,4.0582,4.4293,5.3549,8.8739,2.8225,3.3480,8.8739,4.1374

1599.8900,1.7116,1.3412,3.7495,4.1823,4.9227,7.8861,3.1313,3.1731,7.8861,3.8464

1600.8900,1.8351,1.6499,4.1199,4.3675,4.3670,8.3183,2.9460,3.2142,8.3183,3.9434

1601.8900,2.0820,1.4029,4.0582,4.3675,3.9965,8.2565,2.8225,3.1216,8.2565,3.8552

1602.8900,1.7733,1.4647,3.8112,4.5527,3.9965,8.5652,2.6991,3.0496,8.5652,3.8375

1603.8910,1.6499,1.8351,4.3669,4.3675,3.9348,9.3678,3.0695,3.2040,9.3678,4.0845

1604.8910,2.6375,2.0820,3.8730,4.4910,3.9965,8.3183,3.0695,3.3583,8.3183,4.0668

1605.8900,1.4647,1.7733,4.3669,4.6145,4.1200,8.6270,3.5017,3.3069,8.6270,4.0669

1606.8900,1.8968,1.5264,4.3669,4.3058,3.6878,8.3800,2.6373,3.0702,8.3800,3.8287

1607.8910,1.8351,1.4647,4.3669,4.3675,4.4287,8.7504,2.7608,3.2040,8.7504,3.9963

1608.8910,1.5264,1.4029,4.1199,4.3675,4.0583,8.3183,3.0078,3.0805,8.3183,3.8287

1609.8900,1.8351,1.6499,4.3052,4.3058,3.9348,9.0591,2.8225,3.1422,9.0591,3.9875

1610.8900,1.8968,1.2177,4.3669,4.3058,3.9348,8.6270,2.3286,3.0084,8.6270,3.8111

1611.8910,1.7733,1.4647,4.3052,4.4910,4.5522,8.8122,2.8225,3.2348,8.8122,4.0316

1612.8900,1.8968,1.6499,4.1199,3.9354,4.2435,8.4418,2.8843,3.1216,8.4418,3.8817

1613.8910,1.4030,1.6499,4.4904,4.4910,4.2435,8.8739,2.6991,3.1628,8.8739,3.9787

1614.8900,1.7116,1.7116,4.4286,4.1206,4.2435,8.8739,2.8225,3.1731,8.8739,3.9875

1615.8910,1.8351,1.8968,4.1199,4.1823,3.9965,8.5652,3.0078,3.1731,8.5652,3.9434

1616.8910,1.6499,1.7733,4.4904,4.3058,3.9348,8.9356,2.6373,3.1319,8.9356,3.9610

1617.8900,1.8351,1.4029,4.1199,4.4293,4.1200,8.5652,2.8843,3.1319,8.5652,3.9081

1618.8900,1.7733,1.3412,4.2434,4.3675,3.8731,8.8739,3.0078,3.1011,8.8739,3.9257

1619.8910,1.5264,1.5264,4.3669,4.3675,3.9348,8.9974,3.6252,3.2245,8.9974,4.0492

1620.8900,1.8351,2.0820,4.0582,4.5527,4.2435,8.6887,2.3904,3.1937,8.6887,3.9787

1621.8900,1.7733,1.5264,4.3669,4.3675,4.4905,9.1208,2.9460,3.2451,9.1208,4.0845

1622.8900,1.6499,1.7116,4.3052,4.4910,4.3053,8.6270,3.3782,3.3069,8.6270,4.0669

1623.8910,3.8104,3.4402,4.1817,4.2441,4.2435,8.5652,2.6991,3.7698,8.5652,4.4549

1624.8910,1.5264,1.7733,4.1817,4.0589,4.3670,9.6147,3.0695,3.1628,9.6147,4.0845

1625.8900,1.5882,1.6499,3.6260,4.1206,4.4905,8.4418,3.1313,3.1011,8.4418,3.8640

1626.8900,2.5758,1.8351,4.1199,4.5527,3.7496,8.4418,3.0078,3.3068,8.4418,4.0404

1627.8910,1.7733,1.6499,4.1817,4.3675,4.0583,8.9356,3.0695,3.1834,8.9356,4.0051

1628.8910,1.6499,1.7733,4.2434,4.6145,4.0583,8.6270,3.0695,3.2348,8.6270,4.0051

1629.8910,1.7733,2.0820,3.9347,4.1823,4.1200,8.7504,2.9460,3.1731,8.7504,3.9698

1630.8910,1.5882,1.5264,4.4286,4.1206,4.2435,8.9356,3.0695,3.1628,8.9356,3.9875

1631.8900,1.7733,1.7116,4.3669,4.3675,4.1200,8.3183,2.9460,3.2142,8.3183,3.9434

1632.8910,1.8968,1.8351,3.8730,4.4293,4.3053,8.7504,3.0078,3.2245,8.7504,4.0139

1633.8900,1.6499,1.8351,4.2434,4.6762,4.2435,8.6270,2.9460,3.2657,8.6270,4.0316

1634.8910,1.7733,1.5264,4.3669,4.2441,4.4287,8.7504,2.8843,3.2040,8.7504,3.9963

1635.8900,1.4647,1.5881,4.4286,4.1823,4.1818,8.5652,3.3165,3.1937,8.5652,3.9610

1636.8900,1.8351,1.7733,4.3052,4.3058,3.9348,8.8739,2.6991,3.1422,8.8739,3.9610

1637.8910,1.4030,1.7116,4.1199,4.4293,3.5643,8.6887,3.0078,3.0393,8.6887,3.8464

1638.8900,1.5882,1.6499,3.9965,4.4293,4.4287,8.8122,3.3165,3.2348,8.8122,4.0316

1639.8900,2.1437,1.6499,4.0582,3.6267,4.1200,8.5652,2.6991,3.0496,8.5652,3.8375

1640.8910,1.5264,1.7116,4.0582,4.4293,3.9965,9.1208,3.0695,3.1319,9.1208,3.9875

1641.8900,1.7733,1.7733,3.9347,4.5527,4.3670,8.7504,2.8225,3.2039,8.7504,3.9963

1642.8900,1.7116,1.7733,4.4904,4.5527,4.0583,8.5652,2.6373,3.2039,8.5652,3.9698

1643.8900,2.1437,1.8351,4.0582,4.4293,4.0583,8.6887,3.0078,3.2554,8.6887,4.0316

1644.8900,2.0203,2.3290,4.4286,4.3675,4.3053,8.4418,2.8225,3.3789,8.4418,4.1021

1645.8910,1.1561,1.8968,4.5521,4.2441,4.4287,8.6887,2.9460,3.2040,8.6887,3.9875

1646.8900,1.7733,1.4029,4.3052,4.3058,3.8731,8.5652,2.5756,3.0393,8.5652,3.8287

1647.8900,1.5882,1.2177,4.3052,4.3058,3.9965,8.6887,2.9460,3.0599,8.6887,3.8640

1648.8900,1.4030,1.7116,4.1817,4.2441,4.3670,8.6270,3.5634,3.2451,8.6270,4.0140

1649.8900,1.5882,1.8968,3.9347,4.1823,4.0583,8.8122,3.0695,3.1216,8.8122,3.9346

1650.8900,1.4030,1.7733,3.9347,4.1823,4.0583,8.5035,2.8843,3.0393,8.5035,3.8199

1651.8900,1.5882,2.0203,5.1695,4.9231,3.9348,8.5035,3.2547,3.4818,8.5035,4.1992

1652.8900,1.4647,1.4647,4.1199,4.4293,3.7496,8.8739,3.8104,3.1731,8.8739,3.9875

1653.8900,1.8351,1.4647,4.8608,3.9354,3.9965,8.7504,2.9460,3.1731,8.7504,3.9699

1654.8900,1.8968,1.2177,4.3052,4.3675,4.9844,7.9479,3.1930,3.3274,7.9479,3.9875

1655.8900,1.8968,1.5881,4.7991,4.6145,3.9348,8.9974,3.0695,3.3171,8.9974,4.1286

1656.8900,1.9585,1.8968,4.0582,4.6762,3.0704,9.0591,3.0078,3.1113,9.0591,3.9610

1657.8900,1.5882,1.7116,3.5643,4.3675,4.2435,8.6270,3.2547,3.1216,8.6270,3.9081

1658.8900,1.8968,1.6499,4.4904,4.3058,3.6878,8.5035,2.8225,3.1422,8.5035,3.9081

1659.8910,1.4647,1.8968,4.1817,4.4293,4.5522,8.7504,2.6991,3.2040,8.7504,3.9963

1660.8900,1.9585,1.9585,4.4904,4.2441,4.9227,8.8122,2.8225,3.3995,8.8122,4.1727

1661.8900,1.6499,1.8968,4.0582,4.3058,3.9965,8.8122,3.0078,3.1525,8.8122,3.9610

1662.8900,1.8351,1.7733,4.3669,4.6762,4.2435,9.1826,3.1930,3.3480,9.1826,4.1815

1663.8900,1.7733,1.8968,4.3052,4.2441,4.9227,8.7504,2.6991,3.3069,8.7504,4.0845

1664.8900,1.6499,1.2177,3.6878,4.1823,4.1818,8.4418,3.0078,2.9879,8.4418,3.7670

1665.8900,2.1437,1.4029,4.5521,4.3675,4.1200,8.4418,2.6373,3.2039,8.4418,3.9522

1666.8900,1.6499,1.6499,4.3052,4.1823,4.1200,8.6887,2.9460,3.1422,8.6887,3.9346

1667.8900,1.0326,2.1438,3.8730,4.5527,4.5522,8.1948,3.0078,3.1937,8.1948,3.9081

1668.8900,1.8351,2.0820,4.1817,3.7502,4.3053,8.2565,3.1313,3.2142,8.2565,3.9346

1669.8900,1.5264,1.7733,4.4286,4.3058,4.3053,8.2565,2.9460,3.2143,8.2565,3.9346

1670.8900,1.7733,1.5264,4.6139,3.8737,4.0583,8.5652,2.8225,3.1113,8.5652,3.8905

1671.8900,2.0820,1.3412,4.2434,4.4910,4.5522,8.7504,2.9460,3.2760,8.7504,4.0580

1672.8900,1.6499,1.7116,4.1817,4.6145,3.9348,8.5035,3.0078,3.1834,8.5035,3.9434

1673.8900,1.0326,2.2672,4.1199,4.6762,4.5522,8.6887,2.8225,3.2451,8.6887,4.0228

1674.8900,2.2054,1.5881,4.3052,4.4293,3.9965,8.8122,2.9460,3.2451,8.8122,4.0404

1675.8900,1.7116,1.7733,3.8112,4.3058,3.9965,8.8739,2.8843,3.0805,8.8739,3.9081

1676.8900,1.8351,1.7116,3.9347,4.3675,4.2435,8.4418,3.0078,3.1834,8.4418,3.9346

1677.8900,1.7733,1.7116,4.1817,4.1823,4.4287,8.3800,2.8225,3.1834,8.3800,3.9258

1678.8900,1.5882,1.5881,4.5521,4.0589,3.6261,8.9974,2.8225,3.0393,8.9974,3.8905

1679.8910,1.8968,1.8351,4.7373,4.3675,4.1818,9.1208,2.9460,3.3274,9.1208,4.1551

1680.8900,2.1437,1.4647,4.3669,4.1823,4.1818,8.6887,2.9460,3.2142,8.6887,3.9963

1681.8900,2.0203,1.7116,4.1199,4.6762,4.1200,8.6270,3.0695,3.2863,8.6270,4.0492

1682.8900,1.7733,1.5881,4.8608,4.7379,4.1200,8.3800,3.1313,3.3686,8.3800,4.0845

1683.8900,1.7733,1.8351,4.2434,4.8614,4.1818,8.6270,2.9460,3.3068,8.6270,4.0669

1684.8900,1.8351,1.8968,3.5643,4.6762,3.9348,8.6887,2.7608,3.1113,8.6887,3.9081

1685.8910,1.4030,1.7733,4.2434,4.1206,4.1818,8.7504,2.9460,3.1114,8.7504,3.9169

1686.8900,1.7116,1.8351,4.0582,4.4293,4.2435,9.0591,3.0078,3.2142,9.0591,4.0492

1687.8910,1.3412,1.9585,4.3669,4.0589,4.3670,8.7504,2.7608,3.1422,8.7504,3.9434

1688.8900,1.5882,1.8351,4.4904,4.3058,4.0583,8.8122,3.5634,3.3069,8.8122,4.0933

1689.8900,1.8968,1.7733,4.2434,4.2441,4.2435,8.4418,3.1313,3.2554,8.4418,3.9963

1690.8900,1.8968,2.2055,4.4286,4.1823,4.2435,8.6270,2.8225,3.2966,8.6270,4.0580

1691.8900,2.1437,1.5881,4.1817,4.1206,4.4287,9.3061,3.7487,3.3686,9.3061,4.2168

1692.8900,2.0820,1.7116,4.0582,4.1206,4.1818,8.8122,2.8225,3.1628,8.8122,3.9698

1693.8900,1.4030,1.7733,4.1817,4.4910,3.6261,8.5652,3.2547,3.1216,8.5652,3.8993

1694.8900,1.7733,1.5264,4.0582,4.4910,4.1200,8.7504,3.0695,3.1731,8.7504,3.9698

1695.8910,1.8351,2.2055,4.1199,4.3675,4.3670,8.5035,3.0078,3.3171,8.5035,4.0580

1696.8900,1.5882,1.7116,5.1695,4.4293,4.1818,8.2565,3.1930,3.3789,8.2565,4.0757

1697.8900,1.7116,1.4647,4.4904,4.3058,4.1818,8.6887,3.2547,3.2348,8.6887,4.0140

1698.8900,2.0820,1.6499,4.3669,4.4293,4.0583,8.6270,2.8843,3.2451,8.6270,4.0139

1699.8900,2.2054,1.5881,4.3669,4.4910,4.1200,8.6887,2.8843,3.2760,8.6887,4.0492

1700.8900,1.5264,1.7116,4.3669,4.4910,4.0583,8.6887,3.4400,3.2657,8.6887,4.0404

1701.8900,1.6499,2.1438,3.8730,4.4293,3.5643,8.6270,3.1930,3.1422,8.6270,3.9257

1702.8900,2.0203,1.7116,4.3052,4.3675,3.9965,8.6270,3.0078,3.2348,8.6270,4.0051

1703.8900,1.8968,1.4029,4.4904,4.4293,4.5522,8.6887,2.8225,3.2657,8.6887,4.0404

1704.8900,1.7116,2.3907,4.4904,4.1823,4.1818,8.5035,3.0695,3.3377,8.5035,4.0757

1705.8900,2.0820,2.0203,4.7373,4.7379,4.4905,8.5035,2.8225,3.4818,8.5035,4.1992

1706.8910,1.7733,1.6499,4.3669,4.0589,4.1200,8.3183,2.8225,3.1319,8.3183,3.8728

1707.8900,1.7116,1.9585,3.9347,4.5527,4.1818,8.8122,2.4521,3.1319,8.8122,3.9434

1708.8900,1.2178,1.8968,4.4904,4.1823,4.3670,8.9356,3.2547,3.2348,8.9356,4.0492

1709.8900,1.8351,1.7116,4.4286,4.2441,2.5765,8.3800,2.8225,2.9364,8.3800,3.7141

1710.8900,1.9585,1.6499,3.8112,4.1206,4.1818,8.8739,2.9460,3.1113,8.8739,3.9346

1711.8900,1.8968,1.6499,4.3052,4.0589,4.1818,8.4418,3.2547,3.2245,8.4418,3.9699

1712.8900,1.7116,1.9585,4.4904,4.4910,4.0583,8.9974,2.9460,3.2760,8.9974,4.0933

1713.8900,1.8968,1.5881,4.1817,4.3675,4.0583,8.1948,3.0078,3.1834,8.1948,3.8993

1714.8900,1.8351,1.8351,3.8112,4.5527,4.3670,8.5652,3.3165,3.2863,8.5652,4.0404

1715.8900,1.9585,1.4029,3.4408,4.4910,4.1818,8.3800,3.1930,3.1113,8.3800,3.8640

1716.8900,1.5882,1.7733,4.4286,4.7379,4.0583,8.8739,3.3165,3.3171,8.8739,4.1110

1717.8900,1.7116,1.8351,4.1199,4.8614,4.0583,8.5652,2.7608,3.2245,8.5652,3.9875

1718.8900,2.0203,1.4647,4.4904,4.5527,4.3053,8.6270,2.7608,3.2657,8.6270,4.0316

1719.8900,1.7733,1.3412,4.2434,4.6762,3.9348,8.7504,3.0078,3.1628,8.7504,3.9610

1720.8900,2.2054,1.6499,3.9965,4.4910,4.3053,8.5035,3.1313,3.2965,8.5035,4.0404

1721.8900,2.1437,1.8351,4.3669,4.4293,4.2435,8.6887,2.7608,3.2965,8.6887,4.0669

1722.8900,2.0203,1.7116,4.1199,4.4293,3.9965,8.7504,2.9460,3.2039,8.7504,3.9963

1723.8910,1.4647,1.8968,4.2434,4.3675,4.2435,8.6887,3.2547,3.2451,8.6887,4.0228

1724.8900,1.7733,1.5881,4.3052,4.3058,3.8113,8.8122,3.0695,3.1422,8.8122,3.9522

1725.8900,1.7116,1.8968,4.1817,4.6145,4.2435,9.1208,2.7608,3.2348,9.1208,4.0757

1726.8900,2.4523,1.8968,4.0582,4.4293,3.9965,8.7504,2.4521,3.2142,8.7504,4.0051

1727.8900,1.7116,2.0203,4.1199,4.4293,4.1200,8.8122,3.0695,3.2451,8.8122,4.0404

1728.8900,2.0203,1.9585,4.1817,4.1823,3.9965,8.6887,3.0078,3.2245,8.6887,4.0051

1729.8900,1.9585,1.3412,4.3052,4.3675,4.4287,8.5652,2.8843,3.2142,8.5652,3.9787

1730.8900,1.8968,2.0820,4.3669,4.1823,4.4287,8.5035,3.0078,3.3274,8.5035,4.0669

1731.8900,1.6499,1.2177,3.9965,4.7379,3.9965,8.8739,2.8843,3.0805,8.8739,3.9081

1732.8900,1.5264,1.5881,4.4286,4.4293,3.7496,8.7504,3.1313,3.1422,8.7504,3.9434

1733.8900,2.5758,1.6499,4.0582,4.1823,4.2435,8.5652,2.4521,3.1936,8.5652,3.9610

1734.8900,1.0943,2.1438,3.7495,4.7997,3.8731,8.6887,2.9460,3.1011,8.6887,3.8993

1735.8900,1.9585,1.7733,3.1321,4.2441,4.0583,8.2565,3.1930,3.0599,8.2565,3.8023

1736.8900,1.6499,1.8351,4.3052,4.3675,3.6261,9.0591,3.3165,3.1834,9.0591,4.0228

1737.8900,1.7116,1.8351,3.9965,4.4293,5.1697,8.2565,3.3165,3.4098,8.2565,4.1022

1738.8900,0.9709,1.8968,4.1199,4.3058,4.3670,8.5652,3.3165,3.1628,8.5652,3.9346

1739.8900,1.4647,1.6499,4.6139,4.0589,4.1818,8.8122,2.8225,3.1319,8.8122,3.9434

1740.8910,1.9585,2.0203,4.6756,4.3058,4.0583,8.5652,3.0078,3.3377,8.5652,4.0845

1741.8900,1.8968,1.2177,4.2434,4.5527,3.9965,8.8122,3.1930,3.1834,8.8122,3.9875

1742.8900,1.9585,1.9585,4.3052,4.3675,3.6878,8.8739,2.8225,3.1834,8.8739,3.9963

1743.8900,2.0820,1.7733,4.2434,4.5527,3.8731,8.6887,3.0078,3.2554,8.6887,4.0316

1744.8900,2.2672,1.7733,4.1817,4.4293,4.2435,8.8739,2.6373,3.2554,8.8739,4.0580

1745.8900,1.7733,1.6499,4.1817,4.4293,3.8731,8.6887,3.1313,3.1731,8.6887,3.9610

1746.8910,2.2672,1.5881,4.4286,4.5527,4.0583,8.7504,2.9460,3.3068,8.7504,4.0845

1747.8910,1.6499,2.2055,4.1199,4.6762,4.1200,8.6270,3.4400,3.3686,8.6270,4.1198

1748.8910,1.7733,1.4029,4.4904,4.2441,4.1200,8.7504,2.7608,3.1319,8.7504,3.9346

1749.8900,1.5264,1.4647,4.6139,4.1823,4.2435,8.7504,3.1313,3.1937,8.7504,3.9875

1750.8900,1.0943,1.8351,4.1199,4.2441,4.1818,8.8122,2.7608,3.0393,8.8122,3.8640

1751.8900,1.8351,1.3412,4.2434,4.5527,4.1200,8.9356,3.1930,3.2142,8.9356,4.0316

1752.8910,2.2054,2.2055,3.9965,4.9231,4.3053,8.4418,3.0078,3.4406,8.4418,4.1550

1753.8900,2.0820,2.6994,5.2313,4.5527,4.0583,8.5652,2.8225,3.5744,8.5652,4.2873

1754.8900,2.0203,1.6499,4.3669,4.3058,4.4905,8.5652,3.0078,3.3068,8.5652,4.0580

1755.8900,1.8968,1.4647,4.2434,4.4293,3.9965,8.6270,3.2547,3.2142,8.6270,3.9875

1756.8900,1.7116,1.6499,4.2434,4.3058,4.1200,8.3183,3.2547,3.2142,8.3183,3.9434

1757.8910,1.8968,1.8351,4.7991,4.3675,3.9965,8.5652,3.0078,3.3171,8.5652,4.0669

1758.8900,2.0820,2.4524,4.3669,4.2441,4.1818,8.7504,2.8843,3.3686,8.7504,4.1374

1759.8900,2.3289,2.1438,4.2434,4.2441,4.0583,8.8739,2.9460,3.3274,8.8739,4.1198

1760.8900,2.5758,2.0820,4.6756,4.4910,4.2435,8.5652,3.1313,3.5332,8.5652,4.2521

1761.8900,2.2672,1.8351,4.3669,4.4293,4.2435,8.3800,3.0695,3.3686,8.3800,4.0845

1762.8900,1.5264,1.7733,4.1817,4.1206,4.2435,8.3800,3.5017,3.2245,8.3800,3.9610

1763.8910,1.7116,1.8968,3.9965,4.8614,4.0583,8.6270,3.0078,3.2554,8.6270,4.0228

1764.8900,1.9585,1.7733,4.5521,3.8737,4.3053,8.7504,3.1313,3.2657,8.7504,4.0492

1765.8900,1.9585,1.7116,4.6139,4.4910,4.4905,8.6887,3.1930,3.4097,8.6887,4.1639

1766.8900,1.8351,1.8351,4.3052,4.3675,4.2435,8.9356,3.2547,3.3068,8.9356,4.1110

1767.8910,1.7733,1.9585,4.1199,4.9231,4.2435,8.6270,3.1313,3.3583,8.6270,4.1110

1768.8900,1.9585,1.9585,4.1199,4.5527,5.1079,8.8739,3.0078,3.4509,8.8739,4.2256

1769.8900,1.0943,2.5759,4.1817,4.2441,4.1818,8.6270,3.1313,3.2348,8.6270,4.0051

1770.8900,1.8351,2.1438,4.1817,2.8859,4.4287,8.3800,3.1930,3.1114,8.3800,3.8640

1771.8900,2.6375,1.2177,4.4286,4.4910,4.4905,8.6887,3.0078,3.3789,8.6887,4.1374

1772.8900,1.9585,1.4647,4.8608,4.1823,4.1818,8.6887,2.9460,3.2657,8.6887,4.0404

1773.8900,1.7733,2.5142,4.4286,4.3058,4.3053,8.5652,3.1313,3.4097,8.5652,4.1462

1774.8900,2.0203,2.0203,4.3052,4.4293,3.8113,8.8739,2.7608,3.2245,8.8739,4.0316

1775.8900,1.7116,1.7116,4.4286,4.4293,3.9348,8.8122,3.3165,3.2554,8.8122,4.0492

1776.8900,2.1437,1.7116,4.4286,4.6145,4.3053,8.6270,3.1930,3.3994,8.6270,4.1462

1777.8900,2.0820,1.5881,4.6139,4.1823,4.4287,8.1948,2.8843,3.2966,8.1948,3.9963

1778.8900,1.7733,1.2177,4.1199,4.6145,3.9965,8.9356,3.1313,3.1422,8.9356,3.9698

1779.8900,1.4647,2.0203,5.1078,4.6145,4.0583,8.8739,2.8225,3.3480,8.8739,4.1374

1780.8900,1.6499,2.2672,4.0582,4.4293,4.2435,8.6887,3.1930,3.3068,8.6887,4.0757

1781.8900,2.2054,1.5264,4.3052,4.5527,4.4287,8.7504,2.9460,3.3274,8.7504,4.1021

1782.8900,2.3906,1.2177,4.3052,4.4293,3.4409,8.8122,3.1930,3.1628,8.8122,3.9698

1783.8900,2.0203,2.9463,4.4286,4.3058,4.2435,8.5652,2.8843,3.4715,8.5652,4.1992

1784.8910,2.0203,1.5881,4.1199,4.3675,4.6140,8.2565,3.0078,3.2863,8.2565,3.9963

1785.8900,1.4647,2.1438,5.1078,4.1823,4.8610,8.5035,2.8843,3.4406,8.5035,4.1639

1786.8900,1.8351,1.7116,4.3669,4.3675,4.2435,8.5652,3.2547,3.2966,8.5652,4.0492

1787.8900,1.6499,1.6499,3.9347,4.4293,4.1818,8.5652,3.1930,3.1731,8.5652,3.9434

1788.8900,1.9585,1.6499,4.3669,4.4910,4.4287,8.2565,3.1313,3.3377,8.2565,4.0404

1789.8900,2.0203,1.8968,4.1817,3.9354,3.9965,8.7504,3.0078,3.1731,8.7504,3.9698

1790.8900,1.8351,1.9585,4.7991,4.6145,4.1200,8.0713,3.3782,3.4509,8.0713,4.1110

1791.8900,1.5882,1.5264,4.2434,4.5527,3.9348,8.7504,3.2547,3.1834,8.7504,3.9787

1792.8910,1.8968,1.7733,4.3669,4.0589,4.3053,8.5035,3.0078,3.2348,8.5035,3.9875

1793.8900,1.4030,1.7116,4.4286,4.1823,4.2435,8.8122,3.2547,3.2040,8.8122,4.0051

1794.8900,1.8968,1.5881,4.5521,4.4910,4.6757,9.0591,3.0078,3.3686,9.0591,4.1815

1795.8910,1.8968,1.8351,4.2434,4.1823,4.0583,8.6270,2.7608,3.1628,8.6270,3.9434

1796.8900,1.7116,1.7733,4.1817,4.7379,4.3053,9.3678,3.0695,3.2966,9.3678,4.1639

1797.8900,2.0203,1.7733,5.1078,3.8737,4.7375,8.5035,3.0695,3.4303,8.5035,4.1551

1798.8900,1.8968,1.9585,3.9347,4.5527,4.3670,8.5035,3.2547,3.3274,8.5035,4.0669

1799.8900,1.9585,1.8968,4.5521,4.5527,4.0583,8.5035,2.7608,3.2965,8.5035,4.0404

1800.8900,1.5882,1.7116,4.4904,4.4293,3.8113,8.5652,2.8843,3.1525,8.5652,3.9258

1801.8900,1.8351,1.8968,5.0460,4.4293,4.6140,8.5035,3.1313,3.4921,8.5035,4.2080

1802.8900,2.0820,1.8351,4.1199,4.3675,4.4905,8.5652,2.9460,3.3068,8.5652,4.0580

1803.8900,1.7116,1.8968,4.2434,4.4910,3.8731,8.7504,3.1313,3.2245,8.7504,4.0139

1804.8900,1.7733,1.7733,3.9347,4.4910,3.7496,8.3800,3.1930,3.1525,8.3800,3.8993

1805.8910,2.0820,1.7733,4.6139,4.5527,3.9348,8.5652,3.0695,3.3377,8.5652,4.0845

1806.8900,2.0203,1.7116,4.2434,4.6145,4.8610,8.8122,3.0695,3.4200,8.8122,4.1903

1807.8900,2.0820,1.7116,4.3052,4.7379,3.8731,8.6887,3.1313,3.3068,8.6887,4.0757

1808.8900,1.7116,2.1438,3.9965,4.3675,3.9348,8.6887,3.1313,3.2142,8.6887,3.9963

1809.8910,1.6499,1.8968,4.0582,4.6145,4.2435,8.8739,3.3782,3.3069,8.8739,4.1021

1810.8900,1.6499,2.2672,4.4904,4.1823,4.2435,8.6270,3.3165,3.3583,8.6270,4.1110

1811.8900,1.5882,2.5142,4.3052,4.3675,4.0583,8.5652,3.0695,3.3171,8.5652,4.0669

1812.8900,1.8351,1.1560,4.4286,4.7379,4.1818,8.8739,3.1930,3.2554,8.8739,4.0580

1813.8900,1.7733,1.8968,5.8487,4.4910,4.4905,8.4418,3.4400,3.6567,8.4418,4.3403

1814.8900,2.1437,1.3412,4.4904,4.6145,4.1200,8.6887,1.6495,3.0599,8.6887,3.8640

1815.8900,1.8968,1.7116,4.2434,4.4293,4.6140,8.8739,3.0078,3.3171,8.8739,4.1110

1816.8900,1.9585,1.8351,4.7991,4.4293,4.1818,8.6270,3.3165,3.4200,8.6270,4.1639

1817.8900,1.5882,2.0203,4.3669,4.9231,4.1818,8.5652,3.1313,3.3686,8.5652,4.1110

1818.8900,1.8968,1.7733,4.1817,4.3675,4.1818,8.7504,3.0078,3.2348,8.7504,4.0228

1819.8900,1.6499,1.9585,5.5400,4.8614,4.2435,8.9356,3.0695,3.5538,8.9356,4.3226

1820.8900,1.8968,1.5881,4.6756,4.6145,4.0583,8.8122,3.0078,3.3068,8.8122,4.0933

1821.8900,1.8968,1.8968,4.2434,5.1701,3.8731,8.8122,3.2547,3.3892,8.8122,4.1639

1822.8900,2.0820,1.5264,4.3669,4.6145,4.1818,8.9356,2.5138,3.2142,8.9356,4.0316

1823.8900,1.7733,1.8351,4.2434,4.4910,3.8731,8.2565,3.3782,3.2657,8.2565,3.9787

1824.8900,1.9585,2.0203,5.1695,4.0589,4.4905,8.6270,3.1930,3.4818,8.6270,4.2168

1825.8900,1.6499,1.8351,4.3052,4.3675,4.4905,8.9356,2.4521,3.1834,8.9356,4.0051

1826.8900,1.7733,1.4647,4.3052,5.9726,4.3053,8.4418,3.3782,3.5332,8.4418,4.2344

1827.8900,2.2054,1.6499,4.1817,4.7997,5.1697,8.7504,3.0695,3.5126,8.7504,4.2609

1828.8900,1.8968,1.8968,4.5521,4.6145,4.6140,8.4418,3.3782,3.4921,8.4418,4.1992

1829.8900,2.8844,0.9090,4.9843,4.6762,4.1200,8.8739,3.1313,3.4509,8.8739,4.2256

1830.8900,1.5882,1.0942,4.7991,4.2441,4.4905,8.2565,3.3782,3.2657,8.2565,3.9787

1831.8900,2.4523,2.2672,4.2434,4.1823,4.1818,9.8617,3.5017,3.4715,9.8617,4.3844

1832.8910,1.8351,1.7733,4.6756,4.7379,4.7375,8.9356,3.1930,3.4921,8.9356,4.2697

1833.8900,1.8351,1.7116,4.1199,4.5527,4.3053,8.2565,3.3165,3.3068,8.2565,4.0139

1834.8900,1.7116,2.0203,5.3548,4.7379,4.3053,8.6270,3.1930,3.5538,8.6270,4.2785

1835.8900,2.1437,1.8351,4.7373,4.6762,4.1818,8.4418,2.9460,3.4200,8.4418,4.1374

1836.8900,1.6499,1.9585,4.2434,4.3675,4.1200,8.6887,3.1313,3.2451,8.6887,4.0228

1837.8900,1.7733,1.0325,4.1817,4.1823,4.3670,8.4418,3.3782,3.1525,8.4418,3.9081

1838.8900,2.0203,1.4647,4.9843,4.0589,4.3053,8.5652,2.9460,3.2966,8.5652,4.0492

1839.8900,1.9585,1.7733,4.9226,4.4293,4.1818,8.5035,3.1313,3.3995,8.5035,4.1286

1840.8900,1.7733,2.0203,5.3548,4.4293,4.0583,8.3800,3.0078,3.4406,8.3800,4.1462

1841.8900,2.5141,2.0203,4.3052,4.3058,4.3053,8.6887,3.0695,3.4200,8.6887,4.1727

1842.8900,1.7733,1.9585,4.3669,4.7997,4.3670,8.4418,2.9460,3.3686,8.4418,4.0933

1843.8900,2.3289,1.7733,4.4286,4.5527,3.8731,8.7504,3.4400,3.3994,8.7504,4.1639

1844.8910,1.9585,1.7733,4.3052,4.5527,4.3670,8.8122,3.0695,3.3377,8.8122,4.1198

1845.8900,2.0203,1.5881,4.0582,3.9971,4.4905,8.6270,3.5017,3.2760,8.6270,4.0404

1846.8900,1.3412,1.9585,4.5521,4.4293,4.5522,8.6887,2.8843,3.2863,8.6887,4.0581

1847.8900,1.9585,2.0203,4.3052,4.6145,4.3670,9.3061,3.0695,3.3892,9.3061,4.2344

1848.8900,1.7733,1.6499,3.5643,4.9849,4.3670,8.8739,3.4400,3.2966,8.8739,4.0933

1849.8900,1.6499,1.7733,4.6139,4.7379,4.0583,8.5652,2.9460,3.2966,8.5652,4.0492

1850.8900,1.8968,2.7611,4.3669,4.3675,4.2435,8.6887,3.3165,3.4921,8.6887,4.2344

1851.8900,2.3289,1.8968,4.1817,4.8614,4.1200,8.5652,3.0695,3.4097,8.5652,4.1462

1852.8900,2.8844,1.2794,5.2930,4.4293,4.1200,8.5035,3.1313,3.5229,8.5035,4.2344

1853.8900,1.8351,1.7116,3.7495,4.4293,4.5522,8.4418,3.1313,3.2348,8.4418,3.9787

1854.8910,1.6499,2.0203,4.5521,4.1823,4.3670,8.5035,3.0078,3.2966,8.5035,4.0404

1855.8900,2.0203,1.8351,4.3052,4.6762,4.7992,8.5652,3.6252,3.5435,8.5652,4.2609

1856.8900,1.8968,1.8968,3.7495,4.6762,4.6140,8.4418,3.3782,3.3686,8.4418,4.0933

1857.8900,2.5141,2.1438,4.1199,4.6145,4.3053,8.6887,2.6373,3.3891,8.6887,4.1462

1858.8900,1.9585,2.2672,4.1199,4.4293,4.3670,8.5035,3.1930,3.3892,8.5035,4.1198

1859.8900,1.9585,2.0820,3.9347,4.7379,4.4905,8.5035,3.2547,3.4097,8.5035,4.1374

1860.8900,1.8968,2.0203,4.3052,4.4293,4.1200,8.6887,3.1930,3.3274,8.6887,4.0933

1861.8900,2.0203,2.2055,4.2434,4.9231,4.9227,8.2565,3.0695,3.5641,8.2565,4.2344

1862.8900,2.3289,1.7116,4.6139,4.8614,4.6140,8.5652,3.0078,3.5229,8.5652,4.2432

1863.8900,2.2054,2.6994,4.6756,4.4293,4.6757,8.3800,3.0078,3.6155,8.3800,4.2962

1864.8900,1.8968,1.7733,4.5521,4.9231,4.4905,8.5035,3.1930,3.4715,8.5035,4.1903

1865.8900,1.8351,2.0203,4.3669,4.1823,4.5522,8.8122,2.8843,3.3069,8.8122,4.0933

1866.8900,1.9585,2.0820,3.8112,4.4910,4.6757,8.6887,3.3782,3.3995,8.6887,4.1551

1867.8900,2.0203,1.7733,4.6756,4.6145,4.1200,8.7504,3.1313,3.3892,8.7504,4.1551

1868.8900,1.6499,2.0820,4.1199,4.4293,4.5522,9.3061,3.3165,3.3583,9.3061,4.2080

1869.8900,1.9585,2.0820,4.4286,4.9231,4.4287,8.4418,3.0695,3.4818,8.4418,4.1903

1870.8900,2.0203,1.7733,4.4904,4.5527,4.4287,8.3800,3.1930,3.4097,8.3800,4.1198

1871.8900,2.0820,1.7733,3.8730,4.6762,4.1200,8.5035,3.1313,3.2760,8.5035,4.0228

1872.8900,1.7116,1.6499,4.9843,4.4910,4.0583,8.7504,3.0078,3.3171,8.7504,4.0933

1873.8900,2.3289,2.0820,4.1817,4.7997,4.1200,8.5652,2.7608,3.3789,8.5652,4.1198

1874.8900,2.2672,2.0820,4.7991,4.8614,4.4287,8.5652,2.9460,3.5641,8.5652,4.2785

1875.8900,2.1437,1.8968,4.9226,4.8614,4.1818,8.5652,3.1313,3.5229,8.5652,4.2433

1876.8900,1.9585,2.0203,4.2434,4.6145,3.8113,8.9974,3.0078,3.2760,8.9974,4.0933

1877.8900,1.8968,2.5142,4.4286,4.4293,4.3670,8.5652,3.3165,3.4921,8.5652,4.2168

1878.8900,1.6499,1.8968,4.4286,4.9231,4.2435,8.5035,3.1930,3.3892,8.5035,4.1198

1879.8900,2.5141,2.3907,4.1817,4.3058,4.1200,8.7504,3.3165,3.4715,8.7504,4.2256

1880.8910,1.7733,1.7733,4.3052,4.6145,3.9965,8.7504,3.5017,3.3274,8.7504,4.1021

1881.8900,2.5141,1.9585,4.3052,4.6145,4.4287,8.3800,2.5756,3.3994,8.3800,4.1109

1882.8900,1.9585,1.7116,4.2434,4.6762,3.9965,8.6887,3.3165,3.3171,8.6887,4.0845

1883.8900,1.5882,2.0820,4.4286,4.9231,4.3670,8.5035,3.5017,3.4818,8.5035,4.1992

1884.8900,1.9585,2.1438,4.1817,4.6762,4.4287,8.8739,3.1313,3.4200,8.8739,4.1992

1885.8910,1.8351,1.9585,3.1938,4.7997,3.9348,8.9356,3.0695,3.1319,8.9356,3.9610

1886.8900,2.0820,2.3907,4.7373,4.5527,4.0583,8.5652,3.3165,3.5229,8.5652,4.2433

1887.8900,2.0203,2.0203,4.3052,4.5527,4.3670,8.3183,3.1313,3.3994,8.3183,4.1021

1888.8900,3.1931,1.7116,4.4286,4.2441,4.3053,8.6270,3.1313,3.5023,8.6270,4.2344

1889.8900,1.8968,2.4524,4.0582,4.4910,3.9965,8.9356,3.1930,3.3480,8.9356,4.1462

1890.8900,1.7116,1.8968,4.4286,4.7379,3.9965,8.6270,3.3165,3.3480,8.6270,4.1021

1891.8900,1.8968,1.9585,4.4904,4.4293,4.3053,8.5035,3.3782,3.4097,8.5035,4.1374

1892.8900,2.0203,1.8351,4.5521,4.6762,4.6140,8.9356,3.1930,3.4818,8.9356,4.2609

1893.8910,2.0820,2.1438,4.3052,4.6145,4.3053,8.5652,2.7608,3.3686,8.5652,4.1110

1894.8900,2.3906,2.3907,4.2434,4.3675,4.1200,8.0713,3.2547,3.4612,8.0713,4.1198

1895.8900,2.0203,1.7116,4.4904,4.4293,4.6140,8.0713,3.3165,3.4303,8.0713,4.0933

1896.8900,1.7733,1.5881,4.6756,4.7379,4.0583,8.8739,3.3782,3.3686,8.8739,4.1551

1897.8900,1.8351,2.0203,3.8112,4.9231,4.5522,8.4418,3.4400,3.4303,8.4418,4.1462

1898.8900,1.8351,1.8968,4.7991,4.4910,4.3053,8.6270,3.0695,3.3995,8.6270,4.1462

1899.8900,1.9585,1.7116,4.4904,4.4293,4.6140,8.6270,3.5634,3.4612,8.6270,4.1992

1900.8900,1.7733,1.7116,4.4286,4.9231,4.7375,8.5035,3.2547,3.4715,8.5035,4.1903

1901.8900,1.8351,1.7116,4.4904,4.6762,4.7375,8.9356,2.9460,3.3995,8.9356,4.1903

1902.8900,2.2672,2.0820,4.3052,4.6762,4.4287,8.5652,3.0695,3.4715,8.5652,4.1991

1903.8900,2.3289,1.6499,4.4286,4.3058,4.3053,8.5652,3.5634,3.4303,8.5652,4.1639

1904.8910,2.0820,1.9585,4.4904,4.2441,4.7375,8.4418,3.1930,3.4509,8.4418,4.1639

1905.8900,3.1314,2.0203,4.3669,4.4293,4.5522,8.3183,3.3165,3.6361,8.3183,4.3050

1906.8900,1.2795,1.7733,4.2434,4.7379,3.9348,8.6270,3.3165,3.2143,8.6270,3.9875

1907.8900,2.0203,1.8351,5.0460,4.7997,4.1818,7.3305,3.3782,3.5435,7.3305,4.0845

1908.8900,1.8968,1.6499,4.9843,4.1823,4.3670,8.7504,3.0695,3.3583,8.7504,4.1286

1909.8900,1.7116,2.0203,4.4286,4.6145,5.4166,8.3800,3.6869,3.6464,8.3800,4.3227

1910.8900,2.2672,2.0820,4.1817,4.7379,4.1818,8.8122,3.1313,3.4303,8.8122,4.1991

1911.8900,1.7733,1.6499,4.8608,4.4293,4.3053,8.3183,3.1313,3.3583,8.3183,4.0669

1912.8900,2.0203,1.7733,4.3052,4.4293,4.2435,8.1331,2.8225,3.2657,8.1331,3.9610

1913.8900,2.0820,1.8351,4.6756,4.3675,4.1818,8.3183,3.2547,3.3995,8.3183,4.1021

1914.8910,2.2054,1.8351,5.0460,4.4293,4.3053,8.8122,3.0078,3.4715,8.8122,4.2344

1915.8900,2.2054,1.5881,4.4904,4.6145,4.9844,9.3061,2.7608,3.4406,9.3061,4.2785

1916.8900,1.9585,1.8968,4.5521,4.4293,4.1818,8.5652,3.1930,3.3686,8.5652,4.1110

1917.8900,1.5264,2.1438,3.9347,4.7997,4.4287,8.1948,3.6869,3.4200,8.1948,4.1022

1918.8900,2.0203,2.1438,4.3669,4.7379,4.2435,9.2443,3.3165,3.4715,9.2443,4.2962

1919.8900,2.0820,2.0203,5.0460,4.5527,4.2435,8.7504,3.0695,3.5023,8.7504,4.2521

1920.8900,2.6375,1.8351,4.9226,4.9849,4.4287,8.3800,3.1930,3.6670,8.3800,4.3403

1921.8900,1.8968,2.2055,4.7373,4.4910,4.7375,8.6887,3.1930,3.5435,8.6887,4.2785

1922.8900,2.0203,2.0820,4.0582,4.6145,4.4287,8.4418,3.3165,3.4200,8.4418,4.1374

1923.8900,1.5882,2.0820,4.0582,4.6762,4.1200,9.1826,2.9460,3.2451,9.1826,4.0933

1924.8910,2.0820,1.8968,4.9226,4.3675,4.3053,8.9974,3.3782,3.4921,8.9974,4.2785

1925.8900,1.5882,2.2672,4.5521,4.4293,4.6140,8.6270,3.1930,3.4406,8.6270,4.1815

1926.8900,2.2054,2.0820,4.6139,4.4293,4.9844,8.5035,3.0695,3.5641,8.5035,4.2697

1927.8900,1.7733,2.0203,4.4286,4.9231,4.6140,8.6270,3.3782,3.5229,8.6270,4.2521

1928.8900,1.8968,2.0820,4.7373,4.7379,4.3053,8.8739,3.0695,3.4715,8.8739,4.2433

1929.8900,1.5264,2.1438,4.6139,4.9849,4.4287,8.4418,3.4400,3.5229,8.4418,4.2256

1930.8910,1.9585,3.3785,3.9347,4.9231,3.9348,8.7504,3.1930,3.5538,8.7504,4.2962

1931.8900,3.0079,2.0820,4.2434,4.6762,4.7375,8.6270,3.0695,3.6361,8.6270,4.3491

1932.8900,2.1437,1.9585,4.3669,4.1206,4.1818,8.9356,3.3165,3.3480,8.9356,4.1462

1933.8900,1.7116,1.9585,4.4904,4.4293,4.6757,9.2443,3.5017,3.4612,9.2443,4.2874

1934.8900,1.6499,1.8351,4.6756,4.6145,4.5522,8.4418,3.8721,3.5332,8.4418,4.2345

1935.8900,2.2054,2.4524,4.5521,4.3675,4.5522,8.3800,2.8843,3.5023,8.3800,4.1992

1936.8900,1.9585,2.3907,4.9226,4.4293,4.1818,8.5652,3.1930,3.5126,8.5652,4.2344

1937.8910,1.7116,2.0203,4.1817,5.4788,4.3053,9.2443,3.1313,3.4715,9.2443,4.2962

1938.8900,2.0820,1.7733,4.7991,4.4910,4.6757,8.9974,3.2547,3.5126,8.9974,4.2962

1939.8900,1.8351,1.9585,4.4286,4.4293,2.9469,9.0591,3.1313,3.1216,9.0591,3.9698

1940.8900,1.8968,1.7116,4.3052,4.4293,3.7496,9.7382,3.8721,3.3274,9.7382,4.2433

1941.8900,2.1437,2.2672,4.2434,4.7997,4.4905,8.6270,3.0695,3.5023,8.6270,4.2344

1942.8900,2.5141,1.7116,4.3052,4.9231,4.1818,8.4418,3.1930,3.4715,8.4418,4.1815

1943.8900,1.8968,2.2055,4.3052,4.5527,4.2435,8.7504,3.3782,3.4303,8.7504,4.1903

1944.8900,2.6375,1.8968,4.2434,4.5527,5.5401,9.3061,3.0695,3.6567,9.3061,4.4637

1945.8900,1.9585,1.8351,4.7373,4.2441,4.4287,8.9356,3.2547,3.4097,8.9356,4.1992

1946.8900,1.8968,2.3290,4.3669,4.4910,4.1200,8.8122,3.2547,3.4097,8.8122,4.1815

1947.8900,1.8968,2.0820,4.5521,4.1823,4.5522,8.8122,3.0695,3.3892,8.8122,4.1639

1948.8900,2.4523,1.6499,4.3669,4.4910,4.3053,8.7504,3.1930,3.4097,8.7504,4.1727

1949.8900,2.4523,2.1438,4.1199,4.5527,4.4287,8.5035,2.8225,3.4200,8.5035,4.1462

1950.8900,2.2672,1.7733,4.5521,5.3553,4.6757,8.1331,3.0695,3.6155,8.1331,4.2609

1951.8900,2.2054,1.4647,4.4286,4.6145,4.2435,8.6887,3.1930,3.3583,8.6887,4.1198

1952.8900,2.0203,1.9585,4.6139,4.8614,4.3053,8.8122,3.2547,3.5023,8.8122,4.2609

1953.8900,2.2672,1.9585,4.3669,4.4293,4.3053,8.8122,3.0695,3.3994,8.8122,4.1727

1954.8900,2.0820,2.0203,3.8730,4.9849,4.0583,8.6270,3.2547,3.3789,8.6270,4.1286

1955.8900,1.8351,1.8351,4.3052,4.5527,4.1818,8.8739,3.2547,3.3274,8.8739,4.1198

1956.8900,2.2054,1.9585,4.4904,5.0466,4.3670,8.5035,3.6252,3.6155,8.5035,4.3138

1957.8900,2.2672,1.8968,4.3052,4.6762,4.1818,8.5035,3.1313,3.4097,8.5035,4.1374

1958.8900,2.2054,1.8351,4.6139,4.3058,4.6140,8.5035,2.9460,3.4200,8.5035,4.1462

1959.8900,1.9585,2.2055,4.6139,4.7379,3.9965,8.5035,3.5017,3.5023,8.5035,4.2168

1960.8900,1.7733,2.3907,4.1199,4.3675,4.3670,8.5035,3.1930,3.3686,8.5035,4.1021

1961.8900,2.0820,1.7733,4.5521,4.3058,4.5522,8.5035,3.1930,3.4097,8.5035,4.1374

1962.8900,1.8968,2.4524,4.4286,4.3058,4.3670,8.5035,3.2547,3.4509,8.5035,4.1727

1963.8900,2.0820,2.2055,4.0582,4.7997,5.3549,8.8739,3.9339,3.7390,8.8739,4.4726

1964.8910,1.4647,2.2055,4.2434,4.5527,4.3670,8.6887,3.1313,3.3274,8.6887,4.0933

1965.8900,2.6375,1.3412,4.5521,4.4910,4.3670,8.6270,3.3782,3.4612,8.6270,4.1991

1966.8900,2.2672,1.6499,4.5521,4.4293,4.8610,8.5035,3.0695,3.4715,8.5035,4.1903

1967.8900,2.0203,1.7116,4.0582,4.4910,4.4287,8.3800,3.1930,3.3171,8.3800,4.0404

1968.8900,2.1437,2.3290,4.7991,4.4910,4.1200,8.3183,3.3782,3.5435,8.3183,4.2256

1969.8900,2.0203,2.3290,4.4286,4.5527,4.5522,8.5035,3.3165,3.5332,8.5035,4.2433

1971.2940,2.5141,1.6499,4.6139,4.6145,4.7375,8.8739,3.0695,3.5332,8.8739,4.2962

1971.8900,2.0820,1.8351,4.3669,4.6762,4.2435,8.5652,3.3782,3.4303,8.5652,4.1639

1972.8900,1.9585,2.1438,4.3669,4.4910,4.6140,8.8122,3.1930,3.4612,8.8122,4.2256

1973.8900,1.8351,2.0820,4.4286,4.4293,4.4287,8.5652,3.5017,3.4509,8.5652,4.1815

1974.8900,1.7116,1.8968,4.3052,4.6762,4.1200,8.5652,3.2547,3.3274,8.5652,4.0757

1975.8900,2.2054,1.9585,4.6756,4.6145,4.6757,8.5652,3.8104,3.6567,8.5652,4.3579

1976.8900,2.4523,2.2055,4.4904,4.3675,4.3053,8.5035,3.1313,3.4920,8.5035,4.2080

1977.8900,1.4647,2.2672,4.6139,4.4293,4.5522,8.6887,2.7608,3.3480,8.6887,4.1110

1978.8900,2.1437,2.1438,4.3669,4.6145,4.6757,8.5035,3.1930,3.5229,8.5035,4.2344

1979.8900,2.0820,1.8968,4.8608,4.4293,4.4287,8.5035,3.3165,3.5024,8.5035,4.2168

1980.8900,2.0820,2.2055,4.5521,4.4293,4.6757,9.3678,3.3782,3.5538,9.3678,4.3844

1981.8900,2.2672,2.0820,4.4286,4.1823,4.5522,8.7504,2.8843,3.3994,8.7504,4.1639

1982.8900,2.0820,1.9585,4.7991,4.9849,4.5522,8.7504,2.8225,3.5332,8.7504,4.2785

1983.8910,2.0820,1.8968,4.4286,4.3675,4.8610,8.5035,3.0695,3.4509,8.5035,4.1727

1984.8900,2.2054,1.6499,4.3669,4.6762,4.3670,8.6887,3.0078,3.3789,8.6887,4.1374

1985.8900,2.1437,2.2055,4.4286,5.0466,4.6757,8.5035,3.1930,3.6155,8.5035,4.3138

1986.8900,1.9585,1.9585,4.3669,4.9231,4.1818,8.6887,3.6869,3.5126,8.6887,4.2521

1987.8900,2.8844,2.1438,4.4904,4.4293,4.4905,8.3800,3.3165,3.6258,8.3800,4.3050

1988.8910,2.3289,2.0203,4.5521,4.6762,4.5522,8.9356,3.1313,3.5435,8.9356,4.3138

1989.8900,2.1437,1.8968,4.4286,4.8614,4.1200,8.7504,3.0078,3.4097,8.7504,4.1727

1990.8900,2.0820,1.8968,4.3669,4.7997,4.4287,8.8739,3.0078,3.4303,8.8739,4.2080

1991.8900,1.8968,1.6499,4.6756,4.5527,4.6140,8.4418,3.6252,3.5024,8.4418,4.2080

1992.8900,1.8351,1.3412,4.3669,4.6145,4.6757,8.5035,3.0695,3.3171,8.5035,4.0581

1993.8900,2.0203,2.1438,4.5521,4.4910,4.1200,8.5035,3.3782,3.4509,8.5035,4.1727

1994.8900,2.1437,1.8968,4.1817,4.6762,4.4905,8.5652,3.3165,3.4509,8.5652,4.1815

1995.8900,2.0203,1.8351,4.8608,4.5527,4.3053,8.7504,3.2547,3.4715,8.7504,4.2256

1996.8900,2.2054,1.7733,4.5521,4.2441,4.6757,8.4418,3.3165,3.4612,8.4418,4.1727

1997.8900,2.0820,2.0820,4.6756,4.5527,4.5522,8.6887,3.1930,3.5229,8.6887,4.2609

1998.8900,1.9585,1.8968,4.4286,3.9354,4.4287,8.7504,3.0078,3.2760,8.7504,4.0580

1999.8900,2.0820,2.5142,4.7373,4.4293,4.3053,8.5652,3.3165,3.5641,8.5652,4.2785

2000.8900,2.2054,1.7116,4.4904,4.6145,4.3670,8.7504,3.1313,3.4200,8.7504,4.1815

2001.8900,2.3289,1.8351,5.0460,4.3675,4.3670,8.5652,3.1930,3.5229,8.5652,4.2433

2002.8900,1.8351,1.8351,4.3669,4.4910,3.9348,8.6270,3.3782,3.3068,8.6270,4.0669

2003.8900,2.1437,2.3290,4.2434,4.6762,4.4905,8.7504,3.1930,3.5126,8.7504,4.2609

2004.8910,2.3289,1.5881,4.4904,4.6145,4.0583,8.8122,3.1313,3.3686,8.8122,4.1462

2005.8900,1.9585,2.1438,4.0582,4.7379,4.3053,8.9974,3.1930,3.3994,8.9974,4.1992

2006.8900,2.2054,1.9585,4.7373,4.2441,4.4905,8.7504,3.1313,3.4612,8.7504,4.2168

2007.8910,2.0820,2.9463,5.1695,4.2441,4.2435,8.5035,3.3782,3.6773,8.5035,4.3667

2008.8910,2.3289,1.7116,4.5521,5.2936,3.9965,8.7504,3.0078,3.4817,8.7504,4.2344

2009.8900,2.0820,2.0820,4.3669,4.6762,4.3670,9.0591,3.4400,3.5023,9.0591,4.2962

2010.8900,2.2672,1.7733,4.5521,4.6762,4.4287,8.8122,2.6373,3.3892,8.8122,4.1639

2011.8900,2.2672,2.1438,4.4286,4.4293,4.2435,8.8122,3.0695,3.4303,8.8122,4.1991

2012.8910,2.2672,2.3290,4.3669,4.6145,4.2435,8.8122,3.2547,3.5126,8.8122,4.2697

2013.8900,2.7610,2.0820,4.3669,4.4293,4.4905,8.4418,3.1313,3.5435,8.4418,4.2432

2014.8900,1.9585,1.8968,4.3052,4.7379,4.0583,8.6270,3.2547,3.3686,8.6270,4.1198

2015.8900,2.3289,1.6499,4.6139,4.7997,4.7375,8.6887,3.1930,3.5538,8.6887,4.2874

2016.8900,2.1437,2.2672,4.4286,4.6762,4.5522,8.6887,3.2547,3.5538,8.6887,4.2874

2017.8900,2.0203,2.0203,3.9347,4.8614,4.1818,8.7504,3.2547,3.3789,8.7504,4.1462

2018.8900,2.1437,2.0820,3.1938,4.9849,4.1818,8.5035,3.3165,3.3171,8.5035,4.0580

2019.8900,2.4523,1.8351,4.3669,4.7379,4.6140,8.7504,3.1930,3.5332,8.7504,4.2785

2020.8900,2.0820,1.7733,4.3052,4.7379,4.4905,8.2565,3.4400,3.4715,8.2565,4.1551

2021.8900,2.3906,1.8351,4.9226,4.7379,4.4287,8.0713,3.3165,3.6052,8.0713,4.2433

2022.8900,1.7733,2.1438,4.4904,4.7379,4.3670,8.9356,3.0695,3.4303,8.9356,4.2168

2023.8900,2.0820,2.0820,4.0582,4.8614,5.4166,8.8122,3.1930,3.6155,8.8122,4.3579

2024.8900,2.2672,2.0820,4.7373,4.7997,4.3670,9.3678,3.3782,3.6052,9.3678,4.4285

2025.8900,2.1437,2.1438,4.1817,4.7379,4.4287,9.1208,3.1930,3.4715,9.1208,4.2785

2026.8900,2.0203,2.0203,4.3052,4.9231,4.9844,8.6887,3.2547,3.5847,8.6887,4.3138

2027.8900,2.0820,2.3907,4.6756,4.4910,4.1200,8.4418,3.5634,3.5538,8.4418,4.2521

2028.8900,2.0820,3.0081,4.1817,4.8614,4.2435,8.8739,3.1313,3.5847,8.8739,4.3403

2029.8900,2.0203,2.0203,3.9965,4.9231,4.1200,8.6270,3.4400,3.4200,8.6270,4.1639

2030.8900,1.7116,2.1438,4.7373,4.3675,4.5522,9.1208,3.1313,3.4406,9.1208,4.2521

2031.8910,1.8968,2.2672,4.1199,4.8614,4.4905,8.6887,3.2547,3.4818,8.6887,4.2256

2032.8900,2.0820,1.9585,4.2434,4.5527,4.3053,8.6270,3.3165,3.4097,8.6270,4.1551

2033.8900,2.0203,2.5142,4.4904,4.3675,4.4287,8.5035,3.3782,3.5332,8.5035,4.2433

2034.8900,2.2054,2.2672,4.9843,4.6145,4.3670,8.8122,3.3782,3.6361,8.8122,4.3755

2035.8900,2.0203,1.9585,4.7373,4.4293,4.3053,8.5652,3.3165,3.4612,8.5652,4.1903

2036.8900,2.2672,2.0203,4.7991,4.9231,4.2435,8.4418,3.1313,3.5641,8.4418,4.2609

2037.8900,1.8968,2.2055,4.4904,4.4293,4.1200,8.5652,3.3165,3.4097,8.5652,4.1462

2038.8900,2.0203,1.9585,4.4286,4.7379,4.5522,8.8739,3.7487,3.5744,8.8739,4.3315

2039.8900,2.3906,2.0820,4.1817,4.7379,4.3670,8.6887,3.5017,3.5435,8.6887,4.2785

2040.8900,2.5141,2.0820,4.4286,4.6762,4.3053,8.5035,3.4400,3.5744,8.5035,4.2785

2041.8900,1.9585,1.8968,4.4904,4.3058,4.3670,9.2443,3.9339,3.4921,9.2443,4.3138

2042.8900,1.8968,1.9585,4.3052,4.7379,3.8113,8.7504,3.5017,3.3686,8.7504,4.1374

2043.8910,2.1437,1.9585,4.4286,4.9849,4.1818,8.7504,3.3165,3.5023,8.7504,4.2521

2044.8900,2.3906,2.3290,4.3669,4.4910,4.1818,8.6887,3.3165,3.5126,8.6887,4.2521

2045.8900,1.8351,2.0820,4.4904,4.4293,4.1200,8.5652,3.6869,3.4406,8.5652,4.1727

2046.8900,2.0203,2.0203,4.6139,4.1206,4.7375,8.6270,3.0078,3.4200,8.6270,4.1639

2047.8900,1.9585,2.0820,4.4904,4.5527,4.6757,9.1826,4.3661,3.6876,9.1826,4.4726

2048.8900,2.4523,1.8968,4.6139,4.4293,4.6140,8.6270,3.0078,3.5023,8.6270,4.2344

2049.8900,2.3289,1.8968,4.3052,4.9231,4.4287,8.5652,3.6252,3.5847,8.5652,4.2962

2050.8900,1.7733,2.3290,5.4782,4.7379,4.7992,8.1331,3.3165,3.7390,8.1331,4.3667

2051.8910,2.2672,2.1438,4.4286,4.4910,4.0583,8.5652,3.1313,3.4200,8.5652,4.1550

2052.8900,2.0203,2.2055,4.6756,4.7379,4.0583,8.1948,3.1930,3.4818,8.1948,4.1551

2053.8900,2.3906,1.9585,4.6139,4.7379,4.4287,8.8739,3.0078,3.5229,8.8739,4.2873

2054.8900,3.0079,2.1438,4.4286,4.0589,4.8610,8.3183,3.1930,3.6155,8.3183,4.2873

2055.8900,1.8968,1.8968,4.7373,4.3675,4.4905,8.5035,3.6252,3.5024,8.5035,4.2168

2056.8900,2.0203,1.8351,4.4904,5.1084,4.1200,8.6270,3.5017,3.5126,8.6270,4.2433

2057.8900,2.0820,2.2672,4.4904,5.0466,4.6140,8.4418,3.0695,3.5949,8.4418,4.2874

2058.8900,1.8968,1.8968,4.5521,4.4910,4.4905,8.2565,3.5634,3.4818,8.2565,4.1639

2059.8900,2.0203,2.0820,4.4286,4.7997,4.1818,8.8122,3.5017,3.5023,8.8122,4.2609

2060.8900,1.8968,2.1438,4.3669,4.7379,4.4287,9.1208,3.5017,3.5126,9.1208,4.3138

2061.8900,1.8968,2.2672,4.5521,4.6145,4.4287,8.5652,2.9460,3.4509,8.5652,4.1815

2062.8900,2.5758,1.8968,4.4286,4.6145,4.4287,8.8122,3.3165,3.5435,8.8122,4.2962

2063.8900,1.9585,1.9585,3.5025,5.2936,3.9348,8.8122,3.5017,3.3583,8.8122,4.1374

2064.8900,2.1437,1.9585,4.4286,4.6145,4.4287,8.9356,3.2547,3.4715,8.9356,4.2521

2065.8900,2.0203,2.3290,4.2434,4.8614,4.8610,8.7504,3.1313,3.5744,8.7504,4.3138

2066.8900,1.9585,2.3290,4.3669,4.3675,4.5522,8.5652,3.5017,3.5126,8.5652,4.2344

2067.8900,2.2672,2.3290,4.5521,3.9971,4.8610,8.4418,3.2547,3.5435,8.4418,4.2433

2068.8900,2.2054,1.7733,4.7991,5.7257,4.7992,8.3800,3.3165,3.7699,8.3800,4.4285

2069.8900,2.2054,2.3290,4.1817,4.9231,4.4905,8.6887,3.1930,3.5538,8.6887,4.2873

2070.8900,1.9585,2.1438,4.3052,4.6762,4.2435,8.8739,3.4400,3.4612,8.8739,4.2344

2071.8900,2.0203,2.1438,4.3669,4.6762,4.3053,8.9356,3.3782,3.4818,8.9356,4.2609

2072.8900,2.0820,1.9585,4.7373,4.6762,4.7992,8.0713,3.4400,3.6155,8.0713,4.2521

2073.8900,1.9585,1.9585,4.6139,4.5527,4.4287,8.6887,3.7487,3.5435,8.6887,4.2785

2074.8900,1.7733,2.0203,4.4904,4.4910,4.4905,8.7504,3.6252,3.4818,8.7504,4.2344

2075.8900,2.4523,1.8968,4.7991,4.0589,4.7992,8.1331,3.2547,3.5435,8.1331,4.1992

2076.8900,2.0203,2.0820,3.8730,4.6762,4.5522,8.5652,3.5017,3.4509,8.5652,4.1815

2077.8900,2.1437,2.0203,4.6139,4.9849,4.5522,8.2565,3.9339,3.7081,8.2565,4.3579

2078.8900,2.2672,1.7733,4.5521,4.6145,5.0462,8.7504,3.2547,3.5847,8.7504,4.3226

2079.8900,2.1437,2.0820,4.0582,4.7379,4.3670,8.6270,3.2547,3.4406,8.6270,4.1815

2080.8910,2.0203,2.4524,4.7991,4.5527,4.4905,8.6887,3.3165,3.6052,8.6887,4.3315

2081.8900,2.2054,1.9585,4.7991,4.6762,4.2435,8.8122,2.8225,3.4509,8.8122,4.2168

2082.8900,2.5758,2.0203,4.4904,4.3675,4.1200,8.8739,3.1313,3.4509,8.8739,4.2256

2083.8900,2.2054,1.8968,4.5521,4.5527,4.6140,9.5530,2.9460,3.4612,9.5530,4.3314

2084.8900,2.4523,2.0203,4.9843,4.6145,4.3670,8.5035,3.4400,3.6464,8.5035,4.3403

2085.8900,3.2548,2.2672,4.6139,4.7997,4.2435,8.3800,3.5017,3.7801,8.3800,4.4373

2086.8900,2.2054,2.2055,4.7991,4.6145,4.2435,8.4418,3.3165,3.5641,8.4418,4.2609

2087.8900,2.1437,2.0203,5.2930,4.6762,4.3053,8.7504,3.3165,3.6258,8.7504,4.3579

2088.8900,2.0203,1.9585,4.4286,4.3675,4.4905,8.6270,3.6252,3.4818,8.6270,4.2168

2089.8900,2.3289,2.4524,4.4904,4.4910,4.3053,8.6887,3.3782,3.5744,8.6887,4.3050

2090.8900,2.1437,2.0820,4.7373,4.9231,4.6140,8.4418,3.2547,3.6258,8.4418,4.3138

2091.8900,2.0203,2.1438,4.3052,4.4910,4.4287,8.3800,3.3165,3.4509,8.3800,4.1551

2092.8900,3.1314,2.0203,4.4904,4.7379,4.6140,8.3800,3.5634,3.7596,8.3800,4.4196

2093.8900,2.1437,1.7116,4.7373,3.9354,4.5522,8.5652,3.4400,3.4200,8.5652,4.1551

2094.8900,1.8968,1.8351,4.7373,4.4293,4.4287,8.5652,3.5017,3.4715,8.5652,4.1992

2095.8900,2.3289,1.8968,4.5521,5.6022,4.4905,8.5035,3.5017,3.7287,8.5035,4.4108

2096.8900,2.0203,2.0203,4.6139,4.6145,4.3053,8.8122,3.8721,3.5744,8.8122,4.3226

2097.8900,2.0820,1.7733,4.4904,4.6762,4.4287,8.6887,3.8721,3.5538,8.6887,4.2874

2098.8900,2.3289,1.9585,4.6756,4.7997,4.3053,8.1948,3.2547,3.5538,8.1948,4.2168

2099.8900,2.1437,2.1438,4.7373,5.6640,4.6140,8.5035,3.0695,3.7287,8.5035,4.4108

2100.8900,2.3289,2.5759,4.4904,4.7379,4.7375,8.6270,3.3165,3.6978,8.6270,4.4020

2101.8900,2.2054,2.2672,4.2434,4.7997,4.6757,8.5035,3.4400,3.6052,8.5035,4.3050

2102.8900,1.8968,2.1438,4.4286,4.6762,4.4905,8.9974,3.5017,3.5229,8.9974,4.3050

2103.8900,1.7733,1.8968,4.7991,4.4910,4.6140,8.7504,3.6252,3.5332,8.7504,4.2785

2104.8900,2.3289,1.8351,4.6756,4.7379,4.6757,8.7504,3.3782,3.6052,8.7504,4.3403

2105.8900,2.0820,1.5264,4.4286,4.7379,4.3053,8.8739,3.3782,3.4097,8.8739,4.1903

2106.8900,2.0820,2.2672,4.5521,4.9231,4.9844,8.5652,3.5017,3.7184,8.5652,4.4108

2107.8900,1.9585,1.9585,4.5521,4.6145,4.3670,8.6887,3.6252,3.5126,8.6887,4.2521

2108.8910,1.8351,2.2672,5.4782,4.8614,4.3053,8.6887,3.1313,3.6464,8.6887,4.3667

2109.8900,2.1437,2.1438,4.4904,4.7379,4.4905,8.1331,3.6252,3.6052,8.1331,4.2521

2110.8900,2.3289,1.8351,4.4904,4.6145,4.3053,8.1331,3.3782,3.4921,8.1331,4.1551

2111.8900,1.5882,2.3290,4.4286,4.6762,4.3670,9.1208,3.4400,3.4715,9.1208,4.2785

2112.8900,2.2672,2.7611,4.1817,4.8614,4.4905,8.6270,2.8843,3.5744,8.6270,4.2962

2113.8900,2.3906,2.1438,4.5521,4.5527,4.3670,8.8739,3.3165,3.5538,8.8739,4.3138

2114.8900,2.2672,2.0203,5.0460,4.6762,4.8610,8.4418,3.5634,3.7390,8.4418,4.4108

2115.8900,2.2672,2.6994,4.9843,4.4910,4.3053,8.4418,3.5017,3.7081,8.4418,4.3844

2116.8900,2.9462,1.8968,4.9843,4.8614,4.4287,8.7504,3.3165,3.7390,8.7504,4.4549

2117.8900,2.2672,1.9585,4.6756,3.5033,5.2314,8.0096,3.7487,3.5641,8.0096,4.1992

2118.8900,2.4523,2.2672,4.4286,4.6145,4.5522,8.7504,3.2547,3.5949,8.7504,4.3314

2119.8900,2.1437,1.9585,4.5521,4.7997,4.1200,8.3800,3.2547,3.4715,8.3800,4.1727

2120.8900,2.3289,1.8351,4.8608,4.7379,4.6140,8.4418,3.4400,3.6361,8.4418,4.3226

2121.8900,2.2672,2.5759,4.4286,5.1084,4.9227,8.5035,3.4400,3.7905,8.5035,4.4637

2122.8900,2.0820,2.0203,4.8608,5.3553,4.6757,8.3800,3.3782,3.7287,8.3800,4.3932

2123.8900,2.0820,2.0203,4.6139,4.5527,4.4905,8.5652,3.2547,3.5023,8.5652,4.2256

2124.8900,2.0203,2.1438,4.7991,5.0466,4.6140,8.4418,3.6252,3.7081,8.4418,4.3844

2125.8900,2.0820,2.6376,4.6139,4.6762,4.1818,8.4418,3.5634,3.6258,8.4418,4.3138

2126.8900,2.2054,1.6499,4.3669,4.7997,5.4166,8.8122,3.4400,3.6464,8.8122,4.3844

2127.8900,1.0326,2.2672,4.3052,4.6145,3.9348,8.6270,3.2547,3.2348,8.6270,4.0051

2128.8900,1.7116,2.3290,4.1817,4.6762,4.4287,8.5035,3.4400,3.4612,8.5035,4.1815

2129.8900,2.0203,2.0820,4.2434,4.5527,4.4287,8.6270,3.3782,3.4509,8.6270,4.1903

2130.8900,2.6375,1.9585,4.4904,5.5405,4.8610,8.6270,2.9460,3.7390,8.6270,4.4373

2131.8900,2.3906,2.1438,5.2313,4.8614,4.4905,8.3183,3.2547,3.7287,8.3183,4.3844

2132.8900,1.7733,2.3907,4.5521,4.6762,4.3670,8.7504,3.3782,3.5229,8.7504,4.2697

2133.8900,2.0820,1.7733,4.4286,4.7379,4.5522,8.3183,3.5634,3.5229,8.3183,4.2080

2134.8910,2.0203,2.0203,4.4904,4.4293,4.7375,8.8739,3.3782,3.5126,8.8739,4.2785

2135.8900,1.8351,2.2055,4.2434,4.9849,4.4287,8.8739,3.4400,3.5229,8.8739,4.2874

2136.8910,1.9585,2.2055,3.9965,5.4170,4.4287,8.5652,3.3165,3.5538,8.5652,4.2697

2137.8900,1.9585,2.3290,4.2434,4.9231,4.3053,8.7504,3.3165,3.5126,8.7504,4.2609

2138.8900,2.3289,1.9585,5.1078,4.7379,4.4287,8.3800,3.5017,3.6773,8.3800,4.3491

2139.8900,2.2054,2.2055,4.6139,4.4910,4.2435,8.5035,3.6252,3.5641,8.5035,4.2697

2140.8900,2.2672,1.8968,4.4286,4.7997,4.3053,8.6887,3.5017,3.5332,8.6887,4.2697

2141.8900,2.2672,1.8968,4.4904,4.6145,4.4905,8.5652,3.5017,3.5435,8.5652,4.2609

2142.8910,2.5758,2.1438,4.5521,4.3058,4.8610,8.3800,3.2547,3.6155,8.3800,4.2962

2143.8900,2.0203,2.0820,4.1817,4.9231,4.7992,8.3800,3.4400,3.5744,8.3800,4.2609

2144.8900,2.1437,2.0820,4.4286,4.9231,4.2435,8.8122,3.3165,3.5229,8.8122,4.2785

2145.8900,2.2672,2.0820,5.2313,4.7379,4.4287,8.6270,3.3782,3.6876,8.6270,4.3932

2146.8900,2.1437,2.1438,4.7373,4.9231,4.3670,8.8122,3.3782,3.6155,8.8122,4.3579

2147.8900,2.5141,2.4524,4.5521,4.6145,4.3670,8.7504,3.5017,3.6670,8.7504,4.3932

2148.8900,2.5141,2.2055,4.4286,4.9231,4.5522,8.5652,3.1930,3.6361,8.5652,4.3403

2149.8900,2.2672,1.9585,4.4904,4.3675,4.4905,8.8739,2.9460,3.4200,8.8739,4.1992

2150.8900,2.3906,2.1438,4.9226,4.9849,4.3670,8.4418,3.0695,3.6464,8.4418,4.3314

2151.8900,2.2054,2.0820,4.9843,4.9849,4.3670,8.4418,3.1930,3.6361,8.4418,4.3226

2152.8900,2.4523,2.2055,4.2434,4.4293,4.4287,9.7382,2.6991,3.4097,9.7382,4.3138

2153.8900,2.2672,2.0820,4.2434,4.7379,4.3670,8.7504,2.8225,3.4200,8.7504,4.1815

2154.8900,2.4523,2.2672,4.4286,4.4293,4.3670,8.8739,3.1930,3.5229,8.8739,4.2873

2155.8900,2.2054,2.0203,4.9226,4.6762,5.1079,8.9356,3.3782,3.7184,8.9356,4.4638

2156.8900,2.1437,2.5759,4.9226,4.6145,4.7375,8.5652,3.3782,3.7287,8.5652,4.4197

2157.8900,2.1437,2.1438,4.7373,4.5527,5.1079,8.6270,3.3782,3.6773,8.6270,4.3844

2158.8910,2.0203,2.0820,4.3669,4.8614,4.4905,8.9974,3.5017,3.5538,8.9974,4.3315

2159.8900,1.8968,2.0203,4.4286,4.9231,4.6140,8.4418,3.6252,3.5847,8.4418,4.2785

2160.8900,2.2672,2.6376,5.0460,4.8614,4.1818,8.5652,3.3782,3.7287,8.5652,4.4196

2161.8900,1.8968,2.2055,4.6756,4.3675,4.6140,8.8739,3.5634,3.5538,8.8739,4.3138

2162.8900,2.1437,2.0820,4.7373,4.6145,4.8610,8.6887,3.9956,3.7390,8.6887,4.4461

2163.8900,2.2672,2.6376,5.0460,4.5527,4.7375,8.6887,3.5634,3.8007,8.6887,4.4990

2164.8900,2.2672,2.0203,4.6756,4.7379,4.3670,8.2565,3.2547,3.5538,8.2565,4.2256

2165.8900,2.5141,1.7116,4.6139,4.6762,4.6140,8.6887,3.3165,3.5744,8.6887,4.3050

2166.8900,2.2672,2.0203,4.4286,4.7379,4.4905,7.9479,3.4400,3.5641,7.9479,4.1903

2167.8900,2.4523,2.1438,4.9843,4.8614,4.5522,6.9601,2.5756,3.5949,6.9601,4.0757

2168.8900,2.2054,1.8968,4.9843,5.4170,4.6140,8.9974,3.4400,3.7596,8.9974,4.5078

2169.8900,2.0203,1.8968,4.8608,4.2441,4.6140,8.6270,3.6252,3.5435,8.6270,4.2697

2170.8900,2.6375,2.6994,4.4904,4.5527,4.4905,8.6887,3.5634,3.7390,8.6887,4.4461

2171.8900,1.6499,2.0820,4.8608,4.6762,4.7992,8.7504,3.4400,3.5847,8.7504,4.3226

2172.8900,2.3906,2.0203,4.6756,4.5527,4.7375,8.6887,3.8721,3.7081,8.6887,4.4197

2173.8910,2.8227,2.2055,4.3052,4.6762,4.4287,8.7504,3.2547,3.6155,8.7504,4.3491

2174.8900,2.3289,2.3907,4.5521,4.7997,4.9227,9.7382,3.6869,3.7802,9.7382,4.6313

2175.8900,2.2054,2.1438,4.3669,4.5527,4.9844,8.2565,3.3165,3.5950,8.2565,4.2609

2176.8900,1.9585,1.8968,4.7373,4.7997,4.1818,8.8122,2.8225,3.3994,8.8122,4.1727

2177.8900,2.2672,1.9585,5.0460,4.7379,5.0462,8.8739,3.3782,3.7390,8.8739,4.4726

2178.8900,2.2054,2.3907,4.8608,5.2318,4.4905,8.4418,3.3165,3.7493,8.4418,4.4196

2179.8900,2.0820,1.5881,4.6756,4.9231,4.2435,8.6270,3.5017,3.5023,8.6270,4.2344

2180.8900,2.1437,2.0820,4.6139,4.4293,4.7375,8.4418,3.4400,3.5744,8.4418,4.2697

2181.8900,2.4523,2.1438,4.4904,4.9231,4.4905,8.2565,3.6252,3.6876,8.2565,4.3403

2182.8900,2.3289,2.0820,4.7373,4.7379,4.9227,8.5652,3.2547,3.6773,8.5652,4.3756

2183.8900,2.3906,2.0820,5.2313,4.6145,4.4905,8.5652,3.1313,3.6567,8.5652,4.3579

2184.8900,2.3906,2.2055,4.1199,4.4910,4.3670,8.6270,3.0078,3.4303,8.6270,4.1727

2185.8900,2.2054,1.8968,4.4286,4.9231,4.4905,8.4418,4.2426,3.6979,8.4418,4.3756

2186.8900,2.2054,2.3907,3.3791,4.8614,4.4905,8.6270,3.3782,3.4509,8.6270,4.1903

2187.8900,2.6993,1.8968,4.6756,4.9849,4.6140,9.1826,3.6869,3.7596,9.1826,4.5343

2188.8900,2.2672,1.5264,4.7373,4.9849,4.3670,8.5652,3.7487,3.6052,8.5652,4.3138

2189.8900,2.0203,2.3907,4.7373,4.7379,3.9965,8.5035,3.6252,3.5847,8.5035,4.2874

2190.8900,2.4523,1.8968,4.9226,4.8614,4.6757,8.4418,3.2547,3.6773,8.4418,4.3579

2191.8900,2.2054,2.3290,4.2434,4.7997,4.6757,9.1826,3.1930,3.5744,9.1826,4.3755

2192.8900,2.5758,1.9585,4.6756,4.6145,4.5522,8.5035,3.9339,3.7184,8.5035,4.4020

2193.8900,2.5141,2.1438,5.1078,5.1701,4.4905,8.3800,3.3165,3.7904,8.3800,4.4461

2194.8900,2.2054,2.3907,4.2434,5.1701,4.6757,8.5652,3.3782,3.6773,8.5652,4.3755

2195.8900,2.5758,2.0820,4.5521,4.5527,4.6140,8.8122,3.0695,3.5744,8.8122,4.3226

2196.8910,2.6993,2.5759,4.8608,4.7379,4.3670,8.8122,3.2547,3.7493,8.8122,4.4725

2197.8900,2.5141,2.0203,4.7991,4.6762,5.7254,8.6887,3.2547,3.8316,8.6887,4.5255

2198.8900,1.9585,2.0203,4.4286,4.9231,4.0583,8.6887,3.4400,3.4715,8.6887,4.2168

2199.8900,2.2672,2.3290,4.7991,4.6145,4.9844,8.7504,3.2547,3.7081,8.7504,4.4285

2200.8900,2.3289,2.2055,4.4286,4.8614,4.3053,8.5035,3.4400,3.5949,8.5035,4.2962

2201.8900,2.2672,1.9585,5.1695,4.5527,4.4905,8.8122,3.3782,3.6361,8.8122,4.3756

2202.8900,2.0203,2.5759,3.7495,5.7257,4.7992,8.8739,3.1930,3.6773,8.8739,4.4196

2203.8900,2.6993,2.0820,4.3669,4.8614,4.3053,8.5652,3.1930,3.5846,8.5652,4.2962

2204.8900,2.5141,2.2055,4.4286,5.0466,4.9227,8.6887,3.5017,3.7699,8.6887,4.4726

2205.8900,1.9585,2.2055,4.4286,4.7379,4.6140,8.6270,4.9217,3.8111,8.6270,4.4990

2206.8900,2.6993,2.0203,4.6139,4.9849,4.5522,8.6270,3.3165,3.6978,8.6270,4.4020

2207.8900,2.2054,2.3290,4.3669,4.9231,3.9965,8.9974,3.1930,3.5023,8.9974,4.2873

2208.8900,1.9585,1.3412,5.0460,4.6762,5.1079,8.5652,3.3782,3.5847,8.5652,4.2962

2209.8900,2.3906,1.9585,4.4286,5.0466,4.4287,8.6887,3.2547,3.5847,8.6887,4.3138

2210.8900,2.3289,1.8968,4.3052,4.8614,4.3670,8.6887,3.3782,3.5229,8.6887,4.2609

2211.8910,2.1437,1.8351,4.2434,4.7379,4.5522,8.1948,3.3782,3.4818,8.1948,4.1551

2212.8900,2.0203,1.8968,4.9226,4.5527,4.5522,8.8122,4.3661,3.7184,8.8122,4.4461

2213.8900,2.3289,2.2672,4.4286,4.7379,4.4287,9.0591,3.0078,3.5332,9.0591,4.3226

2214.8900,2.0820,2.7611,4.3669,4.6762,4.7375,8.3800,3.3165,3.6567,8.3800,4.3315

2215.8900,2.1437,2.5759,4.5521,5.2318,4.6757,8.9356,2.2051,3.5641,8.9356,4.3314

2216.8900,2.5141,2.1438,5.1695,4.9231,4.4905,8.3800,3.3165,3.7596,8.3800,4.4196

2217.8900,3.0696,2.0820,4.5521,4.7997,4.5522,8.7504,3.1930,3.7081,8.7504,4.4284

2218.8900,2.6375,2.0203,4.4286,5.1701,4.1818,8.4418,3.5017,3.6567,8.4418,4.3403

2219.8900,2.6375,2.6376,4.6756,4.6762,4.4905,8.6887,3.3782,3.7493,8.6887,4.4549

2220.8910,2.2054,2.0820,4.4286,4.8614,4.4905,8.8739,3.6252,3.6155,8.8739,4.3667

2221.8900,2.1437,2.2672,4.6139,4.7379,5.1697,8.3800,3.8104,3.7905,8.3800,4.4461

2222.8900,2.1437,2.3907,4.7991,5.9109,4.4905,8.6887,3.0695,3.8007,8.6887,4.4990

2223.8900,2.3289,2.3290,4.7373,4.9231,4.9844,8.2565,3.2547,3.7596,8.2565,4.4020

2224.8900,2.2054,2.3290,4.6756,4.4910,4.7992,8.7504,3.5017,3.6670,8.7504,4.3932

2225.8900,2.3289,2.8846,4.8608,4.8614,4.5522,8.6270,3.0695,3.7596,8.6270,4.4549

2226.8900,2.8844,2.0820,4.6139,4.8614,4.4905,8.7504,2.9460,3.6464,8.7504,4.3755

2227.8900,2.2054,2.3290,4.3669,4.8614,4.8610,8.8739,3.5634,3.6979,8.8739,4.4373

2228.8900,2.2672,2.1438,4.6756,4.6145,4.4905,8.8122,3.4400,3.6052,8.8122,4.3491

2229.8900,2.3906,1.9585,4.7373,4.9231,4.2435,8.7504,3.6869,3.6567,8.7504,4.3844

2230.8900,1.9585,2.4524,4.6139,4.8614,4.6757,8.4418,3.5634,3.6876,8.4418,4.3667

2231.8900,2.1437,2.3290,4.7373,5.1084,4.7992,8.6270,3.8104,3.8213,8.6270,4.5078

2232.8900,2.2054,2.2672,4.3669,4.9231,4.6140,9.0591,3.5634,3.6567,9.0591,4.4285

2233.8900,2.3906,2.2055,5.1078,5.0466,4.6140,8.7504,3.4400,3.8007,8.7504,4.5078

2234.8900,2.2672,2.5142,4.3669,4.6145,4.6757,8.5035,3.5634,3.6670,8.5035,4.3579

2235.8900,2.8844,2.3290,4.4904,4.7997,4.5522,8.7504,2.9460,3.6670,8.7504,4.3932

2236.8900,2.1437,2.1438,4.7373,4.9849,4.7375,8.4418,3.6869,3.7390,8.4418,4.4108

2237.8910,2.3289,2.3907,4.7373,4.9231,4.4905,8.9974,4.3043,3.8625,8.9974,4.5960

2238.8900,2.0820,2.3907,4.6756,4.4910,4.6140,8.6887,3.1313,3.5641,8.6887,4.2962

2239.8900,2.2672,1.8351,4.7373,5.1084,4.5522,8.6270,3.0078,3.5847,8.6270,4.3050

2240.8900,2.1437,2.3290,4.7373,4.6145,4.2435,8.5035,3.6252,3.6155,8.5035,4.3138

2241.8900,2.3906,2.2672,4.3669,4.6762,4.6140,8.5035,3.1930,3.5847,8.5035,4.2873

2242.8900,2.5141,2.2672,4.7373,4.9231,4.3670,8.6887,3.4400,3.7081,8.6887,4.4196

2243.8900,2.3906,2.1438,4.7991,4.7997,4.6757,8.0096,3.5634,3.7287,8.0096,4.3403

2244.8900,1.9585,2.0203,4.8608,4.6762,4.6757,8.6270,3.6869,3.6464,8.6270,4.3579

2245.8900,2.3289,1.7733,4.6756,5.1084,4.2435,8.7504,3.6252,3.6258,8.7504,4.3579

2246.8900,2.0820,2.2055,4.9226,5.1084,4.6140,8.3800,3.9956,3.8213,8.3800,4.4726

2247.8900,2.2054,2.3907,4.2434,4.9231,4.6140,8.4418,3.2547,3.6052,8.4418,4.2962

2248.8900,2.3289,2.6376,3.6260,4.9849,4.8610,8.6887,3.3165,3.6258,8.6887,4.3491

2249.8900,1.8968,2.3907,4.8608,4.7379,4.5522,8.1331,3.8721,3.7184,8.1331,4.3491

2250.8900,1.9585,2.0820,4.8608,4.6762,4.7992,9.1826,3.3165,3.6155,9.1826,4.4108

2251.8900,2.0820,2.2672,4.5521,4.2441,4.5522,8.7504,3.2547,3.4921,8.7504,4.2433

2252.8900,2.5758,2.2055,4.6756,4.9231,4.6140,8.6270,3.1930,3.6978,8.6270,4.4020

2253.8900,2.6375,1.9585,4.6139,5.1084,4.5522,8.4418,3.4400,3.7184,8.4418,4.3932

2254.8910,2.3289,2.2055,4.3052,5.1701,4.2435,8.7504,3.3782,3.6052,8.7504,4.3403

2255.8900,2.2054,2.2055,4.4904,5.1084,4.7992,8.3800,3.6252,3.7390,8.3800,4.4020

2256.8900,2.4523,2.2055,4.6139,5.2936,4.6140,8.3183,3.4400,3.7699,8.3183,4.4196

2257.8900,2.3906,1.8968,4.8608,4.9231,4.6140,8.6270,3.1930,3.6464,8.6270,4.3579

2258.8900,2.1437,2.4524,4.6139,4.8614,4.5522,9.7382,3.6252,3.7081,9.7382,4.5696

2259.8900,2.2672,1.7116,4.6139,5.1701,4.4905,9.3061,3.6869,3.6567,9.3061,4.4637

2260.8900,2.5758,1.9585,4.4904,4.7997,4.6140,8.9974,3.5634,3.6670,8.9974,4.4285

2261.8900,1.6499,2.3907,4.8608,4.5527,4.7992,8.8122,3.7487,3.6670,8.8122,4.4020

2262.8900,2.6993,2.4524,4.7373,5.6022,4.8610,8.6887,3.4400,3.9654,8.6887,4.6401

2263.8900,2.6993,2.0203,4.6756,4.9849,4.7375,8.2565,3.6252,3.7904,8.2565,4.4285

2264.8900,2.3289,1.8968,4.7373,4.7997,5.0462,8.5035,3.4400,3.7081,8.5035,4.3932

2265.8900,2.3906,2.3290,4.6139,4.4910,4.5522,8.8122,3.3782,3.6258,8.8122,4.3667

2266.8910,1.8968,1.8351,4.6756,4.9849,4.3053,8.5035,3.5017,3.5332,8.5035,4.2433

2267.8910,2.2672,2.0820,4.5521,5.0466,4.6140,8.3183,3.5017,3.6773,8.3183,4.3403

2268.8910,2.5141,2.0820,3.1321,5.0466,4.6757,8.6270,3.1930,3.4406,8.6270,4.1815

2269.8900,2.3289,2.1438,4.3052,4.7379,4.5522,8.7504,3.3782,3.5744,8.7504,4.3138

2270.8900,2.3289,2.0820,4.6139,4.6762,4.7992,8.8122,3.3165,3.6361,8.8122,4.3755

2271.8900,1.9585,1.9585,4.7991,4.6762,4.4287,8.3800,3.6869,3.5847,8.3800,4.2697

2272.8900,2.0203,2.2055,4.5521,4.7379,4.6757,8.3800,3.8104,3.6670,8.3800,4.3403

2273.8900,2.5141,2.0203,5.2313,4.9849,4.5522,8.1948,3.3165,3.7699,8.1948,4.4020

2274.8900,2.4523,2.5759,4.9226,4.7379,4.9227,8.6887,3.4400,3.8419,8.6887,4.5343

2275.8900,2.3289,2.2672,4.9843,4.8614,4.4287,9.0591,3.3782,3.7081,9.0591,4.4726

2276.8900,2.4523,2.3290,4.9226,4.6145,4.6757,8.5652,3.3782,3.7287,8.5652,4.4196

2277.8900,2.4523,2.2672,5.0460,4.9231,4.3670,8.5035,3.2547,3.7184,8.5035,4.4020

2278.8900,2.5141,2.0203,4.4904,4.8614,4.6140,9.4913,3.5017,3.6670,9.4913,4.4990

2279.8900,2.5758,2.0203,4.7373,4.9849,4.4905,8.9974,3.3782,3.6978,8.9974,4.4549

2280.8900,1.8351,2.4524,4.6139,4.7997,4.4287,8.6887,3.8104,3.6567,8.6887,4.3756

2281.8900,2.2672,2.2055,5.2313,4.8614,4.3670,8.6887,3.3165,3.7081,8.6887,4.4196

2282.8900,2.3289,2.0203,4.7373,4.9849,4.4905,8.5652,3.3782,3.6567,8.5652,4.3579

2283.8900,2.3289,2.3290,4.9843,5.2936,4.3670,8.3800,3.5634,3.8110,8.3800,4.4637

2284.8900,2.5758,1.9585,4.5521,4.8614,4.4905,8.5652,3.5017,3.6567,8.5652,4.3579

2285.8900,2.4523,2.2672,4.7991,4.7997,4.9227,8.0096,3.5634,3.8007,8.0096,4.4020

2286.8900,2.3906,1.8968,4.7373,4.9849,4.2435,8.6270,3.5017,3.6258,8.6270,4.3403

2287.8900,2.1437,2.0820,4.7991,4.7997,4.7375,8.8122,3.8104,3.7287,8.8122,4.4549

2288.8900,3.0079,2.3290,4.8608,4.4293,5.0462,8.4418,3.5017,3.8625,8.4418,4.5167

2289.8900,2.3906,1.9585,5.6017,4.7379,4.6757,8.6887,3.5634,3.8213,8.6887,4.5167

2290.8900,2.2672,2.4524,4.6139,5.2318,4.7375,8.6270,3.8721,3.8625,8.6270,4.5431

2291.8900,2.1437,2.2672,4.6756,4.9849,4.2435,8.6887,3.6869,3.6670,8.6887,4.3844

2292.8900,2.2054,2.0820,4.6756,4.7997,4.7992,8.6270,3.6869,3.7081,8.6270,4.4108

2293.8900,2.4523,1.8351,5.0460,5.6640,4.8610,8.6887,3.4400,3.8831,8.6887,4.5696

2294.8900,2.0820,2.3907,4.7991,4.9231,4.2435,8.6270,3.5634,3.6670,8.6270,4.3755

2295.8900,2.0820,2.3907,4.4904,4.8614,4.1200,8.9356,3.6252,3.5949,8.9356,4.3579

2296.8900,1.7116,2.0820,4.6756,4.7997,4.1818,8.5035,3.6252,3.5126,8.5035,4.2256

2297.8900,2.3289,2.0820,4.7373,4.9231,4.8610,8.7504,3.3782,3.7184,8.7504,4.4373

2298.8900,2.0203,2.0820,4.6139,4.7379,4.6140,8.5652,3.7487,3.6361,8.5652,4.3403

2299.8900,2.2054,2.2672,4.7373,4.7379,4.6757,8.5652,2.8225,3.5744,8.5652,4.2873

2300.8900,2.2054,2.4524,4.7991,4.8614,4.6140,9.3678,3.3782,3.7184,9.3678,4.5255

2301.8900,2.5141,2.2055,4.6756,5.5405,4.3670,9.0591,3.3782,3.7801,9.0591,4.5343

2302.8900,2.0820,3.1315,4.6756,4.7997,4.8610,9.4295,3.6252,3.8625,9.4295,4.6578

2303.8900,1.9585,2.3290,4.6139,5.3553,4.3670,8.8739,3.5634,3.6978,8.8739,4.4373

2304.8900,3.6252,1.5881,4.5521,4.8614,4.7992,9.4295,3.4400,3.8110,9.4295,4.6136

2305.8900,2.3906,1.5264,4.2434,4.9849,4.7375,8.1948,3.5017,3.5641,8.1948,4.2256

2306.8900,2.1437,2.3290,4.7373,4.9231,4.3053,8.6270,3.6869,3.6876,8.6270,4.3932

2307.8900,1.8351,2.0820,4.6139,4.9849,4.6757,8.5035,3.9956,3.6979,8.5035,4.3844

2308.8900,2.0203,1.7116,4.9226,4.7379,4.7375,8.8122,3.6869,3.6361,8.8122,4.3756

2309.8900,2.3289,2.3290,5.0460,4.9849,4.4905,8.3800,3.5634,3.7905,8.3800,4.4461

2310.8900,2.2054,2.1438,4.6756,4.9849,4.6140,8.8739,3.5017,3.6876,8.8739,4.4285

2311.8900,2.2672,1.9585,4.7373,5.7874,4.5522,8.5652,3.4400,3.7904,8.5652,4.4726

2312.8900,2.3906,2.0203,5.1078,4.7997,4.6140,8.4418,3.6869,3.7699,8.4418,4.4373

2313.8910,2.2054,2.0820,4.7373,4.6762,4.6757,8.3800,3.5634,3.6567,8.3800,4.3315

2314.8910,2.1437,2.1438,4.7373,4.4293,4.6140,8.5652,3.5017,3.5950,8.5652,4.3050

2315.8900,2.4523,1.1560,4.3052,4.8614,4.6140,8.3800,3.6252,3.5023,8.3800,4.1992

2316.8900,2.3289,2.1438,5.1695,4.7379,4.4905,8.5652,3.4400,3.7184,8.5652,4.4108

2317.8900,2.3289,2.2055,4.6756,4.7997,4.4905,8.6887,3.3165,3.6361,8.6887,4.3579

2318.8900,2.3289,2.2055,4.6139,5.2936,4.7375,8.3800,3.5017,3.7802,8.3800,4.4373

2319.8900,2.4523,2.2672,4.7373,4.6145,4.4905,8.7504,3.2547,3.6361,8.7504,4.3667

2320.8900,2.3906,1.5881,4.9226,4.6762,4.7375,8.5652,3.8721,3.6979,8.5652,4.3932

2321.8900,2.5141,3.5637,5.0460,4.8614,4.2435,8.8122,3.1930,3.9036,8.8122,4.6048

2322.8900,2.2054,2.3907,4.7991,4.8614,4.5522,8.5035,3.7487,3.7596,8.5035,4.4373

2323.8900,2.2672,2.5759,4.9226,4.6762,4.6757,8.4418,3.5017,3.7699,8.4418,4.4373

2324.8900,2.4523,1.5264,4.9226,4.9849,4.4905,8.6887,3.5634,3.6567,8.6887,4.3755

2325.8900,2.2054,2.8228,4.9226,4.7379,4.3053,8.3800,3.7487,3.7905,8.3800,4.4461

2326.8900,2.3289,2.2672,4.4286,5.0466,4.7375,9.1826,3.8104,3.7699,9.1826,4.5431

2327.8910,2.3289,0.7238,5.3548,5.6022,4.7992,8.3183,3.1930,3.6670,8.3183,4.3315

2328.8900,2.5758,2.1438,4.8608,4.9231,4.6757,8.0713,3.5017,3.7802,8.0713,4.3932

2329.8900,2.3289,1.9585,5.1695,4.3058,4.7375,8.4418,3.6869,3.6979,8.4418,4.3756

2330.8900,2.2672,2.3907,4.7373,5.0466,4.3670,8.8122,3.6869,3.7493,8.8122,4.4726

2331.8900,3.5634,2.3907,4.8608,5.0466,4.2435,8.6887,3.6869,3.9653,8.6887,4.6401

2332.8910,2.0820,2.3907,4.6756,5.1701,4.6757,8.4418,3.3165,3.7184,8.4418,4.3932

2333.8910,2.5141,2.3290,4.5521,5.4788,4.7375,8.6270,3.5634,3.8625,8.6270,4.5431

2334.8900,2.2672,2.1438,4.7373,5.1084,4.6757,8.9356,3.4400,3.7287,8.9356,4.4726

2335.8910,2.0820,2.3907,4.5521,4.6762,4.7992,9.6147,3.1313,3.6052,9.6147,4.4637

2336.8900,2.5141,2.0203,4.6756,4.9231,4.6140,8.5652,3.3782,3.6876,8.5652,4.3844

2337.8900,2.7610,2.8228,4.9843,4.6145,4.4287,9.3678,3.0078,3.7699,9.3678,4.5696

2338.8900,3.0696,2.3907,4.4904,5.0466,4.9844,8.7504,3.1930,3.8625,8.7504,4.5607

2339.8900,3.0079,2.4524,4.7373,4.8614,4.4905,8.1331,3.6252,3.8625,8.1331,4.4725

2340.8900,2.2672,2.2055,4.4904,5.0466,4.5522,8.6270,3.6252,3.6978,8.6270,4.4020

2341.8900,2.0203,2.3290,4.7373,5.3553,4.2435,8.7504,3.9339,3.7699,8.7504,4.4814

2342.8900,2.2054,2.2055,4.6756,4.8614,4.7375,8.1948,3.8104,3.7493,8.1948,4.3844

2343.8900,2.2672,1.8351,4.8608,5.0466,4.3670,8.6270,3.4400,3.6361,8.6270,4.3491

2344.8900,2.3906,2.2055,4.4904,4.9231,4.5522,8.5652,3.5017,3.6773,8.5652,4.3755

2345.8900,2.2672,1.6499,4.7991,5.5405,4.4905,8.7504,3.7487,3.7493,8.7504,4.4637

2346.8900,2.2054,2.4524,5.1695,5.1084,4.6140,8.9974,3.8721,3.9036,8.9974,4.6313

2347.8900,2.4523,2.3290,4.6139,4.6145,4.7375,8.6887,3.1313,3.6464,8.6887,4.3667

2348.8900,2.0820,2.3290,4.4286,5.1084,4.4905,8.8739,3.8721,3.7184,8.8739,4.4549

2349.8900,2.2672,2.3907,5.4165,4.7379,4.4287,8.5035,3.5017,3.7905,8.5035,4.4637

2350.8910,2.3289,2.5759,4.5521,4.9231,4.8610,8.5652,3.6869,3.8213,8.5652,4.4990

2351.8900,2.3289,2.2055,4.5521,4.8614,4.6140,8.6887,3.3165,3.6464,8.6887,4.3667

2352.8900,2.3906,1.8351,4.9843,5.2318,4.4905,8.6270,2.7608,3.6155,8.6270,4.3314

2353.8900,2.2054,2.2055,4.7373,4.9231,4.1818,8.6887,3.7487,3.6670,8.6887,4.3844

2354.8900,1.9585,2.3290,4.6756,4.9231,4.6140,8.5035,4.2426,3.7905,8.5035,4.4638

2355.8900,2.2672,1.9585,4.8608,4.6762,4.7375,8.5035,3.5634,3.6773,8.5035,4.3667

2356.8900,2.4523,2.6994,4.7991,4.8614,4.9844,8.6887,3.4400,3.8728,8.6887,4.5608

2357.8900,1.7116,2.4524,4.7373,4.8614,4.4905,8.3800,3.7487,3.6670,8.3800,4.3403

2358.8900,2.1437,2.2672,4.9226,4.7379,4.6757,8.5035,3.9339,3.7802,8.5035,4.4549

2359.8900,2.3289,2.3907,4.4904,4.7997,4.7992,8.3183,3.5017,3.7184,8.3183,4.3755

2360.8900,2.3289,2.4524,4.5521,4.9231,4.5522,8.6270,3.6869,3.7493,8.6270,4.4461

2361.8900,2.2672,1.9585,4.7373,4.9849,4.4905,8.6887,3.1930,3.6052,8.6887,4.3314

2362.8900,2.3906,2.2055,4.8608,5.1701,4.9844,8.4418,3.8104,3.9036,8.4418,4.5519

2363.8900,2.2672,2.2055,4.6139,5.0466,4.2435,8.4418,3.5634,3.6567,8.4418,4.3403

2364.8900,2.5141,2.2055,4.7373,5.2318,4.3053,7.8861,3.7487,3.7904,7.8861,4.3755

2365.8900,2.2672,2.5142,4.4286,4.9849,4.7992,8.7504,3.8721,3.8110,8.7504,4.5167

2366.8910,2.2054,2.4524,4.7991,4.7379,4.5522,8.3800,3.8721,3.7699,8.3800,4.4285

2367.8900,2.3906,2.0203,4.7373,4.9849,4.6757,8.4418,3.6869,3.7493,8.4418,4.4196

2368.8900,3.0696,1.9585,4.6139,4.9231,4.6140,8.5652,3.6252,3.8007,8.5652,4.4814

2369.8900,2.4523,2.3290,4.4904,5.0466,5.2932,8.6887,3.5017,3.8522,8.6887,4.5431

2370.8910,2.5141,2.8228,4.9843,5.1084,4.6140,8.6270,3.6869,3.9551,8.6270,4.6225

2371.8900,2.4523,1.9585,4.9843,5.5405,4.6757,8.3800,3.6252,3.8728,8.3800,4.5167

2372.8900,2.5141,2.3907,4.5521,5.2318,5.7254,8.6887,3.3782,3.9654,8.6887,4.6401

2373.8900,2.3289,2.2055,4.8608,4.7379,4.9227,8.3800,3.4400,3.7493,8.3800,4.4108

2374.8900,2.6375,2.3907,4.6139,5.0466,4.7375,8.6887,3.2547,3.7802,8.6887,4.4814

2375.8900,2.6375,2.3907,4.4904,5.0466,4.4905,8.5035,3.0078,3.6772,8.5035,4.3667

2376.8900,2.2672,2.0203,4.9226,4.9849,4.4905,9.1208,3.3782,3.6773,9.1208,4.4549

2377.8900,2.3906,2.3290,4.7991,4.9849,4.3053,8.8122,3.7487,3.7596,8.8122,4.4814

2378.8900,2.2672,2.3290,4.2434,4.9849,4.7992,8.5652,3.6869,3.7184,8.5652,4.4108

2379.8900,2.3906,2.2672,4.8608,5.2936,4.7375,8.4418,3.4400,3.8316,8.4418,4.4902

2380.8910,2.3906,2.6376,5.1078,4.9849,4.4905,8.5652,3.4400,3.8419,8.5652,4.5167

2381.8900,2.6993,2.0203,4.7373,4.8614,4.6140,8.6887,3.9339,3.8110,8.6887,4.5078

2382.8900,2.5141,2.5142,4.7991,5.2936,4.9227,8.5035,3.3782,3.9036,8.5035,4.5608

2383.8900,2.3289,1.8351,5.1078,4.9849,4.6140,8.4418,3.5634,3.7390,8.4418,4.4108

2384.8900,2.3289,2.2055,4.9226,4.7379,4.4905,8.8122,3.5017,3.6978,8.8122,4.4285

2385.8900,2.6993,2.2055,4.7373,4.8614,4.5522,8.4418,3.5634,3.7699,8.4418,4.4373

2386.8900,2.1437,2.2672,4.6139,4.9231,4.5522,8.2565,3.5017,3.6670,8.2565,4.3226

2387.8900,2.3289,2.2672,4.3052,4.9849,4.9227,8.5652,3.7487,3.7596,8.5652,4.4461

2388.8900,2.3906,2.2672,4.8608,5.0466,4.8610,8.3183,3.5634,3.8316,8.3183,4.4726

2389.8910,2.1437,2.8228,4.7373,4.8614,4.6757,8.5652,3.5634,3.8007,8.5652,4.4814

2390.8900,2.2054,2.5759,5.2930,5.0466,4.6757,8.2565,3.6869,3.9139,8.2565,4.5343

2391.8900,2.2672,2.3290,4.8608,5.2318,4.7992,8.8739,3.6252,3.8522,8.8739,4.5696

2392.8900,2.5141,2.3907,5.4165,5.0466,4.6140,8.6270,3.6252,3.9345,8.6270,4.6049

2393.8900,2.8844,1.8351,5.0460,4.9849,4.4287,8.3800,3.5634,3.7904,8.3800,4.4461

2394.8900,2.3289,2.3290,4.8608,4.6762,4.9227,8.6887,3.6869,3.8008,8.6887,4.4990

2395.8900,2.7610,2.3290,4.6756,4.8614,4.9227,8.7504,3.5634,3.8522,8.7504,4.5519

2396.8900,2.6993,2.4524,4.3052,5.1084,4.9227,8.5652,3.2547,3.7904,8.5652,4.4726

2397.8900,2.3289,2.0820,4.6139,5.0466,4.7992,8.5035,3.7487,3.7699,8.5035,4.4461

2398.8900,2.3906,2.3290,4.7991,4.8614,4.7375,8.4418,3.6869,3.8007,8.4418,4.4637

2399.8900,2.8844,2.3290,4.6756,5.0466,4.6757,8.5035,2.2669,3.6464,8.5035,4.3402

2400.8900,2.5141,2.3290,4.7991,4.7997,4.6140,8.6270,3.5017,3.7596,8.6270,4.4549

2401.8900,2.3906,2.2055,5.1695,5.1701,4.6757,8.5652,3.4400,3.8419,8.5652,4.5167

2402.8900,2.2054,2.0820,4.7991,5.0466,5.0462,9.0591,3.6252,3.8008,9.0591,4.5519

2403.8900,2.1437,1.9585,4.4904,5.1701,4.5522,8.5035,3.6869,3.6670,8.5035,4.3579

2404.8900,1.8968,2.0203,4.4904,5.2318,4.1200,8.4418,3.4400,3.5332,8.4418,4.2344

2405.8900,2.3906,2.1438,4.8608,5.2318,4.6140,8.4418,4.1808,3.9036,8.4418,4.5519

2406.8900,2.6375,2.2055,4.9226,4.3058,5.0462,8.0096,2.4521,3.5949,8.0096,4.2256

2407.8900,2.4523,2.1438,4.7991,4.8614,4.3053,8.7504,3.3782,3.6567,8.7504,4.3844

2408.8900,2.2054,2.3907,4.7373,5.7257,4.7992,8.3800,3.5634,3.9036,8.3800,4.5431

2409.8910,2.5141,2.9463,5.1078,4.8614,4.6757,8.7504,3.6869,3.9654,8.7504,4.6490

2410.8900,2.4523,2.1438,4.9226,4.9231,5.1079,8.4418,3.3782,3.8213,8.4418,4.4814

2411.8900,2.2054,2.3907,4.6139,4.8614,4.6757,8.4418,3.6252,3.7287,8.4418,4.4020

2412.8900,2.4523,2.4524,5.2313,5.1084,4.4287,9.0591,3.9339,3.9345,9.0591,4.6666

2413.8900,2.3906,2.2672,4.7991,5.2936,4.6757,8.8122,3.8104,3.8728,8.8122,4.5784

2414.8900,2.4523,2.2672,4.6756,5.1084,4.4287,8.5035,3.3165,3.7081,8.5035,4.3932

2415.8900,2.3289,2.0820,4.6139,5.0466,4.6757,8.3800,3.7487,3.7493,8.3800,4.4108

2416.8900,2.0203,2.3907,4.9226,4.7997,4.6757,8.3800,3.7487,3.7596,8.3800,4.4197

2417.8900,2.8844,2.3290,4.6756,4.6145,4.4905,8.8122,3.3782,3.7287,8.8122,4.4549

2418.8900,2.6375,2.3290,4.4286,4.9231,4.6757,8.6887,3.2547,3.7081,8.6887,4.4196

2419.8900,2.2672,2.2672,4.8608,5.0466,4.5522,9.0591,3.4400,3.7390,9.0591,4.4990

2420.8900,2.7610,2.8228,4.6756,4.7379,4.6757,8.9356,3.5017,3.8625,8.9356,4.5872

2421.8900,2.3906,2.2055,4.8608,4.6145,4.7992,8.4418,3.5634,3.7390,8.4418,4.4108

2422.8900,2.5141,2.3907,5.1695,5.0466,4.6140,9.3061,3.6869,3.9036,9.3061,4.6754

2423.8900,2.4523,2.3907,4.3669,5.1701,5.0462,8.5035,3.9339,3.8933,8.5035,4.5519

2424.8900,2.5141,2.1438,4.9843,5.1084,4.7992,8.5652,3.4400,3.8316,8.5652,4.5078

2425.8900,2.5758,2.4524,4.5521,5.3553,4.4287,8.4418,3.6869,3.8419,8.4418,4.4990

2426.8900,2.3906,2.2672,4.9843,5.8492,4.7375,8.6270,3.6252,3.9757,8.6270,4.6401

2427.8900,2.5758,2.3290,5.1078,5.1701,4.6757,8.3800,3.5017,3.8933,8.3800,4.5343

2428.8900,2.1437,2.4524,4.7991,4.8614,4.6757,8.4418,3.6252,3.7596,8.4418,4.4285

2429.8900,2.3289,2.2672,4.6756,5.0466,4.8610,8.7504,3.9339,3.8522,8.7504,4.5519

2430.8900,2.3906,2.2055,4.7373,4.8614,5.1079,8.2565,3.4400,3.7905,8.2565,4.4285

2431.8900,2.8227,2.3907,4.6756,4.6145,4.3670,8.6270,3.4400,3.7184,8.6270,4.4196

2432.8900,2.5141,2.0203,4.9226,4.8614,4.5522,8.5652,3.5634,3.7390,8.5652,4.4285

2433.8900,2.7610,2.0203,4.9843,5.0466,4.3670,8.3183,3.4400,3.7699,8.3183,4.4196

2434.8900,2.1437,2.5142,4.6139,4.7997,4.4905,8.3800,3.6252,3.6978,8.3800,4.3667

2435.8910,2.0820,2.2055,4.9226,5.1084,4.9227,8.5035,3.8721,3.8522,8.5035,4.5167

2436.8900,2.8227,2.0820,5.1695,4.6145,5.2314,8.6270,3.4400,3.8933,8.6270,4.5696

2437.8900,2.5141,2.1438,5.1078,5.0466,5.3549,8.3800,3.5017,3.9448,8.3800,4.5784

2438.8900,2.0820,2.4524,4.6756,5.4170,4.6757,8.5035,3.5634,3.8110,8.5035,4.4814

2439.8900,2.3906,3.1315,4.7991,4.9849,4.7375,8.5035,3.1930,3.8728,8.5035,4.5343

2440.8900,1.8968,1.9585,4.9843,4.6762,4.6757,8.6887,4.6130,3.8008,8.6887,4.4990

2441.8900,2.0203,2.4524,5.1078,4.8614,4.9227,8.0713,4.0574,3.9037,8.0713,4.4990

2442.8900,2.2054,2.3907,4.6139,5.1084,4.6757,8.9356,4.0574,3.8419,8.9356,4.5696

2443.8900,2.1437,2.5142,4.0582,5.1701,4.0583,8.7504,3.5634,3.5846,8.7504,4.3226

2444.8910,2.4523,2.3290,4.6756,4.9231,4.5522,8.9356,3.4400,3.7287,8.9356,4.4726

2445.8900,2.4523,1.7116,4.7991,5.2318,4.5522,8.6887,3.9339,3.7802,8.6887,4.4814

2446.8900,2.1437,2.1438,4.7991,4.9231,4.2435,8.6270,3.7487,3.6670,8.6270,4.3755

2447.8900,3.6869,2.0203,4.8608,4.7379,4.6757,8.5652,2.8843,3.8110,8.5652,4.4902

2448.8900,2.2054,2.4524,4.8608,5.4170,5.2314,8.4418,3.3165,3.9139,8.4418,4.5608

2449.8900,2.3289,2.1438,4.6756,4.9849,4.7375,8.0713,3.8721,3.7905,8.0713,4.4020

2450.8900,2.2054,2.6376,4.5521,5.4788,5.0462,8.5652,3.3782,3.8831,8.5652,4.5519

2451.8900,2.1437,2.3907,4.6756,5.1701,4.6140,10.0469,3.8721,3.8110,10.0469,4.7019

2452.8900,2.2672,2.3290,4.9843,4.6762,5.0462,8.6887,3.5017,3.8008,8.6887,4.4990

2453.8900,2.6993,2.2672,4.6756,4.9849,4.4905,8.6270,3.5017,3.7699,8.6270,4.4637

2454.8900,2.3289,2.3290,4.8608,4.4293,5.0462,8.5035,3.4400,3.7390,8.5035,4.4197

2455.8900,2.1437,2.3290,4.6139,5.1084,4.7375,8.0096,4.1191,3.8419,8.0096,4.4373

2456.8900,2.7610,1.9585,4.7991,4.7997,4.7375,8.6270,3.8721,3.8213,8.6270,4.5078

2457.8900,2.9462,2.5759,5.1078,3.9971,5.1079,8.2565,3.8721,3.9345,8.2565,4.5519

2458.8900,2.5141,2.2055,4.6139,4.9849,4.5522,8.5035,3.6252,3.7493,8.5035,4.4285

2459.8900,2.1437,2.2055,4.9843,5.1084,4.7375,8.3800,3.9956,3.8625,8.3800,4.5079

2460.8900,2.8227,2.0820,5.5400,5.2318,4.7375,8.6270,3.6252,4.0065,8.6270,4.6666

2461.8900,2.5141,2.2672,4.7373,5.1084,5.0462,8.8739,3.4400,3.8522,8.8739,4.5696

2462.8900,2.2672,2.5759,4.6756,5.6022,5.0462,8.3800,3.5017,3.9448,8.3800,4.5784

2463.8900,3.6252,1.9585,4.8608,4.6762,4.5522,8.6270,3.4400,3.8522,8.6270,4.5343

2464.8900,2.5141,1.8968,5.0460,5.1084,4.2435,8.8122,3.5634,3.7287,8.8122,4.4549

2465.8900,2.5758,2.5142,4.9843,5.2318,4.4905,8.6887,3.3165,3.8522,8.6887,4.5431

2466.8900,2.7610,2.3290,4.7991,5.4788,4.6757,8.4418,3.5017,3.9242,8.4418,4.5696

2467.8900,2.4523,1.6499,5.2313,4.6762,5.0462,8.9356,3.8721,3.8213,8.9356,4.5520

2468.8900,2.2672,2.2672,4.6756,5.3553,4.1818,8.5035,3.6869,3.7390,8.5035,4.4196

2469.8900,2.3906,1.8968,5.0460,5.2318,4.4905,8.7504,3.5634,3.7699,8.7504,4.4814

2470.8900,2.4523,2.5142,5.2930,4.9231,4.6140,8.6887,3.3782,3.8625,8.6887,4.5519

2471.8900,3.1931,2.2672,4.5521,4.7379,4.7375,8.5652,3.1930,3.7801,8.5652,4.4637

2472.8900,2.3289,2.2672,4.6756,5.1084,4.8610,8.9356,4.0574,3.8831,8.9356,4.6049

2473.8900,2.3906,2.5142,4.1817,5.2936,4.4905,8.8739,3.5017,3.7287,8.8739,4.4637

2474.8900,2.6375,2.0820,4.5521,5.0466,4.7375,8.5652,3.6869,3.7904,8.5652,4.4726

2475.8900,2.8227,2.7611,4.7991,4.7997,4.7375,8.5652,3.6869,3.9345,8.5652,4.5960

2476.8910,2.6375,2.0820,5.1078,5.0466,5.1697,8.9974,3.6252,3.9448,8.9974,4.6666

2477.8900,2.1437,2.3907,4.6756,4.9849,4.7375,8.9974,3.9956,3.8213,8.9974,4.5608

2478.8900,2.7610,2.0203,4.7991,5.1701,4.7375,8.5652,3.5017,3.8316,8.5652,4.5078

2479.8900,2.5758,1.2794,5.6017,4.4910,4.9227,8.5035,3.6252,3.7493,8.5035,4.4285

2480.8900,2.2672,2.2055,5.2930,4.7379,4.7375,8.7504,3.5017,3.7905,8.7504,4.4990

2481.8900,2.6993,1.8351,5.0460,5.3553,4.9844,8.6887,3.1313,3.8419,8.6887,4.5343

2482.8900,2.6993,1.9585,5.1078,5.1084,4.6757,8.5035,2.8843,3.7390,8.5035,4.4196

2483.8910,2.5758,1.9585,4.9843,4.9231,5.1079,8.5652,3.5634,3.8522,8.5652,4.5255

2484.8900,2.2672,2.2055,4.6756,4.9849,4.4287,8.6887,3.6869,3.7081,8.6887,4.4196

2485.8900,2.2672,2.6994,4.6756,5.1084,4.8610,8.9356,3.6869,3.8831,8.9356,4.6049

2486.8900,2.8227,2.3907,4.7373,5.3553,4.6140,8.3800,3.6252,3.9242,8.3800,4.5607

2487.8900,2.5758,2.4524,4.6756,4.6145,4.4905,8.7504,3.4400,3.7081,8.7504,4.4285

2488.8900,2.6993,2.2055,4.7991,5.0466,4.9844,8.7504,3.5634,3.8831,8.7504,4.5784

2489.8910,2.6993,2.3290,4.7991,4.7379,4.6140,8.9356,3.2547,3.7390,8.9356,4.4814

2490.8900,2.3906,2.1438,4.6139,5.4170,4.4287,8.5652,3.6869,3.7802,8.5652,4.4637

2491.8900,2.3289,2.3290,4.6756,4.6145,4.6140,8.8122,3.4400,3.6670,8.8122,4.4020

2492.8900,2.2672,2.7611,4.5521,4.9849,4.6140,8.9356,4.3043,3.9139,8.9356,4.6313

2493.8900,2.3289,1.0942,4.3052,5.4170,5.1079,8.1948,3.5017,3.6258,8.1948,4.2785

2494.8900,2.6375,2.1438,4.8608,5.1084,4.6757,8.5652,3.6252,3.8419,8.5652,4.5167

2495.8900,3.0079,2.8846,4.7991,4.7997,4.6757,8.5652,3.7487,3.9859,8.5652,4.6401

2496.8900,2.6375,1.9585,5.2930,5.2936,4.8610,8.6270,3.0695,3.8522,8.6270,4.5343

2497.8900,2.3906,2.6994,5.2313,4.1823,5.1079,8.5035,3.6252,3.8728,8.5035,4.5343

2498.8900,2.6375,1.9585,4.9843,5.5405,4.9844,8.6270,3.4400,3.9242,8.6270,4.5960

2499.8900,2.5141,2.0203,4.6139,4.9849,4.7375,8.8122,3.7487,3.7699,8.8122,4.4902

2500.8900,2.4523,2.3907,4.7991,4.6145,4.6757,8.8739,3.3782,3.7184,8.8739,4.4549

2501.8900,2.3906,2.0820,4.9843,4.7997,4.7375,8.0713,3.5017,3.7493,8.0713,4.3667

2502.8900,1.8968,2.8846,4.1199,5.2936,4.7992,8.3800,3.6252,3.7699,8.3800,4.4285

2503.8900,2.6375,2.1438,5.0460,5.0466,4.6757,8.4418,3.6252,3.8625,8.4418,4.5167

2504.8900,2.3289,2.1438,4.7991,5.1701,4.7375,8.3183,3.8721,3.8419,8.3183,4.4814

2505.8900,2.7610,2.0820,5.1078,5.2936,4.7375,8.8122,3.6869,3.9448,8.8122,4.6401

2506.8900,2.5141,2.5142,5.2930,4.9849,4.8610,8.8122,3.5017,3.9448,8.8122,4.6401

2507.8900,2.5758,2.5142,5.1078,5.0466,4.7375,8.3800,4.1191,4.0168,8.3800,4.6401

2508.8900,2.6375,1.7733,4.9843,5.3553,3.9348,9.1208,3.5017,3.6978,9.1208,4.4725

2509.8900,3.1931,2.4524,4.9843,4.4293,5.2314,8.3800,3.9339,4.0374,8.3800,4.6578

2510.8900,2.4523,2.6376,4.7373,4.8614,5.0462,8.1948,3.8104,3.9242,8.1948,4.5343

2511.8900,2.3289,2.2672,4.8608,5.1701,4.9227,8.9356,3.6252,3.8625,8.9356,4.5872

2512.8900,2.3289,2.2055,4.7991,5.0466,4.4905,8.5652,3.8104,3.7802,8.5652,4.4637

2513.8900,3.0696,2.3290,4.9843,5.4788,5.0462,8.6887,3.3782,4.0477,8.6887,4.7107

2514.8900,2.5758,2.5759,5.3548,4.7379,5.2314,8.7504,3.5634,4.0065,8.7504,4.6842

2515.8900,2.2672,2.1438,4.9843,5.1701,4.7375,8.6270,3.7487,3.8419,8.6270,4.5255

2516.8900,2.5758,2.5759,5.1078,4.9231,4.9844,8.6270,3.6252,3.9654,8.6270,4.6313

2517.8900,2.5758,2.3290,4.9226,5.1701,4.9227,8.7504,3.9339,3.9757,8.7504,4.6578

2518.8900,2.3906,2.4524,4.7373,4.6762,4.9227,8.3800,3.8721,3.8419,8.3800,4.4902

2519.8900,2.2672,2.8228,4.4904,4.9231,4.8610,8.8122,3.6869,3.8419,8.8122,4.5519

2520.8900,2.5758,2.8846,4.7373,4.8614,5.1697,8.3800,3.6869,3.9860,8.3800,4.6137

2521.8900,2.6993,2.1438,5.1695,4.9231,4.5522,8.3183,3.5634,3.8419,8.3183,4.4814

2522.8900,2.6993,2.4524,4.5521,4.7997,4.7992,8.6887,3.3165,3.7699,8.6887,4.4726

2523.8900,2.3906,2.9463,4.7373,4.9849,4.7375,8.6887,3.9339,3.9551,8.6887,4.6313

2524.8900,2.5758,2.4524,4.6139,4.6762,4.7992,8.3800,3.4400,3.7596,8.3800,4.4196

2525.8900,2.6375,2.9463,4.9226,4.8614,4.7375,8.4418,3.7487,3.9757,8.4418,4.6137

2526.8900,2.3289,1.9585,5.0460,5.1084,4.8610,8.4418,3.9339,3.8728,8.4418,4.5255

2527.8900,2.3289,2.4524,4.8608,5.1701,4.9227,8.4418,4.1191,3.9757,8.4418,4.6137

2528.8900,2.8844,2.3907,4.3669,5.1701,4.6757,8.9974,3.6252,3.8522,8.9974,4.5872

2529.8900,2.6993,2.5142,4.9226,4.7997,5.3549,8.1948,3.5634,3.9757,8.1948,4.5784

2530.8900,2.6375,2.3290,5.4165,4.9849,4.6140,8.5035,3.6252,3.9345,8.5035,4.5872

2531.8900,2.3289,2.0820,4.9226,5.0466,3.5643,9.0591,3.1930,3.5229,9.0591,4.3138

2532.8900,2.3289,2.2672,4.6139,4.9231,4.9227,8.1948,4.0574,3.8522,8.1948,4.4726

2533.8900,2.3906,2.7611,4.7373,5.0466,4.6757,8.6270,3.6869,3.8831,8.6270,4.5608

2534.8900,2.3289,2.4524,4.6756,5.1701,4.7375,8.6887,3.6252,3.8316,8.6887,4.5255

2535.8900,2.9462,2.5142,4.7373,5.1701,4.7375,8.5652,4.4278,4.0888,8.5652,4.7283

2536.8900,2.3906,2.5759,4.8608,4.9231,4.7375,8.5652,3.8721,3.8934,8.5652,4.5608

2537.8900,2.3906,2.3290,4.9226,5.7874,4.9844,8.5035,3.2547,3.9448,8.5035,4.5960

2538.8900,2.3289,2.2672,4.6756,4.9231,4.7375,8.6270,3.6869,3.7699,8.6270,4.4637

2539.8900,2.6993,2.2672,5.1695,5.2318,4.7375,8.4418,3.7487,3.9757,8.4418,4.6137

2540.8900,2.5141,2.5142,4.4904,5.1701,5.0462,8.3800,3.9956,3.9551,8.3800,4.5872

2541.8900,2.2054,2.5759,4.8608,4.8614,4.8610,8.5652,4.3043,3.9448,8.5652,4.6049

2542.8900,2.5141,2.2055,4.9226,4.9849,5.0462,8.8122,3.8104,3.9139,8.8122,4.6137

2543.8900,2.4523,2.3290,4.8608,4.8614,5.0462,9.3678,3.8721,3.9036,9.3678,4.6842

2544.8900,2.3289,2.8228,4.8608,4.7997,4.6140,8.5035,3.9956,3.9036,8.5035,4.5608

2545.8910,2.5758,3.8106,5.1078,5.1084,4.9227,8.3800,3.6869,4.2020,8.3800,4.7989

2546.8900,2.6375,2.4524,4.9226,4.4910,4.7992,8.6887,3.6869,3.8316,8.6887,4.5255

2547.8900,2.3906,2.6994,4.6756,5.0466,4.6757,8.6887,3.2547,3.7904,8.6887,4.4902

2548.8900,2.6375,2.0820,4.9226,4.7997,4.7992,8.6270,3.4400,3.7802,8.6270,4.4726

2549.8900,2.8227,2.3907,4.5521,4.8614,4.9227,8.5652,3.6869,3.8728,8.5652,4.5431

2550.8900,2.5141,2.3290,4.9226,4.4910,4.6757,8.6887,3.5017,3.7390,8.6887,4.4461

2551.8900,2.3906,1.8968,4.7373,5.2936,4.4905,8.6887,3.8721,3.7802,8.6887,4.4814

2552.8900,2.8844,2.2672,5.1078,5.1701,5.1697,8.6887,3.5634,4.0271,8.6887,4.6930

2553.8900,2.6375,2.0820,4.7373,4.9231,4.8610,9.5530,3.1313,3.7287,9.5530,4.5607

2554.8900,2.5758,2.5759,4.6139,5.0466,4.9227,8.8739,3.8721,3.9345,8.8739,4.6401

2555.8900,2.6993,2.4524,5.4165,5.1084,4.5522,8.9974,3.4400,3.9448,8.9974,4.6666

2556.8900,2.4523,2.5759,4.7373,5.1701,4.7375,9.1826,3.9339,3.9345,9.1826,4.6842

2557.8900,2.6375,2.3907,4.7991,4.9849,4.7375,8.9356,3.2547,3.8007,8.9356,4.5343

2558.8900,2.6993,2.0203,5.4782,5.1084,5.0462,8.7504,3.5017,3.9757,8.7504,4.6578

2559.8900,2.0203,2.4524,4.7991,4.7379,4.9227,8.6270,3.9339,3.8110,8.6270,4.4990

2560.8900,2.4523,2.8846,4.9843,5.6022,5.1079,8.6270,3.5017,4.0888,8.6270,4.7372

2561.8900,2.2672,2.8228,4.7991,5.2936,4.9844,8.8122,3.6869,3.9757,8.8122,4.6666

2562.8900,2.5758,1.5264,4.6139,5.1701,4.7375,8.5035,3.4400,3.6773,8.5035,4.3667

2563.8900,2.6375,3.6872,4.6756,5.2318,4.6140,8.6270,3.6869,4.0888,8.6270,4.7371

2564.8900,2.3289,3.0081,4.5521,5.2318,4.8610,8.3800,3.6252,3.9345,8.3800,4.5696

2565.8900,2.4523,3.1315,4.9843,6.2196,4.9227,8.5652,3.6869,4.2329,8.5652,4.8518

2566.8900,2.6375,2.5759,5.2313,5.5405,4.8610,8.4418,3.6869,4.0888,8.4418,4.7107

2567.8900,2.7610,2.2672,5.2930,5.1084,4.8610,8.3183,3.5634,3.9757,8.3183,4.5960

2568.8900,2.7610,2.2672,5.3548,5.2936,4.7375,8.5035,3.7487,4.0271,8.5035,4.6666

2569.8900,2.6375,2.4524,5.2313,5.1701,4.7992,9.0591,3.6869,3.9962,9.0591,4.7195

2570.8910,2.3906,2.5759,5.5400,5.2318,4.9227,8.2565,3.4400,4.0168,8.2565,4.6225

2571.8900,2.3906,2.9463,5.1695,5.1084,4.6757,8.5035,3.7487,4.0065,8.5035,4.6490

2572.8900,2.4523,2.5142,4.7991,5.0466,4.8610,8.6270,3.8104,3.9139,8.6270,4.5872

2573.8900,2.7610,2.3290,5.1695,4.7379,4.9844,8.6270,3.6869,3.9448,8.6270,4.6137

2574.8900,2.1437,2.6376,4.9843,4.9849,5.1697,8.5035,3.3782,3.8831,8.5035,4.5431

2575.8900,2.3906,2.4524,4.7373,5.2936,4.8610,8.8739,3.9956,3.9551,8.8739,4.6578

2576.8900,1.5264,3.0081,4.2434,5.2318,4.8610,8.9974,3.6252,3.7493,8.9974,4.4990

2577.8900,2.8227,2.0203,4.4904,5.1084,4.8610,8.3800,3.8104,3.8522,8.3800,4.4990

2578.8900,2.6375,2.1438,5.4165,5.1084,4.6757,8.3800,3.6252,3.9345,8.3800,4.5696

2579.8900,2.6993,2.5142,5.3548,5.5405,4.6757,8.4418,3.5634,4.0580,8.4418,4.6842

2580.8900,2.2054,2.3907,4.8608,5.2318,4.5522,8.7504,4.6130,3.9757,8.7504,4.6578

2581.8900,2.3906,2.4524,4.9226,5.1701,4.3053,8.6270,3.9956,3.8728,8.6270,4.5519

2582.8900,2.9462,3.0081,5.1078,5.1084,5.0462,8.3800,3.6252,4.1403,8.3800,4.7460

2583.8900,2.5141,2.5759,4.9843,5.1701,4.9227,8.9974,3.6252,3.9654,8.9974,4.6842

2584.8900,2.6993,2.2055,4.9226,4.9849,5.2314,8.5035,4.1808,4.0374,8.5035,4.6754

2585.8900,2.5141,2.2672,4.7991,5.2936,4.7375,8.6270,3.9339,3.9242,8.6270,4.5960

2586.8900,2.4523,1.7733,5.3548,4.6762,4.8610,8.7504,3.8721,3.8316,8.7504,4.5343

2587.8910,2.2054,2.5142,4.9843,5.4170,4.7992,8.3800,3.9339,3.9757,8.3800,4.6049

2588.8900,2.5141,2.3290,4.6139,5.6640,4.5522,8.5652,3.6252,3.8830,8.5652,4.5519

2589.8900,2.4523,2.4524,5.3548,5.1084,4.9844,8.6887,3.8104,4.0271,8.6887,4.6931

2590.8900,2.7610,2.6994,4.6756,4.8614,4.5522,8.6887,3.5634,3.8522,8.6887,4.5431

2591.8900,2.4523,2.6376,4.9843,5.2318,4.9844,8.7504,3.9956,4.0477,8.7504,4.7195

2592.8900,2.5758,2.0820,5.2930,5.4170,4.9844,8.6270,3.3165,3.9448,8.6270,4.6137

2593.8900,2.6993,2.3907,4.7373,5.0466,5.9106,8.2565,3.9339,4.1197,8.2565,4.7107

2594.8900,2.6375,2.2672,5.2313,6.0344,4.8610,8.5035,3.8104,4.1403,8.5035,4.7636

2595.8910,2.5758,2.3907,4.9843,4.7997,4.7992,8.3183,3.8104,3.8933,8.3183,4.5255

2596.8900,2.5141,2.5759,4.4904,5.2936,5.1079,8.3183,3.9956,3.9962,8.3183,4.6137

2597.8900,2.8844,1.9585,4.6139,4.6762,5.1079,8.4418,3.3165,3.7596,8.4418,4.4285

2598.8900,2.5758,2.6994,4.8608,4.9849,5.2932,8.3183,3.7487,4.0271,8.3183,4.6401

2599.8910,2.5758,2.2672,5.1695,4.7997,4.7992,8.1948,3.8104,3.9036,8.1948,4.5167

2600.8900,2.3289,2.5142,4.9226,5.1701,5.1697,8.1331,4.4895,4.0992,8.1331,4.6754

2601.8900,2.4523,2.3290,5.0460,4.9231,4.7992,8.4418,3.5017,3.8419,8.4418,4.4990

2602.8900,2.1437,2.7611,5.2313,5.2318,4.9844,8.3183,4.2426,4.0992,8.3183,4.7019

2603.8900,2.5141,2.5759,5.0460,4.7997,4.4905,8.5035,3.8721,3.8831,8.5035,4.5431

2604.8900,2.4523,2.5759,4.8608,5.6022,5.1697,8.4418,3.8104,4.0786,8.4418,4.7019

2605.8900,2.4523,2.5759,4.7991,5.2936,4.7992,8.0713,3.9956,3.9860,8.0713,4.5696

2606.8900,2.2672,2.5142,5.2930,3.9971,5.4166,7.5775,4.1191,3.9345,7.5775,4.4550

2607.8900,2.7610,2.3907,4.6139,4.7997,4.7992,9.5530,3.6869,3.8419,9.5530,4.6578

2608.8910,2.6375,2.3907,5.0460,5.0466,5.1079,8.6887,3.8104,4.0065,8.6887,4.6754

2609.8900,2.6375,2.3907,5.4782,5.2318,4.7375,8.6270,3.8721,4.0580,8.6270,4.7107

2610.8900,2.7610,2.2055,5.1695,5.1084,4.7992,8.6887,3.8104,3.9757,8.6887,4.6490

2611.8900,2.9462,2.2672,5.4165,5.6022,4.6757,8.3183,3.5017,4.0683,8.3183,4.6754

2612.8900,2.7610,2.5142,4.6139,5.2936,4.7375,8.1948,3.3782,3.8830,8.1948,4.4990

2613.8900,2.5141,3.0081,5.1078,5.1084,4.6757,8.5652,3.8104,4.0374,8.5652,4.6842

2614.8900,2.5758,2.3290,4.9843,4.6145,5.3549,8.5652,4.1191,3.9963,8.5652,4.6490

2615.8900,2.5758,2.1438,5.2313,5.1701,4.8610,8.7504,3.6869,3.9448,8.7504,4.6313

2616.8910,2.5141,2.5142,4.6756,5.3553,4.9227,8.9356,3.6252,3.9345,8.9356,4.6490

2617.8900,2.8844,2.6376,4.8608,5.4788,4.7375,8.4418,3.8104,4.0683,8.4418,4.6930

2618.8900,2.3289,2.3907,4.9843,5.4170,4.7992,8.5652,4.0574,3.9962,8.5652,4.6490

2619.8900,2.5141,2.5142,4.9226,5.2936,4.7992,8.9974,3.6869,3.9551,8.9974,4.6754

2620.8900,2.3906,2.5759,4.7991,5.2318,4.3053,8.9356,3.7487,3.8419,8.9356,4.5696

2621.8900,2.5758,2.4524,5.0460,5.3553,5.1079,8.9974,3.7487,4.0477,8.9974,4.7548

2622.8900,2.5758,2.3290,4.9226,4.9849,4.4287,8.3183,3.8721,3.8522,8.3183,4.4902

2623.8910,2.2672,0.7856,5.5400,4.6762,5.0462,8.4418,4.1191,3.7390,8.4418,4.4108

2624.8910,2.0820,2.3290,5.1695,4.9231,5.0462,8.7504,3.9339,3.9139,8.7504,4.6049

2625.8900,2.6375,2.5142,4.7373,5.2936,4.8610,8.5652,3.9339,3.9962,8.5652,4.6490

2626.8900,2.2672,2.8228,4.5521,5.2318,5.0462,8.5652,3.8721,3.9654,8.5652,4.6225

2627.8900,2.3289,2.5142,4.7373,5.1084,5.1079,9.6765,3.8104,3.9345,9.6765,4.7548

2628.8900,2.6993,2.2672,4.7991,5.1084,4.9227,8.8122,3.6869,3.9139,8.8122,4.6137

2629.8900,2.5141,2.5142,5.6635,5.1701,4.8610,8.5652,3.6252,4.0580,8.5652,4.7019

2630.8900,3.8104,2.2055,5.9104,5.0466,4.7992,8.5652,3.6869,4.2432,8.5652,4.8606

2631.8900,2.6375,2.3290,5.5400,4.9849,5.1697,8.2565,3.8721,4.0889,8.2565,4.6842

2632.8900,3.2548,2.3290,4.9226,5.7257,4.8610,8.4418,3.7487,4.1403,8.4418,4.7548

2633.8900,2.5141,2.6376,4.4904,5.2318,5.0462,8.5652,3.7487,3.9448,8.5652,4.6049

2634.8900,2.3906,2.5759,4.6756,5.7257,4.8610,8.3800,3.6252,3.9757,8.3800,4.6049

2635.8900,2.7610,2.3907,5.0460,5.1084,4.7375,8.7504,3.7487,3.9654,8.7504,4.6489

2636.8900,3.2548,2.6376,4.6139,5.1084,4.7992,8.5035,3.0078,3.9036,8.5035,4.5607

2637.8900,2.9462,2.5142,4.4904,4.7997,4.7375,8.6887,3.4400,3.8213,8.6887,4.5166

2638.8900,2.5758,2.3907,4.9226,4.9849,4.8610,8.6270,3.2547,3.8316,8.6270,4.5167

2639.8900,2.0203,2.1438,4.9226,5.2936,4.6140,8.6270,3.7487,3.7905,8.6270,4.4814

2640.8900,2.4523,2.5759,5.2313,5.5405,5.1079,8.3183,3.8721,4.1300,8.3183,4.7283

2641.8910,2.5141,2.6994,4.9843,5.4170,5.4784,8.0096,3.8104,4.1506,8.0096,4.7019

2642.8900,2.7610,2.0820,5.3548,6.0961,5.0462,8.4418,3.7487,4.1815,8.4418,4.7901

2643.8900,2.3906,2.7611,4.7373,5.0466,5.1079,9.7382,3.8721,3.9860,9.7382,4.8077

2644.8900,2.8227,2.5142,5.5400,5.6022,4.9844,8.1948,3.3782,4.1403,8.1948,4.7195

2645.8900,2.1437,2.8228,4.6756,5.2318,4.7375,8.6270,3.7487,3.8934,8.6270,4.5696

2646.8900,2.5758,2.3907,4.9226,5.0466,4.4905,8.8122,3.9339,3.8933,8.8122,4.5960

2647.8900,2.5758,2.3907,5.1078,5.0466,5.3549,8.6887,3.5017,3.9962,8.6887,4.6666

2648.8900,2.8844,2.2672,5.3548,5.4170,4.9227,8.0713,3.6869,4.0888,8.0713,4.6578

2649.8900,2.8844,2.2055,5.2313,5.1701,4.7992,7.8244,3.6252,3.9859,7.8244,4.5343

2650.8900,2.8227,2.5142,5.5400,5.1701,4.7992,8.5035,3.8104,4.1094,8.5035,4.7371

2651.8910,2.5758,2.0203,4.9843,5.4170,4.6757,8.6270,3.6869,3.8933,8.6270,4.5696

2652.8900,2.6375,2.8228,4.9226,5.0466,4.9227,8.5035,3.8104,4.0271,8.5035,4.6666

2653.8900,2.9462,2.7611,4.9843,4.9849,4.9227,8.6270,3.8721,4.0786,8.6270,4.7283

2654.8900,2.0820,2.7611,5.1695,5.2318,5.0462,8.8122,3.8721,4.0271,8.8122,4.7107

2655.8900,2.5141,2.5142,4.9226,5.6640,4.8610,8.3183,3.5634,4.0065,8.3183,4.6225

2656.8900,2.9462,2.6994,4.6139,5.1084,4.9227,8.7504,3.1313,3.9036,8.7504,4.5960

2657.8900,2.5758,2.7611,4.7373,5.1084,4.9844,8.9356,3.8104,3.9962,8.9356,4.7019

2658.8900,2.6375,2.3907,4.6756,5.2936,5.7871,8.5035,3.6869,4.0786,8.5035,4.7107

2659.8900,2.3289,2.3290,5.1078,5.0466,4.9844,8.4418,4.3043,4.0168,8.4418,4.6490

2660.8900,2.4523,3.0081,5.1695,5.1084,4.6140,8.3183,3.8721,4.0374,8.3183,4.6490

2661.8900,2.6375,0.9708,5.3548,5.0466,5.1697,8.3800,3.6252,3.8008,8.3800,4.4549

2662.8900,2.6375,2.7611,4.7373,5.1084,4.9844,8.9356,3.8104,4.0065,8.9356,4.7107

2663.8900,2.6375,2.4524,4.8608,5.1084,4.9844,8.1948,3.8721,3.9860,8.1948,4.5872

2664.8900,2.5141,2.4524,5.2313,5.2936,5.1697,8.3800,3.7487,4.0683,8.3800,4.6842

2665.8900,2.3906,2.5759,4.9226,5.4788,4.7375,8.8122,3.8721,3.9962,8.8122,4.6842

2666.8900,2.5141,2.3907,5.1695,5.2318,5.0462,8.5035,4.3661,4.1197,8.5035,4.7460

2667.8900,2.7610,2.3907,4.9226,5.1701,4.8610,8.7504,3.6869,3.9654,8.7504,4.6489

2668.8900,2.5758,2.6994,5.0460,5.0466,5.2314,8.6270,3.5634,4.0271,8.6270,4.6842

2669.8910,3.0079,2.6994,4.8608,5.2936,4.9844,8.3800,3.8721,4.1197,8.3800,4.7283

2670.8900,2.6375,2.5759,5.1078,5.0466,4.9227,7.3922,4.4895,4.1300,7.3922,4.5960

2671.8900,2.4523,3.2550,4.8608,5.2318,4.6757,8.5652,3.4400,3.9859,8.5652,4.6401

2672.8900,2.5758,2.3290,5.0460,5.2318,5.1079,8.3183,3.9339,4.0374,8.3183,4.6490

2673.8900,2.7610,3.0081,5.1695,4.9849,4.7992,8.6270,3.6869,4.0683,8.6270,4.7195

2674.8900,3.1314,3.0081,5.3548,4.8614,4.9844,8.2565,3.6869,4.1712,8.2565,4.7548

2675.8900,2.4523,2.2055,5.0460,5.2936,4.6757,9.0591,3.5017,3.8625,9.0591,4.6049

2676.8900,2.7610,2.6376,5.0460,5.5405,4.9227,8.5035,3.9339,4.1403,8.5035,4.7636

2677.8900,2.3906,2.4524,4.3052,5.1084,4.7992,8.9356,4.0574,3.8522,8.9356,4.5784

2678.8900,2.6375,2.7611,4.3052,5.1701,5.0462,8.4418,3.9339,3.9757,8.4418,4.6137

2679.8900,2.8227,2.4524,4.7991,5.1084,4.9227,8.6270,3.8104,3.9859,8.6270,4.6489

2680.8900,2.5758,2.9463,5.2313,5.0466,4.7375,8.4418,3.8104,4.0580,8.4418,4.6842

2681.8900,2.5758,2.6994,4.7373,4.9231,4.9844,8.4418,3.7487,3.9448,8.4418,4.5872

2682.8900,2.6993,2.3290,4.7991,5.1701,5.2314,8.5035,3.4400,3.9448,8.5035,4.5960

2683.8900,2.2672,2.5142,4.9226,5.1701,4.9227,8.2565,3.8721,3.9448,8.2565,4.5608

2684.8900,2.5141,2.3907,5.1078,5.1084,5.4166,8.3183,3.8721,4.0683,8.3183,4.6754

2685.8900,2.3289,2.2055,4.0582,4.9231,4.7992,8.5652,3.8721,3.6978,8.5652,4.3932

2686.8910,2.5758,2.6376,4.8608,4.8614,4.7992,8.5652,3.8721,3.9345,8.5652,4.5960

2687.8900,2.6993,2.3290,4.6756,4.7997,5.0462,8.3183,3.8721,3.9036,8.3183,4.5343

2688.8910,2.8844,2.3907,4.8608,5.1701,4.9844,8.6270,3.7487,4.0065,8.6270,4.6666

2689.8900,2.6993,2.8228,4.7991,5.1084,4.8610,8.4418,3.7487,4.0065,8.4418,4.6401

2690.8900,2.5758,2.5142,5.0460,5.4170,4.7992,8.7504,3.8104,4.0271,8.7504,4.7019

2691.8900,2.1437,2.2672,4.8608,5.1084,4.6140,8.5035,3.8721,3.8110,8.5035,4.4814

2692.8900,2.6375,2.3290,4.9843,5.1701,5.0462,8.5652,3.7487,3.9860,8.5652,4.6401

2693.8900,3.0079,2.5142,4.9226,4.6762,5.1079,8.4418,3.6252,3.9757,8.4418,4.6137

2694.8900,2.5141,2.5759,4.8608,5.6022,5.1697,8.3183,3.7487,4.0786,8.3183,4.6842

2695.8900,2.3289,2.7611,4.9843,5.2318,5.1079,8.3800,3.7487,4.0271,8.3800,4.6490

2696.8910,2.5141,2.6994,4.7991,5.7257,5.0462,8.2565,3.6252,4.0683,8.2565,4.6666

2697.8910,2.8844,2.2672,6.2809,5.1084,4.7992,8.3183,3.8721,4.2020,8.3183,4.7901

2698.8900,2.6993,2.7611,5.2930,4.8614,5.2932,8.5652,3.8721,4.1300,8.5652,4.7636

2699.8900,2.7610,2.7611,4.7991,5.0466,4.7992,8.6270,3.6869,3.9757,8.6270,4.6401

2700.8900,3.0696,2.2672,4.9843,5.9109,5.1079,8.3183,3.7487,4.1814,8.3183,4.7724

2701.8900,2.5141,2.6994,5.0460,5.0466,4.8610,8.4418,3.8721,4.0065,8.4418,4.6401

2702.8900,2.2672,2.7611,5.7869,5.2936,4.9844,8.6887,3.6252,4.1197,8.6887,4.7724

2703.8900,3.1314,2.7611,5.0460,5.0466,5.0462,8.4418,3.9339,4.1609,8.4418,4.7724

2704.8900,2.6375,2.6376,5.1078,5.0466,4.9227,8.4418,4.0574,4.0683,8.4418,4.6931

2705.8900,2.5758,2.4524,5.3548,5.6022,5.1697,8.5652,3.8721,4.1712,8.5652,4.7989

2706.8900,2.5758,2.2055,5.1695,5.2318,4.7375,8.6270,3.7487,3.9448,8.6270,4.6137

2707.8900,2.7610,2.5759,4.9226,5.2936,5.0462,8.8739,3.7487,4.0580,8.8739,4.7460

2708.8900,2.4523,2.9463,4.8608,5.0466,4.9844,8.4418,3.6252,3.9860,8.4418,4.6225

2709.8900,2.5141,2.8228,4.6756,5.4170,5.1079,8.8122,3.8721,4.0683,8.8122,4.7460

2710.8900,2.6993,2.1438,4.9843,5.3553,4.9227,8.5652,3.0695,3.8625,8.5652,4.5343

2711.8900,2.8227,2.5142,5.1078,5.2318,5.4166,8.4418,3.7487,4.1403,8.4418,4.7548

2712.8900,2.6375,2.6376,5.1078,4.7997,5.1079,8.6887,3.8721,4.0271,8.6887,4.6931

2713.8900,2.6375,2.3290,4.9843,5.1084,5.2932,8.5035,3.6869,4.0065,8.5035,4.6490

2714.8910,2.5141,2.8228,4.7991,5.2936,5.1079,9.5530,3.9956,4.0889,9.5530,4.8694

2715.8900,2.4523,2.6376,5.0460,5.4788,5.2314,8.3183,3.9956,4.1403,8.3183,4.7372

2716.8910,3.0079,2.1438,5.0460,5.2936,5.1697,8.5652,3.5634,4.0374,8.5652,4.6842

2717.8900,2.5758,2.4524,5.1078,4.5527,5.6636,8.5035,3.6869,4.0065,8.5035,4.6490

2718.8900,2.5758,2.5142,4.4904,5.5405,5.2932,8.3183,3.9339,4.0580,8.3183,4.6666

2719.8910,3.0696,2.5142,4.7991,5.1701,5.1697,8.6270,3.3782,4.0168,8.6270,4.6754

2720.8900,2.6993,2.1438,5.2313,5.2936,5.1697,8.3183,3.7487,4.0477,8.3183,4.6578

2721.8900,2.8844,2.6994,5.0460,5.1701,4.4287,8.8122,3.5634,3.9654,8.8122,4.6578

2722.8900,2.1437,2.5142,5.1695,4.9849,4.9844,8.6270,3.7487,3.9242,8.6270,4.5961

2723.8900,2.9462,2.2672,5.4165,5.1084,5.4784,8.5652,3.6869,4.1506,8.5652,4.7813

2724.8900,2.7610,2.1438,4.7991,5.2936,4.6140,8.7504,3.8721,3.9139,8.7504,4.6048

2725.8910,2.6993,2.4524,4.6756,5.1701,4.8610,8.5035,3.8104,3.9448,8.5035,4.5960

2726.8910,3.6869,1.2794,5.0460,5.3553,4.7992,8.5652,3.9956,4.0271,8.5652,4.6754

2727.8900,2.8844,3.5637,5.6635,5.1701,4.8610,8.4418,3.5634,4.2843,8.4418,4.8783

2728.8900,2.3289,2.5142,5.4782,4.8614,4.7375,9.1208,3.3165,3.8728,9.1208,4.6225

2729.8900,2.6375,2.6376,5.2930,4.8614,5.1079,8.6887,3.5017,4.0065,8.6887,4.6754

2730.8900,2.3906,3.0698,5.2930,5.1084,4.9844,8.5652,3.6252,4.0786,8.5652,4.7195

2731.8900,2.7610,1.9585,5.1695,5.6022,4.8610,8.8122,3.9339,4.0477,8.8122,4.7283

2732.8900,2.7610,2.7611,5.4165,5.2318,4.8610,8.5035,3.6869,4.1197,8.5035,4.7460

2733.8900,2.5141,2.7611,4.7991,5.1084,4.7375,8.6887,3.9339,3.9757,8.6887,4.6490

2734.8910,2.6375,2.4524,4.8608,5.1084,4.9844,8.5652,4.1191,4.0271,8.5652,4.6754

2735.8900,2.6993,2.5142,4.8608,5.2318,4.4905,8.5652,3.5634,3.8933,8.5652,4.5607

2736.8900,2.9462,2.6376,4.7991,4.5527,4.6757,8.9974,3.5017,3.8522,8.9974,4.5872

2737.8900,2.8227,2.2055,5.2313,5.3553,5.1697,8.6887,4.0574,4.1403,8.6887,4.7901

2738.8900,2.6375,2.8846,4.9226,5.3553,4.7992,8.6270,3.5017,4.0168,8.6270,4.6754

2739.8900,3.1314,2.8228,4.9843,5.0466,4.7375,8.6270,3.8721,4.0991,8.6270,4.7460

2740.8900,2.6993,2.2055,4.7991,5.0466,5.1697,8.2565,3.8721,3.9654,8.2565,4.5784

2741.8900,2.5141,3.2550,4.9843,5.2936,4.7375,8.5652,3.8721,4.1094,8.5652,4.7460

2742.8900,2.5758,2.3290,5.1695,5.5405,4.9227,8.6270,3.7487,4.0477,8.6270,4.7019

2743.8900,2.7610,2.7611,5.1695,5.2936,4.8610,8.5652,3.6252,4.0786,8.5652,4.7195

2744.8900,2.5758,2.1438,5.2313,4.9231,4.8610,8.6887,3.5017,3.8728,8.6887,4.5608

2745.8900,3.0696,2.5759,4.7991,5.2936,5.0462,8.4418,3.8721,4.1094,8.4418,4.7283

2746.8900,2.6375,3.0698,5.2930,5.0466,5.0462,8.5035,3.8104,4.1506,8.5035,4.7724

2747.8900,2.6993,2.6994,5.0460,5.3553,5.0462,9.3061,3.9339,4.1300,9.3061,4.8694

2748.8900,2.6993,2.7611,4.9226,5.9109,5.1697,8.3183,3.7487,4.2020,8.3183,4.7901

2749.8900,2.5758,2.3290,4.6139,5.1701,3.8731,7.9479,3.8721,3.7390,7.9479,4.3403

2750.8900,2.3906,2.5142,4.9226,4.9231,4.9844,8.3183,3.6252,3.8934,8.3183,4.5255

2751.8900,2.8227,1.8968,5.2313,5.4170,4.9227,8.6887,3.8721,4.0271,8.6887,4.6931

2752.8900,2.5758,2.3290,5.1695,4.7379,5.2932,8.6887,3.5634,3.9448,8.6887,4.6225

2753.8900,2.7610,2.6994,4.9226,5.6640,4.9227,8.3183,3.5017,4.0785,8.3183,4.6842

2754.8900,2.7610,2.6994,5.0460,4.8614,5.1697,8.3183,3.8104,4.0580,8.3183,4.6666

2755.8900,2.5141,2.8846,4.9843,5.1701,5.0462,8.5652,3.9339,4.0889,8.5652,4.7283

2756.8900,2.0203,2.3907,5.0460,4.7379,5.1079,8.3183,3.8721,3.8625,8.3183,4.4990

2757.8900,2.5141,2.7611,5.1695,5.2318,4.4905,8.6887,4.4895,4.1094,8.6887,4.7636

2758.8900,2.4523,2.5759,4.8608,5.2318,4.5522,8.6887,4.3661,4.0065,8.6887,4.6754

2759.8900,2.6993,2.3907,5.4165,5.1084,4.9844,8.5652,3.8104,4.0683,8.5652,4.7107

2760.8900,2.6375,2.5759,4.8608,5.5405,4.9844,8.3800,3.9339,4.0888,8.3800,4.7019

2761.8900,2.8844,2.4524,4.9226,5.2318,5.0462,8.1331,3.8721,4.0683,8.1331,4.6490

2762.8900,2.8844,2.5759,5.6017,5.4170,4.9844,8.3183,3.7487,4.2020,8.3183,4.7901

2763.8900,2.5758,3.0081,5.2313,5.7257,5.2932,8.5652,3.6869,4.2535,8.5652,4.8694

2764.8900,2.5141,2.5142,4.9226,5.2318,4.8610,8.6887,3.8104,3.9757,8.6887,4.6490

2765.8900,2.4523,2.5142,4.9226,5.2318,5.1079,8.0713,4.0574,4.0477,8.0713,4.6225

2766.8900,2.5141,2.7611,4.8608,6.4048,5.5401,8.7504,3.8721,4.3255,8.7504,4.9576

2767.8900,2.5141,2.7611,5.1695,5.6022,5.2932,8.3800,3.6869,4.1712,8.3800,4.7724

2768.8900,2.5758,2.3290,5.1695,4.5527,5.1697,8.6270,3.6252,3.9036,8.6270,4.5784

2769.8910,2.3906,2.6376,4.9226,5.1084,4.9844,8.3800,3.9339,3.9963,8.3800,4.6225

2770.8900,2.5758,2.5759,5.2313,5.6640,5.0462,8.5652,3.6869,4.1300,8.5652,4.7636

2771.8900,2.4523,2.5142,5.1695,4.9231,5.1079,8.5035,4.2426,4.0683,8.5035,4.7019

2772.8900,2.5141,2.5142,5.0460,5.3553,4.3670,8.6887,4.0574,3.9757,8.6887,4.6490

2773.8900,3.3165,2.7611,4.7373,5.1084,4.9227,8.6270,3.2547,4.0168,8.6270,4.6754

2774.8900,2.6993,2.4524,4.6139,5.2936,5.1697,8.2565,3.9339,4.0271,8.2565,4.6313

2775.8900,2.3906,2.5759,4.8608,5.0466,5.0462,8.5652,3.6869,3.9345,8.5652,4.5960

2776.8900,2.6375,2.8228,4.8608,5.4170,5.0462,8.6270,3.9339,4.1197,8.6270,4.7636

2777.8900,2.8844,2.5142,4.9843,5.5405,4.7992,8.3800,3.8104,4.0888,8.3800,4.7019

2778.8900,2.6375,2.4524,5.7252,5.2936,4.7992,8.3800,3.8721,4.1300,8.3800,4.7372

2779.8900,2.6993,2.7611,4.8608,5.5405,5.1697,8.4418,3.7487,4.1300,8.4418,4.7460

2780.8910,2.2672,2.5142,5.2930,4.4910,5.3549,8.5035,3.8721,3.9654,8.5035,4.6137

2781.8900,2.9462,2.5759,4.9843,5.2318,4.9844,8.1331,3.8721,4.0991,8.1331,4.6754

2782.8900,2.2672,2.8846,4.9226,5.2318,5.0462,8.5035,3.8721,4.0374,8.5035,4.6754

2783.8900,3.0079,2.4524,5.0460,5.1701,4.9844,8.5652,3.5017,4.0271,8.5652,4.6754

2784.8900,2.4523,2.6376,4.7991,5.4788,4.8610,8.9356,3.9956,4.0374,8.9356,4.7372

2785.8900,2.5758,2.5759,4.6756,5.6022,4.6140,8.5652,3.7487,3.9654,8.5652,4.6225

2786.8910,2.7610,3.0698,5.1078,5.1701,5.1079,8.5035,4.1191,4.2226,8.5035,4.8342

2787.8900,3.1931,2.3290,4.8608,5.1084,4.7992,8.6270,3.4400,3.9551,8.6270,4.6225

2788.8900,2.8227,3.2550,4.6756,5.2936,4.9227,8.6887,3.9339,4.1506,8.6887,4.7989

2789.8900,2.8227,2.8228,4.7991,5.6022,4.7992,8.3800,3.9339,4.1300,8.3800,4.7371

2790.8900,2.5758,2.7611,5.0460,5.2936,5.0462,8.9974,4.0574,4.1300,8.9974,4.8253

2791.8900,2.5758,2.6376,5.0460,5.4170,4.7992,8.9356,3.9339,4.0683,8.9356,4.7636

2792.8900,2.9462,2.5142,5.2313,5.1701,5.0462,8.0096,3.9956,4.1506,8.0096,4.7019

2793.8900,2.6993,2.9463,5.4165,4.9849,4.9844,8.5035,3.8721,4.1506,8.5035,4.7724

2794.8900,2.6375,2.6994,5.2313,5.3553,4.6757,8.6270,4.0574,4.1094,8.6270,4.7548

2795.8900,2.2054,2.5759,5.1695,4.9849,5.1079,8.6887,3.8104,3.9757,8.6887,4.6490

2796.8900,2.4523,2.8228,4.9226,5.0466,5.1697,8.6270,3.5017,3.9860,8.6270,4.6490

2797.8910,2.6375,2.8846,4.9226,5.6022,5.0462,8.3183,3.2547,4.0580,8.3183,4.6666

2798.8900,3.5634,2.7611,4.9226,5.1701,5.0462,8.1331,3.8104,4.2123,8.1331,4.7724

2799.8900,2.8844,2.6376,4.7991,5.2318,4.8610,8.6270,3.3782,3.9654,8.6270,4.6313

2800.8900,2.9462,2.5142,5.3548,5.2318,4.6757,8.3800,3.7487,4.0785,8.3800,4.6930

2801.8900,3.0079,2.6994,4.7991,5.6022,5.3549,8.5035,3.6252,4.1814,8.5035,4.7989

2802.8900,2.5758,2.6376,5.1695,5.4170,5.4784,8.4418,3.6869,4.1609,8.4418,4.7724

2803.8900,2.7610,2.8228,5.0460,4.7379,4.6757,8.3800,3.8104,3.9757,8.3800,4.6049

2804.8900,2.4523,2.8228,5.1078,5.2936,4.9227,9.1826,3.9339,4.0889,9.1826,4.8165

2805.8900,3.0079,2.6376,4.7991,5.1701,4.9844,8.5035,3.5634,4.0271,8.5035,4.6666

2806.8900,2.6993,2.6994,4.9843,5.6022,5.2314,8.3183,3.8721,4.1815,8.3183,4.7724

2807.8900,2.6993,2.3907,5.2313,5.3553,4.6757,8.6270,3.8721,4.0374,8.6270,4.6930

2808.8910,2.5758,2.7611,4.7991,5.4170,4.9227,8.5035,4.2426,4.1197,8.5035,4.7460

2809.8900,2.6993,2.2672,5.2313,4.9849,4.9844,8.3800,3.9339,4.0168,8.3800,4.6401

2810.8900,2.8227,2.4524,5.2930,6.1578,5.1697,8.6270,3.9339,4.3049,8.6270,4.9224

2811.8900,2.6993,2.8228,5.1078,5.6022,4.7992,8.5652,3.8104,4.1403,8.5652,4.7724

2812.8900,2.3906,2.6376,5.2313,5.1701,5.0462,8.3800,4.3043,4.1300,8.3800,4.7372

2813.8900,2.5141,2.7611,4.9226,5.2936,4.8610,9.1208,3.8104,4.0271,9.1208,4.7548

2814.8900,2.6993,2.4524,4.8608,5.1701,5.1079,8.3800,3.9339,4.0374,8.3800,4.6578

2815.8900,2.6993,2.4524,5.1695,4.6762,5.1697,8.0713,3.7487,3.9860,8.0713,4.5696

2816.8900,2.8227,2.5759,4.6756,5.4170,4.7375,8.5652,3.7487,3.9962,8.5652,4.6489

2817.8900,2.6993,2.5759,5.5400,5.3553,5.0462,8.2565,3.6869,4.1506,8.2565,4.7372

2818.8900,3.0079,2.5142,4.9843,5.3553,4.9844,8.7504,3.8721,4.1197,8.7504,4.7812

2819.8900,2.6375,2.5759,5.1695,5.1701,5.1079,8.5035,4.0574,4.1197,8.5035,4.7460

2820.8900,3.1314,2.3907,4.9226,5.2318,5.1079,8.5035,3.5634,4.0580,8.5035,4.6930

2821.8900,3.3165,2.5142,4.9226,5.0466,4.9844,8.8122,3.5634,4.0580,8.8122,4.7371

2822.8910,2.8844,2.8846,5.3548,4.9231,4.9227,8.6270,3.6252,4.0991,8.6270,4.7460

2823.8900,2.6993,2.8846,5.0460,5.2318,5.4166,8.5035,3.7487,4.1712,8.5035,4.7901

2824.8900,2.5141,2.8228,5.0460,5.4170,4.7375,8.6270,4.0574,4.0991,8.6270,4.7460

2825.8910,2.6375,2.6376,5.4165,4.8614,5.0462,8.6887,3.8721,4.0786,8.6887,4.7372

2826.8900,2.7610,2.6376,4.7373,5.1701,5.1079,8.6270,3.8721,4.0477,8.6270,4.7019

2827.8900,2.6993,2.7611,5.2313,4.9849,5.1697,8.5035,3.8104,4.1094,8.5035,4.7372

2828.8900,2.5141,2.6994,5.1078,5.1701,5.2314,8.5035,3.9956,4.1197,8.5035,4.7460

2829.8900,2.6375,2.5142,5.2313,5.5405,5.2314,8.3183,3.9339,4.1815,8.3183,4.7724

2830.8900,2.8227,2.6994,5.2930,4.9231,5.2932,8.8122,3.7487,4.1300,8.8122,4.7989

2831.8900,2.0820,2.6994,4.9226,5.1701,4.6140,8.9356,3.8104,3.8831,8.9356,4.6049

2832.8900,2.7610,3.5019,5.1695,5.1084,5.1697,8.7504,3.6252,4.2226,8.7504,4.8694

2833.8900,2.8227,2.3907,5.1695,4.9231,5.1697,8.7504,3.7487,4.0374,8.7504,4.7107

2834.8900,3.1314,2.2055,5.2313,5.1084,4.9227,8.8122,3.6869,4.0477,8.8122,4.7283

2835.8900,2.7610,2.6376,5.1078,5.2318,4.9227,8.6887,3.6869,4.0580,8.6887,4.7195

2836.8900,2.5141,2.6994,5.1695,5.1701,5.1079,8.7504,4.1191,4.1300,8.7504,4.7901

2837.8900,2.6993,2.6376,5.1078,5.6022,4.9227,8.4418,3.9339,4.1506,8.4418,4.7636

2838.8900,2.3289,3.1315,4.9843,5.1701,5.1697,8.4418,3.9339,4.1197,8.4418,4.7372

2839.8900,3.0696,2.5142,5.0460,5.2318,4.7992,8.5652,4.1191,4.1300,8.5652,4.7636

2840.8900,2.6993,2.6376,5.4782,5.6022,4.9227,8.8739,3.9956,4.2226,8.8739,4.8871

2841.8900,2.6993,2.6994,5.4782,5.2318,4.9844,8.6887,3.8721,4.1609,8.6887,4.8077

2842.8900,2.8844,2.2055,4.9226,5.4788,4.6140,8.6887,4.1191,4.0374,8.6887,4.7019

2843.8900,2.8227,2.3907,5.1078,5.2318,4.9844,8.1331,3.6869,4.0374,8.1331,4.6225

2844.8900,2.3289,2.7611,4.7991,5.2936,5.1079,8.9974,4.0574,4.0580,8.9974,4.7636

2845.8900,2.4523,2.8228,4.9226,4.9849,5.1079,9.7382,3.9339,4.0374,9.7382,4.8518

2846.8900,2.7610,2.1438,5.2313,5.3553,4.8610,8.6887,3.8104,4.0271,8.6887,4.6930

2847.8900,2.8227,2.6994,4.9843,4.9849,5.4166,8.1331,3.8104,4.1197,8.1331,4.6931

2848.8900,3.0696,2.5142,5.1078,5.1084,5.1079,8.7504,3.5017,4.0683,8.7504,4.7371

2849.8900,2.5758,3.3785,4.9226,5.2318,4.9844,8.6270,5.1070,4.3667,8.6270,4.9753

2850.8900,2.5758,2.6376,4.8608,5.1701,5.3549,8.1331,3.5634,4.0271,8.1331,4.6137

2851.8900,2.6993,2.2672,5.9722,5.4170,4.6757,8.5035,3.6869,4.1197,8.5035,4.7460

2852.8900,2.8227,2.5759,5.7252,5.2936,4.9844,8.4418,4.4278,4.3049,8.4418,4.8959

2853.8900,2.8844,2.5142,5.4165,5.1701,5.5401,8.8122,3.8104,4.2226,8.8122,4.8783

2854.8900,2.2672,2.8228,5.4165,5.1701,5.1079,7.9479,4.2426,4.1712,7.9479,4.7107

2855.8900,3.2548,2.9463,5.0460,5.1084,4.7375,8.6887,3.8721,4.1609,8.6887,4.8077

2856.8900,2.9462,2.6376,5.2313,5.2936,4.7375,8.0713,3.6869,4.0888,8.0713,4.6578

2857.8900,2.6375,2.5142,5.1695,4.9231,5.1079,8.3800,3.9339,4.0477,8.3800,4.6666

2858.8900,2.6993,3.2550,5.0460,5.0466,4.9227,8.5652,4.0574,4.1712,8.5652,4.7989

2859.8900,2.5758,2.7611,5.2930,5.5405,4.8610,8.6270,3.8104,4.1403,8.6270,4.7812

2860.8900,2.9462,2.4524,5.5400,5.2936,4.9227,8.1331,3.6869,4.1403,8.1331,4.7107

2861.8900,3.0079,2.8228,5.0460,5.1701,4.9227,8.7504,3.9339,4.1506,8.7504,4.8077

2862.8900,2.3906,2.6994,5.2313,5.6022,5.1697,8.5652,4.2426,4.2226,8.5652,4.8430

2863.8900,3.1931,2.6376,5.1078,5.2936,5.1079,8.6270,4.1191,4.2432,8.6270,4.8694

2864.8900,2.8227,2.5759,5.5400,5.2318,4.9227,8.2565,3.9339,4.1712,8.2565,4.7548

2865.8900,2.5758,2.5759,5.1695,5.2318,4.7375,8.7504,3.8721,4.0271,8.7504,4.7019

2866.8900,2.9462,2.6376,5.1695,5.0466,5.3549,8.5652,4.1191,4.2123,8.5652,4.8342

2867.8900,2.8844,3.2550,5.0460,5.0466,5.2314,8.2565,3.9956,4.2432,8.2565,4.8165

2868.8900,2.3906,3.0698,5.1078,4.9849,4.6140,8.6887,3.9339,4.0168,8.6887,4.6842

2869.8900,2.6375,3.0698,5.1695,5.1084,5.2314,8.6887,4.0574,4.2123,8.6887,4.8518

2870.8900,2.5758,2.8846,4.9843,5.3553,5.0462,9.4295,4.3661,4.2020,9.4295,4.9488

2871.8900,2.4523,2.8846,4.9226,5.2936,5.3549,8.5652,3.7487,4.1094,8.5652,4.7460

2872.8900,2.8227,2.7611,5.2313,5.1701,5.5401,8.2565,3.9956,4.2535,8.2565,4.8254

2873.8900,2.5758,3.6872,4.7991,5.6022,5.2932,8.5652,4.4895,4.4078,8.5652,5.0017

2874.8900,3.0079,2.5142,5.0460,5.3553,4.9227,8.5035,3.7487,4.0991,8.5035,4.7283

2875.8900,2.8227,2.6994,5.0460,5.6640,5.1697,9.3678,4.1191,4.2535,9.3678,4.9841

2876.8900,3.0696,2.4524,5.2930,5.1084,4.6140,8.1948,3.8721,4.0683,8.1948,4.6578

2877.8900,2.4523,1.5264,4.3669,5.0466,4.5522,8.3800,3.9956,3.6567,8.3800,4.3314

2878.8910,2.5758,2.6994,5.0460,5.7257,4.8610,8.3800,4.0574,4.1609,8.3800,4.7636

2879.8900,2.6375,2.5142,4.9226,5.1701,5.1079,7.9479,3.7487,4.0168,7.9479,4.5784

2880.8900,2.9462,2.6994,4.7991,5.3553,4.7375,8.3183,4.4278,4.1609,8.3183,4.7548

2881.8900,2.3289,2.7611,5.1078,5.7257,4.7992,8.3800,3.9339,4.1094,8.3800,4.7195

2882.8910,2.7610,2.7611,4.8608,5.7874,4.9227,8.5652,3.9956,4.1814,8.5652,4.8077

2883.8900,2.8844,2.6376,5.6017,5.2318,4.9844,8.8739,3.8104,4.1917,8.8739,4.8606

2884.8900,2.8227,2.7611,3.9965,4.6145,5.4166,9.1826,3.9339,3.9242,9.1826,4.6754

2885.8900,2.4523,2.6994,5.1078,5.1084,5.1079,8.3183,4.1191,4.0991,8.3183,4.7019

2886.8900,2.6993,3.0081,5.1695,5.6022,5.2932,8.6270,3.8104,4.2638,8.6270,4.8871

2887.8900,2.5141,2.5759,5.2313,5.1084,5.0462,8.4418,4.1191,4.0991,8.4418,4.7195

2888.8900,3.0079,1.7116,5.6017,5.1701,5.2314,8.6887,3.8104,4.0889,8.6887,4.7460

2889.8900,2.8844,2.8228,4.8608,5.5405,5.8488,8.6887,3.8721,4.3049,8.6887,4.9312

2890.8910,2.7610,2.2672,4.7991,5.1701,5.1079,8.1948,3.9339,4.0065,8.1948,4.6049

2891.8900,2.8227,3.3167,4.9843,5.3553,5.1697,8.4418,3.9956,4.2741,8.4418,4.8694

2892.8900,2.6993,2.8228,5.0460,5.2936,4.4905,8.8122,4.1191,4.0786,8.8122,4.7548

2893.8900,2.8227,2.7611,4.9226,5.5405,5.1079,9.0591,3.8721,4.1712,9.0591,4.8694

2894.8900,2.9462,2.4524,4.9843,5.2936,5.1697,8.5652,3.9339,4.1300,8.5652,4.7636

2895.8900,2.8844,2.5142,5.2313,4.9849,5.2932,8.6270,3.8721,4.1300,8.6270,4.7724

2896.8900,2.7610,2.7611,4.7991,5.2318,5.2314,8.7504,3.8104,4.0991,8.7504,4.7636

2897.8900,2.6375,3.0698,5.0460,5.4788,5.0462,8.9974,3.7487,4.1712,8.9974,4.8606

2898.8910,3.6252,2.8846,5.0460,5.2936,4.9227,7.8244,4.2426,4.3358,7.8244,4.8341

2899.8900,2.6375,2.9463,4.8608,5.2318,5.1079,8.7504,3.8104,4.0991,8.7504,4.7636

2900.8900,2.6993,2.3907,5.2930,5.1701,5.0462,8.5035,3.8721,4.0786,8.5035,4.7107

2901.8900,3.0079,2.8228,5.2313,5.2936,5.0462,8.8122,3.4400,4.1403,8.8122,4.8077

2902.8900,2.6375,3.0081,5.1695,5.1701,5.2932,8.6887,3.6252,4.1506,8.6887,4.7989

2903.8900,2.6993,2.7611,4.5521,5.1701,5.2932,8.5035,3.8721,4.0580,8.5035,4.6931

2904.8910,2.8227,2.8228,4.8608,5.6022,4.6140,8.4418,3.9339,4.1094,8.4418,4.7283

2905.8900,2.9462,2.4524,5.2313,5.4788,5.7871,8.4418,3.9339,4.3049,8.4418,4.8959

2906.8900,2.6375,3.3167,4.9843,5.2318,5.1079,8.5035,3.8721,4.1917,8.5035,4.8077

2907.8900,2.6993,2.6376,5.1078,5.4170,5.2932,8.2565,4.0574,4.2020,8.2565,4.7813

2908.8900,2.6993,3.0698,4.9843,5.2318,5.2314,9.1826,3.9956,4.2020,9.1826,4.9135

2909.8900,2.5141,2.5142,5.2313,5.4170,4.6757,8.5652,4.0574,4.0683,8.5652,4.7107

2910.8900,2.7610,2.6376,5.5400,5.0466,5.0462,8.5652,3.8721,4.1506,8.5652,4.7813

2911.8900,2.5758,2.7611,4.9843,5.4170,5.0462,9.1208,4.0574,4.1403,9.1208,4.8518

2912.8900,3.1931,2.9463,5.0460,5.1701,4.9227,8.5652,4.1191,4.2329,8.5652,4.8518

2913.8910,3.0696,3.0081,5.2313,5.1084,4.9844,8.6887,3.9339,4.2226,8.6887,4.8606

2914.8900,3.0696,3.0698,5.1078,5.1701,4.9844,8.6887,3.9339,4.2226,8.6887,4.8606

2915.8900,2.3906,2.7611,5.0460,5.6640,4.9227,8.7504,3.8721,4.1094,8.7504,4.7724

2916.8900,2.6993,2.6376,4.7373,5.2318,4.8610,8.7504,3.7487,3.9859,8.7504,4.6666

2917.8900,2.9462,2.6376,5.3548,5.1084,4.9227,8.5035,4.1191,4.1815,8.5035,4.7989

2918.8900,2.8227,2.6994,4.7373,5.1084,4.9227,8.5035,3.7487,4.0065,8.5035,4.6489

2919.8900,2.5141,2.5142,5.1078,5.1084,5.1079,8.3800,4.0574,4.0683,8.3800,4.6842

2920.8910,2.8227,2.4524,5.1078,5.2936,5.2314,8.2565,4.0574,4.1609,8.2565,4.7460

2921.8900,2.2672,2.7611,5.2930,5.2318,5.1697,8.6270,3.9956,4.1197,8.6270,4.7636

2922.8900,2.5758,2.5142,5.0460,5.4788,4.5522,8.8122,3.9339,4.0168,8.8122,4.7019

2923.8900,3.1931,2.8846,5.1078,4.7997,4.9227,8.7504,3.7487,4.1094,8.7504,4.7724

2924.8900,2.8227,2.2055,5.2313,5.2318,4.9227,8.5035,4.1808,4.0991,8.5035,4.7283

2925.8900,2.6375,3.1315,5.5400,5.3553,4.8610,8.3800,3.8721,4.2329,8.3800,4.8253

2926.8900,2.4523,2.8228,5.2313,5.8492,5.1079,8.3800,3.9956,4.2432,8.3800,4.8342

2927.8900,3.2548,2.6376,5.6635,5.7257,5.1079,8.2565,3.8721,4.3769,8.2565,4.9312

2928.8900,1.8968,1.9585,5.7252,5.1084,4.9227,8.6270,3.8104,3.9037,8.6270,4.5784

2929.8900,2.2672,2.8846,5.1078,5.0466,5.4166,8.5652,4.4895,4.2021,8.5652,4.8254

2930.8900,2.6993,2.5759,5.3548,5.3553,5.1079,8.9356,4.0574,4.1917,8.9356,4.8694

2931.8900,2.4523,2.3290,5.2930,5.0466,5.2314,8.4418,5.4157,4.2947,8.4418,4.8871

2932.8910,2.8227,3.2550,4.6756,5.1084,5.1079,8.4418,3.9956,4.1609,8.4418,4.7724

2933.8900,2.4523,2.8228,5.1695,4.9849,5.1079,8.6270,4.7983,4.2226,8.6270,4.8518

2934.8910,2.4523,2.6376,5.2313,5.0466,5.1697,8.3800,4.3043,4.1403,8.3800,4.7460

2935.8900,2.3906,2.7611,5.1078,5.6640,4.9227,8.5035,3.8721,4.1197,8.5035,4.7460

2936.8900,2.7610,2.6994,5.1695,5.6022,5.2314,8.2565,3.9339,4.2329,8.2565,4.8077

2937.8900,2.8227,2.3907,5.1078,4.9849,5.4166,8.3800,4.3661,4.1815,8.3800,4.7813

2938.8900,2.6375,2.1438,5.0460,5.6022,4.9844,8.6270,3.9956,4.0683,8.6270,4.7195

2939.8900,2.6375,2.5142,5.2313,4.9849,5.1697,9.6765,4.2426,4.1300,9.6765,4.9224

2940.8900,3.0079,2.4524,5.4165,5.5405,5.4784,8.9356,3.7487,4.2741,8.9356,4.9400

2941.8900,2.8844,2.8846,5.5400,4.9849,5.4784,8.9356,3.8721,4.2741,8.9356,4.9400

2942.8900,2.6993,2.9463,5.1695,5.9726,5.1697,8.5035,3.7487,4.2843,8.5035,4.8871

2943.8900,3.4400,2.9463,5.1695,4.9849,4.7375,8.6270,3.9339,4.2020,8.6270,4.8341

2944.8910,2.6993,2.7611,5.1078,5.2936,5.2932,8.5035,4.3661,4.2535,8.5035,4.8606

2945.8910,2.5141,2.2055,5.1695,5.4170,4.9227,8.6270,3.9339,4.0271,8.6270,4.6842

2946.8900,2.7610,3.6872,4.4286,5.5405,4.8610,8.7504,3.9956,4.2123,8.7504,4.8606

2947.8910,2.6993,2.9463,5.2313,5.5405,4.9227,9.3061,3.8104,4.1917,9.3061,4.9224

2948.8900,3.0079,2.1438,5.4782,6.5283,5.2314,8.6270,4.0574,4.4078,8.6270,5.0106

2949.8900,2.5758,2.8228,4.9226,5.0466,5.2932,9.0591,4.1808,4.1403,9.0591,4.8430

2950.8900,2.2054,2.8228,5.3548,5.1701,5.2932,8.6270,3.5634,4.0683,8.6270,4.7195

2951.8900,2.8844,3.6872,5.1695,5.1701,4.8610,8.6270,3.4400,4.2020,8.6270,4.8342

2952.8900,3.5017,2.5142,4.9843,4.1823,4.9227,8.7504,3.3165,3.9036,8.7504,4.5960

2953.8900,2.7610,2.7611,5.1078,4.9231,5.2932,9.4913,4.1808,4.1712,9.4913,4.9312

2954.8900,2.8227,2.6376,5.2313,5.4170,5.4784,8.8739,3.7487,4.2226,8.8739,4.8871

2955.8900,2.6993,2.8846,5.0460,5.7257,4.9227,8.4418,4.1191,4.2329,8.4418,4.8342

2956.8900,2.8227,2.6994,4.5521,5.6022,5.2314,8.3183,3.9956,4.1506,8.3183,4.7460

2957.8900,3.1931,2.8228,4.9843,5.4170,5.0462,8.6270,3.6869,4.1917,8.6270,4.8253

2958.8900,2.6375,2.6376,4.6756,5.5405,5.2314,8.2565,3.7487,4.0786,8.2565,4.6754

2959.8900,2.8227,2.6994,3.3173,4.6762,5.6636,8.3800,4.0574,3.8728,8.3800,4.5167

2960.8900,2.8227,2.3907,5.2930,5.2936,5.6019,8.5652,3.8104,4.2020,8.5652,4.8254

2961.8900,2.6993,2.6994,5.4165,4.9849,5.1697,8.9974,4.1191,4.1815,8.9974,4.8695

2962.8900,2.7610,2.6376,5.2930,5.3553,5.3549,9.1208,3.9339,4.2226,9.1208,4.9224

2963.8900,2.6993,2.5142,4.9843,5.2318,5.2932,8.5652,3.8104,4.0889,8.5652,4.7283

2964.8900,2.6993,2.6994,5.2313,5.1701,5.2314,9.6147,4.0574,4.1815,9.6147,4.9576

2965.8900,2.6375,3.0698,5.1078,5.1084,5.3549,8.1948,3.9956,4.2123,8.1948,4.7813

2966.8900,3.2548,2.8846,5.0460,5.0466,4.9844,8.5035,3.8104,4.1711,8.5035,4.7901

2967.8900,2.8227,2.6376,5.0460,5.6022,5.2314,8.3800,4.1191,4.2432,8.3800,4.8342

2968.8900,2.6993,2.6994,5.3548,6.1578,5.2932,8.5652,4.0574,4.3770,8.5652,4.9753

2969.8900,3.1314,2.6994,5.0460,5.2936,5.0462,8.0713,3.8721,4.1814,8.0713,4.7371

2970.8900,2.6375,2.8846,4.9843,5.4170,5.1079,8.6887,4.2426,4.2123,8.6887,4.8518

2971.8900,2.7610,2.4524,5.3548,5.1701,5.4166,8.6270,3.8721,4.1712,8.6270,4.8077

2972.8900,2.8844,2.7611,5.2313,5.2936,5.6019,8.3183,3.8721,4.2741,8.3183,4.8518

2973.8900,2.6993,2.6376,5.2930,5.3553,5.3549,8.7504,3.8104,4.1917,8.7504,4.8430

2974.8900,2.8844,2.6376,5.5400,5.1084,4.8610,8.5035,3.9339,4.1609,8.5035,4.7812

2975.8900,2.7610,2.5142,5.2930,5.2318,5.5401,8.2565,3.7487,4.1815,8.2565,4.7636

2976.8900,2.3906,2.8846,5.2930,5.1701,5.5401,8.3183,3.8104,4.1815,8.3183,4.7724

2977.8900,3.0079,2.7611,5.0460,5.4788,4.7375,8.5652,4.0574,4.1814,8.5652,4.8077

2978.8900,2.7610,3.0081,5.3548,5.2318,5.2932,8.5652,3.6869,4.2226,8.5652,4.8430

2979.8900,2.9462,2.6994,4.7991,5.1701,5.2932,8.4418,3.9956,4.1506,8.4418,4.7636

2980.8910,2.6375,2.9463,5.2930,5.4170,5.1697,8.1948,4.2426,4.2844,8.1948,4.8430

2981.8900,2.6993,2.6376,5.2313,5.2936,5.4166,8.3183,4.2426,4.2535,8.3183,4.8342

2982.8900,2.6993,3.1933,5.1078,5.1701,5.2314,8.5035,3.9339,4.2226,8.5035,4.8342

2983.8900,2.6375,2.7611,5.4165,5.1701,5.2314,7.5775,4.4278,4.2741,7.5775,4.7460

2984.8900,3.0079,2.5142,5.1695,5.2936,5.2314,8.7504,3.9339,4.1917,8.7504,4.8430

2985.8900,2.8227,2.5759,5.5400,4.7997,3.9348,9.0591,3.6869,3.8933,9.0591,4.6313

2986.8900,2.6993,2.8846,4.9843,5.4788,5.1697,8.6887,3.8721,4.1815,8.6887,4.8253

2987.8900,2.6375,2.7611,5.1078,5.0466,5.2932,8.6887,3.6869,4.0889,8.6887,4.7460

2988.8900,2.6993,2.6994,5.0460,5.2936,4.8610,8.6887,4.0574,4.1094,8.6887,4.7636

2989.8900,2.3289,2.6994,5.4165,5.1084,5.2932,8.5035,3.6252,4.0786,8.5035,4.7107

2990.8900,2.6375,2.7611,5.2313,5.1701,4.9844,8.4418,4.0574,4.1403,8.4418,4.7548

2991.8910,2.7610,3.0698,5.2930,5.3553,4.7375,8.7504,3.4400,4.1094,8.7504,4.7724

2992.8900,2.8844,2.3290,5.0460,5.5405,5.0462,8.3800,4.0574,4.1506,8.3800,4.7548

2993.8900,2.8227,3.8724,5.2313,5.2318,5.0462,8.3183,3.6869,4.3152,8.3183,4.8871

2994.8900,3.0696,2.7611,4.9226,5.1084,4.9844,8.6270,3.6252,4.0785,8.6270,4.7283

2995.8910,2.9462,2.6376,5.1695,5.2318,5.4784,8.4418,4.0574,4.2535,8.4418,4.8518

2996.8900,2.8227,2.6376,5.5400,5.1084,4.8610,8.6270,3.6869,4.1094,8.6270,4.7548

2997.8900,2.6993,2.8228,5.2930,5.4170,4.9844,9.3061,4.2426,4.2432,9.3061,4.9665

2998.8910,4.8597,2.8846,5.2930,4.9231,5.1079,8.5652,3.9956,4.5107,8.5652,5.0899

2999.8900,2.8227,2.7611,5.2313,5.0466,5.1697,8.3800,3.9956,4.1712,8.3800,4.7724

3000.8900,2.4523,3.2550,4.7991,5.2318,5.1079,8.1948,3.8721,4.1197,8.1948,4.7019

3001.8900,2.9462,2.6376,4.9843,5.2936,5.2314,8.1948,3.9956,4.1815,8.1948,4.7548

3002.8900,3.0079,3.8106,5.4782,5.0466,5.2932,8.5035,3.8104,4.4078,8.5035,4.9929

3003.8900,2.8227,2.5142,5.3548,5.4170,5.5401,8.8739,3.9956,4.2741,8.8739,4.9312

3004.8900,2.6993,2.6994,4.9843,5.4170,5.0462,8.5652,4.4278,4.2123,8.5652,4.8342

3005.8900,2.8227,2.8846,5.0460,5.2936,5.2314,8.3183,3.7487,4.1712,8.3183,4.7636

3006.8900,2.8227,2.6994,4.0582,5.9109,4.8610,9.6765,3.9339,4.0477,9.6765,4.8518

3007.8900,3.0079,2.8228,5.9104,5.3553,4.9844,8.8122,3.9339,4.3358,8.8122,4.9753

3008.8900,2.6375,2.4524,5.1078,5.2936,4.9844,8.6270,4.0574,4.0889,8.6270,4.7372

3009.8900,2.7610,2.8228,5.2930,5.1084,4.9227,8.5652,4.1191,4.1712,8.5652,4.7989

3010.8900,2.6375,3.1933,5.2930,5.2936,4.6757,8.3183,4.0574,4.1917,8.3183,4.7812

3011.8900,2.5141,2.5759,5.1695,4.7379,5.2314,8.5652,3.8721,4.0168,8.5652,4.6666

3012.8900,2.6993,2.9463,4.8608,5.5405,5.1079,8.7504,3.9956,4.1917,8.7504,4.8430

3013.8900,3.3165,2.3907,5.2930,5.3553,5.1079,8.1948,3.8104,4.2123,8.1948,4.7812

3014.8900,2.9462,2.9463,5.3548,5.1084,5.7871,8.3800,3.8104,4.3255,8.3800,4.9047

3015.8900,2.5141,2.6376,5.3548,5.1701,4.9227,8.5652,4.2426,4.1403,8.5652,4.7724

3016.8900,2.6993,2.5759,5.1078,5.2318,5.1079,8.5035,4.3661,4.1815,8.5035,4.7989

3017.8900,2.8844,2.4524,5.1078,5.4170,5.1079,8.5035,4.0574,4.1712,8.5035,4.7901

3018.8900,2.3906,2.7611,5.0460,5.2936,4.9844,8.3800,4.1191,4.0991,8.3800,4.7107

3019.8900,2.8844,2.5142,5.3548,5.4170,5.5401,8.9356,3.8721,4.2638,8.9356,4.9312

3020.8900,2.6375,2.5759,5.0460,5.5405,4.9844,8.5035,4.1808,4.1609,8.5035,4.7813

3021.8900,2.6993,2.9463,4.9843,5.9726,5.2314,8.3183,4.2426,4.3461,8.3183,4.9135

3022.8900,2.9462,1.4029,4.1817,5.7257,5.3549,8.7504,3.9339,3.9242,8.7504,4.6137

3023.8900,2.4523,2.8846,5.2930,5.2936,5.1079,8.4418,4.5513,4.2638,8.4418,4.8606

3024.8900,3.0079,2.4524,5.2930,5.2936,5.0462,8.0096,3.9339,4.1712,8.0096,4.7195

3025.8900,1.4647,2.2672,5.2930,4.8614,4.7992,8.7504,3.6869,3.7287,8.7504,4.4461

3026.8900,3.0696,2.8228,4.9226,5.4170,4.9844,8.3183,3.5017,4.1197,8.3183,4.7195

3027.8900,2.9462,2.8846,4.9226,5.9726,5.1079,8.3800,3.9956,4.3049,8.3800,4.8871

3028.8900,3.2548,2.5759,5.7869,5.7257,5.1079,8.3800,3.9956,4.4078,8.3800,4.9753

3029.8900,3.3783,2.3290,5.2313,5.5405,5.9106,8.6270,3.8104,4.3667,8.6270,4.9753

3030.8900,2.8844,2.8228,4.6756,5.2936,5.9106,8.8739,3.6252,4.2020,8.8739,4.8694

3031.8900,3.8104,2.8846,5.2313,5.3553,5.2314,8.0713,4.0574,4.4284,8.0713,4.9488

3032.8900,3.0696,2.8228,5.9104,5.5405,4.9227,8.3800,4.1808,4.4078,8.3800,4.9753

3033.8900,2.8844,1.8351,5.4165,5.1701,4.7992,8.7504,4.1808,4.0477,8.7504,4.7195

3034.8900,3.0079,2.5759,5.3548,5.2318,5.1697,8.6270,4.4895,4.3049,8.6270,4.9224

3035.8900,2.8227,3.2550,5.1695,5.2318,5.0462,8.3183,4.0574,4.2638,8.3183,4.8430

3036.8900,2.8844,2.7611,5.4165,5.2318,4.9227,8.3800,4.1191,4.2226,8.3800,4.8165

3037.8910,2.6375,3.0081,5.6017,5.3553,4.7375,8.6270,4.1191,4.2432,8.6270,4.8694

3038.8900,3.3165,2.5759,5.1078,5.2936,4.9844,8.5652,3.6252,4.1506,8.5652,4.7812

3039.8900,2.5758,2.9463,5.1078,5.4788,4.9227,8.5652,4.7365,4.2946,8.5652,4.9047

3040.8900,2.8844,2.6994,5.2313,5.3553,5.5401,8.5652,3.6252,4.2226,8.5652,4.8430

3041.8900,2.8227,2.7611,4.6756,5.4788,5.4166,8.3183,4.1191,4.2123,8.3183,4.7989

3042.8900,2.8844,2.6994,5.2930,5.4788,5.5401,8.6887,3.8104,4.2844,8.6887,4.9135

3043.8900,2.5141,2.9463,4.9843,5.2936,5.1079,8.2565,3.9956,4.1403,8.2565,4.7283

3044.8900,2.6993,3.5019,5.5400,5.4170,4.9844,8.4418,3.8721,4.3358,8.4418,4.9224

3045.8900,2.8227,2.7611,4.7991,5.1084,5.0462,8.5652,3.7487,4.0477,8.5652,4.6930

3046.8900,2.8844,2.6376,5.7252,5.6022,5.0462,8.3800,3.8721,4.2946,8.3800,4.8783

3047.8910,2.4523,2.8228,5.0460,5.3553,4.4287,8.5035,3.9339,4.0065,8.5035,4.6490

3048.8900,2.8227,2.6376,5.0460,5.2936,5.0462,8.8122,3.9956,4.1403,8.8122,4.8077

3049.8900,2.8227,2.9463,5.1695,6.0344,5.4166,8.4418,3.9339,4.3872,8.4418,4.9665

3050.8900,3.6869,3.0081,4.9843,5.4788,4.8610,8.1331,3.9956,4.3358,8.1331,4.8782

3051.8910,2.7610,2.8228,5.2313,5.5405,4.8610,8.7504,4.5513,4.2946,8.7504,4.9312

3052.8900,2.7610,2.5759,5.1078,5.1701,4.7375,8.6887,3.9956,4.0580,8.6887,4.7195

3053.8900,2.8227,3.2550,4.7373,5.3553,5.2932,8.6270,4.1191,4.2638,8.6270,4.8871

3054.8900,2.6993,2.4524,5.0460,5.4170,5.1697,8.0096,4.1191,4.1506,8.0096,4.7019

3055.8900,2.3289,2.3907,5.1695,5.4170,4.7992,8.5035,4.1191,4.0374,8.5035,4.6754

3056.8900,2.3906,2.8846,5.2313,5.7257,4.9844,8.5035,4.2426,4.2432,8.5035,4.8518

3057.8900,2.7610,2.9463,5.3548,5.0466,4.9227,8.3800,4.1191,4.1917,8.3800,4.7901

3058.8900,2.6375,2.5142,5.2930,5.4788,4.8610,8.6887,4.0574,4.1403,8.6887,4.7901

3059.8900,3.1314,2.3290,5.2313,5.9726,5.1079,8.6270,3.6252,4.2329,8.6270,4.8606

3060.8900,2.8227,2.8228,5.7252,5.4170,5.0462,8.6887,2.5138,4.0580,8.6887,4.7195

3061.8900,2.7610,3.0081,5.3548,5.1084,5.0462,8.5652,4.1191,4.2329,8.5652,4.8518

3062.8900,2.7610,2.6376,5.3548,5.4788,5.4784,8.9974,4.1191,4.3049,8.9974,4.9753

3063.8900,3.2548,2.6376,5.1695,5.4788,4.9844,8.7504,3.9339,4.2432,8.7504,4.8871

3064.8900,3.0696,3.9341,5.3548,5.2936,5.2314,8.4418,3.8104,4.4490,8.4418,5.0194

3065.8900,2.6375,2.7611,5.4165,5.2318,4.9844,8.8739,5.1070,4.3564,8.8739,5.0018

3066.8900,3.0079,3.7489,5.4782,5.5405,5.1697,8.6270,3.6252,4.4284,8.6270,5.0282

3067.8900,2.6993,2.8846,5.2313,5.8492,5.0462,8.3183,4.3043,4.3358,8.3183,4.9047

3068.8900,2.3906,2.5142,5.4165,5.1701,5.1697,7.8861,3.6869,4.0580,7.8861,4.6049

3069.8900,2.5758,2.9463,5.6017,5.8492,5.3549,8.3183,4.1808,4.4181,8.3183,4.9753

3070.8900,3.1931,2.7611,4.7991,5.1701,4.9844,8.6270,3.6252,4.0888,8.6270,4.7371

3071.8910,2.8227,3.1315,5.1695,5.7874,5.1697,8.5035,4.2426,4.3872,8.5035,4.9753

3072.8900,2.6375,2.7611,5.1695,5.4170,4.8610,9.0591,4.4278,4.2123,9.0591,4.9047

3073.8900,3.5634,2.6994,5.0460,5.1084,5.2314,8.5035,3.5634,4.2020,8.5035,4.8165

3074.8900,2.6375,2.9463,5.1078,5.5405,5.1697,8.3183,3.9956,4.2329,8.3183,4.8165

3075.8900,2.8844,2.7611,4.9843,5.4170,5.0462,8.4418,3.9956,4.1814,8.4418,4.7901

3076.8900,2.8844,2.8846,5.1695,5.6640,5.2932,8.3800,3.9339,4.3049,8.3800,4.8871

3077.8900,2.6993,2.7611,5.3548,5.1701,5.3549,8.3800,4.1191,4.2432,8.3800,4.8342

3078.8900,2.5141,2.8228,5.5400,5.2318,5.3549,8.6270,3.9956,4.2432,8.6270,4.8695

3079.8900,1.5264,3.5637,5.0460,5.7257,5.4784,8.5035,3.8721,4.2021,8.5035,4.8166

3080.8900,2.9462,2.6376,5.1695,5.4170,5.5401,8.5652,3.9339,4.2741,8.5652,4.8871

3081.8900,2.9462,2.5142,5.1695,5.4788,5.2314,8.7504,4.3043,4.2741,8.7504,4.9135

3082.8900,2.7610,3.0081,5.7869,5.4788,4.9844,8.6887,3.7487,4.2946,8.6887,4.9224

3083.8900,2.4523,2.7611,5.2313,5.5405,5.0462,8.3183,4.0574,4.1815,8.3183,4.7724

3084.8900,3.0696,2.6994,5.1695,5.3553,5.2314,8.5652,3.8721,4.2329,8.5652,4.8518

3085.8900,2.8227,2.8846,5.1078,5.5405,5.0462,8.8739,4.2426,4.2741,8.8739,4.9312

3086.8900,2.6993,2.9463,5.1695,5.2318,4.9844,8.2565,4.3043,4.2226,8.2565,4.7989

3087.8900,2.6993,2.9463,4.8608,5.2318,5.2314,8.9974,4.0574,4.1712,8.9974,4.8606

3088.8900,3.0079,2.6994,5.6017,5.4788,5.1697,7.9479,3.8104,4.2946,7.9479,4.8165

3089.8900,2.5758,3.2550,5.4165,5.3553,5.5401,8.5652,3.7487,4.3152,8.5652,4.9224

3090.8900,2.6375,2.6994,5.1695,5.4170,4.9227,8.5652,4.9835,4.3049,8.5652,4.9136

3091.8900,2.7610,3.0081,3.8730,5.1084,5.2314,8.5652,3.8721,3.9757,8.5652,4.6313

3092.8900,2.6375,2.7611,4.7991,5.4170,4.7992,8.7504,3.8721,4.0477,8.7504,4.7195

3093.8900,2.8844,2.8228,5.2930,5.1084,4.8610,8.2565,4.0574,4.1712,8.2565,4.7548

3094.8910,2.5141,3.2550,5.2313,5.2318,5.3549,8.3183,3.6869,4.2123,8.3183,4.7989

3095.8900,3.0079,2.5759,5.0460,5.1701,4.9844,8.4418,4.1191,4.1506,8.4418,4.7636

3096.8900,2.9462,2.9463,5.1695,5.7874,5.2314,8.3800,4.1191,4.3667,8.3800,4.9400

3097.8900,2.6993,3.0698,5.1078,5.1084,4.9844,8.6270,4.0574,4.1712,8.6270,4.8077

3098.8900,2.7610,3.0081,5.2930,5.2936,4.9227,8.8122,3.6252,4.1506,8.8122,4.8165

3099.8900,2.6993,2.5759,5.2313,5.4170,4.7375,8.5652,4.1808,4.1403,8.5652,4.7724

3100.8900,2.8844,2.5142,6.0956,5.4788,5.1079,8.3800,3.9956,4.3461,8.3800,4.9224

3101.8900,2.2672,3.3785,4.9843,5.2936,5.4166,8.3800,3.9339,4.2123,8.3800,4.8077

3102.8910,2.6375,2.9463,5.1078,4.9231,4.8610,8.3800,4.2426,4.1197,8.3800,4.7283

3103.8900,3.1314,2.6376,5.3548,5.4788,4.9844,8.5652,3.9956,4.2638,8.5652,4.8783

3104.8900,2.7610,2.6994,5.7252,5.0466,4.9844,8.6270,3.8104,4.1712,8.6270,4.8077

3105.8900,3.0079,2.5759,5.2930,5.4170,5.2314,8.1331,4.1191,4.2741,8.1331,4.8253

3106.8900,3.0079,2.8228,4.9226,5.5405,6.1576,8.5652,4.1191,4.4284,8.5652,5.0194

3107.8900,2.6375,2.5142,5.9722,4.2441,5.2932,8.3800,4.2426,4.1506,8.3800,4.7548

3108.8900,2.6375,2.9463,4.9226,5.4788,5.2314,8.7504,4.0574,4.2123,8.7504,4.8606

3109.8900,3.0696,2.8228,5.2313,5.6640,5.2932,8.4418,3.6869,4.2946,8.4418,4.8871

3110.8900,3.0696,2.6376,5.2930,5.4788,5.1697,8.1948,3.8104,4.2432,8.1948,4.8077

3111.8900,2.5758,2.7611,5.4782,5.4170,5.2932,8.3800,4.6748,4.3667,8.3800,4.9400

3112.8900,2.8227,2.4524,5.1695,5.5405,5.2932,8.5652,3.9339,4.2020,8.5652,4.8253

3113.8900,3.0696,2.4524,5.1078,5.3553,4.9227,8.6270,3.8721,4.1300,8.6270,4.7724

3114.8900,3.0696,2.6376,5.3548,5.4170,4.9227,8.2565,3.8721,4.2123,8.2565,4.7901

3115.8900,3.3783,2.5142,4.9843,5.3553,4.9844,8.5035,3.9339,4.1917,8.5035,4.8077

3116.8900,3.0079,2.7611,5.6017,5.4170,5.1697,8.3800,4.2426,4.3667,8.3800,4.9400

3117.8900,2.6993,2.6994,5.2313,5.4788,5.1079,8.3183,4.3043,4.2535,8.3183,4.8342

3118.8900,3.0079,2.6994,3.9347,5.8492,4.8610,8.5035,3.9339,4.0477,8.5035,4.6842

3119.8900,3.1314,3.0698,5.0460,5.5405,5.3549,8.6270,3.9339,4.3461,8.6270,4.9576

3120.8900,2.8844,2.3290,5.7252,5.2936,5.0462,8.4418,3.8721,4.1917,8.4418,4.7989

3121.8900,3.3783,3.0081,4.9843,5.4170,5.1079,8.6270,3.5634,4.2432,8.6270,4.8694

3122.8900,2.7610,2.9463,5.2313,5.5405,4.9844,8.8739,3.7487,4.2020,8.8739,4.8694

3123.8900,2.9462,2.6994,5.1695,5.3553,5.3549,8.9974,4.2426,4.2946,8.9974,4.9665

3124.8900,2.5141,3.1933,4.9843,5.2936,5.1079,8.3183,3.9339,4.1712,8.3183,4.7636

3125.8900,3.0696,2.8846,5.1078,5.4788,5.1697,8.1331,3.9339,4.2741,8.1331,4.8253

3126.8900,2.6375,2.8228,5.1078,5.4170,4.7992,8.5652,4.1191,4.1506,8.5652,4.7812

3127.8900,2.8844,3.0698,5.5400,5.2318,5.2314,8.5652,3.9956,4.3255,8.5652,4.9312

3128.8900,3.0696,3.0081,5.2930,5.4788,5.4784,8.4418,4.1191,4.4078,8.4418,4.9841

3129.8900,2.8844,2.2055,5.2930,5.7257,4.8610,8.5652,4.1191,4.1814,8.5652,4.8077

3130.8900,3.0079,2.6376,4.7373,5.1084,5.1079,8.6887,3.6252,4.0374,8.6887,4.7019

3131.8900,3.1314,2.9463,5.0460,5.3553,5.1079,8.7504,3.8104,4.2329,8.7504,4.8783

3132.8900,3.1931,2.7611,3.6878,5.2936,5.1079,8.3800,4.1808,4.0374,8.3800,4.6578

3133.8900,2.6993,2.6994,5.1078,5.1701,5.2932,8.5035,3.5017,4.0786,8.5035,4.7107

3134.8900,3.2548,3.8106,5.4165,5.2936,5.4166,8.5035,3.9956,4.5313,8.5035,5.0987

3135.8900,3.5634,2.8846,4.9843,5.7874,5.0462,8.0713,3.7487,4.3358,8.0713,4.8694

3136.8900,2.9462,2.4524,5.9104,5.2318,5.2932,8.6270,3.8721,4.2844,8.6270,4.9047

3137.8900,2.9462,2.7611,5.2313,5.4170,5.2932,8.1331,4.3043,4.3255,8.1331,4.8694

3138.8900,2.9462,2.9463,5.4782,5.4170,4.8610,8.8122,3.8104,4.2432,8.8122,4.8959

3139.8900,2.9462,2.8846,5.0460,5.6022,5.4784,8.6270,3.9956,4.3255,8.6270,4.9400

3140.8900,3.1314,2.4524,5.1078,5.6022,5.0462,9.2443,3.4400,4.1300,9.2443,4.8606

3141.8900,2.8844,2.6376,5.5400,5.2936,5.1079,8.1948,3.9956,4.2432,8.1948,4.8077

3142.8900,2.8844,2.8228,5.5400,6.2196,5.4784,8.4418,3.8104,4.4593,8.4418,5.0282

3143.8900,2.5758,2.6994,5.2313,5.4170,5.1697,8.4418,4.6130,4.2844,8.4418,4.8783

3144.8900,2.8227,2.3907,5.1695,5.5405,4.9844,8.6887,2.8843,3.9654,8.6887,4.6401

3145.8900,3.0079,2.9463,5.5400,5.4170,5.1697,8.3800,3.9956,4.3461,8.3800,4.9224

3146.8910,2.8227,2.6994,5.1695,5.3553,5.2314,8.5035,4.1808,4.2432,8.5035,4.8518

3147.8900,2.7610,1.9585,5.4165,5.6640,5.1079,8.9356,4.1808,4.1815,8.9356,4.8606

3148.8900,2.7610,2.8846,4.9843,5.6022,5.2314,8.5652,4.1808,4.2741,8.5652,4.8871

3149.8900,3.1931,2.7611,5.7252,5.4788,5.1697,8.2565,3.9956,4.3872,8.2565,4.9400

3150.8900,3.0079,2.9463,5.2930,5.4170,5.6636,8.7504,3.9339,4.3770,8.7504,5.0017

3151.8900,2.7610,2.7611,5.2930,5.6022,4.7992,8.5652,4.1191,4.2226,8.5652,4.8430

3152.8900,3.0079,2.6994,5.1695,5.4788,4.6140,8.8122,3.7487,4.1197,8.8122,4.7901

3153.8900,2.8227,2.7611,4.4904,5.2318,5.4166,8.1948,4.1191,4.1403,8.1948,4.7195

3154.8900,2.8227,2.7611,5.1695,5.7257,4.8610,8.5652,4.0574,4.2329,8.5652,4.8518

3155.8900,2.7610,2.8846,5.1695,5.1084,5.2314,8.5035,3.9956,4.1917,8.5035,4.8077

3156.8900,2.8844,2.7611,5.2313,5.3553,5.5401,8.6887,3.8721,4.2741,8.6887,4.9047

3157.8900,2.9462,2.8228,5.2930,5.4788,5.0462,8.3183,3.8721,4.2432,8.3183,4.8253

3158.8900,2.5141,2.4524,5.2313,5.4170,5.2314,8.8739,3.9956,4.1403,8.8739,4.8165

3159.8900,2.8227,2.6376,5.1695,5.6640,5.2932,8.5035,4.0574,4.2741,8.5035,4.8783

3160.8910,2.8844,2.9463,5.2930,5.6640,4.8610,8.6887,4.0574,4.2843,8.6887,4.9135

3161.8900,2.9462,2.6376,5.2930,5.7874,5.4166,8.6887,3.9339,4.3358,8.6887,4.9576

3162.8900,3.0079,2.5142,5.1695,5.6022,5.3549,8.9974,3.6869,4.2226,8.9974,4.9047

3163.8900,2.6993,2.5759,4.9226,5.7257,4.6757,7.3305,3.7487,4.0580,7.3305,4.5255

3164.8900,2.8227,2.8846,4.5521,5.3553,5.4784,8.2565,4.1191,4.2020,8.2565,4.7813

3165.8900,3.1314,2.7611,5.5400,5.0466,5.2932,7.8861,4.7983,4.4284,7.8861,4.9224

3166.8900,2.8227,2.6376,5.2930,4.6762,5.9106,8.6887,3.9956,4.2226,8.6887,4.8606

3167.8900,3.1314,2.8846,5.1695,5.8492,4.9844,8.4418,4.3043,4.3872,8.4418,4.9665

3168.8900,1.5882,2.6994,5.0460,5.6640,5.2932,8.6270,3.9339,4.0374,8.6270,4.6931

3169.8900,3.0079,2.2055,5.1695,5.6022,4.9844,8.6887,4.2426,4.2020,8.6887,4.8430

3170.8900,2.6993,2.6376,5.3548,5.4170,5.3549,8.3800,4.7365,4.3667,8.3800,4.9400

3171.8900,2.7610,3.1315,5.2930,5.5405,5.2314,8.3183,4.1191,4.3461,8.3183,4.9135

3172.8900,2.6993,3.0081,5.1695,5.4788,5.2314,8.9974,4.3661,4.3255,8.9974,4.9929

3173.8910,3.1931,3.7489,5.4782,5.7874,4.6757,8.8122,3.5634,4.4078,8.8122,5.0370

3174.8900,3.1314,2.6376,5.8487,5.1701,5.1697,8.5652,4.2426,4.3667,8.5652,4.9665

3175.8900,2.9462,2.9463,5.2930,5.3553,5.7254,8.4418,3.9339,4.3667,8.4418,4.9488

3176.8900,2.3906,2.5759,5.5400,5.3553,4.9227,8.6270,4.6748,4.2432,8.6270,4.8695

3177.8910,2.6993,3.0081,5.4782,5.7257,5.2932,9.1208,3.9956,4.3667,9.1208,5.0458

3178.8900,2.8844,3.0698,5.1695,5.2936,5.5401,9.1826,4.2426,4.3667,9.1826,5.0547

3179.8900,3.0079,3.3167,5.1695,5.3553,5.2932,8.3183,3.9956,4.3564,8.3183,4.9224

3180.8900,2.8227,2.5142,5.1078,5.6022,5.0462,8.3183,4.2426,4.2226,8.3183,4.8077

3181.8900,2.6993,2.5759,5.4782,5.3553,4.9844,8.6887,5.1070,4.3667,8.6887,4.9841

3182.8900,2.8844,2.7611,5.6017,5.4788,5.5401,8.9356,4.1191,4.3975,8.9356,5.0458

3183.8900,3.0079,2.7611,5.2930,5.6640,6.2810,8.7504,4.0574,4.5107,8.7504,5.1164

3184.8910,2.8844,2.5142,5.5400,5.4788,4.9844,8.6887,3.9339,4.2226,8.6887,4.8606

3185.8910,2.6993,3.1933,5.3548,5.2936,4.9227,8.4418,4.0574,4.2535,8.4418,4.8518

3186.8900,2.8844,2.9463,5.4782,4.2441,5.7871,9.0591,4.1808,4.2535,9.0591,4.9400

3187.8900,3.3165,2.8228,4.5521,5.3553,5.1079,8.7504,3.8104,4.1609,8.7504,4.8165

3188.8900,3.0079,2.5142,5.2930,5.4170,5.4784,8.3800,4.0574,4.2946,8.3800,4.8783

3189.8900,3.0079,2.9463,5.2313,5.3553,5.0462,8.6270,3.6869,4.2123,8.6270,4.8430

3190.8900,2.9462,3.1315,5.7252,5.6022,5.2314,8.5035,4.1191,4.4593,8.5035,5.0370

3191.8900,3.3165,2.6994,4.9843,5.3553,5.2932,8.5035,4.0574,4.2843,8.5035,4.8871

3192.8900,2.8844,2.5759,5.0460,5.6022,5.1697,8.5035,4.1191,4.2329,8.5035,4.8430

3193.8900,2.9462,2.6376,4.9843,5.4788,5.1079,8.5652,3.9339,4.1814,8.5652,4.8077

3194.8900,2.6993,2.6994,5.4165,5.2936,5.6019,8.6270,3.9956,4.2844,8.6270,4.9047

3195.8900,2.9462,3.0698,5.5400,5.4788,5.0462,8.8739,4.1191,4.3667,8.8739,5.0106

3196.8900,3.0696,3.7489,5.1078,5.1084,5.1079,8.8122,3.8104,4.3255,8.8122,4.9665

3197.8910,2.6375,2.6994,5.2313,4.7997,5.1697,8.6887,3.8721,4.0683,8.6887,4.7283

3198.8900,2.2672,3.0698,4.9843,5.2936,5.1697,8.3183,4.6130,4.2329,8.3183,4.8165

3199.8900,2.5141,3.2550,5.0460,5.2318,5.1079,8.3800,4.1808,4.2226,8.3800,4.8165

3200.8900,3.0079,2.8846,5.4782,5.4788,5.4784,8.8739,3.9339,4.3770,8.8739,5.0194

3201.8910,3.0696,2.8846,5.1078,5.7257,4.9227,8.7504,3.7487,4.2432,8.7504,4.8871

3202.8900,2.7610,3.0081,5.2313,6.3430,5.2932,8.2565,3.9956,4.4387,8.2565,4.9841

3203.8900,2.5758,2.8846,4.9843,5.7874,5.1079,9.0591,4.2426,4.2638,9.0591,4.9488

3204.8900,3.0696,2.8846,5.1078,5.5405,4.9227,8.8122,4.1191,4.2740,8.8122,4.9224

3205.8900,2.8844,1.2794,5.8487,5.4788,5.7871,8.9356,4.0574,4.2226,8.9356,4.8959

3206.8900,2.9462,2.9463,5.0460,5.4170,5.0462,8.5035,4.1191,4.2535,8.5035,4.8606

3207.8900,2.7610,2.8228,5.1695,5.4170,5.2314,9.1826,4.1808,4.2638,9.1826,4.9665

3208.8900,3.0696,2.9463,5.0460,5.7257,5.4166,8.1948,3.8721,4.3461,8.1948,4.8959

3209.8900,2.6375,2.6994,5.6017,5.1701,5.1079,8.7504,4.3043,4.2535,8.7504,4.8959

3210.8900,2.8227,2.8228,4.9226,5.7874,5.3549,8.3183,4.1808,4.3152,8.3183,4.8871

3211.8900,2.7610,2.9463,5.0460,5.4170,5.3549,9.3061,4.1191,4.2741,9.3061,4.9929

3212.8900,2.6375,2.5142,4.7991,5.9726,4.7992,8.7504,4.2426,4.1609,8.7504,4.8165

3213.8900,3.0696,2.4524,5.1695,5.6022,5.1697,8.7504,3.8721,4.2226,8.7504,4.8694

3214.8900,3.2548,3.0698,5.1695,5.2936,4.9844,8.6887,3.9956,4.2946,8.6887,4.9223

3215.8900,4.4276,2.2672,5.4165,5.4788,5.2932,8.6887,3.6869,4.4284,8.6887,5.0370

3216.8900,3.3783,2.8846,5.1695,5.4788,5.1697,8.6887,3.5634,4.2740,8.6887,4.9047

3217.8900,2.9462,2.5142,5.1695,5.3553,5.4784,8.1331,4.7983,4.3770,8.1331,4.9136

3218.8900,3.0079,2.6994,5.6635,5.4170,4.9844,8.5652,3.9339,4.2843,8.5652,4.8959

3219.8900,2.6375,2.8228,5.2930,5.2936,5.1697,8.3183,4.3661,4.2638,8.3183,4.8430

3220.8900,3.0696,2.8846,5.1078,4.1823,6.1576,8.6887,3.9339,4.2226,8.6887,4.8606

3221.8900,3.0696,2.5759,5.6017,5.5405,5.1697,8.3800,3.9339,4.3152,8.3800,4.8959

3222.8900,2.8844,2.7611,5.9722,5.0466,5.1079,8.7504,3.9956,4.2946,8.7504,4.9312

3223.8900,3.5017,2.7611,5.2313,5.3553,5.5401,8.1948,3.9339,4.3872,8.1948,4.9312

3224.8900,3.1314,2.6376,5.1695,5.4788,5.0462,8.5652,3.9339,4.2329,8.5652,4.8518

3225.8900,3.1931,2.6994,5.7252,5.2318,5.1697,8.7504,4.0574,4.3461,8.7504,4.9753

3226.8900,3.0079,2.6376,5.5400,5.5405,5.3549,8.3800,4.4895,4.4284,8.3800,4.9929

3227.8900,2.8844,2.3907,5.3548,5.5405,4.9227,8.5652,4.1191,4.2020,8.5652,4.8253

3228.8900,3.0079,2.6994,5.2313,5.4170,5.3549,8.3183,4.1808,4.3152,8.3183,4.8871

3229.8900,2.9462,2.8228,5.6017,5.4170,5.0462,8.4418,4.2426,4.3461,8.4418,4.9312

3230.8900,2.9462,2.6994,5.4782,5.4788,5.4784,8.3800,4.4278,4.4181,8.3800,4.9841

3231.8900,2.6993,3.0081,5.4782,5.1084,5.4166,8.8122,3.8104,4.2535,8.8122,4.9047

3232.8910,3.1314,3.0081,4.9843,5.6640,6.2810,8.6270,4.4895,4.5930,8.6270,5.1693

3233.8900,3.1314,2.8846,5.7252,5.9726,4.3053,8.4418,3.9339,4.3255,8.4418,4.9135

3234.8900,2.9462,3.3785,5.6017,5.4788,5.0462,8.8122,4.1808,4.4387,8.8122,5.0635

3235.8900,3.0696,3.1315,5.2930,5.2936,5.7254,8.7504,3.9956,4.4181,8.7504,5.0370

3236.8900,2.8844,2.6994,5.3548,4.7997,5.2314,7.4540,3.3782,4.0580,7.4540,4.5431

3237.8900,3.0079,2.7611,5.6635,5.5405,5.0462,8.5035,3.8721,4.3152,8.5035,4.9135

3238.8900,3.5634,3.0081,5.1695,5.6022,5.1697,8.2565,4.0574,4.4284,8.2565,4.9753

3239.8910,2.9462,3.1933,5.6017,5.3553,5.0462,8.3800,4.1808,4.3872,8.3800,4.9576

3240.8900,2.9462,2.5142,5.4165,5.2318,5.0462,8.4418,3.8104,4.1609,8.4418,4.7724

3241.8900,3.2548,2.7611,5.2930,5.6022,5.0462,8.2565,4.1191,4.3461,8.2565,4.9047

3242.8900,2.9462,2.2055,5.8487,5.1701,5.2932,8.5652,4.1191,4.2638,8.5652,4.8783

3243.8900,3.0696,2.8228,5.2930,5.2936,5.4784,9.3061,4.1808,4.3564,9.3061,5.0635

3244.8900,2.9462,2.9463,5.7252,5.1084,5.3549,8.2565,4.1191,4.3667,8.2565,4.9224

3245.8900,2.9462,2.8228,5.4782,5.5405,5.1697,8.5035,3.9956,4.3255,8.5035,4.9224

3246.8910,2.8844,2.8846,5.3548,4.9231,5.3549,8.4418,3.8104,4.2020,8.4418,4.8077

3247.8900,2.8844,3.0698,5.3548,5.8492,4.7992,8.5035,4.1191,4.3461,8.5035,4.9400

3248.8900,3.0696,3.2550,5.2930,5.4170,5.2932,8.4418,4.1191,4.4078,8.4418,4.9841

3249.8900,3.0079,2.7611,5.6635,5.7257,5.1697,8.6887,4.1191,4.4078,8.6887,5.0194

3250.8900,3.0079,2.5142,5.2930,5.6022,5.2932,8.5035,4.5513,4.3770,8.5035,4.9665

3251.8900,3.0696,2.4524,5.4782,5.6640,5.1697,8.6270,3.9956,4.3049,8.6270,4.9224

3252.8900,2.6993,3.0698,4.7991,5.9109,4.9227,9.3061,3.5634,4.1609,9.3061,4.8959

3253.8900,2.8227,2.5759,5.2313,5.3553,4.7375,8.5652,4.2426,4.1609,8.5652,4.7901

3254.8910,4.1807,2.6994,5.2313,5.8492,5.2932,8.3800,4.0574,4.5518,8.3800,5.0987

3255.8900,2.9462,2.7611,5.0460,5.4788,5.5401,8.3800,3.9956,4.2946,8.3800,4.8783

3256.8900,3.0696,2.6376,5.4165,5.7257,6.1576,8.8122,3.8721,4.4799,8.8122,5.0988

3257.8900,2.8227,3.0698,5.1695,5.1701,5.3549,8.5035,4.2426,4.3049,8.5035,4.9047

3258.8900,2.9462,3.5019,5.5400,5.3553,5.0462,8.5652,3.8721,4.3770,8.5652,4.9753

3259.8900,2.8227,2.3290,5.2313,5.6022,4.8610,8.6270,4.0574,4.1506,8.6270,4.7901

3260.8900,2.8844,2.8846,7.2687,5.3553,4.8610,8.9356,3.8721,4.5210,8.9356,5.1517

3261.8900,2.8844,2.8228,5.1078,5.6640,5.2932,8.9356,4.2426,4.3358,8.9356,4.9929

3262.8900,1.4647,2.5759,5.0460,5.2936,5.4166,8.5652,4.1808,3.9963,8.5652,4.6490

3263.8910,2.7610,3.0698,5.1695,5.5405,5.3549,8.9974,4.2426,4.3564,8.9974,5.0194

3264.8900,2.8844,3.1315,5.2930,6.1578,5.2932,8.4418,4.1191,4.4798,8.4418,5.0458

3265.8900,2.8227,2.8228,5.2313,4.7379,5.1079,8.7504,3.8104,4.0889,8.7504,4.7548

3266.8900,3.5017,2.5759,5.3548,5.6022,4.9227,8.9356,4.2426,4.3666,8.9356,5.0194

3267.8900,2.6993,2.5759,4.9226,5.4788,5.1697,8.1948,4.2426,4.1815,8.1948,4.7548

3268.8900,3.2548,2.8228,5.3548,5.5405,5.4166,8.3183,3.9339,4.3872,8.3183,4.9488

3269.8900,2.6993,3.0698,5.2930,5.6022,4.9227,8.5652,4.3043,4.3152,8.5652,4.9224

3270.8900,2.8844,3.0698,4.8608,5.4788,5.3549,8.2565,4.1808,4.3049,8.2565,4.8694

3271.8900,2.8844,2.9463,4.6756,5.2936,5.4784,8.2565,4.1808,4.2432,8.2565,4.8165

3272.8900,2.7610,3.3167,5.1078,5.5405,5.2932,8.6887,4.1191,4.3564,8.6887,4.9753

3273.8900,2.9462,2.9463,5.4165,5.0466,5.2932,8.6887,3.8104,4.2432,8.6887,4.8783

3274.8900,2.7610,3.0698,5.1695,5.9109,5.1697,8.4418,4.4895,4.4284,8.4418,5.0017

3275.8900,3.8721,1.8351,5.6635,5.5405,5.3549,8.6270,3.5017,4.2946,8.6270,4.9135

3276.8900,3.3165,2.6994,5.2313,5.5405,5.3549,8.6887,3.9956,4.3564,8.6887,4.9753

3277.8910,3.0696,2.5759,5.2313,5.6022,5.2314,8.8739,3.8721,4.2638,8.8739,4.9224

3278.8900,3.5634,2.6376,4.3669,5.9109,4.9227,8.6270,3.9956,4.2329,8.6270,4.8606

3279.8900,2.7610,2.9463,5.4165,5.2936,5.5401,8.7504,3.9956,4.3255,8.7504,4.9576

3280.8900,3.1314,2.7611,4.5521,5.7257,5.0462,8.8122,4.3043,4.2535,8.8122,4.9047

3281.8900,2.6993,2.6376,5.2313,5.6022,4.9227,8.5652,4.1808,4.2123,8.5652,4.8342

3282.8900,3.3165,2.8846,5.2313,5.8492,5.1697,8.6887,4.1808,4.4387,8.6887,5.0458

3283.8900,2.9462,3.0081,5.4165,5.9109,5.2932,8.5035,3.9956,4.4284,8.5035,5.0106

3284.8900,2.6375,3.0698,4.9226,5.3553,5.2932,8.7504,3.7487,4.1712,8.7504,4.8253

3285.8900,3.3165,2.5759,5.6017,5.5405,5.1697,8.0713,3.9339,4.3564,8.0713,4.8871

3286.8900,3.5017,2.2055,5.2313,5.5405,5.1697,8.3800,4.2426,4.3152,8.3800,4.8959

3287.8900,3.4400,2.9463,5.1078,5.8492,5.0462,8.6887,3.9956,4.3975,8.6887,5.0105

3288.8900,3.0079,2.3907,5.1695,5.5405,4.9844,8.9356,4.1808,4.2123,8.9356,4.8871

3289.8900,3.0696,2.8228,5.1695,5.4170,5.3549,8.8122,3.8721,4.2843,8.8122,4.9312

3290.8910,3.1931,3.0698,5.0460,5.4788,5.2932,8.6270,4.1191,4.3667,8.6270,4.9753

3291.8900,2.9462,3.1315,4.6139,4.8614,5.6019,8.5652,3.9956,4.1917,8.5652,4.8165

3292.8900,2.8844,2.5759,5.3548,5.5405,5.5401,8.6887,3.9956,4.3152,8.6887,4.9400

3293.8900,2.8227,2.6376,5.6017,5.7874,5.2314,8.4418,4.3043,4.3975,8.4418,4.9753

3294.8900,2.6993,3.0081,5.2930,5.9109,5.2932,8.5652,4.3661,4.4284,8.5652,5.0194

3295.8910,2.8844,2.9463,5.4165,5.3553,5.1079,8.6887,3.8721,4.2638,8.6887,4.8959

3296.8910,2.9462,3.2550,5.0460,5.2936,5.3549,8.7504,4.1808,4.3461,8.7504,4.9753

3297.8900,3.0696,3.6872,5.2930,5.2936,5.2314,8.7504,4.1808,4.4593,8.7504,5.0723

3298.8900,2.9462,2.7611,5.9722,5.6640,5.2314,8.6887,4.1191,4.4490,8.6887,5.0547

3299.8910,2.7610,3.0698,5.0460,5.4170,5.2932,8.5035,4.1808,4.2946,8.5035,4.8959

3300.8900,2.8227,2.8228,4.6756,5.3553,5.2932,8.5035,4.3043,4.2123,8.5035,4.8253

3301.8900,3.2548,2.8846,5.3548,5.9109,5.1697,8.3800,3.9956,4.4284,8.3800,4.9929

3302.8900,2.6993,2.6376,5.1078,5.6022,4.9844,8.7504,4.3043,4.2226,8.7504,4.8694

3303.8900,3.1931,3.0081,5.9104,5.7257,5.1697,8.7504,3.9956,4.5004,8.7504,5.1076

3304.8900,2.8844,2.6994,5.4782,5.2318,4.9227,8.0096,3.1930,4.0683,8.0096,4.6313

3305.8900,2.8227,2.7611,5.4165,5.6640,5.1079,8.3800,4.1808,4.3255,8.3800,4.9047

3306.8900,2.8844,2.9463,5.4165,5.6022,5.2932,8.4418,4.3661,4.4181,8.4418,4.9929

3307.8900,3.0079,3.0081,4.9843,5.5405,5.2932,10.0469,3.9956,4.3049,10.0469,5.1252

3308.8900,3.1314,3.1933,5.4165,5.5405,5.0462,8.7504,3.8721,4.3667,8.7504,4.9929

3309.8900,3.0696,2.8846,5.2930,5.4170,5.4166,8.5652,4.1191,4.3667,8.5652,4.9665

3310.8900,2.6993,3.1933,5.2930,5.5405,5.2314,8.6887,4.2426,4.3667,8.6887,4.9841

3311.8900,2.8227,2.8228,4.7373,5.5405,5.1079,8.6887,4.3043,4.2226,8.6887,4.8606

3312.8900,3.3165,2.3907,5.3548,5.5405,5.4166,8.6887,4.0574,4.3461,8.6887,4.9665

3313.8900,2.8844,2.1438,5.7252,5.3553,5.1079,8.6887,3.8721,4.1815,8.6887,4.8253

3314.8900,3.2548,3.0081,5.7252,5.2936,5.7254,8.5652,4.1191,4.5210,8.5652,5.0988

3315.8900,3.8721,3.0081,5.4782,5.8492,5.0462,8.5035,4.2426,4.5827,8.5035,5.1428

3316.8900,2.9462,2.3907,5.2313,5.7257,5.1697,8.5652,4.3043,4.2946,8.5652,4.9047

3317.8910,3.1314,2.6376,5.7869,5.2318,5.1697,8.8122,3.9339,4.3152,8.8122,4.9576

3318.8900,2.8844,2.7611,5.3548,5.1701,5.2932,8.3800,4.3043,4.2946,8.3800,4.8783

3319.8900,2.9462,3.3167,5.6635,5.4788,5.0462,8.5652,4.1808,4.4387,8.5652,5.0282

3320.8900,2.9462,2.6376,5.2930,5.6640,5.4166,8.1948,4.3043,4.3770,8.1948,4.9224

3321.8900,2.6375,3.0081,5.3548,5.9726,5.2314,8.4418,4.4278,4.4387,8.4418,5.0106

3322.8900,3.1314,2.8846,5.4165,5.4170,5.7871,8.4418,3.8721,4.4181,8.4418,4.9929

3323.8910,2.8844,3.1315,5.3548,5.4170,5.4166,8.6270,3.8721,4.3461,8.6270,4.9576

3324.8900,2.8844,2.6376,5.2930,5.6640,5.1697,8.6887,4.1808,4.3049,8.6887,4.9312

3325.8900,2.8227,2.7611,5.4165,5.5405,4.8610,8.6887,4.2426,4.2741,8.6887,4.9047

3326.8900,2.8844,3.0081,5.3548,5.4170,5.1697,8.5652,4.3661,4.3667,8.5652,4.9665

3327.8900,2.5758,3.0698,5.4165,5.5405,5.4166,8.6887,3.8721,4.3152,8.6887,4.9400

3328.8900,2.0820,3.0081,5.1695,5.6022,5.4784,8.6270,3.9956,4.2226,8.6270,4.8518

3329.8900,3.0079,3.0081,4.8608,5.7874,5.1079,8.6887,4.1191,4.3152,8.6887,4.9400

3330.8900,3.5017,2.7611,5.2930,5.4788,5.0462,8.6270,3.6869,4.2946,8.6270,4.9135

3331.8900,3.3165,2.6376,5.1695,5.3553,5.1079,8.7504,3.6252,4.2020,8.7504,4.8518

3332.8900,2.8227,2.5759,5.6017,5.3553,5.2932,8.6270,3.9956,4.2741,8.6270,4.8959

3333.8900,3.0696,2.8846,5.8487,5.5405,5.2314,8.7504,4.0574,4.4387,8.7504,5.0547

3334.8910,3.0696,2.8228,5.7252,5.6640,4.9844,8.6270,4.1191,4.3975,8.6270,5.0017

3335.8900,2.9462,2.9463,5.2930,5.6022,5.5401,8.6887,4.0574,4.3975,8.6887,5.0106

3336.8910,3.0696,2.5142,5.4782,5.6640,5.1697,8.7504,4.1191,4.3358,8.7504,4.9665

3337.8910,3.0079,2.6994,5.2313,5.0466,5.1079,8.6887,3.9339,4.1712,8.6887,4.8165

3338.8900,3.3165,2.7611,5.4782,5.4170,5.1079,8.6270,3.9956,4.3461,8.6270,4.9576

3339.8900,3.1931,2.8228,5.6635,5.5405,5.2932,8.3183,3.9956,4.4181,8.3183,4.9753

3340.8900,3.7486,3.0698,5.2930,5.4788,5.1697,8.2565,3.9339,4.4490,8.2565,4.9929

3341.8900,3.0079,3.0081,5.3548,5.8492,5.4166,8.5035,3.9339,4.4284,8.5035,5.0106

3342.8900,3.0696,2.8846,5.5400,5.6640,5.1697,8.6887,3.9339,4.3769,8.6887,4.9929

3343.8900,2.9462,2.6376,4.9226,5.7257,5.1697,8.3183,4.1191,4.2535,8.3183,4.8342

3344.8900,2.8227,3.0698,5.5400,5.4788,5.4784,8.5652,4.3043,4.4490,8.5652,5.0370

3345.8910,3.1931,2.6376,5.4165,5.1084,4.7375,8.6887,4.0574,4.1917,8.6887,4.8342

3346.8900,2.7610,3.0081,5.2930,5.5405,5.0462,9.4295,4.0574,4.2843,9.4295,5.0194

3347.8900,3.1314,3.2550,5.4165,5.4170,5.8488,8.7504,3.9956,4.5107,8.7504,5.1164

3348.8900,3.0079,2.8846,5.4782,5.2318,5.4166,8.8739,4.1191,4.3564,8.8739,5.0017

3349.8910,3.0696,2.7611,5.9104,5.5405,5.3549,9.0591,4.2426,4.4799,9.0591,5.1340

3350.8900,3.1314,2.7611,4.5521,5.9109,5.8488,8.8122,4.1808,4.3975,8.8122,5.0282

3351.8900,3.2548,3.3167,4.9226,5.3553,5.3549,8.8122,3.5634,4.2946,8.8122,4.9400

3352.8900,2.6993,2.9463,5.7869,5.7257,3.9965,8.9974,3.6869,4.1403,8.9974,4.8342

3353.8900,3.1931,2.6376,5.1078,5.5405,5.2932,8.8739,3.9956,4.2946,8.8739,4.9488

3354.8900,3.2548,2.6376,5.4782,5.6640,5.1079,8.1948,4.1191,4.3769,8.1948,4.9224

3355.8900,3.0696,3.0081,5.4782,5.2318,5.6636,8.1948,4.2426,4.4490,8.1948,4.9841

3356.8900,2.5758,3.0698,5.0460,5.4788,5.2314,8.3800,4.1191,4.2535,8.3800,4.8430

3357.8900,2.6375,2.6994,5.4165,5.4170,5.1697,8.6270,5.2304,4.4284,8.6270,5.0282

3358.8900,3.0696,2.7611,5.4165,5.5405,5.4166,8.1948,3.9339,4.3564,8.1948,4.9047

3359.8900,3.0696,2.7611,5.4165,5.4788,5.7254,8.4418,4.3043,4.4593,8.4418,5.0282

3360.8900,2.4523,3.0698,5.2313,5.4170,5.1697,8.3183,4.1808,4.2535,8.3183,4.8342

3361.8900,2.8844,2.8846,5.6017,5.3553,5.3549,8.2565,4.2426,4.3873,8.2565,4.9400

3362.8900,3.3165,2.8228,5.2930,5.6022,5.2932,8.3800,4.3043,4.4387,8.3800,5.0017

3363.8900,3.0696,3.0081,5.4165,5.7257,4.7375,9.1208,3.5017,4.2432,9.1208,4.9400

3364.8900,3.0696,3.0698,4.9226,5.6640,5.4784,8.5035,4.0574,4.3769,8.5035,4.9665

3365.8900,3.1931,3.1315,5.1695,5.7257,5.1079,8.5652,3.6252,4.3255,8.5652,4.9312

3366.8900,3.1314,2.6994,5.4782,5.4788,5.0462,8.3183,4.1191,4.3255,8.3183,4.8959

3367.8910,3.5017,2.7611,5.1078,5.5405,5.1697,7.9479,4.1191,4.3666,7.9479,4.8783

3368.8900,3.3165,3.2550,5.2313,5.1701,5.1079,8.7504,3.9956,4.3461,8.7504,4.9753

3369.8900,2.6993,2.8846,5.3548,5.6640,4.9227,8.6887,4.3043,4.3049,8.6887,4.9312

3370.8900,3.0696,2.2055,5.5400,5.7257,5.1697,8.6270,4.3043,4.3358,8.6270,4.9488

3371.8900,3.2548,2.7611,5.2930,5.2936,5.1697,8.6887,3.8721,4.2740,8.6887,4.9047

3372.8900,2.6375,3.0081,5.6017,5.7257,5.2932,8.3800,4.8600,4.5210,8.3800,5.0723

3373.8900,2.8844,2.3907,5.1695,5.8492,5.2314,8.4418,4.4278,4.3255,8.4418,4.9135

3374.8900,2.9462,2.8846,5.9104,5.4788,5.1079,8.5652,3.9339,4.3770,8.5652,4.9753

3375.8900,3.0696,3.0081,5.2930,5.9726,5.1697,8.3183,4.3661,4.4798,8.3183,5.0282

3376.8900,3.3165,2.7611,5.3548,5.5405,5.1079,8.6270,3.9339,4.3358,8.6270,4.9488

3377.8900,3.0696,3.1933,4.7991,5.7257,5.4166,8.4418,4.2426,4.4078,8.4418,4.9841

3378.8900,2.8227,3.0081,4.6139,5.6640,5.6019,8.2565,4.3043,4.3358,8.2565,4.8959

3379.8900,2.9462,3.0081,5.3548,5.6640,5.4166,8.6270,4.3661,4.4593,8.6270,5.0547

3380.8900,2.8844,3.6254,5.1695,5.4788,5.2932,8.3183,4.1808,4.4387,8.3183,4.9929

3381.8900,2.8844,2.8846,5.8487,5.1084,5.2314,8.5035,4.1808,4.3564,8.5035,4.9488

3382.8900,3.3165,2.8228,5.4165,5.4788,4.9227,9.4913,3.4400,4.2329,9.4913,4.9841

3383.8900,1.7733,2.1438,5.4782,5.4170,5.2932,8.7504,4.0574,4.0271,8.7504,4.7019

3384.8900,3.3165,3.6872,4.6139,5.6022,5.3549,8.5035,4.4895,4.5107,8.5035,5.0811

3385.8900,3.0079,3.1315,5.2930,5.8492,5.5401,8.1331,4.1191,4.4901,8.1331,5.0106

3386.8900,3.0079,2.6994,5.2930,5.3553,5.2932,8.5652,4.6130,4.3770,8.5652,4.9753

3387.8900,2.9462,2.7611,5.6017,5.4170,5.2314,8.6270,4.0574,4.3358,8.6270,4.9488

3388.8900,3.3165,3.0081,6.6513,6.3430,4.6757,8.5652,4.2426,4.7062,8.5652,5.2575

3389.8900,3.0079,3.5637,5.4782,5.4788,5.1079,8.5035,3.8721,4.4181,8.5035,5.0017

3390.8900,2.9462,3.2550,5.4782,5.7257,5.2932,8.3800,3.9339,4.4387,8.3800,5.0017

3391.8900,3.3783,2.4524,4.7991,5.4788,5.4784,8.2565,4.0574,4.2740,8.2565,4.8430

3392.8900,2.8844,3.1933,5.2930,5.7257,5.2314,8.7504,4.3661,4.4490,8.7504,5.0635

3393.8900,3.0696,2.9463,5.5400,5.5405,5.7871,8.4418,3.9339,4.4696,8.4418,5.0370

3394.8900,3.1314,2.8846,4.1817,5.1701,5.2314,8.6887,3.8721,4.0785,8.6887,4.7371

3395.8900,3.3783,2.7611,5.3548,5.4788,5.0462,8.3800,4.3661,4.3975,8.3800,4.9665

3396.8900,2.9462,3.0698,5.3548,5.4170,5.7254,8.3800,4.0574,4.4284,8.3800,4.9929

3397.8900,2.8844,2.6376,5.6635,5.5405,5.2314,8.4418,4.1191,4.3461,8.4418,4.9312

3398.8900,3.0696,2.5759,5.1078,5.4788,5.4784,8.2565,4.3043,4.3358,8.2565,4.8959

3399.8910,3.1314,2.9463,5.3548,5.6640,5.8488,8.6887,4.1191,4.5107,8.6887,5.1076

3400.8900,3.5634,3.1933,5.4782,5.5405,5.2932,8.3800,4.1808,4.5416,8.3800,5.0899

3401.8900,3.0696,2.7611,5.4782,5.5405,5.5401,8.1331,4.1191,4.4181,8.1331,4.9488

3402.8900,3.0079,3.5019,5.5400,5.5405,5.1079,8.4418,4.2426,4.4901,8.4418,5.0547

3403.8900,3.0696,3.1315,5.8487,5.8492,5.2932,8.1948,4.2426,4.5725,8.1948,5.0899

3404.8900,2.8844,3.0698,5.3548,5.5405,5.2932,8.2565,4.4278,4.4284,8.2565,4.9753

3405.8900,2.8227,2.6994,5.6635,5.4170,5.4166,8.3183,4.3661,4.3975,8.3183,4.9577

3406.8910,3.0696,2.6376,5.4782,5.5405,5.1079,8.5652,4.1808,4.3358,8.5652,4.9400

3407.8900,2.8844,2.8846,5.2930,5.3553,5.2932,7.9479,4.1191,4.3049,7.9479,4.8254

3408.8900,3.0079,2.7611,5.6635,5.3553,5.7254,7.1453,4.6130,4.5210,7.1453,4.8959

3409.8900,3.1314,3.4402,5.4782,5.3553,5.6636,8.2565,4.0574,4.5210,8.2565,5.0547

3410.8900,2.8227,2.6994,5.1078,5.8492,5.1079,8.7504,4.4895,4.3461,8.7504,4.9753

3411.8900,2.6993,3.1315,5.3548,5.4170,5.7254,7.2070,4.4278,4.4593,7.2070,4.8518

3412.8900,3.0079,3.0081,5.2313,5.3553,5.5401,8.4418,4.1191,4.3770,8.4418,4.9576

3413.8900,2.8227,2.9463,5.3548,5.6022,5.5401,8.9974,4.1808,4.4078,8.9974,5.0635

3414.8900,2.8844,3.0081,5.2313,5.6022,5.2314,8.3800,3.5634,4.2535,8.3800,4.8430

3415.8900,3.0079,2.6376,5.6017,5.2318,5.3549,8.4418,4.1191,4.3255,8.4418,4.9135

3416.8900,3.1314,2.6376,5.6635,6.5283,5.5401,8.3800,4.3043,4.6342,8.3800,5.1693

3417.8900,2.9462,2.9463,5.1078,5.4788,5.3549,8.9356,3.9956,4.3049,8.9356,4.9665

3418.8900,2.8227,2.9463,5.2313,5.9726,5.1697,8.5035,4.3043,4.4078,8.5035,4.9929

3419.8900,3.1931,3.6254,5.0460,5.4170,5.4166,9.4913,4.4278,4.5210,9.4913,5.2310

3420.8900,3.3165,2.6994,5.2930,5.4788,5.3549,8.0713,4.2426,4.3975,8.0713,4.9224

3421.8900,3.1314,3.1933,5.2930,6.1578,5.1079,8.4418,4.1191,4.5004,8.4418,5.0635

3422.8900,3.4400,2.4524,5.7869,6.2813,5.6019,8.3800,3.9339,4.5827,8.3800,5.1252

3423.8900,2.9462,3.3167,5.4165,5.3553,5.1079,8.5652,4.3043,4.4078,8.5652,5.0017

3424.8900,4.0573,3.2550,5.2930,5.5405,5.1697,8.3183,4.2426,4.5930,8.3183,5.1252

3425.8900,2.9462,2.7611,5.2930,5.3553,5.5401,8.5035,4.3043,4.3667,8.5035,4.9576

3426.8900,2.7610,3.1315,5.1695,5.9109,5.1079,8.1331,4.3043,4.3975,8.1331,4.9312

3427.8910,3.3783,2.4524,5.5400,5.8492,5.2932,8.5035,3.8104,4.3872,8.5035,4.9753

3428.8900,3.0079,2.8846,5.1695,5.6022,5.4784,8.0096,4.6130,4.4593,8.0096,4.9665

3429.8900,3.0696,2.8228,6.0956,5.5405,5.0462,8.4418,4.0574,4.4387,8.4418,5.0106

3430.8900,2.7610,2.8846,5.4165,5.4170,5.2932,8.3183,4.4278,4.3667,8.3183,4.9312

3431.8900,2.7610,2.8846,5.1078,5.4788,5.2314,8.8739,4.6130,4.3461,8.8739,4.9929

3432.8900,3.0696,2.6376,5.4782,5.2936,5.1697,8.3800,3.8721,4.2535,8.3800,4.8430

3433.8900,3.1314,2.6376,5.2930,5.6640,5.4166,9.1208,3.8104,4.3255,9.1208,5.0106

3434.8900,3.5017,2.9463,5.4782,5.1084,5.6019,8.2565,4.1191,4.4593,8.2565,5.0017

3435.8900,3.1314,2.7611,5.7252,4.2441,5.2932,9.0591,4.1808,4.2226,9.0591,4.9135

3436.8900,2.8844,3.0081,5.2930,5.9109,5.3549,8.9356,4.2426,4.4490,8.9356,5.0899

3437.8900,2.6375,2.5759,5.4165,5.7257,4.9227,8.5652,4.4278,4.2844,8.5652,4.8959

3438.8900,2.8227,3.4402,5.0460,5.4170,5.5401,8.4418,4.3043,4.4284,8.4418,5.0017

3439.8900,2.8844,2.6994,5.6017,5.2936,5.2932,8.5035,4.4278,4.3667,8.5035,4.9576

3440.8910,3.1931,3.9958,4.5521,5.8492,5.3549,8.8739,4.1808,4.5210,8.8739,5.1428

3441.8900,3.3783,3.1933,5.4165,5.0466,5.3549,8.7504,3.8721,4.3769,8.7504,5.0017

3442.8900,3.0696,2.9463,5.2930,5.7257,4.9844,8.8739,4.6130,4.4387,8.8739,5.0723

3443.8900,2.7610,2.8228,5.4165,5.6022,5.4166,8.3800,4.6748,4.4490,8.3800,5.0106

3444.8900,3.0696,2.5142,5.6017,5.7874,5.1697,8.8122,4.3043,4.4078,8.8122,5.0370

3445.8910,3.0079,3.0698,5.8487,5.3553,5.0462,8.6270,2.8225,4.1917,8.6270,4.8253

3446.8900,2.4523,3.1933,5.1695,5.4788,5.4166,8.3800,4.0574,4.2947,8.3800,4.8783

3447.8900,2.8844,2.3907,5.1695,5.5405,5.4784,8.5652,3.9339,4.2329,8.5652,4.8518

3448.8900,3.0696,2.8228,5.6635,5.3553,5.1079,8.6270,3.9956,4.3358,8.6270,4.9488

3449.8900,3.1314,2.9463,5.7252,5.1701,5.5401,8.7504,4.1191,4.4387,8.7504,5.0547

3450.8900,3.1931,2.7611,5.9722,5.1084,5.4784,8.5035,4.4278,4.4901,8.5035,5.0635

3451.8900,3.1314,2.8846,5.6017,5.3553,5.5401,8.5652,4.2426,4.4593,8.5652,5.0458

3452.8900,3.2548,2.8846,5.1078,5.4170,5.2932,8.5035,3.6869,4.2740,8.5035,4.8783

3453.8900,3.0696,2.6994,5.2930,5.6022,5.3549,8.2565,4.4278,4.4078,8.2565,4.9576

3454.8900,3.5017,3.0698,5.2313,5.1701,5.4166,8.1948,4.0574,4.4078,8.1948,4.9488

3455.8900,3.0079,2.7611,5.4165,5.6022,6.0341,8.7504,3.9339,4.4593,8.7504,5.0723

3456.8900,3.0079,3.1315,5.0460,5.6640,4.5522,8.8122,3.7487,4.1917,8.8122,4.8518

3457.8900,4.0573,3.1933,5.4165,5.3553,5.5401,8.2565,4.3661,4.6548,8.2565,5.1693

3458.8900,3.1314,2.8846,5.3548,5.5405,5.1079,8.2565,4.1191,4.3564,8.2565,4.9135

3459.8900,2.8227,2.9463,5.3548,6.5283,5.2314,8.3183,4.4895,4.5622,8.3183,5.0988

3460.8900,3.3165,2.8846,5.2930,5.0466,5.1079,8.5652,3.9956,4.2740,8.5652,4.8871

3461.8900,3.0079,3.1933,5.4165,5.1701,5.1079,8.4418,4.1808,4.3461,8.4418,4.9312

3462.8900,3.0696,3.0081,5.6017,5.7874,5.1697,8.8739,4.2426,4.4798,8.8739,5.1076

3463.8900,3.0079,2.6994,5.4165,5.5405,5.4166,8.5652,4.2426,4.3872,8.5652,4.9841

3464.8900,3.3165,3.3785,5.4165,5.4788,5.2932,8.8122,4.1191,4.5004,8.8122,5.1164

3465.8900,2.6375,2.9463,5.4165,5.6640,5.2932,8.5035,4.4895,4.4078,8.5035,4.9929

3466.8900,3.2548,3.3785,5.5400,5.4788,5.4166,8.5652,4.1191,4.5313,8.5652,5.1076

3467.8900,3.0696,3.0698,5.4165,5.6640,5.9106,8.6270,4.1808,4.5519,8.6270,5.1340

3468.8900,2.8844,2.9463,5.7252,5.4788,5.1079,8.5652,4.0574,4.3667,8.5652,4.9665

3469.8900,2.8844,3.1933,5.4782,5.6640,5.1697,8.5035,4.6130,4.5004,8.5035,5.0723

3470.8900,2.9462,2.9463,4.7991,5.7257,5.5401,8.3183,4.3661,4.3872,8.3183,4.9488

3471.8900,3.1314,3.0081,5.4165,5.6022,5.2314,9.1208,4.0574,4.4078,9.1208,5.0811

3472.8900,2.8844,3.0698,4.7991,5.6640,5.4784,8.3800,4.3043,4.3667,8.3800,4.9400

3473.8900,2.7610,3.0698,5.4782,5.5405,5.4166,8.4418,4.8600,4.5210,8.4418,5.0811

3474.8900,2.6993,3.2550,6.0339,5.7257,5.4166,8.6887,4.0574,4.5313,8.6887,5.1252

3475.8900,3.0696,2.8846,4.9843,5.6022,5.1079,8.7504,4.1191,4.2946,8.7504,4.9312

3476.8900,3.7486,2.2055,5.5400,5.6640,5.1079,8.5652,3.6869,4.3255,8.5652,4.9312

3477.8900,3.4400,2.9463,5.4782,5.7257,5.4784,8.4418,3.8104,4.4798,8.4418,5.0458

3478.8900,3.0696,3.0081,4.9843,5.8492,5.5401,8.6270,4.2426,4.4490,8.6270,5.0458

3479.8900,3.0079,3.1933,5.6017,5.5405,5.2932,8.8739,3.7487,4.3975,8.8739,5.0370

3480.8900,3.0696,3.0698,5.6635,5.2936,5.2932,8.8122,4.2426,4.4387,8.8122,5.0635

3481.8900,3.1931,3.1315,5.5400,5.6022,6.0958,8.7504,4.1808,4.6239,8.7504,5.2134

3482.8900,2.8227,2.9463,5.1078,5.5405,5.2932,8.5652,3.5634,4.2123,8.5652,4.8342

3483.8900,3.5017,2.9463,5.2930,6.8987,5.6636,8.3183,4.1191,4.7371,8.3183,5.2487

3484.8900,3.1931,2.8846,5.9722,5.5405,5.2314,8.5035,4.2426,4.5107,8.5035,5.0811

3485.8900,2.9462,2.8846,5.3548,5.4170,5.6019,8.6270,4.5513,4.4593,8.6270,5.0547

3486.8900,3.2548,3.0081,5.6017,5.2936,5.2932,8.7504,4.2426,4.4490,8.7504,5.0635

3487.8900,2.8227,3.0698,4.8608,5.7874,5.1079,8.5035,4.0574,4.2843,8.5035,4.8871

3488.8900,2.7610,3.0698,5.4782,5.2936,5.4784,8.6270,4.5513,4.4387,8.6270,5.0370

3489.8910,2.9462,3.3167,5.0460,5.7257,5.5401,8.6270,4.1808,4.4593,8.6270,5.0547

3490.8900,3.0079,2.9463,5.4782,5.5405,5.9723,8.5652,3.9339,4.4799,8.5652,5.0635

3491.8900,2.9462,2.7611,6.1574,5.9109,4.9227,8.3183,4.3661,4.5107,8.3183,5.0547

3492.8900,3.4400,3.0698,5.4165,5.4170,4.9844,8.6270,4.0574,4.3975,8.6270,5.0017

3493.8900,3.6869,3.3167,5.4782,5.3553,5.5401,8.3800,4.1808,4.5930,8.3800,5.1340

3494.8900,2.8844,3.0081,5.1695,5.9109,5.4784,8.4418,4.2426,4.4490,8.4418,5.0194

3495.8900,2.8227,3.1315,6.1574,5.7874,5.1697,8.8739,3.8721,4.4901,8.8739,5.1164

3496.8900,2.9462,3.0698,5.2313,5.4788,5.2314,8.8122,4.4278,4.3975,8.8122,5.0282

3497.8900,2.8844,2.9463,5.4165,5.7874,4.9844,8.8122,4.7983,4.4696,8.8122,5.0899

3498.8900,2.9462,2.8228,5.2930,5.8492,4.9844,8.5035,4.2426,4.3564,8.5035,4.9488

3499.8900,3.0079,3.0081,5.2930,5.2318,5.3549,8.5652,3.9339,4.3049,8.5652,4.9135

3500.8900,2.7610,2.8228,5.5400,5.5405,5.1697,8.6887,5.2304,4.5107,8.6887,5.1076

3501.8900,2.4523,2.9463,5.7869,5.3553,5.5401,8.6270,4.2426,4.3873,8.6270,4.9929

3502.8900,2.7610,3.1933,5.2930,5.5405,5.4784,8.6887,4.5513,4.4696,8.6887,5.0723

3503.8900,2.9462,3.1315,5.4782,5.8492,5.3549,9.3061,4.3043,4.5107,9.3061,5.1958

3504.8900,2.8227,3.0698,5.1078,5.8492,5.2314,8.9974,3.8104,4.3152,8.9974,4.9841

3505.8900,3.1314,3.3785,5.6635,5.4170,5.4166,8.6270,4.2426,4.5416,8.6270,5.1252

3506.8900,3.2548,2.8846,5.4782,5.5405,5.7254,8.4418,4.2426,4.5210,8.4418,5.0811

3507.8900,2.8844,3.1315,5.2930,4.4910,5.7254,9.1208,4.3661,4.3152,9.1208,5.0018

3508.8900,2.4523,3.3167,5.2930,5.1084,5.3549,8.8122,3.9956,4.2535,8.8122,4.9047

3509.8900,3.5634,2.7611,4.8608,5.5405,5.6636,8.4418,4.5513,4.4901,8.4418,5.0546

3510.8900,3.1314,2.8846,5.5400,5.6022,5.0462,8.5652,4.1191,4.3872,8.5652,4.9841

3511.8900,3.0079,2.8228,5.5400,4.9849,5.4784,8.7504,4.0574,4.3152,8.7504,4.9488

3512.8900,2.6375,3.2550,5.6017,5.4170,5.7254,8.6270,5.4774,4.6857,8.6270,5.2487

3513.8900,3.1314,2.9463,5.3548,5.7257,5.6636,8.5035,4.3043,4.5210,8.5035,5.0899

3514.8910,3.0079,2.9463,5.6635,5.1701,5.6636,9.7382,4.3043,4.4593,9.7382,5.2134

3515.8900,3.5634,3.1933,5.2930,5.5405,6.1576,8.0713,4.5513,4.7165,8.0713,5.1958

3516.8910,3.5017,3.2550,5.2313,5.7257,5.3549,8.2565,3.8721,4.4901,8.2565,5.0282

3517.8900,3.1314,3.1933,5.2313,5.7874,5.4166,7.2070,4.2426,4.5004,7.2070,4.8871

3518.8900,2.2672,3.4402,5.4782,5.7257,5.2932,8.3800,4.3661,4.4284,8.3800,4.9929

3519.8900,2.5758,3.1933,4.9226,5.7874,5.5401,8.5652,3.8721,4.3152,8.5652,4.9224

3520.8900,2.6375,2.9463,5.5400,5.3553,5.4784,8.4418,3.8721,4.3049,8.4418,4.8959

3521.8900,3.0079,3.2550,5.3548,5.6640,5.6019,8.6887,4.2426,4.5210,8.6887,5.1164

3522.8900,3.1314,3.1315,4.9843,5.6640,5.5401,8.3183,4.2426,4.4490,8.3183,5.0017

3523.8900,3.0079,3.1933,6.2191,5.5405,5.4166,8.3800,4.2426,4.6033,8.3800,5.1429

3524.8900,2.9462,2.8846,5.5400,5.5405,5.1697,8.7504,4.6130,4.4490,8.7504,5.0635

3525.8910,3.4400,2.9463,4.7373,5.7874,5.2314,8.5652,4.2426,4.3975,8.5652,4.9929

3526.8900,3.0696,3.0081,4.9843,5.9109,5.1697,8.3183,4.3043,4.4078,8.3183,4.9665

3527.8900,3.1314,2.5759,5.5400,5.2936,5.2932,8.5035,4.0574,4.3152,8.5035,4.9135

3528.8900,3.0696,3.1315,5.1695,5.8492,5.4166,8.4418,4.3043,4.4901,8.4418,5.0547

3529.8900,3.3783,3.0081,5.5400,5.7874,5.4166,8.5652,4.1191,4.5416,8.5652,5.1164

3530.8900,2.8844,2.8228,5.2930,5.5405,5.3549,8.5652,3.8104,4.2843,8.5652,4.8959

3531.8910,3.4400,3.3167,5.3548,5.5405,5.1697,8.7504,3.9956,4.4695,8.7504,5.0811

3532.8910,3.0696,3.0081,5.2930,5.6022,5.3549,8.5035,4.2426,4.4284,8.5035,5.0106

3533.8900,2.8227,3.0698,5.2930,5.8492,4.6757,8.6270,4.3043,4.3358,8.6270,4.9488

3534.8900,2.8227,3.0081,5.2930,6.1578,5.6019,8.4418,4.1808,4.5107,8.4418,5.0723

3535.8900,2.9462,3.1315,6.0339,5.9109,5.4784,8.3183,4.0574,4.5930,8.3183,5.1252

3536.8910,3.8104,3.3167,5.2313,5.6640,5.2932,8.6270,3.8721,4.5313,8.6270,5.1164

3537.8900,3.4400,3.3167,5.3548,5.3553,5.3549,8.8122,4.2426,4.5107,8.8122,5.1252

3538.8900,3.1314,2.7611,5.6017,5.5405,5.9106,8.4418,3.9956,4.4901,8.4418,5.0547

3539.8900,3.5017,2.8228,5.2930,5.7257,5.1697,8.6270,4.0574,4.4284,8.6270,5.0282

3540.8900,2.9462,2.8846,5.4165,5.4170,5.7254,8.3183,4.1808,4.4284,8.3183,4.9841

3541.8900,3.2548,3.0081,5.9104,5.7874,5.2932,8.1331,4.0574,4.5519,8.1331,5.0635

3542.8900,2.7610,3.0081,5.6017,5.3553,5.4784,8.1331,4.4278,4.4387,8.1331,4.9665

3543.8900,2.8844,3.6254,5.4782,5.4788,5.3549,8.3183,4.1808,4.5004,8.3183,5.0458

3544.8900,3.3165,2.9463,5.6635,5.6640,5.2932,8.3183,4.1808,4.5107,8.3183,5.0547

3545.8900,2.7610,2.8846,5.6017,5.7257,5.3549,8.4418,4.6748,4.5004,8.4418,5.0635

3546.8900,3.0696,3.0081,5.6017,5.9109,5.6019,8.5652,3.9956,4.5313,8.5652,5.1076

3547.8900,3.0696,2.8228,3.9965,5.9109,4.7992,8.4418,4.3043,4.1506,8.4418,4.7636

3548.8910,3.0079,2.8228,5.4782,5.4170,5.3549,8.1948,4.4278,4.4181,8.1948,4.9576

3549.8900,3.0696,2.8228,5.2313,5.9726,6.0958,8.9356,4.4278,4.6033,8.9356,5.2222

3550.8900,2.8844,2.3290,5.2313,5.4788,5.1697,8.4418,4.3043,4.2329,8.4418,4.8342

3551.8900,2.8844,2.8846,5.7252,5.6022,5.5401,8.5652,4.7983,4.5725,8.5652,5.1429

3552.8900,2.5141,3.0698,5.2313,5.2936,5.4784,8.5652,4.5513,4.3564,8.5652,4.9577

3553.8900,3.5634,2.9463,5.2930,6.0344,5.1079,8.5035,4.1808,4.5210,8.5035,5.0899

3554.8900,3.1931,3.2550,6.5896,5.2318,5.3549,9.1208,4.1808,4.6342,9.1208,5.2752

3555.8900,3.0696,2.8846,5.0460,6.7135,4.7375,8.8122,3.9956,4.4078,8.8122,5.0370

3556.8900,2.5758,3.1315,5.6017,5.4170,5.6019,8.6270,4.4278,4.4593,8.6270,5.0547

3557.8900,2.8844,3.0698,5.5400,5.2318,5.6019,9.6765,4.4278,4.4593,9.6765,5.2046

3558.8900,2.5141,2.6994,5.7252,5.2318,5.1697,8.5035,4.3043,4.2741,8.5035,4.8783

3559.8900,3.0696,3.5019,6.4043,5.7257,5.5401,7.8861,4.6748,4.8194,7.8861,5.2575

3560.8900,1.9585,3.5637,5.1078,6.4048,5.4166,8.2565,4.2426,4.4490,8.2565,4.9929

3561.8900,3.1931,2.8228,5.4165,5.6022,5.3549,8.3183,5.1687,4.5930,8.3183,5.1252

3562.8900,2.7610,2.9463,5.4782,5.2936,5.4166,8.5652,4.7365,4.4387,8.5652,5.0282

3563.8900,2.6993,3.0081,4.5521,5.6022,5.0462,8.8122,4.5513,4.2432,8.8122,4.8959

3564.8900,2.5758,3.0081,5.4782,5.7257,5.4166,8.4418,4.6130,4.4696,8.4418,5.0370

3565.8910,2.8227,2.6994,5.7252,5.1084,5.2314,8.6270,4.6130,4.3667,8.6270,4.9753

3566.8900,3.1931,2.8846,5.6017,5.7874,5.0462,8.4418,4.1191,4.4387,8.4418,5.0106

3567.8900,3.2548,2.8228,5.2930,5.4788,5.4784,8.5035,4.0574,4.3975,8.5035,4.9841

3568.8900,2.8227,3.0081,5.2313,5.8492,5.4166,8.7504,4.4278,4.4593,8.7504,5.0723

3569.8900,3.3165,2.9463,5.2930,5.8492,5.2932,8.5035,4.0574,4.4593,8.5035,5.0370

3570.8900,3.1314,2.7611,5.2313,5.6640,5.2932,8.8122,3.8721,4.3255,8.8122,4.9665

3571.8910,3.4400,2.6994,5.6017,5.3553,5.1697,8.5652,4.9217,4.5313,8.5652,5.1076

3572.8910,3.1931,2.8846,5.5400,6.4048,5.4166,8.3800,4.1808,4.6033,8.3800,5.1428

3573.8900,3.2548,3.0698,5.3548,5.7874,4.9227,8.8739,4.1808,4.4284,8.8739,5.0635

3574.8900,3.0079,2.7611,5.2930,5.7874,5.2932,8.6887,4.4895,4.4387,8.6887,5.0458

3575.8900,3.0079,2.9463,5.3548,5.8492,5.6019,8.6887,4.0574,4.4696,8.6887,5.0723

3576.8900,3.3165,2.8846,5.7252,5.8492,5.3549,8.3183,4.2426,4.5622,8.3183,5.0987

3577.8900,3.5017,2.8846,5.7869,5.6640,5.3549,8.2565,4.3043,4.5827,8.2565,5.1076

3578.8900,3.3783,3.6872,5.6635,5.4170,5.4166,8.5035,4.3043,4.6445,8.5035,5.1958

3579.8900,3.9338,3.1315,5.6017,5.2936,5.3549,8.5652,4.1808,4.5827,8.5652,5.1517

3580.8900,3.0079,3.0698,5.1695,5.9109,5.6636,8.4418,4.5513,4.5622,8.4418,5.1164

3581.8900,3.2548,3.0081,5.1695,5.8492,6.2193,8.7504,4.1808,4.6136,8.7504,5.2046

3582.8910,3.3165,3.5019,4.9843,5.6640,5.5401,8.8122,4.3043,4.5519,8.8122,5.1605

3583.8900,2.4523,2.9463,5.7252,3.5650,6.1576,8.4418,4.9217,4.2947,8.4418,4.8871

3584.8900,3.1931,2.8228,5.7869,5.6022,5.1697,8.5652,4.0574,4.4387,8.5652,5.0282

3585.8900,3.1314,2.3907,5.8487,5.4170,5.3549,8.5035,3.9956,4.3564,8.5035,4.9488

3586.8900,2.8227,3.1315,5.4165,5.6022,2.6382,9.1208,3.9956,3.9345,9.1208,4.6754

3587.8900,3.0079,3.7489,5.6017,5.4788,5.2314,8.5035,4.3043,4.5622,8.5035,5.1252

3588.8900,3.3165,3.1933,5.3548,5.6640,5.6019,8.8122,4.1808,4.5519,8.8122,5.1605

3589.8900,3.3165,2.8228,5.5400,5.6640,5.6636,8.9356,4.1808,4.5313,8.9356,5.1605

3590.8900,3.0696,3.1315,5.2930,5.7874,5.4784,8.7504,4.3661,4.5210,8.7504,5.1252

3591.8900,3.1314,2.8846,5.3548,5.5405,5.3549,8.1948,4.2426,4.4181,8.1948,4.9576

3592.8900,3.1931,2.7611,5.5400,5.4170,5.3549,8.5035,4.6130,4.4799,8.5035,5.0547

3593.8900,3.3165,3.0081,5.6017,6.3430,4.9227,8.3800,4.0574,4.5416,8.3800,5.0899

3594.8900,3.1931,3.3167,5.7252,5.6022,5.2932,8.9356,3.8721,4.5004,8.9356,5.1340

3595.8900,3.1931,2.6376,5.1078,5.6640,5.4166,8.3800,4.3661,4.3975,8.3800,4.9665

3596.8900,3.0079,3.0698,5.7869,6.0344,5.5401,8.5035,4.4895,4.6548,8.5035,5.2046

3597.8900,3.1314,3.0081,5.6017,5.6022,5.7254,8.6887,4.1808,4.5416,8.6887,5.1340

3598.8900,2.8844,3.4402,5.3548,5.3553,5.5401,8.8122,4.2426,4.4696,8.8122,5.0899

3599.8900,3.5017,3.1933,5.4165,5.7874,4.9844,8.9356,4.1191,4.5004,8.9356,5.1340

3600.8900,3.2548,2.6376,5.4165,5.6640,5.8488,8.5035,4.3043,4.5210,8.5035,5.0899

3601.8900,3.1314,2.8846,5.3548,5.8492,5.2314,8.5652,4.4895,4.4901,8.5652,5.0723

3602.8900,3.1314,3.0081,5.6635,5.9726,5.2932,8.7504,4.1808,4.5416,8.7504,5.1428

3603.8900,3.3783,2.8846,5.4165,5.6640,5.3549,8.6270,3.9956,4.4490,8.6270,5.0458

3604.8900,3.1931,2.6994,5.6635,5.4170,5.4784,8.3183,4.1191,4.4284,8.3183,4.9841

3605.8900,3.3783,2.9463,5.4782,5.1701,5.1697,8.5652,4.0574,4.3667,8.5652,4.9665

3606.8900,3.1314,2.9463,5.2313,5.7257,5.3549,8.6270,4.1808,4.4284,8.6270,5.0282

3607.8900,3.1314,3.1315,5.9104,5.6022,5.2932,8.9356,4.0574,4.5210,8.9356,5.1517

3608.8900,3.0696,2.9463,5.6017,5.4788,5.1079,8.4418,4.3661,4.4284,8.4418,5.0017

3609.8900,3.6252,2.8228,5.4165,5.7257,5.6019,8.7504,4.1808,4.5622,8.7504,5.1605

3610.8910,3.1314,2.8228,5.5400,5.6640,5.1697,8.6270,4.0574,4.3975,8.6270,5.0017

3611.8900,2.7610,3.2550,5.5400,5.5405,5.4784,8.0713,4.6130,4.5313,8.0713,5.0370

3612.8900,3.2548,2.6376,5.1078,5.4170,5.6636,8.3183,4.4278,4.4181,8.3183,4.9753

3613.8900,3.0079,3.5019,5.5400,5.5405,5.1697,8.5652,4.2426,4.5004,8.5652,5.0811

3614.8900,2.8844,3.0081,5.5400,5.4788,5.4784,8.6270,4.7365,4.5210,8.6270,5.1076

3615.8900,2.9462,2.9463,5.6017,6.4048,5.5401,9.6765,4.2426,4.6136,9.6765,5.3369

3616.8900,3.0696,2.8846,5.4165,5.6640,5.6636,8.5652,4.3661,4.5107,8.5652,5.0899

3617.8900,3.2548,3.0698,5.1078,5.4788,5.4784,8.3800,2.8225,4.2020,8.3800,4.7989

3618.8910,2.9462,3.1933,5.5400,5.7874,5.2932,8.5035,4.3661,4.5210,8.5035,5.0899

3619.8900,3.2548,3.0698,5.3548,5.9726,5.9106,8.0713,4.1191,4.6136,8.0713,5.1076

3620.8900,3.2548,2.8228,5.5400,5.7257,5.5401,8.5652,4.0574,4.4901,8.5652,5.0723

3621.8900,3.0079,3.3785,5.9104,5.7257,5.2314,8.6270,4.2426,4.5827,8.6270,5.1605

3622.8900,3.3165,3.3785,3.7495,6.0961,5.2314,8.6270,3.8721,4.2740,8.6270,4.8959

3623.8900,3.1314,3.3785,5.6635,5.5405,5.2314,8.3183,4.4278,4.5622,8.3183,5.0988

3624.8900,2.8844,3.2550,5.2930,5.6640,5.2314,8.9356,2.9460,4.2123,8.9356,4.8871

3625.8900,3.0079,3.1933,5.2313,5.5405,5.4784,8.9356,4.3043,4.4593,8.9356,5.0988

3626.8900,3.0696,3.0081,5.1695,5.7874,5.2932,8.6270,4.4278,4.4593,8.6270,5.0547

3627.8900,3.3165,2.7611,5.5400,5.6640,5.7254,8.2565,4.3661,4.5622,8.2565,5.0899

3628.8900,3.1314,3.1933,5.4165,5.2936,5.6019,8.5652,4.1191,4.4593,8.5652,5.0458

3629.8900,3.0696,3.3167,5.5400,5.6640,5.3549,8.9356,4.1808,4.5210,8.9356,5.1517

3630.8900,2.5758,2.8228,5.6635,5.5405,5.7254,8.3800,4.3661,4.4490,8.3800,5.0106

3631.8900,3.2548,3.0698,5.7252,5.9109,5.3549,8.3183,4.3043,4.6033,8.3183,5.1340

3632.8900,3.1314,3.5019,5.5400,5.4788,5.3549,8.6270,4.3043,4.5519,8.6270,5.1340

3633.8900,3.7486,3.1933,5.1695,5.6022,5.3549,8.5652,3.7487,4.4695,8.5652,5.0546

3634.8900,3.0696,2.9463,5.7252,5.3553,5.0462,8.8122,4.1808,4.3872,8.8122,5.0194

3635.8900,3.1314,3.2550,5.6017,5.8492,4.9844,7.5775,4.2426,4.5107,7.5775,4.9488

3636.8900,3.5634,3.0081,5.8487,5.7257,5.4166,8.3183,4.0574,4.6033,8.3183,5.1340

3637.8900,3.2548,2.8228,5.7869,5.8492,5.1697,8.7504,4.1808,4.5107,8.7504,5.1164

3638.8910,2.7610,3.7489,5.3548,5.4170,5.4166,8.4418,4.3661,4.5107,8.4418,5.0723

3639.8900,3.1931,3.1933,4.9843,5.9726,5.6019,8.5035,4.5513,4.5827,8.5035,5.1428

3640.8900,2.8227,3.1315,5.5400,5.6022,5.4166,8.5035,4.6130,4.5210,8.5035,5.0899

3641.8910,2.8227,2.7611,5.2313,5.8492,5.0462,8.5035,4.2426,4.3255,8.5035,4.9224

3642.8900,2.6993,3.5019,5.7869,5.6022,5.4784,8.6270,4.3661,4.5725,8.6270,5.1517

3643.8900,3.0079,2.8846,5.4165,5.4170,5.4784,8.2565,4.4895,4.4490,8.2565,4.9929

3644.8900,3.2548,3.2550,5.3548,5.8492,5.6019,8.2565,4.1191,4.5725,8.2565,5.0988

3645.8900,3.1314,2.8228,5.3548,5.6022,5.4784,8.3800,4.3043,4.4490,8.3800,5.0106

3646.8900,3.1931,2.8846,5.2930,5.5405,5.6019,8.3183,4.2426,4.4593,8.3183,5.0106

3647.8900,3.5017,2.5759,5.4165,5.8492,5.2314,8.6270,4.1808,4.4593,8.6270,5.0546

3648.8900,2.8844,3.0081,5.2313,5.4170,5.4784,8.8122,4.5513,4.4284,8.8122,5.0547

3649.8900,3.3165,3.0081,4.7991,5.3553,5.5401,8.6270,3.9339,4.3255,8.6270,4.9400

3650.8900,3.0696,3.3785,5.6017,5.6640,5.2314,8.6270,4.4278,4.5622,8.6270,5.1429

3651.8900,2.7610,3.1315,5.2930,5.9726,6.7750,8.8739,4.3661,4.7165,8.8739,5.3104

3652.8900,3.1931,3.0698,5.1695,5.4170,5.2932,8.6270,3.9339,4.3461,8.6270,4.9576

3653.8900,3.3165,3.0081,5.4165,5.7874,5.6019,8.6270,4.3661,4.5827,8.6270,5.1605

3654.8900,3.1931,3.1315,5.4165,5.6640,5.2314,8.9974,4.0574,4.4490,8.9974,5.0987

3655.8900,2.7610,2.9463,5.2930,5.6640,4.8610,8.6887,4.4895,4.3358,8.6887,4.9576

3656.8900,3.2548,2.7611,5.5400,5.4788,5.7254,8.5035,4.7365,4.5828,8.5035,5.1429

3657.8900,3.0696,3.1933,5.3548,5.2936,5.5401,8.7504,4.1191,4.4284,8.7504,5.0458

3658.8900,2.9462,3.2550,5.3548,6.2813,5.5401,8.3800,4.1808,4.5930,8.3800,5.1340

3659.8900,3.1314,3.6872,5.5400,5.4170,5.4784,8.6270,4.1808,4.5725,8.6270,5.1517

3660.8910,3.3165,2.8846,5.7252,5.4170,5.2314,8.6270,4.1808,4.4593,8.6270,5.0547

3661.8900,3.1314,2.3907,5.8487,5.4788,5.4784,8.5652,4.1191,4.4078,8.5652,5.0017

3662.8900,3.1314,2.8228,5.6635,5.7874,5.4784,8.3183,4.6130,4.5828,8.3183,5.1164

3663.8900,3.0079,3.2550,5.1695,5.9726,5.5401,8.3800,4.0574,4.5004,8.3800,5.0547

3664.8900,3.0696,3.2550,6.6513,5.7257,5.4166,8.6887,4.3043,4.7371,8.6887,5.3016

3665.8900,3.0079,1.9585,5.1078,5.6640,5.4166,8.2565,4.4895,4.2741,8.2565,4.8430

3666.8900,3.3165,3.0698,5.2313,5.5405,5.6019,8.4418,4.1808,4.4901,8.4418,5.0547

3667.8900,3.1931,3.0698,5.7252,5.3553,5.7871,8.6270,4.1808,4.5519,8.6270,5.1340

3668.8900,2.9462,3.1315,5.4782,5.9109,5.4166,8.9356,4.9835,4.6445,8.9356,5.2575

3669.8900,3.0696,3.0698,5.6017,6.4048,5.6019,8.4418,4.5513,4.7165,8.4418,5.2487

3670.8900,3.1931,3.5019,4.9226,5.8492,5.4784,8.9356,4.3661,4.5519,8.9356,5.1781

3671.8900,3.3783,2.8846,5.4165,5.7257,5.7254,8.2565,4.3661,4.5827,8.2565,5.1076

3672.8900,3.2548,2.7611,5.7869,5.7257,5.2932,8.6270,4.3043,4.5210,8.6270,5.1076

3673.8900,3.1314,3.0081,5.4165,5.9726,5.1697,8.5035,4.3661,4.5107,8.5035,5.0811

3674.8900,2.8844,3.0698,5.2930,5.9726,5.1079,8.6270,4.1808,4.4181,8.6270,5.0194

3675.8900,3.3783,3.2550,5.2313,6.0344,5.4784,8.5652,4.3661,4.6239,8.5652,5.1869

3676.8900,3.1931,3.0081,5.6635,5.6640,5.1697,8.3800,4.4278,4.5210,8.3800,5.0723

3677.8900,3.2548,3.5637,5.5400,5.6022,5.5401,8.3800,4.2426,4.6239,8.3800,5.1605

3678.8900,3.4400,3.0698,5.2930,5.6022,5.5401,8.6270,3.9339,4.4798,8.6270,5.0723

3679.8900,3.3783,4.1193,5.6635,5.6022,5.4166,8.6887,4.1191,4.7165,8.6887,5.2840

3680.8900,3.0696,3.4402,5.7252,5.5405,5.3549,8.6270,4.2426,4.5622,8.6270,5.1429

3681.8910,2.9462,2.8846,5.5400,5.5405,5.1079,8.6887,4.7983,4.4696,8.6887,5.0723

3682.8900,3.3783,3.3785,5.7869,5.7257,5.6636,8.8739,3.9339,4.6445,8.8739,5.2487

3683.8900,3.0696,3.1315,5.4782,5.7257,5.2314,8.6270,3.8721,4.4181,8.6270,5.0194

3684.8910,3.1931,2.7611,5.4782,5.7257,5.4166,8.5652,4.2426,4.4696,8.5652,5.0547

3685.8900,2.5758,3.5019,5.2313,5.6022,5.4166,8.3800,4.4278,4.4593,8.3800,5.0194

3686.8900,2.6993,2.8228,5.7252,6.2196,5.4166,8.4418,4.8600,4.6239,8.4418,5.1693

3687.8900,3.0696,3.1315,5.4165,5.6022,5.5401,8.4418,4.3661,4.5210,8.4418,5.0811

3688.8900,3.3165,2.9463,5.7869,5.7257,5.5401,8.6887,4.1808,4.5827,8.6887,5.1693

3689.8900,3.0079,3.2550,5.7252,6.0961,4.9844,9.0591,3.9339,4.5004,9.0591,5.1517

3690.8900,3.5634,3.2550,5.4165,6.5900,5.6019,8.5652,4.3661,4.7988,8.5652,5.3369

3691.8910,2.8844,3.1933,5.7869,6.0961,5.4784,8.4418,4.4895,4.6548,8.4418,5.1958

3692.8900,3.0079,3.0698,5.5400,6.0344,5.3549,8.4418,4.6130,4.6033,8.4418,5.1517

3693.8900,2.9462,2.8228,5.6635,5.3553,5.5401,8.5652,4.6748,4.5004,8.5652,5.0811

3694.8900,3.0079,2.8228,5.2313,5.2936,5.4166,8.6270,4.5513,4.3873,8.6270,4.9929

3695.8900,3.0079,3.2550,4.8608,5.9109,5.6019,8.5035,4.4278,4.5107,8.5035,5.0811

3696.8900,3.9955,3.1315,5.5400,5.6640,5.4166,8.2565,4.3043,4.6753,8.2565,5.1869

3697.8900,3.3783,2.8228,5.5400,5.9109,5.8488,8.6887,4.1808,4.6136,8.6887,5.1958

3698.8900,3.1931,3.4402,5.7869,5.5405,5.2314,8.4418,4.2426,4.5725,8.4418,5.1252

3699.8900,3.1314,2.8228,5.7252,5.3553,5.4784,8.4418,4.2426,4.4593,8.4418,5.0282

3700.8900,3.0079,3.4402,5.4165,5.7874,4.9227,8.5035,4.4278,4.5004,8.5035,5.0723

3701.8900,3.0079,3.3167,5.3548,5.4788,5.2932,8.4418,4.3661,4.4696,8.4418,5.0370

3702.8900,2.5141,3.1933,5.2313,5.8492,5.4784,8.5035,4.1191,4.3975,8.5035,4.9841

3703.8900,2.6375,3.1933,5.4165,5.4170,5.4784,8.1948,4.6130,4.4593,8.1948,4.9929

3704.8900,3.2548,3.0698,5.4165,5.2936,5.4784,9.3061,4.1808,4.4490,9.3061,5.1428

3705.8910,3.1314,3.0081,5.7869,5.4788,5.4166,8.3183,4.0574,4.4799,8.3183,5.0282

3706.8900,3.1931,2.3907,5.6017,5.9726,5.2314,8.8122,4.3661,4.4593,8.8122,5.0811

3707.8900,3.1314,3.1933,5.0460,5.7257,5.2314,9.1208,4.3043,4.4387,9.1208,5.1076

3708.8900,3.1314,3.1315,6.1574,5.5405,5.2314,8.5652,4.1191,4.5519,8.5652,5.1252

3709.8900,3.1314,2.6376,7.0835,5.5405,5.4784,8.4418,4.9217,4.7988,8.4418,5.3193

3710.8900,2.9462,3.1315,5.3548,5.9726,5.9106,8.4418,4.6748,4.6651,8.4418,5.2046

3711.8900,3.1931,2.9463,5.8487,5.8492,4.9227,8.3800,4.2426,4.5004,8.3800,5.0546

3712.8900,3.1314,3.3167,5.4782,5.5405,5.9106,8.5035,4.1191,4.5828,8.5035,5.1429

3713.8910,3.5017,3.1315,5.4782,5.3553,5.2932,8.6270,4.4278,4.5313,8.6270,5.1164

3714.8900,3.1931,2.9463,5.2930,5.6640,5.1079,8.3183,4.4895,4.4490,8.3183,5.0017

3715.8900,3.3783,3.1315,5.3548,5.6022,5.1079,8.6270,4.1191,4.4490,8.6270,5.0458

3716.8900,3.0079,2.9463,5.3548,5.6022,5.4166,8.1948,4.3661,4.4490,8.1948,4.9841

3717.8900,3.5634,3.3785,5.4782,5.4170,5.2932,8.5652,4.1191,4.5416,8.5652,5.1164

3718.8900,3.0696,2.9463,5.6635,5.1701,5.6019,8.6887,4.0574,4.4181,8.6887,5.0282

3719.8900,2.9462,2.7611,5.6017,5.9726,5.4784,8.6270,4.3661,4.5210,8.6270,5.1076

3720.8900,3.3165,3.3167,5.8487,6.0344,5.2932,8.3183,4.1808,4.6651,8.3183,5.1869

3721.8900,2.9462,3.1933,5.4782,5.7257,5.2314,8.8122,4.0574,4.4387,8.8122,5.0635

3722.8900,3.1931,2.8846,5.2313,6.0344,5.2314,8.8739,4.1808,4.4593,8.8739,5.0899

3723.8900,3.0079,2.6994,5.5400,5.7874,5.2314,8.6887,4.3043,4.4284,8.6887,5.0370

3724.8900,3.3165,2.8846,5.7869,6.2196,5.4166,8.1331,4.4895,4.6856,8.1331,5.1781

3725.8900,2.7610,3.3167,5.7252,5.5405,5.4784,8.5652,4.1808,4.5004,8.5652,5.0811

3726.8900,3.6252,2.9463,5.2930,5.6640,5.3549,8.5035,4.0574,4.4901,8.5035,5.0635

3727.8900,3.5017,3.0081,5.5400,5.5405,5.6636,8.0713,4.6748,4.6548,8.0713,5.1429

3728.8900,2.8227,3.3167,6.2809,5.7874,5.4166,8.6270,4.2426,4.6445,8.6270,5.2134

3729.8900,3.4400,3.0081,5.2313,5.5405,5.4784,8.5035,4.3661,4.5107,8.5035,5.0811

3730.8900,2.7610,3.1315,5.4782,5.6022,5.1079,8.3183,4.3661,4.4078,8.3183,4.9665

3731.8900,2.6993,3.1315,5.4165,5.3553,5.5401,8.6887,4.1808,4.3873,8.6887,5.0017

3732.8910,3.1314,3.1315,5.4782,5.8492,5.2314,8.8739,4.4278,4.5416,8.8739,5.1605

3733.8900,3.2548,3.0698,6.0339,5.5405,5.4166,8.5035,4.2426,4.5930,8.5035,5.1517

3734.8900,3.1314,2.8846,5.8487,5.4788,5.4166,8.5035,4.4278,4.5313,8.5035,5.0988

3735.8910,3.0079,3.0698,5.4782,5.1701,5.6019,9.3678,4.3043,4.4387,9.3678,5.1429

3736.8900,3.2548,2.9463,5.5400,5.9109,5.4784,8.8739,4.1808,4.5519,8.8739,5.1693

3737.8900,3.1931,3.5637,5.6635,5.6640,5.2314,8.9356,4.0574,4.5622,8.9356,5.1869

3738.8900,2.8227,3.1933,5.2313,5.7257,5.1079,8.6887,4.1808,4.3770,8.6887,4.9929

3739.8900,2.9462,3.1315,5.5400,5.7257,5.7254,8.1948,4.2426,4.5519,8.1948,5.0723

3740.8900,3.1931,3.5019,5.6635,5.5405,5.2932,8.3800,4.4895,4.6136,8.3800,5.1517

3741.8900,3.1314,2.8228,6.2809,5.4170,5.6636,8.5652,4.4895,4.6342,8.5652,5.1958

3742.8900,3.4400,2.9463,5.8487,5.7257,5.4784,8.3183,4.1191,4.5930,8.3183,5.1252

3743.8900,3.3165,3.0698,5.2930,5.6640,5.4784,8.6887,3.9956,4.4696,8.6887,5.0723

3744.8900,3.3783,3.1315,5.6635,5.8492,5.8488,8.6887,4.1808,4.6754,8.6887,5.2487

3745.8900,3.2548,3.6254,4.9843,6.0344,4.9844,8.9356,4.1191,4.5004,8.9356,5.1340

3746.8900,2.8227,2.8846,6.0956,5.3553,5.4166,8.5652,4.4895,4.5107,8.5652,5.0899

3747.8900,3.0696,2.7611,5.5400,5.8492,5.2314,8.6270,4.2426,4.4490,8.6270,5.0458

3748.8900,3.2548,3.1315,5.2930,5.6640,5.6019,9.4295,4.4895,4.5725,9.4295,5.2663

3749.8900,3.3165,3.1315,5.7252,5.9726,5.2932,8.8739,4.4278,4.6445,8.8739,5.2487

3750.8900,3.3165,3.0698,5.7869,5.6640,5.6636,8.2565,4.4278,4.6548,8.2565,5.1693

3751.8900,3.2548,2.7611,5.9722,6.4665,5.1697,8.9974,4.3043,4.6548,8.9974,5.2751

3752.8900,3.2548,3.0081,5.8487,5.4788,5.3549,8.5035,4.5513,4.5827,8.5035,5.1429

3753.8900,3.3165,2.8846,5.6017,5.6640,4.8610,8.2565,4.1191,4.4078,8.2565,4.9576

3754.8900,3.3165,2.8846,5.4782,5.4788,5.5401,8.0713,4.4278,4.5210,8.0713,5.0282

3755.8900,3.0696,2.8846,5.3548,5.6640,4.7992,8.5652,4.5513,4.3872,8.5652,4.9841

3756.8900,3.2548,3.0698,4.8608,5.7874,5.7871,8.4418,4.4278,4.5313,8.4418,5.0899

3757.8900,3.1314,2.7611,5.7252,5.4170,5.9723,8.3800,4.2426,4.5416,8.3800,5.0899

3758.8900,3.1314,3.1315,5.0460,5.8492,5.4784,8.6887,4.4278,4.5107,8.6887,5.1076

3759.8900,3.3165,2.9463,5.7869,5.8492,5.4166,8.6887,4.3043,4.6033,8.6887,5.1869

3760.8900,2.8844,3.3167,5.4782,5.6640,5.2314,8.5652,4.5513,4.5210,8.5652,5.0988

3761.8900,3.1314,3.2550,5.1695,5.9109,6.0341,8.7504,4.1808,4.6136,8.7504,5.2046

3762.8900,3.0696,3.1933,6.2191,5.8492,5.4166,8.7504,4.1191,4.6445,8.7504,5.2311

3763.8900,3.3165,3.7489,5.6017,5.6022,5.4166,8.8122,4.4278,4.6856,8.8122,5.2751

3764.8900,3.4400,3.1933,5.2930,5.4788,5.4166,8.5035,4.3043,4.5210,8.5035,5.0899

3765.8900,2.7610,3.1933,5.7869,5.7257,5.4166,8.0713,4.6748,4.5930,8.0713,5.0899

3766.8900,3.0696,4.1193,6.0956,5.2318,5.3549,8.6887,4.4278,4.7165,8.6887,5.2840

3767.8900,3.0696,3.7489,5.5400,5.6640,5.6019,8.5035,4.3661,4.6651,8.5035,5.2134

3768.8910,3.1314,2.7611,5.2930,5.6640,5.6019,8.1948,4.4278,4.4799,8.1948,5.0106

3769.8900,3.5634,2.8228,6.1574,5.8492,5.3549,8.5035,4.2426,4.6651,8.5035,5.2134

3770.8900,3.3165,3.0081,5.6017,4.9849,5.7254,8.4418,4.3043,4.4901,8.4418,5.0547

3771.8900,2.9462,3.0698,5.1695,5.8492,5.4784,8.9356,4.6130,4.5210,8.9356,5.1517

3772.8900,3.5017,2.7611,5.4165,5.6022,5.7871,8.5652,4.1191,4.5313,8.5652,5.1076

3773.8910,3.2548,3.0698,5.7869,5.8492,5.2932,8.5035,4.2426,4.5827,8.5035,5.1428

3774.8900,3.1931,3.0081,5.5400,5.2936,5.9106,8.6270,4.2426,4.5313,8.6270,5.1164

3775.8900,3.0079,2.9463,5.4165,5.7874,5.5401,8.2565,4.6748,4.5622,8.2565,5.0899

3776.8900,3.3165,3.5019,5.2930,5.7874,4.9227,8.5035,4.4895,4.5519,8.5035,5.1164

3777.8900,3.2548,3.1933,5.2930,5.8492,5.5401,8.9974,4.2426,4.5622,8.9974,5.1958

3778.8900,3.1314,3.0081,5.9722,5.5405,5.8488,8.7504,4.3043,4.6342,8.7504,5.2222

3779.8900,1.0943,3.5637,5.0460,6.2196,5.5401,8.3800,4.4278,4.3153,8.3800,4.8959

3780.8900,3.1314,3.5637,5.6017,5.4788,6.0958,8.6270,4.2426,4.6857,8.6270,5.2487

3781.8900,3.5634,2.2672,4.5521,5.7874,5.1697,8.5652,4.3043,4.2740,8.5652,4.8871

3782.8900,3.1931,3.5637,5.1695,5.8492,5.6636,8.5035,4.7365,4.6959,8.5035,5.2399

3783.8900,3.3165,2.6994,5.6635,5.4170,5.4166,8.5035,4.4895,4.5004,8.5035,5.0723

3784.8900,3.3783,3.0081,5.9104,5.5405,5.1697,7.8861,4.4895,4.5827,7.8861,5.0547

3785.8900,2.8227,2.7611,5.7869,5.4788,5.4784,8.6887,5.1070,4.5725,8.6887,5.1605

3786.8900,3.2548,2.6994,5.6017,6.0344,5.4784,8.8122,4.0574,4.5210,8.8122,5.1340

3787.8900,3.2548,3.8106,5.6017,5.6022,5.4784,8.4418,3.9956,4.6239,8.4418,5.1693

3788.8910,2.9462,3.0081,5.1078,5.9109,5.3549,8.8739,4.7365,4.5107,8.8739,5.1340

3789.8900,3.6869,2.6994,5.6635,5.9726,5.4784,8.5035,4.4278,4.6548,8.5035,5.2046

3790.8900,3.0696,3.1933,5.4165,5.9726,5.7871,8.6270,4.1808,4.6033,8.6270,5.1781

3791.8900,2.5758,3.5637,5.6017,5.4170,5.6019,8.9356,4.4278,4.5313,8.9356,5.1605

3792.8900,2.6993,3.6872,4.9843,5.8492,5.4166,8.4418,4.3661,4.5004,8.4418,5.0635

3793.8900,3.2548,3.0698,5.1695,5.7257,5.3549,8.6270,4.3043,4.4798,8.6270,5.0723

3794.8900,3.4400,3.2550,5.2313,5.9109,6.0341,8.6270,4.2426,4.6856,8.6270,5.2487

3795.8900,3.5017,3.4402,5.1695,5.6022,5.2932,8.5035,4.2426,4.5416,8.5035,5.1076

3796.8900,3.3165,3.1315,5.2930,6.2813,5.2932,8.5652,4.2426,4.5930,8.5652,5.1605

3797.8900,3.1314,2.7611,5.5400,5.7257,5.3549,8.5652,4.4278,4.4901,8.5652,5.0723

3798.8900,3.4400,3.1933,5.3548,5.7874,5.5401,8.5652,3.9339,4.5416,8.5652,5.1164

3799.8900,3.1314,3.0698,5.5400,6.3430,5.6019,8.5035,3.9956,4.6136,8.5035,5.1693

3800.8900,3.1314,3.1315,5.3548,5.8492,5.4166,8.5035,4.4895,4.5622,8.5035,5.1252

3801.8900,2.8844,3.1933,5.4782,5.6640,5.3549,8.4418,4.4895,4.5107,8.4418,5.0723

3802.8900,3.2548,3.0081,5.4782,5.7874,5.3549,8.6270,4.3661,4.5416,8.6270,5.1252

3803.8900,3.0696,3.0081,5.2930,5.7874,5.2314,8.6887,4.3043,4.4490,8.6887,5.0547

3804.8900,3.3165,3.1315,6.0339,5.8492,5.3549,8.8739,4.6130,4.7165,8.8739,5.3104

3805.8900,3.4400,3.3785,5.5400,5.6022,5.4784,8.7504,4.2426,4.6136,8.7504,5.2046

3806.8900,3.3165,3.1315,5.0460,5.6640,5.2932,8.6887,3.8721,4.3872,8.6887,5.0017

3807.8900,3.0696,3.0081,5.7869,6.3430,5.0462,8.5035,4.1191,4.5622,8.5035,5.1252

3808.8900,3.3165,3.2550,5.4782,6.2196,5.5401,8.4418,4.4278,4.7062,8.4418,5.2399

3809.8900,2.8227,3.1933,5.1695,5.7257,5.6019,8.8739,4.2426,4.4593,8.8739,5.0899

3810.8900,2.9462,3.9958,5.4165,5.6640,5.4166,8.3183,4.1808,4.6033,8.3183,5.1340

3811.8900,3.3165,3.2550,5.3548,6.0961,5.1697,8.3800,4.4895,4.6136,8.3800,5.1517

3812.8900,3.3783,3.3167,5.4782,5.9726,5.6019,8.5035,4.0574,4.6342,8.5035,5.1869

3813.8900,3.3165,3.0698,5.4782,4.9849,5.4784,8.8739,4.2426,4.4284,8.8739,5.0635

3814.8900,3.3165,2.8846,5.7869,5.9726,5.6019,8.5035,3.8104,4.5622,8.5035,5.1252

3815.8900,3.0696,3.1315,5.5400,5.9109,5.7254,8.3183,4.5513,4.6548,8.3183,5.1781

3816.8900,2.6375,2.5759,5.5400,5.9109,5.3549,8.4418,4.6130,4.4387,8.4418,5.0106

3817.8900,3.2548,4.1193,5.1695,5.9109,5.1697,9.3678,4.1191,4.6239,9.3678,5.3016

3818.8900,2.8227,3.0081,5.5400,6.2813,5.3549,8.6887,4.5513,4.5930,8.6887,5.1781

3819.8900,3.0696,3.3785,5.4165,6.1578,5.8488,8.3183,3.9956,4.6445,8.3183,5.1693

3820.8900,2.9462,3.1315,5.5400,5.6022,5.5401,8.5035,4.4895,4.5416,8.5035,5.1076

3821.8910,3.8104,3.4402,5.4165,5.4788,5.4166,8.8122,4.4278,4.6650,8.8122,5.2575

3822.8900,3.1314,2.5142,5.1695,5.6022,5.5401,8.0096,4.4278,4.3975,8.0096,4.9135

3823.8900,2.9462,3.2550,5.5400,5.9109,5.4784,8.5652,4.7983,4.6548,8.5652,5.2134

3824.8900,3.4400,2.8846,5.9722,5.9109,5.4166,8.2565,4.1808,4.6342,8.2565,5.1517

3825.8900,3.3783,2.7611,5.7252,5.6640,5.7254,8.5652,5.1070,4.7268,8.5652,5.2752

3826.8910,2.6993,3.1933,5.7869,5.6022,5.7254,8.6270,3.8721,4.4799,8.6270,5.0723

3827.8900,2.7610,3.0698,5.5400,5.5405,5.5401,8.7504,4.4278,4.4799,8.7504,5.0899

3828.8900,3.0696,3.3167,6.4661,5.9109,5.2932,8.5035,4.4278,4.7474,8.5035,5.2840

3829.8900,3.2548,2.9463,5.3548,5.7874,5.9106,8.4418,4.3661,4.6033,8.4418,5.1517

3830.8900,3.1314,3.0698,5.3548,5.9109,5.5401,8.9356,4.7365,4.6239,8.9356,5.2399

3831.8910,3.3165,3.0081,5.9104,6.0344,4.9227,8.0713,4.1808,4.5622,8.0713,5.0635

3832.8900,3.3783,3.0698,6.2191,5.7874,5.2932,8.5035,4.6748,4.7371,8.5035,5.2751

3833.8900,3.3783,3.0081,5.6017,5.8492,5.5401,8.2565,4.3043,4.6136,8.2565,5.1340

3834.8900,3.1931,2.2055,5.8487,5.9109,5.5401,8.2565,4.5513,4.5416,8.2565,5.0723

3835.8900,3.2548,3.0698,5.2930,5.7874,5.4784,8.4418,4.4895,4.5622,8.4418,5.1164

3836.8910,3.4400,3.1933,6.2809,5.9109,5.3549,8.3800,4.4895,4.7782,8.3800,5.2928

3837.8900,3.2548,2.8846,5.3548,5.8492,5.6019,8.3183,4.5513,4.5827,8.3183,5.1164

3838.8900,3.2548,3.8106,5.6635,5.7257,5.5401,8.5035,4.4278,4.7371,8.5035,5.2751

3839.8900,3.2548,2.9463,5.4782,5.7874,5.2314,8.5652,4.1191,4.4696,8.5652,5.0546

3840.8900,3.0696,3.5019,5.7869,5.6022,5.1697,8.6887,4.1808,4.5519,8.6887,5.1428

3841.8900,3.1931,3.3167,5.2313,5.9726,5.5401,8.9974,3.9956,4.5416,8.9974,5.1781

3842.8900,3.1314,3.3167,5.8487,5.7874,5.1697,8.5652,4.2426,4.5827,8.5652,5.1517

3843.8900,3.2548,3.3785,5.6017,5.6640,5.9723,8.5035,4.1191,4.6651,8.5035,5.2134

3844.8900,3.1314,3.2550,5.4165,5.6640,5.4784,8.6887,4.1191,4.5107,8.6887,5.1076

3845.8900,3.3783,3.0698,4.9226,5.7257,5.6019,8.1331,4.4895,4.5313,8.1331,5.0458

3846.8900,3.1931,2.6994,6.0339,5.6022,5.5401,8.5035,4.1808,4.5416,8.5035,5.1076

3847.8900,3.3165,3.5637,5.2930,5.4788,5.1079,8.0713,4.5513,4.5519,8.0713,5.0546

3848.8900,3.4400,2.9463,5.6635,5.7874,5.2932,8.3183,4.4278,4.5930,8.3183,5.1252

3849.8900,3.5017,3.3167,5.6017,5.3553,5.1697,8.6270,4.2426,4.5313,8.6270,5.1164

3850.8900,3.1314,3.0698,5.7252,5.6022,5.2314,8.7504,5.4157,4.6959,8.7504,5.2752

3851.8900,3.4400,3.1315,5.1695,5.9109,5.7871,8.5035,4.4278,4.6445,8.5035,5.1958

3852.8900,2.7610,3.0081,5.7252,5.4788,5.5401,8.6887,4.7983,4.5519,8.6887,5.1429

3853.8910,2.8227,3.2550,5.5400,5.4170,5.6019,8.7504,4.5513,4.5313,8.7504,5.1340

3854.8900,3.3783,1.4029,5.1695,5.8492,5.7254,8.6270,4.3043,4.3049,8.6270,4.9224

3855.8900,3.2548,3.5019,5.9104,5.6640,5.3549,8.3800,4.4895,4.6959,8.3800,5.2222

3856.8900,3.2548,3.8724,5.6635,5.6640,5.1079,8.7504,3.9339,4.5827,8.7504,5.1781

3857.8900,3.3165,3.5637,5.7869,5.5405,5.3549,8.5652,4.4895,4.6753,8.5652,5.2310

3858.8900,3.3783,3.4402,5.6017,5.7874,5.5401,8.6270,3.9956,4.6239,8.6270,5.1958

3859.8900,3.3165,3.0698,5.6635,6.6517,6.2810,8.9356,4.3661,4.8914,8.9356,5.4692

3860.8900,3.2548,2.8228,5.2313,5.7874,5.4784,8.3183,4.2426,4.4696,8.3183,5.0194

3861.8900,3.0696,3.0698,5.5400,6.0344,5.4784,8.8739,4.5513,4.6239,8.8739,5.2310

3862.8900,3.3165,3.1315,5.4782,5.5405,5.2932,8.8122,3.9956,4.4593,8.8122,5.0811

3863.8900,3.8721,3.1933,5.4782,5.7257,5.4784,8.4418,3.8721,4.6033,8.4418,5.1517

3864.8900,3.5634,3.1315,5.3548,5.6640,5.6636,8.5035,4.2426,4.6033,8.5035,5.1605

3865.8900,3.3783,2.8846,5.1695,5.4788,5.6019,8.2565,4.5513,4.5107,8.2565,5.0458

3866.8900,3.1314,3.5637,5.6017,5.6022,5.4784,8.6270,4.0574,4.5725,8.6270,5.1517

3867.8910,3.1931,3.0698,4.9843,5.6640,5.9106,8.3183,4.3661,4.5313,8.3183,5.0723

3868.8900,3.1314,3.2550,5.7869,5.7257,5.4784,9.2443,4.3661,4.6239,9.2443,5.2840

3869.8900,3.1314,3.0698,5.4782,6.0344,5.1079,8.6270,4.5513,4.5622,8.6270,5.1428

3870.8900,3.6252,3.1933,5.4782,5.6640,5.4166,8.5652,4.4895,4.6445,8.5652,5.2046

3871.8900,4.5511,2.6994,5.7252,5.6022,5.6636,8.1948,4.3661,4.7679,8.1948,5.2575

3872.8900,3.0079,3.6872,4.7991,5.8492,5.1697,8.5652,4.3043,4.4696,8.5652,5.0546

3873.8900,3.3165,2.9463,5.7252,5.6640,5.4784,8.5652,4.7983,4.6548,8.5652,5.2134

3874.8910,3.0079,3.1315,5.6017,5.6022,5.7254,8.6887,4.8600,4.6548,8.6887,5.2311

3875.8900,3.4400,2.8228,5.3548,5.6640,5.3549,9.7999,4.4895,4.5210,9.7999,5.2751

3876.8900,3.2548,3.1933,6.0956,5.9726,5.2932,8.4418,4.2426,4.6753,8.4418,5.2134

3877.8900,3.3165,3.3785,5.6017,5.4170,5.4784,8.8122,4.0574,4.5416,8.8122,5.1517

3878.8900,3.1931,3.3785,5.5400,6.2196,5.7871,8.5035,4.4278,4.7577,8.5035,5.2928

3879.8900,3.3165,3.1933,5.2930,6.0344,5.1079,8.5652,4.4278,4.5622,8.5652,5.1340

3880.8900,3.5634,2.8846,5.4165,5.6022,5.5401,6.8366,4.6748,4.6136,6.8366,4.9312

3881.8900,3.0079,3.5019,5.4165,5.8492,5.5401,9.3061,4.4278,4.6239,9.3061,5.2928

3882.8900,3.3165,2.8846,5.7252,5.7257,5.6019,8.5652,4.7365,4.6651,8.5652,5.2222

3883.8900,2.6993,3.0698,5.8487,5.4788,5.5401,8.8739,4.6748,4.5519,8.8739,5.1693

3884.8910,3.2548,3.3167,5.3548,5.9726,5.5401,8.6887,4.4278,4.6445,8.6887,5.2222

3885.8910,3.4400,4.1193,4.6756,5.9726,5.9723,8.6270,4.1191,4.7165,8.6270,5.2751

3886.8910,3.0696,3.0081,5.5400,5.7874,5.7254,8.3800,4.8600,4.6651,8.3800,5.1958

3887.8900,3.4400,2.8228,6.0339,5.6640,5.5401,8.5652,4.3661,4.6445,8.5652,5.2046

3888.8900,3.2548,3.0698,5.9722,5.5405,5.9723,8.7504,4.3661,4.6959,8.7504,5.2752

3889.8900,2.8844,3.4402,5.4782,5.6022,4.6140,8.6270,4.3043,4.3872,8.6270,4.9929

3890.8900,3.3165,3.1933,5.6635,5.4788,5.4166,8.5035,4.4895,4.5930,8.5035,5.1517

3891.8900,3.3165,2.5759,5.7869,5.7257,5.6019,8.1948,4.3661,4.5622,8.1948,5.0811

3892.8900,3.2548,3.1315,5.6635,5.7874,5.8488,9.4913,3.9956,4.6136,9.4913,5.3104

3893.8900,3.2548,3.6254,5.5400,5.7257,5.3549,8.7504,4.3043,4.6342,8.7504,5.2222

3894.8900,3.1314,3.4402,5.6017,5.3553,5.1079,8.3800,4.6130,4.5416,8.3800,5.0899

3895.8900,3.3165,3.1933,5.7252,6.0961,5.4166,8.3800,4.6130,4.7268,8.3800,5.2487

3896.8900,3.1931,3.2550,5.2313,5.7874,5.2932,9.0591,4.1808,4.4901,9.0591,5.1428

3897.8900,3.0079,3.3785,5.1695,5.7874,5.4784,7.5775,3.5634,4.3975,7.5775,4.8518

3898.8900,3.5634,3.1315,5.3548,5.6022,5.7254,8.3800,4.3661,4.6239,8.3800,5.1605

3899.8900,3.2548,3.2550,5.4782,6.0961,5.4166,8.8739,4.5513,4.6753,8.8739,5.2751

3900.8900,3.3783,3.0698,5.1695,5.9109,5.6636,8.5652,4.3043,4.5827,8.5652,5.1517

3901.8900,2.8844,3.1933,5.2930,6.1578,5.1697,8.5652,4.4895,4.5313,8.5652,5.1076

3902.8900,3.0079,3.3167,5.5400,5.7874,5.6636,9.2443,4.4895,4.6342,9.2443,5.2928

3903.8900,3.3783,3.0081,6.0339,5.4788,5.3549,8.6887,4.3043,4.5930,8.6887,5.1781

3904.8900,3.5634,3.3167,5.2930,5.7874,5.3549,8.4418,3.9339,4.5416,8.4418,5.0987

3905.8900,3.5017,3.2550,5.4165,5.6022,5.5401,8.8122,3.9956,4.5519,8.8122,5.1605

3906.8900,3.3165,2.7611,5.7869,5.6640,5.4784,8.4418,4.1191,4.5210,8.4418,5.0811

3907.8900,3.2548,2.9463,5.9104,5.7874,5.8488,8.8122,4.4895,4.7062,8.8122,5.2928

3908.8900,3.4400,3.1315,5.7869,5.8492,5.5401,8.5652,4.1808,4.6548,8.5652,5.2134

3909.8900,3.5017,3.0698,5.7252,5.8492,5.8488,8.6887,4.2426,4.7062,8.6887,5.2751

3910.8900,3.2548,3.0081,5.7869,5.4788,5.2932,8.7504,4.1808,4.5004,8.7504,5.1076

3911.8910,3.3165,3.2550,6.0339,5.6640,5.3549,8.4418,4.5513,4.6959,8.4418,5.2310

3912.8900,3.5634,3.1315,5.3548,5.6640,5.4166,8.4418,3.9956,4.5210,8.4418,5.0811

3913.8900,3.1931,3.1315,5.6017,5.5405,5.9106,7.9479,4.9217,4.7165,7.9479,5.1781

3914.8900,3.4400,3.0698,6.1574,5.7257,5.2932,8.1948,4.3043,4.6651,8.1948,5.1693

3915.8900,3.1314,3.1315,6.1574,5.8492,5.2314,8.4418,4.3661,4.6445,8.4418,5.1870

3916.8900,3.4400,2.7611,5.2930,5.7874,5.6636,8.1948,4.4278,4.5622,8.1948,5.0811

3917.8900,3.4400,2.8846,5.2930,5.7874,5.6019,8.5035,4.2426,4.5416,8.5035,5.1076

3918.8900,3.2548,3.3785,6.5896,5.9726,5.5401,8.3800,4.4278,4.8606,8.3800,5.3633

3919.8910,3.3165,3.2550,5.6635,5.7257,5.4784,8.9356,4.3661,4.6342,8.9356,5.2487

3920.8900,3.0079,3.1315,5.6635,5.4170,5.6636,8.6270,4.6130,4.5828,8.6270,5.1605

3921.8900,3.2548,3.5019,5.9104,5.6022,5.3549,8.3800,4.4895,4.6856,8.3800,5.2134

3922.8900,3.1931,3.3785,6.0956,5.7257,5.5401,8.1331,4.4895,4.7371,8.1331,5.2222

3923.8900,3.0696,3.3785,5.4782,5.8492,5.0462,8.6270,4.3661,4.5313,8.6270,5.1164

3924.8900,3.9338,3.3785,5.4165,5.8492,5.6636,8.1948,4.4895,4.7885,8.1948,5.2751

3925.8900,3.2548,3.0698,5.4165,5.7257,5.6019,8.3183,4.5513,4.6033,8.3183,5.1340

3926.8910,3.2548,2.8846,5.8487,5.9109,5.2932,8.5652,4.3043,4.5827,8.5652,5.1517

3927.8910,3.5017,3.0081,6.0956,5.5405,5.3549,8.6270,4.3661,4.6445,8.6270,5.2134

3928.8910,3.0696,3.0698,5.5400,5.8492,5.7871,8.3800,4.7983,4.6857,8.3800,5.2134

3929.8900,3.0696,3.2550,5.6635,6.3430,5.9723,8.2565,4.4895,4.7988,8.2565,5.2928

3930.8900,3.3165,3.3167,5.4165,6.4048,5.4166,8.3183,4.5513,4.7371,8.3183,5.2487

3931.8900,3.8721,3.0698,5.5400,5.7874,5.4166,8.5035,4.1191,4.6342,8.5035,5.1869

3932.8900,3.2548,3.1315,5.2930,5.8492,5.6019,8.3800,4.4895,4.6033,8.3800,5.1429

3933.8900,3.3783,2.6994,5.7252,5.9109,5.5401,8.6270,3.8721,4.5210,8.6270,5.1076

3934.8900,2.8844,3.4402,5.7252,5.7257,5.5401,8.0096,4.5513,4.6445,8.0096,5.1252

3935.8900,3.4400,2.9463,5.9722,5.5405,5.4166,8.6270,4.3661,4.6136,8.6270,5.1869

3936.8900,3.9338,2.7611,5.4782,5.7257,5.4784,8.1331,4.3043,4.6136,8.1331,5.1164

3937.8900,3.1314,3.4402,5.7869,5.8492,5.4166,8.3800,4.6748,4.7165,8.3800,5.2399

3938.8900,3.4400,3.1933,6.0339,5.7257,6.3428,8.5035,4.4278,4.8606,8.5035,5.3810

3939.8910,3.3783,3.0698,5.2313,5.7257,5.6636,8.5652,4.0574,4.5210,8.5652,5.0987

3940.8900,3.7486,3.1315,5.4165,5.8492,5.3549,8.5652,4.8600,4.7268,8.5652,5.2751

3941.8900,3.0696,3.8724,5.7252,5.7257,6.4663,8.1948,4.4278,4.8812,8.1948,5.3545

3942.8900,3.3165,3.1315,5.1078,5.7874,5.6019,8.2565,4.3661,4.5519,8.2565,5.0811

3943.8900,3.1931,2.9463,5.9722,5.6640,5.4784,8.5652,4.2426,4.5827,8.5652,5.1517

3944.8900,3.5017,3.5019,5.6017,5.7874,5.8488,8.1948,4.2426,4.7474,8.1948,5.2399

3945.8900,3.0079,3.3167,5.6017,5.9726,5.5401,8.4418,4.9217,4.7268,8.4418,5.2575

3946.8900,3.0079,3.1933,5.2930,5.8492,5.6019,8.6270,4.2426,4.5313,8.6270,5.1164

3947.8900,3.1314,3.1933,5.5400,5.7257,5.0462,8.4418,4.6130,4.5416,8.4418,5.0988

3948.8900,3.1314,3.5019,5.7252,6.2196,5.7871,8.4418,4.1191,4.7474,8.4418,5.2751

3949.8900,3.1931,3.1315,5.6017,5.8492,5.1697,8.6270,4.3043,4.5416,8.6270,5.1252

3950.8900,3.3783,3.1933,5.7252,5.4170,5.7871,8.3183,4.3043,4.6342,8.3183,5.1605

3951.8900,3.4400,3.1933,5.4782,5.8492,4.8610,8.6887,3.9339,4.4592,8.6887,5.0635

3952.8900,3.3165,3.2550,4.9226,6.0961,5.4784,8.4418,4.6130,4.6136,8.4418,5.1605

3953.8900,3.3783,2.9463,5.5400,5.7257,5.7871,8.5652,4.6130,4.6651,8.5652,5.2222

3954.8900,2.9462,3.2550,5.4782,5.8492,5.6636,8.8739,4.6130,4.6342,8.8739,5.2399

3955.8900,3.1931,2.8846,5.6017,5.6640,5.5401,8.3183,4.7365,4.6033,8.3183,5.1340

3956.8900,3.1931,3.1315,5.6017,5.7257,5.7254,8.2565,4.6130,4.6651,8.2565,5.1781

3957.8900,3.4400,3.6254,5.6635,5.2936,5.1697,8.8122,4.4895,4.6136,8.8122,5.2134

3958.8900,2.8844,3.1315,6.1574,5.6640,5.6636,8.5652,4.0574,4.5930,8.5652,5.1605

3959.8900,3.5634,2.9463,5.8487,5.6022,5.5401,8.4418,4.2426,4.6239,8.4418,5.1693

3960.8900,3.0079,3.2550,5.6635,5.7874,5.6636,8.7504,4.1808,4.5930,8.7504,5.1870

3961.8900,3.5634,3.3785,5.9722,6.0344,5.4784,8.5652,4.4278,4.8091,8.5652,5.3457

3962.8900,3.1931,3.3785,5.4782,5.7874,5.4166,8.6270,5.6009,4.8091,8.6270,5.3545

3963.8900,3.2548,3.2550,5.4782,6.1578,6.2193,8.2565,4.7983,4.8606,8.2565,5.3457

3964.8900,3.8104,2.9463,5.6017,5.9726,5.3549,8.6887,4.4278,4.6856,8.6887,5.2575

3965.8910,2.5141,2.8228,5.4782,5.9109,5.3549,8.7504,4.4895,4.4284,8.7504,5.0458

3966.8910,3.6252,3.1315,5.4782,6.1578,5.4784,8.4418,4.4895,4.7268,8.4418,5.2575

3967.8900,3.2548,3.1933,5.7869,5.6640,5.8488,8.5652,4.2426,4.6651,8.5652,5.2222

3968.8900,3.5017,3.0081,5.6635,6.0344,5.5401,8.6887,4.3661,4.6856,8.6887,5.2575

3969.8900,3.1931,3.3167,5.6017,5.7874,5.2932,8.6270,4.6130,4.6342,8.6270,5.2046

3970.8900,3.1931,3.3785,5.2313,5.8492,5.3549,8.9974,4.2426,4.5416,8.9974,5.1781

3971.8900,3.3165,3.0081,5.7252,5.9726,6.0341,8.5652,4.4278,4.7474,8.5652,5.2928

3972.8900,3.3165,3.6254,5.6017,5.6022,5.4784,8.3800,4.4278,4.6753,8.3800,5.2046

3973.8900,2.7610,3.5637,5.6017,5.9726,5.5401,8.1331,4.5513,4.6651,8.1331,5.1605

3974.8910,3.3783,3.1315,6.2191,5.6640,5.2314,8.3800,4.4278,4.6753,8.3800,5.2046

3975.8900,3.0079,3.4402,5.2930,5.8492,5.7871,8.8122,4.3661,4.6239,8.8122,5.2222

3976.8900,3.0696,3.1933,5.9104,5.4788,5.4784,8.5652,4.7983,4.6548,8.5652,5.2134

3977.8900,3.3165,3.1933,5.7252,5.6640,6.0341,8.3800,4.3043,4.7062,8.3800,5.2311

3978.8900,3.4400,3.5019,5.5400,5.4170,5.6019,9.0591,4.2426,4.6239,9.0591,5.2575

3979.8900,3.3783,3.0698,6.0339,5.9109,5.4784,8.2565,4.4895,4.7268,8.2565,5.2310

3980.8900,3.1314,3.2550,6.0956,5.8492,5.9723,8.4418,4.3661,4.7783,8.4418,5.3016

3981.8900,3.0696,3.4402,5.3548,5.9726,5.4784,8.6887,3.9339,4.5416,8.6887,5.1340

3982.8900,3.1314,3.1933,5.4782,6.2196,5.2932,8.7504,4.3043,4.6033,8.7504,5.1958

3983.8900,3.2548,3.2550,5.1695,5.5405,5.6019,8.5035,3.8104,4.4387,8.5035,5.0194

3984.8900,3.3783,1.8968,5.2313,5.6640,5.4166,8.6270,4.2426,4.3049,8.6270,4.9224

3985.8900,3.1931,3.1933,5.6017,5.8492,5.5401,8.8739,4.4895,4.6445,8.8739,5.2487

3986.8900,3.0696,3.3167,5.7252,6.2196,6.6515,8.9974,4.0574,4.8400,8.9974,5.4339

3987.8900,3.2548,3.5019,5.9104,5.4788,5.7254,8.5035,4.7983,4.7783,8.5035,5.3104

3988.8900,3.3165,3.1315,5.5400,5.7874,5.6636,8.0096,4.6748,4.6856,8.0096,5.1605

3989.8900,3.3783,2.9463,5.6017,5.9109,5.8488,8.6270,4.3661,4.6754,8.6270,5.2399

3990.8900,3.2548,3.3785,5.2313,5.7874,5.6019,8.6887,4.6130,4.6445,8.6887,5.2222

3991.8900,3.2548,3.1933,5.4782,6.0961,5.5401,8.8122,4.0574,4.6033,8.8122,5.2046

3992.8900,3.1931,3.3785,5.3548,5.9726,5.6019,8.6270,4.0574,4.5930,8.6270,5.1693

3993.8900,3.1314,3.9341,5.6017,5.7257,5.5401,8.5652,4.4278,4.7268,8.5652,5.2751

3994.8910,3.5017,2.9463,5.6635,5.9109,5.9106,8.6270,4.3661,4.7165,8.6270,5.2751

3995.8900,3.0696,3.1933,5.3548,5.8492,5.5401,8.1331,4.3661,4.5622,8.1331,5.0723

3996.8900,3.1314,3.9341,5.4165,6.2196,5.6019,8.5652,4.2426,4.7577,8.5652,5.3016

3997.8900,2.4523,3.2550,5.6017,5.4788,5.4166,8.7504,4.8600,4.5107,8.7504,5.1164

3998.8900,2.8227,3.4402,6.4661,5.9109,5.4166,8.6887,4.1808,4.7062,8.6887,5.2752

3999.8900,3.0079,3.4402,5.6017,5.7874,5.6636,8.5652,3.9956,4.5827,8.5652,5.1517

4000.8900,3.0696,3.1933,5.4782,5.7874,5.6019,8.5035,4.6130,4.6239,8.5035,5.1781

4001.8900,3.4400,3.3167,5.2930,5.5405,5.4784,8.6270,3.9956,4.5107,8.6270,5.0987

4002.8900,3.4400,3.3785,5.5400,5.7874,5.1697,8.6887,4.1808,4.5827,8.6887,5.1693

4003.8900,3.2548,3.8106,5.7869,5.8492,5.4784,8.5652,4.4278,4.7680,8.5652,5.3104

4004.8900,3.4400,3.1933,5.2313,5.6640,5.5401,8.7504,4.0574,4.5210,8.7504,5.1252

4005.8900,3.4400,3.0698,5.4165,5.6022,5.7871,8.5035,4.2426,4.5930,8.5035,5.1517

4006.8900,3.3165,3.1933,5.5400,5.7874,5.6019,8.6270,4.4278,4.6445,8.6270,5.2134

4007.8900,3.4400,3.0081,5.5400,5.7257,5.4166,8.2565,4.2426,4.5622,8.2565,5.0899

4008.8900,2.8844,3.3167,5.9722,5.7257,5.7871,8.6270,4.1808,4.6445,8.6270,5.2134

4009.8900,3.3783,2.8846,6.0956,5.7874,5.6019,8.6887,4.3661,4.6856,8.6887,5.2575

4010.8900,3.1314,3.2550,5.5400,5.9109,5.6636,8.5652,4.8600,4.7268,8.5652,5.2752

4011.8910,3.2548,3.0698,5.7252,6.0344,5.7871,8.5035,4.3661,4.7062,8.5035,5.2487

4012.8900,3.1931,3.3785,5.4165,5.9726,5.5401,8.4418,4.4278,4.6548,8.4418,5.1958

4013.8910,3.1931,3.0698,5.7869,5.9726,5.5401,8.5652,4.6130,4.6959,8.5652,5.2487

4014.8900,3.6869,2.6376,5.6017,5.4788,5.8488,8.0713,4.4278,4.6136,8.0713,5.1076

4015.8900,3.0696,3.5019,5.4165,7.0221,5.9723,8.3183,4.2426,4.8709,8.3183,5.3633

4016.8900,3.4400,3.0698,5.7252,5.6640,5.6019,8.4418,4.4278,4.6548,8.4418,5.1958

4017.8900,3.0079,3.1933,5.8487,5.4788,5.6019,8.6270,4.3661,4.5828,8.6270,5.1605

4018.8900,3.3783,3.1315,5.4782,5.9109,5.2932,8.4418,4.3043,4.5827,8.4418,5.1340

4019.8900,3.2548,2.9463,5.2313,5.7874,5.5401,8.2565,4.4895,4.5416,8.2565,5.0723

4020.8900,3.0079,3.3167,5.6635,5.8492,5.6019,8.9356,4.6130,4.6754,8.9356,5.2840

4021.8900,3.2548,3.4402,5.8487,5.7257,5.3549,8.5035,4.2426,4.6445,8.5035,5.1958

4022.8900,3.3783,2.8846,5.9722,6.0344,5.5401,8.6270,4.3661,4.6959,8.6270,5.2575

4023.8900,3.4400,2.5142,5.8487,5.5405,5.4784,8.4418,4.3043,4.5210,8.4418,5.0811

4024.8900,3.4400,3.1933,4.7991,6.2196,5.4784,8.8739,4.4278,4.5930,8.8739,5.2046

4025.8900,3.3165,2.6994,5.3548,6.0961,5.3549,8.5035,4.6748,4.5827,8.5035,5.1428

4026.8900,3.0696,3.1933,5.4165,6.0961,5.6636,8.9974,4.6748,4.6856,8.9974,5.3016

4027.8900,2.8844,2.8228,5.5400,6.2196,5.1697,8.3183,4.6130,4.5416,8.3183,5.0811

4028.8900,3.3165,3.1315,5.8487,5.7257,5.4166,8.0713,4.4278,4.6445,8.0713,5.1340

4029.8910,3.6252,3.5637,5.5400,6.0344,5.5401,8.5035,4.1808,4.7474,8.5035,5.2840

4030.8900,3.5017,3.8106,5.5400,5.7257,5.7871,8.3183,4.3043,4.7782,8.3183,5.2840

4031.8900,2.8844,3.6254,5.7869,5.7257,5.7871,8.3800,4.7983,4.7680,8.3800,5.2840

4032.8900,3.2548,3.0081,5.7252,5.8492,5.5401,8.9356,4.6130,4.6651,8.9356,5.2751

4033.8900,3.4400,3.5637,6.0339,5.7257,5.4166,8.5035,4.4895,4.7782,8.5035,5.3104

4034.8900,3.5017,3.0081,5.6635,5.7257,5.3549,8.6270,4.3043,4.5930,8.6270,5.1693

4035.8900,3.2548,3.2550,5.4165,5.8492,5.5401,9.9234,4.6748,4.6651,9.9234,5.4163

4036.8900,3.3783,3.1315,5.9104,5.6640,5.5401,8.1331,4.4895,4.6856,8.1331,5.1781

4037.8900,3.6869,2.9463,5.6017,5.6640,5.2932,8.4418,4.3661,4.5930,8.4418,5.1428

4038.8900,3.1931,3.0698,5.6635,5.1701,5.4784,8.6887,4.2426,4.4696,8.6887,5.0723

4039.8910,3.5017,3.4402,5.9104,5.6640,5.8488,8.8739,4.4278,4.7988,8.8739,5.3810

4040.8900,3.0696,3.3167,5.6635,5.7874,6.2193,8.6887,4.1808,4.7062,8.6887,5.2752

4041.8900,3.2548,3.0081,5.3548,5.7257,5.9106,8.2565,4.2426,4.5827,8.2565,5.1076

4042.8900,4.1190,3.4402,5.4165,5.7874,5.6636,8.2565,4.3043,4.7885,8.2565,5.2839

4043.8900,3.5634,3.1933,6.0339,5.9726,5.7871,8.5035,4.1808,4.7885,8.5035,5.3192

4044.8900,3.2548,3.2550,5.3548,5.6022,5.4784,8.6270,4.1191,4.5107,8.6270,5.0987

4045.8900,3.2548,3.1315,5.7252,5.7874,5.2932,8.4418,4.8600,4.6754,8.4418,5.2134

4046.8910,3.0696,3.1933,5.4782,5.9109,4.9227,8.8739,4.4278,4.5004,8.8739,5.1252

4047.8910,3.3783,3.1315,5.7869,5.5405,5.1079,8.5035,4.5513,4.5827,8.5035,5.1428

4048.8900,3.6869,2.5142,5.7252,5.7257,5.9106,8.2565,4.3661,4.6548,8.2565,5.1693

4049.8900,3.2548,3.0698,5.6017,5.7874,5.9106,8.6887,5.0452,4.7783,8.6887,5.3369

4050.8900,3.1931,3.0698,5.9104,5.7257,5.4784,9.0591,4.5513,4.6548,9.0591,5.2840

4051.8910,3.2548,3.3785,5.5400,5.9109,5.8488,9.6765,4.6748,4.7680,9.6765,5.4692

4052.8910,3.1931,3.7489,5.6635,6.3430,5.5401,8.8739,4.3043,4.7988,8.8739,5.3810

4053.8900,3.5017,3.0698,5.4782,5.8492,5.4166,8.9974,4.4895,4.6342,8.9974,5.2575

4054.8900,3.3783,3.4402,5.1695,5.9726,5.6636,9.7999,4.3043,4.6548,9.7999,5.3898

4055.8900,3.5017,3.1315,5.3548,6.1578,5.2314,9.3061,4.4278,4.6342,9.3061,5.3016

4056.8900,3.4400,3.1933,5.7869,5.8492,5.7254,8.6887,4.6130,4.7680,8.6887,5.3281

4057.8900,3.8721,3.2550,5.4165,5.7874,5.5401,8.6270,3.9956,4.6445,8.6270,5.2134

4058.8900,3.0079,3.6254,5.7869,5.6640,5.1697,8.4418,4.6748,4.6548,8.4418,5.1958

4059.8900,3.1314,3.0698,5.5400,5.6022,5.7871,8.3800,4.8600,4.6651,8.3800,5.1958

4060.8900,2.7610,3.3167,5.6635,6.2196,5.6019,8.5035,4.5513,4.6857,8.5035,5.2311

4061.8900,3.1931,3.1933,5.4165,5.8492,5.6019,8.1331,4.6748,4.6548,8.1331,5.1517

4062.8900,3.6252,3.3785,5.5400,5.8492,5.8488,8.7504,4.3043,4.7577,8.7504,5.3281

4063.8900,3.0696,3.7489,5.3548,5.9109,5.6636,8.5652,4.4895,4.7062,8.5652,5.2575

4064.8900,3.0079,3.6254,5.6017,5.7874,5.3549,8.6887,4.4895,4.6445,8.6887,5.2222

4065.8910,3.5017,3.5637,6.0339,5.7257,5.4166,8.5652,4.5513,4.7988,8.5652,5.3369

4066.8900,3.5017,3.0081,5.9722,5.8492,5.1697,8.3183,4.3661,4.6445,8.3183,5.1693

4067.8900,4.1190,3.1933,5.6635,5.4788,5.6636,8.5652,4.0574,4.6959,8.5652,5.2487

4068.8900,2.8844,3.3785,5.3548,5.7257,5.4784,8.7504,4.2426,4.5107,8.7504,5.1164

4069.8900,3.5634,3.3785,5.6017,5.4788,5.5401,8.8739,4.3661,4.6548,8.8739,5.2575

4070.8900,3.2548,2.6994,5.5400,5.9726,5.3549,8.8122,5.7244,4.7577,8.8122,5.3369

4071.8900,3.6252,3.4402,5.4165,5.8492,5.6019,8.6270,3.9956,4.6548,8.6270,5.2222

4072.8900,3.7486,3.6872,5.4782,5.6640,5.4166,8.9974,4.4278,4.7371,8.9974,5.3457

4073.8900,3.4400,4.5515,6.5896,5.5405,5.6636,8.6270,4.4895,5.0458,8.6270,5.5574

4074.8900,3.1314,3.0698,5.6017,5.8492,5.3549,8.6887,5.6009,4.7680,8.6887,5.3281

4075.8900,3.3165,3.0081,5.6635,5.7874,5.7871,8.1331,4.6130,4.6959,8.1331,5.1870

4076.8900,3.5017,3.1933,5.4782,6.1578,4.1200,7.8244,4.7365,4.5313,7.8244,5.0017

4077.8900,3.3165,3.2550,5.2930,5.9726,5.2314,8.6887,4.5513,4.6033,8.6887,5.1869

4078.8900,3.8104,2.8846,5.4165,6.0344,5.4166,8.7504,4.3661,4.6548,8.7504,5.2398

4079.8900,3.3165,3.3785,5.6017,5.7257,6.1576,8.6887,4.2426,4.7371,8.6887,5.3016

4080.8900,3.2548,3.3785,5.4782,6.5283,5.6636,8.3183,4.8600,4.8606,8.3183,5.3545

4081.8900,3.7486,3.0698,5.4782,5.6022,5.6636,8.3800,4.3661,4.6548,8.3800,5.1869

4082.8900,2.5758,3.3167,5.8487,5.6022,5.8488,8.8739,4.7365,4.6548,8.8739,5.2575

4083.8900,3.7486,3.1933,5.5400,5.7874,5.6019,8.6887,4.1808,4.6753,8.6887,5.2487

4084.8900,3.7486,3.3167,5.5400,5.7257,5.5401,8.2565,4.5513,4.7371,8.2565,5.2399

4085.8900,3.5017,3.3785,5.7252,5.9109,6.0341,8.5652,4.3661,4.8194,8.5652,5.3545

4086.8900,3.4400,3.5019,5.5400,6.0961,5.7871,8.4418,4.4278,4.7988,8.4418,5.3192

4087.8900,3.3783,3.1315,5.4782,5.7874,5.7254,8.5652,4.5513,4.6754,8.5652,5.2310

4088.8900,3.2548,3.5637,5.2313,5.7874,5.7871,8.9356,4.3661,4.6651,8.9356,5.2751

4089.8910,3.5634,3.1315,5.6635,5.8492,5.6019,8.1948,4.4895,4.7165,8.1948,5.2134

4090.8900,3.5017,3.0081,5.7869,5.7257,5.4784,8.0096,4.4895,4.6651,8.0096,5.1428

4091.8900,3.3783,3.4402,5.7869,5.8492,5.4784,8.8739,3.5017,4.5724,8.8739,5.1869

4092.8900,3.1314,3.3167,5.4782,5.6022,5.6019,8.5652,4.3661,4.5827,8.5652,5.1517

4093.8900,3.4400,3.3167,5.2313,5.7257,5.4784,8.8122,4.0574,4.5416,8.8122,5.1517

4094.8900,2.8844,3.5019,5.4165,5.9726,5.5401,8.3800,4.3661,4.6136,8.3800,5.1517

4095.8900,3.3165,3.1933,5.5400,5.4170,5.6636,8.9356,4.4278,4.5930,8.9356,5.2134

4096.8900,3.3165,3.1315,5.7252,5.8492,5.2314,8.6887,4.6748,4.6548,8.6887,5.2310

4097.8900,3.1931,3.1933,6.0956,5.7257,5.4784,8.5652,4.3661,4.6754,8.5652,5.2311

4098.8900,3.0079,3.5637,5.6017,6.2813,5.8488,8.6270,4.1191,4.7371,8.6270,5.2928

4099.8900,3.3165,2.6994,5.7252,6.0344,5.2932,8.8739,4.3661,4.5724,8.8739,5.1869

4100.8900,3.3783,2.5142,5.9722,6.0961,5.4166,8.8739,4.3661,4.6239,8.8739,5.2310

4101.8900,3.3165,3.0698,6.0339,5.9726,5.4784,8.7504,4.5513,4.7371,8.7504,5.3104

4102.8900,3.2548,3.5637,5.6017,5.7257,5.6636,8.3183,4.4895,4.7165,8.3183,5.2310

4103.8900,3.5017,3.1315,5.8487,5.8492,5.8488,9.9851,4.5513,4.7885,9.9851,5.5309

4104.8900,3.5017,3.3167,5.5400,5.9109,5.3549,9.5530,4.4278,4.6753,9.5530,5.3721

4105.8900,3.3783,3.1933,5.6635,6.1578,5.1079,8.5652,4.5513,4.6753,8.5652,5.2310

4106.8900,3.2548,3.7489,5.6017,5.7257,5.5401,8.1948,4.6130,4.7474,8.1948,5.2399

4107.8900,3.1314,3.2550,5.1695,6.0344,5.4166,8.3800,4.4895,4.5827,8.3800,5.1252

4108.8900,3.4400,3.5019,5.2930,5.9726,5.8488,8.6270,4.3661,4.7371,8.6270,5.2928

4109.8900,3.3165,2.8228,5.9722,6.0344,5.4166,8.7504,4.4895,4.6754,8.7504,5.2575

4110.8900,3.2548,3.1315,5.7869,5.7874,5.9723,8.9356,4.4895,4.7371,8.9356,5.3369

4111.8900,3.3165,3.2550,5.6017,5.8492,5.2314,8.3183,4.6748,4.6548,8.3183,5.1781

4112.8900,3.5017,3.4402,6.0339,5.7874,5.4166,8.5652,4.4278,4.7680,8.5652,5.3104

4113.8900,2.9462,3.4402,6.4043,6.0344,5.3549,8.6887,4.1191,4.7165,8.6887,5.2840

4114.8900,3.1314,3.2550,5.6017,5.9109,5.4784,8.8122,4.4895,4.6445,8.8122,5.2399

4115.8900,3.1931,3.0081,5.5400,6.0961,5.4784,8.5652,4.5513,4.6445,8.5652,5.2046

4116.8900,3.1931,3.1933,5.4782,6.2196,5.8488,8.9974,4.7983,4.7885,8.9974,5.3898

4117.8900,3.1931,3.1933,5.4165,5.7874,5.9723,8.6270,5.1070,4.7783,8.6270,5.3281

4118.8910,3.2548,3.5637,5.4782,6.3430,5.5401,8.8122,4.5513,4.7885,8.8122,5.3633

4119.8900,3.4400,3.4402,5.8487,6.3430,5.6019,8.2565,4.4278,4.8503,8.2565,5.3369

4120.8910,3.2548,3.3785,5.1078,5.7874,5.8488,8.3800,4.4895,4.6445,8.3800,5.1781

4121.8900,3.3783,3.6872,5.6635,6.0961,5.6636,8.5035,4.1808,4.7782,8.5035,5.3104

4122.8900,3.3165,3.2550,5.9722,6.0961,5.4166,8.3800,4.3043,4.7268,8.3800,5.2487

4123.8900,3.7486,2.8846,6.4661,5.6640,5.2314,8.3800,4.4895,4.7474,8.3800,5.2663

4124.8900,2.6993,3.0698,5.7869,5.5405,5.8488,8.6887,4.4895,4.5725,8.6887,5.1605

4125.8900,3.3783,2.8228,5.4165,5.7874,5.7871,8.0713,4.5513,4.6239,8.0713,5.1164

4126.8900,2.9462,3.4402,5.2930,5.8492,5.4166,9.1208,4.4278,4.5622,9.1208,5.2134

4127.8900,3.3783,2.5142,5.6635,5.9726,5.3549,8.8739,4.6130,4.5827,8.8739,5.1958

4128.8900,3.8104,3.1315,5.4782,5.7257,5.6019,8.4418,4.1191,4.6445,8.4418,5.1869

4129.8910,3.1314,3.0698,5.8487,5.9109,5.2314,8.8122,5.6626,4.8091,8.8122,5.3810

4130.8900,3.0696,3.3785,5.6635,6.2196,5.3549,8.4418,4.7365,4.7371,8.4418,5.2663

4131.8900,4.3042,2.9463,5.6635,5.7874,5.5401,8.2565,4.4278,4.7782,8.2565,5.2751

4132.8900,3.5017,3.3785,5.1695,5.9726,5.1697,8.6270,4.2426,4.5724,8.6270,5.1517

4133.8900,3.4400,3.0698,5.6635,5.4170,6.0958,8.2565,4.5513,4.7062,8.2565,5.2134

4134.8900,2.6993,3.3785,5.7869,5.7874,5.7871,8.5652,4.1191,4.5931,8.5652,5.1605

4135.8910,2.0203,3.8106,5.4782,5.7257,5.4784,8.5652,4.6130,4.5210,8.5652,5.0988

4136.8900,3.4400,3.1315,5.7252,5.7257,5.8488,8.3800,4.4278,4.7165,8.3800,5.2399

4137.8900,3.1931,3.9341,5.7252,5.7257,5.6019,8.6270,4.3661,4.7577,8.6270,5.3104

4138.8900,3.1931,3.3785,5.4782,5.8492,5.2932,8.7504,4.3043,4.5827,8.7504,5.1781

4139.8900,3.3165,3.3167,5.6017,5.9726,5.6636,8.8122,4.8600,4.7885,8.8122,5.3633

4140.8900,3.6252,3.0698,5.9104,5.7874,5.5401,8.1948,4.2426,4.6959,8.1948,5.1958

4141.8900,3.0696,3.1933,5.5400,5.7257,5.6636,8.2565,4.7365,4.6548,8.2565,5.1693

4142.8900,3.6869,3.1933,5.6017,6.0344,6.2810,8.6887,4.4278,4.8709,8.6887,5.4163

4143.8900,3.1314,3.4402,5.9104,5.9109,4.7375,8.9974,4.1808,4.5519,8.9974,5.1869

4144.8900,3.3783,3.0698,5.8487,5.6640,5.8488,8.7504,4.4278,4.7062,8.7504,5.2840

4145.8900,3.1314,3.5637,5.5400,6.2813,6.0341,8.3183,4.3043,4.8091,8.3183,5.3104

4146.8900,2.8844,3.3167,5.6635,6.2196,5.3549,8.4418,4.4278,4.6445,8.4418,5.1870

4147.8900,3.2548,3.1933,5.6635,5.9109,5.6636,8.0096,4.8600,4.7577,8.0096,5.2222

4148.8900,3.4400,3.3167,5.4165,6.1578,5.3549,8.3800,4.4278,4.6856,8.3800,5.2134

4149.8900,3.1931,3.3167,5.5400,5.9109,5.3549,8.8739,3.9339,4.5416,8.8739,5.1605

4150.8900,3.0696,3.1315,5.6635,5.8492,5.2932,8.7504,5.4774,4.7474,8.7504,5.3193

4151.8900,3.4400,2.9463,5.7869,6.0344,6.8367,8.5652,4.4895,4.9223,8.5652,5.4427

4152.8900,3.5017,3.0698,5.5400,5.8492,5.3549,8.6270,4.1808,4.5827,8.6270,5.1605

4153.8900,2.9462,3.3785,6.1574,5.7874,5.4784,8.5035,4.3661,4.6857,8.5035,5.2311

4154.8900,3.3165,3.3167,5.1078,6.0344,5.8488,8.2565,4.6748,4.7165,8.2565,5.2222

4155.8900,3.2548,3.2550,5.5400,5.5405,5.8488,9.6765,4.6748,4.6856,9.6765,5.3986

4156.8900,3.5634,3.1315,6.2809,6.0344,5.6636,8.1948,3.4400,4.6856,8.1948,5.1869

4157.8900,3.3165,3.4402,5.0460,6.0961,5.7871,8.3800,4.5513,4.7062,8.3800,5.2310

4158.8900,3.1931,3.3167,5.4782,4.9849,6.0341,8.8739,4.9217,4.6548,8.8739,5.2575

4159.8900,3.2548,3.4402,5.6635,5.8492,5.4784,9.1208,4.3043,4.6651,9.1208,5.3016

4160.8900,3.4400,3.1315,5.5400,5.7874,5.5401,7.7627,4.5513,4.6651,7.7627,5.1076

4161.8900,3.3165,3.1315,5.4782,5.8492,5.7871,8.8739,4.4895,4.6754,8.8739,5.2751

4162.8900,3.5634,2.6376,6.0339,5.7257,5.9723,8.9974,4.3043,4.7062,8.9974,5.3192

4163.8900,3.5634,3.0081,5.9104,5.7874,6.4045,8.4418,4.3661,4.8400,8.4418,5.3545

4164.8900,3.3783,2.8846,5.5400,5.8492,5.9106,8.1331,4.4278,4.6651,8.1331,5.1605

4165.8900,3.2548,3.6872,5.7252,5.6640,5.7871,8.5035,4.5513,4.7783,8.5035,5.3104

4166.8900,2.9462,3.2550,5.5400,6.0344,5.0462,8.6887,4.4278,4.5416,8.6887,5.1340

4167.8900,3.6252,3.3167,5.3548,5.5405,5.5401,8.6887,4.2426,4.6033,8.6887,5.1869

4168.8900,3.3165,3.0081,5.6017,5.1701,5.9723,8.1948,4.7365,4.6342,8.1948,5.1429

4169.8910,2.6375,3.3785,5.7252,5.8492,5.6019,8.5652,4.5513,4.6239,8.5652,5.1870

4170.8900,3.2548,3.4402,5.4782,5.9726,5.5401,9.0591,4.3043,4.6651,9.0591,5.2928

4171.8900,3.8104,3.5019,5.7252,5.4788,5.4784,8.6887,4.3661,4.7268,8.6887,5.2928

4172.8900,3.3783,3.1933,5.9104,5.7874,5.3549,8.1948,4.6130,4.7062,8.1948,5.2046

4173.8900,1.5264,2.8228,5.9104,5.7257,5.6636,8.5035,5.0452,4.4490,8.5035,5.0282

4174.8900,2.8844,2.8846,5.7252,5.9109,5.2932,10.2321,4.6130,4.5519,10.2321,5.3633

4175.8900,3.3783,3.5637,3.8730,6.4048,5.4784,8.6270,4.4895,4.5313,8.6270,5.1164

4176.8900,3.6869,3.1933,5.4165,5.9109,5.2932,9.0591,4.2426,4.6239,9.0591,5.2575

4177.8900,3.1931,3.5637,5.6017,6.2196,5.7254,8.8122,3.9956,4.7165,8.8122,5.3016

4178.8900,3.3165,3.5019,5.6017,5.6022,5.8488,9.6147,4.6130,4.7474,9.6147,5.4427

4179.8900,2.6993,4.1810,5.2313,5.7257,5.7871,8.4418,4.7365,4.7268,8.4418,5.2575

4180.8900,3.3165,3.0698,5.6017,5.6022,5.9723,8.5035,5.0452,4.7680,8.5035,5.3016

4181.8910,3.3783,3.1315,5.3548,5.7257,5.7254,8.3183,4.6130,4.6548,8.3183,5.1781

4182.8900,3.1314,3.0081,5.7252,5.9109,5.3549,8.6270,4.7983,4.6548,8.6270,5.2222

4183.8910,3.1314,3.5019,5.6635,5.8492,5.6636,9.1208,4.5513,4.7268,9.1208,5.3545

4184.8900,3.1314,3.0698,5.2313,5.7874,5.4784,8.1331,4.4278,4.5210,8.1331,5.0370

4185.8900,3.6869,3.4402,5.5400,5.9109,5.7254,8.3800,4.3043,4.7679,8.3800,5.2840

4186.8900,3.0696,3.1315,5.6017,5.7874,5.6019,8.0713,4.6130,4.6342,8.0713,5.1252

4187.8900,3.4400,3.0698,5.6635,5.4170,5.7254,8.5035,4.2426,4.5930,8.5035,5.1517

4188.8900,3.2548,3.1933,5.6017,5.7874,5.7871,8.1948,4.8600,4.7474,8.1948,5.2399

4189.8900,3.2548,3.2550,5.5400,5.7874,5.6019,8.6887,4.4278,4.6445,8.6887,5.2222

4190.8900,3.4400,3.0081,5.7869,5.8492,5.6019,8.5652,4.1808,4.6445,8.5652,5.2046

4191.8910,3.3783,3.3785,5.8487,5.7257,6.0958,8.5652,4.3661,4.7988,8.5652,5.3369

4192.8900,3.3783,3.2550,5.4165,5.7257,5.7871,8.0096,4.7983,4.7268,8.0096,5.1958

4193.8900,3.1931,3.1315,5.4782,5.7874,5.6636,8.3800,4.7983,4.6754,8.3800,5.2046

4194.8900,3.3165,2.8846,5.4782,5.9109,5.4784,8.5035,4.6130,4.6136,8.5035,5.1693

4195.8900,3.2548,3.2550,5.1078,5.7257,5.7254,8.3183,4.4895,4.5930,8.3183,5.1252

4196.8900,3.5017,3.2550,5.6017,5.8492,5.9723,8.6270,4.4895,4.7782,8.6270,5.3281

4197.8900,3.1931,3.5019,5.9722,5.7874,5.6019,8.3800,4.7983,4.8091,8.3800,5.3193

4198.8900,3.0696,3.5019,6.4661,5.9109,5.4784,8.6887,4.3043,4.7885,8.6887,5.3457

4199.8900,3.4400,3.0081,5.9104,5.7257,6.1576,8.8739,4.2426,4.7474,8.8739,5.3369

4200.8900,3.3165,3.0698,5.6635,5.7257,5.6019,8.4418,4.2426,4.6033,8.4418,5.1517

4201.8900,3.3165,2.9463,5.7252,5.9726,5.5401,8.8122,4.4895,4.6651,8.8122,5.2575

4202.8910,3.6252,3.1933,6.0956,5.9726,5.5401,8.1948,4.4895,4.8194,8.1948,5.3016

4203.8900,3.6252,3.0698,5.8487,5.7257,5.7871,8.6887,4.4278,4.7474,8.6887,5.3104

4204.8900,3.1931,3.4402,5.5400,5.9109,5.7254,9.2443,4.6130,4.7371,9.2443,5.3810

4205.8910,3.2548,3.5637,4.7991,5.9726,5.7254,9.3061,4.4895,4.6342,9.3061,5.3016

4206.8900,3.3783,3.3167,5.9104,5.4788,5.8488,8.7504,4.3661,4.7165,8.7504,5.2928

4207.8900,3.3165,3.4402,5.7869,5.9726,5.5401,8.9974,4.4278,4.7474,8.9974,5.3545

4208.8900,3.3165,3.3785,5.7252,5.9726,5.4784,8.5652,4.3661,4.7062,8.5652,5.2575

4209.8900,3.5017,3.5637,5.7252,5.7257,5.9106,8.3800,4.4895,4.8194,8.3800,5.3281

4210.8900,3.1314,3.5019,5.7869,5.7874,5.7254,8.5652,4.6748,4.7680,8.5652,5.3104

4211.8900,3.9338,3.2550,5.7252,5.9726,5.4166,8.3183,4.6130,4.8194,8.3183,5.3192

4212.8900,3.3165,3.0081,4.7991,6.2813,5.7254,8.5652,4.6130,4.6239,8.5652,5.1869

4213.8900,3.0696,3.4402,5.5400,5.8492,5.7254,8.0096,4.5513,4.6959,8.0096,5.1693

4214.8900,3.1314,3.2550,5.5400,5.7874,5.5401,8.2565,4.6748,4.6548,8.2565,5.1693

4215.8910,3.4400,3.1933,5.7869,5.7257,5.9723,8.5035,4.9217,4.8400,8.5035,5.3633

4216.8900,3.5017,2.8228,6.0339,5.7874,5.9723,8.8739,4.5513,4.7783,8.8739,5.3633

4217.8900,3.3783,3.2550,5.8487,5.7257,5.6636,8.7504,4.3661,4.7062,8.7504,5.2840

4218.8900,3.5634,3.1933,5.9104,5.0466,5.7254,8.8122,4.4278,4.6445,8.8122,5.2399

4219.8900,3.3165,3.1933,5.6017,5.5405,5.7254,8.6887,4.3661,4.6239,8.6887,5.2046

4220.8900,3.3165,3.3785,5.6635,6.0961,5.9723,8.5035,4.3661,4.7988,8.5035,5.3281

4221.8900,3.2548,3.1933,5.6017,5.3553,5.7254,8.9974,4.3043,4.5725,8.9974,5.2046

4222.8900,3.5017,3.1315,5.2930,5.6022,5.7254,8.6887,4.2426,4.5827,8.6887,5.1693

4223.8900,3.0696,3.5637,5.7869,5.8492,5.6636,8.1331,4.6748,4.7680,8.1331,5.2487

4224.8900,2.2054,3.6872,5.5400,6.0344,5.4166,8.5035,5.1687,4.6754,8.5035,5.2223

4225.8900,3.4400,3.3785,5.8487,6.0961,5.6019,8.8739,4.7365,4.8503,8.8739,5.4251

4226.8900,4.4276,2.3907,5.8487,6.0961,5.6019,8.3183,4.3661,4.7885,8.3183,5.2928

4227.8900,3.5634,2.7611,5.8487,5.8492,5.2932,8.7504,5.1687,4.7474,8.7504,5.3192

4228.8900,3.8721,3.1933,5.5400,6.0344,5.4166,8.5035,4.4278,4.7474,8.5035,5.2839

4229.8900,3.3165,3.2550,5.5400,5.9109,5.7254,8.5035,4.7983,4.7577,8.5035,5.2928

4230.8900,3.1314,3.5019,5.8487,5.5405,5.9106,8.6887,4.3661,4.7165,8.6887,5.2840

4231.8910,3.2548,3.4402,5.5400,6.5283,5.9106,8.6887,4.8600,4.9223,8.6887,5.4604

4232.8900,3.6869,3.3785,5.3548,5.7874,5.5401,8.5652,4.1191,4.6445,8.5652,5.2046

4233.8900,3.4400,3.6254,5.2313,5.9109,5.6019,8.3800,4.9835,4.7988,8.3800,5.3104

4234.8910,3.9338,3.1933,5.6017,5.9109,5.4784,10.2321,4.6130,4.7885,10.2321,5.5662

4235.8900,3.1314,3.3167,5.8487,5.6022,5.7254,9.1208,4.3043,4.6548,9.1208,5.2928

4236.8910,3.2548,3.6872,5.4782,6.0961,5.7254,8.8122,4.5513,4.7988,8.8122,5.3722

4237.8900,3.1931,3.3167,5.4782,5.9109,5.6019,8.7504,4.8600,4.7268,8.7504,5.3016

4238.8900,3.2548,1.5881,6.4043,5.3553,5.7254,8.5035,4.7365,4.5107,8.5035,5.0811

4239.8900,3.3165,3.3785,5.5400,5.9109,5.5401,8.7504,4.4278,4.6856,8.7504,5.2663

4240.8900,3.6252,3.1315,5.6017,5.7874,5.6636,8.4418,4.4895,4.7165,8.4418,5.2487

4241.8900,3.4400,3.5637,5.4782,6.0344,5.7254,8.6270,4.4278,4.7782,8.6270,5.3281

4242.8900,3.7486,2.5759,5.0460,6.1578,5.5401,8.5652,4.3661,4.5724,8.5652,5.1428

4243.8910,3.5017,3.0081,5.6635,5.8492,5.6636,8.5652,4.1191,4.6342,8.5652,5.1958

4244.8900,3.1314,2.3290,5.6635,5.7874,5.8488,8.7504,4.4895,4.5416,8.7504,5.1429

4245.8900,3.5017,3.3167,6.1574,5.7874,5.6019,8.5035,4.4278,4.7988,8.5035,5.3281

4246.8900,3.1931,3.5019,5.2930,5.8492,5.4784,8.4418,4.4895,4.6342,8.4418,5.1781

4247.8900,3.0696,3.3785,5.8487,5.8492,5.4784,8.4418,4.3661,4.6651,8.4418,5.2046

4248.8900,3.7486,3.5637,5.6017,6.0961,5.6636,8.4418,4.3661,4.8400,8.4418,5.3545

4249.8900,3.4400,2.2672,6.1574,5.9109,5.6019,8.6887,4.4278,4.6342,8.6887,5.2134

4250.8900,3.1931,3.0698,5.7252,5.9726,5.7871,8.8122,4.4895,4.7062,8.8122,5.2928

4251.8900,3.2548,3.5637,5.2313,6.0961,6.4045,8.6270,4.5513,4.8503,8.6270,5.3898

4252.8900,3.3165,3.3167,5.2313,5.7874,6.0341,8.2565,4.6130,4.7165,8.2565,5.2222

4253.8900,3.2548,3.1933,5.7869,5.4788,5.7254,8.6270,4.4278,4.6445,8.6270,5.2134

4254.8900,3.5634,3.3785,5.6635,6.3430,5.4166,8.3183,4.3661,4.7885,8.3183,5.2928

4255.8900,3.1314,3.1315,6.0339,5.4788,5.3549,8.5652,4.3661,4.5828,8.5652,5.1517

4256.8900,3.5017,2.9463,5.6635,5.9109,5.5401,8.5652,4.4895,4.6753,8.5652,5.2310

4257.8910,3.3783,3.2550,5.0460,6.2196,5.3549,8.4418,4.4895,4.6239,8.4418,5.1693

4258.8900,3.6252,3.1933,6.2191,5.8492,5.6636,8.6270,4.3661,4.8194,8.6270,5.3633

4259.8900,2.8844,3.0081,5.2313,5.7257,5.7254,8.8739,4.4278,4.5004,8.8739,5.1252

4260.8900,2.7610,3.4402,5.8487,5.7257,5.9723,8.4418,4.7365,4.7474,8.4418,5.2752

4261.8900,3.2548,3.1933,5.7869,5.4170,5.7871,8.4418,4.4278,4.6445,8.4418,5.1870

4262.8900,3.5634,3.0698,5.4165,6.0344,5.4784,8.6887,4.4895,4.6753,8.6887,5.2487

4263.8900,3.4400,2.6994,5.7252,5.0466,6.0341,8.6887,4.6130,4.5930,8.6887,5.1781

4264.8900,3.6252,3.6254,5.8487,5.9109,5.1079,8.7504,4.4895,4.7679,8.7504,5.3369

4265.8910,3.5634,4.0576,5.9722,5.7257,5.1079,9.9234,4.5513,4.8297,9.9234,5.5574

4266.8900,3.4400,3.3785,5.4165,6.0344,5.4166,8.2565,4.5513,4.7062,8.2565,5.2134

4267.8900,3.9338,3.2550,5.5400,5.8492,5.6636,8.4418,4.1191,4.7268,8.4418,5.2575

4268.8900,3.1931,3.6254,5.9722,5.6640,5.4784,8.5035,5.1687,4.8503,8.5035,5.3722

4269.8900,3.1931,3.2550,5.4782,5.7874,5.6019,8.7504,4.3043,4.6033,8.7504,5.1958

4270.8900,3.4400,3.4402,5.2313,5.7257,5.6019,8.6887,4.0574,4.5827,8.6887,5.1693

4271.8910,3.5017,3.3785,5.5400,5.7257,5.7871,8.4418,4.4895,4.7371,8.4418,5.2663

4272.8910,3.3783,3.0081,5.8487,5.7257,5.6019,8.6887,4.2426,4.6342,8.6887,5.2134

4273.8900,3.4400,3.5019,5.6635,5.8492,5.8488,8.2565,4.4895,4.7988,8.2565,5.2928

4274.8900,3.3783,3.3785,6.0956,5.8492,5.7871,8.8739,4.5513,4.8400,8.8739,5.4163

4275.8910,3.1931,3.5019,5.3548,5.8492,5.6019,8.8739,4.4278,4.6548,8.8739,5.2575

4276.8900,3.4400,3.1933,5.7869,5.8492,6.2193,8.6887,4.3043,4.7988,8.6887,5.3545

4277.8900,3.6252,3.6254,5.6635,5.7874,5.5401,8.6887,4.3661,4.7679,8.6887,5.3281

4278.8900,2.9462,3.2550,5.7252,5.8492,5.2314,8.6270,4.5513,4.5930,8.6270,5.1693

4279.8900,3.2548,3.0698,5.4165,6.0344,5.7254,8.3800,4.5513,4.6754,8.3800,5.2046

4280.8900,3.4400,3.4402,5.3548,6.0961,5.9723,8.6270,4.6130,4.8194,8.6270,5.3633

4281.8900,3.1314,3.2550,6.2191,5.5405,5.8488,8.4418,5.1687,4.8606,8.4418,5.3722

4282.8900,3.5634,3.3167,5.7252,5.4788,5.7871,8.7504,4.4895,4.7268,8.7504,5.3016

4283.8900,3.3783,2.8846,5.6635,6.0344,5.4166,8.8122,4.4278,4.6342,8.8122,5.2310

4284.8900,3.1314,3.3785,5.2930,6.1578,5.7254,8.9974,4.7365,4.7371,8.9974,5.3457

4285.8900,3.3165,3.8106,5.6017,5.8492,5.2314,8.8122,4.4895,4.7165,8.8122,5.3016

4286.8910,3.0696,3.5637,6.8983,6.0961,5.6019,8.7504,4.4278,4.9429,8.7504,5.4868

4287.8900,3.5017,2.9463,6.0956,5.8492,6.0341,9.0591,4.6748,4.8503,9.0591,5.4515

4288.8910,3.4400,3.0081,6.0339,5.8492,6.1576,8.8739,4.4895,4.8297,8.8739,5.4074

4289.8900,3.5634,2.6376,6.0956,5.8492,5.8488,8.5035,4.4895,4.7474,8.5035,5.2840

4290.8900,3.1931,3.3167,5.8487,5.9726,5.6019,8.7504,4.6748,4.7680,8.7504,5.3369

4291.8900,3.3165,3.3785,5.7252,5.9726,5.9106,9.5530,4.1808,4.7474,9.5530,5.4339

4292.8900,3.1314,3.3785,5.5400,5.9109,5.6019,8.6270,4.7983,4.7268,8.6270,5.2840

4293.8900,3.3165,3.3785,5.7869,5.7257,5.7871,8.5035,4.6130,4.7680,8.5035,5.3016

4294.8900,3.1931,3.3785,5.8487,6.2196,5.7871,8.5652,4.7983,4.8709,8.5652,5.3986

4295.8900,3.5634,2.9463,5.9104,5.7257,5.7871,8.6270,4.6748,4.7680,8.6270,5.3192

4296.8900,3.6869,3.2550,5.7869,5.8492,5.7254,8.5652,5.0452,4.8914,8.5652,5.4163

4297.8900,3.3165,3.5019,5.7869,5.9726,5.4166,8.7504,4.7983,4.7988,8.7504,5.3633

4298.8900,3.4400,3.8724,5.4782,6.2813,6.8367,8.8739,4.4895,5.0664,8.8739,5.6103

4299.8900,3.4400,3.9341,6.0339,5.5405,5.9106,8.5652,4.4278,4.8811,8.5652,5.4074

4300.8900,3.5017,3.0698,5.7252,5.9726,5.4784,8.8739,4.0574,4.6342,8.8739,5.2399

4301.8900,3.0079,3.8106,5.8487,5.7257,5.6636,8.5652,4.7365,4.7988,8.5652,5.3369

4302.8900,2.9462,3.1933,5.7252,5.8492,5.6636,8.9974,4.6748,4.6754,8.9974,5.2928

4303.8900,3.2548,3.5637,5.9104,5.8492,5.6019,8.3800,4.7365,4.8194,8.3800,5.3281

4304.8900,3.0696,3.5019,5.7869,5.8492,5.9106,8.1948,4.9835,4.8503,8.1948,5.3281

4305.8900,3.5017,3.0698,5.6017,5.7874,5.6636,8.0096,4.6748,4.7165,8.0096,5.1869

4306.8900,3.4400,3.1315,5.3548,5.7874,5.6636,8.3183,4.9217,4.7165,8.3183,5.2310

4307.8900,3.2548,3.3785,5.6017,5.9726,5.1697,8.4418,4.5513,4.6548,8.4418,5.1958

4308.8900,3.5634,3.1315,6.2809,5.5405,5.5401,8.8122,4.2426,4.7165,8.8122,5.3016

4309.8900,3.5634,3.0698,6.0339,5.8492,5.4166,8.1948,4.5513,4.7474,8.1948,5.2399

4310.8910,3.4400,3.1315,6.2191,5.4788,5.6019,8.7504,4.4278,4.7165,8.7504,5.2928

4311.8900,2.2672,2.9463,5.9722,5.6022,5.7871,8.2565,5.0452,4.6034,8.2565,5.1252

4312.8900,3.3783,3.1933,6.3426,5.8492,5.3549,8.6270,4.4278,4.7577,8.6270,5.3104

4313.8900,3.8104,3.3785,5.4782,6.0961,5.5401,8.6270,4.3661,4.7782,8.6270,5.3280

4314.8900,3.5634,3.3167,5.8487,5.6022,5.2932,8.8739,4.3661,4.6651,8.8739,5.2663

4315.8900,2.8227,3.4402,5.9104,5.7257,4.2435,8.1331,5.1070,4.5416,8.1331,5.0547

4316.8900,3.6252,3.3785,5.2930,5.1701,5.7871,8.7504,4.1808,4.5724,8.7504,5.1693

4317.8900,3.1931,3.3167,5.4782,6.2196,5.6019,8.8739,4.6130,4.7371,8.8739,5.3281

4318.8900,3.5017,2.8228,6.0339,5.7257,5.7871,8.7504,4.3661,4.7062,8.7504,5.2840

4319.8910,1.3412,4.1810,5.2313,6.0344,5.2314,8.5035,4.6130,4.4387,8.5035,5.0194

4320.8910,3.7486,4.3045,5.8487,5.9726,5.6636,8.7504,4.2426,4.9634,8.7504,5.5044

4321.8900,3.4400,3.4402,5.6635,5.6022,5.8488,8.5652,4.6748,4.7782,8.5652,5.3192

4322.8900,3.5634,4.1193,5.1695,6.2813,5.6019,8.8739,4.3043,4.8400,8.8739,5.4162

4323.8900,3.8721,3.0081,6.1574,5.8492,5.6636,8.7504,4.3661,4.8194,8.7504,5.3810

4324.8900,3.2548,3.2550,5.5400,5.9726,5.6636,8.8739,4.7365,4.7371,8.8739,5.3281

4325.8900,3.3783,3.4402,6.1574,6.1578,5.6019,8.6270,4.5513,4.8811,8.6270,5.4163

4326.8900,3.3783,3.1315,5.8487,5.8492,6.2193,9.0591,4.4895,4.8194,9.0591,5.4251

4327.8900,3.8104,3.0698,5.7252,5.6022,5.6636,8.6887,4.4895,4.7268,8.6887,5.2928

4328.8900,3.6252,3.3167,5.7252,5.6640,5.6019,8.5652,4.6130,4.7577,8.5652,5.3016

4329.8900,3.3783,3.2550,5.6017,5.8492,5.6636,8.6887,4.3661,4.6856,8.6887,5.2575

4330.8900,3.5634,3.2550,5.4782,5.9109,5.5401,8.9356,4.3661,4.6856,8.9356,5.2928

4331.8900,3.1931,3.7489,5.2313,6.0344,5.5401,8.5035,4.6748,4.7371,8.5035,5.2751

4332.8900,3.3165,3.2550,5.7252,5.7874,5.7254,8.5035,4.7983,4.7680,8.5035,5.3016

4333.8900,3.0696,3.3167,5.6635,6.2196,5.4784,8.5652,4.4895,4.7062,8.5652,5.2575

4334.8900,3.5634,3.3167,5.6017,5.9109,6.4045,8.7504,4.4278,4.8709,8.7504,5.4251

4335.8910,3.3783,3.5019,5.7869,6.0344,6.0341,8.5652,4.4278,4.8606,8.5652,5.3898

4336.8900,3.3165,3.2550,5.9722,5.9109,6.0341,8.7504,4.5513,4.8400,8.7504,5.3986

4337.8900,3.1931,3.3167,5.4782,5.9109,5.3549,8.9356,4.5513,4.6342,8.9356,5.2487

4338.8900,3.5017,3.1933,5.9104,5.9726,5.3549,8.5035,4.5513,4.7474,8.5035,5.2840

4339.8900,2.8227,3.5019,5.6635,6.0344,5.2932,8.7504,4.4895,4.6342,8.7504,5.2222

4340.8900,3.5017,3.1933,5.7252,6.0961,5.5401,8.6887,4.4895,4.7577,8.6887,5.3192

4341.8910,3.3165,3.5019,5.7869,5.7257,5.2314,8.5652,4.7365,4.7165,8.5652,5.2663

4342.8910,3.3783,3.3785,5.6635,5.7874,5.7871,8.6270,4.1808,4.6959,8.6270,5.2575

4343.8900,3.1314,3.1933,5.7869,5.9726,5.8488,8.5035,4.8600,4.7988,8.5035,5.3281

4344.8900,3.5017,3.9341,5.4782,6.0961,5.6636,8.6887,4.5513,4.8708,8.6887,5.4163

4345.8900,3.9955,3.5637,5.7252,5.8492,5.6019,8.2565,4.6130,4.8914,8.2565,5.3721

4346.8900,3.7486,3.2550,5.4165,5.5405,5.7871,8.4418,4.4895,4.7062,8.4418,5.2399

4347.8900,3.1314,3.1315,5.7252,5.9726,5.2932,8.9356,5.0452,4.7165,8.9356,5.3192

4348.8900,3.1931,3.1933,5.6017,6.1578,5.2932,8.6270,4.7365,4.6959,8.6270,5.2575

4349.8900,3.2548,3.2550,5.9104,5.2936,5.5401,8.9974,4.8600,4.6857,8.9974,5.3016

4350.8900,3.0696,3.4402,5.9722,6.0961,5.7871,8.2565,5.0452,4.9017,8.2565,5.3810

4351.8900,3.3165,3.5019,5.3548,6.0961,5.8488,8.7504,4.6130,4.7885,8.7504,5.3545

4352.8900,3.6252,3.1315,5.9104,5.9726,6.1576,8.5035,4.4278,4.8709,8.5035,5.3898

4353.8900,3.4400,3.5019,5.7252,5.8492,5.9106,8.5035,4.4278,4.8091,8.5035,5.3369

4354.8900,3.4400,3.2550,5.7869,5.6022,5.7871,8.3183,5.2922,4.8606,8.3183,5.3545

4355.8900,3.8104,3.3167,5.6635,5.9109,5.7871,8.5652,4.5513,4.8400,8.5652,5.3722

4356.8900,3.1931,3.1933,5.9104,6.2196,5.7871,8.5035,4.5513,4.8091,8.5035,5.3369

4357.8900,3.9338,3.2550,5.5400,5.9726,5.6019,8.6887,4.3661,4.7782,8.6887,5.3369

4358.8900,3.3783,3.3167,5.7252,5.7257,5.9723,7.9479,4.4278,4.7577,7.9479,5.2134

4359.8900,3.3165,3.6254,5.7252,5.6022,5.4166,8.5652,4.6748,4.7268,8.5652,5.2751

4360.8900,3.3783,3.0698,4.1817,5.4170,5.6636,8.5035,4.3661,4.3461,8.5035,4.9400

4361.8900,3.0696,3.3167,5.7869,6.0344,5.7254,8.5035,5.0452,4.8297,8.5035,5.3545

4362.8900,3.1931,3.3785,5.2930,5.9109,5.7871,8.9974,3.6252,4.5313,8.9974,5.1693

4363.8900,3.0696,3.5019,5.8487,6.2196,5.4784,8.6270,4.9835,4.8503,8.6270,5.3898

4364.8900,3.4400,3.3785,5.6017,5.9726,5.9106,8.3800,4.5513,4.8091,8.3800,5.3192

4365.8900,4.2424,3.1933,5.7869,6.0344,5.7871,8.5652,4.1808,4.8708,8.5652,5.3986

4366.8900,3.6252,4.3663,6.0339,5.6640,5.4166,8.6270,4.3043,4.9017,8.6270,5.4339

4367.8900,4.3659,3.7489,5.8487,5.9109,5.7871,8.1948,4.6130,5.0458,8.1948,5.4956

4368.8900,3.0079,3.5019,5.4782,6.0961,5.6019,9.1208,4.6748,4.7268,9.1208,5.3545

4369.8900,3.6869,3.3785,5.4165,5.7874,5.7871,8.5652,4.2426,4.7165,8.5652,5.2663

4370.8900,4.2424,3.5019,5.7252,5.6022,5.9723,8.3183,4.5513,4.9326,8.3183,5.4162

4371.8900,3.5017,3.5019,5.7869,5.4170,5.4784,8.8122,4.1808,4.6445,8.8122,5.2399

4372.8900,3.4400,3.3167,5.4782,6.0344,5.6019,8.5652,4.4895,4.7268,8.5652,5.2751

4373.8900,3.3165,3.5019,5.6017,6.7135,5.9106,8.3800,4.4895,4.9223,8.3800,5.4163

4374.8900,3.5017,3.6872,6.0956,5.7257,5.7254,8.3800,4.5513,4.8811,8.3800,5.3810

4375.8900,3.5017,3.3785,5.6017,5.1084,5.9106,8.5035,4.3043,4.6342,8.5035,5.1870

4376.8900,3.1931,3.1315,5.9722,5.9109,5.6019,8.8122,5.7861,4.9326,8.8122,5.4868

4377.8900,3.3165,3.5637,5.4782,5.9726,5.7871,8.3800,4.2426,4.7268,8.3800,5.2487

4378.8900,3.6869,3.6254,5.6017,6.0961,5.8488,8.0713,4.7983,4.9429,8.0713,5.3898

4379.8900,3.3783,3.9341,6.0339,5.6640,5.7254,8.4418,4.5513,4.8811,8.4418,5.3898

4380.8910,3.5017,3.3785,6.0339,6.3430,5.6636,8.3183,4.4895,4.9017,8.3183,5.3898

4381.8900,3.6252,3.3167,6.2191,5.7257,5.4784,8.7504,4.4895,4.8091,8.7504,5.3722

4382.8900,3.3783,3.2550,5.2930,4.6145,5.9106,8.4418,4.5513,4.5004,8.4418,5.0635

4383.8900,2.7610,3.1933,5.9722,5.6022,5.9723,8.5652,4.3661,4.6445,8.5652,5.2046

4384.8900,4.0573,3.5019,5.4782,5.8492,5.7254,8.5035,3.8721,4.7474,8.5035,5.2839

4385.8900,3.5017,3.3167,5.3548,6.3430,5.5401,9.1208,4.3661,4.7371,9.1208,5.3633

4386.8900,3.2548,3.3785,5.8487,6.1578,5.4784,8.4418,4.4278,4.7577,8.4418,5.2840

4387.8900,3.1314,3.1933,5.7252,5.7874,5.5401,8.6270,5.4774,4.8091,8.6270,5.3545

4388.8900,3.5634,3.1933,5.7252,5.5405,5.8488,8.2565,4.4895,4.7268,8.2565,5.2310

4389.8910,3.3783,3.3785,6.0956,5.9726,5.4784,8.6270,4.5513,4.8091,8.6270,5.3545

4390.8900,3.6252,3.3785,5.7252,5.6640,6.2193,8.8122,4.2426,4.8091,8.8122,5.3810

4391.8900,4.0573,3.3167,5.5400,5.7874,5.7254,8.4418,4.1191,4.7576,8.4418,5.2839

4392.8900,3.3783,3.5019,5.8487,5.9726,5.7871,8.4418,4.3043,4.7988,8.4418,5.3192

4393.8900,3.0696,3.6254,5.6635,5.9109,5.7254,8.4418,4.5513,4.7577,8.4418,5.2840

4394.8900,3.5017,3.8106,5.9722,5.7257,5.9723,8.3183,4.6130,4.9326,8.3183,5.4163

4395.8910,3.4400,3.4402,5.9104,5.9726,5.6019,8.8122,4.4278,4.7988,8.8122,5.3722

4396.8900,3.4400,3.2550,5.6635,6.2813,5.2932,8.6270,4.6130,4.7577,8.6270,5.3104

4397.8900,3.5017,2.9463,5.9104,6.2196,5.9723,8.5652,4.4895,4.8400,8.5652,5.3722

4398.8900,3.1931,3.5637,6.0339,6.0344,5.9106,8.3800,4.9835,4.9532,8.3800,5.4427

4399.8900,3.3783,4.1193,5.8487,5.8492,5.5401,8.4418,4.4278,4.8606,8.4418,5.3722

4400.8900,3.2548,3.3785,5.4165,5.9726,5.8488,8.3183,4.3043,4.6959,8.3183,5.2134

4401.8900,3.3165,3.3167,5.6017,6.2196,5.6636,8.9356,4.6748,4.7988,8.9356,5.3898

4402.8900,3.3783,3.3785,6.0956,5.6022,5.6019,8.6887,4.5513,4.7680,8.6887,5.3281

4403.8900,3.4400,3.4402,5.7252,5.7257,5.7871,8.4418,4.6130,4.7885,8.4418,5.3104

4404.8900,3.8104,3.1933,5.7869,6.2813,5.5401,8.4418,4.6130,4.8708,8.4418,5.3810

4405.8900,3.1314,3.5637,5.6017,6.0961,5.5401,8.8739,4.3661,4.7165,8.8739,5.3104

4406.8900,3.5017,3.7489,5.7252,6.1578,5.6636,8.4418,4.2426,4.8400,8.4418,5.3545

4407.8900,3.1314,3.5019,5.8487,5.9726,5.7871,8.4418,4.7983,4.8400,8.4418,5.3545

4408.8900,3.3783,3.5637,5.6635,6.0961,5.7254,8.4418,4.3661,4.7988,8.4418,5.3192

4409.8900,3.3165,3.5637,6.5278,6.0961,5.5401,8.6270,4.2426,4.8811,8.6270,5.4163

4410.8900,3.1931,3.1933,5.7869,5.9726,5.7871,8.5035,4.9217,4.8091,8.5035,5.3369

4411.8900,3.4400,3.7489,5.6635,5.8492,5.9106,8.2565,4.6130,4.8709,8.2565,5.3545

4412.8900,3.2548,3.4402,5.6017,6.2196,5.9723,8.4418,4.6130,4.8503,8.4418,5.3633

4413.8900,3.2548,2.7611,5.4782,5.9726,5.4166,8.3800,4.6130,4.5827,8.3800,5.1252

4414.8900,4.0573,2.3907,6.2191,5.7874,5.6636,8.5035,4.3661,4.7474,8.5035,5.2840

4415.8910,3.3165,3.5019,6.2191,6.2196,5.6636,8.4418,4.4895,4.9017,8.4418,5.4074

4416.8900,3.5017,3.5019,5.8487,6.0344,5.6019,9.1826,4.5513,4.8400,9.1826,5.4604

4417.8900,3.5017,3.2550,5.5400,5.9109,5.9106,8.7504,4.3661,4.7474,8.7504,5.3192

4418.8900,3.2548,3.5637,7.2070,5.2936,6.0341,8.1948,4.6748,5.0046,8.1948,5.4604

4419.8910,3.5634,3.3785,5.3548,5.6640,5.5401,8.6270,4.1808,4.6136,8.6270,5.1869

4420.8900,3.2548,3.2550,5.9104,6.4665,5.7871,8.5652,3.9956,4.7782,8.5652,5.3192

4421.8900,2.9462,3.4402,5.7869,5.7874,5.6019,8.5035,4.9217,4.7474,8.5035,5.2840

4422.8900,3.3165,3.6254,5.8487,5.9726,5.5401,8.8122,4.2426,4.7577,8.8122,5.3369

4423.8900,3.2548,3.3167,5.9722,6.2196,5.8488,8.3800,5.1070,4.9532,8.3800,5.4427

4424.8900,4.6745,3.0698,5.7869,5.7874,5.6019,8.3800,4.4895,4.9017,8.3800,5.3986

4425.8900,3.3783,3.8724,5.9104,5.7874,5.4166,8.4418,4.6130,4.8297,8.4418,5.3457

4426.8900,4.0573,3.5637,5.6635,5.6022,5.7871,8.1948,4.5513,4.8708,8.1948,5.3457

4427.8900,3.1931,3.4402,5.7252,5.7257,5.7871,8.9356,4.6748,4.7577,8.9356,5.3545

4428.8900,3.4400,3.1933,5.2313,5.8492,5.9723,8.3183,4.0574,4.6239,8.3183,5.1517

4429.8900,2.7610,3.5637,5.3548,5.9109,5.6019,8.4418,4.2426,4.5725,8.4418,5.1252

4430.8900,3.4400,3.9958,5.7869,5.7874,5.6019,8.5652,4.7365,4.8914,8.5652,5.4163

4431.8900,3.3165,3.5019,5.7252,5.7874,6.0958,8.5035,4.4278,4.8091,8.5035,5.3369

4432.8900,3.3165,3.4402,5.7869,6.0961,5.6636,8.9974,4.4895,4.7988,8.9974,5.3986

4433.8900,3.3783,3.4402,5.6635,6.2813,5.6636,8.3800,4.6130,4.8400,8.3800,5.3457

4434.8910,3.3165,3.1933,5.8487,5.9726,5.8488,7.8861,5.2304,4.9017,7.8861,5.3281

4435.8900,3.5634,3.5019,5.8487,5.8492,5.7254,8.6270,4.1808,4.7782,8.6270,5.3281

4436.8900,2.8227,3.4402,5.8487,5.6022,5.8488,8.3183,4.8600,4.7371,8.3183,5.2487

4437.8900,3.2548,3.2550,5.9104,5.7874,5.5401,8.3800,4.3043,4.6754,8.3800,5.2046

4438.8900,3.8104,3.1315,5.4782,5.9726,5.6636,8.5035,4.4895,4.7577,8.5035,5.2928

4439.8900,3.5634,3.3785,5.8487,5.6022,5.7871,8.3800,4.9217,4.8503,8.3800,5.3545

4440.8900,3.5017,3.3167,5.9104,5.9109,6.0341,8.8122,4.6130,4.8811,8.8122,5.4427

4441.8900,3.3783,3.3167,5.0460,5.9726,5.8488,8.3183,4.6748,4.7062,8.3183,5.2222

4442.8900,3.1314,3.5019,5.6017,5.9726,5.3549,8.6270,4.7365,4.7165,8.6270,5.2751

4443.8900,3.4400,3.1933,5.6017,5.7874,5.8488,8.4418,4.9217,4.7988,8.4418,5.3192

4444.8900,3.2548,3.3785,5.8487,5.9109,5.6636,8.3183,4.7365,4.7988,8.3183,5.3016

4445.8900,3.5017,3.2550,5.4165,5.7874,5.7254,8.3800,4.5513,4.7062,8.3800,5.2310

4446.8900,3.3165,3.5637,5.4165,6.2813,5.7254,8.8739,4.6130,4.8194,8.8739,5.3986

4447.8900,2.8844,3.5637,5.9104,5.9109,5.9723,8.3800,4.3043,4.7577,8.3800,5.2752

4448.8900,3.5634,3.0698,5.7869,6.0344,5.9106,8.5035,4.4895,4.8091,8.5035,5.3369

4449.8910,3.5017,3.4402,6.0956,6.0961,5.6636,8.5652,5.4157,5.0355,8.5652,5.5397

4450.8900,3.7486,3.3785,6.1574,6.0961,5.6019,8.2565,4.4895,4.9120,8.2565,5.3898

4451.8900,3.5634,3.3785,5.9104,5.8492,6.2193,8.6270,4.4895,4.9017,8.6270,5.4339

4452.8900,3.1931,3.5637,5.3548,5.9109,5.7254,8.5652,5.0452,4.7988,8.5652,5.3369

4453.8900,3.5017,3.5019,5.6635,5.6022,5.6636,8.5035,4.6748,4.7680,8.5035,5.3016

4454.8910,3.6869,3.3167,5.5400,6.0961,5.7254,8.0713,4.2426,4.7679,8.0713,5.2399

4455.8900,3.4400,3.5637,6.0339,5.9726,5.9723,8.3800,4.6748,4.9429,8.3800,5.4339

4456.8900,3.6252,3.1933,5.8487,5.9726,5.5401,9.1826,4.4895,4.7782,9.1826,5.4074

4457.8900,3.6252,3.2550,5.5400,5.7874,5.7254,8.6887,4.3043,4.7062,8.6887,5.2751

4458.8910,3.1314,3.5019,5.8487,5.8492,6.0341,8.8122,4.6130,4.8297,8.8122,5.3986

4459.8900,2.8227,3.6872,6.4661,5.5405,6.0341,8.7504,4.8600,4.9018,8.7504,5.4516

4460.8900,3.6252,3.0081,6.0339,7.3925,5.9723,8.5652,4.6748,5.1178,8.5652,5.6103

4461.8900,3.8721,3.0698,5.7252,6.0961,6.9602,8.6270,4.5513,5.0458,8.6270,5.5574

4462.8900,3.5634,3.1933,5.6017,6.0961,6.7132,9.3061,3.9956,4.8606,9.3061,5.4956

4463.8900,3.5634,3.8724,5.9104,5.7257,5.7254,8.5035,4.6130,4.9017,8.5035,5.4163

4464.8900,3.1931,4.1193,5.7869,5.8492,5.5401,8.4418,4.5513,4.8400,8.4418,5.3545

4465.8900,3.1931,3.5019,5.5400,6.0344,5.7254,8.6887,4.9217,4.8194,8.6887,5.3722

4466.8900,3.4400,3.3167,5.6017,6.0961,5.5401,8.8122,4.6130,4.7680,8.8122,5.3457

4467.8900,3.8104,3.7489,5.7869,5.7874,5.6636,8.8122,4.5513,4.8914,8.8122,5.4515

4468.8910,3.1931,3.1315,6.0339,7.2073,5.9106,8.3800,4.6748,5.0252,8.3800,5.5045

4469.8900,3.5017,3.8724,6.1574,5.9109,5.5401,8.3183,6.0948,5.1795,8.3183,5.6279

4470.8900,3.3165,3.4402,5.6635,6.2813,5.7254,8.3183,4.6130,4.8400,8.3183,5.3369

4471.8900,3.4400,3.3167,5.5400,6.0961,6.7132,8.5652,4.5513,4.9429,8.5652,5.4604

4472.8900,3.5634,3.2550,6.0956,5.9109,6.0341,8.6887,4.5513,4.9017,8.6887,5.4427

4473.8900,3.3783,3.4402,5.8487,5.9109,5.6019,8.8122,4.7983,4.8297,8.8122,5.3986

4474.8910,3.2548,3.4402,5.7869,5.4170,5.8488,9.0591,4.0574,4.6342,9.0591,5.2663

4475.8900,3.6869,3.4402,5.9722,6.0344,5.5401,8.3183,4.3043,4.8297,8.3183,5.3281

4476.8900,3.5017,3.0081,6.1574,5.8492,6.0958,8.6270,4.5513,4.8606,8.6270,5.3986

4477.8900,3.5017,3.0698,5.7869,6.0344,6.3428,8.4418,4.6748,4.9017,8.4418,5.4074

4478.8900,3.4400,3.8106,5.6635,5.8492,5.8488,8.2565,4.4278,4.8400,8.2565,5.3281

4479.8900,3.0696,3.4402,5.6635,6.2196,5.6019,8.5652,4.6130,4.7680,8.5652,5.3104

4480.8900,3.3783,3.3167,5.7869,5.4788,5.8488,8.7504,4.4278,4.7062,8.7504,5.2840

4481.8900,3.5017,3.2550,5.9104,5.2936,5.9106,8.6270,4.4278,4.7165,8.6270,5.2751

4482.8900,3.6869,3.5019,5.6635,6.2813,5.5401,8.6270,4.5513,4.8708,8.6270,5.4074

4483.8900,3.3783,3.9341,6.0956,5.9109,5.6019,8.8739,4.2426,4.8606,8.8739,5.4339

4484.8900,3.3165,3.6254,5.4165,7.1456,6.0958,8.6887,4.3043,4.9840,8.6887,5.5133

4485.8900,3.4400,3.3785,5.8487,6.0344,5.8488,8.8739,4.6130,4.8606,8.8739,5.4339

4486.8900,4.0573,3.3167,5.7252,6.1578,5.5401,8.5652,4.1808,4.8297,8.5652,5.3633

4487.8900,3.6869,4.3663,5.9722,6.0344,5.5401,8.5035,4.1808,4.9634,8.5035,5.4692

4488.8900,3.3783,3.6872,6.8983,6.2813,5.6636,8.6270,4.6130,5.0869,8.6270,5.5927

4489.8900,3.1931,3.4402,5.8487,5.4788,5.9723,8.7504,4.4895,4.7371,8.7504,5.3104

4490.8900,3.6252,3.2550,5.9722,5.1701,6.8367,8.5035,4.4278,4.8812,8.5035,5.3986

4491.8900,3.0079,3.4402,5.6017,6.4048,5.6636,8.5035,4.4278,4.7577,8.5035,5.2928

4492.8900,3.5017,3.7489,6.1574,5.9726,5.4166,8.5035,4.5513,4.8914,8.5035,5.4074

4493.8900,3.6252,3.1933,5.9104,5.9726,6.4045,7.2070,3.8104,4.8194,7.2070,5.1605

4494.8910,3.1931,3.3167,6.2191,5.6640,5.7254,8.3183,4.6748,4.7988,8.3183,5.3016

4495.8900,3.4400,3.3167,5.5400,5.3553,5.6636,8.7504,4.3043,4.6033,8.7504,5.1958

4496.8900,3.8721,3.5637,5.7869,6.0344,5.8488,8.3183,4.2426,4.8914,8.3183,5.3810

4497.8900,3.7486,3.3167,5.6635,5.7874,5.8488,8.5652,4.9217,4.8811,8.5652,5.4074

4498.8910,3.5634,2.9463,5.7869,5.7257,5.6636,8.5035,4.4895,4.6959,8.5035,5.2399

4499.8900,3.8721,3.0081,5.7869,6.0344,6.0958,8.4418,4.4895,4.8811,8.4418,5.3898

4500.8900,3.9338,3.4402,5.6635,5.9726,5.7871,8.6270,4.2426,4.8400,8.6270,5.3810

4501.8900,3.6252,3.3167,5.2930,6.2196,5.5401,8.3800,4.5513,4.7577,8.3800,5.2751

4502.8900,3.6869,3.7489,5.7869,5.8492,5.7871,8.7504,4.7983,4.9429,8.7504,5.4868

4503.8900,3.3165,3.2550,5.9722,6.7135,5.7871,8.5652,4.7983,4.9737,8.5652,5.4868

4504.8900,3.4400,3.3167,5.9722,5.8492,6.1576,8.8739,4.6130,4.8914,8.8739,5.4604

4505.8900,3.3783,4.1193,5.2313,5.9109,5.7871,8.3800,4.6748,4.8503,8.3800,5.3545

4506.8900,3.3165,3.5637,5.2930,6.0344,5.7254,8.4418,4.6130,4.7577,8.4418,5.2840

4507.8900,3.9338,3.5019,5.6017,5.9726,5.4784,8.3183,4.7365,4.8708,8.3183,5.3633

4508.8900,3.3783,3.3785,5.7252,5.9109,5.4166,8.5035,4.7365,4.7577,8.5035,5.2928

4509.8900,3.1931,3.5019,6.7748,6.1578,5.8488,8.3183,5.0452,5.0870,8.3183,5.5486

4510.8900,3.5017,3.2550,5.6017,6.0961,5.4166,8.6270,4.6748,4.7577,8.6270,5.3104

4511.8900,2.9462,3.6254,5.3548,5.9109,5.6019,8.4418,4.4895,4.6548,8.4418,5.1958

4512.8900,3.2548,3.6872,5.8487,5.8492,5.7871,8.6270,4.7365,4.8606,8.6270,5.3986

4513.8900,3.5634,3.3167,5.7869,5.9109,5.7254,8.2565,4.9835,4.8811,8.2565,5.3633

4514.8900,3.2548,3.6872,5.6635,6.3430,6.1576,8.5035,4.2426,4.8914,8.5035,5.4074

4515.8900,3.3783,3.3785,5.7869,6.4048,6.0341,9.1208,5.4774,5.0767,9.1208,5.6544

4516.8900,3.1931,3.3785,5.7869,5.9726,5.7254,9.0591,4.8600,4.8194,9.0591,5.4251

4517.8900,3.6869,3.5637,5.7869,6.0961,5.5401,7.8861,4.5513,4.8708,7.8861,5.3016

4518.8900,3.1314,3.3167,5.9104,5.7257,6.5280,9.1826,4.7365,4.8915,9.1826,5.5045

4519.8900,3.5017,3.4402,5.7252,6.0344,5.4784,8.8739,4.6748,4.8091,8.8739,5.3898

4520.8900,3.4400,3.3167,6.1574,5.7874,5.6636,8.6270,4.4278,4.7988,8.6270,5.3457

4521.8900,3.5634,3.0698,5.8487,6.0961,5.8488,8.5035,4.4895,4.8194,8.5035,5.3457

4522.8900,3.5634,3.3167,6.1574,6.1578,5.6019,8.3183,4.4278,4.8708,8.3183,5.3633

4523.8900,3.3783,3.2550,6.0339,5.8492,5.8488,8.5035,5.2304,4.9326,8.5035,5.4427

4524.8900,3.6252,3.3167,5.8487,5.8492,5.6019,8.4418,4.3043,4.7577,8.4418,5.2840

4525.8900,3.6252,3.4402,5.9104,6.4665,5.7871,8.4418,4.3661,4.9326,8.4418,5.4339

4526.8900,2.9462,3.8106,5.5400,6.0961,5.7254,8.5035,4.6748,4.7988,8.5035,5.3281

4527.8900,3.4400,3.4402,5.3548,6.2196,6.4045,8.6887,4.4895,4.8914,8.6887,5.4339

4528.8900,3.2548,3.3167,5.9104,5.7874,5.7871,7.8244,4.6748,4.7885,7.8244,5.2222

4529.8900,3.5634,3.2550,5.8487,5.8492,6.0958,8.5652,4.9835,4.9326,8.5652,5.4515

4530.8900,3.3783,3.5637,5.6017,6.2813,5.7871,8.3183,4.5513,4.8606,8.3183,5.3545

4531.8900,3.2548,3.2550,5.7869,5.7257,5.7871,8.2565,4.8600,4.7783,8.2565,5.2752

4532.8900,3.5634,3.0081,4.4286,6.4665,5.3549,8.8122,4.6748,4.5827,8.8122,5.1869

4533.8900,3.1314,3.7489,5.6017,5.9726,5.7871,8.3800,4.6130,4.8091,8.3800,5.3192

4534.8900,3.6252,3.3785,5.6635,5.8492,5.9106,8.2565,4.7365,4.8606,8.2565,5.3457

4535.8900,3.2548,3.4402,5.7252,5.9109,5.7871,8.7504,4.9217,4.8400,8.7504,5.3986

4536.8900,3.7486,3.3167,6.1574,6.0961,5.5401,8.2565,4.6130,4.9120,8.2565,5.3898

4537.8900,4.4894,3.3167,5.8487,6.3430,5.9106,8.3800,4.6748,5.0972,8.3800,5.5662

4538.8900,4.3659,3.5019,5.7869,5.5405,6.0958,8.1948,4.6748,4.9943,8.1948,5.4515

4539.8900,3.5634,3.5019,6.1574,6.2196,5.8488,8.2565,4.6748,4.9943,8.2565,5.4604

4540.8900,3.6252,3.2550,5.6017,6.1578,5.4784,8.9356,4.8600,4.8297,8.9356,5.4162

4541.8900,3.5017,3.1315,6.0339,5.9109,5.9106,8.4418,4.6748,4.8606,8.4418,5.3722

4542.8900,3.4400,3.5637,5.6635,6.5900,5.6019,8.1948,4.6130,4.9120,8.1948,5.3810

4543.8900,3.5017,3.4402,4.1199,5.2318,6.0341,8.3183,4.7365,4.5107,8.3183,5.0547

4544.8900,3.5017,3.9958,6.0339,5.8492,5.9106,8.5035,4.6748,4.9943,8.5035,5.4956

4545.8900,3.4400,3.4402,6.2191,5.9726,5.6019,8.9974,4.4278,4.8503,8.9974,5.4427

4546.8900,3.7486,3.1933,6.4043,6.1578,5.7254,8.3183,4.4895,4.9532,8.3183,5.4339

4547.8900,3.7486,3.0081,5.6635,6.0344,5.9106,8.5035,4.4278,4.7988,8.5035,5.3281

4548.8900,3.3783,3.3785,5.7869,6.4048,5.9106,8.3800,4.4895,4.8914,8.3800,5.3898

4549.8910,3.6252,3.4402,5.9722,5.9726,6.4663,8.5652,4.5513,5.0046,8.5652,5.5133

4550.8900,3.5634,4.1193,5.8487,5.8492,5.7254,8.5035,4.7365,4.9737,8.5035,5.4780

4551.8900,3.7486,3.2550,6.0956,6.1578,5.4784,8.3183,4.6130,4.8914,8.3183,5.3810

4552.8900,3.3783,3.5637,5.4165,5.9726,5.6019,8.5652,4.6748,4.7680,8.5652,5.3104

4553.8900,3.5017,3.0698,5.7252,6.0961,5.6636,8.7504,4.5513,4.7680,8.7504,5.3369

4554.8900,3.3165,4.0576,5.9104,5.8492,5.7254,8.3183,4.5513,4.9017,8.3183,5.3898

4555.8900,3.2548,3.8106,5.6635,6.1578,6.0341,8.7504,4.6748,4.9326,8.7504,5.4780

4556.8900,3.5017,3.6872,6.0956,5.8492,6.0958,8.5035,4.5513,4.9635,8.5035,5.4692

4557.8900,3.6869,3.2550,5.7869,6.1578,6.4045,8.6887,4.4895,4.9635,8.6887,5.4956

4558.8900,3.5634,3.5019,5.1695,7.2691,5.7254,8.5035,4.6748,4.9840,8.5035,5.4868

4559.8900,3.4400,3.4402,5.6017,6.4665,5.4166,8.3800,4.6748,4.8400,8.3800,5.3457

4560.8900,3.3783,3.7489,5.7869,6.5283,6.0958,8.5652,4.2426,4.9635,8.5652,5.4780

4561.8900,3.3165,3.4402,5.8487,6.2813,5.5401,8.4418,4.7365,4.8606,8.4418,5.3722

4562.8900,3.8721,3.2550,5.6017,6.0961,5.4784,8.1948,3.6869,4.6650,8.1948,5.1693

4563.8900,3.8104,3.2550,6.1574,6.1578,5.6019,8.7504,4.2426,4.8708,8.7504,5.4251

4564.8900,3.3783,3.5637,5.7252,5.8492,5.6019,8.5035,4.6130,4.7885,8.5035,5.3192

4565.8900,3.6252,3.4402,5.5400,6.1578,5.7254,8.8739,4.6130,4.8503,8.8739,5.4251

4566.8900,3.5017,3.6872,5.6635,6.0344,5.2314,8.9356,4.3661,4.7474,8.9356,5.3457

4567.8900,3.6252,3.0698,5.7869,5.6640,5.6636,8.5035,4.9217,4.7885,8.5035,5.3192

4568.8900,3.5017,3.0698,5.8487,5.6640,5.8488,8.3800,5.2922,4.8709,8.3800,5.3722

4569.8900,3.5017,3.6254,5.6017,6.1578,5.6636,8.9974,4.9217,4.9120,8.9974,5.4956

4570.8900,3.3165,3.2550,5.7869,5.9109,5.0462,8.5035,5.0452,4.7268,8.5035,5.2663

4571.8900,3.8721,3.2550,5.6017,6.0344,5.5401,8.1948,3.6869,4.6650,8.1948,5.1693

4572.8900,2.9462,3.1933,5.2930,6.0344,5.7871,8.2565,4.5513,4.6342,8.2565,5.1517

4573.8910,4.1807,3.4402,5.6017,5.9726,5.6019,8.6887,4.0574,4.8091,8.6887,5.3633

4574.8910,3.3165,3.6872,5.9104,5.9726,5.6019,8.4418,4.9835,4.9120,8.4418,5.4163

4575.8900,3.1931,3.4402,5.6017,6.1578,5.8488,9.1826,4.7983,4.8400,9.1826,5.4604

4576.8900,3.9955,3.5637,5.8487,6.0344,5.1079,8.8739,4.3661,4.8194,8.8739,5.3986

4577.8900,3.2548,3.8724,5.4165,5.7874,5.7871,8.6270,4.6130,4.7885,8.6270,5.3369

4578.8900,3.3165,3.5019,5.9104,5.5405,5.9106,8.6887,4.3661,4.7577,8.6887,5.3192

4579.8900,3.3165,3.3785,6.0339,5.8492,5.7254,8.5035,4.6748,4.8297,8.5035,5.3545

4580.8900,3.5634,3.3167,6.0339,5.7874,6.1576,8.6887,4.4895,4.8914,8.6887,5.4339

4581.8900,3.7486,3.1315,5.7869,5.7874,5.9106,8.8739,4.9835,4.8914,8.8739,5.4604

4582.8900,3.4400,3.5637,5.7869,5.7874,5.8488,8.5035,4.8600,4.8811,8.5035,5.3986

4583.8900,4.0573,3.5637,5.8487,5.6640,6.0341,7.6392,5.0452,5.0355,7.6392,5.4074

4584.8900,3.7486,3.6254,4.7373,5.9109,5.4784,8.5652,4.5513,4.6753,8.5652,5.2310

4585.8900,3.4400,3.1315,5.7869,5.9109,5.8488,8.6887,5.1687,4.8811,8.6887,5.4251

4586.8900,3.6869,3.7489,5.7252,5.9726,5.7871,8.8739,4.1808,4.8503,8.8739,5.4251

4587.8900,3.5634,3.3785,5.4165,6.4048,6.2193,8.7504,4.6130,4.9326,8.7504,5.4780

4588.8910,3.5634,3.5637,5.2930,6.2813,5.4166,8.5035,4.4895,4.7679,8.5035,5.3016

4589.8900,3.5017,3.6872,5.9104,5.7257,5.6019,8.5035,4.9835,4.9017,8.5035,5.4163

4590.8900,3.8104,3.8106,5.6017,5.7874,5.4784,8.7504,4.7365,4.8708,8.7504,5.4251

4591.8900,3.5017,3.3167,6.4661,5.9726,5.5401,8.4418,4.4895,4.8811,8.4418,5.3898

4592.8900,3.5634,3.1315,6.1574,5.8492,6.1576,8.8739,4.5513,4.9017,8.8739,5.4692

4593.8900,3.6252,2.6994,6.0956,5.8492,5.8488,8.6270,4.5513,4.7782,8.6270,5.3281

4594.8900,3.4400,3.5637,5.2313,5.9726,5.8488,8.7504,4.5513,4.7680,8.7504,5.3369

4595.8900,3.5017,3.5019,5.7869,6.4665,5.9723,8.5652,4.5513,4.9635,8.5652,5.4780

4596.8900,3.2548,3.7489,5.2930,5.9726,5.7871,8.8122,4.4895,4.7577,8.8122,5.3369

4597.8910,3.6252,3.4402,5.8487,5.4170,5.7254,10.3556,4.4895,4.7577,10.3556,5.5574

4598.8900,3.3165,3.8724,5.7869,5.7874,5.6019,8.7504,4.5513,4.8194,8.7504,5.3810

4599.8900,3.5017,3.3167,5.7252,5.2936,6.4045,8.5652,4.5513,4.7988,8.5652,5.3369

4600.8900,3.2548,3.2550,5.8487,6.0961,5.6019,8.2565,4.4278,4.7474,8.2565,5.2487

4601.8900,3.6252,3.1933,5.7869,5.9109,5.8488,8.3800,4.7983,4.8606,8.3800,5.3633

4602.8900,3.5634,3.5637,5.4782,5.4788,5.9106,8.3183,4.7365,4.7885,8.3183,5.2928

4603.8900,3.8104,3.0081,5.7252,5.9726,5.6636,8.5035,4.5513,4.7885,8.5035,5.3192

4604.8900,3.6252,3.3785,5.5400,5.9109,5.5401,8.5035,4.7365,4.7885,8.5035,5.3192

4605.8900,3.4400,3.4402,6.1574,6.0344,5.5401,8.5035,4.6130,4.8709,8.5035,5.3898

4606.8900,3.6869,3.3167,5.8487,6.0344,5.4166,8.7504,4.7983,4.8503,8.7504,5.4074

4607.8900,3.5017,3.4402,5.5400,6.0344,5.7871,8.7504,4.6130,4.8194,8.7504,5.3810

4608.8910,3.7486,3.6254,5.9104,5.8492,5.9723,8.2565,4.4895,4.9326,8.2565,5.4074

4609.8900,3.9955,3.5019,5.5400,5.9726,5.8488,8.6887,4.5513,4.9017,8.6887,5.4427

4610.8900,3.5017,3.1315,5.9104,5.8492,5.7871,8.5035,4.4895,4.7782,8.5035,5.3104

4611.8900,3.4400,3.6254,5.8487,6.0961,5.8488,8.8122,4.4895,4.8914,8.8122,5.4515

4612.8910,3.4400,3.4402,5.6635,5.9109,5.6636,9.0591,4.5513,4.7782,9.0591,5.3898

4613.8900,3.6252,3.3785,6.1574,5.9726,5.7254,8.6270,4.7365,4.9326,8.6270,5.4604

4614.8900,3.5017,2.5759,5.8487,5.9109,5.7871,8.6270,4.5513,4.6959,8.6270,5.2575

4615.8900,3.6252,3.1933,5.9104,5.9726,6.1576,8.5652,4.6748,4.9223,8.5652,5.4427

4616.8900,3.5017,3.6254,5.7252,5.9726,5.7254,9.1208,4.6748,4.8708,9.1208,5.4780

4617.8900,3.4400,3.5019,5.7252,6.1578,5.7871,8.6270,4.7365,4.8914,8.6270,5.4251

4618.8900,3.7486,3.4402,5.9722,6.2196,5.9106,8.1331,4.6130,4.9840,8.1331,5.4339

4619.8900,3.0696,3.8106,5.4782,5.9109,5.9106,8.1948,4.4895,4.7783,8.1948,5.2663

4620.8900,3.5634,3.1933,5.7252,6.0344,5.7254,8.2565,4.7983,4.8400,8.2565,5.3281

4621.8900,3.7486,3.3167,5.5400,5.8492,5.6636,8.5035,5.0452,4.8606,8.5035,5.3810

4622.8900,3.4400,3.3785,5.7252,5.9726,5.7871,8.0713,4.5513,4.8091,8.0713,5.2751

4623.8900,3.6252,3.3167,5.8487,5.9109,5.9723,8.3800,5.0452,4.9532,8.3800,5.4427

4624.8900,3.4400,3.0698,6.1574,5.9109,5.5401,8.4418,4.5513,4.7782,8.4418,5.3016

4625.8900,3.8104,3.5019,5.6635,6.0344,5.8488,8.1948,4.3661,4.8708,8.1948,5.3457

4626.8900,3.7486,3.5637,5.4782,6.0344,5.7871,8.5652,4.1191,4.7885,8.5652,5.3280

4627.8900,3.6869,3.3167,5.8487,6.5283,5.7254,8.3183,4.4278,4.9223,8.3183,5.4074

4628.8900,3.6252,2.8846,6.0956,5.7874,5.8488,8.5035,4.4895,4.7885,8.5035,5.3192

4629.8900,3.4400,3.5637,5.9104,6.2813,5.7871,8.3800,4.8600,4.9737,8.3800,5.4604

4630.8900,3.6252,3.3785,5.8487,5.9109,5.7871,8.5652,4.9835,4.9223,8.5652,5.4427

4631.8910,3.0079,3.4402,6.0956,5.6640,5.8488,8.2565,4.9217,4.8297,8.2565,5.3193

4632.8900,3.5634,3.5637,5.6017,5.8492,5.8488,8.0096,4.7983,4.8709,8.0096,5.3192

4633.8900,3.3783,3.3785,5.9104,5.7257,5.6636,8.6887,4.6130,4.7782,8.6887,5.3369

4634.8900,3.3783,3.1933,5.6635,6.0961,5.6019,8.3800,4.7983,4.7885,8.3800,5.3016

4635.8900,3.1314,3.5019,5.9104,6.1578,5.7871,8.1948,4.7983,4.8812,8.1948,5.3545

4636.8900,3.3165,3.6254,5.5400,5.8492,5.9106,8.6270,4.7983,4.8400,8.6270,5.3810

4637.8900,3.3165,3.9341,5.8487,5.9726,5.7254,8.4418,4.6130,4.9017,8.4418,5.4074

4638.8900,3.3165,3.5637,5.5400,6.3430,5.6019,8.8122,4.6748,4.8400,8.8122,5.4074

4639.8900,3.3783,3.5019,5.8487,6.2196,5.7871,8.2565,4.6748,4.9017,8.2565,5.3810

4640.8900,4.3042,3.5019,5.6635,5.9726,5.7871,8.4418,4.0574,4.8811,8.4418,5.3898

4641.8900,3.6252,3.4402,6.0956,6.0344,6.2810,8.3800,4.5513,5.0046,8.3800,5.4868

4642.8900,3.6869,3.0698,5.9104,6.1578,6.0958,8.6270,4.5513,4.9120,8.6270,5.4427

4643.8900,3.6869,3.4402,5.9104,5.8492,5.9106,8.3183,4.7365,4.9223,8.3183,5.4074

4644.8900,3.3783,3.0081,5.7252,6.1578,5.6019,8.6270,4.7983,4.7782,8.6270,5.3281

4645.8900,3.4400,3.5019,5.8487,6.2813,5.6019,8.3183,4.3661,4.8400,8.3183,5.3369

4646.8900,3.6252,2.7611,6.2191,5.7257,6.1576,8.6270,5.1070,4.9326,8.6270,5.4604

4647.8900,3.4400,3.4402,5.7869,6.2813,5.7254,8.8739,4.7365,4.9017,8.8739,5.4692

4648.8900,3.2548,3.2550,5.7252,5.8492,5.8488,8.4418,4.9835,4.8194,8.4418,5.3369

4649.8900,3.5634,3.2550,6.2191,5.8492,5.6636,8.3800,4.3661,4.8194,8.3800,5.3281

4650.8900,3.9338,3.5019,5.5400,5.9726,5.6019,8.5035,4.1191,4.7782,8.5035,5.3104

4651.8900,3.4400,3.4402,5.7869,5.9726,5.6019,8.6270,5.0452,4.8811,8.6270,5.4163

4652.8900,3.3783,3.8724,5.7869,5.8492,5.5401,8.5652,4.6130,4.8400,8.5652,5.3722

4653.8900,3.3165,3.3785,5.1078,6.0344,5.9723,8.1948,4.6130,4.7371,8.1948,5.2310

4654.8900,3.5634,3.3167,5.2930,6.0961,5.9106,8.3183,4.7983,4.8297,8.3183,5.3281

4655.8900,3.2548,3.6872,5.6635,6.4048,5.6636,8.3183,4.4278,4.8503,8.3183,5.3457

4656.8910,3.7486,3.3167,5.8487,6.2196,5.7871,8.1331,4.5513,4.9120,8.1331,5.3722

4657.8900,3.5634,3.5019,5.8487,5.6640,5.7871,8.5035,4.4895,4.8091,8.5035,5.3369

4658.8900,3.6869,3.0698,5.5400,5.9726,5.9723,8.3183,4.7365,4.8297,8.3183,5.3281

4659.8900,3.6252,3.3785,5.6635,6.0344,5.8488,8.6270,4.6130,4.8606,8.6270,5.3986

4660.8900,3.5017,3.6254,5.8487,5.8492,5.8488,8.1948,4.6130,4.8811,8.1948,5.3545

4661.8900,3.3165,3.6254,5.9722,5.8492,5.6636,8.2565,4.6748,4.8503,8.2565,5.3369

4662.8900,3.1314,3.0081,5.9104,6.0961,5.7871,8.3183,4.3043,4.7062,8.3183,5.2222

4663.8900,3.5017,3.3785,5.8487,5.7874,6.2810,8.3183,4.6130,4.9017,8.3183,5.3898

4664.8900,3.6869,3.5019,5.8487,5.9726,5.6019,8.6270,4.4278,4.8400,8.6270,5.3810

4665.8900,3.3165,3.5637,6.2191,6.0344,5.7871,8.1331,4.8600,4.9635,8.1331,5.4163

4666.8900,3.3783,3.5637,5.7252,5.7257,5.8488,8.9974,4.6748,4.8194,8.9974,5.4163

4667.8900,3.6252,3.5019,5.6635,6.0961,5.9106,8.4418,4.7365,4.9223,8.4418,5.4251

4668.8900,3.1931,3.5637,5.7252,5.8492,5.7254,8.6270,4.7983,4.8091,8.6270,5.3545

4669.8900,3.7486,3.6254,6.0339,5.9109,5.7254,8.6887,4.3661,4.9017,8.6887,5.4427

4670.8900,2.9462,3.7489,5.7869,5.9109,5.8488,8.5035,4.3043,4.7577,8.5035,5.2928

4671.8900,3.8721,3.3785,5.7252,5.9109,5.7871,8.5035,4.4895,4.8606,8.5035,5.3810

4672.8900,3.6252,3.5019,5.6635,6.0344,5.8488,8.4418,4.6130,4.8811,8.4418,5.3898

4673.8900,3.6252,3.3785,6.0339,5.8492,5.8488,8.5035,4.7983,4.9223,8.5035,5.4339

4674.8900,3.7486,3.5637,5.7252,5.8492,5.8488,8.8122,4.3043,4.8400,8.8122,5.4074

4675.8900,3.6869,3.3785,6.0339,6.0344,5.6636,8.1948,4.6748,4.9120,8.1948,5.3810

4676.8900,3.4400,3.4402,6.0956,6.2196,5.6636,8.5035,4.5513,4.9017,8.5035,5.4163

4677.8900,3.3783,3.2550,5.6635,6.0344,5.9106,8.0096,4.7365,4.8297,8.0096,5.2840

4678.8900,3.2548,3.2550,6.0956,5.9726,5.7871,8.3183,5.1687,4.9223,8.3183,5.4075

4679.8900,3.6252,3.0081,6.1574,5.7257,5.9106,8.4418,5.0452,4.9120,8.4418,5.4163

4680.8900,3.6869,3.5019,6.4661,5.4170,5.9106,8.2565,4.6748,4.9429,8.2565,5.4163

4681.8900,3.1931,3.3167,6.0956,6.0961,5.9106,8.3800,5.1687,4.9635,8.3800,5.4516

4682.8900,3.4400,3.5637,5.8487,5.9109,5.6019,8.5652,4.9835,4.8914,8.5652,5.4163

4683.8900,3.5017,3.5637,5.7869,6.4048,5.9106,8.3183,4.6130,4.9635,8.3183,5.4427

4684.8900,3.2548,3.4402,6.2191,5.7257,5.7871,8.5652,4.9217,4.8914,8.5652,5.4163

4685.8910,3.3165,3.5019,5.7252,5.9726,5.8488,8.6887,4.9217,4.8811,8.6887,5.4251

4686.8900,3.5634,3.6254,5.8487,5.9726,5.9723,8.3183,4.5513,4.9223,8.3183,5.4074

4687.8900,3.5017,3.4402,5.4782,5.8492,5.9723,8.3800,4.5513,4.7988,8.3800,5.3104

4688.8900,3.5634,3.3785,6.0956,5.9109,5.7254,8.4418,4.7983,4.9120,8.4418,5.4163

4689.8900,3.1931,3.1933,5.9104,6.0961,5.6636,8.6270,4.3661,4.7371,8.6270,5.2928

4690.8900,2.9462,3.6254,5.9722,6.0344,5.7871,8.0713,4.6748,4.8400,8.0713,5.3016

4691.8900,3.0079,3.4402,5.9722,5.9109,5.9106,8.9974,5.1687,4.9017,8.9974,5.4868

4692.8900,3.3165,3.5637,6.0339,5.7874,5.9106,8.0096,5.0452,4.9429,8.0096,5.3810

4693.8900,3.3165,3.6254,6.0339,5.7257,5.7254,8.3800,4.7365,4.8606,8.3800,5.3633

4694.8900,3.5017,3.5637,5.9104,6.0961,6.2193,8.3183,4.4278,4.9532,8.3183,5.4339

4695.8900,4.0573,4.1193,5.6635,6.0961,5.8488,8.9974,4.6130,5.0663,8.9974,5.6279

4696.8910,3.8104,3.4402,6.0339,5.7257,5.9106,8.6887,4.7983,4.9532,8.6887,5.4868

4697.8900,3.9955,3.3785,5.6635,5.9726,5.8488,8.3800,4.1191,4.8297,8.3800,5.3369

4698.8900,3.5017,3.3785,6.4661,5.9726,5.4784,8.4418,4.4895,4.8811,8.4418,5.3898

4699.8900,3.5634,3.4402,5.2930,6.0961,5.4784,8.6270,4.5513,4.7371,8.6270,5.2928

4700.8900,3.1314,3.5637,6.0956,5.7874,5.9723,8.3800,4.6130,4.8606,8.3800,5.3634

4701.8900,3.4400,4.2428,5.9104,5.6022,5.4166,8.6887,4.6130,4.8708,8.6887,5.4163

4702.8900,3.3165,3.1315,5.8487,5.9726,5.5401,8.5035,4.7365,4.7577,8.5035,5.2928

4703.8900,3.6252,3.4402,5.7252,5.9109,5.7871,8.6887,4.4895,4.8297,8.6887,5.3810

4704.8900,3.1314,3.8106,5.6635,5.9109,5.9106,8.5035,4.6748,4.8503,8.5035,5.3722

4705.8900,3.4400,3.2550,4.3669,6.2813,5.6019,8.3183,4.5513,4.5827,8.3183,5.1164

4706.8900,3.5017,3.9341,5.7869,5.8492,6.0341,8.0713,4.8600,4.9943,8.0713,5.4339

4707.8900,3.6869,3.1933,6.0339,5.7874,5.9106,8.5652,4.6130,4.8709,8.5652,5.3986

4708.8900,3.4400,3.3785,5.8487,5.9109,5.7254,8.4418,4.6748,4.8297,8.4418,5.3457

4709.8900,4.2424,3.6872,5.9104,6.0344,5.8488,8.2565,4.9835,5.1178,8.2565,5.5662

4710.8900,3.5634,3.8724,5.7869,5.8492,6.0958,8.6270,4.6130,4.9635,8.6270,5.4868

4711.8910,3.5634,3.6872,5.4165,6.2813,5.8488,8.3800,4.6748,4.9120,8.3800,5.4074

4712.8900,3.7486,3.5637,5.7252,6.2813,5.9106,8.1331,4.5513,4.9634,8.1331,5.4163

4713.8910,3.5017,3.5019,5.5400,5.9726,5.9723,8.7504,4.7365,4.8709,8.7504,5.4251

4714.8900,3.6252,3.0698,6.0956,6.0961,5.8488,8.4418,4.3043,4.8400,8.4418,5.3545

4715.8900,4.2424,3.6254,5.6635,6.0961,5.7871,8.5652,4.2426,4.9429,8.5652,5.4603

4716.8900,3.6252,3.4402,5.2930,6.0961,6.0341,8.2565,4.8600,4.8914,8.2565,5.3722

4717.8900,3.5017,3.1933,5.6635,6.1578,4.9844,8.6270,4.7365,4.7062,8.6270,5.2663

4718.8900,3.6252,3.5637,6.0339,5.8492,5.6636,10.2938,4.4895,4.8708,10.2938,5.6456

4719.8900,3.6869,3.6872,5.4165,6.0344,5.6636,8.1331,4.7983,4.8811,8.1331,5.3457

4720.8900,3.6869,3.5019,5.8487,5.8492,5.4784,8.3800,4.4895,4.8091,8.3800,5.3192

4721.8900,3.5017,3.5637,5.7869,5.8492,6.0958,9.1826,4.8600,4.9429,9.1826,5.5486

4722.8900,3.6252,3.1933,6.1574,5.9109,6.2810,8.8122,4.5513,4.9532,8.8122,5.5045

4723.8900,3.3165,3.4402,6.0339,5.9109,5.9723,8.5652,4.7365,4.9017,8.5652,5.4251

4724.8900,3.6252,3.4402,6.0339,5.9726,6.3428,8.5652,4.5513,4.9943,8.5652,5.5045

4725.8910,3.8104,3.4402,5.7252,5.9109,5.7254,8.5035,4.3043,4.8194,8.5035,5.3457

4726.8900,3.4400,3.6254,5.7869,6.4665,6.1576,8.3800,4.5513,5.0046,8.3800,5.4868

4727.8900,3.4400,2.9463,6.0339,6.2196,5.6636,8.7504,4.6748,4.8297,8.7504,5.3898

4728.8900,3.2548,3.2550,4.6139,6.4665,5.6636,8.5035,4.8600,4.6856,8.5035,5.2310

4729.8900,3.4400,3.4402,5.7869,5.7874,5.7871,8.6887,4.6130,4.8091,8.6887,5.3633

4730.8900,3.7486,3.4402,6.0956,6.4665,5.9106,8.3183,4.7365,5.0663,8.3183,5.5309

4731.8900,3.6252,3.6254,5.7252,5.9726,5.2932,9.0591,4.4278,4.7782,9.0591,5.3898

4732.8900,3.4400,3.1933,5.8487,6.0961,5.7871,8.8122,4.7365,4.8503,8.8122,5.4163

4733.8900,3.7486,3.1315,6.1574,6.5900,5.4166,8.6887,4.6748,4.9532,8.6887,5.4868

4734.8900,3.4400,3.6872,5.2930,6.0961,6.9602,8.0096,5.0452,5.0869,8.0096,5.5045

4735.8900,3.5017,3.7489,5.6017,5.9726,5.7871,8.4418,4.8600,4.9120,8.4418,5.4163

4736.8900,3.4400,3.7489,5.9104,6.7752,6.0958,8.1948,4.7365,5.1178,8.1948,5.5574

4737.8900,3.8721,3.5019,5.5400,6.2813,6.0341,8.6887,4.7365,4.9943,8.6887,5.5221

4738.8900,4.1190,3.4402,5.7252,6.0961,5.8488,8.6887,4.1191,4.8914,8.6887,5.4339

4739.8900,3.2548,3.7489,5.7869,5.9109,5.4166,8.1948,5.1070,4.8709,8.1948,5.3457

4740.8900,2.3289,2.8846,6.0339,6.1578,5.8488,8.5035,4.3043,4.5931,8.5035,5.1517

4741.8900,4.1190,3.6254,5.8487,5.7874,5.9723,8.2565,4.6748,5.0046,8.2565,5.4692

4742.8900,3.0696,3.6872,6.2191,6.2196,5.7871,8.1331,4.9217,4.9841,8.1331,5.4339

4743.8900,4.9832,3.0698,6.2191,5.8492,6.5898,8.5652,4.4895,5.2001,8.5652,5.6808

4744.8900,3.5017,4.2428,5.9722,5.7874,5.7871,8.5652,4.7365,5.0046,8.5652,5.5133

4745.8900,3.8104,3.1933,5.9722,5.8492,5.9106,8.4418,5.1070,4.9737,8.4418,5.4692

4746.8900,3.8104,3.3167,6.0956,6.0961,6.2193,8.6270,4.6130,5.0252,8.6270,5.5397

4747.8900,3.8104,4.5515,5.9722,5.8492,5.8488,8.4418,4.3661,5.0663,8.4418,5.5485

4748.8900,3.6252,2.1438,5.7252,6.2813,5.7254,8.8122,4.6130,4.6856,8.8122,5.2751

4749.8910,3.0079,3.7489,5.9722,5.7874,6.0958,8.5035,4.5513,4.8606,8.5035,5.3810

4750.8900,3.1931,3.8106,5.6017,5.8492,5.9106,8.1948,4.7365,4.8503,8.1948,5.3281

4751.8900,3.4400,3.5019,5.8487,5.8492,5.7871,8.4418,4.9835,4.9017,8.4418,5.4074

4752.8900,3.8721,3.5019,6.3426,6.2813,5.7871,8.2565,4.6130,5.0663,8.2565,5.5221

4753.8900,3.7486,4.5515,6.1574,5.9109,5.9723,8.3183,4.4895,5.1384,8.3183,5.5926

4754.8900,3.2548,3.5019,5.6635,5.9109,5.7871,8.9356,5.4774,4.9326,8.9356,5.5045

4755.8900,3.5634,3.6254,6.0956,5.9726,5.8488,9.1208,4.7983,4.9840,9.1208,5.5750

4756.8900,3.7486,3.3167,5.9104,6.1578,6.0958,8.5652,4.5513,4.9635,8.5652,5.4780

4757.8900,3.5634,3.4402,5.4782,6.3430,5.5401,8.5035,4.5513,4.8194,8.5035,5.3457

4758.8900,3.4400,3.3785,6.0339,5.7257,5.7254,8.6887,4.7365,4.8400,8.6887,5.3898

4759.8900,3.0696,3.9958,5.6635,5.9109,5.8488,8.6887,4.7365,4.8709,8.6887,5.4163

4760.8900,3.8721,3.2550,6.1574,6.0344,5.7871,8.5652,4.5513,4.9429,8.5652,5.4604

4761.8900,3.5017,3.5637,5.3548,6.1578,6.3428,8.3800,5.0452,4.9943,8.3800,5.4780

4762.8900,3.6252,3.5019,5.7869,5.9726,5.7871,8.7504,4.6130,4.8811,8.7504,5.4339

4763.8900,3.6869,3.5019,5.7869,5.9109,6.2810,8.4418,4.5513,4.9532,8.4418,5.4515

4764.8900,3.8104,3.3785,5.7869,6.0961,5.7254,8.1948,4.5513,4.8914,8.1948,5.3633

4765.8900,3.3165,3.1315,6.2191,5.7874,5.9106,8.6887,4.9217,4.8812,8.6887,5.4251

4766.8900,3.7486,3.4402,5.7869,5.9109,5.9723,8.1948,4.7365,4.9326,8.1948,5.3986

4767.8900,3.6869,3.5019,5.8487,6.3430,5.9723,8.3800,4.6130,4.9943,8.3800,5.4780

4768.8900,3.5634,3.8106,5.6017,6.2196,5.8488,8.5035,4.3043,4.8914,8.5035,5.4074

4769.8900,3.7486,3.6872,5.6635,5.7874,5.5401,8.6270,4.5513,4.8297,8.6270,5.3722

4770.8900,3.8721,3.3167,5.9104,6.0961,5.8488,8.5035,4.6748,4.9532,8.5035,5.4603

4771.8900,3.5017,3.5637,5.7869,6.1578,5.8488,8.8122,4.4895,4.8914,8.8122,5.4515

4772.8900,3.4400,3.7489,6.3426,6.0344,5.7254,8.5652,4.6130,4.9840,8.5652,5.4956

4773.8900,3.6252,3.7489,5.6635,6.0961,6.0341,8.6887,4.6748,4.9737,8.6887,5.5045

4774.8900,3.2548,3.5637,5.9722,6.1578,6.0341,8.4418,5.0452,5.0046,8.4418,5.4956

4775.8900,3.5017,3.6254,5.7869,5.9109,5.8488,8.5035,4.7365,4.9017,8.5035,5.4163

4776.8900,3.4400,4.0576,5.7869,6.0344,6.5898,8.1948,4.8600,5.1281,8.1948,5.5662

4777.8900,3.5634,3.2550,6.1574,6.4665,5.9106,8.7504,4.5513,4.9840,8.7504,5.5221

4778.8900,3.7486,3.3167,6.0339,6.1578,5.9723,8.5652,4.6748,4.9840,8.5652,5.4956

4779.8900,3.2548,3.5019,5.8487,5.7257,5.9106,8.5035,4.4278,4.7783,8.5035,5.3104

4780.8900,3.5634,3.6254,5.8487,5.6640,5.9723,8.6887,4.4895,4.8606,8.6887,5.4074

4781.8900,3.5017,3.5019,5.5400,6.2196,5.8488,8.4418,4.5513,4.8606,8.4418,5.3722

4782.8900,3.3165,3.6254,5.7252,6.5900,5.7871,8.4418,4.6748,4.9532,8.4418,5.4515

4783.8910,3.1931,3.8724,5.9104,5.9726,6.2810,8.5652,4.9217,5.0252,8.5652,5.5309

4784.8900,3.5634,3.3167,5.9722,5.5405,6.0341,8.3800,4.6748,4.8503,8.3800,5.3545

4785.8910,3.5017,3.5637,5.6635,5.7874,5.8488,8.5035,4.7365,4.8503,8.5035,5.3722

4786.8900,3.6869,3.5019,6.0956,6.0961,5.8488,8.6887,4.3661,4.9326,8.6887,5.4692

4787.8900,3.6252,3.6254,6.0339,5.9109,5.7254,8.5035,4.6748,4.9326,8.5035,5.4427

4788.8900,3.1931,3.6872,6.0339,5.9109,5.9723,8.1948,5.0452,4.9738,8.1948,5.4339

4789.8900,3.5017,3.6872,5.7252,5.9109,5.3549,8.5035,4.6748,4.8091,8.5035,5.3369

4790.8900,3.3165,3.8106,6.1574,6.0344,6.1576,8.5652,4.4895,4.9943,8.5652,5.5045

4791.8900,3.5634,3.5637,6.1574,5.9109,5.7871,8.6270,4.5513,4.9223,8.6270,5.4515

4792.8900,3.5634,3.8106,5.9722,4.6145,6.2810,8.1948,4.8600,4.8503,8.1948,5.3281

4793.8900,3.3783,3.7489,5.8487,6.1578,5.7254,8.5035,4.8600,4.9532,8.5035,5.4604

4794.8900,3.4400,3.4402,5.6635,5.9109,5.2932,8.8122,4.7983,4.7577,8.8122,5.3369

4795.8910,3.8721,3.6872,6.0956,5.2318,5.9723,8.3183,4.6130,4.9120,8.3183,5.3986

4796.8910,3.3783,3.4402,6.0339,6.0961,5.9723,8.4418,5.1687,5.0149,8.4418,5.5045

4797.8900,3.5634,3.4402,5.9104,6.3430,5.8488,8.9356,4.6748,4.9635,8.9356,5.5309

4798.8910,3.4400,3.2550,6.0339,5.9109,5.9106,8.5652,5.1070,4.9429,8.5652,5.4604

4799.8900,2.5758,3.1315,5.8487,6.1578,5.7871,8.6270,4.6130,4.6857,8.6270,5.2487

4800.8900,3.0696,3.4402,5.4782,6.4665,5.8488,8.5652,4.9835,4.8812,8.5652,5.4074

4801.8900,3.4400,3.6254,5.9104,5.9109,5.6019,8.3800,4.7983,4.8811,8.3800,5.3810

4802.8900,3.3783,3.5019,5.8487,6.1578,5.4784,8.8122,4.6130,4.8297,8.8122,5.3986

4803.8900,3.8721,3.3785,5.6635,5.9726,5.7254,8.6887,4.7983,4.9017,8.6887,5.4427

4804.8900,3.5017,3.8724,6.0956,6.0961,5.7871,8.9356,4.3661,4.9532,8.9356,5.5221

4805.8900,3.5017,3.1933,5.7252,6.0961,5.7871,8.6887,4.7983,4.8503,8.6887,5.3986

4806.8900,3.3165,3.2550,5.9104,5.9726,5.4166,8.6270,4.6130,4.7474,8.6270,5.3016

4807.8900,3.5634,3.1315,6.2191,5.8492,5.7254,8.5035,4.6748,4.8606,8.5035,5.3810

4808.8900,3.5017,3.0698,5.6635,6.0344,5.9106,8.3183,4.6748,4.8091,8.3183,5.3104

4809.8900,3.4400,3.6254,5.4782,6.0961,5.8488,8.6887,4.9217,4.9017,8.6887,5.4427

4810.8900,2.8227,3.6254,5.8487,5.7257,5.8488,8.6270,4.7365,4.7680,8.6270,5.3193

4811.8900,3.4400,3.7489,5.6017,6.1578,5.8488,8.3183,4.4278,4.8708,8.3183,5.3633

4812.8900,3.7486,3.5637,5.8487,5.6640,4.3053,9.4295,4.0574,4.5313,9.4295,5.2310

4813.8900,3.6252,3.4402,5.9104,6.1578,5.5401,8.8122,4.6130,4.8811,8.8122,5.4427

4814.8900,3.7486,3.5637,6.2809,6.4048,5.7254,8.3183,4.2426,4.9943,8.3183,5.4692

4815.8900,3.4400,3.1933,5.7869,5.9109,5.6636,8.5652,4.6748,4.7782,8.5652,5.3192

4816.8900,3.9338,3.5637,5.7869,6.3430,5.9106,8.1948,4.4895,5.0046,8.1948,5.4603

4817.8900,3.3783,3.8106,5.5400,6.3430,5.9106,8.7504,4.7365,4.9532,8.7504,5.4956

4818.8900,3.6252,3.6254,5.6635,6.3430,5.9106,8.1948,4.4895,4.9429,8.1948,5.4074

4819.8900,3.1931,3.1933,5.7252,5.9726,5.4166,8.7504,3.8721,4.5622,8.7504,5.1605

4820.8900,3.5017,2.8846,6.1574,6.0961,5.5401,8.8122,4.6748,4.8091,8.8122,5.3810

4821.8900,4.3042,4.4897,5.7869,5.9109,6.0958,8.6887,4.6130,5.2001,8.6887,5.6985

4822.8900,3.1931,3.3167,6.0956,5.8492,5.8488,8.8739,5.3539,4.9429,8.8739,5.5045

4823.8900,3.8721,3.6254,6.6513,5.9726,5.5401,8.3800,4.7983,5.0766,8.3800,5.5485

4824.8900,4.1807,3.6254,5.9722,6.0961,6.0341,8.1948,4.7983,5.1178,8.1948,5.5574

4825.8910,3.5017,3.5637,6.2809,5.9726,6.0341,8.8122,4.6748,5.0046,8.8122,5.5486

4826.8900,3.6869,2.7611,6.0956,6.2196,5.6019,7.3922,5.2922,4.9429,7.3922,5.2928

4827.8900,3.7486,3.6872,5.8487,6.7752,5.8488,9.2443,5.0452,5.1590,9.2443,5.7426

4828.8900,3.2548,3.7489,5.8487,6.4665,5.8488,8.6270,4.9835,5.0252,8.6270,5.5397

4829.8900,3.5017,3.3785,5.8487,5.6640,5.9106,8.6270,4.3661,4.7782,8.6270,5.3281

4830.8900,3.4400,3.6254,6.0339,6.2196,5.7871,8.6270,5.0452,5.0252,8.6270,5.5397

4831.8900,3.3165,3.1315,5.7869,6.0344,5.3549,8.6887,3.5017,4.5210,8.6887,5.1164

4832.8910,3.3783,3.4402,5.8487,6.2196,5.5401,8.5652,4.7983,4.8709,8.5652,5.3986

4833.8900,3.7486,3.5019,5.7869,5.9726,5.4784,9.1826,4.3661,4.8091,9.1826,5.4339

4834.8910,3.8721,3.5637,5.6635,5.8492,5.9106,8.5035,4.4895,4.8914,8.5035,5.4074

4835.8900,3.7486,3.3785,5.4165,6.3430,5.6636,8.6887,4.6130,4.8605,8.6887,5.4074

4836.8900,3.6252,3.3785,5.7869,6.0344,5.8488,8.1331,4.9217,4.9326,8.1331,5.3898

4837.8900,3.5017,3.7489,5.7869,5.5405,5.9723,8.4418,4.9217,4.9120,8.4418,5.4163

4838.8900,3.6869,3.1933,5.9104,6.0344,6.0341,8.6887,4.6748,4.9223,8.6887,5.4604

4839.8900,3.6869,3.3167,6.1574,5.8492,6.2193,8.8739,4.6748,4.9840,8.8739,5.5397

4840.8900,3.8104,3.6254,5.7869,5.8492,6.1576,9.6765,4.7983,5.0046,9.6765,5.6720

4841.8900,3.6869,3.7489,5.3548,5.8492,5.6636,8.8122,4.3661,4.7782,8.8122,5.3545

4842.8900,3.9955,3.5019,5.7869,6.0344,5.1079,8.5035,4.3043,4.7885,8.5035,5.3192

4843.8900,3.6252,3.5637,5.1695,6.1578,6.0958,8.2565,4.9217,4.9223,8.2565,5.3986

4844.8900,3.5634,2.9463,6.0956,6.2196,5.7254,8.8122,4.7983,4.8914,8.8122,5.4515

4845.8910,3.7486,3.5637,5.8487,6.2813,5.8488,9.2443,4.6748,4.9943,9.2443,5.6015

4846.8900,3.5634,3.3167,5.7869,5.9726,6.0341,8.2565,4.7365,4.9017,8.2565,5.3810

4847.8900,3.1314,3.5019,5.9722,5.7874,5.8488,8.5035,4.7983,4.8400,8.5035,5.3634

4848.8900,3.5017,3.5637,5.7869,6.4048,5.9723,8.4418,4.6130,4.9737,8.4418,5.4692

4849.8900,3.6252,3.5637,5.6635,4.9849,5.2932,8.6270,4.6130,4.6239,8.6270,5.1958

4850.8900,3.8721,3.2550,5.8487,6.2196,5.4784,8.6887,4.6130,4.8811,8.6887,5.4251

4851.8900,3.3783,3.3785,5.7869,6.0961,6.0341,8.9356,4.7365,4.9017,8.9356,5.4780

4852.8900,3.6252,3.0698,6.0956,5.9726,5.9723,8.5652,4.6748,4.9017,8.5652,5.4251

4853.8900,3.5017,4.0576,5.8487,5.9726,5.7254,8.3800,4.8600,4.9943,8.3800,5.4780

4854.8900,3.8104,3.4402,6.0339,5.6640,5.9723,8.6270,4.6130,4.9223,8.6270,5.4515

4855.8900,3.6252,3.3167,5.5400,6.0961,5.7871,8.6270,4.6130,4.8297,8.6270,5.3722

4856.8900,3.5634,2.8846,5.8487,6.0344,5.7871,8.8739,4.4278,4.7577,8.8739,5.3457

4857.8900,3.6869,3.6254,6.3426,6.4048,5.9723,8.3800,4.6130,5.1075,8.3800,5.5750

4858.8900,3.5017,3.5019,6.5278,5.7257,5.9723,8.5652,5.0452,5.0458,8.5652,5.5486

4859.8900,3.6869,3.8724,5.7252,6.4048,6.0958,8.5652,4.6130,5.0663,8.5652,5.5662

4860.8900,3.7486,3.5637,5.9722,5.8492,5.6636,8.5652,4.6130,4.9017,8.5652,5.4251

4861.8900,3.4400,3.8106,6.0339,5.9726,6.0341,9.6765,4.9217,5.0355,9.6765,5.6985

4862.8900,3.3783,3.6872,5.7252,5.9109,6.0958,9.2443,4.9217,4.9532,9.2443,5.5662

4863.8910,3.5017,3.9341,6.0956,5.9726,5.3549,8.3800,4.6130,4.9120,8.3800,5.4074

4864.8900,3.8104,3.2550,6.2809,6.2196,5.8488,8.1331,4.4895,4.9840,8.1331,5.4339

4865.8900,3.8721,3.6872,5.6017,6.1578,5.7871,8.2565,4.3661,4.9120,8.2565,5.3898

4866.8900,3.8721,3.3167,5.7252,5.9109,5.8488,8.7504,4.9835,4.9429,8.7504,5.4868

4867.8900,3.3783,3.3785,5.8487,6.0344,5.7871,8.6270,4.6130,4.8400,8.6270,5.3810

4868.8900,3.4400,3.3785,5.7869,6.1578,6.0341,8.7504,4.9835,4.9635,8.7504,5.5045

4869.8900,3.5017,3.6254,5.7869,6.1578,5.7254,8.9974,4.6130,4.9017,8.9974,5.4868

4870.8900,3.6252,3.6254,5.7252,6.1578,5.8488,8.8122,4.6748,4.9429,8.8122,5.4956

4871.8900,3.6869,3.4402,6.0339,6.0961,5.8488,8.3183,4.7365,4.9737,8.3183,5.4515

4872.8900,3.3165,3.5637,5.8487,6.1578,5.8488,8.1331,4.7983,4.9223,8.1331,5.3810

4873.8900,3.5017,3.6254,6.0956,6.1578,5.8488,9.0591,4.6748,4.9840,9.0591,5.5662

4874.8900,3.6252,3.3785,5.4165,6.0344,6.0341,8.2565,5.2304,4.9532,8.2565,5.4251

4875.8900,3.6252,3.0081,6.0956,5.9109,6.1576,8.3183,4.6130,4.9017,8.3183,5.3898

4876.8900,3.5017,3.3167,5.8487,6.0344,5.8488,8.6270,5.0452,4.9326,8.6270,5.4604

4877.8900,3.3783,2.6994,6.1574,6.2813,5.7254,8.6270,4.6130,4.8091,8.6270,5.3545

4878.8910,3.3165,3.5637,5.8487,6.0344,5.3549,8.4418,4.9835,4.8503,8.4418,5.3633

4879.8900,3.9338,3.5637,5.7252,6.0961,5.7871,8.2565,4.8600,4.9943,8.2565,5.4603

4880.8900,3.7486,3.5019,6.1574,6.4665,5.8488,8.6887,4.8600,5.0972,8.6887,5.6103

4881.8900,3.1314,3.3785,6.0956,5.8492,5.7254,8.6887,5.5391,4.9532,8.6887,5.4868

4882.8900,3.0696,3.8724,6.0339,6.5900,5.9723,8.5652,4.7983,5.0561,8.5652,5.5574

4883.8900,3.7486,3.3785,5.7252,6.2196,7.0220,8.8122,4.5513,5.1075,8.8122,5.6368

4884.8900,3.8104,3.4402,5.6635,6.2196,6.6515,8.6270,4.6748,5.0766,8.6270,5.5838

4885.8900,3.6869,3.5019,5.7869,5.7874,6.2810,8.3800,4.6130,4.9429,8.3800,5.4339

4886.8900,3.7486,3.5019,5.7252,6.3430,6.8985,8.8122,4.3661,5.0972,8.8122,5.6279

4887.8900,3.6869,3.9958,5.8487,5.9726,5.8488,8.5652,4.8600,5.0355,8.5652,5.5397

4888.8900,3.1931,3.6254,5.6017,6.2813,6.0341,8.9356,5.0452,4.9635,8.9356,5.5309

4889.8900,3.0696,3.3167,5.9722,5.8492,5.9106,8.6887,4.9217,4.8400,8.6887,5.3898

4890.8900,3.5017,3.2550,5.8487,6.1578,5.7254,8.9974,4.6748,4.8606,8.9974,5.4515

4891.8900,4.0573,3.5637,5.6017,5.9109,5.9723,8.5652,4.5513,4.9429,8.5652,5.4603

4892.8900,3.3783,3.0698,5.3548,6.0344,5.6019,8.4418,4.5513,4.6651,8.4418,5.2046

4893.8900,3.4400,3.6872,5.7252,6.7752,6.0341,8.5035,4.6748,5.0561,8.5035,5.5486

4894.8900,3.4400,3.3167,5.9104,5.9109,6.0341,8.5652,5.1070,4.9532,8.5652,5.4692

4895.8900,3.5634,3.7489,6.4043,6.1578,5.7871,8.6270,4.5513,5.0355,8.6270,5.5486

4896.8900,3.0079,3.8106,5.4782,6.5900,5.6636,8.5035,4.7365,4.8811,8.5035,5.3986

4897.8900,3.4400,2.8846,6.0339,5.8492,5.7871,8.5035,4.4895,4.7474,8.5035,5.2840

4898.8900,3.5634,3.6872,5.4782,6.1578,5.8488,8.2565,4.9217,4.9429,8.2565,5.4163

4899.8900,3.6869,3.5019,6.1574,6.5900,5.6636,8.4418,4.6748,5.0458,8.4418,5.5309

4900.8900,3.5634,3.3167,6.1574,5.7257,5.9723,8.5652,5.1687,4.9840,8.5652,5.4956

4901.8900,3.5634,3.3785,5.7252,6.0961,5.3549,8.7504,4.7983,4.8194,8.7504,5.3810

4902.8900,3.4400,4.1810,5.7252,5.8492,5.9106,8.6270,4.7983,4.9840,8.6270,5.5045

4903.8900,3.8721,3.9341,5.9104,5.9109,5.7254,8.6270,4.7365,5.0149,8.6270,5.5309

4904.8900,3.7486,3.3167,5.6017,6.0961,5.7254,8.6887,3.8104,4.7165,8.6887,5.2839

4905.8900,3.6869,3.9958,5.9104,5.8492,6.4045,8.5035,4.6130,5.0766,8.5035,5.5662

4906.8900,3.6869,3.4402,5.9722,5.7257,6.2810,8.3800,4.6748,4.9635,8.3800,5.4515

4907.8900,3.4400,3.5019,5.9722,6.1578,5.2932,8.8739,4.5513,4.8194,8.8739,5.3986

4908.8910,3.5017,3.6872,5.5400,6.0344,5.9106,8.7504,4.6748,4.8914,8.7504,5.4427

4909.8900,3.9338,3.5637,6.0339,5.6640,6.4045,8.2565,4.6130,5.0355,8.2565,5.4956

4910.8900,3.3783,3.4402,5.9104,6.4665,6.1576,8.2565,4.6748,5.0046,8.2565,5.4692

4911.8900,3.5017,3.6872,6.1574,6.1578,5.7254,8.0096,4.4278,4.9429,8.0096,5.3810

4912.8900,3.1931,3.5019,5.9722,5.9109,5.9106,8.5035,5.3539,4.9738,8.5035,5.4780

4913.8900,3.2548,3.1933,6.0339,5.8492,5.9723,8.6887,4.9835,4.8812,8.6887,5.4251

4914.8900,3.6252,4.3663,5.9104,5.9109,5.9106,8.4418,5.9713,5.2824,8.4418,5.7338

4915.8900,3.8721,4.7984,6.1574,6.0961,6.0341,8.5652,4.3661,5.2207,8.5652,5.6985

4916.8900,3.3165,3.7489,5.4782,6.1578,5.7254,8.5035,4.8600,4.8811,8.5035,5.3986

4917.8900,3.6869,4.2428,6.0956,6.0344,5.7871,8.5035,4.7365,5.0972,8.5035,5.5838

4918.8900,3.5017,3.9958,5.4782,5.9109,5.9723,8.4418,4.7983,4.9429,8.4418,5.4427

4919.8900,3.2548,4.7984,6.4043,5.9109,5.6019,8.8122,5.2922,5.2104,8.8122,5.7250

4920.8900,3.3783,3.5637,5.7252,5.9726,5.8488,9.1208,4.9835,4.9120,9.1208,5.5133

4921.8900,3.5017,3.6872,5.6017,5.8492,5.6636,8.6270,4.6748,4.8297,8.6270,5.3722

4922.8900,3.5017,4.1193,5.8487,5.9726,5.8488,8.5652,4.8600,5.0252,8.5652,5.5309

4923.8900,3.8104,3.6872,6.0339,6.2813,5.6636,8.5652,4.4895,4.9943,8.5652,5.5044

4924.8900,3.4400,3.8724,5.4165,6.1578,6.0341,8.7504,4.6748,4.9326,8.7504,5.4780

4925.8900,3.3783,3.8724,5.7252,6.5283,4.3053,9.0591,3.8721,4.6136,9.0591,5.2487

4926.8910,4.3042,3.5637,5.7252,5.9726,5.7871,8.5652,4.1808,4.9223,8.5652,5.4427

4927.8910,3.6869,3.1933,6.2809,5.9726,5.6636,8.8122,5.5391,5.0561,8.8122,5.5927

4928.8900,3.6869,3.6872,5.9104,6.5283,5.9723,8.3800,4.7983,5.0972,8.3800,5.5662

4929.8900,2.9462,3.9958,5.6017,6.0344,5.9106,8.4418,4.6748,4.8606,8.4418,5.3722

4930.8900,3.4400,3.7489,5.7869,6.1578,5.9723,8.7504,4.9835,5.0149,8.7504,5.5486

4931.8900,3.7486,3.8724,6.1574,5.9726,5.6019,8.3183,4.9217,5.0458,8.3183,5.5133

4932.8900,3.8721,3.8724,5.9722,5.9109,6.1576,8.3800,4.5513,5.0561,8.3800,5.5309

4933.8900,3.8721,3.6254,5.9104,5.7874,5.6019,8.5652,4.7983,4.9326,8.5652,5.4515

4934.8910,4.0573,3.6872,5.9104,5.8492,5.6636,8.8122,4.4278,4.9326,8.8122,5.4868

4935.8900,3.8104,3.5019,6.3426,6.0344,6.2810,8.0096,4.9835,5.1590,8.0096,5.5662

4936.8900,4.1190,3.8724,5.7252,5.8492,5.8488,9.6765,4.6748,5.0149,9.6765,5.6808

4937.8900,4.1807,3.5637,5.7252,6.2196,5.9723,8.9974,4.4278,5.0149,8.9974,5.5838

4938.8900,3.6252,3.3167,6.5278,6.1578,6.2810,9.4295,4.4895,5.0664,9.4295,5.6897

4939.8900,3.7486,3.6872,5.9722,6.0344,5.6019,9.3061,4.4895,4.9223,9.3061,5.5485

4940.8900,3.3165,3.4402,5.8487,5.9726,5.9106,8.6270,4.9835,4.9120,8.6270,5.4427

4941.8900,3.1931,3.5637,5.8487,5.9109,5.8488,8.1948,4.7983,4.8606,8.1948,5.3369

4942.8900,3.3165,3.3167,6.1574,6.0344,5.7254,8.8122,5.5391,5.0149,8.8122,5.5574

4943.8900,3.8721,3.4402,5.7252,5.9109,6.0958,8.2565,4.7983,4.9737,8.2565,5.4427

4944.8910,3.5634,3.5019,5.7252,6.1578,5.7871,8.3800,4.4278,4.8606,8.3800,5.3633

4945.8900,3.8721,3.4402,5.7869,6.2196,6.0341,8.6887,4.4895,4.9737,8.6887,5.5044

4946.8900,3.8721,3.3785,5.9104,6.2196,5.8488,8.2565,4.7365,4.9943,8.2565,5.4604

4947.8900,3.5017,3.5637,5.2313,6.4048,5.9106,9.1826,4.9217,4.9223,9.1826,5.5309

4948.8900,3.8104,3.5019,5.7252,6.2196,6.7750,8.8122,4.7365,5.1281,8.8122,5.6544

4949.8900,3.8104,3.4402,5.7252,6.0961,5.8488,8.7504,4.4278,4.8914,8.7504,5.4427

4950.8900,3.1931,3.6872,5.9104,5.9726,6.1576,8.6887,4.4278,4.8914,8.6887,5.4339

4951.8910,3.7486,3.4402,5.5400,6.1578,6.1576,8.8122,4.6130,4.9429,8.8122,5.4956

4952.8900,3.6869,3.3167,5.9722,5.7874,5.9723,8.3800,4.7983,4.9223,8.3800,5.4163

4953.8900,3.6252,3.8724,5.8487,5.9726,5.8488,8.6270,4.7365,4.9840,8.6270,5.5045

4954.8900,3.7486,3.5019,6.2809,6.1578,5.4166,8.8739,4.7983,4.9840,8.8739,5.5397

4955.8910,3.8104,3.6254,5.9104,5.9726,5.9106,8.6887,4.3043,4.9223,8.6887,5.4603

4956.8910,3.6252,3.5637,5.8487,6.0961,5.7871,8.9974,4.7365,4.9429,8.9974,5.5221

4957.8900,3.3783,3.3167,6.1574,6.2196,5.6636,8.6887,5.8478,5.0972,8.6887,5.6103

4958.8900,3.8104,3.5637,6.0339,5.6640,6.0341,8.6887,4.4278,4.9223,8.6887,5.4604

4959.8900,3.9338,3.6254,5.8487,6.2196,5.9723,8.0713,4.7365,5.0561,8.0713,5.4868

4960.8900,3.6252,3.5019,6.1574,6.1578,5.4166,8.4418,4.5513,4.9017,8.4418,5.4074

4961.8900,4.1807,3.5019,5.6635,6.0344,5.8488,8.8122,4.4895,4.9531,8.8122,5.5044

4962.8900,3.5634,3.3167,5.8487,6.1578,5.7871,8.5652,4.9217,4.9326,8.5652,5.4515

4963.8900,3.6869,3.4402,6.3426,6.0344,6.0341,8.7504,4.3661,4.9840,8.7504,5.5221

4964.8900,3.5017,3.8724,5.8487,6.1578,5.4784,8.8122,4.7983,4.9429,8.8122,5.4956

4965.8910,3.3783,3.8724,5.8487,6.2196,5.9106,9.2443,4.8600,5.0149,9.2443,5.6191

4966.8900,3.3165,3.3785,5.8487,6.5283,5.5401,8.8739,5.7861,5.0664,8.8739,5.6103

4967.8900,3.8104,3.5019,5.7252,6.2813,6.8367,8.6887,4.7365,5.1487,8.6887,5.6544

4968.8900,3.6252,3.5637,5.9722,6.1578,5.6636,8.9356,4.7983,4.9635,8.9356,5.5309

4969.8910,3.6869,3.4402,5.7252,6.0344,6.0341,8.3183,4.6130,4.9223,8.3183,5.4074

4970.8910,3.6869,3.2550,5.9104,5.9109,6.2193,8.5035,5.1070,5.0149,8.5035,5.5133

4971.8900,3.3783,3.6872,5.8487,6.5900,5.7871,8.5035,5.1070,5.0664,8.5035,5.5574

4972.8900,3.3165,3.5637,5.8487,6.1578,5.6019,8.7504,4.7365,4.8709,8.7504,5.4251

4973.8900,3.6869,3.7489,5.8487,6.1578,6.0341,8.8739,4.6748,5.0252,8.8739,5.5750

4974.8900,3.5634,3.1315,5.8487,6.1578,5.9723,8.4418,5.0452,4.9532,8.4418,5.4515

4975.8900,4.1807,3.6254,6.2809,5.8492,6.4663,8.2565,4.6748,5.1795,8.2565,5.6191

4976.8900,3.9955,3.6254,5.7869,6.2813,5.9106,8.2565,4.4278,5.0046,8.2565,5.4692

4977.8900,3.1314,3.6254,5.9104,6.4665,6.1576,9.0591,4.7365,5.0046,9.0591,5.5838

4978.8900,3.2548,3.3785,6.1574,6.1578,6.0341,8.5035,5.4157,5.0664,8.5035,5.5574

4979.8900,3.3783,3.6872,5.6017,6.2196,5.8488,8.6270,4.9217,4.9429,8.6270,5.4692

4980.8900,3.8104,3.6872,6.0956,5.9109,5.6019,8.8739,4.4278,4.9223,8.8739,5.4868

4981.8900,3.7486,3.4402,5.7252,6.2196,5.9723,8.8739,4.7365,4.9737,8.8739,5.5309

4982.8900,3.4400,3.3167,6.2191,6.1578,5.4784,8.6887,4.9217,4.9223,8.6887,5.4604

4983.8900,3.5634,3.9341,6.2191,6.0344,5.4784,8.4418,4.9835,5.0355,8.4418,5.5221

4984.8900,3.5017,3.7489,5.9722,6.2813,5.7871,9.3678,4.9217,5.0355,9.3678,5.6544

4985.8900,3.4400,3.4402,6.4043,5.8492,5.7254,8.7504,4.9835,4.9738,8.7504,5.5133

4986.8900,3.6252,3.8106,5.9722,6.0344,5.5401,8.4418,5.0452,5.0046,8.4418,5.4956

4987.8900,3.5634,3.5019,6.0339,6.2196,6.0958,8.6270,4.6748,5.0149,8.6270,5.5309

4988.8900,3.8104,3.3785,5.7252,6.1578,5.7871,8.9356,4.7365,4.9326,8.9356,5.5044

4989.8900,3.6252,3.5019,5.9722,5.7874,6.4045,8.6887,4.4895,4.9635,8.6887,5.4956

4990.8900,3.6252,3.5019,5.9104,6.0961,5.9723,8.5652,5.0452,5.0252,8.5652,5.5309

4991.8900,3.5634,3.4402,6.2191,6.2196,5.8488,8.3800,4.7983,5.0149,8.3800,5.4956

4992.8910,3.5634,3.7489,5.1695,6.3430,6.0341,8.5652,4.9835,4.9737,8.5652,5.4868

4993.8900,3.8721,3.8724,6.0956,6.0961,6.3428,8.3800,4.6748,5.1590,8.3800,5.6191

4994.8900,3.5017,3.6254,5.8487,6.7135,6.0341,8.5035,4.8600,5.0972,8.5035,5.5838

4995.8910,3.2548,3.6254,5.7869,6.0344,5.7871,8.5035,4.7983,4.8811,8.5035,5.3986

4996.8900,3.6869,3.5637,6.0339,5.9726,6.4663,8.6887,4.6130,5.0561,8.6887,5.5750

4997.8900,3.5017,3.6254,6.0339,5.9726,5.9106,8.4418,4.9217,4.9943,8.4418,5.4868

4998.8900,3.6869,3.2550,5.7252,6.1578,6.0341,8.4418,4.9217,4.9635,8.4418,5.4604

4999.8900,3.6252,3.6254,5.6017,6.0961,6.0958,8.5652,4.7983,4.9737,8.5652,5.4868

5000.8900,3.7486,3.5637,6.3426,6.0344,5.7871,8.7504,4.7983,5.0458,8.7504,5.5750

5001.8900,3.7486,3.5019,5.6017,6.0344,6.0958,8.4418,5.0452,5.0046,8.4418,5.4956

5002.8900,3.6252,3.5019,6.2191,6.1578,6.5898,8.8122,4.6748,5.1281,8.8122,5.6544

5003.8900,3.1314,3.1933,6.0956,5.6640,5.9723,8.8122,4.2426,4.7165,8.8122,5.3016

5004.8900,3.6252,2.9463,5.4165,5.9726,6.1576,6.8984,4.1191,4.7062,6.8984,5.0194

5005.8900,3.4400,3.7489,5.7869,5.9726,5.8488,8.6270,5.1070,4.9840,8.6270,5.5045

5006.8910,3.6869,3.8724,5.6017,6.3430,5.9106,8.5035,4.3043,4.9532,8.5035,5.4603

5007.8900,3.9955,4.6749,6.4043,6.5283,5.9106,8.6270,4.7365,5.3750,8.6270,5.8396

5008.8900,3.5017,3.3167,5.7869,5.9109,5.7254,8.2565,4.7983,4.8400,8.2565,5.3281

5009.8900,3.7486,3.9341,6.0956,6.0961,6.2193,8.3800,4.6130,5.1178,8.3800,5.5838

5010.8900,3.7486,4.3045,5.8487,6.2813,5.7871,8.8739,5.0452,5.1692,8.8739,5.6985

5011.8900,3.7486,3.8106,5.6635,6.2813,5.2314,9.5530,4.5513,4.8811,9.5530,5.5485

5012.8900,3.6869,2.8846,6.2191,5.9109,5.9106,8.6270,4.5513,4.8606,8.6270,5.3986

5013.8900,3.9338,3.5637,5.9722,6.4665,6.0341,8.4418,4.8600,5.1384,8.4418,5.6103

5014.8910,3.3783,3.4402,5.9722,6.0344,5.7254,8.7504,5.4774,5.0046,8.7504,5.5397

5015.8900,3.3783,3.6872,6.0339,6.0344,5.9106,8.2565,4.9217,4.9943,8.2565,5.4604

5016.8900,3.3165,3.7489,5.9722,6.4665,6.0341,8.5652,4.7983,5.0561,8.5652,5.5574

5017.8900,3.5634,3.1933,5.8487,6.3430,5.7254,8.8122,4.8600,4.9223,8.8122,5.4780

5018.8900,3.7486,3.9341,5.9104,6.0961,6.2810,8.3183,4.6748,5.1075,8.3183,5.5662

5019.8900,3.5017,3.5019,5.9104,6.2196,5.7254,8.8122,4.9835,4.9737,8.8122,5.5221

5020.8900,3.6252,3.3167,6.2191,5.9109,6.0958,8.6887,4.4895,4.9429,8.6887,5.4780

5021.8910,3.5017,3.7489,5.5400,6.2813,5.7871,8.9974,4.6748,4.9223,8.9974,5.5044

5022.8900,3.6252,3.3785,6.4661,6.3430,6.3428,8.7504,4.7365,5.1487,8.7504,5.6632

5023.8900,3.6869,3.5019,5.5400,6.1578,6.4663,8.6887,4.6748,5.0046,8.6887,5.5309

5024.8900,4.0573,3.5019,5.7252,6.0344,5.9723,8.5652,4.3661,4.9429,8.5652,5.4603

5025.8910,3.7486,3.7489,5.9104,6.8369,5.8488,8.5035,4.7983,5.1487,8.5035,5.6279

5026.8900,3.3783,3.3785,7.1452,5.9726,5.9723,8.6270,5.6626,5.2516,8.6270,5.7338

5027.8900,3.6869,3.4402,5.9722,6.3430,5.4166,8.7504,4.7983,4.9429,8.7504,5.4868

5028.8900,3.6869,3.2550,6.2191,6.7135,6.0341,8.4418,4.1191,5.0046,8.4418,5.4956

5029.8900,3.8104,4.4897,5.2930,6.1578,5.7254,8.1331,4.5513,5.0046,8.1331,5.4515

5030.8910,3.8104,3.0081,6.3426,5.7874,5.9106,8.5035,4.6130,4.9120,8.5035,5.4251

5031.8910,3.5017,3.8724,6.7748,6.5283,6.0341,8.8739,4.5513,5.2104,8.8739,5.7338

5032.8900,3.8104,3.7489,6.0339,6.0344,6.5898,8.3800,4.6130,5.1384,8.3800,5.6015

5033.8900,2.7610,3.9958,5.7869,6.4048,5.7871,8.5035,4.7983,4.9223,8.5035,5.4339

5034.8900,3.8104,4.3663,6.2191,5.9726,6.2193,8.1948,4.6130,5.2001,8.1948,5.6279

5035.8900,3.3783,3.5019,5.7252,6.2196,6.0958,8.9974,5.1070,5.0046,8.9974,5.5750

5036.8900,3.4400,3.4402,6.2191,6.8369,6.1576,8.2565,5.0452,5.1898,8.2565,5.6279

5037.8910,3.6252,3.6872,6.1574,6.8369,5.7871,8.9974,4.4278,5.0869,8.9974,5.6456

5038.8910,3.5634,3.7489,5.9104,5.7257,6.2810,9.5530,5.0452,5.0458,9.5530,5.6897

5039.8910,3.7486,3.4402,4.8608,6.5900,5.7871,9.0591,4.6748,4.8503,9.0591,5.4515

5040.8910,3.6252,3.6872,5.7252,6.1578,5.8488,8.6887,4.8600,4.9840,8.6887,5.5133

5041.8900,3.2548,3.9341,5.9722,6.1578,5.8488,8.5035,4.7983,4.9943,8.5035,5.4956

5042.8910,3.9955,3.8106,5.7869,6.0961,5.9723,8.5035,4.1191,4.9634,8.5035,5.4692

5043.8900,3.5634,3.8724,5.6017,6.4665,6.4045,8.1948,4.8600,5.1281,8.1948,5.5662

5044.8900,3.6252,4.0576,6.4661,5.9109,5.7871,8.7504,4.3661,5.0355,8.7504,5.5662

5045.8900,3.6869,3.7489,5.6017,6.2813,6.0341,8.5035,4.8600,5.0355,8.5035,5.5309

5046.8900,3.3783,3.8724,5.9104,5.7874,5.6636,8.5652,4.7365,4.8914,8.5652,5.4163

5047.8900,3.7486,3.3785,5.8487,6.2196,6.0341,8.5652,4.6748,4.9840,8.5652,5.4956

5048.8900,3.5634,3.0698,6.0339,6.2196,5.5401,8.6887,4.6130,4.8400,8.6887,5.3898

5049.8900,3.8721,3.3167,5.9104,5.9726,6.5280,8.2565,5.0452,5.1075,8.2565,5.5574

5050.8910,3.6869,3.5019,5.7252,6.4048,6.0341,8.4418,4.7365,5.0149,8.4418,5.5045

5051.8900,4.1807,3.5019,5.6017,6.0961,5.9723,8.6887,4.6130,4.9943,8.6887,5.5221

5052.8900,3.5634,3.5019,5.9104,6.0961,5.7871,8.1948,4.8600,4.9532,8.1948,5.4163

5053.8910,3.5017,3.6254,6.1574,6.0344,6.0341,8.0096,5.0452,5.0664,8.0096,5.4868

5054.8900,3.7486,3.7489,5.7252,6.4048,5.9723,8.3800,4.6130,5.0355,8.3800,5.5133

5055.8900,3.5634,3.5019,6.0339,6.2813,6.2810,8.6887,4.7983,5.0766,8.6887,5.5927

5056.8900,3.2548,3.8106,5.7869,6.2196,6.0958,8.3183,4.5513,4.9532,8.3183,5.4339

5057.8900,3.6252,3.6872,5.8487,6.3430,6.0958,8.3800,4.5513,5.0252,8.3800,5.5045

5058.8900,5.1066,3.6872,6.0339,5.8492,6.1576,8.3800,4.8600,5.2824,8.3800,5.7249

5059.8900,4.0573,3.4402,5.9104,6.0344,6.2193,8.6887,5.0452,5.1178,8.6887,5.6279

5060.8900,3.6869,3.5637,5.2930,6.4048,5.4784,8.4418,4.7365,4.8605,8.4418,5.3721

5061.8900,3.9338,3.5019,6.0339,5.5405,6.2810,8.2565,4.7983,5.0149,8.2565,5.4780

5062.8900,3.9338,3.6254,5.8487,5.4788,5.7871,8.7504,4.5513,4.8708,8.7504,5.4251

5063.8900,3.7486,3.6872,6.4661,6.4665,5.9106,8.8122,4.8600,5.1898,8.8122,5.7073

5064.8900,3.6869,3.7489,5.6635,6.3430,6.8985,8.9974,4.9217,5.2104,8.9974,5.7514

5065.8900,3.6252,3.5637,6.2191,7.0839,6.0341,8.7504,4.7983,5.2207,8.7504,5.7249

5066.8910,3.9338,3.5019,5.8487,5.9109,6.0341,8.6270,4.4895,4.9532,8.6270,5.4780

5067.8910,3.8104,3.4402,5.9104,6.0961,6.2193,8.6887,5.3539,5.1384,8.6887,5.6456

5068.8900,3.5634,3.5637,6.0956,5.6022,6.4045,8.3800,4.5513,4.9635,8.3800,5.4515

5069.8900,3.5634,3.5019,6.0339,6.5283,6.1576,8.3183,4.7983,5.0972,8.3183,5.5574

5070.8910,3.6252,3.6872,5.7869,6.2196,5.6019,8.9356,4.7365,4.9429,8.9356,5.5133

5071.8900,2.4523,3.7489,5.7252,5.9726,6.0341,8.8739,5.0452,4.8297,8.8739,5.4075

5072.8900,3.6869,3.3785,5.6017,6.1578,5.8488,8.3800,4.7365,4.9017,8.3800,5.3986

5073.8910,3.8104,3.5637,5.5400,6.0961,5.9106,8.5652,5.0452,4.9943,8.5652,5.5044

5074.8900,3.0696,3.6872,6.0339,6.4665,6.0341,8.5652,4.8600,5.0252,8.5652,5.5309

5075.8900,3.6869,3.4402,6.1574,7.0839,6.0341,8.7504,4.7365,5.1898,8.7504,5.6985

5076.8900,3.9338,3.5637,6.2809,5.7874,6.1576,8.6887,4.5513,5.0458,8.6887,5.5662

5077.8900,3.8721,3.1315,5.9722,6.0961,5.7254,8.6887,4.4278,4.8708,8.6887,5.4162

5078.8900,3.6869,4.2428,5.9722,5.9109,5.8488,8.5035,4.9217,5.0972,8.5035,5.5838

5079.8900,3.6252,3.6872,7.2687,6.8369,6.0958,8.8122,4.6130,5.3545,8.8122,5.8484

5080.8900,3.7486,3.1933,6.2191,6.0344,5.8488,8.8122,5.9096,5.1590,8.8122,5.6809

5081.8900,4.1190,3.6254,5.7252,6.0344,5.7871,8.6887,4.4895,4.9634,8.6887,5.4956

5082.8900,3.6252,3.8106,6.4043,6.4048,6.3428,8.5035,4.7365,5.2207,8.5035,5.6897

5083.8900,3.8104,3.6254,5.2930,6.2813,6.2193,8.3800,5.1070,5.0561,8.3800,5.5309

5084.8900,3.6252,3.6254,5.9722,6.7135,5.7871,8.9356,4.8600,5.0972,8.9356,5.6456

5085.8900,3.5634,3.8724,6.0956,5.9726,7.4542,8.9356,5.1070,5.3442,8.9356,5.8573

5086.8900,3.8104,3.7489,5.9104,5.8492,6.2810,9.2443,4.6130,5.0355,9.2443,5.6367

5087.8900,3.8721,3.6254,7.5774,6.5283,5.3549,8.9974,4.6748,5.2721,8.9974,5.8043

5088.8900,3.4400,4.0576,5.9104,6.0344,5.9106,9.0591,4.3661,4.9532,9.0591,5.5397

5089.8910,3.8721,3.8106,5.9722,6.1578,5.3549,9.4913,4.6748,4.9737,9.4913,5.6191

5090.8900,3.8104,3.4402,5.9104,6.2196,5.9106,8.3183,4.8600,5.0252,8.3183,5.4956

5091.8900,3.8721,3.7489,6.1574,6.2813,6.4045,8.6270,4.7365,5.2001,8.6270,5.6897

5092.8900,3.6869,3.3167,5.9104,6.2196,5.7871,8.6887,4.1808,4.8503,8.6887,5.3986

5093.8900,3.5017,3.6254,5.8487,6.2196,6.1576,8.5035,4.4895,4.9737,8.5035,5.4780

5094.8900,3.8721,3.5637,6.0339,6.2196,6.0341,8.3183,4.8600,5.0972,8.3183,5.5574

5095.8900,3.9955,2.8846,6.1574,6.0961,5.6019,9.3678,4.8600,4.9326,9.3678,5.5662

5096.8900,4.0573,3.7489,5.8487,5.9726,6.0341,8.1948,4.9835,5.1075,8.1948,5.5485

5097.8910,3.9955,3.5019,5.8487,5.6022,5.9723,8.6270,4.7365,4.9429,8.6270,5.4692

5098.8900,3.6869,3.4402,5.9722,6.2196,6.2810,8.7504,4.7365,5.0561,8.7504,5.5838

5099.8900,3.5017,4.3045,5.7869,6.0961,5.8488,8.5652,4.7365,5.0458,8.5652,5.5486

5100.8900,3.8104,3.5637,5.9104,6.3430,5.9723,8.6270,4.7983,5.0663,8.6270,5.5750

5101.8900,3.8721,3.6872,5.7252,6.0961,5.9106,8.7504,4.6130,4.9840,8.7504,5.5221

5102.8900,3.8721,3.5637,5.6017,5.9109,5.8488,8.6887,4.4278,4.8708,8.6887,5.4162

5103.8900,3.5634,3.5019,6.0339,5.7257,5.9106,8.6270,5.1687,4.9840,8.6270,5.5045

5104.8900,4.1807,2.5142,6.4661,5.6022,6.1576,8.3183,4.8600,4.9635,8.3183,5.4427

5105.8900,3.0079,4.3663,5.8487,5.9109,5.8488,8.6887,4.9217,4.9841,8.6887,5.5133

5106.8900,3.5017,4.4897,6.4043,5.9109,5.8488,8.6270,4.9835,5.1898,8.6270,5.6809

5107.8900,3.7486,3.7489,6.0339,6.0344,6.4045,8.1331,4.7983,5.1281,8.1331,5.5574

5108.8900,3.6869,3.5637,6.4661,6.2813,5.9106,8.6270,4.8600,5.1281,8.6270,5.6279

5109.8900,3.5634,3.8106,5.7869,6.1578,5.9106,7.8861,5.2304,5.0766,7.8861,5.4780

5110.8900,3.5017,3.4402,6.0339,5.9726,6.1576,8.5035,5.4774,5.0972,8.5035,5.5838

5111.8900,3.8104,3.3785,5.9722,6.2196,6.0958,8.2565,4.9835,5.0766,8.2565,5.5309

5112.8900,3.8104,3.7489,6.0956,5.9109,6.3428,8.3183,4.7365,5.1075,8.3183,5.5662

5113.8900,3.6252,4.4280,5.4165,6.1578,6.0341,8.4418,4.9217,5.0972,8.4418,5.5750

5114.8910,3.5017,3.5019,6.1574,6.2813,5.7871,8.8122,5.1070,5.0561,8.8122,5.5927

5115.8900,3.6869,3.4402,6.0339,5.9109,6.2810,8.8122,4.7983,5.0252,8.8122,5.5662

5116.8900,3.6869,3.3167,6.2191,6.2813,6.0341,8.5035,4.8600,5.0664,8.5035,5.5574

5117.8900,3.5634,3.8106,5.7252,6.0344,5.8488,8.8739,4.9835,4.9943,8.8739,5.5486

5118.8900,3.6869,3.5637,5.9722,6.0961,6.0341,8.2565,5.0452,5.0664,8.2565,5.5221

5119.8900,3.5017,3.8724,5.7252,5.9109,6.0958,8.4418,4.8600,4.9943,8.4418,5.4868

5120.8910,3.8721,3.6872,5.9722,5.8492,5.7871,8.8122,4.4895,4.9429,8.8122,5.4956

5121.8900,3.8104,3.8106,5.9104,6.4665,6.5898,8.7504,4.9217,5.2516,8.7504,5.7514

5122.8900,3.9338,3.3785,5.9104,6.7752,6.1576,8.7504,4.6748,5.1384,8.7504,5.6544

5123.8900,3.7486,3.5637,7.2687,6.2196,6.4045,8.8739,4.7983,5.3339,8.8739,5.8396

5124.8900,3.8721,3.3785,6.0339,6.3430,6.4045,8.6887,4.7983,5.1384,8.6887,5.6456

5125.8900,3.5017,3.6872,5.9104,6.0344,5.5401,8.6270,4.9835,4.9429,8.6270,5.4692

5126.8900,3.3783,3.5637,6.0339,5.9109,6.1576,8.6270,4.7365,4.9635,8.6270,5.4868

5127.8900,3.8104,3.5019,5.8487,6.0344,5.6636,8.8122,4.6748,4.9223,8.8122,5.4780

5128.8900,3.5634,3.2550,6.1574,6.1578,5.8488,8.5035,5.5391,5.0869,8.5035,5.5750

5129.8900,3.7486,3.5019,5.9104,5.8492,5.6019,8.9356,4.9835,4.9326,8.9356,5.5044

5130.8900,3.4400,3.6872,5.9722,6.2196,5.6636,8.6270,4.9217,4.9840,8.6270,5.5045

5131.8900,3.8721,3.1933,6.1574,6.3430,5.7871,8.8122,4.9217,5.0458,8.8122,5.5838

5132.8900,3.8104,3.6872,5.5400,5.8492,5.9723,8.6887,4.6748,4.9223,8.6887,5.4604

5133.8900,3.7486,3.7489,5.6635,6.2196,5.9106,8.8122,4.4278,4.9532,8.8122,5.5044

5134.8900,3.8721,3.5637,6.0339,6.0961,6.5280,8.6270,4.7983,5.1487,8.6270,5.6456

5135.8900,3.6869,3.5637,5.7252,6.3430,5.8488,8.6887,5.4157,5.0972,8.6887,5.6103

5136.8900,2.9462,3.5637,6.1574,5.9109,5.9106,8.8739,6.0948,5.0973,8.8739,5.6368

5137.8900,3.8721,3.3785,6.0339,5.9109,5.9106,8.5652,4.7365,4.9737,8.5652,5.4868

5138.8910,3.3165,3.8106,5.9722,6.1578,5.9723,8.6270,5.1687,5.0664,8.6270,5.5750

5139.8900,3.5017,3.5637,5.4782,6.2813,5.6019,8.8122,4.7365,4.8606,8.8122,5.4251

5140.8900,3.6869,3.6254,5.9722,6.2813,6.2810,8.6270,4.6130,5.0766,8.6270,5.5838

5141.8900,3.8721,3.6872,5.4165,6.1578,6.0958,8.5652,4.9217,5.0252,8.5652,5.5309

5142.8900,3.6252,3.5637,6.0956,5.8492,5.9106,8.5035,4.8600,4.9840,8.5035,5.4868

5143.8900,3.5017,3.6254,6.3426,5.0466,6.4045,8.5652,4.8600,4.9635,8.5652,5.4780

5144.8910,4.0573,3.6872,5.7869,6.4048,5.9106,8.6887,4.4895,5.0560,8.6887,5.5750

5145.8900,3.6252,3.3167,5.8487,6.3430,5.8488,8.7504,4.9217,4.9840,8.7504,5.5221

5146.8900,3.9338,3.9341,5.8487,5.9726,5.7254,8.8122,4.6748,5.0149,8.8122,5.5574

5147.8900,3.6869,3.8724,6.0956,6.0961,6.2810,7.2688,4.2426,5.0458,7.2688,5.3633

5148.8900,3.8104,3.8106,5.9722,6.0961,6.1576,9.2443,4.9835,5.1384,9.2443,5.7249

5149.8910,3.8104,3.3167,6.1574,6.0344,6.2193,8.5652,3.6252,4.8606,8.5652,5.3898

5150.8900,3.6869,3.7489,5.6635,6.3430,6.1576,8.8122,4.8600,5.0766,8.8122,5.6103

5151.8900,3.3783,3.9958,6.1574,5.9726,6.0958,8.6887,4.9835,5.0972,8.6887,5.6103

5152.8900,3.9955,3.6872,5.7869,6.7135,5.9723,9.2443,4.4278,5.0972,9.2443,5.6896

5153.8900,3.3165,3.6872,6.0956,6.2813,5.6019,7.8244,5.7861,5.1281,7.8244,5.5133

5154.8900,3.6252,3.9958,5.9722,6.6517,6.3428,8.3800,4.6130,5.2001,8.3800,5.6544

5155.8900,3.9338,3.5637,5.8487,6.2813,5.6636,8.5652,4.7365,5.0046,8.5652,5.5133

5156.8900,2.8227,4.0576,6.0956,6.0961,6.2810,8.6887,5.3539,5.1178,8.6887,5.6280

5157.8900,3.8104,3.8724,6.5278,6.2196,5.8488,8.4418,4.1191,5.0663,8.4418,5.5485

5158.8900,3.6869,3.5637,5.8487,6.1578,6.4663,8.9974,4.8600,5.0972,8.9974,5.6544

5159.8900,4.0573,3.3785,5.9722,6.0961,5.8488,8.7504,4.8600,5.0355,8.7504,5.5662

5160.8900,3.5634,3.8106,6.1574,6.0961,6.2193,8.4418,4.9217,5.1281,8.4418,5.6015

5161.8900,3.8104,3.6254,6.5278,6.3430,5.9106,8.6270,4.7365,5.1590,8.6270,5.6544

5162.8900,4.0573,3.4402,5.9722,6.2813,6.0341,8.6270,4.7983,5.0972,8.6270,5.6015

5163.8900,3.3783,3.5637,5.9104,6.2813,5.9106,8.5035,5.2304,5.0458,8.5035,5.5397

5164.8900,3.9338,3.7489,5.9104,6.2196,6.2810,8.6887,4.6748,5.1281,8.6887,5.6367

5165.8900,3.8104,3.5637,6.0956,6.7135,5.7871,8.3183,5.1687,5.1898,8.3183,5.6367

5166.8900,3.5017,3.9958,5.7869,6.3430,5.8488,8.8122,4.9835,5.0766,8.8122,5.6103

5167.8900,3.5634,3.7489,6.0339,6.6517,5.8488,8.6887,4.7983,5.1075,8.6887,5.6191

5168.8900,3.8721,4.5515,6.1574,6.1578,5.9723,8.1331,4.9835,5.2824,8.1331,5.6897

5169.8900,3.3783,3.8724,6.2809,6.2196,6.0341,9.0591,5.1687,5.1590,9.0591,5.7161

5170.8900,3.6252,3.7489,5.9722,6.5283,5.9106,8.9974,5.2922,5.1795,8.9974,5.7249

5171.8900,3.8721,3.5019,5.9722,6.2813,5.9106,8.6270,4.7365,5.0458,8.6270,5.5574

5172.8900,3.5634,3.6254,5.4165,6.1578,6.0341,8.5035,5.1687,4.9943,8.5035,5.4956

5173.8900,3.3783,3.6254,6.2191,6.0344,6.2193,8.7504,4.7365,5.0355,8.7504,5.5662

5174.8910,3.7486,3.4402,6.2191,7.1456,6.0958,8.6887,4.7983,5.2413,8.6887,5.7338

5175.8900,3.5017,3.5019,5.9104,6.5900,6.0341,8.4418,4.7983,5.0561,8.4418,5.5397

5176.8900,3.5634,3.8724,5.9722,6.6517,6.4663,8.5652,4.7365,5.2104,8.5652,5.6897

5177.8900,3.5017,3.5019,6.1574,6.1578,5.4166,8.6270,5.0452,4.9635,8.6270,5.4868

5178.8900,3.4400,3.6254,5.9104,5.9726,5.9723,8.7504,5.1687,5.0149,8.7504,5.5486

5179.8900,3.8104,3.6872,6.0956,6.4665,6.0341,8.5652,4.8600,5.1590,8.5652,5.6456

5180.8900,3.8104,3.3785,6.2809,6.3430,5.9723,8.6270,4.7983,5.0972,8.6270,5.6015

5181.8900,3.6252,3.6254,5.9104,6.4665,5.9723,8.5035,4.6748,5.0458,8.5035,5.5397

5182.8900,4.3042,3.5637,6.0339,6.2196,5.9723,8.8739,4.9835,5.1795,8.8739,5.7073

5183.8910,4.1807,3.5019,5.9722,6.1578,5.8488,9.3061,4.6748,5.0560,9.3061,5.6632

5184.8900,3.8721,3.3785,6.0956,6.1578,6.2810,9.3061,4.7365,5.0869,9.3061,5.6897

5185.8900,3.8104,3.6872,6.0339,5.6640,6.1576,8.2565,4.8600,5.0355,8.2565,5.4956

5186.8900,3.7486,3.1933,6.2191,7.3308,6.2810,8.4418,4.9217,5.2824,8.4418,5.7338

5187.8900,3.5634,4.3663,6.2809,6.1578,5.6019,8.2565,4.9217,5.1487,8.2565,5.5927

5188.8900,2.7610,3.9341,5.6635,7.0221,6.0341,8.3800,4.7365,5.0252,8.3800,5.5045

5189.8910,2.9462,3.9341,5.2313,6.0961,6.2810,8.4418,5.0452,4.9223,8.4418,5.4251

5190.8910,3.6869,2.3290,5.4165,7.0221,6.4045,8.4418,4.6748,4.9223,8.4418,5.4251

5191.8900,3.7486,3.5637,6.0956,5.9726,6.5898,8.5035,4.7365,5.1178,8.5035,5.6015

5192.8900,3.6252,3.5637,5.8487,6.4048,5.9106,8.5035,5.1070,5.0766,8.5035,5.5662

5193.8900,2.8227,3.9958,5.5400,6.2813,5.8488,8.9974,5.0452,4.9223,8.9974,5.5045

5194.8900,3.7486,3.5019,6.6513,5.8492,6.2810,8.5652,5.2922,5.2207,8.5652,5.6985

5195.8900,3.6869,3.1933,6.2191,6.0961,6.0958,8.3183,5.4157,5.1178,8.3183,5.5750

5196.8900,3.6869,3.4402,6.2809,6.2196,6.0958,9.0591,4.7983,5.0869,9.0591,5.6544

5197.8900,4.0573,3.2550,6.2191,6.3430,6.3428,8.4418,4.6130,5.1384,8.4418,5.6103

5198.8900,3.5017,3.6872,6.0339,5.9109,5.6636,8.4418,5.0452,4.9738,8.4418,5.4692

5199.8900,3.5634,3.5637,5.6635,6.4048,5.9723,9.2443,4.9217,5.0149,9.2443,5.6191

5200.8900,3.7486,3.6872,6.2809,6.2196,5.2932,9.1826,4.6130,4.9737,9.1826,5.5750

5201.8900,3.6869,3.7489,6.1574,6.1578,6.3428,8.8122,4.6748,5.1281,8.8122,5.6544

5202.8900,3.6869,3.5637,6.7748,6.5283,6.0958,8.8739,4.7365,5.2310,8.8739,5.7514

5203.8900,3.8721,3.9341,5.7869,5.3553,6.0341,8.5652,4.7983,4.9635,8.5652,5.4780

5204.8900,3.3783,3.6254,6.1574,5.6022,6.2810,8.1331,5.1687,5.0355,8.1331,5.4780

5205.8900,3.5017,3.8724,6.0956,6.0961,6.0341,9.2443,4.8600,5.0766,9.2443,5.6720

5206.8900,3.6869,4.1810,6.0339,5.9726,5.8488,8.5035,4.8600,5.0972,8.5035,5.5838

5207.8900,3.8104,3.4402,5.9722,6.2196,5.9106,8.1948,4.6748,5.0046,8.1948,5.4604

5208.8900,3.7486,3.6872,5.4782,6.5283,5.7254,8.5652,4.6748,4.9737,8.5652,5.4868

5209.8900,3.5017,3.5637,5.9104,6.0961,5.8488,8.6270,5.1687,5.0149,8.6270,5.5309

5210.8900,3.4400,3.6872,5.8487,6.2196,5.7254,10.1086,4.8600,4.9635,10.1086,5.6985

5211.8900,3.6252,3.5019,6.0956,6.4665,5.9106,9.0591,4.7983,5.0664,9.0591,5.6367

5212.8910,3.8104,3.3785,6.1574,6.2196,5.9106,8.9974,4.7983,5.0458,8.9974,5.6103

5213.8900,3.8104,3.9341,5.8487,6.4048,6.0341,8.4418,4.5513,5.0972,8.4418,5.5750

5214.8900,3.8721,3.5019,6.1574,6.3430,6.0958,9.2443,4.6130,5.0972,9.2443,5.6897

5215.8900,3.5634,3.7489,5.5400,6.2813,5.9106,9.1208,5.0452,5.0149,9.1208,5.6015

5216.8900,3.9955,3.1933,5.8487,6.4665,6.1576,8.5652,4.8600,5.0869,8.5652,5.5838

5217.8900,3.6869,3.9341,6.2809,6.0961,6.2193,9.3061,4.3043,5.0869,9.3061,5.6897

5218.8900,3.6252,4.2428,6.3426,6.2196,5.6636,8.5035,5.2304,5.2207,8.5035,5.6897

5219.8910,3.4400,3.6254,5.8487,6.2196,5.3549,8.7504,5.0452,4.9223,8.7504,5.4692

5220.8900,3.2548,3.8724,6.0339,6.3430,6.1576,8.4418,5.2922,5.1590,8.4418,5.6279

5221.8900,3.4400,3.6254,5.8487,6.2196,6.0341,8.3800,5.2304,5.0664,8.3800,5.5397

5222.8910,3.7486,3.6254,6.7748,6.3430,5.7871,8.6270,4.7983,5.1795,8.6270,5.6720

5223.8900,3.6252,4.6132,5.9104,6.0961,5.7871,8.6270,4.7365,5.1281,8.6270,5.6279

5224.8900,3.6252,3.8106,5.6635,6.4665,6.2810,8.8739,4.9217,5.1281,8.8739,5.6632

5225.8900,3.8104,3.8724,6.1574,6.2196,5.9106,9.0591,4.7365,5.1178,9.0591,5.6808

5226.8900,3.6252,3.7489,6.5896,6.4048,6.0341,8.7504,4.7365,5.1898,8.7504,5.6985

5227.8910,3.8104,3.6872,6.0956,6.1578,6.2193,8.6270,5.3539,5.2207,8.6270,5.7073

5228.8900,3.8104,4.1810,6.1574,6.1578,6.4045,8.3183,4.4278,5.1898,8.3183,5.6367

5229.8900,3.8104,3.5019,7.0217,5.6640,6.0341,8.3800,4.7983,5.1384,8.3800,5.6015

5230.8900,3.6252,3.3167,6.2809,6.1578,5.7254,8.6887,5.8478,5.1590,8.6887,5.6632

5231.8900,3.8104,3.3785,6.2809,6.4665,5.9723,8.5035,4.6130,5.0869,8.5035,5.5750

5232.8900,3.7486,3.8724,6.3426,6.0961,5.9723,8.6270,4.7983,5.1384,8.6270,5.6367

5233.8900,3.8721,4.0576,6.0339,6.2196,5.9723,8.6887,4.9835,5.1898,8.6887,5.6897

5234.8900,3.5017,3.5637,6.1574,6.0961,6.0958,8.8122,5.1070,5.0869,8.8122,5.6191

5235.8900,3.7486,3.3785,5.9104,6.4665,5.8488,8.7504,5.1070,5.0766,8.7504,5.6015

5236.8900,3.6869,3.7489,5.9722,6.4665,6.0341,8.3183,4.7983,5.1178,8.3183,5.5750

5237.8900,3.6869,3.5637,6.0956,6.2196,6.2810,8.9356,4.8600,5.1178,8.9356,5.6632

5238.8900,3.6869,3.8724,5.9104,6.0344,6.2810,8.4418,4.7365,5.0869,8.4418,5.5662

5239.8900,4.0573,3.8106,5.9722,6.0344,6.1576,8.6270,4.6748,5.1178,8.6270,5.6191

5240.8900,3.7486,3.8724,6.0339,6.1578,6.4663,8.3800,4.8600,5.1898,8.3800,5.6456

5241.8910,3.8104,3.6254,6.4661,5.9109,6.2810,8.5652,4.8600,5.1590,8.5652,5.6456

5242.8900,2.6375,3.8106,5.4782,6.2813,6.0341,8.8739,5.1070,4.8915,8.8739,5.4604

5243.8900,3.6252,3.6872,5.4782,6.5283,5.7871,8.6887,4.7983,4.9840,8.6887,5.5133

5244.8900,4.2424,3.4402,5.6017,5.9726,6.1576,8.3800,4.8600,5.0458,8.3800,5.5221

5245.8900,3.0079,3.9341,5.9722,5.9726,6.1576,8.6270,5.2922,5.0561,8.6270,5.5662

5246.8900,3.8104,4.1193,6.2809,6.0961,6.0341,8.6270,4.9217,5.2104,8.6270,5.6985

5247.8900,4.0573,4.0576,5.9722,5.9109,5.9106,8.2565,4.4895,5.0663,8.2565,5.5221

5248.8910,3.4400,3.6254,6.1574,6.4665,6.0958,8.5035,5.2922,5.1795,8.5035,5.6544

5249.8900,4.1190,3.5637,6.0339,6.2196,5.8488,8.6270,5.2304,5.1692,8.6270,5.6632

5250.8900,3.5017,3.6872,5.9104,6.0344,6.0341,8.5652,5.1687,5.0561,8.5652,5.5574

5251.8900,3.6252,3.6872,6.0339,6.2813,5.4784,8.5652,5.1070,5.0355,8.5652,5.5397

5252.8900,3.5017,3.3167,6.0956,6.2196,5.6019,8.5035,4.0574,4.7988,8.5035,5.3281

5253.8900,3.6252,4.1193,5.8487,6.1578,6.0958,8.5652,5.0452,5.1487,8.5652,5.6368

5254.8900,4.1807,3.5637,5.9722,6.4665,5.7254,8.6270,4.9217,5.1384,8.6270,5.6367

5255.8900,3.9338,3.8106,5.6635,6.1578,6.0958,9.9851,4.5513,5.0355,9.9851,5.7426

5256.8900,3.7486,3.6254,6.2191,6.1578,5.9106,9.3678,4.8600,5.0869,9.3678,5.6985

5257.8900,3.3783,3.7489,5.9722,6.2813,5.9723,8.5035,4.9835,5.0561,8.5035,5.5486

5258.8910,3.8104,3.5019,6.5896,6.2196,5.9723,8.4418,4.7365,5.1384,8.4418,5.6103

5259.8900,3.8104,3.6254,5.9722,6.2813,5.9106,8.7504,4.5513,5.0252,8.7504,5.5574

5260.8900,3.6869,3.5637,5.7869,6.3430,5.8488,8.8739,4.8600,5.0149,8.8739,5.5662

5261.8900,3.5634,3.6872,6.1574,6.0961,5.7871,8.5035,4.9835,5.0458,8.5035,5.5397

5262.8900,3.6869,3.8724,5.9104,6.4665,6.0958,8.5652,4.5513,5.0972,8.5652,5.5926

5263.8900,3.3783,3.8106,6.0956,6.8987,6.1576,8.5652,4.6130,5.1590,8.5652,5.6456

5264.8900,3.8721,3.3785,5.8487,6.0344,6.2810,8.2565,4.9217,5.0561,8.2565,5.5133

5265.8900,3.4400,3.7489,5.7252,6.6517,5.7871,8.4418,4.7983,5.0252,8.4418,5.5133

5266.8900,3.6869,3.7489,6.1574,6.4048,6.2193,8.3183,4.9835,5.2001,8.3183,5.6456

5267.8900,3.3165,4.0576,5.6635,5.6022,6.4045,8.3183,4.9217,4.9943,8.3183,5.4692

5268.8900,3.1931,3.7489,6.0956,6.0961,5.9723,8.6270,5.3539,5.0767,8.6270,5.5838

5269.8900,4.1807,2.5142,5.6017,6.2813,6.0341,8.3800,4.8600,4.9120,8.3800,5.4074

5270.8900,3.6869,3.6872,5.9104,6.2196,5.8488,8.8122,4.7983,5.0252,8.8122,5.5662

5271.8900,3.6252,3.4402,5.9722,6.0961,5.9106,8.7504,4.9835,5.0046,8.7504,5.5397

5272.8900,3.8104,3.5637,6.2191,5.9109,5.9723,8.4418,5.1687,5.1075,8.4418,5.5838

5273.8900,3.8721,3.6872,5.9104,6.4048,5.6019,8.5652,5.0452,5.0869,8.5652,5.5838

5274.8900,3.8104,3.6872,5.9104,6.2813,5.8488,8.7504,4.8600,5.0663,8.7504,5.5926

5275.8900,3.5634,3.5637,5.9722,6.2196,6.1576,8.8122,5.5391,5.1693,8.8122,5.6897

5276.8900,3.6869,3.8724,5.9722,6.5900,6.0341,8.4418,4.4895,5.1075,8.4418,5.5838

5277.8900,3.6869,3.3785,6.4043,6.0344,5.8488,8.6270,4.5513,4.9840,8.6270,5.5045

5278.8900,4.3659,3.8106,6.0339,5.8492,5.6636,8.6887,4.7983,5.0869,8.6887,5.6015

5279.8900,3.4400,3.6872,6.1574,5.7257,6.0341,8.6270,5.1687,5.0355,8.6270,5.5486

5280.8900,3.7486,3.0081,6.5278,5.9726,5.2314,8.8739,4.7983,4.8811,8.8739,5.4515

5281.8900,4.1807,3.8106,6.0339,5.9726,5.8488,8.8122,4.6130,5.0766,8.8122,5.6103

5282.8900,3.6869,3.7489,5.9722,6.2813,5.9106,8.0713,4.6130,5.0355,8.0713,5.4692

5283.8900,3.8721,3.3167,5.9104,6.1578,5.8488,8.7504,4.9217,5.0046,8.7504,5.5397

5284.8900,3.9955,3.5637,5.7869,6.2196,6.2193,8.5035,5.0452,5.1384,8.5035,5.6191

5285.8900,3.6869,3.8106,5.9722,6.6517,6.0341,8.5035,4.9217,5.1795,8.5035,5.6544

5286.8900,3.5634,3.8724,6.0956,6.2813,5.6019,8.5652,4.9217,5.0561,8.5652,5.5574

5287.8900,3.7486,3.6254,6.5896,6.3430,5.9106,8.6887,4.7983,5.1692,8.6887,5.6720

5288.8900,3.6869,3.2550,6.0339,6.3430,5.8488,8.8739,4.9835,5.0252,8.8739,5.5750

5289.8900,3.6869,3.5019,6.0339,6.2196,6.0958,8.4418,5.1070,5.1075,8.4418,5.5838

5290.8900,3.9338,3.6254,6.1574,5.9109,6.2810,8.5035,4.8600,5.1281,8.5035,5.6103

5291.8900,3.9338,3.3785,6.1574,6.2813,6.0958,8.5035,4.7983,5.1075,8.5035,5.5926

5292.8900,3.7486,3.6254,6.0339,6.0344,6.2193,8.6270,4.6748,5.0561,8.6270,5.5662

5293.8900,3.8104,3.5637,6.2191,5.9109,5.9106,8.5035,4.6748,5.0149,8.5035,5.5133

5294.8900,3.6869,3.6254,6.3426,7.0839,6.0341,8.6887,4.4895,5.2104,8.6887,5.7073

5295.8900,3.6869,2.8846,5.8487,6.3430,6.0958,8.3800,4.8600,4.9532,8.3800,5.4427

5296.8900,3.7486,3.6254,5.4165,6.3430,5.7871,8.5035,4.9217,4.9737,8.5035,5.4780

5297.8910,3.0696,3.9341,5.9722,5.9109,5.9723,8.6887,4.6130,4.9120,8.6887,5.4515

5298.8900,3.7486,3.8724,5.4165,5.8492,5.8488,8.6887,4.4278,4.8606,8.6887,5.4074

5299.8900,3.8104,3.6254,6.5278,6.2196,5.8488,8.6270,4.9217,5.1590,8.6270,5.6544

5300.8900,3.8721,3.3785,5.8487,6.4048,5.6019,8.0713,4.7983,4.9840,8.0713,5.4251

5301.8910,3.6869,3.5637,5.7869,6.0961,5.9723,8.1331,5.0452,5.0252,8.1331,5.4692

5302.8900,3.9955,3.2550,6.1574,6.1578,5.6636,8.6270,4.8600,5.0149,8.6270,5.5309

5303.8900,3.5017,3.8106,6.2191,6.4048,5.4784,8.5652,5.1687,5.0972,8.5652,5.5927

5304.8900,3.9338,4.5515,6.1574,6.2196,6.0958,8.6270,4.6748,5.2721,8.6270,5.7514

5305.8900,3.7486,3.5019,6.2809,5.7257,6.1576,8.6887,4.7983,5.0355,8.6887,5.5574

5306.8900,3.3165,3.9341,6.0339,6.1578,6.0958,8.1331,5.1070,5.1075,8.1331,5.5397

5307.8910,3.5017,3.8106,6.2809,6.2813,6.1576,8.0096,5.1687,5.2001,8.0096,5.6015

5308.8900,3.9955,3.4402,5.6017,5.9109,6.1576,8.3183,4.9835,5.0149,8.3183,5.4868

5309.8900,3.8104,3.6254,5.9104,6.5900,6.0958,8.5652,5.0452,5.1795,8.5652,5.6632

5310.8900,3.6869,3.5019,6.0956,5.5405,6.0958,8.1331,4.9835,4.9840,8.1331,5.4339

5311.8900,3.5634,4.4280,5.7869,6.0961,5.7871,8.5035,4.8600,5.0869,8.5035,5.5750

5312.8910,3.8104,3.0698,6.6513,5.8492,6.2810,8.5652,5.1687,5.1384,8.5652,5.6279

5313.8900,3.5634,3.6254,6.2191,6.4048,5.9723,8.5652,5.2922,5.1795,8.5652,5.6632

5314.8900,3.2548,3.6254,5.9722,6.2813,5.6019,8.7504,5.4157,5.0252,8.7504,5.5574

5315.8900,3.7486,3.3785,6.3426,6.5900,5.9723,8.7504,4.2426,5.0458,8.7504,5.5750

5316.8900,3.8104,3.8724,5.9722,6.2196,6.3428,8.5035,4.7365,5.1590,8.5035,5.6367

5317.8910,3.7486,3.2550,5.7869,6.2196,5.7254,8.7504,5.0452,4.9635,8.7504,5.5044

5318.8900,3.3165,3.6254,6.1574,6.2196,6.0958,8.8122,5.7861,5.2001,8.8122,5.7161

5319.8900,3.8104,3.5019,5.7869,6.0344,6.1576,8.4418,4.7983,5.0149,8.4418,5.5045

5320.8910,3.5634,2.8846,6.0339,6.3430,5.5401,8.7504,4.7365,4.8503,8.7504,5.4074

5321.8900,3.8721,3.6872,6.2191,5.9109,5.9106,8.4418,4.9835,5.0972,8.4418,5.5750

5322.8910,3.6252,3.5637,6.0339,6.3430,6.0341,8.2565,4.9835,5.0972,8.2565,5.5486

5323.8900,3.7486,3.6254,6.0956,6.0961,6.3428,8.3800,5.1687,5.1795,8.3800,5.6368

5324.8900,3.8104,3.6254,5.9722,6.1578,6.2810,8.3800,4.7983,5.1075,8.3800,5.5750

5325.8900,3.5634,4.0576,6.0339,6.7135,6.2810,8.5652,4.6748,5.2207,8.5652,5.6985

5326.8900,3.7486,4.1810,5.8487,6.2196,6.2193,8.4418,4.7365,5.1590,8.4418,5.6279

5327.8900,3.7486,3.8724,5.9104,6.2813,6.1576,8.9356,4.7365,5.1178,8.9356,5.6632

5328.8900,3.6252,3.9958,6.0956,6.0961,5.6019,8.6270,5.1070,5.0869,8.6270,5.5926

5329.8900,3.6252,3.7489,5.8487,6.5283,6.0341,9.1826,5.0452,5.1384,9.1826,5.7161

5330.8900,4.1807,3.8724,5.9104,5.7874,6.0341,8.5035,4.9217,5.1178,8.5035,5.6015

5331.8900,3.8104,3.5637,6.0956,6.0344,6.5280,8.3183,4.8600,5.1487,8.3183,5.6015

5332.8900,3.9955,4.5515,5.7869,6.3430,5.9723,8.7504,4.2426,5.1486,8.7504,5.6632

5333.8900,4.3042,4.0576,5.8487,6.0344,5.8488,8.6887,4.7983,5.1486,8.6887,5.6544

5334.8900,3.4400,3.7489,5.9722,6.3430,6.0341,9.1208,5.1070,5.1075,9.1208,5.6809

5335.8910,3.5634,3.9341,6.2191,6.2196,5.8488,8.4418,5.4157,5.2001,8.4418,5.6632

5336.8900,3.9955,3.6254,5.9104,6.0961,5.9723,9.0591,4.5513,5.0252,9.0591,5.6015

5337.8900,3.9338,3.5637,6.5896,5.7874,5.9723,8.6887,5.1687,5.1693,8.6887,5.6720

5338.8900,3.8721,4.6132,6.1574,6.0961,6.4045,8.2565,4.8600,5.3339,8.2565,5.7514

5339.8900,3.6869,3.6254,6.2191,6.4665,6.0958,8.7504,4.7365,5.1384,8.7504,5.6544

5340.8900,3.9955,4.1810,6.2191,6.2196,6.0341,8.4418,4.8600,5.2516,8.4418,5.7073

5341.8900,4.1807,3.3167,6.0956,6.2196,6.1576,8.5035,4.8600,5.1384,8.5035,5.6191

5342.8900,3.5634,3.6254,5.7252,6.2196,6.0341,9.7382,5.1070,5.0458,9.7382,5.7161

5343.8900,3.6252,3.5637,5.8487,6.4048,5.8488,8.8122,5.0452,5.0561,8.8122,5.5926

5344.8900,3.7486,3.5019,6.0339,6.2813,6.1576,8.5035,5.1070,5.1384,8.5035,5.6191

5345.8910,3.8721,3.8106,5.9104,6.2813,5.9106,8.5652,4.7365,5.0869,8.5652,5.5838

5346.8900,3.9955,3.6254,5.4165,6.3430,5.9723,8.8122,4.9835,5.0560,8.8122,5.5926

5347.8900,3.6252,3.9958,5.8487,6.6517,6.2193,8.8739,4.6130,5.1590,8.8739,5.6897

5348.8900,3.5017,3.8106,5.9722,6.3430,5.6019,7.8861,5.2922,5.0869,7.8861,5.4868

5349.8900,3.7486,3.6254,5.9104,6.4665,5.6636,8.8122,4.7983,5.0355,8.8122,5.5750

5350.8900,4.3659,3.8106,5.9722,6.5900,5.7254,8.5035,5.0452,5.2515,8.5035,5.7161

5351.8900,3.9338,3.6254,5.9104,6.7135,6.0958,8.5652,4.9217,5.2001,8.5652,5.6808

5352.8900,3.5017,3.6254,6.3426,6.0961,5.9723,8.6270,4.9217,5.0767,8.6270,5.5838

5353.8900,3.8721,3.7489,5.9722,6.5900,5.7871,8.6270,4.9217,5.1487,8.6270,5.6456

5354.8900,3.8721,4.5515,6.1574,6.0344,5.9723,8.5652,4.6130,5.2001,8.5652,5.6808

5355.8900,3.8104,3.6872,6.4043,5.9726,5.8488,7.9479,5.0452,5.1281,7.9479,5.5309

5356.8910,3.6252,3.6872,5.3548,6.7135,6.1576,8.6270,5.1070,5.1075,8.6270,5.6103

5357.8900,3.5017,3.8106,5.9104,6.1578,6.0958,9.4913,4.9835,5.0766,9.4913,5.7073

5358.8900,3.6869,3.6872,6.0339,6.2196,6.2810,8.5035,5.3539,5.2104,8.5035,5.6809

5359.8910,3.6252,3.5019,5.9722,6.2813,7.2689,8.8739,4.6130,5.2104,8.8739,5.7338

5360.8900,3.6252,4.1193,6.2191,6.0961,6.2810,8.9974,4.6130,5.1590,8.9974,5.7073

5361.8900,4.1190,3.5637,6.0339,6.2813,5.9723,8.8739,5.0452,5.1692,8.8739,5.6985

5362.8900,3.5634,3.8106,6.0956,5.8492,5.6636,8.5652,4.9835,4.9943,8.5652,5.5045

5363.8910,3.5017,3.6254,6.1574,5.9726,6.0341,8.4418,5.0452,5.0561,8.4418,5.5397

5364.8900,3.9338,3.5019,5.8487,6.4665,7.2072,8.7504,4.9217,5.3133,8.7504,5.8043

5365.8900,3.7486,3.8724,6.0956,6.0961,6.6515,8.3800,4.8600,5.2207,8.3800,5.6720

5366.8900,3.8104,3.5637,6.0956,6.0344,6.4663,8.6887,4.7983,5.1281,8.6887,5.6368

5367.8900,3.7486,3.5019,5.7869,6.5900,5.7871,9.0591,4.8600,5.0458,9.0591,5.6191

5368.8900,3.8104,3.7489,5.4782,6.2196,6.0958,8.4418,4.9835,5.0561,8.4418,5.5397

5369.8910,3.6252,4.2428,5.8487,6.0344,5.9723,8.6887,5.9713,5.2824,8.6887,5.7691

5370.8900,3.5634,4.3663,5.4782,6.4048,5.8488,8.6887,4.7983,5.0766,8.6887,5.5926

5371.8910,3.5634,3.9341,5.7252,5.9726,6.2193,8.2565,5.0452,5.0766,8.2565,5.5309

5372.8900,4.4276,2.6994,6.0339,6.1578,5.7871,8.6887,4.9835,5.0149,8.6887,5.5397

5373.8900,3.3783,3.8724,6.0339,6.7752,5.8488,8.3800,4.9835,5.1487,8.3800,5.6103

5374.8910,3.8721,3.5019,6.5278,6.1578,5.9106,8.5035,4.9217,5.1487,8.5035,5.6279

5375.8900,3.7486,3.6254,6.0956,6.2813,6.3428,9.1208,4.9217,5.1693,9.1208,5.7338

5376.8900,3.9338,3.8106,5.7252,6.1578,6.0341,8.9356,4.5513,5.0355,8.9356,5.5926

5377.8910,3.8721,3.7489,4.8608,6.5900,6.7750,8.9356,4.9217,5.1281,8.9356,5.6720

5378.8900,3.1931,3.6872,6.0956,6.5283,5.9723,8.6887,4.9835,5.0767,8.6887,5.5927

5379.8900,4.4276,3.8724,6.0339,6.3430,5.7871,8.4418,4.8600,5.2207,8.4418,5.6808

5380.8900,3.6869,3.6872,6.0339,6.1578,5.7871,8.8739,4.9835,5.0561,8.8739,5.6015

5381.8900,3.3783,3.7489,6.0956,6.6517,5.7254,8.6270,4.7365,5.0561,8.6270,5.5662

5382.8900,3.8104,3.6254,6.0339,6.2196,6.1576,8.3183,4.9217,5.1281,8.3183,5.5838

5383.8900,3.9338,4.6749,6.2809,6.2196,6.3428,8.5035,4.7983,5.3750,8.5035,5.8220

5384.8900,3.7486,3.5637,5.8487,5.7257,5.7871,8.8122,4.7365,4.9017,8.8122,5.4604

5385.8900,3.4400,3.1315,6.8365,6.3430,5.9723,8.9356,4.8600,5.0972,8.9356,5.6456

5386.8900,3.8104,3.2550,5.9722,6.4665,5.9106,8.6887,5.0452,5.0766,8.6887,5.5926

5387.8900,3.9338,3.7489,5.6635,6.5900,6.0341,8.6270,4.9835,5.1589,8.6270,5.6544

5388.8900,3.7486,3.6254,5.8487,6.3430,5.9723,8.8122,4.9835,5.0869,8.8122,5.6191

5389.8900,3.8721,3.5019,6.4661,6.2813,5.9106,8.8122,4.9217,5.1590,8.8122,5.6808

5390.8900,3.9338,3.4402,5.7869,6.4665,5.9723,8.8739,4.7365,5.0561,8.8739,5.6015

5391.8910,3.5017,3.7489,6.0339,6.1578,6.0958,8.6887,5.2922,5.1384,8.6887,5.6456

5392.8900,3.9955,3.8106,5.8487,6.1578,6.0958,8.6887,4.9217,5.1384,8.6887,5.6456

5393.8910,3.6869,3.2550,6.0956,6.4665,5.8488,8.8739,4.9835,5.0561,8.8739,5.6015

5394.8910,3.7486,3.7489,6.1574,6.0961,6.1576,8.9356,5.1070,5.1693,8.9356,5.7073

5395.8900,3.5634,3.6254,6.2191,6.4048,6.4045,8.8122,4.8600,5.1795,8.8122,5.6985

5396.8900,4.1190,3.3785,6.5278,6.1578,5.7254,8.6887,4.7983,5.1178,8.6887,5.6279

5397.8910,3.5634,3.8106,6.2809,6.5283,6.2193,8.6270,4.4895,5.1487,8.6270,5.6456

5398.8900,3.5634,3.8724,6.1574,6.3430,5.8488,8.7504,5.1070,5.1487,8.7504,5.6632

5399.8900,3.8721,3.8106,5.9104,6.4665,6.2193,8.9356,5.0452,5.2207,8.9356,5.7514

5400.8900,3.8721,3.7489,5.9722,6.3430,5.8488,8.6270,4.7365,5.0869,8.6270,5.5926

5401.8900,3.6869,3.5637,6.4043,5.9726,6.3428,8.7504,4.7983,5.1281,8.7504,5.6456

5402.8900,3.6252,3.5637,5.9722,6.1578,5.7254,8.8122,5.0452,5.0149,8.8122,5.5574

5403.8900,3.8721,3.6872,6.4661,6.4665,5.9106,8.6887,4.9217,5.2207,8.6887,5.7161

5404.8900,3.7486,3.5637,6.2191,6.0344,6.3428,8.8739,4.9217,5.1384,8.8739,5.6720

5405.8900,3.3783,3.8106,5.9104,6.2196,5.6019,8.7504,4.9835,4.9840,8.7504,5.5221

5406.8900,3.3165,3.7489,6.1574,5.8492,6.0958,8.6887,5.1687,5.0561,8.6887,5.5750

5407.8900,3.6869,3.6872,5.9722,5.8492,5.9723,8.8739,4.7365,4.9840,8.8739,5.5397

5408.8910,3.6252,3.7489,6.1574,5.5405,6.0341,8.6270,4.9835,5.0149,8.6270,5.5309

5409.8900,3.6869,3.8724,5.7869,6.5283,6.0958,8.4418,4.7365,5.1178,8.4418,5.5926

5410.8900,3.9338,3.5637,6.1574,6.1578,5.9106,8.6887,4.8600,5.0972,8.6887,5.6103

5411.8900,3.8721,3.4402,6.1574,7.0221,6.1576,8.6270,4.1808,5.1384,8.6270,5.6367

5412.8900,3.9338,4.0576,6.2191,6.0961,6.1576,8.6270,4.7365,5.2001,8.6270,5.6897

5413.8900,4.0573,3.5637,6.1574,6.2813,6.0341,8.1948,4.9835,5.1795,8.1948,5.6103

5414.8900,3.7486,3.7489,5.9722,6.4048,7.1454,8.9974,4.7983,5.3030,8.9974,5.8308

5415.8900,3.5017,3.8724,5.8487,7.2691,6.5280,8.6887,5.0452,5.3442,8.6887,5.8220

5416.8900,3.6869,3.6254,5.9104,6.0961,6.2810,8.8739,4.7365,5.0561,8.8739,5.6015

5417.8900,3.6869,3.7489,5.4782,6.2196,6.4045,8.5035,5.1070,5.1075,8.5035,5.5927

5418.8900,4.0573,4.7984,6.3426,6.1578,5.1697,8.8122,4.4278,5.1589,8.8122,5.6808

5419.8900,3.7486,3.6254,5.9722,6.5900,5.9723,8.7504,5.1687,5.1795,8.7504,5.6897

5420.8900,4.0573,3.8106,7.3922,5.9726,5.6636,8.9974,4.8600,5.2927,8.9974,5.8220

5421.8900,3.7486,3.5019,6.4043,5.8492,6.0341,8.6887,5.1070,5.1075,8.6887,5.6191

5422.8900,5.1066,3.8106,6.0956,6.2196,5.9106,8.3183,4.9217,5.3441,8.3183,5.7690

5423.8900,3.3783,3.6872,5.9722,6.2813,5.6636,8.8122,5.1687,5.0252,8.8122,5.5662

5424.8900,3.8104,3.7489,6.2191,5.9109,6.0341,8.8739,4.7983,5.0869,8.8739,5.6279

5425.8900,3.8104,3.1315,6.3426,6.4665,6.9602,8.2565,5.1687,5.3133,8.2565,5.7338

5426.8900,3.6252,4.1193,5.7869,6.8987,6.0341,8.3800,4.9217,5.2310,8.3800,5.6808

5427.8900,3.6252,4.1193,6.1574,5.8492,5.6636,8.6887,4.8600,5.0458,8.6887,5.5662

5428.8900,3.5017,3.9341,6.0956,6.7135,6.5280,8.8122,4.7983,5.2619,8.8122,5.7690

5429.8900,2.8227,3.6872,5.7869,6.5900,5.7254,8.7504,4.7983,4.9017,8.7504,5.4515

5430.8900,3.8104,3.8724,6.3426,6.0344,6.0341,8.6887,4.8600,5.1590,8.6887,5.6632

5431.8900,3.3783,4.0576,6.0339,5.8492,6.0341,8.3800,5.3539,5.1178,8.3800,5.5838

5432.8900,4.0573,3.1933,6.2809,6.3430,5.9106,8.7504,4.5513,5.0561,8.7504,5.5838

5433.8900,3.1314,3.9958,5.9104,6.1578,6.0958,8.5652,4.9217,5.0355,8.5652,5.5397

5434.8900,3.4400,3.4402,5.8487,6.2813,5.4784,8.6270,4.9835,4.9120,8.6270,5.4427

5435.8900,3.9338,3.6872,6.7748,6.2196,5.7254,8.6887,4.8600,5.2001,8.6887,5.6985

5436.8900,3.6252,3.6254,5.9104,6.2196,5.6636,8.8122,5.1070,5.0252,8.8122,5.5662

5437.8900,3.7486,3.6254,6.1574,6.3430,6.3428,8.8739,4.6130,5.1384,8.8739,5.6720

5438.8900,3.8721,3.6254,5.9722,6.2813,6.0958,8.7504,5.1687,5.1692,8.7504,5.6808

5439.8900,3.8721,3.3785,6.2191,6.0344,6.3428,8.4418,4.8600,5.1178,8.4418,5.5927

5440.8900,3.7486,3.8724,5.8487,6.2196,5.9723,8.7504,5.0452,5.1178,8.7504,5.6367

5441.8900,3.7486,3.8106,6.0339,6.0961,6.4045,8.0713,5.1070,5.2001,8.0713,5.6103

5442.8900,3.5634,3.8724,5.7869,6.1578,6.1576,9.3678,4.6748,5.0355,9.3678,5.6544

5443.8910,3.8721,3.8724,5.9722,6.1578,6.0958,8.5035,4.9217,5.1487,8.5035,5.6279

5444.8910,3.5634,3.7489,6.0339,6.2813,6.0958,8.9356,5.6626,5.2310,8.9356,5.7602

5445.8900,3.9338,3.3785,6.1574,6.0961,5.9723,8.5652,5.2304,5.1281,8.5652,5.6191

5446.8900,3.8721,3.7489,6.6513,6.0961,5.9723,8.6887,5.3539,5.2824,8.6887,5.7690

5447.8900,3.6252,3.5637,5.9104,6.2196,5.5401,8.8739,4.8600,4.9532,8.8739,5.5133

5448.8900,3.8104,3.8106,5.6635,6.5283,6.2193,8.6887,4.9835,5.1692,8.6887,5.6720

5449.8910,3.9955,3.6254,5.9722,6.4048,6.2193,8.4418,5.1070,5.2207,8.4418,5.6808

5450.8900,3.4400,3.8724,6.2809,6.0344,6.0341,8.5652,5.0452,5.1178,8.5652,5.6103

5451.8900,3.9338,3.6254,5.7869,6.5283,5.7871,8.8122,4.7365,5.0663,8.8122,5.6015

5452.8900,3.8721,3.8106,5.9104,6.4665,5.4166,8.9974,4.7365,5.0355,8.9974,5.6015

5453.8900,3.9955,3.6254,5.6017,6.2196,6.2193,8.5035,5.2304,5.1487,8.5035,5.6279

5454.8910,3.8721,3.5637,6.5278,6.1578,5.6019,8.2565,5.2922,5.1692,8.2565,5.6103

5457.1690,3.6252,3.5019,6.1574,6.0961,6.2193,8.7504,5.3539,5.1590,8.7504,5.6720

5458.6740,3.7486,3.2550,6.0956,6.2813,5.3549,8.6887,5.1070,4.9737,8.6887,5.5044

5459.0340,3.8721,4.4897,6.3426,6.2813,6.0341,7.4540,5.3539,5.3956,7.4540,5.6897

5459.8900,4.2424,3.6254,5.8487,6.4048,5.9723,8.6270,4.8600,5.1589,8.6270,5.6544

5460.8900,3.9338,3.3785,6.1574,6.5283,6.4045,8.8122,4.7983,5.2001,8.8122,5.7161

5461.8900,3.4400,4.1193,5.7869,6.2813,5.9723,8.5652,4.9217,5.0869,8.5652,5.5838

5462.8900,3.8721,3.6254,5.9722,6.8369,6.0341,8.5035,4.9217,5.2104,8.5035,5.6808

5463.8900,3.8721,4.5515,6.0339,5.9726,6.1576,8.8739,4.9835,5.2619,8.8739,5.7779

5464.8900,3.6869,3.9341,6.0956,6.3430,6.0958,9.1826,4.8600,5.1692,9.1826,5.7426

5465.8900,3.4400,3.6254,6.2191,5.9726,6.2810,8.8739,5.4157,5.1590,8.8739,5.6897

5466.8900,3.8104,3.5637,6.0956,5.7874,6.2810,8.3800,4.8600,5.0664,8.3800,5.5397

5467.8900,3.6869,3.3167,5.8487,6.4048,6.1576,8.2565,5.2304,5.1075,8.2565,5.5574

5468.8900,3.8721,3.5637,7.2687,6.5283,6.2193,8.7504,4.7365,5.3648,8.7504,5.8484

5469.8900,3.9338,3.6254,6.7130,6.3430,5.9723,8.3183,4.7365,5.2207,8.3183,5.6632

5470.8900,3.9338,3.5019,6.2191,6.5283,6.2193,8.7504,4.9835,5.2310,8.7504,5.7338

5471.8900,4.0573,3.8724,5.9104,6.4048,5.8488,8.5035,4.4278,5.0869,8.5035,5.5750

5472.8910,3.9955,3.4402,6.0339,6.2196,5.9723,8.8122,5.4774,5.1898,8.8122,5.7073

5473.8900,3.9955,3.5019,6.2191,6.2813,6.0958,8.2565,5.0452,5.1898,8.2565,5.6279

5474.8900,3.8721,3.6872,6.0339,6.0961,4.7992,8.6270,4.6130,4.8502,8.6270,5.3898

5475.8900,3.7486,4.0576,4.3669,6.6517,5.6636,8.6270,4.8600,4.8914,8.6270,5.4251

5476.8900,3.4400,3.6872,5.7869,6.5283,5.9106,9.0591,5.0452,5.0664,9.0591,5.6367

5477.8900,3.3783,3.9958,5.9104,6.3430,5.9723,8.8739,5.1070,5.1178,8.8739,5.6544

5478.8900,3.8721,3.8106,6.4043,6.5900,5.8488,8.3800,4.6748,5.2001,8.3800,5.6544

5479.8900,3.9338,3.6254,5.9722,6.7752,5.7871,8.5652,4.7365,5.1384,8.5652,5.6279

5480.8900,3.5017,3.6872,5.9722,5.8492,6.0341,8.9356,4.7365,4.9635,8.9356,5.5309

5481.8900,3.9955,3.3785,6.2191,6.5283,6.0958,9.3061,4.6748,5.1487,9.3061,5.7426

5482.8900,3.9955,3.5019,6.2191,6.4665,6.1576,8.9974,4.8600,5.2001,8.9974,5.7426

5483.8900,3.8104,3.4402,6.0956,6.4048,5.8488,8.5035,4.3661,4.9943,8.5035,5.4956

5484.8900,3.7486,3.5637,6.2809,5.9726,6.0341,8.7504,5.2304,5.1384,8.7504,5.6544

5485.8900,3.8721,4.1193,5.8487,6.1578,6.2193,8.5652,4.9217,5.1898,8.5652,5.6720

5486.8900,3.9955,4.2428,5.9722,6.2196,6.1576,8.3800,4.6748,5.2104,8.3800,5.6632

5487.8900,3.5017,3.6254,6.0339,5.9726,6.0341,9.5530,4.9835,5.0252,9.5530,5.6720

5488.8900,3.6252,3.7489,5.4782,6.2813,6.0958,8.5035,5.1070,5.0561,8.5035,5.5486

5489.8900,4.1190,3.8724,6.0339,6.2813,5.4784,8.6270,5.1070,5.1487,8.6270,5.6456

5490.8900,3.8721,3.6254,5.9104,6.1578,6.3428,8.7504,5.1070,5.1693,8.7504,5.6808

5491.8910,3.3165,3.6254,6.0339,6.7135,5.7871,8.5035,4.8600,5.0561,8.5035,5.5486

5492.8900,3.7486,3.7489,5.7869,6.4048,6.0958,8.8122,5.1070,5.1487,8.8122,5.6720

5493.8900,3.8721,3.8106,5.6017,6.5283,5.9723,8.8122,4.9217,5.1178,8.8122,5.6456

5494.8900,3.6252,3.6872,6.0339,5.2318,6.2810,8.7504,4.6130,4.9120,8.7504,5.4604

5495.8900,3.6869,3.4402,5.9722,6.1578,6.1576,8.6270,5.2304,5.1075,8.6270,5.6103

5496.8900,3.8104,3.5637,6.4043,6.0961,5.9723,8.7504,4.7365,5.0972,8.7504,5.6191

5497.8910,4.1807,3.6254,5.8487,6.2813,5.9723,8.3800,4.6748,5.0972,8.3800,5.5662

5498.8900,3.8721,3.4402,6.0956,6.4048,6.4045,8.5652,4.8600,5.1795,8.5652,5.6632

5499.8900,3.6869,3.7489,6.0339,6.2196,5.6636,8.8122,6.0331,5.2310,8.8122,5.7426

5500.8900,3.6869,3.8106,6.2191,6.5283,6.5280,8.6270,4.7983,5.2619,8.6270,5.7426

5501.8900,2.7610,3.9958,5.9722,6.0961,6.0958,8.0096,5.2304,5.0252,8.0096,5.4516

5502.8900,3.5634,4.1193,6.4043,6.0961,6.0958,8.6270,4.8600,5.1898,8.6270,5.6809

5503.8910,3.6869,3.6872,5.7869,6.3430,6.1576,8.5035,4.9835,5.1075,8.5035,5.5927

5504.8910,3.4400,3.8106,5.7869,6.2196,5.9106,8.6270,4.8600,5.0046,8.6270,5.5221

5505.8900,3.8721,3.6254,6.1574,6.3430,5.6636,8.3183,4.7983,5.0766,8.3183,5.5397

5506.8900,3.8721,3.7489,6.5278,6.2196,5.8488,8.8122,4.9217,5.1898,8.8122,5.7073

5507.8900,3.9338,3.7489,5.6017,5.9726,6.0341,8.5652,4.7365,5.0046,8.5652,5.5133

5508.8900,3.8721,3.7489,5.9104,5.9726,6.4663,8.3183,4.9217,5.1487,8.3183,5.6015

5509.8900,3.7486,3.6872,6.4661,6.1578,7.1454,7.9479,4.9217,5.3545,7.9479,5.7250

5510.8900,3.8104,3.5019,5.8487,6.4048,6.0341,8.5652,5.2304,5.1384,8.5652,5.6279

5511.8910,3.7486,3.3785,6.6513,5.9726,5.9106,8.4418,4.8600,5.0869,8.4418,5.5662

5512.8900,4.7980,3.8106,5.9104,6.2813,5.9106,8.2565,5.9096,5.4368,8.2565,5.8396

5513.8910,3.8721,3.8106,5.7252,6.0344,5.9106,8.6270,4.6748,5.0046,8.6270,5.5221

5514.8900,3.6869,3.6254,6.1574,6.0344,6.4663,8.9356,4.7365,5.1178,8.9356,5.6632

5515.8900,3.9338,3.6872,5.9722,6.2813,5.7871,8.8122,4.8600,5.0869,8.8122,5.6191

5516.8900,4.3659,3.3785,6.1574,5.9726,6.2810,8.6270,5.3539,5.2516,8.6270,5.7338

5517.8900,3.5017,4.0576,5.4165,6.9604,5.4784,8.9356,4.6130,5.0046,8.9356,5.5662

5518.8900,4.1190,3.9958,5.7252,6.5283,6.0341,8.0713,4.4895,5.1486,8.0713,5.5662

5519.8900,3.6252,3.5637,6.2191,7.6395,6.0958,8.5652,4.7365,5.3133,8.5652,5.7779

5520.8900,3.5634,3.6872,5.7252,6.5283,6.6515,8.6887,4.8600,5.1693,8.6887,5.6720

5521.8900,3.9338,3.4402,6.8365,6.2813,5.8488,8.4418,4.8600,5.2001,8.4418,5.6632

5522.8910,3.6869,4.1810,5.8487,6.2813,5.8488,8.7504,4.9217,5.1281,8.7504,5.6456

5523.8900,3.7486,3.6254,6.0956,6.2196,6.6515,8.6887,4.6130,5.1590,8.6887,5.6632

5524.8900,3.9338,3.6254,6.3426,6.4048,6.2810,8.5035,4.7983,5.2310,8.5035,5.6985

5525.8900,3.9955,4.4280,6.1574,6.1578,5.3549,8.8739,4.4895,5.0972,8.8739,5.6367

5526.8900,3.8104,4.2428,5.9104,5.9726,5.9723,8.5035,4.9835,5.1487,8.5035,5.6279

5527.8900,3.8104,3.6872,6.4043,5.9726,6.5898,8.6887,5.4774,5.3236,8.6887,5.8043

5528.8900,3.9338,3.3167,6.2809,6.5283,6.0341,8.7504,4.7983,5.1487,8.7504,5.6632

5529.8900,3.8104,3.5019,6.0339,7.2691,5.7254,8.6270,5.2304,5.2618,8.6270,5.7426

5530.8900,3.4400,3.7489,7.0835,6.0961,6.0341,8.8122,5.2304,5.2722,8.8122,5.7779

5531.8900,3.2548,3.9341,6.0339,6.5283,6.0341,8.4418,5.2304,5.1693,8.4418,5.6368

5532.8900,3.6869,3.7489,5.6635,6.5283,5.8488,8.5652,4.8600,5.0561,8.5652,5.5574

5533.8900,3.5017,3.6872,6.0339,5.7874,5.9723,8.6887,4.6130,4.9326,8.6887,5.4692

5534.8900,3.6252,3.6872,6.5278,6.1578,5.7871,8.5035,4.8600,5.1075,8.5035,5.5927

5535.8900,3.9955,3.6872,6.0339,6.2196,5.8488,8.8739,4.6748,5.0766,8.8739,5.6191

5536.8900,4.0573,3.8106,6.2191,5.7874,6.2810,8.3800,4.9835,5.1898,8.3800,5.6456

5537.8910,3.7486,3.8106,5.6017,6.3430,6.0958,8.8739,4.9217,5.0869,8.8739,5.6279

5538.8900,3.7486,3.6254,6.1574,6.0961,6.2193,8.6270,4.7983,5.1075,8.6270,5.6103

5539.8900,3.9338,3.3167,6.0956,6.0344,6.2193,8.2565,5.0452,5.1075,8.2565,5.5574

5540.8900,3.9338,3.9341,6.2191,6.0961,5.9106,8.6887,4.4895,5.0972,8.6887,5.6103

5541.8900,3.3165,3.8724,5.7252,6.2196,5.9723,8.8122,5.0452,5.0252,8.8122,5.5662

5542.8910,3.6869,3.7489,5.9722,6.0961,5.9106,8.4418,5.1687,5.0972,8.4418,5.5750

5543.8900,3.8104,3.8106,6.1574,6.2196,6.3428,9.1208,5.1070,5.2413,9.1208,5.7955

5544.8900,3.9338,3.8106,6.0956,6.1578,5.7254,9.5530,4.9217,5.1075,9.5530,5.7426

5545.8910,3.8104,3.6872,4.7991,6.3430,6.0958,9.1208,4.9217,4.9429,9.1208,5.5397

5546.8900,4.1190,3.8106,5.8487,6.0961,6.1576,8.8739,4.9835,5.1692,8.8739,5.6985

5547.8900,3.8721,3.8106,5.7869,6.2813,6.1576,8.5652,5.0452,5.1590,8.5652,5.6456

5548.8900,3.5017,3.8106,5.8487,6.2196,5.8488,8.8739,4.9835,5.0355,8.8739,5.5838

5549.8910,4.0573,3.5019,5.9722,6.2196,6.2193,8.8739,4.7983,5.1281,8.8739,5.6632

5550.8910,3.7486,3.9341,6.0956,6.3430,5.9106,9.3061,5.2304,5.2104,9.3061,5.7955

5551.8900,3.8104,3.7489,5.6017,6.0961,6.0341,8.8739,4.6130,4.9840,8.8739,5.5397

5552.8900,3.8721,3.6872,6.4661,6.3430,5.9723,8.4418,4.9217,5.2104,8.4418,5.6720

5553.8910,3.5634,3.6872,6.0339,6.1578,6.0341,8.7504,5.0452,5.0869,8.7504,5.6103

5554.8900,3.9338,3.9958,5.9722,6.1578,6.0341,8.7504,4.5513,5.1075,8.7504,5.6279

5555.8900,3.9338,3.6872,6.3426,6.5900,6.0958,8.5652,4.9835,5.2721,8.5652,5.7426

5556.8900,3.3783,3.8106,5.8487,6.2196,6.0341,8.5652,5.1070,5.0664,8.5652,5.5662

5557.8900,3.8721,3.2550,6.2809,6.4048,5.9723,8.5652,4.6130,5.0663,8.5652,5.5662

5558.8900,3.6869,3.5637,6.0339,6.1578,5.7254,8.7504,5.0452,5.0355,8.7504,5.5662

5559.8900,3.6252,3.6254,6.0956,5.8492,6.0341,8.6887,5.3539,5.0972,8.6887,5.6103

5560.8900,3.7486,4.3663,6.4661,5.7874,6.2810,8.7504,4.8600,5.2516,8.7504,5.7514

5561.8900,3.9955,3.5637,5.9722,6.2196,6.0958,8.5652,4.7983,5.1075,8.5652,5.6015

5562.8900,4.4276,3.8106,6.0339,6.1578,6.0958,8.5652,5.1070,5.2721,8.5652,5.7426

5563.8900,3.8104,3.1933,6.2191,6.4048,5.8488,8.8739,5.0452,5.0869,8.8739,5.6279

5564.8900,3.9338,3.4402,6.2191,6.2196,6.2810,8.9974,4.9835,5.1795,8.9974,5.7249

5565.8900,3.7486,3.5637,6.2191,6.3430,5.7871,8.7504,5.1687,5.1384,8.7504,5.6544

5566.8900,3.8104,3.8724,5.9104,6.5283,6.0958,8.4418,4.6748,5.1487,8.4418,5.6191

5567.8900,3.3783,4.1193,5.9722,6.3430,6.0341,8.9356,5.1687,5.1693,8.9356,5.7073

5568.8900,3.7486,3.8106,6.0339,6.5900,5.8488,8.6270,4.9835,5.1692,8.6270,5.6632

5569.8900,3.8104,4.1810,6.1574,6.1578,6.0341,8.5652,4.8600,5.2001,8.5652,5.6808

5570.8900,3.8721,3.6872,6.0956,6.2196,5.7871,8.6270,4.7983,5.0766,8.6270,5.5838

5571.8900,3.6869,3.9958,6.5278,6.5283,5.5401,8.6887,5.0452,5.2207,8.6887,5.7161

5572.8900,3.9338,3.3167,6.2809,6.2196,6.1576,10.4790,4.8600,5.1281,10.4790,5.8925

5573.8900,3.6252,3.8106,5.8487,6.2196,6.1576,8.9974,4.7983,5.0766,8.9974,5.6367

5574.8900,4.2424,3.5637,5.8487,6.2813,6.0341,9.3678,4.5513,5.0869,9.3678,5.6985

5575.8900,3.3783,3.9958,5.7869,6.2196,6.0958,8.9974,4.8600,5.0561,8.9974,5.6191

5576.8900,3.7486,3.6254,5.9104,6.0344,6.2810,7.8861,5.1070,5.1178,7.8861,5.5133

5577.8900,3.6869,3.7489,5.9722,6.5283,5.8488,8.8739,4.9835,5.1281,8.8739,5.6632

5578.8900,3.7486,3.8724,6.2191,6.3430,6.0958,8.1331,5.3539,5.2721,8.1331,5.6809

5579.8900,4.1807,3.8724,5.9722,6.0344,5.9106,8.5035,4.6130,5.0972,8.5035,5.5838

5580.8900,3.6869,3.9341,5.9104,5.6022,5.6636,8.5035,4.9217,4.9532,8.5035,5.4604

5581.8900,3.5634,3.7489,6.2191,6.0961,5.9723,8.5652,4.9217,5.0869,8.5652,5.5838

5582.8900,3.7486,4.3045,6.1574,6.4665,5.8488,8.6270,4.9217,5.2413,8.6270,5.7249

5583.8900,3.9338,3.5019,6.2191,6.0961,6.1576,8.4418,4.9835,5.1487,8.4418,5.6191

5584.8900,3.8104,4.0576,6.2191,6.1578,6.1576,8.6887,4.9217,5.2207,8.6887,5.7161

5585.8900,3.8104,3.7489,5.9104,6.4665,6.0341,8.3800,4.9835,5.1590,8.3800,5.6191

5586.8900,3.9338,3.7489,6.3426,6.4048,6.0958,9.1208,4.9835,5.2516,9.1208,5.8043

5587.8900,3.8104,3.8106,5.9722,6.2196,6.2810,8.8122,5.1070,5.2001,8.8122,5.7161

5588.8900,3.8721,3.6872,5.7869,6.2196,6.2193,8.4418,4.8600,5.1075,8.4418,5.5838

5589.8900,3.7486,3.6254,6.2191,6.4665,6.2193,8.3800,5.1687,5.2413,8.3800,5.6897

5590.8900,4.1190,3.8724,6.2191,6.4665,6.2193,8.5035,4.9835,5.3133,8.5035,5.7690

5591.8900,3.9338,3.8724,6.4661,6.2813,5.9106,8.6270,5.0452,5.2516,8.6270,5.7338

5592.8900,3.9955,3.8106,5.7869,6.0344,6.0958,8.6887,4.6130,5.0561,8.6887,5.5750

5593.8900,3.6869,3.1315,6.0339,6.4048,6.1576,8.6270,5.2922,5.1178,8.6270,5.6191

5594.8900,3.9338,4.3663,6.2191,6.7135,5.7254,8.6887,4.7365,5.2824,8.6887,5.7690

5595.8900,3.5017,3.8724,6.4661,6.8987,5.2314,8.9356,5.5391,5.2516,8.9356,5.7779

5596.8900,2.6993,3.8106,7.7626,8.4420,0.4155,8.9974,7.0209,5.0252,8.9974,5.5926

5597.8900,3.2548,3.8724,8.1331,9.3681,-0.0785,8.6270,7.3914,5.3235,8.6270,5.7954

5598.8900,2.8227,2.8228,6.2191,7.7012,1.2181,8.5035,5.9713,4.4592,8.5035,5.0370

5599.8900,2.0820,3.1933,6.7748,8.0716,-0.5724,8.4418,6.6505,4.3666,8.4418,4.9488

5600.8900,1.8968,3.3167,7.0835,8.0716,-0.1402,8.8122,6.0331,4.3769,8.8122,5.0105

5601.8910,2.2054,3.1315,7.1452,8.4420,0.0450,8.8122,6.6505,4.6033,8.8122,5.2046

5602.8900,2.2672,3.0081,6.4661,8.1951,1.4033,8.9974,6.4653,4.6342,8.9974,5.2575

5603.8900,1.8968,2.8228,6.1574,8.0716,0.4155,8.6887,6.4653,4.3049,8.6887,4.9312

5604.8900,2.2054,2.3907,6.2191,8.0099,0.2302,8.8122,6.2800,4.2226,8.8122,4.8782

5605.8900,1.7733,2.9463,6.2809,7.3308,0.0450,8.7504,6.2183,4.0991,8.7504,4.7636

5606.8900,1.6499,3.1315,6.5896,7.4543,0.1067,8.6270,6.4035,4.2226,8.6270,4.8518

5607.8900,1.5882,2.7611,6.0956,6.8987,0.2302,8.7504,6.0948,3.9448,8.7504,4.6313

5608.8900,1.5882,2.9463,6.2809,7.3925,0.4155,8.5652,5.9713,4.0991,8.5652,4.7371

5609.8900,1.2178,2.8846,5.9722,7.3308,-0.0167,8.6270,5.8478,3.8727,8.6270,4.5519

5610.8900,1.8351,2.3290,6.2191,7.3925,0.2920,8.4418,5.9713,4.0065,8.4418,4.6401

5611.8910,2.2054,2.2055,6.0339,7.4543,-0.3255,8.6270,5.7861,3.8933,8.6270,4.5695

5612.8900,1.4030,2.5759,5.9104,6.8369,-0.5107,8.8122,5.5391,3.6258,8.8122,4.3667

5613.8900,1.9585,2.9463,6.3426,6.7135,-0.0785,8.6887,5.5391,3.9036,8.6887,4.5872

5614.8900,1.2795,2.2672,5.7252,7.3925,-0.0785,8.9974,5.6626,3.7081,8.9974,4.4637

5615.8910,1.5882,2.5759,6.0339,7.2073,-0.3255,8.8122,5.7244,3.8007,8.8122,4.5166

5616.8900,1.4647,2.5142,5.7869,7.2073,0.1067,8.6270,5.7861,3.8110,8.6270,4.4990

5617.8900,0.9092,2.7611,5.8487,7.0839,0.2302,8.5652,5.2922,3.6875,8.5652,4.3843

5618.8900,1.0326,2.4524,5.9722,6.9604,0.1067,8.0713,5.9096,3.7390,8.0713,4.3579

5619.8900,1.3412,3.1315,6.3426,7.0839,0.0450,8.3800,5.9096,3.9756,8.3800,4.6048

5620.8900,0.5388,2.5759,5.9722,6.9604,0.8477,8.5035,5.5391,3.7390,8.5035,4.4196

5621.8900,1.2178,2.3290,5.6017,7.2073,0.3537,8.5035,5.6009,3.7184,8.5035,4.4020

5622.8910,1.3412,2.4524,5.6017,7.4543,0.0450,7.5775,6.0331,3.8213,7.5775,4.3579

5623.8900,1.0943,2.3907,5.6635,6.9604,-0.0167,8.6887,5.1070,3.5332,8.6887,4.2697

5624.8900,1.0326,2.6994,5.8487,7.6395,0.3537,8.3183,5.1687,3.7904,8.3183,4.4373

5625.8900,1.4647,2.1438,5.6635,7.2691,-0.3255,8.8122,5.7244,3.6566,8.8122,4.3932

5626.8900,1.2178,2.4524,6.2809,7.1456,-0.0785,8.6270,5.3539,3.7287,8.6270,4.4284

5627.8900,0.9092,2.0203,5.5400,6.9604,-0.1402,8.5652,5.7244,3.5023,8.5652,4.2256

5628.8900,1.3412,2.2055,7.0217,7.1456,0.0450,8.5035,5.7244,3.9139,8.5035,4.5696

5629.8900,0.9092,2.6994,5.8487,6.5900,0.1067,8.5652,5.4774,3.6052,8.5652,4.3138

5630.8900,0.9092,2.0820,5.8487,6.4665,-0.0785,8.8739,5.4774,3.4509,8.8739,4.2256

5631.8900,1.2178,2.2672,5.6635,6.6517,0.2302,8.1331,5.6009,3.6052,8.1331,4.2521

5632.8900,0.9709,1.9585,5.4165,6.7135,-0.4489,8.8739,4.9835,3.2657,8.8739,4.0668

5633.8900,1.0943,2.2672,5.4165,7.2073,-0.0785,9.3061,5.6009,3.5846,9.3061,4.4020

5634.8900,1.0943,2.0820,6.0339,7.0221,0.6007,9.1826,5.6009,3.7390,9.1826,4.5166

5635.8900,0.7240,2.2672,5.4165,6.8369,-0.0785,9.0591,5.6009,3.4612,9.0591,4.2609

5636.8900,0.9092,2.4524,6.6513,6.1578,0.4155,8.6887,5.2304,3.6361,8.6887,4.3579

5637.8900,0.6622,1.6499,5.0460,7.4543,0.2920,8.5035,6.0331,3.5229,8.5035,4.2344

5638.8900,0.8474,1.7733,5.2930,6.7752,0.3537,8.6887,5.4774,3.4200,8.6887,4.1727

5639.8900,0.6005,1.5264,5.9104,6.4048,-0.0785,8.6887,5.4774,3.3068,8.6887,4.0757

5640.8900,1.1561,1.8968,5.8487,7.0221,0.4772,8.8122,4.7365,3.5229,8.8122,4.2785

5641.8900,0.9709,2.4524,4.9843,6.8987,-1.1281,10.6025,5.1687,3.2245,10.6025,4.2785

5642.8900,1.2795,2.2055,5.2313,7.3925,-0.2637,8.7504,4.7365,3.4303,8.7504,4.1903

5643.8900,0.9709,2.1438,5.1695,7.3308,-0.0167,9.1208,5.7861,3.5641,9.1208,4.3579

5644.8900,0.7240,1.8968,5.2313,6.7752,-0.3872,8.1948,5.5391,3.2965,8.1948,3.9963

5645.8900,1.4647,2.3290,5.4782,6.7135,-0.0785,8.6270,5.6009,3.5846,8.6270,4.3050

5646.8900,0.5388,1.8968,5.4782,6.8369,0.0450,8.7504,6.6505,3.5744,8.7504,4.3138

5647.8900,1.1561,1.8351,5.1695,7.0221,-0.2020,8.5652,5.1070,3.3480,8.5652,4.0933

5648.8900,0.9092,2.2055,5.0460,7.1456,0.1685,8.5035,5.2304,3.4509,8.5035,4.1727

5649.8900,1.4647,2.1438,5.4782,7.0221,-0.2020,8.3800,5.6626,3.5949,8.3800,4.2785

5650.8900,0.8474,2.3907,6.2809,6.7752,-0.1402,8.6270,5.2304,3.5641,8.6270,4.2873

5651.8900,-0.0785,2.6994,5.3548,6.7135,0.2302,8.5652,5.2922,3.3686,8.5652,4.1110

5652.8900,0.9092,2.0820,6.3426,6.8369,-0.0785,8.5652,5.6626,3.6258,8.5652,4.3314

5653.8900,0.4771,2.2055,6.7748,7.0839,-0.0167,8.5035,5.4774,3.6670,8.5035,4.3579

5654.8900,0.9092,1.5264,5.6635,6.0961,0.0450,8.5652,5.1687,3.2348,8.5652,3.9963

5655.8900,0.8474,2.0203,5.9104,6.8987,0.1067,8.6887,5.3539,3.5229,8.6887,4.2609

5656.8900,0.6622,2.3290,4.5521,6.3430,0.3537,9.7382,5.4774,3.2862,9.7382,4.2080

5657.8900,0.9092,2.3907,5.1695,6.9604,-0.1402,9.1208,5.4774,3.4612,9.1208,4.2697

5658.8900,1.0943,1.6499,3.6260,7.0839,0.3537,8.6887,5.3539,3.1936,8.6887,3.9786

5659.8900,0.6005,2.5142,6.5278,7.1456,0.0450,8.8739,5.3539,3.6978,8.8739,4.4373

5660.8900,0.9709,2.0820,5.2313,6.9604,0.2302,9.1208,5.5391,3.5023,9.1208,4.3050

5661.8900,1.0326,2.0203,5.7252,6.3430,0.1067,7.1453,5.0452,3.3788,7.1453,3.9169

5662.8900,1.2178,1.8968,5.8487,6.8369,0.1067,8.6270,5.4157,3.5538,8.6270,4.2785

5663.8900,1.4030,1.5264,5.7252,6.4048,0.4772,8.6887,5.9096,3.5744,8.6887,4.3050

5664.8900,0.6005,2.3290,5.6017,6.4048,0.1067,8.4418,5.7244,3.4612,8.4418,4.1727

5665.8900,0.4771,1.7116,5.2930,6.5900,-0.0167,8.7504,5.6009,3.2760,8.7504,4.0580

5666.8900,1.5264,1.7733,5.9722,7.2691,-0.0785,8.2565,5.1070,3.5949,8.2565,4.2609

5667.8900,1.0326,1.4647,4.1817,6.2813,0.0450,8.6270,5.4774,3.0804,8.6270,3.8728

5668.8910,0.9092,2.6994,5.2930,6.8369,0.1067,8.7504,5.6009,3.5743,8.7504,4.3138

5669.8900,0.9092,1.8968,5.6635,6.6517,0.1685,8.6270,5.3539,3.4406,8.6270,4.1815

5670.8900,0.9092,1.2794,5.7869,7.2691,-0.3255,8.3183,5.5391,3.4097,8.3183,4.1109

5671.8910,0.9092,1.7733,5.3548,6.5283,0.3537,7.7627,4.7983,3.2862,7.7627,3.9257

5672.8900,-0.2637,1.5264,4.9226,6.2813,-0.0785,8.8122,5.1070,2.9158,8.8122,3.7582

5673.8900,0.7857,1.2794,5.6635,6.7752,-0.3255,8.8739,5.1687,3.2245,8.8739,4.0316

5674.8900,0.6622,1.7116,5.1695,6.6517,0.1685,8.5652,5.7244,3.3480,8.5652,4.0933

5675.8900,0.7857,2.0203,5.2313,6.9604,0.1685,7.8244,5.0452,3.3686,7.8244,4.0051

5676.8900,0.0450,2.0820,5.7252,6.8369,0.2920,8.8739,5.8478,3.4715,8.8739,4.2433

5677.8910,1.0326,1.7116,5.9104,6.5283,-0.0167,8.8122,5.4157,3.4303,8.8122,4.1991

5678.8900,0.7857,2.2055,5.6017,6.6517,0.7859,8.4418,5.3539,3.5641,8.4418,4.2609

5679.8900,0.6005,2.3907,5.3548,7.0839,-0.5107,8.6270,5.8478,3.4612,8.6270,4.1991

5680.8900,0.6005,2.1438,4.5521,6.7135,0.4155,8.3183,5.5391,3.3274,8.3183,4.0404

5681.8900,1.0943,1.6499,5.3548,6.2813,-0.6959,9.0591,5.3539,3.1730,9.0591,4.0139

5682.8900,0.9709,2.6376,5.4165,6.7135,0.3537,8.4418,5.3539,3.5744,8.4418,4.2697

5683.8900,0.7240,1.8968,5.1078,5.9109,0.0450,9.9234,4.6130,3.0496,9.9234,4.0316

5684.8900,0.8474,1.4647,5.4782,6.7752,-0.0785,8.6270,5.4157,3.3171,8.6270,4.0757

5685.8900,0.9709,2.1438,5.2930,5.8492,0.2920,8.8122,5.4774,3.3377,8.8122,4.1198

5686.8900,0.9709,1.8351,5.7252,6.5283,0.0450,8.1948,5.9096,3.5023,8.1948,4.1727

5687.8900,1.2178,1.7116,5.6635,6.5283,-0.0167,8.5652,5.2304,3.3891,8.5652,4.1286

5688.8900,0.4771,1.8351,4.9843,6.4665,-0.7577,8.7504,5.4774,3.0804,8.7504,3.8904

5689.8910,0.9709,1.9585,5.7252,5.9109,0.1067,8.3183,5.2922,3.3274,8.3183,4.0404

5690.8910,0.7240,2.2055,5.2930,6.8987,0.1685,8.3800,5.6009,3.4817,8.3800,4.1815

5691.8900,0.6005,2.0820,5.5400,7.6395,0.1067,8.3800,5.4157,3.5641,8.3800,4.2521

5692.8900,0.8474,2.0820,5.5400,6.8369,0.1067,9.0591,5.4774,3.4817,9.0591,4.2785

5693.8900,0.8474,1.7733,4.8608,6.6517,0.2302,8.2565,5.6009,3.3274,8.2565,4.0316

5694.8900,1.5264,3.0698,4.3669,7.1456,-0.1402,8.4418,5.3539,3.5537,8.4418,4.2520

5695.8900,0.6622,2.0203,5.0460,6.5283,-0.2020,8.7504,5.4157,3.2451,8.7504,4.0316

5696.8900,0.8474,2.2672,5.6635,7.2073,0.1685,8.4418,5.6626,3.6361,8.4418,4.3226

5697.8900,0.9092,1.5881,5.7252,6.7135,0.0450,8.8122,5.3539,3.3891,8.8122,4.1639

5698.8900,1.0326,2.3290,6.2191,5.4788,-0.2020,8.6270,5.2304,3.3480,8.6270,4.1021

5699.8900,1.5264,1.6499,5.6635,6.2813,0.2920,8.0096,5.4157,3.4714,8.0096,4.1198

5700.8900,1.2795,2.3290,5.3548,6.8369,-0.3872,8.6270,5.2304,3.4406,8.6270,4.1815

5701.8900,0.9709,1.8351,5.4782,6.8987,0.3537,8.6887,4.9835,3.4200,8.6887,4.1727

5702.8900,0.2919,2.3290,4.7373,6.8987,1.0946,8.7504,5.6009,3.4921,8.7504,4.2433

5703.8900,0.8474,2.6376,5.4782,6.4048,-0.2020,8.3800,5.4774,3.4406,8.3800,4.1462

5704.8900,1.4030,1.5264,5.8487,6.2813,0.1067,8.4418,5.1687,3.3891,8.4418,4.1109

5705.8900,0.6622,2.6376,5.2313,6.3430,-0.0785,8.4418,5.1687,3.3274,8.4418,4.0580

5706.8900,1.4030,1.8968,5.2930,6.1578,-0.1402,8.8122,4.7983,3.2348,8.8122,4.0315

5707.8900,0.6622,2.1438,6.0339,6.2196,-0.2020,8.6270,5.3539,3.3686,8.6270,4.1198

5708.8900,0.9709,2.2055,4.7373,7.0221,-0.0785,8.4418,5.6626,3.4200,8.4418,4.1374

5709.8900,0.6622,3.0698,4.7373,6.7135,0.1685,8.9356,5.3539,3.4509,8.9356,4.2344

5710.8900,0.7857,2.2055,5.4782,6.5283,0.5389,8.5652,5.1687,3.4509,8.5652,4.1815

5711.8900,0.4771,2.0820,5.7252,6.6517,0.1685,8.3800,5.6626,3.4612,8.3800,4.1639

5712.8900,0.8474,1.5264,5.5400,6.6517,0.4155,8.5035,5.1687,3.3583,8.5035,4.0933

5713.8900,0.8474,1.8351,5.4165,6.6517,0.4155,8.9974,5.1070,3.3789,8.9974,4.1815

5714.8900,1.5264,3.1933,5.7869,6.3430,-0.0785,8.5652,4.7983,3.5949,8.5652,4.3050

5715.8900,0.7857,1.8351,5.4782,6.4048,0.2920,8.5035,5.7861,3.4303,8.5035,4.1551

5716.8900,0.9092,2.9463,5.4165,6.2196,-0.0167,8.4418,5.1687,3.4406,8.4418,4.1550

5717.8900,1.0943,1.4647,5.0460,6.2813,-0.1402,8.5035,5.2304,3.1628,8.5035,3.9257

5718.8900,0.8474,1.7733,5.4782,6.5283,0.4772,8.5035,4.8600,3.3274,8.5035,4.0668

5719.8910,0.1684,2.5759,5.2313,6.5283,0.0450,8.6887,6.5270,3.5126,8.6887,4.2521

5720.8900,1.7733,1.0942,5.6017,6.2813,0.9094,8.5652,5.0452,3.4509,8.5652,4.1815

5721.8900,0.7857,2.7611,5.2930,6.4048,-1.2516,8.3800,5.4157,3.2348,8.3800,3.9698

5722.8900,0.9092,2.2055,5.2930,6.4048,-0.0785,9.0591,5.2922,3.3377,9.0591,4.1550

5723.8900,1.0943,2.1438,6.4043,6.3430,0.4155,8.1331,5.4157,3.6361,8.1331,4.2785

5724.8900,1.8968,1.5264,5.2930,6.5283,0.1067,8.5652,4.8600,3.3685,8.5652,4.1109

5725.8900,1.0943,1.6499,5.6635,6.5283,-0.2020,8.4418,5.2922,3.3377,8.4418,4.0668

5726.8900,1.0326,0.9090,5.0460,6.2196,0.5389,8.1948,5.1070,3.1422,8.1948,3.8640

5727.8900,1.4030,2.1438,5.4165,7.0839,-0.1402,8.3183,5.7861,3.6155,8.3183,4.2873

5728.8900,0.9709,1.8968,5.1078,6.7752,-0.3255,8.1948,5.4157,3.3068,8.1948,4.0051

5729.8910,1.2178,1.7116,5.7252,6.4048,-0.2020,8.4418,5.2922,3.3583,8.4418,4.0845

5730.8910,1.3412,1.8351,5.8487,5.6640,0.3537,8.4418,5.1687,3.3686,8.4418,4.0933

5731.8900,0.8474,1.9585,4.7373,6.6517,-0.0785,8.5652,5.7244,3.3068,8.5652,4.0580

5732.8900,1.2178,1.9585,5.4165,6.4048,-0.0167,7.8861,5.3539,3.3891,7.8861,4.0316

5733.8900,1.0943,2.0820,4.7991,6.1578,-0.0167,8.6270,4.9217,3.1730,8.6270,3.9522

5734.8900,0.5388,1.8968,5.2930,6.2196,0.1685,8.5035,5.6626,3.2965,8.5035,4.0404

5735.8900,-0.0168,1.5264,4.9843,6.6517,-0.2637,8.3800,5.1070,2.9982,8.3800,3.7670

5736.8900,0.9092,1.6499,5.4782,6.5900,-0.2020,8.6887,5.1687,3.2657,8.6887,4.0404

5737.8900,0.8474,2.1438,5.6635,6.5283,-0.0167,8.6887,5.0452,3.3686,8.6887,4.1286

5738.8900,0.2919,2.2055,5.2313,6.4048,0.1685,8.1948,5.2922,3.2657,8.1948,3.9698

5739.8900,0.2302,2.0203,5.7252,6.7135,0.4155,8.6887,5.2922,3.3995,8.6887,4.1551

5740.8900,0.9092,1.9585,5.0460,6.5900,0.1067,8.6270,5.2304,3.3068,8.6270,4.0668

5741.8900,0.8474,1.9585,5.4782,6.4048,-0.2020,8.6270,4.9835,3.2451,8.6270,4.0139

5742.8900,1.4647,1.4647,5.5400,5.9726,0.4772,8.2565,5.2922,3.3686,8.2565,4.0668

5743.8900,0.6622,2.0203,5.1695,6.5283,-0.2020,8.2565,5.9096,3.3480,8.2565,4.0492

5744.8900,0.4153,1.8351,5.2313,6.4048,-0.3872,8.6887,5.2922,3.1319,8.6887,3.9257

5745.8900,0.7857,2.0820,5.2313,6.5283,-0.2020,8.8122,5.4774,3.3171,8.8122,4.1021

5746.8910,0.7857,2.2672,5.4165,5.9109,0.2920,8.8122,5.1070,3.2965,8.8122,4.0845

5747.8900,0.7857,2.2055,5.2930,6.4048,0.3537,9.1208,5.4157,3.4097,9.1208,4.2256

5748.8900,0.7240,2.5759,5.9104,6.8369,-0.2637,8.6887,5.2922,3.5126,8.6887,4.2521

5749.8910,1.0943,2.1438,5.0460,6.3430,0.1067,8.7504,4.9835,3.2862,8.7504,4.0668

