Elapsed Time (s),P1 (psi),P2 (psi),P3 (psi),P4 (psi),P5 (psi),P6 (psi),P7 (psi),Main Loop Avg Pressure (psi),HX Pressure (psi),Overall Avg Pressure (psi)
1.8830,2.2054,2.6376,4.7373,4.5527,4.2435,10.7877,3.4400,3.6361,10.7877,4.6578

2.7770,1.2795,1.5881,4.5521,4.3675,4.3053,10.9729,2.5756,3.1114,10.9729,4.2344

3.7770,2.2672,3.5019,4.8608,4.5527,4.5522,11.0347,3.0695,3.8007,11.0347,4.8342

4.7770,1.9585,2.0820,4.5521,3.9971,4.3670,11.1581,3.0078,3.3274,11.1581,4.4461

5.7770,1.8968,2.5759,4.1199,4.4910,4.1818,11.5285,2.8843,3.3583,11.5285,4.5255

6.7770,1.8351,2.2672,5.7869,4.8614,4.3053,10.8495,3.1313,3.6979,10.8495,4.7195

7.7770,2.0820,2.2055,4.4904,4.6145,4.1818,11.0964,3.1313,3.4509,11.0964,4.5431

8.7770,2.1437,1.9585,4.7991,5.7257,4.7992,10.8495,3.1930,3.7699,10.8495,4.7812

9.7780,2.2672,1.8351,4.6756,5.9109,4.7375,10.7260,3.0695,3.7493,10.7260,4.7460

10.7770,2.0820,3.0081,4.7991,4.4293,4.2435,10.7260,3.4400,3.6670,10.7260,4.6754

11.7770,2.2054,2.3907,4.2434,4.7997,5.6636,10.9729,3.1313,3.7390,10.9729,4.7724

12.7770,2.0203,2.0203,5.2930,4.5527,4.1200,10.6025,3.1313,3.5229,10.6025,4.5343

13.7780,2.0203,2.2672,4.6139,3.6885,4.9227,10.4173,3.4400,3.4921,10.4173,4.4814

14.7770,1.7733,2.3907,4.7991,4.7379,4.2435,11.2199,3.1313,3.5126,11.2199,4.6137

15.7780,1.9585,2.3907,4.4904,4.8614,4.9227,10.6642,3.3782,3.6670,10.6642,4.6666

16.7770,2.2054,1.7116,4.6756,4.7997,4.4287,10.4790,2.6373,3.4097,10.4790,4.4196

17.7770,1.8351,2.4524,4.6756,4.9231,4.8610,10.4790,2.9460,3.6155,10.4790,4.5960

18.7770,2.5141,2.0820,4.3669,4.7997,4.3053,10.4790,2.8843,3.4920,10.4790,4.4902

19.7770,2.3289,2.2672,4.5521,4.4910,4.6757,10.1086,3.2547,3.5950,10.1086,4.5255

20.7770,2.0203,2.5142,4.6756,4.3058,4.2435,10.1704,3.3165,3.5126,10.1704,4.4637

21.7770,1.8968,2.4524,4.6756,4.7379,4.3053,10.1704,3.6869,3.6258,10.1704,4.5608

22.7770,2.0820,2.2672,3.9965,4.5527,5.2314,10.4173,3.3165,3.5744,10.4173,4.5519

23.7770,1.8968,2.4524,4.8608,5.3553,4.2435,10.4790,3.1313,3.6567,10.4790,4.6313

24.7770,1.7733,2.3290,4.4904,5.2318,4.4287,10.1704,3.0078,3.5435,10.1704,4.4902

25.7780,2.3289,2.5142,4.6756,4.3058,4.6757,10.1704,3.2547,3.6258,10.1704,4.5608

26.7780,2.1437,2.3290,4.3669,4.6762,5.2932,10.4790,3.1313,3.6567,10.4790,4.6313

27.7770,1.6499,1.7116,5.1695,4.2441,4.4905,10.1704,3.3165,3.4303,10.1704,4.3932

28.7770,2.2672,1.4029,4.5521,4.9231,4.4287,10.4173,3.3782,3.4921,10.4173,4.4814

29.7780,3.3783,2.4524,4.4904,4.7997,4.4287,10.2938,3.3782,3.8213,10.2938,4.7459

30.7770,2.1437,2.2672,4.7373,4.7379,4.3053,10.6642,3.1930,3.5641,10.6642,4.5784

31.7780,1.8968,2.2672,4.4904,4.6762,4.0583,10.1086,3.8104,3.5332,10.1086,4.4726

32.7770,2.2672,2.5142,4.4904,4.6762,4.2435,10.6025,2.8225,3.5023,10.6025,4.5166

33.7770,2.0203,2.2672,4.3052,4.7379,5.3549,10.2321,3.1930,3.6464,10.2321,4.5872

34.7770,2.3289,2.0203,4.7991,4.5527,4.3053,9.8617,3.1313,3.5229,9.8617,4.4285

35.7770,2.0203,2.1438,4.4904,4.6762,4.0583,10.9729,3.0078,3.3994,10.9729,4.4814

36.7770,1.8968,2.2055,4.6139,4.4293,4.4287,9.7382,3.6869,3.5435,9.7382,4.4285

37.7770,2.3289,2.4524,4.7373,4.4293,4.1818,9.6765,3.3782,3.5847,9.6765,4.4549

38.7770,2.0820,2.0820,4.5521,4.2441,4.6757,9.9234,3.0695,3.4509,9.9234,4.3755

39.7780,2.2672,1.8351,4.9843,4.4293,4.3670,10.0469,3.1930,3.5126,10.0469,4.4461

40.7780,1.9585,2.0203,4.6756,4.7379,4.7992,10.1704,3.1313,3.5538,10.1704,4.4990

41.7770,2.0820,2.3907,4.6756,4.3058,4.3670,9.7999,3.1930,3.5023,9.7999,4.4020

42.7770,2.5758,2.1438,4.4286,4.4910,4.4905,10.1704,2.9460,3.5126,10.1704,4.4637

43.7770,2.0203,2.0820,4.5521,4.6145,4.1818,9.6765,3.1930,3.4406,9.6765,4.3314

44.7770,2.0203,1.9585,4.4286,4.4910,4.4287,9.6765,3.3165,3.4406,9.6765,4.3314

45.7770,2.2672,2.0820,4.7991,4.6145,5.1079,10.0469,3.2547,3.6876,10.0469,4.5960

46.7770,2.0203,2.0820,4.7373,4.1823,4.5522,10.0469,3.6869,3.5435,10.0469,4.4726

47.7780,2.2672,2.0820,4.3052,4.5527,4.3053,9.6765,3.1313,3.4406,9.6765,4.3314

48.7770,2.1437,3.1933,4.7991,4.4293,4.2435,9.8617,2.8843,3.6155,9.8617,4.5078

49.7770,1.8968,2.0820,4.6139,4.6145,4.6140,9.8617,3.2547,3.5126,9.8617,4.4196

50.7770,2.2054,1.8968,4.6756,4.5527,4.5522,10.0469,3.1930,3.5126,10.0469,4.4461

51.7770,2.3906,2.1438,5.3548,4.4910,4.2435,9.6765,3.3782,3.6670,9.6765,4.5255

52.7770,1.8351,2.3907,4.6139,4.9231,4.6757,10.0469,3.0078,3.5744,10.0469,4.4990

53.7770,2.1437,2.2055,4.7373,4.7997,4.4905,9.9851,3.3165,3.6155,9.9851,4.5255

54.7770,2.0203,2.2055,3.9965,4.3675,4.3053,9.9851,3.0695,3.3274,9.9851,4.2785

55.7770,2.4523,2.4524,4.3669,4.3675,4.1818,9.8617,3.0078,3.4715,9.8617,4.3843

56.7770,1.5882,2.2055,4.6756,4.4293,4.6140,9.7999,2.8225,3.3892,9.7999,4.3050

57.7780,1.6499,2.3290,4.7991,5.1084,4.6140,9.4295,3.1930,3.6155,9.4295,4.4461

58.7770,2.2054,2.4524,4.7373,4.6762,4.3670,10.1704,3.0078,3.5744,10.1704,4.5167

59.7770,2.2054,1.9585,4.6139,4.3058,4.7375,9.2443,3.1313,3.4921,9.2443,4.3138

60.7770,1.9585,2.2672,4.6139,4.5527,4.4905,9.1826,3.1930,3.5126,9.1826,4.3226

61.7770,2.0203,2.1438,4.6139,4.0589,4.4905,8.6887,3.2547,3.4303,8.6887,4.1815

62.7780,2.3906,1.6499,4.6139,4.6145,4.6140,8.6270,3.0695,3.4921,8.6270,4.2256

63.7780,2.0203,2.0820,4.5521,4.5527,3.9348,8.5035,3.5017,3.4406,8.5035,4.1639

64.7770,1.6499,2.2672,4.0582,4.7997,4.1200,8.4418,2.9460,3.3068,8.4418,4.0404

65.7770,2.2054,2.2055,4.9226,4.4293,4.1818,8.6887,3.3165,3.5435,8.6887,4.2785

66.7770,1.7116,2.0820,4.3669,4.5527,4.1818,8.6887,3.0695,3.3274,8.6887,4.0933

67.7770,3.0079,2.2055,4.5521,4.4293,4.3670,8.3800,3.1930,3.6258,8.3800,4.3050

68.7770,2.4523,2.5759,4.3052,4.7997,4.3053,8.7504,3.1313,3.5949,8.7504,4.3314

69.7770,1.7733,2.2055,4.6139,4.5527,4.4287,9.1208,3.3782,3.4921,9.1208,4.2962

70.7770,2.0203,1.8968,4.6139,4.6145,4.5522,8.6270,3.1313,3.4715,8.6270,4.2080

71.7770,1.8968,2.2055,4.3669,4.6762,4.3053,8.9356,3.5017,3.4921,8.9356,4.2697

72.7770,1.8968,2.1438,4.1199,4.4910,4.6140,8.3800,3.4400,3.4509,8.3800,4.1551

73.7780,2.0203,2.1438,4.7373,4.3675,4.4905,8.4418,3.3165,3.5126,8.4418,4.2168

74.7770,2.0820,2.8846,4.3669,4.7997,4.3670,8.5652,3.0078,3.5847,8.5652,4.2962

75.7770,2.2054,2.0203,4.4286,4.4910,4.6140,8.5652,3.5634,3.5538,8.5652,4.2697

76.7770,2.2054,1.8968,4.7373,4.4293,4.6140,8.5652,3.6869,3.5950,8.5652,4.3050

77.7770,2.1437,2.2055,5.2930,4.6762,4.3053,8.4418,3.1313,3.6258,8.4418,4.3138

78.7770,2.1437,2.2672,4.4904,4.6762,4.3670,10.4173,3.2547,3.5332,10.4173,4.5167

79.7770,2.0203,2.2055,4.6139,4.8614,4.6140,8.3183,3.1930,3.5847,8.3183,4.2609

80.7770,2.4523,2.2055,4.4286,4.4293,4.5522,8.8739,3.0078,3.5126,8.8739,4.2785

81.7770,2.1437,2.4524,4.6139,4.4910,4.7375,8.6270,3.1930,3.6052,8.6270,4.3226

82.7780,2.2672,1.9585,4.7373,4.5527,4.4287,8.7504,3.0078,3.4921,8.7504,4.2432

83.7770,2.1437,1.8351,4.9843,4.3675,4.3670,8.7504,3.0078,3.4509,8.7504,4.2080

84.7770,2.0203,2.3907,4.6139,4.3675,3.9348,8.7504,2.8843,3.3686,8.7504,4.1374

85.7770,1.4030,2.3907,4.4904,4.3058,4.2435,8.8739,3.0078,3.3069,8.8739,4.1022

86.7770,1.8351,2.0820,4.3669,4.6145,4.6140,8.4418,3.3782,3.4818,8.4418,4.1903

87.7780,2.0203,1.8968,4.7991,4.0589,4.6140,7.9479,3.3782,3.4612,7.9479,4.1022

88.7780,1.9585,0.4151,4.8608,4.4910,4.8610,8.7504,3.1313,3.2863,8.7504,4.0669

89.7770,1.7733,2.2672,4.6139,4.6145,4.7992,8.8739,2.9460,3.5024,8.8739,4.2697

90.7770,2.2054,1.9585,4.5521,4.6762,4.4905,8.3800,3.2547,3.5229,8.3800,4.2168

91.7770,0.1684,2.8846,4.1199,5.0466,4.2435,8.4418,3.5017,3.3275,8.4418,4.0581

92.7770,2.6993,2.4524,4.3669,4.4293,4.1818,8.6887,2.5138,3.4406,8.6887,4.1903

93.7770,2.0203,1.9585,4.3669,4.5527,4.5522,8.0096,3.0695,3.4200,8.0096,4.0757

94.7770,1.8968,0.9090,3.7495,4.8614,4.2435,9.3061,3.3782,3.1731,9.3061,4.0492

95.7770,2.0820,2.2672,5.1078,4.6145,4.3670,8.8739,3.1313,3.5950,8.8739,4.3491

96.7770,1.7733,2.5142,4.8608,5.6022,4.3053,8.9974,2.7608,3.6361,8.9974,4.4020

97.7770,1.9585,2.2055,4.6139,4.3058,4.6757,10.0469,3.3782,3.5229,10.0469,4.4549

98.7770,1.8351,2.0203,4.6139,4.2441,4.4905,8.8739,3.6252,3.4715,8.8739,4.2433

99.7770,1.9585,2.2055,4.4904,4.7379,4.0583,8.6887,3.3165,3.4612,8.6887,4.2080

100.7770,2.0820,2.7611,4.6139,4.4293,4.6140,8.5652,3.1930,3.6155,8.5652,4.3226

101.7770,2.1437,1.8968,5.1695,4.3675,5.2314,8.8122,3.2547,3.6773,8.8122,4.4108

102.7770,1.8968,2.1438,4.3669,4.6145,3.6878,8.5035,3.3165,3.3377,8.5035,4.0757

103.7770,2.2054,2.6376,4.7991,4.3058,4.3670,8.5035,3.2547,3.5950,8.5035,4.2962

104.7770,2.2672,2.2055,4.3052,4.6762,4.3053,8.8122,3.3782,3.5229,8.8122,4.2785

105.7770,1.8968,2.4524,4.6139,4.9231,4.5522,8.5652,2.9460,3.5641,8.5652,4.2785

106.7770,2.1437,2.0820,5.2930,4.5527,4.3670,8.3800,3.1313,3.5950,8.3800,4.2785

107.7770,2.2054,2.0820,4.6756,4.7379,4.7375,8.8122,3.1930,3.6052,8.8122,4.3491

108.7770,1.9585,2.0820,4.1817,4.4910,4.3670,8.3800,3.2547,3.3892,8.3800,4.1021

109.7770,2.0203,2.2055,4.4286,4.6762,4.3670,8.5652,3.3782,3.5126,8.5652,4.2344

110.7770,1.8351,2.1438,4.6756,4.6762,4.4287,8.6270,3.2547,3.5024,8.6270,4.2344

111.7770,1.7116,1.8968,4.6756,5.0466,4.2435,8.5652,3.1313,3.4509,8.5652,4.1815

112.7770,2.2672,2.0820,4.5521,4.3058,4.4905,8.6887,3.7487,3.5744,8.6887,4.3050

113.7770,1.4030,2.3290,4.9843,4.5527,4.4905,8.3800,3.3165,3.5127,8.3800,4.2080

114.7770,2.3906,2.0203,4.6756,4.3058,4.4905,8.3183,3.1313,3.5023,8.3183,4.1903

115.7770,1.9585,2.1438,4.6139,4.6762,4.1200,8.5035,3.2547,3.4612,8.5035,4.1815

116.7780,2.2054,2.1438,4.0582,4.2441,4.0583,8.5652,3.0078,3.2863,8.5652,4.0404

117.7770,2.2054,1.5881,5.2313,4.3058,4.3670,8.6270,3.5017,3.5332,8.6270,4.2609

118.7770,2.3289,2.6994,4.4904,4.4910,4.8610,8.5652,3.2547,3.6876,8.5652,4.3844

119.7770,2.3289,2.1438,4.1817,4.4293,4.6140,8.3800,3.1313,3.4715,8.3800,4.1727

120.7770,1.9585,2.5759,4.3669,4.4293,4.4905,8.6887,3.2547,3.5126,8.6887,4.2521

121.7770,2.2054,3.2550,4.6139,4.5527,4.3670,8.5035,2.8225,3.6361,8.5035,4.3314

122.7770,1.6499,2.1438,4.7373,4.7997,4.3670,8.5035,3.2547,3.4921,8.5035,4.2080

123.7770,2.2672,2.0203,4.7373,5.2318,3.8113,8.6270,2.9460,3.5023,8.6270,4.2344

124.7780,2.5758,2.0820,4.4286,4.4293,4.4287,8.5652,3.1313,3.5126,8.5652,4.2344

125.7770,1.8968,2.0203,4.6139,4.4910,4.5522,8.0713,3.5017,3.5126,8.0713,4.1639

126.7770,2.0203,2.6994,4.6139,4.6145,4.1200,8.5035,3.3165,3.5641,8.5035,4.2697

127.7770,3.1314,2.3907,4.3052,4.7997,4.6140,8.6270,3.6869,3.8213,8.6270,4.5078

128.7770,2.2672,1.8968,4.6139,4.6145,4.4287,8.3800,3.1313,3.4921,8.3800,4.1903

129.7770,1.9585,0.3534,5.0460,4.2441,4.7992,8.3800,3.6252,3.3377,8.3800,4.0581

130.7770,2.1437,2.0203,3.7495,4.9231,4.3053,8.5035,3.3165,3.4097,8.5035,4.1374

131.7770,2.2672,2.6376,4.6139,4.3675,4.2435,8.5035,3.3782,3.5847,8.5035,4.2873

132.7770,2.5141,2.0820,4.5521,4.4293,4.3053,8.8122,3.6869,3.5949,8.8122,4.3403

133.7780,1.7116,2.3290,4.2434,4.9231,4.1200,8.3800,3.1930,3.4200,8.3800,4.1286

134.7770,2.1437,2.0203,4.6139,4.4293,4.4287,8.2565,3.4400,3.5126,8.2565,4.1903

135.7780,2.0203,2.2055,4.4904,4.5527,4.7992,8.6270,2.9460,3.5024,8.6270,4.2344

136.7770,2.6375,2.2672,4.4904,4.3058,4.3053,8.6270,3.1930,3.5332,8.6270,4.2609

137.7770,2.2672,2.0820,4.1817,4.7997,4.2435,8.3183,3.2547,3.4715,8.3183,4.1639

138.7770,2.0820,2.3907,4.2434,4.7379,5.1079,8.6887,3.3165,3.6464,8.6887,4.3667

139.7770,1.9585,2.0820,4.4286,4.6145,4.6140,8.8122,3.6252,3.5538,8.8122,4.3050

140.7770,1.9585,2.0203,4.5521,4.5527,4.3670,8.4418,3.5634,3.5024,8.4418,4.2080

141.7770,1.9585,1.5264,4.4904,4.6762,4.7992,8.2565,3.3782,3.4715,8.2565,4.1551

142.7770,1.9585,2.2672,4.4904,3.8737,4.3670,9.4295,2.8225,3.2966,9.4295,4.1727

143.7770,1.7733,2.6376,4.5521,5.1084,4.7375,8.5035,2.9460,3.6258,8.5035,4.3226

144.7780,2.2672,2.3290,4.7991,4.4910,3.6878,7.8861,3.3165,3.4818,7.8861,4.1110

145.7770,1.7116,2.3907,4.4286,4.6762,4.3670,9.1826,3.3782,3.4921,9.1826,4.3050

146.7770,2.6375,2.5142,4.3052,4.4293,4.2435,8.4418,2.5138,3.4406,8.4418,4.1550

147.7770,2.8844,2.3290,4.3669,4.4293,4.3053,8.5035,2.5138,3.4714,8.5035,4.1903

148.7770,2.8844,1.9585,4.3669,4.4293,4.4287,8.4418,3.0078,3.5126,8.4418,4.2168

149.7770,2.4523,2.2672,5.2313,4.9849,4.4905,8.1331,3.0695,3.7493,8.1331,4.3755

150.7770,1.3412,2.5142,4.8608,4.7997,4.3670,7.8244,3.5017,3.5641,7.8244,4.1727

151.7770,1.8351,2.2672,4.6756,4.4910,4.7375,8.3183,2.8843,3.4818,8.3183,4.1727

152.7770,2.0203,2.2672,4.3052,4.4910,4.5522,8.6270,3.3782,3.5023,8.6270,4.2344

153.7770,2.2054,2.2672,4.4286,4.5527,4.2435,8.6887,3.4400,3.5229,8.6887,4.2609

154.7780,1.5882,2.4524,4.8608,4.6762,5.1079,8.3800,3.0695,3.6258,8.3800,4.3050

155.7770,2.3289,2.4524,4.4904,4.9849,4.4287,8.1331,3.1313,3.6361,8.1331,4.2785

156.7770,2.2672,1.8968,4.6756,4.7379,4.6140,8.5652,3.2547,3.5744,8.5652,4.2874

157.7770,2.1437,1.8351,4.4286,4.4910,4.7375,8.0713,3.2547,3.4818,8.0713,4.1374

158.7780,1.8968,2.2055,4.3052,4.6145,4.6140,9.3061,3.5634,3.5332,9.3061,4.3579

159.7770,2.0820,1.8968,5.1695,4.2441,4.2435,8.5035,3.3782,3.5024,8.5035,4.2168

160.7770,2.0820,2.3907,4.4904,4.4910,4.1200,8.1948,3.2547,3.4715,8.1948,4.1462

161.7770,2.0820,2.1438,4.3052,4.6145,4.4287,8.5035,3.3165,3.4818,8.5035,4.1992

162.7770,1.9585,2.6994,4.5521,4.4910,5.4784,8.4418,3.4400,3.7699,8.4418,4.4373

163.7770,2.0203,2.1438,4.3052,4.7379,4.6140,8.9356,3.3782,3.5332,8.9356,4.3050

164.7770,2.2054,1.8968,4.9843,4.7997,4.3670,8.3800,3.1313,3.5641,8.3800,4.2521

165.7770,2.0203,2.3907,4.9226,4.3058,4.4287,8.3800,3.5017,3.5950,8.3800,4.2785

166.7770,2.2054,2.3290,5.1078,4.4293,4.3053,8.5035,3.0695,3.5744,8.5035,4.2785

167.7770,2.3906,2.3907,4.3669,4.9231,4.3053,8.3800,3.0695,3.5744,8.3800,4.2609

168.7770,1.7733,2.2672,4.1817,4.6762,4.4287,8.5035,3.5634,3.4818,8.5035,4.1992

169.7770,2.2054,1.8968,4.2434,4.4293,4.6140,7.7627,3.3165,3.4509,7.7627,4.0669

170.7770,2.2054,2.3907,4.9843,4.4293,4.4287,8.4418,3.1930,3.6052,8.4418,4.2962

171.7770,2.5141,1.9585,4.5521,4.6762,4.6757,9.3061,3.2547,3.6052,9.3061,4.4196

172.7770,1.8968,2.1438,4.3052,4.6145,4.6140,8.7504,3.6252,3.5332,8.7504,4.2785

173.7770,1.8968,1.9585,4.5521,4.1206,4.4905,8.6887,3.1313,3.3583,8.6887,4.1198

174.7770,1.9585,2.2672,3.9347,4.9849,3.8731,8.4418,3.1313,3.3583,8.4418,4.0845

175.7770,2.3906,2.5759,4.3669,4.5527,4.4287,8.3800,3.5634,3.6464,8.3800,4.3226

176.7770,2.2054,1.7733,4.8608,4.7379,4.4905,8.4418,2.6373,3.4509,8.4418,4.1639

177.7770,1.8351,1.8968,4.6756,4.6762,4.1200,8.5652,3.9956,3.5332,8.5652,4.2521

178.7770,1.8968,2.2672,4.4904,4.4910,4.4287,8.1331,3.4400,3.5024,8.1331,4.1639

179.7770,1.9585,2.0820,4.7373,4.4293,4.4287,8.3800,3.1313,3.4612,8.3800,4.1639

180.7780,2.1437,2.3907,3.9965,4.6762,5.2314,8.6887,3.1313,3.5950,8.6887,4.3226

181.7770,2.5758,1.5881,4.1817,4.3058,4.7375,8.2565,3.3782,3.4612,8.2565,4.1462

182.7770,1.9585,1.8968,4.3669,4.4293,4.5522,8.0096,3.3782,3.4303,8.0096,4.0845

183.7770,2.2672,2.2672,4.3052,4.3675,4.3053,9.3061,2.7608,3.3789,9.3061,4.2256

184.7770,2.2672,2.5142,4.3669,4.3058,4.6140,8.3183,3.5017,3.5950,8.3183,4.2697

185.7770,2.1437,1.8968,4.6139,4.5527,4.4287,8.2565,3.0695,3.4509,8.2565,4.1374

186.7770,2.0820,1.8968,4.3669,4.4293,4.4287,8.0713,3.2547,3.4097,8.0713,4.0757

187.7770,1.8968,2.2672,4.2434,4.5527,4.3053,8.7504,2.7608,3.3377,8.7504,4.1110

188.7770,2.0820,1.9585,4.5521,4.4910,4.7375,8.2565,3.0695,3.4818,8.2565,4.1639

189.7770,1.9585,2.1438,4.3052,4.5527,4.4905,8.5035,3.5017,3.4921,8.5035,4.2080

190.7770,2.6993,2.3907,4.4286,4.4910,4.2435,8.3183,2.9460,3.5332,8.3183,4.2168

191.7770,1.8351,2.3290,4.4286,4.8614,5.2314,8.6887,3.2547,3.6567,8.6887,4.3756

192.7770,2.0203,2.0820,4.6139,4.7379,4.9227,8.3183,3.0078,3.5641,8.3183,4.2433

193.7770,2.4523,2.2055,4.3052,4.6145,4.3670,8.3183,2.9460,3.4818,8.3183,4.1727

194.7770,2.0820,2.2055,4.6139,4.1206,4.4905,8.5035,3.1930,3.4509,8.5035,4.1727

195.7770,2.2054,2.1438,4.8608,4.6762,4.3053,8.2565,3.1930,3.5641,8.2565,4.2344

196.7770,1.9585,2.3290,4.6139,4.4293,3.9965,7.4540,2.3904,3.2863,7.4540,3.8816

197.7770,2.5758,2.3907,4.4904,4.6145,4.3053,8.0713,3.3165,3.6155,8.0713,4.2521

198.7780,1.9585,2.6994,4.8608,4.5527,4.1818,8.0096,3.2547,3.5847,8.0096,4.2168

199.7770,2.2054,2.2672,4.4286,4.4910,4.3670,8.6887,2.8843,3.4406,8.6887,4.1903

200.7770,2.2672,2.0820,4.4286,4.5527,4.5522,7.9479,3.4400,3.5538,7.9479,4.1815

201.7770,2.2054,2.1438,4.9226,4.6145,4.3053,8.1331,3.1930,3.5641,8.1331,4.2168

202.7770,2.2672,1.9585,4.6139,4.2441,4.5522,8.2565,3.6252,3.5435,8.2565,4.2168

203.7770,2.2672,2.0820,4.9843,4.2441,4.3053,8.7504,3.3165,3.5332,8.7504,4.2785

204.7770,2.0203,2.1438,4.6756,4.5527,4.5522,8.0096,3.3782,3.5538,8.0096,4.1903

205.7780,2.2054,2.1438,4.5521,4.4910,4.4287,8.1948,3.0078,3.4715,8.1948,4.1462

206.7770,2.2672,1.2177,4.9226,4.9231,4.5522,8.2565,3.0078,3.4818,8.2565,4.1639

207.7770,1.8351,2.3907,5.1078,4.4910,4.7992,8.4418,3.0695,3.6155,8.4418,4.3050

208.7780,2.6993,2.3907,5.0460,4.3675,4.2435,8.2565,3.0078,3.6258,8.2565,4.2873

209.7770,1.8968,2.0203,4.3052,4.4293,4.3670,8.3183,3.3165,3.3892,8.3183,4.0933

210.7780,2.3289,1.7116,4.7991,4.8614,4.4287,8.4418,3.1930,3.5538,8.4418,4.2521

211.7770,2.5141,2.3290,4.3052,4.5527,4.4287,8.2565,2.7608,3.4817,8.2565,4.1639

212.7770,2.0820,2.0203,4.5521,4.6145,4.3670,8.6887,3.0695,3.4509,8.6887,4.1992

213.7770,2.0203,2.2672,4.3052,4.6762,4.4905,8.2565,3.2547,3.5023,8.2565,4.1815

214.7770,0.1067,2.2055,4.7991,4.4910,4.6140,8.3183,3.2547,3.2452,8.3183,3.9699

215.7770,1.5882,2.4524,4.4904,5.0466,4.6140,8.4418,2.8843,3.5126,8.4418,4.2168

216.7780,2.2054,1.8351,4.4286,4.4293,4.4905,7.6392,3.1313,3.4200,7.6392,4.0228

217.7770,2.0820,2.2055,4.6139,4.6145,4.4905,8.5652,3.3782,3.5641,8.5652,4.2785

218.7770,1.7116,2.3290,4.6756,4.6762,4.4905,7.6392,3.6869,3.5950,7.6392,4.1727

219.7770,1.9585,1.9585,4.7373,4.3058,4.3053,7.9479,3.3782,3.4406,7.9479,4.0845

220.7780,1.7733,2.1438,4.6139,4.4910,3.8731,8.1331,1.8347,3.1216,8.1331,3.8375

221.7770,2.3906,2.0820,4.8608,4.4293,4.1200,8.2565,3.0078,3.4818,8.2565,4.1639

222.7770,2.0820,2.2055,4.7373,4.6145,4.6757,9.0591,3.5017,3.6361,9.0591,4.4108

223.7770,1.9585,1.9585,4.4904,4.6762,4.6140,8.6270,3.1930,3.4818,8.6270,4.2168

224.7770,2.0203,2.2672,4.7373,4.1206,4.9844,7.8244,3.6869,3.6361,7.8244,4.2345

225.7770,2.0203,1.9585,4.4904,4.3675,4.6140,7.7009,3.3165,3.4612,7.7009,4.0669

226.7770,1.9585,2.4524,4.6756,4.3058,4.7375,9.0591,3.3782,3.5847,9.0591,4.3667

227.7770,2.0820,2.1438,4.3052,4.4910,4.1818,7.1453,2.8225,3.3377,7.1453,3.8816

228.7770,1.7733,2.3907,4.7373,5.0466,4.9227,8.2565,3.0695,3.6567,8.2565,4.3138

229.7770,2.6375,2.3907,4.3669,4.6762,4.1818,8.3800,2.7608,3.5023,8.3800,4.1991

230.7770,1.8968,2.1438,4.4286,4.7379,3.6878,8.3800,2.5138,3.2348,8.3800,3.9698

231.7770,2.1437,1.9585,4.7991,4.3058,4.3053,7.8861,3.6869,3.5332,7.8861,4.1551

232.7770,2.0820,2.2672,4.9226,4.6145,4.2435,8.4418,3.1930,3.5538,8.4418,4.2521

233.7770,1.8351,2.2055,4.5521,4.3675,5.1697,8.3183,3.1313,3.5435,8.3183,4.2256

234.7770,2.3289,2.1438,4.3052,4.3675,4.5522,8.1331,3.3165,3.5023,8.1331,4.1639

235.7770,1.8968,1.8351,4.5521,4.3058,4.4905,8.2565,3.6252,3.4509,8.2565,4.1374

236.7770,2.0820,2.2055,4.9226,4.1823,4.6140,8.3800,3.1930,3.5332,8.3800,4.2256

237.7770,2.1437,2.2672,5.0460,4.7997,3.7496,8.1331,3.1930,3.5332,8.1331,4.1903

238.7770,2.2672,2.2672,5.0460,3.8737,4.4287,8.3183,3.1313,3.5023,8.3183,4.1903

239.7770,2.0203,2.0820,4.6139,4.4293,4.4287,8.3800,3.8104,3.5641,8.3800,4.2521

240.7770,2.1437,1.9585,4.6756,4.6762,4.6757,8.6270,3.3165,3.5744,8.6270,4.2962

241.7770,2.2054,2.3290,5.4165,4.3675,4.6140,7.8244,3.1313,3.6773,7.8244,4.2697

242.7770,1.7116,2.2055,5.1695,4.7379,4.3670,8.0096,3.3782,3.5950,8.0096,4.2256

243.7770,2.1437,2.2055,4.8608,4.5527,4.6757,8.1948,3.3165,3.6258,8.1948,4.2785

244.7770,1.8351,2.7611,4.5521,5.1084,4.3053,8.0713,3.1930,3.6258,8.0713,4.2609

245.7770,1.8968,2.1438,4.7991,4.6762,4.6140,8.1948,3.6869,3.6361,8.1948,4.2874

246.7770,1.5264,2.3290,4.8608,4.5527,4.6757,8.3183,3.2547,3.5332,8.3183,4.2168

247.7770,2.0203,2.0820,4.3669,4.4910,4.6140,8.0096,3.3165,3.4818,8.0096,4.1286

248.7770,1.5882,2.1438,4.8608,4.4293,4.5522,8.3800,2.8843,3.4098,8.3800,4.1198

249.7770,2.3289,2.1438,4.3669,4.6762,5.0462,8.5652,3.1930,3.6258,8.5652,4.3315

250.7770,2.3906,2.2055,4.5521,4.6762,4.4287,8.0096,3.0078,3.5435,8.0096,4.1815

251.7770,2.2054,2.5142,4.8608,3.8737,4.2435,8.2565,3.0695,3.4612,8.2565,4.1462

252.7770,1.6499,2.9463,4.7991,4.2441,4.4287,8.4418,3.2547,3.5538,8.4418,4.2521

253.7770,1.8968,2.4524,4.3052,4.3675,4.1200,9.0591,3.3165,3.4097,9.0591,4.2168

254.7780,1.7733,2.0203,4.8608,4.4293,4.4905,8.3800,3.5634,3.5229,8.3800,4.2168

255.7770,3.4400,2.1438,4.6139,4.3058,4.3670,8.2565,3.8104,3.7801,8.2565,4.4196

256.7770,2.0820,2.1438,4.6139,4.3058,4.5522,8.3800,3.2547,3.4921,8.3800,4.1903

257.7770,1.9585,2.1438,4.6139,4.5527,4.4905,8.1948,3.5634,3.5538,8.1948,4.2168

258.7770,1.8968,2.4524,4.6139,4.7379,4.1818,8.2565,3.0078,3.4818,8.2565,4.1639

259.7770,1.9585,2.0203,4.5521,4.7379,4.3670,8.1331,3.4400,3.5126,8.1331,4.1727

260.7770,1.8968,2.2672,4.4286,4.8614,4.4287,8.5035,3.1930,3.5126,8.5035,4.2256

261.7770,2.0820,2.2055,4.2434,4.5527,4.5522,8.1948,3.2547,3.4818,8.1948,4.1551

262.7770,1.8968,2.0820,4.4286,4.4910,4.4905,8.1948,3.5017,3.4818,8.1948,4.1551

263.7780,2.2054,2.0203,4.6756,4.2441,4.9227,8.0713,3.0695,3.5229,8.0713,4.1727

264.7780,2.2672,2.3290,4.6139,4.0589,4.7992,8.0713,3.0695,3.5229,8.0713,4.1727

265.7770,2.0820,2.7611,3.7495,4.9849,4.2435,8.1331,3.2547,3.5126,8.1331,4.1727

266.7770,2.0203,2.3907,4.6139,4.5527,4.1818,8.5652,3.0078,3.4612,8.5652,4.1903

267.7770,2.5141,2.2055,4.4286,4.6145,4.2435,8.3183,2.9460,3.4920,8.3183,4.1815

268.7770,1.8968,2.2672,4.1817,4.4910,4.6757,8.5035,3.2547,3.4612,8.5035,4.1815

269.7770,1.9585,1.7116,4.3052,4.8614,4.2435,8.1331,3.8721,3.4921,8.1331,4.1551

270.7770,1.3412,2.0820,4.4904,4.6762,4.3053,8.3183,3.8104,3.4509,8.3183,4.1463

271.7770,2.2672,2.0203,5.1078,4.4293,4.3670,8.3800,2.9460,3.5229,8.3800,4.2168

272.7770,1.8968,2.2672,4.4286,4.7379,4.4905,8.6887,3.6869,3.5847,8.6887,4.3138

273.7770,1.9585,2.0820,4.7373,4.2441,4.4287,8.3183,3.4400,3.4818,8.3183,4.1727

274.7770,1.9585,2.3290,5.3548,4.5527,4.4287,8.1948,3.3782,3.6670,8.1948,4.3138

275.7770,2.8227,2.0203,4.3669,4.3675,4.3670,8.6270,2.7608,3.4509,8.6270,4.1903

276.7770,1.8968,2.5759,4.1817,4.3675,4.4287,8.4418,3.3165,3.4612,8.4418,4.1727

277.7770,1.5264,2.2672,4.9843,4.3675,4.6757,8.4418,3.3782,3.5332,8.4418,4.2345

278.7770,2.8844,2.3290,4.9226,4.3675,4.6140,8.1948,3.3165,3.7390,8.1948,4.3755

279.7770,2.0203,2.0203,4.9843,4.5527,4.6140,8.5035,3.2547,3.5744,8.5035,4.2785

280.7770,2.3906,2.1438,4.4286,4.4910,4.4287,8.2565,3.3165,3.5332,8.2565,4.2080

281.7770,2.0203,2.1438,5.9104,4.4910,4.1818,8.5652,3.3782,3.6876,8.5652,4.3844

282.7770,2.2672,2.2672,4.3052,4.3058,4.3670,8.5652,2.9460,3.4097,8.5652,4.1462

283.7780,2.3289,2.6994,4.8608,4.4910,4.7375,8.2565,3.0695,3.6978,8.2565,4.3491

284.7770,2.0820,3.1933,4.1817,4.6762,4.3670,8.3800,3.2547,3.6258,8.3800,4.3050

285.7770,1.4647,2.2672,4.7991,4.6762,4.7375,8.5652,3.3782,3.5538,8.5652,4.2697

286.7770,2.0820,2.0203,3.8730,4.7379,4.3053,8.2565,3.3782,3.3994,8.2565,4.0933

287.7770,2.1437,2.3290,4.9226,4.7379,4.5522,8.1331,3.1313,3.6361,8.1331,4.2785

288.7770,1.2795,2.2672,4.6756,4.4293,4.5522,8.5035,3.1313,3.3892,8.5035,4.1198

289.7770,1.9585,2.2055,4.6139,4.6145,4.1200,8.5035,3.4400,3.4921,8.5035,4.2080

290.7770,2.2054,2.4524,4.7991,4.6762,4.9227,8.3800,2.9460,3.6670,8.3800,4.3403

291.7770,2.1437,1.6499,4.5521,4.7997,4.3053,8.7504,3.1930,3.4406,8.7504,4.1992

292.7770,2.2054,2.0820,4.4904,4.4293,4.5522,8.1331,3.1313,3.4818,8.1331,4.1462

293.7770,2.0820,2.2672,4.8608,4.7379,4.5522,8.2565,3.0695,3.5950,8.2565,4.2609

294.7770,2.2672,2.0820,4.4904,4.7997,4.1818,8.3800,3.3165,3.5229,8.3800,4.2168

295.7770,2.2054,2.0820,4.7991,4.3675,4.2435,8.0713,3.1930,3.4818,8.0713,4.1374

296.7770,2.0203,2.1438,4.5521,4.9849,4.6140,8.3800,3.1930,3.5847,8.3800,4.2697

297.7770,2.3289,2.4524,4.3052,4.5527,4.3053,8.3183,2.6991,3.4406,8.3183,4.1374

298.7770,2.3289,2.0820,4.4904,4.4293,4.4905,8.5652,3.8104,3.6052,8.5652,4.3138

299.7770,2.0820,2.4524,4.4904,4.5527,4.3053,8.5652,3.4400,3.5538,8.5652,4.2697

300.7770,2.0820,2.2055,4.4904,4.9231,4.3670,8.3183,3.4400,3.5847,8.3183,4.2609

301.7770,2.1437,2.6376,5.1695,4.3058,4.8610,8.2565,3.3165,3.7390,8.2565,4.3844

302.7770,2.0820,2.3907,4.6756,4.6145,4.3053,8.5652,3.1313,3.5332,8.5652,4.2521

303.7770,2.0820,2.1438,4.9843,4.4910,4.7992,8.5652,3.2547,3.6258,8.5652,4.3315

304.7770,2.2054,2.2672,4.6139,4.3675,4.6757,8.0713,3.1313,3.5435,8.0713,4.1903

305.7770,2.0820,2.3907,4.6756,4.4910,4.7992,8.1948,3.1313,3.5950,8.1948,4.2521

306.7770,2.0203,2.0203,4.2434,4.4910,4.3670,8.1331,3.3165,3.4097,8.1331,4.0845

307.7770,1.8968,2.2672,4.6756,4.6762,4.2435,8.5652,2.8843,3.4406,8.5652,4.1727

308.7770,2.0203,1.9585,4.6756,4.5527,4.9227,8.5652,2.9460,3.5126,8.5652,4.2344

309.7770,1.8968,2.1438,4.2434,4.5527,3.7496,8.3800,3.3782,3.3274,8.3800,4.0492

310.7770,2.1437,2.3907,4.8608,4.6762,4.4287,8.3183,3.1313,3.6052,8.3183,4.2785

311.7770,2.0203,2.1438,4.1817,4.6145,4.5522,8.6270,3.5017,3.5023,8.6270,4.2344

312.7770,2.4523,2.2055,4.4286,4.4910,4.3053,8.1948,3.0078,3.4818,8.1948,4.1550

313.7770,1.7733,2.1438,4.1817,4.8614,4.5522,8.8122,3.5634,3.5126,8.8122,4.2697

314.7780,2.3289,2.1438,4.1817,4.3058,4.5522,8.1331,3.3782,3.4818,8.1331,4.1462

315.7770,1.9585,3.1933,4.4904,4.4293,4.3053,8.2565,3.3165,3.6155,8.2565,4.2785

316.7770,1.7733,2.2672,4.4904,4.6762,4.3670,8.8739,3.3165,3.4818,8.8739,4.2521

317.7770,2.0203,2.1438,4.6756,4.1823,4.6757,8.3800,3.0695,3.4612,8.3800,4.1639

318.7770,1.6499,2.3290,4.7373,4.4293,4.5522,7.8861,3.5634,3.5435,7.8861,4.1639

319.7780,2.1437,2.5142,4.7373,4.5527,4.1818,7.7627,3.0695,3.5332,7.7627,4.1374

320.7770,1.9585,1.9585,4.3669,4.6762,4.1818,8.3183,2.8843,3.3377,8.3183,4.0492

321.7770,2.3289,2.2672,4.6139,4.1823,4.7375,8.1948,3.1930,3.5538,8.1948,4.2168

322.7770,1.8351,2.3290,4.7373,4.9849,4.6140,8.3183,3.1313,3.6052,8.3183,4.2785

323.7770,1.9585,2.7611,4.1199,4.6145,4.1200,8.1948,3.1930,3.4612,8.1948,4.1374

324.7770,2.0820,1.0942,4.6139,4.3058,4.4905,8.1948,3.3165,3.3171,8.1948,4.0140

325.7770,1.8968,2.2055,4.6139,4.3058,4.6140,8.4418,3.0695,3.4509,8.4418,4.1639

326.7780,1.7733,2.2672,4.5521,4.6145,4.5522,8.2565,2.9460,3.4509,8.2565,4.1374

327.7770,2.2054,2.0820,4.9226,4.4293,4.7375,8.4418,3.3165,3.6155,8.4418,4.3050

328.7770,2.2054,2.1438,4.1817,4.3675,4.4905,8.3183,2.9460,3.3892,8.3183,4.0933

329.7770,1.9585,2.0820,4.6756,4.7379,4.6140,8.5035,3.3165,3.5641,8.5035,4.2697

330.7770,2.1437,2.0820,4.7991,4.4293,4.1200,8.2565,3.1930,3.4612,8.2565,4.1462

331.7770,2.3289,2.2055,4.6139,4.4293,4.2435,8.3800,3.1930,3.5023,8.3800,4.1992

332.7770,2.2054,2.0820,4.0582,5.0466,4.1200,8.6270,3.0695,3.4303,8.6270,4.1727

333.7770,2.3906,2.2672,5.0460,4.8614,4.3053,7.8861,2.9460,3.6361,7.8861,4.2432

334.7770,2.2672,2.4524,5.2313,4.9231,5.1079,8.6270,2.9460,3.8213,8.6270,4.5078

335.7770,2.1437,2.5759,4.8608,4.5527,4.0583,8.0713,3.3782,3.5949,8.0713,4.2344

336.7770,2.4523,2.3290,4.3669,4.6145,4.3670,8.4418,3.0078,3.5229,8.4418,4.2256

337.7770,2.0203,2.4524,4.7991,4.7997,4.4287,8.6270,3.1930,3.6155,8.6270,4.3315

338.7770,2.0820,2.2672,4.4286,4.5527,5.2314,7.8861,2.9460,3.5847,7.8861,4.1992

339.7770,2.2672,2.3907,4.1199,4.6145,4.2435,8.0096,3.1313,3.4612,8.0096,4.1110

340.7770,2.0203,2.0203,4.6139,5.4788,4.4287,8.1331,3.2547,3.6361,8.1331,4.2785

341.7770,2.2054,2.1438,4.6139,4.2441,4.5522,9.4295,3.1313,3.4818,9.4295,4.3314

342.7770,2.0203,2.0820,4.6756,4.6762,4.6757,8.3800,3.1930,3.5538,8.3800,4.2433

343.7780,2.0203,2.3290,4.6139,4.3675,4.5522,8.4418,3.2547,3.5229,8.4418,4.2256

344.7770,1.8968,2.1438,4.3669,4.8614,4.6757,8.1331,3.2547,3.5332,8.1331,4.1903

345.7770,2.0203,1.9585,4.6756,4.7379,4.3053,7.6392,3.3165,3.5023,7.6392,4.0933

346.7770,1.8351,2.3907,4.4904,4.9231,4.5522,8.1331,2.5756,3.4612,8.1331,4.1286

347.7770,2.0203,2.2055,4.3052,4.4910,4.0583,7.8861,3.3165,3.3994,7.8861,4.0404

348.7770,2.3906,1.8968,4.5521,4.7379,4.4287,8.3183,2.8225,3.4715,8.3183,4.1639

349.7770,2.2054,2.0820,4.9843,4.2441,4.4287,8.1948,3.5017,3.5744,8.1948,4.2344

350.7770,1.7733,2.1438,4.6756,4.4293,4.4287,8.1331,3.4400,3.4818,8.1331,4.1463

351.7780,1.9585,2.0820,4.6756,4.4910,4.6140,8.3183,3.3165,3.5229,8.3183,4.2080

352.7770,1.8351,2.6376,4.6139,4.4910,4.3670,8.1948,3.3782,3.5538,8.1948,4.2168

353.7770,2.0820,2.0820,4.7373,5.7874,4.4905,8.1331,3.2547,3.7390,8.1331,4.3667

354.7770,2.4523,2.2672,4.8608,4.6145,4.4905,7.8244,3.1313,3.6361,7.8244,4.2344

355.7770,2.4523,2.2055,4.7373,4.4910,4.4287,8.1948,3.0695,3.5641,8.1948,4.2256

356.7770,2.1437,2.2055,4.6756,4.7379,4.3670,7.7009,3.1930,3.5538,7.7009,4.1462

357.7770,1.8968,2.5142,4.7373,4.3675,4.6140,8.1948,3.3165,3.5744,8.1948,4.2344

358.7770,2.4523,2.3907,4.4904,4.6145,4.3670,8.0096,2.8843,3.5332,8.0096,4.1727

359.7770,2.1437,1.9585,4.6139,4.3675,4.8610,8.0096,3.1313,3.5126,8.0096,4.1551

360.7770,2.2672,2.0203,4.5521,4.6145,4.4905,7.7627,3.3165,3.5435,7.7627,4.1462

361.7770,1.9585,2.2672,4.8608,4.7997,4.5522,7.8861,3.1930,3.6052,7.8861,4.2168

362.7780,2.0203,2.0203,4.4904,4.4910,4.6140,8.1948,3.6252,3.5435,8.1948,4.2080

363.7770,2.2672,2.2055,4.4286,4.2441,4.3670,8.1331,3.0695,3.4303,8.1331,4.1021

364.7770,2.0203,2.1438,3.9965,4.7997,4.5522,7.9479,3.1313,3.4406,7.9479,4.0845

365.7770,2.0820,2.5759,4.6756,4.4293,4.4287,8.0713,3.6252,3.6361,8.0713,4.2697

366.7770,1.9585,2.1438,4.6139,4.7379,4.5522,7.9479,3.6252,3.6053,7.9479,4.2256

367.7770,2.3289,2.7611,4.7991,4.4910,4.1818,7.8244,3.3782,3.6567,7.8244,4.2521

368.7770,2.0820,2.2672,4.6139,4.8614,4.5522,7.8861,3.0695,3.5744,7.8861,4.1903

369.7770,2.5141,2.1438,4.5521,4.6145,4.1200,7.8861,3.1930,3.5229,7.8861,4.1462

370.7770,2.2672,2.2672,5.0460,4.7379,4.3053,8.2565,3.4400,3.6773,8.2565,4.3315

371.7770,2.3289,2.2055,4.7373,4.5527,4.8610,8.1331,3.1930,3.6464,8.1331,4.2874

372.7780,2.1437,2.3907,4.6756,4.4910,4.6757,8.5652,3.1313,3.5847,8.5652,4.2962

373.7770,2.2672,2.2055,4.5521,4.9231,4.2435,7.8861,3.2547,3.5744,7.8861,4.1903

374.7770,2.0203,2.4524,4.3669,4.4293,4.9227,8.0096,3.3165,3.5847,8.0096,4.2168

375.7770,2.3906,2.3907,4.5521,4.4293,4.2435,8.0713,2.5138,3.4200,8.0713,4.0845

376.7770,2.3906,1.9585,4.3669,4.5527,4.4905,8.2565,3.0695,3.4715,8.2565,4.1551

377.7770,2.0203,2.0820,4.6756,5.4788,4.5522,7.9479,3.0695,3.6464,7.9479,4.2609

378.7780,1.9585,2.2672,4.2434,4.7379,4.4905,7.9479,3.1930,3.4818,7.9479,4.1198

379.7770,2.2054,2.0203,4.4286,4.3675,4.4905,7.7627,3.2547,3.4612,7.7627,4.0757

380.7770,2.3289,2.5142,4.3052,4.7379,4.6140,7.8861,3.0078,3.5847,7.8861,4.1992

381.7770,1.5264,2.2672,4.9226,4.3058,5.1079,7.8244,3.8721,3.6670,7.8244,4.2609

382.7770,2.0820,2.0203,4.4904,4.6145,5.1079,8.0713,3.2547,3.5950,8.0713,4.2344

383.7770,1.7116,2.7611,4.4904,4.5527,4.3670,7.8244,3.0078,3.4818,7.8244,4.1021

384.7770,2.2054,2.3290,4.6756,4.7379,3.9965,7.7627,3.5017,3.5744,7.7627,4.1727

385.7770,2.0203,2.2672,4.3052,4.9231,5.4166,9.3061,2.6373,3.5950,9.3061,4.4108

386.7780,2.2054,2.7611,4.8608,4.6762,4.0583,8.3183,3.1313,3.6155,8.3183,4.2873

387.7770,2.7610,2.3290,4.4904,4.9849,3.3174,8.3800,2.4521,3.3891,8.3800,4.1021

388.7770,1.8968,2.0203,4.6139,4.5527,4.7992,7.8244,3.5017,3.5641,7.8244,4.1727

389.7770,2.0820,1.8351,4.4286,4.3675,4.4905,8.1331,3.3782,3.4303,8.1331,4.1021

390.7770,2.2054,2.1438,4.4904,4.7379,5.7254,8.1948,3.6252,3.8213,8.1948,4.4461

391.7780,2.1437,2.2055,4.8608,4.1823,4.3670,8.2565,3.2547,3.5023,8.2565,4.1815

392.7770,2.0820,2.2055,4.4904,5.1084,4.7992,7.7627,3.1930,3.6464,7.7627,4.2344

393.7770,2.1437,2.0820,4.3669,4.7379,3.9965,7.9479,3.2547,3.4303,7.9479,4.0757

394.7770,2.2672,1.8968,4.6139,4.4910,4.4905,7.8861,3.8721,3.6052,7.8861,4.2168

395.7770,2.1437,2.8846,4.7373,4.6762,4.3053,7.9479,3.1930,3.6567,7.9479,4.2697

396.7770,1.6499,2.5759,4.6139,4.4293,5.1079,7.5775,3.1313,3.5847,7.5775,4.1551

397.7770,2.0203,3.0081,4.6139,4.6145,4.2435,7.8861,3.1313,3.6052,7.8861,4.2168

398.7770,1.9585,2.3290,4.4286,4.7379,3.9348,9.0591,3.1930,3.4303,9.0591,4.2344

399.7770,2.0820,1.8351,4.2434,4.6145,4.5522,7.8244,3.1313,3.4097,7.8244,4.0404

400.7770,2.4523,2.4524,4.4286,4.3675,4.2435,8.2565,2.7608,3.4509,8.2565,4.1374

401.7770,1.7116,2.2672,4.4904,4.6145,4.4905,8.5652,3.5634,3.5229,8.5652,4.2433

402.7780,2.0820,1.8968,4.6756,4.2441,4.3053,7.8244,3.2547,3.4097,7.8244,4.0404

403.7770,2.6375,2.1438,4.5521,4.5527,5.2314,8.6270,3.1313,3.7081,8.6270,4.4108

404.7770,2.2672,2.0203,4.8608,4.6762,4.2435,8.1331,3.3782,3.5744,8.1331,4.2256

405.7770,2.0820,2.2672,4.3052,4.5527,4.5522,8.0713,3.3165,3.5126,8.0713,4.1639

406.7770,2.0203,2.1438,4.4904,4.6145,3.9965,8.0713,3.4400,3.4509,8.0713,4.1110

407.7770,2.3906,2.5142,4.5521,4.3058,3.6261,8.3800,3.0695,3.4097,8.3800,4.1198

408.7770,2.0820,1.8968,4.6139,4.4910,4.5522,7.5775,3.2547,3.4818,7.5775,4.0669

409.7780,2.2672,2.0203,4.6756,4.4293,4.0583,8.0713,3.0078,3.4097,8.0713,4.0757

410.7770,1.8968,2.3907,4.5521,4.7997,4.0583,8.0713,3.9339,3.6052,8.0713,4.2433

411.7770,2.5758,2.0820,4.4904,4.6762,4.6140,8.1948,3.1930,3.6052,8.1948,4.2609

412.7770,2.2672,1.9585,4.4904,4.3058,4.6757,7.6392,3.1930,3.4818,7.6392,4.0757

413.7770,2.5141,2.3290,4.3052,4.9231,4.2435,8.0713,3.2547,3.5949,8.0713,4.2344

414.7770,2.1437,2.2672,4.1817,4.7379,4.6757,7.9479,3.5634,3.5950,7.9479,4.2168

415.7770,0.7857,2.4524,3.8730,4.4293,4.6140,7.9479,3.3782,3.2554,7.9479,3.9258

416.7770,2.1437,1.9585,5.1078,4.6145,4.9844,8.0713,3.2547,3.6773,8.0713,4.3050

417.7770,2.2054,2.0820,4.8608,4.4293,4.2435,8.1331,2.8225,3.4406,8.1331,4.1110

418.7770,2.1437,2.0203,4.4904,4.5527,4.7992,8.1331,3.0695,3.5126,8.1331,4.1727

419.7770,2.2054,2.2672,4.1199,4.8614,4.3053,8.0096,3.1313,3.4818,8.0096,4.1286

420.7770,1.8968,2.2672,4.7373,4.8614,4.3053,7.8861,3.5017,3.5950,7.8861,4.2080

421.7770,1.7733,2.3907,4.6756,4.2441,4.1818,7.8244,3.1930,3.4097,7.8244,4.0404

422.7770,2.0820,2.1438,4.4286,4.7379,4.3670,8.1948,3.3782,3.5229,8.1948,4.1903

423.7780,2.0203,2.1438,4.7373,4.6762,4.7992,8.3800,3.2547,3.6053,8.3800,4.2874

424.7770,2.1437,2.2055,4.9226,4.7379,4.4287,8.1331,3.2547,3.6155,8.1331,4.2609

425.7770,1.8968,2.0203,4.6139,4.6145,4.5522,8.0713,3.5634,3.5435,8.0713,4.1903

426.7770,2.0820,1.9585,4.7373,4.4910,4.4905,7.9479,3.5634,3.5538,7.9479,4.1815

427.7770,2.0203,2.6994,4.7373,4.4293,4.5522,7.1453,3.5017,3.6567,7.1453,4.1551

428.7770,2.2054,2.1438,4.2434,3.3798,4.7375,7.7627,3.1930,3.3171,7.7627,3.9522

429.7780,2.3906,2.0203,4.6139,4.9231,4.3670,8.4418,3.1313,3.5744,8.4418,4.2697

430.7770,2.0203,1.8968,4.1817,4.8614,4.2435,8.2565,3.7487,3.4921,8.2565,4.1727

431.7770,2.0203,2.5142,4.4286,4.5527,4.4905,8.4418,3.3782,3.5641,8.4418,4.2609

432.7770,1.8351,2.3290,4.7373,4.3058,4.4905,8.4418,3.8104,3.5847,8.4418,4.2785

433.7770,2.0820,2.4524,4.9226,4.7379,4.2435,8.6887,2.9460,3.5641,8.6887,4.2962

434.7770,1.9585,2.1438,4.4904,4.3058,4.5522,9.0591,3.3165,3.4612,9.0591,4.2609

435.7780,2.1437,2.0203,4.5521,4.4910,4.5522,8.5652,3.5634,3.5538,8.5652,4.2697

436.7770,2.3906,2.8228,3.6260,4.4910,4.3053,8.6887,3.0078,3.4406,8.6887,4.1903

437.7770,2.1437,2.2055,4.1817,4.5527,4.5522,8.3183,3.3165,3.4921,8.3183,4.1815

438.7770,2.2054,2.2672,4.4286,4.6145,4.9227,8.6887,3.0078,3.5744,8.6887,4.3050

439.7770,1.8968,2.3907,4.4286,4.3058,4.1200,8.3183,3.1313,3.3789,8.3183,4.0845

440.7770,2.2054,2.3290,4.6756,4.9231,4.4905,8.1331,3.1930,3.6361,8.1331,4.2785

441.7780,1.9585,2.1438,4.3052,4.9849,4.3670,8.2565,3.3782,3.5229,8.2565,4.1992

442.7770,1.7733,2.2672,4.5521,4.6145,3.9965,8.5035,3.4400,3.4406,8.5035,4.1639

443.7770,1.9585,1.8968,4.6139,4.7379,4.6757,8.9974,3.2547,3.5229,8.9974,4.3050

444.7780,2.8227,2.3290,4.3052,4.4293,4.6140,8.6887,2.9460,3.5744,8.6887,4.3050

445.7770,1.8968,2.0203,4.7991,4.7997,4.4287,8.6887,3.7487,3.6155,8.6887,4.3403

446.7770,2.3906,2.3907,4.4904,4.7997,4.1818,8.4418,3.0078,3.5435,8.4418,4.2432

447.7770,2.2054,1.5881,4.4286,4.7997,4.4287,8.8739,3.3165,3.4612,8.8739,4.2344

448.7770,2.3906,2.0820,5.0460,4.3058,4.1200,8.5035,3.2547,3.5332,8.5035,4.2432

449.7770,1.9585,1.6499,4.3669,4.6762,4.2435,8.6887,3.3165,3.3686,8.6887,4.1286

450.7770,1.9585,1.9585,4.4286,4.9231,4.1200,7.7627,2.9460,3.3892,7.7627,4.0139

451.7770,2.2054,2.2055,5.3548,4.8614,4.3053,8.5035,3.0695,3.6670,8.5035,4.3579

452.7770,2.0203,0.6621,4.7373,4.2441,4.3053,8.5652,3.3782,3.2245,8.5652,3.9875

453.7770,2.3906,2.2055,5.1695,4.6762,4.4287,8.0096,2.9460,3.6361,8.0096,4.2609

454.7770,2.2672,2.3907,4.6756,4.6762,4.1818,8.8739,2.7608,3.4920,8.8739,4.2609

455.7770,2.6375,1.8351,4.6139,4.6145,4.4287,8.5035,3.2547,3.5641,8.5035,4.2697

456.7770,1.9585,2.3290,4.6756,4.4910,5.1697,8.4418,3.0695,3.6155,8.4418,4.3050

457.7770,2.5758,2.3907,4.3669,4.3675,4.3670,8.4418,3.3165,3.5641,8.4418,4.2609

458.7780,2.1437,2.1438,4.8608,5.0466,4.6140,8.3800,3.7487,3.7596,8.3800,4.4197

459.7770,2.0203,2.2055,4.9226,4.7997,4.4287,8.3183,3.3165,3.6155,8.3183,4.2874

460.7770,2.2054,2.2672,4.6139,4.5527,4.3053,8.5652,2.8843,3.4715,8.5652,4.1991

461.7770,2.4523,2.2055,4.4286,4.5527,4.4287,8.3183,3.0078,3.5126,8.3183,4.1991

462.7770,2.0203,2.3907,4.7991,4.5527,4.3053,8.7504,3.3165,3.5641,8.7504,4.3050

463.7770,2.1437,2.0203,4.5521,4.6762,4.3670,8.2565,3.6252,3.5641,8.2565,4.2344

464.7780,2.1437,2.2672,4.2434,4.1823,5.7254,8.3183,3.3165,3.6464,8.3183,4.3138

465.7770,2.1437,2.5759,4.4904,4.3058,4.4905,8.3183,3.0695,3.5126,8.3183,4.1992

466.7770,1.9585,2.5759,4.4286,4.3058,4.1200,7.0836,3.6252,3.5023,7.0836,4.0140

467.7780,2.3906,2.5759,4.4904,4.4293,4.2435,8.6270,2.9460,3.5126,8.6270,4.2432

468.7770,2.4523,2.3290,4.3052,4.4910,4.6140,8.5035,3.0078,3.5332,8.5035,4.2432

469.7780,1.8968,2.0203,4.6756,4.6762,3.9348,8.5035,3.5634,3.4612,8.5035,4.1815

470.7780,2.1437,2.3290,4.4286,4.5527,4.5522,8.0713,3.0695,3.5126,8.0713,4.1639

471.7770,2.6375,2.5142,4.7373,4.3058,4.6757,8.2565,3.1930,3.6773,8.2565,4.3314

472.7770,2.0203,1.9585,5.0460,4.5527,4.6757,8.3183,3.1930,3.5744,8.3183,4.2521

473.7770,1.8968,2.0203,4.7373,4.5527,4.5522,8.5035,3.8104,3.5950,8.5035,4.2962

474.7780,1.8968,2.2672,4.4286,5.6640,4.7375,8.5035,3.6252,3.7699,8.5035,4.4461

475.7770,1.4647,2.5142,4.6139,4.4293,4.4905,8.4418,3.1930,3.4509,8.4418,4.1639

476.7770,2.1437,2.1438,4.6139,4.0589,4.3053,8.7504,3.1930,3.4097,8.7504,4.1727

477.7770,2.0203,2.0203,4.4904,4.5527,4.6140,8.5035,3.6252,3.5538,8.5035,4.2609

478.7770,1.8968,1.9585,4.4286,4.6145,4.1200,8.4418,3.6252,3.4406,8.4418,4.1551

479.7770,1.8351,2.3907,4.5521,4.2441,4.0583,8.3183,3.3165,3.3995,8.3183,4.1021

480.7770,2.0820,2.2055,4.1199,5.1701,4.1200,8.3183,3.0695,3.4612,8.3183,4.1550

481.7770,2.3289,1.6499,4.6139,5.5405,4.1818,8.8739,2.8843,3.5332,8.8739,4.2962

482.7770,2.5141,2.1438,4.3669,4.4910,4.4905,8.5035,3.0695,3.5126,8.5035,4.2256

483.7770,2.2054,2.3907,4.0582,4.1823,4.3053,8.6887,3.0078,3.3583,8.6887,4.1198

484.7770,2.0820,1.8351,4.3052,4.7379,4.6757,8.9356,3.2547,3.4818,8.9356,4.2609

485.7770,2.0820,0.9708,4.4904,4.9231,4.0583,8.6270,3.1930,3.2863,8.6270,4.0492

486.7780,3.6252,1.8351,4.6139,4.4910,4.4287,8.5652,2.7608,3.6258,8.5652,4.3314

487.7770,2.1437,1.5881,4.5521,4.8614,4.1818,8.6270,3.2547,3.4303,8.6270,4.1727

488.7770,2.1437,2.5759,4.6756,4.4293,4.9227,8.3800,3.1313,3.6464,8.3800,4.3226

489.7770,2.3906,2.6376,4.7373,4.4910,4.2435,8.3183,3.2547,3.6258,8.3183,4.2962

490.7770,2.1437,2.3290,4.6139,4.7997,4.9844,7.6392,3.1313,3.6670,7.6392,4.2344

491.7770,1.9585,2.0203,4.6139,4.4293,4.2435,8.5035,3.6869,3.4921,8.5035,4.2080

492.7770,1.8351,2.0820,4.4904,4.6145,3.9965,8.6270,4.0574,3.5126,8.6270,4.2433

493.7770,1.9585,2.1438,3.9965,4.7997,4.4287,8.6887,3.4400,3.4612,8.6887,4.2080

494.7770,2.0820,1.7116,4.3052,4.6762,4.3053,8.3800,3.1930,3.3789,8.3800,4.0933

495.7770,1.8968,2.1438,5.4782,4.6145,4.4905,8.6887,2.7608,3.5641,8.6887,4.2962

496.7770,1.8968,2.3290,3.8730,4.6762,4.5522,8.3183,3.3165,3.4406,8.3183,4.1374

497.7770,1.8968,2.0203,4.4286,4.7379,4.6140,8.5652,3.3782,3.5126,8.5652,4.2344

498.7770,1.7733,1.9585,4.6139,4.4910,4.0583,8.6887,3.2547,3.3583,8.6887,4.1198

499.7770,2.2054,2.2055,5.0460,4.8614,4.3670,8.3800,3.3165,3.6670,8.3800,4.3403

500.7770,2.4523,2.3290,4.6139,4.3675,4.3670,8.3183,3.3782,3.5847,8.3183,4.2609

501.7770,2.0820,2.2055,4.4286,4.5527,4.4905,8.7504,3.1313,3.4818,8.7504,4.2344

502.7770,2.0820,2.2055,4.6756,4.6145,4.4905,8.1948,3.4400,3.5847,8.1948,4.2433

503.7770,2.0203,0.6003,3.1938,4.9231,4.4905,8.3183,3.5017,3.1216,8.3183,3.8640

504.7770,1.7733,2.2672,4.4904,4.9849,4.3053,8.1331,3.1930,3.5023,8.1331,4.1639

505.7770,2.0203,2.2672,4.6139,4.6145,4.6757,7.9479,3.3782,3.5950,7.9479,4.2168

506.7770,2.0820,2.0203,4.8608,4.1823,4.4905,8.3183,3.1930,3.4715,8.3183,4.1639

507.7770,2.2672,2.2672,4.6756,4.6145,4.1818,8.0713,3.1930,3.5332,8.0713,4.1815

508.7770,1.7116,2.1438,4.7373,5.2318,4.3670,8.1948,3.0695,3.5435,8.1948,4.2080

509.7770,1.9585,2.1438,4.6139,4.4293,4.9227,8.1331,3.0078,3.5126,8.1331,4.1727

510.7770,2.0820,2.6376,5.5400,4.1206,4.3053,7.8244,3.3782,3.6773,7.8244,4.2697

511.7770,2.1437,2.3907,4.1199,4.4910,4.6757,8.2565,3.4400,3.5435,8.2565,4.2168

512.7770,1.6499,1.9585,4.6756,4.4910,4.6757,8.1331,3.8721,3.5538,8.1331,4.2080

513.7770,1.8968,2.1438,4.3669,4.8614,4.2435,8.1948,3.0695,3.4303,8.1948,4.1110

514.7770,2.2054,2.2672,4.3669,4.2441,4.1200,8.3800,3.0695,3.3789,8.3800,4.0933

515.7770,2.2054,2.4524,4.7373,4.4910,4.5522,8.3800,3.5634,3.6670,8.3800,4.3403

516.7780,2.3289,2.4524,4.3052,4.6145,4.3053,8.3800,2.5138,3.4200,8.3800,4.1286

517.7770,2.2672,2.2672,4.6756,4.2441,4.3670,8.8739,3.3165,3.5229,8.8739,4.2873

518.7770,1.7733,2.3907,5.6635,4.8614,3.8731,9.1208,3.1930,3.6258,9.1208,4.4108

519.7770,2.0203,1.7116,4.7373,4.7997,5.1697,8.5652,3.3782,3.6361,8.5652,4.3403

520.7770,2.5758,1.9585,4.4904,4.6145,4.3670,8.7504,3.0695,3.5126,8.7504,4.2609

521.7770,2.1437,2.2672,4.6139,4.3058,4.9227,8.7504,3.1930,3.5744,8.7504,4.3138

522.7770,2.0820,2.2672,4.6139,4.2441,4.1818,8.6887,3.2547,3.4406,8.6887,4.1903

523.7780,2.0820,2.2055,4.4904,4.6145,4.6140,8.8122,3.1930,3.5332,8.8122,4.2874

524.7770,2.6993,2.3290,4.4904,4.3675,3.6878,8.1331,2.9460,3.4200,8.1331,4.0933

525.7780,1.8968,2.2055,4.4904,4.7997,4.5522,8.8739,3.5634,3.5847,8.8739,4.3403

526.7770,2.0203,2.0203,4.5521,4.6145,5.0462,8.5652,3.0695,3.5538,8.5652,4.2697

527.7770,1.8968,2.5759,4.6756,5.0466,4.7375,7.2688,3.3782,3.7184,7.2688,4.2256

528.7770,2.1437,2.1438,4.3052,4.8614,4.1818,8.4418,3.2547,3.4818,8.4418,4.1903

529.7770,2.1437,2.0203,4.4286,4.4293,4.5522,8.0096,2.7608,3.3892,8.0096,4.0492

530.7770,2.2054,2.1438,3.9965,4.7997,4.3053,8.3800,3.1930,3.4406,8.3800,4.1462

531.7770,1.6499,2.3290,4.6139,4.4910,4.3053,7.9479,3.5634,3.4921,7.9479,4.1286

532.7780,3.1931,1.2177,4.9226,4.4293,5.0462,8.5035,3.1930,3.6670,8.5035,4.3579

533.7770,2.1437,1.8968,4.3669,4.6145,4.6140,8.0713,3.3782,3.5023,8.0713,4.1551

534.7770,2.0820,2.3290,4.4904,5.1084,4.5522,8.4418,3.1313,3.6155,8.4418,4.3050

535.7770,1.8351,2.2672,4.1199,4.5527,4.4287,8.6270,3.4400,3.4406,8.6270,4.1815

536.7780,2.2672,2.3290,4.7373,4.6762,4.3053,9.4295,2.8225,3.5229,9.4295,4.3667

537.7770,1.8968,2.2055,4.2434,4.7379,4.4905,8.8122,3.4400,3.5024,8.8122,4.2609

538.7770,2.1437,2.3907,4.7373,4.4293,4.3053,8.3800,3.6252,3.6052,8.3800,4.2874

539.7770,2.2672,2.0203,4.2434,4.4910,4.5522,8.4418,3.4400,3.5023,8.4418,4.2080

540.7770,1.8968,2.8846,4.6756,4.3058,4.3670,8.4418,3.2547,3.5641,8.4418,4.2609

541.7770,2.3906,2.2672,4.9843,4.9849,3.3174,8.1948,2.6373,3.4303,8.1948,4.1109

542.7770,2.1437,2.0203,4.6139,4.4293,4.4905,8.1331,1.8347,3.2554,8.1331,3.9522

543.7770,1.6499,1.8968,4.7373,4.1823,4.6140,8.0713,3.7487,3.4715,8.0713,4.1286

544.7770,2.1437,2.2672,4.7373,4.4910,5.1697,8.6270,3.0078,3.6361,8.6270,4.3491

545.7770,1.6499,2.2672,4.2434,4.7997,4.5522,8.7504,3.5017,3.5024,8.7504,4.2521

546.7770,1.9585,2.9463,4.6139,4.3675,4.3670,8.3183,3.3165,3.5950,8.3183,4.2697

547.7770,2.0203,2.3290,4.1817,4.6145,4.5522,8.8739,4.0574,3.6258,8.8739,4.3756

548.7780,2.2054,1.5881,5.1695,4.4910,4.3670,8.3800,3.1313,3.4921,8.3800,4.1903

549.7780,2.5141,2.3290,4.6756,4.1823,4.1200,8.5652,3.1930,3.5023,8.5652,4.2256

550.7770,2.0203,2.3907,4.9226,4.6145,4.3053,9.4913,2.5756,3.4715,9.4913,4.3314

551.7770,1.9585,2.2672,4.7373,4.4293,4.0583,8.0096,3.2547,3.4509,8.0096,4.1021

552.7770,2.0203,2.5142,4.9226,4.7997,4.2435,8.9974,3.1313,3.6052,8.9974,4.3755

553.7780,1.8968,2.2055,4.3669,4.4293,4.3670,8.4418,3.5017,3.4612,8.4418,4.1727

554.7770,1.7116,1.9585,4.4904,4.4910,4.1818,8.4418,3.3165,3.3583,8.4418,4.0845

555.7770,1.9585,2.3290,4.1817,4.6145,4.4905,8.8739,3.3782,3.4921,8.8739,4.2609

556.7770,2.1437,1.8351,4.3052,4.6145,4.5522,8.4418,3.6252,3.5126,8.4418,4.2168

557.7770,2.0203,2.3290,3.8730,4.9849,4.1818,8.4418,3.1930,3.4303,8.4418,4.1462

558.7770,2.3289,1.7116,4.5521,4.2441,4.5522,8.3183,3.5634,3.4921,8.3183,4.1815

559.7780,1.9585,2.3290,4.3669,5.0466,4.3053,8.2565,3.3165,3.5538,8.2565,4.2256

560.7780,2.0203,2.0820,4.8608,4.6145,4.3670,8.1331,3.5634,3.5847,8.1331,4.2344

561.7770,1.8351,2.3907,5.1078,4.7997,4.3053,8.2565,3.0695,3.5847,8.2565,4.2521

562.7770,1.8968,1.5881,4.0582,4.7997,4.3053,8.3800,3.1313,3.2966,8.3800,4.0228

563.7770,2.2054,2.0820,4.1817,4.8614,4.4905,8.5652,3.1313,3.4920,8.5652,4.2168

564.7770,2.2054,2.2672,4.4286,4.6762,4.2435,8.5652,2.8843,3.4509,8.5652,4.1815

565.7770,2.1437,2.4524,4.5521,4.5527,4.4905,8.1948,3.1930,3.5641,8.1948,4.2256

566.7770,2.0203,2.3290,4.3669,4.7997,4.3053,8.4418,2.9460,3.4612,8.4418,4.1727

567.7770,1.7116,1.7733,4.8608,4.2441,4.0583,8.5035,3.0695,3.2863,8.5035,4.0316

568.7770,2.0203,2.2055,4.4904,4.6762,4.5522,8.8122,3.5017,3.5744,8.8122,4.3226

569.7770,1.9585,2.8228,4.6756,4.6145,4.3053,8.3800,3.1930,3.5950,8.3800,4.2785

570.7770,2.2054,2.3290,5.2313,4.7379,4.3053,8.5035,3.1313,3.6567,8.5035,4.3491

571.7770,2.0820,1.9585,4.4904,4.4293,4.3670,8.3800,3.0695,3.3994,8.3800,4.1110

572.7770,2.1437,2.2672,4.6139,3.8737,4.5522,8.1948,3.3782,3.4715,8.1948,4.1462

573.7770,1.6499,2.0820,4.7373,4.4293,4.6140,8.3183,3.2547,3.4612,8.3183,4.1551

574.7770,2.0203,2.3290,4.4286,4.5527,4.1200,8.8739,2.9460,3.3994,8.8739,4.1815

575.7770,2.2054,2.5142,4.4904,4.5527,4.4905,8.3183,2.7608,3.5023,8.3183,4.1903

576.7770,1.9585,2.2055,4.6756,4.9231,4.6140,8.5652,3.4400,3.6361,8.5652,4.3403

577.7770,2.1437,2.0820,4.2434,4.3675,4.4287,8.3800,2.6373,3.3171,8.3800,4.0404

578.7770,1.9585,1.7116,4.6139,4.7997,4.4287,8.4418,3.2547,3.4612,8.4418,4.1727

579.7770,2.3289,2.5142,4.9226,4.1823,4.5522,8.2565,3.3165,3.6361,8.2565,4.2962

580.7780,2.0203,1.9585,4.2434,4.6145,4.3053,8.4418,2.7608,3.3171,8.4418,4.0492

581.7770,1.9585,2.2055,4.6139,4.5527,4.6140,9.1208,3.3165,3.5435,9.1208,4.3403

582.7770,2.0203,2.0203,4.6139,4.3675,4.4905,8.5035,3.3165,3.4715,8.5035,4.1903

583.7770,2.4523,2.5142,4.6139,4.4293,4.3670,8.3800,3.1313,3.5847,8.3800,4.2697

584.7770,2.0203,2.0203,4.4286,4.5527,4.3053,8.1331,3.4400,3.4612,8.1331,4.1286

585.7770,2.1437,2.3290,4.4904,4.4293,4.3670,8.0096,3.1313,3.4818,8.0096,4.1286

586.7770,2.0820,2.4524,4.6139,4.8614,4.8610,8.0096,3.0078,3.6464,8.0096,4.2697

587.7770,1.9585,2.4524,4.5521,4.3675,4.0583,8.2565,3.2547,3.4406,8.2565,4.1286

588.7770,2.1437,2.4524,4.7991,4.4910,3.9965,8.0713,3.3165,3.5332,8.0713,4.1815

589.7770,1.9585,2.1438,4.6139,4.4910,4.4905,8.6270,3.6252,3.5538,8.6270,4.2785

590.7770,2.3289,1.9585,4.4904,4.6145,4.3670,8.2565,3.0695,3.4715,8.2565,4.1551

591.7770,2.1437,2.5142,4.6756,4.4910,4.1818,8.3800,3.3165,3.5538,8.3800,4.2433

592.7770,2.0203,2.0203,4.4286,4.6145,4.1200,8.3800,3.5017,3.4509,8.3800,4.1551

593.7770,1.7116,2.5142,4.3052,4.4293,4.4287,8.2565,3.3165,3.4509,8.2565,4.1374

594.7770,1.9585,2.5759,4.8608,4.1206,4.2435,8.3183,3.3165,3.5126,8.3183,4.1992

595.7770,2.2054,2.2672,4.9226,4.6762,4.3053,8.1948,3.3165,3.6155,8.1948,4.2697

596.7770,1.8351,2.2672,4.7373,4.5527,4.3053,8.1331,3.3165,3.5024,8.1331,4.1639

597.7780,2.5758,2.2055,4.3052,4.8614,4.1818,8.1948,3.0078,3.5229,8.1948,4.1903

598.7770,1.8968,2.6376,4.4286,4.4910,4.2435,8.3800,3.1930,3.4818,8.3800,4.1815

599.7770,1.8968,2.7611,4.5521,4.3675,4.1200,8.3183,3.3165,3.5023,8.3183,4.1903

600.7770,1.8968,2.0820,4.4286,4.2441,4.3670,8.3183,3.7487,3.4612,8.3183,4.1551

601.7770,1.8968,2.2672,3.9347,4.7997,3.9348,8.1331,3.1313,3.3274,8.1331,4.0139

602.7770,2.3289,2.5142,5.0460,4.7379,4.5522,8.1331,3.1313,3.7184,8.1331,4.3491

603.7770,2.2054,2.0820,4.6756,4.3058,4.3053,8.2565,2.9460,3.4200,8.2565,4.1110

604.7770,2.4523,1.9585,4.0582,4.6145,4.6757,8.2565,3.3165,3.5126,8.2565,4.1903

605.7770,1.9585,1.9585,4.7991,4.6762,4.8610,8.5652,3.1313,3.5641,8.5652,4.2785

606.7770,2.0820,2.5142,4.1199,4.6145,4.4905,8.0096,3.7487,3.5950,8.0096,4.2256

607.7770,1.8351,2.2055,4.7373,4.2441,4.7375,9.3678,3.3782,3.5229,9.3678,4.3579

608.7770,2.2672,1.6499,4.7373,4.7379,4.3670,8.3183,2.8225,3.4303,8.3183,4.1286

609.7770,1.8968,2.2672,4.4286,4.6762,4.3053,8.9356,3.4400,3.5023,8.9356,4.2785

610.7770,2.0203,2.7611,4.4286,4.4910,4.3670,8.3183,3.3782,3.5744,8.3183,4.2521

611.7780,2.1437,2.2672,4.3052,4.4293,4.1200,8.5035,3.3165,3.4303,8.5035,4.1551

612.7770,2.3289,2.2672,4.8608,4.5527,4.2435,8.0713,3.2547,3.5847,8.0713,4.2256

613.7770,2.0820,2.2672,4.9226,4.6762,4.4287,8.6887,3.1930,3.5950,8.6887,4.3226

614.7770,2.5758,2.3290,4.6139,3.3180,5.2314,7.8244,3.1313,3.5332,7.8244,4.1462

615.7780,2.5141,2.0203,4.7373,4.6145,4.1200,8.1331,3.8721,3.6464,8.1331,4.2873

616.7770,1.9585,2.5759,4.4904,4.1823,4.1818,8.1331,3.3782,3.4612,8.1331,4.1286

617.7780,2.3289,2.0820,4.7991,4.6145,3.7496,8.2565,2.8843,3.4097,8.2565,4.1021

618.7770,2.3906,1.7116,4.8608,4.6762,4.4905,8.1948,2.5756,3.4509,8.1948,4.1286

619.7770,1.9585,2.4524,5.9104,4.8614,4.4287,8.2565,3.4400,3.8419,8.2565,4.4726

620.7770,1.3412,3.0698,4.0582,4.6762,4.0583,8.1948,3.3165,3.4200,8.1948,4.1021

621.7770,2.0820,2.2055,4.7991,4.2441,4.6140,8.4418,3.1313,3.5126,8.4418,4.2168

622.7770,2.0203,2.1438,4.6139,4.1206,4.8610,8.0713,3.1930,3.4921,8.0713,4.1463

623.7770,2.0820,1.8968,4.6139,4.2441,4.4287,6.9601,3.6869,3.4921,6.9601,3.9875

624.7770,1.8351,2.1438,4.6139,4.5527,4.4905,8.5652,3.5634,3.5332,8.5652,4.2521

625.7770,2.0820,2.1438,4.4904,4.4910,4.4287,7.8861,3.3165,3.4921,7.8861,4.1198

626.7770,2.0203,2.4524,4.5521,4.7997,4.4905,8.1331,3.1313,3.5744,8.1331,4.2256

627.7770,2.1437,1.6499,4.6756,4.9849,4.4287,8.5035,3.3165,3.5332,8.5035,4.2433

628.7770,2.2672,2.1438,5.0460,4.7997,4.4905,8.5035,3.2547,3.6670,8.5035,4.3579

629.7770,1.8968,2.0203,4.6139,3.9971,4.2435,8.2565,3.2547,3.3377,8.2565,4.0404

630.7780,1.5264,2.2672,4.8608,4.5527,4.2435,8.3183,3.1930,3.4406,8.3183,4.1374

631.7770,2.2672,1.8968,4.6756,4.4910,4.1200,7.9479,3.0078,3.4097,7.9479,4.0580

632.7780,2.0203,2.2672,4.6756,4.4910,4.3053,8.0096,3.3782,3.5229,8.0096,4.1639

633.7770,2.2672,2.2672,4.4286,4.2441,4.4287,8.3800,3.5017,3.5229,8.3800,4.2168

634.7770,1.5264,2.3907,4.4286,4.1823,3.8113,8.4418,3.1313,3.2451,8.4418,3.9875

635.7770,2.5141,2.3907,4.4904,4.5527,4.3053,8.1331,2.6373,3.4817,8.1331,4.1462

636.7770,2.1437,2.7611,4.7373,4.2441,4.4905,8.0713,3.3165,3.6155,8.0713,4.2521

637.7780,2.1437,1.7116,4.1817,4.7379,4.2435,8.4418,3.3165,3.3892,8.4418,4.1110

638.7770,2.0203,2.1438,4.4286,4.6762,4.9227,8.5035,3.0695,3.5435,8.5035,4.2521

639.7770,2.2054,2.2672,4.1817,4.6145,5.3549,8.3800,3.1930,3.6361,8.3800,4.3138

640.7770,2.2672,1.8968,4.4904,5.1084,4.4905,8.2565,2.7608,3.5023,8.2565,4.1815

641.7770,2.2672,2.3907,4.4904,4.6762,4.6140,7.9479,3.1313,3.5949,7.9479,4.2168

642.7770,2.2672,2.2055,4.7991,4.3058,4.4905,8.3800,3.3165,3.5641,8.3800,4.2521

643.7770,2.2054,1.9585,4.6756,4.4293,4.6140,8.5652,3.4400,3.5538,8.5652,4.2697

644.7770,2.2054,2.7611,4.6139,4.6145,4.3053,8.0713,2.8843,3.5641,8.0713,4.2080

645.7770,1.8351,1.7733,4.4286,4.7379,4.1818,8.3800,3.2547,3.3686,8.3800,4.0845

646.7770,2.4523,1.6499,4.9843,4.0589,4.5522,8.2565,3.1930,3.4818,8.2565,4.1639

647.7770,2.1437,2.6376,4.9226,4.5527,4.2435,8.0096,3.2547,3.6258,8.0096,4.2521

648.7770,2.3289,2.4524,4.4904,4.3675,3.5643,8.7504,2.9460,3.3583,8.7504,4.1286

649.7770,1.8351,2.0203,4.7991,4.3058,4.4287,8.3800,3.1930,3.4303,8.3800,4.1374

650.7770,1.6499,2.0820,4.7991,4.1823,4.3670,8.1948,3.2547,3.3892,8.1948,4.0757

651.7770,2.0820,2.3907,4.4904,4.5527,4.1818,8.1948,3.3782,3.5126,8.1948,4.1815

652.7770,2.3289,2.3290,4.1817,4.1823,4.4287,8.2565,2.8843,3.3892,8.2565,4.0845

653.7770,1.6499,2.3907,4.5521,3.9971,4.7992,8.0713,3.1313,3.4200,8.0713,4.0845

654.7770,1.9585,2.2672,4.7373,4.4293,4.4287,8.0096,3.6252,3.5744,8.0096,4.2080

655.7780,2.0820,2.0820,4.5521,4.4910,5.0462,8.5035,3.1313,3.5641,8.5035,4.2697

656.7770,1.8968,2.7611,3.3173,4.2441,4.1818,8.6270,3.0078,3.2348,8.6270,4.0051

657.7770,1.9585,2.8846,4.1199,4.4910,4.6140,8.3183,3.4400,3.5847,8.3183,4.2609

658.7770,1.7116,1.9585,4.3669,4.7379,4.0583,8.2565,3.2547,3.3480,8.2565,4.0492

659.7770,2.2672,2.3290,4.1817,4.3675,4.2435,8.7504,2.9460,3.3891,8.7504,4.1550

660.7770,2.2672,2.0203,4.5521,4.6762,3.9965,8.1948,3.5634,3.5126,8.1948,4.1815

661.7770,2.8844,2.2672,4.5521,4.5527,4.9227,8.5035,2.9460,3.6875,8.5035,4.3755

662.7770,2.0203,2.0820,4.5521,4.4293,4.2435,8.0713,3.3782,3.4509,8.0713,4.1110

663.7770,2.0820,2.0203,4.7373,4.4293,4.1818,8.3183,3.1313,3.4303,8.3183,4.1286

664.7770,1.8968,2.2672,4.6756,4.2441,4.4287,8.4418,3.1930,3.4509,8.4418,4.1639

665.7770,2.1437,2.3290,6.2809,4.3058,4.4905,8.1948,3.1313,3.7802,8.1948,4.4108

666.7770,1.6499,2.1438,4.6756,4.4293,4.6140,8.5035,3.3782,3.4818,8.5035,4.1992

667.7770,2.2672,2.2055,4.8608,4.3058,4.4905,8.8122,2.9460,3.5126,8.8122,4.2697

668.7780,2.0820,2.0820,4.5521,4.4910,4.7992,8.3800,3.3165,3.5538,8.3800,4.2433

669.7770,1.8351,2.2672,4.5521,5.0466,5.6636,7.6392,3.3165,3.7802,7.6392,4.3315

670.7770,2.3289,1.8351,4.7373,5.6022,4.5522,8.2565,3.3782,3.7390,8.2565,4.3844

671.7770,2.1437,2.1438,4.4286,4.4910,4.6140,7.6392,3.3165,3.5229,7.6392,4.1110

672.7770,1.9585,2.2055,4.6139,4.5527,3.7496,8.4418,3.5634,3.4406,8.4418,4.1551

673.7780,2.0203,2.3290,4.3669,4.2441,4.4905,8.1331,3.5017,3.4921,8.1331,4.1551

674.7770,1.6499,2.4524,4.6756,4.5527,4.4287,8.1331,3.5634,3.5538,8.1331,4.2080

675.7770,2.0203,2.2672,4.9843,4.6145,4.3670,8.1948,3.1930,3.5744,8.1948,4.2344

676.7780,2.0203,1.8968,4.6756,4.6762,4.9227,8.3183,3.4400,3.6053,8.3183,4.2785

677.7770,2.0203,2.1438,4.6139,4.6762,4.8610,8.2565,2.8843,3.5332,8.2565,4.2080

678.7770,2.0203,2.2055,4.9226,4.4910,4.3670,8.1331,3.3165,3.5538,8.1331,4.2080

679.7770,2.2054,2.0203,4.9843,4.4910,4.3670,8.0096,3.3165,3.5641,8.0096,4.1992

680.7770,2.2672,2.0820,4.6139,4.4293,4.9227,8.3183,3.0695,3.5641,8.3183,4.2433

681.7770,2.0820,2.1438,4.6756,4.5527,4.5522,7.7627,3.2547,3.5435,7.7627,4.1462

682.7780,2.3289,1.9585,4.0582,4.6762,4.6140,8.0713,3.3782,3.5023,8.0713,4.1551

683.7780,1.9585,2.2672,4.7373,4.8614,4.5522,7.8861,3.1930,3.5950,7.8861,4.2080

684.7770,2.5141,2.1438,4.4904,4.6145,4.3053,8.0713,2.8843,3.4920,8.0713,4.1462

685.7770,1.7733,2.5759,4.7991,4.9231,4.7375,8.1331,3.0078,3.6361,8.1331,4.2785

686.7770,2.2054,2.0820,5.0460,4.4910,4.4287,8.1331,3.0078,3.5435,8.1331,4.1992

687.7770,1.5264,2.2672,4.7373,4.3675,4.7375,8.7504,2.3904,3.3377,8.7504,4.1110

688.7770,1.8351,2.3290,4.6139,4.4293,4.7992,8.2565,3.6252,3.6053,8.2565,4.2697

689.7770,2.0820,2.7611,4.7373,4.4293,4.7992,8.0096,3.2547,3.6773,8.0096,4.2962

690.7770,2.3289,2.2672,4.4286,4.4910,4.1818,8.1331,3.0078,3.4509,8.1331,4.1198

691.7770,2.0203,2.2055,4.3669,4.5527,4.3053,8.5035,3.4400,3.4818,8.5035,4.1992

692.7770,2.2672,2.8846,4.8608,4.6145,4.4905,8.0713,2.9460,3.6773,8.0713,4.3050

693.7770,1.9585,2.1438,4.7373,4.3058,4.7992,8.5035,3.0695,3.5024,8.5035,4.2168

694.7770,1.4030,2.8228,4.1199,4.7997,4.4287,8.1948,2.9460,3.4200,8.1948,4.1021

695.7770,2.2672,2.4524,5.1078,4.5527,4.7375,8.1948,3.0078,3.6876,8.1948,4.3315

696.7770,2.6375,2.0820,4.5521,4.3675,4.4905,8.2565,3.4400,3.5949,8.2565,4.2609

697.7780,2.3289,1.9585,4.4904,4.3675,4.5522,8.1948,2.9460,3.4406,8.1948,4.1198

698.7770,2.2054,1.5264,5.0460,4.3675,4.3053,8.0096,3.1313,3.4303,8.0096,4.0845

699.7770,2.0820,2.0203,4.6139,4.5527,4.9227,8.0096,2.9460,3.5229,8.0096,4.1639

700.7770,1.9585,2.0820,4.3669,4.6145,3.9348,8.1331,3.2547,3.3686,8.1331,4.0492

701.7780,1.9585,2.0820,4.2434,4.6145,4.4287,7.8861,3.3165,3.4406,7.8861,4.0757

702.7770,1.9585,2.2055,4.5521,4.6762,4.7375,8.2565,3.0078,3.5229,8.2565,4.1992

703.7770,2.0820,2.6994,4.6756,5.9109,4.7375,8.0713,2.9460,3.8419,8.0713,4.4461

704.7770,2.0203,2.0820,4.4286,4.7379,4.5522,8.4418,3.5634,3.5641,8.4418,4.2609

705.7770,2.1437,2.3907,4.1199,4.7997,4.4905,8.3183,2.9460,3.4818,8.3183,4.1727

706.7770,2.0820,2.0820,4.6756,4.4293,4.7375,8.0713,3.7487,3.6258,8.0713,4.2609

707.7770,2.1437,2.0203,4.7991,4.6762,4.8610,8.4418,3.3165,3.6361,8.4418,4.3226

708.7770,2.0203,2.1438,3.9347,4.6145,4.6140,7.9479,3.3165,3.4406,7.9479,4.0845

709.7770,2.0203,2.1438,4.5521,4.6762,4.6140,8.3183,3.2547,3.5435,8.3183,4.2256

710.7770,1.9585,2.3907,4.4286,4.2441,4.4287,9.1208,3.5017,3.4921,9.1208,4.2962

711.7780,2.1437,1.5881,4.7991,4.8614,4.4287,8.3183,3.3782,3.5332,8.3183,4.2168

712.7770,2.4523,2.0820,4.4286,4.6762,4.3670,7.5775,1.7730,3.2965,7.5775,3.9081

713.7770,1.7116,2.3290,5.7252,4.8614,4.4905,8.2565,3.1930,3.7184,8.2565,4.3667

714.7770,1.8351,1.9585,4.5521,4.1206,4.6140,8.0096,3.9339,3.5024,8.0096,4.1463

715.7770,2.4523,2.3907,4.1817,4.4293,4.4287,8.3183,2.6991,3.4303,8.3183,4.1286

716.7770,2.0203,2.0820,4.5521,4.2441,4.7375,8.8122,2.8843,3.4200,8.8122,4.1903

717.7780,2.2054,2.2055,4.4904,4.6145,4.4287,7.7627,3.7487,3.6155,7.7627,4.2080

718.7770,2.0203,2.1438,4.7373,4.5527,4.4905,7.6392,3.5634,3.5847,7.6392,4.1639

719.7770,1.8351,2.0820,4.4904,4.4910,4.4905,8.2565,3.7487,3.5229,8.2565,4.1992

720.7770,2.2054,2.0203,4.8608,4.4910,4.6757,7.8244,3.2547,3.5847,7.8244,4.1903

721.7770,2.1437,2.5142,4.7373,4.4910,4.3670,8.0713,3.2547,3.5847,8.0713,4.2256

722.7770,2.5141,2.3907,4.4904,4.2441,3.8731,7.8861,3.5017,3.5023,7.8861,4.1286

723.7770,2.0203,2.2055,4.7373,4.7379,4.6140,8.5035,3.5017,3.6361,8.5035,4.3315

724.7770,2.3289,2.0820,4.7373,4.2441,4.6140,8.6270,3.9339,3.6567,8.6270,4.3667

725.7770,2.2672,1.7733,4.7373,4.7997,4.3053,8.1331,3.2547,3.5229,8.1331,4.1815

726.7770,2.2054,2.2055,4.5521,4.5527,4.5522,8.1948,3.1313,3.5332,8.1948,4.1992

727.7770,2.0820,2.2672,4.7373,4.5527,4.2435,8.1331,3.0078,3.4818,8.1331,4.1462

728.7770,2.0820,2.8846,4.6139,5.2936,4.6140,7.8861,2.8843,3.7287,7.8861,4.3226

729.7770,1.2178,1.6499,4.7991,5.1701,4.4905,7.9479,3.2547,3.4303,7.9479,4.0757

730.7780,1.5264,2.2672,3.9965,4.7997,4.2435,7.6392,3.1313,3.3274,7.6392,3.9434

731.7770,1.5264,2.2055,4.6139,4.7997,4.4905,8.0096,2.7608,3.3995,8.0096,4.0581

732.7770,3.4400,2.6376,4.1817,4.5527,4.5522,7.5775,3.1930,3.7595,7.5775,4.3050

733.7770,1.9585,2.0820,4.7373,4.6762,4.4905,8.3800,3.2547,3.5332,8.3800,4.2256

734.7770,2.2054,1.6499,4.9226,4.4910,4.3670,8.1331,3.0695,3.4509,8.1331,4.1198

735.7770,2.2672,1.8351,4.8608,5.5405,4.6757,8.0713,3.1930,3.7287,8.0713,4.3491

736.7770,1.8968,2.1438,4.6139,4.3058,4.4905,7.8861,3.5634,3.5024,7.8861,4.1286

737.7770,2.2672,2.5142,3.1938,4.5527,4.5522,7.8244,2.9460,3.3377,7.8244,3.9787

738.7770,1.9585,1.9585,4.5521,4.5527,3.8113,7.8861,3.6252,3.4097,7.8861,4.0492

739.7780,2.0820,1.5881,4.4904,4.6145,4.3053,8.1948,3.4400,3.4200,8.1948,4.1021

740.7780,2.4523,2.1438,4.4286,4.3058,4.5522,8.1331,3.1313,3.5023,8.1331,4.1639

741.7770,2.3906,2.2672,4.5521,4.6762,4.4905,7.8244,3.3165,3.6155,7.8244,4.2168

742.7770,2.5141,2.5142,4.6139,4.5527,4.4905,8.1948,3.3165,3.6670,8.1948,4.3138

743.7770,1.9585,2.3290,4.3052,4.5527,5.1697,8.2565,3.3165,3.6053,8.2565,4.2697

744.7770,1.9585,2.2055,4.6756,4.1823,4.4905,8.4418,3.5634,3.5126,8.4418,4.2168

745.7770,1.5264,2.3290,4.4286,4.4910,4.4287,7.9479,3.3782,3.4303,7.9479,4.0757

746.7770,2.0820,2.1438,4.7991,4.4910,5.1697,8.2565,3.1313,3.6361,8.2565,4.2962

747.7780,2.2054,2.1438,4.6756,4.6145,4.0583,8.2565,2.8225,3.4200,8.2565,4.1110

748.7770,1.9585,2.0820,4.4904,4.6762,4.6140,8.3183,3.0695,3.4818,8.3183,4.1727

749.7770,2.0820,2.5759,4.8608,4.4910,4.0583,7.7627,3.4400,3.5847,7.7627,4.1815

750.7770,1.7733,2.2672,5.7869,4.7997,4.4287,7.8861,3.4400,3.7493,7.8861,4.3403

751.7770,2.2054,2.1438,4.4904,4.5527,4.4905,7.5775,3.0695,3.4921,7.5775,4.0757

752.7770,2.2672,2.2672,5.0460,4.8614,4.3670,8.0096,2.8843,3.6155,8.0096,4.2433

753.7770,1.9585,2.3290,4.7991,4.7379,4.5522,8.5652,3.3782,3.6258,8.5652,4.3315

754.7770,2.3906,2.0203,4.7373,4.5527,4.4287,7.4540,3.1313,3.5435,7.4540,4.1021

755.7770,2.3289,2.3907,4.1817,5.2318,4.6140,8.0096,3.1313,3.6464,8.0096,4.2697

756.7770,2.5141,2.3290,4.4286,4.8614,4.1818,8.0096,3.3782,3.6155,8.0096,4.2432

757.7770,1.9585,2.3290,4.4286,4.7379,4.4287,8.6887,3.6252,3.5847,8.6887,4.3138

758.7770,2.1437,2.4524,3.6260,4.4910,4.4287,8.5035,2.8225,3.3274,8.5035,4.0669

759.7770,2.0203,2.0203,4.6139,4.3675,4.1818,8.0713,3.0695,3.3789,8.0713,4.0492

760.7770,2.0203,2.4524,4.1817,4.5527,4.6140,8.1948,3.3782,3.5332,8.1948,4.1992

761.7770,2.3289,2.2055,4.4286,4.4910,4.1200,8.2565,2.9460,3.4200,8.2565,4.1109

762.7770,1.9585,2.3290,4.7991,4.6145,4.7375,8.3800,3.1930,3.6053,8.3800,4.2874

763.7770,2.2672,2.0820,4.9843,4.8614,4.5522,8.0096,3.1930,3.6567,8.0096,4.2785

764.7770,1.9585,2.2055,4.3669,4.7379,4.4287,8.0096,2.7608,3.4097,8.0096,4.0669

765.7770,2.1437,2.0203,4.6756,4.3675,4.7992,9.2443,3.0078,3.5024,9.2443,4.3226

766.7770,2.2054,2.0820,4.1199,4.3058,4.2435,8.7504,2.7608,3.2863,8.7504,4.0669

767.7770,1.7733,1.8968,4.3669,4.5527,4.1200,8.6270,2.6373,3.2245,8.6270,3.9963

768.7770,2.2054,2.0820,5.1078,4.7379,4.4905,8.3183,3.1313,3.6258,8.3183,4.2962

769.7780,2.1437,2.3290,4.6139,4.1823,4.8610,8.5652,3.1313,3.5435,8.5652,4.2609

770.7770,1.8351,2.1438,4.5521,4.8614,4.4905,8.0713,3.3165,3.5332,8.0713,4.1815

771.7770,2.2054,2.4524,4.4286,4.4910,4.3053,8.1948,2.6991,3.4303,8.1948,4.1110

772.7770,2.2054,1.5264,4.6139,3.8737,4.6140,7.8861,3.1930,3.3377,7.8861,3.9875

773.7770,2.1437,2.7611,4.3052,4.3675,4.4905,8.1948,3.2547,3.5538,8.1948,4.2168

774.7770,2.2672,1.9585,4.4904,4.3675,4.6140,8.1948,3.5017,3.5332,8.1948,4.1992

775.7770,1.8351,2.4524,4.4904,4.2441,4.1818,8.1331,3.3165,3.4200,8.1331,4.0933

776.7770,1.5882,2.0203,4.6756,3.7502,4.7375,7.9479,3.8721,3.4406,7.9479,4.0845

777.7770,2.3906,2.5142,5.1078,4.7997,4.3053,7.9479,3.0695,3.6978,7.9479,4.3050

778.7770,2.3289,2.1438,4.8608,4.6145,4.1200,7.8861,3.0078,3.5126,7.8861,4.1374

779.7770,1.8351,2.2672,4.3669,4.8614,4.5522,8.5652,4.1808,3.6773,8.5652,4.3756

780.7770,2.3289,2.6994,4.1817,4.7997,4.4287,7.9479,3.1313,3.5949,7.9479,4.2168

781.7770,2.5758,2.3290,4.4904,4.3058,4.1818,8.1331,3.1930,3.5126,8.1331,4.1727

782.7770,2.0203,2.3290,4.5521,5.1084,4.6140,8.2565,3.1313,3.6258,8.2565,4.2874

783.7770,1.8968,2.0820,5.0460,4.2441,4.3670,8.3183,3.4400,3.5126,8.3183,4.1992

784.7780,2.2054,2.0820,4.2434,4.6145,4.3670,8.3800,3.1313,3.4406,8.3800,4.1462

785.7770,2.0820,2.2055,4.3669,4.3675,4.3053,8.1331,2.7608,3.3480,8.1331,4.0316

786.7770,1.8968,2.0820,4.6139,4.6145,4.4287,8.7504,3.4400,3.5126,8.7504,4.2609

787.7770,2.1437,2.0820,4.8608,4.6145,4.3670,8.0713,3.0078,3.5126,8.0713,4.1639

788.7770,2.2672,2.1438,4.7373,4.4293,4.4287,8.1331,3.4400,3.5744,8.1331,4.2256

789.7770,2.0820,2.3907,4.9226,4.7379,4.1818,8.3800,3.0695,3.5641,8.3800,4.2521

790.7770,1.9585,1.5264,4.4286,4.7379,4.4287,8.2565,3.3782,3.4097,8.2565,4.1021

791.7770,0.8474,2.7611,4.6756,4.4910,4.6140,8.1948,3.4400,3.4715,8.1948,4.1463

792.7780,2.1437,3.3785,4.1199,4.6145,4.1818,8.2565,3.4400,3.6464,8.2565,4.3050

793.7770,2.0820,2.0820,4.6756,4.3675,4.4287,8.0713,3.2547,3.4818,8.0713,4.1374

794.7770,2.3289,2.1438,4.8608,4.7379,4.1818,7.8861,2.9460,3.5332,7.8861,4.1551

795.7770,1.8351,2.1438,4.9843,4.4293,4.5522,8.1948,3.0695,3.5024,8.1948,4.1727

796.7770,1.7733,2.3290,5.7252,4.7997,4.3670,7.8861,3.4400,3.7390,7.8861,4.3315

797.7770,2.5758,2.6376,4.6139,4.6762,4.3670,8.1948,2.6373,3.5846,8.1948,4.2432

798.7770,2.0820,2.3907,4.4904,4.7379,4.9227,8.2565,3.8721,3.7493,8.2565,4.3932

799.7770,1.8351,2.4524,4.4286,4.6762,4.6757,8.3800,3.1930,3.5435,8.3800,4.2344

800.7770,1.9585,2.0820,4.7373,5.6640,4.6140,8.0713,3.1930,3.7081,8.0713,4.3315

801.7770,2.0203,2.6994,4.6139,4.3675,4.3670,8.0096,3.1930,3.5435,8.0096,4.1815

802.7770,3.3783,1.5264,4.9843,4.3675,4.5522,7.4540,3.0078,3.6361,7.4540,4.1815

803.7770,2.0820,3.5019,4.7373,4.4293,4.6140,8.1331,2.8225,3.6978,8.1331,4.3315

804.7770,2.1437,2.0203,4.6756,4.2441,4.9227,8.0096,3.2547,3.5435,8.0096,4.1815

805.7770,2.1437,2.2672,4.7991,4.8614,4.7375,7.3305,3.3782,3.6979,7.3305,4.2168

806.7770,1.4647,2.6376,4.3052,4.4910,4.4287,8.1331,3.2547,3.4303,8.1331,4.1022

807.7770,2.2054,2.1438,6.4661,4.5527,4.6140,7.9479,3.2547,3.8728,7.9479,4.4549

808.7770,2.2054,2.6376,5.0460,4.4910,4.2435,7.9479,3.2547,3.6464,7.9479,4.2609

809.7770,3.5017,1.8968,4.2434,4.6762,4.7375,8.0713,3.4400,3.7493,8.0713,4.3667

810.7770,1.8351,2.2055,4.6139,3.9971,4.4287,8.3800,3.1313,3.3686,8.3800,4.0845

811.7770,2.0203,2.1438,4.3669,4.4910,4.4905,8.1331,3.4400,3.4921,8.1331,4.1551

812.7770,2.0820,2.3290,4.7991,4.5527,4.1818,8.3183,2.8843,3.4715,8.3183,4.1639

813.7770,2.0203,1.8351,4.3669,4.6762,4.3670,8.2565,3.0695,3.3892,8.2565,4.0845

814.7770,2.8844,1.7733,4.6139,4.4910,4.4287,7.7009,3.2547,3.5744,7.7009,4.1639

815.7770,2.8844,1.5881,4.4904,4.4910,4.4287,8.2565,3.0695,3.4920,8.2565,4.1727

816.7770,2.9462,2.3907,4.4904,4.6762,4.4287,8.1331,3.3165,3.7081,8.1331,4.3403

817.7770,2.0820,2.1438,4.4286,3.9354,4.5522,7.9479,3.4400,3.4303,7.9479,4.0757

818.7780,2.2054,1.6499,4.9226,4.3058,4.3670,8.0713,3.1930,3.4406,8.0713,4.1021

819.7770,2.1437,2.1438,4.3669,4.4293,4.6757,8.2565,3.5017,3.5435,8.2565,4.2168

820.7770,2.2672,2.2672,4.9226,4.7379,4.3053,7.8244,3.0695,3.5949,7.8244,4.1992

821.7770,2.6375,2.3290,4.4904,4.6145,4.3670,8.0096,3.2547,3.6155,8.0096,4.2432

822.7770,2.2054,2.0820,4.6756,4.1823,4.6140,8.6270,3.0695,3.4715,8.6270,4.2080

823.7770,2.3906,2.3907,4.6756,4.4910,4.1818,8.1948,3.0078,3.5229,8.1948,4.1903

824.7770,2.3289,2.2055,4.8608,4.7997,4.4905,7.9479,3.4400,3.6876,7.9479,4.2962

825.7770,1.8968,2.1438,4.5521,4.7379,4.6140,8.0713,3.3782,3.5538,8.0713,4.1992

826.7770,1.9585,2.0820,4.5521,4.4910,4.4287,8.1948,3.6869,3.5332,8.1948,4.1992

827.7770,2.2054,2.2672,4.2434,4.8614,4.0583,8.1331,3.1313,3.4612,8.1331,4.1286

828.7770,2.4523,1.9585,4.5521,4.4910,4.4287,8.0713,3.3782,3.5435,8.0713,4.1903

829.7780,2.0820,2.3290,4.8608,4.3058,4.6140,7.9479,3.1313,3.5538,7.9479,4.1815

830.7770,2.2672,2.0203,4.9226,4.5527,4.9227,8.5652,3.1930,3.6464,8.5652,4.3491

831.7780,2.0203,1.8968,4.3052,4.6762,4.3053,8.2565,3.3782,3.4303,8.2565,4.1198

832.7770,1.8351,2.3907,4.2434,5.0466,4.4905,8.1948,3.8721,3.6464,8.1948,4.2962

833.7770,2.0203,1.7733,4.5521,4.4293,4.1818,8.4418,3.3782,3.3892,8.4418,4.1110

834.7770,2.3906,1.7116,4.7373,4.6145,4.3053,8.5035,3.2547,3.5023,8.5035,4.2168

835.7770,1.8968,2.3290,4.4286,4.7379,4.3053,8.7504,3.3165,3.5023,8.7504,4.2521

836.7770,2.2054,2.3290,4.5521,4.2441,4.3670,8.2565,2.8843,3.4303,8.2565,4.1198

837.7770,1.8968,1.4647,6.0339,4.4910,4.4905,8.0713,3.0695,3.5744,8.0713,4.2168

838.7780,2.2672,2.2055,4.1817,4.4910,4.5522,8.3800,2.8225,3.4200,8.3800,4.1286

839.7770,2.0203,2.1438,4.2434,4.6762,4.3053,8.2565,3.1930,3.4303,8.2565,4.1198

840.7770,1.8968,2.0820,4.6756,4.1823,4.5522,8.1948,3.1313,3.4200,8.1948,4.1022

841.7770,2.1437,1.7116,4.7373,4.3058,4.3670,8.1948,3.1313,3.3995,8.1948,4.0845

842.7770,2.3289,2.5142,4.5521,4.8614,4.1200,8.0713,3.1930,3.5949,8.0713,4.2344

843.7770,2.5141,1.8968,4.6756,4.6145,4.8610,8.3183,3.1313,3.6155,8.3183,4.2873

844.7770,2.4523,2.3290,4.2434,4.4910,4.1818,8.3183,3.1930,3.4818,8.3183,4.1727

845.7770,2.0820,2.3907,4.5521,4.4293,4.6757,8.3800,3.1313,3.5435,8.3800,4.2344

846.7770,1.9585,2.2055,4.3669,4.6762,3.8731,8.1948,3.3782,3.4097,8.1948,4.0933

847.7770,2.5141,2.3907,4.6139,4.1823,4.3053,8.2565,3.1313,3.5229,8.2565,4.1991

848.7770,1.9585,2.2055,4.6139,5.2936,4.6140,8.1948,3.1930,3.6464,8.1948,4.2962

849.7770,1.5882,2.0820,4.6139,4.4910,4.9227,8.5035,3.0695,3.4612,8.5035,4.1815

850.7770,2.1437,0.7856,4.2434,4.5527,4.8610,8.0713,2.9460,3.2554,8.0713,3.9434

851.7770,2.0203,2.3907,5.0460,4.6762,4.3670,8.2565,3.5634,3.6773,8.2565,4.3315

852.7770,2.5758,2.0820,4.3052,4.3058,4.5522,8.0713,3.0695,3.4818,8.0713,4.1374

853.7770,2.0820,2.1438,4.3669,4.4910,4.1818,8.3183,3.4400,3.4509,8.3183,4.1462

854.7770,2.2054,2.3907,4.2434,4.9231,4.1818,8.0096,3.4400,3.5641,8.0096,4.1991

855.7780,1.9585,2.4524,4.2434,4.3675,4.5522,8.2565,3.4400,3.5024,8.2565,4.1815

856.7770,2.0203,2.3907,4.1817,4.6762,4.6140,7.9479,3.3782,3.5435,7.9479,4.1727

857.7770,1.9585,1.8968,4.7373,4.7379,4.9227,8.3183,3.2547,3.5847,8.3183,4.2609

858.7770,2.0203,1.9585,4.3052,4.8614,4.1818,8.0096,3.2547,3.4303,8.0096,4.0845

859.7770,1.7116,2.5759,4.3052,4.7379,3.8731,8.5652,3.0695,3.3789,8.5652,4.1198

860.7770,1.5264,2.2055,4.9226,4.3675,4.5522,8.2565,3.0695,3.4406,8.2565,4.1286

861.7770,2.4523,1.8351,4.4286,4.7997,4.1200,8.0096,3.3782,3.5023,8.0096,4.1462

862.7770,1.8968,2.2672,4.3052,4.6145,4.3053,8.5035,3.3165,3.4509,8.5035,4.1727

863.7770,1.8968,2.2055,4.5521,4.3058,4.6140,8.9974,3.0695,3.4406,8.9974,4.2344

864.7770,2.0203,2.4524,4.5521,4.5527,4.8610,8.1331,2.9460,3.5641,8.1331,4.2168

865.7780,1.8968,2.3290,5.3548,4.7379,4.3670,8.3800,3.0695,3.6258,8.3800,4.3050

866.7770,2.2672,1.9585,4.7373,4.3675,4.6140,8.2565,3.6869,3.6052,8.2565,4.2697

867.7770,2.3906,2.3907,4.8608,4.6762,4.3670,7.8861,3.2547,3.6567,7.8861,4.2609

868.7770,1.9585,2.0203,4.5521,4.6762,4.7375,8.1948,3.0078,3.4921,8.1948,4.1639

869.7770,2.1437,2.2672,4.6756,4.4910,3.9965,8.3800,3.0695,3.4406,8.3800,4.1462

870.7770,2.0203,2.5142,4.5521,4.8614,4.6757,7.7009,3.1930,3.6361,7.7009,4.2168

871.7770,2.1437,2.5759,4.9226,4.4910,4.2435,7.5157,3.5634,3.6567,7.5157,4.2080

872.7770,1.9585,2.0203,4.9226,4.8614,4.3670,7.9479,3.1930,3.5538,7.9479,4.1815

873.7770,2.1437,2.4524,4.4286,4.6762,4.3670,7.8244,3.1930,3.5435,7.8244,4.1551

874.7770,2.1437,2.2055,4.4904,4.6145,4.6140,8.4418,3.0695,3.5229,8.4418,4.2256

875.7780,2.0820,2.3290,4.7991,3.6885,4.3670,7.8861,3.5017,3.4612,7.8861,4.0933

876.7780,1.8968,2.2055,4.6139,4.6145,4.2435,8.2565,3.0695,3.4406,8.2565,4.1286

877.7770,1.9585,2.2055,4.3669,4.6145,4.3053,8.3800,3.0078,3.4097,8.3800,4.1198

878.7780,1.8351,1.1560,4.1817,4.4910,4.3053,7.8861,3.4400,3.2348,7.8861,3.8993

879.7770,1.7733,1.9585,4.6756,4.5527,4.2435,8.1331,3.6252,3.4715,8.1331,4.1374

880.7770,2.3289,2.4524,4.6139,4.7997,4.2435,7.9479,3.1313,3.5949,7.9479,4.2168

881.7780,1.8968,2.0203,4.4286,5.1084,4.2435,8.5652,3.4400,3.5229,8.5652,4.2433

882.7770,2.0820,1.5881,4.8608,4.8614,4.6140,8.3183,3.1313,3.5229,8.3183,4.2080

883.7770,2.0203,2.5142,4.2434,4.4910,4.4287,8.3800,3.3782,3.5126,8.3800,4.2080

884.7780,1.8968,1.9585,4.5521,4.1823,4.4287,7.8244,3.3165,3.3892,7.8244,4.0228

885.7770,2.2054,2.2672,4.8608,4.4293,4.3053,8.2565,3.3782,3.5744,8.2565,4.2433

886.7770,2.1437,2.0203,4.9226,4.6762,4.7992,8.3800,3.3782,3.6567,8.3800,4.3315

887.7780,2.0820,2.0820,4.6756,4.6145,4.1200,8.1331,3.3782,3.4921,8.1331,4.1551

888.7770,2.0820,1.9585,4.8608,4.3058,4.4287,8.4418,3.0078,3.4406,8.4418,4.1551

889.7770,2.2672,2.4524,4.6139,4.5527,4.6140,8.0713,3.2547,3.6258,8.0713,4.2609

890.7780,2.0820,2.1438,4.7373,4.6762,4.5522,8.1948,3.1313,3.5538,8.1948,4.2168

891.7770,1.8968,2.4524,4.5521,4.7997,4.7375,8.1948,3.0078,3.5744,8.1948,4.2344

892.7770,2.0820,2.6376,4.6139,4.3675,4.3670,8.0096,3.2547,3.5538,8.0096,4.1903

893.7770,2.4523,1.9585,5.0460,4.4910,4.2435,7.9479,3.3782,3.5949,7.9479,4.2168

894.7780,1.8968,2.3290,4.7991,4.6762,4.4287,8.5035,3.0078,3.5229,8.5035,4.2344

895.7770,1.8968,2.3907,4.6756,4.6145,4.7375,8.2565,3.1313,3.5744,8.2565,4.2433

896.7770,1.8968,2.2055,4.6139,4.6762,4.4905,8.3800,3.5634,3.5744,8.3800,4.2609

897.7770,2.1437,2.2055,4.6756,4.4910,4.0583,8.3183,3.4400,3.5023,8.3183,4.1903

898.7770,1.9585,2.0203,4.6756,4.4910,4.0583,8.1948,3.5017,3.4509,8.1948,4.1286

899.7780,1.8968,1.8968,4.6756,4.4910,4.3670,8.3183,3.2547,3.4303,8.3183,4.1286

900.7770,2.0203,2.2055,4.5521,4.9231,4.9227,7.6392,3.5017,3.6876,7.6392,4.2521

901.7770,1.9585,1.3412,4.4904,4.4293,4.3670,8.1948,3.1930,3.2966,8.1948,3.9963

902.7770,2.2054,2.2672,4.9843,3.8119,4.6140,8.1948,3.1313,3.5024,8.1948,4.1727

903.7780,1.8968,2.0820,4.4286,4.1823,4.3053,8.2565,3.0695,3.3274,8.2565,4.0316

904.7770,2.1437,2.2055,4.8608,4.6145,4.4287,8.5035,3.0695,3.5538,8.5035,4.2609

905.7780,2.1437,2.2055,4.1817,4.7997,4.3670,7.9479,3.1930,3.4818,7.9479,4.1198

906.7770,2.2054,1.8968,4.6756,4.6145,4.8610,8.1331,3.1313,3.5641,8.1331,4.2168

907.7770,2.0203,2.1438,4.6756,4.1206,4.6757,8.3800,3.1313,3.4612,8.3800,4.1639

908.7770,1.7116,2.4524,4.2434,4.4910,4.3670,8.2565,3.1930,3.4097,8.2565,4.1021

909.7770,1.9585,1.8968,4.4286,4.7997,4.3053,8.2565,3.3165,3.4509,8.2565,4.1374

910.7770,1.8351,2.2672,4.7373,4.8614,4.6140,8.0096,3.0078,3.5538,8.0096,4.1903

911.7780,2.6993,2.2672,4.4904,4.4293,4.3053,8.1948,3.3165,3.5846,8.1948,4.2432

912.7770,2.1437,2.6994,3.5643,4.1823,4.4905,8.0713,3.1313,3.3686,8.0713,4.0404

913.7770,2.1437,2.2672,4.1817,4.4293,4.6757,8.3183,3.4400,3.5229,8.3183,4.2080

914.7770,1.8968,2.3907,4.8608,4.7997,4.5522,7.9479,3.6252,3.6876,7.9479,4.2962

915.7780,2.3906,2.0203,4.5521,4.4910,4.5522,7.7627,3.3165,3.5538,7.7627,4.1551

916.7780,2.0203,1.8351,4.2434,4.5527,4.3670,8.0713,3.5017,3.4200,8.0713,4.0845

917.7770,2.0820,2.5142,4.7373,4.6762,4.2435,8.3183,2.9460,3.5332,8.3183,4.2168

918.7770,2.2672,2.0203,5.1078,4.4293,4.2435,7.9479,3.2547,3.5538,7.9479,4.1815

919.7770,1.8968,2.2672,2.6999,4.9849,4.3670,8.4418,3.5634,3.2965,8.4418,4.0316

920.7770,2.0820,2.2055,4.4286,4.6762,4.7375,8.3800,3.5634,3.6155,8.3800,4.2962

921.7770,2.0203,2.3907,4.7373,4.5527,4.1818,8.3800,2.8225,3.4509,8.3800,4.1551

922.7770,1.9585,2.2055,4.4904,4.6145,4.4287,8.4418,3.5634,3.5435,8.4418,4.2433

923.7770,1.6499,2.2672,5.6017,4.6145,4.4287,7.9479,3.2547,3.6361,7.9479,4.2521

924.7770,2.7610,2.0820,5.0460,4.6145,4.3670,8.5035,3.0078,3.6464,8.5035,4.3403

925.7770,2.3289,2.4524,4.4286,5.5405,4.5522,8.2565,2.5756,3.6464,8.2565,4.3050

926.7770,2.3906,2.6994,4.8608,4.3675,4.3053,8.0713,3.1930,3.6361,8.0713,4.2697

927.7770,2.1437,2.5759,4.5521,4.4910,4.6757,8.0096,3.1313,3.5950,8.0096,4.2256

928.7780,2.4523,1.8968,4.5521,4.6145,4.7375,8.3183,3.1930,3.5744,8.3183,4.2521

929.7770,1.8968,2.1438,4.4286,4.7379,4.6140,8.4418,3.5017,3.5538,8.4418,4.2521

930.7770,2.0203,2.0820,4.7373,4.1206,4.2435,8.4418,3.1930,3.3995,8.4418,4.1198

931.7780,2.0203,2.5142,4.4904,4.3675,4.1818,8.1331,3.5017,3.5126,8.1331,4.1727

932.7770,2.2054,2.1438,4.6139,4.4293,4.3670,7.9479,3.5017,3.5435,7.9479,4.1727

933.7770,1.8351,2.1438,4.7991,4.7379,4.6140,8.1331,3.8721,3.6670,8.1331,4.3050

934.7770,1.9585,2.2055,5.1078,4.6762,4.3053,7.8244,3.1930,3.5744,7.8244,4.1815

935.7770,1.8968,2.0203,4.2434,4.7379,4.1818,8.1331,3.2547,3.3892,8.1331,4.0669

936.7770,1.7733,2.2672,4.6139,4.4910,4.5522,7.7627,3.6252,3.5538,7.7627,4.1551

937.7770,2.0820,2.0820,4.5521,4.6145,4.3670,8.5652,2.5756,3.3789,8.5652,4.1198

938.7770,2.2054,1.9585,4.7373,5.5405,4.7375,8.1948,3.4400,3.7699,8.1948,4.4020

939.7770,2.0203,2.5142,5.0460,4.6145,4.1818,8.6270,2.9460,3.5538,8.6270,4.2785

940.7770,2.5758,2.3290,4.4286,4.3675,4.4287,8.5035,3.1313,3.5435,8.5035,4.2521

941.7770,2.1437,2.1438,4.7991,4.4293,4.4905,8.2565,3.3165,3.5538,8.2565,4.2256

942.7770,1.8968,2.2055,4.6756,4.6762,4.3670,8.6270,3.5634,3.5641,8.6270,4.2874

943.7770,2.1437,2.3290,4.1199,4.6145,4.6140,8.3183,3.3782,3.5332,8.3183,4.2168

944.7770,2.2672,1.8968,4.7373,4.6145,4.6140,8.2565,2.7608,3.4818,8.2565,4.1639

945.7770,2.0820,2.0203,4.7991,4.6762,4.8610,8.3183,3.1930,3.6053,8.3183,4.2785

946.7770,1.7733,2.0820,4.4904,4.6762,4.1200,8.2565,2.8225,3.3274,8.2565,4.0316

947.7770,2.1437,2.3907,4.4286,5.0466,4.1200,8.2565,3.2547,3.5641,8.2565,4.2344

948.7770,1.8351,2.3290,4.4904,4.6145,4.5522,8.1331,3.3165,3.5229,8.1331,4.1815

949.7770,1.8351,2.2055,4.6756,4.9849,4.6140,8.1331,3.3782,3.6155,8.1331,4.2609

950.7770,1.8968,2.0203,4.6756,4.2441,4.7375,8.3183,3.1313,3.4509,8.3183,4.1463

951.7770,1.9585,2.8228,4.2434,4.3675,4.5522,8.5652,2.9460,3.4818,8.5652,4.2080

952.7780,2.0820,2.5759,4.7991,4.5527,5.3549,8.6887,3.2547,3.7699,8.6887,4.4726

953.7780,1.8351,2.3907,4.7373,4.6145,4.3053,8.8739,2.4521,3.3892,8.8739,4.1727

954.7770,2.2054,2.0820,4.6756,4.8614,4.5522,8.1331,3.6252,3.6670,8.1331,4.3050

955.7770,1.9585,2.4524,4.3669,4.4293,4.3670,8.0713,3.3165,3.4818,8.0713,4.1374

956.7770,1.6499,2.3290,4.7991,4.4910,4.6757,8.3800,2.9460,3.4818,8.3800,4.1815

957.7780,2.0820,2.2055,4.5521,4.6145,4.6140,7.9479,3.2547,3.5538,7.9479,4.1815

958.7780,2.1437,1.8968,4.2434,4.6145,4.3670,8.3183,3.1313,3.3994,8.3183,4.1021

959.7780,2.2054,2.0820,5.1078,3.3798,4.6757,7.8861,3.0078,3.4098,7.8861,4.0492

960.7770,2.3289,1.9585,4.7373,4.7379,4.0583,8.0713,2.9460,3.4612,8.0713,4.1198

961.7770,1.9585,2.1438,4.5521,4.4293,4.6140,8.5652,3.3165,3.5024,8.5652,4.2256

962.7770,1.9585,1.9585,4.4904,4.4910,4.2435,7.9479,3.4400,3.4303,7.9479,4.0757

963.7770,1.8968,2.3290,4.4904,4.3058,4.1200,8.0096,3.1313,3.3789,8.0096,4.0404

964.7770,2.1437,2.2672,4.4904,4.2441,4.4905,8.1331,3.3782,3.5023,8.1331,4.1639

965.7770,1.9585,2.2672,4.4286,4.6145,4.6140,8.0096,3.4400,3.5538,8.0096,4.1903

966.7770,2.0820,2.2055,4.7991,4.7997,4.5522,8.1948,3.5634,3.6670,8.1948,4.3138

967.7770,2.0203,2.5759,4.9843,4.7997,4.2435,8.6270,3.0695,3.6155,8.6270,4.3314

968.7770,1.8968,2.5142,4.3669,4.5527,4.2435,8.3183,3.3165,3.4818,8.3183,4.1727

969.7770,1.9585,2.2672,4.7991,4.6145,4.1818,8.6270,2.8843,3.4509,8.6270,4.1903

970.7770,2.5141,1.7733,4.4286,4.4910,5.1079,8.2565,3.2547,3.5950,8.2565,4.2609

971.7770,2.2054,2.0820,4.2434,4.6762,5.7254,8.3800,3.1313,3.6773,8.3800,4.3491

972.7770,1.7733,2.3290,4.2434,4.5527,4.3670,8.6887,3.5017,3.4612,8.6887,4.2080

973.7770,1.8351,2.1438,4.5521,4.6762,4.1818,8.6887,3.3165,3.4509,8.6887,4.1992

974.7770,2.3289,2.0820,4.1199,4.4293,4.5522,8.0713,3.1930,3.4509,8.0713,4.1110

975.7770,2.2672,2.0820,4.9843,4.1823,4.3053,8.4418,3.5017,3.5538,8.4418,4.2521

976.7770,2.3906,2.1438,4.4286,4.4910,4.6757,7.8244,3.3165,3.5744,7.8244,4.1815

977.7770,2.2054,1.7116,4.1817,4.3058,4.7375,7.7009,3.1313,3.3789,7.7009,3.9963

978.7770,2.1437,2.3907,4.4904,5.1084,4.5522,8.1331,3.1313,3.6361,8.1331,4.2785

979.7770,0.2919,2.5142,4.0582,4.9231,4.3053,8.4418,2.3286,3.0702,8.4418,3.8376

980.7770,1.6499,2.3290,4.9843,4.7997,4.4287,8.1948,3.1930,3.5641,8.1948,4.2256

981.7780,1.7116,2.4524,4.7373,4.4293,4.3670,8.1948,3.1930,3.4818,8.1948,4.1551

982.7780,2.0820,2.2672,4.4286,4.6762,4.3053,8.3800,3.3165,3.5126,8.3800,4.2080

983.7770,1.5882,2.3290,4.7991,4.5527,4.4905,8.1948,3.3782,3.5229,8.1948,4.1904

984.7770,2.0203,2.0203,4.7373,4.8614,4.4905,8.1948,3.5017,3.6052,8.1948,4.2609

985.7770,1.9585,2.0820,4.7991,4.4293,4.7375,8.5035,3.3782,3.5641,8.5035,4.2697

986.7770,2.0203,1.8968,4.7373,4.3058,4.5522,8.2565,3.4400,3.4921,8.2565,4.1727

987.7770,1.8968,2.0820,4.5521,4.6145,4.4905,8.5652,3.1930,3.4715,8.5652,4.1992

988.7770,2.1437,2.0820,4.7991,4.5527,4.8610,8.2565,3.0695,3.5847,8.2565,4.2521

989.7770,1.9585,2.5142,4.1817,4.4293,4.3670,8.3183,3.3782,3.4715,8.3183,4.1639

990.7780,1.9585,2.3907,4.6139,4.6762,4.3053,8.1331,3.5634,3.5847,8.1331,4.2344

991.7770,1.9585,1.9585,4.7373,4.1206,4.3670,8.2565,3.4400,3.4303,8.2565,4.1198

992.7770,2.1437,2.1438,4.4286,4.5527,4.6757,8.2565,3.3165,3.5435,8.2565,4.2168

993.7780,2.2054,2.0203,4.3052,4.6145,4.4905,8.1331,3.3782,3.5023,8.1331,4.1639

994.7770,2.2054,2.3907,4.9843,4.6762,4.4287,8.2565,3.2547,3.6567,8.2565,4.3138

995.7770,1.8351,2.0820,4.5521,4.4910,4.1818,8.0713,3.5634,3.4509,8.0713,4.1110

996.7770,2.2054,2.0203,4.6139,4.4910,4.4905,7.8244,3.2547,3.5126,7.8244,4.1286

997.7770,2.0820,1.8968,4.1817,4.4293,4.7375,8.1948,3.3782,3.4509,8.1948,4.1286

998.7770,2.2672,2.0203,4.6756,4.6145,4.5522,7.9479,3.3165,3.5744,7.9479,4.1992

999.7770,1.8968,2.0203,4.5521,4.5527,4.6140,8.4418,2.6373,3.3789,8.4418,4.1021

1000.7770,1.9585,2.3290,4.0582,3.9354,4.4287,8.2565,3.3165,3.3377,8.2565,4.0404

1001.7770,2.4523,2.2672,4.4286,4.7997,4.4905,7.7627,3.2547,3.6155,7.7627,4.2080

1002.7770,2.0203,2.2055,3.8112,4.4910,4.5522,8.1331,3.4400,3.4200,8.1331,4.0933

1003.7770,2.1437,2.0203,4.8608,4.4293,4.1818,8.5035,3.1313,3.4612,8.5035,4.1815

1004.7780,1.8968,2.3907,4.3669,4.4293,4.4905,8.6887,3.3782,3.4921,8.6887,4.2344

1005.7770,1.8968,2.3290,4.6139,5.1084,4.3670,8.0713,3.1930,3.5847,8.0713,4.2256

1006.7780,2.6993,2.2055,4.3669,4.7379,4.7375,8.4418,3.1930,3.6567,8.4418,4.3403

1007.7770,2.4523,2.3290,4.4904,4.8614,4.1200,8.0096,3.4400,3.6155,8.0096,4.2432

1008.7770,2.4523,2.2672,4.6139,4.3058,4.4287,8.3800,3.0695,3.5229,8.3800,4.2168

1009.7770,1.8351,1.8968,4.4904,4.7997,3.6878,8.4418,3.3165,3.3377,8.4418,4.0669

1010.7770,2.1437,2.2055,4.3052,4.6145,5.4784,8.4418,3.2547,3.6670,8.4418,4.3491

1011.7780,2.0820,2.3907,4.4286,4.7379,4.6140,8.3800,3.8721,3.6876,8.3800,4.3579

1012.7770,2.1437,2.0203,4.3669,4.7379,4.4905,8.6887,3.5017,3.5435,8.6887,4.2785

1013.7770,1.9585,2.3290,3.9347,5.0466,4.1200,8.2565,3.1930,3.4303,8.2565,4.1198

1014.7770,2.0820,2.3290,4.5521,4.7379,4.5522,8.1331,3.0695,3.5538,8.1331,4.2080

1015.7770,2.2054,2.2055,4.4286,4.6762,4.9844,8.3800,3.3165,3.6361,8.3800,4.3138

1016.7770,2.2054,2.0820,3.9347,3.9971,5.2314,8.3800,3.1930,3.4406,8.3800,4.1462

1017.7770,2.2054,3.3785,4.2434,4.6762,4.3670,8.2565,3.3782,3.7081,8.2565,4.3579

1018.7770,2.1437,1.8351,4.5521,4.7379,3.8113,8.5652,3.0695,3.3583,8.5652,4.1021

1019.7780,2.0820,2.3290,4.4286,4.0589,4.6757,8.6887,3.3782,3.4921,8.6887,4.2344

1020.7770,2.1437,2.6376,4.4286,4.9231,4.1200,8.2565,3.4400,3.6155,8.2565,4.2785

1021.7770,2.0820,2.2672,4.5521,5.1084,4.7375,8.1948,3.2547,3.6670,8.1948,4.3138

1022.7770,2.0820,2.0203,4.6756,4.6145,4.1818,8.3800,3.5017,3.5126,8.3800,4.2080

1023.7770,2.0203,2.3907,4.7991,4.6762,4.4905,8.0713,3.6252,3.6670,8.0713,4.2962

1024.7770,2.2672,2.2055,4.3669,4.2441,4.3670,8.2565,3.1313,3.4303,8.2565,4.1198

1025.7770,2.1437,2.0203,4.7373,4.5527,4.9844,8.4418,3.1930,3.6053,8.4418,4.2962

1026.7770,2.2054,2.0820,4.3052,4.5527,4.4905,8.1948,3.3782,3.5023,8.1948,4.1727

1027.7770,2.5141,2.1438,4.3669,4.3058,4.4905,8.3800,3.0695,3.4818,8.3800,4.1815

1028.7770,2.7610,2.1438,4.5521,4.6145,4.2435,8.3800,1.8964,3.3685,8.3800,4.0845

1029.7770,1.8351,2.0820,4.4904,4.3058,4.4905,8.9974,3.3782,3.4303,8.9974,4.2256

1030.7770,2.0820,2.2055,4.3669,4.4910,4.2435,8.4418,2.6991,3.3480,8.4418,4.0757

1031.7770,2.0820,2.3290,4.7373,4.1823,4.1818,8.1331,3.1930,3.4509,8.1331,4.1198

1032.7770,2.2672,2.0820,4.9226,4.5527,4.5522,8.0096,3.2547,3.6052,8.0096,4.2344

1033.7770,2.2672,1.8351,4.6756,4.6762,4.4287,8.3183,3.2547,3.5229,8.3183,4.2080

1034.7770,2.3289,2.1438,4.5521,4.3675,4.0583,8.3183,3.1930,3.4406,8.3183,4.1374

1035.7770,2.0203,1.8968,4.3669,4.4293,4.5522,8.0096,3.2547,3.4200,8.0096,4.0757

1036.7770,1.7116,2.2055,4.6756,4.5527,4.3670,7.8861,3.3165,3.4715,7.8861,4.1022

1037.7770,1.9585,2.3907,4.0582,4.4910,4.4287,8.1948,3.0695,3.3994,8.1948,4.0845

1038.7770,2.0820,2.2672,4.6139,4.5527,4.1200,8.3800,3.6252,3.5435,8.3800,4.2344

1039.7770,2.1437,2.3907,4.4904,5.1701,4.5522,8.1948,3.0695,3.6361,8.1948,4.2873

1040.7780,1.8968,2.2055,4.5521,4.5527,4.2435,8.3183,3.3782,3.4715,8.3183,4.1639

1041.7770,1.5882,2.2055,4.7991,4.3675,4.5522,8.1948,3.8721,3.5641,8.1948,4.2256

1042.7770,2.4523,2.2672,4.6139,4.4910,4.7992,8.1948,3.0078,3.6052,8.1948,4.2609

1043.7770,1.8968,2.2055,4.4286,4.4910,4.5522,8.5652,3.2547,3.4715,8.5652,4.1992

1044.7770,2.0203,2.0203,4.4904,4.7379,4.3053,8.2565,3.3782,3.4921,8.2565,4.1727

1045.7770,2.2672,2.3290,5.4165,4.6145,4.4287,8.1948,3.0078,3.6773,8.1948,4.3226

1046.7770,2.0203,0.9708,4.8608,4.1823,4.4287,8.6270,3.3165,3.2966,8.6270,4.0581

1047.7770,2.2672,2.0203,4.4286,4.6145,4.6757,8.0713,3.3165,3.5538,8.0713,4.1992

1048.7770,2.1437,2.2672,4.7373,4.6762,4.3670,7.8861,2.9460,3.5229,7.8861,4.1462

1049.7770,1.9585,2.0820,4.5521,4.7379,3.9348,9.3061,2.5756,3.3068,9.3061,4.1639

1050.7770,2.2054,2.3290,4.5521,4.7997,4.1818,8.5652,3.1930,3.5435,8.5652,4.2609

1051.7770,2.2054,2.1438,4.7373,4.3675,4.8610,8.1331,3.1930,3.5847,8.1331,4.2344

1052.7770,2.3289,1.8968,4.4286,4.6145,4.2435,8.2565,3.1313,3.4406,8.2565,4.1286

1053.7780,2.1437,2.2055,4.9226,4.5527,4.4287,8.0096,3.3782,3.6052,8.0096,4.2344

1054.7770,1.5264,3.0081,4.4904,4.4910,4.3670,8.2565,3.3165,3.5332,8.2565,4.2080

1055.7770,2.1437,2.1438,4.4286,4.7379,4.2435,8.0096,3.3782,3.5126,8.0096,4.1551

1056.7770,1.9585,2.0820,4.7991,4.4293,4.4287,8.4418,3.5017,3.5332,8.4418,4.2344

1057.7770,2.0820,2.1438,3.9965,4.5527,4.6140,8.1331,3.3782,3.4612,8.1331,4.1286

1058.7770,2.4523,2.3290,4.2434,4.3675,4.4287,8.4418,3.0078,3.4715,8.4418,4.1815

1059.7770,2.1437,2.2055,3.3173,4.4293,4.3670,8.3800,3.5017,3.3274,8.3800,4.0492

1060.7770,1.8968,1.9585,4.5521,3.3180,3.8731,8.6270,3.5017,3.1834,8.6270,3.9610

1061.7770,1.8968,2.0203,4.5521,4.6762,4.3053,8.2565,3.3165,3.4612,8.2565,4.1462

1062.7770,2.4523,2.1438,4.3669,4.4293,4.2435,8.3800,2.7608,3.3994,8.3800,4.1109

1063.7770,2.2672,2.2672,4.7373,4.7379,3.9348,8.7504,3.0695,3.5023,8.7504,4.2521

1064.7770,2.6375,2.5142,4.6139,4.3058,4.3053,8.2565,3.3165,3.6155,8.2565,4.2785

1065.7770,1.9585,2.2055,4.7373,4.0589,4.4905,8.5652,3.0078,3.4097,8.5652,4.1462

1066.7770,1.8351,2.2055,4.3669,4.4293,4.2435,8.1948,3.3782,3.4097,8.1948,4.0933

1067.7770,1.8968,2.4524,4.1817,4.6145,4.4905,8.5652,3.2547,3.4818,8.5652,4.2080

1068.7770,1.5882,1.5881,4.9843,4.4293,4.6757,7.8244,3.1313,3.3995,7.8244,4.0316

1069.7770,1.7733,2.3290,4.5521,5.0466,4.3053,8.0096,3.2547,3.5435,8.0096,4.1815

1070.7770,2.0203,2.2055,4.4286,4.5527,4.4287,8.6270,3.5017,3.5229,8.6270,4.2521

1071.7770,2.5141,2.2055,4.4286,4.4293,4.4287,8.4418,2.6991,3.4509,8.4418,4.1639

1072.7770,2.5758,2.2055,4.8608,4.2441,4.3670,8.1331,3.3165,3.5949,8.1331,4.2432

1073.7770,2.0820,1.7116,4.2434,4.7997,4.1818,7.9479,3.1930,3.3686,7.9479,4.0228

1074.7770,2.0820,2.2055,5.2930,5.4788,3.5643,8.4418,3.0078,3.6052,8.4418,4.2962

1075.7770,2.3289,2.3907,5.1695,4.6762,4.2435,8.3183,3.3165,3.6876,8.3183,4.3491

1076.7770,2.0820,1.7116,4.6756,4.4910,4.3053,8.4418,4.4278,3.6155,8.4418,4.3050

1077.7770,2.3289,2.0820,3.6878,5.0466,4.3670,8.4418,2.7608,3.3788,8.4418,4.1021

1078.7770,1.9585,2.6376,4.7373,4.6145,2.6382,8.6270,3.0695,3.2760,8.6270,4.0404

1079.7770,2.1437,1.8968,4.4904,4.5527,4.1200,8.3800,3.5017,3.4509,8.3800,4.1551

1080.7770,3.3783,2.3907,4.1199,4.4910,4.1200,8.5035,3.3782,3.6464,8.5035,4.3402

1081.7770,1.9585,2.0203,4.4286,4.3675,4.4905,8.3800,3.6869,3.4921,8.3800,4.1903

1082.7780,2.2054,2.2055,4.9226,4.6145,4.3670,8.3800,3.1313,3.5744,8.3800,4.2609

1083.7770,1.5264,2.0203,4.6756,5.5405,4.5522,8.3800,3.4400,3.6258,8.3800,4.3050

1084.7770,1.7116,2.4524,4.7373,4.8614,4.6757,8.3183,4.3661,3.8008,8.3183,4.4461

1085.7770,1.6499,2.3290,4.7373,4.9231,4.3670,8.0713,3.9956,3.6670,8.0713,4.2962

1086.7770,1.8968,2.2672,4.4286,4.8614,3.8731,8.2565,4.3661,3.6155,8.2565,4.2785

1087.7770,2.7610,1.7116,5.1078,4.4910,4.4905,7.8861,3.5634,3.6876,7.8861,4.2873

1088.7770,2.3906,2.5759,4.7991,4.4293,4.9227,8.1948,3.0695,3.6978,8.1948,4.3403

1089.7770,2.2054,2.3290,4.9226,4.4910,4.4905,8.2565,3.1930,3.6052,8.2565,4.2697

1090.7770,2.4523,2.0820,4.7991,4.5527,4.4905,8.0096,3.2547,3.6052,8.0096,4.2344

1091.7780,1.7116,2.1438,4.6756,4.4293,4.4905,7.5775,3.6869,3.5229,7.5775,4.1022

1092.7770,2.2054,3.4402,3.8112,4.4293,4.0583,8.4418,2.6991,3.4406,8.4418,4.1550

1093.7770,2.0820,2.2055,4.6139,4.5527,3.9965,8.7504,3.0078,3.4097,8.7504,4.1727

1094.7770,2.2054,2.3907,4.8608,4.6145,4.7992,8.2565,3.0695,3.6567,8.2565,4.3138

1095.7780,2.3289,1.6499,4.4904,4.4910,3.6878,8.0096,3.2547,3.3171,8.0096,3.9875

1096.7770,1.8351,2.3290,4.3669,4.5527,4.1200,8.4418,3.3782,3.4303,8.4418,4.1462

1097.7770,1.8351,2.0820,4.7991,4.3058,4.5522,8.4418,3.4400,3.5024,8.4418,4.2080

1098.7770,2.0203,2.1438,4.1199,4.3675,4.6757,8.2565,3.3782,3.4509,8.2565,4.1374

1099.7770,1.9585,2.0203,4.6139,4.3058,4.4287,8.3183,3.5634,3.4818,8.3183,4.1727

1100.7770,2.4523,1.7733,4.5521,4.6145,4.7375,8.5652,3.8104,3.6567,8.5652,4.3579

1101.7770,2.3289,1.7733,4.6139,4.2441,4.6757,8.2565,3.6869,3.5538,8.2565,4.2256

1102.7770,2.1437,2.6994,4.9843,4.3675,4.4905,8.1948,3.3165,3.6670,8.1948,4.3138

1103.7770,1.8351,2.2055,4.6139,5.1084,4.6140,8.1948,3.0078,3.5641,8.1948,4.2256

1104.7770,2.0820,2.2055,4.1199,4.2441,4.3670,8.1948,3.0695,3.3480,8.1948,4.0404

1105.7770,2.0820,1.7116,4.3052,4.4910,4.5522,7.8861,3.1930,3.3892,7.8861,4.0316

1106.7770,1.5882,2.0203,4.3052,4.6762,3.9965,8.2565,3.1930,3.2966,8.2565,4.0051

1107.7770,2.2672,1.8968,4.7373,4.6145,4.4905,8.1948,3.0695,3.5126,8.1948,4.1815

1108.7770,2.6993,1.9585,4.8608,4.2441,4.4287,8.1948,2.8225,3.5023,8.1948,4.1727

1109.7770,2.3289,2.2672,4.4286,4.2441,4.4287,7.8861,3.3165,3.5023,7.8861,4.1286

1110.7770,2.2054,2.9463,4.9843,4.5527,4.8610,7.9479,3.0695,3.7699,7.9479,4.3667

1111.7770,2.0203,1.9585,4.4904,3.8737,3.4409,8.6887,3.2547,3.1731,8.6887,3.9610

1112.7780,1.7733,2.2672,4.4286,4.6145,4.2435,8.5652,3.3165,3.4406,8.5652,4.1727

1113.7770,2.0820,2.6376,4.7373,4.6145,4.3053,8.1331,3.4400,3.6361,8.1331,4.2785

1114.7770,1.7733,2.1438,4.7373,4.5527,4.9844,7.6392,3.5634,3.6258,7.6392,4.1992

1115.7770,2.1437,2.5759,3.9347,4.6145,4.3053,7.8861,3.1930,3.4612,7.8861,4.0933

1116.7780,2.2672,2.2055,4.6139,4.7379,4.0583,8.0713,2.9460,3.4715,8.0713,4.1286

1117.7770,2.3289,2.2055,4.4286,4.2441,4.1818,8.1331,3.1313,3.4200,8.1331,4.0933

1118.7770,1.9585,2.3907,4.6139,4.3058,4.3053,8.1948,3.3165,3.4818,8.1948,4.1551

1119.7770,1.9585,2.2672,4.4904,4.6762,4.1818,8.3183,3.2547,3.4715,8.3183,4.1639

1120.7770,2.2054,2.2055,4.4904,4.6145,4.6140,8.0096,3.3165,3.5744,8.0096,4.2080

1121.7780,1.8968,2.0820,4.5521,4.5527,3.9965,8.9356,3.1313,3.3686,8.9356,4.1639

1122.7770,2.2672,2.5142,4.7373,4.6762,4.3053,8.2565,3.3782,3.6464,8.2565,4.3050

1123.7770,2.1437,2.4524,4.5521,4.5527,4.2435,8.2565,2.6991,3.4406,8.2565,4.1286

1124.7770,2.3289,1.8351,4.6139,4.6145,5.1079,8.0096,3.3165,3.6361,8.0096,4.2609

1125.7770,2.1437,1.8968,4.6756,4.2441,4.4287,8.1331,3.2547,3.4406,8.1331,4.1110

1126.7770,2.4523,1.9585,4.4904,4.5527,4.4905,8.5035,3.2547,3.5332,8.5035,4.2432

1127.7770,2.0820,2.4524,4.7991,4.6145,4.5522,8.3183,3.3165,3.6361,8.3183,4.3050

1128.7770,1.9585,1.8968,4.4904,4.5527,4.0583,8.3183,3.5634,3.4200,8.3183,4.1198

1129.7770,2.0203,2.0820,4.5521,5.1701,3.9348,8.6887,3.2547,3.5023,8.6887,4.2432

1130.7770,2.0203,2.3290,4.1817,4.7379,6.0958,8.1331,3.3165,3.7802,8.1331,4.4020

1131.7770,2.2672,2.1438,4.4286,3.8737,4.4905,8.3183,3.1313,3.3892,8.3183,4.0933

1132.7770,2.0203,2.2672,4.6756,5.1084,4.7992,8.0713,2.9460,3.6361,8.0713,4.2697

1133.7770,1.4030,2.3290,4.4904,4.7997,4.7992,8.0713,3.2547,3.5127,8.0713,4.1639

1134.7770,2.1437,1.8351,4.9226,4.6145,4.3670,8.3183,3.3165,3.5332,8.3183,4.2168

1135.7770,2.0820,2.2055,4.4904,4.5527,4.0583,8.1948,3.5634,3.4921,8.1948,4.1639

1136.7770,2.0203,2.6994,4.3052,4.3675,4.6140,8.2565,3.3782,3.5641,8.2565,4.2344

1137.7770,2.1437,2.1438,4.3669,4.7997,4.8610,8.4418,3.7487,3.6773,8.4418,4.3579

1138.7770,2.3289,2.2055,4.3052,4.4910,4.6140,7.8244,3.2547,3.5332,7.8244,4.1462

1139.7770,2.0820,1.9585,5.0460,4.4910,4.3670,8.2565,3.1930,3.5229,8.2565,4.1992

1140.7770,1.8351,2.3290,5.8487,4.6762,4.3670,8.1331,3.2547,3.7184,8.1331,4.3491

1141.7770,2.2054,2.8846,4.9843,4.6762,4.2435,8.1331,3.3782,3.7287,8.1331,4.3579

1142.7770,2.2054,2.5759,4.5521,4.4293,4.5522,8.1948,2.8843,3.5332,8.1948,4.1992

1143.7770,1.8968,2.0203,4.7373,4.9231,4.6140,8.1948,3.4400,3.6053,8.1948,4.2609

1144.7770,2.0203,2.0820,4.6139,4.7379,4.7375,8.6887,3.1930,3.5641,8.6887,4.2962

1145.7770,1.7733,2.3290,4.8608,4.7379,4.4287,8.2565,3.2547,3.5641,8.2565,4.2344

1146.7770,2.0820,1.7733,4.3669,4.7379,4.3053,7.8861,3.1313,3.3994,7.8861,4.0404

1147.7770,2.2054,2.5142,4.5521,4.6145,4.4905,8.1948,2.3904,3.4612,8.1948,4.1374

1148.7770,2.1437,1.6499,4.4286,4.6145,4.3670,8.3183,3.3165,3.4200,8.3183,4.1198

1149.7780,2.0203,2.1438,4.2434,4.7997,4.4905,8.3800,3.2547,3.4921,8.3800,4.1903

1150.7780,2.2672,1.8968,4.7373,4.7379,4.4905,8.3183,2.7608,3.4818,8.3183,4.1727

1151.7770,2.1437,1.7733,4.4904,4.3058,4.6757,7.9479,3.3165,3.4509,7.9479,4.0933

1152.7770,2.0203,2.4524,4.6139,4.6145,3.0704,7.8244,3.3782,3.3583,7.8244,3.9963

1153.7770,2.2672,2.5759,4.7991,4.5527,5.2932,7.7627,3.1930,3.7802,7.7627,4.3491

1154.7770,2.4523,2.4524,4.6756,4.4293,4.1818,8.3183,2.6991,3.4818,8.3183,4.1727

1155.7770,2.3906,2.2672,5.0460,4.6145,4.3670,7.8861,3.0695,3.6258,7.8861,4.2344

1156.7770,2.3906,1.7116,5.1078,4.3675,4.3670,8.3183,3.1313,3.5126,8.3183,4.1992

1157.7770,1.9585,2.2672,4.4904,4.6145,4.4287,8.6887,3.2547,3.5023,8.6887,4.2433

1158.7770,1.7116,2.3907,4.3669,4.6145,4.4287,8.1948,3.1930,3.4509,8.1948,4.1286

1159.7770,2.1437,1.8351,4.6139,4.4910,4.4287,8.2565,3.6252,3.5229,8.2565,4.1992

1160.7770,2.2672,1.5881,4.7991,4.4293,4.3670,8.3183,3.2547,3.4509,8.3183,4.1462

1161.7770,1.8968,2.0820,4.6139,4.4293,4.2435,8.0713,3.4400,3.4509,8.0713,4.1110

1162.7770,2.0820,2.0820,4.6139,4.4293,3.8113,8.0096,3.5634,3.4303,8.0096,4.0845

1163.7770,0.6622,2.6376,4.4904,5.1084,4.1200,8.6270,3.3782,3.3995,8.6270,4.1463

1164.7770,2.1437,2.2055,4.3052,4.7997,5.4166,8.4418,3.0695,3.6567,8.4418,4.3403

1165.7770,2.3289,2.0203,4.9843,4.4910,4.8610,8.3800,3.0695,3.6258,8.3800,4.3050

1166.7770,2.7610,2.5759,4.4904,4.4910,4.3053,7.9479,3.1930,3.6361,7.9479,4.2521

1167.7770,2.4523,1.7733,4.5521,4.7379,4.3053,8.5652,3.3782,3.5332,8.5652,4.2521

1168.7780,2.4523,2.6376,4.8608,4.5527,4.4287,8.3800,3.2547,3.6978,8.3800,4.3667

1169.7770,2.2054,1.8351,4.3052,4.3675,4.6140,7.2688,3.5634,3.4818,7.2688,4.0228

1170.7780,1.9585,2.0203,4.4286,5.0466,4.1818,8.2565,3.3165,3.4921,8.2565,4.1727

1171.7780,1.9585,2.3907,5.6635,4.8614,4.4287,7.8244,3.4400,3.7905,7.8244,4.3667

1172.7770,1.9585,2.1438,4.7991,4.5527,4.7375,8.3183,3.1313,3.5538,8.3183,4.2344

1173.7770,2.0203,2.6376,4.5521,5.0466,4.4287,8.1331,2.7608,3.5744,8.1331,4.2256

1174.7770,2.3289,2.2672,4.4286,4.9849,4.1200,8.1331,3.3782,3.5846,8.1331,4.2344

1175.7770,1.8968,2.2055,4.5521,4.4293,4.6757,8.4418,3.3165,3.5126,8.4418,4.2168

1176.7770,2.3906,2.3907,4.3669,4.9231,4.3053,8.1948,3.1313,3.5846,8.1948,4.2432

1177.7770,2.8227,1.5264,4.7991,4.3058,4.4905,8.2565,3.5634,3.5847,8.2565,4.2521

1178.7780,2.1437,2.3290,4.7991,4.5527,4.1818,8.2565,3.0078,3.5023,8.2565,4.1815

1179.7770,2.3906,2.3290,4.6139,4.7379,4.4287,8.4418,2.8843,3.5641,8.4418,4.2609

1180.7770,2.1437,-0.2022,4.7373,4.2441,4.4905,7.8244,3.1930,3.1011,7.8244,3.7758

1181.7770,1.9585,2.4524,5.0460,4.8614,4.1818,8.3183,3.0695,3.5950,8.3183,4.2697

1182.7770,2.0203,2.1438,3.8730,4.4293,4.6140,8.0096,3.4400,3.4200,8.0096,4.0757

1183.7770,1.7116,2.8228,4.2434,4.4293,4.3670,8.2565,3.3782,3.4921,8.2565,4.1727

1184.7770,2.3289,2.2055,4.8608,4.7997,4.2435,8.0096,2.8843,3.5538,8.0096,4.1903

1185.7770,1.9585,2.2055,4.5521,4.5527,4.4287,8.8122,3.4400,3.5229,8.8122,4.2785

1186.7770,2.1437,2.0203,4.4904,4.3675,4.5522,7.7627,3.2547,3.4715,7.7627,4.0845

1187.7770,2.2054,2.6994,4.6139,4.3058,4.4287,8.0713,3.2547,3.5847,8.0713,4.2256

1188.7770,2.5141,2.2672,4.3669,4.8614,3.6261,8.6887,2.6373,3.3788,8.6887,4.1374

1189.7770,1.6499,2.0820,3.8112,3.9354,4.9844,8.2565,3.0695,3.2554,8.2565,3.9699

1190.7770,2.0203,2.2672,4.6139,4.9231,4.6140,7.9479,3.1930,3.6052,7.9479,4.2256

1191.7770,2.2054,2.6994,4.8608,4.4910,4.3053,8.1331,3.4400,3.6670,8.1331,4.3050

1192.7770,2.2054,2.5759,4.9843,4.6145,4.3053,7.2688,3.6252,3.7184,7.2688,4.2256

1193.7770,2.0820,2.1438,4.6756,3.8119,4.7375,8.0096,3.1313,3.4303,8.0096,4.0845

1194.7770,2.1437,2.5142,4.4904,4.6145,4.5522,8.3183,3.6869,3.6670,8.3183,4.3315

1195.7770,2.0203,2.3907,4.3052,4.6145,4.6140,8.1331,3.3165,3.5435,8.1331,4.1992

1196.7770,1.9585,2.3290,4.3052,4.9849,4.3670,8.2565,3.3782,3.5538,8.2565,4.2256

1197.7770,2.0820,2.0820,4.5521,4.4910,4.5522,8.4418,3.6252,3.5641,8.4418,4.2609

1198.7770,2.3289,2.2672,4.8608,4.6145,4.3670,8.3183,3.3165,3.6258,8.3183,4.2962

1199.7770,2.3906,2.3290,4.4286,4.2441,4.0583,8.5652,3.1313,3.4303,8.5652,4.1639

1200.7770,2.2054,1.5264,4.5521,4.6762,4.3053,7.9479,3.3782,3.4406,7.9479,4.0845

1201.7770,1.9585,2.8228,4.3052,4.5527,4.1200,8.2565,3.1313,3.4818,8.2565,4.1639

1202.7770,2.0203,2.3290,4.7373,4.4293,4.1818,8.0713,3.3165,3.5023,8.0713,4.1551

1203.7770,2.1437,2.3907,4.7373,4.6145,5.1079,8.2565,3.1313,3.6876,8.2565,4.3403

1204.7770,1.8351,2.2672,4.4904,4.7379,4.4905,8.5652,3.5634,3.5641,8.5652,4.2785

1205.7770,1.8968,2.1438,4.8608,4.1823,4.7375,8.8122,3.5017,3.5538,8.8122,4.3050

1206.7770,2.0820,2.1438,4.5521,4.4910,4.5522,8.2565,3.6252,3.5744,8.2565,4.2433

1207.7770,2.1437,1.8968,4.6756,4.7379,4.4287,8.1948,2.8225,3.4509,8.1948,4.1286

1208.7770,2.2054,2.3907,4.7373,4.6762,4.4287,8.0713,3.7487,3.6978,8.0713,4.3226

1209.7770,1.8968,2.1438,4.3052,4.6762,4.5522,8.5035,3.3782,3.4921,8.5035,4.2080

1210.7770,2.2672,2.2055,5.2930,4.6762,4.3053,8.0096,3.2547,3.6670,8.0096,4.2874

1211.7770,2.2672,2.5759,4.8608,4.3675,4.3670,8.3800,3.3165,3.6258,8.3800,4.3050

1212.7770,1.8351,2.2055,4.3669,4.6145,4.2435,8.5652,3.3782,3.4406,8.5652,4.1727

1213.7770,1.9585,2.1438,4.4286,4.4910,3.9348,8.1948,3.5017,3.4097,8.1948,4.0933

1214.7780,2.0203,1.9585,4.7373,4.4910,4.1200,8.3183,4.3043,3.6053,8.3183,4.2785

1215.7770,2.2054,2.0820,5.1078,4.3675,4.3053,8.1331,3.1313,3.5332,8.1331,4.1903

1216.7770,2.2054,1.8968,4.6756,5.1701,4.7375,8.1331,2.8843,3.5949,8.1331,4.2433

1217.7770,2.0820,2.2672,4.5521,4.6762,4.3670,8.4418,3.1930,3.5229,8.4418,4.2256

1218.7770,1.8968,2.4524,4.3052,4.9849,4.3053,7.8244,3.1930,3.5229,7.8244,4.1374

1219.7770,2.3289,2.2672,4.6139,4.1823,4.3670,8.2565,3.3165,3.5126,8.2565,4.1903

1220.7770,2.1437,2.6994,4.6756,4.4910,4.6757,8.0713,3.3165,3.6670,8.0713,4.2962

1221.7770,1.8351,2.1438,4.3669,4.7997,3.9965,8.1948,3.3165,3.4097,8.1948,4.0933

1222.7770,1.9585,2.2055,4.4904,4.7997,4.3670,8.5652,3.2547,3.5126,8.5652,4.2344

1223.7770,2.2672,2.1438,4.4286,4.4910,4.6757,8.3800,3.3165,3.5538,8.3800,4.2433

1224.7770,2.1437,2.1438,5.1078,4.7379,4.1818,7.8861,3.1930,3.5847,7.8861,4.1992

1225.7770,2.0203,2.5759,4.7373,4.4293,4.4287,8.2565,3.2547,3.5744,8.2565,4.2433

1226.7770,1.6499,2.4524,4.6756,4.9849,4.4905,8.1948,3.0078,3.5435,8.1948,4.2080

1227.7770,2.1437,1.7733,4.6756,3.9971,4.7375,7.9479,3.1313,3.4097,7.9479,4.0581

1228.7770,2.1437,2.2055,4.1199,4.3675,5.6636,7.8861,3.3782,3.6464,7.8861,4.2521

1229.7770,2.1437,2.1438,4.4286,4.5527,4.4905,7.8861,3.4400,3.5332,7.8861,4.1551

1230.7770,2.2054,2.2055,4.4904,4.3675,4.6757,7.8244,2.9460,3.4818,7.8244,4.1021

1231.7770,1.5882,2.3290,4.7991,4.6145,4.6757,8.0713,3.0695,3.5127,8.0713,4.1639

1232.7770,2.3906,2.3907,4.5521,4.8614,4.2435,8.2565,3.4400,3.6464,8.2565,4.3050

1233.7780,3.5634,2.9463,4.7991,4.7379,4.4287,8.2565,3.0695,3.9242,8.2565,4.5431

1234.7770,2.5758,2.2672,4.5521,4.5527,4.4905,8.3183,3.0695,3.5846,8.3183,4.2609

1235.7780,2.1437,2.0820,4.6139,4.1206,4.9227,8.0096,3.0695,3.4921,8.0096,4.1374

1236.7780,2.2054,2.3290,5.1695,4.8614,3.8731,7.4540,3.3782,3.6361,7.4540,4.1815

1237.7770,2.2672,1.9585,5.6017,3.6885,4.4905,7.7627,3.1930,3.5332,7.7627,4.1374

1238.7770,2.2054,2.2055,4.6756,4.5527,4.1818,8.0713,2.9460,3.4612,8.0713,4.1198

1239.7770,2.0203,2.3907,4.6139,4.9231,4.6757,8.1948,2.9460,3.5950,8.1948,4.2521

1240.7770,2.0203,2.3290,4.5521,4.8614,4.4905,8.0713,3.1930,3.5744,8.0713,4.2168

1241.7770,2.3289,2.3290,4.7373,4.0589,4.7992,8.1331,3.2547,3.5847,8.1331,4.2344

1242.7770,2.0820,2.3290,4.7991,4.9231,4.7992,8.2565,3.0695,3.6670,8.2565,4.3226

1243.7770,2.0820,1.2177,5.1078,4.2441,4.8610,8.0096,3.1930,3.4509,8.0096,4.1022

1244.7770,3.0696,2.0203,4.4904,4.5527,4.2435,8.0096,3.0078,3.5641,8.0096,4.1991

1245.7770,1.8968,2.2672,4.4904,4.3058,4.5522,8.3183,3.6252,3.5229,8.3183,4.2080

1246.7770,2.1437,2.1438,4.6756,4.0589,4.9227,7.9479,3.1930,3.5229,7.9479,4.1551

1247.7770,2.2054,2.2672,4.1199,4.7379,4.3053,8.1948,3.2547,3.4818,8.1948,4.1551

1248.7770,2.0203,2.2055,5.3548,4.6145,4.3670,8.0713,3.2547,3.6361,8.0713,4.2697

1249.7770,1.7733,2.0203,4.7373,4.3675,4.5522,7.7009,3.6869,3.5229,7.7009,4.1198

1250.7770,2.4523,2.3290,4.4904,4.6762,4.3053,8.1948,3.0078,3.5435,8.1948,4.2080

1251.7780,2.1437,2.6376,4.9226,4.5527,4.2435,8.0096,3.1930,3.6155,8.0096,4.2433

1252.7770,2.0203,2.2672,4.3052,4.6145,4.4905,8.6887,3.1930,3.4818,8.6887,4.2256

1253.7770,2.0203,2.1438,4.6756,4.3058,4.3670,8.2565,3.1930,3.4509,8.2565,4.1374

1254.7780,2.3289,2.3907,5.0460,4.7379,4.2435,8.1948,3.3165,3.6773,8.1948,4.3226

1255.7770,2.3289,2.4524,4.6756,4.4293,4.3670,8.2565,3.0695,3.5538,8.2565,4.2256

1256.7770,1.4647,1.8968,4.4286,4.7997,4.2435,8.4418,3.3165,3.3583,8.4418,4.0845

1257.7770,2.0820,2.3907,4.9843,4.3675,4.3670,8.0713,3.2547,3.5744,8.0713,4.2168

1258.7770,2.2672,3.1933,4.9226,4.5527,4.4905,8.2565,3.0695,3.7493,8.2565,4.3932

1259.7770,2.2054,1.8968,4.7373,4.5527,4.4287,8.0096,3.1313,3.4921,8.0096,4.1374

1260.7770,2.2672,2.0820,5.0460,4.3058,4.2435,8.1948,3.2547,3.5332,8.1948,4.1992

1261.7770,2.4523,2.2055,4.4286,4.5527,4.4287,7.7627,3.0078,3.5126,7.7627,4.1198

1262.7770,2.3289,2.0203,4.2434,4.6145,4.1818,8.0096,3.0078,3.3994,8.0096,4.0580

1263.7770,1.8351,2.3290,4.6139,5.1084,4.7375,8.0713,3.0695,3.6155,8.0713,4.2521

1264.7770,2.6993,2.6376,4.7373,4.3675,4.4287,8.2565,3.5634,3.7390,8.2565,4.3844

1265.7770,2.4523,1.9585,4.6139,4.6762,4.9844,8.5035,3.1313,3.6361,8.5035,4.3314

1266.7770,1.9585,2.2055,3.9347,4.3675,4.4905,8.0096,3.2547,3.3686,8.0096,4.0316

1267.7770,2.5758,2.6994,4.5521,4.6762,4.6757,7.8861,3.5017,3.7802,7.8861,4.3667

1268.7770,2.2672,2.3907,4.8608,4.6145,4.2435,8.1331,2.9460,3.5538,8.1331,4.2080

1269.7770,2.2054,2.2672,4.9226,4.4910,4.6757,8.2565,3.3782,3.6567,8.2565,4.3138

1270.7780,1.5882,1.9585,4.4904,4.4293,3.8113,8.3183,3.3165,3.2657,8.3183,3.9875

1271.7770,1.8351,3.3167,5.2313,3.9354,4.6140,8.1948,3.5634,3.7493,8.1948,4.3844

1272.7770,-0.2019,2.8846,4.4286,4.5527,4.7375,8.1948,2.9460,3.2246,8.1948,3.9346

1273.7770,2.0820,3.2550,5.2313,4.4910,4.3053,8.3800,3.3782,3.7905,8.3800,4.4461

1274.7770,2.5758,1.8351,3.8730,4.7997,4.0583,8.3800,2.9460,3.3480,8.3800,4.0668

1275.7770,2.6375,2.5142,4.4904,4.6145,4.9227,7.8861,2.7608,3.6567,7.8861,4.2609

1276.7770,2.2672,2.0203,4.5521,4.7379,4.4905,8.5035,3.4400,3.5847,8.5035,4.2874

1277.7770,2.2672,1.8968,4.3669,4.4910,4.5522,8.0096,3.3782,3.4921,8.0096,4.1374

1278.7770,2.0820,1.9585,4.7373,5.6022,5.4784,8.1948,3.1930,3.8419,8.1948,4.4638

1279.7770,2.3906,2.1438,4.1199,4.2441,4.0583,8.3183,2.8843,3.3068,8.3183,4.0227

1280.7770,2.0203,2.4524,4.4904,4.4293,4.3053,8.0096,3.4400,3.5229,8.0096,4.1639

1281.7770,1.9585,2.0820,4.6756,4.3058,4.5522,8.3183,3.0695,3.4406,8.3183,4.1374

1282.7770,2.3289,2.2055,4.4904,4.7997,4.1200,7.8861,3.1930,3.5229,7.8861,4.1462

1283.7770,2.2054,2.0820,4.6139,4.7997,4.8610,8.1948,3.1313,3.6155,8.1948,4.2697

1284.7770,2.2054,2.9463,4.6756,4.6762,4.3053,8.3183,3.2547,3.6773,8.3183,4.3403

1285.7770,1.8968,2.0820,4.4286,4.4293,4.3053,8.4418,3.0695,3.3686,8.4418,4.0933

1286.7770,1.7733,2.2055,4.6756,4.4910,4.6140,7.8861,3.5017,3.5435,7.8861,4.1639

1287.7770,2.4523,1.8968,4.3669,4.4293,4.3670,7.8861,3.4400,3.4920,7.8861,4.1198

1288.7770,2.2672,1.8351,4.7373,4.6762,4.4905,8.1948,3.1313,3.5229,8.1948,4.1903

1289.7770,2.0203,2.0820,4.6756,4.4293,4.3053,8.0713,3.5017,3.5024,8.0713,4.1551

1290.7770,2.3906,2.0820,4.5521,4.5527,4.3670,8.1948,3.4400,3.5641,8.1948,4.2256

1291.7770,2.3289,2.2672,5.0460,4.9231,4.3670,8.1331,3.3165,3.7081,8.1331,4.3403

1292.7770,1.9585,1.9585,4.8608,5.4788,4.6140,8.3183,3.3165,3.6979,8.3183,4.3579

1293.7770,1.9585,2.1438,4.6139,4.9231,4.2435,8.2565,3.8104,3.6155,8.2565,4.2785

1294.7770,2.2054,2.4524,4.5521,4.6145,4.4905,8.0713,3.0695,3.5641,8.0713,4.2080

1295.7770,2.0820,2.5142,4.9226,4.3058,4.6757,8.1331,3.5017,3.6670,8.1331,4.3050

1296.7770,2.3289,2.3907,4.4904,4.8614,4.3670,8.1948,2.9460,3.5641,8.1948,4.2256

1297.7770,2.0820,2.5142,4.3669,4.6762,4.3670,8.1331,2.7608,3.4612,8.1331,4.1286

1298.7770,1.5882,2.3290,4.6756,4.5527,4.4905,8.1331,3.2547,3.4818,8.1331,4.1463

1299.7770,2.1437,2.0203,4.3052,4.5527,4.4905,7.8244,3.3782,3.4818,7.8244,4.1021

1300.7770,1.9585,2.2672,4.8608,4.6145,4.1818,8.0713,3.1313,3.5023,8.0713,4.1551

1301.7770,2.1437,3.0698,4.7373,4.4910,4.4905,8.1331,2.8225,3.6258,8.1331,4.2697

1302.7770,1.8968,2.2672,4.5521,4.7379,4.4905,8.5652,3.3782,3.5538,8.5652,4.2697

1303.7770,1.8968,2.2055,4.4904,5.2318,3.7496,8.3800,3.3782,3.4920,8.3800,4.1903

1304.7770,2.2054,2.4524,4.4904,4.6762,4.4287,8.0096,3.5634,3.6361,8.0096,4.2609

1305.7770,1.8351,2.2672,4.6139,4.9849,4.2435,8.1948,3.3782,3.5538,8.1948,4.2168

1306.7780,2.1437,1.8968,4.6756,4.4293,4.7992,8.0713,3.1313,3.5126,8.0713,4.1639

1307.7770,2.0820,2.2055,4.3669,4.4293,4.3670,8.1948,3.1930,3.4406,8.1948,4.1198

1308.7780,2.0820,2.0820,4.7373,4.5527,4.8610,8.1948,3.1313,3.5744,8.1948,4.2344

1309.7770,2.0820,1.9585,3.7495,4.0589,4.4905,8.2565,3.5017,3.3068,8.2565,4.0139

1310.7770,2.2054,2.2055,4.4286,4.5527,4.0583,8.3800,2.9460,3.3994,8.3800,4.1110

1311.7770,1.5264,2.2055,4.7991,4.5527,4.6140,8.3183,3.3165,3.5024,8.3183,4.1904

1312.7770,2.2672,2.2672,4.6139,4.4910,4.6140,8.0713,3.1313,3.5641,8.0713,4.2080

1313.7780,2.1437,2.0203,4.4904,4.4293,4.6140,8.3800,3.6252,3.5538,8.3800,4.2433

1314.7770,2.2054,2.1438,4.4904,4.0589,4.5522,8.3183,3.2547,3.4509,8.3183,4.1462

1315.7770,2.1437,2.4524,4.8608,4.4293,3.3174,8.3183,3.1930,3.3994,8.3183,4.1021

1316.7770,1.8968,2.0203,4.4286,4.6762,4.0583,8.1948,3.3782,3.4097,8.1948,4.0933

1317.7770,2.2054,2.5759,4.4286,4.4910,4.6140,8.2565,3.6869,3.6670,8.2565,4.3226

1318.7770,2.2672,1.7733,4.6756,4.7379,4.4905,8.3800,2.9460,3.4818,8.3800,4.1815

1319.7770,2.6375,2.4524,4.2434,4.6762,4.8610,7.9479,2.8225,3.6155,7.9479,4.2344

1320.7770,1.4030,1.4647,5.1695,4.2441,4.5522,8.3800,4.6130,3.5744,8.3800,4.2609

1321.7770,2.1437,2.4524,5.1078,4.2441,4.3053,8.3183,3.6869,3.6567,8.3183,4.3226

1322.7780,2.0820,1.9585,4.5521,4.2441,4.3670,7.9479,3.5017,3.4509,7.9479,4.0933

1323.7770,2.0820,2.5142,4.6139,4.9231,4.6140,8.2565,2.8843,3.6052,8.2565,4.2697

1324.7770,1.8968,2.3290,4.5521,4.4910,4.6757,8.9356,3.9339,3.6464,8.9356,4.4020

1325.7780,1.8968,2.6376,4.2434,4.3058,4.4287,8.1948,3.3165,3.4715,8.1948,4.1462

1326.7770,1.8968,2.2672,4.7373,4.3675,4.4905,8.1331,3.5017,3.5435,8.1331,4.1992

1327.7770,2.2054,1.2794,4.4904,4.3058,4.2435,8.3800,2.9460,3.2451,8.3800,3.9787

1328.7770,0.7857,2.5759,4.9226,4.6145,4.3053,8.1948,3.2547,3.4098,8.1948,4.0934

1329.7770,2.0203,2.0820,3.9965,4.3675,4.5522,8.1948,3.4400,3.4097,8.1948,4.0933

1330.7770,2.2054,2.3290,4.5521,4.7379,4.1818,8.1331,3.1313,3.5229,8.1331,4.1815

1331.7770,2.0820,2.1438,4.7991,4.2441,4.3053,8.1948,3.3165,3.4818,8.1948,4.1551

1332.7770,2.8844,2.4524,4.4286,4.6762,4.3053,8.7504,3.4400,3.6978,8.7504,4.4196

1333.7780,2.2054,2.0820,4.6756,4.0589,4.7992,8.0713,3.1930,3.5024,8.0713,4.1551

1334.7770,2.2054,2.9463,4.6756,4.6145,4.3053,8.3800,3.0695,3.6361,8.3800,4.3138

1335.7770,2.1437,2.2055,4.4286,4.4910,4.7375,7.8861,3.2547,3.5435,7.8861,4.1639

1336.7770,2.2054,1.9585,4.3669,4.6145,4.3670,8.3183,3.1930,3.4509,8.3183,4.1462

1337.7770,1.9585,2.6994,4.4904,4.4293,4.6140,8.1948,3.1930,3.5641,8.1948,4.2256

1338.7780,2.0820,2.1438,4.4904,4.4293,4.2435,8.4418,3.3782,3.4612,8.4418,4.1727

1339.7770,2.2054,2.2672,4.8608,4.3058,4.5522,8.0096,2.9460,3.5229,8.0096,4.1639

1340.7770,2.0203,2.0203,4.6139,4.5527,4.5522,7.8861,3.8721,3.6053,7.8861,4.2168

1341.7770,2.0820,2.0203,4.9226,4.4910,4.1200,8.0096,3.1313,3.4612,8.0096,4.1110

1342.7770,2.0203,3.0081,4.6756,4.4910,4.2435,8.1948,3.2547,3.6155,8.1948,4.2697

1343.7770,2.5141,2.2672,2.6999,4.7997,3.7496,8.5035,3.0695,3.1833,8.5035,3.9434

1344.7770,2.5141,2.1438,4.4286,4.4910,4.4905,8.3183,2.9460,3.5023,8.3183,4.1903

1345.7770,2.8844,2.5142,4.3669,4.5527,4.3670,8.0096,3.1313,3.6361,8.0096,4.2609

1346.7770,1.9585,1.9585,4.9226,4.2441,4.4905,8.1331,3.7487,3.5538,8.1331,4.2080

1347.7770,2.2054,1.8351,4.7991,5.3553,4.6757,8.2565,2.8843,3.6258,8.2565,4.2873

1348.7770,2.1437,2.5142,4.7373,4.5527,4.6757,8.3183,3.3165,3.6567,8.3183,4.3226

1349.7780,2.1437,1.7116,4.7373,4.7379,3.8731,8.0096,3.3782,3.4303,8.0096,4.0845

1350.7780,2.0203,2.0203,4.5521,4.4293,4.2435,8.4418,3.5017,3.4612,8.4418,4.1727

1351.7770,1.7733,1.9585,4.3669,4.6145,4.1200,8.2565,3.2547,3.3480,8.2565,4.0492

1352.7770,2.3289,2.1438,5.2313,4.4910,4.1818,7.9479,3.1930,3.5949,7.9479,4.2168

1353.7770,2.5758,2.0203,4.3669,4.5527,4.3053,8.1948,3.0695,3.4818,8.1948,4.1550

1354.7770,2.2054,1.9585,4.6756,4.5527,4.9227,8.3183,3.2547,3.5950,8.3183,4.2697

1355.7770,2.1437,2.2055,4.1199,5.1084,4.3053,8.0713,3.3165,3.5332,8.0713,4.1815

1356.7780,2.1437,2.0203,4.6139,4.4293,4.4287,7.8861,3.5017,3.5229,7.8861,4.1462

1357.7780,2.2054,2.0203,4.4286,4.4293,4.6140,7.8244,3.4400,3.5229,7.8244,4.1374

1358.7770,2.2054,2.2672,4.7373,4.7379,3.9965,8.5035,3.0078,3.4920,8.5035,4.2080

1359.7770,1.9585,2.2672,4.6139,4.8614,4.4287,8.1948,3.2547,3.5641,8.1948,4.2256

1360.7770,1.8968,2.2672,4.5521,4.6145,4.6757,8.1948,3.0695,3.5126,8.1948,4.1815

1361.7770,2.0820,2.1438,5.2930,4.5527,4.4905,8.0096,3.2547,3.6361,8.0096,4.2609

1362.7770,2.0203,2.2055,4.6139,4.5527,4.3670,8.5035,3.3165,3.5126,8.5035,4.2256

1363.7770,2.2054,2.2055,4.4904,4.6145,4.1200,8.5652,3.1930,3.4715,8.5652,4.1991

1364.7770,1.9585,2.4524,4.6756,4.7379,4.3670,8.7504,3.3165,3.5847,8.7504,4.3226

1365.7770,2.2054,1.8968,3.7495,4.7997,4.1200,8.3800,3.3165,3.3480,8.3800,4.0669

1366.7770,2.0820,2.3290,4.7373,4.5527,4.4287,8.2565,3.5017,3.6052,8.2565,4.2697

1367.7780,2.0820,2.0820,4.5521,4.3058,4.3670,8.2565,3.1313,3.4200,8.2565,4.1110

1368.7770,2.2672,2.2672,4.3669,4.7379,4.0583,8.1948,3.3165,3.5023,8.1948,4.1727

1369.7770,2.0203,1.8968,4.6756,4.7997,4.1818,8.3800,3.1313,3.4509,8.3800,4.1551

1370.7770,1.8968,2.0203,4.4286,4.7379,4.1818,8.3183,3.8721,3.5229,8.3183,4.2080

1371.7770,2.2054,2.1438,4.1817,4.6145,4.3053,8.1331,3.3165,3.4612,8.1331,4.1286

1372.7770,1.9585,2.2672,4.4286,4.7997,4.4905,8.7504,3.6252,3.5950,8.7504,4.3315

1373.7770,1.9585,2.0820,4.3052,4.6145,3.8731,8.2565,3.5017,3.3892,8.2565,4.0845

1374.7770,1.8968,2.2672,4.7373,3.9971,4.4287,8.5035,3.1313,3.4097,8.5035,4.1374

1375.7770,2.3906,2.2055,4.6756,4.4293,4.2435,8.3183,3.1313,3.5126,8.3183,4.1991

1376.7770,1.8968,2.2672,4.1199,4.6145,4.4287,8.5652,3.0695,3.3995,8.5652,4.1374

1377.7770,2.8227,2.3290,4.5521,4.4910,4.6140,7.9479,3.1930,3.6670,7.9479,4.2785

1378.7780,2.0203,2.3290,4.3052,4.5527,4.6757,8.1948,3.6252,3.5847,8.1948,4.2433

1379.7770,1.8351,2.2672,4.4904,4.9231,4.3053,8.1948,3.2547,3.5126,8.1948,4.1815

1380.7770,2.2054,2.6376,4.7991,4.4293,4.8610,8.0713,3.1313,3.6773,8.0713,4.3050

1381.7770,1.9585,2.6994,4.4286,4.4910,4.3053,7.7627,3.6252,3.5847,7.7627,4.1815

1382.7770,2.2672,1.7733,4.8608,5.2936,4.7375,8.2565,2.8225,3.6258,8.2565,4.2873

1383.7770,1.9585,2.2672,4.3669,4.6762,4.5522,8.6270,3.5017,3.5538,8.6270,4.2785

1384.7770,2.0820,2.3290,6.1574,4.8614,4.1818,9.7382,3.1313,3.7905,9.7382,4.6401

1385.7770,2.6375,2.3907,4.7373,4.1823,4.6757,7.8861,3.1313,3.6258,7.8861,4.2344

1386.7770,2.2672,3.2550,4.2434,5.7874,4.5522,8.3800,3.3782,3.9139,8.3800,4.5519

1387.7770,2.0203,2.1438,4.4286,4.5527,4.4287,7.9479,3.3782,3.4921,7.9479,4.1286

1388.7770,2.0820,2.3907,4.6139,4.3058,4.1818,8.3800,3.4400,3.5023,8.3800,4.1992

1389.7770,2.0820,2.5142,4.7373,4.5527,4.0583,8.6270,3.1930,3.5229,8.6270,4.2521

1390.7770,2.2672,2.0820,4.7991,4.6145,4.8610,7.7627,3.2547,3.6464,7.7627,4.2344

1391.7770,1.8351,2.0820,4.5521,4.4910,4.4287,8.2565,3.2547,3.4406,8.2565,4.1286

1392.7770,1.8351,2.5142,4.7373,4.5527,4.4287,8.5035,3.0695,3.5229,8.5035,4.2344

1393.7770,2.0203,2.1438,4.3052,4.2441,4.6757,8.1331,3.3782,3.4612,8.1331,4.1286

1394.7770,2.7610,2.5759,4.5521,4.5527,4.4287,8.0096,3.3782,3.7081,8.0096,4.3226

1395.7770,2.0820,2.0820,4.3669,4.6145,4.4287,8.3800,3.5017,3.5126,8.3800,4.2080

1396.7770,1.7733,2.3907,4.6139,4.4293,4.6140,7.9479,3.8721,3.6155,7.9479,4.2345

1397.7770,2.0203,2.0203,4.4286,4.5527,4.3670,8.1948,3.6869,3.5126,8.1948,4.1815

1398.7770,2.0203,2.9463,4.8608,4.7379,4.3670,8.0713,3.2547,3.6978,8.0713,4.3226

1399.7770,2.0203,2.3907,4.7373,4.6145,4.0583,8.3800,3.1930,3.5023,8.3800,4.1992

1400.7770,2.1437,2.0203,4.5521,4.2441,4.4287,8.2565,3.1930,3.4303,8.2565,4.1198

1401.7780,1.9585,2.1438,4.4904,4.5527,4.4287,7.7627,2.6373,3.3686,7.7627,3.9963

1402.7770,2.1437,2.4524,4.6756,4.4910,4.6140,7.9479,3.3165,3.6155,7.9479,4.2344

1403.7770,2.2054,2.0203,4.3669,4.5527,4.3670,8.1948,3.2547,3.4612,8.1948,4.1374

1404.7770,2.2054,2.2672,4.3669,4.8614,4.4287,8.0096,3.0695,3.5332,8.0096,4.1727

1405.7780,2.4523,2.2055,5.1695,4.7379,4.4905,8.0713,3.3165,3.7287,8.0713,4.3491

1406.7770,2.0203,2.7611,4.6756,4.3675,4.3670,8.2565,3.3165,3.5847,8.2565,4.2521

1407.7770,1.8351,2.2055,4.6139,4.9849,4.6757,8.1331,3.4400,3.6258,8.1331,4.2697

1408.7770,1.8968,2.7611,4.9226,4.2441,4.4287,8.1331,3.3165,3.5950,8.1331,4.2433

1409.7770,2.4523,1.8351,4.5521,4.4293,4.4287,7.6392,3.1930,3.4818,7.6392,4.0757

1410.7770,2.0820,1.9585,4.5521,4.5527,4.8610,8.1331,3.0695,3.5126,8.1331,4.1727

1411.7770,1.7116,2.3907,5.6635,4.8614,4.3670,8.1331,3.1930,3.6979,8.1331,4.3315

1412.7770,2.1437,2.5759,4.7373,4.3675,4.3670,8.0096,3.2547,3.5744,8.0096,4.2080

1413.7770,2.1437,2.2672,4.3052,4.4910,4.4287,8.3800,3.0695,3.4509,8.3800,4.1551

1414.7770,2.0820,2.0820,4.1199,4.4293,4.7375,7.9479,3.5017,3.4921,7.9479,4.1286

1415.7770,2.2672,1.7116,4.8608,4.5527,4.1200,8.0713,3.1930,3.4509,8.0713,4.1110

1416.7770,2.5758,2.0203,4.6756,4.4293,4.4287,8.1948,2.9460,3.5126,8.1948,4.1815

1417.7780,1.8968,2.0820,4.9226,4.4910,4.2435,8.1331,3.1313,3.4612,8.1331,4.1286

1418.7770,2.3289,2.1438,4.9843,4.6145,4.4287,8.0713,3.1313,3.6052,8.0713,4.2433

1419.7770,2.4523,1.9585,4.3669,4.5527,4.3053,8.0713,2.8843,3.4200,8.0713,4.0845

1420.7770,1.8968,2.0820,4.9226,4.3675,4.2435,8.0713,3.0078,3.4200,8.0713,4.0845

1421.7770,2.3906,1.9585,4.1817,4.4910,4.3053,7.8861,3.2547,3.4303,7.8861,4.0669

1422.7770,2.2672,2.0203,4.8608,4.5527,5.0462,8.2565,3.3782,3.6876,8.2565,4.3403

1423.7780,2.1437,1.7116,4.7373,4.7997,4.4287,8.3800,3.3165,3.5229,8.3800,4.2168

1424.7770,2.2672,2.2055,4.7373,4.3675,4.7992,7.9479,3.1930,3.5950,7.9479,4.2168

1425.7770,2.2054,2.6376,4.6756,4.3675,4.6140,7.7627,3.1930,3.6155,7.7627,4.2080

1426.7770,1.7733,2.2672,4.6756,4.4293,4.5522,7.8244,3.6252,3.5538,7.8244,4.1639

1427.7770,2.1437,1.8351,4.3669,4.6145,4.3670,7.9479,3.6252,3.4921,7.9479,4.1286

1428.7770,2.6993,2.8846,4.4904,4.8614,4.6140,7.7627,3.6869,3.8728,7.7627,4.4285

1429.7770,2.0820,1.8968,5.1695,4.3058,4.3670,8.1331,3.8721,3.6155,8.1331,4.2609

1430.7770,2.2672,1.7116,4.4286,4.6762,4.6757,8.0713,3.1930,3.4921,8.0713,4.1462

1431.7770,2.0203,2.7611,4.7991,4.3675,4.3670,7.8861,3.2547,3.5950,7.8861,4.2080

1432.7770,2.3289,2.1438,4.6139,4.3675,4.1200,8.0713,3.0695,3.4406,8.0713,4.1021

1433.7770,1.7116,2.2055,4.7991,4.4293,4.6140,6.9601,3.5634,3.5538,6.9601,4.0404

1434.7770,2.2672,1.4647,5.0460,4.4910,4.3670,8.2565,2.8843,3.4200,8.2565,4.1110

1435.7770,1.7733,2.6994,4.6139,4.4910,4.1200,8.1331,3.5017,3.5332,8.1331,4.1903

1436.7770,2.5141,2.0820,4.5521,4.7379,4.4905,7.7009,3.0078,3.5641,7.7009,4.1551

1437.7770,2.2054,2.1438,4.7373,4.2441,4.4287,8.7504,3.3782,3.5229,8.7504,4.2697

1438.7770,2.2672,1.7116,4.7373,4.4910,4.6140,8.0096,3.6869,3.5847,8.0096,4.2168

1439.7770,2.0203,2.2672,4.6139,4.4910,4.4287,8.3800,3.3782,3.5332,8.3800,4.2256

1440.7770,2.4523,1.8968,4.5521,4.7379,4.6140,8.1948,3.0695,3.5538,8.1948,4.2168

1441.7770,2.1437,2.8228,4.5521,4.6145,3.9348,8.0713,3.4400,3.5847,8.0713,4.2256

1442.7770,1.8968,2.2672,4.6139,4.7997,4.6140,8.1331,3.2547,3.5744,8.1331,4.2256

1443.7770,2.3289,2.0203,4.7373,4.7379,4.4287,8.2565,3.2547,3.5847,8.2565,4.2521

1444.7780,1.7116,2.5142,4.3052,4.6145,4.4905,8.1948,3.2547,3.4818,8.1948,4.1551

1445.7770,2.3906,2.0820,4.7373,4.4293,4.6757,8.1948,3.3165,3.6052,8.1948,4.2609

1446.7770,2.3289,2.0203,4.4904,4.6145,4.6757,8.1331,3.1930,3.5538,8.1331,4.2080

1447.7770,2.2054,2.3290,4.6756,4.3675,4.5522,7.8861,3.2547,3.5641,7.8861,4.1815

1448.7770,2.0203,1.8351,4.7373,4.3058,4.3053,7.7627,3.5634,3.4612,7.7627,4.0757

1449.7770,2.0820,2.2672,4.6139,5.1701,4.2435,8.0713,2.8843,3.5435,8.0713,4.1903

1450.7770,2.0203,2.3290,4.6139,4.3058,4.6757,9.2443,3.5017,3.5744,9.2443,4.3844

1451.7770,2.2054,1.7116,4.5521,4.6145,4.9844,8.0713,3.1313,3.5332,8.0713,4.1815

1452.7770,1.8968,2.2672,5.5400,4.6145,4.4905,8.1331,3.2547,3.6773,8.1331,4.3138

1453.7770,1.9585,1.8968,4.8608,4.4293,4.4905,8.2565,3.9339,3.5950,8.2565,4.2609

1454.7770,2.0820,2.2672,5.0460,4.5527,4.3053,7.8861,3.1930,3.5744,7.8861,4.1903

1455.7770,1.9585,2.3907,4.1199,4.9231,4.2435,8.0713,3.0695,3.4509,8.0713,4.1110

1456.7770,2.1437,2.3907,4.5521,5.0466,4.4287,8.0096,3.0078,3.5949,8.0096,4.2256

1457.7780,2.0203,2.1438,4.0582,4.6145,4.4905,8.0713,3.2547,3.4303,8.0713,4.0933

1458.7770,2.0203,2.2672,4.5521,4.8614,4.4287,7.8861,3.2547,3.5641,7.8861,4.1815

1459.7770,2.1437,2.3907,4.2434,4.7997,4.8610,8.3800,3.3782,3.6361,8.3800,4.3138

1460.7770,1.8968,2.0820,4.6139,4.1823,4.4287,8.1331,3.5017,3.4509,8.1331,4.1198

1461.7770,2.2054,2.2055,4.4286,4.4293,4.5522,8.1331,3.2547,3.5126,8.1331,4.1727

1462.7770,2.2054,1.7733,4.7373,4.4910,4.3053,8.1331,3.2547,3.4612,8.1331,4.1286

1463.7770,2.1437,2.3907,4.1817,4.6145,4.3053,8.1948,3.3165,3.4921,8.1948,4.1639

1464.7770,2.2054,2.1438,5.5400,4.6145,4.3670,8.0096,3.5017,3.7287,8.0096,4.3403

1465.7770,2.2054,2.0203,4.7373,4.3675,4.8610,8.0713,3.9339,3.6876,8.0713,4.3138

1466.7770,2.2672,2.1438,4.6139,4.3675,4.6140,8.2565,3.6869,3.6155,8.2565,4.2785

1467.7770,1.0326,1.8968,4.9843,4.3058,4.4905,8.1331,3.0078,3.2863,8.1331,3.9787

1468.7770,2.0203,2.4524,4.7373,4.6145,4.1200,8.0096,3.3782,3.5538,8.0096,4.1903

1469.7780,1.9585,2.6376,4.3669,4.4293,4.3053,8.1948,3.5017,3.5332,8.1948,4.1992

1470.7770,2.2672,2.3290,4.3669,4.7379,4.4287,8.0713,3.1313,3.5435,8.0713,4.1903

1471.7770,1.6499,1.8351,4.3052,4.5527,3.9965,8.2565,3.2547,3.2657,8.2565,3.9787

1472.7770,2.0203,2.3907,4.7373,4.4910,4.1818,7.7009,3.6869,3.5847,7.7009,4.1727

1473.7770,1.2178,1.7733,4.6756,4.5527,4.6140,7.8861,3.3165,3.3583,7.8861,4.0052

1474.7770,1.9585,2.3290,4.1817,4.7997,4.4905,8.6887,3.4400,3.5332,8.6887,4.2697

1475.7770,1.8351,2.0820,5.2930,5.0466,3.8731,8.3183,3.5017,3.6052,8.3183,4.2785

1476.7770,2.8227,2.4524,4.2434,4.4293,4.1200,8.2565,2.8225,3.4817,8.2565,4.1639

1477.7770,2.2054,1.5881,5.1695,4.4293,4.3053,8.1331,3.3782,3.5126,8.1331,4.1727

1478.7770,1.8968,1.9585,4.5521,4.4293,3.8731,8.0096,3.4400,3.3583,8.0096,4.0228

1479.7770,1.8968,2.3907,4.3052,4.4293,4.6757,8.3800,3.3782,3.5126,8.3800,4.2080

1480.7780,1.7733,2.5759,5.0460,4.7997,4.2435,8.5035,3.0078,3.5744,8.5035,4.2785

1481.7770,1.9585,2.2672,4.7373,4.1823,4.6757,9.3061,3.9339,3.6258,9.3061,4.4373

1482.7770,2.1437,1.8968,4.6756,4.4910,5.0462,8.3183,3.1313,3.5641,8.3183,4.2433

1483.7770,2.0820,1.9585,4.6139,4.4910,5.1079,8.4418,3.0695,3.5538,8.4418,4.2521

1484.7770,1.9585,2.1438,4.3669,4.4910,4.3053,8.2565,3.3165,3.4303,8.2565,4.1198

1485.7770,2.6375,2.2055,4.3052,4.7379,4.1818,8.0096,3.3165,3.5641,8.0096,4.1991

1486.7770,2.0820,2.1438,4.4904,4.7379,5.2932,8.1331,3.0695,3.6361,8.1331,4.2785

1487.7770,3.0696,2.3290,4.5521,4.7997,4.3053,8.0713,3.3165,3.7287,8.0713,4.3491

1488.7770,2.0203,2.1438,4.5521,4.4910,4.4287,8.3800,3.0695,3.4509,8.3800,4.1551

1489.7770,2.3289,2.2055,4.4904,4.7379,4.3053,7.8861,3.4400,3.5847,7.8861,4.1992

1490.7770,1.9585,1.9585,4.4904,4.6145,4.4287,8.4418,3.2547,3.4509,8.4418,4.1639

1491.7770,2.2054,2.4524,4.4904,4.7379,4.4287,7.9479,3.5634,3.6464,7.9479,4.2609

1492.7770,2.2672,2.0203,4.3669,4.4910,4.4905,7.8861,3.4400,3.5126,7.8861,4.1374

1493.7770,2.0203,2.2055,4.1199,4.7379,4.1818,7.7627,3.1930,3.4097,7.7627,4.0316

1494.7770,2.3289,1.8968,4.4904,4.4910,4.3670,8.0713,3.1313,3.4509,8.0713,4.1110

1495.7770,1.9585,2.0820,4.5521,4.4910,4.4905,8.1331,3.5634,3.5229,8.1331,4.1815

1496.7770,2.2054,2.0820,4.5521,4.4293,4.4905,7.9479,3.8104,3.5950,7.9479,4.2168

1497.7780,1.8968,2.2672,4.4904,4.7997,4.3053,8.0713,3.3782,3.5229,8.0713,4.1727

1498.7770,2.2672,2.1438,4.1817,4.1206,4.2435,8.2565,2.8225,3.2965,8.2565,4.0051

1499.7770,2.3289,1.9585,4.4904,4.4910,4.5522,8.1948,3.5634,3.5641,8.1948,4.2256

1500.7770,2.3906,2.0820,4.6139,4.6762,4.9844,8.1948,3.1930,3.6567,8.1948,4.3050

1501.7780,1.8351,2.2672,4.4286,4.5527,4.5522,8.1331,3.3782,3.5024,8.1331,4.1639

1502.7780,2.2054,2.3907,4.4904,4.7379,4.6140,7.8244,3.1930,3.6052,7.8244,4.2080

1503.7770,1.8351,2.2672,4.3669,4.5527,4.3670,9.0591,3.1930,3.4303,9.0591,4.2344

1504.7770,1.8968,2.4524,5.1695,4.9849,4.4287,8.1948,3.2547,3.6979,8.1948,4.3403

1505.7770,2.2672,2.2672,4.4286,4.4293,4.2435,8.4418,2.9460,3.4303,8.4418,4.1462

1506.7770,1.8968,2.0820,4.7991,4.4910,4.4905,7.5775,3.6869,3.5744,7.5775,4.1463

1507.7770,2.0203,2.0203,4.6139,4.6762,4.7375,8.5652,3.4400,3.5847,8.5652,4.2962

1508.7780,2.1437,1.8351,4.6756,4.7379,4.4287,8.2565,2.4521,3.3789,8.2565,4.0757

1509.7770,2.3289,3.2550,4.8608,4.4910,4.5522,8.0713,3.1313,3.7699,8.0713,4.3844

1510.7770,2.2054,1.6499,4.9843,4.2441,4.3053,8.0096,3.1930,3.4303,8.0096,4.0845

1511.7770,2.3289,1.8968,4.8608,4.9849,4.6140,8.1331,3.0695,3.6258,8.1331,4.2697

1512.7770,2.0203,2.2672,4.6139,4.6145,4.4905,8.4418,3.5634,3.5950,8.4418,4.2874

1513.7770,1.9585,2.8846,4.3052,4.9231,4.7375,8.0096,3.3782,3.6979,8.0096,4.3138

1514.7770,2.2054,2.3290,4.4904,4.4293,4.7992,8.0096,2.6373,3.4818,8.0096,4.1286

1515.7770,1.8968,2.0203,4.7373,4.6145,4.6757,8.2565,3.2547,3.5332,8.2565,4.2080

1516.7780,2.1437,2.5142,4.6756,4.4293,4.3670,8.1948,3.3165,3.5744,8.1948,4.2344

1517.7770,2.2054,2.0820,4.5521,4.5527,4.7375,8.4418,3.2547,3.5641,8.4418,4.2609

1518.7770,2.2054,2.1438,5.0460,4.6145,4.4287,7.8861,3.1930,3.6052,7.8861,4.2168

1519.7770,2.2054,2.3290,5.2313,4.5527,4.3670,8.4418,3.5017,3.6979,8.4418,4.3756

1520.7770,2.3906,2.2672,5.6635,4.1823,4.3670,7.8244,3.2547,3.6876,7.8244,4.2785

1521.7770,2.0820,2.0203,4.9843,4.5527,4.3053,8.0096,3.1930,3.5229,8.0096,4.1639

1522.7770,2.2054,2.3290,5.5400,4.4910,4.4905,8.0713,3.2547,3.7184,8.0713,4.3403

1523.7770,1.9585,2.4524,4.8608,4.3675,4.6140,7.9479,3.2547,3.5847,7.9479,4.2080

1524.7780,2.3906,2.3907,4.4286,4.5527,4.4287,7.7009,3.7487,3.6567,7.7009,4.2344

1525.7770,2.1437,1.9585,5.1695,4.9849,4.0583,8.0096,3.1313,3.5744,8.0096,4.2080

1526.7770,1.9585,2.3290,4.5521,4.5527,3.9348,8.0713,3.3782,3.4509,8.0713,4.1110

1527.7770,2.4523,2.0820,4.5521,4.6145,4.4287,7.5157,3.1930,3.5538,7.5157,4.1198

1528.7770,2.0203,1.8351,4.3669,4.4910,3.9348,8.0713,3.5017,3.3583,8.0713,4.0316

1529.7770,2.2672,2.0203,4.7991,4.5527,4.3053,8.0713,3.0695,3.5023,8.0713,4.1551

1530.7780,2.2672,2.0820,4.4904,4.6762,5.4784,8.5652,3.2547,3.7081,8.5652,4.4020

1531.7770,2.0820,2.5759,4.6756,4.3675,4.3670,8.0096,3.1930,3.5435,8.0096,4.1815

1532.7770,2.2672,2.2055,4.4286,4.4910,4.2435,8.1331,2.8843,3.4200,8.1331,4.0933

1533.7780,2.8227,2.3290,4.6139,3.9971,4.7375,8.0713,3.2547,3.6258,8.0713,4.2609

1534.7780,2.2054,2.0203,4.4904,4.3675,4.7375,7.8861,3.2547,3.5126,7.8861,4.1374

1535.7770,2.3289,2.2055,4.4904,4.6762,4.4905,7.9479,3.1930,3.5641,7.9479,4.1903

1536.7770,1.9585,2.2672,4.6756,4.4910,4.7992,8.0096,3.3782,3.5950,8.0096,4.2256

1537.7780,2.0203,1.7733,4.5521,4.6762,4.2435,8.3183,3.1313,3.3994,8.3183,4.1021

1538.7770,1.9585,2.0820,4.6756,4.2441,4.3670,8.3800,3.3782,3.4509,8.3800,4.1551

1539.7770,1.9585,2.2055,4.1817,4.5527,4.3670,8.0713,3.0695,3.3892,8.0713,4.0580

1540.7770,1.9585,2.1438,4.6756,4.8614,4.4287,7.9479,3.5634,3.6052,7.9479,4.2256

1541.7770,2.1437,1.5881,4.4286,4.6762,4.3670,8.1331,3.3165,3.4200,8.1331,4.0933

1542.7770,1.9585,2.2055,4.4286,4.7379,4.2435,8.1948,3.0078,3.4303,8.1948,4.1110

1543.7770,1.9585,2.5759,4.3669,4.5527,4.3670,8.0096,3.1313,3.4921,8.0096,4.1374

1544.7770,2.1437,2.0820,4.0582,4.2441,4.4287,8.1948,3.1930,3.3583,8.1948,4.0492

1545.7770,1.6499,1.9585,4.6756,4.6762,4.6757,7.6392,3.9339,3.5950,7.6392,4.1727

1546.7770,2.1437,2.0203,4.4286,4.7379,4.7992,8.3183,3.0695,3.5332,8.3183,4.2168

1547.7770,2.2672,1.8968,4.8608,5.6640,4.7992,8.2565,3.3782,3.8110,8.2565,4.4461

1548.7770,1.8351,2.3907,4.4286,4.4293,4.6140,8.4418,2.8843,3.4303,8.4418,4.1462

1549.7770,2.2054,2.0203,4.4904,4.1206,4.2435,8.3183,3.0695,3.3583,8.3183,4.0669

1550.7770,2.2054,2.5142,4.5521,4.3058,4.9227,8.0713,3.1930,3.6155,8.0713,4.2521

1551.7770,2.0820,2.2055,3.8730,4.4293,4.1200,7.8244,3.4400,3.3583,7.8244,3.9963

1552.7770,2.4523,2.4524,4.5521,4.6145,4.0583,8.0713,3.0078,3.5229,8.0713,4.1727

1553.7770,2.0203,1.9585,4.6756,4.6145,4.3670,8.1331,3.1930,3.4715,8.1331,4.1374

1554.7770,2.1437,2.3907,4.3669,4.6762,4.6140,7.8861,3.3165,3.5847,7.8861,4.1992

1555.7770,2.5141,2.3290,4.4286,4.3675,4.2435,8.1948,2.7608,3.4406,8.1948,4.1198

1556.7770,2.0203,2.4524,4.6756,4.9231,4.7375,8.0713,3.1930,3.6670,8.0713,4.2962

1557.7770,1.9585,2.3290,4.6139,4.3675,4.1818,7.9479,3.2547,3.4509,7.9479,4.0933

1558.7770,2.3289,2.0820,4.3052,4.6145,4.2435,8.1331,3.0695,3.4406,8.1331,4.1110

1559.7770,2.0820,2.3907,4.6756,4.5527,4.3053,8.1331,3.2547,3.5435,8.1331,4.1992

1560.7770,1.9585,2.0820,4.6139,4.4910,4.6140,8.1948,3.6252,3.5641,8.1948,4.2256

1561.7770,1.8968,2.3290,4.3669,4.6762,4.7375,8.5035,3.1930,3.5332,8.5035,4.2433

1562.7770,2.2054,2.3290,4.4904,4.7379,4.1818,7.8861,3.3165,3.5435,7.8861,4.1639

1563.7770,2.0203,2.1438,4.6139,4.4910,4.4905,7.9479,3.7487,3.5847,7.9479,4.2080

1564.7770,1.8968,2.2055,4.6139,4.0589,4.4905,8.3183,3.0695,3.3892,8.3183,4.0933

1565.7770,2.2054,1.8351,4.4904,4.7379,4.3670,8.3800,3.1313,3.4612,8.3800,4.1639

1566.7770,1.8968,2.2055,4.9226,4.6145,4.5522,8.1948,3.1930,3.5641,8.1948,4.2256

1567.7770,2.0820,1.5881,4.6139,4.7997,4.3670,8.1331,3.1930,3.4406,8.1331,4.1110

1568.7770,2.3906,2.2672,4.5521,4.4910,4.5522,8.1948,3.6869,3.6567,8.1948,4.3050

1569.7770,2.0820,2.4524,4.6756,4.3058,4.3053,8.0096,3.4400,3.5435,8.0096,4.1815

1570.7770,1.9585,1.7733,4.7373,4.7379,4.3053,8.0713,3.2547,3.4612,8.0713,4.1198

1571.7770,2.6375,2.5142,4.3669,4.4293,4.4287,8.1331,2.7608,3.5229,8.1331,4.1815

1572.7770,2.5141,2.5142,4.6139,4.4293,4.1818,8.1331,3.1313,3.5641,8.1331,4.2168

1573.7780,2.5758,1.7116,4.9226,4.6145,4.2435,8.3183,3.1930,3.5435,8.3183,4.2256

1574.7770,1.8351,1.9585,4.6756,4.6145,4.7375,8.4418,3.1930,3.5024,8.4418,4.2080

1575.7780,2.2054,1.9585,4.5521,4.4293,4.4287,7.3922,3.4400,3.5023,7.3922,4.0580

1576.7770,2.7610,2.3907,4.3669,4.5527,4.1818,8.1331,2.7608,3.5023,8.1331,4.1639

1577.7770,2.1437,2.0203,4.4904,4.4293,4.6140,8.2565,2.9460,3.4406,8.2565,4.1286

1578.7770,2.3289,1.8968,4.6139,4.4293,4.7375,8.1331,3.8721,3.6464,8.1331,4.2874

1579.7770,2.0203,1.8968,4.6756,4.6145,4.8610,8.3800,3.5017,3.5950,8.3800,4.2785

1580.7770,2.0820,2.0820,4.5521,4.4910,4.4905,7.7009,3.4400,3.5229,7.7009,4.1198

1581.7770,2.1437,2.5142,4.8608,4.6145,3.9965,8.0096,3.6869,3.6361,8.0096,4.2609

1582.7770,2.1437,2.8228,4.5521,4.3675,4.4287,7.8861,3.2547,3.5950,7.8861,4.2080

1583.7770,1.8968,2.6376,4.3052,4.4293,4.6140,8.0096,3.5017,3.5641,8.0096,4.1992

1584.7770,2.2672,2.0203,5.1695,4.5527,4.2435,7.8861,3.6869,3.6567,7.8861,4.2609

1585.7770,2.2054,1.9585,4.1817,4.4910,4.6140,7.8861,3.5017,3.4921,7.8861,4.1198

1586.7770,1.8968,2.4524,5.1695,4.7997,4.3053,8.3800,4.0574,3.7802,8.3800,4.4373

1587.7770,2.3289,2.1438,4.2434,4.4293,4.3053,8.1948,3.0078,3.4097,8.1948,4.0933

1588.7770,1.8968,2.2672,4.9843,4.6762,4.2435,8.2565,3.1313,3.5332,8.2565,4.2080

1589.7780,2.6375,2.3290,4.4286,4.3058,4.3053,8.1948,2.9460,3.4920,8.1948,4.1639

1590.7770,2.0203,2.3907,4.8608,4.9231,4.4287,8.1331,3.0695,3.6155,8.1331,4.2609

1591.7770,2.0820,2.8228,4.4286,5.1084,4.4287,8.4418,3.2547,3.6876,8.4418,4.3667

1592.7770,1.7733,2.6994,4.3669,4.3058,4.2435,8.1948,3.0078,3.3995,8.1948,4.0845

1593.7770,2.0203,3.2550,4.7373,4.5527,4.3053,8.1948,2.8225,3.6155,8.1948,4.2697

1594.7770,2.2054,2.3907,4.3052,4.4293,4.6140,7.9479,3.2547,3.5332,7.9479,4.1639

1595.7770,2.0203,2.1438,4.4904,4.8614,4.5522,8.1948,3.1313,3.5332,8.1948,4.1992

1596.7770,2.0820,2.2055,4.6756,4.9231,4.6757,7.9479,3.1930,3.6258,7.9479,4.2433

1597.7770,2.0203,2.5759,4.4904,4.4910,4.4905,8.0713,3.3165,3.5641,8.0713,4.2080

1598.7770,3.0696,2.3290,4.6139,4.6145,4.2435,7.8861,3.3782,3.7081,7.8861,4.3050

1599.7780,1.9585,2.2672,4.4904,4.4910,4.4287,8.4418,3.5634,3.5332,8.4418,4.2344

1600.7770,2.2672,2.3907,4.6756,4.6762,4.6140,8.3183,3.0695,3.6155,8.3183,4.2874

1601.7770,1.8968,2.2055,4.7991,4.6762,4.6140,8.0096,3.4400,3.6053,8.0096,4.2344

1602.7770,1.7116,1.9585,4.7373,4.6145,4.4905,8.0713,3.6252,3.5229,8.0713,4.1727

1603.7770,2.2054,2.1438,4.7373,4.4293,4.8610,8.0713,3.5634,3.6567,8.0713,4.2874

1604.7770,2.0203,2.3290,4.7373,4.8614,4.4905,8.0096,3.1313,3.5950,8.0096,4.2256

1605.7770,1.2178,2.3907,4.2434,4.4910,4.3670,8.1948,3.1930,3.3172,8.1948,4.0140

1606.7770,2.0203,2.3907,4.7373,4.7997,4.3053,8.5652,3.1930,3.5744,8.5652,4.2874

1607.7770,2.4523,2.3290,4.5521,4.4293,4.3053,8.0713,3.3782,3.5744,8.0713,4.2168

1608.7770,2.0820,2.0820,4.7373,4.3675,4.0583,8.0713,3.1313,3.4097,8.0713,4.0757

1609.7770,1.8968,2.5759,4.6756,4.9849,4.6140,8.1331,3.0078,3.6258,8.1331,4.2697

1610.7770,2.0203,2.3290,4.5521,4.9231,4.4287,7.9479,3.3165,3.5950,7.9479,4.2168

1611.7770,2.0820,2.1438,4.1199,3.6885,4.6140,8.1331,3.5017,3.3583,8.1331,4.0404

1612.7770,2.0203,2.0203,4.6139,4.5527,4.4287,8.5035,3.4400,3.5126,8.5035,4.2256

1613.7770,1.9585,2.0820,4.6139,4.6762,4.5522,8.4418,3.3782,3.5435,8.4418,4.2433

1614.7770,2.5141,2.1438,4.3669,4.5527,4.1818,8.9974,3.1930,3.4920,8.9974,4.2785

1615.7770,2.3289,2.8228,4.6756,4.4910,4.7375,8.6270,3.1930,3.7081,8.6270,4.4108

1616.7780,2.3906,2.0820,4.3669,4.5527,4.3053,8.6270,3.3165,3.5023,8.6270,4.2344

1617.7770,2.0820,2.2055,4.9226,4.6762,4.3670,8.6887,3.2547,3.5847,8.6887,4.3138

1618.7770,1.8351,2.2672,4.4904,4.3675,5.2932,8.8739,3.7487,3.6670,8.8739,4.4108

1619.7770,2.2054,1.4647,5.0460,4.3058,4.3670,8.1331,3.2547,3.4406,8.1331,4.1110

1620.7780,2.1437,2.6376,4.6756,4.4910,4.8610,8.0096,3.1313,3.6567,8.0096,4.2785

1621.7770,1.8968,2.1438,4.3669,4.7997,4.6140,8.5035,3.7487,3.5950,8.5035,4.2962

1622.7770,2.6993,2.0203,4.4286,4.6145,4.3053,8.0096,2.9460,3.5023,8.0096,4.1462

1623.7770,2.0203,2.2055,4.2434,4.6762,4.3053,8.1331,3.4400,3.4818,8.1331,4.1462

1624.7770,2.0203,2.0203,4.3669,4.6145,4.7992,8.0713,2.8843,3.4509,8.0713,4.1110

1625.7770,2.0820,2.2672,4.6756,4.7379,4.5522,7.8861,3.2547,3.5950,7.8861,4.2080

1626.7770,3.8721,2.8846,4.0582,4.7997,4.2435,7.8244,3.2547,3.8521,7.8244,4.4196

1627.7770,2.6993,2.3290,4.6756,4.4910,4.3670,8.3183,3.3782,3.6567,8.3183,4.3226

1628.7770,2.2054,2.0820,4.4904,4.4910,4.4287,7.8861,3.2547,3.4921,7.8861,4.1198

1629.7770,2.3906,2.2672,4.3669,4.7379,4.3670,8.1948,3.1313,3.5435,8.1948,4.2080

1630.7770,1.7733,2.4524,4.4286,4.4293,4.1818,7.8861,3.3165,3.4303,7.8861,4.0669

1631.7770,2.2054,2.2055,4.6756,4.2441,4.4287,8.2565,3.0695,3.4715,8.2565,4.1551

1632.7770,1.7733,2.2672,4.8608,4.4293,4.5522,8.3183,3.1930,3.5126,8.3183,4.1992

1633.7770,2.0820,2.2672,4.9226,4.7997,4.3670,8.1331,3.3782,3.6361,8.1331,4.2785

1634.7770,1.9585,2.5142,4.4904,4.7997,4.3670,8.0096,3.1930,3.5538,8.0096,4.1903

1635.7780,2.0203,2.2055,4.7373,4.2441,4.4287,8.8122,3.3782,3.5024,8.8122,4.2609

1636.7770,2.3289,2.1438,4.5521,4.4910,4.3670,8.0096,3.4400,3.5538,8.0096,4.1903

1637.7770,2.1437,2.0820,4.6756,4.5527,4.6140,7.8861,3.3782,3.5744,7.8861,4.1903

1638.7770,2.0820,2.2672,4.4904,4.5527,4.2435,7.4540,3.0695,3.4509,7.4540,4.0228

1639.7770,2.5141,2.2672,4.3669,4.4293,4.4905,7.2688,3.5634,3.6052,7.2688,4.1286

1640.7770,2.3289,2.0203,4.5521,4.4910,4.4287,8.0713,2.8843,3.4509,8.0713,4.1110

1641.7770,2.0820,2.1438,4.5521,4.1206,4.3053,8.2565,3.0695,3.3789,8.2565,4.0757

1642.7770,1.9585,1.7733,4.4286,4.8614,4.2435,8.1948,3.3782,3.4406,8.1948,4.1198

1643.7770,2.2054,2.0203,5.2930,4.3675,4.4287,7.9479,3.2547,3.5950,7.9479,4.2168

1644.7770,2.1437,2.2672,4.6139,3.9354,4.6757,8.3183,3.1313,3.4612,8.3183,4.1551

1645.7770,2.2054,2.0820,4.7373,4.6145,4.5522,7.7009,3.3165,3.5847,7.7009,4.1727

1646.7770,1.4030,1.8351,5.0460,4.3675,4.6757,8.1948,3.9339,3.5435,8.1948,4.2080

1647.7770,2.0820,2.1438,4.4286,4.6145,4.0583,8.2565,3.0695,3.3994,8.2565,4.0933

1648.7770,2.5141,2.2055,4.6139,4.7379,4.1200,8.0096,3.0695,3.5435,8.0096,4.1815

1649.7770,2.2672,2.1438,4.7373,4.6145,4.2435,8.0096,3.1313,3.5229,8.0096,4.1639

1650.7770,2.0820,2.0820,4.6139,4.7379,4.6757,8.8122,3.2547,3.5744,8.8122,4.3226

1651.7770,2.0820,2.2055,4.5521,4.3675,4.4287,8.1331,3.3165,3.4921,8.1331,4.1551

1652.7770,2.2054,1.9585,5.1078,4.3058,4.4287,8.1331,3.5017,3.5847,8.1331,4.2344

1653.7770,2.0203,2.2055,4.6756,4.5527,4.1200,8.1948,3.5634,3.5229,8.1948,4.1903

1654.7770,2.3906,1.8968,4.5521,4.6762,4.5522,8.2565,3.3165,3.5641,8.2565,4.2344

1655.7770,1.8351,2.0820,4.6139,4.4910,4.5522,7.9479,4.0574,3.6053,7.9479,4.2256

1656.7770,2.0203,2.2055,4.4286,4.0589,4.1818,8.3800,3.0695,3.3274,8.3800,4.0492

1657.7770,2.0820,2.5759,4.5521,4.7379,4.4287,7.8861,2.8843,3.5435,7.8861,4.1639

1658.7770,2.0203,2.7611,4.6139,4.3058,4.3053,8.0713,3.3782,3.5641,8.0713,4.2080

1659.7770,1.9585,2.2055,3.9347,4.5527,4.4905,8.0713,3.3782,3.4200,8.0713,4.0845

1660.7770,2.0203,2.1438,4.4904,4.5527,5.3549,8.3183,3.1930,3.6258,8.3183,4.2962

1661.7770,2.2054,2.0203,4.6139,4.4910,4.6140,7.7009,3.3165,3.5435,7.7009,4.1374

1662.7780,1.9585,2.3907,4.5521,4.7997,4.4905,8.0096,2.8843,3.5126,8.0096,4.1551

1663.7770,2.2054,2.2672,5.0460,4.8614,4.4905,7.8861,3.0695,3.6567,7.8861,4.2609

1664.7770,2.1437,2.1438,4.7373,4.5527,4.9844,8.1948,3.2547,3.6361,8.1948,4.2874

1665.7770,2.2054,2.0820,4.3669,4.6145,4.7992,8.0713,2.9460,3.5023,8.0713,4.1551

1666.7770,1.8351,2.3290,4.5521,4.7997,4.7375,8.3800,2.7608,3.5024,8.3800,4.1992

1667.7770,1.9585,2.1438,4.4904,4.6145,4.6140,8.0713,3.4400,3.5435,8.0713,4.1903

1668.7770,2.2672,1.7733,4.8608,4.4293,4.4287,8.1331,3.1313,3.4818,8.1331,4.1462

1669.7770,1.9585,2.0203,4.6756,4.5527,4.4287,8.1948,3.6869,3.5538,8.1948,4.2168

1670.7770,1.8351,2.2672,4.7373,5.1084,4.3670,8.0713,3.4400,3.6258,8.0713,4.2609

1671.7780,1.7116,2.5142,4.5521,4.4910,4.3670,7.9479,3.2547,3.4818,7.9479,4.1198

1672.7770,2.0820,1.8351,4.4904,4.6762,4.2435,8.2565,3.1313,3.4097,8.2565,4.1021

1673.7770,1.8351,2.2672,4.6139,4.6762,4.1200,7.9479,3.0078,3.4200,7.9479,4.0669

1674.7770,2.3289,2.2672,4.3669,4.9231,4.1818,8.0096,3.3782,3.5744,8.0096,4.2080

1675.7770,1.8968,1.9585,4.7373,4.4910,4.3670,8.2565,3.6252,3.5126,8.2565,4.1903

1676.7770,2.0820,1.9585,4.7991,4.8614,4.3053,8.3183,3.1930,3.5332,8.3183,4.2168

1677.7780,1.5882,3.0081,4.4286,4.5527,4.6140,7.9479,3.3165,3.5847,7.9479,4.2080

1678.7770,1.8968,2.6376,4.4904,4.4293,4.6140,7.9479,3.0078,3.5126,7.9479,4.1462

1679.7770,1.7733,2.6376,4.5521,4.9849,4.7375,7.9479,3.1313,3.6361,7.9479,4.2521

1680.7770,2.0203,2.1438,3.8112,4.4910,4.7375,8.0096,3.4400,3.4406,8.0096,4.0933

1681.7770,2.0820,1.5881,4.5521,4.9231,4.2435,8.2565,3.3782,3.4612,8.2565,4.1462

1682.7770,1.8351,2.0203,4.6139,4.5527,4.3053,8.3183,3.6869,3.5024,8.3183,4.1903

1683.7770,2.2054,1.8351,4.6139,4.3675,4.8610,8.0096,3.2547,3.5229,8.0096,4.1639

1684.7770,1.9585,1.8968,4.3669,4.6762,4.2435,8.1948,3.5017,3.4406,8.1948,4.1198

1685.7770,1.8968,2.8228,4.0582,4.4293,4.4287,8.1948,3.3165,3.4921,8.1948,4.1639

1686.7770,2.6375,2.0820,4.4286,5.2318,4.0583,8.1331,3.0078,3.5743,8.1331,4.2256

1687.7770,1.5264,2.5142,4.3052,4.4910,4.3670,8.0713,3.2547,3.4098,8.0713,4.0757

1688.7770,2.6993,1.6499,4.7991,5.0466,4.6140,8.1331,3.1313,3.6567,8.1331,4.2962

1689.7770,2.0820,2.3907,4.2434,4.6145,4.9227,8.6270,3.1313,3.5641,8.6270,4.2874

1690.7770,1.8351,2.0820,4.5521,4.5527,4.1818,8.5035,4.2426,3.5744,8.5035,4.2785

1691.7780,2.7610,2.0820,4.5521,4.4910,4.3670,8.1948,3.0078,3.5435,8.1948,4.2080

1692.7780,2.2672,1.7116,4.7373,5.2318,4.6140,8.1331,4.2426,3.8007,8.1331,4.4197

1693.7770,2.0820,2.1438,4.8608,4.6145,4.7375,8.2565,3.0695,3.5847,8.2565,4.2521

1694.7770,2.3906,2.0820,4.8608,4.8614,4.6140,8.1331,4.3043,3.8522,8.1331,4.4638

1695.7770,1.9585,2.6376,4.5521,4.4293,4.4905,7.9479,3.5017,3.5950,7.9479,4.2168

1696.7780,1.9585,2.0203,4.6139,4.6145,4.2435,8.3183,4.4895,3.6567,8.3183,4.3226

1697.7770,2.2672,2.2055,4.7373,4.5527,4.9227,8.0713,3.0078,3.6155,8.0713,4.2521

1698.7780,2.1437,1.9585,4.4904,4.4910,4.1200,8.0713,3.4400,3.4406,8.0713,4.1021

1699.7770,2.2672,2.4524,4.8608,4.6145,4.2435,7.9479,3.2547,3.6155,7.9479,4.2344

1700.7770,2.5141,2.0820,4.3669,4.2441,4.4905,8.0096,3.2547,3.4920,8.0096,4.1374

1701.7770,2.0203,2.3907,4.4904,4.5527,3.9348,7.8861,3.3165,3.4509,7.8861,4.0845

1702.7770,2.2672,2.0203,4.6756,4.5527,4.3670,8.2565,2.7608,3.4406,8.2565,4.1286

1703.7770,2.2054,2.2672,4.3669,4.3058,4.3053,8.0713,3.0078,3.4097,8.0713,4.0757

1704.7780,1.8968,2.0203,4.4286,4.6762,4.2435,8.3183,3.2547,3.4200,8.3183,4.1198

1705.7770,2.0820,1.8351,4.6756,4.7379,4.4905,8.3183,3.3782,3.5332,8.3183,4.2168

1706.7770,2.2672,2.0203,5.0460,4.7997,4.1818,7.9479,3.1313,3.5744,7.9479,4.1992

1707.7770,2.1437,2.5759,4.7373,4.5527,4.4905,8.2565,3.3165,3.6361,8.2565,4.2962

1708.7770,1.9585,2.0820,4.4904,4.7379,4.3053,8.4418,3.2547,3.4715,8.4418,4.1815

1709.7770,2.0203,2.3290,4.4904,4.5527,4.5522,7.8861,3.3165,3.5435,7.8861,4.1639

1710.7770,1.8968,2.4524,4.4286,5.0466,4.4287,8.3183,2.5138,3.4612,8.3183,4.1551

1711.7770,2.1437,2.2672,5.0460,4.4293,4.2435,8.2565,3.4400,3.5950,8.2565,4.2609

1712.7770,1.8968,2.2055,4.5521,4.8614,4.5522,8.0096,3.1930,3.5435,8.0096,4.1815

1713.7770,1.9585,2.5142,4.6756,4.6145,4.2435,8.0713,3.3165,3.5538,8.0713,4.1992

1714.7770,2.2054,2.3290,3.9347,4.8614,4.1818,8.0713,3.3165,3.4715,8.0713,4.1286

1715.7770,2.2054,2.6994,4.6139,4.5527,4.4287,8.0096,3.4400,3.6567,8.0096,4.2785

1716.7770,2.9462,2.5142,4.4904,4.6145,4.3053,7.8861,3.2547,3.6875,7.8861,4.2873

1717.7770,1.8968,2.0820,4.7991,4.6145,3.5643,7.8861,4.1808,3.5229,7.8861,4.1462

1718.7770,2.1437,2.1438,4.7991,4.9231,4.4905,8.1331,3.6869,3.6979,8.1331,4.3315

1719.7770,2.1437,2.3290,4.7373,4.6762,4.1200,7.9479,3.0695,3.5126,7.9479,4.1462

1720.7770,2.0203,2.0820,4.5521,4.5527,4.1818,8.3183,3.3782,3.4612,8.3183,4.1551

1721.7770,2.0820,2.0820,4.7991,4.3675,5.2314,7.8244,3.3782,3.6567,7.8244,4.2521

1722.7770,2.0203,1.6499,4.5521,4.7997,4.3053,8.3183,3.3165,3.4406,8.3183,4.1374

1723.7770,1.7116,2.2672,4.2434,4.6762,4.0583,8.1331,3.1313,3.3480,8.1331,4.0316

1724.7770,2.0820,2.2672,4.6139,4.4910,4.7375,8.0096,3.0695,3.5435,8.0096,4.1815

1725.7780,3.0696,2.6376,4.3669,4.2441,4.5522,7.8861,3.1930,3.6772,7.8861,4.2785

1726.7770,1.5882,2.3907,4.3052,4.5527,4.4905,7.8861,3.0695,3.3995,7.8861,4.0404

1727.7770,1.8351,2.4524,3.9965,4.6762,4.4287,8.3183,3.1930,3.4303,8.3183,4.1286

1728.7780,2.2672,2.2672,4.7991,4.4910,4.2435,8.4418,2.9460,3.5023,8.4418,4.2080

1729.7770,1.8968,2.2672,4.7373,4.8614,4.2435,8.2565,3.2547,3.5435,8.2565,4.2168

1730.7770,1.8351,2.3290,4.3669,4.7379,4.3053,8.5652,3.1313,3.4509,8.5652,4.1815

1731.7770,2.7610,2.2055,4.4904,4.4293,4.2435,8.0096,3.1930,3.5538,8.0096,4.1903

1732.7770,2.1437,2.3290,4.9843,5.0466,3.9348,8.0713,3.1313,3.5949,8.0713,4.2344

1733.7770,1.9585,2.0820,4.4904,4.7379,4.2435,8.3183,3.3165,3.4715,8.3183,4.1639

1734.7770,2.2054,2.6994,4.5521,5.0466,4.3053,7.7627,3.3782,3.6978,7.7627,4.2785

1735.7780,2.3289,2.0203,4.7373,4.8614,4.1818,8.4418,3.3165,3.5744,8.4418,4.2697

1736.7770,2.2054,2.1438,4.3052,4.6145,5.6019,8.2565,3.2547,3.6876,8.2565,4.3403

1737.7770,1.8351,2.2055,4.5521,4.6762,3.9965,8.2565,4.1808,3.5744,8.2565,4.2433

1738.7770,2.0203,2.0820,4.3669,4.6145,4.2435,8.5652,3.1313,3.4097,8.5652,4.1462

1739.7770,2.0203,2.2055,5.1078,4.5527,4.3670,8.2565,3.1313,3.5641,8.2565,4.2344

1740.7770,1.9585,2.3907,4.7991,4.6762,4.4905,7.8861,3.5017,3.6361,7.8861,4.2433

1741.7770,2.3289,1.9585,4.8608,4.5527,4.8610,7.8244,3.0078,3.5950,7.8244,4.1992

1742.7770,2.3289,2.1438,4.3052,4.3058,4.4905,8.1948,2.9460,3.4200,8.1948,4.1021

1743.7770,1.9585,2.0820,4.9843,5.1701,4.5522,7.8861,3.5634,3.7184,7.8861,4.3138

1744.7770,2.0203,3.0081,4.6756,4.4293,4.2435,8.0713,3.4400,3.6361,8.0713,4.2697

1745.7770,1.5882,1.9585,4.8608,4.6762,4.5522,8.3183,3.8104,3.5744,8.3183,4.2521

1746.7770,2.0203,2.2055,4.4904,4.7997,4.6140,7.9479,3.1930,3.5538,7.9479,4.1815

1747.7770,2.0203,2.0820,4.7991,4.7379,4.0583,8.8739,3.3782,3.5126,8.8739,4.2785

1748.7770,2.2672,1.6499,4.7991,4.7997,4.3670,8.2565,3.3165,3.5332,8.2565,4.2080

1749.7780,1.7733,2.0820,4.7373,4.9231,4.4905,7.8861,3.3165,3.5538,7.8861,4.1727

1750.7770,1.8968,2.3290,4.1817,4.5527,4.4905,8.3183,3.3165,3.4612,8.3183,4.1551

1751.7770,2.1437,2.0820,4.6756,4.2441,4.4287,8.2565,3.0078,3.4303,8.2565,4.1198

1752.7770,2.2054,2.2055,4.7373,4.4910,4.9844,8.1331,2.9460,3.5950,8.1331,4.2433

1753.7770,2.3289,2.1438,4.4286,4.3058,4.6140,7.9479,3.1313,3.4921,7.9479,4.1286

1754.7770,1.8968,2.5759,4.6139,4.5527,4.0583,7.8861,3.3165,3.5023,7.8861,4.1286

1755.7770,2.1437,2.6994,4.8608,4.3675,4.3670,7.9479,3.4400,3.6464,7.9479,4.2609

1756.7770,2.3289,2.2672,4.7373,4.6145,4.4905,7.5775,3.0695,3.5847,7.5775,4.1551

1757.7770,2.1437,2.3907,4.6139,4.2441,4.3053,8.3183,3.1930,3.4818,8.3183,4.1727

1758.7770,2.4523,1.5881,4.6756,4.7997,4.2435,8.1948,3.1313,3.4818,8.1948,4.1550

1759.7770,2.1437,2.0820,4.4904,4.6145,4.5522,7.7627,3.3165,3.5332,7.7627,4.1374

1760.7770,1.8351,2.0203,4.7373,4.3058,4.4905,8.0713,3.6252,3.5024,8.0713,4.1551

1761.7770,2.2672,2.2672,5.1078,4.7997,4.5522,7.8244,3.3782,3.7287,7.8244,4.3138

1762.7770,1.7116,2.0203,4.7373,4.5527,4.4287,8.1948,3.4400,3.4818,8.1948,4.1551

1763.7770,2.6375,2.3907,4.6756,4.3058,4.6140,7.9479,3.3782,3.6670,7.9479,4.2785

1764.7770,2.2054,2.0820,4.3669,4.8614,5.2314,7.5157,3.6252,3.7287,7.5157,4.2697

1765.7770,2.3906,2.2672,4.3052,4.4293,4.3670,8.3800,2.7608,3.4200,8.3800,4.1286

1766.7770,2.4523,2.4524,4.9843,4.4293,4.4287,8.0713,3.2547,3.6670,8.0713,4.2962

1767.7770,2.0203,2.0820,4.4286,4.3675,4.6757,8.1331,3.6252,3.5332,8.1331,4.1903

1768.7770,2.0820,2.5142,4.6139,4.4910,4.2435,8.3183,3.1930,3.5229,8.3183,4.2080

1769.7770,1.8968,2.2055,4.6756,4.4910,4.4905,7.8861,3.6252,3.5641,7.8861,4.1815

1770.7770,1.9585,2.3907,4.4286,4.8614,4.4905,7.9479,2.8225,3.4921,7.9479,4.1286

1771.7780,2.6375,1.8968,4.7373,4.6762,4.1200,8.0096,2.9460,3.5023,8.0096,4.1462

1772.7780,2.2672,2.2055,5.2313,4.4910,4.2435,8.0096,2.7608,3.5332,8.0096,4.1727

1773.7770,1.8968,2.3290,4.7991,4.7997,4.7992,8.2565,3.0695,3.6155,8.2565,4.2785

1774.7770,1.9585,2.0820,4.6139,4.6762,3.8731,8.1331,3.5634,3.4612,8.1331,4.1286

1775.7770,2.3289,2.0203,4.5521,4.2441,4.4905,8.0713,3.5634,3.5332,8.0713,4.1815

1776.7770,2.2054,2.2055,4.8608,3.9971,4.4905,8.6887,3.4400,3.5332,8.6887,4.2697

1777.7770,1.8968,2.1438,4.6756,3.9354,4.4287,8.3800,3.1313,3.3686,8.3800,4.0845

1778.7770,2.3289,2.9463,4.7991,4.8614,4.4287,8.0096,3.0695,3.7390,8.0096,4.3491

1779.7770,2.2672,2.2055,4.3669,4.9231,5.4166,8.3800,3.8721,3.8419,8.3800,4.4902

1780.7770,1.7733,2.4524,4.3669,4.8614,4.5522,8.3183,3.3165,3.5538,8.3183,4.2344

1781.7770,2.2672,1.4647,4.6139,4.7379,4.3670,8.3800,3.2547,3.4509,8.3800,4.1551

1782.7770,2.0203,1.9585,4.9226,4.4910,4.2435,7.9479,3.0078,3.4406,7.9479,4.0845

1783.7770,2.1437,2.9463,4.7991,4.4910,4.3053,8.0713,3.4400,3.6876,8.0713,4.3138

1784.7770,2.0820,2.0203,5.2313,4.9231,4.3670,7.9479,3.6869,3.7184,7.9479,4.3226

1785.7770,2.9462,2.1438,4.6139,4.3058,4.5522,8.0096,3.4400,3.6670,8.0096,4.2873

1786.7770,2.1437,2.6994,4.8608,4.3058,4.3053,7.9479,3.2547,3.5950,7.9479,4.2168

1787.7770,1.8351,2.3290,5.6017,4.7379,4.4905,8.0096,3.1930,3.6979,8.0096,4.3138

1788.7770,2.5141,1.9585,4.3052,4.5527,4.7375,8.1331,3.3165,3.5641,8.1331,4.2168

1789.7770,2.0820,2.2672,4.9843,4.7997,4.3053,7.9479,3.1313,3.5950,7.9479,4.2168

1790.7770,1.7733,2.3907,4.7991,5.2318,4.5522,8.0096,2.9460,3.6155,8.0096,4.2433

1791.7770,2.2054,2.6376,4.3052,4.4910,4.6757,7.8244,3.1930,3.5847,7.8244,4.1903

1792.7770,2.0203,2.1438,4.3052,4.7379,4.1200,9.9234,3.1930,3.4200,9.9234,4.3491

1793.7770,1.8968,2.2055,4.4286,4.6145,4.3053,8.6270,3.2547,3.4509,8.6270,4.1903

1794.7770,2.2054,2.3290,4.7991,4.6145,4.2435,8.2565,3.8721,3.6773,8.2565,4.3315

1795.7770,1.9585,2.2055,4.7991,4.6762,4.2435,8.0096,3.1930,3.5126,8.0096,4.1551

1796.7770,2.5758,2.1438,4.4286,4.6145,4.3670,6.8366,2.6373,3.4612,6.8366,3.9434

1797.7770,1.6499,2.2055,4.5521,4.4910,4.3670,7.5157,3.5017,3.4612,7.5157,4.0404

1798.7770,2.0203,2.0820,4.7991,4.7997,4.7375,7.9479,3.5634,3.6670,7.9479,4.2785

1799.7770,2.3906,2.0820,4.3052,4.4910,4.3670,7.3922,3.1313,3.4612,7.3922,4.0228

1800.7770,2.2054,2.0820,4.4904,4.4293,4.6757,8.1331,3.5017,3.5641,8.1331,4.2168

1801.7780,1.1561,2.2672,4.6139,4.5527,4.5522,7.8861,2.7608,3.3172,7.8861,3.9699

1802.7770,1.9585,2.1438,4.7991,4.7997,4.1818,9.3061,3.6252,3.5847,9.3061,4.4020

1803.7770,2.5141,2.3290,4.4904,4.8614,4.3053,8.1948,3.3165,3.6361,8.1948,4.2873

1804.7780,1.8351,2.4524,4.9226,4.6145,4.3053,8.1331,3.3165,3.5744,8.1331,4.2256

1805.7770,2.0203,2.4524,4.6756,4.4293,4.2435,8.1948,3.3165,3.5229,8.1948,4.1903

1806.7780,2.0203,2.1438,4.7373,4.6762,4.7375,8.5035,3.3165,3.6053,8.5035,4.3050

1807.7770,1.7733,2.2055,4.6139,4.9849,4.3053,8.1948,3.3782,3.5435,8.1948,4.2080

1808.7770,2.2054,2.0820,4.9226,4.5527,4.4287,8.1948,3.3165,3.5847,8.1948,4.2433

1809.7780,2.3906,1.7733,4.4286,4.6145,4.7375,8.4418,3.1313,3.5126,8.4418,4.2168

1810.7770,2.0203,2.3907,4.4904,4.7379,3.8113,8.8739,3.1313,3.4303,8.8739,4.2080

1811.7770,1.5882,2.2055,4.8608,4.4293,4.7992,8.5652,3.4400,3.5538,8.5652,4.2697

1812.7770,2.2672,2.3290,4.7991,5.2936,3.9965,8.4418,3.1930,3.6464,8.4418,4.3314

1813.7770,2.8844,2.2672,4.5521,4.4910,4.6757,8.0713,2.1434,3.5023,8.0713,4.1550

1814.7770,2.0820,3.3167,3.2556,5.1084,3.8113,8.0713,2.8843,3.4097,8.0713,4.0757

1815.7770,1.7733,2.3907,5.4165,4.8614,4.2435,8.0096,3.1313,3.6361,8.0096,4.2609

1816.7770,1.9585,1.9585,4.7991,4.7379,4.4905,7.7009,2.6373,3.4303,7.7009,4.0404

1817.7770,2.2054,2.3290,4.8608,4.8614,4.5522,7.8244,3.1313,3.6567,7.8244,4.2521

1818.7770,2.0203,2.4524,4.1199,4.6145,4.6140,8.1331,3.1930,3.5023,8.1331,4.1639

1819.7770,1.9585,2.7611,4.4286,4.4910,4.4287,8.0713,3.3165,3.5641,8.0713,4.2080

1820.7770,2.3289,1.0942,4.7373,4.9231,4.3053,8.0096,3.4400,3.4715,8.0096,4.1198

1821.7770,2.0820,2.0203,4.5521,4.6145,4.3670,8.3800,3.5017,3.5229,8.3800,4.2168

1822.7770,1.8351,2.9463,4.1817,4.4293,4.4905,7.8244,3.1313,3.5023,7.8244,4.1198

1823.7770,2.0820,2.0203,4.6139,4.3675,4.7992,8.0096,3.6252,3.5847,8.0096,4.2168

1824.7770,1.9585,2.3907,4.7373,4.6762,4.5522,7.8861,3.6869,3.6670,7.8861,4.2697

1825.7780,2.1437,1.5881,4.5521,4.3675,4.4287,7.8861,3.4400,3.4200,7.8861,4.0580

1826.7770,1.8351,1.9585,4.5521,4.6762,4.1818,8.0713,3.3782,3.4303,8.0713,4.0933

1827.7770,2.2054,2.2055,4.9843,4.7997,4.6757,9.1208,3.0695,3.6567,9.1208,4.4373

1828.7770,1.8968,2.6376,4.4904,5.0466,4.8610,7.8861,2.9460,3.6464,7.8861,4.2521

1829.7770,2.2672,2.2055,4.0582,4.4293,4.3053,8.1331,2.8225,3.3480,8.1331,4.0316

1830.7770,1.8968,2.3290,4.2434,4.7379,3.8731,8.0713,3.3165,3.3994,8.0713,4.0669

1831.7770,2.5141,1.8968,4.2434,4.5527,4.4287,8.2565,3.0695,3.4509,8.2565,4.1374

1832.7780,2.0203,2.5759,4.6139,4.3675,4.6140,7.9479,3.0695,3.5435,7.9479,4.1727

1833.7770,2.3289,2.0820,4.6139,4.4293,4.3053,8.0096,3.1313,3.4818,8.0096,4.1286

1834.7770,2.2054,2.3290,5.0460,4.9231,4.5522,8.0096,3.1313,3.6978,8.0096,4.3138

1835.7770,2.2054,2.2672,4.6139,4.3058,4.7375,7.7627,3.0695,3.5332,7.7627,4.1374

1836.7770,1.7733,2.0820,4.3669,4.5527,4.5522,8.1331,3.6869,3.5024,8.1331,4.1639

1837.7770,1.8351,2.3290,5.4165,4.0589,4.7375,7.8244,3.4400,3.6361,7.8244,4.2345

1838.7770,1.8968,2.0203,4.3669,4.4910,4.2435,8.1948,3.0695,3.3480,8.1948,4.0404

1839.7770,2.4523,2.2055,4.4904,4.7379,4.1200,7.2688,3.4400,3.5744,7.2688,4.1021

1840.7770,2.0820,2.0820,4.5521,4.4910,3.9348,7.8861,3.5634,3.4509,7.8861,4.0845

1841.7770,2.2054,2.4524,4.8608,4.4910,4.9844,8.1331,3.1313,3.6876,8.1331,4.3226

1842.7770,2.0820,1.9585,4.8608,5.5405,4.7992,7.9479,3.2547,3.7493,7.9479,4.3491

1843.7770,2.0820,2.7611,4.6756,4.3058,4.4287,7.8861,3.3165,3.5950,7.8861,4.2080

1844.7770,1.9585,2.1438,4.4286,4.8614,3.9965,8.6887,3.5634,3.4921,8.6887,4.2344

1845.7770,2.2054,2.0820,4.7373,4.6762,4.3670,8.0096,3.0078,3.5126,8.0096,4.1551

1846.7770,1.8351,2.5759,4.6139,4.9231,4.5522,7.8244,3.6869,3.6979,7.8244,4.2874

1847.7780,2.0203,2.3290,4.6139,4.7997,4.0583,8.1948,3.0695,3.4818,8.1948,4.1551

1848.7770,2.4523,2.2672,4.2434,4.4910,4.5522,8.3183,3.9339,3.6567,8.3183,4.3226

1849.7770,2.1437,1.8968,4.4286,4.5527,3.1939,7.9479,3.3165,3.2554,7.9479,3.9257

1850.7780,2.0820,2.2055,3.8730,4.5527,4.7375,7.9479,3.6869,3.5229,7.9479,4.1551

1851.7770,1.3412,2.5759,4.4286,4.4293,4.4287,7.9479,3.2547,3.4098,7.9479,4.0581

1852.7770,1.8968,2.4524,5.3548,4.4293,4.4287,8.1331,3.3782,3.6567,8.1331,4.2962

1853.7770,1.7116,2.2055,4.8608,4.4293,4.6757,8.0713,2.9460,3.4715,8.0713,4.1286

1854.7770,1.8351,2.6376,4.4286,4.4293,4.6140,8.1948,3.4400,3.5641,8.1948,4.2256

1855.7770,1.7116,2.3907,4.4286,4.3675,4.6140,8.4418,3.4400,3.4921,8.4418,4.1992

1856.7770,2.3289,2.2672,3.5025,5.0466,4.1818,8.0713,3.2547,3.4303,8.0713,4.0933

1857.7770,2.0820,2.5759,4.5521,4.3675,4.1200,7.9479,3.6252,3.5538,7.9479,4.1815

1858.7770,1.9585,2.1438,4.6756,4.4293,4.4287,7.8861,3.5017,3.5229,7.8861,4.1462

1859.7770,2.0820,2.1438,4.6756,4.5527,4.9227,8.1331,3.0695,3.5744,8.1331,4.2256

1860.9810,2.2054,2.4524,4.7373,4.3675,4.5522,7.8244,3.0078,3.5538,7.8244,4.1639

1861.7770,2.2672,2.2672,5.1078,4.8614,4.3670,8.0713,3.2547,3.6876,8.0713,4.3138

1862.7770,2.0203,2.0203,4.6139,4.3058,4.4905,7.7627,3.5017,3.4921,7.7627,4.1022

1863.7770,2.0820,1.7733,4.6756,4.3675,4.3670,7.5157,3.1930,3.4097,7.5157,3.9963

1864.7770,2.0820,2.4524,4.7373,4.6145,3.9965,7.7627,3.4400,3.5538,7.7627,4.1551

1865.7770,2.1437,1.9585,5.0460,4.4293,4.3053,7.8861,3.1930,3.5126,7.8861,4.1374

1866.7770,2.1437,2.0820,4.6756,3.9971,4.6757,7.8861,3.1313,3.4509,7.8861,4.0845

1867.7770,1.7733,2.0820,4.7373,4.5527,4.5522,8.2565,4.2426,3.6567,8.2565,4.3138

1868.7770,1.8351,2.2672,4.7373,4.7997,4.4905,7.9479,3.4400,3.5950,7.9479,4.2168

1869.7770,2.2054,1.8351,4.6756,4.7379,4.4905,8.3183,3.1930,3.5229,8.3183,4.2080

1870.7770,2.3289,2.3290,4.3052,4.9231,4.1818,7.9479,3.3165,3.5641,7.9479,4.1903

1871.7770,2.2054,0.9090,5.0460,4.4910,4.5522,7.8244,3.0078,3.3686,7.8244,4.0051

1872.7770,2.3289,2.8846,4.6756,4.6145,4.6140,8.0096,3.1313,3.7081,8.0096,4.3226

1873.7780,2.1437,2.3290,4.6756,4.9231,4.4905,8.1331,3.3782,3.6567,8.1331,4.2962

1874.7770,2.0820,2.2055,4.3052,4.3058,4.6757,8.5035,3.3165,3.4818,8.5035,4.1992

1875.7770,1.7116,2.2055,4.5521,4.5527,4.4905,8.0713,3.7487,3.5435,8.0713,4.1904

1876.7770,2.0203,2.0203,4.3669,4.5527,4.3053,8.1331,3.2547,3.4200,8.1331,4.0933

1877.7770,2.3906,2.2672,4.3052,4.8614,4.3053,8.0096,3.3165,3.5744,8.0096,4.2080

1878.7780,2.2672,2.0820,4.4286,4.1823,4.4905,8.2565,2.8225,3.3789,8.2565,4.0757

1879.7770,2.1437,2.5759,4.4904,4.3058,4.6140,7.9479,3.1313,3.5435,7.9479,4.1727

1880.7780,2.0203,2.4524,4.4904,4.6762,4.2435,8.1331,3.0078,3.4818,8.1331,4.1462

1881.7770,2.1437,2.1438,4.8608,4.6145,4.3053,7.8861,3.1930,3.5435,7.8861,4.1639

1882.7770,2.2054,2.3290,4.5521,4.4293,4.6757,7.8861,3.2547,3.5744,7.8861,4.1903

1883.7770,2.4523,2.1438,4.4904,4.0589,4.3670,8.0713,3.0078,3.4200,8.0713,4.0845

1884.7770,3.0079,2.4524,4.5521,4.6145,4.3053,7.8861,3.2547,3.6978,7.8861,4.2962

1885.7770,1.9585,2.2055,4.6756,4.3058,4.7375,9.4295,3.5634,3.5744,9.4295,4.4108

1886.7780,1.9585,2.2672,4.4286,4.4910,4.3053,8.3800,3.3165,3.4612,8.3800,4.1639

1887.7770,1.7733,2.3290,4.7991,4.5527,4.4905,7.6392,3.4400,3.5641,7.6392,4.1463

1888.7770,2.2672,2.0820,5.1695,4.5527,4.2435,8.0096,3.6252,3.6567,8.0096,4.2785

1889.7770,1.7116,2.2055,4.7373,4.4910,4.4905,7.8244,3.8104,3.5744,7.8244,4.1815

1890.7770,2.0203,2.3907,5.0460,4.8614,4.6140,7.8861,3.2547,3.6979,7.8861,4.2962

1891.7770,2.3289,2.0820,4.4904,4.3058,4.5522,8.2565,3.6252,3.5641,8.2565,4.2344

1892.7770,2.2054,2.6994,5.0460,4.6145,4.1818,7.8861,3.3782,3.6876,7.8861,4.2874

1893.7770,2.8227,2.3290,4.6756,4.3675,4.6140,7.7009,3.1930,3.6670,7.7009,4.2432

1894.7770,1.8968,2.0203,4.6756,4.4910,3.9965,7.8861,3.5634,3.4406,7.8861,4.0757

1895.7770,1.0943,2.3907,4.1199,4.6145,4.3670,8.0713,3.3165,3.3172,8.0713,3.9963

1896.7770,2.2054,2.0820,4.4286,4.4293,4.4905,8.0713,3.0078,3.4406,8.0713,4.1021

1897.7770,2.1437,2.2672,4.3052,4.3058,4.2435,8.2565,3.1930,3.4097,8.2565,4.1021

1898.7770,2.2672,2.5759,4.4904,4.7379,4.4287,8.0096,2.9460,3.5744,8.0096,4.2080

1899.7770,2.1437,2.0820,4.1817,4.5527,4.5522,8.0096,3.3165,3.4715,8.0096,4.1198

1900.7770,2.0203,2.2672,4.6756,4.6762,4.1200,8.1948,3.0078,3.4612,8.1948,4.1374

1901.7780,2.2054,2.0820,4.6139,4.1823,4.6757,7.8861,3.2547,3.5024,7.8861,4.1286

1902.7770,2.0203,2.3290,4.7991,4.5527,4.4287,7.8244,3.3165,3.5744,7.8244,4.1815

1903.7770,2.1437,1.7733,4.6139,4.4910,4.5522,8.0713,2.7608,3.3892,8.0713,4.0580

1904.7770,1.8968,2.2055,4.0582,4.6145,5.1697,8.1331,3.0695,3.5024,8.1331,4.1639

1905.7770,2.0820,2.5142,4.3669,4.9231,4.4905,8.0096,3.3165,3.6155,8.0096,4.2433

1906.7780,1.8968,2.3290,4.7991,4.4293,4.7375,7.9479,3.3165,3.5847,7.9479,4.2080

1907.7770,2.1437,2.2672,4.6139,4.1823,4.4905,7.8244,3.1930,3.4818,7.8244,4.1021

1908.7770,1.9585,2.0203,4.7373,4.3675,4.8610,8.2565,3.1930,3.5229,8.2565,4.1992

1909.7770,1.8968,2.1438,4.6756,3.4415,4.8610,7.7627,3.6869,3.4509,7.7627,4.0669

1910.7770,1.9585,1.8968,4.5521,4.3675,4.4287,7.8244,3.5017,3.4509,7.8244,4.0757

1911.7770,1.9585,2.4524,3.8112,4.7997,4.3670,8.0096,3.1313,3.4200,8.0096,4.0757

1912.7770,2.4523,2.0820,4.4904,4.2441,4.5522,8.3183,3.7487,3.5950,8.3183,4.2697

1913.7770,2.3906,2.3290,4.3669,4.3675,4.6757,8.2565,3.7487,3.6464,8.2565,4.3050

1914.7780,2.8227,2.2055,4.5521,4.4293,4.3670,7.8861,2.5756,3.4920,7.8861,4.1198

1915.7770,1.5882,2.2672,4.8608,4.4910,4.7992,8.2565,3.0695,3.5127,8.2565,4.1904

1916.7770,2.2672,2.4524,4.6756,4.1206,4.2435,8.1331,3.1313,3.4818,8.1331,4.1462

1917.7770,1.5882,2.4524,4.7991,4.3675,4.5522,7.9479,2.9460,3.4509,7.9479,4.0933

1918.7770,2.0203,2.5142,4.5521,4.6762,4.1200,7.8861,3.3782,3.5435,7.8861,4.1639

1919.7770,2.0203,1.0942,4.4286,4.5527,3.9348,8.1331,3.5634,3.2657,8.1331,3.9610

1920.7780,2.5758,2.4524,4.3669,4.6762,4.3053,7.8861,3.4400,3.6361,7.8861,4.2432

1921.7770,2.0820,2.1438,4.7991,4.6145,4.3670,8.6887,3.3165,3.5538,8.6887,4.2874

1922.7770,2.3289,2.0820,4.9843,4.7379,4.3053,8.0096,3.1313,3.5949,8.0096,4.2256

1923.7770,2.0820,2.0820,4.7991,4.4293,4.9227,8.4418,3.3165,3.6053,8.4418,4.2962

1924.7770,2.0203,2.0203,4.6139,4.6145,4.5522,8.4418,2.6991,3.4200,8.4418,4.1374

1925.7770,2.3289,1.9585,4.5521,4.6762,4.6140,7.7627,3.1930,3.5538,7.7627,4.1551

1926.7770,1.7733,2.2055,4.4286,4.4293,4.7375,8.5035,3.5634,3.5229,8.5035,4.2344

1927.7770,1.8968,2.1438,5.1695,4.3675,4.3670,8.2565,3.0695,3.5024,8.2565,4.1815

1928.7770,2.2054,2.3907,4.3669,4.6145,4.4287,8.0096,2.9460,3.4920,8.0096,4.1374

1929.7770,1.8351,2.5142,4.1199,4.5527,4.5522,8.2565,3.2547,3.4715,8.2565,4.1551

1930.7770,2.1437,2.1438,4.9226,4.4293,4.3670,8.1331,3.3782,3.5641,8.1331,4.2168

1931.7770,2.2672,2.2055,4.3052,4.3675,4.1818,8.1948,2.9460,3.3789,8.1948,4.0669

1932.7770,1.9585,2.1438,4.7373,4.3675,4.2435,8.1331,3.4400,3.4818,8.1331,4.1462

1933.7770,2.0203,2.2055,4.6139,4.7379,4.3670,8.5652,3.3782,3.5538,8.5652,4.2697

1934.7770,2.6375,1.8351,4.7991,4.3058,4.4287,7.9479,3.3782,3.5641,7.9479,4.1903

1935.7770,1.9585,2.5759,4.8608,4.9231,4.5522,8.0096,3.1313,3.6670,8.0096,4.2874

1936.7770,2.1437,2.2055,4.7373,4.1823,4.6140,7.8244,3.3165,3.5332,7.8244,4.1462

1937.7770,1.8351,2.0203,4.4286,4.6762,4.1200,8.1331,3.1930,3.3789,8.1331,4.0580

1938.7770,2.2672,2.0820,4.4904,4.6145,4.6140,7.5157,3.3782,3.5744,7.5157,4.1374

1939.7780,2.0203,2.0203,4.4286,4.5527,4.9844,8.3183,2.9460,3.4921,8.3183,4.1815

1940.7770,2.2054,2.4524,4.6139,4.6762,4.3053,8.2565,3.0078,3.5435,8.2565,4.2168

1941.7770,2.2054,2.1438,4.4904,4.6145,4.3053,8.0713,3.3165,3.5126,8.0713,4.1639

1942.7770,1.8351,2.2055,4.4286,4.7379,4.3670,8.6270,3.0695,3.4406,8.6270,4.1815

1943.7770,2.4523,2.3290,4.3669,4.4910,4.4287,8.0713,2.8843,3.4920,8.0713,4.1462

1944.7770,2.0203,2.0820,5.0460,5.2318,4.6140,8.1331,3.0695,3.6773,8.1331,4.3138

1945.7770,1.8968,2.2672,4.6139,4.5527,4.2435,8.1331,3.5017,3.5126,8.1331,4.1727

1946.7770,1.8351,2.2055,4.4904,4.9849,6.1576,8.0713,3.4400,3.8522,8.0713,4.4550

1947.7770,2.5141,2.3907,4.4904,4.3058,4.4287,8.0713,2.7608,3.4818,8.0713,4.1374

1948.7770,1.8968,2.0203,4.3052,4.5527,4.4287,8.1331,3.5017,3.4509,8.1331,4.1198

1949.7770,1.8968,2.2055,4.3052,4.9231,3.9965,8.0713,3.1313,3.4097,8.0713,4.0757

1950.7770,1.5882,2.2055,4.7991,4.4910,4.6757,8.1948,2.8843,3.4406,8.1948,4.1198

1951.7770,1.9585,2.5142,4.5521,4.7379,4.4287,8.0713,2.8843,3.5126,8.0713,4.1639

1952.7770,2.9462,2.3907,4.4904,4.4910,4.6140,8.2565,3.6252,3.7596,8.2565,4.4020

1953.7770,2.2672,2.2055,4.4904,3.9971,4.1200,8.1948,3.2547,3.3892,8.1948,4.0757

1954.7770,2.1437,2.5142,4.4904,4.3675,4.3053,7.8861,3.1930,3.5023,7.8861,4.1286

1955.7770,1.8968,2.1438,4.5521,4.7379,4.6757,8.1948,3.1313,3.5229,8.1948,4.1903

1956.7770,1.8351,2.3290,4.5521,4.2441,4.5522,8.2565,3.1313,3.4406,8.2565,4.1286

1957.7770,1.9585,2.0820,4.6756,4.1823,4.6757,8.0713,3.1313,3.4509,8.0713,4.1110

1958.7770,1.8351,2.3907,4.3052,4.7997,4.6140,7.8861,3.1313,3.5126,7.8861,4.1374

1959.7770,2.5141,2.4524,4.9226,4.5527,4.4905,8.2565,2.9460,3.6464,8.2565,4.3050

1960.7770,2.0820,2.0820,4.2434,4.6762,4.1818,7.7627,3.3782,3.4406,7.7627,4.0580

1961.7770,1.9585,2.1438,4.6139,4.1823,4.6140,8.2565,3.4400,3.4921,8.2565,4.1727

1962.7770,2.2054,1.8351,4.6139,4.9849,4.4905,8.1331,3.0078,3.5229,8.1331,4.1815

1963.7780,1.2795,2.8846,4.3669,5.0466,4.3670,7.9479,2.8843,3.4715,7.9479,4.1110

1964.7770,1.8968,2.4524,4.4904,4.6762,4.5522,7.8861,3.0695,3.5229,7.8861,4.1462

1965.7780,1.8968,2.1438,4.0582,2.8859,4.8610,8.2565,3.2547,3.1834,8.2565,3.9081

1966.7780,2.3289,2.0203,4.3669,5.0466,3.9348,8.0096,3.5017,3.5332,8.0096,4.1727

1967.7780,2.5758,2.2055,4.7373,4.6762,4.4287,7.6392,3.0078,3.6052,7.6392,4.1815

1968.7770,2.0203,2.0820,4.7373,4.4293,3.7496,7.7009,3.5017,3.4200,7.7009,4.0316

1969.7770,2.3906,2.2055,5.1695,4.8614,4.4287,8.2565,2.5138,3.5949,8.2565,4.2609

1970.7770,1.7116,2.2672,4.3669,4.5527,4.5522,8.6270,3.3782,3.4715,8.6270,4.2080

1971.7770,2.2672,1.8351,4.7373,5.4788,4.6140,8.0096,3.0078,3.6567,8.0096,4.2785

1972.7770,1.8968,1.9585,4.6139,4.5527,4.1818,8.1331,4.3043,3.5847,8.1331,4.2344

1973.7770,2.0203,2.3290,4.5521,5.2936,3.6261,8.0713,3.2547,3.5126,8.0713,4.1639

1974.7770,2.0203,1.6499,4.3052,4.7379,4.1818,8.0096,3.3782,3.3789,8.0096,4.0404

1975.7770,1.9585,2.0203,4.7373,4.1206,4.4287,7.9479,3.6869,3.4921,7.9479,4.1286

1976.7770,1.3412,2.1438,4.7991,4.5527,4.5522,8.0096,2.8225,3.3686,8.0096,4.0316

1977.7770,1.7733,2.3907,5.2313,4.5527,4.4287,7.8861,4.0574,3.7390,7.8861,4.3315

1978.7770,2.6375,2.2672,4.4904,4.5527,3.8113,8.5652,2.4521,3.3686,8.5652,4.1109

1979.7770,2.5758,2.5759,4.4904,4.5527,4.1818,7.9479,3.3165,3.6155,7.9479,4.2344

1980.7770,2.0203,2.3907,4.5521,4.6762,4.4287,7.7627,3.0078,3.5126,7.7627,4.1198

1981.7770,1.8968,2.1438,4.5521,3.9354,4.2435,8.3183,3.1313,3.3171,8.3183,4.0316

1982.7780,2.2054,2.3907,4.6756,4.4910,4.3053,8.4418,3.0078,3.5126,8.4418,4.2168

1983.7770,2.0820,2.2055,4.2434,4.5527,4.2435,8.1331,3.3782,3.4509,8.1331,4.1198

1984.7770,2.3906,2.0820,4.6139,4.5527,4.5522,7.7009,3.2547,3.5744,7.7009,4.1639

1985.7770,2.0203,2.4524,4.4286,5.1701,4.1200,8.1948,2.6991,3.4818,8.1948,4.1550

1986.7770,1.8968,2.3907,4.2434,5.0466,4.1818,7.9479,3.1930,3.4921,7.9479,4.1286

1987.7770,2.0820,2.0203,4.7373,5.5405,4.6757,7.9479,3.3165,3.7287,7.9479,4.3315

1988.7770,2.1437,3.3785,5.0460,4.3058,4.4287,7.9479,3.3165,3.7699,7.9479,4.3667

1989.7770,2.2054,2.5759,4.6756,5.5405,4.8610,7.8244,3.2547,3.8522,7.8244,4.4196

1990.7770,2.0820,2.0820,4.4286,4.6145,4.4287,8.2565,3.6252,3.5435,8.2565,4.2168

1991.7770,1.9585,2.0820,4.6139,4.6145,4.6140,7.9479,3.2547,3.5229,7.9479,4.1551

1992.7770,2.0820,2.0203,4.4904,4.4910,4.8610,7.9479,3.1313,3.5126,7.9479,4.1462

1993.7770,2.0820,2.0203,4.5521,4.6145,3.9965,8.0096,3.3165,3.4303,8.0096,4.0845

1994.7770,2.0203,2.2672,4.6756,4.4910,4.7992,8.0096,3.1313,3.5641,8.0096,4.1992

1995.7770,2.3289,2.4524,4.3052,4.9231,4.3670,8.0096,3.9956,3.7287,8.0096,4.3403

1996.7770,2.2672,2.1438,5.1078,5.7874,4.4905,7.8861,3.1930,3.8316,7.8861,4.4108

1997.7780,2.2054,2.3290,4.6139,4.1206,4.3053,8.3183,3.1313,3.4509,8.3183,4.1462

1998.7770,2.3289,2.2672,4.4904,4.2441,4.1818,8.1948,3.0695,3.4303,8.1948,4.1110

1999.7770,2.2672,2.2055,4.4904,4.6145,4.6140,7.7009,3.2547,3.5744,7.7009,4.1639

2000.7780,2.0203,2.3290,5.2930,4.4910,4.3053,8.0713,3.1313,3.5950,8.0713,4.2344

2001.7770,2.1437,2.8228,4.9226,4.5527,4.4905,8.0713,3.3782,3.7184,8.0713,4.3403

2002.7770,1.9585,2.4524,4.8608,4.4910,4.9844,8.0096,3.3782,3.6876,8.0096,4.3050

2003.7770,2.4523,1.2177,4.8608,4.6762,4.7375,8.3183,3.1313,3.5126,8.3183,4.1992

2004.7770,1.9585,2.6994,4.5521,4.5527,4.6140,7.8861,3.4400,3.6361,7.8861,4.2433

2005.7780,2.2672,2.0203,4.6139,4.2441,4.8610,8.0096,3.3165,3.5538,8.0096,4.1903

2006.7780,1.9585,2.2672,4.5521,4.7997,4.4905,8.0096,3.6252,3.6155,8.0096,4.2433

2007.7770,2.2672,2.4524,4.3669,4.6762,4.1818,8.1331,3.1313,3.5126,8.1331,4.1727

2008.7770,2.2672,2.5759,4.4286,4.7379,4.3670,8.3183,3.3165,3.6155,8.3183,4.2873

2009.7770,2.1437,2.2055,3.9965,4.3675,4.4905,7.9479,3.7487,3.4921,7.9479,4.1286

2010.7770,1.7116,2.2672,4.7373,5.1084,4.5522,8.1948,3.4400,3.6361,8.1948,4.2874

2011.7780,2.0820,2.3907,4.3052,4.5527,4.4287,8.0096,3.1930,3.4921,8.0096,4.1374

2012.7780,1.7733,2.2055,4.6756,4.6762,4.3053,7.8861,3.4400,3.5126,7.8861,4.1374

2013.7770,2.0820,2.3907,4.6139,4.4293,4.3053,8.4418,2.9460,3.4612,8.4418,4.1727

2014.7770,1.8968,2.3290,4.9843,4.4293,4.8610,8.0713,3.2547,3.6258,8.0713,4.2609

2015.7770,2.1437,2.5142,4.3052,4.6762,4.9227,8.1948,3.3782,3.6567,8.1948,4.3050

2016.7780,1.7116,2.0820,4.7991,4.4293,4.4287,8.1331,3.4400,3.4818,8.1331,4.1463

2017.7770,2.0203,1.6499,4.7991,4.7379,4.3053,8.3800,3.2547,3.4612,8.3800,4.1639

2018.7770,2.0203,2.0203,4.7991,4.3675,4.3053,8.0713,3.5634,3.5126,8.0713,4.1639

2019.7770,2.2054,2.2672,5.1695,4.6145,4.3670,8.1331,3.2547,3.6464,8.1331,4.2874

2020.7770,2.1437,2.2055,4.6756,4.7997,4.6757,8.3183,3.1930,3.6155,8.3183,4.2874

2021.7780,2.3906,2.0203,4.5521,4.9231,5.1697,7.1453,3.3165,3.7287,7.1453,4.2168

2022.7770,2.1437,2.4524,4.1817,4.7997,5.8488,8.3183,2.8225,3.7081,8.3183,4.3667

2023.7770,2.2054,2.3907,4.3052,4.4293,4.2435,8.1331,2.8843,3.4097,8.1331,4.0845

2024.7770,1.8351,2.2672,4.7373,4.6762,4.4287,7.8244,3.6252,3.5950,7.8244,4.1992

2025.7770,2.2672,2.5142,4.6139,4.4910,4.6140,8.0096,3.1313,3.6052,8.0096,4.2344

2026.7770,2.2054,2.2672,4.7373,4.4910,4.3053,8.3183,2.9460,3.4921,8.3183,4.1815

2027.7770,1.8351,2.0203,4.6756,4.4910,4.6140,8.3183,3.4400,3.5126,8.3183,4.1992

2028.7770,1.9585,2.4524,4.7991,4.7997,4.3053,9.4295,2.6373,3.4921,9.4295,4.3403

2029.7770,2.2054,2.3907,4.5521,4.0589,4.6140,7.8244,3.0695,3.4818,7.8244,4.1021

2030.7770,1.8351,2.2055,4.4904,4.7379,4.6757,8.4418,3.3165,3.5435,8.4418,4.2433

2031.7780,2.2672,2.5142,4.4286,4.6145,4.4287,8.0096,2.7608,3.5023,8.0096,4.1462

2032.7780,1.9585,2.2672,4.5521,4.7997,4.3053,8.4418,3.3165,3.5332,8.4418,4.2344

2033.7770,0.9709,1.8351,4.7373,4.7379,4.3670,8.3800,3.3165,3.3275,8.3800,4.0492

2034.7770,2.3289,2.2672,4.5521,4.4293,4.3670,7.5775,2.8843,3.4715,7.5775,4.0580

2035.7770,1.8968,2.2055,4.5521,4.3675,4.5522,8.2565,3.0695,3.4406,8.2565,4.1286

2036.7770,2.1437,2.0203,4.6139,4.6145,4.9227,8.2565,3.2547,3.5950,8.2565,4.2609

2037.7770,2.3289,2.0820,4.7373,4.6145,5.0462,8.3183,3.2547,3.6773,8.3183,4.3403

2038.7770,2.2054,2.0820,4.5521,4.6145,5.0462,8.1948,3.2547,3.6258,8.1948,4.2785

2039.7770,2.0820,2.2672,4.4904,4.4910,4.3053,8.0713,2.9460,3.4303,8.0713,4.0933

2040.7770,2.3906,2.2672,4.8608,4.4910,4.2435,8.1331,3.0695,3.5538,8.1331,4.2080

2041.7770,2.0203,2.0820,4.0582,4.4910,4.4905,8.1948,3.1313,3.3789,8.1948,4.0669

2042.7770,1.7116,2.3290,4.8608,4.4293,4.6140,8.1331,3.3782,3.5538,8.1331,4.2080

2043.7770,2.8227,1.8351,4.3052,4.7379,4.2435,7.9479,3.0695,3.5023,7.9479,4.1374

2044.7780,2.2672,2.2055,4.8608,4.6145,4.2435,8.0096,3.2547,3.5744,8.0096,4.2080

2045.7770,1.9585,2.0203,4.6139,3.9354,4.8610,7.5775,3.1313,3.4200,7.5775,4.0140

2046.7780,1.9585,1.7733,4.3669,4.6145,4.2435,7.8861,3.5017,3.4097,7.8861,4.0492

2047.7770,2.1437,1.9585,4.5521,4.6762,5.0462,7.7009,3.4400,3.6361,7.7009,4.2168

2048.7770,2.6375,2.5142,4.5521,4.3675,4.3053,8.1331,3.2547,3.6052,8.1331,4.2521

2049.7770,2.5141,2.0820,4.3052,4.7997,4.2435,7.7627,3.4400,3.5641,7.7627,4.1639

2050.7770,1.8968,2.7611,4.5521,4.4910,3.9348,8.3800,3.0695,3.4509,8.3800,4.1551

2051.7770,1.8351,3.6872,3.9965,5.0466,4.3053,8.8122,3.3782,3.7081,8.8122,4.4373

2052.7770,2.5141,2.3290,4.3052,4.6762,4.3053,8.1948,2.8225,3.4920,8.1948,4.1639

2053.7770,2.0203,2.6376,4.7991,4.4910,4.3670,8.0713,3.2547,3.5950,8.0713,4.2344

2054.7770,2.0820,2.2672,4.2434,4.6762,5.6636,8.3183,3.3165,3.7082,8.3183,4.3667

2055.7780,2.1437,2.5142,4.5521,4.6145,3.8113,8.5652,3.0695,3.4509,8.5652,4.1815

2056.7770,2.3906,1.8968,4.7991,4.4910,4.9844,8.3183,3.1313,3.6155,8.3183,4.2874

2057.7770,0.4153,1.5264,4.5521,4.6145,4.3053,8.1948,3.3782,3.1320,8.1948,3.8552

2058.7770,2.1437,1.8351,4.9843,4.4293,4.3670,7.8861,3.0695,3.4715,7.8861,4.1021

2059.7770,2.1437,2.4524,4.6139,5.1084,4.5522,7.8861,3.1930,3.6773,7.8861,4.2785

2060.7770,1.9585,2.0820,4.7991,4.1206,4.3053,8.1948,2.9460,3.3686,8.1948,4.0580

2061.7770,2.1437,2.6994,4.9226,4.6145,4.1200,8.1331,3.6252,3.6876,8.1331,4.3226

2062.7770,1.9585,2.0203,4.4904,4.7379,4.1200,8.2565,4.4278,3.6258,8.2565,4.2874

2063.7770,2.0203,2.3290,4.4904,4.6145,4.4287,8.6887,3.3782,3.5435,8.6887,4.2785

2064.7770,1.8351,2.3290,4.5521,4.5527,4.4905,8.6270,3.5017,3.5435,8.6270,4.2697

2065.7770,2.2672,2.0820,4.3669,4.4293,4.6140,8.1331,2.9460,3.4509,8.1331,4.1198

2066.7770,1.6499,2.0203,4.9843,4.3675,4.5522,8.0096,3.3782,3.4921,8.0096,4.1374

2067.7770,2.3906,2.2672,4.6139,4.0589,4.3670,8.3183,3.3165,3.5023,8.3183,4.1903

2068.7770,2.0820,2.0203,4.7991,4.7379,4.9844,8.4418,3.1930,3.6361,8.4418,4.3226

2069.7780,2.0203,2.2055,4.6756,4.5527,4.2435,7.7009,3.1930,3.4818,7.7009,4.0845

2070.7770,2.0203,2.6994,4.4286,4.4293,4.4905,8.0096,3.1313,3.5332,8.0096,4.1727

2071.7770,2.0203,2.3907,4.1817,4.2441,4.4287,8.3800,3.1313,3.3995,8.3800,4.1110

2072.7770,1.9585,2.3290,4.3669,4.4293,4.3670,8.1331,3.3782,3.4715,8.1331,4.1374

2073.7770,2.1437,2.2055,4.5521,4.4910,4.6757,8.4418,3.5634,3.6052,8.4418,4.2962

2074.7770,0.6005,3.1315,4.3669,4.5527,4.3053,8.0713,3.4400,3.3995,8.0713,4.0669

2075.7770,1.7733,2.1438,4.6139,5.1084,4.4905,7.8244,3.1930,3.5538,7.8244,4.1639

2076.7770,2.2054,2.2055,5.0460,4.7379,4.7375,7.8861,2.9460,3.6464,7.8861,4.2521

2077.7770,1.5264,2.6376,4.9226,4.9849,4.4905,8.0096,3.3165,3.6464,8.0096,4.2697

2078.7770,2.0820,2.2672,3.0086,4.9849,4.3053,8.0096,3.0078,3.2760,8.0096,3.9522

2079.7770,2.2054,2.8228,4.9226,4.3058,4.6757,8.1331,3.1313,3.6773,8.1331,4.3138

2080.7770,1.9585,2.2672,4.6139,4.3675,4.3670,8.2565,3.5017,3.5126,8.2565,4.1903

2081.7770,1.6499,1.9585,4.5521,4.6762,4.3053,8.1948,3.3165,3.4098,8.1948,4.0933

2082.7770,1.8351,2.3290,4.5521,4.8614,4.5522,8.0096,3.3165,3.5744,8.0096,4.2080

2083.7770,2.0203,2.0203,4.7991,4.1206,4.6757,8.1948,3.1930,3.4715,8.1948,4.1462

2084.7780,1.8968,2.2672,4.1199,4.9849,4.3670,7.8861,3.1930,3.4715,7.8861,4.1021

2085.7770,2.0820,2.2055,4.3669,4.7379,4.6757,7.8244,3.5017,3.5950,7.8244,4.1992

2086.7770,1.9585,2.0203,4.2434,4.6762,4.3053,8.0096,3.3165,3.4200,8.0096,4.0757

2087.7770,2.2054,2.4524,4.1199,4.6762,4.6140,8.0713,3.4400,3.5847,8.0713,4.2256

2088.7770,1.1561,1.8968,4.5521,4.4910,4.4905,8.0096,3.3782,3.3275,8.0096,3.9963

2089.7770,2.3289,2.0820,4.4286,4.7997,4.2435,7.8244,3.1930,3.5126,7.8244,4.1286

2090.7770,2.1437,2.1438,4.7373,4.4293,4.3053,7.9479,3.1930,3.4921,7.9479,4.1286

2091.7770,2.5141,2.4524,4.6139,4.4910,4.3053,8.1331,3.0078,3.5641,8.1331,4.2168

2092.7770,2.1437,2.0203,4.4286,4.4910,4.4905,7.4540,3.3782,3.4921,7.4540,4.0580

2093.7770,1.9585,2.2055,4.4286,4.5527,4.1818,8.6887,3.1930,3.4200,8.6887,4.1727

2094.7770,2.0203,2.0203,4.1199,4.6762,4.2435,8.5035,3.1313,3.3686,8.5035,4.1021

2095.7770,2.2054,2.2055,4.9843,4.6145,4.4287,8.7504,3.1930,3.6052,8.7504,4.3403

2097.0990,2.1437,1.8351,4.8608,3.1328,4.9844,8.1331,3.1313,3.3480,8.1331,4.0316

2098.6360,2.3289,2.2672,5.2313,4.7997,4.2435,8.0713,3.0695,3.6567,8.0713,4.2873

2099.0000,1.7116,2.1438,4.7991,4.4910,4.6140,8.1331,3.1313,3.4818,8.1331,4.1463

2099.7800,2.4523,2.2672,5.0460,4.4910,4.3670,8.2565,3.0695,3.6155,8.2565,4.2785

2100.7770,2.0820,2.1438,4.6756,4.4910,4.8610,8.4418,3.0695,3.5538,8.4418,4.2521

2101.7770,2.5758,2.0203,5.3548,4.7379,4.2435,7.8861,3.2547,3.6978,7.8861,4.2962

2102.7770,2.5141,2.2055,4.3669,4.6762,4.5522,7.5157,3.0078,3.5538,7.5157,4.1198

2103.7770,2.8227,2.3907,4.4286,4.3058,4.3670,8.0713,2.6991,3.5023,8.0713,4.1550

2104.7770,2.0820,2.5759,4.4286,4.7997,4.4905,7.9479,3.3165,3.6155,7.9479,4.2344

2105.7770,1.9585,2.2672,4.6139,5.1084,4.7375,7.9479,3.1313,3.6361,7.9479,4.2521

2106.7770,2.3906,2.2055,4.6139,4.4910,4.3053,8.1948,3.1313,3.5229,8.1948,4.1903

2107.7770,2.6375,2.1438,4.4904,4.6762,4.2435,7.9479,3.1930,3.5641,7.9479,4.1903

2108.7770,2.0203,2.1438,4.1817,4.6762,4.8610,7.8861,3.5017,3.5641,7.8861,4.1815

2109.7770,1.8968,2.2672,3.8112,4.6762,4.6140,8.3183,3.3165,3.4303,8.3183,4.1286

2110.7770,1.8968,2.3290,4.7373,4.5527,4.6140,8.1331,4.2426,3.7287,8.1331,4.3579

2111.7770,2.2054,1.9585,4.6756,4.7379,4.5522,7.8244,3.3165,3.5744,7.8244,4.1815

2112.7770,2.5141,2.2055,4.4904,4.3058,4.5522,8.5652,3.4400,3.5847,8.5652,4.2962

2113.7770,1.8968,1.8351,4.3052,4.5527,4.1818,8.2565,3.3782,3.3583,8.2565,4.0580

2114.7770,1.8351,2.2055,4.4904,4.5527,4.3053,8.6270,3.5634,3.4921,8.6270,4.2256

2115.7770,2.2054,2.6376,5.0460,4.6145,4.3053,7.9479,3.2547,3.6773,7.9479,4.2874

2116.7770,1.8968,1.9585,4.6756,4.1823,3.8731,8.5652,3.0078,3.2657,8.5652,4.0228

2117.7770,2.3289,2.2672,4.5521,4.5527,4.9844,8.3183,3.3782,3.6773,8.3183,4.3403

2118.7770,1.7116,2.5142,4.3669,4.6145,4.4287,8.0096,3.3165,3.4921,8.0096,4.1374

2119.7780,1.9585,2.2055,4.3669,4.6145,3.9965,8.0096,3.3165,3.4097,8.0096,4.0669

2120.7770,2.0203,2.0820,4.5521,4.8614,4.3053,8.3183,3.4400,3.5435,8.3183,4.2256

2121.7770,1.9585,2.5142,4.6139,4.6145,4.1818,7.9479,3.2547,3.5229,7.9479,4.1551

2122.7770,2.0820,2.1438,4.1199,4.6145,4.1200,8.2565,2.7608,3.3068,8.2565,4.0139

2123.7770,2.2054,2.1438,4.6139,4.4910,4.9227,8.0713,3.1313,3.5847,8.0713,4.2256

2124.7770,1.9585,2.3907,4.6139,5.1701,4.3670,7.9479,3.1313,3.6052,7.9479,4.2256

2125.7770,2.0203,2.1438,4.2434,4.6145,4.5522,7.8244,3.3782,3.4921,7.8244,4.1110

2126.7770,2.0820,2.0820,4.6139,4.3675,4.6140,8.1331,3.1930,3.4921,8.1331,4.1551

2127.7770,2.3289,2.0203,4.7991,4.6762,4.4287,7.7627,3.1313,3.5641,7.7627,4.1639

2128.7770,2.3906,2.0820,4.3669,4.4293,4.3053,8.3183,3.1313,3.4509,8.3183,4.1462

2129.7770,2.2054,2.0820,5.1078,4.4293,4.2435,7.8861,3.1930,3.5435,7.8861,4.1639

2130.7780,1.3412,2.7611,4.1199,4.8614,4.2435,8.0713,2.8843,3.3686,8.0713,4.0404

2131.7770,2.2672,4.5515,5.2930,4.1206,4.7375,7.8861,2.9460,3.9860,7.8861,4.5431

2132.7770,2.0203,3.2550,3.8112,4.7997,4.1200,8.3183,2.9460,3.4920,8.3183,4.1815

2133.7770,1.7733,2.1438,4.6756,4.9849,4.5522,8.0096,3.5634,3.6155,8.0096,4.2433

2134.7770,1.2178,2.6994,4.3669,4.4910,4.4905,7.8861,3.1930,3.4098,7.8861,4.0492

2135.7770,1.9585,2.1438,4.1817,4.5527,4.0583,8.0713,3.1313,3.3377,8.0713,4.0139

2136.7770,3.0696,2.5142,4.6139,4.6145,4.4905,7.7627,3.3782,3.7801,7.7627,4.3491

2137.7770,1.7116,1.8351,4.6139,4.7379,3.9965,8.0713,3.3165,3.3686,8.0713,4.0404

2138.7770,2.2054,2.6994,4.9226,4.6145,4.2435,7.9479,3.2547,3.6567,7.9479,4.2697

2139.7770,2.6993,2.4524,4.4286,3.8737,4.2435,7.7627,3.3165,3.5023,7.7627,4.1110

2140.7770,1.7116,2.0203,4.3669,4.7379,4.1818,8.0713,3.7487,3.4612,8.0713,4.1198

2141.7770,1.9585,2.5142,4.7373,4.3675,4.5522,8.0096,3.2547,3.5641,8.0096,4.1992

2142.7770,2.3906,2.0203,4.5521,4.3058,4.4905,8.1948,4.1191,3.6464,8.1948,4.2962

2143.7770,2.0820,2.7611,4.5521,4.4910,4.4905,7.8861,3.1313,3.5847,7.8861,4.1992

2144.7770,2.0203,2.0820,4.6756,4.3675,4.6140,7.9479,3.8104,3.5950,7.9479,4.2168

2145.7770,1.5264,2.2055,5.0460,4.4910,4.8610,8.0096,3.1313,3.5435,8.0096,4.1815

2146.7770,2.2672,2.2055,4.4286,4.7379,4.0583,7.9479,3.2547,3.4920,7.9479,4.1286

2147.7770,2.2054,2.3907,4.1817,4.6762,4.3053,7.8861,2.7608,3.4200,7.8861,4.0580

2148.7770,1.6499,2.2672,4.7991,4.4910,4.4287,7.5775,3.5634,3.5332,7.5775,4.1110

2149.7770,2.0820,2.0203,5.0460,4.5527,4.3670,8.0713,2.8843,3.4921,8.0713,4.1462

2150.7770,2.2672,2.3907,4.3669,5.8492,4.4905,7.8244,3.2547,3.7699,7.8244,4.3491

2151.7770,2.3289,2.3907,4.3669,4.2441,4.3670,8.1948,3.1930,3.4818,8.1948,4.1551

2152.7770,1.6499,1.8968,4.8608,4.1823,4.5522,8.1331,3.0695,3.3686,8.1331,4.0492

2153.7770,1.8968,2.1438,4.6139,4.4910,4.4287,8.0713,3.5017,3.5126,8.0713,4.1639

2154.7770,2.6375,1.7733,4.5521,5.0466,4.1200,8.0713,3.3165,3.5744,8.0713,4.2168

2155.7770,2.1437,2.2055,4.9226,4.4910,4.3670,8.3183,3.2547,3.5641,8.3183,4.2433

2156.7770,2.0820,2.3290,4.4904,4.4293,4.0583,8.0713,3.3782,3.4612,8.0713,4.1198

2157.7770,2.2672,2.0820,4.4286,4.6762,5.0462,8.0713,3.1930,3.6155,8.0713,4.2521

2158.7770,2.3289,1.8968,4.4904,4.7379,5.0462,8.1948,3.1313,3.6052,8.1948,4.2609

2159.7770,2.0820,1.8968,4.9226,4.4910,4.3053,7.8861,3.1930,3.4818,7.8861,4.1110

2160.7770,2.1437,2.4524,4.4904,4.6762,4.6140,8.0096,2.8843,3.5435,8.0096,4.1815

2161.7770,2.5758,2.4524,4.7991,4.3058,4.6757,7.7627,3.2547,3.6773,7.7627,4.2609

2162.7780,2.3906,2.8846,4.8608,4.5527,4.5522,7.9479,3.1930,3.7390,7.9479,4.3403

2163.7770,2.2672,2.2055,4.5521,4.4293,4.0583,7.8861,3.3165,3.4715,7.8861,4.1021

2164.7770,1.8968,2.2055,4.4904,4.6762,4.5522,7.8244,3.0695,3.4818,7.8244,4.1021

2165.7770,2.1437,1.5881,4.6756,4.2441,4.3670,8.0096,2.9460,3.3274,8.0096,3.9963

2166.7770,2.0203,1.4647,4.8608,4.4910,4.2435,7.9479,3.0695,3.3583,7.9479,4.0139

2167.7770,1.4030,1.9585,4.6756,4.4293,4.4905,8.0713,3.5017,3.4098,8.0713,4.0757

2168.7770,2.0203,1.9585,4.7991,4.6762,4.7992,8.4418,3.1930,3.5744,8.4418,4.2697

2169.7780,1.9585,2.8228,4.7991,4.4910,4.0583,7.8244,3.3165,3.5744,7.8244,4.1815

2170.7770,2.1437,2.0203,4.5521,4.6762,4.9844,8.2565,3.1313,3.5847,8.2565,4.2521

2171.7770,2.7610,2.5142,4.6139,4.4293,4.3053,8.0096,3.0078,3.6052,8.0096,4.2344

2172.7770,2.0203,1.7116,4.3052,4.7997,4.1818,8.1331,3.3782,3.3994,8.1331,4.0757

2173.7770,2.2054,2.6994,5.2930,4.7997,4.3670,8.1331,3.3165,3.7802,8.1331,4.4020

2174.7770,2.0203,2.4524,4.4286,3.9354,4.4905,7.6392,3.7487,3.5126,7.6392,4.1022

2175.7770,2.0820,2.0820,4.6139,4.5527,4.9844,8.3800,3.0695,3.5641,8.3800,4.2521

2176.7770,2.0203,2.2055,4.3669,4.5527,4.4905,8.5035,3.3782,3.5023,8.5035,4.2168

2177.7770,1.8968,2.2672,4.6139,4.2441,4.9227,8.3800,3.1930,3.5229,8.3800,4.2168

2178.7770,2.2672,2.2672,4.9226,4.7379,4.3670,8.2565,3.0695,3.6052,8.2565,4.2697

2179.7770,2.0203,1.9585,4.4904,4.5527,3.9348,7.9479,3.5017,3.4097,7.9479,4.0580

2180.7770,2.1437,2.0820,4.4904,4.5527,4.5522,8.1331,3.6869,3.5847,8.1331,4.2344

2181.7770,1.9585,2.0820,4.3669,4.7997,4.6140,8.2565,3.3782,3.5332,8.2565,4.2080

2182.7780,1.8351,2.2055,4.4904,3.9971,4.4287,8.3800,3.0695,3.3377,8.3800,4.0581

2183.7770,2.2054,2.1438,4.6139,4.5527,4.4905,7.8244,3.2547,3.5435,7.8244,4.1551

2184.7770,2.1437,2.7611,5.3548,4.4910,4.2435,7.8861,3.1313,3.6876,7.8861,4.2874

2185.7770,2.0203,2.1438,4.6756,4.3058,4.3670,7.7627,3.3782,3.4818,7.7627,4.0933

2186.7770,2.0203,2.3907,4.6139,4.3675,4.9227,8.0713,2.9460,3.5435,8.0713,4.1903

2187.7770,2.4523,2.2672,4.6756,4.1823,4.2435,8.3183,3.0078,3.4715,8.3183,4.1639

2188.7770,2.6375,2.4524,4.5521,4.3058,4.3670,8.2565,3.1930,3.5846,8.2565,4.2521

2189.7770,1.9585,2.2672,4.7373,4.7379,4.1818,8.4418,3.3165,3.5332,8.4418,4.2344

2190.7770,2.2054,2.2672,4.6756,4.5527,4.3670,8.3800,2.9460,3.5023,8.3800,4.1992

2191.7770,2.3289,2.1438,4.8608,4.6762,4.3053,7.8244,3.0078,3.5538,7.8244,4.1639

2192.7770,1.6499,2.1438,4.7991,4.4910,4.9844,7.2070,3.7487,3.6361,7.2070,4.1463

2193.7770,2.2054,2.1438,4.5521,4.6762,4.5522,7.6392,3.1930,3.5538,7.6392,4.1374

2194.7770,2.0820,2.0820,4.3669,4.2441,4.6140,7.7627,3.3782,3.4612,7.7627,4.0757

2195.7770,2.0203,2.6376,4.4286,4.4910,4.2435,7.9479,3.3165,3.5229,7.9479,4.1551

2196.7770,2.5141,2.4524,4.8608,4.5527,4.4287,8.0713,3.4400,3.7081,8.0713,4.3314

2197.7770,1.9585,2.0820,4.5521,4.7379,4.3053,8.3800,3.3165,3.4921,8.3800,4.1903

2198.7780,2.0203,2.1438,4.7991,4.6145,4.9227,8.3183,3.1313,3.6053,8.3183,4.2785

2199.7770,2.0820,2.6376,4.6139,4.4910,4.2435,7.8861,3.5634,3.6052,7.8861,4.2168

2200.7770,2.3289,2.1438,4.6139,4.4293,3.9965,7.9479,3.0078,3.4200,7.9479,4.0669

2201.7770,2.0203,2.3907,4.8608,4.5527,4.7992,8.1331,3.1313,3.6258,8.1331,4.2697

2202.7770,2.1437,2.5759,4.7373,4.4910,4.3053,7.7627,3.2547,3.5847,7.7627,4.1815

2203.7770,1.8351,2.0203,4.5521,4.7379,3.8731,8.0096,3.6869,3.4509,8.0096,4.1021

2204.7770,2.0203,1.8351,4.3052,4.6145,4.2435,7.9479,3.3782,3.3994,7.9479,4.0492

2205.7770,2.5141,2.3907,4.1817,4.7379,4.3053,8.0713,2.8225,3.4920,8.0713,4.1462

2206.7770,2.0820,2.0820,5.0460,4.5527,4.2435,8.2565,3.0695,3.5126,8.2565,4.1903

2207.7770,1.8968,2.0203,4.6139,4.4910,4.6757,8.0713,3.8104,3.5847,8.0713,4.2256

2208.7770,2.4523,2.8228,4.1199,4.7379,3.9965,8.0096,3.0695,3.5332,8.0096,4.1727

2209.7770,2.2672,2.5142,5.0460,4.7379,4.1200,8.2565,3.1313,3.6361,8.2565,4.2962

2210.7770,2.1437,2.2672,5.1078,5.1701,4.6757,7.7009,3.1930,3.7596,7.7009,4.3226

2211.7770,2.6375,2.4524,4.5521,3.9971,4.6140,7.8861,3.1313,3.5641,7.8861,4.1815

2212.7770,1.6499,2.2055,4.4286,4.5527,4.4905,8.0096,3.5017,3.4715,8.0096,4.1198

2213.7770,2.0203,2.1438,4.3052,4.6762,4.7375,8.0096,3.0078,3.4818,8.0096,4.1286

2214.7780,2.1437,3.3167,4.1199,4.6145,4.1200,8.0096,3.3782,3.6155,8.0096,4.2432

2215.7770,2.4523,2.3907,5.2930,4.3058,4.4287,8.0096,3.0695,3.6567,8.0096,4.2785

2216.7770,2.2672,2.1438,4.4904,4.6145,4.5522,7.7627,4.2426,3.7184,7.7627,4.2962

2217.7770,2.2054,2.0203,4.9226,4.2441,4.3053,8.1331,3.6252,3.5538,8.1331,4.2080

2218.7770,2.0203,2.7611,4.6139,4.7997,4.3053,7.8861,3.4400,3.6567,7.8861,4.2609

2219.7770,2.0203,2.0820,4.4286,4.6145,5.6636,8.3800,3.5634,3.7287,8.3800,4.3932

